true_id,pred_id,true_label,pred_label,prob_SINGLE,prob_XBH,prob_BB_HBP,prob_SO_OUT
1,3,XBH,SO_OUT,0.2626843,0.23843622,0.21996056,0.27891904
3,2,SO_OUT,BB_HBP,0.19530632,0.2662053,0.30048463,0.23800366
3,1,SO_OUT,XBH,0.17347442,0.33850405,0.29586998,0.19215159
2,0,BB_HBP,SINGLE,0.28833878,0.25642964,0.22321884,0.23201272
0,2,SINGLE,BB_HBP,0.23495103,0.25355253,0.30579636,0.20570016
3,2,SO_OUT,BB_HBP,0.20508061,0.20337528,0.37853953,0.21300457
0,2,SINGLE,BB_HBP,0.2327237,0.24679618,0.26082033,0.2596598
1,3,XBH,SO_OUT,0.22736499,0.24373013,0.25281182,0.27609307
3,2,SO_OUT,BB_HBP,0.24485803,0.20220366,0.34357756,0.20936067
3,0,SO_OUT,SINGLE,0.35259974,0.16297972,0.19785011,0.28657046
3,0,SO_OUT,SINGLE,0.30484274,0.17307684,0.2657121,0.25636822
3,2,SO_OUT,BB_HBP,0.24449229,0.24008182,0.26418462,0.25124127
3,3,SO_OUT,SO_OUT,0.25276688,0.19845936,0.23902842,0.30974525
3,3,SO_OUT,SO_OUT,0.25386038,0.17056563,0.18603067,0.38954327
2,1,BB_HBP,XBH,0.17552176,0.31332603,0.26314357,0.24800862
3,3,SO_OUT,SO_OUT,0.21317203,0.19700444,0.2850081,0.30481547
1,0,XBH,SINGLE,0.28634393,0.20364192,0.23728037,0.27273387
0,2,SINGLE,BB_HBP,0.20933641,0.22734459,0.30772594,0.2555931
3,2,SO_OUT,BB_HBP,0.21477452,0.18264341,0.39473027,0.20785181
3,3,SO_OUT,SO_OUT,0.22517149,0.21391569,0.27276707,0.28814578
2,3,BB_HBP,SO_OUT,0.26884067,0.18529488,0.2555383,0.29032615
3,1,SO_OUT,XBH,0.17870021,0.31791398,0.29062596,0.21275984
3,2,SO_OUT,BB_HBP,0.2549422,0.21853474,0.27565378,0.25086918
3,2,SO_OUT,BB_HBP,0.1757873,0.283711,0.30153352,0.23896824
3,3,SO_OUT,SO_OUT,0.27647477,0.17841342,0.26073223,0.28437954
3,0,SO_OUT,SINGLE,0.26946914,0.23284702,0.25027618,0.24740763
3,0,SO_OUT,SINGLE,0.29810205,0.18092321,0.24776097,0.27321374
3,3,SO_OUT,SO_OUT,0.26854268,0.18520802,0.2657378,0.28051153
3,2,SO_OUT,BB_HBP,0.25967205,0.18806042,0.27881008,0.27345747
3,2,SO_OUT,BB_HBP,0.22632998,0.19143136,0.3017241,0.28051454
0,3,SINGLE,SO_OUT,0.264189,0.20693776,0.24886736,0.28000584
3,0,SO_OUT,SINGLE,0.28886354,0.25470152,0.22280514,0.23362969
3,2,SO_OUT,BB_HBP,0.1982905,0.26348823,0.29052362,0.24769764
0,2,SINGLE,BB_HBP,0.23872574,0.18352768,0.37846375,0.19928288
3,1,SO_OUT,XBH,0.19701082,0.29969454,0.27010182,0.23319294
2,2,BB_HBP,BB_HBP,0.22770819,0.23173322,0.3178868,0.22267182
0,3,SINGLE,SO_OUT,0.2381861,0.2553637,0.23875026,0.2676999
3,0,SO_OUT,SINGLE,0.2869758,0.2539092,0.21822502,0.24088995
3,1,SO_OUT,XBH,0.22028214,0.29869404,0.25013041,0.23089345
3,0,SO_OUT,SINGLE,0.35024157,0.19186077,0.19198945,0.26590824
3,0,SO_OUT,SINGLE,0.3216277,0.18351744,0.20400633,0.29084843
3,1,SO_OUT,XBH,0.19169581,0.3264292,0.24295853,0.23891647
3,2,SO_OUT,BB_HBP,0.22243577,0.22912256,0.27633646,0.27210513
0,3,SINGLE,SO_OUT,0.29225084,0.24044724,0.1631221,0.30417982
3,3,SO_OUT,SO_OUT,0.26413146,0.19469726,0.20560363,0.33556765
3,0,SO_OUT,SINGLE,0.26630583,0.22035655,0.2536141,0.25972345
3,2,SO_OUT,BB_HBP,0.20143278,0.24809743,0.33673355,0.21373616
3,2,SO_OUT,BB_HBP,0.22503206,0.2246881,0.30078796,0.24949194
3,1,SO_OUT,XBH,0.26248515,0.26705354,0.22530352,0.24515785
3,2,SO_OUT,BB_HBP,0.23289743,0.2512161,0.2764271,0.2394594
0,2,SINGLE,BB_HBP,0.2370057,0.23480137,0.26491973,0.2632732
3,0,SO_OUT,SINGLE,0.27747387,0.24970913,0.21857756,0.25423947
3,3,SO_OUT,SO_OUT,0.24508855,0.21020643,0.23728374,0.3074213
2,1,BB_HBP,XBH,0.2501899,0.27191278,0.2519392,0.22595814
3,1,SO_OUT,XBH,0.19047204,0.3630151,0.25478423,0.1917286
0,1,SINGLE,XBH,0.2599021,0.29550233,0.23719113,0.20740446
3,0,SO_OUT,SINGLE,0.28785297,0.24553853,0.2006424,0.2659661
3,1,SO_OUT,XBH,0.24489695,0.26049438,0.25905734,0.23555136
0,1,SINGLE,XBH,0.2226076,0.30093202,0.2597377,0.21672268
3,3,SO_OUT,SO_OUT,0.24957195,0.17536429,0.19086438,0.38419935
3,1,SO_OUT,XBH,0.18277691,0.35965046,0.24693456,0.21063809
0,0,SINGLE,SINGLE,0.28661108,0.2132305,0.23539406,0.2647643
3,0,SO_OUT,SINGLE,0.37844005,0.19089808,0.18089618,0.24976568
2,0,BB_HBP,SINGLE,0.37063518,0.17795451,0.19206381,0.2593466
3,3,SO_OUT,SO_OUT,0.20644869,0.21288675,0.20480521,0.3758593
3,0,SO_OUT,SINGLE,0.3046976,0.22483906,0.19362791,0.27683547
3,0,SO_OUT,SINGLE,0.26557243,0.21847473,0.26049456,0.25545824
3,0,SO_OUT,SINGLE,0.2762794,0.26084703,0.1914809,0.27139264
3,2,SO_OUT,BB_HBP,0.26628774,0.18806809,0.3001595,0.24548464
3,3,SO_OUT,SO_OUT,0.24594092,0.23451684,0.198553,0.3209892
3,3,SO_OUT,SO_OUT,0.26273537,0.17206657,0.27233642,0.29286167
3,0,SO_OUT,SINGLE,0.34704953,0.23607509,0.14064105,0.2762343
1,0,XBH,SINGLE,0.29436046,0.20423742,0.26315886,0.23824327
0,0,SINGLE,SINGLE,0.30139127,0.22841328,0.22208153,0.24811389
3,2,SO_OUT,BB_HBP,0.1999544,0.20927109,0.32912326,0.26165128
0,3,SINGLE,SO_OUT,0.26291844,0.20053807,0.21820678,0.31833667
3,0,SO_OUT,SINGLE,0.3139876,0.25545225,0.18459271,0.24596743
0,0,SINGLE,SINGLE,0.30347863,0.28328925,0.19798084,0.21525125
3,2,SO_OUT,BB_HBP,0.2702675,0.21793355,0.27464005,0.23715895
3,0,SO_OUT,SINGLE,0.3836304,0.21275662,0.15431312,0.24929985
3,0,SO_OUT,SINGLE,0.29081383,0.24301365,0.21578518,0.25038734
0,1,SINGLE,XBH,0.2243994,0.29539114,0.25554672,0.22466278
3,0,SO_OUT,SINGLE,0.32941437,0.22491732,0.24478857,0.20087978
3,0,SO_OUT,SINGLE,0.28109765,0.24478911,0.23901424,0.23509912
3,0,SO_OUT,SINGLE,0.3905156,0.13819002,0.17263034,0.298664
3,0,SO_OUT,SINGLE,0.34878388,0.23464946,0.16220528,0.25436136
3,2,SO_OUT,BB_HBP,0.25618383,0.22362679,0.29276755,0.22742179
2,0,BB_HBP,SINGLE,0.3168612,0.22827458,0.21566571,0.23919846
3,2,SO_OUT,BB_HBP,0.2680337,0.19356208,0.27065784,0.2677463
3,0,SO_OUT,SINGLE,0.29570174,0.21722594,0.24122284,0.24584952
3,2,SO_OUT,BB_HBP,0.2225132,0.26311958,0.29193953,0.2224277
3,0,SO_OUT,SINGLE,0.3085859,0.1596714,0.29280996,0.23893274
3,2,SO_OUT,BB_HBP,0.2654027,0.17672001,0.29157478,0.26630253
0,3,SINGLE,SO_OUT,0.26688397,0.18273623,0.26335567,0.28702408
3,2,SO_OUT,BB_HBP,0.25068015,0.1813186,0.33744192,0.23055929
0,0,SINGLE,SINGLE,0.31901354,0.22118635,0.22472474,0.23507534
3,0,SO_OUT,SINGLE,0.33154115,0.14790143,0.25188392,0.26867357
3,0,SO_OUT,SINGLE,0.25214902,0.24704704,0.25018921,0.25061476
3,0,SO_OUT,SINGLE,0.2998886,0.2634437,0.21334016,0.22332746
3,2,SO_OUT,BB_HBP,0.17706198,0.25279886,0.3552465,0.2148926
0,2,SINGLE,BB_HBP,0.27946007,0.15955609,0.30970788,0.25127587
3,0,SO_OUT,SINGLE,0.30119714,0.19718646,0.2223115,0.27930492
3,0,SO_OUT,SINGLE,0.33453265,0.21941167,0.21049947,0.23555624
3,2,SO_OUT,BB_HBP,0.22016783,0.27774835,0.27836677,0.22371706
3,0,SO_OUT,SINGLE,0.30489147,0.21547472,0.19537014,0.28426364
2,0,BB_HBP,SINGLE,0.3115295,0.24272309,0.2565461,0.18920128
3,0,SO_OUT,SINGLE,0.2668998,0.23825248,0.24967907,0.24516863
0,1,SINGLE,XBH,0.2567654,0.2603154,0.22725804,0.2556612
3,0,SO_OUT,SINGLE,0.2664438,0.22993487,0.24855776,0.25506356
3,0,SO_OUT,SINGLE,0.2679951,0.24862993,0.23156434,0.2518107
0,0,SINGLE,SINGLE,0.31929728,0.24035807,0.163585,0.27675968
3,1,SO_OUT,XBH,0.22858316,0.31280425,0.21735476,0.24125785
3,3,SO_OUT,SO_OUT,0.30753723,0.18365797,0.19423468,0.31457004
0,0,SINGLE,SINGLE,0.30029386,0.24948296,0.18481436,0.2654089
3,0,SO_OUT,SINGLE,0.357646,0.23930344,0.14559312,0.25745746
3,0,SO_OUT,SINGLE,0.34421754,0.20035407,0.14645135,0.3089771
3,0,SO_OUT,SINGLE,0.30634728,0.19741467,0.23605622,0.26018187
3,0,SO_OUT,SINGLE,0.33189324,0.22372515,0.14717455,0.297207
3,0,SO_OUT,SINGLE,0.3705535,0.20004071,0.14560834,0.28379738
3,1,SO_OUT,XBH,0.26375505,0.28715318,0.23942503,0.20966671
2,0,BB_HBP,SINGLE,0.2938542,0.24294688,0.19347689,0.26972198
3,0,SO_OUT,SINGLE,0.3876586,0.14952396,0.16011582,0.30270165
3,0,SO_OUT,SINGLE,0.33958784,0.3002612,0.14587614,0.21427484
3,0,SO_OUT,SINGLE,0.36263645,0.1528732,0.16401093,0.32047933
3,0,SO_OUT,SINGLE,0.31974936,0.22896995,0.20086248,0.25041825
3,0,SO_OUT,SINGLE,0.38808215,0.22924533,0.1444385,0.23823403
3,0,SO_OUT,SINGLE,0.34289217,0.22673592,0.15598296,0.27438894
3,0,SO_OUT,SINGLE,0.37488392,0.22356527,0.17425546,0.22729534
3,0,SO_OUT,SINGLE,0.3256409,0.20587604,0.21892712,0.24955595
3,0,SO_OUT,SINGLE,0.35264638,0.17194287,0.1505649,0.32484585
1,0,XBH,SINGLE,0.30163315,0.24019656,0.18989098,0.2682793
3,0,SO_OUT,SINGLE,0.38865232,0.207372,0.13810879,0.2658669
3,0,SO_OUT,SINGLE,0.26612693,0.25732848,0.23090418,0.24564043
1,1,XBH,XBH,0.22833954,0.29318923,0.24252541,0.23594585
3,0,SO_OUT,SINGLE,0.36671442,0.19393219,0.2131075,0.22624585
3,0,SO_OUT,SINGLE,0.36467838,0.22954014,0.15011261,0.25566885
3,0,SO_OUT,SINGLE,0.3161846,0.28123522,0.17498465,0.2275956
3,0,SO_OUT,SINGLE,0.30548787,0.29003742,0.19850814,0.20596656
3,0,SO_OUT,SINGLE,0.3091301,0.23987377,0.21130364,0.23969248
3,3,SO_OUT,SO_OUT,0.2538044,0.22650604,0.21936758,0.30032203
2,3,BB_HBP,SO_OUT,0.2843508,0.19921382,0.18734771,0.32908773
3,3,SO_OUT,SO_OUT,0.28004956,0.19572636,0.2222228,0.30200124
2,1,BB_HBP,XBH,0.2472767,0.2746131,0.25664258,0.22146763
0,2,SINGLE,BB_HBP,0.25998265,0.19060913,0.28279933,0.26660886
1,3,XBH,SO_OUT,0.204162,0.28491944,0.2227482,0.2881703
0,1,SINGLE,XBH,0.25918034,0.29575768,0.21139838,0.23366356
3,1,SO_OUT,XBH,0.2633044,0.2856003,0.19518423,0.25591105
3,0,SO_OUT,SINGLE,0.3137855,0.27641758,0.18049344,0.22930351
3,3,SO_OUT,SO_OUT,0.25143668,0.16327417,0.27623755,0.30905157
0,3,SINGLE,SO_OUT,0.28977808,0.23724602,0.17531145,0.2976644
3,1,SO_OUT,XBH,0.22290102,0.27485272,0.27429596,0.22795038
3,1,SO_OUT,XBH,0.18986751,0.30825382,0.2497592,0.25211945
3,1,SO_OUT,XBH,0.24213684,0.31597033,0.20110005,0.24079277
3,0,SO_OUT,SINGLE,0.29620185,0.25532597,0.21969885,0.22877336
3,1,SO_OUT,XBH,0.24219279,0.30266333,0.22907546,0.22606854
3,3,SO_OUT,SO_OUT,0.20932178,0.17643245,0.17020871,0.44403696
3,0,SO_OUT,SINGLE,0.29919526,0.20340061,0.2217525,0.2756516
0,3,SINGLE,SO_OUT,0.28260237,0.257687,0.15830877,0.3014019
3,3,SO_OUT,SO_OUT,0.27048194,0.27002528,0.18392493,0.27556783
3,1,SO_OUT,XBH,0.17856082,0.36516193,0.22937255,0.22690473
1,3,XBH,SO_OUT,0.28355253,0.20844118,0.13617635,0.37182993
1,0,XBH,SINGLE,0.28638238,0.2718502,0.20463476,0.23713276
3,3,SO_OUT,SO_OUT,0.28133374,0.26230443,0.17148982,0.28487208
3,2,SO_OUT,BB_HBP,0.18196738,0.26206756,0.2947469,0.2612182
1,2,XBH,BB_HBP,0.22831123,0.25469708,0.26750666,0.24948505
3,0,SO_OUT,SINGLE,0.28312963,0.2288196,0.23855469,0.24949615
3,3,SO_OUT,SO_OUT,0.25712153,0.19717811,0.19925673,0.3464436
3,2,SO_OUT,BB_HBP,0.22297451,0.22945791,0.28864953,0.25891802
3,3,SO_OUT,SO_OUT,0.22755915,0.25401336,0.23774344,0.28068405
1,3,XBH,SO_OUT,0.25214577,0.21945769,0.1691116,0.35928488
3,2,SO_OUT,BB_HBP,0.20876855,0.20194913,0.31364536,0.27563694
3,0,SO_OUT,SINGLE,0.2692229,0.20323147,0.26492843,0.2626171
3,3,SO_OUT,SO_OUT,0.20945284,0.2512701,0.26545393,0.2738231
0,0,SINGLE,SINGLE,0.31929082,0.21736597,0.17979953,0.28354374
3,3,SO_OUT,SO_OUT,0.21760897,0.19342679,0.2490975,0.3398668
3,0,SO_OUT,SINGLE,0.3001037,0.18865663,0.21780701,0.2934327
1,3,XBH,SO_OUT,0.27925593,0.25509012,0.18487205,0.28078192
0,2,SINGLE,BB_HBP,0.17772897,0.27500123,0.2955442,0.2517256
2,2,BB_HBP,BB_HBP,0.20602317,0.1857421,0.32148892,0.28674582
2,0,BB_HBP,SINGLE,0.32679942,0.24498977,0.17965339,0.2485574
0,1,SINGLE,XBH,0.2768698,0.29076317,0.18301739,0.2493497
3,3,SO_OUT,SO_OUT,0.21672647,0.17684275,0.16599995,0.4404308
2,3,BB_HBP,SO_OUT,0.2005919,0.22418693,0.21332671,0.36189446
3,3,SO_OUT,SO_OUT,0.25687182,0.21609189,0.23942327,0.28761294
3,1,SO_OUT,XBH,0.27288342,0.29787773,0.16930625,0.2599326
3,0,SO_OUT,SINGLE,0.3122993,0.21138676,0.2345238,0.24179018
3,1,SO_OUT,XBH,0.24450974,0.29048443,0.19037016,0.27463573
1,1,XBH,XBH,0.21699423,0.32790208,0.2292107,0.22589298
3,0,SO_OUT,SINGLE,0.3120363,0.2615826,0.15956482,0.26681623
1,2,XBH,BB_HBP,0.20054413,0.24411479,0.31854492,0.23679619
2,1,BB_HBP,XBH,0.20130086,0.28666022,0.2611927,0.25084627
0,0,SINGLE,SINGLE,0.28514978,0.22776364,0.21531075,0.2717758
3,0,SO_OUT,SINGLE,0.29511294,0.25455147,0.15732971,0.29300585
3,3,SO_OUT,SO_OUT,0.24841484,0.29020566,0.14724694,0.31413257
3,1,SO_OUT,XBH,0.17432141,0.28556702,0.27372307,0.26638845
3,0,SO_OUT,SINGLE,0.26208586,0.23977552,0.2544421,0.24369656
3,1,SO_OUT,XBH,0.20410217,0.30338436,0.21964416,0.27286932
3,1,SO_OUT,XBH,0.29264233,0.30937734,0.20008145,0.19789897
0,1,SINGLE,XBH,0.21599603,0.32046476,0.18728992,0.27624935
3,1,SO_OUT,XBH,0.27295792,0.28693795,0.19666836,0.24343579
1,1,XBH,XBH,0.2192113,0.34133053,0.20578174,0.23367648
3,0,SO_OUT,SINGLE,0.34093443,0.23452865,0.16784374,0.25669318
3,3,SO_OUT,SO_OUT,0.20397492,0.19943659,0.2463772,0.35021135
3,3,SO_OUT,SO_OUT,0.252662,0.200931,0.24405842,0.30234858
3,0,SO_OUT,SINGLE,0.30186766,0.26410168,0.19652039,0.23751034
3,0,SO_OUT,SINGLE,0.2937223,0.2665309,0.17253844,0.26720834
3,0,SO_OUT,SINGLE,0.31089023,0.2207506,0.23122537,0.23713382
3,0,SO_OUT,SINGLE,0.34619585,0.24378869,0.17075367,0.23926173
3,2,SO_OUT,BB_HBP,0.1947038,0.21159954,0.34925908,0.24443762
3,3,SO_OUT,SO_OUT,0.22564691,0.26677537,0.23072706,0.27685067
0,3,SINGLE,SO_OUT,0.29209217,0.1980938,0.19715585,0.31265822
3,0,SO_OUT,SINGLE,0.29742834,0.26830193,0.17591286,0.25835687
3,3,SO_OUT,SO_OUT,0.23270804,0.19221918,0.13093737,0.44413543
0,1,SINGLE,XBH,0.2285689,0.28293648,0.2142726,0.27422208
3,2,SO_OUT,BB_HBP,0.17013367,0.205913,0.3416839,0.2822695
0,3,SINGLE,SO_OUT,0.2936075,0.22060837,0.18041332,0.30537075
3,3,SO_OUT,SO_OUT,0.25997952,0.20331502,0.17003278,0.36667266
3,1,SO_OUT,XBH,0.23928802,0.31767267,0.21633251,0.22670682
3,3,SO_OUT,SO_OUT,0.27736694,0.25605264,0.18772677,0.27885365
3,0,SO_OUT,SINGLE,0.31329483,0.24818026,0.2012908,0.23723416
3,3,SO_OUT,SO_OUT,0.19647089,0.1901668,0.20329063,0.41007167
0,0,SINGLE,SINGLE,0.3063104,0.15506749,0.28820592,0.2504161
3,0,SO_OUT,SINGLE,0.2963255,0.19653119,0.24360876,0.26353458
3,1,SO_OUT,XBH,0.25133204,0.26699516,0.26656342,0.21510938
3,2,SO_OUT,BB_HBP,0.23864701,0.26384667,0.26939952,0.2281068
3,3,SO_OUT,SO_OUT,0.24963285,0.2179252,0.18406798,0.348374
3,3,SO_OUT,SO_OUT,0.25974572,0.23725848,0.19160154,0.3113942
3,0,SO_OUT,SINGLE,0.35917962,0.22313392,0.15276219,0.26492438
3,2,SO_OUT,BB_HBP,0.17480147,0.28628,0.31624314,0.22267535
3,1,SO_OUT,XBH,0.23738101,0.29697025,0.24144842,0.22420031
3,0,SO_OUT,SINGLE,0.2916203,0.23667996,0.24514417,0.2265556
0,2,SINGLE,BB_HBP,0.24552788,0.26084232,0.29198754,0.20164229
3,0,SO_OUT,SINGLE,0.2671929,0.2593552,0.21853332,0.25491863
0,2,SINGLE,BB_HBP,0.26529306,0.2139063,0.2721751,0.24862552
3,2,SO_OUT,BB_HBP,0.21554768,0.21123837,0.31029242,0.26292148
3,3,SO_OUT,SO_OUT,0.21713525,0.23388593,0.24181964,0.30715922
3,3,SO_OUT,SO_OUT,0.26265275,0.25994036,0.1743219,0.30308497
3,0,SO_OUT,SINGLE,0.27037367,0.23795845,0.22538018,0.26628762
0,0,SINGLE,SINGLE,0.28645697,0.19694433,0.27776256,0.23883611
3,0,SO_OUT,SINGLE,0.2950029,0.18697654,0.25567123,0.2623493
2,3,BB_HBP,SO_OUT,0.20475852,0.27161095,0.24991481,0.27371576
1,1,XBH,XBH,0.21157216,0.29324466,0.26843688,0.22674632
3,0,SO_OUT,SINGLE,0.281589,0.23229341,0.22827812,0.2578395
3,3,SO_OUT,SO_OUT,0.24408235,0.17990035,0.26463804,0.31137928
3,3,SO_OUT,SO_OUT,0.2699646,0.20790638,0.22914091,0.2929881
0,0,SINGLE,SINGLE,0.29869366,0.25985628,0.23326565,0.2081845
1,2,XBH,BB_HBP,0.20303337,0.2832524,0.31826034,0.19545388
1,1,XBH,XBH,0.24421296,0.34040666,0.21639937,0.19898103
3,2,SO_OUT,BB_HBP,0.23103376,0.19550367,0.3042542,0.2692084
3,1,SO_OUT,XBH,0.24719988,0.2881538,0.23242393,0.23222232
2,2,BB_HBP,BB_HBP,0.19517961,0.28845298,0.29772288,0.21864446
3,0,SO_OUT,SINGLE,0.3234006,0.23241572,0.1960789,0.24810478
3,1,SO_OUT,XBH,0.26491404,0.3245555,0.17086224,0.2396682
1,0,XBH,SINGLE,0.30789202,0.23656635,0.19475332,0.2607883
0,1,SINGLE,XBH,0.270854,0.31415877,0.19379248,0.2211948
3,1,SO_OUT,XBH,0.21848491,0.31372452,0.22426979,0.24352075
0,1,SINGLE,XBH,0.2561831,0.33319494,0.18051253,0.23010941
3,0,SO_OUT,SINGLE,0.28031906,0.2677744,0.1729017,0.27900484
3,0,SO_OUT,SINGLE,0.3227213,0.27102172,0.18160908,0.2246479
3,1,SO_OUT,XBH,0.22038554,0.3124428,0.26709738,0.2000743
3,1,SO_OUT,XBH,0.19011152,0.2828723,0.2786734,0.24834274
0,1,SINGLE,XBH,0.21536642,0.30660436,0.24887167,0.22915757
2,0,BB_HBP,SINGLE,0.29084843,0.24429338,0.18904372,0.27581453
3,1,SO_OUT,XBH,0.24757162,0.28583142,0.20816563,0.25843135
0,1,SINGLE,XBH,0.20101875,0.37517118,0.21932404,0.20448597
3,3,SO_OUT,SO_OUT,0.27521217,0.22494285,0.21867482,0.2811702
0,1,SINGLE,XBH,0.26470354,0.31255713,0.1929233,0.22981605
3,2,SO_OUT,BB_HBP,0.17854346,0.29256725,0.29991782,0.22897151
2,0,BB_HBP,SINGLE,0.30342492,0.20813774,0.2517687,0.23666862
2,1,BB_HBP,XBH,0.22847898,0.26714653,0.26425022,0.24012436
3,3,SO_OUT,SO_OUT,0.27978727,0.23982072,0.15582144,0.3245705
3,0,SO_OUT,SINGLE,0.2873351,0.1735266,0.27163178,0.2675066
3,0,SO_OUT,SINGLE,0.29419124,0.2775436,0.1752255,0.25303957
3,1,SO_OUT,XBH,0.22337444,0.29841185,0.25490344,0.22331025
3,3,SO_OUT,SO_OUT,0.24064468,0.21596985,0.17098108,0.37240437
3,3,SO_OUT,SO_OUT,0.2828163,0.16550212,0.24882102,0.3028606
3,0,SO_OUT,SINGLE,0.3318155,0.25882247,0.1917781,0.21758395
3,0,SO_OUT,SINGLE,0.27425256,0.21305811,0.25652006,0.25616923
3,3,SO_OUT,SO_OUT,0.19388826,0.19625859,0.19691558,0.4129376
3,1,SO_OUT,XBH,0.25710526,0.26132655,0.25802442,0.22354382
2,1,BB_HBP,XBH,0.19890362,0.33070105,0.26251954,0.20787582
3,0,SO_OUT,SINGLE,0.30018944,0.2656281,0.14195935,0.292223
3,1,SO_OUT,XBH,0.26403707,0.30228528,0.15993257,0.27374503
3,1,SO_OUT,XBH,0.20136525,0.35067454,0.21428955,0.23367058
0,1,SINGLE,XBH,0.20452484,0.28999385,0.27073184,0.2347495
3,3,SO_OUT,SO_OUT,0.18592988,0.17506135,0.18586919,0.4531396
0,0,SINGLE,SINGLE,0.33319858,0.24016778,0.18613254,0.24050115
3,0,SO_OUT,SINGLE,0.31976467,0.24214369,0.23237884,0.2057128
3,1,SO_OUT,XBH,0.20194134,0.32766446,0.27410486,0.19628929
3,0,SO_OUT,SINGLE,0.3166673,0.22999379,0.19824633,0.25509256
3,3,SO_OUT,SO_OUT,0.23376553,0.22215655,0.20598583,0.33809206
3,1,SO_OUT,XBH,0.28828946,0.32296437,0.18490472,0.20384139
3,3,SO_OUT,SO_OUT,0.28479463,0.24395835,0.17264955,0.29859746
3,1,SO_OUT,XBH,0.2565213,0.2830377,0.22702728,0.23341373
3,3,SO_OUT,SO_OUT,0.29681858,0.20157789,0.19691032,0.30469313
3,1,SO_OUT,XBH,0.22404367,0.2745782,0.25554016,0.245838
1,2,XBH,BB_HBP,0.19000925,0.21159853,0.39164776,0.2067444
3,3,SO_OUT,SO_OUT,0.23382175,0.2467105,0.24346508,0.27600268
3,3,SO_OUT,SO_OUT,0.2387792,0.25778773,0.23455827,0.26887482
0,3,SINGLE,SO_OUT,0.2595561,0.23924735,0.22612493,0.27507162
2,0,BB_HBP,SINGLE,0.34589267,0.14312202,0.20463763,0.30634767
3,0,SO_OUT,SINGLE,0.31024167,0.22774771,0.1999914,0.26201922
1,3,XBH,SO_OUT,0.23201789,0.2301991,0.23186956,0.30591345
3,3,SO_OUT,SO_OUT,0.21326467,0.22818713,0.26645598,0.2920922
3,2,SO_OUT,BB_HBP,0.22114243,0.253537,0.28151974,0.2438008
3,0,SO_OUT,SINGLE,0.28523374,0.19849071,0.24499463,0.27128094
3,0,SO_OUT,SINGLE,0.32142717,0.2351538,0.18778615,0.25563294
3,3,SO_OUT,SO_OUT,0.21345079,0.23206773,0.2641348,0.29034665
0,0,SINGLE,SINGLE,0.3389086,0.28003445,0.15045863,0.23059827
0,0,SINGLE,SINGLE,0.3313894,0.14535412,0.19678262,0.32647395
3,3,SO_OUT,SO_OUT,0.2810111,0.1958529,0.24042974,0.2827062
2,3,BB_HBP,SO_OUT,0.24677482,0.24192807,0.21653907,0.29475805
0,0,SINGLE,SINGLE,0.33171576,0.23158155,0.24413888,0.19256383
3,2,SO_OUT,BB_HBP,0.20401709,0.1779551,0.34303096,0.27499685
3,3,SO_OUT,SO_OUT,0.22908649,0.24682084,0.24384573,0.280247
3,3,SO_OUT,SO_OUT,0.25454456,0.23348795,0.2538863,0.2580812
0,0,SINGLE,SINGLE,0.32250482,0.16500491,0.2291144,0.28337595
3,0,SO_OUT,SINGLE,0.30153966,0.23524499,0.21392098,0.2492943
3,2,SO_OUT,BB_HBP,0.19521266,0.20611165,0.32980624,0.26886943
0,3,SINGLE,SO_OUT,0.24184406,0.23130871,0.2468515,0.27999574
3,0,SO_OUT,SINGLE,0.30853832,0.25791878,0.16706143,0.2664814
3,0,SO_OUT,SINGLE,0.34059727,0.2196718,0.21472083,0.22501011
0,0,SINGLE,SINGLE,0.36015326,0.22573386,0.17781137,0.23630157
3,3,SO_OUT,SO_OUT,0.24775568,0.23239878,0.23917651,0.28066903
3,3,SO_OUT,SO_OUT,0.28426534,0.21998386,0.16075584,0.33499494
1,0,XBH,SINGLE,0.2999243,0.25193056,0.21301499,0.23513015
2,2,BB_HBP,BB_HBP,0.26833943,0.24699555,0.30097225,0.18369278
3,3,SO_OUT,SO_OUT,0.24028383,0.2254891,0.23882598,0.2954011
3,1,SO_OUT,XBH,0.2503284,0.26738563,0.23596388,0.24632211
0,1,SINGLE,XBH,0.27839935,0.30049348,0.17702112,0.24408606
0,1,SINGLE,XBH,0.21239573,0.33603272,0.24911174,0.20245974
0,0,SINGLE,SINGLE,0.3236788,0.24347377,0.21300943,0.21983801
0,0,SINGLE,SINGLE,0.32620665,0.22630285,0.20254964,0.24494077
3,0,SO_OUT,SINGLE,0.34322384,0.29160747,0.1493277,0.21584107
0,0,SINGLE,SINGLE,0.32109067,0.22246124,0.26759857,0.18884954
3,3,SO_OUT,SO_OUT,0.22986123,0.23437576,0.2155945,0.32016855
3,0,SO_OUT,SINGLE,0.35212046,0.20850365,0.1996702,0.23970567
3,1,SO_OUT,XBH,0.19936898,0.3037592,0.23464662,0.26222527
1,1,XBH,XBH,0.28029063,0.29577667,0.17429651,0.24963625
3,3,SO_OUT,SO_OUT,0.28942773,0.13122252,0.25255346,0.3267963
3,3,SO_OUT,SO_OUT,0.17950052,0.2810717,0.25772488,0.28170294
3,1,SO_OUT,XBH,0.18585876,0.33739617,0.22264731,0.2540978
3,0,SO_OUT,SINGLE,0.29930165,0.2592369,0.17061342,0.27084804
3,1,SO_OUT,XBH,0.16656142,0.2812466,0.27533138,0.27686062
3,1,SO_OUT,XBH,0.21702024,0.27742893,0.24738392,0.25816694
2,1,BB_HBP,XBH,0.21754679,0.30193666,0.24438408,0.23613244
0,1,SINGLE,XBH,0.17344864,0.3348808,0.29915452,0.19251609
1,2,XBH,BB_HBP,0.20462613,0.24851394,0.29804766,0.24881232
2,2,BB_HBP,BB_HBP,0.2154648,0.22444081,0.32669297,0.23340136
3,1,SO_OUT,XBH,0.1593544,0.3524196,0.29310676,0.19511929
0,1,SINGLE,XBH,0.19721577,0.31032223,0.27283138,0.21963066
0,1,SINGLE,XBH,0.16006096,0.37684688,0.26846704,0.19462517
3,3,SO_OUT,SO_OUT,0.23917383,0.24704538,0.21900456,0.29477626
1,3,XBH,SO_OUT,0.24468406,0.24725251,0.23394826,0.27411512
3,0,SO_OUT,SINGLE,0.2978651,0.24421665,0.1885965,0.26932177
3,1,SO_OUT,XBH,0.2266332,0.32309878,0.20502271,0.24524525
0,1,SINGLE,XBH,0.22354347,0.33214948,0.17723694,0.26707008
3,3,SO_OUT,SO_OUT,0.22600102,0.24472535,0.24561988,0.28365377
0,1,SINGLE,XBH,0.20092633,0.3017599,0.25259206,0.24472171
3,1,SO_OUT,XBH,0.1783997,0.32994434,0.26223662,0.22941934
0,2,SINGLE,BB_HBP,0.20834103,0.2388818,0.29463974,0.2581375
3,2,SO_OUT,BB_HBP,0.22064057,0.25938916,0.3203491,0.1996212
3,1,SO_OUT,XBH,0.22500059,0.33790603,0.2663564,0.17073704
1,0,XBH,SINGLE,0.30348524,0.28704807,0.13411987,0.27534688
0,3,SINGLE,SO_OUT,0.29390937,0.23296383,0.17789192,0.29523486
3,1,SO_OUT,XBH,0.16763556,0.35355583,0.28816125,0.19064727
1,1,XBH,XBH,0.17910056,0.30195144,0.29635474,0.22259319
3,3,SO_OUT,SO_OUT,0.29710227,0.16164607,0.22512607,0.31612557
3,0,SO_OUT,SINGLE,0.31061307,0.20268746,0.2448597,0.24183975
0,2,SINGLE,BB_HBP,0.1918507,0.2391857,0.34529558,0.22366795
3,2,SO_OUT,BB_HBP,0.251211,0.20867804,0.2874168,0.25269422
1,2,XBH,BB_HBP,0.2206502,0.2846156,0.28532684,0.20940734
3,1,SO_OUT,XBH,0.17049159,0.32223198,0.31664634,0.19063006
3,2,SO_OUT,BB_HBP,0.21744674,0.20397098,0.3447153,0.23386708
0,2,SINGLE,BB_HBP,0.22811794,0.21447699,0.30204728,0.25535774
3,2,SO_OUT,BB_HBP,0.21542466,0.27871346,0.33422875,0.17163312
3,2,SO_OUT,BB_HBP,0.24275279,0.20411305,0.30448738,0.24864681
3,2,SO_OUT,BB_HBP,0.20826684,0.24455655,0.2892138,0.2579628
3,2,SO_OUT,BB_HBP,0.20384659,0.21239482,0.29685113,0.28690746
3,1,SO_OUT,XBH,0.21664068,0.32207608,0.276699,0.18458433
3,1,SO_OUT,XBH,0.19617514,0.33338854,0.28938064,0.18105574
3,2,SO_OUT,BB_HBP,0.21169662,0.28156996,0.32866433,0.17806914
3,3,SO_OUT,SO_OUT,0.28404596,0.16047385,0.23815823,0.31732196
3,0,SO_OUT,SINGLE,0.28910345,0.2516044,0.1943546,0.2649375
3,2,SO_OUT,BB_HBP,0.23153694,0.2034865,0.30503806,0.2599385
0,2,SINGLE,BB_HBP,0.23077635,0.24958822,0.28450525,0.23513015
0,0,SINGLE,SINGLE,0.29856494,0.22972697,0.22423972,0.24746841
3,0,SO_OUT,SINGLE,0.32840273,0.20360588,0.18990594,0.2780855
3,1,SO_OUT,XBH,0.2682175,0.29255173,0.22626553,0.2129652
3,1,SO_OUT,XBH,0.18091275,0.3014015,0.29468015,0.22300564
3,1,SO_OUT,XBH,0.15350972,0.3914563,0.27275404,0.18227993
3,1,SO_OUT,XBH,0.1762531,0.36007932,0.27229846,0.19136915
3,1,SO_OUT,XBH,0.25013402,0.2889293,0.23664752,0.22428924
3,1,SO_OUT,XBH,0.26883695,0.27332833,0.23835784,0.21947683
3,0,SO_OUT,SINGLE,0.28146645,0.22403476,0.23600385,0.258495
0,3,SINGLE,SO_OUT,0.25657207,0.17163303,0.24506077,0.3267341
3,0,SO_OUT,SINGLE,0.28878003,0.2347098,0.1951308,0.28137934
3,1,SO_OUT,XBH,0.2654678,0.31976178,0.176702,0.23806849
3,2,SO_OUT,BB_HBP,0.17868848,0.26438832,0.32952556,0.22739755
3,1,SO_OUT,XBH,0.2186792,0.28607643,0.23492508,0.26031923
0,2,SINGLE,BB_HBP,0.23979512,0.22676653,0.2733682,0.26007015
0,0,SINGLE,SINGLE,0.27777597,0.25898483,0.1990467,0.2641925
3,2,SO_OUT,BB_HBP,0.2267663,0.2776011,0.29704213,0.19859041
3,1,SO_OUT,XBH,0.24235535,0.270402,0.22685632,0.26038626
3,1,SO_OUT,XBH,0.23563312,0.3054436,0.23662828,0.22229494
3,2,SO_OUT,BB_HBP,0.2537886,0.22759032,0.28801045,0.23061064
1,2,XBH,BB_HBP,0.22039327,0.27271572,0.28295484,0.22393616
3,2,SO_OUT,BB_HBP,0.28466064,0.17462535,0.31105784,0.22965622
3,0,SO_OUT,SINGLE,0.35511085,0.2092396,0.23805285,0.19759671
3,3,SO_OUT,SO_OUT,0.21855232,0.20628443,0.23221408,0.3429492
3,3,SO_OUT,SO_OUT,0.27129525,0.19626139,0.22924238,0.30320096
3,0,SO_OUT,SINGLE,0.27674106,0.238466,0.25457293,0.23021993
2,0,BB_HBP,SINGLE,0.27673215,0.26977524,0.21305102,0.24044152
3,3,SO_OUT,SO_OUT,0.29433686,0.204067,0.17423953,0.32735655
3,3,SO_OUT,SO_OUT,0.26128572,0.25078645,0.19287354,0.29505426
3,0,SO_OUT,SINGLE,0.30875954,0.2211287,0.2186349,0.25147682
3,3,SO_OUT,SO_OUT,0.25611478,0.24897973,0.20270398,0.29220146
3,1,SO_OUT,XBH,0.24593015,0.32390878,0.17315774,0.25700334
3,3,SO_OUT,SO_OUT,0.2218628,0.19013558,0.23535532,0.35264635
1,0,XBH,SINGLE,0.2710808,0.25409004,0.20847249,0.26635662
3,0,SO_OUT,SINGLE,0.33067536,0.21893488,0.22799496,0.22239476
0,2,SINGLE,BB_HBP,0.19737849,0.24164683,0.3058582,0.25511646
0,1,SINGLE,XBH,0.16142337,0.39118233,0.2655487,0.18184552
3,2,SO_OUT,BB_HBP,0.20359111,0.19634314,0.37826562,0.22180018
2,2,BB_HBP,BB_HBP,0.26869076,0.20283559,0.29101527,0.23745836
1,2,XBH,BB_HBP,0.21155518,0.20205829,0.36751288,0.21887368
3,2,SO_OUT,BB_HBP,0.24794775,0.14456451,0.3818296,0.22565818
0,2,SINGLE,BB_HBP,0.2769271,0.16428447,0.29385293,0.2649355
2,2,BB_HBP,BB_HBP,0.27824703,0.22163793,0.2876612,0.21245381
3,3,SO_OUT,SO_OUT,0.21313001,0.1547596,0.30375513,0.32835528
2,2,BB_HBP,BB_HBP,0.24487707,0.23347357,0.28130075,0.24034862
2,2,BB_HBP,BB_HBP,0.23566106,0.18797278,0.31898,0.25738615
3,2,SO_OUT,BB_HBP,0.25439566,0.16254558,0.30151263,0.28154615
3,3,SO_OUT,SO_OUT,0.24755219,0.23131664,0.25746587,0.26366532
3,2,SO_OUT,BB_HBP,0.24746366,0.26803595,0.29266316,0.19183718
3,3,SO_OUT,SO_OUT,0.20320436,0.2332318,0.2733602,0.29020372
2,2,BB_HBP,BB_HBP,0.22676529,0.190346,0.33469483,0.2481939
3,0,SO_OUT,SINGLE,0.30799013,0.22567795,0.2332926,0.23303933
1,2,XBH,BB_HBP,0.26411292,0.22546317,0.31598806,0.19443588
3,0,SO_OUT,SINGLE,0.3369528,0.20144035,0.23720641,0.22440043
3,2,SO_OUT,BB_HBP,0.17828162,0.21353252,0.3631347,0.24505115
2,2,BB_HBP,BB_HBP,0.23493278,0.17216854,0.3446667,0.24823199
3,2,SO_OUT,BB_HBP,0.23298983,0.17449594,0.32154122,0.27097294
3,0,SO_OUT,SINGLE,0.27237126,0.23017322,0.25557154,0.24188407
3,2,SO_OUT,BB_HBP,0.25434703,0.22036201,0.29294935,0.23234166
3,3,SO_OUT,SO_OUT,0.2648975,0.17618275,0.27696845,0.28195134
0,1,SINGLE,XBH,0.20563337,0.28916892,0.2541968,0.251001
3,2,SO_OUT,BB_HBP,0.24463013,0.25300774,0.2638998,0.23846231
0,0,SINGLE,SINGLE,0.27061012,0.25119746,0.23563789,0.24255458
3,2,SO_OUT,BB_HBP,0.2584223,0.24630654,0.2671389,0.2281323
3,2,SO_OUT,BB_HBP,0.25442693,0.23817095,0.33783174,0.16957042
3,2,SO_OUT,BB_HBP,0.22088782,0.19323248,0.34021178,0.2456679
3,3,SO_OUT,SO_OUT,0.26404217,0.22106475,0.24150796,0.27338517
0,2,SINGLE,BB_HBP,0.25245395,0.20492987,0.30026832,0.24234785
0,0,SINGLE,SINGLE,0.3183185,0.24479242,0.19602887,0.2408603
3,0,SO_OUT,SINGLE,0.35791996,0.22189817,0.18623675,0.23394512
3,3,SO_OUT,SO_OUT,0.24089324,0.22471924,0.24503708,0.28935045
3,1,SO_OUT,XBH,0.25427932,0.25705978,0.23165683,0.25700405
3,2,SO_OUT,BB_HBP,0.24902026,0.23981623,0.30034575,0.21081777
3,2,SO_OUT,BB_HBP,0.19266294,0.23076671,0.3285421,0.24802816
3,2,SO_OUT,BB_HBP,0.2653868,0.18978989,0.30965656,0.23516673
3,0,SO_OUT,SINGLE,0.29771265,0.192829,0.26476225,0.24469614
2,2,BB_HBP,BB_HBP,0.28271285,0.22960798,0.3071486,0.18053058
3,3,SO_OUT,SO_OUT,0.23882848,0.2141459,0.25644255,0.29058298
3,3,SO_OUT,SO_OUT,0.28033492,0.15598641,0.2260215,0.33765715
3,0,SO_OUT,SINGLE,0.3054461,0.21238983,0.21362886,0.26853523
2,2,BB_HBP,BB_HBP,0.23975678,0.24242358,0.2915268,0.22629286
1,0,XBH,SINGLE,0.28700152,0.26280093,0.26172838,0.18846917
3,0,SO_OUT,SINGLE,0.3207078,0.22291087,0.18428929,0.272092
3,0,SO_OUT,SINGLE,0.29439014,0.25176084,0.2390872,0.2147618
3,0,SO_OUT,SINGLE,0.31611356,0.30617982,0.18476497,0.1929416
3,3,SO_OUT,SO_OUT,0.2966157,0.18218054,0.21627188,0.30493194
3,3,SO_OUT,SO_OUT,0.30062798,0.18764497,0.19310221,0.31862485
3,3,SO_OUT,SO_OUT,0.29206946,0.17484564,0.18523343,0.34785154
3,1,SO_OUT,XBH,0.27248418,0.2921456,0.16975728,0.26561302
3,3,SO_OUT,SO_OUT,0.25276121,0.24231431,0.2478803,0.2570441
3,0,SO_OUT,SINGLE,0.28625932,0.2130877,0.2224702,0.27818272
0,2,SINGLE,BB_HBP,0.22279507,0.24045812,0.330608,0.20613882
3,2,SO_OUT,BB_HBP,0.2517204,0.25146115,0.27468377,0.22213468
3,2,SO_OUT,BB_HBP,0.22983983,0.26853788,0.3019766,0.19964562
3,3,SO_OUT,SO_OUT,0.22806388,0.22914834,0.22605409,0.31673366
3,3,SO_OUT,SO_OUT,0.270689,0.20125555,0.2126386,0.3154168
3,0,SO_OUT,SINGLE,0.30550373,0.25181717,0.18468578,0.2579933
3,3,SO_OUT,SO_OUT,0.26815447,0.20754363,0.17226596,0.35203588
3,3,SO_OUT,SO_OUT,0.25242016,0.25086662,0.18991444,0.30679885
3,0,SO_OUT,SINGLE,0.3008415,0.17938583,0.28446946,0.2353033
2,0,BB_HBP,SINGLE,0.332008,0.2149388,0.23048136,0.22257182
3,0,SO_OUT,SINGLE,0.28210953,0.26597026,0.19689895,0.25502133
3,3,SO_OUT,SO_OUT,0.25221625,0.23079398,0.19995163,0.31703818
3,0,SO_OUT,SINGLE,0.31432456,0.24569501,0.18668571,0.25329474
0,1,SINGLE,XBH,0.25863573,0.31318337,0.20001851,0.22816241
3,0,SO_OUT,SINGLE,0.27375677,0.22413442,0.2411932,0.2609156
0,0,SINGLE,SINGLE,0.29708308,0.25500733,0.1937181,0.25419155
3,2,SO_OUT,BB_HBP,0.27215883,0.20150177,0.27376813,0.2525712
3,2,SO_OUT,BB_HBP,0.21346429,0.22219239,0.33193597,0.23240735
3,0,SO_OUT,SINGLE,0.2747486,0.2559053,0.24081127,0.22853479
0,2,SINGLE,BB_HBP,0.23011893,0.25492778,0.2669325,0.2480207
0,0,SINGLE,SINGLE,0.29691723,0.19679879,0.22100012,0.28528383
0,0,SINGLE,SINGLE,0.35028696,0.2031991,0.20503381,0.24148002
3,2,SO_OUT,BB_HBP,0.23112562,0.22397938,0.27617663,0.26871845
3,1,SO_OUT,XBH,0.2431881,0.30092272,0.17712472,0.2787645
0,3,SINGLE,SO_OUT,0.28470322,0.19132227,0.1704149,0.3535596
0,1,SINGLE,XBH,0.23423056,0.28767765,0.26704338,0.21104844
3,1,SO_OUT,XBH,0.282936,0.2971431,0.16874337,0.2511775
3,3,SO_OUT,SO_OUT,0.2647092,0.25443485,0.17570192,0.305154
3,3,SO_OUT,SO_OUT,0.24557269,0.25721893,0.21458647,0.28262192
3,1,SO_OUT,XBH,0.3004189,0.31491846,0.16220632,0.22245625
3,3,SO_OUT,SO_OUT,0.26885232,0.1876625,0.23312703,0.31035808
0,2,SINGLE,BB_HBP,0.24439034,0.22053157,0.27772668,0.25735146
3,3,SO_OUT,SO_OUT,0.27646422,0.26541904,0.17988975,0.27822703
3,1,SO_OUT,XBH,0.18711337,0.40612373,0.20000346,0.20675948
3,1,SO_OUT,XBH,0.19885148,0.32898965,0.2457971,0.22636172
3,1,SO_OUT,XBH,0.22711098,0.3639544,0.15849672,0.25043792
0,3,SINGLE,SO_OUT,0.28123832,0.27375537,0.15386902,0.29113728
0,0,SINGLE,SINGLE,0.3135716,0.3104217,0.14470959,0.23129709
3,1,SO_OUT,XBH,0.24103305,0.2590705,0.25656876,0.24332775
2,1,BB_HBP,XBH,0.20958096,0.286137,0.23722903,0.26705295
3,3,SO_OUT,SO_OUT,0.28477442,0.23123454,0.16709925,0.31689176
3,1,SO_OUT,XBH,0.19626924,0.2858923,0.25218627,0.2656522
3,2,SO_OUT,BB_HBP,0.20014265,0.22229917,0.30905735,0.26850083
3,3,SO_OUT,SO_OUT,0.25335518,0.18553773,0.25023636,0.31087074
3,3,SO_OUT,SO_OUT,0.2749342,0.2660067,0.16626124,0.29279783
2,1,BB_HBP,XBH,0.26479384,0.28858772,0.17620479,0.2704137
3,0,SO_OUT,SINGLE,0.26544943,0.24894628,0.23921978,0.24638444
3,1,SO_OUT,XBH,0.19839044,0.33048365,0.24641466,0.22471125
3,0,SO_OUT,SINGLE,0.2845239,0.25406304,0.2530925,0.20832059
3,3,SO_OUT,SO_OUT,0.28285703,0.16760395,0.20810008,0.34143892
3,3,SO_OUT,SO_OUT,0.26579276,0.24845035,0.20294093,0.28281602
0,3,SINGLE,SO_OUT,0.28964004,0.18504506,0.16889806,0.35641682
3,3,SO_OUT,SO_OUT,0.30216515,0.22249514,0.1667121,0.3086277
2,0,BB_HBP,SINGLE,0.33852497,0.28194252,0.16038518,0.21914726
2,1,BB_HBP,XBH,0.20227335,0.35120437,0.26045865,0.18606362
1,1,XBH,XBH,0.26217738,0.37106964,0.16148914,0.20526391
3,3,SO_OUT,SO_OUT,0.20806384,0.22248733,0.17197633,0.3974725
3,1,SO_OUT,XBH,0.202685,0.28150618,0.27972406,0.23608477
0,0,SINGLE,SINGLE,0.30149683,0.21610646,0.18412898,0.29826772
3,3,SO_OUT,SO_OUT,0.2652908,0.2641398,0.20364593,0.26692352
3,3,SO_OUT,SO_OUT,0.25787634,0.23486681,0.13465017,0.37260666
3,0,SO_OUT,SINGLE,0.28589845,0.27275792,0.17223084,0.26911286
0,0,SINGLE,SINGLE,0.3356311,0.29146567,0.17301114,0.19989212
3,3,SO_OUT,SO_OUT,0.2871166,0.17909244,0.21881485,0.31497616
3,3,SO_OUT,SO_OUT,0.23634568,0.22677787,0.237669,0.29920748
3,1,SO_OUT,XBH,0.25081483,0.28352052,0.2077372,0.25792742
3,3,SO_OUT,SO_OUT,0.27103004,0.26865065,0.15002197,0.3102973
3,0,SO_OUT,SINGLE,0.31147626,0.2323661,0.18193176,0.2742259
3,0,SO_OUT,SINGLE,0.32732216,0.29951984,0.17114903,0.20200902
3,1,SO_OUT,XBH,0.1927696,0.287818,0.2834764,0.23593597
3,0,SO_OUT,SINGLE,0.27275193,0.2574172,0.20816031,0.26167047
3,1,SO_OUT,XBH,0.2050053,0.29420337,0.2783535,0.22243783
3,0,SO_OUT,SINGLE,0.31924337,0.2357347,0.15349819,0.29152372
3,1,SO_OUT,XBH,0.19310704,0.38720164,0.2023685,0.21732281
3,1,SO_OUT,XBH,0.19050033,0.34466624,0.23384067,0.2309927
3,1,SO_OUT,XBH,0.26239762,0.3197902,0.18309976,0.23471244
0,1,SINGLE,XBH,0.28381655,0.30069578,0.1502962,0.2651915
3,3,SO_OUT,SO_OUT,0.2114117,0.22281013,0.18284512,0.38293305
3,1,SO_OUT,XBH,0.22069152,0.36695072,0.2185629,0.19379488
3,3,SO_OUT,SO_OUT,0.31158215,0.19913347,0.16720444,0.32207993
3,3,SO_OUT,SO_OUT,0.21947163,0.2576572,0.2607804,0.26209068
0,0,SINGLE,SINGLE,0.31788078,0.2051319,0.20597713,0.2710102
3,1,SO_OUT,XBH,0.26888594,0.33338773,0.18609935,0.21162696
1,1,XBH,XBH,0.27743062,0.29765576,0.16047674,0.26443693
3,3,SO_OUT,SO_OUT,0.24356107,0.19115639,0.1817521,0.3835304
3,3,SO_OUT,SO_OUT,0.25980163,0.23834941,0.17567891,0.32617
3,1,SO_OUT,XBH,0.26698208,0.28906637,0.2050659,0.2388856
3,3,SO_OUT,SO_OUT,0.24730459,0.19782892,0.16769992,0.38716665
3,3,SO_OUT,SO_OUT,0.22438452,0.27556252,0.18551159,0.31454137
3,0,SO_OUT,SINGLE,0.3333793,0.26019964,0.17998783,0.22643316
3,1,SO_OUT,XBH,0.17233913,0.36679968,0.20582321,0.25503805
3,1,SO_OUT,XBH,0.2474325,0.32634386,0.18481757,0.241406
3,1,SO_OUT,XBH,0.27686918,0.3132586,0.2200327,0.18983951
1,1,XBH,XBH,0.19839998,0.37483507,0.2385648,0.1882001
3,0,SO_OUT,SINGLE,0.28741676,0.25220484,0.1882135,0.27216488
3,1,SO_OUT,XBH,0.23464754,0.32829562,0.21457838,0.22247842
3,1,SO_OUT,XBH,0.24052067,0.3401365,0.20104045,0.2183024
3,0,SO_OUT,SINGLE,0.28480017,0.23034705,0.23657633,0.24827643
3,1,SO_OUT,XBH,0.2435757,0.29583552,0.2047154,0.25587338
3,1,SO_OUT,XBH,0.2440922,0.28995615,0.2062731,0.25967848
3,0,SO_OUT,SINGLE,0.31168,0.19538264,0.21383007,0.27910733
0,1,SINGLE,XBH,0.2772459,0.3017525,0.17121978,0.24978182
3,1,SO_OUT,XBH,0.27299803,0.3045739,0.15246883,0.26995918
3,3,SO_OUT,SO_OUT,0.2914323,0.2330408,0.15926068,0.3162663
3,1,SO_OUT,XBH,0.26403663,0.2929074,0.20014353,0.24291246
0,3,SINGLE,SO_OUT,0.23837489,0.20015348,0.24117051,0.32030118
3,1,SO_OUT,XBH,0.2471736,0.2849216,0.2195652,0.24833964
0,0,SINGLE,SINGLE,0.3339909,0.23288085,0.20417626,0.2289519
3,2,SO_OUT,BB_HBP,0.23720266,0.26330665,0.2967372,0.20275345
3,1,SO_OUT,XBH,0.20772408,0.33378607,0.24139312,0.21709672
3,1,SO_OUT,XBH,0.21898389,0.3277099,0.1992638,0.25404245
3,0,SO_OUT,SINGLE,0.3012542,0.19304372,0.21124768,0.29445446
3,1,SO_OUT,XBH,0.1517515,0.3131649,0.28519064,0.24989295
3,1,SO_OUT,XBH,0.2018395,0.2739077,0.2576511,0.2666017
2,3,BB_HBP,SO_OUT,0.22885054,0.26743895,0.23335187,0.27035856
3,1,SO_OUT,XBH,0.18177755,0.3398768,0.27195185,0.20639382
3,3,SO_OUT,SO_OUT,0.25457817,0.24273568,0.2031708,0.29951537
3,1,SO_OUT,XBH,0.22536263,0.29422134,0.18982828,0.29058784
3,1,SO_OUT,XBH,0.24919273,0.3351652,0.16000335,0.2556387
3,0,SO_OUT,SINGLE,0.26998684,0.22511931,0.25854856,0.24634524
3,1,SO_OUT,XBH,0.20398983,0.3117524,0.23104033,0.25321743
3,1,SO_OUT,XBH,0.23792088,0.28622812,0.25283587,0.22301507
3,3,SO_OUT,SO_OUT,0.22161454,0.251241,0.193785,0.33335948
3,0,SO_OUT,SINGLE,0.32141063,0.2466737,0.15780264,0.27411306
3,0,SO_OUT,SINGLE,0.3075441,0.25632095,0.17379771,0.2623373
3,3,SO_OUT,SO_OUT,0.24862622,0.19836667,0.18194719,0.37105992
0,3,SINGLE,SO_OUT,0.23677832,0.22361168,0.22384003,0.31576997
2,1,BB_HBP,XBH,0.17051545,0.33649904,0.23551631,0.25746918
0,1,SINGLE,XBH,0.25028273,0.26034534,0.23106611,0.2583058
3,1,SO_OUT,XBH,0.2387815,0.308067,0.22338744,0.22976409
3,1,SO_OUT,XBH,0.19422485,0.32334465,0.2931773,0.18925314
0,1,SINGLE,XBH,0.23804872,0.3079295,0.20891394,0.2451079
3,1,SO_OUT,XBH,0.26703787,0.2678541,0.2281615,0.23694661
3,3,SO_OUT,SO_OUT,0.2042793,0.23270474,0.24368721,0.3193287
3,1,SO_OUT,XBH,0.20826742,0.28572926,0.2538268,0.25217646
3,0,SO_OUT,SINGLE,0.31144467,0.17658448,0.22638445,0.28558636
3,0,SO_OUT,SINGLE,0.2826554,0.21145724,0.25267836,0.25320902
3,0,SO_OUT,SINGLE,0.32971266,0.2078427,0.2095756,0.25286907
1,2,XBH,BB_HBP,0.22139907,0.24880263,0.32398605,0.20581223
3,1,SO_OUT,XBH,0.2510975,0.2803698,0.23174466,0.23678805
0,0,SINGLE,SINGLE,0.351705,0.2171486,0.20807444,0.22307192
3,3,SO_OUT,SO_OUT,0.2828962,0.20922299,0.2118015,0.29607937
3,2,SO_OUT,BB_HBP,0.26168543,0.20912029,0.28765774,0.24153657
1,2,XBH,BB_HBP,0.26044533,0.19316815,0.31798694,0.2283996
3,1,SO_OUT,XBH,0.2288452,0.31401345,0.25563207,0.20150922
3,3,SO_OUT,SO_OUT,0.26213336,0.1914298,0.19999065,0.3464462
3,0,SO_OUT,SINGLE,0.3114019,0.17688629,0.21739456,0.29431722
3,0,SO_OUT,SINGLE,0.29959667,0.20801269,0.24024624,0.25214446
3,1,SO_OUT,XBH,0.23202206,0.27095032,0.2696255,0.22740202
3,0,SO_OUT,SINGLE,0.3607824,0.14983831,0.206585,0.28279433
3,0,SO_OUT,SINGLE,0.3627855,0.15977229,0.21447581,0.26296642
3,2,SO_OUT,BB_HBP,0.20583749,0.21364276,0.36538616,0.21513349
0,2,SINGLE,BB_HBP,0.23730691,0.24240978,0.301813,0.21847026
2,1,BB_HBP,XBH,0.26774365,0.2749637,0.23113292,0.2261597
3,1,SO_OUT,XBH,0.18664254,0.3212637,0.30874315,0.18335058
3,1,SO_OUT,XBH,0.19540347,0.3386554,0.2668564,0.19908479
3,3,SO_OUT,SO_OUT,0.24949044,0.1978824,0.21532418,0.33730295
3,0,SO_OUT,SINGLE,0.31475914,0.20298582,0.17111552,0.31113955
3,3,SO_OUT,SO_OUT,0.20354927,0.17929918,0.27752304,0.33962852
3,0,SO_OUT,SINGLE,0.33547083,0.19622369,0.17282228,0.29548314
3,0,SO_OUT,SINGLE,0.268964,0.19837293,0.26823875,0.26442432
2,3,BB_HBP,SO_OUT,0.23625049,0.23123837,0.21860784,0.31390327
0,2,SINGLE,BB_HBP,0.17405193,0.2413701,0.32029483,0.26428312
3,0,SO_OUT,SINGLE,0.26002282,0.2512736,0.23685995,0.25184363
3,2,SO_OUT,BB_HBP,0.22079636,0.25943506,0.2640221,0.25574645
0,1,SINGLE,XBH,0.2202783,0.2887476,0.25492522,0.23604886
2,1,BB_HBP,XBH,0.17568482,0.35301763,0.27225435,0.1990432
3,1,SO_OUT,XBH,0.19807883,0.31996432,0.25510755,0.22684938
2,1,BB_HBP,XBH,0.15558922,0.39708576,0.25643456,0.19089052
3,3,SO_OUT,SO_OUT,0.2689013,0.2320959,0.12618981,0.37281305
3,3,SO_OUT,SO_OUT,0.27506596,0.24562016,0.1709418,0.3083721
3,1,SO_OUT,XBH,0.2622233,0.29966122,0.19210297,0.24601254
3,2,SO_OUT,BB_HBP,0.19976573,0.27125856,0.30482256,0.22415313
3,2,SO_OUT,BB_HBP,0.19493674,0.25808373,0.34031397,0.20666558
0,1,SINGLE,XBH,0.15456808,0.36668295,0.26210585,0.21664312
3,2,SO_OUT,BB_HBP,0.17595215,0.29207104,0.30282274,0.2291541
1,1,XBH,XBH,0.15806751,0.37758222,0.25900605,0.20534429
3,0,SO_OUT,SINGLE,0.28535318,0.23438829,0.23634131,0.24391723
2,3,BB_HBP,SO_OUT,0.20051824,0.2819447,0.2162782,0.30125883
0,3,SINGLE,SO_OUT,0.21510522,0.28844577,0.19824383,0.29820514
3,3,SO_OUT,SO_OUT,0.27621382,0.24047722,0.15578832,0.3275207
3,3,SO_OUT,SO_OUT,0.28352907,0.27625284,0.14969231,0.29052582
3,1,SO_OUT,XBH,0.17655244,0.3187029,0.253818,0.25092664
3,3,SO_OUT,SO_OUT,0.21641193,0.24839929,0.25512147,0.28006727
3,0,SO_OUT,SINGLE,0.33509412,0.15867868,0.21180011,0.29442713
3,3,SO_OUT,SO_OUT,0.27859184,0.19397117,0.24723965,0.28019738
3,3,SO_OUT,SO_OUT,0.21190208,0.15283218,0.23910202,0.3961638
3,3,SO_OUT,SO_OUT,0.2612777,0.156483,0.2296998,0.35253948
0,2,SINGLE,BB_HBP,0.25440538,0.21035512,0.268276,0.26696345
0,3,SINGLE,SO_OUT,0.23136435,0.2576754,0.2516262,0.25933403
3,0,SO_OUT,SINGLE,0.32438964,0.17771615,0.21626614,0.2816281
3,0,SO_OUT,SINGLE,0.32999068,0.15642849,0.23537724,0.27820364
3,0,SO_OUT,SINGLE,0.32485184,0.18831296,0.1800318,0.30680344
3,0,SO_OUT,SINGLE,0.2896059,0.2143279,0.21200624,0.28405997
3,3,SO_OUT,SO_OUT,0.23924217,0.14811957,0.30601913,0.30661914
3,3,SO_OUT,SO_OUT,0.20072451,0.25467932,0.26524907,0.2793471
1,3,XBH,SO_OUT,0.21359982,0.20701529,0.25238052,0.3270043
3,0,SO_OUT,SINGLE,0.29055282,0.1866459,0.241835,0.2809663
3,2,SO_OUT,BB_HBP,0.19136575,0.27563244,0.2874129,0.24558897
3,2,SO_OUT,BB_HBP,0.18501545,0.24442486,0.35338953,0.21717022
3,1,SO_OUT,XBH,0.17220493,0.33167797,0.2798398,0.21627727
3,0,SO_OUT,SINGLE,0.2810701,0.26746112,0.21541883,0.23604998
0,0,SINGLE,SINGLE,0.32683167,0.12144871,0.24347316,0.30824643
0,0,SINGLE,SINGLE,0.32323715,0.17254496,0.28195596,0.22226192
3,3,SO_OUT,SO_OUT,0.32018614,0.15916695,0.19812581,0.32252118
3,0,SO_OUT,SINGLE,0.32317117,0.1741975,0.2839099,0.21872146
3,3,SO_OUT,SO_OUT,0.23873861,0.14929898,0.27146035,0.34050208
3,3,SO_OUT,SO_OUT,0.24276029,0.17764005,0.27118394,0.30841574
2,2,BB_HBP,BB_HBP,0.23285845,0.17015347,0.31405044,0.28293768
3,3,SO_OUT,SO_OUT,0.24175407,0.21198063,0.26160923,0.28465602
0,3,SINGLE,SO_OUT,0.28769258,0.16792317,0.21065561,0.3337286
0,2,SINGLE,BB_HBP,0.26705292,0.22769359,0.27167836,0.23357509
3,3,SO_OUT,SO_OUT,0.22790812,0.2638303,0.2113073,0.29695418
0,0,SINGLE,SINGLE,0.3183488,0.14654346,0.2905307,0.244577
2,1,BB_HBP,XBH,0.2509722,0.25927925,0.24636467,0.24338396
3,1,SO_OUT,XBH,0.19910376,0.28901765,0.23697479,0.2749038
3,0,SO_OUT,SINGLE,0.34402925,0.22157665,0.1894564,0.24493776
3,3,SO_OUT,SO_OUT,0.25622216,0.19758846,0.24803057,0.29815874
3,0,SO_OUT,SINGLE,0.33971322,0.21198887,0.17892669,0.26937124
0,0,SINGLE,SINGLE,0.2926607,0.19785509,0.24588978,0.26359436
3,3,SO_OUT,SO_OUT,0.2524286,0.1986205,0.26662374,0.28232718
3,2,SO_OUT,BB_HBP,0.26674247,0.21376081,0.2879371,0.23155956
3,1,SO_OUT,XBH,0.2214709,0.33673474,0.21963024,0.22216415
3,2,SO_OUT,BB_HBP,0.26343772,0.20246963,0.28716463,0.24692807
0,0,SINGLE,SINGLE,0.2981627,0.22521518,0.19793849,0.27868366
3,1,SO_OUT,XBH,0.24038224,0.2942896,0.21908455,0.2462437
0,0,SINGLE,SINGLE,0.34864518,0.2111663,0.17855187,0.2616366
3,1,SO_OUT,XBH,0.22855142,0.27407396,0.23418975,0.26318488
3,0,SO_OUT,SINGLE,0.351308,0.16835618,0.17658333,0.30375254
3,2,SO_OUT,BB_HBP,0.21617042,0.26173893,0.2899309,0.23215976
3,3,SO_OUT,SO_OUT,0.24694459,0.16966626,0.17009869,0.41329047
3,0,SO_OUT,SINGLE,0.27218452,0.21170792,0.25292194,0.26318565
2,2,BB_HBP,BB_HBP,0.27431425,0.21141313,0.2804398,0.2338329
3,0,SO_OUT,SINGLE,0.37234676,0.16866286,0.20526351,0.2537269
3,0,SO_OUT,SINGLE,0.28550988,0.20970911,0.23217827,0.2726028
3,3,SO_OUT,SO_OUT,0.27094558,0.21349575,0.2308669,0.2846918
0,2,SINGLE,BB_HBP,0.2732974,0.18623346,0.31637308,0.2240961
3,0,SO_OUT,SINGLE,0.30451006,0.21092868,0.21639156,0.2681698
3,0,SO_OUT,SINGLE,0.2923099,0.19002792,0.2441465,0.27351567
0,3,SINGLE,SO_OUT,0.30566272,0.17810194,0.18813553,0.3280997
3,3,SO_OUT,SO_OUT,0.24604982,0.17173128,0.17770448,0.4045144
1,0,XBH,SINGLE,0.27707008,0.24622753,0.21449144,0.26221094
0,1,SINGLE,XBH,0.29140118,0.29442722,0.17588905,0.23828259
3,1,SO_OUT,XBH,0.25090623,0.30077973,0.22674154,0.22157253
3,0,SO_OUT,SINGLE,0.30610543,0.28335786,0.18493575,0.22560097
0,1,SINGLE,XBH,0.27009827,0.31596053,0.18230435,0.23163678
3,1,SO_OUT,XBH,0.22455405,0.27324948,0.25367725,0.24851927
3,0,SO_OUT,SINGLE,0.33380714,0.20091625,0.1985109,0.26676568
3,0,SO_OUT,SINGLE,0.3821725,0.20168124,0.15084162,0.26530463
0,0,SINGLE,SINGLE,0.3849721,0.20929497,0.12240839,0.28332457
3,1,SO_OUT,XBH,0.23974292,0.28728604,0.2560239,0.21694706
3,0,SO_OUT,SINGLE,0.3383199,0.20957014,0.18827781,0.26383215
3,3,SO_OUT,SO_OUT,0.2432508,0.2177989,0.26859978,0.2703505
0,0,SINGLE,SINGLE,0.28321588,0.2712197,0.2121961,0.23336832
3,1,SO_OUT,XBH,0.23061727,0.30204436,0.25612968,0.21120873
3,3,SO_OUT,SO_OUT,0.27618393,0.21922633,0.17650494,0.32808483
3,1,SO_OUT,XBH,0.25663674,0.2867907,0.21345972,0.24311283
3,0,SO_OUT,SINGLE,0.29236495,0.24098796,0.20884973,0.25779733
3,0,SO_OUT,SINGLE,0.33297843,0.18364935,0.20423566,0.2791366
3,0,SO_OUT,SINGLE,0.3239696,0.19201618,0.16954139,0.31447285
3,3,SO_OUT,SO_OUT,0.28247768,0.21322678,0.1982252,0.3060703
3,1,SO_OUT,XBH,0.2385948,0.27722523,0.2710223,0.21315762
3,2,SO_OUT,BB_HBP,0.22246473,0.21855934,0.33085492,0.22812104
0,1,SINGLE,XBH,0.2596714,0.27657342,0.2393267,0.22442855
0,3,SINGLE,SO_OUT,0.23380658,0.18819907,0.2512696,0.32672477
0,1,SINGLE,XBH,0.21246396,0.27177745,0.26142132,0.25433734
3,3,SO_OUT,SO_OUT,0.28914568,0.23131755,0.17710717,0.3024296
3,0,SO_OUT,SINGLE,0.28706694,0.2262032,0.23889291,0.24783699
3,0,SO_OUT,SINGLE,0.27630863,0.2536858,0.2397042,0.23030137
3,1,SO_OUT,XBH,0.22168419,0.3352116,0.22296914,0.22013505
0,1,SINGLE,XBH,0.27960476,0.2950546,0.21277528,0.21256529
3,1,SO_OUT,XBH,0.28822765,0.298193,0.191084,0.22249533
3,1,SO_OUT,XBH,0.25794983,0.2729401,0.25497562,0.21413442
3,2,SO_OUT,BB_HBP,0.22171627,0.21600339,0.3407126,0.22156775
2,3,BB_HBP,SO_OUT,0.25583306,0.22036582,0.2493902,0.27441087
3,1,SO_OUT,XBH,0.2292113,0.3071369,0.2297439,0.23390788
2,0,BB_HBP,SINGLE,0.2810503,0.26086786,0.23306209,0.22501974
3,0,SO_OUT,SINGLE,0.31826285,0.21655597,0.19388054,0.27130064
2,0,BB_HBP,SINGLE,0.28716907,0.26549435,0.2183414,0.22899511
3,1,SO_OUT,XBH,0.21792509,0.2987995,0.24145907,0.24181634
0,0,SINGLE,SINGLE,0.2968518,0.28552836,0.253509,0.16411085
0,0,SINGLE,SINGLE,0.33964697,0.18575235,0.2047038,0.26989695
3,0,SO_OUT,SINGLE,0.38878995,0.23265512,0.12620056,0.25235444
3,3,SO_OUT,SO_OUT,0.24069957,0.24202043,0.22870183,0.28857818
3,0,SO_OUT,SINGLE,0.2848212,0.2533879,0.21872057,0.2430703
0,0,SINGLE,SINGLE,0.27896106,0.2444561,0.20515038,0.27143246
0,1,SINGLE,XBH,0.2502952,0.2996045,0.1873587,0.2627416
3,0,SO_OUT,SINGLE,0.30218264,0.24055259,0.20821278,0.24905206
0,0,SINGLE,SINGLE,0.3544493,0.19709781,0.20785454,0.2405983
3,3,SO_OUT,SO_OUT,0.23966242,0.210041,0.22212732,0.32816926
3,3,SO_OUT,SO_OUT,0.2517856,0.21083616,0.26487717,0.27250117
2,0,BB_HBP,SINGLE,0.28277448,0.21940838,0.22975038,0.26806673
1,0,XBH,SINGLE,0.31239814,0.2599097,0.17110837,0.25658384
3,0,SO_OUT,SINGLE,0.38424504,0.19209711,0.17400338,0.24965444
3,0,SO_OUT,SINGLE,0.26210603,0.22681113,0.25441575,0.25666702
2,1,BB_HBP,XBH,0.20343454,0.29726413,0.23831853,0.2609828
3,0,SO_OUT,SINGLE,0.36881107,0.23143719,0.14660962,0.25314206
0,1,SINGLE,XBH,0.29184762,0.31681493,0.16910376,0.22223371
3,0,SO_OUT,SINGLE,0.37649417,0.20541997,0.20279883,0.21528697
3,1,SO_OUT,XBH,0.24800234,0.28289875,0.21646129,0.25263768
1,2,XBH,BB_HBP,0.21373197,0.22684585,0.32999003,0.22943215
3,1,SO_OUT,XBH,0.17009783,0.3671212,0.2501969,0.2125841
1,1,XBH,XBH,0.17320725,0.31045297,0.2766527,0.23968713
3,1,SO_OUT,XBH,0.20949903,0.3536584,0.20974517,0.22709732
0,3,SINGLE,SO_OUT,0.2460622,0.19352672,0.22250125,0.33790982
3,3,SO_OUT,SO_OUT,0.25120947,0.27134344,0.19058825,0.2868588
3,0,SO_OUT,SINGLE,0.2910389,0.260831,0.19899179,0.24913834
3,3,SO_OUT,SO_OUT,0.26582384,0.26407567,0.18538423,0.28471625
2,0,BB_HBP,SINGLE,0.3134088,0.271367,0.18063505,0.23458913
3,0,SO_OUT,SINGLE,0.29887185,0.2568829,0.21177486,0.23247042
3,2,SO_OUT,BB_HBP,0.2267788,0.22198506,0.2877144,0.26352173
2,3,BB_HBP,SO_OUT,0.27067143,0.22281644,0.22668266,0.27982938
0,1,SINGLE,XBH,0.22898024,0.26752758,0.2631202,0.24037196
3,1,SO_OUT,XBH,0.2240605,0.29725325,0.21937658,0.25930962
3,0,SO_OUT,SINGLE,0.3236133,0.25709194,0.17252097,0.24677373
3,1,SO_OUT,XBH,0.2325538,0.29288995,0.24138959,0.23316666
3,1,SO_OUT,XBH,0.24933827,0.26006776,0.2577091,0.2328849
1,1,XBH,XBH,0.20654714,0.35128272,0.21666047,0.22550967
3,1,SO_OUT,XBH,0.1859932,0.36415604,0.22554436,0.22430651
3,3,SO_OUT,SO_OUT,0.2706204,0.25347704,0.196093,0.27980965
3,0,SO_OUT,SINGLE,0.28743228,0.24121644,0.24424045,0.22711083
0,1,SINGLE,XBH,0.24499406,0.35172263,0.1973555,0.20592783
3,0,SO_OUT,SINGLE,0.330686,0.21457598,0.16685054,0.2878875
3,1,SO_OUT,XBH,0.2364811,0.32085434,0.23601176,0.20665278
0,2,SINGLE,BB_HBP,0.2390646,0.22419746,0.27238947,0.26434845
2,0,BB_HBP,SINGLE,0.3386954,0.21954785,0.25847292,0.18328384
3,1,SO_OUT,XBH,0.24485588,0.27491772,0.21219254,0.26803398
3,1,SO_OUT,XBH,0.21387225,0.2968691,0.22247332,0.26678538
0,1,SINGLE,XBH,0.20634049,0.3701958,0.2105853,0.2128784
0,1,SINGLE,XBH,0.23324063,0.27691543,0.26760447,0.22223951
2,2,BB_HBP,BB_HBP,0.20198146,0.27160496,0.33208528,0.19432831
3,2,SO_OUT,BB_HBP,0.19247814,0.30029756,0.30931696,0.19790731
2,1,BB_HBP,XBH,0.18152125,0.38142502,0.24318507,0.19386874
3,2,SO_OUT,BB_HBP,0.25485185,0.21382128,0.2664516,0.2648753
3,0,SO_OUT,SINGLE,0.2576755,0.24599245,0.25047818,0.24585392
3,1,SO_OUT,XBH,0.26672414,0.29201794,0.22770913,0.21354882
3,2,SO_OUT,BB_HBP,0.22800434,0.25772363,0.27647102,0.23780107
3,1,SO_OUT,XBH,0.17344171,0.35787678,0.2626076,0.20607385
3,1,SO_OUT,XBH,0.1889054,0.36648005,0.26220468,0.18240999
3,0,SO_OUT,SINGLE,0.27117446,0.2251709,0.25656766,0.24708708
3,1,SO_OUT,XBH,0.2644298,0.278353,0.18187015,0.275347
2,3,BB_HBP,SO_OUT,0.2271975,0.2738367,0.19608866,0.30287716
3,1,SO_OUT,XBH,0.2653578,0.30439645,0.19256869,0.23767708
3,0,SO_OUT,SINGLE,0.2951626,0.20095026,0.2326601,0.271227
3,0,SO_OUT,SINGLE,0.29062858,0.26454023,0.17253682,0.27229437
3,1,SO_OUT,XBH,0.2772995,0.29312804,0.19136888,0.23820351
0,1,SINGLE,XBH,0.24543768,0.37581658,0.18299161,0.1957542
3,3,SO_OUT,SO_OUT,0.22506545,0.18519121,0.2589162,0.33082712
0,2,SINGLE,BB_HBP,0.21722952,0.24218458,0.28856206,0.25202388
3,2,SO_OUT,BB_HBP,0.17447284,0.28951296,0.3085503,0.22746395
3,0,SO_OUT,SINGLE,0.27067563,0.21503553,0.2570261,0.25726274
3,2,SO_OUT,BB_HBP,0.22915295,0.23407142,0.29001084,0.24676481
3,0,SO_OUT,SINGLE,0.36928123,0.2582279,0.15137736,0.2211135
3,1,SO_OUT,XBH,0.23932187,0.26185307,0.24968526,0.24913974
3,1,SO_OUT,XBH,0.20326263,0.29002765,0.2890728,0.21763688
3,0,SO_OUT,SINGLE,0.29225183,0.21360846,0.28259745,0.21154223
3,1,SO_OUT,XBH,0.26015633,0.30818132,0.18491559,0.24674673
1,0,XBH,SINGLE,0.30938974,0.23080142,0.17785925,0.2819496
1,0,XBH,SINGLE,0.2667808,0.24462478,0.23713334,0.25146112
3,0,SO_OUT,SINGLE,0.2867779,0.2299425,0.25765583,0.22562388
3,0,SO_OUT,SINGLE,0.32242677,0.22827317,0.2317802,0.2175199
0,1,SINGLE,XBH,0.23685853,0.31281662,0.22107348,0.22925133
3,3,SO_OUT,SO_OUT,0.22505787,0.25449544,0.22324082,0.29720587
1,1,XBH,XBH,0.19915563,0.2974618,0.2556225,0.24776009
3,1,SO_OUT,XBH,0.26100093,0.28010398,0.25705093,0.2018442
3,1,SO_OUT,XBH,0.21871106,0.37847304,0.20637067,0.1964452
3,1,SO_OUT,XBH,0.28303918,0.28544518,0.18535663,0.24615903
3,1,SO_OUT,XBH,0.25514308,0.323979,0.21067554,0.21020238
3,3,SO_OUT,SO_OUT,0.2441468,0.27356622,0.19401158,0.28827536
2,2,BB_HBP,BB_HBP,0.17701867,0.2626271,0.35323894,0.20711537
0,2,SINGLE,BB_HBP,0.23994197,0.24510975,0.2768551,0.23809323
3,1,SO_OUT,XBH,0.18058445,0.31674623,0.29307678,0.20959252
0,2,SINGLE,BB_HBP,0.26468328,0.21228606,0.27604857,0.24698207
3,1,SO_OUT,XBH,0.23889323,0.34580082,0.23348963,0.18181634
3,3,SO_OUT,SO_OUT,0.24895741,0.24896884,0.23747112,0.2646026
3,0,SO_OUT,SINGLE,0.28744876,0.24236438,0.22690356,0.24328327
3,0,SO_OUT,SINGLE,0.3261395,0.25188145,0.1941513,0.22782776
3,2,SO_OUT,BB_HBP,0.21974897,0.27633658,0.27757,0.22634444
3,1,SO_OUT,XBH,0.18352924,0.2893902,0.24668092,0.2803997
3,1,SO_OUT,XBH,0.24504758,0.29755825,0.2292432,0.22815096
3,2,SO_OUT,BB_HBP,0.2200597,0.25685725,0.32059175,0.20249131
3,3,SO_OUT,SO_OUT,0.23097943,0.2490018,0.22563718,0.29438162
1,3,XBH,SO_OUT,0.25952214,0.19576016,0.25429198,0.29042572
3,2,SO_OUT,BB_HBP,0.27115104,0.17180216,0.3019353,0.25511158
3,2,SO_OUT,BB_HBP,0.23671506,0.25735855,0.27942687,0.22649948
3,0,SO_OUT,SINGLE,0.27963424,0.23398998,0.23621996,0.2501558
3,0,SO_OUT,SINGLE,0.2737506,0.24148113,0.24933577,0.23543249
3,2,SO_OUT,BB_HBP,0.17123272,0.27742973,0.3421516,0.20918591
3,3,SO_OUT,SO_OUT,0.264471,0.2302399,0.2284217,0.27686736
3,2,SO_OUT,BB_HBP,0.1990638,0.2266542,0.3851389,0.18914314
2,0,BB_HBP,SINGLE,0.28756434,0.25480896,0.2522292,0.20539753
1,1,XBH,XBH,0.2259385,0.28311518,0.2726717,0.21827468
0,1,SINGLE,XBH,0.25950086,0.2786071,0.20687506,0.255017
2,0,BB_HBP,SINGLE,0.30028018,0.19548197,0.24927285,0.254965
3,0,SO_OUT,SINGLE,0.29489452,0.21711497,0.24872182,0.23926878
3,0,SO_OUT,SINGLE,0.31848493,0.2341264,0.21556488,0.23182374
3,3,SO_OUT,SO_OUT,0.23921067,0.21320243,0.19836795,0.349219
3,3,SO_OUT,SO_OUT,0.24608423,0.26438165,0.1902449,0.29928917
3,1,SO_OUT,XBH,0.24374756,0.29669842,0.25937074,0.20018321
3,1,SO_OUT,XBH,0.26713228,0.2936723,0.20222272,0.23697272
3,0,SO_OUT,SINGLE,0.29378727,0.24159017,0.1941124,0.2705102
3,1,SO_OUT,XBH,0.27058828,0.2797112,0.23857355,0.211127
3,2,SO_OUT,BB_HBP,0.16842206,0.28960028,0.29205602,0.2499216
3,3,SO_OUT,SO_OUT,0.27208117,0.2398132,0.21068583,0.2774199
3,2,SO_OUT,BB_HBP,0.21197808,0.2093427,0.37589338,0.20278583
3,2,SO_OUT,BB_HBP,0.24264751,0.23116744,0.2781213,0.24806365
3,2,SO_OUT,BB_HBP,0.22086352,0.20815921,0.34296873,0.22800851
3,1,SO_OUT,XBH,0.23562638,0.2904204,0.2007871,0.2731661
3,1,SO_OUT,XBH,0.2687064,0.29030702,0.17254509,0.26844153
0,0,SINGLE,SINGLE,0.30678463,0.19585389,0.2074821,0.28987935
3,0,SO_OUT,SINGLE,0.33416328,0.17900425,0.22719482,0.25963762
0,0,SINGLE,SINGLE,0.3009869,0.23133625,0.2541843,0.21349259
2,2,BB_HBP,BB_HBP,0.264264,0.21587181,0.33787638,0.18198788
3,3,SO_OUT,SO_OUT,0.28859288,0.18080227,0.20844388,0.32216093
3,0,SO_OUT,SINGLE,0.31122002,0.17340104,0.25648233,0.25889665
3,0,SO_OUT,SINGLE,0.3290083,0.21415849,0.21211842,0.24471475
3,2,SO_OUT,BB_HBP,0.24604899,0.21402904,0.32259014,0.21733181
3,2,SO_OUT,BB_HBP,0.27072364,0.20321973,0.28175768,0.24429902
3,2,SO_OUT,BB_HBP,0.27804837,0.23100707,0.2793673,0.21157719
1,0,XBH,SINGLE,0.30076435,0.26761118,0.21769325,0.2139313
2,1,BB_HBP,XBH,0.25183728,0.27983066,0.26337552,0.20495649
3,0,SO_OUT,SINGLE,0.29457492,0.20279005,0.23004058,0.27259442
1,0,XBH,SINGLE,0.28674334,0.2512177,0.233815,0.22822395
3,1,SO_OUT,XBH,0.21269302,0.347697,0.23006776,0.2095422
3,1,SO_OUT,XBH,0.21333066,0.2918068,0.28261817,0.2122444
0,1,SINGLE,XBH,0.22407033,0.28233188,0.2733369,0.22026086
3,0,SO_OUT,SINGLE,0.29496157,0.22514348,0.2034876,0.27640736
0,0,SINGLE,SINGLE,0.3201384,0.18261662,0.24563554,0.25160944
3,0,SO_OUT,SINGLE,0.2831603,0.2688267,0.21119128,0.23682173
2,0,BB_HBP,SINGLE,0.3154997,0.23934188,0.22793008,0.21722825
3,3,SO_OUT,SO_OUT,0.2394824,0.22482584,0.25190532,0.28378645
3,0,SO_OUT,SINGLE,0.3095088,0.20322427,0.2362784,0.25098854
0,0,SINGLE,SINGLE,0.3579294,0.20740418,0.19329594,0.24137047
3,0,SO_OUT,SINGLE,0.31799698,0.25072238,0.179777,0.25150368
3,1,SO_OUT,XBH,0.22106916,0.3191814,0.2519058,0.20784365
2,1,BB_HBP,XBH,0.24530472,0.26548052,0.25250638,0.23670842
3,2,SO_OUT,BB_HBP,0.23600955,0.23184922,0.29716218,0.23497897
0,0,SINGLE,SINGLE,0.3058657,0.2284925,0.16792779,0.29771397
0,0,SINGLE,SINGLE,0.2954381,0.28134492,0.20234239,0.22087456
1,1,XBH,XBH,0.26574337,0.27332962,0.2094367,0.25149035
3,0,SO_OUT,SINGLE,0.32229462,0.30577683,0.16044387,0.21148476
3,1,SO_OUT,XBH,0.2703382,0.27656946,0.21743089,0.23566143
2,2,BB_HBP,BB_HBP,0.21029492,0.24686156,0.32044536,0.22239812
3,0,SO_OUT,SINGLE,0.26609316,0.25747898,0.25982442,0.21660352
2,1,BB_HBP,XBH,0.20115626,0.30866787,0.2952622,0.1949137
3,0,SO_OUT,SINGLE,0.29360208,0.21161178,0.24631096,0.24847516
0,1,SINGLE,XBH,0.23063992,0.3743844,0.19772232,0.19725348
3,1,SO_OUT,XBH,0.25342175,0.28662723,0.23453572,0.22541526
3,2,SO_OUT,BB_HBP,0.23697352,0.2585916,0.28875923,0.21567564
0,0,SINGLE,SINGLE,0.2725143,0.25463825,0.22212988,0.25071755
3,0,SO_OUT,SINGLE,0.33353862,0.22873826,0.19225773,0.24546534
3,2,SO_OUT,BB_HBP,0.2707951,0.19339022,0.27472872,0.26108596
3,3,SO_OUT,SO_OUT,0.2717252,0.24103959,0.19325408,0.29398113
3,1,SO_OUT,XBH,0.28874034,0.28993207,0.20406197,0.21726556
3,2,SO_OUT,BB_HBP,0.25260022,0.20400065,0.3033925,0.24000666
3,3,SO_OUT,SO_OUT,0.2756817,0.18487689,0.2590395,0.28040192
3,0,SO_OUT,SINGLE,0.2970499,0.22829847,0.25333622,0.22131537
3,2,SO_OUT,BB_HBP,0.22988287,0.2399894,0.29137415,0.23875363
3,2,SO_OUT,BB_HBP,0.20127727,0.22429334,0.35094503,0.22348437
2,2,BB_HBP,BB_HBP,0.2146601,0.26287392,0.29389042,0.22857562
3,0,SO_OUT,SINGLE,0.30462033,0.19572699,0.27478716,0.22486551
3,0,SO_OUT,SINGLE,0.30864194,0.22026783,0.22298682,0.24810337
3,3,SO_OUT,SO_OUT,0.26290515,0.26057997,0.1987072,0.27780765
3,1,SO_OUT,XBH,0.28479022,0.30154347,0.22147039,0.19219586
3,3,SO_OUT,SO_OUT,0.24879359,0.16895469,0.20782189,0.37442985
3,3,SO_OUT,SO_OUT,0.24148764,0.2643895,0.2276102,0.2665126
3,0,SO_OUT,SINGLE,0.2871525,0.2602957,0.20917638,0.24337538
3,2,SO_OUT,BB_HBP,0.26262861,0.18577023,0.3048564,0.24674477
0,2,SINGLE,BB_HBP,0.25207993,0.24664165,0.25774643,0.24353197
3,1,SO_OUT,XBH,0.2542166,0.27015787,0.21018973,0.26543579
3,1,SO_OUT,XBH,0.23240925,0.29768854,0.2720764,0.19782579
3,2,SO_OUT,BB_HBP,0.22205824,0.24948153,0.27156383,0.25689644
3,3,SO_OUT,SO_OUT,0.25775525,0.20834813,0.23167925,0.3022174
0,1,SINGLE,XBH,0.20180742,0.3371615,0.2404554,0.22057568
3,1,SO_OUT,XBH,0.24500288,0.281955,0.24220912,0.23083305
0,1,SINGLE,XBH,0.24620306,0.27126604,0.22740313,0.25512788
1,0,XBH,SINGLE,0.29296693,0.22276397,0.2339494,0.25031963
3,2,SO_OUT,BB_HBP,0.16411558,0.31685647,0.33936006,0.1796679
3,1,SO_OUT,XBH,0.19884245,0.3303999,0.3149482,0.15580945
3,1,SO_OUT,XBH,0.26958066,0.27490315,0.24862698,0.20688918
3,3,SO_OUT,SO_OUT,0.22219637,0.23643117,0.16974163,0.37163085
0,1,SINGLE,XBH,0.22095446,0.29570696,0.23562782,0.24771069
3,0,SO_OUT,SINGLE,0.313977,0.2503152,0.20657471,0.22913311
0,1,SINGLE,XBH,0.25086957,0.31252918,0.18623118,0.25037014
3,2,SO_OUT,BB_HBP,0.2542106,0.2723527,0.28945348,0.18398328
2,0,BB_HBP,SINGLE,0.26873854,0.26178992,0.26634452,0.203127
3,1,SO_OUT,XBH,0.24887328,0.28097674,0.23090254,0.23924746
3,1,SO_OUT,XBH,0.24772659,0.3101932,0.26349023,0.17859
3,3,SO_OUT,SO_OUT,0.25614586,0.22703427,0.21921583,0.29760396
3,1,SO_OUT,XBH,0.24558039,0.34070608,0.14152828,0.27218527
3,1,SO_OUT,XBH,0.23193794,0.35690892,0.15611717,0.255036
3,3,SO_OUT,SO_OUT,0.2597132,0.24295175,0.21031517,0.28701988
3,3,SO_OUT,SO_OUT,0.24571773,0.27295184,0.20684443,0.27448595
1,1,XBH,XBH,0.22970007,0.2901716,0.22639342,0.25373495
3,1,SO_OUT,XBH,0.2630162,0.31309673,0.17963672,0.2442503
0,1,SINGLE,XBH,0.2587211,0.30492243,0.20115,0.23520647
1,1,XBH,XBH,0.18749242,0.39050055,0.21463779,0.20736927
3,1,SO_OUT,XBH,0.20879309,0.4129207,0.16106741,0.21721883
3,3,SO_OUT,SO_OUT,0.20747517,0.23961955,0.16538215,0.38752306
3,3,SO_OUT,SO_OUT,0.22930615,0.23311622,0.1251001,0.41247755
3,1,SO_OUT,XBH,0.26216,0.32714766,0.15744616,0.2532462
3,3,SO_OUT,SO_OUT,0.20747791,0.23411374,0.15104316,0.40736523
0,3,SINGLE,SO_OUT,0.24180935,0.24779232,0.23011182,0.28028652
3,2,SO_OUT,BB_HBP,0.21855728,0.2533757,0.3166763,0.21139075
2,3,BB_HBP,SO_OUT,0.23239249,0.26551846,0.23130864,0.2707804
0,0,SINGLE,SINGLE,0.2807903,0.2752012,0.20470932,0.23929916
3,1,SO_OUT,XBH,0.18317713,0.36119035,0.2393919,0.21624063
3,0,SO_OUT,SINGLE,0.32599908,0.27294108,0.14706813,0.2539917
0,1,SINGLE,XBH,0.2702786,0.31886032,0.2044706,0.20639044
3,3,SO_OUT,SO_OUT,0.28794092,0.20426443,0.1999624,0.30783224
2,1,BB_HBP,XBH,0.22042498,0.31425053,0.20938937,0.25593504
3,1,SO_OUT,XBH,0.2590922,0.28907663,0.17931077,0.2725203
3,0,SO_OUT,SINGLE,0.30199033,0.29550496,0.16742304,0.23508163
3,1,SO_OUT,XBH,0.16936956,0.38074243,0.20395213,0.24593584
3,1,SO_OUT,XBH,0.2778468,0.2795795,0.18612868,0.256445
3,1,SO_OUT,XBH,0.23794468,0.31749982,0.2170376,0.22751796
0,1,SINGLE,XBH,0.25896752,0.3297706,0.18693465,0.2243273
3,1,SO_OUT,XBH,0.18991645,0.3643915,0.22808953,0.21760252
0,1,SINGLE,XBH,0.23952655,0.32761085,0.23898701,0.1938756
3,0,SO_OUT,SINGLE,0.36720714,0.22924484,0.16783269,0.23571531
3,1,SO_OUT,XBH,0.19441482,0.3437826,0.23669842,0.22510411
3,0,SO_OUT,SINGLE,0.3687588,0.20861742,0.15736452,0.2652592
0,0,SINGLE,SINGLE,0.3273254,0.21199009,0.20270734,0.25797716
0,0,SINGLE,SINGLE,0.32701433,0.22059825,0.17302437,0.2793631
3,0,SO_OUT,SINGLE,0.32897526,0.16822398,0.20029701,0.30250376
0,0,SINGLE,SINGLE,0.36738345,0.21495004,0.16864637,0.24902019
1,1,XBH,XBH,0.2218347,0.30988714,0.24121317,0.227065
3,1,SO_OUT,XBH,0.22268789,0.31485602,0.19188969,0.2705664
3,0,SO_OUT,SINGLE,0.33399826,0.25494537,0.12638384,0.28467256
0,3,SINGLE,SO_OUT,0.281646,0.28827837,0.12856503,0.30151054
3,2,SO_OUT,BB_HBP,0.22383067,0.2108714,0.3220275,0.24327038
3,3,SO_OUT,SO_OUT,0.20325762,0.19179274,0.1623719,0.4425777
0,0,SINGLE,SINGLE,0.29083055,0.2639063,0.18495426,0.26030895
3,1,SO_OUT,XBH,0.2520363,0.28099814,0.25374594,0.21321969
3,3,SO_OUT,SO_OUT,0.24825986,0.26162764,0.21908985,0.2710226
2,1,BB_HBP,XBH,0.21563645,0.3031494,0.22883019,0.25238398
3,1,SO_OUT,XBH,0.23190573,0.30665016,0.18057765,0.2808665
0,0,SINGLE,SINGLE,0.3145247,0.24548295,0.1350446,0.3049478
3,3,SO_OUT,SO_OUT,0.26622042,0.26729342,0.14312582,0.32336035
3,1,SO_OUT,XBH,0.16362135,0.38156885,0.24149682,0.21331303
1,1,XBH,XBH,0.21575148,0.3433163,0.22766353,0.21326873
3,0,SO_OUT,SINGLE,0.36027768,0.22318,0.17196694,0.24457541
3,0,SO_OUT,SINGLE,0.33555698,0.2175891,0.17127787,0.27557597
3,3,SO_OUT,SO_OUT,0.22564869,0.2123494,0.23264882,0.32935312
3,1,SO_OUT,XBH,0.24107853,0.33379722,0.1832122,0.24191207
3,1,SO_OUT,XBH,0.27885526,0.34717047,0.14965528,0.22431894
3,1,SO_OUT,XBH,0.2188666,0.33099976,0.21228908,0.23784453
1,1,XBH,XBH,0.20464282,0.32924742,0.23153073,0.23457903
3,2,SO_OUT,BB_HBP,0.19261889,0.24452886,0.29459172,0.26826045
2,2,BB_HBP,BB_HBP,0.15091309,0.27448872,0.33134544,0.24325272
2,2,BB_HBP,BB_HBP,0.19736543,0.24298355,0.30685773,0.2527932
3,3,SO_OUT,SO_OUT,0.27830428,0.22944649,0.16809669,0.32415262
0,3,SINGLE,SO_OUT,0.2863387,0.20623122,0.19063994,0.31679013
1,0,XBH,SINGLE,0.29888716,0.24506693,0.2035033,0.25254256
1,1,XBH,XBH,0.18106614,0.33891872,0.24929217,0.23072304
0,3,SINGLE,SO_OUT,0.24652816,0.2644477,0.19246955,0.2965545
3,1,SO_OUT,XBH,0.21839327,0.32856387,0.23675479,0.21628806
0,1,SINGLE,XBH,0.26112142,0.29985908,0.20166191,0.23735762
0,0,SINGLE,SINGLE,0.3394974,0.24095742,0.1524991,0.2670461
3,1,SO_OUT,XBH,0.26451835,0.2775256,0.18164946,0.27630663
0,3,SINGLE,SO_OUT,0.2696738,0.25502273,0.19916014,0.27614334
3,2,SO_OUT,BB_HBP,0.22901933,0.2490344,0.2958016,0.22614467
3,0,SO_OUT,SINGLE,0.33102396,0.2065777,0.22307825,0.23932004
3,3,SO_OUT,SO_OUT,0.23868455,0.19160621,0.19716223,0.372547
0,0,SINGLE,SINGLE,0.33616436,0.16681513,0.18148626,0.31553423
3,0,SO_OUT,SINGLE,0.31068164,0.24252605,0.14688182,0.29991046
3,1,SO_OUT,XBH,0.26707473,0.2923766,0.1682419,0.27230677
3,3,SO_OUT,SO_OUT,0.26240396,0.2359094,0.23910479,0.26258188
3,1,SO_OUT,XBH,0.23994198,0.29556143,0.21064618,0.25385043
0,2,SINGLE,BB_HBP,0.22705661,0.26279396,0.30307642,0.20707297
3,1,SO_OUT,XBH,0.1971669,0.3884245,0.19569728,0.21871126
3,0,SO_OUT,SINGLE,0.31318837,0.2126887,0.20336396,0.270759
3,3,SO_OUT,SO_OUT,0.22944203,0.20790134,0.16732328,0.3953334
3,0,SO_OUT,SINGLE,0.28456718,0.2600473,0.1735807,0.2818049
3,2,SO_OUT,BB_HBP,0.25446543,0.19689363,0.34902373,0.1996172
0,0,SINGLE,SINGLE,0.29269195,0.24894643,0.1971282,0.2612334
0,0,SINGLE,SINGLE,0.3044001,0.20024839,0.26934925,0.22600225
3,1,SO_OUT,XBH,0.25986135,0.26463687,0.22811536,0.24738647
1,0,XBH,SINGLE,0.29522422,0.22063662,0.21873157,0.26540753
3,2,SO_OUT,BB_HBP,0.26255947,0.23820804,0.28075075,0.21848166
3,1,SO_OUT,XBH,0.24921387,0.29710814,0.23128669,0.22239138
3,1,SO_OUT,XBH,0.21809973,0.37325227,0.23127022,0.17737779
3,3,SO_OUT,SO_OUT,0.24821216,0.20506778,0.17023109,0.3764889
3,0,SO_OUT,SINGLE,0.3391137,0.18101291,0.17964627,0.30022702
3,3,SO_OUT,SO_OUT,0.2698929,0.26391864,0.18787278,0.27831563
3,1,SO_OUT,XBH,0.1859285,0.32355857,0.30831933,0.18219362
3,1,SO_OUT,XBH,0.21377678,0.3670684,0.21759635,0.20155846
3,2,SO_OUT,BB_HBP,0.21707867,0.26696914,0.26968017,0.24627206
3,0,SO_OUT,SINGLE,0.32852593,0.2553021,0.19590952,0.2202625
0,3,SINGLE,SO_OUT,0.27659348,0.22199003,0.22371449,0.277702
3,1,SO_OUT,XBH,0.22018579,0.29771972,0.22865318,0.25344133
3,0,SO_OUT,SINGLE,0.36407346,0.17377175,0.21552943,0.24662535
3,3,SO_OUT,SO_OUT,0.23310935,0.21148634,0.16385761,0.39154667
1,0,XBH,SINGLE,0.27646187,0.23015042,0.24513115,0.24825656
3,2,SO_OUT,BB_HBP,0.239284,0.25904077,0.27580625,0.22586903
2,1,BB_HBP,XBH,0.2419107,0.30544338,0.21919128,0.2334546
3,0,SO_OUT,SINGLE,0.30233705,0.29795787,0.22843029,0.17127481
3,3,SO_OUT,SO_OUT,0.24133787,0.212158,0.14847502,0.3980291
3,3,SO_OUT,SO_OUT,0.2437761,0.26395234,0.2228754,0.26939622
3,0,SO_OUT,SINGLE,0.30670717,0.22157966,0.21738204,0.2543312
3,3,SO_OUT,SO_OUT,0.27137554,0.22784993,0.22767562,0.27309892
1,1,XBH,XBH,0.21199857,0.3589421,0.23314302,0.19591634
3,1,SO_OUT,XBH,0.28907865,0.29302168,0.25482106,0.16307859
3,3,SO_OUT,SO_OUT,0.23323491,0.19081777,0.16810809,0.40783927
3,3,SO_OUT,SO_OUT,0.2257557,0.23904395,0.23311569,0.3020846
3,2,SO_OUT,BB_HBP,0.1426303,0.30577192,0.3665389,0.1850588
3,1,SO_OUT,XBH,0.18855613,0.3638095,0.20827813,0.2393562
0,3,SINGLE,SO_OUT,0.24090202,0.28114313,0.16435611,0.31359878
0,1,SINGLE,XBH,0.2466013,0.32226425,0.23920128,0.19193318
3,2,SO_OUT,BB_HBP,0.2251782,0.22625333,0.33748326,0.21108519
3,2,SO_OUT,BB_HBP,0.24468656,0.25221962,0.26687595,0.23621789
3,1,SO_OUT,XBH,0.19991563,0.3091498,0.26698303,0.22395152
0,0,SINGLE,SINGLE,0.28900495,0.2314932,0.2602735,0.21922837
3,3,SO_OUT,SO_OUT,0.20469621,0.21266168,0.23532026,0.3473218
3,3,SO_OUT,SO_OUT,0.22993712,0.2453178,0.25028712,0.27445805
3,2,SO_OUT,BB_HBP,0.24495903,0.24145326,0.25993755,0.2536501
3,3,SO_OUT,SO_OUT,0.25169912,0.24316365,0.23748887,0.26764837
3,2,SO_OUT,BB_HBP,0.19826268,0.2515622,0.2971002,0.25307494
0,2,SINGLE,BB_HBP,0.20581111,0.23677512,0.33750197,0.21991181
3,2,SO_OUT,BB_HBP,0.19759446,0.22890574,0.30267516,0.2708246
3,2,SO_OUT,BB_HBP,0.17827715,0.27853253,0.31913075,0.2240597
1,2,XBH,BB_HBP,0.19764702,0.28833574,0.36236748,0.15164973
0,1,SINGLE,XBH,0.2398199,0.33554667,0.24954031,0.17509302
3,0,SO_OUT,SINGLE,0.30938193,0.24806383,0.23024271,0.2123116
3,3,SO_OUT,SO_OUT,0.30328417,0.16397686,0.21505171,0.31768727
1,3,XBH,SO_OUT,0.2321954,0.24902955,0.2375349,0.28124017
3,0,SO_OUT,SINGLE,0.2899119,0.21487834,0.21698076,0.27822903
3,0,SO_OUT,SINGLE,0.28667375,0.23099971,0.21860123,0.26372543
3,3,SO_OUT,SO_OUT,0.2112394,0.22642623,0.24557379,0.31676057
2,1,BB_HBP,XBH,0.18442395,0.35587493,0.28995672,0.16974448
3,0,SO_OUT,SINGLE,0.29062557,0.25553635,0.19219162,0.2616464
3,0,SO_OUT,SINGLE,0.2795434,0.25071672,0.23311587,0.23662406
2,1,BB_HBP,XBH,0.17874604,0.34467632,0.2553991,0.22117856
3,0,SO_OUT,SINGLE,0.29228798,0.2567609,0.19401461,0.25693646
0,1,SINGLE,XBH,0.23342374,0.2954979,0.23421364,0.23686473
3,3,SO_OUT,SO_OUT,0.22032641,0.23236442,0.2303758,0.31693336
3,3,SO_OUT,SO_OUT,0.24278797,0.22135696,0.23539813,0.3004569
1,2,XBH,BB_HBP,0.2072305,0.27709478,0.28146774,0.23420702
0,1,SINGLE,XBH,0.251122,0.28627995,0.2132177,0.24938028
3,1,SO_OUT,XBH,0.29115856,0.29617837,0.17270285,0.23996027
3,2,SO_OUT,BB_HBP,0.21160737,0.2368233,0.27732843,0.27424085
2,2,BB_HBP,BB_HBP,0.17150128,0.25809965,0.32847017,0.24192882
3,1,SO_OUT,XBH,0.24673685,0.3067732,0.21997547,0.22651449
3,1,SO_OUT,XBH,0.19834019,0.30023658,0.29621652,0.2052067
0,0,SINGLE,SINGLE,0.26920694,0.2619073,0.21828854,0.25059724
2,1,BB_HBP,XBH,0.21210383,0.32846004,0.22394422,0.23549192
0,0,SINGLE,SINGLE,0.28735518,0.22906803,0.22172284,0.26185387
1,0,XBH,SINGLE,0.33370122,0.2486135,0.13680692,0.2808783
3,3,SO_OUT,SO_OUT,0.25617316,0.21676418,0.214651,0.3124117
3,0,SO_OUT,SINGLE,0.2875122,0.26863942,0.18053907,0.26330936
2,1,BB_HBP,XBH,0.24380589,0.3388014,0.1557534,0.26163927
3,1,SO_OUT,XBH,0.25767347,0.34113172,0.16004984,0.24114494
3,3,SO_OUT,SO_OUT,0.22000046,0.24440533,0.13676976,0.39882442
3,1,SO_OUT,XBH,0.23133437,0.35213414,0.20376076,0.21277076
3,1,SO_OUT,XBH,0.18104453,0.29829115,0.26067254,0.25999174
1,1,XBH,XBH,0.217584,0.37569904,0.22340143,0.18331553
3,1,SO_OUT,XBH,0.21962978,0.29773062,0.2682475,0.21439211
3,2,SO_OUT,BB_HBP,0.22233085,0.2750068,0.30091113,0.2017512
3,1,SO_OUT,XBH,0.26789927,0.33454302,0.1702805,0.22727717
3,1,SO_OUT,XBH,0.25548732,0.2964665,0.17491314,0.27313304
3,1,SO_OUT,XBH,0.2732988,0.30467764,0.15776354,0.26426008
2,3,BB_HBP,SO_OUT,0.20442949,0.2788003,0.23054136,0.2862288
3,0,SO_OUT,SINGLE,0.27009743,0.25730643,0.21456368,0.25803238
1,1,XBH,XBH,0.23241186,0.2822856,0.22082128,0.2644812
0,0,SINGLE,SINGLE,0.37534204,0.17072412,0.20150974,0.25242403
0,3,SINGLE,SO_OUT,0.2687948,0.24897537,0.18414305,0.29808673
0,3,SINGLE,SO_OUT,0.29994416,0.2058815,0.16681165,0.3273627
3,3,SO_OUT,SO_OUT,0.2408574,0.20367144,0.21523589,0.34023532
3,3,SO_OUT,SO_OUT,0.20839503,0.2182476,0.22979312,0.3435642
3,3,SO_OUT,SO_OUT,0.21737877,0.26345193,0.23454545,0.28462383
2,1,BB_HBP,XBH,0.22725573,0.3365531,0.23202363,0.20416754
3,0,SO_OUT,SINGLE,0.26448876,0.25568116,0.24527162,0.23455855
3,0,SO_OUT,SINGLE,0.27346376,0.25233307,0.21320543,0.26099777
3,3,SO_OUT,SO_OUT,0.23853435,0.21400459,0.17212085,0.37534016
3,1,SO_OUT,XBH,0.17177264,0.30512932,0.25788862,0.26520935
0,0,SINGLE,SINGLE,0.2737685,0.2532432,0.2434332,0.22955512
3,0,SO_OUT,SINGLE,0.29238367,0.2718426,0.23563361,0.20014013
3,2,SO_OUT,BB_HBP,0.19068399,0.22894199,0.35316557,0.22720852
3,3,SO_OUT,SO_OUT,0.268469,0.19551297,0.21440665,0.32161134
3,0,SO_OUT,SINGLE,0.29373756,0.27209845,0.18739767,0.24676633
0,1,SINGLE,XBH,0.24663241,0.28902942,0.20867145,0.2556668
3,1,SO_OUT,XBH,0.24870245,0.27697992,0.22980027,0.2445173
3,2,SO_OUT,BB_HBP,0.18994558,0.24906301,0.29143202,0.26955938
3,1,SO_OUT,XBH,0.2500134,0.2602037,0.2504482,0.23933473
3,2,SO_OUT,BB_HBP,0.23503871,0.1946092,0.30922735,0.2611247
3,3,SO_OUT,SO_OUT,0.23114836,0.21791,0.27364263,0.27729893
2,2,BB_HBP,BB_HBP,0.22649986,0.23001519,0.33906868,0.20441629
3,2,SO_OUT,BB_HBP,0.22318834,0.17685504,0.32361913,0.27633747
3,3,SO_OUT,SO_OUT,0.21927875,0.25015712,0.24679637,0.2837678
3,2,SO_OUT,BB_HBP,0.23344599,0.22451316,0.3041079,0.23793298
3,3,SO_OUT,SO_OUT,0.22099215,0.25370726,0.26019585,0.2651048
3,1,SO_OUT,XBH,0.2500776,0.27041942,0.2615144,0.2179886
3,0,SO_OUT,SINGLE,0.30278465,0.26639375,0.2061114,0.22471009
3,1,SO_OUT,XBH,0.2812271,0.2845332,0.1941219,0.2401178
3,0,SO_OUT,SINGLE,0.29009452,0.25119728,0.2154539,0.24325424
3,3,SO_OUT,SO_OUT,0.22655484,0.25541928,0.2327779,0.28524795
3,2,SO_OUT,BB_HBP,0.2519439,0.20519023,0.310824,0.23204187
3,0,SO_OUT,SINGLE,0.30819827,0.3047986,0.19612084,0.19088228
3,0,SO_OUT,SINGLE,0.30956438,0.2980709,0.19446352,0.19790114
0,1,SINGLE,XBH,0.21315524,0.3190394,0.2935222,0.1742831
3,0,SO_OUT,SINGLE,0.33027396,0.24376312,0.22618195,0.19978097
2,2,BB_HBP,BB_HBP,0.2164852,0.26334244,0.30286962,0.21730267
3,1,SO_OUT,XBH,0.2803455,0.28287694,0.21876882,0.21800877
0,3,SINGLE,SO_OUT,0.23948091,0.2062554,0.25676873,0.29749492
3,1,SO_OUT,XBH,0.2457996,0.27470374,0.20712788,0.27236885
3,1,SO_OUT,XBH,0.27626398,0.29679924,0.1841363,0.24280049
3,1,SO_OUT,XBH,0.24093969,0.32652017,0.2029147,0.22962543
3,0,SO_OUT,SINGLE,0.27644783,0.26501665,0.2202301,0.23830539
3,1,SO_OUT,XBH,0.2747425,0.27696782,0.27353266,0.174757
3,3,SO_OUT,SO_OUT,0.26221672,0.16165662,0.26574236,0.3103843
3,2,SO_OUT,BB_HBP,0.2654813,0.21923587,0.2774702,0.23781262
3,0,SO_OUT,SINGLE,0.29034743,0.26207134,0.18660283,0.26097843
0,1,SINGLE,XBH,0.31688818,0.31743798,0.1571695,0.20850444
3,0,SO_OUT,SINGLE,0.33399004,0.2546248,0.1941379,0.21724722
3,1,SO_OUT,XBH,0.23516497,0.32815915,0.2215654,0.21511048
3,2,SO_OUT,BB_HBP,0.21210831,0.27029088,0.27604443,0.24155632
3,1,SO_OUT,XBH,0.22463885,0.3605281,0.23442446,0.18040867
3,2,SO_OUT,BB_HBP,0.21793737,0.24961555,0.349785,0.18266208
3,1,SO_OUT,XBH,0.18996215,0.31638363,0.3081706,0.18548366
3,1,SO_OUT,XBH,0.25672114,0.26797393,0.21667887,0.25862607
3,3,SO_OUT,SO_OUT,0.26777288,0.2501683,0.2046483,0.2774105
3,3,SO_OUT,SO_OUT,0.25915736,0.18837129,0.19537012,0.35710117
0,2,SINGLE,BB_HBP,0.26747748,0.25770125,0.31132975,0.16349158
3,1,SO_OUT,XBH,0.23725015,0.3098981,0.25669622,0.19615561
3,2,SO_OUT,BB_HBP,0.23048486,0.22972152,0.33168834,0.20810528
3,0,SO_OUT,SINGLE,0.31350216,0.21930002,0.214394,0.2528038
2,2,BB_HBP,BB_HBP,0.24088928,0.235085,0.27176958,0.25225616
3,0,SO_OUT,SINGLE,0.2862077,0.23088716,0.21749996,0.26540515
0,0,SINGLE,SINGLE,0.27977252,0.21182282,0.27535808,0.23304664
3,2,SO_OUT,BB_HBP,0.18172023,0.2682264,0.32396,0.22609343
0,1,SINGLE,XBH,0.23141588,0.30331796,0.20934813,0.25591806
3,2,SO_OUT,BB_HBP,0.25526255,0.18663521,0.29657567,0.26152658
3,3,SO_OUT,SO_OUT,0.17809933,0.2985518,0.20479417,0.3185547
3,2,SO_OUT,BB_HBP,0.27397692,0.24072485,0.2762482,0.2090501
3,1,SO_OUT,XBH,0.27254117,0.3254012,0.16865225,0.23340544
3,2,SO_OUT,BB_HBP,0.2786279,0.25057524,0.28913915,0.18165775
3,1,SO_OUT,XBH,0.2301737,0.2780278,0.225651,0.26614743
3,2,SO_OUT,BB_HBP,0.23840044,0.20132944,0.2962786,0.26399148
3,3,SO_OUT,SO_OUT,0.24530181,0.24428096,0.23484285,0.2755744
3,3,SO_OUT,SO_OUT,0.22085786,0.23923108,0.22660644,0.31330463
3,3,SO_OUT,SO_OUT,0.23706621,0.17444007,0.28160685,0.30688685
3,1,SO_OUT,XBH,0.23248008,0.27214703,0.2706162,0.2247567
3,2,SO_OUT,BB_HBP,0.17670064,0.22876191,0.32950366,0.2650338
3,2,SO_OUT,BB_HBP,0.22538899,0.17691979,0.3506527,0.24703857
3,0,SO_OUT,SINGLE,0.27784893,0.22846356,0.2553771,0.23831038
1,2,XBH,BB_HBP,0.2026065,0.23078282,0.29586485,0.27074578
3,3,SO_OUT,SO_OUT,0.22355908,0.1926513,0.28299233,0.30079728
3,3,SO_OUT,SO_OUT,0.25386247,0.24573869,0.18826163,0.3121372
0,1,SINGLE,XBH,0.25657508,0.30304804,0.23705849,0.20331836
3,2,SO_OUT,BB_HBP,0.26843044,0.24299304,0.270256,0.21832052
3,2,SO_OUT,BB_HBP,0.20547864,0.18205403,0.38972726,0.2227401
3,3,SO_OUT,SO_OUT,0.27125815,0.19816379,0.24331588,0.28726217
3,0,SO_OUT,SINGLE,0.27956134,0.2019857,0.26320142,0.25525153
3,3,SO_OUT,SO_OUT,0.22793958,0.24157727,0.26408008,0.26640308
3,2,SO_OUT,BB_HBP,0.20034096,0.28242025,0.30709448,0.2101443
3,0,SO_OUT,SINGLE,0.29070094,0.21252985,0.21260065,0.28416857
3,3,SO_OUT,SO_OUT,0.23973782,0.21293151,0.21355157,0.3337791
3,2,SO_OUT,BB_HBP,0.27322713,0.20961747,0.3278837,0.1892716
3,1,SO_OUT,XBH,0.21514855,0.3316014,0.2551547,0.19809526
3,2,SO_OUT,BB_HBP,0.230677,0.2822653,0.31572354,0.17133422
2,0,BB_HBP,SINGLE,0.2923091,0.24278334,0.23491694,0.22999068
0,2,SINGLE,BB_HBP,0.23730452,0.22382894,0.33558398,0.2032826
0,2,SINGLE,BB_HBP,0.20069616,0.31173366,0.3239646,0.16360557
3,2,SO_OUT,BB_HBP,0.2600743,0.19470741,0.31604776,0.2291705
2,2,BB_HBP,BB_HBP,0.28444764,0.23412573,0.29522184,0.18620479
3,0,SO_OUT,SINGLE,0.3310838,0.24667478,0.1921692,0.2300722
3,0,SO_OUT,SINGLE,0.31727433,0.26035723,0.19902404,0.22334442
3,0,SO_OUT,SINGLE,0.31306934,0.21118376,0.22872528,0.24702154
3,2,SO_OUT,BB_HBP,0.20927876,0.29739693,0.31843412,0.17489022
3,0,SO_OUT,SINGLE,0.28739494,0.25700718,0.25688046,0.19871731
3,2,SO_OUT,BB_HBP,0.2163658,0.21794038,0.34854916,0.21714468
1,1,XBH,XBH,0.28221488,0.2972343,0.20070206,0.21984875
3,1,SO_OUT,XBH,0.2879388,0.31044233,0.22775955,0.17385928
3,0,SO_OUT,SINGLE,0.2983732,0.22967574,0.22997233,0.24197876
3,2,SO_OUT,BB_HBP,0.2456053,0.21501209,0.27211407,0.2672686
2,1,BB_HBP,XBH,0.26791424,0.31031317,0.21626222,0.20551027
2,1,BB_HBP,XBH,0.24554159,0.25427255,0.2528323,0.24735355
3,2,SO_OUT,BB_HBP,0.28599256,0.18742225,0.3391777,0.1874075
0,0,SINGLE,SINGLE,0.2809885,0.27492955,0.22351123,0.2205707
3,3,SO_OUT,SO_OUT,0.2344875,0.27041668,0.19241144,0.30268443
3,2,SO_OUT,BB_HBP,0.21230476,0.20734987,0.3099711,0.27037424
0,0,SINGLE,SINGLE,0.3280792,0.25615606,0.2033594,0.21240535
0,0,SINGLE,SINGLE,0.2790896,0.2630799,0.19977221,0.25805837
3,0,SO_OUT,SINGLE,0.3043799,0.23054096,0.24216907,0.22291005
3,0,SO_OUT,SINGLE,0.2866516,0.24288864,0.2258394,0.24462026
3,1,SO_OUT,XBH,0.273329,0.29029766,0.19486901,0.24150437
3,1,SO_OUT,XBH,0.26438323,0.33544365,0.19479284,0.20538034
3,1,SO_OUT,XBH,0.25519347,0.35496894,0.21381672,0.17602096
1,1,XBH,XBH,0.1984864,0.29657486,0.29246047,0.2124783
3,3,SO_OUT,SO_OUT,0.24100094,0.280573,0.17501743,0.3034086
3,3,SO_OUT,SO_OUT,0.18514085,0.21395887,0.2358257,0.36507466
0,0,SINGLE,SINGLE,0.27993354,0.26974747,0.1725509,0.27776816
3,1,SO_OUT,XBH,0.18814483,0.34416988,0.24100575,0.22667955
3,1,SO_OUT,XBH,0.15650661,0.35782996,0.25220278,0.23346052
3,3,SO_OUT,SO_OUT,0.21669269,0.2605528,0.23702903,0.28572547
3,2,SO_OUT,BB_HBP,0.26899034,0.22343971,0.31938863,0.18818137
3,0,SO_OUT,SINGLE,0.28487155,0.21945366,0.2698068,0.22586803
3,2,SO_OUT,BB_HBP,0.24028543,0.20828666,0.27674988,0.274678
3,1,SO_OUT,XBH,0.24717554,0.26085928,0.24516346,0.2468018
3,3,SO_OUT,SO_OUT,0.26425746,0.28122106,0.16539007,0.2891314
3,2,SO_OUT,BB_HBP,0.22132005,0.24926423,0.31837714,0.2110386
1,1,XBH,XBH,0.19186379,0.3250848,0.22989288,0.25315857
3,3,SO_OUT,SO_OUT,0.23546867,0.16485266,0.27428457,0.32539406
3,1,SO_OUT,XBH,0.19966035,0.32749358,0.24058355,0.2322625
3,1,SO_OUT,XBH,0.1959996,0.3176683,0.2656203,0.22071184
3,0,SO_OUT,SINGLE,0.2821962,0.21982722,0.22610004,0.27187654
3,2,SO_OUT,BB_HBP,0.23612303,0.19854543,0.3415487,0.2237828
1,1,XBH,XBH,0.19744907,0.34319678,0.2230653,0.23628883
3,1,SO_OUT,XBH,0.17058642,0.3560337,0.25959826,0.21378154
3,2,SO_OUT,BB_HBP,0.2194114,0.28022486,0.28417188,0.21619187
3,2,SO_OUT,BB_HBP,0.17074905,0.3285145,0.33106467,0.16967186
0,0,SINGLE,SINGLE,0.30689606,0.18556044,0.2610148,0.2465287
0,2,SINGLE,BB_HBP,0.20299134,0.23912181,0.28188717,0.27599964
3,2,SO_OUT,BB_HBP,0.22807996,0.2508004,0.35283986,0.16827977
1,0,XBH,SINGLE,0.28207463,0.25919902,0.21616444,0.242562
2,1,BB_HBP,XBH,0.14894542,0.40813324,0.26053053,0.18239084
0,3,SINGLE,SO_OUT,0.2560241,0.2051237,0.17933555,0.35951665
3,0,SO_OUT,SINGLE,0.29002795,0.21859321,0.25158775,0.23979111
0,0,SINGLE,SINGLE,0.3165943,0.22863689,0.23059487,0.22417384
3,1,SO_OUT,XBH,0.18466638,0.35052547,0.28709093,0.17771713
3,3,SO_OUT,SO_OUT,0.25602776,0.2404141,0.17918836,0.32436976
3,1,SO_OUT,XBH,0.26397225,0.29547533,0.1589316,0.2816208
1,1,XBH,XBH,0.20127587,0.3182206,0.1979935,0.28250998
3,1,SO_OUT,XBH,0.16479549,0.31904688,0.24922091,0.2669367
1,1,XBH,XBH,0.16692968,0.401078,0.26587698,0.1661153
3,0,SO_OUT,SINGLE,0.28168908,0.27603158,0.24135591,0.20092344
3,2,SO_OUT,BB_HBP,0.20366734,0.26476994,0.34420782,0.18735486
1,1,XBH,XBH,0.2249253,0.27706325,0.27237764,0.22563383
3,2,SO_OUT,BB_HBP,0.20308599,0.23727281,0.33979443,0.21984681
3,1,SO_OUT,XBH,0.2255976,0.34109166,0.16022721,0.27308357
3,1,SO_OUT,XBH,0.17640558,0.36759108,0.21015178,0.24585158
3,3,SO_OUT,SO_OUT,0.23627949,0.24523696,0.22188316,0.2966004
2,0,BB_HBP,SINGLE,0.2842667,0.24715053,0.25041813,0.2181646
3,0,SO_OUT,SINGLE,0.33723146,0.22588295,0.21284422,0.22404142
3,1,SO_OUT,XBH,0.17962535,0.34217116,0.28217286,0.19603057
3,3,SO_OUT,SO_OUT,0.18698998,0.20995004,0.22106461,0.38199532
3,3,SO_OUT,SO_OUT,0.25284326,0.2234063,0.22470212,0.29904836
3,3,SO_OUT,SO_OUT,0.23582132,0.19244492,0.23614801,0.3355857
3,3,SO_OUT,SO_OUT,0.23727718,0.21002656,0.1634576,0.38923863
3,0,SO_OUT,SINGLE,0.35452628,0.16514274,0.22885422,0.25147673
3,2,SO_OUT,BB_HBP,0.23352121,0.20354931,0.29285547,0.27007395
2,2,BB_HBP,BB_HBP,0.21843424,0.2531493,0.31601658,0.21239981
3,2,SO_OUT,BB_HBP,0.20694679,0.16135372,0.36613557,0.26556388
3,3,SO_OUT,SO_OUT,0.26599193,0.25484052,0.16183876,0.31732878
1,1,XBH,XBH,0.20515561,0.3319474,0.20134963,0.2615474
0,3,SINGLE,SO_OUT,0.23522276,0.27241462,0.21848424,0.27387837
0,3,SINGLE,SO_OUT,0.23758483,0.22534572,0.18923289,0.34783655
0,3,SINGLE,SO_OUT,0.24866764,0.21731478,0.23222204,0.30179548
3,3,SO_OUT,SO_OUT,0.24639706,0.17194718,0.17421047,0.40744528
3,1,SO_OUT,XBH,0.2501999,0.29528663,0.23801833,0.21649514
3,1,SO_OUT,XBH,0.23106281,0.36344585,0.2069715,0.19851987
2,1,BB_HBP,XBH,0.22291584,0.33647743,0.21681623,0.22379047
3,0,SO_OUT,SINGLE,0.35337222,0.27148458,0.14493151,0.23021172
3,0,SO_OUT,SINGLE,0.31811553,0.26144922,0.14954142,0.2708938
3,1,SO_OUT,XBH,0.20516825,0.32375813,0.1950883,0.2759852
3,1,SO_OUT,XBH,0.22501528,0.3723432,0.21183433,0.19080721
3,2,SO_OUT,BB_HBP,0.22078544,0.2651018,0.30082473,0.21328802
3,0,SO_OUT,SINGLE,0.27754092,0.23665428,0.24332477,0.24248
3,1,SO_OUT,XBH,0.25376973,0.3024551,0.19226201,0.25151318
3,3,SO_OUT,SO_OUT,0.2798371,0.2489737,0.15712824,0.31406105
3,3,SO_OUT,SO_OUT,0.25329563,0.26107013,0.20597018,0.279664
3,1,SO_OUT,XBH,0.21008578,0.3181292,0.2811115,0.1906735
3,2,SO_OUT,BB_HBP,0.24308963,0.2710577,0.2970902,0.18876247
3,1,SO_OUT,XBH,0.23782483,0.29396448,0.2873542,0.18085647
0,2,SINGLE,BB_HBP,0.22971956,0.18099363,0.3364225,0.2528643
3,1,SO_OUT,XBH,0.3026964,0.30855557,0.1639553,0.22479275
3,0,SO_OUT,SINGLE,0.31965175,0.27728653,0.14276974,0.26029202
3,2,SO_OUT,BB_HBP,0.22123832,0.22045249,0.37116712,0.18714203
3,2,SO_OUT,BB_HBP,0.21525228,0.26300076,0.27924493,0.24250196
3,2,SO_OUT,BB_HBP,0.2003312,0.26832753,0.3061596,0.22518174
3,2,SO_OUT,BB_HBP,0.25697362,0.18166438,0.28459847,0.27676353
3,3,SO_OUT,SO_OUT,0.27550656,0.18941481,0.17760864,0.35746992
0,3,SINGLE,SO_OUT,0.22818357,0.19263214,0.24493535,0.334249
3,3,SO_OUT,SO_OUT,0.2546578,0.13391237,0.29534563,0.31608418
0,2,SINGLE,BB_HBP,0.24152222,0.23860727,0.27990496,0.23996556
3,2,SO_OUT,BB_HBP,0.2642779,0.21430653,0.27891058,0.24250494
3,2,SO_OUT,BB_HBP,0.16039057,0.26707855,0.3399735,0.2325574
3,1,SO_OUT,XBH,0.24226561,0.30378753,0.21413344,0.23981342
3,1,SO_OUT,XBH,0.1928889,0.31795347,0.2752134,0.21394429
1,2,XBH,BB_HBP,0.23910306,0.2443226,0.2590196,0.25755477
2,1,BB_HBP,XBH,0.20286663,0.28152514,0.26889217,0.24671608
3,3,SO_OUT,SO_OUT,0.2693338,0.17328738,0.26408198,0.29329684
3,2,SO_OUT,BB_HBP,0.23158737,0.24882951,0.28631955,0.23326355
0,2,SINGLE,BB_HBP,0.24509676,0.25559697,0.26546696,0.23383935
3,2,SO_OUT,BB_HBP,0.25046438,0.23435701,0.264705,0.25047368
3,2,SO_OUT,BB_HBP,0.21248242,0.1981666,0.3074415,0.2819094
3,0,SO_OUT,SINGLE,0.31610996,0.26432285,0.14323317,0.27633402
3,3,SO_OUT,SO_OUT,0.2693756,0.24370189,0.1510838,0.33583876
0,0,SINGLE,SINGLE,0.31220672,0.25563195,0.16388781,0.26827353
3,0,SO_OUT,SINGLE,0.3198165,0.21727325,0.18934058,0.27356958
3,2,SO_OUT,BB_HBP,0.23936504,0.17652456,0.32408154,0.26002884
3,1,SO_OUT,XBH,0.21287026,0.34842503,0.22166936,0.21703535
2,2,BB_HBP,BB_HBP,0.24159007,0.23493226,0.31323862,0.21023908
0,2,SINGLE,BB_HBP,0.26160192,0.18745494,0.3137413,0.23720182
3,2,SO_OUT,BB_HBP,0.18489327,0.25131175,0.3350821,0.22871281
1,2,XBH,BB_HBP,0.2183561,0.2071727,0.31317824,0.26129302
2,3,BB_HBP,SO_OUT,0.24807815,0.24451093,0.20542267,0.3019882
0,1,SINGLE,XBH,0.19857013,0.29896706,0.26879796,0.23366484
3,1,SO_OUT,XBH,0.22566679,0.33982998,0.23553269,0.19897054
3,0,SO_OUT,SINGLE,0.26988173,0.26407364,0.21116084,0.25488377
3,0,SO_OUT,SINGLE,0.33543888,0.21520934,0.18858936,0.26076242
3,2,SO_OUT,BB_HBP,0.25601423,0.22311327,0.27840775,0.24246472
3,3,SO_OUT,SO_OUT,0.23196532,0.23936658,0.25860193,0.2700661
3,3,SO_OUT,SO_OUT,0.21159075,0.27181593,0.21741617,0.2991771
3,0,SO_OUT,SINGLE,0.28798705,0.25813094,0.19987151,0.2540105
2,0,BB_HBP,SINGLE,0.2673757,0.21423121,0.252927,0.26546606
3,1,SO_OUT,XBH,0.24974853,0.27706644,0.24851385,0.22467113
0,2,SINGLE,BB_HBP,0.254265,0.24875556,0.27327707,0.22370234
3,2,SO_OUT,BB_HBP,0.21425545,0.16672641,0.3188354,0.30018273
3,3,SO_OUT,SO_OUT,0.22699441,0.19991477,0.2712967,0.30179414
0,3,SINGLE,SO_OUT,0.25047222,0.2167848,0.22039339,0.31234962
3,0,SO_OUT,SINGLE,0.31797293,0.23101701,0.19661753,0.25439253
3,0,SO_OUT,SINGLE,0.3488138,0.21786934,0.19885269,0.23446418
3,1,SO_OUT,XBH,0.25048932,0.28063112,0.21724273,0.25163683
3,1,SO_OUT,XBH,0.24705827,0.34603935,0.18557523,0.22132711
3,1,SO_OUT,XBH,0.25817534,0.29977167,0.2083535,0.23369949
3,0,SO_OUT,SINGLE,0.25899005,0.2550373,0.23269601,0.25327665
3,2,SO_OUT,BB_HBP,0.21377064,0.2301083,0.2794739,0.2766471
3,0,SO_OUT,SINGLE,0.28237063,0.19886024,0.24911763,0.26965156
3,2,SO_OUT,BB_HBP,0.2505655,0.24936047,0.29528356,0.2047904
2,2,BB_HBP,BB_HBP,0.21602784,0.2324436,0.3009091,0.25061947
2,0,BB_HBP,SINGLE,0.30644366,0.28813043,0.16022208,0.24520382
0,0,SINGLE,SINGLE,0.34327063,0.22459818,0.2634596,0.16867153
3,1,SO_OUT,XBH,0.2596007,0.30426744,0.21934052,0.21679133
3,0,SO_OUT,SINGLE,0.36859795,0.17785281,0.20538922,0.24816005
0,0,SINGLE,SINGLE,0.31747782,0.23130833,0.21308516,0.23812863
3,3,SO_OUT,SO_OUT,0.24274436,0.24931027,0.12712105,0.38082433
3,1,SO_OUT,XBH,0.23846139,0.33823708,0.16470374,0.25859782
2,0,BB_HBP,SINGLE,0.32995835,0.27251285,0.16841711,0.2291117
0,1,SINGLE,XBH,0.28361288,0.2972542,0.16439418,0.25473875
3,0,SO_OUT,SINGLE,0.26992443,0.21677065,0.25621197,0.257093
0,1,SINGLE,XBH,0.22481883,0.29470825,0.24373165,0.23674129
3,1,SO_OUT,XBH,0.25700024,0.28857946,0.23251618,0.22190407
3,1,SO_OUT,XBH,0.22571628,0.31639025,0.25597972,0.20191376
3,1,SO_OUT,XBH,0.23616455,0.3090746,0.20736453,0.2473962
3,0,SO_OUT,SINGLE,0.29586822,0.28476086,0.16264635,0.25672463
0,0,SINGLE,SINGLE,0.29900867,0.2616581,0.16470483,0.2746284
3,0,SO_OUT,SINGLE,0.30242032,0.2813195,0.14854206,0.2677181
3,1,SO_OUT,XBH,0.21646444,0.29712483,0.2309789,0.2554317
3,0,SO_OUT,SINGLE,0.2984746,0.18753481,0.26203224,0.25195837
3,0,SO_OUT,SINGLE,0.27155647,0.2554204,0.25069112,0.22233206
3,1,SO_OUT,XBH,0.26930913,0.32638857,0.2413218,0.16298041
3,2,SO_OUT,BB_HBP,0.22941618,0.23665175,0.34251145,0.19142058
2,2,BB_HBP,BB_HBP,0.22648054,0.2317612,0.35618916,0.1855691
3,2,SO_OUT,BB_HBP,0.20701355,0.27367,0.28581175,0.23350476
3,2,SO_OUT,BB_HBP,0.20382841,0.21490395,0.3352194,0.24604817
0,2,SINGLE,BB_HBP,0.18229163,0.23033507,0.3742325,0.21314086
3,3,SO_OUT,SO_OUT,0.18878102,0.23532982,0.22498775,0.35090142
3,0,SO_OUT,SINGLE,0.33300743,0.19472869,0.21101083,0.26125312
3,0,SO_OUT,SINGLE,0.26928815,0.2236144,0.24239275,0.26470467
2,2,BB_HBP,BB_HBP,0.23213536,0.24491681,0.31524104,0.20770688
3,2,SO_OUT,BB_HBP,0.18265726,0.22164582,0.3028292,0.2928677
2,3,BB_HBP,SO_OUT,0.21961482,0.23275414,0.271193,0.27643803
0,3,SINGLE,SO_OUT,0.20746885,0.29588825,0.18251245,0.31413043
3,3,SO_OUT,SO_OUT,0.28542775,0.23583731,0.18871748,0.29001743
3,0,SO_OUT,SINGLE,0.30768707,0.29154235,0.15787916,0.24289143
3,1,SO_OUT,XBH,0.20224075,0.30805004,0.24927044,0.2404388
3,3,SO_OUT,SO_OUT,0.25466627,0.26400286,0.20450756,0.27682325
3,1,SO_OUT,XBH,0.22369409,0.32270068,0.18967965,0.26392558
3,2,SO_OUT,BB_HBP,0.18075141,0.27813062,0.28895548,0.2521624
3,1,SO_OUT,XBH,0.17561957,0.3033117,0.26945364,0.25161502
1,3,XBH,SO_OUT,0.24729483,0.2162911,0.26330507,0.27310905
3,0,SO_OUT,SINGLE,0.29142812,0.23924915,0.19084412,0.27847856
1,0,XBH,SINGLE,0.303332,0.25317422,0.15339799,0.2900958
3,3,SO_OUT,SO_OUT,0.25825834,0.23967972,0.24208622,0.2599757
3,1,SO_OUT,XBH,0.20633465,0.2652595,0.2649026,0.26350325
3,2,SO_OUT,BB_HBP,0.23344634,0.26105213,0.31361407,0.19188745
3,3,SO_OUT,SO_OUT,0.21855627,0.17148413,0.27755448,0.33240518
1,2,XBH,BB_HBP,0.21632181,0.20889479,0.29053956,0.28424385
3,0,SO_OUT,SINGLE,0.34784594,0.2632603,0.1607642,0.22812955
0,3,SINGLE,SO_OUT,0.24089141,0.21360445,0.25357202,0.2919321
3,2,SO_OUT,BB_HBP,0.2505727,0.1950039,0.30108,0.2533435
3,3,SO_OUT,SO_OUT,0.19885989,0.24652329,0.22580259,0.3288142
3,2,SO_OUT,BB_HBP,0.1869566,0.2662414,0.31536496,0.231437
3,0,SO_OUT,SINGLE,0.27652714,0.25971672,0.20212248,0.26163372
2,2,BB_HBP,BB_HBP,0.259774,0.18761934,0.28652737,0.26607922
3,1,SO_OUT,XBH,0.24625248,0.31292298,0.18869229,0.2521322
3,1,SO_OUT,XBH,0.25428352,0.3089475,0.20533104,0.23143797
0,0,SINGLE,SINGLE,0.32866606,0.23070332,0.1819265,0.25870407
3,0,SO_OUT,SINGLE,0.31618792,0.21359995,0.18815798,0.2820541
3,1,SO_OUT,XBH,0.28193507,0.31035078,0.16159607,0.24611807
3,0,SO_OUT,SINGLE,0.3244853,0.24877815,0.19557081,0.23116581
3,2,SO_OUT,BB_HBP,0.19706264,0.17605856,0.33741847,0.28946036
2,3,BB_HBP,SO_OUT,0.2056373,0.19526473,0.29548082,0.3036172
3,1,SO_OUT,XBH,0.23055659,0.29491252,0.23282348,0.24170744
2,3,BB_HBP,SO_OUT,0.2517524,0.25785354,0.2259122,0.2644818
3,1,SO_OUT,XBH,0.24429011,0.28182817,0.2460606,0.22782111
2,1,BB_HBP,XBH,0.24052483,0.31210908,0.23503593,0.21233012
0,0,SINGLE,SINGLE,0.3022153,0.244169,0.2408368,0.21277891
3,2,SO_OUT,BB_HBP,0.25858542,0.19958676,0.30322987,0.23859794
3,1,SO_OUT,XBH,0.22959036,0.300457,0.22678898,0.2431637
0,1,SINGLE,XBH,0.27645352,0.28635877,0.19556744,0.24162018
3,1,SO_OUT,XBH,0.22794074,0.3150601,0.19792815,0.25907102
3,3,SO_OUT,SO_OUT,0.22330111,0.21467099,0.2745748,0.28745314
0,3,SINGLE,SO_OUT,0.22650649,0.252109,0.21958604,0.3017985
3,0,SO_OUT,SINGLE,0.34300482,0.22761877,0.15824017,0.27113634
3,0,SO_OUT,SINGLE,0.34265873,0.28203157,0.14443113,0.2308785
3,0,SO_OUT,SINGLE,0.3122566,0.20354134,0.22166097,0.26254112
3,1,SO_OUT,XBH,0.24457328,0.27192554,0.22736074,0.25614047
3,0,SO_OUT,SINGLE,0.33399788,0.21335696,0.18391296,0.26873222
3,3,SO_OUT,SO_OUT,0.2635958,0.24129462,0.21608473,0.27902484
3,1,SO_OUT,XBH,0.2746205,0.2970941,0.15515453,0.27313086
0,1,SINGLE,XBH,0.25174794,0.29117075,0.20744447,0.24963687
0,0,SINGLE,SINGLE,0.3288765,0.22508143,0.22521752,0.2208246
3,1,SO_OUT,XBH,0.28613746,0.30393177,0.17132393,0.23860683
3,3,SO_OUT,SO_OUT,0.18564206,0.2844739,0.23906617,0.29081792
0,1,SINGLE,XBH,0.3182958,0.31862578,0.16531567,0.19776277
2,1,BB_HBP,XBH,0.2610194,0.37533695,0.17411077,0.18953288
3,0,SO_OUT,SINGLE,0.2930328,0.20087604,0.26330605,0.24278517
3,3,SO_OUT,SO_OUT,0.26187688,0.26022223,0.2026109,0.27528992
3,1,SO_OUT,XBH,0.23358724,0.30917126,0.23138054,0.22586098
0,0,SINGLE,SINGLE,0.28550372,0.260278,0.2598539,0.19436437
3,2,SO_OUT,BB_HBP,0.19980772,0.26418945,0.3088854,0.22711742
2,2,BB_HBP,BB_HBP,0.25163975,0.22925906,0.2689943,0.25010678
3,3,SO_OUT,SO_OUT,0.22252066,0.2621153,0.24410754,0.27125654
3,0,SO_OUT,SINGLE,0.27012345,0.24450709,0.24205169,0.24331783
3,0,SO_OUT,SINGLE,0.27785125,0.20757797,0.23829314,0.27627766
3,0,SO_OUT,SINGLE,0.30171064,0.24346618,0.17281857,0.28200462
3,0,SO_OUT,SINGLE,0.28837118,0.2627994,0.21391106,0.23491828
0,0,SINGLE,SINGLE,0.34692198,0.22949302,0.15474814,0.26883686
3,2,SO_OUT,BB_HBP,0.2523375,0.26318628,0.26784015,0.21663603
3,3,SO_OUT,SO_OUT,0.2884063,0.21768124,0.19340864,0.30050385
3,1,SO_OUT,XBH,0.20699829,0.31199494,0.23200326,0.24900357
3,0,SO_OUT,SINGLE,0.29739892,0.28565377,0.18772458,0.22922279
0,1,SINGLE,XBH,0.2758985,0.3671903,0.15930645,0.19760478
3,2,SO_OUT,BB_HBP,0.22619008,0.26423866,0.29570568,0.21386553
2,0,BB_HBP,SINGLE,0.3256739,0.18324399,0.21998167,0.27110043
3,1,SO_OUT,XBH,0.2588819,0.2695251,0.21223715,0.25935584
3,1,SO_OUT,XBH,0.22050709,0.30840078,0.2261655,0.24492668
2,0,BB_HBP,SINGLE,0.31754312,0.28817034,0.19251604,0.20177044
3,3,SO_OUT,SO_OUT,0.25407344,0.21522218,0.17942712,0.3512772
0,1,SINGLE,XBH,0.2234082,0.32102212,0.23681802,0.21875171
3,1,SO_OUT,XBH,0.19528347,0.27753454,0.26751947,0.25966254
3,3,SO_OUT,SO_OUT,0.26669148,0.20480664,0.23414704,0.2943549
3,1,SO_OUT,XBH,0.23469117,0.3015956,0.26251188,0.20120132
3,2,SO_OUT,BB_HBP,0.2589537,0.19661005,0.30086187,0.24357432
3,3,SO_OUT,SO_OUT,0.25587904,0.1664462,0.2885881,0.2890866
3,3,SO_OUT,SO_OUT,0.27793172,0.21199045,0.23031043,0.2797674
3,0,SO_OUT,SINGLE,0.34649155,0.20193733,0.20414017,0.247431
3,2,SO_OUT,BB_HBP,0.21477965,0.225755,0.3231845,0.23628078
3,0,SO_OUT,SINGLE,0.27010897,0.21963568,0.2602348,0.2500206
0,2,SINGLE,BB_HBP,0.20128645,0.2809889,0.31275377,0.20497091
3,1,SO_OUT,XBH,0.27556482,0.28261474,0.25098246,0.19083798
3,2,SO_OUT,BB_HBP,0.17255472,0.26622805,0.36950216,0.19171512
0,2,SINGLE,BB_HBP,0.1761514,0.19804725,0.40009868,0.22570266
3,2,SO_OUT,BB_HBP,0.17823192,0.2598012,0.36964798,0.19231884
3,2,SO_OUT,BB_HBP,0.27444422,0.19462158,0.33081573,0.2001185
3,1,SO_OUT,XBH,0.22315238,0.3051638,0.27188504,0.19979876
3,2,SO_OUT,BB_HBP,0.23311886,0.26068768,0.2967072,0.20948625
3,0,SO_OUT,SINGLE,0.28682408,0.22471102,0.28374106,0.20472388
3,2,SO_OUT,BB_HBP,0.22712657,0.198519,0.32797775,0.24637674
3,2,SO_OUT,BB_HBP,0.25241527,0.23281701,0.25814462,0.25662315
0,3,SINGLE,SO_OUT,0.26809087,0.21199867,0.24686038,0.27305013
3,2,SO_OUT,BB_HBP,0.22882402,0.22360718,0.29056817,0.25700065
2,2,BB_HBP,BB_HBP,0.27255738,0.21965837,0.28286064,0.22492366
3,2,SO_OUT,BB_HBP,0.24119586,0.2371447,0.2722205,0.24943894
3,1,SO_OUT,XBH,0.23261897,0.25863788,0.25388214,0.25486103
3,0,SO_OUT,SINGLE,0.30669296,0.26019832,0.20949484,0.22361387
3,1,SO_OUT,XBH,0.22392672,0.28511167,0.2763335,0.21462804
3,2,SO_OUT,BB_HBP,0.25081393,0.2290501,0.28014088,0.2399951
3,1,SO_OUT,XBH,0.24132438,0.2777654,0.23099853,0.24991174
0,0,SINGLE,SINGLE,0.30935705,0.27024525,0.17453378,0.24586394
2,0,BB_HBP,SINGLE,0.29012224,0.2763295,0.17655955,0.2569887
3,0,SO_OUT,SINGLE,0.3232588,0.29463416,0.16882175,0.21328536
3,3,SO_OUT,SO_OUT,0.28804553,0.22772971,0.14847697,0.33574775
3,1,SO_OUT,XBH,0.24720548,0.300767,0.18544474,0.26658282
3,1,SO_OUT,XBH,0.24573912,0.28645712,0.27026853,0.19753522
3,0,SO_OUT,SINGLE,0.28096867,0.27680194,0.22849718,0.21373224
3,1,SO_OUT,XBH,0.2563826,0.30169094,0.24924909,0.19267735
3,2,SO_OUT,BB_HBP,0.2523075,0.26107198,0.27089623,0.21572433
2,1,BB_HBP,XBH,0.25839522,0.3011914,0.18364911,0.25676432
3,1,SO_OUT,XBH,0.24484338,0.30062032,0.20968129,0.24485499
3,0,SO_OUT,SINGLE,0.3138056,0.31226474,0.17110096,0.20282868
3,1,SO_OUT,XBH,0.29188335,0.30391863,0.20074068,0.2034574
3,0,SO_OUT,SINGLE,0.3470939,0.18632379,0.21053502,0.25604728
3,0,SO_OUT,SINGLE,0.31506732,0.27683574,0.2101501,0.19794683
3,3,SO_OUT,SO_OUT,0.2530813,0.26999408,0.1584527,0.31847194
3,0,SO_OUT,SINGLE,0.28846282,0.2830907,0.2013416,0.22710483
3,1,SO_OUT,XBH,0.27820876,0.30650216,0.19016987,0.22511925
3,0,SO_OUT,SINGLE,0.2906128,0.25070393,0.24985853,0.20882472
3,0,SO_OUT,SINGLE,0.30660412,0.24681596,0.20276035,0.2438196
3,0,SO_OUT,SINGLE,0.33145484,0.23230715,0.21938719,0.21685076
3,3,SO_OUT,SO_OUT,0.24770379,0.24889213,0.1805803,0.32282376
3,1,SO_OUT,XBH,0.21368031,0.3216906,0.19989116,0.2647379
1,1,XBH,XBH,0.2766072,0.28778931,0.20253073,0.23307285
3,1,SO_OUT,XBH,0.26495534,0.31178463,0.18197693,0.24128315
3,1,SO_OUT,XBH,0.22884862,0.31268275,0.25461972,0.20384885
3,1,SO_OUT,XBH,0.2665689,0.2891654,0.23307973,0.21118596
3,1,SO_OUT,XBH,0.23925227,0.33723718,0.24846922,0.17504133
3,3,SO_OUT,SO_OUT,0.2641787,0.22690749,0.17952748,0.32938638
3,1,SO_OUT,XBH,0.22810297,0.295334,0.22678204,0.24978103
3,2,SO_OUT,BB_HBP,0.24889323,0.24809797,0.27379656,0.22921225
3,3,SO_OUT,SO_OUT,0.2387726,0.1817701,0.25982815,0.31962913
3,0,SO_OUT,SINGLE,0.29261637,0.21423498,0.20475964,0.28838912
3,3,SO_OUT,SO_OUT,0.27475443,0.22729385,0.16275631,0.33519533
3,0,SO_OUT,SINGLE,0.35819528,0.24160643,0.1587138,0.24148448
2,1,BB_HBP,XBH,0.23797438,0.30461845,0.2386918,0.21871538
1,0,XBH,SINGLE,0.27673826,0.24501011,0.23765153,0.24060008
3,0,SO_OUT,SINGLE,0.28125066,0.2803674,0.1974161,0.24096586
0,1,SINGLE,XBH,0.29869696,0.31638256,0.16212884,0.22279154
3,1,SO_OUT,XBH,0.25485888,0.33819425,0.192538,0.21440889
3,2,SO_OUT,BB_HBP,0.21665725,0.2882665,0.30714405,0.18793224
3,0,SO_OUT,SINGLE,0.32354638,0.18673122,0.24190077,0.24782169
3,3,SO_OUT,SO_OUT,0.26350445,0.25816905,0.20113008,0.27719647
1,1,XBH,XBH,0.22224683,0.3050916,0.20466833,0.26799324
3,3,SO_OUT,SO_OUT,0.25883597,0.24838006,0.21770622,0.2750778
3,0,SO_OUT,SINGLE,0.28253412,0.27437344,0.17938581,0.2637066
3,0,SO_OUT,SINGLE,0.3014952,0.27246165,0.17089939,0.25514373
3,3,SO_OUT,SO_OUT,0.25685787,0.19585994,0.24821897,0.29906315
3,2,SO_OUT,BB_HBP,0.22593454,0.24289301,0.28025597,0.25091648
3,0,SO_OUT,SINGLE,0.26178506,0.23115402,0.2575439,0.249517
2,2,BB_HBP,BB_HBP,0.22193174,0.24179544,0.28849944,0.24777345
2,3,BB_HBP,SO_OUT,0.26154816,0.22628807,0.22195737,0.2902064
0,0,SINGLE,SINGLE,0.30347672,0.14525466,0.25023,0.3010386
3,3,SO_OUT,SO_OUT,0.23440582,0.25831088,0.24840759,0.25887567
3,0,SO_OUT,SINGLE,0.3196733,0.2341566,0.20352402,0.2426461
3,0,SO_OUT,SINGLE,0.3218139,0.2813492,0.18397951,0.21285735
2,0,BB_HBP,SINGLE,0.31519082,0.2211302,0.29820806,0.16547085
3,3,SO_OUT,SO_OUT,0.2525218,0.23019646,0.2522233,0.26505837
3,3,SO_OUT,SO_OUT,0.18388695,0.21302208,0.22749414,0.37559682
3,3,SO_OUT,SO_OUT,0.27516094,0.2488839,0.18787405,0.28808102
3,1,SO_OUT,XBH,0.21385227,0.29150268,0.22682376,0.2678213
3,0,SO_OUT,SINGLE,0.306566,0.23056978,0.1598779,0.30298635
2,0,BB_HBP,SINGLE,0.27106684,0.25456494,0.21089648,0.2634717
3,1,SO_OUT,XBH,0.26130223,0.28588462,0.20960122,0.2432119
0,0,SINGLE,SINGLE,0.28287327,0.2642913,0.1809845,0.2718509
3,1,SO_OUT,XBH,0.23743989,0.27960196,0.20412944,0.27882865
3,1,SO_OUT,XBH,0.22698061,0.27083698,0.23866218,0.26352015
0,3,SINGLE,SO_OUT,0.2753735,0.19146353,0.16755071,0.36561224
3,0,SO_OUT,SINGLE,0.35464618,0.15641485,0.16598716,0.32295182
3,3,SO_OUT,SO_OUT,0.30074948,0.19199388,0.18453126,0.32272545
3,3,SO_OUT,SO_OUT,0.23809923,0.15294698,0.29553854,0.31341523
3,3,SO_OUT,SO_OUT,0.26447538,0.12778103,0.2540085,0.3537351
3,3,SO_OUT,SO_OUT,0.27889043,0.19865732,0.201867,0.32058528
3,3,SO_OUT,SO_OUT,0.26034123,0.17186663,0.27814943,0.28964266
3,3,SO_OUT,SO_OUT,0.23713636,0.22235005,0.25569478,0.28481877
3,1,SO_OUT,XBH,0.23962148,0.30660963,0.22212847,0.23164044
0,0,SINGLE,SINGLE,0.30723238,0.25799817,0.17974637,0.25502312
1,1,XBH,XBH,0.21962477,0.34230417,0.2707715,0.16729954
1,2,XBH,BB_HBP,0.18969932,0.29251674,0.3444024,0.17338154
3,2,SO_OUT,BB_HBP,0.23966253,0.23220858,0.27445728,0.2536716
3,1,SO_OUT,XBH,0.1867334,0.32985815,0.28462294,0.19878556
3,1,SO_OUT,XBH,0.21974237,0.3159571,0.23333044,0.23097003
0,1,SINGLE,XBH,0.18273295,0.38655868,0.24204387,0.18866442
3,2,SO_OUT,BB_HBP,0.23692968,0.20903137,0.31476617,0.23927279
3,2,SO_OUT,BB_HBP,0.18580276,0.27517945,0.28907222,0.24994563
3,0,SO_OUT,SINGLE,0.2652502,0.23385738,0.24113542,0.25975692
3,3,SO_OUT,SO_OUT,0.2388517,0.20486492,0.25052878,0.30575457
1,1,XBH,XBH,0.1866268,0.40265483,0.18733095,0.22338742
3,1,SO_OUT,XBH,0.28706273,0.31957895,0.1867097,0.20664859
2,3,BB_HBP,SO_OUT,0.26169813,0.23490985,0.17445265,0.32893944
1,0,XBH,SINGLE,0.2722069,0.21575417,0.2708216,0.24121729
3,3,SO_OUT,SO_OUT,0.22091673,0.1945192,0.266972,0.31759202
3,1,SO_OUT,XBH,0.17846392,0.33679542,0.24097776,0.24376297
0,3,SINGLE,SO_OUT,0.2856312,0.20650636,0.17746302,0.33039933
3,0,SO_OUT,SINGLE,0.33690134,0.16882153,0.18600628,0.3082709
0,0,SINGLE,SINGLE,0.32744855,0.21359311,0.20837457,0.25058374
3,2,SO_OUT,BB_HBP,0.1949606,0.26474148,0.30520794,0.23508993
3,0,SO_OUT,SINGLE,0.2814801,0.27345598,0.22252493,0.22253904
3,0,SO_OUT,SINGLE,0.29474416,0.28148925,0.18394579,0.2398208
2,1,BB_HBP,XBH,0.17469122,0.39669687,0.2247121,0.2038998
3,3,SO_OUT,SO_OUT,0.25512174,0.21689564,0.18374102,0.3442415
3,2,SO_OUT,BB_HBP,0.22932662,0.25136876,0.2631232,0.2561814
3,1,SO_OUT,XBH,0.18570955,0.35879937,0.19970866,0.25578237
3,3,SO_OUT,SO_OUT,0.21633826,0.19975375,0.14850217,0.4354058
3,1,SO_OUT,XBH,0.2704987,0.31826147,0.19022296,0.2210169
2,0,BB_HBP,SINGLE,0.27436134,0.2717311,0.19215639,0.2617512
3,1,SO_OUT,XBH,0.25728673,0.2756268,0.22926594,0.23782058
3,3,SO_OUT,SO_OUT,0.22010152,0.20537633,0.1621896,0.4123326
3,3,SO_OUT,SO_OUT,0.28177354,0.22383618,0.14969634,0.3446939
0,0,SINGLE,SINGLE,0.34852898,0.19290203,0.16696388,0.29160511
3,0,SO_OUT,SINGLE,0.32586193,0.18778433,0.19432747,0.2920262
3,3,SO_OUT,SO_OUT,0.24296889,0.23316914,0.2417633,0.28209874
0,1,SINGLE,XBH,0.20765606,0.2829757,0.2515674,0.2578008
3,1,SO_OUT,XBH,0.25878063,0.2870098,0.21537916,0.23883048
0,3,SINGLE,SO_OUT,0.23953278,0.19890365,0.27417064,0.28739285
3,1,SO_OUT,XBH,0.25025874,0.266785,0.2465297,0.23642658
3,3,SO_OUT,SO_OUT,0.25600863,0.21510279,0.26346084,0.26542777
3,2,SO_OUT,BB_HBP,0.17487141,0.2691515,0.3015289,0.25444818
3,1,SO_OUT,XBH,0.175611,0.30435783,0.2938742,0.226157
1,1,XBH,XBH,0.23476398,0.31305864,0.19724637,0.254931
2,3,BB_HBP,SO_OUT,0.28088835,0.23327751,0.1994313,0.28640282
3,0,SO_OUT,SINGLE,0.29141203,0.2593229,0.19234155,0.25692353
3,3,SO_OUT,SO_OUT,0.22327992,0.24624301,0.19040222,0.34007487
3,0,SO_OUT,SINGLE,0.32365555,0.25221315,0.1551927,0.26893854
3,0,SO_OUT,SINGLE,0.2997167,0.23680522,0.20921893,0.25425914
3,3,SO_OUT,SO_OUT,0.18738799,0.2030004,0.2077614,0.40185022
3,3,SO_OUT,SO_OUT,0.28450283,0.22504966,0.20213148,0.28831598
2,3,BB_HBP,SO_OUT,0.28379437,0.21057442,0.16029288,0.3453384
3,0,SO_OUT,SINGLE,0.31610885,0.17707334,0.19566908,0.31114873
0,1,SINGLE,XBH,0.19204637,0.3104221,0.26301455,0.23451689
3,0,SO_OUT,SINGLE,0.31299067,0.23042828,0.19135495,0.26522607
3,3,SO_OUT,SO_OUT,0.2946642,0.23611331,0.16012359,0.30909893
3,1,SO_OUT,XBH,0.22149134,0.3173689,0.22318222,0.23795755
3,1,SO_OUT,XBH,0.20193417,0.29770315,0.28887096,0.2114917
3,1,SO_OUT,XBH,0.23925485,0.3122487,0.21610273,0.23239368
2,1,BB_HBP,XBH,0.22577576,0.31102973,0.23584144,0.22735308
0,1,SINGLE,XBH,0.25326955,0.30107465,0.17960179,0.26605397
3,0,SO_OUT,SINGLE,0.3222656,0.25288346,0.14825964,0.27659133
3,3,SO_OUT,SO_OUT,0.28011882,0.23912653,0.19888903,0.28186563
3,1,SO_OUT,XBH,0.22954436,0.32057035,0.22235656,0.22752865
2,0,BB_HBP,SINGLE,0.29307023,0.22356209,0.19715653,0.28621116
3,0,SO_OUT,SINGLE,0.30526772,0.25933906,0.17994526,0.25544792
3,1,SO_OUT,XBH,0.23050621,0.33972904,0.21640673,0.21335797
3,3,SO_OUT,SO_OUT,0.245482,0.24765904,0.18667296,0.3201861
3,1,SO_OUT,XBH,0.2448195,0.33776167,0.19546364,0.22195514
3,1,SO_OUT,XBH,0.22352031,0.3430159,0.23308763,0.20037608
3,3,SO_OUT,SO_OUT,0.25271115,0.22676167,0.22094205,0.29958516
3,2,SO_OUT,BB_HBP,0.23979603,0.24037825,0.28036863,0.23945706
3,2,SO_OUT,BB_HBP,0.21603633,0.20332707,0.29364374,0.28699282
3,3,SO_OUT,SO_OUT,0.22546133,0.18518461,0.25286144,0.33649257
2,1,BB_HBP,XBH,0.19983906,0.3151044,0.2723457,0.21271083
3,2,SO_OUT,BB_HBP,0.2486277,0.15654993,0.32533172,0.26949066
0,2,SINGLE,BB_HBP,0.23392552,0.21244767,0.29280484,0.26082194
3,1,SO_OUT,XBH,0.18566537,0.3145548,0.29155862,0.20822126
0,1,SINGLE,XBH,0.25003988,0.320352,0.1907085,0.23889956
3,1,SO_OUT,XBH,0.22841746,0.33740106,0.22651681,0.20766473
3,2,SO_OUT,BB_HBP,0.15886958,0.29029548,0.30350652,0.24732842
3,1,SO_OUT,XBH,0.21665622,0.30141047,0.23527604,0.2466572
3,3,SO_OUT,SO_OUT,0.26900768,0.24527119,0.20079447,0.2849266
3,3,SO_OUT,SO_OUT,0.21970904,0.22998261,0.18515174,0.36515662
3,1,SO_OUT,XBH,0.20312414,0.35077754,0.21467328,0.23142502
0,0,SINGLE,SINGLE,0.30834246,0.2570003,0.15951322,0.27514404
3,0,SO_OUT,SINGLE,0.2878967,0.2315708,0.22471076,0.2558218
3,3,SO_OUT,SO_OUT,0.19553359,0.2124525,0.19199198,0.40002194
3,3,SO_OUT,SO_OUT,0.21964414,0.24412866,0.2233614,0.3128658
0,3,SINGLE,SO_OUT,0.22698496,0.22780138,0.18734133,0.35787228
3,1,SO_OUT,XBH,0.2703993,0.29463556,0.21651103,0.21845411
3,3,SO_OUT,SO_OUT,0.29120588,0.18360859,0.21848121,0.30670437
2,1,BB_HBP,XBH,0.25313422,0.25357792,0.25134283,0.24194494
0,1,SINGLE,XBH,0.23874432,0.30146667,0.24628162,0.21350743
0,1,SINGLE,XBH,0.2607576,0.28582025,0.21942136,0.23400089
0,1,SINGLE,XBH,0.24598396,0.30902308,0.23139538,0.21359763
0,1,SINGLE,XBH,0.27393648,0.2755816,0.20446758,0.24601431
3,1,SO_OUT,XBH,0.17036821,0.3314438,0.2491793,0.24900872
0,3,SINGLE,SO_OUT,0.25805125,0.24298595,0.23065646,0.26830637
3,1,SO_OUT,XBH,0.2211716,0.3123588,0.2331842,0.23328543
3,0,SO_OUT,SINGLE,0.29528326,0.2640583,0.1662945,0.27436393
3,0,SO_OUT,SINGLE,0.3444324,0.25801837,0.18271926,0.21482994
3,0,SO_OUT,SINGLE,0.26945308,0.25203934,0.22473212,0.25377542
3,1,SO_OUT,XBH,0.24019998,0.3228955,0.1566743,0.28023025
0,1,SINGLE,XBH,0.27425092,0.3104916,0.13702646,0.278231
0,0,SINGLE,SINGLE,0.28452003,0.24552837,0.19652694,0.27342469
3,3,SO_OUT,SO_OUT,0.23996694,0.2692936,0.19779435,0.29294506
3,3,SO_OUT,SO_OUT,0.2462976,0.2275206,0.13198225,0.39419955
3,1,SO_OUT,XBH,0.30889907,0.33999673,0.1745768,0.17652737
1,1,XBH,XBH,0.26346278,0.36544076,0.17426303,0.19683337
3,1,SO_OUT,XBH,0.2259805,0.37588373,0.20609464,0.19204104
3,3,SO_OUT,SO_OUT,0.20706157,0.2604512,0.14927928,0.38320798
3,1,SO_OUT,XBH,0.22298612,0.36098453,0.16061413,0.2554151
0,1,SINGLE,XBH,0.28493047,0.32146087,0.15763663,0.23597193
3,1,SO_OUT,XBH,0.2381704,0.2997273,0.21248548,0.24961688
1,1,XBH,XBH,0.18327159,0.3649156,0.25339574,0.19841702
3,1,SO_OUT,XBH,0.26627415,0.3064299,0.20864883,0.2186471
2,0,BB_HBP,SINGLE,0.3109116,0.25476298,0.22891101,0.20541443
3,1,SO_OUT,XBH,0.2725397,0.33098406,0.17420478,0.22227149
1,1,XBH,XBH,0.3117168,0.3351901,0.13270852,0.22038454
3,1,SO_OUT,XBH,0.24616966,0.3243825,0.20057267,0.22887513
3,1,SO_OUT,XBH,0.22187006,0.34724,0.23923624,0.19165373
0,0,SINGLE,SINGLE,0.2929715,0.2562547,0.20025444,0.25051934
3,3,SO_OUT,SO_OUT,0.2826583,0.25431746,0.15985161,0.30317262
3,1,SO_OUT,XBH,0.28614807,0.30899024,0.15555315,0.24930854
3,1,SO_OUT,XBH,0.26396963,0.29848373,0.18734835,0.25019836
0,1,SINGLE,XBH,0.2520776,0.36101964,0.15028648,0.23661636
3,2,SO_OUT,BB_HBP,0.23851725,0.2133915,0.29667538,0.25141585
3,3,SO_OUT,SO_OUT,0.25167516,0.25999647,0.21842337,0.26990494
3,1,SO_OUT,XBH,0.21254334,0.27033156,0.2554621,0.26166305
0,3,SINGLE,SO_OUT,0.26454872,0.21914826,0.23302354,0.28327945
3,3,SO_OUT,SO_OUT,0.23119286,0.26366273,0.21711962,0.28802484
3,0,SO_OUT,SINGLE,0.30459052,0.21845557,0.1825671,0.29438677
3,1,SO_OUT,XBH,0.28002283,0.30356476,0.17729744,0.23911503
3,1,SO_OUT,XBH,0.20095587,0.3089802,0.24449259,0.2455713
3,1,SO_OUT,XBH,0.2699995,0.2970243,0.20166916,0.23130703
1,1,XBH,XBH,0.2898557,0.29273084,0.18314101,0.23427245
3,1,SO_OUT,XBH,0.23016909,0.39009652,0.1876464,0.19208793
3,1,SO_OUT,XBH,0.21043305,0.3005528,0.26931143,0.2197027
0,1,SINGLE,XBH,0.27367514,0.2864651,0.229004,0.21085571
2,0,BB_HBP,SINGLE,0.28064027,0.24278978,0.25467277,0.22189716
3,1,SO_OUT,XBH,0.28543347,0.29968083,0.18745853,0.22742714
0,1,SINGLE,XBH,0.24036786,0.32726958,0.2106387,0.22172385
0,0,SINGLE,SINGLE,0.30422196,0.28918746,0.15860067,0.24798985
3,3,SO_OUT,SO_OUT,0.27402443,0.23758422,0.1927436,0.2956477
3,1,SO_OUT,XBH,0.20135441,0.36184013,0.19038397,0.24642137
3,1,SO_OUT,XBH,0.26214996,0.31770158,0.19380829,0.22634012
2,1,BB_HBP,XBH,0.26175413,0.2940094,0.18455511,0.2596813
0,0,SINGLE,SINGLE,0.28588533,0.26712185,0.16281681,0.28417602
3,3,SO_OUT,SO_OUT,0.23490551,0.20580375,0.20689964,0.3523911
3,1,SO_OUT,XBH,0.26145744,0.2869716,0.19898851,0.2525825
3,0,SO_OUT,SINGLE,0.32130262,0.24783336,0.1686185,0.26224554
0,1,SINGLE,XBH,0.23685424,0.30301124,0.16005982,0.3000747
3,3,SO_OUT,SO_OUT,0.2826659,0.29116192,0.121763974,0.30440813
3,0,SO_OUT,SINGLE,0.33204532,0.22549677,0.20804562,0.23441227
2,3,BB_HBP,SO_OUT,0.26171237,0.24435517,0.22410314,0.2698293
3,3,SO_OUT,SO_OUT,0.1963305,0.27063873,0.2554792,0.27755165
3,2,SO_OUT,BB_HBP,0.23592761,0.21044014,0.30382743,0.24980485
3,3,SO_OUT,SO_OUT,0.24972226,0.25105438,0.22207478,0.27714857
3,2,SO_OUT,BB_HBP,0.14390814,0.27869958,0.38514665,0.19224566
3,0,SO_OUT,SINGLE,0.28730464,0.27480453,0.22355545,0.21433532
0,1,SINGLE,XBH,0.24363711,0.3022483,0.24678302,0.20733145
3,3,SO_OUT,SO_OUT,0.22094457,0.261605,0.25087723,0.2665732
3,2,SO_OUT,BB_HBP,0.20868741,0.23937185,0.33026946,0.22167128
2,1,BB_HBP,XBH,0.1772965,0.31285396,0.2829752,0.22687428
0,0,SINGLE,SINGLE,0.28094319,0.22308873,0.22534285,0.2706253
3,3,SO_OUT,SO_OUT,0.2315043,0.262337,0.23598696,0.27017167
3,3,SO_OUT,SO_OUT,0.2374746,0.255092,0.23361571,0.27381772
3,2,SO_OUT,BB_HBP,0.21864462,0.24946402,0.307587,0.22430433
3,1,SO_OUT,XBH,0.18843971,0.3313479,0.2133255,0.2668869
3,0,SO_OUT,SINGLE,0.32647514,0.21292439,0.21692997,0.24367042
3,2,SO_OUT,BB_HBP,0.1953733,0.23128077,0.3420402,0.23130575
0,3,SINGLE,SO_OUT,0.23793831,0.22736113,0.25252032,0.28218022
3,1,SO_OUT,XBH,0.24664056,0.29620966,0.23016642,0.22698337
3,1,SO_OUT,XBH,0.17616405,0.3812903,0.24414639,0.19839928
3,2,SO_OUT,BB_HBP,0.22114517,0.21805903,0.28950015,0.27129564
3,3,SO_OUT,SO_OUT,0.24985822,0.25627017,0.18612821,0.30774343
3,0,SO_OUT,SINGLE,0.32475963,0.21776271,0.19020595,0.26727176
1,2,XBH,BB_HBP,0.23316422,0.22752191,0.27331734,0.26599655
3,3,SO_OUT,SO_OUT,0.20909853,0.20417622,0.1572906,0.42943463
3,1,SO_OUT,XBH,0.24351697,0.32131526,0.22677149,0.20839642
3,1,SO_OUT,XBH,0.26342726,0.3193514,0.22913755,0.18808383
3,2,SO_OUT,BB_HBP,0.22964315,0.27099752,0.29067016,0.20868917
3,0,SO_OUT,SINGLE,0.28675577,0.24321327,0.21441683,0.2556141
3,0,SO_OUT,SINGLE,0.29043463,0.21200278,0.23467997,0.26288265
3,0,SO_OUT,SINGLE,0.30127007,0.26448834,0.19002688,0.24421474
3,2,SO_OUT,BB_HBP,0.20663843,0.2384218,0.3334573,0.22148247
3,0,SO_OUT,SINGLE,0.2896236,0.2568748,0.21731423,0.23618744
0,0,SINGLE,SINGLE,0.2750941,0.26718184,0.22694923,0.2307748
0,2,SINGLE,BB_HBP,0.23772337,0.26562876,0.29418534,0.20246257
2,2,BB_HBP,BB_HBP,0.220945,0.21979915,0.28383657,0.27541927
3,0,SO_OUT,SINGLE,0.30591246,0.20648088,0.2532106,0.23439606
3,3,SO_OUT,SO_OUT,0.2553134,0.20324901,0.2565079,0.28492966
3,1,SO_OUT,XBH,0.2577568,0.28929383,0.24022956,0.21271983
3,1,SO_OUT,XBH,0.19614056,0.29564926,0.29236117,0.21584903
2,2,BB_HBP,BB_HBP,0.18280497,0.29776195,0.31582692,0.20360614
3,2,SO_OUT,BB_HBP,0.24318159,0.25373214,0.25524268,0.24784358
3,2,SO_OUT,BB_HBP,0.18476528,0.19654904,0.3971732,0.2215125
2,1,BB_HBP,XBH,0.16128843,0.3480017,0.26673245,0.22397745
3,3,SO_OUT,SO_OUT,0.2382262,0.22650568,0.20745057,0.32781747
0,0,SINGLE,SINGLE,0.32635805,0.1859827,0.24629988,0.24135934
3,0,SO_OUT,SINGLE,0.29142815,0.28465098,0.20208894,0.22183187
3,2,SO_OUT,BB_HBP,0.24922521,0.27261397,0.280596,0.19756484
2,1,BB_HBP,XBH,0.263074,0.2785043,0.2607639,0.19765776
3,1,SO_OUT,XBH,0.27286765,0.28541368,0.24277359,0.19894512
3,2,SO_OUT,BB_HBP,0.2020756,0.21659903,0.33500928,0.24631613
3,1,SO_OUT,XBH,0.14630042,0.39032903,0.25936374,0.20400691
2,2,BB_HBP,BB_HBP,0.19055928,0.30214056,0.30239776,0.20490237
3,1,SO_OUT,XBH,0.2147184,0.2768248,0.2732865,0.23517029
0,2,SINGLE,BB_HBP,0.2453652,0.23723967,0.2990469,0.2183482
3,0,SO_OUT,SINGLE,0.31543955,0.2807571,0.20198444,0.20181893
3,1,SO_OUT,XBH,0.19745465,0.30966043,0.29024357,0.20264131
3,0,SO_OUT,SINGLE,0.30993363,0.19060606,0.21089542,0.28856483
0,3,SINGLE,SO_OUT,0.21192262,0.28785217,0.18293253,0.3172927
3,0,SO_OUT,SINGLE,0.26592106,0.2578967,0.23070939,0.24547285
1,1,XBH,XBH,0.27313727,0.28425372,0.20201075,0.24059822
3,1,SO_OUT,XBH,0.2563934,0.29089883,0.21600148,0.23670627
3,1,SO_OUT,XBH,0.22325864,0.3143402,0.19308935,0.2693118
0,1,SINGLE,XBH,0.18982415,0.355868,0.21294396,0.24136393
0,1,SINGLE,XBH,0.24172431,0.27331752,0.21501134,0.2699468
3,1,SO_OUT,XBH,0.22770847,0.3260937,0.21972446,0.22647332
3,1,SO_OUT,XBH,0.253736,0.29303837,0.18266353,0.27056202
3,1,SO_OUT,XBH,0.23243399,0.29410842,0.2064199,0.2670377
3,3,SO_OUT,SO_OUT,0.27851146,0.19908236,0.19315809,0.32924816
0,1,SINGLE,XBH,0.27656773,0.31264207,0.21181767,0.1989726
3,1,SO_OUT,XBH,0.20461057,0.39310175,0.18923795,0.21304974
3,3,SO_OUT,SO_OUT,0.26680782,0.22362807,0.19837992,0.31118426
3,1,SO_OUT,XBH,0.28781748,0.28896788,0.19048548,0.23272918
3,3,SO_OUT,SO_OUT,0.22415161,0.25706282,0.19898339,0.31980222
2,0,BB_HBP,SINGLE,0.3600984,0.25168297,0.1962146,0.19200402
0,2,SINGLE,BB_HBP,0.23677367,0.22333345,0.29549736,0.24439552
3,2,SO_OUT,BB_HBP,0.18427564,0.20381285,0.35532597,0.2565855
3,1,SO_OUT,XBH,0.24090415,0.290997,0.20465285,0.26344603
3,3,SO_OUT,SO_OUT,0.297755,0.17654955,0.208055,0.31764042
3,1,SO_OUT,XBH,0.23542094,0.30137095,0.19873397,0.26447415
3,0,SO_OUT,SINGLE,0.28010964,0.27082688,0.20565139,0.24341206
0,2,SINGLE,BB_HBP,0.1954222,0.2777515,0.2968831,0.22994317
3,1,SO_OUT,XBH,0.15345521,0.34931138,0.26858273,0.22865064
3,1,SO_OUT,XBH,0.21609098,0.33999145,0.19478677,0.2491307
3,1,SO_OUT,XBH,0.25057632,0.3021059,0.19045155,0.25686628
3,1,SO_OUT,XBH,0.23981494,0.2969297,0.18586524,0.27739012
1,1,XBH,XBH,0.23196499,0.340161,0.22926159,0.1986124
3,1,SO_OUT,XBH,0.2385588,0.31032017,0.2591589,0.19196221
3,1,SO_OUT,XBH,0.22306323,0.32412547,0.18067317,0.2721381
3,3,SO_OUT,SO_OUT,0.26134434,0.28144023,0.16990976,0.28730568
0,2,SINGLE,BB_HBP,0.24937652,0.2780475,0.29439697,0.17817913
3,3,SO_OUT,SO_OUT,0.2482198,0.2513691,0.19073072,0.30968037
3,1,SO_OUT,XBH,0.19579595,0.32230452,0.23518819,0.24671137
3,2,SO_OUT,BB_HBP,0.22209151,0.25820822,0.27751288,0.24218734
3,2,SO_OUT,BB_HBP,0.21590538,0.22119252,0.2830898,0.2798123
3,3,SO_OUT,SO_OUT,0.20724253,0.230565,0.24376695,0.3184255
3,1,SO_OUT,XBH,0.2671242,0.30214617,0.20190346,0.22882615
2,1,BB_HBP,XBH,0.2328976,0.2885545,0.20785713,0.27069077
1,3,XBH,SO_OUT,0.2710477,0.19717014,0.2304661,0.30131608
3,3,SO_OUT,SO_OUT,0.24112673,0.18998794,0.22415014,0.34473518
3,2,SO_OUT,BB_HBP,0.2580487,0.25025958,0.26236913,0.22932266
3,2,SO_OUT,BB_HBP,0.26776296,0.20278063,0.28662527,0.24283108
3,3,SO_OUT,SO_OUT,0.2576946,0.22935094,0.23312293,0.27983153
3,1,SO_OUT,XBH,0.24060184,0.2602713,0.25451812,0.2446087
3,3,SO_OUT,SO_OUT,0.27453858,0.17171454,0.23887247,0.3148744
0,2,SINGLE,BB_HBP,0.22367176,0.25272185,0.26263168,0.26097474
3,2,SO_OUT,BB_HBP,0.18902881,0.25857744,0.30544102,0.24695273
3,1,SO_OUT,XBH,0.22821623,0.29732907,0.24109556,0.23335922
2,2,BB_HBP,BB_HBP,0.23550263,0.24256009,0.3090934,0.21284387
3,1,SO_OUT,XBH,0.20367867,0.35591635,0.22393997,0.21646498
0,1,SINGLE,XBH,0.211754,0.28530538,0.27254766,0.23039298
3,1,SO_OUT,XBH,0.24323434,0.2722646,0.2371906,0.24731046
3,3,SO_OUT,SO_OUT,0.23984507,0.22939116,0.20458157,0.32618216
0,1,SINGLE,XBH,0.27467453,0.30499202,0.21771906,0.20261437
3,3,SO_OUT,SO_OUT,0.2553859,0.27760428,0.16893093,0.29807884
3,3,SO_OUT,SO_OUT,0.27733067,0.21313739,0.19837397,0.31115794
3,3,SO_OUT,SO_OUT,0.27026865,0.18995059,0.20628943,0.33349136
1,1,XBH,XBH,0.27029803,0.30658123,0.21475182,0.20836894
3,0,SO_OUT,SINGLE,0.3037236,0.2783925,0.23628487,0.18159904
2,2,BB_HBP,BB_HBP,0.21050735,0.28320542,0.31947556,0.18681163
3,1,SO_OUT,XBH,0.1749185,0.3755597,0.22205962,0.22746214
1,2,XBH,BB_HBP,0.21900131,0.24220069,0.2958639,0.2429341
0,3,SINGLE,SO_OUT,0.20206416,0.2676885,0.25724575,0.27300158
3,3,SO_OUT,SO_OUT,0.22139351,0.20084119,0.27587816,0.30188718
0,1,SINGLE,XBH,0.26262626,0.2860049,0.27224204,0.17912687
3,0,SO_OUT,SINGLE,0.25744134,0.25012785,0.2524172,0.24001361
0,3,SINGLE,SO_OUT,0.28093588,0.18891811,0.2373738,0.29277217
3,1,SO_OUT,XBH,0.1944724,0.28377938,0.26886648,0.2528817
0,2,SINGLE,BB_HBP,0.1832007,0.2263759,0.33775944,0.25266397
3,2,SO_OUT,BB_HBP,0.23635936,0.1912223,0.3558239,0.21659455
0,2,SINGLE,BB_HBP,0.28537557,0.19180082,0.29466826,0.22815531
3,0,SO_OUT,SINGLE,0.3774929,0.18915519,0.14634281,0.2870091
3,0,SO_OUT,SINGLE,0.2981741,0.18468848,0.24341895,0.27371842
1,3,XBH,SO_OUT,0.24900195,0.18122637,0.23982406,0.32994762
3,3,SO_OUT,SO_OUT,0.24378292,0.15993167,0.2704025,0.32588288
3,0,SO_OUT,SINGLE,0.28956148,0.26343334,0.22737202,0.21963309
3,2,SO_OUT,BB_HBP,0.2369079,0.22406659,0.32541233,0.21361326
3,0,SO_OUT,SINGLE,0.299508,0.2110909,0.2629246,0.22647658
3,2,SO_OUT,BB_HBP,0.2473203,0.20198397,0.32285982,0.22783592
0,1,SINGLE,XBH,0.2564647,0.2893818,0.21385159,0.24030185
3,3,SO_OUT,SO_OUT,0.2607321,0.23953263,0.20715262,0.29258266
0,3,SINGLE,SO_OUT,0.2706957,0.2262472,0.22245865,0.2805984
3,0,SO_OUT,SINGLE,0.3503417,0.15814255,0.17662443,0.31489128
3,0,SO_OUT,SINGLE,0.3196868,0.16605234,0.22018313,0.29407772
3,2,SO_OUT,BB_HBP,0.20041464,0.21875098,0.33678034,0.24405406
2,0,BB_HBP,SINGLE,0.32489303,0.2757242,0.19751325,0.20186956
3,0,SO_OUT,SINGLE,0.31363732,0.2330015,0.22294728,0.23041382
3,0,SO_OUT,SINGLE,0.304713,0.21026094,0.25482604,0.2302001
3,3,SO_OUT,SO_OUT,0.26187566,0.25134784,0.20868403,0.27809253
1,0,XBH,SINGLE,0.29489642,0.2472331,0.2020341,0.25583643
0,2,SINGLE,BB_HBP,0.25312075,0.24180292,0.26346862,0.24160768
0,0,SINGLE,SINGLE,0.29829136,0.20419218,0.25260517,0.24491131
3,0,SO_OUT,SINGLE,0.30801976,0.2662933,0.22682516,0.19886178
3,0,SO_OUT,SINGLE,0.2955206,0.22893296,0.27168116,0.20386523
3,0,SO_OUT,SINGLE,0.30904874,0.2725342,0.19578522,0.22263178
3,0,SO_OUT,SINGLE,0.35572022,0.20936555,0.1304768,0.30443743
3,0,SO_OUT,SINGLE,0.38964406,0.15707065,0.16021132,0.293074
3,0,SO_OUT,SINGLE,0.3006545,0.16277617,0.23862667,0.29794264
3,2,SO_OUT,BB_HBP,0.24720225,0.21864456,0.2997159,0.23443732
1,0,XBH,SINGLE,0.28185302,0.2564108,0.21472047,0.24701566
3,3,SO_OUT,SO_OUT,0.26975825,0.24498135,0.1944778,0.29078263
0,0,SINGLE,SINGLE,0.35497192,0.242353,0.2157543,0.18692085
3,2,SO_OUT,BB_HBP,0.21604177,0.26032287,0.29555485,0.22808048
3,2,SO_OUT,BB_HBP,0.25172096,0.22783603,0.2666005,0.25384256
3,0,SO_OUT,SINGLE,0.28256026,0.27666298,0.24532686,0.19544989
0,0,SINGLE,SINGLE,0.3020955,0.2224021,0.2648142,0.2106882
3,0,SO_OUT,SINGLE,0.30417362,0.27608678,0.18539634,0.2343433
3,1,SO_OUT,XBH,0.23737541,0.29661974,0.22025363,0.24575123
3,2,SO_OUT,BB_HBP,0.22244284,0.22705777,0.32612813,0.22437122
3,3,SO_OUT,SO_OUT,0.26676667,0.24752805,0.20354633,0.28215903
3,2,SO_OUT,BB_HBP,0.2553662,0.18045397,0.29359558,0.27058432
3,0,SO_OUT,SINGLE,0.36127383,0.20723362,0.15036598,0.28112656
0,2,SINGLE,BB_HBP,0.2372671,0.1971986,0.32460222,0.24093215
3,2,SO_OUT,BB_HBP,0.24978973,0.17014256,0.3175646,0.26250312
3,3,SO_OUT,SO_OUT,0.26827016,0.19995156,0.25978735,0.27199093
3,0,SO_OUT,SINGLE,0.3643826,0.23030241,0.15592788,0.2493871
3,0,SO_OUT,SINGLE,0.34887972,0.16669697,0.21567914,0.2687442
3,2,SO_OUT,BB_HBP,0.20773906,0.20440081,0.31047505,0.27738506
0,0,SINGLE,SINGLE,0.3127984,0.21571907,0.25036374,0.22111885
3,0,SO_OUT,SINGLE,0.31233948,0.18593378,0.29714367,0.204583
3,0,SO_OUT,SINGLE,0.3105685,0.21815021,0.2220101,0.24927126
3,2,SO_OUT,BB_HBP,0.2219539,0.23175314,0.2943508,0.25194216
0,0,SINGLE,SINGLE,0.28991368,0.27733305,0.1805863,0.25216702
3,3,SO_OUT,SO_OUT,0.24115159,0.20337974,0.25804475,0.29742396
3,0,SO_OUT,SINGLE,0.2686669,0.2206538,0.26853704,0.24214219
0,3,SINGLE,SO_OUT,0.21214862,0.19532609,0.2577104,0.3348149
3,2,SO_OUT,BB_HBP,0.19939792,0.23607469,0.33604103,0.2284863
3,0,SO_OUT,SINGLE,0.37809092,0.20213076,0.16342895,0.25634938
3,0,SO_OUT,SINGLE,0.32509533,0.24536373,0.21307182,0.21646908
0,2,SINGLE,BB_HBP,0.23089908,0.23865001,0.28573394,0.24471691
3,3,SO_OUT,SO_OUT,0.27255154,0.24360052,0.20135629,0.28249162
0,3,SINGLE,SO_OUT,0.1962192,0.19346543,0.30056256,0.30975282
3,3,SO_OUT,SO_OUT,0.23915926,0.16807558,0.2412905,0.35147473
0,0,SINGLE,SINGLE,0.26605096,0.256159,0.2553076,0.22248241
1,2,XBH,BB_HBP,0.24206823,0.24061319,0.2832173,0.2341012
0,3,SINGLE,SO_OUT,0.27634078,0.17979214,0.26561192,0.2782551
3,0,SO_OUT,SINGLE,0.30219305,0.16479297,0.2537715,0.2792425
3,2,SO_OUT,BB_HBP,0.27762923,0.21908987,0.29563668,0.20764431
3,2,SO_OUT,BB_HBP,0.23826939,0.19022122,0.36162537,0.20988402
2,0,BB_HBP,SINGLE,0.29455063,0.26579434,0.209181,0.23047407
0,0,SINGLE,SINGLE,0.2953967,0.21639746,0.2157816,0.2724242
3,1,SO_OUT,XBH,0.18800737,0.31505343,0.288239,0.20870008
3,0,SO_OUT,SINGLE,0.34210485,0.17253889,0.18595813,0.29939806
3,2,SO_OUT,BB_HBP,0.20998713,0.1436526,0.3685129,0.2778474
0,1,SINGLE,XBH,0.2387724,0.2967851,0.26712823,0.1973142
1,1,XBH,XBH,0.24840806,0.33639058,0.200289,0.21491234
2,0,BB_HBP,SINGLE,0.26915076,0.24363396,0.23802009,0.24919522
0,0,SINGLE,SINGLE,0.33577275,0.24358855,0.16693969,0.25369903
3,2,SO_OUT,BB_HBP,0.23353791,0.23577048,0.30516836,0.22552323
2,2,BB_HBP,BB_HBP,0.23957421,0.15539551,0.32169384,0.28333655
3,2,SO_OUT,BB_HBP,0.2694398,0.186111,0.2899592,0.25449
3,1,SO_OUT,XBH,0.26318443,0.33467987,0.18510626,0.21702935
0,2,SINGLE,BB_HBP,0.27356362,0.17317154,0.32120582,0.23205906
0,0,SINGLE,SINGLE,0.2979734,0.28924844,0.15812537,0.25465283
3,0,SO_OUT,SINGLE,0.32129756,0.26739615,0.1715742,0.23973212
0,1,SINGLE,XBH,0.29795095,0.31129858,0.15536799,0.23538245
3,1,SO_OUT,XBH,0.22301236,0.30787358,0.22569735,0.24341665
3,1,SO_OUT,XBH,0.2471906,0.29341257,0.21214052,0.24725623
3,1,SO_OUT,XBH,0.28727025,0.3289216,0.16282748,0.22098069
3,0,SO_OUT,SINGLE,0.27620345,0.25530803,0.21873239,0.24975616
0,0,SINGLE,SINGLE,0.361815,0.26172814,0.15296562,0.22349116
0,1,SINGLE,XBH,0.26491666,0.36742988,0.17141359,0.1962399
3,1,SO_OUT,XBH,0.24265696,0.3212997,0.22175519,0.21428819
3,1,SO_OUT,XBH,0.20782453,0.2927548,0.2367,0.2627206
3,0,SO_OUT,SINGLE,0.34821963,0.2596034,0.1839521,0.20822494
0,3,SINGLE,SO_OUT,0.25771704,0.18910436,0.21497992,0.3381987
1,1,XBH,XBH,0.23436715,0.3016018,0.23741801,0.226613
0,0,SINGLE,SINGLE,0.321853,0.257088,0.1771211,0.24393791
3,3,SO_OUT,SO_OUT,0.24447519,0.19372465,0.24451837,0.31728175
3,1,SO_OUT,XBH,0.18949696,0.30682614,0.2934978,0.21017902
3,2,SO_OUT,BB_HBP,0.19403906,0.20073389,0.32937935,0.2758477
3,1,SO_OUT,XBH,0.20570454,0.3616526,0.23332584,0.19931704
3,0,SO_OUT,SINGLE,0.2829966,0.2771403,0.22108373,0.21877936
3,3,SO_OUT,SO_OUT,0.23326425,0.2566532,0.21486343,0.29521906
3,3,SO_OUT,SO_OUT,0.24225838,0.23425175,0.15236935,0.37112057
2,2,BB_HBP,BB_HBP,0.28631708,0.20692675,0.29777616,0.20897998
3,2,SO_OUT,BB_HBP,0.22525111,0.23029353,0.35590973,0.1885456
3,2,SO_OUT,BB_HBP,0.2472768,0.24007642,0.26682112,0.2458257
3,2,SO_OUT,BB_HBP,0.23487128,0.23264423,0.28649318,0.24599136
0,0,SINGLE,SINGLE,0.28692698,0.18690094,0.25235274,0.27381936
3,1,SO_OUT,XBH,0.2674196,0.28330526,0.18631643,0.26295874
0,3,SINGLE,SO_OUT,0.23456569,0.24180432,0.24671425,0.27691573
3,3,SO_OUT,SO_OUT,0.22914413,0.23284547,0.23680575,0.30120462
3,0,SO_OUT,SINGLE,0.28350455,0.2561993,0.24839278,0.21190344
3,0,SO_OUT,SINGLE,0.31451195,0.20058912,0.21193613,0.2729628
3,2,SO_OUT,BB_HBP,0.23286943,0.23114415,0.2736007,0.26238576
3,0,SO_OUT,SINGLE,0.28277332,0.2538486,0.22715001,0.23622812
1,3,XBH,SO_OUT,0.28510502,0.17514782,0.22966792,0.31007922
2,3,BB_HBP,SO_OUT,0.24160515,0.2401406,0.21445462,0.30379972
1,2,XBH,BB_HBP,0.19935918,0.28705525,0.3025751,0.21101041
3,0,SO_OUT,SINGLE,0.27105063,0.26109603,0.22207302,0.24578032
0,3,SINGLE,SO_OUT,0.2505359,0.20776774,0.24720447,0.29449186
3,3,SO_OUT,SO_OUT,0.24838169,0.165118,0.19793414,0.3885662
3,2,SO_OUT,BB_HBP,0.29795295,0.16328232,0.32847783,0.21028681
3,2,SO_OUT,BB_HBP,0.2805459,0.19761764,0.3016047,0.22023176
3,0,SO_OUT,SINGLE,0.32766852,0.15347536,0.22970672,0.2891494
3,0,SO_OUT,SINGLE,0.28739074,0.2137928,0.22443418,0.27438223
1,1,XBH,XBH,0.21347298,0.29622206,0.28051037,0.20979458
3,0,SO_OUT,SINGLE,0.2753317,0.22180244,0.22926742,0.27359846
3,0,SO_OUT,SINGLE,0.27244115,0.25007135,0.20901959,0.268468
3,1,SO_OUT,XBH,0.24478097,0.3383228,0.22041504,0.1964812
3,0,SO_OUT,SINGLE,0.26939878,0.26074266,0.25999936,0.20985909
3,1,SO_OUT,XBH,0.26274276,0.28620872,0.19159953,0.25944898
3,0,SO_OUT,SINGLE,0.3015772,0.2915974,0.200843,0.20598237
0,1,SINGLE,XBH,0.21208654,0.2808633,0.2650724,0.24197777
1,2,XBH,BB_HBP,0.22222944,0.2757901,0.33047184,0.17150858
3,3,SO_OUT,SO_OUT,0.26764795,0.19775239,0.2202713,0.31432834
3,0,SO_OUT,SINGLE,0.2904209,0.2755364,0.20824338,0.22579929
3,3,SO_OUT,SO_OUT,0.2447809,0.20644656,0.25175926,0.29701334
3,3,SO_OUT,SO_OUT,0.27823043,0.21605647,0.22529973,0.28041336
1,0,XBH,SINGLE,0.325751,0.2605004,0.2005367,0.21321186
0,0,SINGLE,SINGLE,0.31718728,0.24609128,0.2333642,0.20335731
3,0,SO_OUT,SINGLE,0.3282647,0.20132284,0.22690892,0.24350347
3,3,SO_OUT,SO_OUT,0.23764262,0.2388799,0.2591191,0.2643584
3,2,SO_OUT,BB_HBP,0.21498145,0.23984616,0.30252638,0.2426459
3,0,SO_OUT,SINGLE,0.28610748,0.23032783,0.2529038,0.23066089
1,3,XBH,SO_OUT,0.20968637,0.22074315,0.26514328,0.3044272
3,2,SO_OUT,BB_HBP,0.17413285,0.26614812,0.32107633,0.23864271
3,0,SO_OUT,SINGLE,0.292833,0.25412416,0.22607002,0.22697277
3,3,SO_OUT,SO_OUT,0.26363868,0.23308025,0.23699886,0.26628217
1,1,XBH,XBH,0.22737423,0.32445595,0.19964895,0.2485209
0,2,SINGLE,BB_HBP,0.21079025,0.2648981,0.30472428,0.21958739
0,2,SINGLE,BB_HBP,0.17451875,0.2301057,0.30808976,0.2872857
1,3,XBH,SO_OUT,0.2224215,0.18807918,0.28809392,0.30140546
3,3,SO_OUT,SO_OUT,0.2934683,0.1950806,0.1996307,0.31182048
3,1,SO_OUT,XBH,0.2308068,0.32434338,0.22773117,0.21711862
3,1,SO_OUT,XBH,0.22991456,0.32326838,0.20573038,0.24108659
1,1,XBH,XBH,0.2505293,0.27236813,0.22757097,0.2495316
0,0,SINGLE,SINGLE,0.31703326,0.26075777,0.19483182,0.22737718
3,3,SO_OUT,SO_OUT,0.2697906,0.24435592,0.17942284,0.30643067
0,0,SINGLE,SINGLE,0.31431875,0.2802318,0.18156551,0.22388394
3,0,SO_OUT,SINGLE,0.3443428,0.23831207,0.1888242,0.22852087
3,1,SO_OUT,XBH,0.25525227,0.27607033,0.24046952,0.22820792
2,0,BB_HBP,SINGLE,0.2736369,0.232999,0.26109725,0.23226686
0,0,SINGLE,SINGLE,0.2788918,0.23414062,0.22833443,0.2586331
3,3,SO_OUT,SO_OUT,0.28037614,0.2531378,0.1840921,0.28239393
0,0,SINGLE,SINGLE,0.30086595,0.26858008,0.20035373,0.23020029
3,1,SO_OUT,XBH,0.26685986,0.28864688,0.21267726,0.23181601
3,1,SO_OUT,XBH,0.23253472,0.2998915,0.21752362,0.2500502
3,1,SO_OUT,XBH,0.2411186,0.33162218,0.20265861,0.22460066
0,1,SINGLE,XBH,0.26021844,0.28366816,0.22699854,0.22911483
3,1,SO_OUT,XBH,0.2574144,0.3180689,0.17769814,0.24681857
3,2,SO_OUT,BB_HBP,0.24985664,0.23377153,0.28534764,0.23102413
3,1,SO_OUT,XBH,0.28298527,0.358382,0.15832217,0.2003106
2,1,BB_HBP,XBH,0.25303438,0.33127868,0.16997796,0.24570896
2,1,BB_HBP,XBH,0.21237673,0.3043564,0.22369313,0.25957364
3,3,SO_OUT,SO_OUT,0.25907332,0.25202936,0.2158311,0.27306625
3,3,SO_OUT,SO_OUT,0.25491157,0.24596003,0.19379912,0.30532932
3,0,SO_OUT,SINGLE,0.33267325,0.28309143,0.17887439,0.20536104
2,0,BB_HBP,SINGLE,0.35130903,0.2470798,0.18559143,0.2160197
3,3,SO_OUT,SO_OUT,0.24344368,0.24422218,0.22803086,0.2843033
1,0,XBH,SINGLE,0.30125213,0.21819432,0.20450248,0.27605116
3,3,SO_OUT,SO_OUT,0.27632517,0.2505072,0.19371323,0.27945447
3,0,SO_OUT,SINGLE,0.30132157,0.27591032,0.19662094,0.22614725
3,1,SO_OUT,XBH,0.24303031,0.30655587,0.22518438,0.22522937
3,2,SO_OUT,BB_HBP,0.19161361,0.24647674,0.3155752,0.24633439
3,0,SO_OUT,SINGLE,0.32738474,0.26825294,0.1666946,0.23766765
3,2,SO_OUT,BB_HBP,0.22388877,0.28614482,0.29432163,0.19564481
3,0,SO_OUT,SINGLE,0.32425618,0.26340255,0.17465585,0.23768537
2,3,BB_HBP,SO_OUT,0.22948952,0.26770017,0.21623237,0.28657788
3,3,SO_OUT,SO_OUT,0.27846175,0.22425668,0.2063577,0.29092383
3,0,SO_OUT,SINGLE,0.26627567,0.26379028,0.20491786,0.26501623
3,3,SO_OUT,SO_OUT,0.25535566,0.24875976,0.1751752,0.32070935
3,3,SO_OUT,SO_OUT,0.25797957,0.20291874,0.2441124,0.29498932
3,1,SO_OUT,XBH,0.27033094,0.2890954,0.19842091,0.24215282
2,2,BB_HBP,BB_HBP,0.22114515,0.24675779,0.32425833,0.20783882
3,2,SO_OUT,BB_HBP,0.23343837,0.23263103,0.31758597,0.21634454
3,3,SO_OUT,SO_OUT,0.25368977,0.21066071,0.20406482,0.33158475
3,0,SO_OUT,SINGLE,0.3550531,0.25207433,0.14348502,0.2493875
3,2,SO_OUT,BB_HBP,0.23715323,0.25029427,0.27608272,0.2364698
0,0,SINGLE,SINGLE,0.2843256,0.20223138,0.2811679,0.23227505
3,1,SO_OUT,XBH,0.18044631,0.32303703,0.28044224,0.21607445
3,1,SO_OUT,XBH,0.2382814,0.32546416,0.21943438,0.21682
0,0,SINGLE,SINGLE,0.29117727,0.22751015,0.28472853,0.19658408
3,0,SO_OUT,SINGLE,0.30966485,0.26563764,0.18223767,0.24245971
3,3,SO_OUT,SO_OUT,0.24458376,0.25341564,0.22356457,0.278436
3,0,SO_OUT,SINGLE,0.28232673,0.27748513,0.20146267,0.23872548
3,1,SO_OUT,XBH,0.2785408,0.28304374,0.17602193,0.26239347
3,0,SO_OUT,SINGLE,0.25853842,0.2516821,0.24898966,0.24078977
0,0,SINGLE,SINGLE,0.28869498,0.21151823,0.2291118,0.27067503
3,2,SO_OUT,BB_HBP,0.23961544,0.22656442,0.30234483,0.23147537
0,2,SINGLE,BB_HBP,0.23387425,0.19408436,0.2864389,0.28560242
3,1,SO_OUT,XBH,0.19891101,0.28278604,0.27556425,0.24273875
0,2,SINGLE,BB_HBP,0.26572734,0.21634929,0.30437398,0.21354948
3,2,SO_OUT,BB_HBP,0.23836629,0.19041814,0.33827493,0.23294066
3,1,SO_OUT,XBH,0.22713512,0.3040396,0.26608962,0.20273568
3,3,SO_OUT,SO_OUT,0.23717985,0.27012455,0.20104833,0.2916473
3,2,SO_OUT,BB_HBP,0.26803073,0.20105205,0.28800222,0.24291499
3,1,SO_OUT,XBH,0.25141963,0.26455623,0.22267441,0.2613497
2,2,BB_HBP,BB_HBP,0.21989332,0.27340627,0.2902888,0.21641159
3,2,SO_OUT,BB_HBP,0.23332444,0.24868222,0.28156233,0.23643102
0,1,SINGLE,XBH,0.21989274,0.28557643,0.2651681,0.22936264
3,2,SO_OUT,BB_HBP,0.24203014,0.25298628,0.27275696,0.23222658
3,0,SO_OUT,SINGLE,0.35309085,0.23123275,0.10339946,0.31227696
3,0,SO_OUT,SINGLE,0.26655862,0.24783775,0.23747921,0.2481244
2,0,BB_HBP,SINGLE,0.29032567,0.21560988,0.21709926,0.27696517
0,1,SINGLE,XBH,0.18052638,0.33677477,0.26645273,0.21624613
2,1,BB_HBP,XBH,0.26338592,0.28919482,0.19706306,0.25035614
3,0,SO_OUT,SINGLE,0.32960343,0.30141503,0.13055506,0.23842643
3,3,SO_OUT,SO_OUT,0.24721088,0.2757705,0.18764083,0.2893778
3,0,SO_OUT,SINGLE,0.29559574,0.2519467,0.16186418,0.29059336
3,0,SO_OUT,SINGLE,0.35683855,0.24729589,0.12344464,0.2724209
0,0,SINGLE,SINGLE,0.2626675,0.2553739,0.22397083,0.25798777
3,3,SO_OUT,SO_OUT,0.23573147,0.22324213,0.20238502,0.3386414
3,3,SO_OUT,SO_OUT,0.20933951,0.20909405,0.24431151,0.33725494
3,1,SO_OUT,XBH,0.27651992,0.2929947,0.17778942,0.252696
3,2,SO_OUT,BB_HBP,0.22297147,0.2797492,0.28086212,0.21641713
3,3,SO_OUT,SO_OUT,0.28302634,0.21487612,0.19184358,0.310254
3,0,SO_OUT,SINGLE,0.2575466,0.24677457,0.25690895,0.2387699
3,0,SO_OUT,SINGLE,0.31227404,0.21741122,0.2234199,0.2468949
0,1,SINGLE,XBH,0.1994475,0.32476202,0.23421419,0.2415763
0,1,SINGLE,XBH,0.24745135,0.2764523,0.22370313,0.2523932
1,0,XBH,SINGLE,0.29838875,0.22824147,0.23605728,0.23731248
3,0,SO_OUT,SINGLE,0.32457352,0.21543664,0.19255105,0.26743874
3,3,SO_OUT,SO_OUT,0.25476384,0.26597798,0.20257857,0.27667964
3,2,SO_OUT,BB_HBP,0.23132652,0.21365662,0.28504047,0.26997632
0,2,SINGLE,BB_HBP,0.23904742,0.19928868,0.34190077,0.21976307
1,0,XBH,SINGLE,0.27885142,0.21493836,0.24205676,0.26415345
3,2,SO_OUT,BB_HBP,0.2264795,0.2457307,0.34351176,0.18427798
3,3,SO_OUT,SO_OUT,0.23514575,0.2295688,0.24196962,0.2933158
3,3,SO_OUT,SO_OUT,0.24846336,0.19780011,0.22623608,0.32750043
3,1,SO_OUT,XBH,0.20570871,0.3317214,0.24288139,0.21968856
0,1,SINGLE,XBH,0.23026107,0.3106503,0.19818574,0.26090288
3,3,SO_OUT,SO_OUT,0.23944977,0.26998615,0.19552281,0.29504123
2,1,BB_HBP,XBH,0.22917467,0.30711585,0.24610487,0.21760462
3,0,SO_OUT,SINGLE,0.29395497,0.2119228,0.23364936,0.26047283
0,2,SINGLE,BB_HBP,0.19882505,0.25337383,0.3097045,0.23809662
3,2,SO_OUT,BB_HBP,0.20135103,0.20702542,0.36872697,0.2228965
3,3,SO_OUT,SO_OUT,0.17854796,0.2198621,0.27967203,0.32191792
3,0,SO_OUT,SINGLE,0.30314636,0.26343644,0.18688233,0.24653491
3,3,SO_OUT,SO_OUT,0.23920044,0.2648867,0.1678127,0.32810014
3,3,SO_OUT,SO_OUT,0.22727768,0.22676429,0.25309846,0.2928595
2,2,BB_HBP,BB_HBP,0.23234451,0.24961057,0.2874648,0.23058008
3,2,SO_OUT,BB_HBP,0.26272178,0.22196198,0.29583612,0.2194802
3,3,SO_OUT,SO_OUT,0.23155902,0.17549716,0.2790302,0.31391355
3,0,SO_OUT,SINGLE,0.3113391,0.18314433,0.23125081,0.27426577
3,3,SO_OUT,SO_OUT,0.26094943,0.2749321,0.17134415,0.2927743
2,1,BB_HBP,XBH,0.18823813,0.32041544,0.2607174,0.23062903
0,3,SINGLE,SO_OUT,0.2681047,0.23202458,0.23063333,0.26923737
3,3,SO_OUT,SO_OUT,0.24451092,0.225512,0.22942021,0.3005569
0,0,SINGLE,SINGLE,0.3256091,0.1676046,0.24619561,0.26059067
3,3,SO_OUT,SO_OUT,0.23356882,0.2774254,0.20052204,0.2884838
3,0,SO_OUT,SINGLE,0.3054773,0.1691461,0.23242557,0.29295102
3,3,SO_OUT,SO_OUT,0.21670692,0.25572413,0.2535495,0.27401948
3,2,SO_OUT,BB_HBP,0.19537559,0.22431716,0.29376298,0.28654423
3,0,SO_OUT,SINGLE,0.34546977,0.23561642,0.14513382,0.27377993
3,0,SO_OUT,SINGLE,0.31401983,0.22688545,0.18565184,0.27344286
3,3,SO_OUT,SO_OUT,0.2172777,0.24924292,0.24331234,0.29016697
3,1,SO_OUT,XBH,0.26224986,0.27720523,0.25871697,0.20182799
3,0,SO_OUT,SINGLE,0.30491048,0.24284403,0.21669127,0.23555428
3,0,SO_OUT,SINGLE,0.2891815,0.24083303,0.20569666,0.26428884
3,0,SO_OUT,SINGLE,0.26546338,0.24857667,0.24848647,0.23747343
0,0,SINGLE,SINGLE,0.3121095,0.23274876,0.26743257,0.18770917
3,2,SO_OUT,BB_HBP,0.2108653,0.18897039,0.35037625,0.24978805
3,2,SO_OUT,BB_HBP,0.2544086,0.1740116,0.32309598,0.2484839
3,2,SO_OUT,BB_HBP,0.19343331,0.23387817,0.3357772,0.23691137
3,2,SO_OUT,BB_HBP,0.27931625,0.22148542,0.29470387,0.20449445
1,2,XBH,BB_HBP,0.23954396,0.19220528,0.3456476,0.22260317
2,2,BB_HBP,BB_HBP,0.23554203,0.2595013,0.26345313,0.24150355
2,2,BB_HBP,BB_HBP,0.20686276,0.26697826,0.32521963,0.2009393
3,0,SO_OUT,SINGLE,0.29751673,0.18403794,0.25117576,0.26726952
3,2,SO_OUT,BB_HBP,0.21103908,0.18487588,0.39299092,0.21109413
3,3,SO_OUT,SO_OUT,0.26081094,0.18052256,0.26868516,0.28998134
3,0,SO_OUT,SINGLE,0.30019855,0.17342404,0.23273471,0.2936427
3,0,SO_OUT,SINGLE,0.2894265,0.2358135,0.23034962,0.24441044
0,0,SINGLE,SINGLE,0.32458413,0.18895409,0.21011864,0.27634314
3,1,SO_OUT,XBH,0.2140407,0.27060574,0.26300254,0.25235096
1,2,XBH,BB_HBP,0.27607727,0.27175367,0.28914082,0.16302824
3,0,SO_OUT,SINGLE,0.29312316,0.22536945,0.25215983,0.22934754
2,2,BB_HBP,BB_HBP,0.25274095,0.20372322,0.35264698,0.19088897
0,0,SINGLE,SINGLE,0.30377176,0.22950214,0.21651696,0.25020915
3,3,SO_OUT,SO_OUT,0.21142516,0.23632163,0.24837975,0.30387348
0,3,SINGLE,SO_OUT,0.24415973,0.23007916,0.24425808,0.28150308
3,2,SO_OUT,BB_HBP,0.25747883,0.23491824,0.2704584,0.23714449
3,1,SO_OUT,XBH,0.2755094,0.28450772,0.15837736,0.2816055
3,1,SO_OUT,XBH,0.20721385,0.3783566,0.20810753,0.20632197
1,1,XBH,XBH,0.26918337,0.32658404,0.15259571,0.25163686
3,0,SO_OUT,SINGLE,0.35476542,0.18725047,0.17366864,0.28431538
3,3,SO_OUT,SO_OUT,0.24460079,0.20089765,0.24762145,0.3068801
3,3,SO_OUT,SO_OUT,0.27386016,0.21381053,0.22081064,0.2915187
2,3,BB_HBP,SO_OUT,0.20492895,0.2692549,0.2446,0.28121617
0,1,SINGLE,XBH,0.20079,0.2915657,0.24496326,0.262681
3,1,SO_OUT,XBH,0.2502737,0.26256776,0.25220603,0.23495243
0,1,SINGLE,XBH,0.2115654,0.33294728,0.22640017,0.22908713
0,1,SINGLE,XBH,0.21972008,0.35870463,0.18113323,0.24044213
0,0,SINGLE,SINGLE,0.2851844,0.27011505,0.23010403,0.21459651
3,0,SO_OUT,SINGLE,0.3022226,0.2894283,0.14370464,0.2646444
3,0,SO_OUT,SINGLE,0.3057799,0.24263707,0.15589003,0.295693
3,0,SO_OUT,SINGLE,0.2901374,0.27484533,0.15552875,0.27948856
3,1,SO_OUT,XBH,0.20683062,0.30421337,0.22839087,0.26056516
0,1,SINGLE,XBH,0.22235459,0.32187152,0.19021913,0.26555473
3,2,SO_OUT,BB_HBP,0.19109254,0.28197545,0.28364348,0.24328855
3,2,SO_OUT,BB_HBP,0.24445365,0.25814828,0.25823835,0.23915975
3,0,SO_OUT,SINGLE,0.35405213,0.21792431,0.19322881,0.23479475
1,1,XBH,XBH,0.20462193,0.29677084,0.27971077,0.21889646
0,3,SINGLE,SO_OUT,0.18300685,0.26234975,0.27270073,0.28194267
3,1,SO_OUT,XBH,0.23982315,0.28307095,0.25294223,0.2241637
1,1,XBH,XBH,0.18647844,0.35651997,0.27242753,0.18457411
3,1,SO_OUT,XBH,0.22348306,0.32374427,0.25617424,0.19659849
3,2,SO_OUT,BB_HBP,0.21113436,0.27539843,0.29899028,0.21447688
3,2,SO_OUT,BB_HBP,0.20930137,0.2567247,0.3121075,0.22186644
2,2,BB_HBP,BB_HBP,0.21500738,0.21248451,0.3726996,0.19980857
3,2,SO_OUT,BB_HBP,0.19630231,0.26875654,0.32307786,0.21186337
0,1,SINGLE,XBH,0.1990531,0.31063706,0.27270958,0.2176003
1,0,XBH,SINGLE,0.2810258,0.21892521,0.2668435,0.2332054
3,0,SO_OUT,SINGLE,0.30057615,0.26080677,0.16132538,0.27729172
3,0,SO_OUT,SINGLE,0.31745473,0.19274895,0.18914169,0.3006546
3,0,SO_OUT,SINGLE,0.32943782,0.2559219,0.17171055,0.24292974
3,3,SO_OUT,SO_OUT,0.25161138,0.24270387,0.24294282,0.2627419
3,3,SO_OUT,SO_OUT,0.2699506,0.23164044,0.22323292,0.27517602
1,1,XBH,XBH,0.21015882,0.2911607,0.2585011,0.24017936
3,1,SO_OUT,XBH,0.25357872,0.28135163,0.2565591,0.20851062
0,1,SINGLE,XBH,0.24689944,0.2788276,0.2587089,0.21556409
0,2,SINGLE,BB_HBP,0.2570865,0.23915057,0.29320192,0.21056102
3,3,SO_OUT,SO_OUT,0.28587946,0.19194843,0.18327188,0.33890015
0,1,SINGLE,XBH,0.25391585,0.34873244,0.1645209,0.23283084
3,1,SO_OUT,XBH,0.22011861,0.32312524,0.23206091,0.22469522
0,3,SINGLE,SO_OUT,0.21971387,0.23061292,0.23477606,0.31489718
3,2,SO_OUT,BB_HBP,0.21773455,0.2669858,0.31100336,0.20427625
3,3,SO_OUT,SO_OUT,0.1927245,0.27485403,0.24994397,0.28247747
3,3,SO_OUT,SO_OUT,0.22340147,0.25626737,0.22675337,0.2935778
2,0,BB_HBP,SINGLE,0.30700508,0.26830688,0.17737031,0.24731778
0,1,SINGLE,XBH,0.26642692,0.28784657,0.20503648,0.24069007
0,1,SINGLE,XBH,0.18915384,0.3004679,0.30024135,0.2101369
2,1,BB_HBP,XBH,0.17659293,0.36855507,0.24831603,0.20653595
3,1,SO_OUT,XBH,0.1692526,0.31893048,0.26850468,0.24331221
3,1,SO_OUT,XBH,0.23835419,0.27186203,0.24434455,0.2454392
0,1,SINGLE,XBH,0.2191833,0.28915673,0.27206814,0.21959183
3,1,SO_OUT,XBH,0.2305332,0.32045925,0.22794051,0.22106698
3,1,SO_OUT,XBH,0.19534247,0.27739322,0.2684164,0.25884792
3,1,SO_OUT,XBH,0.2544114,0.29208982,0.22576691,0.2277319
2,1,BB_HBP,XBH,0.20644446,0.32210913,0.2621152,0.20933123
3,2,SO_OUT,BB_HBP,0.22423315,0.26220116,0.27701995,0.23654576
3,2,SO_OUT,BB_HBP,0.1830613,0.29052082,0.31732947,0.20908841
2,2,BB_HBP,BB_HBP,0.24390757,0.23811921,0.28966373,0.22830957
2,3,BB_HBP,SO_OUT,0.21175255,0.26315337,0.25399652,0.27109754
3,2,SO_OUT,BB_HBP,0.22044128,0.25802442,0.2667559,0.2547784
3,3,SO_OUT,SO_OUT,0.1692117,0.2248896,0.29935315,0.30654556
3,2,SO_OUT,BB_HBP,0.2293371,0.24056002,0.30760965,0.22249326
3,1,SO_OUT,XBH,0.22346495,0.29655057,0.21124132,0.26874316
0,1,SINGLE,XBH,0.22481278,0.27929983,0.25816232,0.23772511
3,1,SO_OUT,XBH,0.22616744,0.30001208,0.21287547,0.26094493
3,3,SO_OUT,SO_OUT,0.2185842,0.24278903,0.25139624,0.28723058
3,2,SO_OUT,BB_HBP,0.26302722,0.23649523,0.26311395,0.23736368
0,1,SINGLE,XBH,0.2240283,0.34390128,0.20988734,0.22218311
3,1,SO_OUT,XBH,0.25547826,0.32296273,0.20565356,0.21590547
1,1,XBH,XBH,0.20990811,0.38128126,0.2144435,0.19436705
2,1,BB_HBP,XBH,0.2762976,0.31141338,0.16364275,0.24864633
3,0,SO_OUT,SINGLE,0.32998356,0.20283179,0.14935142,0.31783321
3,3,SO_OUT,SO_OUT,0.29534972,0.13800023,0.26710698,0.2995431
1,0,XBH,SINGLE,0.3295646,0.28715637,0.12801701,0.25526208
3,1,SO_OUT,XBH,0.1678292,0.3176808,0.27885213,0.23563796
0,3,SINGLE,SO_OUT,0.24356495,0.2144368,0.19652006,0.3454782
3,1,SO_OUT,XBH,0.19716737,0.3341978,0.2249339,0.24370094
3,2,SO_OUT,BB_HBP,0.1613417,0.25788018,0.3090368,0.27174133
3,2,SO_OUT,BB_HBP,0.17279392,0.26421165,0.2890671,0.27392727
3,3,SO_OUT,SO_OUT,0.21992864,0.24431722,0.21474963,0.32100454
2,1,BB_HBP,XBH,0.18868434,0.30328006,0.2810662,0.22696936
0,0,SINGLE,SINGLE,0.29404366,0.20145355,0.26430804,0.24019484
3,1,SO_OUT,XBH,0.24458483,0.27565017,0.22641145,0.2533536
2,1,BB_HBP,XBH,0.14175248,0.36313,0.31145057,0.183667
3,1,SO_OUT,XBH,0.26554257,0.2666389,0.23091346,0.23690502
2,1,BB_HBP,XBH,0.23350057,0.29392174,0.262734,0.2098437
3,0,SO_OUT,SINGLE,0.2674542,0.2559957,0.24271809,0.23383205
3,2,SO_OUT,BB_HBP,0.23862033,0.19616592,0.31074739,0.2544664
3,0,SO_OUT,SINGLE,0.29322267,0.20968777,0.2560416,0.24104792
0,3,SINGLE,SO_OUT,0.22299333,0.17720978,0.27359527,0.32620162
3,3,SO_OUT,SO_OUT,0.2602806,0.25154367,0.20693111,0.28124458
3,0,SO_OUT,SINGLE,0.28202376,0.27618843,0.2048283,0.2369596
3,1,SO_OUT,XBH,0.23210591,0.26999876,0.2674152,0.23048012
3,1,SO_OUT,XBH,0.22312202,0.30344683,0.24458331,0.22884788
3,1,SO_OUT,XBH,0.2180301,0.29603142,0.26461712,0.22132133
0,0,SINGLE,SINGLE,0.34684533,0.25680128,0.17933469,0.21701871
1,2,XBH,BB_HBP,0.253718,0.20824434,0.35268396,0.18535373
3,1,SO_OUT,XBH,0.21865092,0.3207383,0.30023956,0.1603713
0,0,SINGLE,SINGLE,0.32743394,0.20145983,0.24006382,0.2310424
3,2,SO_OUT,BB_HBP,0.23964137,0.22935325,0.26973233,0.26127312
3,1,SO_OUT,XBH,0.18387485,0.31112796,0.28535655,0.21964057
3,0,SO_OUT,SINGLE,0.29374352,0.1915791,0.27631763,0.23835973
3,3,SO_OUT,SO_OUT,0.281566,0.20611244,0.20086141,0.31146008
3,0,SO_OUT,SINGLE,0.2902786,0.24550624,0.18473594,0.27947932
1,0,XBH,SINGLE,0.31541348,0.2582907,0.18366432,0.24263151
3,3,SO_OUT,SO_OUT,0.21594538,0.2625667,0.24604835,0.27543956
3,2,SO_OUT,BB_HBP,0.21936134,0.22062792,0.28188992,0.27812085
0,0,SINGLE,SINGLE,0.28092507,0.25313953,0.20582378,0.26011157
0,0,SINGLE,SINGLE,0.2947221,0.2762781,0.1992945,0.22970535
3,0,SO_OUT,SINGLE,0.3098726,0.26523796,0.16993026,0.25495926
3,0,SO_OUT,SINGLE,0.27681184,0.23648551,0.2681444,0.21855818
3,3,SO_OUT,SO_OUT,0.2554476,0.23996688,0.23020066,0.2743849
1,2,XBH,BB_HBP,0.21181002,0.2015282,0.33057275,0.256089
3,2,SO_OUT,BB_HBP,0.20316407,0.2589206,0.34457287,0.1933424
3,1,SO_OUT,XBH,0.26768968,0.268448,0.22715591,0.23670645
3,3,SO_OUT,SO_OUT,0.30295196,0.18707553,0.20434386,0.3056286
3,2,SO_OUT,BB_HBP,0.2777106,0.1973765,0.30104673,0.2238662
3,2,SO_OUT,BB_HBP,0.22394204,0.2550659,0.30649167,0.21450041
2,2,BB_HBP,BB_HBP,0.21103503,0.16589087,0.34562173,0.27745232
3,3,SO_OUT,SO_OUT,0.20303914,0.25184762,0.25203013,0.29308316
3,2,SO_OUT,BB_HBP,0.24368651,0.24552323,0.2584083,0.2523819
3,2,SO_OUT,BB_HBP,0.1663245,0.18936972,0.4062105,0.23809527
3,2,SO_OUT,BB_HBP,0.17615172,0.24623765,0.35341746,0.2241932
1,2,XBH,BB_HBP,0.21200694,0.19592704,0.3609656,0.23110045
1,2,XBH,BB_HBP,0.26238218,0.15498732,0.3052477,0.27738282
3,3,SO_OUT,SO_OUT,0.25609967,0.1791797,0.26583284,0.29888773
2,2,BB_HBP,BB_HBP,0.24603108,0.21375446,0.28023526,0.25997916
3,2,SO_OUT,BB_HBP,0.2490979,0.23757356,0.26216,0.25116858
3,0,SO_OUT,SINGLE,0.385277,0.21542524,0.17691119,0.22238652
0,2,SINGLE,BB_HBP,0.29102147,0.1812553,0.30945215,0.21827112
3,3,SO_OUT,SO_OUT,0.2345512,0.2105872,0.23790082,0.31696078
3,3,SO_OUT,SO_OUT,0.2897264,0.19177231,0.20269679,0.31580457
3,0,SO_OUT,SINGLE,0.34086916,0.24596897,0.17374304,0.23941885
2,2,BB_HBP,BB_HBP,0.22870792,0.1907858,0.31740636,0.26309994
3,0,SO_OUT,SINGLE,0.30698568,0.17365086,0.21935125,0.30001235
3,3,SO_OUT,SO_OUT,0.1860849,0.23018493,0.28758514,0.296145
3,0,SO_OUT,SINGLE,0.39389995,0.21167181,0.15412596,0.24030235
2,1,BB_HBP,XBH,0.28939143,0.297115,0.22040933,0.19308427
2,0,BB_HBP,SINGLE,0.288991,0.21743222,0.23360305,0.2599738
3,0,SO_OUT,SINGLE,0.3359214,0.22161976,0.16185212,0.2806067
3,3,SO_OUT,SO_OUT,0.22258584,0.16618918,0.26608405,0.34514096
3,3,SO_OUT,SO_OUT,0.28066304,0.1801853,0.23391043,0.3052413
3,3,SO_OUT,SO_OUT,0.22691493,0.20547096,0.26336542,0.30424866
3,3,SO_OUT,SO_OUT,0.24902655,0.16610645,0.2863794,0.29848757
3,2,SO_OUT,BB_HBP,0.18783402,0.2425834,0.32566777,0.24391486
0,2,SINGLE,BB_HBP,0.23374282,0.24870238,0.27518913,0.24236566
3,2,SO_OUT,BB_HBP,0.22696139,0.24988757,0.2871171,0.23603387
3,0,SO_OUT,SINGLE,0.31434205,0.20056798,0.22698358,0.2581064
3,3,SO_OUT,SO_OUT,0.2529384,0.21512692,0.26028368,0.2716511
3,1,SO_OUT,XBH,0.25212097,0.25255364,0.24365625,0.25166914
3,2,SO_OUT,BB_HBP,0.21293221,0.18896003,0.34548628,0.25262147
3,2,SO_OUT,BB_HBP,0.20200032,0.25359583,0.3046891,0.2397148
3,1,SO_OUT,XBH,0.21454048,0.30693376,0.25282735,0.22569837
3,3,SO_OUT,SO_OUT,0.2622822,0.2129749,0.24128368,0.2834592
3,3,SO_OUT,SO_OUT,0.27656266,0.19018286,0.22872214,0.30453235
3,0,SO_OUT,SINGLE,0.31073317,0.16300727,0.25533855,0.27092096
2,0,BB_HBP,SINGLE,0.2777229,0.21397547,0.27589458,0.232407
3,3,SO_OUT,SO_OUT,0.20868632,0.1695811,0.30268577,0.3190468
3,1,SO_OUT,XBH,0.19965713,0.2875609,0.27833846,0.23444358
3,0,SO_OUT,SINGLE,0.35278428,0.19044164,0.23733686,0.21943729
1,0,XBH,SINGLE,0.34214908,0.23586166,0.12811664,0.2938726
3,2,SO_OUT,BB_HBP,0.2717,0.21181539,0.29121053,0.22527407
3,3,SO_OUT,SO_OUT,0.23237754,0.23907241,0.25070196,0.27784804
3,1,SO_OUT,XBH,0.21254212,0.3369935,0.2284975,0.22196692
3,0,SO_OUT,SINGLE,0.32134125,0.22668013,0.24147327,0.21050544
3,3,SO_OUT,SO_OUT,0.28576946,0.19143982,0.19930577,0.32348496
3,0,SO_OUT,SINGLE,0.27052101,0.21408497,0.24662234,0.26877165
3,0,SO_OUT,SINGLE,0.30774137,0.23007463,0.19694336,0.26524058
0,0,SINGLE,SINGLE,0.3451871,0.23373926,0.16242738,0.25864622
0,1,SINGLE,XBH,0.2845791,0.2967156,0.20282477,0.21588054
3,3,SO_OUT,SO_OUT,0.2180584,0.23737286,0.22884572,0.31572297
3,0,SO_OUT,SINGLE,0.30932716,0.17531686,0.20842408,0.30693188
0,3,SINGLE,SO_OUT,0.26926076,0.27232516,0.15884705,0.29956707
3,0,SO_OUT,SINGLE,0.35248458,0.2782311,0.13991328,0.22937098
3,3,SO_OUT,SO_OUT,0.2778723,0.23870371,0.19148028,0.29194373
3,3,SO_OUT,SO_OUT,0.25933003,0.26158068,0.19413297,0.28495637
3,0,SO_OUT,SINGLE,0.39411005,0.21333729,0.15036581,0.24218683
0,0,SINGLE,SINGLE,0.3613529,0.20554332,0.21135047,0.22175324
2,1,BB_HBP,XBH,0.29066497,0.29424995,0.1924563,0.22262879
3,1,SO_OUT,XBH,0.24554855,0.27289858,0.24707319,0.23447964
1,2,XBH,BB_HBP,0.21822342,0.23732218,0.2834331,0.26102126
0,1,SINGLE,XBH,0.19709885,0.3053434,0.29026607,0.20729165
3,0,SO_OUT,SINGLE,0.32148948,0.19564618,0.2042192,0.27864504
3,3,SO_OUT,SO_OUT,0.2974914,0.21255676,0.15804633,0.33190545
2,0,BB_HBP,SINGLE,0.27074915,0.26411077,0.21103886,0.2541012
3,1,SO_OUT,XBH,0.23790334,0.3258109,0.16825128,0.26803443
3,1,SO_OUT,XBH,0.21242888,0.38140368,0.21348338,0.19268401
3,2,SO_OUT,BB_HBP,0.23246193,0.23755024,0.28307495,0.24691288
3,0,SO_OUT,SINGLE,0.29168582,0.2343105,0.24300584,0.23099785
0,3,SINGLE,SO_OUT,0.237367,0.23734884,0.24999414,0.27528998
3,2,SO_OUT,BB_HBP,0.17353462,0.2859009,0.31174877,0.22881578
3,2,SO_OUT,BB_HBP,0.26736394,0.17855978,0.3209632,0.23311317
3,2,SO_OUT,BB_HBP,0.27262712,0.232861,0.2734034,0.2211085
3,3,SO_OUT,SO_OUT,0.22357665,0.22717388,0.18964685,0.3596026
2,3,BB_HBP,SO_OUT,0.22096731,0.22067149,0.16019653,0.3981647
1,1,XBH,XBH,0.26628283,0.2943627,0.20563176,0.23372273
3,1,SO_OUT,XBH,0.23740453,0.30148226,0.17298917,0.28812397
3,1,SO_OUT,XBH,0.19189577,0.3218314,0.2701878,0.21608503
3,1,SO_OUT,XBH,0.1748474,0.35431892,0.29881975,0.17201392
3,3,SO_OUT,SO_OUT,0.258876,0.21123321,0.22949684,0.30039385
3,3,SO_OUT,SO_OUT,0.23947217,0.22657642,0.23992172,0.29402968
3,1,SO_OUT,XBH,0.23852073,0.30887312,0.21800245,0.23460364
3,1,SO_OUT,XBH,0.2118638,0.29388085,0.28195363,0.21230164
3,1,SO_OUT,XBH,0.24828786,0.25237066,0.25067937,0.24866214
3,1,SO_OUT,XBH,0.23684765,0.30290833,0.25473523,0.20550886
3,1,SO_OUT,XBH,0.20541017,0.3041098,0.26494694,0.22553314
3,1,SO_OUT,XBH,0.18422204,0.32535544,0.31158945,0.17883311
3,1,SO_OUT,XBH,0.24365291,0.27052143,0.22752298,0.2583027
3,1,SO_OUT,XBH,0.2024663,0.32336855,0.2800674,0.19409768
3,1,SO_OUT,XBH,0.20346238,0.286297,0.28413206,0.22610858
3,3,SO_OUT,SO_OUT,0.26989678,0.20587033,0.1629554,0.36127746
3,3,SO_OUT,SO_OUT,0.2512468,0.2312214,0.19735533,0.32017642
3,0,SO_OUT,SINGLE,0.3131405,0.23622404,0.18219157,0.26844388
0,3,SINGLE,SO_OUT,0.2102461,0.30243543,0.1811682,0.30615023
3,3,SO_OUT,SO_OUT,0.28141594,0.21954146,0.20085491,0.29818764
3,3,SO_OUT,SO_OUT,0.2517469,0.24126883,0.24141626,0.265568
1,2,XBH,BB_HBP,0.22899769,0.18619788,0.3306486,0.25415578
2,3,BB_HBP,SO_OUT,0.26558945,0.2023662,0.25580695,0.2762374
2,2,BB_HBP,BB_HBP,0.1858131,0.25270644,0.3775315,0.1839489
1,1,XBH,XBH,0.16245712,0.32415292,0.30870372,0.20468627
0,1,SINGLE,XBH,0.14640023,0.3431971,0.32647,0.18393265
3,0,SO_OUT,SINGLE,0.3379181,0.18908301,0.1881466,0.28485227
0,0,SINGLE,SINGLE,0.33156207,0.20627454,0.2044582,0.25770518
3,1,SO_OUT,XBH,0.255745,0.30341148,0.15929626,0.2815472
3,3,SO_OUT,SO_OUT,0.22077422,0.26511607,0.2414212,0.27268848
3,0,SO_OUT,SINGLE,0.30650103,0.25626302,0.16792606,0.26931
3,3,SO_OUT,SO_OUT,0.23767678,0.17432347,0.24523805,0.34276173
3,3,SO_OUT,SO_OUT,0.22792642,0.19793428,0.27027276,0.3038665
3,3,SO_OUT,SO_OUT,0.22607288,0.24778025,0.2498674,0.2762795
3,1,SO_OUT,XBH,0.25222626,0.3501247,0.21181414,0.18583499
3,1,SO_OUT,XBH,0.20335914,0.32061028,0.26220855,0.213822
3,0,SO_OUT,SINGLE,0.33980173,0.21808983,0.21316329,0.22894509
1,3,XBH,SO_OUT,0.25707203,0.2502419,0.19001052,0.30267552
3,3,SO_OUT,SO_OUT,0.19312708,0.20950912,0.21965334,0.3777104
3,0,SO_OUT,SINGLE,0.31257248,0.2452165,0.1812724,0.26093858
2,1,BB_HBP,XBH,0.2287903,0.3121629,0.19727701,0.2617698
3,3,SO_OUT,SO_OUT,0.2269192,0.21381614,0.16031685,0.39894786
3,3,SO_OUT,SO_OUT,0.3075452,0.17870897,0.19699952,0.31674623
0,3,SINGLE,SO_OUT,0.2760268,0.24477449,0.18267472,0.29652396
0,1,SINGLE,XBH,0.2016229,0.38038394,0.19277029,0.22522283
3,1,SO_OUT,XBH,0.25505215,0.2990211,0.1827575,0.26316923
3,3,SO_OUT,SO_OUT,0.255903,0.23057498,0.20485573,0.30866626
3,3,SO_OUT,SO_OUT,0.2455753,0.2092868,0.25684744,0.2882905
3,3,SO_OUT,SO_OUT,0.23822452,0.22072065,0.21719693,0.3238579
3,1,SO_OUT,XBH,0.24652687,0.3073534,0.19637822,0.24974154
3,1,SO_OUT,XBH,0.20586705,0.35003722,0.2347057,0.20939006
0,1,SINGLE,XBH,0.23393996,0.32583442,0.1827839,0.2574417
3,0,SO_OUT,SINGLE,0.32103166,0.24859521,0.14816973,0.28220344
0,1,SINGLE,XBH,0.27438334,0.29512095,0.18172598,0.24876975
3,1,SO_OUT,XBH,0.19718279,0.28632793,0.28459963,0.23188967
3,1,SO_OUT,XBH,0.25026098,0.27103037,0.232013,0.24669568
3,3,SO_OUT,SO_OUT,0.29604614,0.22556436,0.16983916,0.30855036
0,1,SINGLE,XBH,0.23398747,0.310975,0.19857675,0.25646082
2,1,BB_HBP,XBH,0.1906913,0.34041643,0.19042641,0.27846587
0,1,SINGLE,XBH,0.22184949,0.31709003,0.22751874,0.23354173
3,1,SO_OUT,XBH,0.226071,0.3312242,0.22968853,0.21301633
3,3,SO_OUT,SO_OUT,0.2510704,0.19445542,0.22762726,0.32684696
2,0,BB_HBP,SINGLE,0.37647086,0.2384099,0.14435512,0.24076417
0,3,SINGLE,SO_OUT,0.26350936,0.17596377,0.26932114,0.29120573
3,0,SO_OUT,SINGLE,0.26203132,0.24511293,0.23754288,0.2553128
3,1,SO_OUT,XBH,0.21449533,0.3351068,0.25592908,0.19446881
0,1,SINGLE,XBH,0.21743622,0.30605492,0.2989636,0.17754526
0,1,SINGLE,XBH,0.21476628,0.29946783,0.25138128,0.23438466
3,3,SO_OUT,SO_OUT,0.20030342,0.23256321,0.25515175,0.31198162
2,3,BB_HBP,SO_OUT,0.21946873,0.2160061,0.22294767,0.34157744
0,3,SINGLE,SO_OUT,0.23424137,0.21982975,0.23637141,0.30955747
3,3,SO_OUT,SO_OUT,0.25354776,0.20263709,0.2611263,0.2826888
1,1,XBH,XBH,0.28014317,0.29485586,0.18584056,0.2391604
0,1,SINGLE,XBH,0.24980237,0.28553867,0.21254012,0.25211886
0,0,SINGLE,SINGLE,0.3261381,0.24841537,0.19650346,0.22894311
3,3,SO_OUT,SO_OUT,0.25280026,0.22233574,0.20674272,0.3181213
0,3,SINGLE,SO_OUT,0.23634149,0.2449939,0.14280728,0.37585732
2,3,BB_HBP,SO_OUT,0.28761083,0.19930217,0.21600303,0.29708397
3,0,SO_OUT,SINGLE,0.30010965,0.2699322,0.20055218,0.22940597
1,1,XBH,XBH,0.21378368,0.35866606,0.20587276,0.22167756
0,1,SINGLE,XBH,0.24594647,0.3181931,0.20575924,0.23010117
0,1,SINGLE,XBH,0.23759468,0.337488,0.18925706,0.23566024
2,1,BB_HBP,XBH,0.25915244,0.34143975,0.18615516,0.21325262
3,1,SO_OUT,XBH,0.26271543,0.2986665,0.21442954,0.22418848
3,0,SO_OUT,SINGLE,0.3382045,0.18196984,0.23021892,0.24960679
0,1,SINGLE,XBH,0.18905774,0.336946,0.2728775,0.20111874
0,0,SINGLE,SINGLE,0.3155972,0.24490039,0.19087291,0.2486295
2,1,BB_HBP,XBH,0.20048061,0.29832962,0.27768105,0.22350863
0,1,SINGLE,XBH,0.17914589,0.33444285,0.232247,0.25416425
1,1,XBH,XBH,0.25722647,0.27865735,0.19720136,0.26691478
3,1,SO_OUT,XBH,0.2527738,0.26988924,0.22666675,0.25067022
3,3,SO_OUT,SO_OUT,0.21372804,0.22569492,0.16327778,0.39729923
3,3,SO_OUT,SO_OUT,0.27787194,0.23234248,0.1815033,0.3082822
0,1,SINGLE,XBH,0.19669722,0.35245973,0.1607952,0.29004782
0,1,SINGLE,XBH,0.23843585,0.35288203,0.13731739,0.2713647
3,1,SO_OUT,XBH,0.2564594,0.32905218,0.16063657,0.2538519
3,1,SO_OUT,XBH,0.26511744,0.2919667,0.2042062,0.2387097
3,3,SO_OUT,SO_OUT,0.20670517,0.24366085,0.27106175,0.27857223
2,1,BB_HBP,XBH,0.2529364,0.31237838,0.19552311,0.23916213
3,1,SO_OUT,XBH,0.19639179,0.30648237,0.24596548,0.25116038
0,1,SINGLE,XBH,0.18081507,0.34331784,0.23168877,0.24417828
0,0,SINGLE,SINGLE,0.30250952,0.2549359,0.1674814,0.2750732
3,1,SO_OUT,XBH,0.24839415,0.31653348,0.20339201,0.23168041
0,1,SINGLE,XBH,0.19919342,0.3824585,0.21073471,0.20761335
1,0,XBH,SINGLE,0.29207477,0.25344646,0.17285226,0.28162646
3,3,SO_OUT,SO_OUT,0.22233048,0.30295038,0.16743843,0.30728075
3,1,SO_OUT,XBH,0.21178928,0.3267278,0.18736486,0.27411816
3,0,SO_OUT,SINGLE,0.30380026,0.28172603,0.17851552,0.23595822
3,3,SO_OUT,SO_OUT,0.20533839,0.26319996,0.2213013,0.3101604
3,3,SO_OUT,SO_OUT,0.22649176,0.2553075,0.22516115,0.29303962
3,0,SO_OUT,SINGLE,0.30961353,0.2760821,0.17064524,0.24365921
3,1,SO_OUT,XBH,0.25207937,0.35639545,0.20515689,0.18636836
3,1,SO_OUT,XBH,0.20766456,0.29018623,0.26408324,0.23806596
1,1,XBH,XBH,0.2076476,0.3734165,0.23327343,0.18566245
0,0,SINGLE,SINGLE,0.3365257,0.23737565,0.19029847,0.23580024
1,1,XBH,XBH,0.25389427,0.2895005,0.1672598,0.2893455
3,2,SO_OUT,BB_HBP,0.15076363,0.32297805,0.34919468,0.17706357
2,1,BB_HBP,XBH,0.13694952,0.3965474,0.26320592,0.2032972
3,1,SO_OUT,XBH,0.25105375,0.2792042,0.21882342,0.25091866
2,1,BB_HBP,XBH,0.21987338,0.2710052,0.26829997,0.24082136
0,3,SINGLE,SO_OUT,0.27483085,0.2182055,0.21880928,0.28815445
3,3,SO_OUT,SO_OUT,0.25171977,0.23813063,0.2018234,0.3083262
2,1,BB_HBP,XBH,0.21464168,0.36921364,0.14618166,0.26996306
3,1,SO_OUT,XBH,0.2548788,0.29583165,0.17293087,0.27635863
3,3,SO_OUT,SO_OUT,0.20371632,0.17420483,0.19886851,0.42321035
0,3,SINGLE,SO_OUT,0.21752618,0.24838498,0.22731583,0.30677307
3,3,SO_OUT,SO_OUT,0.22595087,0.25357497,0.23497364,0.2855005
3,1,SO_OUT,XBH,0.2877522,0.28916138,0.17930219,0.24378416
3,1,SO_OUT,XBH,0.22240967,0.32422853,0.17534994,0.2780119
0,1,SINGLE,XBH,0.2387565,0.30707118,0.20833965,0.24583262
2,1,BB_HBP,XBH,0.19239795,0.41206232,0.17836615,0.21717367
3,3,SO_OUT,SO_OUT,0.30265072,0.24307348,0.13589004,0.31838572
3,3,SO_OUT,SO_OUT,0.25615975,0.23512036,0.1599169,0.348803
3,1,SO_OUT,XBH,0.2524127,0.3044256,0.15257344,0.29058826
3,3,SO_OUT,SO_OUT,0.21301082,0.21395212,0.2548837,0.31815338
0,3,SINGLE,SO_OUT,0.29110852,0.22283988,0.15193357,0.334118
3,3,SO_OUT,SO_OUT,0.2621029,0.20868531,0.16970763,0.3595042
3,3,SO_OUT,SO_OUT,0.2831808,0.21379285,0.18299589,0.3200305
1,3,XBH,SO_OUT,0.2662782,0.21206544,0.1630131,0.35864326
3,3,SO_OUT,SO_OUT,0.22446345,0.2639957,0.22859465,0.2829462
0,0,SINGLE,SINGLE,0.30719468,0.24337885,0.20288363,0.24654289
3,3,SO_OUT,SO_OUT,0.21612233,0.18384793,0.21812071,0.38190898
3,0,SO_OUT,SINGLE,0.2985635,0.17278339,0.2649108,0.2637423
3,1,SO_OUT,XBH,0.25845966,0.27608892,0.1959321,0.2695193
3,2,SO_OUT,BB_HBP,0.25924662,0.23751333,0.29705858,0.20618147
3,3,SO_OUT,SO_OUT,0.20400658,0.29056427,0.21440063,0.29102853
3,0,SO_OUT,SINGLE,0.277268,0.21549347,0.24215287,0.26508567
0,2,SINGLE,BB_HBP,0.19908957,0.20143782,0.37739584,0.22207671
3,0,SO_OUT,SINGLE,0.28318793,0.21610597,0.24167813,0.25902802
1,2,XBH,BB_HBP,0.20770693,0.22881201,0.3601181,0.20336306
3,1,SO_OUT,XBH,0.17577575,0.33476302,0.27214614,0.21731517
3,3,SO_OUT,SO_OUT,0.20854585,0.18078442,0.15660837,0.4540614
3,3,SO_OUT,SO_OUT,0.27156833,0.19476803,0.20879404,0.32486957
3,3,SO_OUT,SO_OUT,0.20949757,0.20657367,0.12553895,0.45838988
3,3,SO_OUT,SO_OUT,0.22215328,0.25592834,0.21716703,0.30475134
3,1,SO_OUT,XBH,0.2600644,0.30031458,0.17019083,0.26943016
0,1,SINGLE,XBH,0.16708516,0.33286697,0.3203553,0.17969254
3,0,SO_OUT,SINGLE,0.30040893,0.20737484,0.2205417,0.27167457
3,0,SO_OUT,SINGLE,0.3088567,0.24659535,0.2679373,0.17661063
3,1,SO_OUT,XBH,0.16603473,0.34441102,0.28847346,0.20108084
3,2,SO_OUT,BB_HBP,0.18402664,0.20812061,0.39638886,0.2114638
3,0,SO_OUT,SINGLE,0.26056933,0.2513461,0.23364517,0.25443932
3,2,SO_OUT,BB_HBP,0.17927292,0.24425314,0.38986173,0.18661223
3,1,SO_OUT,XBH,0.21663,0.29957882,0.23331825,0.250473
3,1,SO_OUT,XBH,0.27674732,0.3394305,0.17009361,0.21372864
3,2,SO_OUT,BB_HBP,0.2057857,0.24701512,0.29677454,0.25042462
3,0,SO_OUT,SINGLE,0.2875715,0.20230441,0.2774027,0.23272139
3,3,SO_OUT,SO_OUT,0.26350254,0.14695068,0.20343734,0.38610947
3,3,SO_OUT,SO_OUT,0.21001714,0.22113258,0.27805957,0.29079068
3,0,SO_OUT,SINGLE,0.30774444,0.19244982,0.2330421,0.2667636
3,0,SO_OUT,SINGLE,0.2896042,0.17248721,0.25773495,0.2801737
3,2,SO_OUT,BB_HBP,0.25938013,0.21002434,0.3094236,0.22117187
3,0,SO_OUT,SINGLE,0.31081396,0.22777599,0.21523647,0.2461736
0,2,SINGLE,BB_HBP,0.23515828,0.22594215,0.3222485,0.21665117
3,3,SO_OUT,SO_OUT,0.2641657,0.18924554,0.22648673,0.32010207
0,0,SINGLE,SINGLE,0.27678943,0.20412259,0.25598845,0.26309952
0,3,SINGLE,SO_OUT,0.23474212,0.17665367,0.28008273,0.30852148
3,0,SO_OUT,SINGLE,0.28016943,0.260572,0.199568,0.25969046
0,0,SINGLE,SINGLE,0.28928018,0.23220399,0.21710256,0.26141328
3,1,SO_OUT,XBH,0.24146499,0.27185136,0.26585776,0.22082584
3,0,SO_OUT,SINGLE,0.29935643,0.17101805,0.29588175,0.23374382
3,1,SO_OUT,XBH,0.24894676,0.29364088,0.26300597,0.19440635
3,2,SO_OUT,BB_HBP,0.2138076,0.16020599,0.37407464,0.25191176
2,2,BB_HBP,BB_HBP,0.25847462,0.17057875,0.30195677,0.2689899
3,0,SO_OUT,SINGLE,0.28406045,0.20078665,0.24858345,0.26656947
0,0,SINGLE,SINGLE,0.3269698,0.25061658,0.23528598,0.18712758
3,0,SO_OUT,SINGLE,0.32088932,0.18221457,0.21504535,0.28185073
3,3,SO_OUT,SO_OUT,0.30773973,0.18044731,0.16194102,0.3498719
3,3,SO_OUT,SO_OUT,0.26516327,0.26213568,0.19720155,0.27549952
3,2,SO_OUT,BB_HBP,0.23623751,0.13768268,0.39467478,0.231405
3,0,SO_OUT,SINGLE,0.31787658,0.25103006,0.20782794,0.22326544
0,0,SINGLE,SINGLE,0.3467391,0.15692574,0.20306577,0.29326943
3,3,SO_OUT,SO_OUT,0.21956778,0.2509518,0.2527281,0.27675223
3,3,SO_OUT,SO_OUT,0.2349396,0.22370608,0.23353183,0.3078225
0,3,SINGLE,SO_OUT,0.23135297,0.25095633,0.25709102,0.2605997
3,2,SO_OUT,BB_HBP,0.24203648,0.25178793,0.26729527,0.23888035
3,3,SO_OUT,SO_OUT,0.3028177,0.1813892,0.15930597,0.35648713
3,1,SO_OUT,XBH,0.2563205,0.27489546,0.22636124,0.2424228
3,0,SO_OUT,SINGLE,0.31618753,0.25872865,0.22452366,0.20056017
0,1,SINGLE,XBH,0.25481522,0.28549752,0.24965784,0.21002941
0,2,SINGLE,BB_HBP,0.22096881,0.1917542,0.34944287,0.23783413
3,3,SO_OUT,SO_OUT,0.22385259,0.1944605,0.25957817,0.32210872
3,0,SO_OUT,SINGLE,0.3157468,0.24902996,0.16895664,0.2662666
0,1,SINGLE,XBH,0.21673504,0.35119405,0.2346199,0.19745095
3,2,SO_OUT,BB_HBP,0.20262098,0.21798475,0.3248288,0.25456536
3,0,SO_OUT,SINGLE,0.2966171,0.27890003,0.1542422,0.27024063
3,3,SO_OUT,SO_OUT,0.26001447,0.119590856,0.24370465,0.37669003
0,0,SINGLE,SINGLE,0.3112782,0.2242379,0.19644965,0.26803422
2,2,BB_HBP,BB_HBP,0.26131427,0.2324233,0.28439516,0.22186734
3,3,SO_OUT,SO_OUT,0.25475237,0.22871369,0.17100637,0.3455276
0,3,SINGLE,SO_OUT,0.27212617,0.20494072,0.19292127,0.3300118
3,3,SO_OUT,SO_OUT,0.2402771,0.2331808,0.2265207,0.30002135
0,1,SINGLE,XBH,0.22916013,0.29010698,0.19267994,0.28805295
3,1,SO_OUT,XBH,0.21214868,0.29204416,0.21783938,0.2779678
3,1,SO_OUT,XBH,0.26194543,0.30157274,0.20015787,0.23632398
1,0,XBH,SINGLE,0.27045292,0.2584316,0.23298436,0.2381311
3,2,SO_OUT,BB_HBP,0.26577145,0.2464966,0.26788712,0.21984485
3,1,SO_OUT,XBH,0.20294522,0.2779319,0.26259696,0.2565259
3,2,SO_OUT,BB_HBP,0.27100554,0.19513494,0.28431958,0.24953991
3,3,SO_OUT,SO_OUT,0.21865807,0.26235634,0.25596341,0.26302224
0,3,SINGLE,SO_OUT,0.27799758,0.2803036,0.15220644,0.28949234
3,3,SO_OUT,SO_OUT,0.21617116,0.26115015,0.25255978,0.27011895
3,3,SO_OUT,SO_OUT,0.27862182,0.22321568,0.20239192,0.2957706
3,0,SO_OUT,SINGLE,0.28988066,0.23622617,0.21045782,0.26343545
3,3,SO_OUT,SO_OUT,0.21518332,0.1940658,0.27796543,0.3127855
2,3,BB_HBP,SO_OUT,0.2784042,0.18947272,0.24707414,0.28504884
3,2,SO_OUT,BB_HBP,0.24431925,0.2313247,0.26596263,0.25839344
3,2,SO_OUT,BB_HBP,0.20104353,0.18639277,0.3779683,0.23459542
3,2,SO_OUT,BB_HBP,0.2614401,0.1710249,0.31607985,0.25145513
3,2,SO_OUT,BB_HBP,0.24704197,0.23696111,0.29075423,0.22524272
3,3,SO_OUT,SO_OUT,0.22942504,0.18675502,0.26717022,0.31664965
3,0,SO_OUT,SINGLE,0.32053053,0.22099881,0.1642269,0.29424375
1,2,XBH,BB_HBP,0.22479632,0.23164421,0.2935036,0.25005585
3,0,SO_OUT,SINGLE,0.28762826,0.2361751,0.28564584,0.19055085
0,0,SINGLE,SINGLE,0.2934354,0.24766934,0.22647282,0.23242253
0,0,SINGLE,SINGLE,0.34683886,0.15472914,0.16183127,0.33660075
1,0,XBH,SINGLE,0.30957028,0.2593887,0.18230796,0.24873307
3,2,SO_OUT,BB_HBP,0.24860577,0.2266131,0.27441445,0.25036672
3,2,SO_OUT,BB_HBP,0.20368779,0.23454317,0.3100047,0.25176433
3,3,SO_OUT,SO_OUT,0.2861728,0.18729538,0.21219073,0.3143411
0,3,SINGLE,SO_OUT,0.26742867,0.24981013,0.2101809,0.27258033
3,3,SO_OUT,SO_OUT,0.2670067,0.17743118,0.24402201,0.31154007
1,2,XBH,BB_HBP,0.21226606,0.18661496,0.3450601,0.2560589
0,1,SINGLE,XBH,0.19225955,0.2735312,0.26438513,0.26982412
3,3,SO_OUT,SO_OUT,0.24702632,0.22144502,0.22922899,0.30229968
3,0,SO_OUT,SINGLE,0.37786806,0.12431949,0.19732992,0.3004825
0,0,SINGLE,SINGLE,0.27870116,0.25447428,0.20449539,0.26232916
0,1,SINGLE,XBH,0.27992228,0.28240585,0.19037947,0.24729241
0,0,SINGLE,SINGLE,0.27079585,0.22168247,0.24252608,0.26499555
3,3,SO_OUT,SO_OUT,0.25812823,0.23571005,0.24706194,0.25909975
3,3,SO_OUT,SO_OUT,0.2384422,0.22827409,0.24243867,0.29084504
3,2,SO_OUT,BB_HBP,0.22681105,0.2119778,0.3071835,0.2540276
0,3,SINGLE,SO_OUT,0.25598478,0.20933719,0.22836673,0.30631125
3,0,SO_OUT,SINGLE,0.3170009,0.20778945,0.21731885,0.25789085
3,0,SO_OUT,SINGLE,0.29586878,0.23232579,0.20750718,0.2642982
3,3,SO_OUT,SO_OUT,0.25140944,0.25143382,0.21193795,0.2852188
3,0,SO_OUT,SINGLE,0.28773963,0.27544227,0.20548022,0.23133788
0,3,SINGLE,SO_OUT,0.25816834,0.23961595,0.2412863,0.26092947
0,0,SINGLE,SINGLE,0.28556675,0.23009726,0.2389472,0.24538873
3,3,SO_OUT,SO_OUT,0.24887829,0.18212037,0.2513417,0.31765965
3,0,SO_OUT,SINGLE,0.31902188,0.19984671,0.20827247,0.27285892
3,1,SO_OUT,XBH,0.22033234,0.3351404,0.24627814,0.19824915
3,3,SO_OUT,SO_OUT,0.26109412,0.25958076,0.21593769,0.26338744
3,2,SO_OUT,BB_HBP,0.28740552,0.18532564,0.29831406,0.22895478
2,2,BB_HBP,BB_HBP,0.26024652,0.2103708,0.26551428,0.26386845
3,1,SO_OUT,XBH,0.2580678,0.28259313,0.19395593,0.26538315
2,0,BB_HBP,SINGLE,0.29081544,0.26746464,0.1916273,0.25009266
3,1,SO_OUT,XBH,0.21003874,0.37460825,0.24110286,0.17425011
3,3,SO_OUT,SO_OUT,0.2192984,0.25532016,0.2231387,0.3022428
1,3,XBH,SO_OUT,0.23312554,0.24314062,0.21968952,0.30404428
3,0,SO_OUT,SINGLE,0.3413201,0.22516418,0.13710119,0.29641452
3,2,SO_OUT,BB_HBP,0.26487425,0.195852,0.31829923,0.22097453
3,3,SO_OUT,SO_OUT,0.22923176,0.19542673,0.1441839,0.43115753
3,1,SO_OUT,XBH,0.25992152,0.29426217,0.20825948,0.23755684
3,1,SO_OUT,XBH,0.24326192,0.26478687,0.2490286,0.2429226
2,3,BB_HBP,SO_OUT,0.30742237,0.18260336,0.19921333,0.31076086
3,3,SO_OUT,SO_OUT,0.2669157,0.221948,0.24032573,0.27081057
3,3,SO_OUT,SO_OUT,0.24169745,0.21653298,0.25561947,0.28615007
3,0,SO_OUT,SINGLE,0.30447808,0.24127409,0.20919895,0.24504884
3,0,SO_OUT,SINGLE,0.2894467,0.21354638,0.23651876,0.26048812
3,3,SO_OUT,SO_OUT,0.2656996,0.22330084,0.22368936,0.28731027
3,1,SO_OUT,XBH,0.23951942,0.3159169,0.18713316,0.25743055
0,3,SINGLE,SO_OUT,0.24435657,0.2678089,0.18567386,0.3021606
0,1,SINGLE,XBH,0.27687657,0.27719906,0.18366878,0.26225558
3,3,SO_OUT,SO_OUT,0.214786,0.25252938,0.2409589,0.29172575
3,0,SO_OUT,SINGLE,0.31067303,0.26962605,0.16015075,0.25955018
0,2,SINGLE,BB_HBP,0.26454252,0.19206756,0.2757947,0.26759523
3,0,SO_OUT,SINGLE,0.28235477,0.27011353,0.1985496,0.24898218
3,0,SO_OUT,SINGLE,0.3270281,0.2051873,0.2002168,0.26756775
3,2,SO_OUT,BB_HBP,0.24049859,0.24715845,0.26275355,0.24958943
3,2,SO_OUT,BB_HBP,0.21138135,0.20948838,0.3222211,0.25690925
3,0,SO_OUT,SINGLE,0.3175878,0.23029178,0.22584943,0.226271
0,0,SINGLE,SINGLE,0.30239287,0.27145815,0.21879332,0.20735568
3,3,SO_OUT,SO_OUT,0.22474934,0.21168812,0.25537527,0.30818728
3,0,SO_OUT,SINGLE,0.29120937,0.19945739,0.2385206,0.27081263
1,3,XBH,SO_OUT,0.2839727,0.2562178,0.17388046,0.285929
3,0,SO_OUT,SINGLE,0.2966872,0.22942825,0.26407522,0.20980929
3,2,SO_OUT,BB_HBP,0.20359673,0.25827554,0.29959437,0.2385334
0,0,SINGLE,SINGLE,0.29836753,0.21573745,0.22652194,0.25937304
1,0,XBH,SINGLE,0.26086703,0.24433033,0.25779772,0.23700498
3,0,SO_OUT,SINGLE,0.34069473,0.23087613,0.18581492,0.24261416
3,0,SO_OUT,SINGLE,0.34979904,0.231487,0.19589382,0.22282012
3,2,SO_OUT,BB_HBP,0.21701254,0.22815004,0.3045488,0.25028858
3,1,SO_OUT,XBH,0.20120604,0.29328212,0.26768512,0.23782668
3,0,SO_OUT,SINGLE,0.29893062,0.20237812,0.27685,0.22184135
3,0,SO_OUT,SINGLE,0.28593314,0.23699015,0.20779529,0.26928133
3,0,SO_OUT,SINGLE,0.2972369,0.2481909,0.20132591,0.25324622
3,0,SO_OUT,SINGLE,0.30902994,0.24862377,0.20051391,0.24183236
3,3,SO_OUT,SO_OUT,0.22737533,0.2340236,0.2561104,0.28249067
3,0,SO_OUT,SINGLE,0.29226997,0.1801522,0.26213866,0.2654391
3,0,SO_OUT,SINGLE,0.32356614,0.23845251,0.17837732,0.25960404
3,2,SO_OUT,BB_HBP,0.24631494,0.18883742,0.29753274,0.2673149
3,1,SO_OUT,XBH,0.21244106,0.28209066,0.2660002,0.23946804
3,0,SO_OUT,SINGLE,0.35868376,0.22615093,0.16463104,0.25053433
0,0,SINGLE,SINGLE,0.26904133,0.2273417,0.26066098,0.24295603
3,2,SO_OUT,BB_HBP,0.22685961,0.2522965,0.30026752,0.22057633
2,0,BB_HBP,SINGLE,0.3087873,0.22356471,0.26157144,0.20607653
1,0,XBH,SINGLE,0.28825516,0.22648524,0.2570557,0.22820385
0,0,SINGLE,SINGLE,0.36158684,0.19267996,0.17541818,0.270315
3,0,SO_OUT,SINGLE,0.2836753,0.17956454,0.25566754,0.2810926
3,0,SO_OUT,SINGLE,0.29588827,0.20156138,0.22328071,0.27926973
3,2,SO_OUT,BB_HBP,0.17767036,0.20668258,0.35585675,0.2597904
3,3,SO_OUT,SO_OUT,0.24426146,0.23782142,0.24940954,0.26850757
3,2,SO_OUT,BB_HBP,0.22087492,0.21470593,0.33654225,0.22787692
2,0,BB_HBP,SINGLE,0.31057772,0.23861668,0.24715644,0.20364922
2,0,BB_HBP,SINGLE,0.30722162,0.25250965,0.22218579,0.2180829
3,3,SO_OUT,SO_OUT,0.26131216,0.20865862,0.21141571,0.3186135
3,0,SO_OUT,SINGLE,0.32580692,0.23716874,0.16974452,0.26727977
3,0,SO_OUT,SINGLE,0.36428285,0.26072752,0.14667085,0.2283187
2,0,BB_HBP,SINGLE,0.3011995,0.23595083,0.19540939,0.26744035
3,3,SO_OUT,SO_OUT,0.24109499,0.23544537,0.25620595,0.2672536
3,1,SO_OUT,XBH,0.2697024,0.2746454,0.23863724,0.21701497
3,3,SO_OUT,SO_OUT,0.26378667,0.21675807,0.2036485,0.31580675
3,2,SO_OUT,BB_HBP,0.23986883,0.23806004,0.27620152,0.2458696
3,3,SO_OUT,SO_OUT,0.24935514,0.2591471,0.21987113,0.27162662
3,1,SO_OUT,XBH,0.20630822,0.31165677,0.28328907,0.19874595
0,0,SINGLE,SINGLE,0.29013002,0.28134143,0.2126373,0.21589127
3,2,SO_OUT,BB_HBP,0.1823874,0.2614265,0.32946768,0.2267184
0,2,SINGLE,BB_HBP,0.2575015,0.17926735,0.3088647,0.2543664
3,3,SO_OUT,SO_OUT,0.2455108,0.232454,0.21023634,0.3117988
3,0,SO_OUT,SINGLE,0.35600823,0.254643,0.1569282,0.23242053
1,0,XBH,SINGLE,0.32273027,0.22910842,0.23815025,0.21001107
3,1,SO_OUT,XBH,0.22639053,0.2963374,0.23661071,0.2406614
3,2,SO_OUT,BB_HBP,0.19771841,0.22779094,0.30108184,0.2734088
3,1,SO_OUT,XBH,0.23241508,0.2703939,0.24376155,0.25342947
2,2,BB_HBP,BB_HBP,0.23297764,0.26281524,0.27536714,0.22884001
1,1,XBH,XBH,0.238336,0.29529864,0.2102628,0.25610262
3,1,SO_OUT,XBH,0.23524463,0.32540983,0.19961391,0.23973161
3,0,SO_OUT,SINGLE,0.26818186,0.2542424,0.23360059,0.2439751
3,2,SO_OUT,BB_HBP,0.23286815,0.21605954,0.30034995,0.25072235
3,1,SO_OUT,XBH,0.22944045,0.28568545,0.2449615,0.2399126
3,0,SO_OUT,SINGLE,0.29047564,0.22163509,0.24176805,0.2461211
3,3,SO_OUT,SO_OUT,0.25120673,0.17003793,0.19072601,0.38802928
3,3,SO_OUT,SO_OUT,0.23171875,0.26463917,0.15163071,0.35201135
3,0,SO_OUT,SINGLE,0.33108598,0.22799076,0.19709569,0.24382763
0,1,SINGLE,XBH,0.2753315,0.2770068,0.18595426,0.26170743
3,3,SO_OUT,SO_OUT,0.24226531,0.20954,0.26121294,0.2869818
3,3,SO_OUT,SO_OUT,0.22853586,0.25980923,0.2470218,0.2646331
3,2,SO_OUT,BB_HBP,0.19615197,0.22838008,0.29795262,0.27751535
3,3,SO_OUT,SO_OUT,0.28794196,0.22051688,0.17299154,0.31854963
3,3,SO_OUT,SO_OUT,0.23209311,0.27048123,0.21229282,0.28513283
3,1,SO_OUT,XBH,0.24525638,0.31586936,0.20000899,0.23886535
3,1,SO_OUT,XBH,0.21565007,0.30881405,0.21649174,0.25904417
3,1,SO_OUT,XBH,0.27731597,0.3065733,0.1766834,0.23942733
3,1,SO_OUT,XBH,0.2536732,0.3053544,0.20591818,0.2350542
3,1,SO_OUT,XBH,0.22643442,0.2907699,0.19933511,0.2834606
3,1,SO_OUT,XBH,0.21667156,0.27287486,0.24526666,0.26518694
3,0,SO_OUT,SINGLE,0.339853,0.22551703,0.16833806,0.26629195
1,3,XBH,SO_OUT,0.30108556,0.18989885,0.20678842,0.30222717
0,2,SINGLE,BB_HBP,0.2535934,0.23801441,0.25968003,0.2487122
3,0,SO_OUT,SINGLE,0.29259706,0.23438595,0.24963345,0.22338347
3,1,SO_OUT,XBH,0.19859119,0.29151154,0.26100206,0.24889524
3,2,SO_OUT,BB_HBP,0.23321633,0.26398128,0.2660889,0.23671356
3,2,SO_OUT,BB_HBP,0.22556107,0.2526271,0.26491666,0.25689524
3,2,SO_OUT,BB_HBP,0.22165437,0.23859857,0.31768695,0.22206016
1,1,XBH,XBH,0.20482881,0.3146227,0.28353977,0.19700876
3,0,SO_OUT,SINGLE,0.30504435,0.22447558,0.2200322,0.2504479
0,0,SINGLE,SINGLE,0.3389878,0.22396767,0.1670712,0.26997334
3,0,SO_OUT,SINGLE,0.3116022,0.25386778,0.17322391,0.26130605
3,2,SO_OUT,BB_HBP,0.23861133,0.2098603,0.30045804,0.25107038
3,2,SO_OUT,BB_HBP,0.2722373,0.19097131,0.2810119,0.2557795
3,0,SO_OUT,SINGLE,0.3060178,0.2547715,0.17795284,0.2612579
3,3,SO_OUT,SO_OUT,0.23771514,0.2355863,0.23677942,0.2899191
3,3,SO_OUT,SO_OUT,0.23765245,0.2723488,0.19946931,0.29052946
3,1,SO_OUT,XBH,0.25479516,0.29709798,0.19602346,0.25208336
2,1,BB_HBP,XBH,0.24304113,0.26432973,0.23191336,0.26071572
3,2,SO_OUT,BB_HBP,0.2285878,0.2713526,0.27915415,0.22090538
3,1,SO_OUT,XBH,0.24407934,0.28177774,0.2682356,0.20590736
3,2,SO_OUT,BB_HBP,0.22720388,0.22720394,0.2882444,0.25734788
3,0,SO_OUT,SINGLE,0.30642205,0.23659529,0.20078099,0.25620165
3,3,SO_OUT,SO_OUT,0.25769192,0.2542562,0.21358879,0.27446315
3,2,SO_OUT,BB_HBP,0.25427914,0.19909479,0.2921638,0.2544623
3,0,SO_OUT,SINGLE,0.29546347,0.20099017,0.23002948,0.27351686
3,0,SO_OUT,SINGLE,0.27248442,0.24442087,0.25928903,0.22380576
3,3,SO_OUT,SO_OUT,0.25430438,0.18663783,0.19955283,0.35950503
3,3,SO_OUT,SO_OUT,0.26315838,0.23358648,0.16179422,0.34146094
3,3,SO_OUT,SO_OUT,0.2873853,0.23645318,0.1792996,0.29686198
3,3,SO_OUT,SO_OUT,0.2095079,0.1858698,0.30221662,0.30240574
3,0,SO_OUT,SINGLE,0.28233817,0.25902107,0.22296035,0.23568043
3,3,SO_OUT,SO_OUT,0.2651956,0.19954056,0.21095407,0.32430983
3,3,SO_OUT,SO_OUT,0.22390082,0.25558504,0.236756,0.28375813
2,1,BB_HBP,XBH,0.15852684,0.32615247,0.29530802,0.22001259
0,3,SINGLE,SO_OUT,0.25593433,0.2676388,0.19077422,0.2856526
2,3,BB_HBP,SO_OUT,0.2661287,0.25954217,0.19940254,0.2749267
3,1,SO_OUT,XBH,0.2352195,0.28487435,0.22796433,0.25194183
0,1,SINGLE,XBH,0.16392948,0.3257917,0.24455458,0.2657243
3,3,SO_OUT,SO_OUT,0.28013334,0.24926244,0.1643898,0.30621445
0,1,SINGLE,XBH,0.25697237,0.2677925,0.2118934,0.26334172
3,0,SO_OUT,SINGLE,0.28472033,0.23739943,0.22951601,0.24836424
3,1,SO_OUT,XBH,0.23540002,0.32076266,0.20103315,0.24280417
3,1,SO_OUT,XBH,0.25999823,0.29885104,0.20202875,0.2391219
3,3,SO_OUT,SO_OUT,0.22878146,0.23329678,0.20977527,0.32814652
3,3,SO_OUT,SO_OUT,0.22038075,0.24841653,0.21935955,0.31184316
3,1,SO_OUT,XBH,0.21646595,0.30638048,0.21816592,0.25898775
3,2,SO_OUT,BB_HBP,0.15602559,0.3115365,0.3334544,0.19898355
3,1,SO_OUT,XBH,0.21532084,0.30918786,0.26532233,0.21016894
0,2,SINGLE,BB_HBP,0.16191687,0.32230455,0.33432862,0.18144995
2,1,BB_HBP,XBH,0.19731887,0.31695363,0.29103327,0.19469427
3,3,SO_OUT,SO_OUT,0.19623421,0.18480027,0.29125097,0.32771462
3,3,SO_OUT,SO_OUT,0.25238514,0.20153198,0.26230463,0.28377822
3,2,SO_OUT,BB_HBP,0.25775263,0.22379619,0.27034396,0.24810714
3,2,SO_OUT,BB_HBP,0.25370735,0.1801612,0.30775926,0.25837222
3,2,SO_OUT,BB_HBP,0.22150245,0.22945102,0.31002504,0.23902144
3,0,SO_OUT,SINGLE,0.3048128,0.23766391,0.22873452,0.22878882
1,3,XBH,SO_OUT,0.2421556,0.25749937,0.16318668,0.33715835
3,3,SO_OUT,SO_OUT,0.2236078,0.24298196,0.24086098,0.2925493
0,1,SINGLE,XBH,0.18899997,0.39858836,0.236478,0.17593366
2,1,BB_HBP,XBH,0.258729,0.2831898,0.24372408,0.21435712
3,1,SO_OUT,XBH,0.21197887,0.33360752,0.22835979,0.22605383
3,1,SO_OUT,XBH,0.17614888,0.40798157,0.21968858,0.19618095
0,1,SINGLE,XBH,0.25967234,0.3145035,0.21256882,0.2132554
1,1,XBH,XBH,0.20416299,0.34260413,0.26738176,0.18585113
3,2,SO_OUT,BB_HBP,0.2697609,0.24669987,0.27175692,0.21178229
3,1,SO_OUT,XBH,0.20099255,0.3205579,0.22603913,0.2524104
3,1,SO_OUT,XBH,0.24045835,0.30532193,0.25587785,0.19834185
1,1,XBH,XBH,0.18084,0.39103132,0.24270554,0.18542314
3,3,SO_OUT,SO_OUT,0.15147883,0.27847594,0.19982433,0.3702209
3,1,SO_OUT,XBH,0.21782947,0.31275332,0.21545604,0.25396115
0,1,SINGLE,XBH,0.2005681,0.3110213,0.23624729,0.2521633
2,1,BB_HBP,XBH,0.22362474,0.35994643,0.17703594,0.23939283
3,1,SO_OUT,XBH,0.20984426,0.30715925,0.23430878,0.24868773
1,1,XBH,XBH,0.23353378,0.361848,0.18425575,0.22036238
3,1,SO_OUT,XBH,0.22341688,0.28934655,0.21135826,0.27587828
3,0,SO_OUT,SINGLE,0.29565722,0.25613293,0.21392182,0.23428795
1,1,XBH,XBH,0.22444187,0.3259382,0.19488558,0.2547343
3,1,SO_OUT,XBH,0.25091466,0.3154467,0.21879834,0.21484028
3,3,SO_OUT,SO_OUT,0.18691866,0.26324302,0.18257327,0.36726508
3,3,SO_OUT,SO_OUT,0.24910904,0.24818784,0.19996268,0.3027404
3,1,SO_OUT,XBH,0.18154208,0.37372196,0.23919639,0.20553944
1,0,XBH,SINGLE,0.28600946,0.27663693,0.15511343,0.28224018
2,1,BB_HBP,XBH,0.23803355,0.27038136,0.23520164,0.25638345
3,3,SO_OUT,SO_OUT,0.25274464,0.24316823,0.22328489,0.28080222
3,1,SO_OUT,XBH,0.24583262,0.26279446,0.24953967,0.24183327
3,1,SO_OUT,XBH,0.2047148,0.38940415,0.20419559,0.20168535
3,0,SO_OUT,SINGLE,0.31618828,0.25454456,0.1987277,0.23053944
2,0,BB_HBP,SINGLE,0.28983563,0.2578052,0.2049817,0.24737749
0,1,SINGLE,XBH,0.22203991,0.31191364,0.21727553,0.24877091
3,3,SO_OUT,SO_OUT,0.17862555,0.2292779,0.18745276,0.40464383
2,3,BB_HBP,SO_OUT,0.23803447,0.2549259,0.23906831,0.26797137
3,3,SO_OUT,SO_OUT,0.23889552,0.2585792,0.20158221,0.30094305
1,1,XBH,XBH,0.19969867,0.38007775,0.20475914,0.2154645
3,0,SO_OUT,SINGLE,0.32074195,0.26680094,0.16467546,0.2477817
2,1,BB_HBP,XBH,0.24992394,0.33373109,0.20184346,0.2145015
3,3,SO_OUT,SO_OUT,0.22490025,0.21777654,0.17250282,0.38482037
3,3,SO_OUT,SO_OUT,0.22506326,0.24728784,0.20865892,0.31899002
2,3,BB_HBP,SO_OUT,0.21608418,0.24369682,0.25055683,0.28966215
3,0,SO_OUT,SINGLE,0.3004364,0.27734682,0.18611419,0.23610263
0,0,SINGLE,SINGLE,0.2989781,0.2917761,0.15867645,0.25056934
3,1,SO_OUT,XBH,0.24571331,0.33091593,0.1729561,0.25041476
2,1,BB_HBP,XBH,0.25048506,0.36282542,0.15675634,0.22993316
1,1,XBH,XBH,0.16428024,0.34422264,0.27353266,0.21796447
2,1,BB_HBP,XBH,0.21953765,0.3519193,0.19248395,0.23605908
3,0,SO_OUT,SINGLE,0.29254222,0.27503467,0.1499822,0.28244096
3,1,SO_OUT,XBH,0.22866362,0.3068557,0.21490714,0.24957357
3,1,SO_OUT,XBH,0.2471872,0.26898834,0.22074945,0.26307502
0,1,SINGLE,XBH,0.26886207,0.28011277,0.21390182,0.23712331
3,1,SO_OUT,XBH,0.24661526,0.31429708,0.19092795,0.24815977
0,1,SINGLE,XBH,0.27688113,0.28275084,0.19773558,0.2426325
3,0,SO_OUT,SINGLE,0.31386733,0.25490946,0.16876687,0.26245627
1,1,XBH,XBH,0.25542045,0.35211417,0.14891675,0.24354863
1,2,XBH,BB_HBP,0.18970326,0.23714405,0.3145887,0.25856397
3,1,SO_OUT,XBH,0.22869511,0.33085215,0.18401657,0.2564362
2,1,BB_HBP,XBH,0.20610687,0.3568349,0.20781136,0.22924688
3,1,SO_OUT,XBH,0.23513554,0.31438062,0.17830424,0.27217966
3,1,SO_OUT,XBH,0.24360932,0.36071947,0.20119923,0.19447197
3,3,SO_OUT,SO_OUT,0.26257348,0.21006954,0.25067693,0.27668
3,1,SO_OUT,XBH,0.18549852,0.32196817,0.25871295,0.2338204
3,1,SO_OUT,XBH,0.23162052,0.29372606,0.2388981,0.2357553
0,3,SINGLE,SO_OUT,0.21364863,0.24568859,0.22372824,0.3169345
3,3,SO_OUT,SO_OUT,0.23163101,0.23819017,0.25956583,0.27061304
3,1,SO_OUT,XBH,0.29148436,0.3057763,0.16437559,0.23836382
3,1,SO_OUT,XBH,0.14534408,0.36350185,0.26636115,0.22479291
3,1,SO_OUT,XBH,0.2053297,0.36646885,0.23052308,0.1976784
3,0,SO_OUT,SINGLE,0.30171803,0.23663892,0.20744742,0.25419575
3,1,SO_OUT,XBH,0.25051382,0.2644173,0.22497399,0.26009488
3,1,SO_OUT,XBH,0.23781236,0.31316388,0.22489764,0.22412613
3,3,SO_OUT,SO_OUT,0.27869707,0.2633096,0.17058004,0.2874133
3,0,SO_OUT,SINGLE,0.2889996,0.28492546,0.21446918,0.21160574
1,1,XBH,XBH,0.24804194,0.27749825,0.19718224,0.27727756
3,1,SO_OUT,XBH,0.21799228,0.28170317,0.26986808,0.23043647
3,1,SO_OUT,XBH,0.24851264,0.28913787,0.1891027,0.27324685
3,1,SO_OUT,XBH,0.22170521,0.30953115,0.25363842,0.21512522
3,3,SO_OUT,SO_OUT,0.24193558,0.21205264,0.17882603,0.36718574
0,3,SINGLE,SO_OUT,0.22947285,0.2376707,0.21009135,0.32276508
3,2,SO_OUT,BB_HBP,0.21991524,0.2568176,0.26233488,0.2609322
3,1,SO_OUT,XBH,0.2422778,0.3215865,0.20455967,0.23157598
3,1,SO_OUT,XBH,0.18929471,0.39073932,0.23003052,0.18993548
3,1,SO_OUT,XBH,0.2298761,0.32168308,0.2091284,0.2393124
2,1,BB_HBP,XBH,0.16749808,0.4027713,0.23394366,0.19578701
1,0,XBH,SINGLE,0.3236601,0.2493106,0.18924265,0.2377867
3,1,SO_OUT,XBH,0.21074389,0.32437372,0.21995388,0.24492852
3,1,SO_OUT,XBH,0.21492383,0.28438023,0.23407103,0.2666248
1,1,XBH,XBH,0.22910585,0.32630432,0.22532405,0.21926586
2,0,BB_HBP,SINGLE,0.3408804,0.21120797,0.16335097,0.2845607
3,3,SO_OUT,SO_OUT,0.2843922,0.24366999,0.17595099,0.29598683
3,2,SO_OUT,BB_HBP,0.22941703,0.2575011,0.28195024,0.23113169
3,0,SO_OUT,SINGLE,0.3340171,0.18250842,0.2097141,0.2737604
3,1,SO_OUT,XBH,0.26611462,0.28563717,0.20729737,0.2409508
3,0,SO_OUT,SINGLE,0.2764088,0.24134502,0.22267362,0.2595726
0,0,SINGLE,SINGLE,0.3842728,0.19597457,0.15293665,0.26681593
3,1,SO_OUT,XBH,0.16271141,0.36363146,0.2561414,0.21751578
3,3,SO_OUT,SO_OUT,0.23666023,0.27278832,0.21506096,0.27549052
3,0,SO_OUT,SINGLE,0.36903656,0.18898244,0.16919568,0.27278537
0,0,SINGLE,SINGLE,0.34384185,0.18770933,0.18868594,0.27976292
3,3,SO_OUT,SO_OUT,0.24941674,0.14605089,0.13383023,0.4707022
3,0,SO_OUT,SINGLE,0.3534621,0.17558075,0.16679259,0.30416453
0,0,SINGLE,SINGLE,0.41326275,0.20772803,0.12676585,0.25224337
3,3,SO_OUT,SO_OUT,0.23174693,0.1724921,0.15642233,0.43933862
3,3,SO_OUT,SO_OUT,0.24381258,0.20975687,0.2537986,0.29263192
3,3,SO_OUT,SO_OUT,0.29133746,0.20723777,0.18554133,0.31588343
0,0,SINGLE,SINGLE,0.31996557,0.23967983,0.16091911,0.2794354
0,2,SINGLE,BB_HBP,0.22529429,0.24305406,0.2926277,0.23902398
3,3,SO_OUT,SO_OUT,0.29858285,0.20971105,0.16813074,0.3235753
3,3,SO_OUT,SO_OUT,0.27794904,0.22685204,0.1956111,0.29958782
3,0,SO_OUT,SINGLE,0.2923681,0.2859432,0.15397647,0.26771224
3,1,SO_OUT,XBH,0.15826349,0.37712497,0.2680252,0.19658636
0,3,SINGLE,SO_OUT,0.27057996,0.22471146,0.2299043,0.27480423
2,3,BB_HBP,SO_OUT,0.26611343,0.19908859,0.15632154,0.3784764
3,0,SO_OUT,SINGLE,0.28614438,0.2631703,0.16977558,0.28090975
3,3,SO_OUT,SO_OUT,0.2918692,0.1879866,0.17270873,0.34743544
2,1,BB_HBP,XBH,0.26943108,0.29023442,0.21133028,0.22900417
3,3,SO_OUT,SO_OUT,0.25189686,0.25106424,0.21339963,0.28363925
3,0,SO_OUT,SINGLE,0.34411132,0.1941888,0.19622052,0.26547933
1,0,XBH,SINGLE,0.2992648,0.18682523,0.21810023,0.2958098
3,3,SO_OUT,SO_OUT,0.25808316,0.15815006,0.17916524,0.40460148
1,3,XBH,SO_OUT,0.29337147,0.1783461,0.2016127,0.32666966
0,3,SINGLE,SO_OUT,0.284951,0.22249606,0.17227826,0.3202747
3,3,SO_OUT,SO_OUT,0.30765498,0.1978615,0.16302547,0.33145806
3,0,SO_OUT,SINGLE,0.31494647,0.23563144,0.19362035,0.25580174
3,3,SO_OUT,SO_OUT,0.2406587,0.19512194,0.17431685,0.38990253
3,3,SO_OUT,SO_OUT,0.25983763,0.21493599,0.24162339,0.28360295
3,1,SO_OUT,XBH,0.2316565,0.29931697,0.21019581,0.25883073
2,3,BB_HBP,SO_OUT,0.28871992,0.19104207,0.16179436,0.35844362
3,3,SO_OUT,SO_OUT,0.27854362,0.19464302,0.16618998,0.36062333
1,0,XBH,SINGLE,0.30340472,0.23994653,0.16384366,0.29280514
3,3,SO_OUT,SO_OUT,0.25736508,0.24859345,0.1943039,0.29973757
3,0,SO_OUT,SINGLE,0.31551403,0.28407577,0.18779618,0.212614
1,0,XBH,SINGLE,0.27046317,0.23250118,0.23550335,0.2615323
0,0,SINGLE,SINGLE,0.370366,0.21592332,0.17762254,0.2360881
3,0,SO_OUT,SINGLE,0.3397965,0.22438572,0.18566397,0.25015387
2,2,BB_HBP,BB_HBP,0.2588077,0.22892785,0.3041563,0.20810819
3,1,SO_OUT,XBH,0.1778021,0.355851,0.23607397,0.23027295
3,1,SO_OUT,XBH,0.24003926,0.2813801,0.20609389,0.2724867
3,0,SO_OUT,SINGLE,0.32920396,0.16762051,0.21307498,0.29010057
0,0,SINGLE,SINGLE,0.36505413,0.17670375,0.142226,0.31601614
3,3,SO_OUT,SO_OUT,0.31836918,0.18380623,0.15856099,0.3392636
3,3,SO_OUT,SO_OUT,0.28643316,0.21985093,0.1905071,0.3032088
3,3,SO_OUT,SO_OUT,0.26590753,0.26592916,0.19373265,0.2744307
0,3,SINGLE,SO_OUT,0.2524894,0.19064775,0.26216733,0.29469553
2,3,BB_HBP,SO_OUT,0.25457427,0.2392343,0.2454845,0.26070687
3,3,SO_OUT,SO_OUT,0.2387571,0.21012345,0.2600565,0.291063
3,1,SO_OUT,XBH,0.16860916,0.3019739,0.23091187,0.29850507
3,2,SO_OUT,BB_HBP,0.24635819,0.22475252,0.2828428,0.24604647
2,2,BB_HBP,BB_HBP,0.1950378,0.27971157,0.2920498,0.2332008
2,0,BB_HBP,SINGLE,0.29886314,0.2012985,0.26461902,0.2352193
0,1,SINGLE,XBH,0.19762595,0.30085084,0.23460673,0.26691654
0,3,SINGLE,SO_OUT,0.26301157,0.26676685,0.19157636,0.27864522
3,2,SO_OUT,BB_HBP,0.21541087,0.25729123,0.30031773,0.2269802
1,1,XBH,XBH,0.15621148,0.3582816,0.27007753,0.2154294
3,1,SO_OUT,XBH,0.26145473,0.32604888,0.21935456,0.19314182
3,2,SO_OUT,BB_HBP,0.25403005,0.25233477,0.26036528,0.23326991
3,1,SO_OUT,XBH,0.2768699,0.28258595,0.21391651,0.22662762
0,1,SINGLE,XBH,0.17776026,0.36872876,0.2460727,0.20743832
2,3,BB_HBP,SO_OUT,0.18909606,0.2561237,0.23535912,0.31942114
1,2,XBH,BB_HBP,0.23401764,0.26661342,0.2893402,0.21002881
3,3,SO_OUT,SO_OUT,0.18854408,0.24401149,0.28311688,0.28432757
3,1,SO_OUT,XBH,0.22630452,0.299769,0.20739074,0.26653573
3,2,SO_OUT,BB_HBP,0.18632898,0.23643082,0.33197218,0.24526799
3,3,SO_OUT,SO_OUT,0.22328852,0.1924067,0.26069754,0.3236072
3,0,SO_OUT,SINGLE,0.28058755,0.23097593,0.2191109,0.26932558
0,0,SINGLE,SINGLE,0.33411193,0.17804362,0.18435767,0.30348682
3,0,SO_OUT,SINGLE,0.32672623,0.23246585,0.25279683,0.18801107
3,1,SO_OUT,XBH,0.20694712,0.3030894,0.2361218,0.2538417
0,1,SINGLE,XBH,0.21575344,0.2953111,0.25084054,0.23809499
3,2,SO_OUT,BB_HBP,0.18509908,0.28397775,0.31170434,0.21921876
3,1,SO_OUT,XBH,0.29365236,0.30643523,0.14939249,0.2505199
3,0,SO_OUT,SINGLE,0.28570852,0.21933272,0.22293293,0.2720258
3,0,SO_OUT,SINGLE,0.3780304,0.20872982,0.1376851,0.27555457
3,1,SO_OUT,XBH,0.23404932,0.26958507,0.24409877,0.25226676
3,3,SO_OUT,SO_OUT,0.23944266,0.24987282,0.2397493,0.27093524
1,2,XBH,BB_HBP,0.19302253,0.2610394,0.27946886,0.26646915
3,1,SO_OUT,XBH,0.25337708,0.28330818,0.19060506,0.27270973
3,0,SO_OUT,SINGLE,0.29102758,0.28617126,0.18522567,0.23757549
3,2,SO_OUT,BB_HBP,0.2083961,0.25184327,0.28962266,0.25013793
0,3,SINGLE,SO_OUT,0.24470472,0.18475103,0.25165948,0.31888476
2,2,BB_HBP,BB_HBP,0.17507195,0.2653255,0.2809756,0.27862695
0,3,SINGLE,SO_OUT,0.22619288,0.22327085,0.26762897,0.2829073
3,3,SO_OUT,SO_OUT,0.1757423,0.28230146,0.22768207,0.31427413
2,3,BB_HBP,SO_OUT,0.19844629,0.2694401,0.21700144,0.31511217
2,3,BB_HBP,SO_OUT,0.24734658,0.21309231,0.2271285,0.3124326
0,2,SINGLE,BB_HBP,0.17830217,0.2907941,0.31597427,0.2149294
0,2,SINGLE,BB_HBP,0.2508673,0.21439122,0.2740442,0.2606973
0,3,SINGLE,SO_OUT,0.21837106,0.23733363,0.25301668,0.2912786
3,3,SO_OUT,SO_OUT,0.2634706,0.2514666,0.18562564,0.29943714
0,1,SINGLE,XBH,0.24782774,0.29818827,0.26363122,0.19035274
3,1,SO_OUT,XBH,0.19691025,0.31651258,0.26652172,0.22005534
3,1,SO_OUT,XBH,0.17336044,0.37551993,0.243949,0.20717072
3,0,SO_OUT,SINGLE,0.31217825,0.2711525,0.22994077,0.18672849
1,2,XBH,BB_HBP,0.21911259,0.2682327,0.30085343,0.21180125
3,3,SO_OUT,SO_OUT,0.2299305,0.19715491,0.19124494,0.38166964
3,3,SO_OUT,SO_OUT,0.2746547,0.26235464,0.16394591,0.2990448
3,2,SO_OUT,BB_HBP,0.22669634,0.23946649,0.30076262,0.23307449
1,0,XBH,SINGLE,0.27816898,0.27310342,0.21759047,0.23113716
3,1,SO_OUT,XBH,0.19508357,0.31372756,0.2651174,0.22607148
3,2,SO_OUT,BB_HBP,0.2220575,0.24059002,0.30237794,0.23497453
3,0,SO_OUT,SINGLE,0.27247778,0.24355721,0.23698261,0.24698241
3,1,SO_OUT,XBH,0.24991806,0.27135593,0.23136154,0.2473645
3,0,SO_OUT,SINGLE,0.30210155,0.25787395,0.1555166,0.2845079
3,0,SO_OUT,SINGLE,0.34307837,0.22250506,0.1549122,0.27950436
3,0,SO_OUT,SINGLE,0.31135938,0.26580805,0.19642289,0.22640967
1,1,XBH,XBH,0.23667896,0.35086682,0.22032015,0.19213408
0,2,SINGLE,BB_HBP,0.18261927,0.28573537,0.32276896,0.20887645
3,1,SO_OUT,XBH,0.19989124,0.34495008,0.25575474,0.19940387
3,2,SO_OUT,BB_HBP,0.2632704,0.2301473,0.26735505,0.23922728
1,3,XBH,SO_OUT,0.20811464,0.20518917,0.2229725,0.36372378
3,0,SO_OUT,SINGLE,0.31454283,0.19685143,0.24194953,0.24665621
2,2,BB_HBP,BB_HBP,0.19357379,0.176906,0.38896427,0.24055597
3,0,SO_OUT,SINGLE,0.29585746,0.19477713,0.24993472,0.2594307
0,2,SINGLE,BB_HBP,0.22947183,0.2750697,0.28566512,0.20979333
3,3,SO_OUT,SO_OUT,0.24125594,0.18850638,0.26427463,0.3059631
3,3,SO_OUT,SO_OUT,0.25471792,0.17364554,0.27743757,0.29419896
3,3,SO_OUT,SO_OUT,0.25991833,0.2443053,0.20794758,0.2878288
3,3,SO_OUT,SO_OUT,0.22066738,0.22201458,0.23027539,0.32704267
2,3,BB_HBP,SO_OUT,0.3033159,0.16693497,0.1788847,0.3508644
3,3,SO_OUT,SO_OUT,0.29652983,0.20185086,0.17291145,0.3287078
3,2,SO_OUT,BB_HBP,0.2091886,0.17707779,0.3734773,0.24025641
0,3,SINGLE,SO_OUT,0.21855251,0.24397258,0.25860572,0.27886918
3,1,SO_OUT,XBH,0.2412319,0.300096,0.22926901,0.22940303
3,2,SO_OUT,BB_HBP,0.28232327,0.16128893,0.3110244,0.24536338
3,3,SO_OUT,SO_OUT,0.29242784,0.19757912,0.2153814,0.2946117
3,2,SO_OUT,BB_HBP,0.28372946,0.23020442,0.28462747,0.20143864
3,3,SO_OUT,SO_OUT,0.25613448,0.27423882,0.17050782,0.29911888
0,1,SINGLE,XBH,0.2816669,0.29813665,0.16741824,0.25277817
3,2,SO_OUT,BB_HBP,0.21265599,0.2386477,0.28177595,0.26692027
3,3,SO_OUT,SO_OUT,0.2798397,0.19029224,0.22795157,0.30191654
3,1,SO_OUT,XBH,0.22179523,0.34318015,0.22849484,0.20652974
2,1,BB_HBP,XBH,0.25472105,0.3176758,0.25898764,0.16861556
0,0,SINGLE,SINGLE,0.28856874,0.27358136,0.23791105,0.19993879
3,3,SO_OUT,SO_OUT,0.25064847,0.19489206,0.19403115,0.36042833
3,3,SO_OUT,SO_OUT,0.24753937,0.25544232,0.20884745,0.28817084
0,3,SINGLE,SO_OUT,0.18282188,0.30848464,0.17891607,0.32977745
0,3,SINGLE,SO_OUT,0.30373165,0.23216316,0.15441114,0.30969402
3,0,SO_OUT,SINGLE,0.27770206,0.2740284,0.18542172,0.26284787
2,1,BB_HBP,XBH,0.2522663,0.33543226,0.17702831,0.23527317
3,2,SO_OUT,BB_HBP,0.20891953,0.25532368,0.2803772,0.25537962
3,0,SO_OUT,SINGLE,0.28484634,0.24863683,0.23480985,0.23170692
0,0,SINGLE,SINGLE,0.2998344,0.26060987,0.19755344,0.24200231
1,1,XBH,XBH,0.20635156,0.34278142,0.24293739,0.2079296
3,1,SO_OUT,XBH,0.24959296,0.36231178,0.19131581,0.19677953
3,1,SO_OUT,XBH,0.23619471,0.28823948,0.22775598,0.24780989
3,0,SO_OUT,SINGLE,0.31098774,0.22970618,0.16820331,0.29110277
3,0,SO_OUT,SINGLE,0.29563496,0.26935372,0.17613553,0.25887582
3,2,SO_OUT,BB_HBP,0.2382437,0.24789618,0.26251394,0.2513462
3,1,SO_OUT,XBH,0.2187825,0.29741323,0.2594245,0.22437978
3,0,SO_OUT,SINGLE,0.28811976,0.27832228,0.21679871,0.2167593
3,3,SO_OUT,SO_OUT,0.24271664,0.20332651,0.19895849,0.35499835
1,3,XBH,SO_OUT,0.22047135,0.2455799,0.24476744,0.28918126
0,3,SINGLE,SO_OUT,0.18397331,0.28030813,0.20539767,0.3303208
0,3,SINGLE,SO_OUT,0.2957661,0.2432906,0.14906347,0.31187984
3,1,SO_OUT,XBH,0.22199091,0.36689976,0.16371368,0.24739572
3,2,SO_OUT,BB_HBP,0.25490987,0.2491851,0.26028427,0.2356207
3,3,SO_OUT,SO_OUT,0.1978706,0.23781304,0.26550215,0.2988142
2,0,BB_HBP,SINGLE,0.28387782,0.20864032,0.24619685,0.261285
3,3,SO_OUT,SO_OUT,0.31087,0.23222397,0.1363338,0.32057223
3,3,SO_OUT,SO_OUT,0.21726544,0.2243008,0.22803968,0.3303941
1,3,XBH,SO_OUT,0.302156,0.16343361,0.1396692,0.39474124
3,3,SO_OUT,SO_OUT,0.25800657,0.21305707,0.21157116,0.3173652
0,0,SINGLE,SINGLE,0.3398406,0.1842553,0.15957783,0.3163263
3,1,SO_OUT,XBH,0.25101447,0.29903775,0.19068678,0.25926098
3,2,SO_OUT,BB_HBP,0.25186253,0.23195349,0.2655118,0.25067216
3,1,SO_OUT,XBH,0.25209564,0.2997848,0.20120367,0.24691588
2,1,BB_HBP,XBH,0.27806795,0.3371645,0.21305038,0.1717171
1,1,XBH,XBH,0.26109374,0.3428623,0.2138667,0.18217723
3,3,SO_OUT,SO_OUT,0.26122192,0.22197774,0.17069769,0.3461026
3,1,SO_OUT,XBH,0.24705537,0.28761604,0.18917635,0.27615222
3,0,SO_OUT,SINGLE,0.30065057,0.1899442,0.24933329,0.2600719
3,0,SO_OUT,SINGLE,0.28525478,0.25968897,0.19051616,0.26454
3,0,SO_OUT,SINGLE,0.32141092,0.17142095,0.18683521,0.3203329
3,3,SO_OUT,SO_OUT,0.2617077,0.24300705,0.120444536,0.37484077
3,3,SO_OUT,SO_OUT,0.23065156,0.19012402,0.22202305,0.3572014
3,0,SO_OUT,SINGLE,0.32239106,0.18091527,0.19484408,0.3018496
3,1,SO_OUT,XBH,0.23559736,0.32100052,0.1627582,0.28064394
3,1,SO_OUT,XBH,0.17984705,0.29783288,0.28632882,0.23599125
0,3,SINGLE,SO_OUT,0.33023494,0.14064139,0.17795879,0.35116488
3,0,SO_OUT,SINGLE,0.35124183,0.1316541,0.18437211,0.33273193
1,1,XBH,XBH,0.28859752,0.31421542,0.21783057,0.17935655
3,2,SO_OUT,BB_HBP,0.23902501,0.20878965,0.28599817,0.26618722
0,2,SINGLE,BB_HBP,0.22562177,0.2368851,0.29142258,0.2460705
3,1,SO_OUT,XBH,0.26050985,0.26374593,0.23190233,0.24384192
3,0,SO_OUT,SINGLE,0.37310982,0.22874404,0.1602079,0.23793823
3,0,SO_OUT,SINGLE,0.2909971,0.22794914,0.21145578,0.26959795
2,1,BB_HBP,XBH,0.2189659,0.29971215,0.26877704,0.2125449
3,3,SO_OUT,SO_OUT,0.26391214,0.24748789,0.18409148,0.30450845
3,3,SO_OUT,SO_OUT,0.27608016,0.2435473,0.19731797,0.2830546
1,0,XBH,SINGLE,0.28037277,0.23105852,0.22120593,0.26736274
3,3,SO_OUT,SO_OUT,0.29573983,0.14538375,0.20747307,0.3514033
0,3,SINGLE,SO_OUT,0.20622815,0.19752191,0.23756918,0.35868075
3,0,SO_OUT,SINGLE,0.35308537,0.18471283,0.18115479,0.28104708
2,3,BB_HBP,SO_OUT,0.24645779,0.17531323,0.2752813,0.3029476
0,0,SINGLE,SINGLE,0.35049757,0.15427133,0.2124094,0.28282163
3,3,SO_OUT,SO_OUT,0.2509596,0.26537728,0.20836842,0.27529463
2,3,BB_HBP,SO_OUT,0.22400515,0.20569141,0.27296862,0.29733482
3,2,SO_OUT,BB_HBP,0.2653884,0.12439811,0.31797922,0.29223424
3,3,SO_OUT,SO_OUT,0.22741413,0.24814026,0.25033638,0.2741092
3,3,SO_OUT,SO_OUT,0.25025707,0.21066652,0.22078238,0.31829396
0,3,SINGLE,SO_OUT,0.24348706,0.22076069,0.23811544,0.29763678
0,0,SINGLE,SINGLE,0.34941384,0.1748409,0.15526906,0.32047623
3,3,SO_OUT,SO_OUT,0.26460657,0.18920717,0.23185647,0.3143298
3,0,SO_OUT,SINGLE,0.33443385,0.21219343,0.19597414,0.25739864
3,0,SO_OUT,SINGLE,0.27086395,0.20166704,0.26828742,0.25918168
3,0,SO_OUT,SINGLE,0.2829897,0.21054941,0.23953663,0.26692423
3,1,SO_OUT,XBH,0.26817638,0.27279007,0.22701432,0.23201919
1,1,XBH,XBH,0.27194348,0.29215074,0.21421076,0.22169508
3,3,SO_OUT,SO_OUT,0.24084355,0.20892958,0.20211132,0.3481156
0,3,SINGLE,SO_OUT,0.31638366,0.17120768,0.16217025,0.35023838
0,3,SINGLE,SO_OUT,0.2323964,0.2458849,0.17814416,0.3435745
3,1,SO_OUT,XBH,0.25335154,0.3027289,0.19000411,0.2539154
3,1,SO_OUT,XBH,0.213763,0.3381309,0.230168,0.2179381
3,0,SO_OUT,SINGLE,0.325991,0.22767782,0.18309177,0.26323938
3,0,SO_OUT,SINGLE,0.33422378,0.18085052,0.19835967,0.286566
3,3,SO_OUT,SO_OUT,0.26651558,0.2214753,0.18550017,0.3265089
3,0,SO_OUT,SINGLE,0.2929676,0.16168016,0.25423658,0.29111564
3,1,SO_OUT,XBH,0.23490523,0.2851013,0.2538877,0.2261058
2,0,BB_HBP,SINGLE,0.32705045,0.26371115,0.21941927,0.18981913
0,1,SINGLE,XBH,0.20621265,0.36750573,0.24634613,0.17993551
3,1,SO_OUT,XBH,0.2060986,0.28911456,0.2488497,0.25593722
3,1,SO_OUT,XBH,0.25511244,0.25746283,0.2361368,0.25128794
3,2,SO_OUT,BB_HBP,0.22967055,0.23539588,0.32825384,0.20667978
3,1,SO_OUT,XBH,0.261933,0.28203478,0.21726413,0.23876815
1,1,XBH,XBH,0.26810598,0.31796578,0.16603926,0.24788897
3,1,SO_OUT,XBH,0.2859068,0.29146972,0.20008214,0.2225414
0,0,SINGLE,SINGLE,0.32330593,0.22631516,0.20525429,0.24512456
3,3,SO_OUT,SO_OUT,0.2157436,0.26157853,0.2601085,0.26256937
0,2,SINGLE,BB_HBP,0.21333705,0.2697253,0.28106436,0.2358732
2,0,BB_HBP,SINGLE,0.31983885,0.17214465,0.22480223,0.28321436
3,0,SO_OUT,SINGLE,0.3273169,0.210333,0.1578872,0.3044629
3,0,SO_OUT,SINGLE,0.39171758,0.19946095,0.13488564,0.2739358
3,2,SO_OUT,BB_HBP,0.24113378,0.21813314,0.2823311,0.25840196
2,3,BB_HBP,SO_OUT,0.26147115,0.18978362,0.25589606,0.2928492
0,0,SINGLE,SINGLE,0.26775792,0.23857352,0.26476237,0.22890621
0,1,SINGLE,XBH,0.2585572,0.28228983,0.20986466,0.24928826
3,0,SO_OUT,SINGLE,0.31872913,0.25775972,0.19738589,0.22612531
3,0,SO_OUT,SINGLE,0.29250082,0.23653826,0.21224351,0.25871742
3,0,SO_OUT,SINGLE,0.30925494,0.2241677,0.16842794,0.29814944
3,3,SO_OUT,SO_OUT,0.22116408,0.23288383,0.25373778,0.29221433
3,0,SO_OUT,SINGLE,0.28955948,0.2450468,0.22901334,0.23638041
3,3,SO_OUT,SO_OUT,0.26652315,0.21215224,0.25082156,0.270503
0,1,SINGLE,XBH,0.24218735,0.28494725,0.25949758,0.21336776
0,0,SINGLE,SINGLE,0.3463451,0.16696982,0.2148873,0.2717977
2,0,BB_HBP,SINGLE,0.31208396,0.21879314,0.24696273,0.22216016
3,3,SO_OUT,SO_OUT,0.24421568,0.1875221,0.22839959,0.33986264
2,0,BB_HBP,SINGLE,0.27885282,0.23138249,0.23997262,0.24979205
3,3,SO_OUT,SO_OUT,0.21841072,0.25749364,0.25728127,0.26681435
0,1,SINGLE,XBH,0.24414048,0.2891256,0.24765882,0.21907522
2,2,BB_HBP,BB_HBP,0.27574095,0.24474947,0.2791955,0.20031407
2,2,BB_HBP,BB_HBP,0.25776625,0.21498604,0.31180966,0.21543805
3,1,SO_OUT,XBH,0.2368938,0.28715762,0.24452695,0.23142159
0,2,SINGLE,BB_HBP,0.23009846,0.26690036,0.2790921,0.22390911
2,2,BB_HBP,BB_HBP,0.18593805,0.24721912,0.34101468,0.22582813
3,2,SO_OUT,BB_HBP,0.18389858,0.31250966,0.31654692,0.18704484
0,2,SINGLE,BB_HBP,0.27015778,0.20620672,0.3036789,0.21995655
0,0,SINGLE,SINGLE,0.2723226,0.25391668,0.23151587,0.24224481
2,2,BB_HBP,BB_HBP,0.28134596,0.195974,0.33277836,0.18990162
3,2,SO_OUT,BB_HBP,0.23754857,0.1459077,0.3747927,0.24175102
2,2,BB_HBP,BB_HBP,0.26419535,0.19505596,0.2745482,0.26620057
3,0,SO_OUT,SINGLE,0.28199467,0.21105506,0.23454429,0.27240595
3,2,SO_OUT,BB_HBP,0.26985046,0.2297697,0.27712592,0.22325398
2,0,BB_HBP,SINGLE,0.27542037,0.25493798,0.20797002,0.26167166
1,1,XBH,XBH,0.23699173,0.31401628,0.21089701,0.23809497
3,0,SO_OUT,SINGLE,0.26570097,0.25087416,0.25018057,0.23324424
3,0,SO_OUT,SINGLE,0.28691527,0.2631,0.2148774,0.23510732
0,1,SINGLE,XBH,0.24977621,0.27695966,0.25660786,0.21665622
0,1,SINGLE,XBH,0.20899808,0.30859408,0.25279057,0.2296172
0,0,SINGLE,SINGLE,0.30778748,0.19018532,0.2434506,0.25857663
3,0,SO_OUT,SINGLE,0.40325,0.21903417,0.13258487,0.24513096
3,0,SO_OUT,SINGLE,0.27581593,0.2532827,0.22264926,0.24825208
3,1,SO_OUT,XBH,0.2398664,0.33358815,0.21832888,0.20821664
3,0,SO_OUT,SINGLE,0.27630016,0.2584202,0.2493842,0.21589543
3,3,SO_OUT,SO_OUT,0.26017988,0.2173312,0.24657418,0.2759147
3,0,SO_OUT,SINGLE,0.33419824,0.25144604,0.16841137,0.24594441
3,0,SO_OUT,SINGLE,0.3573816,0.21600634,0.17948927,0.24712273
3,2,SO_OUT,BB_HBP,0.22375605,0.17844515,0.3300471,0.2677517
3,2,SO_OUT,BB_HBP,0.2587717,0.18049572,0.31315115,0.24758144
3,0,SO_OUT,SINGLE,0.29865366,0.21827869,0.28586447,0.19720319
3,1,SO_OUT,XBH,0.2001096,0.31831244,0.23384424,0.24773373
3,1,SO_OUT,XBH,0.26493546,0.2935206,0.21852474,0.22301923
1,1,XBH,XBH,0.23761158,0.29822966,0.24376287,0.22039588
3,2,SO_OUT,BB_HBP,0.272422,0.16824661,0.28349274,0.27583858
3,3,SO_OUT,SO_OUT,0.2262814,0.21679732,0.2687251,0.28819615
3,3,SO_OUT,SO_OUT,0.26109344,0.21096376,0.24454445,0.2833983
3,3,SO_OUT,SO_OUT,0.22844921,0.25224802,0.21689375,0.30240902
3,1,SO_OUT,XBH,0.2211623,0.31792814,0.22549924,0.23541029
3,1,SO_OUT,XBH,0.20288296,0.3189838,0.24053694,0.2375963
3,2,SO_OUT,BB_HBP,0.206122,0.23951294,0.2782179,0.2761472
3,2,SO_OUT,BB_HBP,0.21330744,0.25801715,0.27288342,0.2557919
2,0,BB_HBP,SINGLE,0.2656912,0.23547313,0.24736331,0.25147235
3,0,SO_OUT,SINGLE,0.29938442,0.2381651,0.2325191,0.22993134
0,1,SINGLE,XBH,0.22924082,0.31167698,0.2580592,0.20102295
0,1,SINGLE,XBH,0.26792377,0.3198169,0.22238374,0.18987565
2,0,BB_HBP,SINGLE,0.3691862,0.17575863,0.23483412,0.22022101
3,3,SO_OUT,SO_OUT,0.24637313,0.20813067,0.2648373,0.28065896
3,3,SO_OUT,SO_OUT,0.2662573,0.26610908,0.1476777,0.31995592
3,0,SO_OUT,SINGLE,0.37554523,0.18997249,0.15365672,0.28082561
0,0,SINGLE,SINGLE,0.2994283,0.24906811,0.17319672,0.27830687
3,2,SO_OUT,BB_HBP,0.18585365,0.24693987,0.31716508,0.2500413
2,2,BB_HBP,BB_HBP,0.2100402,0.21319154,0.32971174,0.24705647
3,2,SO_OUT,BB_HBP,0.24132021,0.2171636,0.3047646,0.23675165
3,2,SO_OUT,BB_HBP,0.22264355,0.27267832,0.30860725,0.1960709
0,2,SINGLE,BB_HBP,0.25356847,0.24634299,0.27668172,0.22340684
3,1,SO_OUT,XBH,0.16798759,0.31856346,0.20232771,0.31112126
3,3,SO_OUT,SO_OUT,0.29248932,0.2489056,0.16114502,0.29746005
3,1,SO_OUT,XBH,0.25807184,0.32837996,0.19608952,0.21745864
3,1,SO_OUT,XBH,0.2724846,0.27487603,0.22156394,0.23107547
3,0,SO_OUT,SINGLE,0.31048644,0.28308967,0.1993127,0.2071113
3,0,SO_OUT,SINGLE,0.27863154,0.21424013,0.26425752,0.24287087
0,1,SINGLE,XBH,0.27661607,0.32982048,0.20262434,0.1909392
3,2,SO_OUT,BB_HBP,0.18385844,0.19832999,0.34123614,0.27657548
2,2,BB_HBP,BB_HBP,0.25220966,0.19802397,0.3579666,0.19179973
0,0,SINGLE,SINGLE,0.3149514,0.22706409,0.22570011,0.23228437
3,0,SO_OUT,SINGLE,0.30668005,0.21840389,0.25933754,0.21557848
3,0,SO_OUT,SINGLE,0.32576254,0.1877324,0.20748094,0.27902412
3,3,SO_OUT,SO_OUT,0.26700848,0.20012635,0.18123582,0.35162932
3,0,SO_OUT,SINGLE,0.33417523,0.21636319,0.15696122,0.29250032
3,0,SO_OUT,SINGLE,0.3731145,0.19195823,0.13418247,0.30074477
0,3,SINGLE,SO_OUT,0.26155177,0.21351074,0.20798108,0.31695643
0,3,SINGLE,SO_OUT,0.28244135,0.2169688,0.19970717,0.3008826
3,0,SO_OUT,SINGLE,0.32212186,0.26441842,0.17001228,0.24344744
1,0,XBH,SINGLE,0.30737522,0.30227244,0.18319991,0.20715234
3,1,SO_OUT,XBH,0.2709268,0.30880558,0.18958429,0.23068327
0,1,SINGLE,XBH,0.2636689,0.34480172,0.17337011,0.21815936
3,1,SO_OUT,XBH,0.23462413,0.33339557,0.1955721,0.23640817
3,0,SO_OUT,SINGLE,0.33818787,0.24058554,0.1969525,0.22427411
0,1,SINGLE,XBH,0.28844142,0.3127101,0.20566168,0.1931868
3,3,SO_OUT,SO_OUT,0.22710706,0.2369977,0.2572291,0.27866614
0,0,SINGLE,SINGLE,0.30039924,0.26215613,0.18195471,0.25548995
3,0,SO_OUT,SINGLE,0.29900122,0.22656481,0.20153876,0.2728952
0,1,SINGLE,XBH,0.25288486,0.29424813,0.22385465,0.2290124
3,1,SO_OUT,XBH,0.26471877,0.31121013,0.20565195,0.21841906
3,1,SO_OUT,XBH,0.29123098,0.317113,0.19114566,0.2005103
0,1,SINGLE,XBH,0.2283282,0.34902647,0.20184705,0.22079837
3,0,SO_OUT,SINGLE,0.30633774,0.25853902,0.20169792,0.23342533
0,1,SINGLE,XBH,0.29163924,0.31638452,0.2044754,0.18750085
3,0,SO_OUT,SINGLE,0.3305173,0.18440324,0.20176052,0.28331897
3,0,SO_OUT,SINGLE,0.33721972,0.21658301,0.13259198,0.31360534
3,0,SO_OUT,SINGLE,0.36364025,0.21511906,0.1261565,0.29508418
3,2,SO_OUT,BB_HBP,0.21355091,0.17083244,0.34677786,0.2688387
0,2,SINGLE,BB_HBP,0.17841192,0.27882117,0.30177233,0.24099462
1,3,XBH,SO_OUT,0.23254198,0.21709967,0.17707561,0.37328273
2,0,BB_HBP,SINGLE,0.30040202,0.23720205,0.20214061,0.26025528
3,3,SO_OUT,SO_OUT,0.23957926,0.21382093,0.23824704,0.30835274
3,3,SO_OUT,SO_OUT,0.235978,0.25374806,0.25335017,0.25692374
3,3,SO_OUT,SO_OUT,0.26038593,0.19785193,0.25946552,0.28229654
3,2,SO_OUT,BB_HBP,0.18170346,0.2656424,0.32132322,0.23133086
3,2,SO_OUT,BB_HBP,0.21253762,0.24760732,0.29170012,0.248155
3,2,SO_OUT,BB_HBP,0.16289327,0.28525314,0.3320687,0.21978493
0,3,SINGLE,SO_OUT,0.23702835,0.23288187,0.21984239,0.3102474
3,2,SO_OUT,BB_HBP,0.23757255,0.22416158,0.30238575,0.23588005
3,2,SO_OUT,BB_HBP,0.25722504,0.22886287,0.3081978,0.20571429
3,2,SO_OUT,BB_HBP,0.2503517,0.23658057,0.28235054,0.23071717
0,1,SINGLE,XBH,0.22735271,0.29978904,0.28130543,0.19155273
2,2,BB_HBP,BB_HBP,0.1946155,0.30857003,0.31756803,0.17924644
1,1,XBH,XBH,0.21197158,0.32502016,0.25397727,0.20903103
3,2,SO_OUT,BB_HBP,0.24606487,0.23657802,0.26446337,0.25289375
3,3,SO_OUT,SO_OUT,0.28249592,0.18996143,0.21178155,0.31576112
3,0,SO_OUT,SINGLE,0.29554003,0.24306636,0.17034803,0.29104552
0,1,SINGLE,XBH,0.25044745,0.2938003,0.21590514,0.23984714
2,0,BB_HBP,SINGLE,0.31977403,0.2564229,0.23392527,0.18987776
3,0,SO_OUT,SINGLE,0.2976969,0.18968041,0.28760812,0.22501464
3,2,SO_OUT,BB_HBP,0.22333147,0.25130346,0.267811,0.257554
3,0,SO_OUT,SINGLE,0.32073626,0.17477588,0.22982171,0.27466613
3,2,SO_OUT,BB_HBP,0.18649226,0.26083663,0.312,0.24067111
3,2,SO_OUT,BB_HBP,0.22587933,0.2562969,0.26125884,0.25656486
2,1,BB_HBP,XBH,0.16720262,0.30519602,0.263473,0.26412836
3,3,SO_OUT,SO_OUT,0.2706505,0.22894286,0.18337011,0.31703648
0,0,SINGLE,SINGLE,0.3267753,0.19110748,0.1904007,0.29171655
3,1,SO_OUT,XBH,0.22446448,0.28388783,0.23416516,0.2574826
3,0,SO_OUT,SINGLE,0.27071512,0.26731116,0.24984646,0.21212725
0,0,SINGLE,SINGLE,0.26464632,0.24763685,0.22976045,0.25795636
3,0,SO_OUT,SINGLE,0.27720767,0.25588453,0.2459575,0.22095029
3,2,SO_OUT,BB_HBP,0.2566765,0.21291861,0.3083928,0.22201219
3,1,SO_OUT,XBH,0.21266039,0.32762018,0.17748556,0.28223383
3,1,SO_OUT,XBH,0.17441104,0.38859543,0.20281328,0.23418023
3,3,SO_OUT,SO_OUT,0.20085739,0.1789539,0.16391075,0.45627794
0,3,SINGLE,SO_OUT,0.23710027,0.2341232,0.17435066,0.35442582
3,3,SO_OUT,SO_OUT,0.26127046,0.18499118,0.21188,0.34185833
3,3,SO_OUT,SO_OUT,0.24759416,0.2752736,0.18051444,0.2966178
2,3,BB_HBP,SO_OUT,0.23685208,0.29759365,0.15415789,0.3113964
3,3,SO_OUT,SO_OUT,0.23547672,0.28089842,0.18151033,0.30211452
0,1,SINGLE,XBH,0.17801818,0.289095,0.24462993,0.28825688
3,1,SO_OUT,XBH,0.2361617,0.33218393,0.15621065,0.27544376
2,1,BB_HBP,XBH,0.2526743,0.31258956,0.16993032,0.2648058
3,1,SO_OUT,XBH,0.27371025,0.31618455,0.1527665,0.25733876
2,1,BB_HBP,XBH,0.20749426,0.29606733,0.23551331,0.2609251
3,3,SO_OUT,SO_OUT,0.23754378,0.23814997,0.22944885,0.29485744
0,1,SINGLE,XBH,0.21568055,0.30103847,0.23671159,0.2465694
3,0,SO_OUT,SINGLE,0.28444496,0.23435529,0.19802265,0.2831771
0,0,SINGLE,SINGLE,0.28022593,0.23451154,0.21827461,0.26698798
3,1,SO_OUT,XBH,0.24168901,0.30140558,0.185043,0.27186245
3,1,SO_OUT,XBH,0.22081897,0.3378947,0.19782504,0.24346125
0,1,SINGLE,XBH,0.16391248,0.37917656,0.1996257,0.2572853
3,1,SO_OUT,XBH,0.2795471,0.29901686,0.14075914,0.28067693
2,1,BB_HBP,XBH,0.2231383,0.2944175,0.21063305,0.27181122
3,1,SO_OUT,XBH,0.17601866,0.30395296,0.27484345,0.2451849
3,3,SO_OUT,SO_OUT,0.24168837,0.23808073,0.1966428,0.32358813
3,0,SO_OUT,SINGLE,0.2986659,0.24211869,0.17961733,0.2795981
3,1,SO_OUT,XBH,0.19391398,0.29317787,0.25786635,0.25504178
3,2,SO_OUT,BB_HBP,0.16747026,0.3042971,0.3165227,0.21170996
0,1,SINGLE,XBH,0.2061919,0.34961548,0.27058655,0.17360611
0,3,SINGLE,SO_OUT,0.22419325,0.25149918,0.25586432,0.26844326
3,1,SO_OUT,XBH,0.20011395,0.31587997,0.2182945,0.2657116
1,1,XBH,XBH,0.19193737,0.3104221,0.26303163,0.23460893
2,1,BB_HBP,XBH,0.19773497,0.31343943,0.27572194,0.21310362
1,2,XBH,BB_HBP,0.26185277,0.25260952,0.2755849,0.20995282
3,1,SO_OUT,XBH,0.1902963,0.3412754,0.23723601,0.23119232
1,0,XBH,SINGLE,0.28693983,0.24095665,0.23407482,0.23802869
3,1,SO_OUT,XBH,0.17530996,0.3339333,0.25309464,0.23766212
3,1,SO_OUT,XBH,0.22390547,0.3404299,0.22768258,0.20798205
3,0,SO_OUT,SINGLE,0.34055084,0.22350898,0.18999887,0.2459413
3,3,SO_OUT,SO_OUT,0.2484731,0.21425791,0.1666498,0.37061924
3,3,SO_OUT,SO_OUT,0.2683593,0.25865448,0.17582814,0.29715806
3,0,SO_OUT,SINGLE,0.29380015,0.27079836,0.18846337,0.24693812
3,3,SO_OUT,SO_OUT,0.23541836,0.21411386,0.17718026,0.37328747
3,1,SO_OUT,XBH,0.25700915,0.2657623,0.21481171,0.2624169
3,1,SO_OUT,XBH,0.26020142,0.3126328,0.2078051,0.21936072
3,1,SO_OUT,XBH,0.25222903,0.2993643,0.19760074,0.25080594
3,1,SO_OUT,XBH,0.20765692,0.35854137,0.18780246,0.24599923
3,1,SO_OUT,XBH,0.1927826,0.3570201,0.2620082,0.18818916
3,1,SO_OUT,XBH,0.18960772,0.29933074,0.24000372,0.2710579
1,1,XBH,XBH,0.19733883,0.2927096,0.27584946,0.23410207
3,1,SO_OUT,XBH,0.23650065,0.31626806,0.2246918,0.22253945
0,1,SINGLE,XBH,0.18286152,0.31594446,0.30215904,0.19903497
3,1,SO_OUT,XBH,0.24055563,0.31116483,0.2416424,0.20663711
0,0,SINGLE,SINGLE,0.34023517,0.23048452,0.16225953,0.26702073
0,1,SINGLE,XBH,0.2695178,0.30120194,0.19606075,0.23321958
3,0,SO_OUT,SINGLE,0.27881926,0.24392699,0.23301929,0.24423447
3,3,SO_OUT,SO_OUT,0.21701424,0.26546285,0.22877985,0.28874305
3,3,SO_OUT,SO_OUT,0.26360112,0.26153618,0.18173468,0.29312804
3,0,SO_OUT,SINGLE,0.33679402,0.20658909,0.18303216,0.27358478
0,1,SINGLE,XBH,0.20649393,0.3322555,0.22819573,0.23305476
3,0,SO_OUT,SINGLE,0.26346228,0.2614808,0.25577387,0.21928306
3,0,SO_OUT,SINGLE,0.27217886,0.24585657,0.2700137,0.21195085
3,1,SO_OUT,XBH,0.25520366,0.29560024,0.21134456,0.2378515
3,0,SO_OUT,SINGLE,0.2826047,0.27588683,0.24416797,0.19734055
3,2,SO_OUT,BB_HBP,0.18736435,0.25714433,0.29063305,0.26485822
3,1,SO_OUT,XBH,0.23714995,0.25520906,0.25292763,0.25471333
3,3,SO_OUT,SO_OUT,0.2326475,0.24627087,0.23986404,0.28121763
3,2,SO_OUT,BB_HBP,0.23006234,0.19629036,0.31316382,0.26048353
3,3,SO_OUT,SO_OUT,0.21732819,0.20405345,0.27689552,0.30172282
3,0,SO_OUT,SINGLE,0.2937441,0.22619474,0.2311606,0.24890056
3,1,SO_OUT,XBH,0.20902891,0.29663047,0.21620199,0.27813867
3,1,SO_OUT,XBH,0.21323887,0.3189413,0.23046318,0.23735665
3,1,SO_OUT,XBH,0.24465206,0.32876867,0.23914348,0.18743584
3,3,SO_OUT,SO_OUT,0.2598381,0.21881892,0.23157251,0.2897705
1,0,XBH,SINGLE,0.27449706,0.25337982,0.26407087,0.20805235
0,2,SINGLE,BB_HBP,0.2414604,0.26031396,0.28142032,0.21680535
0,3,SINGLE,SO_OUT,0.23569098,0.2503658,0.20130715,0.31263608
3,1,SO_OUT,XBH,0.20396553,0.32388142,0.23920305,0.23295002
0,2,SINGLE,BB_HBP,0.2585588,0.25924727,0.28590867,0.19628535
3,1,SO_OUT,XBH,0.13044433,0.33100906,0.28969163,0.248855
3,3,SO_OUT,SO_OUT,0.18822387,0.2761,0.21883212,0.31684396
3,0,SO_OUT,SINGLE,0.2780682,0.22382753,0.22267143,0.2754328
3,3,SO_OUT,SO_OUT,0.2513735,0.24059702,0.22831811,0.27971143
3,3,SO_OUT,SO_OUT,0.2722198,0.24937753,0.20062247,0.27778015
3,1,SO_OUT,XBH,0.2252694,0.32827872,0.21529558,0.23115629
0,0,SINGLE,SINGLE,0.3020635,0.26459178,0.22209261,0.21125211
0,1,SINGLE,XBH,0.21541259,0.3218555,0.26022577,0.20250612
1,0,XBH,SINGLE,0.29414946,0.25024375,0.2192372,0.23636965
3,1,SO_OUT,XBH,0.2201037,0.26999798,0.24164523,0.26825306
3,1,SO_OUT,XBH,0.22499742,0.3366303,0.24020588,0.19816639
0,1,SINGLE,XBH,0.28593385,0.30866444,0.20332935,0.20207241
3,1,SO_OUT,XBH,0.20936085,0.33080676,0.2662311,0.19360122
3,1,SO_OUT,XBH,0.24925803,0.28911686,0.19939849,0.2622266
3,0,SO_OUT,SINGLE,0.29444486,0.20256826,0.25119346,0.2517934
3,3,SO_OUT,SO_OUT,0.2725601,0.23044911,0.21304919,0.28394157
0,0,SINGLE,SINGLE,0.31915292,0.20535235,0.242805,0.23268975
3,3,SO_OUT,SO_OUT,0.2656505,0.19069818,0.14527918,0.39837208
0,3,SINGLE,SO_OUT,0.29148543,0.26702768,0.14823693,0.29325002
3,3,SO_OUT,SO_OUT,0.2473623,0.23914655,0.23032121,0.28316993
3,1,SO_OUT,XBH,0.255525,0.29944086,0.16278791,0.2822463
3,3,SO_OUT,SO_OUT,0.28069258,0.1886963,0.16392756,0.3666835
3,0,SO_OUT,SINGLE,0.33564222,0.21951574,0.1540963,0.29074574
3,1,SO_OUT,XBH,0.26952535,0.27839872,0.20811926,0.24395669
3,2,SO_OUT,BB_HBP,0.21568093,0.2597631,0.26340157,0.26115438
3,1,SO_OUT,XBH,0.18325774,0.41195607,0.20340191,0.20138426
0,1,SINGLE,XBH,0.24579585,0.33139724,0.15235305,0.27045384
3,0,SO_OUT,SINGLE,0.38572598,0.18959491,0.13633071,0.28834847
3,1,SO_OUT,XBH,0.19852039,0.2939617,0.2843575,0.22316034
3,0,SO_OUT,SINGLE,0.29456425,0.22611912,0.18528786,0.2940288
3,0,SO_OUT,SINGLE,0.33519855,0.1930927,0.16463599,0.3070728
0,3,SINGLE,SO_OUT,0.30998975,0.21878302,0.14803839,0.32318884
3,3,SO_OUT,SO_OUT,0.2684276,0.25907195,0.15507644,0.31742397
0,3,SINGLE,SO_OUT,0.24407148,0.25011706,0.20121136,0.30460006
3,3,SO_OUT,SO_OUT,0.23703855,0.29336247,0.15738042,0.3122185
3,0,SO_OUT,SINGLE,0.34534737,0.20677906,0.17261048,0.27526307
3,3,SO_OUT,SO_OUT,0.27924466,0.15880524,0.14037947,0.42157063
3,3,SO_OUT,SO_OUT,0.3128833,0.18835445,0.17453721,0.32422504
3,0,SO_OUT,SINGLE,0.36304384,0.19917904,0.20540276,0.23237431
3,2,SO_OUT,BB_HBP,0.203037,0.28657773,0.29431275,0.21607246
3,1,SO_OUT,XBH,0.19647218,0.3996074,0.21639173,0.18752876
3,1,SO_OUT,XBH,0.25061333,0.30490094,0.18216302,0.26232272
0,0,SINGLE,SINGLE,0.36296836,0.17513488,0.13819054,0.32370624
3,0,SO_OUT,SINGLE,0.32172742,0.22180648,0.16878009,0.28768602
0,0,SINGLE,SINGLE,0.3285328,0.1830326,0.167993,0.32044163
3,3,SO_OUT,SO_OUT,0.28243467,0.18359314,0.1904636,0.34350854
3,0,SO_OUT,SINGLE,0.34107846,0.18364978,0.17944883,0.2958229
3,3,SO_OUT,SO_OUT,0.24657974,0.18261184,0.28495538,0.285853
3,3,SO_OUT,SO_OUT,0.26740006,0.21346195,0.2013065,0.3178315
3,2,SO_OUT,BB_HBP,0.25875553,0.19087614,0.28449607,0.26587218
0,0,SINGLE,SINGLE,0.2947598,0.22827479,0.22914515,0.24782021
3,1,SO_OUT,XBH,0.23144047,0.2907946,0.2094414,0.2683235
3,3,SO_OUT,SO_OUT,0.2857667,0.19494888,0.2245502,0.29473424
0,3,SINGLE,SO_OUT,0.28241223,0.1906987,0.19190657,0.33498242
0,0,SINGLE,SINGLE,0.2972816,0.21686576,0.2242022,0.2616504
3,2,SO_OUT,BB_HBP,0.20865504,0.2361206,0.31357858,0.24164584
3,1,SO_OUT,XBH,0.17684345,0.37926152,0.23507984,0.2088152
1,1,XBH,XBH,0.24402687,0.28735957,0.20378949,0.264824
3,0,SO_OUT,SINGLE,0.35812315,0.1817339,0.20199841,0.2581445
3,3,SO_OUT,SO_OUT,0.20940983,0.18663338,0.26281148,0.34114534
3,3,SO_OUT,SO_OUT,0.2435663,0.17120862,0.20299776,0.3822273
3,3,SO_OUT,SO_OUT,0.28119263,0.22645408,0.1894054,0.3029479
0,3,SINGLE,SO_OUT,0.27774745,0.27522323,0.166889,0.28014034
3,3,SO_OUT,SO_OUT,0.29262114,0.23816167,0.16455747,0.30465972
3,3,SO_OUT,SO_OUT,0.24647933,0.2298026,0.25162628,0.27209172
0,3,SINGLE,SO_OUT,0.23156922,0.2874033,0.16157657,0.31945097
3,0,SO_OUT,SINGLE,0.31825507,0.22552176,0.18854472,0.26767838
3,1,SO_OUT,XBH,0.2518477,0.2696488,0.23714846,0.24135499
3,2,SO_OUT,BB_HBP,0.20319508,0.27159253,0.2960198,0.22919264
3,0,SO_OUT,SINGLE,0.3358218,0.23768552,0.18300018,0.24349247
3,2,SO_OUT,BB_HBP,0.20185444,0.24986932,0.32102448,0.22725171
0,1,SINGLE,XBH,0.17198926,0.38242397,0.23940513,0.20618168
0,1,SINGLE,XBH,0.24468762,0.2960103,0.1767269,0.28257522
3,0,SO_OUT,SINGLE,0.37375274,0.1885783,0.16348197,0.27418706
3,1,SO_OUT,XBH,0.28446946,0.31336597,0.17463474,0.22752987
3,3,SO_OUT,SO_OUT,0.26291448,0.16819134,0.20650397,0.3623902
3,3,SO_OUT,SO_OUT,0.23835568,0.15095474,0.14097616,0.46971342
0,1,SINGLE,XBH,0.26529184,0.28812435,0.21551682,0.23106696
0,0,SINGLE,SINGLE,0.27369034,0.22421122,0.25371352,0.24838491
2,0,BB_HBP,SINGLE,0.309503,0.25023937,0.2444088,0.19584884
3,2,SO_OUT,BB_HBP,0.21912654,0.23669943,0.33994478,0.20422931
3,1,SO_OUT,XBH,0.16867326,0.33691797,0.3117587,0.18265
0,0,SINGLE,SINGLE,0.2836503,0.23090336,0.2644012,0.22104523
3,2,SO_OUT,BB_HBP,0.22135691,0.21938655,0.35792592,0.20133057
3,3,SO_OUT,SO_OUT,0.28545234,0.23234479,0.1864658,0.29573712
3,1,SO_OUT,XBH,0.2616017,0.3087802,0.19019397,0.23942411
3,0,SO_OUT,SINGLE,0.37921265,0.23883395,0.16934064,0.21261273
3,0,SO_OUT,SINGLE,0.29363525,0.260711,0.19580959,0.24984412
3,2,SO_OUT,BB_HBP,0.27050412,0.21431781,0.28237513,0.232803
3,3,SO_OUT,SO_OUT,0.21932767,0.22618507,0.26806453,0.28642273
2,3,BB_HBP,SO_OUT,0.2431576,0.21351935,0.21662478,0.32669833
3,3,SO_OUT,SO_OUT,0.27501616,0.185592,0.22197329,0.31741858
3,0,SO_OUT,SINGLE,0.3312072,0.22611368,0.19966078,0.24301842
0,1,SINGLE,XBH,0.28695273,0.30040655,0.19824697,0.21439369
3,1,SO_OUT,XBH,0.17831388,0.29354778,0.27418748,0.25395083
3,3,SO_OUT,SO_OUT,0.25958675,0.24994294,0.21840692,0.27206343
3,2,SO_OUT,BB_HBP,0.20629221,0.22149503,0.34837088,0.22384186
3,3,SO_OUT,SO_OUT,0.25691292,0.25800124,0.18180665,0.30327916
3,3,SO_OUT,SO_OUT,0.27860332,0.22662152,0.17296213,0.321813
3,1,SO_OUT,XBH,0.25581726,0.31633064,0.2012879,0.22656423
3,3,SO_OUT,SO_OUT,0.21939285,0.20656294,0.21023981,0.36380434
3,3,SO_OUT,SO_OUT,0.2601444,0.20354474,0.22145782,0.31485304
3,3,SO_OUT,SO_OUT,0.24241832,0.25435066,0.24449375,0.25873724
3,0,SO_OUT,SINGLE,0.32192972,0.24276675,0.17211056,0.26319298
3,3,SO_OUT,SO_OUT,0.29176563,0.2202262,0.18809836,0.2999098
3,3,SO_OUT,SO_OUT,0.27086252,0.24727233,0.19629335,0.28557178
3,3,SO_OUT,SO_OUT,0.2658963,0.18929282,0.2666479,0.27816296
3,1,SO_OUT,XBH,0.24945617,0.28834465,0.2573552,0.20484395
3,2,SO_OUT,BB_HBP,0.24184918,0.22169879,0.28535002,0.25110203
3,0,SO_OUT,SINGLE,0.31451777,0.22861153,0.19171911,0.26515162
0,3,SINGLE,SO_OUT,0.22630695,0.2339753,0.21815357,0.32156414
0,0,SINGLE,SINGLE,0.34679687,0.18679854,0.12211864,0.34428594
0,0,SINGLE,SINGLE,0.3637259,0.20424011,0.16311264,0.26892135
3,3,SO_OUT,SO_OUT,0.2423257,0.1971978,0.24824728,0.3122292
3,3,SO_OUT,SO_OUT,0.2625992,0.17095985,0.2154808,0.35096014
3,3,SO_OUT,SO_OUT,0.21329711,0.20848033,0.24512152,0.33310103
3,3,SO_OUT,SO_OUT,0.25163025,0.18080163,0.23537864,0.3321894
3,3,SO_OUT,SO_OUT,0.24500282,0.1961801,0.25749508,0.30132198
2,1,BB_HBP,XBH,0.21697345,0.32021397,0.2744233,0.1883893
3,3,SO_OUT,SO_OUT,0.2698251,0.23017773,0.18040009,0.3195971
3,1,SO_OUT,XBH,0.24975228,0.30828145,0.16620612,0.2757602
3,0,SO_OUT,SINGLE,0.3247895,0.23971204,0.17768252,0.2578159
1,2,XBH,BB_HBP,0.20357312,0.25804695,0.2784939,0.25988603
3,2,SO_OUT,BB_HBP,0.21371064,0.26488137,0.2899912,0.2314168
0,0,SINGLE,SINGLE,0.29691222,0.26258326,0.20566837,0.23483607
0,2,SINGLE,BB_HBP,0.23943074,0.23469296,0.2910504,0.23482586
0,2,SINGLE,BB_HBP,0.253269,0.23181589,0.26547584,0.24943925
0,2,SINGLE,BB_HBP,0.19288757,0.2596963,0.34382352,0.20359251
1,1,XBH,XBH,0.26518366,0.27700454,0.23856758,0.2192442
0,2,SINGLE,BB_HBP,0.24694826,0.25149924,0.2840143,0.21753828
3,1,SO_OUT,XBH,0.23424304,0.3150027,0.24331328,0.20744087
1,1,XBH,XBH,0.1697796,0.36383206,0.24602889,0.22035949
2,1,BB_HBP,XBH,0.24871379,0.2906867,0.22675534,0.23384418
3,1,SO_OUT,XBH,0.23401107,0.2829404,0.28249702,0.20055148
2,2,BB_HBP,BB_HBP,0.23625952,0.14062132,0.31738907,0.30573004
2,0,BB_HBP,SINGLE,0.3120832,0.23781344,0.21125536,0.23884802
3,2,SO_OUT,BB_HBP,0.19850247,0.18851842,0.32218865,0.29079047
3,0,SO_OUT,SINGLE,0.28632423,0.20359184,0.25048983,0.25959402
1,0,XBH,SINGLE,0.37229523,0.21151689,0.12507147,0.29111645
1,3,XBH,SO_OUT,0.25281066,0.2661524,0.179181,0.30185592
3,3,SO_OUT,SO_OUT,0.22816502,0.18513806,0.16810744,0.41858953
3,0,SO_OUT,SINGLE,0.3675203,0.20106047,0.17358302,0.25783628
2,0,BB_HBP,SINGLE,0.2857424,0.22720666,0.2487152,0.23833573
3,0,SO_OUT,SINGLE,0.36030552,0.23251723,0.12083358,0.28634366
3,1,SO_OUT,XBH,0.27247453,0.3191131,0.17758235,0.23083006
3,1,SO_OUT,XBH,0.247812,0.29245576,0.2293296,0.23040262
2,1,BB_HBP,XBH,0.22438714,0.31005615,0.25679967,0.20875712
3,2,SO_OUT,BB_HBP,0.25541705,0.2147306,0.2705129,0.2593394
3,0,SO_OUT,SINGLE,0.3253736,0.25649896,0.1686594,0.24946803
3,3,SO_OUT,SO_OUT,0.2880512,0.19372621,0.18324925,0.33497342
3,1,SO_OUT,XBH,0.2894904,0.2931873,0.20440483,0.21291743
2,0,BB_HBP,SINGLE,0.3215825,0.20958869,0.2447035,0.22412527
3,0,SO_OUT,SINGLE,0.31168148,0.24870643,0.19849397,0.24111804
3,0,SO_OUT,SINGLE,0.34512988,0.22978413,0.18032418,0.2447618
2,0,BB_HBP,SINGLE,0.33419925,0.25703856,0.17357835,0.23518386
3,3,SO_OUT,SO_OUT,0.26085895,0.21287684,0.14779204,0.3784722
3,0,SO_OUT,SINGLE,0.2975093,0.27070826,0.19496694,0.2368156
2,0,BB_HBP,SINGLE,0.2889906,0.21012303,0.2395709,0.2613155
2,1,BB_HBP,XBH,0.2340272,0.31192502,0.24291062,0.21113716
3,0,SO_OUT,SINGLE,0.27522296,0.2650728,0.20615472,0.25354958
2,2,BB_HBP,BB_HBP,0.22347125,0.26794767,0.28988782,0.2186933
3,1,SO_OUT,XBH,0.25242746,0.31566724,0.20955543,0.2223499
1,1,XBH,XBH,0.26170203,0.29868698,0.20056267,0.23904838
0,0,SINGLE,SINGLE,0.3453547,0.21431608,0.18910769,0.25122148
3,0,SO_OUT,SINGLE,0.3012006,0.20858933,0.22654481,0.2636653
3,0,SO_OUT,SINGLE,0.32850763,0.2676895,0.17437568,0.22942725
3,0,SO_OUT,SINGLE,0.3572199,0.18359537,0.17939927,0.27978545
3,0,SO_OUT,SINGLE,0.2971992,0.22791997,0.21048011,0.26440072
3,0,SO_OUT,SINGLE,0.2928289,0.24966154,0.18674052,0.27076906
3,1,SO_OUT,XBH,0.2095469,0.34581393,0.25763205,0.18700717
3,0,SO_OUT,SINGLE,0.3636495,0.21773346,0.1409567,0.27766037
3,3,SO_OUT,SO_OUT,0.2567483,0.17625362,0.23599021,0.331008
3,0,SO_OUT,SINGLE,0.31194565,0.27135846,0.18016642,0.23652945
3,2,SO_OUT,BB_HBP,0.27118787,0.20722811,0.28437626,0.23720777
2,1,BB_HBP,XBH,0.23438399,0.29300344,0.27200884,0.20060363
3,1,SO_OUT,XBH,0.22906795,0.31937504,0.28124347,0.17031357
0,0,SINGLE,SINGLE,0.28304207,0.26137838,0.26380348,0.19177604
3,3,SO_OUT,SO_OUT,0.20902859,0.1798155,0.2593949,0.351761
3,0,SO_OUT,SINGLE,0.30129912,0.18502554,0.233865,0.27981037
3,0,SO_OUT,SINGLE,0.40186554,0.18682083,0.1749306,0.236383
0,0,SINGLE,SINGLE,0.3900484,0.20495458,0.14369684,0.26130018
3,1,SO_OUT,XBH,0.18372372,0.2876359,0.2772576,0.2513828
3,2,SO_OUT,BB_HBP,0.24414396,0.21998936,0.3087553,0.22711132
3,2,SO_OUT,BB_HBP,0.24725701,0.2491403,0.31171432,0.19188829
3,3,SO_OUT,SO_OUT,0.3098818,0.18447977,0.15838787,0.34725052
3,3,SO_OUT,SO_OUT,0.2715402,0.20927545,0.21625754,0.3029268
3,3,SO_OUT,SO_OUT,0.31023276,0.22045437,0.15824212,0.31107074
3,1,SO_OUT,XBH,0.26822835,0.27498168,0.2001922,0.2565978
3,1,SO_OUT,XBH,0.2885195,0.30239683,0.15704723,0.25203642
3,1,SO_OUT,XBH,0.24847536,0.3553111,0.20382226,0.1923913
3,2,SO_OUT,BB_HBP,0.2406091,0.22666015,0.2741524,0.2585784
3,1,SO_OUT,XBH,0.22478442,0.29246134,0.2669566,0.21579763
3,0,SO_OUT,SINGLE,0.3321836,0.19067529,0.24491261,0.23222853
2,1,BB_HBP,XBH,0.25302213,0.32407683,0.21599306,0.20690794
3,1,SO_OUT,XBH,0.24266416,0.32824233,0.22388764,0.20520595
1,1,XBH,XBH,0.24516395,0.31061807,0.21531841,0.2288996
3,0,SO_OUT,SINGLE,0.29431406,0.27291596,0.19999464,0.23277536
3,0,SO_OUT,SINGLE,0.27562577,0.2669169,0.24245852,0.21499887
1,0,XBH,SINGLE,0.2975725,0.22023378,0.2561744,0.22601928
3,3,SO_OUT,SO_OUT,0.30001023,0.2105339,0.14167643,0.34777945
3,0,SO_OUT,SINGLE,0.37270576,0.19454665,0.17905995,0.25368756
3,0,SO_OUT,SINGLE,0.30870956,0.27573994,0.18126774,0.23428273
3,3,SO_OUT,SO_OUT,0.2815983,0.1682433,0.2552119,0.29494652
3,3,SO_OUT,SO_OUT,0.2719259,0.2766352,0.16600718,0.2854318
3,3,SO_OUT,SO_OUT,0.20280623,0.25139984,0.2636427,0.28215125
3,1,SO_OUT,XBH,0.24782264,0.25606456,0.24332832,0.2527845
3,1,SO_OUT,XBH,0.25580835,0.29861555,0.22385918,0.22171694
3,1,SO_OUT,XBH,0.19732407,0.3608806,0.26093486,0.18086044
2,1,BB_HBP,XBH,0.26811463,0.32006538,0.19959387,0.21222621
3,1,SO_OUT,XBH,0.24444774,0.26617008,0.23317562,0.25620663
3,1,SO_OUT,XBH,0.19623327,0.34541872,0.22988531,0.22846273
3,1,SO_OUT,XBH,0.24101296,0.29234478,0.23349507,0.23314716
0,0,SINGLE,SINGLE,0.308195,0.27597272,0.19753094,0.2183013
3,0,SO_OUT,SINGLE,0.25521368,0.2490651,0.2416616,0.25405958
3,3,SO_OUT,SO_OUT,0.27129835,0.19769111,0.2410549,0.28995562
3,0,SO_OUT,SINGLE,0.27444726,0.26374725,0.2377696,0.22403587
0,0,SINGLE,SINGLE,0.30734742,0.23282629,0.27015913,0.18966706
3,0,SO_OUT,SINGLE,0.27531853,0.25667346,0.1949321,0.2730759
3,1,SO_OUT,XBH,0.27608338,0.28315878,0.21333122,0.22742659
3,1,SO_OUT,XBH,0.23531075,0.3176071,0.18951026,0.25757197
3,1,SO_OUT,XBH,0.27591726,0.30847383,0.23631068,0.1792982
1,1,XBH,XBH,0.20219646,0.3694225,0.24212311,0.18625793
3,3,SO_OUT,SO_OUT,0.22995237,0.23329979,0.22406644,0.31268147
2,3,BB_HBP,SO_OUT,0.2562981,0.22461523,0.24963002,0.26945668
3,1,SO_OUT,XBH,0.26566544,0.26867223,0.21308124,0.2525812
2,1,BB_HBP,XBH,0.21534374,0.35462078,0.19815135,0.2318841
3,1,SO_OUT,XBH,0.265961,0.29649162,0.21681446,0.22073287
3,1,SO_OUT,XBH,0.27183953,0.27584878,0.20940298,0.24290869
0,0,SINGLE,SINGLE,0.33332625,0.16576484,0.2250258,0.27588305
3,0,SO_OUT,SINGLE,0.2869854,0.24868743,0.22577086,0.23855631
3,0,SO_OUT,SINGLE,0.29639846,0.26422286,0.17124803,0.26813054
3,0,SO_OUT,SINGLE,0.32936803,0.25140208,0.17469133,0.2445386
3,0,SO_OUT,SINGLE,0.28658772,0.28275403,0.20520346,0.22545484
3,3,SO_OUT,SO_OUT,0.26080418,0.2315121,0.2362718,0.271412
3,1,SO_OUT,XBH,0.26079142,0.2701125,0.24496579,0.22413032
3,0,SO_OUT,SINGLE,0.28793553,0.236096,0.23313828,0.24283011
3,0,SO_OUT,SINGLE,0.3281234,0.25935382,0.17416924,0.23835354
3,3,SO_OUT,SO_OUT,0.25037175,0.18386506,0.24949236,0.31627083
3,0,SO_OUT,SINGLE,0.26750872,0.24265707,0.24590787,0.24392629
0,3,SINGLE,SO_OUT,0.2651594,0.22185615,0.19275177,0.3202327
3,1,SO_OUT,XBH,0.20943803,0.32265276,0.27702487,0.1908844
3,2,SO_OUT,BB_HBP,0.21674912,0.21139476,0.35644722,0.21540898
3,2,SO_OUT,BB_HBP,0.25095057,0.25158226,0.26931754,0.22814964
0,0,SINGLE,SINGLE,0.28481656,0.2363678,0.25248745,0.22632816
1,0,XBH,SINGLE,0.33479947,0.17993154,0.23942313,0.24584591
3,3,SO_OUT,SO_OUT,0.25134745,0.22263965,0.26067093,0.26534197
3,3,SO_OUT,SO_OUT,0.28300232,0.15366569,0.27576154,0.2875704
3,3,SO_OUT,SO_OUT,0.24864285,0.14346263,0.25461978,0.35327476
0,2,SINGLE,BB_HBP,0.23763742,0.20422696,0.31790495,0.24023071
0,3,SINGLE,SO_OUT,0.26173523,0.1897915,0.27341184,0.27506137
0,3,SINGLE,SO_OUT,0.26322293,0.20656632,0.2638124,0.26639837
3,3,SO_OUT,SO_OUT,0.21450292,0.25043234,0.25622633,0.27883843
3,0,SO_OUT,SINGLE,0.30632707,0.23863316,0.21421777,0.24082191
3,0,SO_OUT,SINGLE,0.28855616,0.22375444,0.26100007,0.22668934
3,0,SO_OUT,SINGLE,0.3349205,0.25850558,0.20292643,0.20364736
3,3,SO_OUT,SO_OUT,0.24033897,0.2224212,0.24127704,0.29596287
1,1,XBH,XBH,0.22292854,0.32330665,0.19746193,0.2563029
3,0,SO_OUT,SINGLE,0.28104216,0.22486252,0.24877982,0.2453155
2,0,BB_HBP,SINGLE,0.31669503,0.27525583,0.20204186,0.2060073
3,0,SO_OUT,SINGLE,0.31813192,0.24526592,0.18993522,0.24666694
3,0,SO_OUT,SINGLE,0.27993083,0.21057671,0.24740991,0.26208252
3,1,SO_OUT,XBH,0.23757632,0.28433487,0.22699985,0.251089
0,1,SINGLE,XBH,0.1915771,0.35039842,0.28118375,0.17684083
0,1,SINGLE,XBH,0.26819226,0.30600235,0.23087049,0.19493492
3,2,SO_OUT,BB_HBP,0.2423704,0.27882686,0.28696772,0.191835
0,3,SINGLE,SO_OUT,0.2210739,0.26429048,0.23325409,0.28138158
3,3,SO_OUT,SO_OUT,0.25572336,0.22406736,0.25023392,0.26997533
0,1,SINGLE,XBH,0.2648713,0.2967601,0.2220276,0.21634097
3,1,SO_OUT,XBH,0.27669775,0.28961283,0.22760455,0.2060849
3,1,SO_OUT,XBH,0.24982098,0.2629512,0.22471626,0.26251164
1,0,XBH,SINGLE,0.3121718,0.21245024,0.1802208,0.2951571
3,3,SO_OUT,SO_OUT,0.22702202,0.2546489,0.23110598,0.2872232
3,3,SO_OUT,SO_OUT,0.20074722,0.2631518,0.24361892,0.29248208
3,2,SO_OUT,BB_HBP,0.21752082,0.24049059,0.32288304,0.21910553
3,2,SO_OUT,BB_HBP,0.26797318,0.19512501,0.2978623,0.23903956
3,1,SO_OUT,XBH,0.19559114,0.2918968,0.23450911,0.278003
3,2,SO_OUT,BB_HBP,0.20139174,0.24567774,0.30529505,0.24763541
3,1,SO_OUT,XBH,0.23051597,0.2679994,0.23672669,0.26475796
3,1,SO_OUT,XBH,0.22109114,0.28840426,0.21873392,0.2717707
3,0,SO_OUT,SINGLE,0.3050773,0.23975551,0.22271603,0.23245117
1,1,XBH,XBH,0.21856946,0.31166658,0.31032395,0.15944001
3,0,SO_OUT,SINGLE,0.27101865,0.2664905,0.23558812,0.22690277
3,2,SO_OUT,BB_HBP,0.23649877,0.23603332,0.28685364,0.2406143
0,3,SINGLE,SO_OUT,0.2757404,0.20788872,0.19620258,0.3201682
0,0,SINGLE,SINGLE,0.2980775,0.23937906,0.24055845,0.22198504
3,3,SO_OUT,SO_OUT,0.20001675,0.18602198,0.2925673,0.3213939
3,1,SO_OUT,XBH,0.17817463,0.3296618,0.2560378,0.23612578
3,3,SO_OUT,SO_OUT,0.27302265,0.1953039,0.2523238,0.27934963
3,2,SO_OUT,BB_HBP,0.22652936,0.26149404,0.26349136,0.24848522
3,2,SO_OUT,BB_HBP,0.22070855,0.21272494,0.3003782,0.26618832
2,2,BB_HBP,BB_HBP,0.2835557,0.14021136,0.30083016,0.27540278
3,0,SO_OUT,SINGLE,0.3176199,0.17172752,0.19667327,0.3139794
3,3,SO_OUT,SO_OUT,0.23048304,0.18462877,0.27324045,0.3116477
3,0,SO_OUT,SINGLE,0.29351127,0.18996999,0.23284441,0.2836743
3,2,SO_OUT,BB_HBP,0.21161908,0.1793565,0.34468943,0.264335
3,3,SO_OUT,SO_OUT,0.20170476,0.25724033,0.25136337,0.28969148
2,2,BB_HBP,BB_HBP,0.24916671,0.24202083,0.28028163,0.22853081
3,2,SO_OUT,BB_HBP,0.22319768,0.20338765,0.31587467,0.25754008
3,3,SO_OUT,SO_OUT,0.24109392,0.25116834,0.21051317,0.29722458
3,1,SO_OUT,XBH,0.19384363,0.33784476,0.29376593,0.17454569
3,2,SO_OUT,BB_HBP,0.20503451,0.21713743,0.3302756,0.24755244
2,1,BB_HBP,XBH,0.2272565,0.28731757,0.27233404,0.21309188
1,2,XBH,BB_HBP,0.21059112,0.22891727,0.31177023,0.24872132
1,1,XBH,XBH,0.21675242,0.2908326,0.25567845,0.23673645
3,1,SO_OUT,XBH,0.21599582,0.2983489,0.24400675,0.24164851
3,1,SO_OUT,XBH,0.1757943,0.3182402,0.284024,0.2219415
2,2,BB_HBP,BB_HBP,0.21363653,0.245156,0.32846257,0.21274489
3,2,SO_OUT,BB_HBP,0.22080578,0.22581868,0.31451616,0.23885936
0,3,SINGLE,SO_OUT,0.2799017,0.24457805,0.19445638,0.28106388
3,1,SO_OUT,XBH,0.23695275,0.27890348,0.21257511,0.2715686
3,1,SO_OUT,XBH,0.19216976,0.310072,0.25985897,0.23789927
3,2,SO_OUT,BB_HBP,0.254192,0.20010568,0.299835,0.24586734
0,1,SINGLE,XBH,0.26530477,0.27277458,0.24383396,0.21808667
3,2,SO_OUT,BB_HBP,0.20998655,0.25886342,0.29528514,0.23586491
3,0,SO_OUT,SINGLE,0.2731985,0.20814179,0.2640516,0.25460815
3,1,SO_OUT,XBH,0.1437568,0.32487458,0.30484083,0.22652781
3,3,SO_OUT,SO_OUT,0.23705345,0.21507494,0.26328972,0.28458187
0,3,SINGLE,SO_OUT,0.25879708,0.24955894,0.23023084,0.26141322
3,3,SO_OUT,SO_OUT,0.21214743,0.25401437,0.26137388,0.2724643
3,1,SO_OUT,XBH,0.23658046,0.26946473,0.24778816,0.24616665
3,3,SO_OUT,SO_OUT,0.2609517,0.282656,0.1713134,0.28507888
3,3,SO_OUT,SO_OUT,0.24585977,0.20470299,0.25916058,0.29027665
3,0,SO_OUT,SINGLE,0.2788187,0.2577399,0.21768887,0.24575251
3,0,SO_OUT,SINGLE,0.2908213,0.19154483,0.2542479,0.263386
3,2,SO_OUT,BB_HBP,0.22194876,0.23159301,0.29037753,0.25608063
3,2,SO_OUT,BB_HBP,0.1595833,0.29867944,0.31553894,0.22619829
3,2,SO_OUT,BB_HBP,0.19287446,0.26629603,0.32810304,0.21272656
1,2,XBH,BB_HBP,0.22470547,0.19323467,0.3718637,0.21019623
0,2,SINGLE,BB_HBP,0.1892737,0.24104679,0.32275194,0.24692759
3,1,SO_OUT,XBH,0.21133594,0.279945,0.24317726,0.26554182
3,3,SO_OUT,SO_OUT,0.29181543,0.23245439,0.18043382,0.29529628
3,0,SO_OUT,SINGLE,0.26608354,0.26264682,0.20978518,0.2614844
2,2,BB_HBP,BB_HBP,0.25590184,0.22612073,0.31828898,0.1996884
3,2,SO_OUT,BB_HBP,0.19613172,0.17995791,0.35344142,0.270469
3,3,SO_OUT,SO_OUT,0.22816278,0.21683441,0.2513567,0.3036461
3,2,SO_OUT,BB_HBP,0.23441774,0.20474605,0.30998725,0.25084904
3,3,SO_OUT,SO_OUT,0.189152,0.27035233,0.26753795,0.27295774
3,3,SO_OUT,SO_OUT,0.26347584,0.23565194,0.17586248,0.32500976
3,3,SO_OUT,SO_OUT,0.26613238,0.18351226,0.26285133,0.28750402
3,2,SO_OUT,BB_HBP,0.16533929,0.32868046,0.34925175,0.15672846
3,3,SO_OUT,SO_OUT,0.24060857,0.20670062,0.2194265,0.33326432
3,2,SO_OUT,BB_HBP,0.2631372,0.21292189,0.27262142,0.2513195
0,3,SINGLE,SO_OUT,0.27304605,0.20206676,0.24708092,0.2778062
3,2,SO_OUT,BB_HBP,0.25588822,0.23008198,0.29786792,0.21616188
3,2,SO_OUT,BB_HBP,0.23366846,0.26549888,0.29767975,0.2031529
3,1,SO_OUT,XBH,0.16750628,0.2891641,0.28551084,0.25781882
3,1,SO_OUT,XBH,0.2166892,0.29667,0.2660168,0.22062398
1,0,XBH,SINGLE,0.35286584,0.16871078,0.18173555,0.29668784
3,2,SO_OUT,BB_HBP,0.15944558,0.30726025,0.36784285,0.1654513
3,0,SO_OUT,SINGLE,0.3203594,0.29683682,0.1978104,0.18499339
0,0,SINGLE,SINGLE,0.35007605,0.25719282,0.20064501,0.19208607
3,3,SO_OUT,SO_OUT,0.21909365,0.23999858,0.20627253,0.3346352
3,2,SO_OUT,BB_HBP,0.2551203,0.24708322,0.27309865,0.22469786
2,0,BB_HBP,SINGLE,0.28232515,0.25232795,0.2333048,0.23204213
3,2,SO_OUT,BB_HBP,0.21206315,0.2777665,0.30729243,0.20287792
3,2,SO_OUT,BB_HBP,0.20253782,0.30239287,0.31037444,0.18469486
3,1,SO_OUT,XBH,0.22176853,0.32692888,0.23358966,0.21771291
0,3,SINGLE,SO_OUT,0.25649995,0.16806963,0.28621665,0.2892138
0,3,SINGLE,SO_OUT,0.21657868,0.21059383,0.24543054,0.3273969
0,2,SINGLE,BB_HBP,0.20646887,0.2528012,0.2928007,0.24792928
3,2,SO_OUT,BB_HBP,0.21406837,0.2528549,0.29563344,0.23744327
0,3,SINGLE,SO_OUT,0.24541484,0.17489845,0.25460047,0.3250862
3,0,SO_OUT,SINGLE,0.29865927,0.22222416,0.22647914,0.25263745
0,0,SINGLE,SINGLE,0.3058497,0.21766356,0.22022346,0.2562633
3,3,SO_OUT,SO_OUT,0.27248734,0.18577042,0.21226002,0.32948223
3,2,SO_OUT,BB_HBP,0.18424046,0.25200856,0.3164256,0.2473254
3,3,SO_OUT,SO_OUT,0.2351673,0.20302704,0.261092,0.3007137
0,2,SINGLE,BB_HBP,0.23782466,0.20703089,0.27937868,0.27576566
3,2,SO_OUT,BB_HBP,0.21345526,0.18126431,0.30886036,0.29642013
3,2,SO_OUT,BB_HBP,0.2304835,0.18351425,0.31678152,0.26922065
3,0,SO_OUT,SINGLE,0.2928708,0.21444957,0.24758935,0.24509028
2,0,BB_HBP,SINGLE,0.29673773,0.20568526,0.25991854,0.23765855
3,3,SO_OUT,SO_OUT,0.26984987,0.15749551,0.23493594,0.33771873
3,3,SO_OUT,SO_OUT,0.24880023,0.18960917,0.26971895,0.29187167
3,1,SO_OUT,XBH,0.19240013,0.286283,0.26304018,0.25827667
3,1,SO_OUT,XBH,0.25839102,0.28915808,0.17139865,0.28105214
3,0,SO_OUT,SINGLE,0.301701,0.26714137,0.21287818,0.21827947
3,1,SO_OUT,XBH,0.27216873,0.30713964,0.15928619,0.26140553
3,1,SO_OUT,XBH,0.2592527,0.34576315,0.18677808,0.20820604
3,1,SO_OUT,XBH,0.2734861,0.3529231,0.16924386,0.20434697
3,2,SO_OUT,BB_HBP,0.17702366,0.29172552,0.29555407,0.23569676
3,1,SO_OUT,XBH,0.24179669,0.31784165,0.22446266,0.215899
2,1,BB_HBP,XBH,0.15184069,0.34336013,0.32291764,0.18188159
3,1,SO_OUT,XBH,0.23258768,0.3029258,0.21422203,0.25026447
3,1,SO_OUT,XBH,0.19632441,0.36980182,0.24605869,0.18781506
3,0,SO_OUT,SINGLE,0.32644403,0.30028176,0.15014248,0.22313173
0,0,SINGLE,SINGLE,0.30830604,0.30753186,0.1728711,0.21129104
3,2,SO_OUT,BB_HBP,0.2414391,0.22196382,0.2996081,0.23698887
3,0,SO_OUT,SINGLE,0.3248945,0.20521154,0.20731123,0.26258278
3,2,SO_OUT,BB_HBP,0.22525279,0.2507077,0.3405405,0.18349907
3,3,SO_OUT,SO_OUT,0.25166145,0.16774526,0.26837966,0.31221357
0,1,SINGLE,XBH,0.27493486,0.3110983,0.17126513,0.2427017
3,1,SO_OUT,XBH,0.29386824,0.31994733,0.20618194,0.18000245
3,3,SO_OUT,SO_OUT,0.2356792,0.25855654,0.1988146,0.30694968
3,1,SO_OUT,XBH,0.27571863,0.29990497,0.2004402,0.2239363
3,3,SO_OUT,SO_OUT,0.22785673,0.27092776,0.22019176,0.28102377
0,1,SINGLE,XBH,0.1902841,0.31803876,0.2490526,0.24262458
3,1,SO_OUT,XBH,0.223457,0.32379597,0.24160568,0.2111414
3,1,SO_OUT,XBH,0.23659119,0.2821376,0.21780756,0.26346368
3,1,SO_OUT,XBH,0.24545114,0.32700217,0.25245237,0.17509429
1,1,XBH,XBH,0.24776322,0.33793682,0.18506895,0.22923109
3,3,SO_OUT,SO_OUT,0.19213697,0.28091174,0.23486707,0.2920842
3,1,SO_OUT,XBH,0.24618654,0.34396422,0.25554606,0.15430322
3,2,SO_OUT,BB_HBP,0.2451239,0.25004253,0.27347058,0.23136301
3,0,SO_OUT,SINGLE,0.28743836,0.2426511,0.22859693,0.24131358
3,2,SO_OUT,BB_HBP,0.19447923,0.24488705,0.35142896,0.20920476
3,1,SO_OUT,XBH,0.19418558,0.28107148,0.25752956,0.26721337
0,3,SINGLE,SO_OUT,0.25522605,0.27413136,0.17044587,0.3001967
3,0,SO_OUT,SINGLE,0.30866838,0.2945303,0.1754349,0.22136647
0,0,SINGLE,SINGLE,0.3326548,0.28588396,0.17406544,0.20739575
3,1,SO_OUT,XBH,0.18012023,0.29638982,0.26810756,0.25538242
1,0,XBH,SINGLE,0.30503702,0.24603903,0.24366967,0.20525424
0,0,SINGLE,SINGLE,0.303132,0.20989093,0.21586064,0.27111644
3,3,SO_OUT,SO_OUT,0.19663621,0.23627616,0.2611588,0.30592883
3,3,SO_OUT,SO_OUT,0.2370418,0.22820376,0.26093653,0.27381793
3,3,SO_OUT,SO_OUT,0.25707164,0.24867804,0.22070654,0.27354375
2,1,BB_HBP,XBH,0.21724348,0.27353427,0.24856314,0.26065913
3,1,SO_OUT,XBH,0.25768378,0.2716143,0.22633126,0.24437061
3,1,SO_OUT,XBH,0.22927906,0.31251055,0.23355639,0.2246541
2,3,BB_HBP,SO_OUT,0.28115684,0.22252518,0.17095853,0.32535946
3,1,SO_OUT,XBH,0.22601207,0.3662996,0.23029894,0.17738941
0,1,SINGLE,XBH,0.17780736,0.3213085,0.27855283,0.22233124
3,3,SO_OUT,SO_OUT,0.2892774,0.22918175,0.16666067,0.3148802
0,1,SINGLE,XBH,0.2258857,0.27457717,0.2525506,0.24698651
3,3,SO_OUT,SO_OUT,0.21696274,0.2100185,0.20215093,0.37086785
3,2,SO_OUT,BB_HBP,0.23569103,0.27834907,0.3065611,0.1793987
2,0,BB_HBP,SINGLE,0.3184899,0.2726503,0.2167882,0.19207147
3,1,SO_OUT,XBH,0.15514739,0.33789903,0.2834642,0.22348942
0,3,SINGLE,SO_OUT,0.23508255,0.28020626,0.15477909,0.32993212
3,3,SO_OUT,SO_OUT,0.2505956,0.23112668,0.21223383,0.30604383
3,3,SO_OUT,SO_OUT,0.24417324,0.20325889,0.22632684,0.32624108
3,3,SO_OUT,SO_OUT,0.2945562,0.21253833,0.1933822,0.2995233
3,2,SO_OUT,BB_HBP,0.25882208,0.21528322,0.3065717,0.21932307
3,0,SO_OUT,SINGLE,0.28624254,0.24892634,0.22414203,0.24068907
3,2,SO_OUT,BB_HBP,0.23054494,0.28036064,0.3122383,0.17685615
3,2,SO_OUT,BB_HBP,0.23909405,0.23460168,0.26701933,0.2592849
3,2,SO_OUT,BB_HBP,0.19368884,0.24806066,0.29560792,0.2626426
3,3,SO_OUT,SO_OUT,0.24479824,0.23217885,0.16067202,0.36235085
3,2,SO_OUT,BB_HBP,0.24619325,0.2574235,0.26507217,0.23131113
0,3,SINGLE,SO_OUT,0.26189774,0.20073596,0.2588664,0.27849984
3,1,SO_OUT,XBH,0.16600725,0.31508863,0.27815163,0.24075252
2,2,BB_HBP,BB_HBP,0.14306992,0.25045493,0.3983875,0.2080877
3,3,SO_OUT,SO_OUT,0.2102402,0.23045269,0.2590939,0.30021316
3,3,SO_OUT,SO_OUT,0.23746067,0.24494518,0.25687832,0.26071584
0,2,SINGLE,BB_HBP,0.2565157,0.24095422,0.25923088,0.24329914
2,3,BB_HBP,SO_OUT,0.20752855,0.21574475,0.28547698,0.29124966
3,3,SO_OUT,SO_OUT,0.24635541,0.22422852,0.17829259,0.3511235
3,0,SO_OUT,SINGLE,0.28086078,0.24509929,0.24671197,0.22732802
3,1,SO_OUT,XBH,0.27129707,0.29773936,0.19174838,0.23921525
3,3,SO_OUT,SO_OUT,0.24178812,0.26966158,0.18263137,0.30591893
3,1,SO_OUT,XBH,0.26186293,0.29492116,0.16525137,0.2779645
3,1,SO_OUT,XBH,0.26409465,0.3029271,0.2030169,0.2299614
1,1,XBH,XBH,0.25911918,0.2673045,0.21575768,0.25781867
0,1,SINGLE,XBH,0.17893727,0.33128092,0.2370687,0.25271317
3,1,SO_OUT,XBH,0.18096851,0.31368315,0.28214237,0.22320603
3,0,SO_OUT,SINGLE,0.26586363,0.2576098,0.21130131,0.26522526
3,0,SO_OUT,SINGLE,0.2891242,0.18985361,0.26435536,0.2566667
0,3,SINGLE,SO_OUT,0.26917088,0.26117116,0.19895406,0.27070388
3,1,SO_OUT,XBH,0.199361,0.3387873,0.24151406,0.22033761
3,1,SO_OUT,XBH,0.21552032,0.37492293,0.21132702,0.19822979
3,1,SO_OUT,XBH,0.21984878,0.27901244,0.26762167,0.23351716
0,0,SINGLE,SINGLE,0.31801757,0.27071914,0.18513021,0.22613317
3,0,SO_OUT,SINGLE,0.32066578,0.25919878,0.16336554,0.2567698
0,1,SINGLE,XBH,0.2113718,0.30757868,0.1848822,0.2961673
3,3,SO_OUT,SO_OUT,0.2629116,0.2653584,0.1749734,0.29675657
3,3,SO_OUT,SO_OUT,0.24094859,0.2557922,0.20284909,0.30041012
0,0,SINGLE,SINGLE,0.30777574,0.25173977,0.21311133,0.22737323
3,0,SO_OUT,SINGLE,0.2709123,0.24550347,0.23078917,0.25279507
3,3,SO_OUT,SO_OUT,0.2576898,0.25029802,0.16073138,0.33128083
3,3,SO_OUT,SO_OUT,0.26353917,0.23568273,0.19379488,0.30698323
3,0,SO_OUT,SINGLE,0.3248244,0.25836447,0.17076805,0.24604303
3,1,SO_OUT,XBH,0.1918576,0.34769744,0.22703855,0.23340648
0,1,SINGLE,XBH,0.18684563,0.3149189,0.28131375,0.21692163
3,3,SO_OUT,SO_OUT,0.19281656,0.2712943,0.16254911,0.37334007
3,3,SO_OUT,SO_OUT,0.29173538,0.23809263,0.16687712,0.30329487
3,3,SO_OUT,SO_OUT,0.196286,0.22400127,0.2240316,0.35568118
3,3,SO_OUT,SO_OUT,0.2657883,0.25207573,0.15954266,0.3225934
3,0,SO_OUT,SINGLE,0.28096807,0.27315858,0.21733545,0.2285379
0,1,SINGLE,XBH,0.22844595,0.34818536,0.23394962,0.18941914
2,1,BB_HBP,XBH,0.27837443,0.3506832,0.18857026,0.18237215
1,1,XBH,XBH,0.23495981,0.2842938,0.26402628,0.21672013
0,3,SINGLE,SO_OUT,0.23460163,0.2745659,0.2158699,0.27496257
3,3,SO_OUT,SO_OUT,0.2342602,0.20380105,0.19603069,0.3659081
3,3,SO_OUT,SO_OUT,0.21733923,0.2796445,0.21852778,0.28448856
3,3,SO_OUT,SO_OUT,0.30382124,0.21942176,0.15418026,0.32257667
3,0,SO_OUT,SINGLE,0.25529087,0.25489074,0.23625326,0.2535651
3,1,SO_OUT,XBH,0.23224285,0.31212687,0.2024653,0.25316495
3,1,SO_OUT,XBH,0.23371676,0.30635768,0.22943307,0.23049243
0,3,SINGLE,SO_OUT,0.238244,0.25601748,0.24315184,0.2625867
3,3,SO_OUT,SO_OUT,0.21050057,0.2358233,0.22673243,0.32694373
3,0,SO_OUT,SINGLE,0.27390173,0.23584591,0.21858451,0.27166787
2,2,BB_HBP,BB_HBP,0.24522449,0.23365259,0.26241022,0.25871274
3,1,SO_OUT,XBH,0.2537616,0.27782792,0.25586337,0.21254711
3,1,SO_OUT,XBH,0.24316035,0.3159787,0.21910465,0.22175619
0,1,SINGLE,XBH,0.26229283,0.27435023,0.21354845,0.24980846
3,1,SO_OUT,XBH,0.22780286,0.2836864,0.28102332,0.20748746
3,1,SO_OUT,XBH,0.21072215,0.2881698,0.2862201,0.21488792
2,2,BB_HBP,BB_HBP,0.12166461,0.34131742,0.3652714,0.1717466
3,2,SO_OUT,BB_HBP,0.16920175,0.3099055,0.33080345,0.19008929
0,1,SINGLE,XBH,0.1930044,0.37780604,0.26484394,0.16434559
3,1,SO_OUT,XBH,0.25851896,0.2948456,0.24957812,0.1970573
3,0,SO_OUT,SINGLE,0.31530237,0.19903968,0.19984917,0.28580874
0,3,SINGLE,SO_OUT,0.22493395,0.20267265,0.18652695,0.38586646
3,3,SO_OUT,SO_OUT,0.25269836,0.27235666,0.19495136,0.27999365
3,2,SO_OUT,BB_HBP,0.21310818,0.20268725,0.31249857,0.27170593
3,3,SO_OUT,SO_OUT,0.23157126,0.23780328,0.23805289,0.29257253
3,1,SO_OUT,XBH,0.22003648,0.3091338,0.2859381,0.18489161
1,1,XBH,XBH,0.16636635,0.36890873,0.2645913,0.20013365
0,1,SINGLE,XBH,0.2666591,0.30051476,0.20064344,0.2321827
0,2,SINGLE,BB_HBP,0.18023087,0.24388975,0.3175249,0.2583545
3,2,SO_OUT,BB_HBP,0.21001959,0.2079719,0.3059941,0.27601442
0,1,SINGLE,XBH,0.27079546,0.30058104,0.21652983,0.21209368
3,3,SO_OUT,SO_OUT,0.2481736,0.21910015,0.24495254,0.2877736
3,3,SO_OUT,SO_OUT,0.25194538,0.24930806,0.22586109,0.2728855
3,2,SO_OUT,BB_HBP,0.23208955,0.2640455,0.2647396,0.23912542
3,2,SO_OUT,BB_HBP,0.19537643,0.24522783,0.31040794,0.24898785
3,2,SO_OUT,BB_HBP,0.22165705,0.2452015,0.28700444,0.24613707
3,1,SO_OUT,XBH,0.25416416,0.25543752,0.24679832,0.24360004
1,2,XBH,BB_HBP,0.20427418,0.29765323,0.30902103,0.18905157
3,3,SO_OUT,SO_OUT,0.27694795,0.20196344,0.21790761,0.30318108
1,1,XBH,XBH,0.22476563,0.28680134,0.24147503,0.24695802
3,1,SO_OUT,XBH,0.22349437,0.29677,0.2662639,0.21347171
3,3,SO_OUT,SO_OUT,0.22550565,0.19913158,0.19883363,0.3765292
3,3,SO_OUT,SO_OUT,0.25108618,0.21160379,0.21720475,0.32010534
2,0,BB_HBP,SINGLE,0.2691288,0.2581944,0.20364532,0.26903152
2,1,BB_HBP,XBH,0.2225614,0.29315603,0.229732,0.25455055
2,1,BB_HBP,XBH,0.25344542,0.2831984,0.19270602,0.27065027
3,1,SO_OUT,XBH,0.24080238,0.3195683,0.18538377,0.25424558
3,3,SO_OUT,SO_OUT,0.26564434,0.26334786,0.18933518,0.28167263
0,1,SINGLE,XBH,0.1988113,0.3663233,0.20932634,0.22553907
3,0,SO_OUT,SINGLE,0.32149598,0.28188956,0.17776485,0.21884961
1,1,XBH,XBH,0.23536961,0.29077634,0.2544676,0.21938646
3,2,SO_OUT,BB_HBP,0.18916067,0.27608898,0.28429314,0.25045717
3,3,SO_OUT,SO_OUT,0.2050453,0.2263635,0.15497474,0.41361645
2,3,BB_HBP,SO_OUT,0.19590923,0.25786158,0.24548484,0.3007443
3,2,SO_OUT,BB_HBP,0.20214507,0.2717128,0.27318016,0.25296196
0,1,SINGLE,XBH,0.20222181,0.29930755,0.2230806,0.27538997
3,1,SO_OUT,XBH,0.25901157,0.32248068,0.19190489,0.22660282
3,3,SO_OUT,SO_OUT,0.19968727,0.26601714,0.15182084,0.38247478
0,1,SINGLE,XBH,0.22679856,0.29212412,0.20889756,0.27217972
3,3,SO_OUT,SO_OUT,0.20163275,0.24010642,0.27574736,0.28251344
3,1,SO_OUT,XBH,0.24737296,0.2736677,0.22618969,0.25276965
3,1,SO_OUT,XBH,0.20357285,0.27662772,0.2480896,0.27170983
3,1,SO_OUT,XBH,0.21704876,0.282816,0.22195303,0.2781822
3,1,SO_OUT,XBH,0.22606628,0.29436535,0.22119687,0.2583714
3,1,SO_OUT,XBH,0.30943903,0.31646204,0.16706945,0.20702949
3,2,SO_OUT,BB_HBP,0.24325162,0.27910396,0.28549787,0.19214648
3,1,SO_OUT,XBH,0.17114583,0.33554828,0.2768212,0.21648468
0,0,SINGLE,SINGLE,0.29931888,0.24521033,0.21310571,0.24236506
0,0,SINGLE,SINGLE,0.30411783,0.28914624,0.1925712,0.21416473
3,2,SO_OUT,BB_HBP,0.17805819,0.30214804,0.3160381,0.20375568
1,1,XBH,XBH,0.14392547,0.33053696,0.3286059,0.19693165
3,1,SO_OUT,XBH,0.2514195,0.30780905,0.19114731,0.24962413
3,1,SO_OUT,XBH,0.19656493,0.3069825,0.25932422,0.23712832
3,0,SO_OUT,SINGLE,0.2934515,0.23366605,0.24139391,0.2314885
0,1,SINGLE,XBH,0.26986507,0.2796607,0.20612606,0.24434817
3,2,SO_OUT,BB_HBP,0.23035105,0.26270127,0.2908558,0.21609183
0,0,SINGLE,SINGLE,0.2912863,0.23151827,0.20477532,0.2724201
3,2,SO_OUT,BB_HBP,0.21917516,0.24888216,0.28926602,0.2426767
3,3,SO_OUT,SO_OUT,0.2938134,0.20115554,0.2092619,0.29576918
3,1,SO_OUT,XBH,0.2332126,0.3067247,0.22001131,0.24005143
3,3,SO_OUT,SO_OUT,0.19303805,0.27204987,0.26127234,0.2736397
0,0,SINGLE,SINGLE,0.2688514,0.24150075,0.22647819,0.26316965
3,0,SO_OUT,SINGLE,0.3219112,0.23560964,0.20463581,0.2378434
3,0,SO_OUT,SINGLE,0.3537814,0.15362647,0.22229494,0.27029714
0,2,SINGLE,BB_HBP,0.19232099,0.25517887,0.34679088,0.2057092
0,1,SINGLE,XBH,0.25822133,0.2899022,0.25414422,0.19773233
1,0,XBH,SINGLE,0.2946569,0.25953948,0.27459133,0.17121227
3,0,SO_OUT,SINGLE,0.2982636,0.26197585,0.24037164,0.19938885
0,1,SINGLE,XBH,0.22612764,0.3116259,0.28364438,0.17860213
1,1,XBH,XBH,0.25946987,0.32493973,0.22417097,0.19141938
0,1,SINGLE,XBH,0.19162251,0.356769,0.29290333,0.1587051
3,1,SO_OUT,XBH,0.25435156,0.2740022,0.26720065,0.20444557
0,1,SINGLE,XBH,0.25296,0.29540235,0.24009706,0.21154054
3,1,SO_OUT,XBH,0.22962724,0.2678887,0.26748887,0.2349952
3,1,SO_OUT,XBH,0.2597872,0.29997247,0.20024782,0.23999248
3,1,SO_OUT,XBH,0.25302383,0.30486655,0.20994712,0.23216256
3,3,SO_OUT,SO_OUT,0.22137585,0.20422614,0.24569166,0.3287063
3,1,SO_OUT,XBH,0.2362276,0.272371,0.2583178,0.23308367
3,1,SO_OUT,XBH,0.25631803,0.28789917,0.26337567,0.19240707
3,3,SO_OUT,SO_OUT,0.27204815,0.2333558,0.22021823,0.2743778
3,3,SO_OUT,SO_OUT,0.25337833,0.21026802,0.24386942,0.29248413
0,3,SINGLE,SO_OUT,0.24111778,0.23039274,0.18452589,0.34396368
3,2,SO_OUT,BB_HBP,0.17962207,0.22335722,0.32363516,0.2733855
2,2,BB_HBP,BB_HBP,0.16087982,0.30118945,0.30177426,0.2361565
1,1,XBH,XBH,0.22345032,0.3184922,0.24313879,0.21491864
3,2,SO_OUT,BB_HBP,0.25930172,0.20809175,0.29395443,0.23865202
0,1,SINGLE,XBH,0.30172023,0.3461926,0.16391592,0.18817124
0,0,SINGLE,SINGLE,0.2958983,0.27794084,0.20044231,0.22571853
3,1,SO_OUT,XBH,0.24677305,0.3364189,0.21828276,0.19852528
3,1,SO_OUT,XBH,0.24764417,0.29941088,0.18892166,0.26402336
3,3,SO_OUT,SO_OUT,0.22145146,0.27594045,0.21096966,0.2916384
0,2,SINGLE,BB_HBP,0.23012355,0.27879986,0.33040994,0.16066669
3,0,SO_OUT,SINGLE,0.28290507,0.24251567,0.21514288,0.25943643
3,3,SO_OUT,SO_OUT,0.25043488,0.23096415,0.23078215,0.28781882
0,3,SINGLE,SO_OUT,0.23454982,0.2354323,0.18245384,0.3475641
3,1,SO_OUT,XBH,0.2264454,0.30432558,0.2178548,0.25137413
2,2,BB_HBP,BB_HBP,0.20570032,0.2664605,0.2984561,0.22938311
3,1,SO_OUT,XBH,0.2335865,0.26910618,0.25271633,0.24459098
3,1,SO_OUT,XBH,0.24227534,0.29532874,0.21482581,0.2475702
0,2,SINGLE,BB_HBP,0.19642806,0.24930933,0.2901149,0.2641477
3,2,SO_OUT,BB_HBP,0.18594187,0.2634367,0.3124906,0.23813085
0,2,SINGLE,BB_HBP,0.27312306,0.18116485,0.27379724,0.27191487
3,1,SO_OUT,XBH,0.22461751,0.28321525,0.24805558,0.24411167
0,1,SINGLE,XBH,0.17883885,0.28752834,0.2821292,0.25150365
3,1,SO_OUT,XBH,0.22765297,0.2783776,0.23618042,0.25778908
3,3,SO_OUT,SO_OUT,0.22878037,0.23186818,0.25701088,0.28234065
1,2,XBH,BB_HBP,0.21464428,0.27292538,0.3465809,0.1658494
3,2,SO_OUT,BB_HBP,0.20938693,0.25732034,0.28509283,0.24819988
3,2,SO_OUT,BB_HBP,0.21512875,0.28397307,0.30601916,0.19487906
1,1,XBH,XBH,0.25022596,0.27788976,0.26694918,0.20493513
3,1,SO_OUT,XBH,0.19321549,0.36243522,0.2530578,0.19129157
3,0,SO_OUT,SINGLE,0.2957837,0.21962781,0.24927138,0.23531714
3,0,SO_OUT,SINGLE,0.283858,0.2715126,0.20951328,0.23511615
3,3,SO_OUT,SO_OUT,0.24291685,0.2251317,0.26133624,0.27061522
3,1,SO_OUT,XBH,0.25753367,0.27357268,0.2334015,0.23549221
3,1,SO_OUT,XBH,0.24920805,0.29336804,0.22250493,0.23491898
3,0,SO_OUT,SINGLE,0.30691707,0.24235862,0.2134293,0.23729508
3,3,SO_OUT,SO_OUT,0.30046135,0.1770212,0.20733969,0.3151778
0,3,SINGLE,SO_OUT,0.2894981,0.19669297,0.21576497,0.298044
3,3,SO_OUT,SO_OUT,0.2297595,0.20272897,0.279305,0.28820652
3,2,SO_OUT,BB_HBP,0.19151133,0.30035016,0.30439106,0.20374753
0,2,SINGLE,BB_HBP,0.22777946,0.25118092,0.2832339,0.23780572
3,2,SO_OUT,BB_HBP,0.21441267,0.2295829,0.3027855,0.25321898
0,2,SINGLE,BB_HBP,0.24412617,0.21978812,0.2856398,0.25044593
3,2,SO_OUT,BB_HBP,0.23474263,0.19310708,0.29583794,0.27631244
0,2,SINGLE,BB_HBP,0.2545997,0.23677678,0.2842571,0.22436637
3,0,SO_OUT,SINGLE,0.30755126,0.27971393,0.1918337,0.22090106
3,0,SO_OUT,SINGLE,0.29955992,0.22947875,0.23988786,0.23107341
3,2,SO_OUT,BB_HBP,0.2515772,0.22560567,0.28704152,0.2357756
3,2,SO_OUT,BB_HBP,0.2548595,0.23616354,0.27123818,0.23773883
2,3,BB_HBP,SO_OUT,0.2791052,0.20511572,0.235527,0.28025204
3,1,SO_OUT,XBH,0.21486194,0.27121124,0.2526583,0.26126853
1,0,XBH,SINGLE,0.28904822,0.22554787,0.24060427,0.24479966
3,0,SO_OUT,SINGLE,0.29372653,0.18427077,0.24561065,0.276392
3,3,SO_OUT,SO_OUT,0.23720378,0.22322457,0.26845467,0.27111706
3,2,SO_OUT,BB_HBP,0.23550461,0.17838515,0.3159306,0.2701796
0,0,SINGLE,SINGLE,0.32284927,0.19345519,0.25625384,0.22744164
2,2,BB_HBP,BB_HBP,0.2200723,0.22293854,0.291985,0.26500407
3,1,SO_OUT,XBH,0.21163759,0.28957397,0.24223815,0.2565503
2,1,BB_HBP,XBH,0.2527332,0.2948418,0.20958741,0.24283755
3,0,SO_OUT,SINGLE,0.27013892,0.2605618,0.24987057,0.21942875
3,1,SO_OUT,XBH,0.2524441,0.2876512,0.23053771,0.22936694
3,0,SO_OUT,SINGLE,0.28298038,0.23840918,0.2180687,0.26054174
3,1,SO_OUT,XBH,0.2551094,0.26538464,0.23183721,0.2476687
3,1,SO_OUT,XBH,0.21814156,0.35969198,0.24174578,0.18042071
3,1,SO_OUT,XBH,0.23864436,0.31945747,0.23382364,0.20807448
3,1,SO_OUT,XBH,0.2495911,0.29629678,0.21692336,0.23718874
0,0,SINGLE,SINGLE,0.28013632,0.2487844,0.22956535,0.24151397
0,3,SINGLE,SO_OUT,0.28527942,0.1766883,0.23852304,0.2995093
0,1,SINGLE,XBH,0.24827148,0.26009148,0.24368484,0.24795221
1,1,XBH,XBH,0.23976742,0.31831437,0.22253793,0.21938029
3,1,SO_OUT,XBH,0.26150608,0.26549906,0.25893542,0.21405943
3,2,SO_OUT,BB_HBP,0.23332599,0.23809727,0.31457832,0.2139984
3,2,SO_OUT,BB_HBP,0.2023718,0.20525709,0.32009217,0.272279
3,1,SO_OUT,XBH,0.26360995,0.27888077,0.26761654,0.18989277
1,0,XBH,SINGLE,0.31517455,0.2683307,0.23755157,0.17894316
3,1,SO_OUT,XBH,0.24212235,0.32692125,0.23295096,0.19800538
0,1,SINGLE,XBH,0.27980936,0.28972936,0.22087906,0.20958216
3,1,SO_OUT,XBH,0.23387773,0.26873732,0.25962117,0.23776387
0,0,SINGLE,SINGLE,0.31302983,0.24630903,0.22248168,0.21817958
3,0,SO_OUT,SINGLE,0.32584038,0.16846026,0.24793409,0.2577653
3,1,SO_OUT,XBH,0.24977614,0.27410874,0.2519661,0.22414908
3,2,SO_OUT,BB_HBP,0.25483662,0.20203283,0.28040707,0.26272345
0,0,SINGLE,SINGLE,0.31462616,0.21581137,0.26782557,0.20173688
3,2,SO_OUT,BB_HBP,0.2613746,0.260525,0.29486418,0.18323624
2,1,BB_HBP,XBH,0.24906057,0.36958686,0.21510863,0.16624396
1,1,XBH,XBH,0.18114571,0.3657712,0.2615499,0.19153316
1,1,XBH,XBH,0.21756424,0.29866832,0.2541488,0.22961865
1,2,XBH,BB_HBP,0.2462028,0.24781355,0.26798403,0.23799966
3,3,SO_OUT,SO_OUT,0.2768147,0.25554037,0.18764357,0.28000137
3,1,SO_OUT,XBH,0.26251692,0.27464023,0.22830519,0.2345377
3,1,SO_OUT,XBH,0.2505755,0.2610139,0.23287334,0.25553724
3,0,SO_OUT,SINGLE,0.29273325,0.27012196,0.2312573,0.20588747
0,1,SINGLE,XBH,0.22622326,0.290378,0.25393888,0.22945979
3,3,SO_OUT,SO_OUT,0.2576303,0.2674535,0.19561532,0.2793009
3,3,SO_OUT,SO_OUT,0.2596621,0.2542035,0.21283196,0.27330247
3,3,SO_OUT,SO_OUT,0.23997734,0.25288355,0.21081889,0.29632023
1,2,XBH,BB_HBP,0.22053345,0.26164815,0.31379482,0.20402363
3,1,SO_OUT,XBH,0.18458153,0.32110935,0.25998887,0.23432027
0,2,SINGLE,BB_HBP,0.24513587,0.2057814,0.3321451,0.21693766
2,1,BB_HBP,XBH,0.17514288,0.30659553,0.2866896,0.23157193
3,1,SO_OUT,XBH,0.17209125,0.31145328,0.25835273,0.25810277
3,2,SO_OUT,BB_HBP,0.22015433,0.26145375,0.30165717,0.21673478
0,0,SINGLE,SINGLE,0.28234002,0.27355996,0.22572511,0.2183749
2,1,BB_HBP,XBH,0.19181661,0.2854988,0.28353286,0.23915169
3,0,SO_OUT,SINGLE,0.29418382,0.24803925,0.21185501,0.24592192
1,1,XBH,XBH,0.20194839,0.33976465,0.21714494,0.24114203
3,3,SO_OUT,SO_OUT,0.21726702,0.25263166,0.21985929,0.31024206
3,2,SO_OUT,BB_HBP,0.25337386,0.20752956,0.27857605,0.26052058
3,1,SO_OUT,XBH,0.23367837,0.27816528,0.23021053,0.25794584
3,3,SO_OUT,SO_OUT,0.18637772,0.21542963,0.2804769,0.31771573
3,2,SO_OUT,BB_HBP,0.27470344,0.23480181,0.2981478,0.19234687
1,1,XBH,XBH,0.18324973,0.3673472,0.21367167,0.23573142
3,1,SO_OUT,XBH,0.23951131,0.278702,0.22055487,0.26123184
3,3,SO_OUT,SO_OUT,0.2573645,0.23654357,0.22837056,0.27772132
3,3,SO_OUT,SO_OUT,0.22665778,0.2623199,0.23370297,0.27731937
0,1,SINGLE,XBH,0.18775623,0.3272401,0.29182002,0.19318369
2,2,BB_HBP,BB_HBP,0.25482228,0.2457565,0.32515788,0.17426327
3,2,SO_OUT,BB_HBP,0.17377557,0.30547848,0.3545354,0.16621058
3,1,SO_OUT,XBH,0.17890286,0.33767062,0.28770363,0.19572291
3,3,SO_OUT,SO_OUT,0.22962937,0.23457724,0.2179246,0.31786883
3,3,SO_OUT,SO_OUT,0.19768083,0.21833144,0.20503719,0.3789506
3,3,SO_OUT,SO_OUT,0.23442213,0.23346213,0.20696579,0.32514992
3,1,SO_OUT,XBH,0.28226182,0.2885902,0.18380378,0.24534427
0,3,SINGLE,SO_OUT,0.27900255,0.21572807,0.20920934,0.29606
3,3,SO_OUT,SO_OUT,0.21369477,0.26200923,0.2509712,0.2733248
2,3,BB_HBP,SO_OUT,0.28364927,0.21307515,0.21118835,0.29208723
3,1,SO_OUT,XBH,0.19914712,0.31388128,0.24786326,0.23910835
3,3,SO_OUT,SO_OUT,0.2181562,0.2693263,0.22775751,0.28476
1,2,XBH,BB_HBP,0.23089321,0.24996145,0.31831223,0.20083317
3,1,SO_OUT,XBH,0.21533808,0.29721713,0.27008954,0.21735528
2,2,BB_HBP,BB_HBP,0.26407313,0.21947174,0.32269934,0.19375573
3,1,SO_OUT,XBH,0.16713995,0.3405693,0.30324218,0.18904862
2,1,BB_HBP,XBH,0.16394152,0.3453778,0.30584404,0.18483657
0,2,SINGLE,BB_HBP,0.21234407,0.28645995,0.3055144,0.19568151
1,3,XBH,SO_OUT,0.23372209,0.24908696,0.24109225,0.27609864
0,3,SINGLE,SO_OUT,0.20373309,0.22872137,0.21347018,0.35407537
0,3,SINGLE,SO_OUT,0.20944598,0.20049101,0.2508473,0.3392158
3,2,SO_OUT,BB_HBP,0.18402834,0.25751895,0.32354864,0.2349041
3,0,SO_OUT,SINGLE,0.30014578,0.23068762,0.17470609,0.29446054
3,3,SO_OUT,SO_OUT,0.26941308,0.2344954,0.14838493,0.3477066
0,3,SINGLE,SO_OUT,0.23993754,0.24057329,0.18309604,0.33639312
3,3,SO_OUT,SO_OUT,0.19259654,0.18216574,0.14238879,0.48284882
3,1,SO_OUT,XBH,0.21979998,0.30479127,0.24825586,0.22715287
1,2,XBH,BB_HBP,0.261849,0.2569812,0.27432373,0.20684606
3,2,SO_OUT,BB_HBP,0.1753301,0.31355855,0.3163489,0.19476233
3,1,SO_OUT,XBH,0.16787735,0.33783108,0.26767516,0.22661635
3,1,SO_OUT,XBH,0.26072165,0.33875522,0.22364046,0.17688262
3,3,SO_OUT,SO_OUT,0.22669956,0.26387513,0.21850638,0.2909189
3,3,SO_OUT,SO_OUT,0.21346232,0.26568884,0.2453705,0.27547833
3,3,SO_OUT,SO_OUT,0.2517887,0.2403965,0.20910662,0.29870817
3,2,SO_OUT,BB_HBP,0.20881706,0.27461103,0.30305526,0.21351661
3,1,SO_OUT,XBH,0.25816923,0.26879236,0.2255084,0.24753
0,0,SINGLE,SINGLE,0.30200887,0.2645603,0.18637176,0.24705902
3,3,SO_OUT,SO_OUT,0.19779915,0.24298923,0.21563624,0.3435754
0,1,SINGLE,XBH,0.23293443,0.32849112,0.19148041,0.24709404
2,1,BB_HBP,XBH,0.21612132,0.31085905,0.24128641,0.23173325
3,3,SO_OUT,SO_OUT,0.21346988,0.22364613,0.22758843,0.33529562
1,3,XBH,SO_OUT,0.20157593,0.24707751,0.19049379,0.36085278
3,3,SO_OUT,SO_OUT,0.17649135,0.24657492,0.19900054,0.37793317
3,1,SO_OUT,XBH,0.2717006,0.28625536,0.19242193,0.24962208
0,1,SINGLE,XBH,0.24425551,0.31534365,0.20051214,0.23988868
3,1,SO_OUT,XBH,0.2513627,0.29800344,0.17683099,0.2738029
3,3,SO_OUT,SO_OUT,0.23095258,0.21482682,0.14667115,0.40754944
3,1,SO_OUT,XBH,0.21238984,0.35891992,0.22444217,0.20424813
2,1,BB_HBP,XBH,0.15143773,0.42252952,0.2365653,0.18946736
3,1,SO_OUT,XBH,0.25151736,0.30307183,0.2036958,0.24171501
2,1,BB_HBP,XBH,0.22674221,0.28811672,0.2506317,0.23450938
3,3,SO_OUT,SO_OUT,0.20736565,0.24035025,0.23557898,0.31670505
0,1,SINGLE,XBH,0.3090667,0.33324367,0.14513265,0.21255705
3,1,SO_OUT,XBH,0.19519691,0.39697734,0.22246078,0.18536504
0,1,SINGLE,XBH,0.28352943,0.31708398,0.18324393,0.21614264
3,1,SO_OUT,XBH,0.23928931,0.30107284,0.21155125,0.24808654
3,1,SO_OUT,XBH,0.22049116,0.29718006,0.22568542,0.25664335
3,0,SO_OUT,SINGLE,0.3064046,0.21958213,0.19179471,0.28221846
3,3,SO_OUT,SO_OUT,0.21524169,0.24420094,0.16388586,0.37667152
3,3,SO_OUT,SO_OUT,0.20947747,0.25160655,0.15970069,0.37921515
3,1,SO_OUT,XBH,0.26401827,0.3055134,0.20898712,0.22148122
0,1,SINGLE,XBH,0.29663688,0.31217897,0.18338181,0.20780234
2,1,BB_HBP,XBH,0.28055918,0.34262004,0.17782256,0.19899811
3,3,SO_OUT,SO_OUT,0.24878715,0.27251855,0.1989398,0.27975446
3,3,SO_OUT,SO_OUT,0.23299354,0.24376456,0.19067587,0.33256608
0,1,SINGLE,XBH,0.15011245,0.3864571,0.2698035,0.19362701
3,1,SO_OUT,XBH,0.22924276,0.3759734,0.20860554,0.18617834
0,0,SINGLE,SINGLE,0.32228783,0.27053577,0.16208702,0.24508941
3,1,SO_OUT,XBH,0.24294841,0.31338355,0.21251746,0.23115066
1,0,XBH,SINGLE,0.31470567,0.23434517,0.21742693,0.23352218
3,3,SO_OUT,SO_OUT,0.2587968,0.19991653,0.26608315,0.27520347
0,3,SINGLE,SO_OUT,0.26730835,0.22381443,0.23162287,0.27725437
3,3,SO_OUT,SO_OUT,0.23183335,0.21521045,0.24240562,0.31055054
2,3,BB_HBP,SO_OUT,0.19455796,0.22167198,0.2891024,0.29466766
3,2,SO_OUT,BB_HBP,0.19109936,0.24841939,0.318509,0.24197222
3,0,SO_OUT,SINGLE,0.30281338,0.24150757,0.180558,0.27512103
3,3,SO_OUT,SO_OUT,0.22917618,0.2335408,0.24128972,0.29599327
2,3,BB_HBP,SO_OUT,0.21577926,0.26571903,0.25101107,0.2674906
3,1,SO_OUT,XBH,0.23992716,0.27084717,0.22179441,0.26743123
3,2,SO_OUT,BB_HBP,0.17223534,0.28376502,0.3555264,0.18847334
2,2,BB_HBP,BB_HBP,0.18391715,0.2431083,0.35139304,0.22158144
3,2,SO_OUT,BB_HBP,0.20216003,0.26213312,0.30344194,0.23226495
0,1,SINGLE,XBH,0.18218498,0.2918157,0.25216532,0.273834
3,1,SO_OUT,XBH,0.23913904,0.30601728,0.20730175,0.24754195
0,3,SINGLE,SO_OUT,0.2381809,0.2095145,0.17823775,0.37406686
3,3,SO_OUT,SO_OUT,0.2261901,0.22179013,0.19760773,0.354412
3,3,SO_OUT,SO_OUT,0.21044348,0.18567966,0.24250554,0.3613714
1,3,XBH,SO_OUT,0.25823754,0.2407527,0.21451637,0.28649336
3,0,SO_OUT,SINGLE,0.28421214,0.23901947,0.20245385,0.2743145
3,1,SO_OUT,XBH,0.1978471,0.3690586,0.22001573,0.2130785
3,1,SO_OUT,XBH,0.17516144,0.3251401,0.25307634,0.24662204
1,1,XBH,XBH,0.26846913,0.3001349,0.18572986,0.24566615
0,1,SINGLE,XBH,0.2722439,0.31538445,0.18753426,0.22483736
1,1,XBH,XBH,0.17256676,0.4228058,0.19660027,0.20802721
3,1,SO_OUT,XBH,0.30188105,0.34555712,0.13863431,0.2139275
3,2,SO_OUT,BB_HBP,0.2463672,0.2115913,0.2774406,0.2646009
3,2,SO_OUT,BB_HBP,0.25291532,0.2520222,0.25344467,0.24161777
3,0,SO_OUT,SINGLE,0.2805271,0.21583241,0.26143253,0.24220791
2,0,BB_HBP,SINGLE,0.26773405,0.25574395,0.24181119,0.23471078
3,3,SO_OUT,SO_OUT,0.23452933,0.24838147,0.22943376,0.28765553
3,0,SO_OUT,SINGLE,0.2774546,0.25103378,0.2096053,0.2619063
3,3,SO_OUT,SO_OUT,0.22230054,0.27938753,0.19171871,0.3065932
2,2,BB_HBP,BB_HBP,0.25228828,0.1894229,0.30809644,0.25019243
3,1,SO_OUT,XBH,0.2755843,0.30025762,0.21273293,0.21142511
1,0,XBH,SINGLE,0.29886237,0.27808443,0.19881935,0.22423387
3,0,SO_OUT,SINGLE,0.3247484,0.21923263,0.17959914,0.27641982
0,1,SINGLE,XBH,0.23985381,0.3228277,0.22438905,0.21292941
3,1,SO_OUT,XBH,0.21676514,0.34711486,0.22317466,0.21294539
3,1,SO_OUT,XBH,0.2520668,0.2842658,0.23192973,0.23173776
0,3,SINGLE,SO_OUT,0.27193624,0.22269152,0.19258632,0.3127859
1,3,XBH,SO_OUT,0.27674857,0.15721703,0.27291858,0.29311585
3,1,SO_OUT,XBH,0.27309796,0.29020107,0.23757961,0.19912136
3,0,SO_OUT,SINGLE,0.32580954,0.19191816,0.17603564,0.30623662
0,1,SINGLE,XBH,0.23563918,0.33550692,0.20400532,0.22484866
3,3,SO_OUT,SO_OUT,0.25854403,0.25204006,0.21730225,0.27211368
3,2,SO_OUT,BB_HBP,0.22120224,0.22613418,0.31469458,0.23796904
3,1,SO_OUT,XBH,0.2972453,0.30380255,0.18250757,0.21644467
0,1,SINGLE,XBH,0.21062452,0.35895106,0.20571531,0.22470908
3,0,SO_OUT,SINGLE,0.27560797,0.2751247,0.20495881,0.24430858
3,1,SO_OUT,XBH,0.2441951,0.25815222,0.25325945,0.2443932
2,0,BB_HBP,SINGLE,0.31665823,0.27808636,0.18615597,0.21909942
2,0,BB_HBP,SINGLE,0.2901605,0.2898938,0.2383207,0.18162492
0,0,SINGLE,SINGLE,0.31604174,0.2331316,0.2318582,0.21896842
0,3,SINGLE,SO_OUT,0.26869196,0.26290563,0.1709955,0.29740688
3,0,SO_OUT,SINGLE,0.27868912,0.24203846,0.2394068,0.23986557
3,3,SO_OUT,SO_OUT,0.26140818,0.2624249,0.19915739,0.27700952
0,3,SINGLE,SO_OUT,0.23380557,0.2115766,0.23478502,0.31983274
0,1,SINGLE,XBH,0.27954918,0.332913,0.1759634,0.21157438
1,0,XBH,SINGLE,0.32333666,0.21821523,0.16963275,0.28881538
3,2,SO_OUT,BB_HBP,0.22476372,0.1946948,0.30677146,0.27376994
3,2,SO_OUT,BB_HBP,0.24742675,0.2522741,0.26998544,0.23031375
3,0,SO_OUT,SINGLE,0.33500898,0.22126418,0.22534348,0.21838337
3,2,SO_OUT,BB_HBP,0.25012502,0.2604697,0.28606603,0.20333926
3,3,SO_OUT,SO_OUT,0.27279747,0.1897444,0.23019679,0.30726135
3,2,SO_OUT,BB_HBP,0.23613508,0.19755891,0.31359804,0.252708
2,2,BB_HBP,BB_HBP,0.26997054,0.22436714,0.27764687,0.2280155
2,1,BB_HBP,XBH,0.2376523,0.28335324,0.24828987,0.23070456
3,2,SO_OUT,BB_HBP,0.23128939,0.26542595,0.30425096,0.19903368
3,3,SO_OUT,SO_OUT,0.26990685,0.1728656,0.27055615,0.28667146
3,2,SO_OUT,BB_HBP,0.22966628,0.25747195,0.28705785,0.22580391
3,3,SO_OUT,SO_OUT,0.27495667,0.18189862,0.237134,0.30601066
3,3,SO_OUT,SO_OUT,0.19984177,0.19987935,0.29002336,0.31025553
3,0,SO_OUT,SINGLE,0.30465505,0.19603842,0.23916882,0.26013768
2,3,BB_HBP,SO_OUT,0.2683501,0.17232323,0.26310796,0.29621872
3,3,SO_OUT,SO_OUT,0.21768257,0.14523076,0.2755617,0.361525
3,2,SO_OUT,BB_HBP,0.20063579,0.20093152,0.31782907,0.28060356
3,1,SO_OUT,XBH,0.23147173,0.26692575,0.24921358,0.25238892
3,3,SO_OUT,SO_OUT,0.23881203,0.18008907,0.28580225,0.2952967
3,0,SO_OUT,SINGLE,0.30789018,0.23945104,0.20548561,0.24717319
3,1,SO_OUT,XBH,0.24723342,0.25660592,0.24183732,0.2543233
3,0,SO_OUT,SINGLE,0.2666895,0.26392978,0.24703273,0.22234793
3,0,SO_OUT,SINGLE,0.29139662,0.20960945,0.2834995,0.21549445
3,3,SO_OUT,SO_OUT,0.2080575,0.19136913,0.28207603,0.3184973
3,3,SO_OUT,SO_OUT,0.22930878,0.16538578,0.3007205,0.3045849
3,1,SO_OUT,XBH,0.26830494,0.28224844,0.18947664,0.25996995
3,0,SO_OUT,SINGLE,0.3245319,0.22047754,0.19029732,0.26469323
2,3,BB_HBP,SO_OUT,0.25169867,0.23545921,0.21929288,0.29354927
0,2,SINGLE,BB_HBP,0.26466084,0.20351647,0.2791266,0.25269604
3,1,SO_OUT,XBH,0.25578585,0.26555595,0.2404855,0.23817265
0,1,SINGLE,XBH,0.23507869,0.26821265,0.2434094,0.25329927
3,2,SO_OUT,BB_HBP,0.22391765,0.19539818,0.31698158,0.26370257
1,2,XBH,BB_HBP,0.22576086,0.24689235,0.27127722,0.2560696
3,2,SO_OUT,BB_HBP,0.19524215,0.18663998,0.34545603,0.27266183
3,0,SO_OUT,SINGLE,0.28294912,0.2638361,0.20783786,0.24537688
3,1,SO_OUT,XBH,0.20950583,0.31651512,0.23865291,0.23532613
2,1,BB_HBP,XBH,0.2715522,0.3015303,0.23838133,0.1885362
2,0,BB_HBP,SINGLE,0.28021097,0.23326226,0.23112237,0.2554044
3,0,SO_OUT,SINGLE,0.33855498,0.1886901,0.17877394,0.29398105
3,1,SO_OUT,XBH,0.27911517,0.29999977,0.17331739,0.24756774
3,3,SO_OUT,SO_OUT,0.2671589,0.19774143,0.1397531,0.3953466
3,0,SO_OUT,SINGLE,0.32691732,0.18792503,0.2378521,0.24730557
3,0,SO_OUT,SINGLE,0.34520635,0.17865159,0.23163548,0.24450657
0,1,SINGLE,XBH,0.17312253,0.33235857,0.27390188,0.220617
2,2,BB_HBP,BB_HBP,0.18174069,0.22154842,0.3912205,0.20549047
1,2,XBH,BB_HBP,0.2511106,0.23782238,0.2718182,0.23924883
3,0,SO_OUT,SINGLE,0.31735355,0.22047493,0.16058074,0.30159083
3,2,SO_OUT,BB_HBP,0.2497172,0.2263973,0.29845652,0.22542898
3,1,SO_OUT,XBH,0.265223,0.28867322,0.18716685,0.25893697
1,1,XBH,XBH,0.1799869,0.31882703,0.2339733,0.2672128
3,3,SO_OUT,SO_OUT,0.26546115,0.26819396,0.17793417,0.28841072
3,0,SO_OUT,SINGLE,0.2811399,0.23876536,0.2659454,0.21414931
3,2,SO_OUT,BB_HBP,0.23502174,0.2190745,0.30709296,0.23881078
3,3,SO_OUT,SO_OUT,0.23157133,0.21790123,0.23358,0.31694743
3,0,SO_OUT,SINGLE,0.32705134,0.24253306,0.16102447,0.26939112
3,1,SO_OUT,XBH,0.236056,0.30846956,0.21950251,0.23597199
3,0,SO_OUT,SINGLE,0.35483858,0.19178942,0.18739918,0.26597282
3,2,SO_OUT,BB_HBP,0.2575226,0.2189255,0.27473375,0.24881816
3,0,SO_OUT,SINGLE,0.2766034,0.22429392,0.26327425,0.23582844
3,0,SO_OUT,SINGLE,0.31173885,0.19941925,0.18173625,0.3071057
0,0,SINGLE,SINGLE,0.3144255,0.23279762,0.17491356,0.27786335
3,1,SO_OUT,XBH,0.25829834,0.29895815,0.17387882,0.26886466
3,1,SO_OUT,XBH,0.15625413,0.3067919,0.2938464,0.24310757
1,0,XBH,SINGLE,0.32214835,0.1870437,0.22832379,0.26248413
3,3,SO_OUT,SO_OUT,0.2246091,0.20273484,0.20756853,0.36508748
3,0,SO_OUT,SINGLE,0.32967177,0.19102104,0.21361965,0.2656875
0,0,SINGLE,SINGLE,0.27522135,0.22884206,0.26533666,0.23059994
3,2,SO_OUT,BB_HBP,0.2359106,0.19763356,0.32030976,0.24614613
3,0,SO_OUT,SINGLE,0.30944878,0.29004052,0.14668578,0.25382492
3,1,SO_OUT,XBH,0.23204632,0.30137008,0.2281184,0.23846519
3,0,SO_OUT,SINGLE,0.30597544,0.22702853,0.17174481,0.29525122
3,0,SO_OUT,SINGLE,0.29163074,0.22114126,0.24743196,0.23979598
2,2,BB_HBP,BB_HBP,0.18294103,0.21878505,0.40976852,0.18850541
3,0,SO_OUT,SINGLE,0.29278892,0.22443746,0.20928322,0.27349043
3,1,SO_OUT,XBH,0.1758741,0.32820758,0.29339027,0.20252796
3,3,SO_OUT,SO_OUT,0.22972324,0.19997258,0.15565479,0.4146494
0,1,SINGLE,XBH,0.20317046,0.30052418,0.25384614,0.24245925
3,3,SO_OUT,SO_OUT,0.23043641,0.2114507,0.23950145,0.31861153
3,0,SO_OUT,SINGLE,0.29954243,0.18876927,0.2750163,0.23667201
3,0,SO_OUT,SINGLE,0.31484574,0.22587591,0.21721633,0.24206206
3,3,SO_OUT,SO_OUT,0.24881797,0.19719224,0.21656176,0.33742803
3,0,SO_OUT,SINGLE,0.3110637,0.20047027,0.21704218,0.27142385
3,0,SO_OUT,SINGLE,0.3238679,0.19673346,0.22878686,0.2506118
3,3,SO_OUT,SO_OUT,0.22403574,0.23221925,0.25506604,0.28867897
0,2,SINGLE,BB_HBP,0.2312696,0.15569557,0.32895723,0.28407758
2,1,BB_HBP,XBH,0.25759187,0.28437513,0.22899877,0.22903419
3,3,SO_OUT,SO_OUT,0.27870542,0.20557512,0.23095016,0.28476927
3,3,SO_OUT,SO_OUT,0.22713885,0.21581408,0.27088583,0.2861612
0,3,SINGLE,SO_OUT,0.3079659,0.20501237,0.16995826,0.31706348
3,1,SO_OUT,XBH,0.26941773,0.29662684,0.17342839,0.260527
0,3,SINGLE,SO_OUT,0.28797784,0.18167418,0.2268249,0.30352312
3,0,SO_OUT,SINGLE,0.3344428,0.1981466,0.24060196,0.22680868
3,3,SO_OUT,SO_OUT,0.28704873,0.18464978,0.22164938,0.30665204
3,3,SO_OUT,SO_OUT,0.259426,0.21563216,0.22720987,0.29773206
3,3,SO_OUT,SO_OUT,0.2582802,0.1764389,0.24379049,0.32149044
3,0,SO_OUT,SINGLE,0.3048875,0.19876745,0.27193382,0.22441122
1,1,XBH,XBH,0.16079675,0.32517552,0.32100555,0.19302219
1,0,XBH,SINGLE,0.3141691,0.19505093,0.27162072,0.21915926
3,0,SO_OUT,SINGLE,0.28541836,0.21477799,0.23589918,0.26390445
3,2,SO_OUT,BB_HBP,0.19665466,0.24792822,0.30959985,0.24581727
3,0,SO_OUT,SINGLE,0.34599647,0.19849746,0.18963042,0.26587573
2,2,BB_HBP,BB_HBP,0.20697665,0.23669387,0.35844842,0.19788095
3,3,SO_OUT,SO_OUT,0.2686033,0.27781528,0.16965562,0.2839258
3,0,SO_OUT,SINGLE,0.29902083,0.22637159,0.23164703,0.24296051
3,2,SO_OUT,BB_HBP,0.25532448,0.19393775,0.31526804,0.23546967
3,3,SO_OUT,SO_OUT,0.23854378,0.18149915,0.21659571,0.36336142
1,1,XBH,XBH,0.18998694,0.33150044,0.24747942,0.2310332
1,1,XBH,XBH,0.27192304,0.29397973,0.19684093,0.23725629
3,0,SO_OUT,SINGLE,0.30784795,0.23057021,0.17840491,0.2831769
3,1,SO_OUT,XBH,0.22066228,0.30293718,0.24385878,0.23254178
3,1,SO_OUT,XBH,0.24726652,0.26116768,0.23569882,0.255867
3,0,SO_OUT,SINGLE,0.3685902,0.20347737,0.15632686,0.27160558
0,1,SINGLE,XBH,0.3063204,0.31149432,0.178698,0.20348732
3,0,SO_OUT,SINGLE,0.32551557,0.2270568,0.21455726,0.2328703
3,0,SO_OUT,SINGLE,0.3880932,0.20107557,0.16154085,0.24929045
0,1,SINGLE,XBH,0.2710612,0.30390808,0.18950735,0.23552339
3,1,SO_OUT,XBH,0.27314544,0.28556108,0.23860714,0.20268638
3,1,SO_OUT,XBH,0.23616654,0.31101277,0.19551454,0.2573062
2,0,BB_HBP,SINGLE,0.33680418,0.18570249,0.19360581,0.28388757
3,1,SO_OUT,XBH,0.29016837,0.3061456,0.17559518,0.22809093
3,0,SO_OUT,SINGLE,0.36252332,0.24207707,0.11618745,0.27921215
3,1,SO_OUT,XBH,0.26381052,0.30636266,0.18092625,0.24890052
0,0,SINGLE,SINGLE,0.29836434,0.28887975,0.15317804,0.2595778
0,0,SINGLE,SINGLE,0.30464104,0.25810978,0.20993651,0.22731267
2,0,BB_HBP,SINGLE,0.32374465,0.21244842,0.19995923,0.26384768
2,3,BB_HBP,SO_OUT,0.2399971,0.25222063,0.2332484,0.27453393
3,1,SO_OUT,XBH,0.22605,0.29364806,0.27340043,0.20690158
3,0,SO_OUT,SINGLE,0.29127046,0.2703947,0.21553728,0.2227976
3,3,SO_OUT,SO_OUT,0.2677416,0.2352013,0.21572727,0.2813298
3,1,SO_OUT,XBH,0.2651962,0.30718267,0.18031229,0.24730878
3,0,SO_OUT,SINGLE,0.30471623,0.26087338,0.19488716,0.23952322
3,0,SO_OUT,SINGLE,0.262206,0.25306204,0.24453509,0.24019684
3,0,SO_OUT,SINGLE,0.38121614,0.2398711,0.12753215,0.25138062
3,0,SO_OUT,SINGLE,0.2688933,0.25532532,0.21192828,0.2638532
3,3,SO_OUT,SO_OUT,0.28096697,0.22684918,0.19441745,0.29776636
3,2,SO_OUT,BB_HBP,0.25176778,0.24523523,0.26113197,0.24186496
3,3,SO_OUT,SO_OUT,0.25850952,0.26203954,0.216047,0.26340398
3,1,SO_OUT,XBH,0.2674688,0.27706355,0.22533841,0.23012927
3,2,SO_OUT,BB_HBP,0.1541021,0.2146321,0.41289374,0.21837206
3,3,SO_OUT,SO_OUT,0.25100416,0.20574006,0.22766098,0.3155948
0,1,SINGLE,XBH,0.2547405,0.3281832,0.2501153,0.16696097
3,1,SO_OUT,XBH,0.2660796,0.3162413,0.18667284,0.23100634
3,1,SO_OUT,XBH,0.27522317,0.2878485,0.1952761,0.24165224
3,1,SO_OUT,XBH,0.19123755,0.33185333,0.24766243,0.22924666
1,2,XBH,BB_HBP,0.26089728,0.22927465,0.2752841,0.23454396
3,2,SO_OUT,BB_HBP,0.25241244,0.1884594,0.35819903,0.20092914
3,2,SO_OUT,BB_HBP,0.2558865,0.22739568,0.30266637,0.21405143
0,2,SINGLE,BB_HBP,0.17162941,0.30759683,0.32217574,0.19859794
3,2,SO_OUT,BB_HBP,0.16134836,0.22086947,0.4041281,0.2136541
3,1,SO_OUT,XBH,0.23054391,0.30656156,0.2827437,0.18015079
3,1,SO_OUT,XBH,0.25466108,0.29009208,0.23082255,0.22442421
3,2,SO_OUT,BB_HBP,0.22472964,0.210315,0.3141067,0.2508486
3,3,SO_OUT,SO_OUT,0.26214263,0.18918625,0.2263716,0.32229945
3,3,SO_OUT,SO_OUT,0.25984153,0.2213738,0.20176475,0.31701988
3,3,SO_OUT,SO_OUT,0.22191897,0.21790445,0.2260874,0.33408916
3,0,SO_OUT,SINGLE,0.3243014,0.23054394,0.19628197,0.2488727
0,3,SINGLE,SO_OUT,0.26289847,0.18670094,0.2615419,0.2888587
1,3,XBH,SO_OUT,0.23375657,0.23851256,0.23945801,0.28827286
0,0,SINGLE,SINGLE,0.27928576,0.22837897,0.25321534,0.23911995
3,1,SO_OUT,XBH,0.20469926,0.28311014,0.25813478,0.2540559
3,3,SO_OUT,SO_OUT,0.19821765,0.16395517,0.30388376,0.33394343
0,3,SINGLE,SO_OUT,0.2837611,0.22591022,0.20125134,0.28907734
3,2,SO_OUT,BB_HBP,0.25643793,0.19228047,0.29917535,0.2521063
1,3,XBH,SO_OUT,0.21197172,0.23188187,0.24562573,0.31052065
2,2,BB_HBP,BB_HBP,0.19393952,0.27872118,0.32096365,0.20637563
3,1,SO_OUT,XBH,0.20366317,0.30987695,0.27951264,0.20694728
3,0,SO_OUT,SINGLE,0.28028163,0.24711485,0.21859898,0.2540045
3,1,SO_OUT,XBH,0.25414032,0.2609756,0.24781626,0.23706776
3,2,SO_OUT,BB_HBP,0.22888295,0.21302651,0.3015753,0.2565153
2,2,BB_HBP,BB_HBP,0.2520684,0.26080403,0.27457055,0.21255708
3,0,SO_OUT,SINGLE,0.32164863,0.17320074,0.2551026,0.25004795
2,2,BB_HBP,BB_HBP,0.20890753,0.27981117,0.2958788,0.21540251
0,2,SINGLE,BB_HBP,0.24414064,0.24521698,0.31173533,0.1989071
2,2,BB_HBP,BB_HBP,0.20472625,0.21040164,0.37824565,0.2066265
1,2,XBH,BB_HBP,0.21806262,0.18520992,0.31339446,0.28333306
3,3,SO_OUT,SO_OUT,0.26666492,0.18834625,0.25386825,0.29112053
3,0,SO_OUT,SINGLE,0.3449694,0.21761593,0.2400414,0.19737335
0,0,SINGLE,SINGLE,0.37848103,0.20524417,0.19844946,0.21782535
0,0,SINGLE,SINGLE,0.29819262,0.19345926,0.26726758,0.24108054
0,2,SINGLE,BB_HBP,0.22575833,0.2585022,0.31223765,0.2035018
3,1,SO_OUT,XBH,0.24660298,0.29309642,0.24025938,0.2200412
2,3,BB_HBP,SO_OUT,0.24042116,0.23267415,0.24254411,0.28436056
2,2,BB_HBP,BB_HBP,0.2360327,0.20562716,0.2948547,0.2634855
0,3,SINGLE,SO_OUT,0.25359222,0.19105895,0.2576719,0.297677
3,3,SO_OUT,SO_OUT,0.22476934,0.18093644,0.24100222,0.35329202
3,2,SO_OUT,BB_HBP,0.26576394,0.25068736,0.29390174,0.18964694
3,3,SO_OUT,SO_OUT,0.24507263,0.21038921,0.2717696,0.27276853
3,2,SO_OUT,BB_HBP,0.2458595,0.20426185,0.313742,0.23613665
2,0,BB_HBP,SINGLE,0.33416447,0.19903505,0.21327543,0.25352508
0,0,SINGLE,SINGLE,0.3478859,0.1707783,0.24752714,0.23380862
2,0,BB_HBP,SINGLE,0.312366,0.15696104,0.29656988,0.2341031
0,2,SINGLE,BB_HBP,0.21521266,0.24963808,0.33565,0.1994992
3,2,SO_OUT,BB_HBP,0.23746927,0.26912785,0.27369118,0.21971168
3,3,SO_OUT,SO_OUT,0.22358143,0.26398075,0.2103986,0.30203918
2,0,BB_HBP,SINGLE,0.27819467,0.2024254,0.24636196,0.27301794
3,2,SO_OUT,BB_HBP,0.22681868,0.21667707,0.30220732,0.25429687
3,2,SO_OUT,BB_HBP,0.23224086,0.18645525,0.32105914,0.26024473
0,0,SINGLE,SINGLE,0.30111343,0.20562004,0.22542295,0.26784354
3,0,SO_OUT,SINGLE,0.36199534,0.19434084,0.16605717,0.27760664
3,0,SO_OUT,SINGLE,0.34719184,0.21602364,0.216245,0.22053957
3,1,SO_OUT,XBH,0.23225854,0.28129724,0.2726079,0.21383627
0,1,SINGLE,XBH,0.29566443,0.2985569,0.2181543,0.18762435
3,0,SO_OUT,SINGLE,0.3627104,0.19155398,0.20023628,0.24549934
3,1,SO_OUT,XBH,0.25616083,0.31044677,0.21436302,0.21902935
2,0,BB_HBP,SINGLE,0.28799233,0.28343874,0.23373933,0.19482961
3,0,SO_OUT,SINGLE,0.33378476,0.27853182,0.15571922,0.23196425
3,0,SO_OUT,SINGLE,0.28163433,0.25780788,0.21905391,0.24150386
3,3,SO_OUT,SO_OUT,0.2398321,0.23007467,0.2174338,0.3126594
3,1,SO_OUT,XBH,0.22552542,0.29118648,0.27754992,0.20573819
3,0,SO_OUT,SINGLE,0.28403965,0.24368255,0.26164868,0.21062902
3,0,SO_OUT,SINGLE,0.27665076,0.22669138,0.24111395,0.2555439
3,2,SO_OUT,BB_HBP,0.23616706,0.21024248,0.33709213,0.21649833
3,0,SO_OUT,SINGLE,0.36672413,0.22206895,0.17036942,0.24083753
3,0,SO_OUT,SINGLE,0.2889679,0.22509506,0.26819515,0.21774195
3,2,SO_OUT,BB_HBP,0.21201278,0.26787412,0.30914128,0.21097179
0,3,SINGLE,SO_OUT,0.27899456,0.26714522,0.15053123,0.303329
2,2,BB_HBP,BB_HBP,0.2806957,0.22811554,0.28764883,0.20353986
0,3,SINGLE,SO_OUT,0.2580344,0.22744694,0.22997169,0.28454694
3,0,SO_OUT,SINGLE,0.31851366,0.16561212,0.2684143,0.24745989
0,2,SINGLE,BB_HBP,0.23756537,0.19432797,0.31149167,0.25661495
0,2,SINGLE,BB_HBP,0.24142802,0.1682704,0.33662134,0.2536803
3,2,SO_OUT,BB_HBP,0.20080157,0.1811201,0.34507662,0.27300173
3,0,SO_OUT,SINGLE,0.32261062,0.18779469,0.2429853,0.2466094
2,2,BB_HBP,BB_HBP,0.25150254,0.2236717,0.3012229,0.22360283
2,0,BB_HBP,SINGLE,0.33734003,0.25429174,0.15821168,0.25015658
3,3,SO_OUT,SO_OUT,0.2569753,0.26048848,0.17995685,0.30257934
3,1,SO_OUT,XBH,0.20626183,0.31300876,0.25717577,0.2235537
1,2,XBH,BB_HBP,0.16349575,0.2415572,0.3664955,0.22845158
0,0,SINGLE,SINGLE,0.33617973,0.22372867,0.17549355,0.26459804
3,0,SO_OUT,SINGLE,0.3359204,0.25207713,0.16203707,0.24996549
3,1,SO_OUT,XBH,0.25492227,0.30283388,0.16942196,0.27282187
3,3,SO_OUT,SO_OUT,0.22721212,0.27708203,0.21485072,0.28085512
0,1,SINGLE,XBH,0.24973734,0.27136478,0.23744394,0.24145395
3,0,SO_OUT,SINGLE,0.28715292,0.25745067,0.18372397,0.27167243
2,1,BB_HBP,XBH,0.14835162,0.32407197,0.29499424,0.23258221
1,1,XBH,XBH,0.23741893,0.2775767,0.2609812,0.2240232
1,1,XBH,XBH,0.18103315,0.30108285,0.28663647,0.23124756
3,3,SO_OUT,SO_OUT,0.23310468,0.19292304,0.271506,0.3024663
3,0,SO_OUT,SINGLE,0.30083576,0.267331,0.16502354,0.2668097
3,3,SO_OUT,SO_OUT,0.2843687,0.25094473,0.16917384,0.29551274
3,3,SO_OUT,SO_OUT,0.22499661,0.25523204,0.21240456,0.30736676
3,2,SO_OUT,BB_HBP,0.23244967,0.2639867,0.27710456,0.22645906
3,2,SO_OUT,BB_HBP,0.24226554,0.23267746,0.26902446,0.2560326
3,3,SO_OUT,SO_OUT,0.21963236,0.21293461,0.23889312,0.32853988
3,1,SO_OUT,XBH,0.27531293,0.3142617,0.16473082,0.24569453
1,3,XBH,SO_OUT,0.26335183,0.26155692,0.15488046,0.32021078
0,3,SINGLE,SO_OUT,0.26003122,0.20645949,0.2079142,0.32559502
0,0,SINGLE,SINGLE,0.3044849,0.24683212,0.16587697,0.282806
3,1,SO_OUT,XBH,0.24144389,0.30933616,0.19878179,0.25043815
3,3,SO_OUT,SO_OUT,0.21944045,0.26287404,0.24176683,0.27591866
3,0,SO_OUT,SINGLE,0.2756692,0.22619343,0.24875706,0.24938038
3,2,SO_OUT,BB_HBP,0.21265276,0.2760525,0.28886366,0.22243111
3,2,SO_OUT,BB_HBP,0.2673555,0.1866485,0.2846498,0.2613462
3,3,SO_OUT,SO_OUT,0.23994781,0.2085414,0.18223043,0.36928043
3,3,SO_OUT,SO_OUT,0.24427788,0.25616932,0.22457118,0.27498165
3,3,SO_OUT,SO_OUT,0.25698417,0.23543666,0.23007171,0.27750745
1,1,XBH,XBH,0.23223108,0.31724536,0.2234079,0.22711575
1,1,XBH,XBH,0.20348777,0.32957155,0.2430365,0.22390428
1,3,XBH,SO_OUT,0.27496812,0.24667968,0.19628818,0.28206402
3,3,SO_OUT,SO_OUT,0.26125887,0.23802878,0.21169123,0.28902113
2,2,BB_HBP,BB_HBP,0.22379068,0.259601,0.27081928,0.24578893
3,2,SO_OUT,BB_HBP,0.16046712,0.29600167,0.34172264,0.20180859
0,2,SINGLE,BB_HBP,0.23421383,0.22621766,0.29829395,0.24127454
0,1,SINGLE,XBH,0.2752853,0.3256723,0.1321922,0.26685017
3,3,SO_OUT,SO_OUT,0.29968303,0.22812457,0.16016962,0.3120227
0,3,SINGLE,SO_OUT,0.28592184,0.23712803,0.1862442,0.2907059
3,0,SO_OUT,SINGLE,0.32174635,0.25566608,0.1724554,0.2501322
3,1,SO_OUT,XBH,0.2256135,0.298864,0.21824895,0.25727352
0,0,SINGLE,SINGLE,0.2739289,0.2722105,0.2004952,0.25336546
3,0,SO_OUT,SINGLE,0.30147684,0.2404249,0.17251584,0.28558248
0,3,SINGLE,SO_OUT,0.25124988,0.22396153,0.2117705,0.3130181
3,3,SO_OUT,SO_OUT,0.25086656,0.20323157,0.2449924,0.3009094
3,3,SO_OUT,SO_OUT,0.20561631,0.19578524,0.17038502,0.42821345
3,3,SO_OUT,SO_OUT,0.24782349,0.26236725,0.21357712,0.2762321
3,3,SO_OUT,SO_OUT,0.28012273,0.24389352,0.18833984,0.28764388
3,3,SO_OUT,SO_OUT,0.24354511,0.247017,0.19602394,0.31341395
3,1,SO_OUT,XBH,0.2717766,0.28903013,0.22782096,0.2113723
3,1,SO_OUT,XBH,0.17297792,0.33501,0.2575583,0.2344538
3,1,SO_OUT,XBH,0.24260712,0.2653782,0.22835605,0.26365858
3,1,SO_OUT,XBH,0.26671708,0.35026392,0.1382695,0.24474952
3,3,SO_OUT,SO_OUT,0.29301438,0.24125183,0.16342065,0.3023131
3,3,SO_OUT,SO_OUT,0.23594052,0.21181232,0.1209992,0.43124792
3,0,SO_OUT,SINGLE,0.28896123,0.24551554,0.2165602,0.24896304
3,3,SO_OUT,SO_OUT,0.22103024,0.25246158,0.24837418,0.278134
3,2,SO_OUT,BB_HBP,0.19279629,0.27509964,0.27639407,0.25571
2,0,BB_HBP,SINGLE,0.28419244,0.26486766,0.22660716,0.22433276
0,1,SINGLE,XBH,0.25118122,0.33233324,0.228775,0.18771057
0,0,SINGLE,SINGLE,0.2865839,0.22121485,0.22939795,0.2628033
3,0,SO_OUT,SINGLE,0.28609508,0.23387934,0.19690631,0.28311926
0,3,SINGLE,SO_OUT,0.25975555,0.22730854,0.20937252,0.30356333
3,3,SO_OUT,SO_OUT,0.21735308,0.21149509,0.13791454,0.43323728
2,3,BB_HBP,SO_OUT,0.20917574,0.20581551,0.2532126,0.33179617
3,0,SO_OUT,SINGLE,0.33162966,0.2759429,0.17867081,0.21375671
3,1,SO_OUT,XBH,0.18572386,0.37151888,0.22213233,0.22062497
3,2,SO_OUT,BB_HBP,0.17703567,0.21558647,0.3698255,0.23755229
3,1,SO_OUT,XBH,0.26848322,0.28230634,0.19331114,0.25589925
3,3,SO_OUT,SO_OUT,0.24598575,0.25801593,0.21569878,0.28029945
3,1,SO_OUT,XBH,0.19805007,0.29394493,0.2657131,0.24229197
3,1,SO_OUT,XBH,0.22423525,0.33703476,0.23016115,0.20856886
3,3,SO_OUT,SO_OUT,0.26023343,0.24379928,0.17139082,0.32457644
3,3,SO_OUT,SO_OUT,0.22653349,0.26049787,0.20192003,0.31104863
3,0,SO_OUT,SINGLE,0.2780294,0.24721645,0.22551066,0.24924344
3,3,SO_OUT,SO_OUT,0.26523185,0.23582992,0.21979025,0.27914807
3,3,SO_OUT,SO_OUT,0.22043139,0.25156558,0.22654895,0.301454
0,0,SINGLE,SINGLE,0.30554682,0.23802207,0.22952642,0.22690472
0,3,SINGLE,SO_OUT,0.30483618,0.20567128,0.15815203,0.33134052
0,0,SINGLE,SINGLE,0.30332693,0.25064713,0.23170504,0.21432087
3,2,SO_OUT,BB_HBP,0.24008986,0.19585006,0.33266982,0.23139033
0,0,SINGLE,SINGLE,0.2893213,0.26697668,0.19816189,0.24554011
2,1,BB_HBP,XBH,0.17838378,0.36353615,0.2564111,0.20166893
3,3,SO_OUT,SO_OUT,0.2511144,0.20483659,0.21551806,0.32853094
3,3,SO_OUT,SO_OUT,0.22692584,0.27793214,0.17684881,0.31829318
3,2,SO_OUT,BB_HBP,0.24772565,0.19890946,0.30734542,0.24601944
0,3,SINGLE,SO_OUT,0.23635374,0.20689598,0.23269905,0.3240512
3,3,SO_OUT,SO_OUT,0.21203765,0.2638779,0.22019151,0.30389294
3,2,SO_OUT,BB_HBP,0.24008222,0.24663994,0.27168456,0.24159338
3,0,SO_OUT,SINGLE,0.28882,0.25422776,0.21468031,0.2422719
3,2,SO_OUT,BB_HBP,0.1992397,0.19923313,0.3496231,0.25190404
2,3,BB_HBP,SO_OUT,0.22156662,0.28539032,0.19312838,0.29991472
3,3,SO_OUT,SO_OUT,0.26448676,0.19576581,0.24900894,0.29073858
3,0,SO_OUT,SINGLE,0.27432197,0.26051098,0.21129777,0.2538693
3,2,SO_OUT,BB_HBP,0.19406514,0.27553675,0.27591258,0.25448558
3,2,SO_OUT,BB_HBP,0.24012922,0.24550785,0.3120781,0.20228486
3,0,SO_OUT,SINGLE,0.26866078,0.20220844,0.265106,0.2640248
3,2,SO_OUT,BB_HBP,0.20975685,0.2341777,0.29442337,0.26164216
3,2,SO_OUT,BB_HBP,0.2513012,0.24730125,0.26253536,0.23886216
0,1,SINGLE,XBH,0.2212329,0.28369677,0.24104454,0.25402573
0,1,SINGLE,XBH,0.23503101,0.29973575,0.20648018,0.25875303
3,3,SO_OUT,SO_OUT,0.26289883,0.2290174,0.21845782,0.2896259
3,1,SO_OUT,XBH,0.16979818,0.3468985,0.22723244,0.25607082
3,1,SO_OUT,XBH,0.23192437,0.27482206,0.22648135,0.26677224
3,1,SO_OUT,XBH,0.23172912,0.28124064,0.2473776,0.23965263
3,3,SO_OUT,SO_OUT,0.24166031,0.24684462,0.1925606,0.3189344
0,1,SINGLE,XBH,0.21184424,0.318992,0.24187328,0.22729045
0,2,SINGLE,BB_HBP,0.19874476,0.24150023,0.31816715,0.24158788
2,1,BB_HBP,XBH,0.2123684,0.34281552,0.25903657,0.18577959
3,1,SO_OUT,XBH,0.19448654,0.35437617,0.25912663,0.19201061
0,0,SINGLE,SINGLE,0.30574834,0.2914748,0.16802002,0.23475692
1,3,XBH,SO_OUT,0.26432815,0.20297493,0.24665262,0.2860443
0,0,SINGLE,SINGLE,0.2844959,0.24870443,0.19212933,0.27467033
2,0,BB_HBP,SINGLE,0.29313657,0.23307876,0.18921618,0.2845686
3,1,SO_OUT,XBH,0.23988037,0.30196634,0.21990998,0.23824328
3,0,SO_OUT,SINGLE,0.29858288,0.18006022,0.2942683,0.22708856
0,2,SINGLE,BB_HBP,0.1708568,0.2698406,0.33920386,0.22009872
0,2,SINGLE,BB_HBP,0.20493673,0.22622424,0.35213336,0.21670562
3,0,SO_OUT,SINGLE,0.28011355,0.24113618,0.24838194,0.23036833
3,2,SO_OUT,BB_HBP,0.22588716,0.21384156,0.28767434,0.2725969
0,0,SINGLE,SINGLE,0.28587765,0.20320712,0.2384215,0.27249375
3,3,SO_OUT,SO_OUT,0.27617344,0.22957772,0.21617018,0.27807868
0,3,SINGLE,SO_OUT,0.26389953,0.16369371,0.26242882,0.30997795
3,2,SO_OUT,BB_HBP,0.20725282,0.2037642,0.3034145,0.2855685
3,3,SO_OUT,SO_OUT,0.25288936,0.22390456,0.2538909,0.26931512
3,0,SO_OUT,SINGLE,0.28506258,0.2712377,0.23907064,0.20462911
2,2,BB_HBP,BB_HBP,0.2281884,0.22170168,0.28671834,0.2633916
0,2,SINGLE,BB_HBP,0.24749991,0.23498276,0.27091464,0.2466026
3,1,SO_OUT,XBH,0.17979242,0.2848137,0.26563057,0.26976326
3,0,SO_OUT,SINGLE,0.30726945,0.23100056,0.1838978,0.27783218
3,3,SO_OUT,SO_OUT,0.27762976,0.273086,0.16672097,0.2825632
3,1,SO_OUT,XBH,0.25247535,0.2732567,0.25967693,0.2145911
3,0,SO_OUT,SINGLE,0.28052506,0.24158959,0.2110353,0.26684994
3,3,SO_OUT,SO_OUT,0.2572186,0.20996368,0.24533473,0.28748304
0,3,SINGLE,SO_OUT,0.2752908,0.23142172,0.1507797,0.34250775
0,1,SINGLE,XBH,0.23239659,0.33628425,0.18093592,0.25038323
3,3,SO_OUT,SO_OUT,0.25032422,0.2242286,0.24649046,0.27895668
3,0,SO_OUT,SINGLE,0.30846643,0.26094416,0.16739622,0.26319316
3,1,SO_OUT,XBH,0.28062895,0.2837939,0.20366673,0.23191047
3,1,SO_OUT,XBH,0.25507838,0.27765766,0.20155208,0.2657119
3,0,SO_OUT,SINGLE,0.2898096,0.16602649,0.2690399,0.27512392
3,3,SO_OUT,SO_OUT,0.25891277,0.2860858,0.16279273,0.29220864
3,2,SO_OUT,BB_HBP,0.24447443,0.22166145,0.28700468,0.24685946
3,0,SO_OUT,SINGLE,0.34736332,0.22339353,0.1881255,0.24111767
3,0,SO_OUT,SINGLE,0.3650326,0.18067761,0.19468659,0.2596032
3,0,SO_OUT,SINGLE,0.28968585,0.19864419,0.268422,0.24324796
0,0,SINGLE,SINGLE,0.29130337,0.2390203,0.26768723,0.20198916
3,0,SO_OUT,SINGLE,0.31368393,0.27080736,0.16579752,0.24971116
0,3,SINGLE,SO_OUT,0.26969236,0.2599423,0.1948161,0.2755492
0,0,SINGLE,SINGLE,0.31452397,0.20985803,0.20897985,0.26663816
3,0,SO_OUT,SINGLE,0.29945418,0.22570747,0.21788828,0.25695002
3,0,SO_OUT,SINGLE,0.32750493,0.179497,0.20190175,0.29109624
3,0,SO_OUT,SINGLE,0.27646387,0.26578844,0.25785166,0.19989601
3,0,SO_OUT,SINGLE,0.35099846,0.22685038,0.19984171,0.22230949
3,0,SO_OUT,SINGLE,0.30631533,0.20484793,0.20178913,0.28704765
3,3,SO_OUT,SO_OUT,0.27749297,0.1861015,0.20837346,0.32803214
2,0,BB_HBP,SINGLE,0.31352684,0.2445447,0.24376442,0.19816403
3,0,SO_OUT,SINGLE,0.36097828,0.20434128,0.16718298,0.26749748
3,3,SO_OUT,SO_OUT,0.2988618,0.21996944,0.17413016,0.30703858
0,2,SINGLE,BB_HBP,0.23907703,0.19228719,0.2873722,0.28126365
3,0,SO_OUT,SINGLE,0.39121857,0.15040714,0.19260722,0.26576707
1,0,XBH,SINGLE,0.3254478,0.24076168,0.17545103,0.25833952
0,1,SINGLE,XBH,0.2204563,0.32602924,0.2611735,0.192341
3,2,SO_OUT,BB_HBP,0.2653247,0.2215811,0.2709438,0.24215041
3,1,SO_OUT,XBH,0.19394447,0.29225913,0.24451154,0.26928487
3,0,SO_OUT,SINGLE,0.2841937,0.19937569,0.24549319,0.27093744
3,1,SO_OUT,XBH,0.21372466,0.29472753,0.281711,0.2098368
3,1,SO_OUT,XBH,0.21172704,0.2846075,0.26369566,0.23996983
0,3,SINGLE,SO_OUT,0.25165117,0.233624,0.23767817,0.2770467
3,1,SO_OUT,XBH,0.19717515,0.27271205,0.2670733,0.2630395
3,3,SO_OUT,SO_OUT,0.23915763,0.18741125,0.26670063,0.3067305
3,1,SO_OUT,XBH,0.25305393,0.2853863,0.20754263,0.25401708
3,3,SO_OUT,SO_OUT,0.27576736,0.22242716,0.21152163,0.29028395
3,3,SO_OUT,SO_OUT,0.22790197,0.26498964,0.19541998,0.31168848
1,3,XBH,SO_OUT,0.27703917,0.1988127,0.22986323,0.29428497
2,3,BB_HBP,SO_OUT,0.26507232,0.17589739,0.24508405,0.31394622
3,1,SO_OUT,XBH,0.22502293,0.29397407,0.24937291,0.23163007
3,3,SO_OUT,SO_OUT,0.269009,0.18591055,0.26494944,0.280131
3,2,SO_OUT,BB_HBP,0.16607481,0.23054762,0.30771607,0.2956615
0,0,SINGLE,SINGLE,0.30229697,0.2621981,0.17892544,0.25657955
3,0,SO_OUT,SINGLE,0.3291259,0.21675184,0.20327035,0.25085187
1,0,XBH,SINGLE,0.30043542,0.25186625,0.1839123,0.26378605
3,1,SO_OUT,XBH,0.20901695,0.28943625,0.28847435,0.21307248
3,2,SO_OUT,BB_HBP,0.20765927,0.22545406,0.34695566,0.2199309
3,1,SO_OUT,XBH,0.22606722,0.28982195,0.23399958,0.25011128
3,3,SO_OUT,SO_OUT,0.20908411,0.2109385,0.1553477,0.4246297
3,3,SO_OUT,SO_OUT,0.23484746,0.22673887,0.21576934,0.3226444
3,2,SO_OUT,BB_HBP,0.2492141,0.25326806,0.3061982,0.19131964
3,3,SO_OUT,SO_OUT,0.21616559,0.2582619,0.24052295,0.2850495
3,0,SO_OUT,SINGLE,0.3103328,0.28455964,0.16625619,0.23885141
2,1,BB_HBP,XBH,0.22285092,0.28051028,0.22698674,0.26965204
3,2,SO_OUT,BB_HBP,0.269671,0.21020989,0.29020703,0.22991213
3,0,SO_OUT,SINGLE,0.33663955,0.2548684,0.17311026,0.23538181
0,3,SINGLE,SO_OUT,0.27099147,0.23240477,0.19088368,0.30572003
3,3,SO_OUT,SO_OUT,0.22576669,0.2840078,0.16635077,0.32387477
3,3,SO_OUT,SO_OUT,0.23615536,0.1741724,0.191803,0.39786923
3,2,SO_OUT,BB_HBP,0.25347865,0.25449997,0.27171957,0.22030179
3,1,SO_OUT,XBH,0.24994668,0.27895412,0.22547004,0.24562918
2,1,BB_HBP,XBH,0.21155883,0.28371236,0.24255535,0.2621735
3,2,SO_OUT,BB_HBP,0.21732011,0.22288309,0.3135225,0.24627435
1,0,XBH,SINGLE,0.30279467,0.23305134,0.1961059,0.2680481
3,0,SO_OUT,SINGLE,0.3265569,0.25485414,0.1778019,0.24078703
3,1,SO_OUT,XBH,0.22560528,0.297066,0.24823624,0.22909248
2,2,BB_HBP,BB_HBP,0.23606102,0.2648386,0.29031163,0.20878881
0,3,SINGLE,SO_OUT,0.23777635,0.25686246,0.21327777,0.29208335
3,3,SO_OUT,SO_OUT,0.2322623,0.24584286,0.23401338,0.28788143
3,0,SO_OUT,SINGLE,0.32632944,0.21741582,0.2290175,0.2272373
3,3,SO_OUT,SO_OUT,0.2591623,0.215409,0.22335626,0.30207244
3,3,SO_OUT,SO_OUT,0.2657174,0.1883776,0.24621448,0.2996905
3,0,SO_OUT,SINGLE,0.32563904,0.27431262,0.16283676,0.23721163
3,3,SO_OUT,SO_OUT,0.28409418,0.22732218,0.20154329,0.2870403
0,3,SINGLE,SO_OUT,0.22173533,0.2988589,0.18039915,0.29900658
3,3,SO_OUT,SO_OUT,0.23681833,0.17541088,0.20434134,0.3834294
0,0,SINGLE,SINGLE,0.26799828,0.24467899,0.2557636,0.23155908
0,0,SINGLE,SINGLE,0.2721856,0.22644937,0.25587142,0.24549368
3,3,SO_OUT,SO_OUT,0.26029226,0.20792596,0.25981468,0.27196708
3,3,SO_OUT,SO_OUT,0.24626918,0.20505883,0.27281958,0.27585244
3,3,SO_OUT,SO_OUT,0.22564574,0.19294521,0.23955126,0.3418578
3,0,SO_OUT,SINGLE,0.31343567,0.28307304,0.16006558,0.2434258
0,2,SINGLE,BB_HBP,0.2100029,0.20589623,0.35976005,0.22434081
3,3,SO_OUT,SO_OUT,0.22271082,0.22973388,0.23145787,0.31609744
0,0,SINGLE,SINGLE,0.32583222,0.25466418,0.15499432,0.2645093
0,1,SINGLE,XBH,0.26290274,0.35349837,0.16972966,0.21386917
3,0,SO_OUT,SINGLE,0.32392976,0.2612738,0.16697876,0.2478176
3,1,SO_OUT,XBH,0.2375878,0.3216577,0.22455317,0.21620132
0,3,SINGLE,SO_OUT,0.2290116,0.2453706,0.25391436,0.27170342
3,3,SO_OUT,SO_OUT,0.19806908,0.25202033,0.21203807,0.33787256
3,2,SO_OUT,BB_HBP,0.23055407,0.27830482,0.283392,0.20774905
3,0,SO_OUT,SINGLE,0.28473157,0.24870656,0.21685494,0.24970691
2,1,BB_HBP,XBH,0.18256114,0.29889905,0.2669484,0.25159138
3,1,SO_OUT,XBH,0.21661766,0.31155133,0.26262406,0.20920694
3,3,SO_OUT,SO_OUT,0.20740758,0.22447333,0.19945507,0.36866403
2,3,BB_HBP,SO_OUT,0.26523176,0.20145442,0.23562163,0.2976922
0,1,SINGLE,XBH,0.18888608,0.3534622,0.24919312,0.20845869
0,1,SINGLE,XBH,0.25950098,0.31409353,0.2138599,0.21254557
2,1,BB_HBP,XBH,0.1889736,0.32926095,0.268128,0.21363744
3,1,SO_OUT,XBH,0.22587883,0.2820188,0.24038471,0.25171763
3,0,SO_OUT,SINGLE,0.30764663,0.2058071,0.1997906,0.28675565
3,3,SO_OUT,SO_OUT,0.20963009,0.19890258,0.24315773,0.3483096
2,3,BB_HBP,SO_OUT,0.28263125,0.21624672,0.21128607,0.289836
3,1,SO_OUT,XBH,0.25501126,0.32237875,0.17296703,0.24964295
3,0,SO_OUT,SINGLE,0.28585604,0.23528816,0.22316794,0.25568783
3,0,SO_OUT,SINGLE,0.28549206,0.2690747,0.185266,0.2601672
3,1,SO_OUT,XBH,0.17788075,0.3381374,0.2577027,0.22627912
3,1,SO_OUT,XBH,0.19270447,0.32563034,0.287655,0.1940102
3,0,SO_OUT,SINGLE,0.33270738,0.21435016,0.16383573,0.28910673
3,1,SO_OUT,XBH,0.24288595,0.28268182,0.22617315,0.24825904
3,0,SO_OUT,SINGLE,0.32843623,0.2241544,0.17939931,0.26801002
3,1,SO_OUT,XBH,0.23737575,0.29949144,0.21468611,0.24844678
3,3,SO_OUT,SO_OUT,0.26368445,0.24408937,0.20640257,0.28582364
3,3,SO_OUT,SO_OUT,0.27824172,0.23812307,0.14147457,0.34216064
3,3,SO_OUT,SO_OUT,0.24855584,0.29698572,0.15117407,0.3032844
3,1,SO_OUT,XBH,0.17066495,0.36432007,0.2625116,0.20250346
3,1,SO_OUT,XBH,0.2233357,0.32662424,0.22471964,0.2253204
3,1,SO_OUT,XBH,0.20117722,0.31978837,0.23896593,0.2400685
0,1,SINGLE,XBH,0.23673837,0.2869942,0.2581311,0.2181363
3,0,SO_OUT,SINGLE,0.32816547,0.28696698,0.16626397,0.21860355
3,1,SO_OUT,XBH,0.25501326,0.29311672,0.23716024,0.2147098
1,1,XBH,XBH,0.22722103,0.3189385,0.18825372,0.26558673
3,2,SO_OUT,BB_HBP,0.23517017,0.23947366,0.269393,0.2559632
3,3,SO_OUT,SO_OUT,0.22519356,0.2576568,0.22245783,0.29469183
3,3,SO_OUT,SO_OUT,0.26384655,0.24365923,0.2222968,0.27019742
3,3,SO_OUT,SO_OUT,0.21499743,0.26567966,0.18641791,0.33290493
2,3,BB_HBP,SO_OUT,0.20353475,0.22657822,0.20231315,0.36757386
3,3,SO_OUT,SO_OUT,0.23464726,0.19099185,0.19372909,0.3806318
0,0,SINGLE,SINGLE,0.3324338,0.21997343,0.19376759,0.25382525
2,1,BB_HBP,XBH,0.2467357,0.32618275,0.23476025,0.19232135
3,3,SO_OUT,SO_OUT,0.25156716,0.2509712,0.19821271,0.299249
3,1,SO_OUT,XBH,0.23613146,0.27478802,0.25533095,0.2337496
3,1,SO_OUT,XBH,0.25590175,0.32099578,0.1908727,0.23222984
3,0,SO_OUT,SINGLE,0.26879033,0.22443675,0.25270525,0.2540677
3,3,SO_OUT,SO_OUT,0.25290897,0.21188636,0.25917825,0.27602637
3,3,SO_OUT,SO_OUT,0.23566578,0.22010878,0.23992299,0.30430254
2,1,BB_HBP,XBH,0.22067574,0.3218998,0.2495355,0.20788899
3,0,SO_OUT,SINGLE,0.34224477,0.2764345,0.1692154,0.21210544
3,0,SO_OUT,SINGLE,0.31544608,0.27642238,0.16072041,0.24741109
3,3,SO_OUT,SO_OUT,0.2695845,0.22895356,0.21215382,0.2893081
2,0,BB_HBP,SINGLE,0.3027884,0.24752586,0.22881523,0.22087054
0,0,SINGLE,SINGLE,0.35174176,0.1991574,0.20778026,0.2413206
0,0,SINGLE,SINGLE,0.2903916,0.2710237,0.21176498,0.22681974
3,1,SO_OUT,XBH,0.24896604,0.29988983,0.22285514,0.22828905
3,0,SO_OUT,SINGLE,0.3185944,0.24329855,0.20410204,0.2340051
3,3,SO_OUT,SO_OUT,0.25686648,0.24213739,0.23921283,0.26178333
3,0,SO_OUT,SINGLE,0.369925,0.21662664,0.15074247,0.2627059
3,0,SO_OUT,SINGLE,0.3886883,0.18280096,0.15719993,0.2713108
3,0,SO_OUT,SINGLE,0.314911,0.18530633,0.24115862,0.25862408
3,0,SO_OUT,SINGLE,0.3366885,0.25892702,0.19003129,0.21435317
2,3,BB_HBP,SO_OUT,0.26082054,0.22590178,0.21989532,0.29338238
3,3,SO_OUT,SO_OUT,0.23009424,0.22916918,0.22344416,0.31729242
3,0,SO_OUT,SINGLE,0.31309828,0.22004895,0.21401042,0.25284237
3,0,SO_OUT,SINGLE,0.2632266,0.21540375,0.260914,0.26045567
3,2,SO_OUT,BB_HBP,0.23074818,0.25879437,0.29430595,0.21615149
3,3,SO_OUT,SO_OUT,0.22725494,0.21593049,0.26326847,0.29354605
3,2,SO_OUT,BB_HBP,0.20550306,0.2214036,0.31686023,0.25623313
3,0,SO_OUT,SINGLE,0.30307403,0.2117816,0.2330901,0.2520543
1,1,XBH,XBH,0.26641968,0.32476872,0.22798699,0.1808246
3,0,SO_OUT,SINGLE,0.34306106,0.23242898,0.15179738,0.27271256
3,3,SO_OUT,SO_OUT,0.2551856,0.22399892,0.23673084,0.28408468
3,0,SO_OUT,SINGLE,0.3815088,0.17525497,0.16234252,0.28089374
3,2,SO_OUT,BB_HBP,0.22849746,0.25489283,0.2889897,0.2276201
3,3,SO_OUT,SO_OUT,0.21920693,0.2183949,0.22266592,0.33973226
1,3,XBH,SO_OUT,0.19473277,0.1711707,0.25714853,0.37694803
3,1,SO_OUT,XBH,0.1853618,0.33455157,0.26408386,0.21600272
3,1,SO_OUT,XBH,0.23331934,0.28094226,0.22328967,0.26244876
3,2,SO_OUT,BB_HBP,0.16168013,0.28257775,0.30583712,0.24990503
3,2,SO_OUT,BB_HBP,0.24001563,0.20460682,0.2802148,0.27516273
3,3,SO_OUT,SO_OUT,0.2472718,0.15687867,0.25828907,0.3375604
3,3,SO_OUT,SO_OUT,0.2058618,0.24537331,0.25428948,0.29447547
3,2,SO_OUT,BB_HBP,0.25048536,0.17181829,0.2927471,0.28494924
3,1,SO_OUT,XBH,0.2236879,0.27965626,0.2547857,0.24187018
3,0,SO_OUT,SINGLE,0.29242396,0.26934576,0.22618835,0.21204196
0,0,SINGLE,SINGLE,0.35215193,0.17337072,0.21973754,0.25473982
3,3,SO_OUT,SO_OUT,0.2053324,0.22866915,0.2766403,0.28935808
3,3,SO_OUT,SO_OUT,0.24429679,0.2455867,0.14824545,0.36187106
3,1,SO_OUT,XBH,0.25747743,0.2722153,0.27050874,0.19979858
0,0,SINGLE,SINGLE,0.28639603,0.27136868,0.17637178,0.26586345
3,3,SO_OUT,SO_OUT,0.21729407,0.22684014,0.23487106,0.3209947
3,3,SO_OUT,SO_OUT,0.29961553,0.20339161,0.18642154,0.31057125
3,2,SO_OUT,BB_HBP,0.26140645,0.24192488,0.26577312,0.23089556
0,2,SINGLE,BB_HBP,0.2107697,0.25007614,0.2914753,0.2476788
3,1,SO_OUT,XBH,0.18570666,0.31269985,0.3086583,0.19293506
0,0,SINGLE,SINGLE,0.38281596,0.17398928,0.21926849,0.22392626
3,2,SO_OUT,BB_HBP,0.184404,0.23817967,0.353369,0.2240473
2,0,BB_HBP,SINGLE,0.3444858,0.22997175,0.18677384,0.23876864
3,0,SO_OUT,SINGLE,0.38501304,0.20280008,0.15328684,0.25890008
3,3,SO_OUT,SO_OUT,0.27107358,0.23182882,0.22415529,0.27294227
3,0,SO_OUT,SINGLE,0.29974192,0.20082824,0.21504824,0.2843816
3,3,SO_OUT,SO_OUT,0.25232297,0.25332576,0.2154617,0.27888957
3,1,SO_OUT,XBH,0.21562824,0.28358352,0.2480105,0.25277779
3,3,SO_OUT,SO_OUT,0.26708835,0.18867193,0.2718529,0.27238676
3,0,SO_OUT,SINGLE,0.3512892,0.20708464,0.22740373,0.2142224
0,0,SINGLE,SINGLE,0.32444108,0.26197937,0.17994004,0.2336395
3,2,SO_OUT,BB_HBP,0.26700324,0.2264495,0.29081753,0.21572974
0,2,SINGLE,BB_HBP,0.2572448,0.21174718,0.29308978,0.23791829
0,0,SINGLE,SINGLE,0.26866025,0.23003903,0.26393667,0.23736408
3,0,SO_OUT,SINGLE,0.28566903,0.27023008,0.23458408,0.20951685
3,1,SO_OUT,XBH,0.24767835,0.32787147,0.20572193,0.21872827
3,0,SO_OUT,SINGLE,0.34687537,0.21635203,0.19028324,0.24648932
3,3,SO_OUT,SO_OUT,0.26229894,0.24723816,0.21255028,0.27791265
3,0,SO_OUT,SINGLE,0.2871669,0.21396364,0.25710833,0.24176107
3,2,SO_OUT,BB_HBP,0.26110306,0.26318866,0.26505774,0.21065053
3,0,SO_OUT,SINGLE,0.3251653,0.26719028,0.16807672,0.23956764
3,3,SO_OUT,SO_OUT,0.25765213,0.1935264,0.24222083,0.30660066
1,3,XBH,SO_OUT,0.22324686,0.26697466,0.23504297,0.27473557
0,1,SINGLE,XBH,0.2064241,0.3476151,0.235733,0.21022782
2,0,BB_HBP,SINGLE,0.27785516,0.17904522,0.2765104,0.26658922
3,2,SO_OUT,BB_HBP,0.20451066,0.31100327,0.3172015,0.16728462
3,2,SO_OUT,BB_HBP,0.1923,0.2802681,0.32407022,0.20336162
0,0,SINGLE,SINGLE,0.35227957,0.18993315,0.16121851,0.2965688
3,0,SO_OUT,SINGLE,0.3099632,0.21394354,0.21618392,0.25990936
0,0,SINGLE,SINGLE,0.2948306,0.24222511,0.24811012,0.21483418
0,1,SINGLE,XBH,0.22431822,0.30515307,0.25414023,0.21638848
3,0,SO_OUT,SINGLE,0.2893451,0.24376976,0.20190477,0.26498032
3,1,SO_OUT,XBH,0.21311389,0.29818347,0.20247248,0.2862302
3,0,SO_OUT,SINGLE,0.330521,0.2641336,0.19481103,0.21053436
3,0,SO_OUT,SINGLE,0.2677788,0.25981572,0.2555511,0.21685433
0,1,SINGLE,XBH,0.25975028,0.28122595,0.23187812,0.22714567
3,1,SO_OUT,XBH,0.19121939,0.29485065,0.2757453,0.23818466
3,2,SO_OUT,BB_HBP,0.20961733,0.24310349,0.3495388,0.19774045
3,1,SO_OUT,XBH,0.26261133,0.31751359,0.23441286,0.18546219
3,0,SO_OUT,SINGLE,0.27445072,0.23570463,0.26883072,0.22101393
3,2,SO_OUT,BB_HBP,0.19554514,0.25689515,0.28422993,0.26332968
3,3,SO_OUT,SO_OUT,0.24056971,0.24161576,0.21548548,0.302329
3,1,SO_OUT,XBH,0.25131935,0.29806292,0.21782908,0.23278856
1,3,XBH,SO_OUT,0.26658624,0.23227373,0.21086694,0.2902731
3,3,SO_OUT,SO_OUT,0.23618765,0.22650768,0.24434175,0.2929629
2,2,BB_HBP,BB_HBP,0.1971605,0.24144302,0.31312764,0.24826886
2,2,BB_HBP,BB_HBP,0.25550446,0.21974726,0.27814645,0.24660186
0,2,SINGLE,BB_HBP,0.19728637,0.19532761,0.35741192,0.24997404
3,0,SO_OUT,SINGLE,0.27649194,0.20258798,0.2744802,0.24643996
3,3,SO_OUT,SO_OUT,0.23029454,0.23340392,0.22514835,0.3111532
3,2,SO_OUT,BB_HBP,0.22369526,0.16570649,0.3203779,0.29022038
0,0,SINGLE,SINGLE,0.2631412,0.25216007,0.22635068,0.258348
3,2,SO_OUT,BB_HBP,0.24383032,0.20397958,0.27850696,0.2736831
3,3,SO_OUT,SO_OUT,0.24884437,0.18059075,0.2799841,0.2905808
3,0,SO_OUT,SINGLE,0.27737677,0.19830313,0.26722914,0.257091
3,2,SO_OUT,BB_HBP,0.14954302,0.20824175,0.36076757,0.28144765
2,2,BB_HBP,BB_HBP,0.23575713,0.21302187,0.3141168,0.23710422
3,1,SO_OUT,XBH,0.17925131,0.30167326,0.28221503,0.2368604
3,2,SO_OUT,BB_HBP,0.20681018,0.24217978,0.34563327,0.20537676
3,0,SO_OUT,SINGLE,0.33458757,0.22315285,0.23387432,0.20838524
3,0,SO_OUT,SINGLE,0.28342152,0.2514488,0.2084551,0.25667462
3,0,SO_OUT,SINGLE,0.3128773,0.16971771,0.20893747,0.3084674
3,2,SO_OUT,BB_HBP,0.19293073,0.3129682,0.3456309,0.14847021
3,2,SO_OUT,BB_HBP,0.18419407,0.2678708,0.37278676,0.17514835
2,2,BB_HBP,BB_HBP,0.24328434,0.25649625,0.29639655,0.20382291
3,2,SO_OUT,BB_HBP,0.19214569,0.2556899,0.34882265,0.2033418
3,0,SO_OUT,SINGLE,0.3633094,0.20321801,0.19094476,0.24252789
3,0,SO_OUT,SINGLE,0.3182458,0.20624691,0.23375194,0.24175534
3,1,SO_OUT,XBH,0.24146003,0.25738093,0.24906433,0.2520947
3,2,SO_OUT,BB_HBP,0.2121797,0.24166599,0.35827196,0.18788236
0,2,SINGLE,BB_HBP,0.21260984,0.2837644,0.293057,0.21056873
2,2,BB_HBP,BB_HBP,0.21075687,0.18508734,0.42238307,0.18177274
1,2,XBH,BB_HBP,0.18760541,0.29758534,0.3510757,0.16373354
3,2,SO_OUT,BB_HBP,0.17886086,0.24517731,0.3853276,0.19063427
3,3,SO_OUT,SO_OUT,0.23970675,0.25153777,0.24156538,0.26719013
2,0,BB_HBP,SINGLE,0.27831018,0.25026146,0.25091964,0.2205088
3,2,SO_OUT,BB_HBP,0.2392248,0.19244447,0.33335727,0.23497342
3,0,SO_OUT,SINGLE,0.27239844,0.22154526,0.26505798,0.24099828
3,0,SO_OUT,SINGLE,0.26067042,0.24570724,0.24124683,0.2523755
1,0,XBH,SINGLE,0.33552805,0.14640497,0.26639464,0.25167233
3,0,SO_OUT,SINGLE,0.3120463,0.19190514,0.23446016,0.26158842
3,3,SO_OUT,SO_OUT,0.2601307,0.23773938,0.22746284,0.27466708
3,0,SO_OUT,SINGLE,0.41055125,0.18108869,0.12884846,0.27951163
3,0,SO_OUT,SINGLE,0.38762528,0.18251722,0.16898023,0.2608773
2,0,BB_HBP,SINGLE,0.3109445,0.17804343,0.24146736,0.26954463
0,2,SINGLE,BB_HBP,0.20698063,0.27233842,0.2898705,0.23081045
3,2,SO_OUT,BB_HBP,0.23343983,0.22938447,0.3006241,0.23655166
3,0,SO_OUT,SINGLE,0.33033645,0.23048548,0.20785135,0.23132676
3,0,SO_OUT,SINGLE,0.30369714,0.28333774,0.19925088,0.2137143
3,0,SO_OUT,SINGLE,0.2922734,0.27590373,0.19613637,0.23568654
3,0,SO_OUT,SINGLE,0.28727466,0.2038864,0.2594845,0.24935448
2,2,BB_HBP,BB_HBP,0.21937194,0.19027211,0.34207103,0.24828489
3,3,SO_OUT,SO_OUT,0.2155347,0.19472046,0.266272,0.3234728
3,0,SO_OUT,SINGLE,0.3048541,0.24317017,0.23680456,0.21517116
3,3,SO_OUT,SO_OUT,0.23484299,0.25479355,0.24156861,0.26879486
3,0,SO_OUT,SINGLE,0.29416892,0.2015018,0.21451819,0.28981113
3,1,SO_OUT,XBH,0.2585084,0.2597506,0.24756743,0.2341736
1,0,XBH,SINGLE,0.35225275,0.23366642,0.23500018,0.17908067
3,3,SO_OUT,SO_OUT,0.2508845,0.18828525,0.19808966,0.36274058
3,3,SO_OUT,SO_OUT,0.28721258,0.18816407,0.21769331,0.30693
3,2,SO_OUT,BB_HBP,0.23970756,0.19530366,0.28472024,0.28026855
0,0,SINGLE,SINGLE,0.3059717,0.23804459,0.19615881,0.2598249
3,0,SO_OUT,SINGLE,0.35149118,0.20150869,0.20146257,0.24553752
3,1,SO_OUT,XBH,0.24697688,0.26300004,0.24957901,0.24044414
3,0,SO_OUT,SINGLE,0.3403727,0.2536542,0.20035334,0.20561975
3,0,SO_OUT,SINGLE,0.3690768,0.20276423,0.2125292,0.21562985
2,0,BB_HBP,SINGLE,0.30898947,0.22869647,0.2552216,0.20709248
0,2,SINGLE,BB_HBP,0.24765992,0.17171215,0.29401073,0.28661728
3,2,SO_OUT,BB_HBP,0.19248855,0.30585742,0.3404901,0.161164
2,0,BB_HBP,SINGLE,0.28370878,0.25065306,0.24908116,0.21655707
0,0,SINGLE,SINGLE,0.29924625,0.22166663,0.2429702,0.23611695
3,3,SO_OUT,SO_OUT,0.23895797,0.2580773,0.23864517,0.2643196
3,3,SO_OUT,SO_OUT,0.28463838,0.20512027,0.22434251,0.28589892
3,3,SO_OUT,SO_OUT,0.27156442,0.2007341,0.22508483,0.30261666
1,0,XBH,SINGLE,0.2672916,0.24540244,0.25110593,0.23620003
3,0,SO_OUT,SINGLE,0.3379005,0.24987747,0.1596432,0.25257885
0,1,SINGLE,XBH,0.29338932,0.30566326,0.18229422,0.21865329
0,0,SINGLE,SINGLE,0.35200846,0.24324334,0.18067789,0.22407025
3,0,SO_OUT,SINGLE,0.3546361,0.18973479,0.20285845,0.25277054
3,2,SO_OUT,BB_HBP,0.2504214,0.20824122,0.31513122,0.22620608
3,2,SO_OUT,BB_HBP,0.2177365,0.21421275,0.33560026,0.23245044
3,3,SO_OUT,SO_OUT,0.25434527,0.24345697,0.2301933,0.2720044
3,1,SO_OUT,XBH,0.28653285,0.3004999,0.22425099,0.18871629
0,0,SINGLE,SINGLE,0.28343,0.22708562,0.25381547,0.23566885
3,0,SO_OUT,SINGLE,0.27991104,0.24212457,0.2328667,0.24509771
3,2,SO_OUT,BB_HBP,0.2355532,0.19580609,0.32724524,0.24139544
3,0,SO_OUT,SINGLE,0.31603336,0.2550007,0.2135461,0.21541992
3,2,SO_OUT,BB_HBP,0.18830447,0.26083913,0.35672832,0.19412811
3,2,SO_OUT,BB_HBP,0.23200354,0.20342743,0.3135044,0.2510647
3,0,SO_OUT,SINGLE,0.2831024,0.22736642,0.23032013,0.259211
3,0,SO_OUT,SINGLE,0.30926618,0.20557174,0.19481319,0.29034892
3,3,SO_OUT,SO_OUT,0.27103502,0.18310958,0.25198886,0.29386657
3,0,SO_OUT,SINGLE,0.34508058,0.21721238,0.20070377,0.23700328
3,0,SO_OUT,SINGLE,0.34966344,0.17772126,0.23634855,0.23626669
0,2,SINGLE,BB_HBP,0.27447352,0.18782143,0.3030712,0.23463386
3,2,SO_OUT,BB_HBP,0.19055872,0.2470194,0.3695738,0.19284807
3,2,SO_OUT,BB_HBP,0.24172476,0.20557389,0.29890314,0.25379822
3,2,SO_OUT,BB_HBP,0.2517417,0.24542813,0.27828115,0.22454907
3,0,SO_OUT,SINGLE,0.317434,0.187415,0.26308706,0.23206389
3,0,SO_OUT,SINGLE,0.30242956,0.24433269,0.25258157,0.20065619
2,2,BB_HBP,BB_HBP,0.1842005,0.26398122,0.3547505,0.19706783
3,2,SO_OUT,BB_HBP,0.18928377,0.23271587,0.35917562,0.21882467
3,0,SO_OUT,SINGLE,0.2862251,0.22815762,0.27189556,0.2137216
0,0,SINGLE,SINGLE,0.28835207,0.2673455,0.21929845,0.22500394
2,0,BB_HBP,SINGLE,0.28438777,0.27136046,0.22228132,0.22197042
3,2,SO_OUT,BB_HBP,0.22809444,0.25668353,0.29797152,0.21725048
3,2,SO_OUT,BB_HBP,0.24782278,0.23628382,0.2722594,0.24363399
3,1,SO_OUT,XBH,0.28875697,0.29367727,0.21689706,0.20066866
0,0,SINGLE,SINGLE,0.25668275,0.24923743,0.23817915,0.25590068
3,2,SO_OUT,BB_HBP,0.21085234,0.20655887,0.35060647,0.23198232
3,3,SO_OUT,SO_OUT,0.20097929,0.21156473,0.29354677,0.2939092
3,2,SO_OUT,BB_HBP,0.25313053,0.24543613,0.2623012,0.2391321
3,0,SO_OUT,SINGLE,0.2998222,0.20016378,0.23998724,0.26002678
3,2,SO_OUT,BB_HBP,0.25359562,0.18998861,0.28853485,0.26788092
3,0,SO_OUT,SINGLE,0.349301,0.22943874,0.20667021,0.21459006
3,0,SO_OUT,SINGLE,0.36955205,0.17664357,0.22941771,0.22438663
3,2,SO_OUT,BB_HBP,0.2845021,0.18461235,0.3149802,0.21590531
3,0,SO_OUT,SINGLE,0.29511133,0.21520479,0.27453613,0.21514775
2,0,BB_HBP,SINGLE,0.31479052,0.19145867,0.24596983,0.24778102
