true_id,pred_id,true_label,pred_label,prob_SINGLE,prob_DOUBLE,prob_TRIPLE,prob_HR,prob_BB,prob_SO,prob_HBP,prob_OUT
1,7,DOUBLE,OUT,0.12023472,0.033605494,0.0034984446,0.010200408,0.04279287,0.21078897,0.010066703,0.56881243
7,7,OUT,OUT,0.09760156,0.0410309,0.005664539,0.01039224,0.06559441,0.13367668,0.010935613,0.6351041
7,7,OUT,OUT,0.120057695,0.04492768,0.008664655,0.019971756,0.11155056,0.19065253,0.00923148,0.4949436
6,7,HBP,OUT,0.1710307,0.051142234,0.0073387125,0.010244564,0.07152496,0.10650891,0.014689681,0.56752026
0,7,SINGLE,OUT,0.12832873,0.03747542,0.005216969,0.011703814,0.0647824,0.17985888,0.010917184,0.5617167
5,7,SO,OUT,0.13776858,0.04314445,0.0022963,0.015413233,0.094328605,0.15602951,0.007099532,0.54391974
0,7,SINGLE,OUT,0.14390495,0.059100013,0.005163127,0.01165569,0.107303225,0.19821054,0.005536586,0.4691259
3,7,HR,OUT,0.13376191,0.033693668,0.0041653845,0.016112598,0.060098834,0.20627259,0.007650925,0.5382441
7,7,OUT,OUT,0.17836985,0.048054688,0.0029886921,0.009796763,0.14004731,0.18228382,0.00841381,0.43004513
7,7,OUT,OUT,0.18592362,0.033270665,0.004214621,0.0059404094,0.06018799,0.15986146,0.006286919,0.5443143
7,7,OUT,OUT,0.19709021,0.043549377,0.002693581,0.009754218,0.07680591,0.14244758,0.006156749,0.52150244
7,7,OUT,OUT,0.11427378,0.043271963,0.004891097,0.010628193,0.05382314,0.14071198,0.0054883733,0.6269115
7,7,OUT,OUT,0.13686822,0.035934247,0.0064566787,0.010775754,0.07056674,0.15083425,0.008414084,0.58015007
7,7,OUT,OUT,0.10476536,0.03106159,0.0077426936,0.0080576725,0.04431935,0.24190399,0.0052399808,0.5569094
4,7,BB,OUT,0.10036122,0.04791775,0.00342932,0.020975817,0.08263688,0.30040875,0.0063169687,0.43795338
7,7,OUT,OUT,0.118505575,0.028963272,0.0045982464,0.011909233,0.052831333,0.20980965,0.008530983,0.56485176
1,7,DOUBLE,OUT,0.2418872,0.0397999,0.0065239645,0.00831331,0.052764915,0.19302481,0.0077543627,0.44993147
0,7,SINGLE,OUT,0.12881024,0.04270676,0.001720934,0.011827411,0.07028798,0.19754143,0.012618074,0.5344871
7,7,OUT,OUT,0.17598641,0.039806936,0.0042335005,0.011740647,0.17422086,0.17657532,0.010358785,0.40707746
5,7,SO,OUT,0.15515073,0.034128893,0.0041828253,0.011578056,0.10056213,0.25968477,0.0125025865,0.42220998
4,7,BB,OUT,0.12545758,0.026286433,0.0024217523,0.007331382,0.06964283,0.19357835,0.008154184,0.5671275
5,7,SO,OUT,0.13532948,0.050484546,0.0047735623,0.022472523,0.0848271,0.28943154,0.009399218,0.4032821
5,7,SO,OUT,0.171442,0.028270222,0.005896306,0.0055035516,0.073038064,0.17197376,0.012441567,0.5314346
5,7,SO,OUT,0.12482382,0.052133337,0.005703539,0.014574104,0.10315385,0.28540686,0.0067990134,0.40740547
7,7,OUT,OUT,0.17966591,0.039462145,0.0031603612,0.010003051,0.07550489,0.22409217,0.00795244,0.4601591
5,7,SO,OUT,0.22120222,0.031847015,0.0030960175,0.0109506305,0.048731007,0.23579833,0.0066853985,0.44168937
5,7,SO,OUT,0.14770235,0.026362376,0.0044263625,0.0062571852,0.080966875,0.16023077,0.0055102785,0.5685438
7,7,OUT,OUT,0.1570589,0.028053295,0.0026939472,0.007717445,0.097101815,0.15900192,0.005897641,0.5424751
7,7,OUT,OUT,0.15627034,0.021442028,0.004491777,0.012380971,0.056483448,0.18745151,0.0072596245,0.5542203
7,7,OUT,OUT,0.14680722,0.02868977,0.0035504303,0.00971035,0.07626163,0.2513167,0.00316474,0.4804992
0,7,SINGLE,OUT,0.1447856,0.028432783,0.0051892484,0.00956385,0.050195783,0.17829995,0.0047089853,0.57882386
7,7,OUT,OUT,0.15417077,0.025508454,0.0031065037,0.012620499,0.03919375,0.14264606,0.005381784,0.61737216
5,7,SO,OUT,0.0931407,0.039500583,0.0037693232,0.021278314,0.082123786,0.24511926,0.009146821,0.50592124
0,7,SINGLE,OUT,0.12713368,0.025378004,0.0021821945,0.008325603,0.12085749,0.21599948,0.013650882,0.48647273
7,7,OUT,OUT,0.11743785,0.055678762,0.0050705024,0.015248555,0.07899282,0.12108643,0.01375252,0.59273255
4,7,BB,OUT,0.15878107,0.039913993,0.0028657846,0.01676844,0.09785939,0.15947472,0.016609712,0.5077269
0,7,SINGLE,OUT,0.15173559,0.04737256,0.00446354,0.012570389,0.07139284,0.13725795,0.00681358,0.5683935
7,7,OUT,OUT,0.18003576,0.03789905,0.005172491,0.016948486,0.049009655,0.09832399,0.0064158617,0.60619473
7,7,OUT,OUT,0.12755379,0.04112482,0.0027991163,0.018731624,0.07181908,0.18674956,0.0127627775,0.53845924
5,7,SO,OUT,0.18455733,0.04717365,0.0038813308,0.008090245,0.064927466,0.13622417,0.010196443,0.54494935
7,7,OUT,OUT,0.19430226,0.027999999,0.0029245366,0.011611761,0.064417474,0.13876027,0.0076336544,0.55235004
7,7,OUT,OUT,0.15096043,0.07418431,0.005766824,0.024570454,0.12671779,0.13264817,0.009866237,0.47528568
5,7,SO,OUT,0.13930456,0.04772459,0.005032566,0.015312308,0.085333794,0.16975516,0.007184077,0.530353
0,7,SINGLE,OUT,0.18358882,0.06974116,0.006946968,0.012367031,0.060414698,0.097980455,0.01250795,0.556453
5,7,SO,OUT,0.15699843,0.024553085,0.0035950427,0.010951543,0.043946415,0.29427496,0.008518808,0.45716175
7,7,OUT,OUT,0.1780063,0.04005567,0.007261819,0.009300635,0.07105084,0.24248746,0.0064251204,0.4454122
5,7,SO,OUT,0.15462601,0.04106701,0.0021818953,0.019165615,0.11721325,0.19661129,0.0045431172,0.46459183
5,7,SO,OUT,0.103135906,0.020899676,0.003337919,0.013000771,0.07955168,0.3126445,0.0076124296,0.45981714
7,7,OUT,OUT,0.18461931,0.034984034,0.0043438403,0.011946443,0.044054072,0.17315972,0.004082297,0.54281026
5,7,SO,OUT,0.18831763,0.0256953,0.002884183,0.021596884,0.10086671,0.1461527,0.0051496066,0.509337
0,7,SINGLE,OUT,0.13845156,0.05759087,0.003531171,0.012420082,0.057120737,0.18143244,0.010601316,0.5388518
7,7,OUT,OUT,0.12568225,0.024194805,0.003690393,0.006538562,0.062453322,0.19207676,0.013967754,0.5713962
5,7,SO,OUT,0.10933485,0.044814352,0.004710854,0.018251162,0.06856117,0.16154984,0.008765108,0.5840127
4,7,BB,OUT,0.21903963,0.05766954,0.0035975252,0.018695598,0.07359129,0.16563633,0.013431872,0.44833818
7,7,OUT,OUT,0.17801894,0.052299045,0.0048832777,0.03951033,0.08331283,0.19025105,0.01901408,0.43271038
0,7,SINGLE,OUT,0.18125801,0.03326898,0.0026181783,0.017879508,0.058949843,0.16998118,0.009184462,0.5268598
7,7,OUT,OUT,0.14527234,0.037566397,0.005466835,0.010613642,0.04174448,0.095206715,0.0077745197,0.656355
7,7,OUT,OUT,0.14030938,0.060474858,0.0062995725,0.017735055,0.06547947,0.111499704,0.01024785,0.5879541
0,7,SINGLE,OUT,0.13728048,0.04018178,0.0058950363,0.021680307,0.085348584,0.19652341,0.008265849,0.50482464
7,7,OUT,OUT,0.11517292,0.022883017,0.005717975,0.0066716406,0.036334105,0.20515317,0.006226115,0.6018411
7,7,OUT,OUT,0.13633819,0.040537827,0.0028568925,0.029167842,0.06360198,0.19938627,0.011653503,0.5164575
0,7,SINGLE,OUT,0.14426439,0.02561101,0.0036797186,0.014254585,0.040387858,0.21515371,0.010759202,0.54588956
7,7,OUT,OUT,0.19121884,0.03085892,0.006101798,0.007419919,0.05870463,0.11722239,0.011739557,0.57673395
4,7,BB,OUT,0.19133739,0.023856254,0.003473286,0.008510494,0.068018906,0.14576125,0.008726409,0.55031604
5,7,SO,OUT,0.11291451,0.037125528,0.0058879,0.016354917,0.049643926,0.31507993,0.0053141457,0.4576792
7,7,OUT,OUT,0.19596376,0.049398337,0.0066246716,0.010573321,0.06692382,0.15517,0.009324419,0.5060217
7,7,OUT,OUT,0.1394365,0.039530393,0.0028163495,0.013046516,0.06920632,0.19880876,0.010647271,0.526508
5,7,SO,OUT,0.15974982,0.029023053,0.003894946,0.007944424,0.038048215,0.17402133,0.013404803,0.57391346
5,7,SO,OUT,0.1757649,0.02566802,0.0028073776,0.012039015,0.07686924,0.22993965,0.010065339,0.4668464
7,7,OUT,OUT,0.17862639,0.029341983,0.0075535243,0.012137234,0.06843927,0.22100636,0.009103199,0.47379208
5,7,SO,OUT,0.16036737,0.030274231,0.004712383,0.013258895,0.10152439,0.22869095,0.003683416,0.45748836
7,7,OUT,OUT,0.18205571,0.024803212,0.0056953216,0.013549922,0.032332774,0.1360927,0.009496445,0.5959739
1,7,DOUBLE,OUT,0.27923575,0.030954408,0.004861881,0.020483403,0.09985131,0.14515726,0.004851705,0.41460425
0,7,SINGLE,OUT,0.25868648,0.03534807,0.0074652517,0.017331319,0.0660593,0.1962764,0.0075159604,0.41131726
7,7,OUT,OUT,0.11718341,0.018042196,0.005181836,0.019910483,0.09104624,0.26478806,0.014332745,0.46951497
0,7,SINGLE,OUT,0.15948012,0.0139289275,0.0063223313,0.0086389445,0.058400646,0.19546543,0.008597464,0.54916614
5,7,SO,OUT,0.19935581,0.03501713,0.009450521,0.017448457,0.04824426,0.18240272,0.006543301,0.5015378
0,7,SINGLE,OUT,0.25714538,0.037245627,0.0071935714,0.019921597,0.06489481,0.14579055,0.009055102,0.45875335
7,7,OUT,OUT,0.18074445,0.030188806,0.0053570163,0.016783934,0.07212528,0.21102478,0.0072978325,0.47647792
7,7,OUT,OUT,0.21045968,0.021838574,0.006744691,0.009007912,0.049589787,0.1164641,0.007408399,0.57848686
7,7,OUT,OUT,0.2022603,0.033239994,0.003595007,0.019637087,0.09852408,0.14409982,0.010106487,0.48853734
0,7,SINGLE,OUT,0.16296414,0.031933606,0.0031170116,0.022614049,0.10115271,0.17834026,0.0092334235,0.49064472
7,7,OUT,OUT,0.1992153,0.027722381,0.007274612,0.01010042,0.07075596,0.15334427,0.0058053685,0.5257817
5,7,SO,OUT,0.17644364,0.025230993,0.004139766,0.011938064,0.0951338,0.18306866,0.007486267,0.4965588
5,7,SO,OUT,0.22657558,0.013957571,0.007104366,0.0076923436,0.065205574,0.17957568,0.006304825,0.49358398
7,7,OUT,OUT,0.21597096,0.0270427,0.007912596,0.010271751,0.043801557,0.14950664,0.0062812227,0.5392125
5,7,SO,OUT,0.1422039,0.02325525,0.003343275,0.012165581,0.0903332,0.19033237,0.010871532,0.52749485
4,7,BB,OUT,0.22144157,0.037481874,0.007769964,0.0134877525,0.06826764,0.118933894,0.004555185,0.5280621
7,7,OUT,OUT,0.19187844,0.033977307,0.0032522515,0.015651407,0.096781515,0.21300445,0.009005787,0.43644875
5,7,SO,OUT,0.22844596,0.03518132,0.0077122045,0.015808547,0.08830219,0.19239736,0.008513151,0.42363927
7,7,OUT,OUT,0.21543224,0.03165304,0.003298868,0.027401503,0.12144337,0.14765267,0.012322057,0.44079623
5,7,SO,OUT,0.1716064,0.02509581,0.002162738,0.0063928734,0.11441262,0.2745706,0.019206291,0.38655263
5,7,SO,OUT,0.16830394,0.038685933,0.0027357151,0.008076697,0.10851792,0.22791645,0.018145597,0.42761782
0,7,SINGLE,OUT,0.20302911,0.041106828,0.005725846,0.009598301,0.0679837,0.14185019,0.013550607,0.51715547
7,7,OUT,OUT,0.23085915,0.028840216,0.004858385,0.015494338,0.16306287,0.16782328,0.014008034,0.37505367
0,7,SINGLE,OUT,0.22490981,0.029274387,0.0034783387,0.014817372,0.079185374,0.20366703,0.008216077,0.43645167
7,7,OUT,OUT,0.18092275,0.01860188,0.007882636,0.010936521,0.055418584,0.14229742,0.0069992347,0.57694095
5,7,SO,OUT,0.16792877,0.039512657,0.0044833263,0.021484422,0.08628448,0.20437673,0.009621774,0.46630785
7,7,OUT,OUT,0.23569708,0.028304167,0.0071747988,0.026534488,0.07977022,0.17170607,0.0061158007,0.4446973
5,7,SO,OUT,0.12783849,0.022999048,0.0025967816,0.02546373,0.11441859,0.2210165,0.015909461,0.46975744
0,7,SINGLE,OUT,0.2018853,0.017486993,0.006823324,0.008362356,0.09303371,0.19058451,0.008902778,0.47292104
7,7,OUT,OUT,0.2061222,0.022013625,0.0071185706,0.009294124,0.06918427,0.16153796,0.010160805,0.5145684
7,7,OUT,OUT,0.18431371,0.015904961,0.0087003475,0.017409492,0.0788804,0.15671775,0.010335771,0.5277375
5,7,SO,OUT,0.2013115,0.03468463,0.007867905,0.01803414,0.06267344,0.23335774,0.009852777,0.43221784
7,7,OUT,OUT,0.25021148,0.018693106,0.011463543,0.008782522,0.103193566,0.15107127,0.008639421,0.44794515
4,7,BB,OUT,0.20765235,0.03681411,0.004969389,0.01106167,0.0974841,0.13214634,0.010010097,0.49986187
7,7,OUT,OUT,0.16617383,0.025548581,0.0036029185,0.011541782,0.05159673,0.14968945,0.010252774,0.58159393
0,7,SINGLE,OUT,0.13242449,0.03130915,0.0054214937,0.018308137,0.08963521,0.2390317,0.012516046,0.4713538
7,7,OUT,OUT,0.12448505,0.018422768,0.00375616,0.008676968,0.05456776,0.14383897,0.009131547,0.6371207
7,7,OUT,OUT,0.14389731,0.033866595,0.0032896365,0.016815403,0.061576687,0.16101697,0.009960056,0.56957734
0,7,SINGLE,OUT,0.25898296,0.036552276,0.005710471,0.017804446,0.039869927,0.15228279,0.008073856,0.48072317
5,7,SO,OUT,0.15094662,0.028214918,0.002743044,0.027716685,0.043982204,0.18857652,0.012417137,0.54540294
7,7,OUT,OUT,0.11338909,0.022166623,0.0036432864,0.009011671,0.032950018,0.18720126,0.006019698,0.6256184
0,7,SINGLE,OUT,0.14409064,0.02265253,0.0048378003,0.019443998,0.03317131,0.24810539,0.005326384,0.5223719
7,7,OUT,OUT,0.18837501,0.030922342,0.0054814075,0.011991872,0.035887104,0.15192977,0.007880906,0.5675316
5,7,SO,OUT,0.24101499,0.021080652,0.005943129,0.009429134,0.05086461,0.16930407,0.008169395,0.494194
7,7,OUT,OUT,0.20489654,0.021305555,0.005340063,0.010332268,0.07715042,0.14267172,0.007890559,0.53041285
5,7,SO,OUT,0.18422973,0.03454444,0.0047217924,0.010488384,0.03580583,0.12308907,0.006473759,0.60064703
7,7,OUT,OUT,0.20466192,0.016690591,0.0036515642,0.008986266,0.036097858,0.10837545,0.007144511,0.61439186
7,7,OUT,OUT,0.18121733,0.023439497,0.002555734,0.01579512,0.03771343,0.18076898,0.012830501,0.54567945
4,7,BB,OUT,0.13567436,0.026934598,0.0036573836,0.011538332,0.053654253,0.20575075,0.0060079065,0.55678236
7,7,OUT,OUT,0.21333703,0.02295045,0.0040438077,0.008085252,0.045453787,0.16446482,0.007432014,0.53423285
7,7,OUT,OUT,0.17353927,0.024002789,0.0042662765,0.016824964,0.022850122,0.17263749,0.0072769467,0.5786021
7,7,OUT,OUT,0.21679562,0.017413171,0.004823173,0.0075077866,0.052843075,0.15064947,0.010101224,0.53986645
7,7,OUT,OUT,0.16336656,0.03325844,0.0023183727,0.021774057,0.04747226,0.20310467,0.0055980682,0.5231075
7,7,OUT,OUT,0.23694134,0.024316762,0.0072877826,0.016937485,0.04505615,0.14606586,0.010010672,0.5133839
7,7,OUT,OUT,0.2100484,0.028543316,0.0067830803,0.009958737,0.0451081,0.14357987,0.0056737056,0.5503048
7,7,OUT,OUT,0.23379847,0.018586634,0.0072319233,0.010950334,0.032368496,0.12679708,0.0077289557,0.5625381
7,7,OUT,OUT,0.18226238,0.032659963,0.0032849463,0.0224173,0.0815636,0.18756394,0.0028871312,0.48736075
7,7,OUT,OUT,0.19296607,0.026885938,0.007213762,0.008518078,0.039199848,0.188925,0.004679781,0.53161156
3,7,HR,OUT,0.21112028,0.037178397,0.003863284,0.020831045,0.05404284,0.18332592,0.0059589255,0.48367935
7,7,OUT,OUT,0.20002617,0.016563678,0.0045350078,0.008251755,0.039031435,0.16420753,0.0073832334,0.5600012
5,7,SO,OUT,0.17095925,0.02306022,0.003696125,0.02147676,0.06998838,0.17118537,0.007996614,0.5316373
3,7,HR,OUT,0.13166201,0.028168196,0.0034654501,0.02008035,0.07307243,0.19603474,0.011770565,0.53574634
7,7,OUT,OUT,0.2691423,0.028952036,0.0053867195,0.007960538,0.09328588,0.098202705,0.0062737945,0.49079603
5,7,SO,OUT,0.16979559,0.02376987,0.0044302107,0.009961527,0.027233234,0.12744601,0.0065977313,0.6307658
7,7,OUT,OUT,0.19278382,0.046092726,0.00483566,0.020995216,0.046884496,0.18745025,0.0060612233,0.4948966
7,7,OUT,OUT,0.22178645,0.04768606,0.0053174486,0.024077505,0.07903766,0.13870808,0.011642709,0.4717441
7,7,OUT,OUT,0.13781986,0.032319795,0.004126608,0.014119076,0.07378216,0.15183665,0.0047876765,0.58120817
7,7,OUT,OUT,0.17088416,0.032208297,0.0054328186,0.010331202,0.05397033,0.1356694,0.005187562,0.5863162
4,7,BB,OUT,0.16462362,0.045659833,0.003934305,0.008238113,0.08063038,0.17259327,0.010459182,0.5138613
7,7,OUT,OUT,0.14474578,0.024916932,0.005285333,0.008312431,0.046974733,0.19726996,0.00417072,0.56832415
4,7,BB,OUT,0.13143598,0.033202272,0.004373256,0.017536027,0.08856712,0.20390958,0.0054994007,0.5154764
0,7,SINGLE,OUT,0.20938209,0.036598954,0.0037385484,0.0122915525,0.08303051,0.152734,0.011419987,0.49080446
1,7,DOUBLE,OUT,0.10899198,0.029979134,0.0036925725,0.010624786,0.06592379,0.21600425,0.00600506,0.55877846
0,7,SINGLE,OUT,0.13884458,0.02715884,0.003571142,0.019019816,0.08267525,0.21860994,0.00688076,0.5032397
7,7,OUT,OUT,0.17105463,0.031091522,0.0030040669,0.021870743,0.08010724,0.15714861,0.0053185276,0.5304046
7,7,OUT,OUT,0.12494196,0.02988982,0.0058209198,0.016682515,0.05806042,0.15047635,0.007831917,0.6062961
7,7,OUT,OUT,0.09147147,0.023166116,0.0023956269,0.007697356,0.055706337,0.21130879,0.009218157,0.5990361
0,7,SINGLE,OUT,0.17251727,0.032045636,0.0055245073,0.01163052,0.042558465,0.14994983,0.008451186,0.5773226
5,7,SO,OUT,0.15319489,0.046240117,0.0040998757,0.017439492,0.1368856,0.19530281,0.008438581,0.4383987
7,7,OUT,OUT,0.079500444,0.021047669,0.002312913,0.025323564,0.056465887,0.27756408,0.008559787,0.52922565
7,7,OUT,OUT,0.14014633,0.038288463,0.0025097737,0.016580272,0.06155057,0.18300346,0.004516462,0.5534047
7,7,OUT,OUT,0.19676715,0.03642683,0.0033776541,0.0125716375,0.10805117,0.09902497,0.0059612747,0.53781927
7,7,OUT,OUT,0.12715535,0.024646217,0.002113221,0.02083415,0.07252878,0.25433633,0.00686885,0.4915172
5,7,SO,OUT,0.09528935,0.025071472,0.0021050298,0.010858104,0.03911273,0.29846472,0.004768107,0.52433056
7,7,OUT,OUT,0.1662231,0.0265397,0.0034200097,0.012452807,0.06366358,0.11318763,0.006483861,0.6080293
0,7,SINGLE,OUT,0.15753779,0.036375754,0.0037683055,0.019144816,0.044457253,0.1876601,0.01112774,0.53992826
7,7,OUT,OUT,0.1201335,0.034398288,0.004372794,0.017404476,0.04089512,0.18579173,0.007415955,0.5895882
7,7,OUT,OUT,0.09518184,0.053331546,0.002412605,0.0381035,0.1046368,0.16635752,0.012760486,0.5272158
1,7,DOUBLE,OUT,0.16376503,0.038670447,0.005476003,0.01166208,0.03921778,0.17798033,0.005541704,0.55768657
1,7,DOUBLE,OUT,0.22486445,0.045693103,0.003277167,0.014433038,0.06410236,0.09645928,0.0052632364,0.5459073
5,7,SO,OUT,0.14012554,0.03567219,0.0054673627,0.017317334,0.043350495,0.20719455,0.0068922723,0.5439803
5,7,SO,OUT,0.09945706,0.05388674,0.0037767293,0.01887322,0.09839481,0.34225166,0.018988123,0.3643716
1,7,DOUBLE,OUT,0.14929804,0.038554482,0.0028715166,0.014338498,0.0979292,0.20609191,0.0076667997,0.48324955
7,7,OUT,OUT,0.12408663,0.037106927,0.0051094177,0.014140636,0.08204493,0.21893904,0.010309252,0.50826323
7,7,OUT,OUT,0.1264052,0.015971731,0.005314412,0.010734276,0.047708098,0.24068366,0.0059457547,0.5472369
7,7,OUT,OUT,0.19171472,0.031704277,0.004053975,0.014227198,0.10643658,0.21487847,0.009920507,0.42706427
5,7,SO,OUT,0.14758588,0.018334717,0.0035900045,0.019291792,0.06986452,0.24499726,0.009564808,0.486771
1,7,DOUBLE,OUT,0.18019846,0.030160455,0.007525245,0.008710286,0.07036302,0.17433532,0.0056778863,0.52302927
7,7,OUT,OUT,0.10476479,0.025176235,0.0027195634,0.020967664,0.08537737,0.24073254,0.0060932506,0.51416856
7,7,OUT,OUT,0.1563504,0.04140304,0.005195107,0.013067394,0.108427644,0.17292076,0.008176138,0.49445948
7,7,OUT,OUT,0.12205519,0.040231857,0.0023122684,0.021865672,0.08817816,0.3113873,0.007958686,0.4060109
0,7,SINGLE,OUT,0.22977689,0.045122482,0.0039369273,0.015040296,0.054801807,0.2049643,0.008978427,0.4373788
5,7,SO,OUT,0.11450921,0.03739223,0.0030271134,0.012906511,0.09584453,0.2743793,0.007977488,0.45396358
7,7,OUT,OUT,0.15853025,0.03465838,0.0045535243,0.0070425244,0.09026818,0.13593383,0.005899466,0.5631138
3,7,HR,OUT,0.15937214,0.044653278,0.0030008052,0.017292388,0.057936605,0.20874603,0.009965523,0.49903318
0,7,SINGLE,OUT,0.10391059,0.04077604,0.0027304725,0.050718706,0.115454294,0.23602426,0.015467329,0.43491828
6,7,HBP,OUT,0.11372628,0.03069382,0.0027533888,0.008223092,0.09262896,0.18983759,0.007895651,0.55424124
4,7,BB,OUT,0.23132144,0.03852583,0.0043735467,0.014045886,0.05028204,0.11731853,0.00794532,0.5361874
0,7,SINGLE,OUT,0.1258075,0.026589802,0.0022596389,0.012555956,0.063631535,0.14633061,0.005755878,0.61706907
7,7,OUT,OUT,0.10152876,0.02135236,0.0020432125,0.009287383,0.030609174,0.25986904,0.0058305357,0.5694795
4,7,BB,OUT,0.0850767,0.02737433,0.003858971,0.01764061,0.04850006,0.3353294,0.007620358,0.47459957
5,7,SO,OUT,0.11889811,0.047553096,0.0025153628,0.011751178,0.07234921,0.18388027,0.0065564713,0.55649626
5,7,SO,OUT,0.12978491,0.030898629,0.00430638,0.017319415,0.0321149,0.15371197,0.006175008,0.6256888
7,7,OUT,OUT,0.20232944,0.03473403,0.0022925183,0.0137593895,0.07770398,0.11697353,0.005664848,0.5465423
5,7,SO,OUT,0.18220755,0.04324887,0.001931493,0.020485178,0.093799755,0.16444504,0.008391603,0.4854905
3,7,HR,OUT,0.14786994,0.046589576,0.0022471077,0.02613058,0.07604515,0.11497922,0.006971261,0.5791671
7,7,OUT,OUT,0.14890574,0.034026854,0.004699513,0.023233581,0.043537255,0.1395323,0.008541037,0.5975237
1,7,DOUBLE,OUT,0.111617096,0.034323875,0.0028287831,0.010730349,0.09111773,0.14220937,0.0071122646,0.6000605
4,7,BB,OUT,0.10955857,0.023803698,0.003535361,0.024646029,0.045133837,0.23103425,0.005530047,0.5567582
0,7,SINGLE,OUT,0.19845925,0.03666594,0.003482318,0.016451323,0.06340137,0.13555521,0.005580507,0.54040414
7,7,OUT,OUT,0.18299094,0.050952125,0.0040132054,0.027162995,0.04246147,0.18232329,0.010476697,0.4996192
7,7,OUT,OUT,0.13422082,0.04273143,0.004056808,0.018824143,0.028876916,0.153438,0.005653518,0.6121983
7,7,OUT,OUT,0.07918172,0.023650894,0.0049736467,0.010043115,0.10114143,0.21800949,0.0101861,0.55281353
7,7,OUT,OUT,0.11634757,0.04053404,0.0047020353,0.008825356,0.059191987,0.1771351,0.006921145,0.5863428
5,7,SO,OUT,0.087869965,0.020776896,0.0020634371,0.029711556,0.040856585,0.30001068,0.0071956017,0.51151526
5,7,SO,OUT,0.27213076,0.06539056,0.0028395082,0.028243829,0.0628262,0.10715996,0.0049130097,0.45649615
0,7,SINGLE,OUT,0.09461113,0.028673533,0.0024766503,0.034373164,0.041801352,0.36283565,0.008414939,0.42681354
5,7,SO,OUT,0.19161114,0.037761662,0.002180876,0.021985017,0.09510545,0.13256669,0.0060713436,0.51271784
3,7,HR,OUT,0.121719226,0.055871814,0.0025848472,0.036548544,0.10725533,0.14574231,0.0100717405,0.52020615
7,7,OUT,OUT,0.1544649,0.024871206,0.0047573866,0.01787231,0.05825499,0.16641308,0.0070482357,0.5663179
7,7,OUT,OUT,0.1004632,0.036577757,0.0026452537,0.009367727,0.055863336,0.28058794,0.008275651,0.5062192
7,7,OUT,OUT,0.13916878,0.035605837,0.0031743248,0.012045086,0.059243355,0.234515,0.008174427,0.50807315
5,7,SO,OUT,0.15759706,0.038939275,0.004537941,0.01653135,0.050322562,0.1829129,0.0042949943,0.5448639
7,7,OUT,OUT,0.18914486,0.035733685,0.0029597206,0.021390874,0.04537948,0.12736142,0.0059302696,0.5720996
7,7,OUT,OUT,0.18220115,0.032937847,0.0029353562,0.011850742,0.08734005,0.08167998,0.006199127,0.5948557
5,7,SO,OUT,0.13160805,0.04207851,0.004578311,0.019467244,0.062090166,0.14648588,0.00838961,0.58530223
7,7,OUT,OUT,0.08406215,0.026259309,0.0017733631,0.0105743995,0.065726124,0.20106602,0.0070584295,0.60348016
7,7,OUT,OUT,0.13908786,0.034260962,0.0021518695,0.01816317,0.05495087,0.19988488,0.0063008973,0.5451995
0,7,SINGLE,OUT,0.1280327,0.030014608,0.003254727,0.010778557,0.05435858,0.13555871,0.009924645,0.6280775
5,7,SO,OUT,0.13205695,0.038758423,0.0024381194,0.020995546,0.030254295,0.17941445,0.00830407,0.5877782
7,7,OUT,OUT,0.08673401,0.01967823,0.0029533692,0.006611452,0.035257462,0.25064397,0.0061293766,0.5919921
0,7,SINGLE,OUT,0.1575452,0.045455743,0.0031461406,0.029578857,0.10058492,0.2516514,0.011113752,0.4009239
7,7,OUT,OUT,0.09658823,0.03250394,0.0025144257,0.010955394,0.1334797,0.21706754,0.0072569004,0.49963382
0,7,SINGLE,OUT,0.1304562,0.031540543,0.0024964006,0.017320292,0.032514505,0.14381959,0.00566092,0.6361916
7,7,OUT,OUT,0.17270683,0.02687239,0.0051718904,0.01624632,0.069863915,0.24253787,0.010841586,0.45575926
5,7,SO,OUT,0.14796382,0.03440435,0.004347713,0.015847657,0.054801002,0.21197826,0.008631322,0.52202594
7,7,OUT,OUT,0.17611912,0.04719983,0.0050427425,0.01784852,0.08131672,0.15035942,0.010249674,0.5118639
7,7,OUT,OUT,0.18068977,0.024671545,0.006557086,0.010705129,0.054796226,0.106389426,0.006998242,0.60919255
7,7,OUT,OUT,0.05766642,0.02358465,0.0025320316,0.005516864,0.061299924,0.29629037,0.008880302,0.54422945
0,7,SINGLE,OUT,0.13833542,0.017398944,0.0040375,0.0060788253,0.08114961,0.18363135,0.007630542,0.5617378
7,7,OUT,OUT,0.18527862,0.030149091,0.0030640059,0.0102306185,0.07970557,0.114377216,0.008091137,0.5691037
7,7,OUT,OUT,0.13758495,0.04085796,0.0037095773,0.020678299,0.056591712,0.1870921,0.011080919,0.5424045
7,7,OUT,OUT,0.09513925,0.029687759,0.002869692,0.015834535,0.06912865,0.14786266,0.010493589,0.628984
7,7,OUT,OUT,0.12613451,0.02315728,0.0036223258,0.013054303,0.036458235,0.31466946,0.0058776108,0.47702637
7,7,OUT,OUT,0.18105942,0.03021159,0.0041348482,0.016958678,0.05153873,0.20859592,0.0063988124,0.501102
7,7,OUT,OUT,0.15126373,0.023334898,0.0038491634,0.011813752,0.031511683,0.15491652,0.0050822766,0.61822796
5,7,SO,OUT,0.1081349,0.051122006,0.0019135473,0.01776034,0.14725386,0.28690886,0.00830875,0.37859777
5,7,SO,OUT,0.15965089,0.067379005,0.0030594277,0.012447011,0.089691274,0.16887328,0.00808618,0.4908129
7,7,OUT,OUT,0.115390606,0.03658073,0.004240221,0.005732621,0.059429877,0.11289046,0.010534511,0.6552009
0,7,SINGLE,OUT,0.11627256,0.038158845,0.0018489893,0.009827952,0.08077444,0.14584495,0.0072994605,0.5999728
7,7,OUT,OUT,0.1345786,0.021008361,0.0038891498,0.011813941,0.046089552,0.21015003,0.008438507,0.56403184
0,7,SINGLE,OUT,0.16858804,0.05544336,0.004138844,0.0085308375,0.0983444,0.12383828,0.010912064,0.53020424
5,7,SO,OUT,0.19768271,0.039458726,0.0041405912,0.0105510345,0.13885322,0.16004832,0.013149565,0.43611583
7,7,OUT,OUT,0.13764009,0.05036364,0.005168567,0.015749888,0.113216944,0.16987963,0.010799586,0.49718165
7,7,OUT,OUT,0.12839507,0.026061526,0.0058532227,0.013920612,0.04536593,0.24161324,0.0057545984,0.53303576
5,7,SO,OUT,0.13708702,0.033085477,0.006813341,0.005890986,0.079006314,0.10654562,0.005164478,0.62640667
0,7,SINGLE,OUT,0.20939887,0.032890625,0.0060143243,0.008085255,0.09135031,0.115361705,0.0053456016,0.53155327
7,7,OUT,OUT,0.13217276,0.015938193,0.0029276307,0.010199183,0.04162604,0.10516585,0.0057240007,0.68624634
4,7,BB,OUT,0.09580644,0.023443867,0.0030646839,0.011543639,0.07291144,0.23473363,0.006452675,0.5520437
1,7,DOUBLE,OUT,0.13743988,0.051804423,0.0029532167,0.018774236,0.0999622,0.15516594,0.009231131,0.52466893
5,7,SO,OUT,0.1808593,0.042150468,0.0061788745,0.009567458,0.09318704,0.11750745,0.006527322,0.5440221
5,7,SO,OUT,0.12290902,0.026137691,0.0045443936,0.011326086,0.0730821,0.23708731,0.0077960803,0.5171173
7,7,OUT,OUT,0.17851256,0.028528204,0.0041715554,0.01967422,0.052905235,0.17908405,0.0061137727,0.53101045
0,7,SINGLE,OUT,0.21445782,0.03764722,0.009093162,0.011037015,0.073759966,0.17977709,0.010145983,0.46408173
1,7,DOUBLE,OUT,0.18902652,0.061378527,0.0024493593,0.019301195,0.14594682,0.1958415,0.009009787,0.37704626
1,7,DOUBLE,OUT,0.17770939,0.025403764,0.0034156342,0.0226581,0.0488382,0.15950562,0.011389134,0.55108017
5,7,SO,OUT,0.16771077,0.03512318,0.0038858633,0.0061703976,0.110631116,0.21808873,0.0067051505,0.45168486
7,7,OUT,OUT,0.11991582,0.036703173,0.003211691,0.019761465,0.05341336,0.14775883,0.007139971,0.6120957
4,7,BB,OUT,0.12379227,0.035412386,0.002475771,0.025945695,0.07827978,0.2759133,0.011911709,0.44626907
7,7,OUT,OUT,0.175857,0.043350074,0.00525403,0.016120763,0.04655619,0.12661728,0.0053066686,0.5809379
7,7,OUT,OUT,0.21838991,0.0314834,0.004191142,0.021156188,0.05685658,0.17834406,0.00881159,0.4807671
2,7,TRIPLE,OUT,0.15706305,0.048907027,0.004939931,0.0073790518,0.049241465,0.110110216,0.009727482,0.61263174
0,7,SINGLE,OUT,0.15854388,0.040364224,0.003595789,0.018511362,0.039907783,0.15199474,0.0117575275,0.5753246
5,7,SO,OUT,0.08123154,0.039270323,0.00276224,0.028410695,0.043259107,0.21318552,0.007502334,0.58437824
0,7,SINGLE,OUT,0.16928084,0.030199304,0.0034065952,0.024670625,0.04173257,0.2137147,0.009880285,0.50711507
7,7,OUT,OUT,0.16877516,0.051996727,0.0036505987,0.025723055,0.07675116,0.15443544,0.012408715,0.50625914
7,7,OUT,OUT,0.20305496,0.035683606,0.0049130223,0.012267601,0.047975842,0.10421494,0.0057678213,0.5861222
5,7,SO,OUT,0.17828545,0.08116152,0.0037559485,0.020154096,0.118501425,0.13171428,0.0072773476,0.45915
7,7,OUT,OUT,0.085076615,0.04208601,0.0023388118,0.011243466,0.070983745,0.18687883,0.013990638,0.5874019
0,7,SINGLE,OUT,0.15430267,0.07485983,0.0031252168,0.013524074,0.06836324,0.1234956,0.009650616,0.5526788
4,7,BB,OUT,0.14309992,0.052457165,0.0055003227,0.007910018,0.03272248,0.15062903,0.009593181,0.5980879
7,7,OUT,OUT,0.15031862,0.045458537,0.0024736745,0.027374987,0.050881863,0.16308658,0.008937584,0.5514682
0,7,SINGLE,OUT,0.15546401,0.050098762,0.0032770897,0.022523817,0.07970997,0.18294396,0.010425804,0.49555662
7,7,OUT,OUT,0.16183059,0.025909854,0.0077574416,0.01918125,0.06398228,0.354471,0.011547273,0.3553203
0,7,SINGLE,OUT,0.2109766,0.051208455,0.004119053,0.027229574,0.060628943,0.26790226,0.0097751655,0.36815992
7,7,OUT,OUT,0.11560872,0.066873565,0.0022278314,0.019304449,0.12764867,0.26040897,0.011997,0.3959309
4,7,BB,OUT,0.1968281,0.03133785,0.0043863053,0.01793638,0.056904383,0.11509299,0.007197963,0.5703161
4,7,BB,OUT,0.11370334,0.039785836,0.0018489651,0.011540546,0.076494984,0.17510799,0.00791212,0.57360625
5,7,SO,OUT,0.20990923,0.03336689,0.003061969,0.015927115,0.039327033,0.1828072,0.0066546397,0.50894594
5,7,SO,OUT,0.16742872,0.030308789,0.0066546756,0.011206401,0.08067241,0.121096425,0.007754104,0.57487845
7,7,OUT,OUT,0.15072253,0.03762236,0.0035293254,0.020810192,0.06542466,0.16198008,0.009580078,0.55033076
5,7,SO,OUT,0.12411973,0.04342016,0.0031083561,0.022552902,0.06336221,0.17934982,0.011869273,0.5522176
7,7,OUT,OUT,0.11046009,0.021534037,0.0026902996,0.012814265,0.031211229,0.3499128,0.007423365,0.4639539
7,7,OUT,OUT,0.17878975,0.02643638,0.0051580826,0.00652266,0.058793932,0.16344976,0.0080444915,0.55280495
7,7,OUT,OUT,0.21853045,0.02479513,0.0062179533,0.011654295,0.04929459,0.096177734,0.006769328,0.5865605
7,7,OUT,OUT,0.13823707,0.02921014,0.0032330935,0.010164934,0.054042414,0.17653659,0.014207073,0.57436866
5,7,SO,OUT,0.056514107,0.022598045,0.0030519974,0.0072412733,0.04339798,0.36180952,0.0061638434,0.49922326
7,7,OUT,OUT,0.17937289,0.041574784,0.0021290265,0.013955392,0.093780115,0.11730828,0.0078099305,0.5440695
4,7,BB,OUT,0.11788612,0.038588934,0.0020879258,0.017259791,0.09493481,0.29104024,0.0063906955,0.43181157
7,7,OUT,OUT,0.14760658,0.030619275,0.0032354274,0.016825682,0.037273884,0.1743773,0.0064015784,0.58366024
7,7,OUT,OUT,0.16922435,0.0345944,0.0045785815,0.014749326,0.050442114,0.1796683,0.0047739386,0.54196894
7,7,OUT,OUT,0.14289814,0.04047457,0.0015736688,0.033733808,0.052390873,0.23376577,0.00668201,0.48848116
0,7,SINGLE,OUT,0.08394409,0.039823033,0.0019279886,0.010959335,0.06396008,0.2706199,0.011671125,0.51709443
5,7,SO,OUT,0.062141623,0.02257776,0.002014295,0.0073915087,0.03958395,0.32091188,0.005766068,0.53961295
0,7,SINGLE,OUT,0.29092637,0.047990836,0.0034462225,0.017334415,0.08220793,0.09328722,0.009327509,0.4554794
7,7,OUT,OUT,0.31690258,0.062524736,0.006756176,0.010489303,0.09207565,0.09352562,0.008141999,0.40958393
7,7,OUT,OUT,0.15320802,0.042152166,0.0036310998,0.02590026,0.109939784,0.15250988,0.0141523,0.4985065
7,7,OUT,OUT,0.14173092,0.014954572,0.002709125,0.0167394,0.040326815,0.21365792,0.007434731,0.56244653
5,7,SO,OUT,0.09688185,0.0257721,0.0036553848,0.008461047,0.04133901,0.25493455,0.005555294,0.56340075
5,7,SO,OUT,0.16763438,0.03456313,0.003477616,0.009082079,0.040429216,0.13165689,0.0038733573,0.6092833
7,7,OUT,OUT,0.18260089,0.028703481,0.0032519628,0.014888646,0.045806866,0.16679448,0.0069708764,0.55098283
7,7,OUT,OUT,0.17357206,0.042881895,0.0034807452,0.017123217,0.11201359,0.1338489,0.008665185,0.5084143
7,7,OUT,OUT,0.18718131,0.025559153,0.0038761664,0.007011856,0.04829304,0.17829551,0.008081791,0.5417012
7,7,OUT,OUT,0.15010846,0.025386494,0.003920367,0.019623134,0.06664236,0.24872325,0.008984509,0.47661138
1,7,DOUBLE,OUT,0.11235745,0.0228001,0.00520256,0.012968653,0.09009718,0.19239092,0.015155631,0.54902744
5,7,SO,OUT,0.1215927,0.022490168,0.0024953228,0.012940701,0.045456696,0.21815194,0.008231813,0.56864065
5,7,SO,OUT,0.11219843,0.027253034,0.0038549015,0.023093518,0.057137314,0.22998086,0.011779047,0.53470296
0,7,SINGLE,OUT,0.15929662,0.027624223,0.0032790645,0.017842839,0.052179847,0.18063636,0.01319736,0.54594374
4,7,BB,OUT,0.1948603,0.023780964,0.0036298553,0.007989993,0.05965737,0.15980056,0.0073923557,0.54288864
5,7,SO,OUT,0.16913721,0.030930508,0.003749356,0.013775613,0.04416475,0.16929278,0.0071202507,0.56182957
1,7,DOUBLE,OUT,0.11835288,0.019716766,0.0039917408,0.026249288,0.031055434,0.18309695,0.021782633,0.5957543
7,7,OUT,OUT,0.16821374,0.024926022,0.0050761104,0.016700665,0.06587433,0.14323242,0.011323466,0.5646533
7,7,OUT,OUT,0.11864498,0.014709061,0.003736867,0.015203826,0.07478645,0.16813865,0.005729379,0.5990508
7,7,OUT,OUT,0.20347476,0.02525698,0.0059252447,0.009154021,0.055425372,0.19582024,0.009420486,0.4955229
5,7,SO,OUT,0.16480371,0.028984794,0.0035461825,0.01065659,0.042344127,0.18776673,0.01103607,0.55086184
7,7,OUT,OUT,0.13265403,0.028808989,0.003585242,0.019114323,0.08287101,0.2906486,0.010040413,0.43227738
0,7,SINGLE,OUT,0.28005403,0.025951764,0.0070054126,0.017325994,0.03397721,0.11518827,0.0071777306,0.5133197
0,7,SINGLE,OUT,0.17332853,0.025076995,0.0036681176,0.00789599,0.06855888,0.17787434,0.010090097,0.533507
7,7,OUT,OUT,0.14371294,0.024829997,0.002022896,0.019985434,0.057016004,0.26549983,0.0045187674,0.4824141
6,7,HBP,OUT,0.120460615,0.021828959,0.003854025,0.021812487,0.047197517,0.27697465,0.0138986185,0.4939731
0,7,SINGLE,OUT,0.24726877,0.025714297,0.0045590354,0.011290216,0.08908089,0.12085833,0.0050541316,0.4961744
7,7,OUT,OUT,0.1326409,0.033296853,0.002283836,0.013532242,0.13222407,0.23016645,0.007243318,0.44861227
7,7,OUT,OUT,0.1039623,0.033959083,0.0047590462,0.027475175,0.03932942,0.31512302,0.008421171,0.46697074
5,7,SO,OUT,0.15302648,0.03165971,0.0037148562,0.0141662,0.08844967,0.1538633,0.0071079014,0.5480119
0,7,SINGLE,OUT,0.21870631,0.026823333,0.0034504337,0.00997286,0.08015132,0.14442591,0.005612003,0.5108579
7,7,OUT,OUT,0.17359029,0.026107699,0.004686924,0.017039085,0.060167983,0.16810106,0.008835943,0.54147106
5,7,SO,OUT,0.09233727,0.03340399,0.0019625248,0.0062226914,0.14317793,0.15218174,0.010228426,0.5604855
0,7,SINGLE,OUT,0.14478105,0.03359324,0.0048313923,0.012431678,0.07172727,0.17930712,0.005305784,0.5480225
7,7,OUT,OUT,0.1944849,0.031716283,0.003989589,0.020471787,0.044121467,0.13376631,0.00917506,0.56227463
7,7,OUT,OUT,0.2978546,0.0400332,0.0028812948,0.012653788,0.088158466,0.101541,0.007598969,0.4492787
0,7,SINGLE,OUT,0.20028254,0.020051412,0.0061766054,0.010942721,0.0518436,0.15652946,0.0051428657,0.54903084
7,7,OUT,OUT,0.14691636,0.02384805,0.0024639457,0.013510087,0.07917192,0.19081032,0.010031344,0.53324795
7,7,OUT,OUT,0.1156066,0.03094354,0.004870152,0.009863502,0.049863387,0.16587222,0.0037348962,0.6192457
3,7,HR,OUT,0.13610372,0.029829314,0.0038360085,0.015463383,0.05495502,0.20895834,0.008317645,0.5425366
4,7,BB,OUT,0.19648713,0.054492433,0.0037504737,0.009894186,0.11687392,0.11488025,0.007952917,0.4956687
7,7,OUT,OUT,0.13799088,0.034082845,0.0052328547,0.008211653,0.08492304,0.13196433,0.005291217,0.59230316
7,7,OUT,OUT,0.14150837,0.046386585,0.007223321,0.01408526,0.12459951,0.17485046,0.012771651,0.47857478
0,7,SINGLE,OUT,0.15364729,0.044632543,0.0043648393,0.008634361,0.062293086,0.10720108,0.006791539,0.6124353
0,7,SINGLE,OUT,0.17530268,0.047076344,0.003284226,0.021169541,0.11765596,0.13105011,0.013941786,0.4905194
0,7,SINGLE,OUT,0.29823563,0.025727728,0.00560455,0.011505834,0.086628586,0.120678514,0.008758225,0.44286093
0,7,SINGLE,OUT,0.25226048,0.039863914,0.0043791854,0.013380818,0.08915536,0.1707831,0.010906646,0.4192705
7,7,OUT,OUT,0.22082734,0.031365864,0.008474661,0.016108502,0.032124624,0.1554694,0.009579966,0.5260497
0,7,SINGLE,OUT,0.24514079,0.039022885,0.0029884016,0.021960052,0.065317065,0.14604782,0.0066415602,0.4728814
7,7,OUT,OUT,0.108801946,0.028693032,0.0031267486,0.008984064,0.04014727,0.20969425,0.011597655,0.58895504
7,7,OUT,OUT,0.2557629,0.034667045,0.005816233,0.011362919,0.061470725,0.13837962,0.007717357,0.48482317
7,7,OUT,OUT,0.12843028,0.042772617,0.0021428436,0.03114152,0.11129157,0.29811162,0.009343877,0.37676573
1,7,DOUBLE,OUT,0.18028693,0.045823,0.006281761,0.018411173,0.0323626,0.17597748,0.0065148766,0.53434217
7,7,OUT,OUT,0.20439665,0.013253356,0.005790515,0.0071792956,0.050406717,0.1953227,0.007065541,0.5165853
5,7,SO,OUT,0.0822371,0.030571382,0.0024579628,0.015805442,0.108103335,0.28631878,0.0075805523,0.4669254
5,7,SO,OUT,0.15878434,0.069570206,0.005497112,0.019004112,0.11870308,0.21603802,0.0068936013,0.4055095
7,7,OUT,OUT,0.24477178,0.037982345,0.0133379055,0.012371119,0.054107923,0.16046582,0.0088485675,0.46811458
5,7,SO,OUT,0.114459686,0.0400417,0.0055616125,0.02337021,0.079535715,0.20463344,0.008121121,0.5242765
7,7,OUT,OUT,0.10650528,0.030020809,0.0026248125,0.021662466,0.0717808,0.15786903,0.013526068,0.5960107
4,7,BB,OUT,0.13734129,0.03605418,0.0031798803,0.025234107,0.07903641,0.23201275,0.004892867,0.4822485
0,7,SINGLE,OUT,0.12473593,0.060110662,0.002720008,0.022381037,0.13661548,0.15782206,0.009750252,0.48586455
1,7,DOUBLE,OUT,0.10364288,0.038291536,0.0022350482,0.013464041,0.10507814,0.14658159,0.008926826,0.58178
4,7,BB,OUT,0.12480522,0.027712638,0.0024467013,0.014880377,0.12572047,0.15693952,0.013362004,0.5341331
7,7,OUT,OUT,0.14356592,0.047013693,0.0014193307,0.029185675,0.15564197,0.17516804,0.010573378,0.437432
0,7,SINGLE,OUT,0.16130304,0.03914607,0.002668812,0.058944486,0.108826235,0.15202634,0.01239532,0.4646898
0,7,SINGLE,OUT,0.09267211,0.04615011,0.0012730865,0.037499294,0.08271725,0.25946975,0.008022402,0.47219598
7,7,OUT,OUT,0.10508918,0.030702766,0.0030082164,0.017343553,0.05783649,0.25171304,0.004690424,0.5296163
3,7,HR,OUT,0.09448301,0.02870106,0.0030214456,0.012506458,0.04936552,0.25210628,0.0057194144,0.5540968
7,7,OUT,OUT,0.17062633,0.026208838,0.0030667621,0.01612946,0.030201364,0.19029628,0.010364602,0.5531064
7,7,OUT,OUT,0.17757452,0.032452732,0.0023116206,0.030014815,0.059298683,0.21071763,0.009775747,0.4778543
0,7,SINGLE,OUT,0.11143169,0.026726212,0.0044072773,0.023925286,0.046789,0.31395334,0.006141562,0.4666256
5,7,SO,OUT,0.082157984,0.030057475,0.0032374233,0.02244892,0.08155069,0.2282238,0.010331048,0.54199266
0,7,SINGLE,OUT,0.107987344,0.035564497,0.0027887342,0.019675113,0.07814848,0.25235102,0.009940225,0.49354455
7,7,OUT,OUT,0.11332295,0.041746076,0.0021165437,0.0253036,0.09973975,0.18247125,0.013337998,0.52196187
0,7,SINGLE,OUT,0.11112419,0.0303589,0.0019880945,0.02039447,0.10163217,0.13016646,0.008032142,0.5963036
7,7,OUT,OUT,0.16492504,0.04823527,0.0019050685,0.031138282,0.10481011,0.1308122,0.015936578,0.5022374
7,7,OUT,OUT,0.19554892,0.045181762,0.0030574878,0.028248083,0.086466424,0.15881959,0.009360767,0.47331685
1,7,DOUBLE,OUT,0.1814579,0.03177581,0.004523661,0.014837338,0.042519204,0.13414575,0.0043809297,0.5863593
0,7,SINGLE,OUT,0.19498546,0.04150214,0.0041435044,0.010921549,0.081725046,0.1656437,0.0058242786,0.49525422
7,7,OUT,OUT,0.1262098,0.02969375,0.0019397114,0.04067326,0.118456304,0.25582296,0.0065594497,0.4206448
1,7,DOUBLE,OUT,0.19696756,0.04080564,0.004742698,0.052008938,0.14237066,0.2066676,0.007773268,0.34866363
7,7,OUT,OUT,0.20727476,0.02262655,0.012951445,0.0068810717,0.059186436,0.17175254,0.011541697,0.50778556
7,7,OUT,OUT,0.21051529,0.015206906,0.0075535295,0.012291371,0.043705482,0.17966026,0.014537783,0.5165294
0,7,SINGLE,OUT,0.13481696,0.04326529,0.009682562,0.022427218,0.10175247,0.17303434,0.014580869,0.50044036
5,7,SO,OUT,0.15877303,0.03782342,0.008873206,0.029653413,0.07914441,0.16252375,0.010640346,0.51256835
2,7,TRIPLE,OUT,0.18922804,0.059723068,0.0049914285,0.017501527,0.13326246,0.16053486,0.008661028,0.42609754
7,7,OUT,OUT,0.10014597,0.04092059,0.004517204,0.030329445,0.13071987,0.18454978,0.010131095,0.49868602
7,7,OUT,OUT,0.14645489,0.031814687,0.0033041108,0.015177721,0.07513553,0.257386,0.00788843,0.46283865
0,7,SINGLE,OUT,0.16929203,0.032497067,0.0052828775,0.020203281,0.100100026,0.21613073,0.008398451,0.44809553
7,7,OUT,OUT,0.21241249,0.050211035,0.0035118759,0.017749188,0.08224005,0.2075861,0.010684879,0.41560435
7,7,OUT,OUT,0.17080505,0.025708823,0.0026038848,0.010824902,0.039956525,0.29298744,0.008443078,0.44867033
5,7,SO,OUT,0.13724618,0.02855247,0.0023803678,0.02082785,0.061893623,0.34738472,0.009002161,0.3927126
5,7,SO,OUT,0.15344636,0.031368863,0.0027397631,0.039787102,0.103208095,0.21981719,0.008460728,0.44117182
5,7,SO,OUT,0.15026839,0.034687992,0.003819617,0.026205031,0.056433056,0.27096096,0.00656323,0.45106164
7,7,OUT,OUT,0.17799753,0.043181855,0.0024193586,0.028543247,0.13320196,0.15508594,0.0047399267,0.45483014
7,7,OUT,OUT,0.16758083,0.04060132,0.0022266724,0.02365216,0.1162715,0.17358404,0.00498813,0.47109532
7,7,OUT,OUT,0.19985244,0.019434994,0.0056009465,0.011804732,0.0747668,0.16946246,0.006188058,0.5128896
7,7,OUT,OUT,0.21903336,0.037472297,0.0055982345,0.0167895,0.05407505,0.1316695,0.0075376458,0.52782434
7,7,OUT,OUT,0.12162893,0.020535449,0.0052061463,0.009684376,0.087669425,0.18578143,0.006405941,0.5630883
0,7,SINGLE,OUT,0.117122434,0.03403342,0.0038023153,0.01499087,0.07645178,0.19511624,0.0056148213,0.5528681
0,7,SINGLE,OUT,0.17858285,0.056182362,0.0078108786,0.01477764,0.043721624,0.18870206,0.0102777425,0.49994487
7,7,OUT,OUT,0.23007515,0.04139685,0.013073807,0.010565205,0.060711358,0.16710727,0.0064069936,0.47066334
7,7,OUT,OUT,0.13929616,0.036718417,0.015836172,0.01562533,0.054091543,0.2099986,0.005402555,0.52303123
7,7,OUT,OUT,0.1415063,0.03690682,0.0048928307,0.01999393,0.12555139,0.19812196,0.010505433,0.46252128
7,7,OUT,OUT,0.1587799,0.051287644,0.0027261528,0.02790965,0.16369699,0.19858535,0.009519919,0.38749442
7,7,OUT,OUT,0.118773684,0.037952278,0.0037631455,0.031716775,0.12838729,0.26658446,0.0066122185,0.40621012
5,7,SO,OUT,0.11873329,0.025070127,0.0037370976,0.008825179,0.044853136,0.1717597,0.006508955,0.6205125
7,7,OUT,OUT,0.16136967,0.03252541,0.0054886914,0.014608515,0.07716859,0.2518419,0.009201362,0.44779584
7,7,OUT,OUT,0.17080516,0.03431774,0.0037239327,0.019556932,0.09164791,0.19640635,0.011364534,0.47217745
0,7,SINGLE,OUT,0.119342804,0.012268781,0.005853328,0.00867309,0.06514213,0.2613681,0.006400227,0.5209515
5,7,SO,OUT,0.14899032,0.032636557,0.0068439627,0.015802573,0.06412961,0.16292968,0.011281882,0.5573854
5,7,SO,OUT,0.12922208,0.026583886,0.0057445937,0.016836712,0.039765444,0.14172162,0.0045920694,0.63553363
7,7,OUT,OUT,0.0938507,0.027226947,0.0014705422,0.019119896,0.09203256,0.28673157,0.012558713,0.467009
5,7,SO,OUT,0.12009569,0.037617564,0.0034818226,0.00922128,0.06178187,0.21010967,0.015252328,0.5424397
0,7,SINGLE,OUT,0.13631263,0.045922082,0.0030905807,0.011993217,0.08003506,0.16054913,0.0091333,0.55296403
0,7,SINGLE,OUT,0.21177337,0.043216348,0.004145919,0.014464457,0.045219302,0.1865563,0.010618082,0.4840061
5,7,SO,OUT,0.12011169,0.023342943,0.0040475596,0.020007204,0.091724135,0.21513611,0.009358506,0.5162718
7,7,OUT,OUT,0.13255656,0.032826923,0.003901416,0.019831216,0.052483458,0.22129169,0.011295508,0.52581316
7,7,OUT,OUT,0.18922274,0.02201608,0.005276667,0.021404576,0.06595413,0.107878596,0.008262255,0.57998496
7,7,OUT,OUT,0.16050717,0.028166765,0.0049336036,0.012489371,0.080942616,0.17266145,0.010037317,0.5302617
3,7,HR,OUT,0.12673585,0.043834668,0.002339021,0.013508879,0.12330262,0.20364323,0.008694323,0.47794136
5,7,SO,OUT,0.23570971,0.035810485,0.0040553375,0.010246877,0.13123298,0.1950239,0.010017153,0.37790355
7,7,OUT,OUT,0.20129253,0.04530858,0.006394433,0.01474626,0.062519245,0.22987427,0.012286751,0.42757788
5,7,SO,OUT,0.12842521,0.02588672,0.0032233568,0.027195014,0.08989762,0.2499783,0.005292391,0.4701013
7,7,OUT,OUT,0.17846619,0.015547723,0.0048745433,0.014892617,0.08407879,0.15044318,0.005505947,0.5461909
7,7,OUT,OUT,0.2347373,0.033050075,0.004287278,0.025538847,0.09450264,0.15879272,0.010857685,0.43823352
4,7,BB,OUT,0.16529873,0.036698643,0.005406067,0.016118992,0.06464567,0.1471869,0.007028937,0.5576161
7,7,OUT,OUT,0.11731273,0.031024748,0.0052277106,0.008753929,0.04821305,0.22880225,0.0049397005,0.5557259
7,7,OUT,OUT,0.16164677,0.036865048,0.0031058332,0.010095906,0.05994533,0.21318656,0.0060349996,0.50911963
7,7,OUT,OUT,0.1348497,0.031593435,0.002804391,0.009674379,0.050861105,0.19893713,0.0049106684,0.5663692
5,7,SO,OUT,0.09404192,0.037212096,0.0046807346,0.019422436,0.0759618,0.18390165,0.00988549,0.5748939
7,7,OUT,OUT,0.16577475,0.041798268,0.0044998867,0.028434869,0.0660695,0.14127493,0.0053365002,0.54681134
7,7,OUT,OUT,0.117866024,0.021516556,0.003546837,0.020385364,0.065451495,0.22200778,0.007971651,0.5412543
3,7,HR,OUT,0.14234887,0.035242114,0.0041753585,0.015948372,0.062116545,0.16984071,0.015157213,0.55517083
7,7,OUT,OUT,0.21713412,0.052156653,0.0056410874,0.012492284,0.073130585,0.20245503,0.009433694,0.42755648
0,7,SINGLE,OUT,0.13876398,0.04616063,0.002195988,0.017328817,0.10815905,0.24790312,0.006466839,0.43302158
0,7,SINGLE,OUT,0.10379768,0.029127788,0.0012740947,0.03629624,0.08072447,0.25903976,0.0072542788,0.48248556
7,7,OUT,OUT,0.13164487,0.019875335,0.008175756,0.020103393,0.13764672,0.2192538,0.0067475983,0.4565525
4,7,BB,OUT,0.18306491,0.022625564,0.011594525,0.008023019,0.15378818,0.13814956,0.004104394,0.47864982
3,7,HR,OUT,0.16260672,0.03714517,0.0045275777,0.013769517,0.20920731,0.21473387,0.0076706503,0.35033923
7,7,OUT,OUT,0.13732834,0.020639235,0.0053507327,0.01088638,0.14333257,0.2578345,0.00794446,0.41668373
0,7,SINGLE,OUT,0.20362237,0.025020294,0.00394923,0.01726848,0.11926814,0.22119826,0.01017238,0.3995009
4,7,BB,OUT,0.19809039,0.043203708,0.004539344,0.023235258,0.11642239,0.15592833,0.016108863,0.44247177
7,7,OUT,OUT,0.117003545,0.01407492,0.0049134376,0.008664557,0.08585679,0.3404698,0.018413343,0.41060358
6,7,HBP,OUT,0.1670615,0.028206045,0.005003973,0.027851863,0.06856411,0.26293215,0.011845082,0.4285353
4,7,BB,OUT,0.17712793,0.028172735,0.0032896437,0.014644229,0.08549269,0.26804835,0.03196726,0.39125723
5,7,SO,OUT,0.22082731,0.024423836,0.004755004,0.01940713,0.118357375,0.28275505,0.01365781,0.3158165
7,5,OUT,SO,0.17824142,0.020018011,0.0038025298,0.030754892,0.04985287,0.4668123,0.02026415,0.23025385
7,7,OUT,OUT,0.2805584,0.028904729,0.003189936,0.028821433,0.07928775,0.26541898,0.008923443,0.30489528
5,7,SO,OUT,0.105657704,0.028921619,0.0043765083,0.013895536,0.077521555,0.29233626,0.01245703,0.4648338
4,7,BB,OUT,0.1359076,0.032273497,0.0051759896,0.011834971,0.12608823,0.2508997,0.011214161,0.42660582
7,7,OUT,OUT,0.24844454,0.03653019,0.005988081,0.0095839,0.053215057,0.15033805,0.008154312,0.48774585
1,7,DOUBLE,OUT,0.18900223,0.03706458,0.00510401,0.015488778,0.121687405,0.16038916,0.0064719445,0.4647919
5,7,SO,OUT,0.16735773,0.028966045,0.0101054385,0.008541044,0.07928613,0.17319289,0.0076238285,0.5249269
5,7,SO,OUT,0.120483086,0.018061606,0.0052280957,0.015671074,0.077226914,0.19184934,0.014372034,0.5571078
4,7,BB,OUT,0.15015769,0.041907277,0.006167931,0.0088495435,0.08051226,0.32716092,0.016104793,0.3691397
5,7,SO,OUT,0.18887405,0.041495197,0.005012138,0.016132632,0.08658311,0.3109006,0.013441005,0.3375613
7,7,OUT,OUT,0.1743001,0.031169217,0.00620064,0.018120458,0.07738081,0.26679587,0.013645506,0.4123875
7,7,OUT,OUT,0.14125776,0.03751448,0.0046546147,0.016025858,0.08105457,0.19081926,0.0055785035,0.52309495
5,7,SO,OUT,0.24580127,0.03842454,0.005617527,0.014003201,0.114126876,0.18212463,0.007958559,0.3919434
0,7,SINGLE,OUT,0.1251051,0.024588862,0.004003172,0.017940398,0.048812218,0.09563981,0.009182768,0.6747276
7,7,OUT,OUT,0.17139411,0.05677106,0.0047983853,0.014389549,0.087031275,0.18519713,0.0149171,0.46550146
0,7,SINGLE,OUT,0.17834441,0.03310214,0.0033747808,0.015828077,0.055540517,0.1933894,0.007469139,0.5129515
7,7,OUT,OUT,0.1571257,0.033518735,0.0040208474,0.015957698,0.07418627,0.21731167,0.005994637,0.4918845
7,7,OUT,OUT,0.19443458,0.04192785,0.002456712,0.01173238,0.1450386,0.14230874,0.008316917,0.45378417
5,7,SO,OUT,0.12453022,0.018863942,0.0039280746,0.012225811,0.121765144,0.15383759,0.0072742603,0.557575
7,7,OUT,OUT,0.12922528,0.03260021,0.0051553803,0.012198742,0.09299089,0.21917942,0.01337327,0.49527678
0,7,SINGLE,OUT,0.16864909,0.028053988,0.0044394364,0.016725361,0.12783778,0.15701647,0.0103263445,0.48695147
0,7,SINGLE,OUT,0.21022588,0.033114888,0.004301815,0.010666093,0.05591716,0.16419217,0.006942151,0.5146399
7,7,OUT,OUT,0.24783266,0.014924321,0.0060124486,0.009783083,0.050926767,0.12628725,0.009286734,0.53494674
7,7,OUT,OUT,0.13249214,0.02363815,0.0039891414,0.011470773,0.056374848,0.28188762,0.009226919,0.4809204
5,7,SO,OUT,0.17621146,0.034767997,0.009860733,0.014786998,0.082186155,0.23274344,0.009610481,0.4398327
5,7,SO,OUT,0.14647219,0.022511726,0.004601032,0.01696578,0.09961033,0.18967532,0.009726322,0.5104373
5,7,SO,OUT,0.114841804,0.030274501,0.0026283006,0.023676474,0.0717889,0.31191406,0.011609382,0.4332666
5,7,SO,OUT,0.25096127,0.036764976,0.0058507402,0.016801767,0.110212274,0.15398626,0.00810317,0.4173195
7,7,OUT,OUT,0.20260182,0.033470426,0.0023200999,0.016876332,0.06876999,0.19892156,0.008120402,0.4689194
4,7,BB,OUT,0.22885899,0.050107274,0.0041350946,0.015495354,0.11333821,0.19259341,0.0038660862,0.3916056
7,7,OUT,OUT,0.16058621,0.03937445,0.0042548724,0.014358237,0.079727896,0.19073185,0.009531421,0.501435
7,7,OUT,OUT,0.20505439,0.021117618,0.0053760656,0.007071683,0.100021705,0.21985121,0.006391573,0.43511572
5,7,SO,OUT,0.20622343,0.02818719,0.0067931935,0.010931831,0.078342825,0.19261393,0.0074191326,0.46948844
4,7,BB,OUT,0.18775928,0.04641984,0.0032904984,0.007795368,0.20933892,0.13306732,0.0110958405,0.4012329
1,7,DOUBLE,OUT,0.18492417,0.05045914,0.008976144,0.010214778,0.13580003,0.1830528,0.0039654453,0.42260748
5,7,SO,OUT,0.17443909,0.026425308,0.0033367435,0.01295842,0.05600024,0.20124282,0.0061491067,0.5194483
7,7,OUT,OUT,0.19019508,0.046589106,0.004607509,0.011003429,0.11753644,0.13357662,0.008451826,0.48804006
7,7,OUT,OUT,0.23599564,0.02628522,0.0059307967,0.012341295,0.047678374,0.11634807,0.0063823946,0.5490382
7,7,OUT,OUT,0.1467196,0.01459315,0.0058783754,0.006845378,0.04689584,0.22846703,0.0067001716,0.5439005
5,7,SO,OUT,0.20404373,0.025094556,0.0056057023,0.00741626,0.054899685,0.22473294,0.004751814,0.47345528
5,7,SO,OUT,0.13271028,0.026185848,0.004794471,0.008124207,0.053192142,0.30078617,0.004849025,0.46935794
7,7,OUT,OUT,0.1637325,0.043802172,0.004083496,0.01575826,0.03197623,0.15016744,0.008430307,0.58204967
5,7,SO,OUT,0.20587265,0.037957083,0.0049621644,0.020902593,0.083971374,0.22176665,0.010460945,0.4141065
5,7,SO,OUT,0.14681928,0.031520095,0.0035955308,0.0127269905,0.033907015,0.17882846,0.007863396,0.5847393
0,7,SINGLE,OUT,0.13222894,0.03180021,0.002284167,0.018644601,0.15173537,0.18758132,0.009579299,0.46614608
7,7,OUT,OUT,0.19232973,0.046393115,0.004763434,0.012869048,0.08194351,0.13677147,0.01013492,0.5147947
5,7,SO,OUT,0.1474218,0.044906918,0.0024762524,0.016164359,0.11261129,0.15970385,0.0054274895,0.51128805
5,7,SO,OUT,0.12723973,0.042430136,0.0037941923,0.019399518,0.071250565,0.2800454,0.008527739,0.44731274
5,7,SO,OUT,0.19389139,0.026778135,0.005965789,0.013583952,0.08680613,0.15919681,0.0069446964,0.50683314
7,7,OUT,OUT,0.18683748,0.03539807,0.0043770075,0.015839007,0.05389786,0.16915154,0.008470785,0.5260282
5,7,SO,OUT,0.107058875,0.033412527,0.0028371539,0.013724219,0.05284297,0.15332584,0.00791713,0.6288813
7,7,OUT,OUT,0.13596733,0.039413843,0.0023476875,0.01651493,0.04441264,0.1993891,0.008323791,0.5536307
7,7,OUT,OUT,0.26403245,0.03664764,0.0032027375,0.019180987,0.12316834,0.16947876,0.0069498788,0.37733927
6,7,HBP,OUT,0.15871483,0.036567967,0.003344382,0.011484288,0.08264623,0.13487217,0.008018342,0.56435186
5,7,SO,OUT,0.13776553,0.02919735,0.0047190455,0.02065105,0.04070498,0.20424542,0.0051964633,0.55752015
7,7,OUT,OUT,0.09073296,0.025974557,0.002978635,0.014465779,0.057054438,0.21193258,0.010604782,0.5862563
7,7,OUT,OUT,0.20365088,0.0408426,0.0042437417,0.02443597,0.06233331,0.12873775,0.015591075,0.52016467
0,7,SINGLE,OUT,0.17495291,0.024676044,0.005977591,0.02557618,0.042949233,0.13642485,0.007925375,0.58151776
7,7,OUT,OUT,0.11028358,0.04295308,0.0020519316,0.01062866,0.07330662,0.16859919,0.008072879,0.58410406
0,7,SINGLE,OUT,0.13292882,0.035906132,0.003882878,0.010352223,0.033359222,0.15288258,0.008988195,0.6217
7,7,OUT,OUT,0.16810149,0.02358524,0.009540274,0.016182976,0.0840481,0.21920545,0.008081123,0.4712554
5,7,SO,OUT,0.1645922,0.033519417,0.0024755287,0.014617401,0.14865127,0.12480573,0.012299617,0.49903888
7,7,OUT,OUT,0.17835908,0.06545925,0.004405381,0.012944394,0.078076884,0.08566608,0.010584004,0.56450486
0,7,SINGLE,OUT,0.18533689,0.051721197,0.003131437,0.013852158,0.136759,0.1281032,0.010197103,0.47089902
0,7,SINGLE,OUT,0.22647901,0.04611441,0.0041206703,0.020871095,0.080169685,0.1495012,0.008290729,0.4644532
0,7,SINGLE,OUT,0.18450643,0.035076585,0.004922424,0.013779259,0.06710716,0.16287312,0.008037184,0.52369785
7,7,OUT,OUT,0.11429655,0.050815355,0.0028884704,0.012199201,0.06461999,0.2567215,0.012967991,0.48549095
7,7,OUT,OUT,0.16370347,0.037029345,0.0039505023,0.03060076,0.043761525,0.15285334,0.010374028,0.5577271
0,7,SINGLE,OUT,0.1400263,0.022127021,0.0035870099,0.011334532,0.03987708,0.22149265,0.004686179,0.5568692
0,7,SINGLE,OUT,0.15239312,0.028605292,0.0025169258,0.021571124,0.05941458,0.17336357,0.007469377,0.5546661
7,7,OUT,OUT,0.15042089,0.04959641,0.006165668,0.014023432,0.03728076,0.20017524,0.009976824,0.53236073
5,7,SO,OUT,0.15803896,0.028779322,0.0046910057,0.021453131,0.057151914,0.20494708,0.0032723274,0.5216662
7,7,OUT,OUT,0.22088063,0.048735984,0.003971569,0.020371223,0.082693264,0.16929893,0.006236448,0.4478119
7,7,OUT,OUT,0.20151903,0.05142701,0.0049914857,0.019069305,0.037293307,0.16497077,0.005704328,0.5150247
7,7,OUT,OUT,0.14893118,0.021152416,0.004043961,0.006869772,0.06962329,0.17772757,0.010362679,0.56128913
0,7,SINGLE,OUT,0.101039864,0.028991139,0.0041785096,0.012730133,0.0593237,0.20102777,0.010731943,0.58197695
7,7,OUT,OUT,0.17217022,0.042567924,0.0036366244,0.012985966,0.050936654,0.16495857,0.008533222,0.5442108
7,7,OUT,OUT,0.11772703,0.0652427,0.0039244234,0.017477956,0.07416305,0.16132967,0.015111918,0.54502326
7,7,OUT,OUT,0.15606095,0.051137276,0.0028790208,0.02357864,0.09688106,0.17095624,0.011751783,0.48675492
7,7,OUT,OUT,0.19341256,0.061916955,0.0061107245,0.02257845,0.060926028,0.121405974,0.013339551,0.5203097
0,7,SINGLE,OUT,0.21299823,0.06297903,0.0050631175,0.030253517,0.07000885,0.105595805,0.009348677,0.5037528
0,7,SINGLE,OUT,0.17833191,0.04216658,0.005950216,0.011950995,0.049913906,0.097112775,0.004832369,0.6097413
5,7,SO,OUT,0.12581058,0.029026851,0.0018290012,0.020281332,0.05584292,0.17022853,0.005770154,0.59121066
4,7,BB,OUT,0.12631145,0.05203512,0.0024177758,0.018902436,0.05943185,0.20747094,0.0067736907,0.5266567
7,7,OUT,OUT,0.15985446,0.03815076,0.006960991,0.012130621,0.044009577,0.11982462,0.010147905,0.6089211
5,7,SO,OUT,0.14511588,0.054347463,0.002570765,0.036775317,0.095822364,0.23984085,0.0064045647,0.41912276
5,7,SO,OUT,0.1036255,0.023864055,0.004015067,0.014309337,0.053695213,0.3088488,0.010563831,0.48107827
7,7,OUT,OUT,0.20593724,0.028752139,0.0065479646,0.01240854,0.09540615,0.1911991,0.005014276,0.45473453
7,7,OUT,OUT,0.1830535,0.040457726,0.0034538002,0.019084333,0.05256641,0.1992839,0.008395445,0.49370494
4,7,BB,OUT,0.12836318,0.030992959,0.0044195657,0.02043187,0.058811218,0.21971418,0.007150693,0.5301163
7,7,OUT,OUT,0.1698356,0.019882567,0.003534461,0.01631286,0.08267037,0.20663491,0.0062016225,0.4949276
7,7,OUT,OUT,0.15475158,0.040287707,0.006564412,0.03739419,0.08204298,0.14646146,0.018435605,0.51406205
7,7,OUT,OUT,0.1677841,0.031628974,0.0044173803,0.013315216,0.07804279,0.13038187,0.0064440854,0.5679856
7,7,OUT,OUT,0.15872206,0.015568045,0.0029113577,0.011115905,0.04061214,0.23218344,0.013701945,0.5251851
5,7,SO,OUT,0.11204212,0.02517198,0.002097895,0.016790053,0.03501562,0.19369067,0.006020725,0.609171
0,7,SINGLE,OUT,0.17463621,0.022103848,0.006609331,0.012178404,0.054655295,0.19788505,0.009115111,0.5228167
7,7,OUT,OUT,0.18401745,0.049588844,0.005520385,0.009630069,0.052166093,0.13138321,0.008921639,0.55877227
4,7,BB,OUT,0.1951705,0.03639035,0.0069052535,0.011793015,0.05643081,0.10720624,0.0066059413,0.57949793
4,7,BB,OUT,0.23844619,0.074664086,0.0052401754,0.019565392,0.12463342,0.15162277,0.012235903,0.37359205
1,7,DOUBLE,OUT,0.16820638,0.034186356,0.0048228353,0.017412534,0.05202811,0.17451295,0.005269184,0.54356164
5,7,SO,OUT,0.06387382,0.029513083,0.0026666643,0.009262617,0.028461065,0.3374819,0.007278736,0.52146214
5,7,SO,OUT,0.13912867,0.049269423,0.002149849,0.012550895,0.10477668,0.13879494,0.009728756,0.54360074
0,7,SINGLE,OUT,0.15398751,0.04306068,0.0063235434,0.006191874,0.06436439,0.12498771,0.0077701537,0.5933141
5,7,SO,OUT,0.11168984,0.03337752,0.0019430438,0.014526965,0.037483104,0.18220854,0.007119292,0.6116517
7,7,OUT,OUT,0.18953016,0.041347545,0.004653868,0.016242005,0.04387244,0.20804729,0.0065037776,0.48980293
7,7,OUT,OUT,0.18261683,0.051037833,0.0045109456,0.023636712,0.07511796,0.11988173,0.016580708,0.5266173
0,7,SINGLE,OUT,0.20043328,0.040811714,0.0051792334,0.008539943,0.07292089,0.100412495,0.006763038,0.5649394
7,7,OUT,OUT,0.16906548,0.013830452,0.004930295,0.007293751,0.08679892,0.20045613,0.0063900794,0.5112349
7,7,OUT,OUT,0.13339706,0.03680846,0.0039797444,0.009412193,0.07970751,0.15382925,0.008755275,0.5741105
5,7,SO,OUT,0.09452196,0.031008873,0.0031869996,0.009568293,0.050379287,0.2532238,0.006249997,0.55186075
7,7,OUT,OUT,0.1560822,0.025798006,0.004021641,0.01385338,0.038595382,0.20519625,0.005152948,0.55130017
5,7,SO,OUT,0.22107446,0.033131123,0.0056356657,0.017238058,0.054491423,0.2264155,0.009144667,0.43286908
7,7,OUT,OUT,0.19927843,0.035201978,0.005982279,0.016246801,0.042203087,0.15849562,0.004429203,0.5381626
5,7,SO,OUT,0.14581037,0.037294667,0.0016544987,0.021736024,0.06773951,0.24587812,0.0081243,0.47176245
5,7,SO,OUT,0.18219206,0.031671677,0.0025442997,0.017515862,0.07620178,0.1584119,0.007175723,0.5242867
7,7,OUT,OUT,0.116948,0.043651957,0.0015470058,0.013767789,0.081323266,0.16099612,0.0055424375,0.57622343
7,7,OUT,OUT,0.2186812,0.038327046,0.0051051965,0.012798803,0.04256284,0.16709204,0.0057012253,0.5097316
5,7,SO,OUT,0.12226976,0.052566227,0.0047056754,0.011907845,0.08201914,0.17077188,0.014349959,0.5414095
7,7,OUT,OUT,0.14257686,0.05334345,0.0037273818,0.018582607,0.1106309,0.20917103,0.012471142,0.44949666
7,7,OUT,OUT,0.23182671,0.036564246,0.00550441,0.015499469,0.05721794,0.13286063,0.01680385,0.50372285
0,7,SINGLE,OUT,0.20710494,0.07860888,0.0051112017,0.028356476,0.05757584,0.12958868,0.013634682,0.4800193
7,7,OUT,OUT,0.06424791,0.02504459,0.002364198,0.009933738,0.029343646,0.36063394,0.0069048484,0.5015271
7,7,OUT,OUT,0.19520181,0.05062957,0.006378526,0.01472576,0.08845342,0.09725861,0.015136283,0.53221595
5,7,SO,OUT,0.13743635,0.022914942,0.0022972582,0.013508317,0.04042072,0.2485205,0.008942457,0.5259595
5,5,SO,SO,0.19791427,0.046572592,0.004266355,0.019444061,0.08395655,0.33962944,0.011682492,0.29653424
0,7,SINGLE,OUT,0.15164176,0.02728522,0.007225369,0.0126075,0.076395854,0.122433014,0.007698891,0.5947124
7,7,OUT,OUT,0.26850078,0.056549974,0.0031097634,0.02839548,0.06308995,0.10155702,0.009662047,0.46913508
3,7,HR,OUT,0.17429818,0.033620313,0.0051866462,0.023208022,0.049568933,0.1500272,0.008472808,0.5556179
7,7,OUT,OUT,0.11922253,0.030575562,0.0057650157,0.0101751685,0.037928127,0.27485132,0.005557735,0.5159245
7,7,OUT,OUT,0.15872833,0.03988802,0.0032334835,0.013784879,0.033118654,0.17440483,0.010801714,0.5660401
5,7,SO,OUT,0.14641249,0.042523947,0.0054943906,0.014763823,0.056661848,0.17723867,0.0066345828,0.5502702
5,7,SO,OUT,0.15463583,0.021677619,0.0038542396,0.013913893,0.030340126,0.33275604,0.005445916,0.43737638
7,7,OUT,OUT,0.17013639,0.05449397,0.0045339763,0.017540032,0.026473755,0.21412195,0.0071453853,0.5055545
7,7,OUT,OUT,0.22447668,0.026226074,0.0057803895,0.02055994,0.04107891,0.13464822,0.0035382493,0.5436915
5,7,SO,OUT,0.08773362,0.032729015,0.0024314167,0.03901453,0.05478991,0.35615247,0.010837041,0.41631207
5,7,SO,OUT,0.1715589,0.06418755,0.0029768394,0.023554206,0.053722966,0.14896293,0.007814071,0.5272226
7,7,OUT,OUT,0.233399,0.04717103,0.0041881995,0.028587528,0.076017,0.1412567,0.0060808193,0.46329975
3,7,HR,OUT,0.1342341,0.038028024,0.0024330444,0.046756215,0.057121586,0.18536785,0.018049061,0.51801
7,7,OUT,OUT,0.14031434,0.034173805,0.0020049985,0.017397901,0.05311218,0.17913568,0.0056310217,0.56823003
7,7,OUT,OUT,0.17222992,0.04383352,0.0028933145,0.02245117,0.054109383,0.20412925,0.0078076413,0.49254575
7,7,OUT,OUT,0.17286418,0.027494911,0.0026898864,0.028111195,0.043924328,0.16121611,0.005548923,0.55815053
7,7,OUT,OUT,0.17103063,0.04797244,0.0038146977,0.015535223,0.08644101,0.15677334,0.0060042613,0.5124284
7,7,OUT,OUT,0.16594744,0.040432144,0.0028527847,0.029514793,0.07479635,0.29730788,0.013074033,0.3760745
7,7,OUT,OUT,0.16663343,0.038489617,0.0038332408,0.020104129,0.05968224,0.16136762,0.007588355,0.54230136
7,7,OUT,OUT,0.21639933,0.022143139,0.002613435,0.014593143,0.063653894,0.08192378,0.009944752,0.58872855
0,7,SINGLE,OUT,0.18053007,0.051490575,0.003447958,0.033614703,0.046479236,0.17611934,0.011309498,0.49700862
7,7,OUT,OUT,0.16066931,0.030483058,0.004208943,0.018562198,0.039856754,0.14182808,0.007104235,0.5972874
7,7,OUT,OUT,0.16833054,0.029576791,0.006906372,0.010480449,0.04377311,0.19182995,0.010547733,0.5385551
5,7,SO,OUT,0.19213766,0.027133267,0.0042876797,0.019582234,0.053203538,0.16070235,0.0058283946,0.5371249
0,7,SINGLE,OUT,0.1456647,0.035135932,0.0042672083,0.014943155,0.06090178,0.21031854,0.007601052,0.52116764
7,7,OUT,OUT,0.10820929,0.023775607,0.0031225248,0.018457113,0.0425945,0.22586696,0.007227344,0.57074666
0,7,SINGLE,OUT,0.22240613,0.044687275,0.0047548646,0.015026903,0.059207875,0.11410227,0.009404977,0.53040963
7,7,OUT,OUT,0.18162914,0.036274217,0.0072660516,0.027009422,0.097298004,0.18407992,0.008866472,0.45757678
7,7,OUT,OUT,0.13493349,0.042848457,0.0024208536,0.032857705,0.07653778,0.25267503,0.010986463,0.44674015
7,7,OUT,OUT,0.18654074,0.02984455,0.0036559994,0.023869447,0.08344912,0.21192144,0.006007767,0.45471087
7,7,OUT,OUT,0.1932024,0.022022836,0.0060590296,0.0154009955,0.058188543,0.14797437,0.004725897,0.5524259
7,5,OUT,SO,0.08517408,0.030843446,0.0018113449,0.03130734,0.044192784,0.4006921,0.009709107,0.3962698
7,7,OUT,OUT,0.13935679,0.03243035,0.0032633143,0.019515393,0.05265635,0.2081766,0.0110672945,0.53353393
4,7,BB,OUT,0.22701669,0.03957326,0.0029755447,0.02565582,0.0699152,0.19806418,0.006098083,0.4307012
7,7,OUT,OUT,0.15463181,0.061742976,0.0022182274,0.048812818,0.07817054,0.17870724,0.012738913,0.4629775
7,7,OUT,OUT,0.18233508,0.02285367,0.0044469377,0.013964381,0.058499366,0.28651032,0.009160952,0.42222926
7,7,OUT,OUT,0.20676817,0.031715948,0.005608455,0.028002629,0.07041386,0.18067802,0.012808815,0.46400422
7,7,OUT,OUT,0.15351167,0.0278772,0.0059434874,0.022172108,0.043058604,0.22178513,0.007198228,0.5184536
7,7,OUT,OUT,0.1362136,0.03631868,0.003257104,0.0124886315,0.09879305,0.15499823,0.006544046,0.5513867
7,7,OUT,OUT,0.14430009,0.05339944,0.0029248195,0.029753737,0.09140544,0.27196428,0.0093604885,0.3968918
7,7,OUT,OUT,0.14539708,0.033321705,0.0046585826,0.024992459,0.08533221,0.16954693,0.007305744,0.52944523
7,7,OUT,OUT,0.12228481,0.033016782,0.0030367833,0.010400413,0.041809767,0.2622217,0.0067622904,0.52046746
7,7,OUT,OUT,0.22718169,0.020855993,0.006763805,0.011019208,0.06509389,0.12447986,0.0042392137,0.54036623
7,7,OUT,OUT,0.12693186,0.026616983,0.0025514024,0.013368615,0.037803255,0.1612943,0.0056686364,0.62576497
5,7,SO,OUT,0.09122755,0.040535096,0.005173698,0.006498753,0.029465318,0.21198714,0.0070323646,0.6080801
0,7,SINGLE,OUT,0.083014086,0.026967382,0.00282663,0.009168799,0.055523068,0.20759559,0.0077982666,0.60710615
6,7,HBP,OUT,0.07611218,0.027112784,0.0021504774,0.024764687,0.05533613,0.33539686,0.010914944,0.4682119
0,7,SINGLE,OUT,0.11823657,0.023957571,0.0026559136,0.014756165,0.050178498,0.20952949,0.016738372,0.56394744
7,7,OUT,OUT,0.16054425,0.03287886,0.0035855696,0.017555876,0.072318144,0.1618196,0.007788423,0.54350936
7,7,OUT,OUT,0.12411361,0.080136605,0.0023829222,0.03495699,0.1250081,0.1458629,0.023678781,0.46386012
0,7,SINGLE,OUT,0.13185576,0.03364531,0.0026728804,0.021265965,0.048433956,0.26080272,0.009973122,0.49135032
7,7,OUT,OUT,0.1451489,0.028085064,0.00725336,0.008250811,0.058230165,0.17116854,0.01050554,0.5713576
5,7,SO,OUT,0.11124654,0.03142807,0.0038794384,0.026480338,0.0352972,0.3442218,0.009097643,0.438349
7,7,OUT,OUT,0.14925241,0.0328202,0.0025612114,0.016594995,0.07949743,0.19292052,0.011953327,0.51439995
5,7,SO,OUT,0.191528,0.020005764,0.0039249803,0.0056120963,0.059279975,0.19315712,0.0096888505,0.51680326
7,7,OUT,OUT,0.13219735,0.03367776,0.0056072297,0.010545684,0.051113967,0.15762009,0.0040369495,0.60520095
7,7,OUT,OUT,0.19661595,0.03324375,0.0044461745,0.0078077903,0.06419151,0.13253269,0.007576318,0.5535858
3,7,HR,OUT,0.16733998,0.023736529,0.0030799748,0.011301052,0.095311835,0.17026813,0.0056398367,0.52332264
5,7,SO,OUT,0.1444244,0.03898748,0.008567436,0.022385884,0.08110761,0.19100429,0.011197632,0.50232536
0,7,SINGLE,OUT,0.20731795,0.03765865,0.00461544,0.008639627,0.06475846,0.11893388,0.011597414,0.5464786
7,7,OUT,OUT,0.1330291,0.018733412,0.0036409071,0.01156967,0.05473698,0.26816216,0.0037471934,0.5063806
7,7,OUT,OUT,0.20113139,0.031004477,0.0043074004,0.015328213,0.09987482,0.1839289,0.0050509567,0.4593739
3,7,HR,OUT,0.19454494,0.029736724,0.0036017175,0.016303351,0.10486915,0.16254395,0.005644408,0.4827557
5,7,SO,OUT,0.14348522,0.026057057,0.006517909,0.027613537,0.06404842,0.24741179,0.005078472,0.47978765
7,7,OUT,OUT,0.103025384,0.022218125,0.0038879695,0.012633915,0.028860973,0.35701087,0.0054199374,0.46694276
7,7,OUT,OUT,0.17027822,0.02968098,0.0057452186,0.01093193,0.09512384,0.2052247,0.005460711,0.47755435
7,7,OUT,OUT,0.16326769,0.02661429,0.0035398917,0.009955358,0.061989393,0.18989028,0.006890202,0.53785294
7,7,OUT,OUT,0.12522742,0.02623261,0.0042173886,0.017904267,0.08516557,0.18791111,0.009077831,0.54426384
7,7,OUT,OUT,0.19642274,0.019188866,0.00565584,0.006857146,0.07334197,0.1650819,0.005151737,0.52829987
7,7,OUT,OUT,0.20433812,0.017013462,0.0050435625,0.007714781,0.055007357,0.16632959,0.0051112524,0.5394419
7,7,OUT,OUT,0.13289593,0.02952188,0.0066689057,0.009616371,0.11781185,0.18815146,0.007084854,0.50824875
0,7,SINGLE,OUT,0.14670627,0.032352608,0.0069574593,0.013860247,0.069722466,0.15404034,0.009242089,0.5671185
4,7,BB,OUT,0.190946,0.02809681,0.0043395297,0.01149398,0.05353144,0.16534533,0.007998674,0.5382482
7,7,OUT,OUT,0.21463937,0.050572857,0.0037578417,0.023835773,0.1325037,0.14994915,0.007538291,0.41720304
7,7,OUT,OUT,0.10552495,0.0440219,0.0054116347,0.036758557,0.060894594,0.25471637,0.0063205487,0.48635137
5,7,SO,OUT,0.11461442,0.01777071,0.004209473,0.011744401,0.053515546,0.29404327,0.005666707,0.4984354
7,7,OUT,OUT,0.18849517,0.02182667,0.004506451,0.016767897,0.05735669,0.19416139,0.007209245,0.50967646
5,7,SO,OUT,0.116139166,0.023120971,0.0015505652,0.009796201,0.053563047,0.38798094,0.010156438,0.39769268
7,7,OUT,OUT,0.1346905,0.018621543,0.002504656,0.00967918,0.041337017,0.20066683,0.0029976936,0.58950263
7,7,OUT,OUT,0.1265414,0.028788859,0.00475978,0.0075539504,0.05625096,0.21340375,0.003539407,0.55916196
4,7,BB,OUT,0.17453533,0.025860377,0.003802508,0.01585832,0.038027022,0.17967603,0.0066371714,0.55560327
0,7,SINGLE,OUT,0.099814236,0.031925917,0.0023293055,0.016149623,0.0704028,0.18206678,0.013700368,0.583611
7,7,OUT,OUT,0.13155937,0.027858205,0.0015072175,0.01220021,0.073200606,0.18433587,0.0058442564,0.5634943
5,7,SO,OUT,0.15588357,0.037174597,0.0031603358,0.019869559,0.08099149,0.15299441,0.01042544,0.5395006
0,7,SINGLE,OUT,0.15950723,0.042729583,0.004875202,0.017411083,0.0809231,0.18958409,0.01078004,0.49418962
6,7,HBP,OUT,0.13124478,0.040137522,0.0017230826,0.042789336,0.09453344,0.16397998,0.009760262,0.5158316
7,7,OUT,OUT,0.18194692,0.039271727,0.0029970778,0.045179106,0.07856834,0.18537113,0.011766561,0.45489916
4,7,BB,OUT,0.090226896,0.044549946,0.0023643589,0.053948354,0.055754058,0.26195043,0.0125906095,0.4786154
5,7,SO,OUT,0.11191798,0.027246134,0.003409948,0.017122267,0.03525125,0.21464485,0.0051100436,0.5852976
5,7,SO,OUT,0.1445664,0.033011883,0.003660212,0.01592644,0.052812804,0.2132679,0.0049269767,0.5318274
7,7,OUT,OUT,0.11321582,0.03876993,0.0031256357,0.019378075,0.044254664,0.21283172,0.007095646,0.5613285
5,7,SO,OUT,0.09974778,0.038098354,0.0018021447,0.018205,0.06470722,0.15842114,0.005056414,0.61396194
5,7,SO,OUT,0.13385874,0.04348891,0.0028443064,0.034386255,0.0786039,0.16018897,0.014497056,0.5321319
0,7,SINGLE,OUT,0.122579336,0.03833856,0.0023618997,0.029352244,0.09999062,0.22777815,0.017453633,0.46214548
7,7,OUT,OUT,0.18331127,0.048497956,0.00333706,0.048529036,0.12810312,0.18974051,0.014293979,0.38418707
1,7,DOUBLE,OUT,0.10488872,0.04427635,0.0029772196,0.05241426,0.06581278,0.23383333,0.011543591,0.48425367
7,7,OUT,OUT,0.12995254,0.028131632,0.0025238069,0.0117778145,0.04596565,0.18682572,0.013027338,0.5817955
4,7,BB,OUT,0.09183791,0.02647853,0.0019595264,0.02538657,0.046389177,0.30455163,0.010409353,0.49298725
0,7,SINGLE,OUT,0.10624676,0.035875067,0.0037960897,0.026341178,0.048684776,0.32771525,0.006228796,0.4451121
7,7,OUT,OUT,0.14517693,0.04805388,0.008564332,0.014243346,0.042166922,0.16524033,0.010394635,0.5661596
7,7,OUT,OUT,0.14247887,0.045409102,0.00501066,0.017242922,0.033091653,0.18801628,0.010425827,0.55832475
5,5,SO,SO,0.11198227,0.034658104,0.0041584074,0.028233407,0.08221117,0.37977082,0.004398815,0.354587
7,7,OUT,OUT,0.18822306,0.030633448,0.0033666333,0.016780978,0.101040214,0.22091138,0.006369192,0.4326751
5,7,SO,OUT,0.17394361,0.0233549,0.0031150877,0.0065859733,0.06567653,0.19248538,0.0043341797,0.53050435
5,7,SO,OUT,0.19492681,0.033844333,0.0048174756,0.011497179,0.09102229,0.19095404,0.0049012937,0.46803656
7,7,OUT,OUT,0.10153245,0.032575965,0.003834883,0.007495105,0.049623847,0.34664172,0.010582506,0.4477135
7,7,OUT,OUT,0.18051423,0.03207453,0.0027647268,0.011164082,0.062552474,0.28835663,0.008382878,0.41419047
0,7,SINGLE,OUT,0.15213738,0.03268609,0.0019782363,0.018398443,0.07835092,0.26610103,0.0058330954,0.4445148
0,7,SINGLE,OUT,0.134747,0.023592422,0.0037094005,0.025019027,0.061635684,0.18224196,0.010424311,0.5586302
5,7,SO,OUT,0.16690476,0.02104781,0.0037177154,0.008263815,0.05970101,0.13892063,0.005306416,0.5961378
7,7,OUT,OUT,0.17316923,0.017262464,0.0022480374,0.010029511,0.058394697,0.15422578,0.006137194,0.5785332
7,7,OUT,OUT,0.21031113,0.026118709,0.004501018,0.01037119,0.078160405,0.14894828,0.015740639,0.50584865
5,7,SO,OUT,0.1534214,0.027114205,0.0032520462,0.014711563,0.045225803,0.19389707,0.0102182,0.5521597
7,7,OUT,OUT,0.1347883,0.022256022,0.0047177104,0.0048077917,0.09344258,0.27173468,0.005849065,0.4624038
5,7,SO,OUT,0.13207857,0.04158649,0.0051269294,0.019200662,0.051583387,0.3089617,0.0129687,0.4284936
1,7,DOUBLE,OUT,0.17283282,0.029397255,0.0026942848,0.020574484,0.08270087,0.23474428,0.0086951945,0.4483609
5,7,SO,OUT,0.19723286,0.032584995,0.00261556,0.017949296,0.095237836,0.21541291,0.0058906847,0.43307585
7,7,OUT,OUT,0.12992448,0.043939307,0.0034626888,0.013191025,0.09154638,0.22153932,0.012432721,0.48396406
7,7,OUT,OUT,0.15394977,0.051627945,0.0031014886,0.022723509,0.17149188,0.25622985,0.012600738,0.32827476
7,7,OUT,OUT,0.09634215,0.025733892,0.0029409032,0.025361922,0.04289624,0.29809356,0.0057618404,0.5028695
5,7,SO,OUT,0.1969872,0.02628659,0.004963268,0.018110797,0.057422988,0.16238059,0.010345913,0.5235027
0,7,SINGLE,OUT,0.27947268,0.022512084,0.010016146,0.0071139047,0.078449376,0.14152257,0.00857796,0.45233527
0,7,SINGLE,OUT,0.24157652,0.03970077,0.007558684,0.0077106403,0.11962761,0.15407126,0.00938244,0.42037207
7,7,OUT,OUT,0.16368473,0.031262215,0.006268722,0.005151329,0.06200882,0.2080211,0.007010399,0.5165926
7,7,OUT,OUT,0.2598566,0.028925058,0.0035220073,0.011873721,0.07135268,0.09944517,0.009192416,0.5158323
7,7,OUT,OUT,0.11447672,0.014434927,0.002680511,0.0068382663,0.044306442,0.22576612,0.006536099,0.58496094
7,7,OUT,OUT,0.13159528,0.017591799,0.0037769526,0.011813135,0.06978187,0.20217581,0.008290718,0.55497444
4,7,BB,OUT,0.17127147,0.018129598,0.0033856865,0.015251773,0.05837933,0.25052452,0.007237139,0.47582057
5,7,SO,OUT,0.15358382,0.033893608,0.005434442,0.017018847,0.06510664,0.16353534,0.015303745,0.5461235
0,7,SINGLE,OUT,0.14751181,0.021284873,0.0021297508,0.012527322,0.048152793,0.25541404,0.00580768,0.5071717
0,7,SINGLE,OUT,0.1683912,0.024177395,0.005060678,0.0097013395,0.07661277,0.12378918,0.0066833515,0.585584
5,7,SO,OUT,0.10354756,0.020977676,0.0034260629,0.010246328,0.07307885,0.23032074,0.006790692,0.5516121
0,7,SINGLE,OUT,0.23733678,0.031747878,0.0059392173,0.0041047777,0.10001011,0.17361476,0.010935129,0.43631133
4,7,BB,OUT,0.15091036,0.033399772,0.0026029083,0.025493674,0.059046876,0.23602895,0.007678445,0.48483908
5,7,SO,OUT,0.08701187,0.038651075,0.002922033,0.020447956,0.05032018,0.30385008,0.0067847525,0.49001208
5,7,SO,OUT,0.1963093,0.028922856,0.0047122687,0.009492474,0.03928447,0.09941248,0.010092561,0.6117736
5,7,SO,OUT,0.15139455,0.02273868,0.004436694,0.011256793,0.07051016,0.23934944,0.004876046,0.49543756
7,7,OUT,OUT,0.18869701,0.046851825,0.004485571,0.013371505,0.05821446,0.13061845,0.009335404,0.5484258
0,7,SINGLE,OUT,0.14507028,0.025590343,0.003138728,0.0124292215,0.04979043,0.17771287,0.008906519,0.5773616
7,7,OUT,OUT,0.13463382,0.017946713,0.00291455,0.011323927,0.08038167,0.29076052,0.0051215305,0.45691738
5,7,SO,OUT,0.1855174,0.036624674,0.0036200054,0.019309172,0.07850207,0.20874079,0.0070130243,0.46067297
7,7,OUT,OUT,0.11689269,0.027835127,0.0046184985,0.025750645,0.045986734,0.29134944,0.004870713,0.48269618
7,7,OUT,OUT,0.08053962,0.033162665,0.0043567717,0.0063110315,0.044704184,0.1417932,0.009506811,0.6796257
0,7,SINGLE,OUT,0.12745744,0.023834085,0.0033663432,0.008506138,0.032375507,0.14565192,0.008672752,0.6501359
7,7,OUT,OUT,0.1521408,0.034183495,0.005391406,0.023857305,0.077309944,0.23865362,0.00745298,0.46101052
0,7,SINGLE,OUT,0.15528494,0.026907641,0.005778712,0.012141756,0.05599438,0.17312889,0.0127796875,0.557984
7,7,OUT,OUT,0.108864434,0.01914252,0.0037479633,0.025298936,0.05908643,0.23335533,0.012905899,0.53759855
7,7,OUT,OUT,0.15740417,0.018892458,0.0044222525,0.008023817,0.058001634,0.15838167,0.0059739053,0.5889
7,7,OUT,OUT,0.15170924,0.034973066,0.0026892708,0.02060319,0.084899195,0.20129822,0.010153244,0.49367458
5,7,SO,OUT,0.08454257,0.02312395,0.0029135267,0.010376544,0.01938247,0.27776462,0.0072895326,0.57460684
7,7,OUT,OUT,0.11301895,0.024748348,0.004792813,0.009903361,0.03856233,0.1868016,0.008098296,0.61407423
4,7,BB,OUT,0.13243611,0.02746734,0.0028456023,0.017858397,0.061296456,0.21624133,0.007816609,0.5340382
7,7,OUT,OUT,0.19153798,0.020181581,0.0036482888,0.010101065,0.05254355,0.17816426,0.005190788,0.5386325
7,7,OUT,OUT,0.18550992,0.02494989,0.0028349194,0.00870878,0.07726768,0.14724268,0.0053709857,0.5481152
5,7,SO,OUT,0.13703777,0.017285937,0.0031864033,0.0075175427,0.05861659,0.1543248,0.00731873,0.61471224
0,7,SINGLE,OUT,0.19845898,0.029080883,0.002327348,0.014803885,0.08839205,0.1610391,0.007378156,0.49851954
5,7,SO,OUT,0.1745828,0.030225914,0.0027703957,0.013310244,0.044489816,0.19274154,0.010363647,0.53151566
7,7,OUT,OUT,0.1739006,0.036186222,0.0032463844,0.008193185,0.06934642,0.21601129,0.005418601,0.48769736
0,7,SINGLE,OUT,0.16777307,0.02632082,0.003340864,0.011338038,0.04138007,0.27929625,0.0068992553,0.46365154
7,7,OUT,OUT,0.13279122,0.018232858,0.003301555,0.010618846,0.03283148,0.2984473,0.006816826,0.49695992
1,7,DOUBLE,OUT,0.13881905,0.019841494,0.0033901974,0.014837446,0.04577594,0.16757463,0.0073567717,0.6024044
0,7,SINGLE,OUT,0.19056222,0.03248172,0.0034454816,0.01597214,0.050951317,0.110738255,0.009276524,0.58657235
5,7,SO,OUT,0.15876862,0.044774782,0.004994601,0.028699258,0.062429346,0.13556702,0.009277142,0.5554892
7,7,OUT,OUT,0.17564204,0.029188689,0.003665349,0.016935052,0.07174939,0.12115414,0.008920565,0.5727447
0,7,SINGLE,OUT,0.16304033,0.03328416,0.003996954,0.02033613,0.050700556,0.19364384,0.009602094,0.525396
5,7,SO,OUT,0.13265392,0.03397706,0.0023988953,0.030689854,0.048010558,0.23002678,0.011311967,0.51093096
7,7,OUT,OUT,0.25570688,0.0341215,0.0045606396,0.01584254,0.060809053,0.14679056,0.0062504215,0.4759185
7,7,OUT,OUT,0.33112893,0.030779026,0.0029531242,0.01565118,0.044908103,0.13317457,0.007475082,0.4339301
0,7,SINGLE,OUT,0.25670415,0.025330182,0.0056135454,0.017677931,0.02910973,0.1348565,0.0062940563,0.52441394
7,7,OUT,OUT,0.14673316,0.028879654,0.0034349018,0.020195303,0.068086,0.12656792,0.010987697,0.5951154
7,7,OUT,OUT,0.27580455,0.025063949,0.0029847673,0.011045667,0.0682643,0.064736135,0.008288115,0.5438126
7,7,OUT,OUT,0.13636506,0.02630819,0.0020856247,0.022287138,0.060615547,0.19454144,0.008718301,0.54907876
0,7,SINGLE,OUT,0.20032685,0.032967504,0.007961285,0.022540374,0.086982176,0.16812289,0.006599968,0.47449896
7,7,OUT,OUT,0.14257693,0.029366558,0.0027969817,0.020711016,0.037430547,0.21809734,0.0073467228,0.5416739
7,7,OUT,OUT,0.17388788,0.026127981,0.0045607854,0.022597974,0.043032497,0.21859792,0.012220606,0.4989743
5,7,SO,OUT,0.29817718,0.030993467,0.0055113807,0.03547581,0.0922923,0.17276755,0.018702224,0.34608006
5,7,SO,OUT,0.20233601,0.03586055,0.0040892563,0.0267904,0.077278025,0.16422726,0.015129378,0.47428903
7,7,OUT,OUT,0.21893802,0.02513638,0.005910514,0.011490332,0.047253367,0.16033448,0.0064852233,0.5244517
7,7,OUT,OUT,0.25271416,0.03320788,0.007584398,0.009079529,0.07067134,0.15294103,0.008079288,0.4657224
7,7,OUT,OUT,0.12320652,0.027948242,0.0031134097,0.017332338,0.04936855,0.2523508,0.010651382,0.51602876
7,7,OUT,OUT,0.14329234,0.039200973,0.0032378307,0.016717007,0.08641939,0.2140722,0.0041030943,0.49295723
7,7,OUT,OUT,0.18248643,0.047838096,0.0029790418,0.028283885,0.14607336,0.14562464,0.010587235,0.43612728
0,7,SINGLE,OUT,0.16720158,0.030479843,0.0033598344,0.012517036,0.08889097,0.12089539,0.006208644,0.5704467
0,7,SINGLE,OUT,0.16690804,0.023870347,0.008417743,0.0064785467,0.073606774,0.26769865,0.0169159,0.43610397
0,7,SINGLE,OUT,0.1611397,0.026829602,0.003078211,0.014819765,0.0745659,0.24089201,0.005695658,0.47297916
7,7,OUT,OUT,0.120125726,0.022835685,0.003470156,0.010202732,0.046004325,0.1199071,0.005472398,0.6719819
5,7,SO,OUT,0.17456831,0.03280303,0.0027351775,0.00902057,0.04340196,0.20432015,0.0072152517,0.5259355
7,7,OUT,OUT,0.1450274,0.030268606,0.003658474,0.023703849,0.04603628,0.22785534,0.006102474,0.5173475
7,7,OUT,OUT,0.13516541,0.023807846,0.0031067382,0.03532407,0.054184556,0.24701461,0.0071436753,0.49425304
0,7,SINGLE,OUT,0.17802751,0.03793746,0.004751013,0.016776865,0.04541524,0.18805586,0.004282531,0.5247535
7,7,OUT,OUT,0.1879528,0.03330913,0.0035139155,0.017188646,0.057558455,0.16296022,0.0052749715,0.5322419
7,7,OUT,OUT,0.16164212,0.027707571,0.0035721648,0.012214997,0.050851963,0.24357387,0.0061101406,0.49432707
7,7,OUT,OUT,0.16710432,0.03018177,0.0026542372,0.018946595,0.08792819,0.21506809,0.005678929,0.47243783
4,7,BB,OUT,0.124436885,0.024302308,0.006896793,0.008034145,0.052806713,0.2544714,0.006369318,0.5226824
7,7,OUT,OUT,0.1851166,0.040990572,0.0050709695,0.019112712,0.059683807,0.23404069,0.010909232,0.44507548
6,7,HBP,OUT,0.23244506,0.02477738,0.0061576245,0.015142093,0.07321487,0.18596396,0.0077568223,0.45454213
7,7,OUT,OUT,0.2917361,0.026459385,0.005800901,0.010572861,0.05416988,0.14541584,0.008380954,0.45746416
6,7,HBP,OUT,0.21239907,0.036070753,0.005100685,0.014696179,0.06386258,0.17048854,0.0087737115,0.48860848
7,7,OUT,OUT,0.11967691,0.030102842,0.0032307093,0.02235116,0.045531407,0.26143402,0.009118076,0.5085548
0,7,SINGLE,OUT,0.23521984,0.059544913,0.002244429,0.023170477,0.08481527,0.09670975,0.006190301,0.49210507
0,7,SINGLE,OUT,0.20024097,0.029519524,0.0049820063,0.011189788,0.06961029,0.2185851,0.006812203,0.45906004
7,7,OUT,OUT,0.22809026,0.019518347,0.0051769186,0.010137848,0.03160587,0.14181055,0.005400823,0.5582593
7,7,OUT,OUT,0.14667471,0.022785438,0.0061552785,0.011387326,0.051323444,0.20187081,0.007436077,0.55236685
7,7,OUT,OUT,0.24625857,0.023166258,0.007590945,0.010717019,0.064053446,0.1296439,0.0120848045,0.506485
0,7,SINGLE,OUT,0.21385095,0.029246638,0.008237565,0.013992607,0.06508915,0.19343135,0.01091028,0.46524143
0,7,SINGLE,OUT,0.17490412,0.041653316,0.008806969,0.02981912,0.029818054,0.24747379,0.009307673,0.45821697
7,7,OUT,OUT,0.24258825,0.045011524,0.00679865,0.020554684,0.0712948,0.15668668,0.008503987,0.4485614
0,7,SINGLE,OUT,0.17354944,0.013959842,0.002528195,0.009603051,0.060830656,0.116942495,0.0058126748,0.6167736
5,7,SO,OUT,0.105793156,0.021787228,0.004713654,0.01416994,0.053454135,0.22780906,0.006087802,0.566185
7,7,OUT,OUT,0.15414913,0.035406157,0.0029537852,0.007739383,0.07099299,0.18762796,0.008218155,0.53291243
4,7,BB,OUT,0.22131456,0.034689117,0.0050519686,0.009111317,0.058667414,0.17893597,0.007352425,0.4848773
1,7,DOUBLE,OUT,0.24739547,0.024654353,0.0027335593,0.018305426,0.04922933,0.16743177,0.0059676194,0.48428252
5,7,SO,OUT,0.27992472,0.02727107,0.0037297206,0.010933914,0.053724337,0.18879594,0.0080345785,0.42758566
5,7,SO,OUT,0.17318115,0.028892383,0.0034719661,0.012332825,0.07831705,0.22302726,0.0061146747,0.47466272
4,7,BB,OUT,0.20476164,0.032494243,0.0024429066,0.05376771,0.075514734,0.17300342,0.00969975,0.4483156
7,7,OUT,OUT,0.2503842,0.02318527,0.009381695,0.009781765,0.032771535,0.16856837,0.008232046,0.4976951
0,7,SINGLE,OUT,0.1685018,0.02939569,0.0066156946,0.011441384,0.03280751,0.1753621,0.0076515097,0.5682244
7,7,OUT,OUT,0.33976588,0.029755907,0.004130869,0.022723814,0.07260662,0.08704312,0.0053395894,0.43863416
7,7,OUT,OUT,0.14953494,0.034260813,0.0035693604,0.025641851,0.08869777,0.1322061,0.005851331,0.5602378
3,7,HR,OUT,0.16183873,0.02366566,0.0032823896,0.015572374,0.117785595,0.18990843,0.011799005,0.4761478
7,7,OUT,OUT,0.14614245,0.047523595,0.0019224548,0.030253677,0.15147468,0.1628906,0.010871091,0.4489215
1,7,DOUBLE,OUT,0.15408121,0.04465695,0.003029818,0.04815487,0.11194304,0.21794192,0.010498173,0.40969402
5,7,SO,OUT,0.14023489,0.043530446,0.0037111046,0.03781355,0.05722785,0.18878192,0.008019717,0.52068055
0,7,SINGLE,OUT,0.16939943,0.021054864,0.0034074506,0.011993299,0.06803869,0.1827869,0.008444487,0.53487486
5,7,SO,OUT,0.14610094,0.03456681,0.0036892907,0.028802335,0.060443852,0.27144173,0.0125457095,0.44240937
7,7,OUT,OUT,0.18906976,0.023174474,0.0118518835,0.016385797,0.08068981,0.25493807,0.0182645,0.4056258
7,7,OUT,OUT,0.13105378,0.018267008,0.0034301225,0.01854179,0.028308878,0.13191698,0.00923959,0.6592418
4,7,BB,OUT,0.26752803,0.038719077,0.0067131273,0.029370971,0.054512344,0.14139184,0.01803437,0.44373032
5,7,SO,OUT,0.20478047,0.043069147,0.0052862,0.024635838,0.08226689,0.110184684,0.0054417434,0.52433497
7,7,OUT,OUT,0.13329527,0.031131715,0.0048829555,0.016591357,0.07045284,0.19994193,0.010376419,0.5333276
4,7,BB,OUT,0.12440273,0.03230332,0.0024966737,0.026027346,0.059514314,0.23049144,0.010670807,0.51409334
0,7,SINGLE,OUT,0.14687587,0.02634574,0.0036852232,0.017993478,0.073199674,0.29140383,0.007953368,0.43254286
7,7,OUT,OUT,0.14826606,0.043551106,0.0075837253,0.024032013,0.069079,0.26351756,0.01092793,0.43304268
7,7,OUT,OUT,0.21260229,0.023124717,0.0037167268,0.015952826,0.050762963,0.15598242,0.0055919327,0.5322661
5,7,SO,OUT,0.15119515,0.035508513,0.0038555246,0.022524633,0.09176607,0.13369915,0.0050001703,0.5564508
7,7,OUT,OUT,0.2241493,0.037295558,0.003720415,0.023282101,0.09895864,0.14066075,0.0052792355,0.46665397
3,7,HR,OUT,0.17739911,0.028146625,0.002876006,0.036764756,0.060206555,0.19986428,0.0077161444,0.4870265
7,7,OUT,OUT,0.13174145,0.046820827,0.0034060986,0.04268852,0.06882482,0.18158501,0.008030221,0.51690304
5,7,SO,OUT,0.16989386,0.02643863,0.0084882835,0.0132481465,0.046767153,0.2055225,0.00918904,0.5204524
7,7,OUT,OUT,0.2251409,0.03689388,0.004070934,0.012952339,0.09387828,0.09830938,0.0061844736,0.5225698
0,7,SINGLE,OUT,0.14942037,0.04752201,0.0029445523,0.04660718,0.06413086,0.16163276,0.004293511,0.52344877
7,7,OUT,OUT,0.2255106,0.025660878,0.004561139,0.014552289,0.04277546,0.22255886,0.008429045,0.45595166
7,7,OUT,OUT,0.21531041,0.05348079,0.006287231,0.018554986,0.0912903,0.14242595,0.01639027,0.45626003
0,7,SINGLE,OUT,0.096996516,0.030845506,0.0028643042,0.012906314,0.055861935,0.248029,0.011988009,0.54050845
4,7,BB,OUT,0.33376113,0.030537678,0.00455681,0.02075108,0.09009903,0.13872641,0.0051242267,0.37644362
7,7,OUT,OUT,0.07484984,0.022229321,0.0034782777,0.019104276,0.04928209,0.1469908,0.009226171,0.67483926
7,7,OUT,OUT,0.14001548,0.02749226,0.005004263,0.018175196,0.1000767,0.21573056,0.008214483,0.48529097
0,7,SINGLE,OUT,0.14448188,0.040855482,0.004497778,0.018886235,0.09302055,0.23333503,0.007869208,0.4570539
0,7,SINGLE,OUT,0.12050509,0.027893158,0.003998554,0.011045253,0.08943382,0.14060292,0.009577023,0.59694415
4,7,BB,OUT,0.15700515,0.029744077,0.002808642,0.036082085,0.105550826,0.16585606,0.011141875,0.49181125
7,7,OUT,OUT,0.17506628,0.036622107,0.002614142,0.041887365,0.19468734,0.1301999,0.009065869,0.40985703
4,7,BB,OUT,0.121370174,0.034873616,0.004538708,0.04153585,0.08108263,0.21243836,0.005984119,0.49817657
7,7,OUT,OUT,0.1318459,0.027564127,0.002502871,0.014542003,0.045420323,0.30045345,0.008097694,0.46957353
7,7,OUT,OUT,0.20731224,0.030530594,0.0052788085,0.012570873,0.07227544,0.2611895,0.009608155,0.40123442
5,7,SO,OUT,0.17458117,0.026884321,0.004210974,0.014598276,0.04777582,0.2052138,0.008327725,0.51840794
7,7,OUT,OUT,0.15685801,0.022993725,0.0036694633,0.011373295,0.10281276,0.2214342,0.010992779,0.4698658
5,7,SO,OUT,0.12363325,0.03530527,0.002519815,0.04480427,0.12477565,0.2531703,0.009583834,0.40620756
5,7,SO,OUT,0.12636268,0.036694773,0.0041304696,0.052373145,0.096146494,0.17726012,0.0068979072,0.50013447
7,7,OUT,OUT,0.15878053,0.022387736,0.0029058908,0.017379902,0.043341804,0.20144469,0.012312959,0.5414465
7,7,OUT,OUT,0.20154358,0.029672183,0.0061987718,0.013493817,0.051816322,0.19902508,0.010858725,0.4873915
4,7,BB,OUT,0.12094362,0.030644642,0.0035718472,0.023561442,0.06932694,0.29113257,0.012387879,0.44843107
7,7,OUT,OUT,0.14407949,0.044531554,0.007833048,0.016264247,0.058666486,0.24065435,0.014840086,0.47313064
7,7,OUT,OUT,0.14052533,0.022545258,0.0036536905,0.01984501,0.07102043,0.17212954,0.00497621,0.5653046
5,7,SO,OUT,0.16625777,0.022614965,0.005880239,0.0288766,0.037628002,0.1401172,0.0063487235,0.5922765
7,7,OUT,OUT,0.2330449,0.043195244,0.0033221904,0.03296186,0.072747014,0.14324231,0.0056787566,0.4658077
0,7,SINGLE,OUT,0.15802436,0.049115762,0.002498536,0.028078055,0.07755989,0.17654605,0.0062119146,0.50196546
7,7,OUT,OUT,0.120363556,0.018718563,0.0033240078,0.007567626,0.06402348,0.2063462,0.0064203837,0.5732361
0,7,SINGLE,OUT,0.105258465,0.022626443,0.0034545888,0.013313729,0.088508435,0.1927761,0.011770552,0.5622916
7,7,OUT,OUT,0.17823093,0.037089616,0.0025591233,0.04565393,0.13192427,0.16261429,0.0065842015,0.4353436
7,7,OUT,OUT,0.15501255,0.032960467,0.005584775,0.0058769984,0.07812239,0.14596683,0.0050011305,0.5714748
5,7,SO,OUT,0.12504114,0.025980258,0.004919701,0.019306198,0.07972573,0.2667455,0.021176327,0.4571052
7,7,OUT,OUT,0.20408978,0.020511126,0.004846717,0.01064094,0.03371258,0.15195096,0.0061815563,0.5680663
7,7,OUT,OUT,0.14608878,0.028665574,0.004198026,0.011460331,0.05866682,0.19431145,0.005581158,0.5510279
7,7,OUT,OUT,0.18473168,0.036873575,0.0035707566,0.027764272,0.079720415,0.18104315,0.00932796,0.47696823
7,7,OUT,OUT,0.19754824,0.021661537,0.0038329975,0.015197174,0.05760061,0.27112436,0.00795743,0.42507768
7,7,OUT,OUT,0.11998076,0.064897306,0.0050240057,0.016522393,0.07309406,0.19172394,0.0077548404,0.5210027
1,7,DOUBLE,OUT,0.1555572,0.0318945,0.004590202,0.015752759,0.052004833,0.1927678,0.0076856064,0.5397471
3,7,HR,OUT,0.13035397,0.040837165,0.0022824195,0.014596149,0.121915706,0.18867166,0.0074345754,0.49390832
5,7,SO,OUT,0.19936372,0.0644573,0.006359636,0.009268584,0.11603758,0.14917581,0.009489955,0.44584745
7,7,OUT,OUT,0.14417283,0.027176248,0.008012596,0.01714235,0.07672676,0.19252793,0.007883612,0.52635765
0,7,SINGLE,OUT,0.17946543,0.040149476,0.0034043614,0.02876285,0.041867733,0.2981087,0.007236411,0.40100506
5,7,SO,OUT,0.13196582,0.024206715,0.002971169,0.011195863,0.038844433,0.2897542,0.00835988,0.49270198
1,7,DOUBLE,OUT,0.17607811,0.040070012,0.0026009753,0.024546266,0.067646965,0.19685644,0.0092908675,0.48291042
7,7,OUT,OUT,0.16631433,0.038664427,0.003572541,0.020397473,0.080424994,0.19692497,0.004934324,0.48876697
7,7,OUT,OUT,0.15330733,0.02879107,0.003514723,0.027965244,0.035631705,0.24725223,0.0069534997,0.49658418
7,7,OUT,OUT,0.2391871,0.050673313,0.0054068826,0.018423112,0.05717512,0.12458957,0.008855379,0.49568957
7,7,OUT,OUT,0.13740283,0.018709434,0.0048128543,0.016773796,0.06417819,0.0976819,0.005668609,0.65477234
7,7,OUT,OUT,0.15395634,0.019306146,0.005128582,0.0138562685,0.029607108,0.16158952,0.011084316,0.6054718
4,7,BB,OUT,0.14479512,0.02729315,0.0033189682,0.015596322,0.07750501,0.21221344,0.009885946,0.5093921
0,7,SINGLE,OUT,0.12685275,0.02001827,0.003031845,0.011737804,0.0490011,0.16897285,0.008266945,0.6121185
7,7,OUT,OUT,0.19321042,0.049123853,0.002228858,0.02822063,0.077019475,0.14538804,0.016657846,0.48815092
0,7,SINGLE,OUT,0.24191831,0.035304245,0.0037489622,0.015244744,0.057848096,0.231786,0.010443327,0.40370637
5,7,SO,OUT,0.25281027,0.02021825,0.002497217,0.026510661,0.036668893,0.23357077,0.010869448,0.41685453
7,7,OUT,OUT,0.1513352,0.036741808,0.0031548114,0.018433494,0.0879522,0.22693264,0.006684452,0.46876532
7,7,OUT,OUT,0.19297399,0.05712187,0.0042594294,0.007801967,0.09492137,0.17040658,0.007597625,0.4649172
5,7,SO,OUT,0.16466208,0.039983295,0.0060930797,0.022243975,0.07226359,0.18380862,0.0061844764,0.50476086
7,7,OUT,OUT,0.112986475,0.039978776,0.0031287104,0.02201413,0.062243022,0.2366533,0.0078373775,0.51515824
5,5,SO,SO,0.104005836,0.027184824,0.0015829521,0.021650216,0.026947878,0.41194558,0.0054055443,0.40127715
7,7,OUT,OUT,0.22393394,0.040832072,0.0067577516,0.017151177,0.06973995,0.10018882,0.005276768,0.53611946
7,7,OUT,OUT,0.11684814,0.03174967,0.0033603467,0.019154591,0.0674983,0.13277744,0.008181014,0.6204305
5,7,SO,OUT,0.17460023,0.03846054,0.005642056,0.043544527,0.066724576,0.26189414,0.013232255,0.3959017
1,7,DOUBLE,OUT,0.150651,0.03637792,0.0037485962,0.010886814,0.077887625,0.29291955,0.016216889,0.4113115
7,7,OUT,OUT,0.21077621,0.036419924,0.005782838,0.007256308,0.1684383,0.25464007,0.010883355,0.30580303
5,7,SO,OUT,0.13228106,0.052494004,0.0035149811,0.014821187,0.08961822,0.28433016,0.013922638,0.40901774
7,7,OUT,OUT,0.20514442,0.034070484,0.007009181,0.013817917,0.07077429,0.24339867,0.01885009,0.4069349
7,7,OUT,OUT,0.17465737,0.020888263,0.005764688,0.009637578,0.06404408,0.123016424,0.009889271,0.5921023
5,7,SO,OUT,0.11914618,0.03213286,0.0028326418,0.02692913,0.13379516,0.23184618,0.015895639,0.4374222
7,7,OUT,OUT,0.21479876,0.030344898,0.009360139,0.010486579,0.053564817,0.15804748,0.012529265,0.5108681
5,7,SO,OUT,0.15488908,0.042255323,0.005925836,0.013702582,0.22439156,0.14730059,0.0156126795,0.39592227
4,7,BB,OUT,0.28481174,0.04948098,0.0076558394,0.01212877,0.11339979,0.10647738,0.0068734842,0.4191721
1,7,DOUBLE,OUT,0.23559807,0.06701797,0.005285964,0.023397582,0.10563611,0.15011743,0.008079407,0.40486747
0,7,SINGLE,OUT,0.15774031,0.037560266,0.0054648113,0.01994818,0.0660251,0.20415208,0.008683587,0.50042564
4,7,BB,OUT,0.20678861,0.033665273,0.0040755644,0.0121862,0.082588546,0.261148,0.0058858576,0.39366192
5,7,SO,OUT,0.1829567,0.041179262,0.006976724,0.009482663,0.12894723,0.15724532,0.008141951,0.46507016
7,7,OUT,OUT,0.1426937,0.027289957,0.0070446627,0.012231343,0.06600737,0.23230399,0.007607267,0.50482166
7,7,OUT,OUT,0.14279331,0.020621551,0.0061987727,0.00926153,0.03683038,0.2910849,0.011749368,0.48146024
5,7,SO,OUT,0.16806288,0.028827922,0.005551376,0.010392323,0.0577527,0.25105402,0.007664023,0.4706948
7,7,OUT,OUT,0.11777098,0.05005104,0.005767326,0.019139184,0.061873622,0.25775865,0.017639847,0.4699993
7,7,OUT,OUT,0.117731966,0.04008708,0.0037803347,0.024657197,0.072183765,0.16174108,0.0047360477,0.5750826
7,7,OUT,OUT,0.14551993,0.028724149,0.0047959182,0.013370356,0.060560632,0.17177178,0.005839106,0.5694181
5,7,SO,OUT,0.12086283,0.03242672,0.0030305567,0.024221921,0.09405272,0.17645837,0.00642514,0.5425218
5,7,SO,OUT,0.12904802,0.056758143,0.0037894915,0.027898038,0.10340505,0.26261514,0.013781539,0.40270454
7,7,OUT,OUT,0.21288835,0.048486553,0.005054514,0.013961085,0.03372516,0.2349771,0.011192982,0.43971434
7,7,OUT,OUT,0.12483098,0.033635587,0.002670738,0.016528342,0.10520447,0.19100155,0.010976011,0.51515234
7,7,OUT,OUT,0.17120732,0.025416896,0.0042472575,0.015029644,0.1061858,0.22673689,0.007762316,0.44341385
5,7,SO,OUT,0.12949377,0.021303104,0.0017207029,0.01329868,0.108771086,0.24418315,0.0048855064,0.476344
5,7,SO,OUT,0.18448435,0.036554005,0.0022432462,0.018684953,0.025835035,0.22863248,0.006002127,0.49756372
7,7,OUT,OUT,0.16355307,0.049072456,0.0036043997,0.018933384,0.05417973,0.12667786,0.008473079,0.575506
0,7,SINGLE,OUT,0.27911964,0.02335747,0.011124506,0.0077214106,0.065393016,0.102072,0.015464939,0.4957471
7,7,OUT,OUT,0.2553493,0.022849279,0.007385424,0.008666725,0.1036215,0.08582773,0.004837354,0.5114627
0,7,SINGLE,OUT,0.21439697,0.030768678,0.007908929,0.015367129,0.12358408,0.1265313,0.010463276,0.4709797
4,7,BB,OUT,0.22586381,0.038929258,0.0053657955,0.01491847,0.13333355,0.14044572,0.009278529,0.43186492
5,7,SO,OUT,0.15131326,0.026763381,0.0038881318,0.01886433,0.05838929,0.20469438,0.015503828,0.5205834
7,7,OUT,OUT,0.22387488,0.0294048,0.0036460583,0.013699219,0.081386514,0.20539048,0.010695448,0.43190253
7,7,OUT,OUT,0.21733043,0.019124394,0.006366663,0.010649759,0.04851626,0.13321525,0.0071301064,0.55766714
7,7,OUT,OUT,0.11383925,0.030136798,0.002642272,0.0071255537,0.08685559,0.20042264,0.0045813303,0.5543965
7,7,OUT,OUT,0.18690847,0.034610126,0.008772164,0.006396505,0.12272789,0.17655641,0.008218353,0.4558101
7,7,OUT,OUT,0.17978504,0.050338164,0.0066693258,0.009179712,0.1253216,0.118857354,0.0060883733,0.50376046
1,7,DOUBLE,OUT,0.1112139,0.03218776,0.004852963,0.01219884,0.052414495,0.19119222,0.005143678,0.59079623
4,7,BB,OUT,0.20884162,0.03344849,0.0046216766,0.016423374,0.11033419,0.15624304,0.00849738,0.46159026
7,7,OUT,OUT,0.15605076,0.029021937,0.0029886726,0.009201169,0.065420784,0.22043875,0.006054923,0.510823
3,7,HR,OUT,0.20385803,0.031959694,0.004671063,0.013246006,0.08673241,0.22587633,0.007920378,0.42573607
5,7,SO,OUT,0.15573907,0.034621917,0.003007858,0.02231804,0.04303513,0.22337766,0.008557929,0.5093424
7,7,OUT,OUT,0.14672996,0.030662045,0.0035954434,0.014445351,0.08284461,0.20227975,0.010003293,0.5094395
0,7,SINGLE,OUT,0.13095008,0.025530161,0.005232888,0.019280424,0.060716342,0.2528978,0.007614192,0.4977781
7,7,OUT,OUT,0.20990245,0.025131112,0.008446927,0.01069022,0.05306375,0.1736185,0.011391396,0.50775564
0,7,SINGLE,OUT,0.20633702,0.022090547,0.005258815,0.0069610495,0.090116285,0.18524721,0.0060417224,0.47794735
7,7,OUT,OUT,0.18622546,0.03901265,0.004933317,0.0148377605,0.053668696,0.15775037,0.007976004,0.5355957
4,7,BB,OUT,0.1857804,0.029318064,0.007138189,0.014219581,0.09928682,0.24612518,0.004794991,0.41333675
7,7,OUT,OUT,0.09337753,0.028652588,0.0024595668,0.010433294,0.0844916,0.29100516,0.0071879174,0.48239222
5,7,SO,OUT,0.23620465,0.029897032,0.004745606,0.011109718,0.0692771,0.15342614,0.007201127,0.48813865
0,7,SINGLE,OUT,0.26519483,0.032468006,0.003870195,0.010860775,0.0461549,0.18365172,0.00861106,0.44918862
7,7,OUT,OUT,0.18873982,0.03578752,0.0032618265,0.012567045,0.052556794,0.18262863,0.0067440327,0.5177143
7,7,OUT,OUT,0.18593225,0.029384,0.0020981606,0.032362238,0.055516116,0.18923308,0.010769813,0.4947043
4,7,BB,OUT,0.17321953,0.033942506,0.008206641,0.010292006,0.06935796,0.17681876,0.00919263,0.5189699
7,7,OUT,OUT,0.13633004,0.021496829,0.008140991,0.008200207,0.08586598,0.1264249,0.0062605687,0.60728055
0,7,SINGLE,OUT,0.14897248,0.034940623,0.004095453,0.015987772,0.039503027,0.124931194,0.008885469,0.622684
0,7,SINGLE,OUT,0.2370679,0.07212029,0.0027371524,0.018381665,0.086079545,0.12101737,0.0076313545,0.4549647
3,7,HR,OUT,0.1570827,0.047742944,0.004358415,0.017976766,0.049161814,0.1729737,0.00932601,0.54137766
7,7,OUT,OUT,0.15794075,0.05120677,0.004381174,0.021081362,0.033172533,0.15442176,0.012433453,0.5653622
5,7,SO,OUT,0.21023935,0.04008085,0.0034732514,0.014088498,0.02260356,0.11139176,0.009236754,0.588886
4,7,BB,OUT,0.11225132,0.02583555,0.0027531623,0.015617367,0.07016024,0.17886853,0.008145825,0.586368
7,7,OUT,OUT,0.15410927,0.04625998,0.0035102335,0.012152006,0.05676369,0.12944624,0.008214687,0.58954394
4,7,BB,OUT,0.17020382,0.044691302,0.0022482113,0.029103799,0.060250062,0.14017604,0.0077717593,0.545555
5,7,SO,OUT,0.24966945,0.036318347,0.0031783711,0.0151997255,0.037439857,0.15170136,0.007820653,0.49867222
0,7,SINGLE,OUT,0.1700446,0.029752415,0.0024768803,0.024482423,0.037328593,0.19478172,0.0037363735,0.5373971
7,7,OUT,OUT,0.17703268,0.021749632,0.0028124864,0.017314317,0.04227046,0.09645786,0.009161147,0.6332013
7,7,OUT,OUT,0.19055347,0.026977584,0.011872475,0.010588671,0.0965966,0.13537215,0.010138553,0.51790047
0,7,SINGLE,OUT,0.18266118,0.037767343,0.0042948965,0.019486569,0.095145896,0.26511404,0.008013144,0.38751695
5,7,SO,OUT,0.18760104,0.029949566,0.007375744,0.017189784,0.046195675,0.19687004,0.0078522395,0.50696594
7,7,OUT,OUT,0.19874655,0.029124526,0.004443884,0.014084624,0.09843751,0.18924493,0.0063545913,0.45956343
7,7,OUT,OUT,0.16827668,0.024966985,0.0024728465,0.015958965,0.057552274,0.20710936,0.0071303924,0.51653254
5,7,SO,OUT,0.15810308,0.021835757,0.0029134473,0.013272136,0.047301803,0.20164973,0.0051250444,0.549799
7,7,OUT,OUT,0.103904165,0.020421274,0.0052447096,0.014983059,0.08031685,0.27761856,0.0035065894,0.49400476
7,7,OUT,OUT,0.13983701,0.023623936,0.008350256,0.009259464,0.13128497,0.12769875,0.006048196,0.55389744
7,7,OUT,OUT,0.16559418,0.024481097,0.007038067,0.012681096,0.07555632,0.15575172,0.007878936,0.5510186
7,7,OUT,OUT,0.1284248,0.03111851,0.0045881732,0.011530149,0.07534456,0.25496015,0.009620632,0.48441294
7,7,OUT,OUT,0.12797225,0.025492096,0.0071234284,0.015234351,0.11282019,0.25890514,0.00971999,0.4427325
4,7,BB,OUT,0.194198,0.036768537,0.0054963906,0.021934627,0.12756042,0.21923514,0.009145555,0.3856613
7,7,OUT,OUT,0.2045555,0.026745185,0.0061059175,0.00989537,0.08896593,0.20617145,0.0052702078,0.45229042
7,7,OUT,OUT,0.23226932,0.072117195,0.006079059,0.010792519,0.07982376,0.15531167,0.010484123,0.43312225
7,7,OUT,OUT,0.15332225,0.036311563,0.015648011,0.03352139,0.035683353,0.25791466,0.010602504,0.45699632
7,7,OUT,OUT,0.20619045,0.0345086,0.003600874,0.010049116,0.08980989,0.09732005,0.0078764865,0.5506446
7,7,OUT,OUT,0.16683379,0.028627895,0.00388407,0.009641858,0.05960165,0.26385832,0.0047755656,0.46277675
7,7,OUT,OUT,0.14911714,0.023410453,0.0016207722,0.013357721,0.05823566,0.2935176,0.0050335727,0.45570704
7,7,OUT,OUT,0.13786973,0.014671529,0.0042688022,0.014708812,0.052176267,0.23973607,0.0052618776,0.5313069
7,7,OUT,OUT,0.13361378,0.025201183,0.006620529,0.009386389,0.10398431,0.11935384,0.008464984,0.59337497
0,7,SINGLE,OUT,0.13527998,0.047782566,0.004313223,0.017289773,0.072403714,0.1400958,0.010871746,0.5719632
5,7,SO,OUT,0.16794473,0.049025297,0.0070795664,0.029539403,0.066729136,0.19803643,0.009459155,0.47218633
7,7,OUT,OUT,0.12334832,0.046890683,0.0040864735,0.02799364,0.10370532,0.13816275,0.012321753,0.543491
7,7,OUT,OUT,0.10945286,0.020752357,0.0017946474,0.014222744,0.074467584,0.2798942,0.006253141,0.49316254
7,7,OUT,OUT,0.13844922,0.018718986,0.001779611,0.007676319,0.07314352,0.15777837,0.009347457,0.59310645
0,7,SINGLE,OUT,0.11883049,0.032037605,0.001995693,0.028952278,0.093050435,0.2523251,0.0048354394,0.46797305
7,7,OUT,OUT,0.20613916,0.036492206,0.0057587386,0.023264928,0.07516961,0.1361218,0.006133987,0.5109195
0,7,SINGLE,OUT,0.19821087,0.04053582,0.004969384,0.014650279,0.09766808,0.17523445,0.011102218,0.45762897
1,7,DOUBLE,OUT,0.17933978,0.02192152,0.0028279203,0.008779852,0.09951504,0.17103268,0.0045679207,0.51201534
7,7,OUT,OUT,0.1740084,0.06258553,0.007969592,0.042330023,0.10514245,0.14727873,0.019909127,0.44077608
7,7,OUT,OUT,0.17739747,0.12367247,0.0061295363,0.025967497,0.13241257,0.104630694,0.0075269863,0.42226276
7,7,OUT,OUT,0.11963421,0.06950282,0.012359743,0.0133235175,0.05689859,0.107239634,0.009068437,0.61197305
7,7,OUT,OUT,0.12474032,0.026955962,0.0049764668,0.007912628,0.051728554,0.25947815,0.006493109,0.5177148
0,7,SINGLE,OUT,0.16727689,0.03061286,0.0018794629,0.019089255,0.05414334,0.22209622,0.01055654,0.49434543
7,7,OUT,OUT,0.28124577,0.03177568,0.004372513,0.022931667,0.073607646,0.18198033,0.00793257,0.3961539
0,7,SINGLE,OUT,0.13311332,0.02376422,0.0024369396,0.018619109,0.03659662,0.2656044,0.005546508,0.5143189
7,7,OUT,OUT,0.2636732,0.07840676,0.01001756,0.025477484,0.13093671,0.1533768,0.0071542263,0.33095726
4,7,BB,OUT,0.1535975,0.06561068,0.007687634,0.028592814,0.08396194,0.08123286,0.010514829,0.5688017
7,7,OUT,OUT,0.18802065,0.047845807,0.010108651,0.049044546,0.105204724,0.19258657,0.0112399915,0.39594913
7,7,OUT,OUT,0.16903323,0.036277205,0.00402035,0.038706128,0.0656685,0.16634564,0.011523068,0.50842595
7,7,OUT,OUT,0.096819356,0.020251526,0.00249553,0.011723808,0.05904951,0.2511416,0.0070290477,0.5514896
7,7,OUT,OUT,0.16998804,0.033902723,0.0029907478,0.03176579,0.031074092,0.21721649,0.016549133,0.49651307
7,7,OUT,OUT,0.18877782,0.054871142,0.0028725837,0.024055094,0.036360458,0.19264977,0.009859155,0.49055406
7,7,OUT,OUT,0.13543953,0.061165523,0.005923246,0.014903783,0.06542304,0.13165238,0.007698572,0.57779396
5,7,SO,OUT,0.13569959,0.050112482,0.0041593607,0.028526993,0.05277177,0.22235383,0.006884115,0.49949184
3,7,HR,OUT,0.122669,0.06192651,0.0037076855,0.023776365,0.033220623,0.25207585,0.005291913,0.49733198
7,7,OUT,OUT,0.17520289,0.056040708,0.0030853054,0.022968868,0.03458763,0.12714341,0.009303259,0.57166797
0,7,SINGLE,OUT,0.20389773,0.056258243,0.002779006,0.018371796,0.064481325,0.119261734,0.011039058,0.5239111
1,7,DOUBLE,OUT,0.16722536,0.06291385,0.002647655,0.040758133,0.06781539,0.17113873,0.008859824,0.47864103
7,7,OUT,OUT,0.14602266,0.05370004,0.004159155,0.0426077,0.04815242,0.17604788,0.008284074,0.5210261
5,7,SO,OUT,0.106716506,0.03486388,0.0045987004,0.018741943,0.025099596,0.29896817,0.0074379933,0.5035732
7,7,OUT,OUT,0.15272973,0.03514602,0.008232689,0.01171898,0.03458344,0.27479082,0.003832953,0.47896543
7,7,OUT,OUT,0.15281282,0.041631687,0.0050445925,0.025163068,0.049425233,0.15547828,0.014103913,0.55634046
5,7,SO,OUT,0.07603717,0.040976282,0.004065255,0.015203236,0.016181784,0.24141642,0.010969487,0.5951504
0,7,SINGLE,OUT,0.12170771,0.03855173,0.0039389296,0.012284716,0.048208028,0.17724825,0.009540031,0.5885206
7,7,OUT,OUT,0.13320287,0.025011536,0.0020080265,0.021246256,0.085276596,0.24256568,0.008679694,0.48200932
6,7,HBP,OUT,0.118523695,0.03387314,0.0041998043,0.011697412,0.033407193,0.2753782,0.008665452,0.5142551
0,7,SINGLE,OUT,0.17320846,0.04127032,0.0029658927,0.028004423,0.028358685,0.12150092,0.010720342,0.5939711
7,7,OUT,OUT,0.124601014,0.055447064,0.0024338309,0.038400292,0.03826134,0.21037959,0.011160132,0.5193168
7,7,OUT,OUT,0.24648468,0.07033575,0.005926563,0.018692508,0.03857417,0.109326445,0.01489616,0.49576363
0,7,SINGLE,OUT,0.16515346,0.043077257,0.004662598,0.025849847,0.03356151,0.191011,0.014839307,0.521845
7,7,OUT,OUT,0.13121833,0.022789292,0.004457395,0.014121539,0.04069473,0.22332872,0.006098158,0.55729187
4,7,BB,OUT,0.118477345,0.04995064,0.0032016523,0.015997175,0.07505268,0.23256692,0.007391211,0.4973624
7,7,OUT,OUT,0.23336089,0.048710305,0.007761608,0.022249024,0.04623955,0.1926574,0.008242517,0.44077867
7,7,OUT,OUT,0.19577518,0.023628002,0.005026859,0.016739668,0.030844139,0.17125413,0.0058622444,0.55086976
5,7,SO,OUT,0.11133204,0.0563621,0.003536955,0.052998472,0.035163425,0.29746425,0.008504418,0.4346384
5,7,SO,OUT,0.22514214,0.05716676,0.005053873,0.023883954,0.030116586,0.16227846,0.014717768,0.4816405
7,7,OUT,OUT,0.17555535,0.054159004,0.002988133,0.022776615,0.037107818,0.1652888,0.012055995,0.53006834
0,7,SINGLE,OUT,0.13807224,0.049667332,0.002887124,0.011945647,0.044376913,0.12652911,0.015280431,0.61124116
5,7,SO,OUT,0.15480715,0.030966189,0.0036126196,0.030664109,0.09296813,0.2757062,0.008397258,0.40287834
0,7,SINGLE,OUT,0.18565421,0.0298173,0.005195711,0.021819588,0.111249976,0.17169389,0.0085515445,0.46601778
7,7,OUT,OUT,0.157773,0.023610786,0.0033710902,0.009761342,0.044545885,0.1756028,0.0075798044,0.5777553
7,7,OUT,OUT,0.16007346,0.033701338,0.003452785,0.027259685,0.057540867,0.15474504,0.01157772,0.5516491
5,7,SO,OUT,0.19823125,0.031438846,0.0036895263,0.013328826,0.060846135,0.11777982,0.010987507,0.5636981
0,7,SINGLE,OUT,0.17380317,0.033446055,0.003796273,0.011843605,0.061544303,0.1788431,0.0091328025,0.52759063
0,7,SINGLE,OUT,0.18628666,0.04647907,0.0024929645,0.019109793,0.047779966,0.18720762,0.0037120292,0.50693196
7,7,OUT,OUT,0.11537175,0.017996881,0.004314621,0.010213885,0.04762192,0.15017393,0.005549786,0.6487572
0,7,SINGLE,OUT,0.19556454,0.023091791,0.0026565152,0.017890431,0.024391606,0.13354477,0.0052398834,0.5976205
3,7,HR,OUT,0.106794566,0.034863714,0.0021305867,0.023600148,0.056642607,0.17961252,0.0064977556,0.5898581
7,7,OUT,OUT,0.1441439,0.035480905,0.0024209896,0.022734776,0.04436173,0.16265033,0.0073238853,0.5808835
7,7,OUT,OUT,0.1848869,0.03983898,0.0041778972,0.009543467,0.028159916,0.0752373,0.00554582,0.65260977
0,7,SINGLE,OUT,0.10480753,0.023020767,0.0027225388,0.021109365,0.024524437,0.11955382,0.007029399,0.6972322
5,7,SO,OUT,0.12661281,0.034719463,0.0019979014,0.015183115,0.099295676,0.2187913,0.005552148,0.49784756
5,7,SO,OUT,0.10101155,0.019981567,0.0020943955,0.013327489,0.027648034,0.27199903,0.0058099367,0.558128
0,7,SINGLE,OUT,0.20988944,0.03128496,0.0040070354,0.020426795,0.050647296,0.19050403,0.006399125,0.48684138
7,7,OUT,OUT,0.11285211,0.04650132,0.0026936487,0.034596924,0.07370843,0.18773416,0.007744694,0.53416866
7,7,OUT,OUT,0.09892096,0.025311342,0.0015254541,0.01339298,0.051924743,0.14405982,0.0057585384,0.6591062
4,7,BB,OUT,0.103652865,0.032733887,0.0022140779,0.02395588,0.03148314,0.13509299,0.007294604,0.66357255
7,7,OUT,OUT,0.15644126,0.03732414,0.0022117365,0.024880625,0.0399697,0.13887691,0.005429274,0.5948663
0,7,SINGLE,OUT,0.16917078,0.03839887,0.004908623,0.0109128235,0.03962074,0.105260074,0.0055317655,0.6261964
5,7,SO,OUT,0.10743143,0.026762143,0.0030713584,0.021693233,0.020405015,0.1478534,0.007000837,0.66578263
5,7,SO,OUT,0.09840752,0.05752753,0.003680464,0.03407717,0.094649985,0.2914444,0.0074037546,0.4128091
1,7,DOUBLE,OUT,0.12977234,0.038616966,0.0037321888,0.03345396,0.07236619,0.1952128,0.0072755762,0.51956993
5,7,SO,OUT,0.20376697,0.030250197,0.0039020623,0.016118228,0.07318159,0.1350823,0.007217956,0.5304806
5,7,SO,OUT,0.16575265,0.03493832,0.004225053,0.018804276,0.052413553,0.16505851,0.006117335,0.55269027
5,7,SO,OUT,0.16401644,0.038310204,0.0027756107,0.016352305,0.051898997,0.27142918,0.0073847524,0.44783252
5,7,SO,OUT,0.20485501,0.06249712,0.0029290393,0.02960263,0.054599654,0.18095854,0.006600695,0.45795736
7,7,OUT,OUT,0.18535972,0.03660742,0.0038678912,0.02354321,0.025240202,0.19823599,0.007282771,0.51986283
7,7,OUT,OUT,0.1250115,0.03639629,0.0017841519,0.029264953,0.03843847,0.14715222,0.0058926223,0.61605984
1,7,DOUBLE,OUT,0.10435017,0.046168752,0.0026529229,0.03265861,0.052733637,0.185188,0.0069419863,0.56930584
7,7,OUT,OUT,0.09579584,0.040903155,0.0031333214,0.018059345,0.116961844,0.19716817,0.0075610545,0.5204173
6,7,HBP,OUT,0.09076644,0.06491497,0.004548772,0.016779557,0.13468917,0.13159001,0.0134323435,0.5432788
4,7,BB,OUT,0.10473003,0.048783943,0.0033541664,0.026581656,0.13315354,0.1733303,0.0058949334,0.5041714
7,7,OUT,OUT,0.16445003,0.04672704,0.0021145432,0.023584155,0.055433005,0.17311445,0.0038810421,0.53069574
0,7,SINGLE,OUT,0.1319871,0.027322134,0.00443816,0.0072695157,0.06484786,0.09793774,0.004648272,0.6615492
1,7,DOUBLE,OUT,0.15028775,0.036437746,0.003814242,0.011421691,0.04728069,0.12947997,0.0060002278,0.61527765
1,7,DOUBLE,OUT,0.08485623,0.028280161,0.0025205894,0.020606337,0.0786133,0.14495122,0.008106909,0.63206524
0,7,SINGLE,OUT,0.11765627,0.030907264,0.0026223664,0.010856244,0.04862808,0.12607057,0.0047761328,0.6584831
7,7,OUT,OUT,0.1304052,0.039686773,0.0030594806,0.02084604,0.110915735,0.09218126,0.006869607,0.59603584
0,7,SINGLE,OUT,0.1802102,0.06522836,0.0037576219,0.021157749,0.062363748,0.11229873,0.009362813,0.5456208
0,7,SINGLE,OUT,0.18365245,0.039255094,0.0048492826,0.009987096,0.050228763,0.06084742,0.0044984985,0.6466814
7,7,OUT,OUT,0.12922873,0.031598702,0.0023500263,0.019792536,0.049854763,0.15973532,0.004385991,0.603054
0,7,SINGLE,OUT,0.13116984,0.026110547,0.0029036533,0.02595232,0.042883337,0.13622072,0.005786746,0.6289729
7,7,OUT,OUT,0.16085482,0.05052402,0.0027782826,0.016943578,0.10945471,0.22674003,0.0075245276,0.42518002
7,7,OUT,OUT,0.18729696,0.027960015,0.0044638156,0.012732427,0.09278448,0.1615182,0.0070356624,0.5062084
7,7,OUT,OUT,0.09146002,0.025437847,0.0018969483,0.014932582,0.036376853,0.23530272,0.0030213087,0.59157175
0,7,SINGLE,OUT,0.1232944,0.02277551,0.005784947,0.0076156175,0.045419034,0.15063794,0.003741986,0.6407305
7,7,OUT,OUT,0.15352513,0.04294703,0.0066267573,0.009368744,0.03624786,0.09438129,0.004335861,0.65256745
7,7,OUT,OUT,0.1411346,0.029953847,0.0026918512,0.025954643,0.034415584,0.14674959,0.00540204,0.6136979
7,7,OUT,OUT,0.14138559,0.031225173,0.0037432453,0.017599532,0.04881875,0.20391494,0.009618438,0.54369426
7,7,OUT,OUT,0.19517924,0.034572,0.0027950597,0.028056093,0.055981517,0.19860195,0.010358764,0.47445536
0,7,SINGLE,OUT,0.17342728,0.06624202,0.0032783027,0.02253671,0.11240704,0.1924486,0.009871942,0.41978806
7,7,OUT,OUT,0.119119495,0.034448512,0.0025020144,0.032309283,0.06691688,0.302197,0.006312078,0.43619472
7,7,OUT,OUT,0.16756348,0.03554599,0.0027076334,0.0136025585,0.04645638,0.12473009,0.0059264475,0.60346746
5,7,SO,OUT,0.09639881,0.023064917,0.003081855,0.013190753,0.036662497,0.28687793,0.0054442002,0.53527904
7,7,OUT,OUT,0.20973575,0.03800564,0.008571326,0.016128883,0.05709757,0.13547222,0.00971239,0.52527624
7,7,OUT,OUT,0.12611622,0.026908584,0.020587008,0.01612232,0.100782186,0.16071151,0.00902124,0.53975093
0,7,SINGLE,OUT,0.17607312,0.025501,0.007342502,0.0160042,0.03707534,0.22233665,0.0059688287,0.5096984
0,7,SINGLE,OUT,0.21343617,0.045258723,0.0047391825,0.0063697817,0.11117175,0.07501895,0.010079525,0.5339259
5,7,SO,OUT,0.23371936,0.034713417,0.00448724,0.012674951,0.10752541,0.1747269,0.011770306,0.4203824
1,7,DOUBLE,OUT,0.18086778,0.02767477,0.0073852534,0.010340847,0.0702688,0.11363661,0.006507839,0.5833181
5,7,SO,OUT,0.20592828,0.032729153,0.003956441,0.012206645,0.1002524,0.21834765,0.0061059594,0.42047352
7,7,OUT,OUT,0.18740447,0.068005435,0.003390947,0.016651897,0.10998548,0.13670935,0.009702605,0.46814975
5,7,SO,OUT,0.18484673,0.0369385,0.0036878,0.022258582,0.059180703,0.11757838,0.0073530204,0.56815624
7,7,OUT,OUT,0.096735284,0.025609732,0.0031024728,0.013367503,0.0287327,0.35484433,0.0070016226,0.47060636
5,7,SO,OUT,0.18849228,0.04170534,0.0039212913,0.009302898,0.04602113,0.118656956,0.008066885,0.5838332
7,7,OUT,OUT,0.123097256,0.027257876,0.003317745,0.022881845,0.042817436,0.22544728,0.008006804,0.5471738
5,7,SO,OUT,0.16913731,0.06525597,0.0031775006,0.030238407,0.12125555,0.2703621,0.0095970165,0.3309761
7,7,OUT,OUT,0.22241758,0.057063118,0.0052920533,0.029722668,0.10060397,0.16487144,0.00759515,0.41243395
7,7,OUT,OUT,0.13229889,0.043203663,0.005701793,0.030601177,0.06700863,0.10527734,0.008902487,0.607006
7,7,OUT,OUT,0.16687551,0.03270075,0.006162299,0.009294031,0.050275903,0.11117067,0.005981329,0.61753947
0,7,SINGLE,OUT,0.18926385,0.02224988,0.0030570996,0.013003848,0.069579296,0.16294208,0.0055461074,0.5343578
7,7,OUT,OUT,0.17310037,0.043141756,0.0043944125,0.026702696,0.05991715,0.14616565,0.008339814,0.5382381
7,7,OUT,OUT,0.17120469,0.026235595,0.0036771933,0.010324999,0.067119144,0.11465805,0.0060353517,0.60074496
5,7,SO,OUT,0.12322817,0.030674957,0.0035630413,0.009053257,0.04831824,0.33095685,0.005021022,0.44918448
3,7,HR,OUT,0.1921595,0.027602592,0.004464589,0.017138647,0.05547979,0.20749219,0.0076721185,0.4879906
7,7,OUT,OUT,0.21273212,0.034199134,0.0037304014,0.016064763,0.08534889,0.16869922,0.007216044,0.47200948
4,7,BB,OUT,0.15357652,0.057533365,0.0051489715,0.020027943,0.11459762,0.118677564,0.009226405,0.5212116
7,7,OUT,OUT,0.2201843,0.034555655,0.004482976,0.011086931,0.07922676,0.09904575,0.005997312,0.5454203
5,7,SO,OUT,0.09043745,0.028355526,0.0024423718,0.016851053,0.025385076,0.33195156,0.0064328844,0.4981441
5,7,SO,OUT,0.19534862,0.036457498,0.0033261084,0.020885084,0.071353324,0.20926312,0.008965664,0.45440063
7,7,OUT,OUT,0.17076291,0.016144542,0.005581568,0.012279222,0.085383534,0.11272726,0.0052372757,0.5918836
7,7,OUT,OUT,0.1417588,0.023591032,0.003011433,0.012920454,0.044431668,0.1394407,0.006518459,0.62832737
1,7,DOUBLE,OUT,0.14835279,0.046352986,0.0033739675,0.012985654,0.060726378,0.19913316,0.0068527386,0.52222234
7,7,OUT,OUT,0.22397448,0.03525642,0.0051239524,0.009742266,0.0986253,0.08460471,0.0063067754,0.5363661
7,7,OUT,OUT,0.119890235,0.03573089,0.003295516,0.005976521,0.045884978,0.32456556,0.006298312,0.45835796
5,5,SO,SO,0.10866434,0.022248246,0.0022508749,0.023399014,0.04656553,0.41044626,0.008711289,0.37771443
7,7,OUT,OUT,0.0936965,0.030985774,0.0020612355,0.02557536,0.19004944,0.20358369,0.009729269,0.44431874
7,7,OUT,OUT,0.15302508,0.034284566,0.006034728,0.025782345,0.09413831,0.18483484,0.009271229,0.49262896
0,7,SINGLE,OUT,0.13600767,0.022635916,0.007911459,0.012218139,0.03404656,0.22336188,0.0044040326,0.5594144
0,7,SINGLE,OUT,0.17298749,0.04033928,0.0056458926,0.01280783,0.07499918,0.13013145,0.005573321,0.55751556
7,7,OUT,OUT,0.12869485,0.02345769,0.0030760784,0.008820323,0.06299226,0.15081993,0.005030761,0.61710817
5,7,SO,OUT,0.196718,0.02667938,0.0025759786,0.016232168,0.0989272,0.13688144,0.0047738645,0.5172119
7,7,OUT,OUT,0.18699645,0.046653207,0.006156036,0.023066519,0.09150701,0.10872769,0.008685203,0.5282079
0,7,SINGLE,OUT,0.18443894,0.022228086,0.0036435262,0.00872166,0.069695316,0.115175016,0.004006725,0.59209067
7,7,OUT,OUT,0.12137942,0.03688414,0.0046007764,0.007927617,0.06883273,0.30484426,0.0062882425,0.44924277
7,7,OUT,OUT,0.233378,0.05382326,0.0029640023,0.02024954,0.10292638,0.169839,0.007070977,0.40974876
7,7,OUT,OUT,0.16464186,0.04870378,0.0049141366,0.017741041,0.12409152,0.17354773,0.007234267,0.45912573
5,7,SO,OUT,0.1874151,0.026353786,0.0032702507,0.017709892,0.059971742,0.22702116,0.004339588,0.47391847
5,7,SO,OUT,0.21335006,0.03610755,0.004294116,0.015943784,0.12015611,0.18291108,0.0153665915,0.4118707
0,7,SINGLE,OUT,0.14092909,0.027011426,0.0068571023,0.012348666,0.11053771,0.14307123,0.015259019,0.5439858
7,7,OUT,OUT,0.07429454,0.034529466,0.003195839,0.009465685,0.09491209,0.2924329,0.005005237,0.4861642
7,7,OUT,OUT,0.11061928,0.05627132,0.0041491627,0.016163614,0.102986775,0.20643733,0.0063104057,0.49706218
2,7,TRIPLE,OUT,0.23352921,0.04235334,0.003997281,0.020267371,0.1514464,0.12634116,0.009238946,0.41282633
0,7,SINGLE,OUT,0.25386637,0.05107946,0.0055111586,0.018009963,0.11105581,0.12558763,0.013441617,0.42144805
7,7,OUT,OUT,0.16826092,0.042287126,0.005270813,0.009084257,0.08840911,0.12104871,0.006954402,0.5586847
5,7,SO,OUT,0.117282905,0.02025919,0.0045692986,0.005194324,0.05717559,0.15974444,0.0067170626,0.62905717
1,7,DOUBLE,OUT,0.11662379,0.028343406,0.0046252664,0.021307154,0.0736676,0.30089462,0.010955331,0.44358286
7,7,OUT,OUT,0.21119623,0.028207798,0.004236241,0.009762169,0.063395634,0.12411246,0.006196079,0.55289346
7,7,OUT,OUT,0.1687345,0.01808052,0.0030351137,0.012470459,0.0611433,0.13672426,0.0045355684,0.59527624
5,7,SO,OUT,0.13988313,0.03272386,0.0023907553,0.012469591,0.08743648,0.2218996,0.022296019,0.48090068
4,7,BB,OUT,0.1640308,0.05912314,0.0037251369,0.028688334,0.1392162,0.25819886,0.013558257,0.33345926
7,7,OUT,OUT,0.19741167,0.04021728,0.005078447,0.01296378,0.08104677,0.097292684,0.0056172987,0.56037194
7,7,OUT,OUT,0.19215885,0.04440829,0.0051641436,0.009581908,0.06198038,0.10446147,0.008388806,0.5738562
4,7,BB,OUT,0.11794189,0.053206865,0.0034065677,0.040086366,0.12085062,0.15897991,0.010453334,0.49507445
7,7,OUT,OUT,0.18868189,0.051816016,0.006009052,0.022242593,0.08848316,0.07965202,0.018813629,0.5443016
0,7,SINGLE,OUT,0.1350195,0.050173257,0.003623544,0.023611756,0.060810745,0.11495366,0.013832062,0.5979755
5,7,SO,OUT,0.11873792,0.041676406,0.004617462,0.017297344,0.06105743,0.2512599,0.005853081,0.49950054
7,7,OUT,OUT,0.15200506,0.041004196,0.006614104,0.0087094335,0.07001183,0.18553963,0.0055429516,0.5305728
1,7,DOUBLE,OUT,0.13184303,0.04620993,0.002832438,0.012707534,0.07391941,0.19096962,0.0066496097,0.5348684
0,7,SINGLE,OUT,0.16841397,0.03838159,0.006730443,0.011917771,0.06451136,0.19114551,0.004935936,0.51396346
7,7,OUT,OUT,0.17137332,0.017428564,0.0045346757,0.01246747,0.029083155,0.19827938,0.006898609,0.5599348
5,7,SO,OUT,0.086455405,0.045391444,0.0051301946,0.017537527,0.076681,0.17993714,0.010781665,0.5780856
4,7,BB,OUT,0.088922165,0.050165735,0.0053087366,0.017465666,0.13294102,0.20978855,0.014559782,0.48084828
7,7,OUT,OUT,0.14525902,0.046871793,0.005542957,0.01890591,0.07026411,0.12822832,0.019216146,0.56571174
5,7,SO,OUT,0.10345036,0.04950233,0.0050560506,0.025944348,0.13276789,0.12521364,0.019305699,0.5387597
0,7,SINGLE,OUT,0.17650217,0.04242278,0.0051373043,0.0368019,0.09355661,0.1411044,0.010968972,0.49350587
4,7,BB,OUT,0.11766144,0.051635046,0.0059424713,0.04034007,0.0585572,0.18937369,0.007005766,0.52948433
0,7,SINGLE,OUT,0.23661192,0.03884038,0.0038137662,0.011088244,0.07501291,0.17580932,0.009619505,0.44920394
1,7,DOUBLE,OUT,0.22754125,0.036960565,0.0067491597,0.010444409,0.03079246,0.20405567,0.0034926268,0.4799638
7,7,OUT,OUT,0.13013487,0.01867872,0.004526022,0.011458988,0.0454828,0.22501999,0.005991746,0.5587069
7,7,OUT,OUT,0.23816969,0.030946894,0.005598761,0.012190595,0.05034938,0.10038409,0.0053162416,0.5570444
4,7,BB,OUT,0.23089722,0.04881705,0.00495124,0.020298727,0.04192534,0.17498809,0.0075770654,0.4705452
7,7,OUT,OUT,0.17102046,0.03599725,0.003635024,0.020950645,0.037009783,0.21212639,0.010145089,0.5091154
7,5,OUT,SO,0.09039587,0.032503605,0.0047653536,0.019354254,0.0160006,0.43228105,0.0069874027,0.3977119
7,7,OUT,OUT,0.13859119,0.047391705,0.0038835248,0.025707008,0.04057707,0.17715068,0.010010457,0.55668837
7,7,OUT,OUT,0.09141132,0.042325098,0.0030037125,0.0104680415,0.06924865,0.23061717,0.009579695,0.54334635
3,7,HR,OUT,0.17977087,0.045751616,0.0036209733,0.021030404,0.0859966,0.17151873,0.010241022,0.48206976
7,7,OUT,OUT,0.17516527,0.039292593,0.0043342053,0.051915467,0.090669475,0.12904128,0.02017766,0.48940408
5,7,SO,OUT,0.10137003,0.031335916,0.003038495,0.018194469,0.07243742,0.06283815,0.019383183,0.6914023
7,7,OUT,OUT,0.18229415,0.063248575,0.0063273143,0.02596678,0.05985012,0.12221817,0.012086024,0.5280089
7,7,OUT,OUT,0.18844138,0.066514425,0.0030521122,0.017407518,0.040320303,0.19982411,0.007902784,0.4765373
7,7,OUT,OUT,0.13443354,0.04524605,0.0038848948,0.014181522,0.03071116,0.19968255,0.0073155267,0.5645448
6,7,HBP,OUT,0.098126486,0.027953833,0.003279018,0.017510353,0.0753533,0.3039644,0.0087934155,0.4650191
7,7,OUT,OUT,0.25878763,0.047093026,0.004221699,0.014282366,0.0738751,0.09338337,0.006946884,0.50141
1,7,DOUBLE,OUT,0.167859,0.06361015,0.005021287,0.029367868,0.08977982,0.08850505,0.015193531,0.54066336
0,7,SINGLE,OUT,0.24390954,0.039411437,0.003970733,0.007659925,0.079239815,0.06794477,0.009906329,0.5479575
0,7,SINGLE,OUT,0.22876406,0.043637693,0.0032641452,0.026006203,0.088431925,0.1437627,0.012680105,0.4534532
0,7,SINGLE,OUT,0.19399628,0.026909297,0.0061787907,0.011728747,0.067346744,0.13095635,0.0063249306,0.5565589
5,7,SO,OUT,0.12737344,0.039349943,0.0020532038,0.015750341,0.0336491,0.2712082,0.008422672,0.5021931
7,7,OUT,OUT,0.12627354,0.030813403,0.0032670854,0.0138280485,0.04270861,0.3147119,0.008821204,0.45957613
5,7,SO,OUT,0.11039365,0.022072364,0.0025106845,0.019652508,0.05312052,0.2481583,0.013526069,0.5305659
4,7,BB,OUT,0.2042407,0.100946546,0.007032042,0.05825565,0.09204718,0.1512748,0.014851287,0.37135178
7,7,OUT,OUT,0.19990447,0.051513884,0.004532093,0.012503814,0.06861048,0.10247572,0.010801481,0.54965806
5,7,SO,OUT,0.24498175,0.06107795,0.011406665,0.028070576,0.09474064,0.14427887,0.01719865,0.3982449
7,7,OUT,OUT,0.14526969,0.04844498,0.00198474,0.016163222,0.028583923,0.25554416,0.012678158,0.49133122
5,7,SO,OUT,0.092416435,0.05387882,0.0033667062,0.030984813,0.120189615,0.31717944,0.0086093275,0.37337476
0,7,SINGLE,OUT,0.17978686,0.03254254,0.00223484,0.020225525,0.05318098,0.096707255,0.0077026105,0.60761946
7,7,OUT,OUT,0.18017152,0.04825645,0.003700987,0.017051809,0.0747457,0.058556933,0.0117411185,0.6057755
5,7,SO,OUT,0.13362974,0.042534158,0.0033633644,0.021804534,0.11675703,0.13258228,0.014908728,0.5344202
7,7,OUT,OUT,0.11029812,0.035583433,0.003145576,0.008115619,0.04822376,0.13674153,0.0060158423,0.65187615
7,7,OUT,OUT,0.17712787,0.031079002,0.0051403497,0.0067679486,0.047042526,0.128654,0.003556259,0.6006321
0,7,SINGLE,OUT,0.1368864,0.03968369,0.0060538007,0.009031008,0.080346145,0.17333916,0.004133634,0.5505261
7,7,OUT,OUT,0.16057238,0.054506853,0.0055510015,0.0156092625,0.08528074,0.24780995,0.0051465775,0.42552322
5,7,SO,OUT,0.08564338,0.03614423,0.0026714038,0.010455568,0.08735704,0.2461649,0.004980738,0.5265828
7,7,OUT,OUT,0.15257478,0.04039992,0.004720559,0.021323526,0.053070128,0.26032975,0.011984436,0.45559686
7,7,OUT,OUT,0.09729485,0.027593361,0.0033266982,0.016315108,0.054159366,0.1480962,0.011234885,0.6419795
7,7,OUT,OUT,0.17413539,0.020957623,0.0070907166,0.019753166,0.09730563,0.14463657,0.01655529,0.5195656
4,7,BB,OUT,0.1351578,0.029432006,0.003939074,0.021585217,0.08135675,0.23630342,0.009488173,0.48273757
7,7,OUT,OUT,0.13068494,0.017810917,0.005421258,0.0084926775,0.08980786,0.2049319,0.008468612,0.5343818
7,7,OUT,OUT,0.16770285,0.016593955,0.0035863686,0.028210811,0.054067716,0.24018739,0.005597284,0.48405364
7,7,OUT,OUT,0.2020143,0.0326708,0.006157584,0.024249079,0.10109588,0.17165029,0.011991773,0.45017037
7,7,OUT,OUT,0.119390264,0.023006635,0.005146768,0.022502081,0.06561336,0.21454151,0.006740305,0.5430591
7,7,OUT,OUT,0.28113645,0.026530646,0.007393356,0.02202746,0.0779018,0.15520006,0.011708984,0.41810125
7,7,OUT,OUT,0.19211519,0.0316853,0.0035583712,0.020107867,0.05898931,0.16414702,0.008775254,0.52062166
5,7,SO,OUT,0.21131168,0.036859185,0.005478484,0.017357232,0.060916737,0.073145665,0.00752458,0.58740646
7,7,OUT,OUT,0.1662436,0.031217989,0.0029927138,0.018718962,0.054564755,0.22551432,0.011013074,0.4897346
5,7,SO,OUT,0.1801716,0.058697794,0.0058238087,0.024648855,0.08992103,0.1342519,0.011687171,0.49479792
7,7,OUT,OUT,0.12119596,0.044246692,0.0026909027,0.009358809,0.115106136,0.3339109,0.009592284,0.36389828
7,7,OUT,OUT,0.14229178,0.034835577,0.0029065867,0.024829226,0.04095986,0.14727744,0.009520175,0.5973794
5,7,SO,OUT,0.20714001,0.04333861,0.0020786226,0.027055485,0.0922308,0.10995804,0.011910756,0.50628763
0,7,SINGLE,OUT,0.15566145,0.05534467,0.0028346698,0.023697015,0.09208847,0.18751952,0.007727947,0.4751262
7,7,OUT,OUT,0.2313603,0.039854016,0.0030986692,0.014383192,0.08838246,0.12022106,0.0097185755,0.49298176
4,7,BB,OUT,0.12574808,0.03172774,0.002903777,0.019348832,0.084464595,0.21259052,0.011164999,0.51205146
5,7,SO,OUT,0.18991286,0.034540303,0.00515842,0.011905082,0.04600037,0.20123379,0.013657202,0.49759194
0,7,SINGLE,OUT,0.17420974,0.038809754,0.0063121696,0.017431019,0.08720606,0.24826786,0.010581314,0.4171821
5,7,SO,OUT,0.09637411,0.025692206,0.0024895421,0.009553699,0.055275656,0.29702845,0.0115335975,0.5020527
5,7,SO,OUT,0.16342811,0.032522686,0.0032925594,0.03250346,0.041192356,0.2224486,0.013599138,0.49101308
7,7,OUT,OUT,0.14333686,0.038172968,0.002330686,0.02845217,0.06617822,0.27985412,0.014811352,0.42686358
5,7,SO,OUT,0.15441464,0.04060168,0.003727264,0.00973782,0.0600207,0.19543353,0.008350972,0.5277134
5,7,SO,OUT,0.26297364,0.033440787,0.004720429,0.028914932,0.08818414,0.10192195,0.007219181,0.4726249
5,7,SO,OUT,0.15348311,0.022736724,0.0024750393,0.014035066,0.06106346,0.23684677,0.007463835,0.50189596
7,7,OUT,OUT,0.23552135,0.020889314,0.0038833967,0.013718091,0.12892221,0.16980717,0.008464521,0.41879395
5,7,SO,OUT,0.16873524,0.030155946,0.0034739913,0.013132293,0.062703565,0.14745371,0.010364007,0.5639813
0,7,SINGLE,OUT,0.18153694,0.023734862,0.0053732973,0.011725044,0.028608391,0.21543649,0.008508677,0.52507627
5,7,SO,OUT,0.24297485,0.036945354,0.005111677,0.017471783,0.04663163,0.12416902,0.011746266,0.51494944
7,7,OUT,OUT,0.14159285,0.030328475,0.0026465412,0.03017723,0.06615902,0.27794927,0.011576508,0.4395701
7,7,OUT,OUT,0.124055795,0.022763496,0.003046092,0.013207702,0.05424861,0.3068641,0.00740605,0.46840814
7,7,OUT,OUT,0.20571007,0.034480285,0.005109379,0.0395604,0.07959013,0.18294412,0.0106372,0.4419685
5,7,SO,OUT,0.1938721,0.043787263,0.0042676823,0.022393787,0.15368995,0.14432384,0.009064899,0.4286004
7,7,OUT,OUT,0.16449857,0.026315302,0.0025386657,0.04573976,0.13978212,0.26173508,0.006732195,0.3526584
7,7,OUT,OUT,0.15115157,0.03844594,0.0036922356,0.012838063,0.041244842,0.26895946,0.011427056,0.4722408
7,7,OUT,OUT,0.16291723,0.022205917,0.004647002,0.01884138,0.05079214,0.22114189,0.011390192,0.5080642
5,7,SO,OUT,0.1495995,0.01762459,0.0047556655,0.007298783,0.035167016,0.24460948,0.0063693207,0.5345756
0,7,SINGLE,OUT,0.21656719,0.0289998,0.0032745155,0.030333156,0.12674993,0.18802582,0.012325232,0.39372438
5,7,SO,OUT,0.2333398,0.03196246,0.003675457,0.025608363,0.118908875,0.14143914,0.00873748,0.43632838
5,7,SO,OUT,0.17029864,0.034175605,0.0031774999,0.018491028,0.106516615,0.21408762,0.0050139967,0.4482391
7,7,OUT,OUT,0.19573613,0.025289081,0.006952985,0.014540223,0.048955087,0.28018376,0.012873434,0.41546932
6,7,HBP,OUT,0.169341,0.029174117,0.005277314,0.01024792,0.08479189,0.255631,0.008261251,0.43727553
7,7,OUT,OUT,0.22586834,0.0286121,0.007179842,0.013201116,0.059009,0.17839667,0.009421007,0.47831184
0,7,SINGLE,OUT,0.15408318,0.021391118,0.004391928,0.013981136,0.059823584,0.21084698,0.012793926,0.5226882
5,7,SO,OUT,0.10279758,0.0209206,0.0036051455,0.019674314,0.09302232,0.32214266,0.011635854,0.4262015
0,7,SINGLE,OUT,0.118830524,0.0338237,0.003513046,0.027258229,0.057270583,0.30892265,0.012208481,0.43817282
7,7,OUT,OUT,0.20531175,0.034432396,0.0042319633,0.017438188,0.090401344,0.17548138,0.01347944,0.45922354
5,7,SO,OUT,0.11914441,0.04448098,0.0018184462,0.030482644,0.075878836,0.28872102,0.012746186,0.42672753
7,7,OUT,OUT,0.15970178,0.027137192,0.0085697565,0.01602186,0.06536165,0.25110513,0.0098585775,0.4622441
7,7,OUT,OUT,0.13733424,0.047431204,0.005018164,0.021352034,0.031272452,0.23842327,0.0107591925,0.5084095
7,7,OUT,OUT,0.20831722,0.029954238,0.004353407,0.013263765,0.12813422,0.125679,0.012960399,0.47733778
5,7,SO,OUT,0.21470091,0.04697167,0.0076424917,0.018425196,0.10095168,0.21792136,0.011223555,0.38216308
7,7,OUT,OUT,0.11488087,0.031240515,0.0021119015,0.00733855,0.12943377,0.21409741,0.0074523278,0.49344474
5,7,SO,OUT,0.14670315,0.027694577,0.005363398,0.020847896,0.04890502,0.28769568,0.010303156,0.4524871
7,7,OUT,OUT,0.13549486,0.03076334,0.0029093553,0.01586962,0.075507455,0.30783507,0.0134311635,0.41818914
5,5,SO,SO,0.12109325,0.030108763,0.0042781103,0.0071419976,0.07489002,0.42162293,0.009741726,0.33112323
7,7,OUT,OUT,0.14313844,0.024570929,0.003662084,0.020573284,0.0671057,0.2576063,0.008958386,0.47438484
7,7,OUT,OUT,0.14754875,0.030063929,0.0044894624,0.014459343,0.10445963,0.2230679,0.012200155,0.4637109
7,7,OUT,OUT,0.13136977,0.022432977,0.003979611,0.010875052,0.07979646,0.32100144,0.0095557645,0.4209889
7,7,OUT,OUT,0.17977521,0.026015721,0.004901899,0.014487804,0.051320918,0.31657076,0.009576641,0.39735103
3,5,HR,SO,0.10500265,0.028738825,0.004521856,0.020357585,0.051476162,0.46980202,0.013020851,0.30708006
7,7,OUT,OUT,0.105608985,0.020314375,0.003919083,0.013060858,0.051801633,0.2907545,0.012773798,0.5017668
5,7,SO,OUT,0.10115261,0.02472308,0.0023912198,0.007971188,0.0600958,0.29394364,0.010708806,0.49901363
0,7,SINGLE,OUT,0.3014608,0.050250266,0.0060901344,0.031929992,0.06956869,0.13694793,0.005682707,0.3980695
7,7,OUT,OUT,0.19941878,0.037430562,0.00812003,0.0111326985,0.1258994,0.15631811,0.0108323665,0.4508481
7,7,OUT,OUT,0.13570052,0.021199845,0.004690918,0.010927852,0.13538499,0.24498482,0.009787226,0.4373238
7,7,OUT,OUT,0.1598878,0.022421448,0.0052994797,0.009876796,0.06953415,0.15999812,0.011288403,0.5616938
7,7,OUT,OUT,0.21503446,0.03367172,0.0044699768,0.010447216,0.08258739,0.24172184,0.0144049805,0.3976624
5,7,SO,OUT,0.1427614,0.03679857,0.00448991,0.012578821,0.05954542,0.26947066,0.017160956,0.45719427
5,7,SO,OUT,0.15162565,0.020970095,0.0035575829,0.02889235,0.1178211,0.26934677,0.008405385,0.39938107
5,7,SO,OUT,0.23873882,0.025503624,0.010114891,0.012242562,0.068303116,0.1604927,0.0040994934,0.48050475
7,7,OUT,OUT,0.1100359,0.023856299,0.004054604,0.009030434,0.059934624,0.33625075,0.006748242,0.45008922
7,7,OUT,OUT,0.22434047,0.037060745,0.0065832087,0.0154674295,0.1561702,0.15878636,0.0059147202,0.39567685
7,7,OUT,OUT,0.2747033,0.04535268,0.003707983,0.02683882,0.08261792,0.22231199,0.007107147,0.33736017
5,7,SO,OUT,0.17266011,0.054384183,0.008775163,0.014290461,0.093478344,0.18778327,0.0072591533,0.46136928
4,7,BB,OUT,0.21493448,0.022252023,0.004455338,0.009365769,0.044610247,0.16277571,0.013250624,0.5283559
0,7,SINGLE,OUT,0.15333298,0.022931071,0.0023276887,0.013599905,0.10959094,0.20551129,0.0076228357,0.48508322
0,7,SINGLE,OUT,0.1328892,0.048679743,0.0034548244,0.015134694,0.08833821,0.2223516,0.0062274793,0.48292428
7,7,OUT,OUT,0.13526577,0.04065486,0.003721016,0.0097123,0.102487415,0.29225525,0.014648907,0.40125453
4,7,BB,OUT,0.212045,0.04797409,0.0029368626,0.012538437,0.08325982,0.1764141,0.0073880404,0.4574436
7,7,OUT,OUT,0.2042878,0.031410374,0.0034647216,0.01795604,0.05747037,0.18599848,0.008775884,0.49063623
7,7,OUT,OUT,0.25104707,0.03545848,0.005177774,0.015066926,0.05559608,0.085713185,0.008633967,0.5433065
7,7,OUT,OUT,0.1920391,0.032995455,0.0028145725,0.016564514,0.06462693,0.23888917,0.011013004,0.4410572
7,7,OUT,OUT,0.14351936,0.0472373,0.0034589535,0.01940467,0.077377744,0.23962909,0.007115488,0.46225744
5,7,SO,OUT,0.23182118,0.03674769,0.004418092,0.012799877,0.13313536,0.13589458,0.009780554,0.43540263
5,7,SO,OUT,0.12858371,0.028066212,0.0023841006,0.012529673,0.09089163,0.26671064,0.009340614,0.4614935
1,7,DOUBLE,OUT,0.1702248,0.026614947,0.002660756,0.016074933,0.03941586,0.16081642,0.009871998,0.5743204
7,7,OUT,OUT,0.20179771,0.043537904,0.0038748917,0.021904765,0.09506467,0.12131324,0.02307936,0.48942742
7,7,OUT,OUT,0.18907467,0.049519688,0.0049656667,0.007698258,0.10507498,0.17825131,0.013133004,0.45228243
7,7,OUT,OUT,0.17413725,0.02157699,0.0049747434,0.014132787,0.09219693,0.26652154,0.018012036,0.40844765
4,7,BB,OUT,0.13684313,0.03324813,0.004677985,0.01417517,0.049326,0.34554717,0.0088643795,0.407318
4,7,BB,OUT,0.21146715,0.0272804,0.0065394673,0.016208377,0.10458095,0.16578998,0.013844719,0.4542889
7,7,OUT,OUT,0.24160545,0.0381444,0.0052496213,0.007278367,0.12791811,0.18062949,0.01817937,0.38099518
0,7,SINGLE,OUT,0.19698569,0.031237781,0.005658964,0.00877029,0.040372796,0.19906196,0.015586869,0.50232565
7,7,OUT,OUT,0.115749694,0.029379241,0.0031639698,0.00902164,0.057685908,0.2676329,0.011957769,0.5054089
7,7,OUT,OUT,0.091664225,0.029564563,0.0025943934,0.00782469,0.113912016,0.20943747,0.010233867,0.53476876
0,7,SINGLE,OUT,0.2139402,0.025738096,0.004534338,0.017933395,0.06352257,0.16898063,0.006867851,0.4984829
0,7,SINGLE,OUT,0.20502034,0.033633865,0.00603854,0.0154419225,0.05258138,0.08267042,0.009235758,0.5953778
7,7,OUT,OUT,0.25809678,0.034142192,0.0042229975,0.012583951,0.08542927,0.1619974,0.010228877,0.43329856
7,7,OUT,OUT,0.14536613,0.027444806,0.0046730824,0.013461381,0.07637621,0.11284265,0.011566246,0.6082695
7,7,OUT,OUT,0.18685775,0.03457184,0.0029079777,0.02164884,0.05944884,0.12949458,0.011704123,0.55336607
7,7,OUT,OUT,0.1568303,0.034257956,0.0029596875,0.020139419,0.057560354,0.24268612,0.012099964,0.47346625
7,7,OUT,OUT,0.22238402,0.03674857,0.0037462986,0.030649683,0.06313917,0.17534031,0.0070684464,0.46092346
1,7,DOUBLE,OUT,0.17536078,0.027041996,0.0044177063,0.018920373,0.10862179,0.16847031,0.008744477,0.4884225
5,7,SO,OUT,0.12907189,0.028995762,0.004025381,0.024878772,0.043624945,0.3024493,0.0117607545,0.4551933
5,7,SO,OUT,0.09911069,0.028505495,0.006824812,0.023492085,0.06304973,0.28519723,0.0098248245,0.48399505
0,7,SINGLE,OUT,0.1524954,0.031990595,0.004511413,0.009122687,0.053756457,0.10501734,0.005315655,0.63779044
5,7,SO,OUT,0.14608625,0.058587585,0.0037139615,0.019295571,0.0896155,0.10709881,0.0061377455,0.56946456
5,7,SO,OUT,0.11023023,0.058197394,0.0035832245,0.039803565,0.096793555,0.115535535,0.0109718,0.5648847
7,7,OUT,OUT,0.10232607,0.028535899,0.0017223501,0.0119022215,0.0440647,0.21215484,0.0058580763,0.5934358
5,7,SO,OUT,0.20354806,0.035831045,0.010062079,0.023624435,0.11251939,0.17895415,0.01290764,0.42255324
7,7,OUT,OUT,0.23766565,0.0350092,0.00781355,0.018155387,0.08668793,0.15462445,0.018429214,0.44161466
7,7,OUT,OUT,0.20640402,0.031577583,0.005243082,0.016855791,0.058652997,0.19543228,0.013065563,0.47276863
7,7,OUT,OUT,0.13614836,0.045171816,0.0046227286,0.01146781,0.06292685,0.15891695,0.008522348,0.5722231
7,7,OUT,OUT,0.15936229,0.05084016,0.005905478,0.0082549,0.048722472,0.11974348,0.0052819215,0.6018893
7,7,OUT,OUT,0.21536925,0.037721872,0.007420568,0.016986417,0.13062489,0.1606468,0.013778646,0.4174516
1,7,DOUBLE,OUT,0.10293264,0.035997227,0.002083125,0.01909353,0.09291115,0.22116326,0.007968976,0.51785016
7,7,OUT,OUT,0.090070605,0.011953588,0.0035975566,0.010360173,0.07051508,0.15926443,0.0051352694,0.6491032
5,7,SO,OUT,0.1385443,0.053274743,0.0032463458,0.03551967,0.064727165,0.1921816,0.008446982,0.50405914
7,7,OUT,OUT,0.14046343,0.045021266,0.0024628825,0.035601437,0.09607893,0.25128365,0.010068068,0.41902038
7,7,OUT,OUT,0.2417168,0.050760623,0.006268432,0.014200066,0.07508288,0.14956047,0.016480623,0.44593012
7,7,OUT,OUT,0.16172078,0.04306363,0.007126336,0.021060588,0.091305695,0.22243372,0.0077523654,0.44553685
1,7,DOUBLE,OUT,0.14325257,0.036099598,0.0018853395,0.019978637,0.055567313,0.13018678,0.0054471553,0.60758257
7,7,OUT,OUT,0.16878465,0.06136059,0.004314054,0.01832085,0.095259376,0.1395796,0.013499146,0.49888176
7,7,OUT,OUT,0.1893662,0.038010616,0.0077352794,0.018051615,0.13401914,0.13560008,0.014974573,0.46224257
7,7,OUT,OUT,0.11659206,0.052880455,0.00594121,0.029008657,0.15061794,0.19741727,0.015612785,0.4319296
0,7,SINGLE,OUT,0.20116511,0.024999723,0.005768253,0.011058328,0.10425294,0.13677736,0.008880814,0.50709754
0,7,SINGLE,OUT,0.09138877,0.034680348,0.0037500684,0.0062261005,0.10256117,0.17049517,0.0094389925,0.58145934
7,7,OUT,OUT,0.23794633,0.063181795,0.014600655,0.017424256,0.08124815,0.18771914,0.012575206,0.3853046
1,7,DOUBLE,OUT,0.24934791,0.065187104,0.010417579,0.024811804,0.059916053,0.1226282,0.016027177,0.45166418
4,7,BB,OUT,0.12480317,0.053922344,0.003117716,0.06860168,0.09575395,0.24871723,0.009655637,0.3954283
0,7,SINGLE,OUT,0.15430965,0.021312295,0.0042854818,0.012344,0.041137557,0.26410306,0.0066860765,0.49582186
7,7,OUT,OUT,0.21015435,0.027245816,0.009824312,0.024684679,0.07029811,0.11930452,0.010600543,0.52788764
0,7,SINGLE,OUT,0.21941139,0.035152994,0.009834795,0.020327039,0.07085871,0.13734315,0.013486293,0.49358556
7,7,OUT,OUT,0.20784883,0.03597918,0.012533402,0.0571653,0.0666367,0.13141312,0.023201002,0.46522242
7,7,OUT,OUT,0.13409595,0.03393401,0.0032222215,0.0135597605,0.063328974,0.20763218,0.0061929105,0.538034
7,7,OUT,OUT,0.11591004,0.041921332,0.0043055997,0.010362952,0.052502785,0.10800959,0.0047700796,0.6622177
2,7,TRIPLE,OUT,0.11276386,0.07611428,0.0020838687,0.024307486,0.07762245,0.1795841,0.006582578,0.5209414
5,7,SO,OUT,0.12774432,0.048294667,0.002878429,0.030711815,0.05547771,0.2048127,0.0078062923,0.522274
3,7,HR,OUT,0.12689929,0.04369699,0.0053547653,0.050256882,0.075684294,0.28381,0.008375941,0.40592182
7,7,OUT,OUT,0.26803783,0.058835637,0.006237028,0.022649301,0.06372405,0.12118197,0.018023172,0.44131094
7,7,OUT,OUT,0.26184407,0.04477012,0.008461834,0.020854736,0.092910916,0.14899473,0.013258302,0.40890533
1,7,DOUBLE,OUT,0.19526514,0.044515707,0.004576055,0.03030378,0.054925635,0.20854408,0.0065572937,0.45531228
7,7,OUT,OUT,0.16799302,0.039478365,0.005598147,0.020098493,0.11443957,0.25813064,0.015099503,0.37916222
7,7,OUT,OUT,0.1084182,0.02882128,0.0015861049,0.017974561,0.045214508,0.1778328,0.0042237057,0.6159288
7,7,OUT,OUT,0.11785183,0.04395852,0.0021807768,0.038803063,0.10985255,0.16445337,0.0078961,0.51500386
7,7,OUT,OUT,0.1252434,0.03576426,0.0032348845,0.011615038,0.10130531,0.15196356,0.006413415,0.5644602
4,7,BB,OUT,0.20374382,0.0396356,0.010689888,0.025735779,0.08994165,0.12875277,0.00988903,0.49161157
7,7,OUT,OUT,0.29808405,0.03893455,0.006110629,0.025051283,0.08756312,0.10069123,0.011706938,0.4318582
5,7,SO,OUT,0.17432624,0.046636123,0.010706563,0.05169452,0.117438406,0.12997736,0.012745643,0.45647508
5,7,SO,OUT,0.10721663,0.03832998,0.0059953006,0.022765273,0.04735156,0.31116465,0.0073470874,0.45982954
7,7,OUT,OUT,0.14688398,0.04410322,0.0040448164,0.012164853,0.06787886,0.17629012,0.00593714,0.542697
7,7,OUT,OUT,0.1929664,0.018304981,0.004265239,0.01151316,0.08456911,0.12971202,0.0059027337,0.5527663
5,7,SO,OUT,0.12497792,0.035027232,0.009011039,0.013717028,0.058015443,0.29665622,0.0026415254,0.4599536
7,7,OUT,OUT,0.25393423,0.02336622,0.0056129904,0.009712164,0.101794876,0.11808737,0.010508373,0.47698385
5,7,SO,OUT,0.17178777,0.027219083,0.0038282806,0.01261543,0.08243877,0.14825387,0.005226171,0.54863065
6,7,HBP,OUT,0.23574331,0.030017657,0.006187325,0.022668581,0.07229453,0.15296735,0.008857841,0.47126338
7,7,OUT,OUT,0.11445469,0.04307349,0.0020650444,0.010590323,0.1230353,0.23250368,0.013415157,0.46086228
5,7,SO,OUT,0.13310213,0.030244328,0.0028893815,0.022235455,0.050154857,0.31378484,0.014197324,0.43339178
3,7,HR,OUT,0.12559417,0.025366485,0.0024586366,0.021176964,0.05292979,0.36297083,0.0080468,0.4014564
0,7,SINGLE,OUT,0.1343387,0.02547451,0.003369577,0.014148382,0.049646173,0.31284937,0.0063798735,0.45379347
0,7,SINGLE,OUT,0.11533771,0.028276686,0.003995909,0.017206147,0.034850262,0.2483678,0.012602436,0.5393631
0,7,SINGLE,OUT,0.10185148,0.01795328,0.0035516769,0.018958967,0.062245183,0.2351967,0.01197966,0.548263
7,7,OUT,OUT,0.13628717,0.018798184,0.0033905474,0.007713837,0.033558067,0.1920236,0.0053720204,0.6028566
7,7,OUT,OUT,0.17036259,0.035546888,0.003265673,0.031601753,0.061735515,0.1573493,0.0056711314,0.5344672
7,7,OUT,OUT,0.24091972,0.04710157,0.0038123173,0.037141718,0.07794956,0.18812352,0.0075576445,0.39739394
4,7,BB,OUT,0.14882183,0.024613503,0.0042889244,0.019858204,0.056079607,0.31469402,0.00534147,0.42630243
7,7,OUT,OUT,0.19373842,0.026794814,0.0047821226,0.01586519,0.030435646,0.18641244,0.0067329207,0.53523844
7,7,OUT,OUT,0.20868704,0.037548635,0.00519239,0.022735164,0.03877472,0.23882759,0.008900489,0.4393339
5,7,SO,OUT,0.12248495,0.03351286,0.002450463,0.028797131,0.057344712,0.32487342,0.0068057184,0.42373067
7,7,OUT,OUT,0.21089394,0.030976752,0.0039738463,0.05213305,0.082594745,0.20995173,0.009220479,0.40025547
7,7,OUT,OUT,0.19599712,0.036226366,0.0046819514,0.029653981,0.090535685,0.18607223,0.012183013,0.44464964
7,7,OUT,OUT,0.20404185,0.031527985,0.0035307377,0.025231939,0.07355169,0.20462465,0.009301705,0.44818938
7,7,OUT,OUT,0.16268325,0.034822766,0.0028066991,0.01758659,0.045423858,0.28099993,0.0053072544,0.45036972
7,7,OUT,OUT,0.18167266,0.030098038,0.005075883,0.014964747,0.036422472,0.24744338,0.007543339,0.47677943
7,7,OUT,OUT,0.113956966,0.033143077,0.0026433542,0.01916892,0.043435246,0.24997912,0.00573367,0.5319397
7,7,OUT,OUT,0.23723531,0.027968261,0.002757947,0.050068174,0.09494921,0.16234595,0.007504828,0.41717035
7,7,OUT,OUT,0.2007992,0.040741276,0.0032879724,0.039266743,0.17081542,0.17349537,0.01540075,0.35619333
5,7,SO,OUT,0.20474842,0.041865185,0.0037807534,0.019996952,0.08238822,0.14494506,0.007586719,0.49468866
0,7,SINGLE,OUT,0.14766946,0.038331725,0.004721605,0.009745126,0.08795147,0.23965369,0.0073194643,0.46460745
5,7,SO,OUT,0.16858824,0.026378173,0.0063380683,0.020232946,0.031972423,0.27923366,0.0092793945,0.45797715
7,7,OUT,OUT,0.18120807,0.030623863,0.0060394662,0.018782469,0.03210059,0.27030218,0.01177303,0.44917023
7,7,OUT,OUT,0.19569096,0.03861709,0.0024187034,0.04288737,0.107609816,0.16139437,0.017615063,0.43376654
7,7,OUT,OUT,0.18527772,0.020744616,0.004627761,0.029718464,0.06258704,0.1583842,0.010593692,0.5280666
7,7,OUT,OUT,0.2179377,0.029564494,0.002197039,0.063635685,0.12286108,0.19583298,0.007975643,0.35999534
5,7,SO,OUT,0.17148356,0.022942655,0.005112724,0.012461101,0.07447474,0.23105726,0.015799128,0.46666875
7,7,OUT,OUT,0.16704215,0.03702171,0.006329672,0.010902338,0.07985175,0.14789648,0.01138945,0.53956646
0,7,SINGLE,OUT,0.11011513,0.024124863,0.004183386,0.007237082,0.071133316,0.21575096,0.0068243984,0.5606308
7,7,OUT,OUT,0.15461782,0.016619744,0.006712986,0.014681543,0.0963391,0.17275275,0.011444249,0.52683175
0,7,SINGLE,OUT,0.1700059,0.05768106,0.0028492406,0.021238545,0.09219714,0.20969716,0.011465782,0.4348652
7,7,OUT,OUT,0.14637989,0.02474142,0.002430493,0.024654273,0.05809012,0.30042505,0.008371866,0.4349069
7,7,OUT,OUT,0.13344401,0.02508731,0.0036002388,0.03605796,0.13524447,0.32420456,0.016479641,0.32588184
7,7,OUT,OUT,0.13971491,0.042779632,0.0061789053,0.018719813,0.062498488,0.194102,0.008923371,0.5270828
7,7,OUT,OUT,0.1804874,0.044540953,0.00504602,0.0193619,0.09811564,0.1768623,0.011941753,0.46364406
3,7,HR,OUT,0.1302641,0.027264604,0.0034163003,0.011321851,0.06624443,0.24121019,0.0055303625,0.51474816
4,7,BB,OUT,0.11707383,0.040408738,0.004535498,0.015135599,0.07999751,0.24347425,0.0077307047,0.49164385
5,7,SO,OUT,0.17294171,0.027480513,0.00691047,0.010280198,0.07089677,0.23193675,0.016506923,0.4630466
5,7,SO,OUT,0.13818619,0.027452832,0.0063464963,0.010916049,0.08473236,0.19430155,0.006064272,0.5320002
0,7,SINGLE,OUT,0.1664023,0.030877318,0.006504274,0.022866623,0.15220593,0.24056152,0.007958134,0.37262386
5,7,SO,OUT,0.16640969,0.0398251,0.0037632242,0.018236462,0.10150643,0.25448447,0.0086057475,0.40716884
7,7,OUT,OUT,0.11922222,0.02973357,0.0027329081,0.017339304,0.09532037,0.26815015,0.01032474,0.45717674
5,7,SO,OUT,0.1694502,0.04173234,0.006228757,0.017924268,0.027226338,0.25207615,0.010867026,0.4744949
5,7,SO,OUT,0.15230103,0.04411582,0.0030433498,0.024393769,0.045304954,0.30447006,0.014298061,0.41207302
0,7,SINGLE,OUT,0.2245277,0.028561056,0.0049289297,0.011628293,0.039477013,0.19901991,0.007766088,0.484091
7,7,OUT,OUT,0.16267791,0.022249606,0.0025721595,0.010590016,0.028162802,0.18171342,0.009879905,0.58215415
7,7,OUT,OUT,0.10363677,0.021367447,0.004587997,0.008120156,0.076237135,0.19465494,0.00527973,0.58611584
7,7,OUT,OUT,0.18782602,0.039198272,0.003660992,0.059025295,0.080823064,0.18818912,0.009890766,0.43138635
4,7,BB,OUT,0.21442495,0.037006486,0.0054008104,0.04397339,0.094428934,0.16543542,0.008349292,0.43098068
0,7,SINGLE,OUT,0.24645998,0.03042583,0.010174234,0.021971306,0.11218607,0.19619994,0.00630462,0.376278
7,7,OUT,OUT,0.14411373,0.025058078,0.0034105382,0.03308898,0.1228478,0.22764485,0.0058449544,0.43799114
3,7,HR,OUT,0.10893351,0.020994414,0.0039666323,0.024808321,0.1160093,0.28610486,0.0063746423,0.43280834
4,7,BB,OUT,0.11821559,0.023445342,0.004505534,0.013366757,0.06117918,0.21835057,0.0028613608,0.55807567
0,7,SINGLE,OUT,0.103874885,0.022730438,0.004191507,0.011511326,0.065081,0.25506184,0.007994373,0.5295546
5,7,SO,OUT,0.12548742,0.03271725,0.0035307142,0.019009804,0.07392471,0.20528823,0.008534531,0.5315074
7,7,OUT,OUT,0.17698987,0.036109723,0.004995306,0.009806652,0.07805906,0.20189528,0.006941522,0.4852026
7,7,OUT,OUT,0.18220723,0.021652712,0.005471593,0.013959056,0.04398989,0.24499351,0.0041456576,0.48358044
7,7,OUT,OUT,0.10988904,0.019388437,0.002680559,0.0108595565,0.060215622,0.2292109,0.0053944644,0.5623614
5,7,SO,OUT,0.090056404,0.025054486,0.005089652,0.02463157,0.07029721,0.30530736,0.0061642877,0.473399
7,7,OUT,OUT,0.11985335,0.028861262,0.0039092437,0.009670799,0.07005653,0.28272635,0.006381336,0.47854114
5,7,SO,OUT,0.19998786,0.029569158,0.0047380114,0.011704229,0.04465182,0.18921709,0.008115625,0.51201624
4,7,BB,OUT,0.22481805,0.032064922,0.005653499,0.014400079,0.079382665,0.18582822,0.01439259,0.44346
5,7,SO,OUT,0.22112933,0.034263782,0.0033265098,0.024744263,0.08652788,0.16388685,0.006862988,0.4592585
0,7,SINGLE,OUT,0.16283615,0.03610641,0.004112295,0.013171177,0.06381359,0.2620192,0.005234583,0.4527066
7,7,OUT,OUT,0.09770215,0.017437985,0.004292199,0.015373371,0.08098478,0.25081247,0.00240932,0.53098774
7,7,OUT,OUT,0.13335681,0.04252291,0.00464475,0.021286178,0.086727865,0.23399945,0.0077712787,0.46969074
0,7,SINGLE,OUT,0.13065115,0.04382254,0.009278152,0.02607846,0.09618644,0.26797065,0.009524564,0.41648808
7,7,OUT,OUT,0.15127526,0.01244438,0.009764892,0.01742747,0.05248814,0.18011424,0.005043106,0.5714425
5,7,SO,OUT,0.19646586,0.020604303,0.0033362429,0.01212683,0.06563035,0.19992395,0.004650859,0.49726164
7,7,OUT,OUT,0.15733688,0.044380385,0.0062002568,0.014576043,0.06944531,0.14366607,0.009379284,0.55501574
7,7,OUT,OUT,0.15905374,0.031732373,0.0042326846,0.02138829,0.04808834,0.23060267,0.008558784,0.49634314
7,7,OUT,OUT,0.16545993,0.023265023,0.0038672483,0.019222612,0.06750277,0.17450847,0.0062031657,0.5399709
5,7,SO,OUT,0.1925614,0.028126283,0.0042258566,0.011424261,0.074672915,0.1863627,0.009738497,0.49288818
5,7,SO,OUT,0.11250753,0.022562696,0.0035491784,0.015983842,0.1281157,0.28056243,0.008925114,0.4277935
7,7,OUT,OUT,0.17430407,0.017173916,0.007132943,0.010367315,0.06916028,0.21463369,0.010031605,0.49719617
7,7,OUT,OUT,0.20104529,0.031525582,0.005879397,0.015599985,0.07949199,0.21213803,0.005157086,0.44916263
4,7,BB,OUT,0.1610061,0.04267607,0.0064726504,0.015699377,0.12199125,0.1908538,0.01266672,0.44863397
4,7,BB,OUT,0.1425879,0.031889744,0.0049148393,0.016198149,0.037574127,0.12424359,0.010303223,0.63228846
0,7,SINGLE,OUT,0.24244507,0.025648167,0.005186917,0.0153071415,0.074186884,0.12897019,0.0045633595,0.5036923
7,7,OUT,OUT,0.19390401,0.026151488,0.006348158,0.017013496,0.06423806,0.158319,0.011630323,0.52239543
7,7,OUT,OUT,0.27849331,0.015999988,0.005091463,0.00819976,0.070704296,0.11737742,0.0051112985,0.49902248
0,7,SINGLE,OUT,0.18732159,0.024211645,0.004492728,0.011239246,0.054010026,0.15219504,0.009294122,0.5572356
7,7,OUT,OUT,0.116940916,0.03013498,0.0051815854,0.013237906,0.036560606,0.17052546,0.004440032,0.62297857
7,7,OUT,OUT,0.15102673,0.034375448,0.0024711422,0.030236844,0.05009906,0.14322148,0.014371289,0.57419795
4,7,BB,OUT,0.23081043,0.03426713,0.0030741913,0.019381646,0.05081485,0.10371709,0.008701868,0.54923284
0,7,SINGLE,OUT,0.13571176,0.042884413,0.0023581795,0.029895207,0.027258,0.16379726,0.007463894,0.5906313
7,7,OUT,OUT,0.17619476,0.015137415,0.0050480794,0.011639562,0.06414915,0.14937025,0.0043649045,0.57409585
0,7,SINGLE,OUT,0.13396282,0.025038686,0.0026214554,0.014768264,0.059308816,0.2791886,0.006192405,0.478919
7,7,OUT,OUT,0.18959309,0.025092654,0.0061938097,0.020322708,0.07600628,0.15464647,0.0120674735,0.5160775
7,7,OUT,OUT,0.18749772,0.02489631,0.0037529862,0.023299318,0.060391124,0.17963736,0.009498644,0.5110266
7,7,OUT,OUT,0.103160076,0.039995134,0.0032240972,0.022746358,0.03750745,0.15215452,0.0086680865,0.6325442
7,7,OUT,OUT,0.18750063,0.031951472,0.0041171033,0.01169977,0.04577569,0.08106501,0.009391243,0.62849915
0,7,SINGLE,OUT,0.18978238,0.026355324,0.00344973,0.01580822,0.05385564,0.10763189,0.010511159,0.5926056
7,7,OUT,OUT,0.18080252,0.031261116,0.0037941905,0.016726699,0.033528734,0.1510957,0.0123611195,0.57043004
7,7,OUT,OUT,0.15425603,0.023987003,0.0028715287,0.019179493,0.062384717,0.22047621,0.007662626,0.50918245
5,7,SO,OUT,0.21972331,0.018380709,0.0038652157,0.0073375595,0.07732516,0.14490512,0.004557528,0.5239054
5,7,SO,OUT,0.19175763,0.02173724,0.004778296,0.0134267025,0.03653681,0.1828004,0.007282704,0.5416802
7,7,OUT,OUT,0.31903574,0.036157295,0.006374994,0.017612385,0.09892097,0.12956631,0.0058016893,0.3865306
7,7,OUT,OUT,0.16289681,0.023583801,0.003867798,0.018642075,0.09923588,0.15824626,0.0071193893,0.52640796
4,7,BB,OUT,0.21772127,0.040838413,0.0043551195,0.022662904,0.13085468,0.21559799,0.011360467,0.35660914
7,7,OUT,OUT,0.19510068,0.032128815,0.004404503,0.030678917,0.12500854,0.20485854,0.007932163,0.3998879
7,7,OUT,OUT,0.13947037,0.025071511,0.0035793143,0.01941786,0.088305004,0.29665476,0.0034027004,0.42409855
0,7,SINGLE,OUT,0.15384749,0.037097495,0.0048275627,0.025765046,0.1283588,0.17603828,0.017647024,0.45641828
7,7,OUT,OUT,0.08951273,0.029589524,0.0035652511,0.013017845,0.037185367,0.3598478,0.0048374142,0.46244407
7,7,OUT,OUT,0.2910569,0.034085806,0.006493647,0.022375591,0.061913844,0.13232052,0.008847093,0.44290662
7,7,OUT,OUT,0.2013209,0.04144752,0.0034937102,0.01956915,0.050094046,0.17297268,0.00926863,0.5018333
4,7,BB,OUT,0.17961003,0.05155066,0.003527934,0.017068518,0.111315876,0.16494785,0.00467722,0.46730182
7,7,OUT,OUT,0.089396134,0.027121227,0.0025941823,0.009800669,0.08842573,0.20517913,0.013420753,0.5640622
4,7,BB,OUT,0.116143234,0.02152063,0.0035412272,0.01360671,0.046360187,0.19902149,0.010853871,0.58895266
0,7,SINGLE,OUT,0.12910084,0.030177448,0.0034387396,0.014518315,0.035190098,0.22028928,0.0074748974,0.55981034
5,7,SO,OUT,0.24365185,0.03672062,0.0043446897,0.013199777,0.049458787,0.18221638,0.006787552,0.46362033
7,7,OUT,OUT,0.16501841,0.036045846,0.0068132384,0.017924285,0.033805538,0.12543297,0.0065920963,0.6083677
7,7,OUT,OUT,0.18497364,0.0359744,0.0027712837,0.028421693,0.07814119,0.24660163,0.004699022,0.41841707
7,7,OUT,OUT,0.20571949,0.048773423,0.004066757,0.013412289,0.053586274,0.22322778,0.005637282,0.44557676
7,7,OUT,OUT,0.1447817,0.041406788,0.002978814,0.028707683,0.041004688,0.22805542,0.006757721,0.5063071
5,7,SO,OUT,0.13344187,0.045579452,0.003472363,0.020301813,0.08336968,0.20526586,0.008957631,0.49961132
5,7,SO,OUT,0.1563076,0.047926314,0.0032448596,0.037564754,0.073093005,0.19604528,0.009682711,0.47613546
3,7,HR,OUT,0.22530909,0.037216652,0.006754452,0.013515302,0.086100094,0.13750905,0.0090004895,0.48459485
7,7,OUT,OUT,0.26043278,0.04099299,0.0051028254,0.0108603705,0.06274155,0.16497406,0.008947594,0.4459478
1,7,DOUBLE,OUT,0.19126737,0.019754585,0.0068722656,0.014032892,0.03818729,0.14625545,0.0069189896,0.5767112
5,7,SO,OUT,0.13415062,0.03041199,0.0026572063,0.011915838,0.050849464,0.32581007,0.0123341605,0.43187064
7,5,OUT,SO,0.13023709,0.026168387,0.004652967,0.01925708,0.069521986,0.37487346,0.009014068,0.36627492
7,7,OUT,OUT,0.15740108,0.029278627,0.005441239,0.01646628,0.062690645,0.21780214,0.009654609,0.5012654
5,7,SO,OUT,0.1015212,0.040404923,0.005078366,0.0057690484,0.06455074,0.31459078,0.0038587756,0.46422613
1,7,DOUBLE,OUT,0.12326357,0.03975141,0.0020615533,0.01679532,0.046539593,0.24853873,0.009870238,0.5131796
7,7,OUT,OUT,0.20412846,0.03041416,0.0030981908,0.016931074,0.048435465,0.06955492,0.0119125685,0.6155251
0,7,SINGLE,OUT,0.1845143,0.02889763,0.0063303458,0.010039767,0.0888328,0.20335355,0.0041352105,0.47389635
5,7,SO,OUT,0.15034227,0.028252145,0.004793877,0.013154146,0.06795439,0.24191035,0.0067672813,0.48682556
7,7,OUT,OUT,0.09257419,0.033440985,0.004877191,0.0134817185,0.0631186,0.29639745,0.007934935,0.48817495
7,7,OUT,OUT,0.15359698,0.053294424,0.0039942213,0.020123154,0.112371504,0.18458427,0.009702284,0.46233317
7,7,OUT,OUT,0.1928601,0.034902308,0.0041282433,0.016965613,0.07645891,0.13661793,0.0044679223,0.53359896
4,7,BB,OUT,0.21484981,0.027336957,0.008794321,0.019597102,0.10441864,0.12106899,0.008393193,0.49554092
5,7,SO,OUT,0.15799075,0.035207644,0.0032186583,0.017671559,0.05178142,0.19026345,0.003910677,0.53995585
7,7,OUT,OUT,0.20651145,0.044143718,0.0036651352,0.03679151,0.078327894,0.13744168,0.011384438,0.48173413
0,7,SINGLE,OUT,0.1890007,0.030855604,0.009781869,0.012004905,0.04232119,0.16957895,0.0073069017,0.5391498
7,7,OUT,OUT,0.17917739,0.020134663,0.0066721556,0.008877608,0.056648858,0.24967588,0.0057388516,0.4730746
7,7,OUT,OUT,0.2012025,0.040052198,0.0037619001,0.014662793,0.06257101,0.19664434,0.0056313244,0.47547394
7,7,OUT,OUT,0.18205458,0.023842784,0.0036623804,0.012653988,0.052775435,0.14992732,0.00430006,0.57078356
5,7,SO,OUT,0.10400732,0.033152353,0.0064261323,0.010952306,0.0982871,0.23661774,0.0049816985,0.50557524
6,7,HBP,OUT,0.06729995,0.03487344,0.0066667246,0.0100154,0.106211185,0.32434902,0.0077610537,0.44282326
7,7,OUT,OUT,0.1769,0.045274176,0.006191541,0.017005675,0.07421692,0.12784818,0.008558011,0.54400545
4,7,BB,OUT,0.17340963,0.03781825,0.0073539503,0.009084515,0.07579871,0.13294905,0.006960986,0.5566249
5,7,SO,OUT,0.18674502,0.031153373,0.006378656,0.01843668,0.116528064,0.1412289,0.013222492,0.48630682
4,7,BB,OUT,0.18445958,0.039285112,0.003971589,0.033091243,0.07809935,0.13944827,0.011281836,0.51036304
0,7,SINGLE,OUT,0.21320203,0.02451298,0.0039887866,0.019850232,0.09815355,0.14386976,0.005833999,0.49058867
7,7,OUT,OUT,0.13285759,0.031639572,0.0050641126,0.025111426,0.09569621,0.19382478,0.012702229,0.50310403
5,7,SO,OUT,0.202484,0.02429016,0.004222901,0.032821216,0.06605831,0.24980073,0.00766911,0.41265357
0,7,SINGLE,OUT,0.22697309,0.040049765,0.0068910415,0.013162656,0.062061287,0.21632516,0.0075987326,0.42693827
7,7,OUT,OUT,0.13034534,0.03903776,0.0044619273,0.024741981,0.04992994,0.24025922,0.009261354,0.50196254
7,7,OUT,OUT,0.1098902,0.032372165,0.0022261955,0.015090211,0.07597809,0.20561402,0.0041677565,0.55466133
0,7,SINGLE,OUT,0.100979514,0.03297512,0.004934531,0.028327076,0.042792603,0.25972778,0.010095924,0.52016747
7,7,OUT,OUT,0.24626243,0.029798526,0.0057675503,0.020331608,0.05703455,0.15873225,0.007362806,0.47471026
7,7,OUT,OUT,0.22365704,0.02371082,0.007480865,0.016508576,0.026396735,0.16542512,0.005707687,0.53111315
7,7,OUT,OUT,0.1982882,0.021221291,0.003954931,0.015886469,0.066148065,0.21145736,0.006804199,0.47623938
7,7,OUT,OUT,0.18928343,0.0383178,0.006575636,0.02190393,0.07394137,0.169635,0.008657073,0.49168572
7,7,OUT,OUT,0.19417204,0.021828149,0.0049093054,0.013670982,0.040137514,0.21161686,0.0051872064,0.5084779
7,7,OUT,OUT,0.15755211,0.038343642,0.004169349,0.012283179,0.062491935,0.15928502,0.01205668,0.55381805
7,7,OUT,OUT,0.17468898,0.030385742,0.004950646,0.015139411,0.046294905,0.14641245,0.008971097,0.5731568
0,7,SINGLE,OUT,0.18583858,0.02413196,0.0060662213,0.037918307,0.06648582,0.1976286,0.013510113,0.46842033
0,7,SINGLE,OUT,0.23808292,0.025281876,0.005947191,0.016398273,0.065303504,0.12933534,0.0075891353,0.5120618
7,7,OUT,OUT,0.18952669,0.027026994,0.0037615185,0.012731001,0.04293372,0.08350203,0.010874779,0.6296433
7,5,OUT,SO,0.1023638,0.018602528,0.0026220987,0.035787378,0.055941995,0.41515017,0.013884407,0.35564765
0,7,SINGLE,OUT,0.20699094,0.0346239,0.0058654076,0.01964318,0.050640535,0.0926293,0.0077019446,0.5819047
4,7,BB,OUT,0.17751788,0.04653924,0.0035937538,0.03872322,0.050739285,0.24101928,0.00382625,0.43804106
5,7,SO,OUT,0.15713324,0.029728118,0.003453247,0.011252203,0.09190293,0.23536755,0.008282286,0.46288043
7,7,OUT,OUT,0.19778721,0.03401666,0.0062108366,0.014071594,0.067730255,0.20184322,0.0084301075,0.46991012
7,7,OUT,OUT,0.1458551,0.04298774,0.0035294252,0.022188276,0.062468927,0.19716772,0.012307473,0.5134953
0,7,SINGLE,OUT,0.21588576,0.073237374,0.0036435935,0.022945704,0.07325221,0.17316602,0.008370532,0.4294988
7,7,OUT,OUT,0.09475186,0.03564666,0.003537598,0.016640512,0.060459442,0.22989891,0.011393972,0.547671
4,5,BB,SO,0.12757595,0.032880623,0.0030670266,0.016848134,0.04770253,0.3977049,0.009711028,0.3645099
5,7,SO,OUT,0.20017372,0.039113924,0.005876522,0.019360809,0.07204753,0.14287922,0.01188209,0.50866616
7,7,OUT,OUT,0.15756263,0.03412178,0.006733452,0.020419925,0.081832916,0.24264963,0.0069655743,0.44971415
5,7,SO,OUT,0.12901866,0.024147326,0.0035829605,0.012535693,0.069576606,0.17308795,0.006004425,0.58204633
7,7,OUT,OUT,0.16871308,0.029428607,0.0029896507,0.015866643,0.057649113,0.15826222,0.011019116,0.5560716
7,7,OUT,OUT,0.23003444,0.05497522,0.008484345,0.029902324,0.05777261,0.1789034,0.008083806,0.43184385
0,7,SINGLE,OUT,0.19775763,0.040894408,0.0045845546,0.013658298,0.03864287,0.11407783,0.009347105,0.58103734
7,7,OUT,OUT,0.1318388,0.019841356,0.002894771,0.025251629,0.10166042,0.15758221,0.0072200247,0.5537108
7,7,OUT,OUT,0.12400579,0.021745194,0.003744921,0.011075857,0.04178051,0.2314696,0.007986121,0.558192
7,7,OUT,OUT,0.18057162,0.033973422,0.0033271164,0.026409823,0.0580088,0.2942315,0.015963238,0.3875144
7,7,OUT,OUT,0.24997364,0.046563037,0.0058459276,0.019659366,0.04366456,0.13573553,0.013659241,0.48489872
0,7,SINGLE,OUT,0.21468368,0.040285934,0.003633363,0.030293224,0.053488582,0.21553689,0.0073054396,0.43477285
7,7,OUT,OUT,0.12952751,0.03733657,0.0035808366,0.020869713,0.07538907,0.17694432,0.0065764445,0.54977554
4,7,BB,OUT,0.15563075,0.028429484,0.00436116,0.011169576,0.072088555,0.2300031,0.0072709024,0.4910465
7,7,OUT,OUT,0.2021192,0.044675704,0.005219969,0.018865637,0.08885677,0.18079734,0.007803051,0.4516624
7,7,OUT,OUT,0.12575811,0.040883526,0.0026376601,0.031502187,0.072862364,0.19421159,0.009173539,0.522971
4,7,BB,OUT,0.25362852,0.05943363,0.0030284706,0.020526629,0.06347392,0.17345521,0.0075331125,0.41892058
7,7,OUT,OUT,0.11111096,0.024265883,0.0036705222,0.0084421765,0.04876056,0.2480672,0.0120071545,0.54367554
0,7,SINGLE,OUT,0.16956365,0.031069322,0.0023343305,0.02882847,0.07141085,0.19984892,0.0065153097,0.49042913
5,5,SO,SO,0.14644213,0.04049231,0.00525833,0.050361753,0.08694719,0.34222174,0.011325661,0.31695083
7,7,OUT,OUT,0.10764523,0.022402782,0.00419498,0.016324284,0.04983576,0.30514053,0.004571236,0.4898852
7,7,OUT,OUT,0.1649356,0.033788256,0.0039171106,0.017875465,0.09288564,0.1644687,0.005160724,0.5169684
7,7,OUT,OUT,0.15826915,0.02729993,0.002777343,0.010855414,0.08057637,0.16984326,0.0054293945,0.5449491
5,7,SO,OUT,0.11907738,0.02546307,0.0030485978,0.007931634,0.07013287,0.34687415,0.0062617627,0.42121056
5,5,SO,SO,0.25335625,0.0365778,0.0035170545,0.0148586165,0.09561225,0.29428664,0.012690327,0.28910103
5,7,SO,OUT,0.17728479,0.026650177,0.0066166203,0.011244453,0.041787434,0.2228462,0.0066090026,0.50696135
5,7,SO,OUT,0.11330103,0.019753894,0.0025187163,0.012093124,0.07737022,0.24361429,0.0077271643,0.52362156
7,7,OUT,OUT,0.14476995,0.019634118,0.0035884625,0.008958423,0.07078766,0.17229603,0.0077322894,0.57223314
0,7,SINGLE,OUT,0.16763632,0.025569806,0.0036676365,0.016891913,0.086517505,0.31960547,0.015575924,0.36453542
5,7,SO,OUT,0.13757521,0.032837756,0.006115644,0.01586872,0.049378674,0.25632462,0.0080275005,0.4938719
7,7,OUT,OUT,0.10382633,0.030745773,0.0022592722,0.030406315,0.12561364,0.3041867,0.012548272,0.39041376
0,7,SINGLE,OUT,0.12648821,0.021476127,0.008142931,0.020359188,0.13280933,0.30105665,0.012918525,0.37674904
7,7,OUT,OUT,0.18960498,0.04265286,0.00742829,0.01678011,0.17524259,0.18268795,0.009356859,0.37624636
7,7,OUT,OUT,0.16810152,0.033551645,0.0046030562,0.014806346,0.1336955,0.24729304,0.012544999,0.38540387
7,7,OUT,OUT,0.15402591,0.030589802,0.0026040468,0.015446292,0.073038295,0.20061646,0.0074729244,0.51620626
7,7,OUT,OUT,0.1522669,0.029450914,0.004211941,0.019847017,0.10528113,0.18759543,0.0130601255,0.48828653
7,7,OUT,OUT,0.17019536,0.016866274,0.0020265346,0.013981479,0.06259474,0.3030218,0.008836127,0.42247772
7,7,OUT,OUT,0.107209586,0.03343101,0.0028156792,0.014206647,0.098913565,0.21853088,0.01115478,0.51373786
5,7,SO,OUT,0.14996484,0.0382059,0.0033696399,0.020780683,0.08775104,0.19414245,0.017913837,0.48787162
0,7,SINGLE,OUT,0.2252495,0.042773426,0.0047463807,0.022590341,0.06557129,0.14908092,0.011637904,0.47835022
7,7,OUT,OUT,0.21905576,0.045125738,0.0061822566,0.018333156,0.10705234,0.14074712,0.014735962,0.4487677
4,7,BB,OUT,0.14601605,0.034923393,0.0015718959,0.017474711,0.079661466,0.19811468,0.007340919,0.51489687
7,7,OUT,OUT,0.1295073,0.046479672,0.002307481,0.025460629,0.08799771,0.29311475,0.0037424334,0.41139004
7,7,OUT,OUT,0.18374574,0.04416588,0.0058917943,0.024188634,0.13575098,0.13044465,0.0060690655,0.46974334
7,7,OUT,OUT,0.13896859,0.041516412,0.00844379,0.01992371,0.068319924,0.32919535,0.0039384607,0.38969374
7,7,OUT,OUT,0.122621045,0.027120033,0.0022844176,0.023285797,0.09830189,0.29886666,0.0068345633,0.42068574
7,7,OUT,OUT,0.13947192,0.028608406,0.0031804263,0.022787223,0.10806319,0.14330602,0.008842913,0.54573995
7,7,OUT,OUT,0.15800212,0.034507807,0.0051305154,0.011724999,0.062330835,0.20139156,0.015704108,0.5112081
0,7,SINGLE,OUT,0.1854938,0.028491603,0.003369092,0.015735544,0.04324943,0.25543192,0.0108024785,0.45742613
4,7,BB,OUT,0.224862,0.034123544,0.005133554,0.016100598,0.06435486,0.12570879,0.00901635,0.5207004
5,7,SO,OUT,0.21455523,0.041984845,0.0054721883,0.020889105,0.06826976,0.22428104,0.008518272,0.4160295
7,7,OUT,OUT,0.18898635,0.037393615,0.0062549417,0.016261416,0.047557916,0.16082743,0.006909803,0.53580856
7,7,OUT,OUT,0.09808848,0.01864422,0.002983483,0.020399764,0.03993123,0.17236404,0.007851168,0.6397376
7,7,OUT,OUT,0.17855626,0.026393896,0.0047370796,0.0132098235,0.09863555,0.2382582,0.008275433,0.4319337
7,7,OUT,OUT,0.23386352,0.02323686,0.012763297,0.011009914,0.06816497,0.17764297,0.008781542,0.46453694
7,7,OUT,OUT,0.20803541,0.023219127,0.005451706,0.01566091,0.081356265,0.16368571,0.012613012,0.48997787
7,7,OUT,OUT,0.13586028,0.018717475,0.0024240306,0.008306787,0.070232354,0.09543192,0.012698738,0.65632844
4,7,BB,OUT,0.12895228,0.024237834,0.003399405,0.016727746,0.053605266,0.11444719,0.008690318,0.64994
7,7,OUT,OUT,0.15935889,0.035815123,0.0059338785,0.014771993,0.078870244,0.1185957,0.010839372,0.5758148
7,7,OUT,OUT,0.17000856,0.024323592,0.007950748,0.017231848,0.039393652,0.11285486,0.010831729,0.617405
5,7,SO,OUT,0.19441496,0.027001387,0.005727261,0.014932915,0.0619189,0.23909274,0.008325998,0.44858587
7,7,OUT,OUT,0.25204322,0.017818322,0.009817498,0.007941112,0.076277874,0.142983,0.00839279,0.48472616
7,7,OUT,OUT,0.19258651,0.022888314,0.007415706,0.011991284,0.071416944,0.17899719,0.00828376,0.5064203
7,7,OUT,OUT,0.116614394,0.023233125,0.004172581,0.012641564,0.05687981,0.10467889,0.0070127286,0.6747669
5,7,SO,OUT,0.17783338,0.03614312,0.0039371816,0.017055467,0.05986241,0.13542615,0.014154744,0.5555876
7,7,OUT,OUT,0.13963327,0.039732885,0.0042878715,0.016821219,0.043779332,0.12928315,0.014157911,0.61230445
5,7,SO,OUT,0.17210378,0.022429531,0.0038343742,0.018403662,0.07438611,0.2790086,0.003046705,0.42678723
7,7,OUT,OUT,0.26148915,0.033393394,0.01175471,0.012855498,0.056256127,0.1536284,0.0042360197,0.4663868
5,7,SO,OUT,0.18274334,0.020702789,0.0057260003,0.012702596,0.0576946,0.12562437,0.004199221,0.59060705
7,7,OUT,OUT,0.11248259,0.026613072,0.004271529,0.009576837,0.042940907,0.18055081,0.005753578,0.6178107
7,7,OUT,OUT,0.122949414,0.029948594,0.0033777996,0.021220213,0.058142763,0.21932334,0.016118128,0.52891976
1,7,DOUBLE,OUT,0.17930135,0.030523444,0.0033450087,0.013721256,0.06410588,0.104927085,0.0112186,0.59285736
7,7,OUT,OUT,0.12860408,0.027111273,0.0025305967,0.021613173,0.03330322,0.13028644,0.007934567,0.6486166
7,7,OUT,OUT,0.17014933,0.023957355,0.0025769493,0.0132180285,0.07877701,0.23088434,0.004057795,0.47637916
7,7,OUT,OUT,0.20714208,0.021694086,0.012749742,0.013852499,0.096531175,0.19341877,0.011050463,0.4435612
7,7,OUT,OUT,0.2053523,0.0264016,0.0060497047,0.022224395,0.062009543,0.15985003,0.008161508,0.509951
5,7,SO,OUT,0.1510956,0.029059442,0.0043447204,0.012013688,0.05436346,0.1194675,0.009734171,0.61992145
7,7,OUT,OUT,0.103422284,0.036515214,0.0032825521,0.015995579,0.045833416,0.13092157,0.0120079275,0.65202147
7,7,OUT,OUT,0.17765306,0.026537871,0.0038588224,0.016755596,0.07499698,0.17427339,0.007892862,0.5180315
7,7,OUT,OUT,0.16456789,0.014430204,0.0046555977,0.016757498,0.05617363,0.286902,0.0055080345,0.4510052
5,7,SO,OUT,0.13381626,0.02926408,0.0021170261,0.01438137,0.05664963,0.17688888,0.0039009803,0.58298177
7,7,OUT,OUT,0.15418209,0.025256064,0.002048365,0.019947482,0.03378995,0.16020867,0.006223028,0.5983443
7,7,OUT,OUT,0.21121047,0.051387057,0.0057842503,0.025359351,0.037869908,0.09028459,0.008612999,0.5694914
4,7,BB,OUT,0.21125573,0.031760626,0.0026525168,0.03612392,0.0849762,0.15933828,0.005378079,0.46851462
2,7,TRIPLE,OUT,0.14869922,0.030242076,0.0018206732,0.01649812,0.087051764,0.17131065,0.005125779,0.53925174
7,7,OUT,OUT,0.2211586,0.04526292,0.004436785,0.01827083,0.041642807,0.1640682,0.011941263,0.49321857
0,7,SINGLE,OUT,0.23492615,0.04153929,0.0038709217,0.018688055,0.06766682,0.15735231,0.007062908,0.46889356
7,7,OUT,OUT,0.14180216,0.03081125,0.0029586856,0.021099282,0.04918927,0.21340668,0.0095697455,0.531163
5,7,SO,OUT,0.13605298,0.05686377,0.0030111915,0.017199844,0.13052769,0.16146185,0.007932257,0.4869504
5,7,SO,OUT,0.20953906,0.042397264,0.0038338029,0.00946405,0.10272725,0.17097546,0.009302873,0.4517602
7,7,OUT,OUT,0.2325309,0.051435683,0.0049903574,0.013563153,0.09365843,0.14484698,0.010844047,0.44813037
1,7,DOUBLE,OUT,0.14442137,0.037928093,0.0026376292,0.02885499,0.04798159,0.20644505,0.011299742,0.52043146
5,7,SO,OUT,0.15466641,0.028704831,0.003054827,0.017768439,0.052270975,0.3463412,0.008324583,0.38886875
7,7,OUT,OUT,0.1876367,0.043281946,0.004887039,0.017506985,0.06431905,0.11418314,0.010110061,0.5580751
7,7,OUT,OUT,0.18220241,0.034513645,0.0045114327,0.019459357,0.0573062,0.2408083,0.0071050143,0.45409364
7,7,OUT,OUT,0.115988195,0.011660716,0.008634186,0.0059635285,0.057778526,0.19577332,0.0126393605,0.5915622
5,7,SO,OUT,0.13290845,0.025475418,0.0045378758,0.014903434,0.07244121,0.1916784,0.008239089,0.5498161
7,7,OUT,OUT,0.13590334,0.017628374,0.010661289,0.01011472,0.101894066,0.12692791,0.012182932,0.58468735
4,7,BB,OUT,0.19031784,0.032832067,0.0078043644,0.0153495865,0.105872385,0.10703425,0.020313412,0.5204761
4,7,BB,OUT,0.18143845,0.027458932,0.0069018863,0.018314604,0.07202928,0.16091761,0.0092719225,0.5236674
0,7,SINGLE,OUT,0.14110753,0.014258444,0.0068034814,0.00853231,0.064865835,0.13673279,0.006507526,0.6211921
7,7,OUT,OUT,0.117265396,0.032359283,0.0048219096,0.014254953,0.0786375,0.14529045,0.014243327,0.59312713
7,7,OUT,OUT,0.17311117,0.029836072,0.0038646855,0.014057795,0.062459473,0.10994484,0.018622572,0.5881034
7,7,OUT,OUT,0.13803974,0.031536125,0.0048313728,0.011013811,0.046804667,0.13153662,0.014304394,0.62193334
4,7,BB,OUT,0.2557474,0.037423145,0.0037965123,0.027048333,0.11831592,0.14796239,0.0034764425,0.40622985
7,7,OUT,OUT,0.15157534,0.02308584,0.0048015323,0.02025916,0.08522764,0.20142403,0.0047176876,0.50890887
5,7,SO,OUT,0.09602792,0.049595013,0.009395515,0.032726675,0.06180363,0.3314874,0.011797024,0.40716678
7,7,OUT,OUT,0.18220651,0.035617936,0.005205979,0.017871857,0.046164252,0.12712231,0.010928484,0.5748826
7,7,OUT,OUT,0.104473054,0.051027842,0.0068281726,0.031619426,0.06758666,0.20431006,0.013122774,0.52103204
7,7,OUT,OUT,0.16977637,0.032677155,0.0048380205,0.017252667,0.05088465,0.14233893,0.010060133,0.572172
4,7,BB,OUT,0.124890774,0.04705023,0.0042966846,0.017611729,0.040673524,0.15296029,0.006556944,0.6059598
7,7,OUT,OUT,0.1830724,0.04114558,0.0036829903,0.028325496,0.055883616,0.12351961,0.0072409143,0.5571294
0,7,SINGLE,OUT,0.22675079,0.06711107,0.0061635664,0.02568274,0.060305465,0.12963003,0.011547045,0.47280923
7,7,OUT,OUT,0.14508119,0.053010125,0.0066545745,0.028978767,0.050641682,0.17051798,0.009157067,0.53595865
5,7,SO,OUT,0.15908387,0.05955158,0.009646243,0.055779878,0.10984549,0.19637938,0.013651697,0.39606193
0,7,SINGLE,OUT,0.13219088,0.03329367,0.0046708374,0.013497632,0.046978407,0.19264928,0.006938665,0.5697807
7,7,OUT,OUT,0.17067665,0.033491947,0.0053397706,0.0115151275,0.05408504,0.12407644,0.0061932676,0.5946218
7,7,OUT,OUT,0.13916929,0.0293736,0.004906164,0.01988616,0.0551285,0.17450505,0.0076994086,0.5693318
7,5,OUT,SO,0.1516502,0.027498787,0.0017262407,0.012357361,0.090400316,0.3836036,0.0063234083,0.32644016
5,7,SO,OUT,0.2176762,0.021637516,0.007163063,0.008246975,0.067397445,0.13623337,0.005604962,0.5360404
5,7,SO,OUT,0.14756924,0.03497322,0.0040043667,0.018382467,0.03722564,0.16326009,0.0067140483,0.5878709
5,7,SO,OUT,0.16010688,0.02188778,0.0026640072,0.014175239,0.06463548,0.24804552,0.009221717,0.47926348
5,7,SO,OUT,0.15698771,0.05299431,0.007964421,0.021105437,0.07033151,0.2230432,0.004679042,0.46289444
7,7,OUT,OUT,0.20337111,0.05338714,0.005354049,0.031422984,0.07029198,0.20215341,0.011652808,0.42236662
0,7,SINGLE,OUT,0.2412679,0.044478506,0.008959954,0.011829017,0.07506873,0.19588049,0.0067203855,0.41579494
1,7,DOUBLE,OUT,0.22078435,0.095448874,0.00515788,0.03092349,0.10848823,0.16675647,0.0074256975,0.365015
3,7,HR,OUT,0.15732422,0.052228197,0.0050127734,0.024925003,0.107040495,0.3007502,0.012197667,0.34052143
5,7,SO,OUT,0.109515525,0.022736829,0.0014416492,0.015380279,0.083731666,0.124107204,0.004327318,0.6387596
7,7,OUT,OUT,0.119959176,0.023975188,0.0024910357,0.030025186,0.10092081,0.1640665,0.009652633,0.54890954
5,7,SO,OUT,0.15224433,0.033935588,0.0023137813,0.021407643,0.10647402,0.11897192,0.006209453,0.55844325
0,7,SINGLE,OUT,0.106372945,0.027240744,0.0023777995,0.019368581,0.058662914,0.15785329,0.007696434,0.62042725
5,7,SO,OUT,0.15925469,0.03650703,0.00671104,0.024977127,0.06160754,0.19396251,0.014881945,0.5020981
7,7,OUT,OUT,0.14095059,0.038488563,0.005591174,0.03427395,0.06317304,0.22640854,0.01568417,0.47543
5,7,SO,OUT,0.13248667,0.03648621,0.007824099,0.03015675,0.06352843,0.27403915,0.0058061285,0.4496725
7,7,OUT,OUT,0.102549314,0.03263387,0.0025156094,0.012210158,0.054529693,0.27743256,0.00820912,0.5099196
3,7,HR,OUT,0.10441659,0.054733496,0.0024136126,0.039427083,0.06800779,0.23873822,0.0063550845,0.48590812
5,7,SO,OUT,0.23043288,0.09487525,0.0067074327,0.028304629,0.07109448,0.09333872,0.008030762,0.46721584
4,7,BB,OUT,0.18409058,0.04587766,0.0053006746,0.013181553,0.047348365,0.25445405,0.008477431,0.44126967
1,7,DOUBLE,OUT,0.22769712,0.054584116,0.0040261447,0.011230156,0.0851848,0.15183218,0.008177184,0.4572683
5,7,SO,OUT,0.10990834,0.031919386,0.0038553742,0.014530418,0.079124115,0.21713935,0.007824212,0.5356988
7,7,OUT,OUT,0.12165072,0.042815346,0.0042086686,0.027802099,0.08315602,0.23112667,0.00990221,0.47933817
0,7,SINGLE,OUT,0.1438117,0.025282808,0.004450173,0.012335354,0.05081579,0.14056964,0.010031815,0.61270267
7,7,OUT,OUT,0.20009963,0.032994498,0.005219904,0.009811618,0.0586652,0.10088329,0.007599994,0.58472586
0,7,SINGLE,OUT,0.17672017,0.032434843,0.0044031935,0.011092009,0.06269172,0.14361048,0.00548586,0.56356174
5,7,SO,OUT,0.11373826,0.045923475,0.003996107,0.023454303,0.09566123,0.24156152,0.01085765,0.4648075
7,7,OUT,OUT,0.1980761,0.028396254,0.007732616,0.025064394,0.06015948,0.12329876,0.008251872,0.5490205
7,7,OUT,OUT,0.23228316,0.06152973,0.006906926,0.022425592,0.046623144,0.09496051,0.009219007,0.52605194
4,7,BB,OUT,0.08439947,0.04782617,0.0023991605,0.052604627,0.07786528,0.30139002,0.007626622,0.42588866
7,7,OUT,OUT,0.13228464,0.030649837,0.008514866,0.009233439,0.044229086,0.22413056,0.011901766,0.5390558
5,7,SO,OUT,0.16493566,0.06156709,0.004280219,0.021807788,0.075173594,0.17365068,0.009386392,0.48919854
5,7,SO,OUT,0.1401871,0.032569263,0.002368444,0.029128931,0.052420076,0.28372738,0.0065761325,0.45302266
5,7,SO,OUT,0.10283078,0.029921427,0.0035465271,0.017636932,0.028849132,0.26989684,0.006374353,0.5409441
7,7,OUT,OUT,0.2121388,0.059497483,0.0040334347,0.02873029,0.06571738,0.13420318,0.006732766,0.48894668
4,7,BB,OUT,0.18221514,0.05327343,0.006753437,0.025248451,0.07512509,0.14059183,0.009297918,0.5074947
7,7,OUT,OUT,0.1938486,0.05157292,0.0050319317,0.027848594,0.062887214,0.14739862,0.011321536,0.50009054
7,7,OUT,OUT,0.08634568,0.018612152,0.0020631305,0.01343196,0.018271035,0.37174606,0.0056162123,0.48391375
5,7,SO,OUT,0.13952674,0.026670171,0.0039438307,0.011585342,0.037690546,0.12913314,0.011000365,0.6404499
0,7,SINGLE,OUT,0.18133442,0.04476603,0.005659418,0.015023821,0.05464376,0.13401645,0.009758009,0.5547981
7,7,OUT,OUT,0.12627344,0.024436567,0.0043613813,0.0113211395,0.06675822,0.22731647,0.0057378807,0.5337949
7,7,OUT,OUT,0.12178147,0.0383049,0.004573775,0.023108488,0.051562477,0.21441405,0.006487568,0.53976727
0,7,SINGLE,OUT,0.14931367,0.053645805,0.005493757,0.030927835,0.07752278,0.24325567,0.0052171475,0.43462345
7,7,OUT,OUT,0.17742535,0.070042595,0.007079954,0.02238153,0.07361535,0.12951982,0.0048023015,0.51513314
0,7,SINGLE,OUT,0.09701644,0.027856544,0.004046216,0.012587338,0.07400436,0.13659419,0.010863145,0.6370317
7,7,OUT,OUT,0.17768922,0.043695446,0.0070389896,0.019161792,0.042313058,0.16711989,0.012209646,0.530772
5,7,SO,OUT,0.14796223,0.021779086,0.0053634765,0.013669131,0.07071075,0.16718796,0.005970662,0.56735677
7,7,OUT,OUT,0.10804099,0.04630995,0.003179664,0.014442084,0.0999147,0.21690254,0.011948399,0.49926177
5,7,SO,OUT,0.18380746,0.044113003,0.005573228,0.04242272,0.13846096,0.1776391,0.010458679,0.39752483
3,7,HR,OUT,0.14030746,0.02207429,0.006560255,0.031156136,0.03131182,0.16216083,0.0078954175,0.59853375
4,7,BB,OUT,0.16654846,0.040727455,0.005742771,0.012184138,0.06523481,0.12089172,0.012149393,0.5765213
7,7,OUT,OUT,0.17618491,0.035866957,0.005763837,0.013384113,0.054243345,0.10539168,0.005382228,0.60378295
7,7,OUT,OUT,0.116921775,0.04029181,0.008620874,0.036197178,0.058878876,0.3162273,0.0063824398,0.4164798
7,7,OUT,OUT,0.21603772,0.03370017,0.0059418706,0.010811704,0.038579013,0.09483361,0.010582318,0.58951366
7,7,OUT,OUT,0.1746217,0.030134985,0.0036697013,0.02446299,0.06902128,0.17752385,0.013373329,0.50719213
7,7,OUT,OUT,0.07447472,0.040398892,0.002901327,0.0147975655,0.035245612,0.25623065,0.011021326,0.56492996
7,7,OUT,OUT,0.22689988,0.043104153,0.0061085094,0.03593399,0.041747518,0.14673333,0.011020965,0.48845154
6,7,HBP,OUT,0.15214118,0.022413451,0.0038611211,0.016085066,0.029162336,0.23955733,0.008296004,0.5284835
7,7,OUT,OUT,0.16468279,0.021452844,0.007359781,0.011306169,0.06892717,0.14164348,0.009887926,0.5747398
0,7,SINGLE,OUT,0.14734975,0.03435936,0.007058621,0.022779984,0.07210936,0.15666097,0.009437163,0.55024475
7,7,OUT,OUT,0.18887536,0.044510547,0.0018574435,0.013461231,0.061990943,0.14733583,0.006795529,0.5351731
5,7,SO,OUT,0.14056042,0.027565401,0.003963636,0.012943957,0.036677465,0.19277292,0.005949949,0.5795663
7,7,OUT,OUT,0.24260196,0.041569747,0.007716079,0.033105258,0.05449367,0.17518285,0.0111208875,0.4342096
7,7,OUT,OUT,0.12283417,0.037480224,0.0036209046,0.037340242,0.0805293,0.23421215,0.011213162,0.47276986
7,7,OUT,OUT,0.10868978,0.03819562,0.0025465908,0.017602783,0.054888003,0.15544523,0.011842883,0.6107891
4,7,BB,OUT,0.17320937,0.028821208,0.00219074,0.027092602,0.065390974,0.1856659,0.0093572,0.508272
0,7,SINGLE,OUT,0.16002119,0.05385257,0.0032889275,0.020052,0.045168247,0.16740018,0.012928932,0.5372879
7,7,OUT,OUT,0.16642076,0.04765096,0.004838033,0.008460389,0.046413947,0.10352197,0.007261588,0.61543226
7,7,OUT,OUT,0.15823255,0.053535648,0.0030920538,0.018700015,0.06611886,0.15824424,0.012723251,0.52935344
7,7,OUT,OUT,0.1770436,0.0595394,0.006430099,0.027495738,0.03751036,0.16275837,0.013519154,0.5157032
4,7,BB,OUT,0.17547992,0.03158788,0.0045663314,0.0141841555,0.05028837,0.14007507,0.008990306,0.57482785
5,7,SO,OUT,0.18129182,0.033850525,0.005879442,0.014293976,0.052941505,0.119455576,0.00501649,0.5872707
7,7,OUT,OUT,0.10315675,0.061175417,0.0017810673,0.029097816,0.06319316,0.21132557,0.0074601807,0.52281004
7,7,OUT,OUT,0.10089309,0.024601106,0.0038404418,0.021009736,0.036565896,0.16789454,0.0076880255,0.63750714
5,7,SO,OUT,0.16707994,0.048067756,0.0028768864,0.025207695,0.043147817,0.19775353,0.006376902,0.5094895
7,7,OUT,OUT,0.1882461,0.050986305,0.0026271213,0.028474892,0.09332605,0.15587929,0.011624362,0.46883595
7,7,OUT,OUT,0.15492271,0.042537376,0.01123253,0.0077817533,0.1107926,0.10962118,0.013410381,0.54970145
7,7,OUT,OUT,0.11793747,0.03333637,0.007167277,0.01906544,0.10341343,0.16649137,0.016849697,0.53573895
7,7,OUT,OUT,0.105268046,0.02767634,0.0030859718,0.022685427,0.07896126,0.24138114,0.00986978,0.51107204
7,7,OUT,OUT,0.1357658,0.013503945,0.007672169,0.0043744436,0.11848686,0.21564011,0.022167714,0.482389
4,7,BB,OUT,0.15276705,0.037344474,0.0035577929,0.02515956,0.08984707,0.18308099,0.011198873,0.49704415
7,7,OUT,OUT,0.1154646,0.019099638,0.006348653,0.008791536,0.081526026,0.15349185,0.015499632,0.59977806
0,7,SINGLE,OUT,0.13322873,0.031431872,0.0013427716,0.021001916,0.07362665,0.12124578,0.010917973,0.6072043
7,7,OUT,OUT,0.13044031,0.041877393,0.0026465442,0.03845792,0.106162444,0.17830211,0.011152861,0.49096045
0,7,SINGLE,OUT,0.18958804,0.041557908,0.0024944863,0.026963884,0.0632025,0.19318002,0.008866532,0.47414657
7,7,OUT,OUT,0.17060874,0.028870307,0.0022563424,0.022086354,0.074920855,0.15574333,0.009474983,0.53603905
7,7,OUT,OUT,0.07057832,0.0399357,0.0030179874,0.03671472,0.119099945,0.27787012,0.013857894,0.43892536
5,7,SO,OUT,0.17989905,0.039313957,0.0058228928,0.028231507,0.06749968,0.20008124,0.012042953,0.46710864
5,7,SO,OUT,0.119170584,0.036438264,0.0038165927,0.012527602,0.049199246,0.12415145,0.00822686,0.6464694
5,7,SO,OUT,0.07979178,0.030916288,0.0075546093,0.022638481,0.11049252,0.2712232,0.006517848,0.47086534
7,7,OUT,OUT,0.15837666,0.0472409,0.0028398011,0.022952462,0.0648551,0.1564316,0.010623009,0.5366804
0,7,SINGLE,OUT,0.22707365,0.057975773,0.007735966,0.01244554,0.05183851,0.13116872,0.011535198,0.5002266
7,7,OUT,OUT,0.15858825,0.032472644,0.003857394,0.017368019,0.05459197,0.17875427,0.00959887,0.54476863
7,7,OUT,OUT,0.075731896,0.024802964,0.0031842473,0.01400644,0.03619438,0.27048668,0.009067971,0.56652534
7,7,OUT,OUT,0.16114219,0.032348026,0.0034021249,0.029767381,0.047059327,0.21204647,0.009401768,0.5048327
0,7,SINGLE,OUT,0.19767366,0.02240715,0.002872211,0.002163756,0.038292825,0.19628,0.0010944748,0.5392159
5,7,SO,OUT,0.18873444,0.04041046,0.0060426206,0.015280385,0.058060348,0.09643987,0.0046360367,0.5903958
7,7,OUT,OUT,0.15345219,0.023195017,0.0068186005,0.00648518,0.044879694,0.19218102,0.011386622,0.56160164
4,7,BB,OUT,0.14379008,0.03915269,0.00215836,0.010419321,0.062986374,0.15196775,0.012435193,0.57709014
0,7,SINGLE,OUT,0.13621569,0.03967856,0.0026226805,0.024351653,0.06530956,0.20150432,0.007654165,0.52266335
0,7,SINGLE,OUT,0.16946389,0.03862322,0.002727286,0.018555671,0.08799978,0.1547573,0.006944366,0.52092856
0,7,SINGLE,OUT,0.18062735,0.04535268,0.0024052486,0.029218037,0.08498593,0.11279037,0.011566377,0.533054
0,7,SINGLE,OUT,0.22525054,0.055658877,0.0054757386,0.014051174,0.08075036,0.13404927,0.010646323,0.47411782
5,7,SO,OUT,0.0942242,0.050404616,0.002129167,0.038761076,0.06616782,0.25712973,0.009064122,0.4821192
0,7,SINGLE,OUT,0.11280911,0.031164464,0.0044352557,0.017239735,0.047349814,0.23764658,0.006761106,0.54259396
7,7,OUT,OUT,0.18486962,0.04423172,0.002791609,0.024889965,0.087955706,0.20327689,0.004500183,0.44748434
7,7,OUT,OUT,0.21984904,0.057441965,0.0053314418,0.012959884,0.06654931,0.10980208,0.0054319,0.5226344
7,7,OUT,OUT,0.183193,0.052193206,0.005712692,0.013221909,0.06006161,0.089399464,0.004993333,0.5912248
5,7,SO,OUT,0.19158892,0.038531277,0.002780386,0.011713005,0.059115134,0.12924485,0.0069030747,0.5601234
7,7,OUT,OUT,0.19906105,0.03963918,0.0025856907,0.01935948,0.051070333,0.21062697,0.010133985,0.46752325
0,7,SINGLE,OUT,0.16421402,0.04991025,0.0057099457,0.010411548,0.02106525,0.23323189,0.008236134,0.507221
0,7,SINGLE,OUT,0.23952097,0.04596658,0.0077321846,0.018034346,0.06501076,0.23777205,0.004128162,0.381835
5,7,SO,OUT,0.16897623,0.034218077,0.004880232,0.024307188,0.07627804,0.21356882,0.0050124256,0.47275892
7,7,OUT,OUT,0.19055085,0.044887375,0.008261431,0.011861699,0.056007497,0.21766296,0.0027860268,0.46798214
7,7,OUT,OUT,0.28164557,0.10020684,0.007104682,0.022968328,0.06720218,0.09452054,0.008537378,0.4178145
3,7,HR,OUT,0.18120186,0.0642403,0.0072577624,0.02633236,0.06008983,0.12846355,0.008360057,0.52405435
5,7,SO,OUT,0.21345098,0.038682844,0.0047238516,0.02073027,0.049429562,0.13263683,0.009449478,0.5308961
7,7,OUT,OUT,0.1259021,0.018933794,0.0027214228,0.008598603,0.013906918,0.2687004,0.0060198423,0.55521685
7,7,OUT,OUT,0.1715066,0.039585445,0.0035089368,0.026590895,0.03253473,0.24829105,0.012927896,0.46505442
0,7,SINGLE,OUT,0.1918576,0.036174092,0.003815322,0.011417035,0.02144608,0.14637184,0.005766103,0.58315194
5,7,SO,OUT,0.1783199,0.037669975,0.0060534175,0.017607002,0.06124033,0.24798487,0.0065600807,0.44456446
1,7,DOUBLE,OUT,0.1585759,0.038022082,0.003629012,0.020416727,0.08634814,0.2052932,0.0065549775,0.48116
7,7,OUT,OUT,0.19015078,0.036569066,0.0069001135,0.012523657,0.06961123,0.12173486,0.009856983,0.5526533
6,7,HBP,OUT,0.24588414,0.04979485,0.0062456066,0.008186268,0.1002778,0.07816987,0.0071176216,0.5043238
7,7,OUT,OUT,0.27986595,0.08099203,0.005527451,0.01943433,0.06786939,0.09364651,0.010277039,0.4423872
1,7,DOUBLE,OUT,0.2199647,0.048354607,0.005545502,0.020739239,0.036672603,0.15195307,0.007877213,0.50889313
7,7,OUT,OUT,0.1613977,0.027792,0.0028980293,0.012050961,0.043752994,0.16458,0.009072053,0.5784562
7,7,OUT,OUT,0.26519686,0.047366243,0.006622841,0.022693744,0.056256127,0.10054437,0.016579896,0.4847399
0,7,SINGLE,OUT,0.25171572,0.031077867,0.00461678,0.0104257325,0.04647857,0.11049347,0.0079954285,0.5371964
7,7,OUT,OUT,0.1963405,0.032537963,0.0034110432,0.009299837,0.027914388,0.14179246,0.007673932,0.58102983
7,7,OUT,OUT,0.230758,0.035982925,0.004173804,0.013993164,0.04213365,0.17007115,0.0063860263,0.49650118
7,7,OUT,OUT,0.1858743,0.031227034,0.003575501,0.010277343,0.03895024,0.18915577,0.0058783395,0.53506154
0,7,SINGLE,OUT,0.17531483,0.046439584,0.0057142116,0.032396045,0.056557015,0.18947443,0.005700433,0.48840347
5,7,SO,OUT,0.15329218,0.02899122,0.0039839214,0.014472518,0.04867356,0.24757807,0.015349318,0.4876592
7,7,OUT,OUT,0.17256401,0.035963852,0.002151713,0.01906451,0.045242473,0.2518597,0.014472134,0.45868158
5,7,SO,OUT,0.21507223,0.0491777,0.0023252121,0.019041479,0.10944711,0.23627117,0.011586572,0.3570785
0,7,SINGLE,OUT,0.19197606,0.036790773,0.006321877,0.012442206,0.040644173,0.2077166,0.007474606,0.49663377
7,7,OUT,OUT,0.1492524,0.047705855,0.005263241,0.021531545,0.051254433,0.2893525,0.008652822,0.42698723
7,7,OUT,OUT,0.22192,0.03906024,0.007337497,0.010492543,0.03897326,0.23795226,0.0035043082,0.44075984
5,7,SO,OUT,0.16852827,0.027759502,0.004703156,0.019721685,0.03381743,0.312303,0.0061537297,0.42701322
7,7,OUT,OUT,0.1340784,0.021542093,0.0044725114,0.013747674,0.05924446,0.3436704,0.018082295,0.40516213
7,7,OUT,OUT,0.20375611,0.04269585,0.0054118563,0.0057985187,0.043017518,0.14219342,0.009000101,0.54812664
1,7,DOUBLE,OUT,0.28074762,0.027972858,0.004387615,0.012912844,0.056220304,0.16632628,0.0065021473,0.44493034
7,7,OUT,OUT,0.1954966,0.04357302,0.004931819,0.022204237,0.04207781,0.14746507,0.009681482,0.53457
7,7,OUT,OUT,0.19508547,0.03712127,0.004990225,0.015403215,0.06769763,0.19698903,0.008174486,0.47453862
0,7,SINGLE,OUT,0.22120807,0.032781832,0.010655283,0.011418753,0.049835924,0.1305177,0.0074342303,0.5361482
4,7,BB,OUT,0.18850988,0.059131797,0.0072922613,0.010295752,0.052104224,0.09890602,0.0069980742,0.57676196
7,7,OUT,OUT,0.25894716,0.06718647,0.008620678,0.025558237,0.038677964,0.09106172,0.008843892,0.50110394
0,7,SINGLE,OUT,0.13478924,0.0684983,0.008747207,0.024842089,0.025186624,0.1931651,0.008450804,0.5363207
0,7,SINGLE,OUT,0.2559361,0.0422059,0.006788809,0.01241161,0.03003062,0.18489423,0.0071164155,0.46061632
7,7,OUT,OUT,0.11481981,0.02773728,0.0040081437,0.0044587837,0.033136964,0.20361815,0.008205903,0.60401493
7,7,OUT,OUT,0.15195492,0.033539094,0.0042715073,0.0116776405,0.05720368,0.263489,0.018138256,0.45972592
7,7,OUT,OUT,0.1616778,0.051292777,0.0055548344,0.019271579,0.054110948,0.12937981,0.009998688,0.5687136
4,7,BB,OUT,0.22120483,0.03170173,0.0038160894,0.016854446,0.05410325,0.20047577,0.010542914,0.46130103
0,7,SINGLE,OUT,0.18730247,0.03484216,0.004909944,0.009890443,0.03307121,0.22307654,0.0069645983,0.49994266
5,7,SO,OUT,0.17194068,0.023459936,0.0048432588,0.015398143,0.07685466,0.29051286,0.0053099934,0.41168052
5,7,SO,OUT,0.19345216,0.054117102,0.0054879515,0.028143285,0.07910151,0.13031392,0.007487207,0.50189686
7,7,OUT,OUT,0.25332904,0.0509937,0.0070006875,0.013250024,0.057222553,0.13549174,0.0029804267,0.4797317
0,7,SINGLE,OUT,0.19178197,0.03731285,0.0037605248,0.018228952,0.051033754,0.2473579,0.010456572,0.4400675
7,7,OUT,OUT,0.16453719,0.03541873,0.004137714,0.0102415895,0.025243096,0.21566038,0.0060098493,0.53875154
5,7,SO,OUT,0.24125694,0.039666783,0.004680022,0.007255549,0.061601717,0.09062672,0.010429902,0.54448235
4,7,BB,OUT,0.13078597,0.030919688,0.0029105975,0.013664302,0.080165595,0.14835453,0.010148932,0.58305043
7,7,OUT,OUT,0.12144856,0.029145688,0.0052688844,0.028904716,0.06890069,0.2288696,0.0059808255,0.51148105
7,7,OUT,OUT,0.16414763,0.035545718,0.0035045275,0.015195452,0.1354843,0.2586061,0.0052415635,0.38227475
7,7,OUT,OUT,0.13872011,0.031244213,0.003001845,0.01573962,0.05566089,0.26400697,0.0051839044,0.48644248
7,7,OUT,OUT,0.09543104,0.029123154,0.0019909528,0.048139747,0.12981991,0.23555934,0.01726964,0.4426661
7,7,OUT,OUT,0.19593328,0.035110455,0.004553853,0.017311754,0.06270462,0.07701944,0.008271871,0.5990947
0,7,SINGLE,OUT,0.17018154,0.049404792,0.0039409054,0.017185202,0.0914438,0.12138658,0.011482402,0.53497475
7,7,OUT,OUT,0.12870091,0.046128184,0.0035392172,0.011321489,0.056245126,0.26298615,0.020669868,0.47040907
7,7,OUT,OUT,0.14046697,0.0467685,0.0058437437,0.014510683,0.106521815,0.20912224,0.026504666,0.4502614
4,7,BB,OUT,0.14167142,0.046306096,0.0046378043,0.025678866,0.08114792,0.32700917,0.010138898,0.36340976
0,7,SINGLE,OUT,0.15031166,0.025270756,0.00520145,0.009453624,0.058968063,0.27475438,0.01481925,0.46122083
7,7,OUT,OUT,0.124696806,0.03199054,0.00372493,0.03450046,0.06335082,0.16573669,0.009281803,0.566718
5,7,SO,OUT,0.12231236,0.039729133,0.005115954,0.018950991,0.08668545,0.17099518,0.0050380896,0.5511729
7,7,OUT,OUT,0.15054527,0.046158824,0.0042361957,0.01906957,0.06443036,0.2267182,0.014271673,0.47456992
7,7,OUT,OUT,0.1494096,0.062981285,0.0033148054,0.026465192,0.06392063,0.22529581,0.014331008,0.45428172
7,7,OUT,OUT,0.18711913,0.050458826,0.004481508,0.009067679,0.06407821,0.16054857,0.0077293883,0.5165167
5,7,SO,OUT,0.10080554,0.033571854,0.0035203558,0.020167181,0.0732392,0.24111582,0.005582591,0.52199745
0,7,SINGLE,OUT,0.12779024,0.02360607,0.0044796406,0.014335429,0.06902102,0.1695924,0.0037730827,0.5874021
7,7,OUT,OUT,0.1651247,0.04125503,0.006264924,0.013630667,0.04952628,0.087813556,0.007366568,0.62901825
7,7,OUT,OUT,0.109516114,0.04220328,0.0017439063,0.03535741,0.09463724,0.22053991,0.0068820985,0.48912004
5,7,SO,OUT,0.09875738,0.03195399,0.0036222844,0.014004308,0.08232776,0.26330423,0.0059943367,0.5000357
7,7,OUT,OUT,0.14485434,0.030114686,0.004051405,0.020399194,0.08047481,0.15599419,0.007250273,0.5568611
5,7,SO,OUT,0.22175092,0.03708609,0.008540746,0.012889945,0.046277694,0.13950804,0.010822003,0.5231245
3,7,HR,OUT,0.123739086,0.032527104,0.0029749612,0.014099708,0.052632596,0.1909317,0.004859887,0.5782349
7,7,OUT,OUT,0.08822834,0.021700429,0.004303092,0.011017578,0.038133502,0.30254993,0.009208414,0.5248588
7,7,OUT,OUT,0.11164456,0.034539502,0.0066239294,0.010371855,0.0864021,0.10934582,0.009378174,0.631694
7,7,OUT,OUT,0.18105523,0.054948736,0.005001832,0.014429997,0.051308528,0.09354045,0.0068721166,0.59284306
7,7,OUT,OUT,0.14739574,0.052371323,0.0065321233,0.015510825,0.096988834,0.095599666,0.007236116,0.5783654
5,7,SO,OUT,0.15980549,0.034480143,0.004643679,0.010741552,0.089692906,0.18149245,0.005409721,0.51373404
5,7,SO,OUT,0.16104186,0.042661946,0.0048788567,0.010787648,0.0823142,0.17881148,0.0059170993,0.51358694
7,7,OUT,OUT,0.16462599,0.032775767,0.0054875184,0.011342649,0.07318949,0.12218573,0.0075730714,0.5828198
7,7,OUT,OUT,0.11588465,0.04743431,0.00421839,0.020229232,0.0842951,0.23925643,0.007435555,0.4812463
7,7,OUT,OUT,0.19957666,0.040155515,0.0034222438,0.014421127,0.105779625,0.110667944,0.010695556,0.5152814
0,7,SINGLE,OUT,0.13143633,0.034196,0.006132893,0.014268449,0.06501445,0.14908104,0.0098512545,0.5900196
0,7,SINGLE,OUT,0.16409296,0.05666278,0.0070349523,0.044878323,0.11909327,0.174134,0.010297721,0.42380595
4,7,BB,OUT,0.10709333,0.030461242,0.0034862473,0.013308274,0.09332033,0.23554958,0.01071534,0.5060656
7,7,OUT,OUT,0.18546014,0.038680077,0.005693343,0.008750496,0.076434955,0.13678055,0.012392973,0.53580755
7,7,OUT,OUT,0.1247801,0.027712032,0.004246417,0.009656435,0.07807655,0.20905939,0.00808931,0.53837985
5,7,SO,OUT,0.1864647,0.041309126,0.0047738794,0.020244313,0.05974913,0.18166113,0.0095051695,0.4962925
5,7,SO,OUT,0.11575374,0.030116357,0.002823479,0.014512819,0.07344471,0.1806882,0.0105205085,0.5721402
4,7,BB,OUT,0.098349094,0.032979924,0.001811295,0.033729877,0.07228097,0.25675136,0.010248184,0.49384922
7,7,OUT,OUT,0.13814011,0.040103782,0.005301487,0.010301669,0.05870753,0.13721067,0.0048581352,0.6053767
7,7,OUT,OUT,0.100091316,0.022491464,0.0037777273,0.013379348,0.1080152,0.2811802,0.008965843,0.4620989
4,7,BB,OUT,0.0985116,0.037527934,0.002366383,0.025473827,0.08686486,0.28521636,0.0075778905,0.45646107
5,7,SO,OUT,0.1277551,0.03959161,0.004315558,0.020297322,0.08070107,0.26770604,0.01333642,0.44629684
0,7,SINGLE,OUT,0.18947564,0.045037627,0.00817498,0.009530444,0.08626203,0.16876264,0.00921777,0.48353887
7,7,OUT,OUT,0.22449136,0.048337243,0.007272274,0.010087645,0.059401967,0.087430276,0.008551922,0.55442727
5,7,SO,OUT,0.16854382,0.05095104,0.012223903,0.01805445,0.0848211,0.14041643,0.011632455,0.51335675
4,7,BB,OUT,0.19126849,0.06258633,0.007125795,0.019314166,0.12340688,0.1519152,0.0176616,0.42672163
7,7,OUT,OUT,0.12168495,0.053456333,0.009667329,0.020986201,0.100774154,0.11514761,0.0103194015,0.567964
7,7,OUT,OUT,0.08398032,0.037556075,0.01097426,0.009602902,0.09755617,0.21024962,0.012150811,0.5379299
7,7,OUT,OUT,0.09114184,0.058439426,0.003170206,0.019576604,0.097751714,0.2696247,0.0040231436,0.45627227
4,7,BB,OUT,0.1508918,0.046811134,0.0042016585,0.012195493,0.15917423,0.17645906,0.006657065,0.4436095
5,7,SO,OUT,0.17169589,0.050944928,0.00553495,0.019196449,0.06651956,0.25296137,0.012611284,0.42053565
0,7,SINGLE,OUT,0.10971295,0.038444176,0.0066912123,0.017287025,0.0774462,0.20329197,0.011450449,0.53567594
7,7,OUT,OUT,0.21473624,0.052467152,0.006424564,0.013769096,0.1086585,0.09020178,0.007694221,0.5060485
5,7,SO,OUT,0.13669564,0.057739872,0.0065988917,0.014673542,0.16892192,0.17167178,0.008146481,0.43555182
7,7,OUT,OUT,0.17962363,0.030185996,0.0072751767,0.009220651,0.07383263,0.15067409,0.010766929,0.5384209
0,7,SINGLE,OUT,0.121782295,0.041969292,0.004816165,0.013799887,0.095232904,0.17229888,0.0069847275,0.54311585
5,7,SO,OUT,0.18133776,0.03032042,0.005897765,0.017272448,0.07639182,0.122890644,0.009625358,0.5562637
1,7,DOUBLE,OUT,0.12664376,0.028225303,0.0059711244,0.021221776,0.05498209,0.18361181,0.008269535,0.57107455
5,7,SO,OUT,0.13777456,0.0478447,0.0035955564,0.0172799,0.07754098,0.21585841,0.0077388245,0.492367
7,7,OUT,OUT,0.121659,0.04413656,0.0042912583,0.023325317,0.09022409,0.2156419,0.010045981,0.49067596
0,7,SINGLE,OUT,0.10806325,0.063520014,0.0026460534,0.03185887,0.13554363,0.19114722,0.009165143,0.45805576
0,7,SINGLE,OUT,0.13544638,0.03981723,0.0028118158,0.016547984,0.097803384,0.12865295,0.005211398,0.5737089
5,7,SO,OUT,0.16257383,0.03754138,0.0038686702,0.018534876,0.06425343,0.11383779,0.009125245,0.5902648
7,7,OUT,OUT,0.16144034,0.039823264,0.007665131,0.009414157,0.05827374,0.1789169,0.010547946,0.53391856
7,7,OUT,OUT,0.1052891,0.033927534,0.0038326855,0.012456936,0.059673976,0.21872404,0.0047036,0.5613922
7,7,OUT,OUT,0.12660684,0.034023285,0.0055576307,0.010213015,0.041097894,0.21178551,0.009437202,0.56127864
0,7,SINGLE,OUT,0.13958362,0.046827815,0.00536541,0.016885154,0.073368326,0.18233873,0.011541109,0.5240898
5,7,SO,OUT,0.14242648,0.048647776,0.0037890645,0.034893837,0.062642835,0.24300514,0.004777204,0.45981765
7,7,OUT,OUT,0.21904068,0.037158545,0.005231464,0.02501824,0.08024644,0.18150066,0.00949509,0.4423089
5,7,SO,OUT,0.1345693,0.061267048,0.0045540216,0.01369169,0.04675449,0.23135774,0.012041126,0.49576467
7,7,OUT,OUT,0.1331656,0.030232735,0.00556589,0.015848849,0.06440477,0.2897742,0.01072855,0.4502794
4,7,BB,OUT,0.22997032,0.04399044,0.0046308385,0.015783655,0.084358834,0.105277,0.0070319856,0.5089569
0,7,SINGLE,OUT,0.14990748,0.026637077,0.0030121088,0.00932049,0.11281379,0.16276465,0.008197403,0.527347
7,7,OUT,OUT,0.09438968,0.03104591,0.0032826723,0.007904309,0.14638084,0.27290598,0.0057387236,0.43835196
7,7,OUT,OUT,0.13408287,0.04860748,0.0042312015,0.02195879,0.061948046,0.14990138,0.009295068,0.56997514
5,7,SO,OUT,0.16011392,0.02296364,0.0056320103,0.010049901,0.06422779,0.13367316,0.0075367144,0.5958028
7,7,OUT,OUT,0.121141754,0.045457162,0.0031778356,0.01723081,0.05425065,0.19414926,0.0065357005,0.55805683
7,7,OUT,OUT,0.1533094,0.04194722,0.004324953,0.015195375,0.0632889,0.16627829,0.012823964,0.5428319
0,7,SINGLE,OUT,0.10234326,0.04242251,0.0040057297,0.011620365,0.11312537,0.22668913,0.007465151,0.4923285
7,7,OUT,OUT,0.11436899,0.032541104,0.002455199,0.03833289,0.06882891,0.2534879,0.007836933,0.48214814
5,7,SO,OUT,0.15996061,0.042919785,0.0032302195,0.026860883,0.062026244,0.12123894,0.009694351,0.574069
7,7,OUT,OUT,0.17598961,0.047111697,0.0062864013,0.01770086,0.047371414,0.16578673,0.010068765,0.5296845
7,7,OUT,OUT,0.1116286,0.031861003,0.0032891883,0.017609851,0.057334278,0.24237438,0.006405523,0.52949715
3,7,HR,OUT,0.10590579,0.06523402,0.0034102672,0.027649507,0.075627245,0.17590228,0.006609443,0.5396614
7,7,OUT,OUT,0.15205643,0.05980604,0.005856145,0.027986068,0.13921288,0.10131292,0.0068818806,0.5068877
5,7,SO,OUT,0.15545584,0.05490096,0.003536533,0.033449057,0.07864151,0.22929297,0.008320287,0.4364028
7,7,OUT,OUT,0.12140934,0.032775544,0.00472974,0.010162245,0.024862101,0.19247109,0.0053756116,0.60821426
0,7,SINGLE,OUT,0.16962282,0.04723475,0.0056782523,0.014326242,0.15222265,0.15660791,0.009270703,0.44503665
7,7,OUT,OUT,0.10306573,0.025531791,0.0072783413,0.009944134,0.038266752,0.18582319,0.0060869623,0.6240032
5,7,SO,OUT,0.108196616,0.05278659,0.001618055,0.016722092,0.12593687,0.15455608,0.008934697,0.5312489
7,7,OUT,OUT,0.14572975,0.037792068,0.0047878693,0.017321996,0.12289935,0.20373578,0.010219607,0.45751354
5,7,SO,OUT,0.15402633,0.029841254,0.0076582124,0.011079818,0.092229806,0.24008457,0.014113789,0.4509663
7,7,OUT,OUT,0.10639786,0.026005847,0.0037341693,0.011184472,0.080051735,0.1790788,0.007488543,0.58605856
7,7,OUT,OUT,0.13504459,0.023912212,0.0050642155,0.0111171715,0.04801821,0.1613829,0.0068792882,0.60858136
4,7,BB,OUT,0.14936444,0.04480576,0.004557956,0.017218255,0.08909749,0.21384002,0.0058894986,0.47522655
1,7,DOUBLE,OUT,0.13503207,0.015672443,0.004882748,0.0069753416,0.06634199,0.19118065,0.0071315123,0.5727832
7,7,OUT,OUT,0.13755397,0.025301814,0.006096254,0.004534222,0.063373215,0.17422526,0.010181602,0.5787336
7,7,OUT,OUT,0.17122364,0.070398934,0.010136985,0.017555878,0.08257188,0.22323322,0.010262844,0.41461658
7,7,OUT,OUT,0.19304849,0.039409082,0.007821147,0.009359843,0.07563288,0.17732544,0.00868583,0.48871732
7,7,OUT,OUT,0.21050371,0.033740804,0.0075445655,0.013965795,0.09668936,0.186734,0.00794642,0.44287524
7,7,OUT,OUT,0.1508848,0.024135632,0.00723406,0.012193527,0.07629777,0.1986512,0.01061456,0.51998854
7,7,OUT,OUT,0.16616747,0.015284725,0.006255675,0.0069356365,0.08145941,0.1607895,0.007984513,0.555123
0,7,SINGLE,OUT,0.107632525,0.026516965,0.0035559435,0.018006817,0.08655799,0.23223384,0.009252718,0.5162433
7,7,OUT,OUT,0.10981269,0.019267349,0.003451261,0.013620724,0.07670987,0.21450832,0.011211597,0.5514182
7,7,OUT,OUT,0.18135132,0.04031559,0.0032300886,0.013202152,0.09374784,0.20778699,0.009013524,0.4513526
4,7,BB,OUT,0.19573608,0.029716156,0.0041462528,0.01875935,0.109925814,0.11311345,0.007611014,0.5209919
5,7,SO,OUT,0.15857963,0.044874195,0.0043301564,0.024135761,0.13368061,0.17773308,0.0076660984,0.4490005
0,7,SINGLE,OUT,0.12323422,0.030889127,0.003076513,0.0266574,0.069772735,0.22108534,0.008406176,0.5168785
5,7,SO,OUT,0.14438306,0.032478653,0.0031629498,0.01639542,0.06877923,0.20011088,0.00911241,0.52557737
7,7,OUT,OUT,0.103843875,0.031423505,0.0039481902,0.0074689947,0.059518628,0.20098263,0.015229361,0.57758486
0,7,SINGLE,OUT,0.1561985,0.03212622,0.006089595,0.017992957,0.08361341,0.14070202,0.005709734,0.5575676
7,7,OUT,OUT,0.10721352,0.044956546,0.005538919,0.00959861,0.03339982,0.18044662,0.0052089184,0.6136371
5,7,SO,OUT,0.22712973,0.033040766,0.0064840214,0.021164652,0.0822021,0.16803889,0.012067705,0.44987217
7,7,OUT,OUT,0.12948798,0.02206852,0.004690638,0.0052210507,0.041659214,0.20525275,0.011391584,0.58022827
1,7,DOUBLE,OUT,0.13704513,0.04353675,0.0054617603,0.01610479,0.07242761,0.2723635,0.008018967,0.44504148
7,7,OUT,OUT,0.20388168,0.052372944,0.0042659095,0.011168021,0.13158417,0.11540115,0.009651038,0.47167513
6,7,HBP,OUT,0.13645646,0.044171084,0.004508504,0.009281593,0.20674649,0.1611017,0.008952679,0.42878154
7,7,OUT,OUT,0.122379065,0.04245416,0.0048163305,0.025973557,0.10743432,0.23330961,0.013993703,0.44963923
1,7,DOUBLE,OUT,0.11693102,0.024429582,0.002977969,0.012518405,0.09357819,0.23170337,0.0098414365,0.50802004
0,7,SINGLE,OUT,0.09927824,0.03495763,0.0032039229,0.02263579,0.05898434,0.3402372,0.011522472,0.42918044
7,7,OUT,OUT,0.12109259,0.030122813,0.0033025867,0.013410614,0.05275404,0.25423697,0.008911867,0.51616853
0,7,SINGLE,OUT,0.20856927,0.05761029,0.0035458377,0.019161208,0.065103814,0.13758448,0.006836349,0.50158864
7,7,OUT,OUT,0.1438378,0.03448106,0.005099884,0.014241222,0.0597157,0.15103777,0.012250563,0.5793361
0,7,SINGLE,OUT,0.20744307,0.022824684,0.005963811,0.007753625,0.06880319,0.13233207,0.011109987,0.54376966
7,7,OUT,OUT,0.11006624,0.03942496,0.0034401456,0.01922461,0.08119457,0.19755536,0.016257608,0.5328365
0,7,SINGLE,OUT,0.15695833,0.03560243,0.0076477895,0.027902605,0.1055576,0.23851028,0.0076800035,0.42014095
7,7,OUT,OUT,0.19378777,0.046678334,0.007536713,0.011917939,0.17624919,0.13659179,0.011256717,0.41598153
0,7,SINGLE,OUT,0.19274673,0.031218791,0.0074821166,0.019002998,0.07278528,0.20196983,0.0047819903,0.47001228
7,7,OUT,OUT,0.24876961,0.018666627,0.008798984,0.01013742,0.03582738,0.15101556,0.009453365,0.517331
7,7,OUT,OUT,0.24202989,0.03255169,0.0039936234,0.009403897,0.071050875,0.15591072,0.0077091847,0.47735012
1,7,DOUBLE,OUT,0.10179462,0.03123467,0.0031997005,0.00938476,0.06788168,0.24188429,0.012920237,0.5317001
5,7,SO,OUT,0.13842179,0.025721686,0.002983267,0.0067484523,0.076046206,0.3041799,0.0057621235,0.44013643
7,7,OUT,OUT,0.1999465,0.02856608,0.006357611,0.014838894,0.081760846,0.15675096,0.006289109,0.50548995
7,7,OUT,OUT,0.22930552,0.06550386,0.005029585,0.011684231,0.1094666,0.099518515,0.005374113,0.47411758
7,7,OUT,OUT,0.1815708,0.03066775,0.004426296,0.011099743,0.12157271,0.115930654,0.007981589,0.5267505
5,7,SO,OUT,0.16393389,0.047159947,0.0051693055,0.016359197,0.110380046,0.14448534,0.008289291,0.504223
0,7,SINGLE,OUT,0.26563162,0.033041023,0.007678422,0.039912492,0.05134301,0.19262496,0.008127037,0.40164143
7,7,OUT,OUT,0.19767754,0.031117896,0.0060640043,0.011208261,0.036421914,0.1725002,0.01006519,0.534945
0,7,SINGLE,OUT,0.17805158,0.028952312,0.007033688,0.012857047,0.072517335,0.20010087,0.0068465057,0.4936407
7,7,OUT,OUT,0.18715583,0.016949734,0.0030870128,0.007722314,0.03776272,0.23372534,0.008590572,0.50500643
7,7,OUT,OUT,0.23025765,0.028493036,0.005816469,0.013533304,0.07073181,0.19351213,0.011673658,0.44598204
5,7,SO,OUT,0.1363547,0.02142684,0.0022040703,0.018061083,0.07330888,0.2971176,0.009526048,0.44200078
6,7,HBP,OUT,0.3757653,0.038715485,0.0072090724,0.018640462,0.037229877,0.10626049,0.006435559,0.40974373
7,7,OUT,OUT,0.22803044,0.03209195,0.0044294554,0.007826768,0.109956354,0.078375675,0.006067006,0.5332223
5,7,SO,OUT,0.18289888,0.019701013,0.0076229307,0.015415824,0.09795802,0.1686046,0.005940244,0.5018584
5,7,SO,OUT,0.12857878,0.02699725,0.0027211157,0.014743652,0.058350313,0.19311927,0.0074388115,0.5680508
1,7,DOUBLE,OUT,0.19894055,0.03742592,0.0053631705,0.013957622,0.06592468,0.13111673,0.008368889,0.5389024
0,7,SINGLE,OUT,0.25340128,0.07277273,0.0053644124,0.009408487,0.15383507,0.05726109,0.005263892,0.44269302
0,7,SINGLE,OUT,0.21433926,0.024775833,0.005559397,0.022140559,0.08264925,0.087999605,0.013450367,0.5490857
7,7,OUT,OUT,0.25476426,0.043051228,0.0030176395,0.0109549835,0.10831897,0.06615915,0.0073912363,0.5063425
7,7,OUT,OUT,0.18944226,0.036739383,0.0032063457,0.008690534,0.13760556,0.14516553,0.010936923,0.4682134
7,7,OUT,OUT,0.16423368,0.03037164,0.0031413368,0.011474392,0.049500804,0.095825955,0.009730179,0.63572204
7,7,OUT,OUT,0.22245868,0.026174383,0.0067130676,0.013242555,0.033267356,0.1708127,0.0058159926,0.5215153
5,7,SO,OUT,0.28613797,0.023423282,0.0046329857,0.010729609,0.03933633,0.23001994,0.009499876,0.39622003
5,7,SO,OUT,0.17171451,0.021557586,0.0042889067,0.013890134,0.08187578,0.25787416,0.00772417,0.44107473
7,7,OUT,OUT,0.23744808,0.056380555,0.004170379,0.015218668,0.14213055,0.10087098,0.0045057302,0.43927506
1,7,DOUBLE,OUT,0.21091412,0.04149838,0.0023446335,0.02187308,0.09349867,0.20098919,0.0068781488,0.42200384
7,7,OUT,OUT,0.112193786,0.026471654,0.0026705086,0.007597895,0.05117665,0.24404304,0.00809531,0.5477511
0,7,SINGLE,OUT,0.2560284,0.051594783,0.004159888,0.0131444065,0.06708859,0.09393111,0.0055867922,0.50846595
7,7,OUT,OUT,0.14156397,0.035194464,0.0017664136,0.02028087,0.062307343,0.22941959,0.010494528,0.49897286
7,7,OUT,OUT,0.15695511,0.03474089,0.0026226533,0.01634664,0.11367744,0.22512615,0.0109890895,0.439542
7,7,OUT,OUT,0.23043084,0.030947713,0.006841092,0.017671686,0.0820852,0.13627575,0.0068128263,0.48893484
0,7,SINGLE,OUT,0.2437876,0.025622794,0.0055358894,0.01675362,0.11826961,0.23200245,0.009538867,0.3484892
7,7,OUT,OUT,0.18379964,0.037663367,0.0040387264,0.017183395,0.053919964,0.14151876,0.0056596464,0.5562165
7,7,OUT,OUT,0.2051404,0.026843507,0.0034419957,0.019558782,0.073586464,0.2559158,0.008880606,0.40663245
7,7,OUT,OUT,0.15000167,0.018254079,0.0030671137,0.018750062,0.08145976,0.24076605,0.009093523,0.47860765
5,7,SO,OUT,0.19650948,0.027905945,0.004506679,0.016385514,0.049395718,0.20418465,0.004675611,0.4964363
7,7,OUT,OUT,0.18213116,0.017357497,0.0037467727,0.008740871,0.06860311,0.22857358,0.0066091754,0.48423788
5,7,SO,OUT,0.16620217,0.020322347,0.010735875,0.0112455115,0.028924173,0.16775887,0.005907429,0.5889036
0,7,SINGLE,OUT,0.19455619,0.028834965,0.01193993,0.012971039,0.120468296,0.14644557,0.007943164,0.4768408
7,7,OUT,OUT,0.1324262,0.017633304,0.015342259,0.009286972,0.08398502,0.2268769,0.0080528725,0.5063965
5,7,SO,OUT,0.1121273,0.019034883,0.0046348725,0.0072796294,0.056871675,0.21961297,0.0051637264,0.57527494
5,7,SO,OUT,0.22812732,0.029724807,0.0068573887,0.016528925,0.04221883,0.15635227,0.0066124205,0.51357806
7,7,OUT,OUT,0.28479916,0.037695028,0.0047820234,0.010118481,0.054360222,0.2165507,0.0067419237,0.38495246
7,7,OUT,OUT,0.11113873,0.031274907,0.0026182542,0.011690305,0.07773707,0.27859244,0.006690842,0.4802574
0,7,SINGLE,OUT,0.17982396,0.019421788,0.008472073,0.00962753,0.06314913,0.17920882,0.0063548456,0.53394186
5,7,SO,OUT,0.2126199,0.01972276,0.00800365,0.011249168,0.10579505,0.20281433,0.010237635,0.42955753
5,7,SO,OUT,0.19327039,0.022051016,0.006496835,0.010256259,0.039107542,0.14034764,0.0075380635,0.58093226
5,7,SO,OUT,0.123615436,0.0200406,0.0035050053,0.015662262,0.069124855,0.29914925,0.010817124,0.45808548
0,7,SINGLE,OUT,0.25767818,0.030737014,0.0055754776,0.02020002,0.031581476,0.14120716,0.007865635,0.505155
7,7,OUT,OUT,0.10276668,0.02335936,0.005011178,0.008156005,0.05042683,0.22885431,0.0057229507,0.5757027
5,7,SO,OUT,0.16867265,0.031917572,0.004247934,0.017450409,0.100887395,0.24655132,0.0066244653,0.42364833
0,7,SINGLE,OUT,0.097956546,0.032740716,0.003634417,0.008754852,0.0745269,0.25834402,0.011177792,0.51286477
7,7,OUT,OUT,0.1300451,0.022017675,0.0023295225,0.02542399,0.095301695,0.2826275,0.008691247,0.43356335
7,7,OUT,OUT,0.17691177,0.02549663,0.0069028586,0.008828929,0.036851093,0.15496042,0.0065371003,0.58351123
7,7,OUT,OUT,0.2038751,0.024098111,0.0058225994,0.015158544,0.05549001,0.16276288,0.004099172,0.52869356
0,7,SINGLE,OUT,0.16117284,0.039825846,0.0029597436,0.01845763,0.13216573,0.2242157,0.012000728,0.4092018
7,7,OUT,OUT,0.17147863,0.023687204,0.0031500035,0.0130392555,0.05193513,0.1883812,0.00785426,0.54047424
0,7,SINGLE,OUT,0.08149759,0.026102735,0.0033533503,0.0064166626,0.0638538,0.26479122,0.01465445,0.5393302
7,7,OUT,OUT,0.09211197,0.025840374,0.003643201,0.009636087,0.063545205,0.296539,0.005024013,0.50366014
0,7,SINGLE,OUT,0.18335353,0.026844773,0.009211423,0.017889684,0.112410046,0.16639742,0.008719982,0.47517315
1,7,DOUBLE,OUT,0.2854772,0.048455212,0.0055141854,0.017423859,0.12373957,0.11022388,0.0056185205,0.40354764
0,7,SINGLE,OUT,0.16639653,0.021988781,0.0034422565,0.009949487,0.069775,0.1850144,0.008953859,0.5344797
7,7,OUT,OUT,0.2168841,0.033525985,0.005296997,0.013745706,0.08746302,0.20920537,0.006746169,0.42713267
7,7,OUT,OUT,0.20558074,0.03282416,0.00623337,0.007928643,0.13202143,0.12158318,0.005649239,0.4881792
7,7,OUT,OUT,0.15837343,0.03465162,0.005904757,0.007323368,0.107960805,0.23307438,0.005258611,0.447453
4,7,BB,OUT,0.18241037,0.039848316,0.0062952084,0.008436497,0.0348513,0.26160565,0.005502738,0.46104982
0,7,SINGLE,OUT,0.19773541,0.03198184,0.0041374364,0.014185627,0.081294045,0.11275527,0.0046056076,0.55330473
7,7,OUT,OUT,0.20658901,0.056948993,0.005036033,0.037781995,0.1069735,0.20960444,0.008739837,0.36832622
7,7,OUT,OUT,0.17232814,0.023462951,0.0031323251,0.011198908,0.044131167,0.18039218,0.006648121,0.5587063
7,7,OUT,OUT,0.15079364,0.02101014,0.0018146321,0.013703599,0.10385345,0.19966485,0.0050170827,0.50414264
0,7,SINGLE,OUT,0.20322084,0.11312798,0.003877419,0.014868455,0.11469919,0.13244566,0.008928915,0.40883157
1,7,DOUBLE,OUT,0.21850997,0.07097309,0.004067563,0.020858828,0.054003686,0.16118309,0.012269262,0.45813447
6,7,HBP,OUT,0.21969293,0.06637369,0.004647751,0.009885015,0.08320774,0.13449484,0.0122753875,0.46942258
0,7,SINGLE,OUT,0.23346925,0.065280296,0.0034476118,0.017291233,0.042077314,0.12195023,0.010528251,0.5059558
7,7,OUT,OUT,0.14893506,0.026886085,0.0023479955,0.008394253,0.111855835,0.2098059,0.013652989,0.47812188
4,7,BB,OUT,0.115414605,0.0308701,0.0018680575,0.00780164,0.06490948,0.21081144,0.016983751,0.55134094
7,7,OUT,OUT,0.1494988,0.03216079,0.0037229701,0.011912399,0.07501907,0.12149647,0.018243209,0.58794624
7,7,OUT,OUT,0.18286586,0.07537591,0.0020501332,0.028945334,0.040351685,0.13896023,0.007988988,0.52346194
0,7,SINGLE,OUT,0.20444886,0.033667807,0.0026210726,0.010202216,0.10267071,0.19324455,0.010751461,0.44239336
0,7,SINGLE,OUT,0.17411897,0.072835565,0.0050356053,0.014436996,0.041437335,0.19902894,0.01677918,0.47632754
7,7,OUT,OUT,0.189876,0.037354663,0.005548745,0.01189506,0.051371675,0.14756365,0.0070033926,0.54938686
0,7,SINGLE,OUT,0.1831149,0.054441467,0.0035893933,0.021122968,0.04526841,0.111047074,0.007937282,0.57347846
7,7,OUT,OUT,0.16551588,0.036998168,0.0032463195,0.015940651,0.04737515,0.08877574,0.011388744,0.63075936
5,7,SO,OUT,0.14827445,0.042777035,0.0030631092,0.014350153,0.031456728,0.121838525,0.010066721,0.62817335
7,7,OUT,OUT,0.096601784,0.09510507,0.0037803317,0.014363821,0.04464986,0.26029038,0.009197208,0.47601157
7,7,OUT,OUT,0.13627416,0.041892752,0.0018080602,0.020443868,0.08917528,0.17627773,0.006358657,0.52776945
0,7,SINGLE,OUT,0.31388876,0.059363984,0.006527696,0.011118894,0.035999253,0.084168874,0.0049859113,0.48394662
0,7,SINGLE,OUT,0.1922279,0.047075186,0.0024272066,0.01976197,0.041815247,0.09989214,0.0055103456,0.59128994
7,7,OUT,OUT,0.18576923,0.049645558,0.003067271,0.018880315,0.03778669,0.09915154,0.010105199,0.59559417
7,7,OUT,OUT,0.17225973,0.04516852,0.0026409768,0.020666258,0.041577324,0.27534664,0.01063842,0.4317022
7,7,OUT,OUT,0.19006012,0.0366898,0.0028404007,0.014517309,0.03835547,0.16680391,0.007194923,0.5435381
0,7,SINGLE,OUT,0.17327529,0.046843976,0.0045341165,0.014517505,0.05430506,0.22793114,0.0109102735,0.4676825
2,7,TRIPLE,OUT,0.14023614,0.057658773,0.0059003145,0.016678749,0.121096395,0.16696794,0.010531839,0.48092988
0,7,SINGLE,OUT,0.24242671,0.047650192,0.0026811836,0.015106338,0.05625132,0.18019272,0.010713012,0.44497856
7,7,OUT,OUT,0.19941807,0.030131418,0.003897936,0.019865913,0.08014279,0.22631432,0.005870589,0.434359
5,7,SO,OUT,0.122509174,0.043431446,0.0020079287,0.014697307,0.080779836,0.1761314,0.015016328,0.5454266
5,7,SO,OUT,0.16167727,0.03301913,0.003695328,0.023306519,0.0972639,0.2763781,0.007322631,0.3973371
7,7,OUT,OUT,0.14541918,0.06965252,0.0046826703,0.041864492,0.07217084,0.22211125,0.0071088425,0.4369902
7,7,OUT,OUT,0.15296745,0.03073563,0.0035515425,0.010577911,0.045655824,0.18490063,0.008931767,0.56267923
7,7,OUT,OUT,0.13426296,0.04115527,0.002023552,0.012941136,0.0675965,0.21317741,0.004682482,0.5241607
7,7,OUT,OUT,0.09151426,0.03080726,0.003780644,0.005904086,0.033874705,0.19289985,0.0052234665,0.63599575
4,7,BB,OUT,0.19613133,0.028056016,0.002017726,0.013810107,0.08879731,0.18895231,0.0048513734,0.4773838
7,7,OUT,OUT,0.1785523,0.036246724,0.0032090412,0.016024292,0.12207465,0.17883201,0.008904422,0.45615658
7,7,OUT,OUT,0.20230702,0.04590117,0.004549016,0.020376496,0.101284534,0.098037,0.009753586,0.51779115
5,7,SO,OUT,0.14537185,0.03573123,0.004899386,0.01462226,0.10696877,0.24458663,0.006076822,0.44174296
0,7,SINGLE,OUT,0.14092773,0.017030327,0.004068586,0.0059986464,0.03600017,0.18093961,0.0075568953,0.607478
5,7,SO,OUT,0.15805084,0.03413034,0.0027836878,0.01875137,0.05437762,0.18070023,0.012224549,0.5389814
0,7,SINGLE,OUT,0.114704646,0.018986493,0.002961486,0.008806455,0.064377874,0.21168123,0.009708836,0.568773
5,7,SO,OUT,0.10186877,0.014474933,0.0041269595,0.004501742,0.062402558,0.22487755,0.012115726,0.57563174
7,7,OUT,OUT,0.17309497,0.0386783,0.0042341677,0.01722215,0.07050091,0.16512649,0.005303204,0.5258398
5,7,SO,OUT,0.1984007,0.03212399,0.008057249,0.014247866,0.07820194,0.17838852,0.0065910243,0.48398873
7,7,OUT,OUT,0.16745654,0.023261966,0.0051927757,0.014083617,0.10845472,0.1801563,0.009085016,0.4923091
7,7,OUT,OUT,0.15450008,0.02727922,0.0039196475,0.008175583,0.05688117,0.1581116,0.010511812,0.58062094
1,7,DOUBLE,OUT,0.16858147,0.019330947,0.0041400045,0.0056966366,0.07366078,0.19040367,0.0070113447,0.53117514
4,7,BB,OUT,0.111998126,0.03134359,0.0030130134,0.010023241,0.07285445,0.236314,0.013229512,0.521224
3,7,HR,OUT,0.13975859,0.031140346,0.0022399356,0.010115678,0.10100473,0.1761582,0.014846819,0.5247357
5,7,SO,OUT,0.16103303,0.030618716,0.0031813288,0.010745323,0.08611682,0.20233019,0.006086581,0.49988797
0,7,SINGLE,OUT,0.11058641,0.019028045,0.0017995463,0.009783716,0.054032363,0.301301,0.004423214,0.4990457
7,7,OUT,OUT,0.13718109,0.017676547,0.0066105397,0.0083195055,0.039513856,0.20452063,0.0070071863,0.57917064
7,7,OUT,OUT,0.23730871,0.028051466,0.0033035325,0.015723784,0.099088065,0.13480572,0.006550761,0.475168
7,7,OUT,OUT,0.18533775,0.024113491,0.003932211,0.014595204,0.069709204,0.24184667,0.00574574,0.4547197
7,7,OUT,OUT,0.23339644,0.03356382,0.0056869113,0.013615126,0.100472145,0.17088436,0.0067866566,0.43559462
7,7,OUT,OUT,0.15163712,0.027320934,0.0041107186,0.016303398,0.058256593,0.16481233,0.008754784,0.56880414
1,7,DOUBLE,OUT,0.13027573,0.06920904,0.0058221067,0.017112842,0.075399235,0.20160626,0.0053090975,0.49526575
7,7,OUT,OUT,0.2526372,0.050811656,0.0039395127,0.01131309,0.069506496,0.19032323,0.01270174,0.40876704
7,7,OUT,OUT,0.19470632,0.050730463,0.0034169029,0.009666268,0.070714466,0.17368391,0.007642271,0.48943943
7,7,OUT,OUT,0.12444734,0.042895798,0.0055201137,0.023864612,0.064468354,0.21100226,0.009145846,0.5186557
7,7,OUT,OUT,0.17322071,0.035041444,0.008936456,0.010779723,0.097914614,0.16876918,0.0056436555,0.49969417
7,7,OUT,OUT,0.1362719,0.048195705,0.007159353,0.016162086,0.07556705,0.17287417,0.0074768835,0.53629285
7,7,OUT,OUT,0.23241873,0.034093086,0.0023284177,0.015888851,0.04328956,0.16267775,0.009769092,0.49953458
0,7,SINGLE,OUT,0.23143962,0.06420339,0.004017725,0.02493909,0.08265358,0.25498176,0.01745691,0.32030788
3,7,HR,OUT,0.18272021,0.03821912,0.007045695,0.01470571,0.08343597,0.16624464,0.012645386,0.49498326
7,7,OUT,OUT,0.16531038,0.022888428,0.0043436424,0.015497519,0.041225128,0.17538801,0.011398193,0.5639487
7,7,OUT,OUT,0.20567743,0.060852215,0.0069655515,0.014676943,0.027892161,0.16456446,0.011491179,0.50788003
7,7,OUT,OUT,0.14987303,0.034725524,0.0028300255,0.010204564,0.11805504,0.1644158,0.01051817,0.5093779
7,7,OUT,OUT,0.1790519,0.02705597,0.005808725,0.0072045596,0.057733633,0.17507064,0.007920316,0.5401542
1,7,DOUBLE,OUT,0.20550047,0.033641446,0.0046440256,0.010606808,0.05322076,0.098732196,0.0050049475,0.5886493
0,7,SINGLE,OUT,0.21260534,0.029615466,0.0050396267,0.01409615,0.087922186,0.19275407,0.0065252236,0.45144197
5,7,SO,OUT,0.33790076,0.035461448,0.0023739112,0.018711722,0.08142974,0.16956805,0.009312648,0.3452417
7,7,OUT,OUT,0.21263264,0.031295326,0.0038732179,0.010828531,0.09825486,0.09137904,0.009628866,0.54210746
5,7,SO,OUT,0.15226243,0.028124275,0.0027508128,0.01502643,0.056172643,0.17745304,0.011313597,0.5568968
5,7,SO,OUT,0.15385729,0.024704624,0.004349174,0.01492968,0.05571506,0.15950547,0.009591388,0.5773474
1,7,DOUBLE,OUT,0.17105661,0.061972897,0.006120003,0.020280587,0.08531964,0.219867,0.0086291805,0.426754
7,7,OUT,OUT,0.124616034,0.057084933,0.0067851054,0.014169332,0.10808571,0.22121358,0.013286562,0.4547587
7,7,OUT,OUT,0.20068192,0.037079964,0.004985237,0.015988953,0.07457472,0.20410158,0.0040298398,0.4585578
7,7,OUT,OUT,0.23977171,0.03897533,0.0030595486,0.022043597,0.11641337,0.1913406,0.007530473,0.3808654
1,7,DOUBLE,OUT,0.139517,0.035270337,0.003108443,0.021615045,0.0729305,0.13939874,0.0036764152,0.5844835
0,7,SINGLE,OUT,0.15352464,0.044037215,0.003182685,0.010673182,0.14764833,0.13351308,0.006802963,0.50061786
0,7,SINGLE,OUT,0.120436236,0.025486596,0.004072317,0.017815838,0.077362046,0.30245903,0.008639082,0.4437288
3,7,HR,OUT,0.110279486,0.021447835,0.0041316915,0.0039951927,0.06853547,0.20772095,0.012447,0.57144237
7,7,OUT,OUT,0.11530803,0.015321556,0.0044400864,0.009820807,0.04086763,0.16651647,0.0076910253,0.6400344
7,7,OUT,OUT,0.1313156,0.051038176,0.0036527398,0.007545453,0.049944367,0.17461973,0.0051706643,0.57671326
7,7,OUT,OUT,0.10902514,0.05333399,0.0032544634,0.015360277,0.05732546,0.23190649,0.009912707,0.51988155
1,7,DOUBLE,OUT,0.1374531,0.017697135,0.0040336438,0.016833397,0.046736237,0.1303863,0.018190484,0.62866974
0,7,SINGLE,OUT,0.23940995,0.042576402,0.0025691024,0.01457836,0.06650507,0.1982248,0.010483941,0.42565238
7,7,OUT,OUT,0.11914852,0.03488844,0.0029558754,0.011865408,0.037848845,0.20852925,0.0069256797,0.57783806
0,7,SINGLE,OUT,0.11989737,0.07587638,0.008533828,0.013869979,0.045702647,0.14318448,0.012468615,0.5804666
7,7,OUT,OUT,0.2853633,0.04826186,0.004752656,0.015667956,0.06937411,0.077452935,0.01166152,0.4874656
7,7,OUT,OUT,0.22212568,0.059873823,0.005386283,0.01946447,0.0771641,0.12446003,0.01277478,0.47875082
4,7,BB,OUT,0.15804118,0.02821136,0.00361005,0.015194548,0.1071998,0.13203223,0.007561644,0.5481491
0,7,SINGLE,OUT,0.12410706,0.025721129,0.004919149,0.007278168,0.06294524,0.119621515,0.009618289,0.64578944
7,7,OUT,OUT,0.12178338,0.03820656,0.0039676265,0.010952069,0.05009429,0.12858114,0.007485234,0.6389297
0,7,SINGLE,OUT,0.19855775,0.03087805,0.0023828996,0.015003449,0.05192684,0.19918278,0.008671984,0.49339622
7,7,OUT,OUT,0.20986652,0.03726244,0.0036564567,0.015681475,0.0513686,0.06587971,0.009250862,0.6070339
7,7,OUT,OUT,0.13234429,0.03915032,0.0038110185,0.016814416,0.041119915,0.15828225,0.012596476,0.5958813
7,7,OUT,OUT,0.14900692,0.045266602,0.0038848973,0.023880165,0.048576042,0.21451536,0.010019332,0.5048506
0,7,SINGLE,OUT,0.16668107,0.05392225,0.0073583024,0.012082291,0.08546272,0.17255872,0.010866772,0.49106792
7,7,OUT,OUT,0.15142053,0.06303913,0.0035686025,0.017253036,0.05390143,0.12499312,0.009350805,0.5764733
7,7,OUT,OUT,0.13239145,0.037561167,0.002428868,0.015485865,0.09103815,0.13221414,0.01139864,0.57748175
7,7,OUT,OUT,0.17976052,0.03734766,0.0019126358,0.016238485,0.03590375,0.1198115,0.0052709663,0.6037545
4,7,BB,OUT,0.18960112,0.049638327,0.004945011,0.019039715,0.04982328,0.127584,0.010788133,0.54858047
4,7,BB,OUT,0.16612597,0.044894014,0.0037860763,0.020309616,0.046656262,0.21752007,0.012188657,0.48851928
7,7,OUT,OUT,0.15440597,0.039876137,0.0042363415,0.0056622997,0.05822998,0.16002592,0.010944193,0.5666192
5,7,SO,OUT,0.10176256,0.03414068,0.0036603778,0.0077922465,0.03568956,0.12943539,0.01163248,0.67588675
7,7,OUT,OUT,0.17647776,0.05985463,0.0055481475,0.013787376,0.05556408,0.16327271,0.014641063,0.51085424
4,7,BB,OUT,0.229261,0.04579319,0.0052751675,0.012747618,0.06036741,0.13491718,0.009455965,0.5021824
7,7,OUT,OUT,0.22796224,0.04363601,0.004814058,0.015538502,0.06660046,0.15964055,0.014711855,0.46709627
1,7,DOUBLE,OUT,0.18093415,0.019267144,0.0067850333,0.011010158,0.052047357,0.1510931,0.0068729785,0.5719901
7,7,OUT,OUT,0.1510972,0.046533696,0.004078168,0.0076747765,0.062417116,0.13146202,0.0052298387,0.5915072
7,7,OUT,OUT,0.16911037,0.031647377,0.004791777,0.01134425,0.060058273,0.17896537,0.00925557,0.53482705
7,7,OUT,OUT,0.16581695,0.028786315,0.0032557033,0.012555321,0.044378575,0.083718,0.0100057935,0.65148324
5,7,SO,OUT,0.15287766,0.02816502,0.003747372,0.026249105,0.12579453,0.25133634,0.0069195474,0.4049104
7,7,OUT,OUT,0.21715216,0.044582486,0.0046830745,0.011893584,0.04357348,0.20079975,0.0069411676,0.4703743
5,7,SO,OUT,0.12903,0.043021504,0.0049236384,0.024351677,0.065613136,0.24947304,0.010292549,0.4732945
5,7,SO,OUT,0.23607205,0.032445025,0.0058587417,0.012759866,0.033804,0.09014953,0.008101287,0.58080953
6,7,HBP,OUT,0.12968226,0.030571947,0.00286228,0.023168407,0.038970996,0.22409336,0.007564614,0.5430861
7,7,OUT,OUT,0.13598266,0.018741928,0.0030974408,0.011622356,0.028713057,0.12434954,0.009733308,0.66775966
7,7,OUT,OUT,0.12871252,0.036484156,0.0022751438,0.014328036,0.051040553,0.14218545,0.0069831284,0.61799103
7,7,OUT,OUT,0.13315728,0.034511726,0.0031428738,0.012390114,0.052737404,0.17269593,0.006589169,0.5847755
7,7,OUT,OUT,0.109127305,0.029604007,0.0036821705,0.01117681,0.07392326,0.19881447,0.0044401605,0.5692318
7,7,OUT,OUT,0.1571633,0.033712544,0.010983465,0.018148566,0.04615781,0.15014808,0.009249379,0.5744369
6,7,HBP,OUT,0.20755267,0.058195252,0.003653453,0.013586043,0.1267586,0.091391616,0.006719498,0.49214283
5,7,SO,OUT,0.14664184,0.022369523,0.00531543,0.01571182,0.07059998,0.11960607,0.00827074,0.61148465
7,7,OUT,OUT,0.10765246,0.019227866,0.0032237063,0.011133279,0.038805176,0.15839955,0.008645023,0.652913
5,7,SO,OUT,0.19159834,0.023020502,0.00582754,0.019427544,0.042333107,0.10912788,0.005985294,0.6026798
7,7,OUT,OUT,0.14066218,0.05093951,0.0036556164,0.018325774,0.09462912,0.15780544,0.010643733,0.5233386
0,7,SINGLE,OUT,0.17827067,0.027521154,0.0031489322,0.009629073,0.11665177,0.13265301,0.0055563543,0.526569
7,7,OUT,OUT,0.1229399,0.033159897,0.002600834,0.029968485,0.092919886,0.19609831,0.010104581,0.5122081
5,7,SO,OUT,0.14592929,0.029293183,0.002429799,0.03183407,0.05704078,0.17386815,0.0063827513,0.553222
0,7,SINGLE,OUT,0.22772773,0.03374485,0.0045711324,0.009908012,0.098232366,0.14681041,0.0067888214,0.47221678
7,7,OUT,OUT,0.22623242,0.027564432,0.005350557,0.012307583,0.032156352,0.09023952,0.006848536,0.59930056
7,7,OUT,OUT,0.12988317,0.027608832,0.0030421212,0.01885882,0.04872512,0.22583061,0.008396039,0.5376553
7,7,OUT,OUT,0.16159508,0.028779663,0.0024166156,0.010397259,0.04999056,0.12129471,0.003906269,0.6216198
7,7,OUT,OUT,0.17161502,0.032174855,0.0032460778,0.019536937,0.06604336,0.14109184,0.005657315,0.56063455
7,7,OUT,OUT,0.10569352,0.041363906,0.0037154222,0.009927374,0.06164591,0.16705537,0.010439685,0.6001588
0,7,SINGLE,OUT,0.18505202,0.027305752,0.013628985,0.018978648,0.066533804,0.18979722,0.009284172,0.4894193
7,7,OUT,OUT,0.21098286,0.06137599,0.004721326,0.018730601,0.16530961,0.12574412,0.008779011,0.40435648
0,7,SINGLE,OUT,0.17329781,0.021494702,0.005951291,0.015211138,0.124982916,0.20101795,0.006940397,0.45110375
5,7,SO,OUT,0.14104544,0.031894132,0.0043311,0.019253325,0.08838856,0.24361135,0.010890808,0.46058527
0,7,SINGLE,OUT,0.19598298,0.035828203,0.0049621477,0.009209418,0.1082888,0.1743335,0.012701395,0.4586935
7,7,OUT,OUT,0.15233293,0.02282215,0.004278549,0.0074443654,0.13523717,0.24549305,0.009191456,0.42320028
7,7,OUT,OUT,0.2088492,0.03923501,0.0042994237,0.02089588,0.07871097,0.1538568,0.012764201,0.48138848
7,7,OUT,OUT,0.10551874,0.025071947,0.0028551286,0.012830212,0.04245016,0.16760996,0.010420938,0.6332429
7,7,OUT,OUT,0.14893836,0.044852894,0.0054366672,0.013846298,0.08399308,0.19161133,0.010932373,0.50038904
5,7,SO,OUT,0.13919221,0.025288159,0.007773908,0.020241508,0.055464473,0.11680239,0.011062009,0.6241753
4,7,BB,OUT,0.19776163,0.058135707,0.0034331859,0.019489614,0.07125457,0.119478874,0.0075196037,0.5229268
7,7,OUT,OUT,0.14137204,0.027256759,0.0057497183,0.014603547,0.06605281,0.10229565,0.008093745,0.6345758
0,7,SINGLE,OUT,0.1368019,0.02037268,0.0020940136,0.027312415,0.055971388,0.18438832,0.008727637,0.56433165
7,7,OUT,OUT,0.1350802,0.025251068,0.0027711233,0.010801594,0.05160114,0.19628069,0.016613299,0.56160086
7,7,OUT,OUT,0.14566308,0.025726551,0.003469031,0.011497581,0.022968784,0.105069116,0.007774001,0.6778319
7,7,OUT,OUT,0.12698627,0.053602602,0.0025944342,0.024173407,0.079047,0.19745031,0.012647458,0.5034985
4,7,BB,OUT,0.14778505,0.04120426,0.003692087,0.014861448,0.06196064,0.17638122,0.0054456675,0.54866964
0,7,SINGLE,OUT,0.1000414,0.028443383,0.0017442362,0.028400667,0.06175003,0.19369881,0.009058891,0.5768625
4,7,BB,OUT,0.1157138,0.023195473,0.0015854585,0.008125816,0.041491713,0.108613156,0.0075228093,0.6937518
7,7,OUT,OUT,0.21116298,0.025628258,0.0042821737,0.0167571,0.015167506,0.12777004,0.0055942237,0.5936377
5,7,SO,OUT,0.16299462,0.043728232,0.0036518956,0.025932802,0.06614121,0.20989962,0.00821586,0.47943583
7,7,OUT,OUT,0.15570088,0.022676911,0.0022441703,0.020631438,0.030372182,0.16363797,0.0095832795,0.5951532
5,7,SO,OUT,0.16176741,0.018220412,0.004766602,0.015584681,0.026489953,0.11198088,0.007262415,0.65392756
0,7,SINGLE,OUT,0.17998248,0.042782325,0.0039475593,0.01384084,0.056087352,0.13233341,0.01156762,0.55945843
7,7,OUT,OUT,0.1067415,0.02664683,0.0018013922,0.01071759,0.042363413,0.16101885,0.007401364,0.6433091
7,7,OUT,OUT,0.08169593,0.02905522,0.0025452657,0.012730259,0.05655408,0.19751628,0.0057059987,0.614197
7,7,OUT,OUT,0.1338301,0.031929307,0.0066221263,0.017530615,0.049758304,0.13424894,0.011430444,0.6146502
5,7,SO,OUT,0.18852577,0.054646563,0.003394503,0.016313283,0.11931357,0.120211035,0.00803504,0.48956025
7,7,OUT,OUT,0.115767874,0.023710502,0.0035741637,0.013661017,0.061423052,0.15144445,0.0059520416,0.62446684
5,7,SO,OUT,0.096271545,0.041634083,0.0031294702,0.016572084,0.056881886,0.1867585,0.012119303,0.5866331
7,7,OUT,OUT,0.19490351,0.04447731,0.003914203,0.010284315,0.07003784,0.14565629,0.007110369,0.5236162
0,7,SINGLE,OUT,0.10717034,0.032116428,0.0025347068,0.018073833,0.055555053,0.22750174,0.008503348,0.5485446
0,7,SINGLE,OUT,0.10369082,0.03546579,0.001757236,0.011625426,0.040199164,0.14144328,0.005618987,0.6601993
1,7,DOUBLE,OUT,0.16947417,0.019848583,0.0055390345,0.012776115,0.07038858,0.11471993,0.007841137,0.59941244
5,7,SO,OUT,0.24336176,0.027561158,0.0040108524,0.013801698,0.05041355,0.15297794,0.011750254,0.49612275
7,7,OUT,OUT,0.11335908,0.015919412,0.002414609,0.014111677,0.047566734,0.15118858,0.008050712,0.6473891
7,7,OUT,OUT,0.15693219,0.03271794,0.0064409343,0.015567355,0.085432135,0.24256305,0.008178275,0.4521681
0,7,SINGLE,OUT,0.17994325,0.039578352,0.0038717694,0.014927283,0.07931046,0.18594201,0.008747237,0.4876796
3,7,HR,OUT,0.21789628,0.04496711,0.006302708,0.020863341,0.0747093,0.16455801,0.011092111,0.45961118
5,7,SO,OUT,0.17987157,0.052739106,0.005134592,0.0212682,0.09990283,0.15739097,0.0069120075,0.47678074
7,7,OUT,OUT,0.14655498,0.04817157,0.00400536,0.016282538,0.06343635,0.28435782,0.0049302652,0.4322611
7,7,OUT,OUT,0.13379028,0.030186389,0.0065934453,0.01286999,0.06087727,0.3025585,0.0056077484,0.44751635
7,7,OUT,OUT,0.14617419,0.036921717,0.0017687861,0.017003637,0.055817112,0.16365229,0.0077145123,0.57094777
0,7,SINGLE,OUT,0.15590975,0.05361235,0.0044742962,0.018039681,0.06506016,0.18623523,0.007076918,0.5095916
5,7,SO,OUT,0.14106947,0.02303851,0.003427849,0.00808508,0.041870568,0.17341532,0.008087934,0.60100526
6,7,HBP,OUT,0.13015583,0.03999078,0.0047064596,0.028979698,0.06275937,0.23060961,0.009786942,0.49301124
7,7,OUT,OUT,0.18585925,0.04619817,0.0048326016,0.016237011,0.089013815,0.13731126,0.009568684,0.51097924
0,7,SINGLE,OUT,0.16280207,0.038712285,0.0043727024,0.041686814,0.12661102,0.24526677,0.006900494,0.3736479
7,7,OUT,OUT,0.14963847,0.043690644,0.0036676174,0.011928569,0.15931575,0.1614723,0.011508125,0.4587785
7,7,OUT,OUT,0.08901217,0.026256954,0.0045508477,0.010787441,0.059447404,0.21699846,0.017144747,0.57580197
7,7,OUT,OUT,0.16045523,0.028518768,0.003499513,0.010641279,0.045103487,0.18337955,0.009930125,0.5584721
7,7,OUT,OUT,0.13490297,0.041634854,0.0047014933,0.010795531,0.040290058,0.17546397,0.0054581594,0.5867529
5,7,SO,OUT,0.1458257,0.04247592,0.0015994983,0.01599815,0.042763524,0.23035184,0.004547231,0.5164382
4,7,BB,OUT,0.13296197,0.03613292,0.005174269,0.02519362,0.055432692,0.25285295,0.008464657,0.48378682
7,7,OUT,OUT,0.19328037,0.0348038,0.0053145983,0.01993543,0.092766196,0.15542303,0.0059481696,0.4925284
5,7,SO,OUT,0.10801863,0.02173596,0.008686171,0.011786736,0.055879787,0.2704034,0.00805761,0.51543164
7,7,OUT,OUT,0.16809863,0.015932757,0.0030969894,0.007201368,0.04542139,0.15468086,0.007388092,0.5981799
5,7,SO,OUT,0.14252137,0.040123846,0.0026371402,0.018657979,0.057596594,0.24194145,0.010549129,0.48597246
4,7,BB,OUT,0.14020388,0.032224,0.0020837197,0.013076759,0.07932616,0.21187721,0.013284253,0.507924
0,7,SINGLE,OUT,0.12631378,0.02021879,0.004182107,0.009258949,0.06376572,0.21101217,0.007769047,0.5574795
5,7,SO,OUT,0.09571979,0.012395091,0.004130976,0.0046767946,0.05922653,0.22504823,0.013626938,0.5851756
0,7,SINGLE,OUT,0.19121614,0.028182548,0.0037076592,0.009942004,0.07073115,0.20401385,0.0059292763,0.4862774
5,7,SO,OUT,0.12825686,0.037928797,0.0019706308,0.021165518,0.04532867,0.29762542,0.009440945,0.4582831
7,7,OUT,OUT,0.18127587,0.029186094,0.0032195968,0.008749989,0.0679498,0.15583391,0.0075241174,0.5462606
7,7,OUT,OUT,0.08805278,0.032859363,0.0014438295,0.012283985,0.0441276,0.26384982,0.0047374093,0.5526452
7,5,OUT,SO,0.11239674,0.030751105,0.0043167467,0.025401263,0.0713888,0.39871672,0.0066735395,0.3503551
7,7,OUT,OUT,0.14551248,0.017988263,0.0071617668,0.013789236,0.04398699,0.11055921,0.0068546534,0.6541474
7,7,OUT,OUT,0.17890103,0.036181692,0.0062475153,0.017895047,0.07807808,0.19828792,0.011272071,0.47313666
7,7,OUT,OUT,0.10811056,0.04232247,0.0032714223,0.01722805,0.08682578,0.20239395,0.010611439,0.5292363
7,7,OUT,OUT,0.14286005,0.032542173,0.011313421,0.012111565,0.07953833,0.15572152,0.0058227787,0.56009024
7,7,OUT,OUT,0.18305317,0.027263941,0.011455074,0.010711459,0.049082235,0.18042217,0.0047024065,0.5333095
7,7,OUT,OUT,0.16943869,0.03909948,0.0033827794,0.013357596,0.04503273,0.14918642,0.011037948,0.5694643
7,7,OUT,OUT,0.12347809,0.021574402,0.004762466,0.019115962,0.055119097,0.2368198,0.010934582,0.5281956
0,7,SINGLE,OUT,0.18824455,0.04029692,0.008414392,0.009748694,0.08257061,0.16784073,0.004961068,0.4979231
5,7,SO,OUT,0.12475295,0.031271815,0.005177026,0.021486502,0.093211986,0.2238523,0.012858635,0.48738876
7,7,OUT,OUT,0.21835467,0.03344353,0.0049291467,0.012921233,0.11177294,0.22998798,0.009006669,0.3795839
7,7,OUT,OUT,0.14816819,0.03267553,0.0024281817,0.01910434,0.10166187,0.29210454,0.010966334,0.39289102
7,7,OUT,OUT,0.24973309,0.031234587,0.012103228,0.014258606,0.09949765,0.13616955,0.006592735,0.45041054
1,7,DOUBLE,OUT,0.2500263,0.04223959,0.010592634,0.012879941,0.18600917,0.11099087,0.0070480877,0.38021347
4,7,BB,OUT,0.10481355,0.029736625,0.004200974,0.014296504,0.09826426,0.2873053,0.0062793703,0.45510346
4,7,BB,OUT,0.18201518,0.025432115,0.0068723313,0.022225754,0.12259838,0.22744593,0.01166821,0.4017421
7,7,OUT,OUT,0.17135204,0.03218291,0.004857517,0.01591824,0.06931332,0.2420985,0.010025654,0.4542519
5,7,SO,OUT,0.21991925,0.019517368,0.013561,0.01039693,0.20527047,0.1280117,0.008673551,0.3946497
7,7,OUT,OUT,0.15775059,0.02717354,0.004683757,0.0073570414,0.06392531,0.2420035,0.012149821,0.48495644
5,7,SO,OUT,0.25229198,0.028148264,0.0031591689,0.008533103,0.10989295,0.14989485,0.010862228,0.43721735
7,7,OUT,OUT,0.19928592,0.03197707,0.002485549,0.008630836,0.061106574,0.19039048,0.007831693,0.49829197
0,7,SINGLE,OUT,0.24809347,0.0327061,0.0042443858,0.014545166,0.059696276,0.14728504,0.003434456,0.48999515
7,7,OUT,OUT,0.14678681,0.03723378,0.003884646,0.029200431,0.04546524,0.25805336,0.009427339,0.46994835
1,7,DOUBLE,OUT,0.28102553,0.042065024,0.006831488,0.021546999,0.117654614,0.14231408,0.006733129,0.38182917
7,7,OUT,OUT,0.19577694,0.024725623,0.012838426,0.007614521,0.06960856,0.10910961,0.006196968,0.5741294
6,7,HBP,OUT,0.1854858,0.022800721,0.0075872154,0.0062199887,0.15047665,0.18024896,0.007906934,0.43927374
0,7,SINGLE,OUT,0.29346618,0.041433685,0.008051761,0.009166547,0.08973919,0.12410412,0.010636246,0.42340234
5,7,SO,OUT,0.10463502,0.023447286,0.0045490167,0.0075656306,0.047321554,0.1876932,0.012391686,0.61239666
0,7,SINGLE,OUT,0.1359445,0.0246686,0.0054778224,0.009207503,0.041172944,0.20321202,0.011881448,0.56843513
7,7,OUT,OUT,0.14444079,0.025045233,0.003763916,0.0140630575,0.047677584,0.22019015,0.009618456,0.5352007
7,7,OUT,OUT,0.15816869,0.029975038,0.004289876,0.0137083335,0.042435404,0.10965187,0.0070360578,0.6347347
7,7,OUT,OUT,0.18484882,0.049308885,0.004048486,0.036300845,0.074503794,0.10508847,0.01691945,0.52898127
3,7,HR,OUT,0.17602043,0.04810977,0.0020542587,0.020092927,0.04834967,0.1271718,0.00755449,0.5706465
5,7,SO,OUT,0.17065045,0.013885896,0.0041935295,0.009369357,0.037331216,0.09542365,0.0041987076,0.6649472
7,7,OUT,OUT,0.13943514,0.028993517,0.0041713375,0.007958894,0.0867135,0.14618342,0.010524061,0.5760202
5,7,SO,OUT,0.20891136,0.03290089,0.004706312,0.014490649,0.08452813,0.15265216,0.009824016,0.49198645
4,7,BB,OUT,0.13822575,0.033569932,0.008800201,0.016223291,0.09054774,0.20642063,0.014692453,0.49151996
0,7,SINGLE,OUT,0.13073255,0.04357425,0.003657989,0.012274933,0.07692774,0.1730148,0.01309978,0.54671794
5,7,SO,OUT,0.17794928,0.056770854,0.005415172,0.013725182,0.097588286,0.12775707,0.013021001,0.5077731
0,7,SINGLE,OUT,0.17221265,0.03440112,0.0061907806,0.022572242,0.08835076,0.18316187,0.015779875,0.4773306
0,7,SINGLE,OUT,0.1546571,0.051760066,0.0068215486,0.029364478,0.07842315,0.15069681,0.017690837,0.510586
0,7,SINGLE,OUT,0.16794047,0.034580693,0.007815577,0.012428826,0.051037956,0.19677202,0.010877393,0.51854706
7,7,OUT,OUT,0.15322766,0.034967087,0.0030654534,0.021207245,0.034460645,0.09796875,0.0035383096,0.65156484
7,7,OUT,OUT,0.21729246,0.035683587,0.0043944903,0.012811535,0.038612384,0.09802061,0.0050450894,0.5881398
7,7,OUT,OUT,0.19702783,0.028584195,0.007013721,0.01990261,0.030977655,0.0925456,0.005074069,0.6188743
7,7,OUT,OUT,0.18626195,0.05095002,0.0030607497,0.029597744,0.061019775,0.25930113,0.00962604,0.40018257
0,7,SINGLE,OUT,0.1645953,0.04133915,0.009203819,0.008740617,0.051127255,0.17816895,0.007944704,0.53888017
7,7,OUT,OUT,0.1530462,0.023000585,0.0023147038,0.02727442,0.07741493,0.30487812,0.006139376,0.40593162
7,7,OUT,OUT,0.20997664,0.04220482,0.0054198517,0.015440317,0.068045974,0.14292705,0.0040274155,0.5119579
7,7,OUT,OUT,0.2581753,0.031950366,0.002412926,0.020323593,0.052882887,0.08245002,0.0038731608,0.54793173
1,7,DOUBLE,OUT,0.1243779,0.027713548,0.002833268,0.014104208,0.06456343,0.25466573,0.004160081,0.50758183
0,7,SINGLE,OUT,0.14668374,0.025572078,0.005993293,0.017048238,0.05413884,0.16885285,0.01992949,0.5617815
5,7,SO,OUT,0.17513385,0.033327017,0.005692335,0.018182052,0.09441118,0.13426909,0.006534496,0.5324501
3,7,HR,OUT,0.19967434,0.055052884,0.0044789365,0.037995107,0.093707405,0.19320685,0.015109876,0.4007745
7,7,OUT,OUT,0.11748854,0.035613656,0.002766733,0.025797814,0.06680967,0.2259661,0.011806708,0.51375073
7,7,OUT,OUT,0.12162829,0.043609593,0.012273638,0.006720207,0.099223636,0.22611417,0.0036680205,0.4867624
7,7,OUT,OUT,0.1610572,0.074721225,0.0067508863,0.012410103,0.084621266,0.16268969,0.007730837,0.49001884
4,7,BB,OUT,0.16383891,0.040288623,0.004544648,0.014551446,0.13671951,0.20710331,0.0063192328,0.42663428
7,7,OUT,OUT,0.2164392,0.053822145,0.0060142223,0.02744725,0.13520704,0.16792199,0.005878235,0.38726988
0,7,SINGLE,OUT,0.1991709,0.06993874,0.0083781,0.018692115,0.15125011,0.18337828,0.015632086,0.35355967
1,7,DOUBLE,OUT,0.18060413,0.031582944,0.012484291,0.011500266,0.065625355,0.2003899,0.010634786,0.48717842
7,7,OUT,OUT,0.14526045,0.02368738,0.0033419924,0.012621527,0.036392253,0.12420708,0.003780709,0.6507087
7,7,OUT,OUT,0.20563157,0.022033688,0.00586104,0.007506354,0.04241886,0.09165171,0.006137317,0.61875945
7,7,OUT,OUT,0.2718536,0.026803907,0.0040507484,0.019060345,0.032940377,0.07010661,0.007972411,0.56721205
7,7,OUT,OUT,0.12372324,0.036168333,0.0042210184,0.014261352,0.06860317,0.19052446,0.007293453,0.555205
7,7,OUT,OUT,0.18162005,0.041252885,0.0039447374,0.020321818,0.06321907,0.15965354,0.006310933,0.52367693
3,7,HR,OUT,0.13927737,0.046003994,0.005370211,0.016154727,0.082998514,0.14396133,0.015253598,0.5509802
7,7,OUT,OUT,0.22934516,0.044158876,0.008057394,0.0158671,0.079152375,0.14177114,0.0068522473,0.4747957
0,7,SINGLE,OUT,0.1835428,0.05138864,0.0048226775,0.020863093,0.07711969,0.15919422,0.005655943,0.4974129
0,7,SINGLE,OUT,0.15478507,0.036826786,0.0025015757,0.021360135,0.072981484,0.2194,0.007904925,0.48424003
5,7,SO,OUT,0.11444336,0.021368694,0.004703281,0.009665211,0.032460485,0.11826556,0.0036221265,0.6954712
0,7,SINGLE,OUT,0.17641896,0.034069832,0.0025830318,0.021947946,0.034829706,0.11754213,0.0033504248,0.60925794
7,7,OUT,OUT,0.19136773,0.05178589,0.009448786,0.015763182,0.045191035,0.2039327,0.011065592,0.47144508
0,7,SINGLE,OUT,0.16548476,0.032520995,0.0040215803,0.015631905,0.07921804,0.20796995,0.0076440745,0.48750868
5,7,SO,OUT,0.16874711,0.029573582,0.004809533,0.018370787,0.073791154,0.18436125,0.010019681,0.5103269
7,7,OUT,OUT,0.16729876,0.050141115,0.0042350455,0.024139667,0.08240455,0.13060573,0.011048691,0.53012645
5,7,SO,OUT,0.17546396,0.064981736,0.007581139,0.024407014,0.065512046,0.22181074,0.007348302,0.432895
6,7,HBP,OUT,0.33695182,0.04098207,0.007445054,0.0137375165,0.07534432,0.09865609,0.008848411,0.41803476
0,7,SINGLE,OUT,0.23432133,0.04574446,0.0070037143,0.010921905,0.07334364,0.108258694,0.010821883,0.5095843
0,7,SINGLE,OUT,0.17013583,0.067213856,0.004928359,0.03561357,0.07962846,0.17431504,0.008905857,0.45925903
4,7,BB,OUT,0.112703755,0.049359906,0.0022415991,0.030038329,0.07356559,0.34678492,0.005420538,0.37988532
7,7,OUT,OUT,0.115547046,0.061818928,0.0018490008,0.024723291,0.11262297,0.25253704,0.006365541,0.42453617
7,7,OUT,OUT,0.1952674,0.066993706,0.0059673972,0.013212372,0.06964615,0.14396681,0.0060506365,0.4988956
0,7,SINGLE,OUT,0.15420726,0.05099473,0.0038789546,0.016184326,0.077592656,0.16440897,0.0057903146,0.52694273
7,7,OUT,OUT,0.18029232,0.05246677,0.0077507105,0.017542174,0.07795487,0.17022957,0.0055025667,0.48826092
7,7,OUT,OUT,0.10290773,0.034667544,0.0015005027,0.021849783,0.061972797,0.18773773,0.0047606383,0.58460325
7,7,OUT,OUT,0.28581408,0.05657612,0.0031498987,0.028578086,0.08905012,0.105258696,0.007588987,0.4239839
6,7,HBP,OUT,0.12926565,0.052338727,0.0036358451,0.027861126,0.07214316,0.14765078,0.016094593,0.5510102
5,7,SO,OUT,0.1417634,0.030580342,0.0037749195,0.013817368,0.07026571,0.24810782,0.024694728,0.46699578
5,7,SO,OUT,0.1561417,0.058372963,0.0044627725,0.019165887,0.15954639,0.10734311,0.02358887,0.47137827
4,7,BB,OUT,0.21908587,0.05737081,0.0056837955,0.016350187,0.09744208,0.13992867,0.011784753,0.4523538
4,7,BB,OUT,0.18243155,0.052254777,0.0065282644,0.01787521,0.11301298,0.24567237,0.013213906,0.36901093
7,7,OUT,OUT,0.17412746,0.044203997,0.008488996,0.016312785,0.063193716,0.18608661,0.014775306,0.49281105
7,7,OUT,OUT,0.07708678,0.05894762,0.003010978,0.011989939,0.06157801,0.29001698,0.0038905872,0.49347904
7,7,OUT,OUT,0.17170218,0.036360715,0.00280928,0.014718132,0.071979836,0.18145278,0.0105579235,0.5104191
5,7,SO,OUT,0.18027027,0.0418294,0.003267274,0.032515798,0.057000153,0.18457375,0.0063342378,0.4942092
0,7,SINGLE,OUT,0.15733555,0.041801818,0.006346686,0.018741481,0.06353077,0.18440169,0.016449386,0.51139265
5,7,SO,OUT,0.18643205,0.06409197,0.0031171034,0.024587976,0.0696973,0.28244895,0.008729066,0.36089563
7,7,OUT,OUT,0.12728925,0.02870857,0.00427747,0.020196693,0.045139235,0.27073652,0.0053429436,0.4983093
7,7,OUT,OUT,0.13775414,0.03237758,0.0020488517,0.027208224,0.048002757,0.12738764,0.0033086094,0.6219122
0,7,SINGLE,OUT,0.15448354,0.04258692,0.0034455587,0.021643726,0.04690355,0.14680761,0.004399139,0.57973
7,7,OUT,OUT,0.1830828,0.038632706,0.0055405037,0.017583752,0.06241523,0.09479504,0.008305638,0.58964443
1,7,DOUBLE,OUT,0.16928549,0.051354505,0.0025327716,0.043053284,0.050403308,0.0984384,0.010867758,0.5740645
4,7,BB,OUT,0.17378655,0.059994016,0.0023314273,0.029064097,0.03379409,0.13937701,0.0061701257,0.5554827
7,7,OUT,OUT,0.25645462,0.029046487,0.0060465233,0.012576523,0.036613386,0.06495146,0.003837209,0.59047383
7,7,OUT,OUT,0.22497974,0.017941222,0.0023637225,0.011754849,0.0585974,0.19305167,0.010756825,0.48055458
2,7,TRIPLE,OUT,0.2356855,0.043427337,0.0056984588,0.016777102,0.026032582,0.07098612,0.0070080208,0.59438485
7,7,OUT,OUT,0.15405358,0.038351003,0.0046955906,0.044417113,0.065492585,0.245003,0.0108776465,0.43710947
0,7,SINGLE,OUT,0.1695174,0.027668249,0.005201787,0.009016906,0.032246966,0.19894099,0.0063673966,0.55104023
7,7,OUT,OUT,0.15444273,0.048010916,0.006586082,0.03331046,0.07498601,0.20368929,0.01754681,0.46142772
7,7,OUT,OUT,0.07119869,0.028499829,0.0028733327,0.0136764655,0.097347,0.34641632,0.007877208,0.43211114
7,7,OUT,OUT,0.11925669,0.04485015,0.0039708675,0.019270398,0.07334716,0.24489027,0.012230024,0.48218444
7,7,OUT,OUT,0.1498651,0.054483637,0.005448803,0.022521479,0.063514784,0.2005256,0.014612608,0.4890281
6,7,HBP,OUT,0.17165439,0.047452714,0.0028906658,0.034263417,0.1400957,0.14592192,0.013494712,0.4442265
0,7,SINGLE,OUT,0.16747154,0.028783351,0.0033797629,0.011442191,0.064618334,0.20580368,0.007224208,0.51127696
7,7,OUT,OUT,0.19010434,0.03023419,0.0058282153,0.015734358,0.06530808,0.09725898,0.018494317,0.57703763
4,7,BB,OUT,0.1530875,0.053823918,0.0034349188,0.036376234,0.14339767,0.19815418,0.0072757048,0.4044499
7,7,OUT,OUT,0.22325991,0.049162947,0.0065208287,0.014724556,0.09799287,0.119879544,0.010829411,0.4776299
4,7,BB,OUT,0.21308218,0.05913805,0.00553137,0.02611986,0.065732285,0.1517978,0.01236721,0.4662312
7,7,OUT,OUT,0.1892688,0.030096866,0.008113515,0.017875565,0.059064228,0.17745757,0.010535956,0.5075875
5,7,SO,OUT,0.13703759,0.02656339,0.0053415466,0.011388373,0.08317778,0.31141084,0.013027695,0.41205284
7,7,OUT,OUT,0.23541023,0.050824195,0.0055320384,0.00998227,0.13885535,0.10894885,0.015223674,0.4352234
0,5,SINGLE,SO,0.08477729,0.0217912,0.0026878926,0.017256243,0.08481581,0.4096941,0.010494464,0.36848304
7,7,OUT,OUT,0.14512229,0.039763484,0.0022615937,0.012205167,0.0627614,0.1861283,0.004588499,0.54716927
7,7,OUT,OUT,0.16862234,0.026213793,0.0058925236,0.01030476,0.06508807,0.16088963,0.008537703,0.55445117
7,7,OUT,OUT,0.121887006,0.02155378,0.0040817778,0.020559557,0.09677952,0.18982328,0.008027738,0.5372874
7,7,OUT,OUT,0.110100955,0.022363044,0.0040490506,0.0119484635,0.041808866,0.21677308,0.005030338,0.58792615
7,7,OUT,OUT,0.12813935,0.02536444,0.004678835,0.02064085,0.07219718,0.24490993,0.009265287,0.4948041
0,7,SINGLE,OUT,0.22237834,0.027274365,0.0132203195,0.015041837,0.047235977,0.13095543,0.005247238,0.5386465
3,7,HR,OUT,0.13367473,0.030048486,0.0050442982,0.011449891,0.09781076,0.176112,0.009131762,0.536728
5,7,SO,OUT,0.14625393,0.035113573,0.003052783,0.019206932,0.12428171,0.154261,0.007950858,0.5098792
0,7,SINGLE,OUT,0.17543593,0.02042631,0.005245217,0.010550569,0.0766005,0.14776663,0.008023373,0.55595154
5,7,SO,OUT,0.13465655,0.015912766,0.005479636,0.012289905,0.046999138,0.19640332,0.009554919,0.5787037
7,7,OUT,OUT,0.14581567,0.032745723,0.0036211028,0.024573484,0.09557324,0.19813342,0.009794145,0.48974323
7,7,OUT,OUT,0.12488539,0.017660055,0.0049822726,0.0072448095,0.068359345,0.14120962,0.0062556393,0.6294028
7,7,OUT,OUT,0.17286202,0.025990669,0.004558798,0.0050358195,0.061071534,0.17383598,0.0053293426,0.5513159
5,7,SO,OUT,0.18923296,0.02661801,0.005191437,0.007909247,0.05678896,0.19941609,0.0066785994,0.5081647
1,7,DOUBLE,OUT,0.15069874,0.022235425,0.00458075,0.012697393,0.044480745,0.15762816,0.0075042993,0.6001745
7,7,OUT,OUT,0.09739965,0.029927349,0.002281752,0.010650598,0.05079961,0.32708797,0.012590989,0.46926197
7,7,OUT,OUT,0.103082255,0.028361576,0.0034755857,0.010412399,0.11633476,0.14806236,0.015344992,0.57492614
0,7,SINGLE,OUT,0.16071084,0.027366573,0.0021943091,0.012715551,0.062896915,0.15770184,0.005569696,0.5708443
0,7,SINGLE,OUT,0.16608812,0.032581028,0.004262791,0.010128971,0.059709262,0.13677473,0.010795676,0.5796594
5,7,SO,OUT,0.146626,0.018094385,0.0038496247,0.015899008,0.03893039,0.11135722,0.010437015,0.6548064
7,7,OUT,OUT,0.17626151,0.046086974,0.0043580225,0.01552524,0.111939095,0.16124006,0.008980231,0.47560886
5,7,SO,OUT,0.14123167,0.02201524,0.0021410554,0.016349046,0.060837816,0.25614002,0.010573028,0.4907122
2,7,TRIPLE,OUT,0.17523807,0.054437697,0.006417614,0.015661178,0.112322524,0.20157278,0.0117567545,0.4225934
5,7,SO,OUT,0.14131989,0.027081653,0.002324064,0.01474045,0.17362384,0.21253121,0.012841797,0.41553706
7,7,OUT,OUT,0.15240012,0.055543765,0.0035470754,0.010135044,0.0383885,0.165088,0.0073010186,0.5675965
7,7,OUT,OUT,0.21585181,0.025778932,0.003758652,0.010337415,0.06379264,0.26216185,0.006563713,0.41175503
7,7,OUT,OUT,0.18747586,0.021931676,0.0049841795,0.009896946,0.051029343,0.2285484,0.012524323,0.4836092
5,7,SO,OUT,0.10556935,0.01970138,0.0021118543,0.025997238,0.090007484,0.33013007,0.007316074,0.4191665
4,7,BB,OUT,0.12942955,0.023159241,0.0065049296,0.013817644,0.11346334,0.23167859,0.0060363407,0.4759104
7,7,OUT,OUT,0.14160065,0.048291538,0.0039660945,0.026643356,0.14231034,0.25649956,0.014079644,0.36660883
7,7,OUT,OUT,0.15726902,0.027673332,0.0064088153,0.016053746,0.10444686,0.23635748,0.006731511,0.4450592
7,7,OUT,OUT,0.0941126,0.034206804,0.0041307583,0.013857486,0.16839921,0.3037699,0.013076222,0.3684471
7,7,OUT,OUT,0.21686348,0.042250555,0.004602854,0.017065624,0.13597505,0.18939663,0.014681912,0.37916392
1,7,DOUBLE,OUT,0.217188,0.023971802,0.005997982,0.015299516,0.11799408,0.14118028,0.009027558,0.46934086
1,7,DOUBLE,OUT,0.21516861,0.028069928,0.005701784,0.009273124,0.09904552,0.2432789,0.0073561254,0.39210594
5,7,SO,OUT,0.098234385,0.017360264,0.00528337,0.004406595,0.06226489,0.22138664,0.0074320855,0.5836318
4,7,BB,OUT,0.1155754,0.011722925,0.0046321023,0.008097428,0.038143937,0.27939203,0.0074039563,0.5350323
5,7,SO,OUT,0.19593476,0.015387285,0.005904572,0.017506093,0.06088213,0.27925193,0.014713152,0.41042003
5,7,SO,OUT,0.29906356,0.023281898,0.011801848,0.009944014,0.034550603,0.119029246,0.008572421,0.49375638
0,7,SINGLE,OUT,0.19116822,0.01977947,0.006632992,0.013393424,0.06746047,0.28752255,0.007698748,0.4063441
5,7,SO,OUT,0.104967035,0.018583974,0.004465241,0.010566556,0.064302064,0.29585165,0.0064236284,0.4948399
7,7,OUT,OUT,0.21086277,0.022935424,0.0053803143,0.012729951,0.08276347,0.182643,0.008072426,0.47461277
5,7,SO,OUT,0.15458441,0.015489862,0.0053077415,0.015128822,0.058201257,0.16029806,0.010516652,0.58047324
4,7,BB,OUT,0.12425484,0.025582198,0.0041084816,0.0062737027,0.10600565,0.18696022,0.007950677,0.5388642
5,7,SO,OUT,0.21851,0.019785086,0.0020014108,0.016406573,0.049322143,0.23122592,0.008476864,0.45427203
7,7,OUT,OUT,0.12747873,0.03833339,0.0051526306,0.02094975,0.12883238,0.27492857,0.013404559,0.39092004
7,7,OUT,OUT,0.25482044,0.028534252,0.004670713,0.012584764,0.031758923,0.11145142,0.0076735457,0.5485059
4,7,BB,OUT,0.18439524,0.02996437,0.0017791437,0.022434322,0.0681157,0.18161619,0.005381117,0.506314
6,7,HBP,OUT,0.23550358,0.051238257,0.004995409,0.023901371,0.106381156,0.106518455,0.0060027,0.46545908
7,7,OUT,OUT,0.2322388,0.028326629,0.0055109807,0.014027873,0.03777566,0.16746987,0.006081645,0.5085686
7,7,OUT,OUT,0.10966405,0.033033002,0.0036761889,0.008747663,0.07157008,0.22827215,0.007893955,0.5371428
7,7,OUT,OUT,0.21375793,0.028914053,0.0042492575,0.015341991,0.07147462,0.22752419,0.012075708,0.42666215
7,7,OUT,OUT,0.17401384,0.02953958,0.0021390994,0.016670927,0.07582023,0.19587223,0.0060445582,0.4998996
7,7,OUT,OUT,0.11858527,0.0148610165,0.002968546,0.013779237,0.061609976,0.21842436,0.012879831,0.5568918
5,7,SO,OUT,0.1244867,0.032783456,0.010080736,0.015274046,0.108590946,0.17215198,0.017050415,0.51958174
0,7,SINGLE,OUT,0.19813886,0.036790337,0.010588604,0.011162888,0.13139167,0.18538843,0.005210588,0.4213286
7,7,OUT,OUT,0.114266224,0.026269171,0.0052569327,0.011782641,0.067830816,0.18672703,0.005308676,0.5825585
7,7,OUT,OUT,0.23702388,0.019986672,0.004497326,0.016365536,0.089751326,0.13155696,0.01228398,0.48853436
7,7,OUT,OUT,0.16233501,0.02382153,0.0049033775,0.010417752,0.10819345,0.19366223,0.0073668743,0.48929983
7,7,OUT,OUT,0.14006038,0.027309269,0.0025833251,0.013989944,0.06852946,0.19468242,0.011198143,0.541647
5,7,SO,OUT,0.14234856,0.037379745,0.0025834925,0.01093743,0.1583257,0.20757325,0.007669418,0.43318248
5,7,SO,OUT,0.18443586,0.031531442,0.0045658317,0.034031216,0.12673613,0.22395852,0.008580067,0.38616094
5,7,SO,OUT,0.1469838,0.03076077,0.0042042583,0.021612143,0.08593746,0.2431709,0.007062536,0.46026805
7,7,OUT,OUT,0.13831925,0.021313826,0.0023245758,0.02021782,0.06534722,0.14784539,0.00855361,0.5960783
5,7,SO,OUT,0.13842075,0.028404407,0.0042210585,0.008175985,0.059481964,0.12895125,0.008869142,0.6234755
7,7,OUT,OUT,0.21471125,0.015456433,0.0067725955,0.008458723,0.07978048,0.09692548,0.011306867,0.56658816
4,7,BB,OUT,0.16502616,0.025608975,0.008030347,0.013507021,0.05838638,0.12954341,0.016317308,0.5835804
7,7,OUT,OUT,0.099466614,0.022141842,0.0030706897,0.008714409,0.09321783,0.23621202,0.009872576,0.527304
7,7,OUT,OUT,0.101703554,0.050600562,0.0064796126,0.028374206,0.14787063,0.16677463,0.018303232,0.47989354
5,7,SO,OUT,0.23655242,0.03193226,0.0050296527,0.011882785,0.09519685,0.14390706,0.010313482,0.4651855
1,7,DOUBLE,OUT,0.19704582,0.022421531,0.0045150695,0.016280647,0.044447616,0.12965828,0.007917852,0.5777132
7,7,OUT,OUT,0.22831509,0.029230004,0.0033880488,0.011007934,0.1207978,0.16915798,0.008656208,0.429447
5,7,SO,OUT,0.13788565,0.019455997,0.0032064582,0.015490141,0.10748578,0.17895737,0.011185366,0.5263333
7,7,OUT,OUT,0.1708092,0.036850765,0.0026918042,0.030803278,0.10851308,0.18110983,0.0103992345,0.45882288
5,7,SO,OUT,0.199775,0.020293973,0.0036635154,0.013630467,0.08271991,0.14107032,0.0057850066,0.5330618
7,7,OUT,OUT,0.15046677,0.017403413,0.0031912997,0.009767193,0.040447336,0.19318232,0.0039477143,0.58159393
7,7,OUT,OUT,0.1590762,0.022111429,0.0037305353,0.015935404,0.0898261,0.13093561,0.011577189,0.5668075
7,7,OUT,OUT,0.32033357,0.055738,0.004905809,0.024214951,0.05479518,0.09307223,0.010503642,0.4364366
0,7,SINGLE,OUT,0.18879192,0.021603687,0.0063712555,0.011074059,0.043243907,0.15896367,0.0064318413,0.56351966
0,7,SINGLE,OUT,0.15546165,0.042987723,0.00390071,0.017437931,0.06935593,0.1992175,0.0073317583,0.5043068
5,7,SO,OUT,0.095471814,0.031323396,0.002587349,0.00986271,0.06350511,0.1590745,0.008143439,0.63003165
7,7,OUT,OUT,0.22617774,0.030013017,0.0065769963,0.006666539,0.08641061,0.117116384,0.0093282005,0.5177105
0,7,SINGLE,OUT,0.14233962,0.030594371,0.0019974736,0.0126272915,0.05425,0.16433804,0.0032883643,0.5905648
7,7,OUT,OUT,0.16769354,0.025174577,0.004135763,0.01732328,0.038673,0.11906256,0.007252062,0.6206852
7,7,OUT,OUT,0.13488896,0.025236346,0.002407075,0.007360628,0.045176234,0.25871155,0.0100628,0.51615644
5,7,SO,OUT,0.19082,0.027679581,0.0032159265,0.013640973,0.042807873,0.20610397,0.00987162,0.50586003
7,7,OUT,OUT,0.3800948,0.025382854,0.0068755005,0.009588654,0.034224827,0.08937203,0.01338362,0.4410778
0,7,SINGLE,OUT,0.3077976,0.037086625,0.004251793,0.012171518,0.0721456,0.11835062,0.008790062,0.43940622
4,7,BB,OUT,0.18484348,0.023902206,0.0020729636,0.023992563,0.048628088,0.22000644,0.007625542,0.48892868
5,7,SO,OUT,0.13167536,0.04011703,0.004928602,0.009282183,0.06854866,0.16050531,0.010601653,0.5743412
1,7,DOUBLE,OUT,0.12644422,0.036091454,0.003198496,0.021279585,0.083871186,0.19107984,0.00850921,0.529526
0,7,SINGLE,OUT,0.15938263,0.036444582,0.0033337201,0.019704448,0.093598135,0.16733149,0.010999992,0.509205
5,7,SO,OUT,0.16050838,0.028639337,0.006742586,0.012033023,0.084636286,0.17320658,0.006389755,0.527844
7,7,OUT,OUT,0.13740435,0.022833724,0.0044701137,0.013285072,0.026305992,0.17066702,0.005389223,0.6196445
6,7,HBP,OUT,0.15043381,0.03939289,0.0041402797,0.019685045,0.042970542,0.18054761,0.0102033205,0.5526265
7,7,OUT,OUT,0.18230847,0.048984192,0.0046833795,0.018941559,0.053444423,0.1718758,0.0061129057,0.5136493
5,7,SO,OUT,0.120520145,0.030348431,0.004452608,0.042569846,0.043776408,0.20373571,0.015711172,0.53888565
5,7,SO,OUT,0.13219664,0.031112798,0.003854589,0.024286386,0.05410457,0.19182312,0.017175002,0.54544693
7,7,OUT,OUT,0.23134363,0.026785817,0.0069918246,0.01113539,0.09237009,0.10275543,0.005582737,0.5230351
0,7,SINGLE,OUT,0.110496044,0.020918652,0.010231639,0.025186686,0.08292785,0.24873336,0.004635192,0.49687067
7,5,OUT,SO,0.11164936,0.03751355,0.0022263045,0.035574976,0.102501996,0.36623004,0.011307498,0.33299628
7,7,OUT,OUT,0.20178165,0.029214468,0.007584084,0.009346131,0.09995105,0.16199434,0.011187116,0.47894114
7,7,OUT,OUT,0.12771362,0.03389064,0.002109938,0.018569572,0.070365876,0.10125632,0.0090827355,0.6370113
7,7,OUT,OUT,0.09110568,0.04121459,0.0053215073,0.014719246,0.03241808,0.2470979,0.0058104927,0.56231254
4,7,BB,OUT,0.13276875,0.041711092,0.0032357806,0.009857515,0.03541859,0.24508315,0.006662482,0.52526265
1,7,DOUBLE,OUT,0.16048548,0.054225896,0.00669568,0.0138823185,0.0775768,0.11837852,0.01009294,0.55866235
5,7,SO,OUT,0.096805684,0.03790184,0.004992258,0.014459724,0.04010789,0.17473343,0.0060503236,0.6249488
7,7,OUT,OUT,0.17895097,0.06889478,0.0038881316,0.021273455,0.13976453,0.13402945,0.0053817416,0.44781688
5,7,SO,OUT,0.14188208,0.040351965,0.004037101,0.026737671,0.08640624,0.1968414,0.007246217,0.4964973
7,7,OUT,OUT,0.10391222,0.017726516,0.007277467,0.0061725965,0.06028444,0.3473586,0.006170416,0.45109773
5,7,SO,OUT,0.12085988,0.027355213,0.007010669,0.0079996,0.068874784,0.18716851,0.0068688146,0.57386255
7,7,OUT,OUT,0.10068684,0.0152707165,0.003487108,0.01374431,0.059664626,0.27502075,0.0070031714,0.52512246
5,7,SO,OUT,0.13223755,0.061567627,0.0037758038,0.018153446,0.120290704,0.17746365,0.005241344,0.48126993
7,7,OUT,OUT,0.16483007,0.0635473,0.006873164,0.01234299,0.11140108,0.09303731,0.007820513,0.54014754
7,7,OUT,OUT,0.1241818,0.05396879,0.003385197,0.03202863,0.065086894,0.13685639,0.0105052395,0.5739871
5,7,SO,OUT,0.108333565,0.022948489,0.005430464,0.012960982,0.10234512,0.26577154,0.01235741,0.46985236
7,7,OUT,OUT,0.11946182,0.053524494,0.0037111717,0.026277252,0.11175826,0.19493242,0.0073082987,0.48302627
7,7,OUT,OUT,0.13750231,0.020397436,0.006476951,0.0061698263,0.08187776,0.17982979,0.0069724657,0.5607735
7,7,OUT,OUT,0.16408302,0.05407114,0.0055900286,0.017113473,0.10216559,0.15147942,0.010480573,0.49501678
7,7,OUT,OUT,0.13848162,0.04855983,0.0050172904,0.018302122,0.09302546,0.14038832,0.008426097,0.5477993
7,7,OUT,OUT,0.10442687,0.01766732,0.002825593,0.007001699,0.020350967,0.18046257,0.005101715,0.66216326
5,7,SO,OUT,0.16565314,0.018301267,0.0040866467,0.004790371,0.038325656,0.19001104,0.008827144,0.5700048
7,7,OUT,OUT,0.16345583,0.032749083,0.0026041903,0.008355329,0.04431359,0.13293694,0.007941257,0.6076438
0,7,SINGLE,OUT,0.14354594,0.03368924,0.002134853,0.015591818,0.029266832,0.22075316,0.0059799226,0.5490383
7,7,OUT,OUT,0.19094135,0.046368234,0.0018362259,0.012860015,0.05529857,0.2187398,0.0052743787,0.46868145
7,7,OUT,OUT,0.13966464,0.05271636,0.0030323805,0.013229939,0.06937975,0.23882395,0.008470399,0.4746826
1,7,DOUBLE,OUT,0.1416398,0.02422347,0.003110728,0.00902101,0.09940768,0.25739425,0.0120233465,0.4531797
6,7,HBP,OUT,0.13135546,0.03296356,0.0021410526,0.007914314,0.051659584,0.19297087,0.011558106,0.569437
4,7,BB,OUT,0.12226351,0.040201113,0.0018491815,0.01776697,0.11819782,0.18559583,0.015935248,0.4981903
1,7,DOUBLE,OUT,0.17016259,0.053006947,0.004332335,0.022435196,0.10149849,0.1725614,0.016018165,0.45998478
0,7,SINGLE,OUT,0.09486442,0.049873106,0.002140622,0.023283564,0.084062226,0.26011437,0.0062091616,0.47945258
7,7,OUT,OUT,0.2515324,0.04053896,0.004545767,0.011802126,0.055742133,0.112365715,0.008584217,0.51488876
0,7,SINGLE,OUT,0.17302091,0.038227424,0.002687088,0.00932755,0.07130925,0.16899611,0.0070539843,0.5293777
5,7,SO,OUT,0.16818047,0.04308434,0.007714849,0.022787178,0.025765123,0.24642846,0.010869542,0.47517002
5,7,SO,OUT,0.124420136,0.06222799,0.0032166922,0.030360201,0.07415818,0.2721011,0.011062069,0.42245364
7,7,OUT,OUT,0.16860281,0.02859596,0.0049401415,0.011249753,0.035154223,0.111003555,0.005952016,0.6345016
7,7,OUT,OUT,0.08915246,0.018829163,0.0042559304,0.008039919,0.051044848,0.40137798,0.006257737,0.42104194
5,7,SO,OUT,0.14707038,0.014813708,0.0038196496,0.013443026,0.048261914,0.2926069,0.010122777,0.4698617
7,7,OUT,OUT,0.09509043,0.015561901,0.002343438,0.010804849,0.039785806,0.36142915,0.005623082,0.46936128
7,7,OUT,OUT,0.23888513,0.052250363,0.007136077,0.037561476,0.055231713,0.14231618,0.015680937,0.45093808
7,7,OUT,OUT,0.13746169,0.051736,0.003293197,0.02721,0.07779628,0.15479021,0.011607112,0.53610545
7,7,OUT,OUT,0.20824482,0.03814108,0.0028466098,0.012442775,0.07790708,0.15331446,0.005853157,0.50124997
1,7,DOUBLE,OUT,0.14080946,0.02823962,0.008374783,0.014224563,0.046409406,0.30213064,0.009119157,0.45069242
5,7,SO,OUT,0.06821728,0.024367189,0.006534496,0.012096898,0.03847976,0.30352548,0.008662242,0.5381167
7,7,OUT,OUT,0.22756368,0.044918627,0.010574518,0.020048855,0.08486407,0.15195087,0.010071536,0.4500079
4,7,BB,OUT,0.10559035,0.037100885,0.0054622,0.026021708,0.078118004,0.17742154,0.010486164,0.55979913
7,7,OUT,OUT,0.089407824,0.025106873,0.0028591387,0.011374073,0.02894863,0.29130203,0.007779045,0.54322237
7,7,OUT,OUT,0.16756271,0.02562695,0.0051630572,0.0071538677,0.061892718,0.098939456,0.0074883103,0.6261729
0,7,SINGLE,OUT,0.14693564,0.04448914,0.0016061255,0.018438209,0.045761958,0.08756842,0.0063361465,0.6488644
0,7,SINGLE,OUT,0.13688721,0.05133573,0.0022794735,0.035196725,0.07731544,0.151243,0.00576953,0.53997296
7,7,OUT,OUT,0.09800085,0.026396537,0.0024376165,0.024132192,0.037585642,0.12058839,0.005967797,0.6848909
7,7,OUT,OUT,0.11422654,0.032098737,0.005918888,0.014165751,0.050302643,0.28254068,0.0065106032,0.4942361
7,7,OUT,OUT,0.14963873,0.021984328,0.00889901,0.013214657,0.06483757,0.19727719,0.0070418846,0.53710675
7,7,OUT,OUT,0.11128936,0.030111087,0.0051861936,0.017084237,0.04397876,0.1936179,0.009973662,0.58875877
5,7,SO,OUT,0.13040347,0.023949489,0.0041373675,0.028412573,0.05624472,0.25032893,0.008419283,0.49810416
5,7,SO,OUT,0.10331898,0.046527393,0.0024544767,0.016105793,0.06017648,0.10616441,0.011852893,0.6533996
0,7,SINGLE,OUT,0.122483976,0.055377368,0.0031177793,0.0177173,0.043351274,0.098780274,0.0060439673,0.653128
7,7,OUT,OUT,0.18374786,0.057349764,0.0051731993,0.011988083,0.051454592,0.053984612,0.006017332,0.63028455
0,7,SINGLE,OUT,0.16978636,0.030361392,0.002075632,0.030658012,0.03474524,0.11905742,0.0098561905,0.60345984
7,7,OUT,OUT,0.10574953,0.028191177,0.003689378,0.024491204,0.0750626,0.24082845,0.009007043,0.5129806
5,7,SO,OUT,0.16455817,0.03188254,0.008355095,0.015749434,0.065287344,0.14434747,0.0060343663,0.5637856
7,7,OUT,OUT,0.20505898,0.03769734,0.008726012,0.018928353,0.055519883,0.16049017,0.0086166095,0.5049626
0,7,SINGLE,OUT,0.13362046,0.03812691,0.004732321,0.028768249,0.04774829,0.20302694,0.014466994,0.52950984
4,7,BB,OUT,0.086786345,0.051290724,0.0026143142,0.034765687,0.03767845,0.3501146,0.0071060597,0.4296439
0,7,SINGLE,OUT,0.12426999,0.039637305,0.0014925078,0.01720443,0.07006033,0.12218036,0.007802534,0.61735255
7,7,OUT,OUT,0.117110044,0.04362617,0.0027835316,0.019208174,0.059386287,0.19163701,0.012054599,0.5541942
7,7,OUT,OUT,0.12359629,0.023518223,0.00570512,0.0175623,0.045814786,0.23336492,0.0076181116,0.5428202
4,7,BB,OUT,0.22747241,0.058149844,0.0064746593,0.008541368,0.08065746,0.058591958,0.0066424613,0.55346984
0,7,SINGLE,OUT,0.12483315,0.027646596,0.006173218,0.0097600985,0.09864054,0.13436818,0.011133989,0.58744425
7,7,OUT,OUT,0.16935183,0.041434597,0.0034578943,0.02280893,0.08067937,0.107609265,0.011260618,0.5633975
7,7,OUT,OUT,0.16034353,0.0725751,0.0045816107,0.029138992,0.10427373,0.0809216,0.0122649325,0.5359006
0,7,SINGLE,OUT,0.17184834,0.040845934,0.0045052557,0.023007711,0.118231624,0.11758122,0.012123477,0.51185644
0,7,SINGLE,OUT,0.11821962,0.049155213,0.004546039,0.026905574,0.05017718,0.17254286,0.008238269,0.5702152
5,7,SO,OUT,0.072525695,0.02879175,0.005735301,0.012292601,0.050123468,0.2819044,0.01050898,0.53811777
4,7,BB,OUT,0.10619247,0.026818428,0.004774273,0.008687399,0.035907622,0.27540514,0.009556732,0.532658
0,7,SINGLE,OUT,0.08597412,0.022480786,0.0065390253,0.007670415,0.044694856,0.2978115,0.011149642,0.5236796
5,7,SO,OUT,0.14859211,0.018057812,0.0064766062,0.009062072,0.10114314,0.18034966,0.01369545,0.5226232
1,7,DOUBLE,OUT,0.10586161,0.04754036,0.0016466876,0.025789352,0.045270227,0.1200565,0.008950141,0.6448851
0,7,SINGLE,OUT,0.14080565,0.020464676,0.004167675,0.021552462,0.06128499,0.25127384,0.009636053,0.49081463
0,7,SINGLE,OUT,0.17938331,0.020271229,0.005739233,0.012436939,0.047161933,0.17337967,0.0059489585,0.5556786
5,7,SO,OUT,0.14416608,0.050139997,0.009254064,0.010897762,0.07391338,0.09008623,0.013463044,0.60807943
0,7,SINGLE,OUT,0.08450889,0.032818254,0.0034298736,0.010003123,0.034914415,0.23085526,0.0072692805,0.59620094
4,7,BB,OUT,0.14292526,0.034200802,0.006021636,0.00867511,0.08549463,0.10486436,0.007028166,0.6107901
7,7,OUT,OUT,0.1710049,0.050706763,0.0023274526,0.014472652,0.0755664,0.09090282,0.004734933,0.59028405
1,7,DOUBLE,OUT,0.12586091,0.04887903,0.0033303876,0.029960493,0.09483791,0.106727384,0.008785145,0.5816187
0,7,SINGLE,OUT,0.15493152,0.05470243,0.0028859111,0.019537054,0.061102346,0.088403836,0.006466329,0.61197054
0,7,SINGLE,OUT,0.11797644,0.041615315,0.0040551713,0.019504942,0.07546358,0.09363,0.008794572,0.63895994
4,7,BB,OUT,0.14601633,0.06312016,0.0034954709,0.020418849,0.07212791,0.108504,0.008719614,0.5775977
7,7,OUT,OUT,0.204219,0.031540424,0.0063655614,0.021765128,0.06394108,0.1569581,0.010774897,0.5044358
5,7,SO,OUT,0.20938314,0.03192867,0.0045077605,0.008482086,0.084057555,0.13558684,0.0074649756,0.518589
0,7,SINGLE,OUT,0.1673204,0.049527146,0.0033544756,0.037160188,0.06293317,0.14107302,0.018896835,0.51973474
0,7,SINGLE,OUT,0.15166652,0.023238905,0.0038015593,0.0066225934,0.03767383,0.14793535,0.005726492,0.62333477
4,7,BB,OUT,0.09745027,0.058936022,0.0025101074,0.033944175,0.05572598,0.17183222,0.009471176,0.57013005
0,7,SINGLE,OUT,0.11626821,0.08795315,0.0022717847,0.027411425,0.12999772,0.21142864,0.0062599718,0.41840905
1,7,DOUBLE,OUT,0.14582874,0.043834284,0.002864161,0.013560754,0.07447454,0.16264775,0.009204601,0.5475851
7,7,OUT,OUT,0.154273,0.05243833,0.0030790989,0.019661007,0.039499253,0.16597153,0.00948006,0.55559766
5,7,SO,OUT,0.09689244,0.023251185,0.002997953,0.010139643,0.03448267,0.21868876,0.00688713,0.6066602
7,7,OUT,OUT,0.15302667,0.038025066,0.00331735,0.012550773,0.038549677,0.12721339,0.0068213395,0.6204957
0,7,SINGLE,OUT,0.12165776,0.05673384,0.0037367991,0.04373369,0.03737065,0.19315565,0.009522056,0.53408957
0,7,SINGLE,OUT,0.17860344,0.06625117,0.0033952105,0.018163336,0.03407653,0.15760109,0.00573817,0.5361711
7,7,OUT,OUT,0.10865729,0.055100143,0.004039281,0.021285594,0.045874875,0.105234586,0.00673456,0.6530737
7,7,OUT,OUT,0.1332576,0.04187124,0.004224155,0.011854469,0.06940373,0.09189954,0.010345096,0.6371442
7,7,OUT,OUT,0.08750155,0.051998243,0.0036460864,0.01709165,0.059909344,0.22105427,0.0068278895,0.551971
4,7,BB,OUT,0.17177281,0.07557608,0.0059031174,0.019591024,0.05368998,0.08794443,0.0077144993,0.5778081
7,7,OUT,OUT,0.15393122,0.08095574,0.0031155355,0.03103654,0.06720522,0.11818619,0.01264683,0.53292274
0,7,SINGLE,OUT,0.1199037,0.10409943,0.0025520024,0.04519364,0.09800195,0.1916549,0.012674298,0.4259201
0,7,SINGLE,OUT,0.24294995,0.04638253,0.002544906,0.02399217,0.084623516,0.10950847,0.008323634,0.48167482
7,7,OUT,OUT,0.14693707,0.046095114,0.0019563406,0.030039836,0.039366253,0.14409423,0.0064332825,0.5850779
0,7,SINGLE,OUT,0.1475592,0.05775178,0.0028714705,0.025423788,0.042816315,0.15947136,0.008181681,0.5559244
2,7,TRIPLE,OUT,0.16580383,0.04040403,0.0028277987,0.012215089,0.0460143,0.1369419,0.008139588,0.5876535
7,7,OUT,OUT,0.17821676,0.057431135,0.0021786923,0.02447377,0.060281146,0.23288204,0.011164969,0.43337148
5,7,SO,OUT,0.15489717,0.042902704,0.0072179483,0.02163532,0.048966732,0.24449815,0.009277542,0.4706045
7,7,OUT,OUT,0.1854442,0.052694157,0.002977582,0.0154532455,0.042671267,0.085334465,0.006667162,0.6087579
7,7,OUT,OUT,0.11450856,0.024002727,0.0021242648,0.008964437,0.057806883,0.32035163,0.0097605605,0.46248096
7,7,OUT,OUT,0.09264001,0.041745793,0.0025708592,0.012732023,0.04315444,0.1977477,0.0076322523,0.60177684
7,7,OUT,OUT,0.19820723,0.05011743,0.0042937184,0.01690291,0.057274316,0.10969665,0.0057169646,0.55779076
5,7,SO,OUT,0.22751214,0.039697003,0.004002938,0.021971855,0.053393785,0.12838447,0.004250948,0.5207869
5,7,SO,OUT,0.11145168,0.04553787,0.004225162,0.018064573,0.0777732,0.16601655,0.0068282774,0.5701027
3,7,HR,OUT,0.19023784,0.061035343,0.0031518145,0.04335746,0.0630689,0.11363952,0.010372616,0.51513654
0,7,SINGLE,OUT,0.295039,0.04574392,0.004130387,0.018084234,0.041265044,0.09340699,0.0043903613,0.49794006
2,7,TRIPLE,OUT,0.13962264,0.03822627,0.0028776024,0.019582164,0.040000506,0.22593172,0.008460789,0.5252983
7,7,OUT,OUT,0.11522797,0.0499107,0.005869536,0.033625092,0.09135515,0.16228405,0.023177823,0.51854974
4,7,BB,OUT,0.0909731,0.065882355,0.0025437633,0.04716375,0.08009515,0.301949,0.010585978,0.400807
7,7,OUT,OUT,0.24067196,0.04901975,0.0037264286,0.023278013,0.08216161,0.12061698,0.01638186,0.46414343
4,7,BB,OUT,0.14829057,0.040077295,0.0053115147,0.024542201,0.07527439,0.1600573,0.020438975,0.5260078
0,7,SINGLE,OUT,0.17218752,0.053337935,0.006117887,0.013762214,0.044371124,0.23562983,0.006688975,0.46790457
7,7,OUT,OUT,0.13449223,0.024777953,0.0030480998,0.015050623,0.028601497,0.21410546,0.010146317,0.56977785
4,7,BB,OUT,0.15309298,0.06389833,0.0026747072,0.033779092,0.039715078,0.25697052,0.00815546,0.4417139
7,7,OUT,OUT,0.16082591,0.043894727,0.004267184,0.020690352,0.043013234,0.1529322,0.0086081885,0.56576824
7,7,OUT,OUT,0.08930917,0.040028337,0.004254717,0.014517435,0.058384784,0.15805975,0.005194279,0.63025147
0,7,SINGLE,OUT,0.11031996,0.04231066,0.00261273,0.017295735,0.05138954,0.22528124,0.005968366,0.5448218
7,7,OUT,OUT,0.13347064,0.06783924,0.004475211,0.02116393,0.08182125,0.18977319,0.0063373945,0.49511915
7,7,OUT,OUT,0.15764694,0.040780872,0.0034145643,0.022292642,0.04567902,0.13700616,0.005289778,0.58788997
7,7,OUT,OUT,0.12221211,0.03653152,0.0033339346,0.017103007,0.0472739,0.26210058,0.011501589,0.49994338
0,7,SINGLE,OUT,0.13440658,0.035805862,0.001976761,0.024695473,0.036597237,0.20287473,0.0071773813,0.5564659
4,7,BB,OUT,0.13586397,0.05361771,0.0028239698,0.040319625,0.060761258,0.17132506,0.008586382,0.526702
7,7,OUT,OUT,0.14532152,0.035839222,0.0031492282,0.013378212,0.022938235,0.13403027,0.0067992946,0.638544
5,7,SO,OUT,0.1402427,0.023382142,0.0040590884,0.0048054564,0.026165234,0.18088199,0.0059844237,0.614479
7,7,OUT,OUT,0.104074106,0.03070084,0.0021452706,0.023041727,0.031343766,0.32783934,0.011313391,0.46954158
7,7,OUT,OUT,0.14331013,0.03432753,0.0022321888,0.019258112,0.080912374,0.23566593,0.015362267,0.46893153
0,7,SINGLE,OUT,0.20137374,0.031875126,0.004907586,0.0140454,0.024602463,0.22338244,0.006565961,0.49324733
7,7,OUT,OUT,0.1349898,0.029753126,0.00552582,0.0070827585,0.028450329,0.24923335,0.0021842422,0.5427806
7,7,OUT,OUT,0.19136326,0.043725934,0.0044727162,0.012191774,0.034045577,0.19393212,0.006309607,0.51395905
2,7,TRIPLE,OUT,0.18242767,0.018279443,0.00475839,0.006464188,0.022623336,0.23939806,0.0057032057,0.5203457
7,7,OUT,OUT,0.1675937,0.037603974,0.0034717547,0.030516464,0.062229674,0.21711339,0.016716113,0.46475494
0,7,SINGLE,OUT,0.15693133,0.029176412,0.0056576147,0.007964227,0.040796507,0.1259254,0.006351889,0.6271966
5,7,SO,OUT,0.16393161,0.026171133,0.002579727,0.013831481,0.058369372,0.31924,0.006866016,0.40901068
7,7,OUT,OUT,0.23203014,0.037290204,0.008535806,0.010144091,0.095593624,0.113051936,0.0076893466,0.4956649
7,7,OUT,OUT,0.13493855,0.02813415,0.0025597857,0.009018764,0.048275173,0.16993532,0.0075199055,0.5996184
7,7,OUT,OUT,0.2123848,0.03192916,0.006786207,0.019857312,0.070015304,0.17180051,0.012502922,0.47472376
7,7,OUT,OUT,0.15619628,0.02829257,0.0031557435,0.012020526,0.07583246,0.21744454,0.008628524,0.49842936
7,7,OUT,OUT,0.13293289,0.032650694,0.0052594254,0.017052831,0.04837253,0.25196537,0.006041805,0.5057244
0,7,SINGLE,OUT,0.1224103,0.050347183,0.003951833,0.008722332,0.14493918,0.20613842,0.012019382,0.45147133
7,7,OUT,OUT,0.15811138,0.04211006,0.004895196,0.008139154,0.07465459,0.19300604,0.014337696,0.5047459
1,7,DOUBLE,OUT,0.15223393,0.064623274,0.0019924212,0.014586968,0.1399522,0.15562145,0.010459639,0.46053004
7,7,OUT,OUT,0.11189265,0.053432778,0.0027708714,0.030350365,0.06608229,0.30632824,0.006578149,0.42256466
7,7,OUT,OUT,0.12559679,0.016393278,0.002801938,0.009613469,0.028849589,0.32277292,0.0071612927,0.48681074
5,7,SO,OUT,0.18489912,0.013924708,0.0018209134,0.007938589,0.027635155,0.22392564,0.006140009,0.53371584
7,7,OUT,OUT,0.12536198,0.022347767,0.0043100044,0.005234389,0.025286874,0.2528253,0.004042185,0.56059146
5,7,SO,OUT,0.18670136,0.04932975,0.0027791618,0.02288229,0.07477333,0.16777344,0.012374648,0.48338598
7,7,OUT,OUT,0.16142313,0.024555586,0.0046222894,0.014096272,0.028103348,0.1991636,0.0076639405,0.5603718
0,7,SINGLE,OUT,0.18630464,0.061159417,0.00432953,0.023815187,0.12335339,0.25927478,0.005981704,0.33578137
7,7,OUT,OUT,0.23856589,0.027835652,0.0062205973,0.014632095,0.102065265,0.15052286,0.0074422155,0.45271546
7,7,OUT,OUT,0.27550706,0.057861447,0.006483692,0.009959947,0.09835138,0.10776564,0.009313995,0.43475685
7,7,OUT,OUT,0.14138223,0.04021399,0.0025099923,0.03852336,0.102803685,0.23342448,0.006648392,0.4344938
5,7,SO,OUT,0.16942094,0.041976243,0.003362716,0.023239102,0.111435585,0.18018916,0.016952781,0.45342347
7,7,OUT,OUT,0.12555312,0.02559696,0.0031679985,0.0062129176,0.059847914,0.2189642,0.0052546826,0.5554022
7,7,OUT,OUT,0.20503876,0.052319385,0.0031458205,0.018212387,0.12757152,0.15242982,0.010162642,0.43111968
7,7,OUT,OUT,0.20704198,0.034132995,0.0042187367,0.014110529,0.06135305,0.20304342,0.008523667,0.46757564
7,7,OUT,OUT,0.19591814,0.034718454,0.0066800313,0.012934629,0.02631091,0.22133805,0.005383625,0.49671614
7,7,OUT,OUT,0.1778926,0.035718404,0.006188124,0.017730927,0.054158498,0.20797768,0.013518687,0.48681515
5,7,SO,OUT,0.20217223,0.028012836,0.00456551,0.011895189,0.110717155,0.15753667,0.004803518,0.48029688
5,7,SO,OUT,0.18098523,0.019735232,0.002999839,0.0054772603,0.04775627,0.22235426,0.0060385047,0.5146534
7,7,OUT,OUT,0.15186611,0.037546784,0.004159104,0.013837407,0.097155094,0.30135572,0.012045095,0.38203466
7,7,OUT,OUT,0.18272877,0.021156698,0.0059370673,0.006081569,0.059763085,0.17727895,0.004187004,0.5428669
7,7,OUT,OUT,0.18338455,0.026988698,0.006476094,0.0062025995,0.084785834,0.2098758,0.0061361454,0.47615027
7,7,OUT,OUT,0.22158812,0.03079598,0.0055835983,0.016462043,0.09688044,0.16164681,0.0064138453,0.4606291
7,7,OUT,OUT,0.3028141,0.030624932,0.008807102,0.01343778,0.057677176,0.115737215,0.0058529554,0.46504876
0,7,SINGLE,OUT,0.17898002,0.037534043,0.0060401396,0.012302501,0.072310366,0.25996435,0.0065747485,0.4262939
5,7,SO,OUT,0.161232,0.02164209,0.005706719,0.006890398,0.042283393,0.243409,0.0037106024,0.5151259
0,7,SINGLE,OUT,0.11758776,0.022594064,0.003362099,0.006604256,0.042262323,0.22298227,0.009407584,0.57519966
0,7,SINGLE,OUT,0.12971748,0.0128498925,0.0022956254,0.007582861,0.03081714,0.24545889,0.007817973,0.5634602
7,7,OUT,OUT,0.14539991,0.023756094,0.005916301,0.012925028,0.027957859,0.20984761,0.0052016727,0.56899554
0,7,SINGLE,OUT,0.12865181,0.026519177,0.0027650606,0.0073255813,0.05102651,0.17176853,0.0048961747,0.60704714
5,7,SO,OUT,0.20480657,0.04775881,0.0037250195,0.01170349,0.08599869,0.16929892,0.007037282,0.46967122
7,7,OUT,OUT,0.1973152,0.01952839,0.0068227705,0.010633025,0.06674947,0.17859936,0.0042652665,0.5160865
5,7,SO,OUT,0.12081186,0.055519342,0.010520183,0.01443733,0.08592856,0.1433232,0.013272043,0.5561875
5,7,SO,OUT,0.1627317,0.01826771,0.0047172005,0.014131009,0.15024196,0.18985717,0.006709403,0.45334387
4,7,BB,OUT,0.15883492,0.03080351,0.004941302,0.011219593,0.103326865,0.19232719,0.0063276016,0.492219
7,7,OUT,OUT,0.11990014,0.026589157,0.0023430588,0.013213271,0.059341032,0.15155087,0.0048960308,0.62216645
0,7,SINGLE,OUT,0.20086016,0.03173714,0.007877257,0.012318354,0.038995113,0.13272183,0.0084112175,0.56707895
5,7,SO,OUT,0.19539617,0.04300655,0.0031225975,0.013899747,0.08224358,0.14978972,0.0057205297,0.50682104
7,7,OUT,OUT,0.13067535,0.026295718,0.0030156483,0.01036145,0.032744702,0.26769668,0.0042050444,0.52500534
5,7,SO,OUT,0.14216396,0.028970065,0.0030085586,0.01552074,0.050783575,0.13681832,0.007168977,0.6155658
7,7,OUT,OUT,0.15205549,0.022933835,0.0043022414,0.012894373,0.107702956,0.27545515,0.0059842607,0.41867173
7,7,OUT,OUT,0.20191021,0.03623764,0.0048200916,0.011517322,0.06935449,0.109559566,0.00868743,0.55791324
0,7,SINGLE,OUT,0.17011705,0.022844503,0.0058654975,0.0061918306,0.074266724,0.11707325,0.006620908,0.59702027
7,7,OUT,OUT,0.13790107,0.026395597,0.0022644605,0.01467078,0.06753961,0.25279474,0.0060631465,0.49237058
7,7,OUT,OUT,0.1652153,0.035672054,0.0024856816,0.01618713,0.07848392,0.13988213,0.008522879,0.553551
0,7,SINGLE,OUT,0.14060627,0.038584035,0.0021545158,0.031098658,0.09330076,0.22481488,0.009630498,0.4598103
7,7,OUT,OUT,0.18879662,0.035292633,0.0058703325,0.01951032,0.07813016,0.14606345,0.0074445596,0.51889193
5,7,SO,OUT,0.12761204,0.022513421,0.0043285154,0.008997142,0.035202708,0.2019339,0.0033216914,0.5960906
7,7,OUT,OUT,0.1502997,0.037231773,0.0026442048,0.01755445,0.044529226,0.19807893,0.012292597,0.53736913
7,7,OUT,OUT,0.1644661,0.026738182,0.0056764823,0.012590932,0.07144053,0.13246469,0.009523809,0.5770993
0,7,SINGLE,OUT,0.19334427,0.040086754,0.0033333488,0.019253612,0.07114409,0.20690987,0.0061394856,0.45978856
0,7,SINGLE,OUT,0.12645167,0.040058885,0.007155895,0.01016935,0.12563717,0.14069381,0.010043544,0.5397897
5,7,SO,OUT,0.098943464,0.021589717,0.005755529,0.008403089,0.05312363,0.2816522,0.0066788923,0.5238535
7,7,OUT,OUT,0.21483825,0.035618525,0.007088423,0.009291043,0.044184957,0.09907337,0.006733655,0.5831718
0,7,SINGLE,OUT,0.123756155,0.047073405,0.0037052433,0.019334886,0.050907176,0.11046703,0.012966047,0.6317901
5,7,SO,OUT,0.08529374,0.019308459,0.003393552,0.011191425,0.058669135,0.40466854,0.00932826,0.40814695
7,7,OUT,OUT,0.17647603,0.034049045,0.0044139815,0.020779645,0.03322347,0.1865224,0.007256084,0.5372794
7,7,OUT,OUT,0.19643012,0.018679513,0.005191374,0.0058001596,0.09151889,0.22065715,0.011466653,0.4502561
0,7,SINGLE,OUT,0.18837991,0.032071356,0.0032545188,0.014893327,0.057408348,0.10461156,0.0036362032,0.5957447
4,7,BB,OUT,0.19065173,0.046171,0.00876162,0.0075007523,0.08795166,0.10440169,0.0062801386,0.5482814
5,7,SO,OUT,0.09798823,0.03239033,0.0041043223,0.0117378095,0.049655106,0.15468971,0.0061193956,0.64331514
0,7,SINGLE,OUT,0.13733794,0.021571884,0.0030721452,0.012944902,0.064066194,0.15351461,0.0072733145,0.6002191
5,7,SO,OUT,0.10742666,0.03525789,0.002012244,0.015070795,0.064316645,0.17280951,0.0061327415,0.5969735
0,7,SINGLE,OUT,0.12360099,0.056121558,0.0039878977,0.015516513,0.05941379,0.19241613,0.0060498226,0.5428933
5,7,SO,OUT,0.108419746,0.033725664,0.0022814784,0.022434246,0.06946557,0.2936974,0.010034978,0.45994094
5,7,SO,OUT,0.21839477,0.03738652,0.006340378,0.013069426,0.06830291,0.2907012,0.0070361155,0.35876867
3,7,HR,OUT,0.16154537,0.04441889,0.0029466157,0.011868788,0.07245414,0.186361,0.007338429,0.5130667
5,7,SO,OUT,0.16722545,0.030850906,0.0015171659,0.018766386,0.10472793,0.1847667,0.009346474,0.48279902
7,7,OUT,OUT,0.08743745,0.052686427,0.0029733651,0.032899052,0.055543084,0.24692959,0.008215438,0.51331556
5,7,SO,OUT,0.2252452,0.019286402,0.0066872635,0.011969124,0.07981466,0.2443576,0.011589478,0.40105027
7,7,OUT,OUT,0.14763272,0.060706288,0.0044226223,0.018138908,0.06788896,0.1749343,0.007826785,0.5184494
0,7,SINGLE,OUT,0.13769194,0.05791473,0.0068851486,0.023042891,0.03942349,0.24508256,0.0067629623,0.48319626
5,7,SO,OUT,0.124138005,0.033799164,0.0055434406,0.02484118,0.07086069,0.27385584,0.017626403,0.44933528
5,7,SO,OUT,0.18405351,0.03516019,0.008255135,0.014072199,0.06781733,0.21406072,0.011522196,0.4650587
5,7,SO,OUT,0.16421911,0.02567463,0.0053588324,0.017111562,0.06038155,0.20391479,0.015254461,0.5080851
7,7,OUT,OUT,0.14166498,0.019109316,0.0035361655,0.020930866,0.05184696,0.29247138,0.011275683,0.45916462
4,7,BB,OUT,0.1634656,0.022342725,0.00428369,0.010087406,0.09789614,0.24424192,0.010567696,0.44711486
5,7,SO,OUT,0.18884523,0.025402812,0.0045513045,0.024503523,0.05323517,0.29071558,0.015073131,0.39767325
7,7,OUT,OUT,0.10021413,0.013043325,0.004868149,0.010535236,0.13357642,0.28521857,0.011071325,0.4414729
7,7,OUT,OUT,0.13413577,0.02857904,0.0079739,0.00883018,0.096452594,0.24092542,0.012689339,0.47041374
5,7,SO,OUT,0.11742135,0.024523519,0.009773182,0.0105719855,0.053589925,0.2528918,0.012477023,0.51875114
5,5,SO,SO,0.1223122,0.026119305,0.0042434405,0.014584014,0.05154087,0.38417926,0.013054391,0.3839665
7,7,OUT,OUT,0.16450073,0.045048483,0.0035177467,0.018875178,0.05124404,0.10317796,0.008330732,0.60530514
1,7,DOUBLE,OUT,0.15194853,0.019401452,0.0033859778,0.016129678,0.107149206,0.1308513,0.0115158735,0.559618
7,7,OUT,OUT,0.2598208,0.04301685,0.0095657995,0.008991207,0.072316974,0.10186404,0.006641784,0.49778244
0,7,SINGLE,OUT,0.16753514,0.02598998,0.003970947,0.012003269,0.064057514,0.13614474,0.0068312846,0.5834671
0,7,SINGLE,OUT,0.24427432,0.02946643,0.005266134,0.0052244505,0.06825143,0.08948602,0.008270985,0.5497603
1,7,DOUBLE,OUT,0.17946027,0.039134696,0.0054784985,0.020755995,0.041356213,0.12890877,0.01056863,0.57433695
7,7,OUT,OUT,0.10869394,0.020960579,0.003779871,0.008100359,0.06480539,0.12592109,0.005543155,0.6621956
5,7,SO,OUT,0.18101382,0.02797612,0.0028285882,0.021726811,0.1050016,0.111192435,0.0097858105,0.54047483
7,7,OUT,OUT,0.17117749,0.03861045,0.0037048731,0.012425504,0.061330367,0.095279686,0.007143568,0.61032814
0,7,SINGLE,OUT,0.1964765,0.028125424,0.004061727,0.01683042,0.061471745,0.13725454,0.008263294,0.5475164
7,7,OUT,OUT,0.16746442,0.030097442,0.0050460203,0.0049289507,0.07432142,0.27300188,0.0074433736,0.43769652
1,7,DOUBLE,OUT,0.124027774,0.027302954,0.0017563179,0.011850366,0.11716678,0.27599972,0.0065743355,0.43532184
0,5,SINGLE,SO,0.12650907,0.028491052,0.0025138776,0.014794529,0.08325676,0.43557036,0.0049325763,0.30393165
7,7,OUT,OUT,0.17333278,0.024971865,0.004668107,0.017690897,0.090113014,0.31266788,0.009833957,0.3667215
5,7,SO,OUT,0.21978813,0.02423638,0.0047422466,0.0077023855,0.058953606,0.21526982,0.006680965,0.4626265
0,7,SINGLE,OUT,0.23251814,0.04414184,0.0027084353,0.04171682,0.051470965,0.12201574,0.011845408,0.49358273
0,7,SINGLE,OUT,0.2845487,0.06368265,0.005964058,0.012852759,0.049783405,0.12708987,0.010116357,0.44596222
0,7,SINGLE,OUT,0.16216424,0.044323493,0.0052220984,0.010866574,0.063965514,0.19658692,0.0074161543,0.5094551
5,7,SO,OUT,0.23859866,0.044342134,0.0096951,0.014840142,0.05507102,0.2119109,0.00980576,0.41573626
5,7,SO,OUT,0.113191545,0.027855704,0.0023347505,0.019819176,0.04756264,0.23702072,0.0070352145,0.5451802
7,7,OUT,OUT,0.16047078,0.040684953,0.003193943,0.01758386,0.11765721,0.16872875,0.006375905,0.48530456
0,7,SINGLE,OUT,0.1460079,0.038452927,0.0028630306,0.008107141,0.09477858,0.17866917,0.0057068774,0.5254144
7,7,OUT,OUT,0.14421266,0.020931723,0.0035812927,0.010520801,0.08027792,0.12203106,0.005907741,0.61253685
7,7,OUT,OUT,0.09879839,0.026482865,0.0019564945,0.004286892,0.04073591,0.08792424,0.011596624,0.7282186
7,7,OUT,OUT,0.14198472,0.033805758,0.0041865828,0.008251319,0.061261903,0.14924946,0.012824459,0.5884357
7,7,OUT,OUT,0.17250904,0.049151488,0.0057156123,0.0097702155,0.056374528,0.11917188,0.017079646,0.5702276
0,7,SINGLE,OUT,0.15711486,0.051691078,0.004787256,0.031097736,0.06393972,0.18458869,0.015826017,0.4909547
0,7,SINGLE,OUT,0.13806728,0.018437628,0.006408712,0.012447849,0.06723101,0.27816275,0.016608555,0.46263617
7,7,OUT,OUT,0.15506291,0.018105218,0.006391921,0.013091947,0.059924997,0.19641855,0.0054532946,0.5455511
7,7,OUT,OUT,0.18297413,0.027095446,0.0050466955,0.010489116,0.07314388,0.09574931,0.0059794374,0.599522
7,7,OUT,OUT,0.2201854,0.08512633,0.003769409,0.02254892,0.08114187,0.079596914,0.02123571,0.48639536
7,7,OUT,OUT,0.15766895,0.01957688,0.0040885992,0.015869651,0.06524816,0.15966445,0.008592655,0.56929064
5,7,SO,OUT,0.13869317,0.025118897,0.0030419272,0.012024046,0.081662335,0.17119907,0.008064834,0.5601958
4,7,BB,OUT,0.12379928,0.02607611,0.0035154033,0.013644706,0.05023565,0.13411948,0.0060938117,0.64251554
5,7,SO,OUT,0.12583336,0.034098934,0.0035325056,0.02295161,0.057496794,0.13788803,0.007040475,0.61115825
4,7,BB,OUT,0.20283431,0.02266892,0.0061531356,0.011237317,0.061216716,0.13237743,0.0072466163,0.55626553
7,7,OUT,OUT,0.120123394,0.058291182,0.004505871,0.032528445,0.055984646,0.14629787,0.020268215,0.5620004
7,7,OUT,OUT,0.12228032,0.033353582,0.002684416,0.006104586,0.08071159,0.19173697,0.005198658,0.5579299
1,7,DOUBLE,OUT,0.10659083,0.025971107,0.0014543622,0.020078465,0.067255095,0.2868624,0.007274825,0.4845129
7,7,OUT,OUT,0.20979124,0.028797207,0.0047773295,0.009442605,0.029433176,0.11938144,0.0071147555,0.5912622
7,7,OUT,OUT,0.18097298,0.02534322,0.003682735,0.015946876,0.08378949,0.21440105,0.006033559,0.46983
7,7,OUT,OUT,0.10431019,0.02351259,0.004363543,0.0091122445,0.032411847,0.22838224,0.0040078317,0.59389955
7,7,OUT,OUT,0.16061392,0.04223374,0.0018996166,0.02513059,0.04635526,0.1745562,0.009227828,0.5399828
7,7,OUT,OUT,0.13885431,0.02180536,0.003912211,0.009406501,0.080956616,0.11159676,0.009291771,0.6241765
4,7,BB,OUT,0.17709069,0.032914683,0.00454983,0.009186918,0.066586874,0.12736715,0.006622597,0.5756812
7,7,OUT,OUT,0.17763065,0.037935633,0.003667224,0.008071314,0.08156888,0.13443764,0.009685941,0.5470027
5,7,SO,OUT,0.16506833,0.027403653,0.0037034254,0.013139597,0.11032564,0.13552658,0.008991195,0.5358415
5,7,SO,OUT,0.14339104,0.031997815,0.0039838837,0.008109369,0.05373428,0.16800004,0.0052128765,0.5855707
7,7,OUT,OUT,0.13965975,0.033603657,0.001754318,0.020794084,0.06532508,0.19281301,0.0049224654,0.5411277
5,7,SO,OUT,0.18340093,0.044048913,0.0033508223,0.0157931,0.0686441,0.13356714,0.004929243,0.5462657
5,7,SO,OUT,0.12827249,0.038177814,0.0036008027,0.027226623,0.04928205,0.16055126,0.005327075,0.5875619
0,7,SINGLE,OUT,0.1922787,0.03741752,0.002044027,0.024155151,0.059046432,0.17945156,0.008112588,0.49749404
0,7,SINGLE,OUT,0.22709747,0.048198376,0.0026281057,0.010811218,0.0476715,0.15187691,0.0054774275,0.506239
7,7,OUT,OUT,0.1046534,0.020037174,0.0011742337,0.023920497,0.05079081,0.2538814,0.0072981035,0.5382444
7,7,OUT,OUT,0.18927011,0.038007822,0.0032606935,0.016507333,0.03134267,0.12257492,0.00841808,0.5906184
0,7,SINGLE,OUT,0.2096887,0.039266255,0.0038850736,0.01541563,0.1035579,0.18088247,0.014643095,0.4326609
7,7,OUT,OUT,0.18028136,0.036673747,0.0042752624,0.015113342,0.04755166,0.11565348,0.008166448,0.5922846
7,7,OUT,OUT,0.22582455,0.021007555,0.007716604,0.011758249,0.06637625,0.19971678,0.011975082,0.45562497
7,7,OUT,OUT,0.2034654,0.046344474,0.008169431,0.0104681365,0.0702365,0.18043344,0.019926084,0.4609566
7,7,OUT,OUT,0.115960926,0.022276783,0.0019439181,0.015855236,0.09055765,0.24364455,0.013458491,0.4963025
7,7,OUT,OUT,0.2203487,0.047377463,0.0045688227,0.016278947,0.08206887,0.09524955,0.013158511,0.5209491
0,7,SINGLE,OUT,0.2455221,0.052587286,0.0047602654,0.023150971,0.06161138,0.11850459,0.007520892,0.48634258
5,7,SO,OUT,0.10242118,0.03220826,0.005036994,0.006515921,0.060923498,0.30894345,0.012455889,0.47149485
5,7,SO,OUT,0.22389303,0.03491738,0.006948493,0.013771287,0.05846705,0.22958773,0.01949198,0.41292298
1,7,DOUBLE,OUT,0.1785077,0.055112116,0.006098482,0.011882881,0.053091723,0.1765098,0.010792981,0.5080043
5,7,SO,OUT,0.16781583,0.03427596,0.005579852,0.01236684,0.051607702,0.17523767,0.016820353,0.5362958
7,7,OUT,OUT,0.13908938,0.043727674,0.0025651653,0.02656294,0.06651509,0.24663132,0.009951387,0.46495703
0,7,SINGLE,OUT,0.2012517,0.031039169,0.0045256102,0.011173659,0.06506878,0.21996157,0.014635487,0.452344
1,7,DOUBLE,OUT,0.1498723,0.041415688,0.0025933,0.017701652,0.09030746,0.16582443,0.012420571,0.5198646
7,7,OUT,OUT,0.19832733,0.037944917,0.0020355533,0.01602241,0.066004425,0.21965393,0.00860744,0.45140404
7,7,OUT,OUT,0.17438747,0.036009103,0.0045971144,0.015793527,0.050860655,0.11394742,0.013529874,0.59087485
5,7,SO,OUT,0.13558029,0.033104133,0.005124071,0.018863091,0.07721889,0.3263838,0.01710577,0.38662
5,7,SO,OUT,0.17468886,0.052870765,0.0040803263,0.027696144,0.085782215,0.24749126,0.014050389,0.39334008
7,7,OUT,OUT,0.20359749,0.031891152,0.007065355,0.0137228025,0.07224763,0.2325964,0.011209086,0.42767015
5,7,SO,OUT,0.17318138,0.040615596,0.0029976247,0.01838281,0.056248635,0.23886515,0.006131736,0.4635771
7,7,OUT,OUT,0.18318261,0.05102342,0.0026929292,0.01734634,0.07460135,0.13832149,0.00904642,0.5237854
7,7,OUT,OUT,0.17230059,0.04190016,0.0032945834,0.026675085,0.078709565,0.09772057,0.00731588,0.57208353
7,7,OUT,OUT,0.11179493,0.035426136,0.004142981,0.014312314,0.052776255,0.32819453,0.008977389,0.44437551
5,7,SO,OUT,0.21657588,0.030661447,0.009747982,0.008767557,0.101646625,0.20213997,0.011207539,0.41925302
5,7,SO,OUT,0.17003925,0.01808892,0.0072131115,0.020626992,0.035972483,0.21816155,0.017079346,0.5128184
7,7,OUT,OUT,0.12965032,0.035188336,0.0024240538,0.0137680825,0.060805038,0.19662234,0.01303516,0.5485067
5,7,SO,OUT,0.16701104,0.047763646,0.003247898,0.026944337,0.06449369,0.23608184,0.016144307,0.43831328
7,7,OUT,OUT,0.22670098,0.038160544,0.00383947,0.017561775,0.04656077,0.11474667,0.009289364,0.5431404
0,7,SINGLE,OUT,0.18140641,0.030551458,0.002143329,0.017169375,0.06686018,0.22043201,0.007436114,0.47400117
7,7,OUT,OUT,0.14569625,0.043280836,0.00267262,0.018123707,0.12160835,0.10815443,0.015720062,0.54474384
6,7,HBP,OUT,0.24529535,0.05184421,0.0034528344,0.0147809815,0.075677745,0.15760964,0.008184614,0.4431547
3,7,HR,OUT,0.22048722,0.041315734,0.0023291148,0.020168878,0.06942854,0.11068578,0.0080232555,0.52756155
0,7,SINGLE,OUT,0.19153295,0.023106387,0.0054748654,0.0071176277,0.043260615,0.09228402,0.0058790445,0.6313445
7,7,OUT,OUT,0.21734104,0.046442084,0.007984122,0.006042189,0.06995603,0.20174864,0.012570728,0.4379152
7,7,OUT,OUT,0.18957819,0.02997353,0.003973954,0.0073244,0.06110188,0.19148244,0.009137026,0.50742865
5,5,SO,SO,0.1277641,0.028023958,0.002648187,0.010395998,0.10548255,0.37835297,0.007528197,0.33980405
5,7,SO,OUT,0.20010471,0.027839428,0.0056765326,0.011692925,0.08588332,0.24644764,0.008227653,0.4141278
7,7,OUT,OUT,0.1583786,0.0393025,0.0041004224,0.011661425,0.13533409,0.17761433,0.013340437,0.46026814
4,7,BB,OUT,0.23957384,0.038647547,0.0030693547,0.019505495,0.08415745,0.15351053,0.0065003466,0.45503548
4,7,BB,OUT,0.14377137,0.030269986,0.004615881,0.023954358,0.06521557,0.103054956,0.008708951,0.62040895
7,7,OUT,OUT,0.14407071,0.034749597,0.004346131,0.008391064,0.039971117,0.32909226,0.0039434014,0.4354358
7,7,OUT,OUT,0.22350633,0.02808397,0.006790882,0.011990192,0.058175817,0.28470433,0.011235722,0.37551272
5,7,SO,OUT,0.20668417,0.022466075,0.0067292615,0.009783906,0.030847143,0.17754395,0.007059547,0.53888595
4,7,BB,OUT,0.1411343,0.026349273,0.0023561416,0.02647131,0.062152743,0.14719094,0.0105291,0.5838162
7,7,OUT,OUT,0.12897825,0.022980284,0.0031532464,0.022617191,0.078079686,0.2237454,0.0056429286,0.51480293
7,7,OUT,OUT,0.17754838,0.023813086,0.003469171,0.026446154,0.071395785,0.090827964,0.0069609554,0.5995385
7,7,OUT,OUT,0.15929312,0.025503943,0.0038194924,0.010500683,0.0422787,0.25796413,0.0048931087,0.4957468
7,7,OUT,OUT,0.13783672,0.03156201,0.004439136,0.014672268,0.06890113,0.2738183,0.011347314,0.4574231
7,7,OUT,OUT,0.1732247,0.027787065,0.0029041122,0.025772119,0.0542903,0.07752993,0.008933066,0.62955874
7,7,OUT,OUT,0.20058414,0.044565625,0.0026320796,0.03816406,0.10594008,0.16606319,0.0079023605,0.43414846
0,7,SINGLE,OUT,0.17323929,0.039057802,0.00351616,0.022806494,0.06279883,0.17584765,0.008741411,0.51399237
7,7,OUT,OUT,0.12614226,0.026967965,0.0035025221,0.018725066,0.087091066,0.21725528,0.012858676,0.5074571
0,7,SINGLE,OUT,0.16172847,0.03199085,0.0057285447,0.009024036,0.11560196,0.24915716,0.010459116,0.41630986
5,7,SO,OUT,0.20902677,0.038187463,0.0068564895,0.013548896,0.055855226,0.2507759,0.015252402,0.41049683
7,7,OUT,OUT,0.19137453,0.023046331,0.006055735,0.014315891,0.028945107,0.22212878,0.017032247,0.4971014
1,7,DOUBLE,OUT,0.20114346,0.040922694,0.0045808526,0.028565122,0.09980282,0.21650045,0.0046337275,0.4038508
7,7,OUT,OUT,0.14201574,0.03800641,0.003247774,0.039212227,0.09944058,0.17648254,0.0062743505,0.4953204
5,7,SO,OUT,0.08328111,0.027179647,0.0055199796,0.00799991,0.056107193,0.2714388,0.016943691,0.5315296
5,7,SO,OUT,0.18841176,0.043682165,0.0046135318,0.011730492,0.06704815,0.14202853,0.012216234,0.5302691
4,7,BB,OUT,0.19613606,0.051369313,0.008805086,0.012072885,0.077020064,0.16078694,0.014686835,0.47912288
1,7,DOUBLE,OUT,0.089731075,0.04696761,0.0033543557,0.011277224,0.06911,0.23947644,0.0057134824,0.5343698
7,7,OUT,OUT,0.147108,0.04305638,0.0058143134,0.02874788,0.07394697,0.23838995,0.007110885,0.45582572
7,7,OUT,OUT,0.14492422,0.031770837,0.0061056367,0.01467594,0.058834095,0.18341067,0.006678915,0.55359966
7,7,OUT,OUT,0.14407654,0.024047298,0.0025238781,0.014363156,0.10842669,0.25029573,0.00993869,0.4463281
7,7,OUT,OUT,0.16618736,0.03372691,0.00737541,0.022306804,0.072236,0.2590844,0.0141644105,0.42491865
7,7,OUT,OUT,0.1813462,0.017775942,0.008014113,0.01174853,0.07926135,0.21706101,0.011118003,0.4736749
7,7,OUT,OUT,0.12744442,0.015848292,0.0028848099,0.008659123,0.046763014,0.1656499,0.0057831113,0.6269673
7,7,OUT,OUT,0.110368356,0.03269567,0.0032902975,0.016300702,0.040051118,0.1336638,0.0066710226,0.65695906
7,7,OUT,OUT,0.19721377,0.0458566,0.004909133,0.023926375,0.06184759,0.12613471,0.011383405,0.5287284
0,7,SINGLE,OUT,0.12819803,0.03791565,0.0060531367,0.017524535,0.035702664,0.21654281,0.007377505,0.55068576
5,5,SO,SO,0.123284146,0.023570515,0.0024906336,0.02288884,0.07225942,0.37362698,0.011241336,0.3706381
5,7,SO,OUT,0.0772788,0.029796636,0.0035114419,0.009831993,0.07677169,0.24997516,0.0067577325,0.54607654
7,7,OUT,OUT,0.17956382,0.032184854,0.006317375,0.011315415,0.10917715,0.25862077,0.0129817,0.38983893
7,7,OUT,OUT,0.13875383,0.02121107,0.0048527936,0.011354673,0.057714634,0.23568565,0.006604899,0.5238224
7,7,OUT,OUT,0.10853131,0.044435207,0.0024418253,0.014679137,0.0686203,0.18147615,0.0058882316,0.5739278
7,7,OUT,OUT,0.11719795,0.04377216,0.0027626778,0.013596536,0.06089038,0.18993135,0.0043746713,0.5674743
7,7,OUT,OUT,0.108956866,0.027915712,0.0017977542,0.026493115,0.062781624,0.35113963,0.00785468,0.4130606
7,7,OUT,OUT,0.20054358,0.03986735,0.0040094526,0.017519105,0.09417316,0.2342719,0.005270477,0.40434495
5,7,SO,OUT,0.1093736,0.03668294,0.0028776636,0.016004235,0.06564997,0.15019551,0.0056030704,0.613613
7,7,OUT,OUT,0.119733155,0.030589417,0.0038224244,0.019401887,0.047355317,0.31270885,0.005818407,0.46057054
7,7,OUT,OUT,0.14249435,0.053675573,0.0047518355,0.020124568,0.10085736,0.19187437,0.007245922,0.47897604
7,7,OUT,OUT,0.14941078,0.03099631,0.002557319,0.014743979,0.030024653,0.15504536,0.007608534,0.60961306
1,7,DOUBLE,OUT,0.1947,0.025016027,0.0032369269,0.02112967,0.07096815,0.24078868,0.014832061,0.42932853
0,7,SINGLE,OUT,0.19725786,0.047491655,0.0036718932,0.013933638,0.07946188,0.21524937,0.0071783112,0.43575546
5,7,SO,OUT,0.15341088,0.02203213,0.006524235,0.013995205,0.07410645,0.23252916,0.012086514,0.48531535
5,7,SO,OUT,0.10279246,0.038984578,0.009139715,0.02809788,0.08142036,0.17012058,0.022755485,0.546689
7,7,OUT,OUT,0.12482,0.033465806,0.002501993,0.0152966315,0.07504987,0.18696564,0.0062106256,0.55568945
7,7,OUT,OUT,0.13572565,0.024209647,0.0035914674,0.026899029,0.07987905,0.25840282,0.0096847145,0.46160766
7,7,OUT,OUT,0.21787451,0.07052255,0.0061336984,0.014533425,0.12816866,0.15660873,0.016306903,0.3898515
1,7,DOUBLE,OUT,0.16631371,0.038301237,0.0058080484,0.03300007,0.05933195,0.21998328,0.014864399,0.4623974
5,7,SO,OUT,0.21111898,0.04010639,0.0019876438,0.021289492,0.064876966,0.16335376,0.010248757,0.48701808
0,7,SINGLE,OUT,0.21204728,0.038658615,0.0054125115,0.013919895,0.04830845,0.15380596,0.014324957,0.5135224
7,7,OUT,OUT,0.16753462,0.04790913,0.0025012593,0.019622765,0.03538651,0.14392869,0.008290568,0.57482654
7,7,OUT,OUT,0.18741617,0.04460896,0.0061196224,0.017129114,0.07843484,0.23620138,0.009446284,0.42064363
7,7,OUT,OUT,0.24354434,0.03933916,0.00966543,0.012919942,0.08102109,0.19817239,0.01250468,0.40283296
5,7,SO,OUT,0.18975064,0.03539131,0.007826115,0.023306528,0.02247858,0.17055507,0.012564458,0.5381273
7,7,OUT,OUT,0.08216311,0.028729308,0.0028038975,0.010021326,0.07399308,0.24961516,0.005549113,0.547125
7,7,OUT,OUT,0.12172731,0.03070876,0.0038589165,0.010569504,0.07376626,0.19187139,0.005874773,0.56162304
7,7,OUT,OUT,0.119349115,0.02306155,0.0039865677,0.01641324,0.057462156,0.30930385,0.005032611,0.46539098
4,7,BB,OUT,0.18442374,0.028789226,0.0070599825,0.0142302895,0.08994059,0.25796226,0.0047848425,0.412809
7,7,OUT,OUT,0.11723914,0.025421754,0.004944907,0.012163286,0.0882268,0.22282116,0.0066369087,0.5225461
5,7,SO,OUT,0.1373775,0.024411105,0.00932064,0.014645873,0.06512183,0.20754339,0.013967584,0.5276121
7,7,OUT,OUT,0.1140945,0.033754062,0.0060422267,0.012509211,0.105654106,0.24286391,0.0054658023,0.47961625
7,7,OUT,OUT,0.16398427,0.04213507,0.005550095,0.015997613,0.06462065,0.13081047,0.0076896017,0.5692122
7,7,OUT,OUT,0.09776245,0.028274026,0.0060875784,0.015444226,0.058599785,0.27115884,0.0073459493,0.5153271
5,7,SO,OUT,0.12701574,0.013276453,0.0032899356,0.016068071,0.05458561,0.3617919,0.009904648,0.4140676
5,7,SO,OUT,0.19731198,0.025497375,0.009641516,0.010918722,0.10776915,0.20692937,0.009877961,0.43205392
7,7,OUT,OUT,0.14658035,0.022238944,0.0060832677,0.011959451,0.09169621,0.22374435,0.012595328,0.48510218
5,7,SO,OUT,0.10837616,0.016630987,0.0036393267,0.011771756,0.059249517,0.1776353,0.0029041513,0.6197928
5,7,SO,OUT,0.11410592,0.027032066,0.003745195,0.008760941,0.05417583,0.18165179,0.0035395075,0.6069887
7,7,OUT,OUT,0.15952754,0.02590423,0.0057803076,0.01323677,0.04851825,0.14663339,0.0052606286,0.59513885
5,7,SO,OUT,0.08375673,0.016220512,0.0033325762,0.011780712,0.07042295,0.30230224,0.00817044,0.5040138
7,7,OUT,OUT,0.21609178,0.029472217,0.0047673136,0.019019764,0.1003877,0.19602527,0.0114338705,0.4228021
7,7,OUT,OUT,0.16028,0.032954603,0.0065001897,0.006987013,0.06371457,0.23181164,0.01020964,0.48754242
5,7,SO,OUT,0.14694867,0.032018602,0.0025354014,0.015171979,0.089839734,0.2426681,0.0061758324,0.46464172
4,7,BB,OUT,0.11050992,0.03460744,0.0034681712,0.0122664105,0.10378292,0.27208123,0.008603183,0.4546807
0,7,SINGLE,OUT,0.085148275,0.045708638,0.0035674798,0.01219624,0.046476666,0.15582778,0.011796704,0.63927823
4,7,BB,OUT,0.13344215,0.048449326,0.005868155,0.01349222,0.048145436,0.153779,0.0126022035,0.58422154
7,7,OUT,OUT,0.1263247,0.04369432,0.0038689838,0.016397048,0.0787124,0.18034534,0.019365732,0.5312915
0,7,SINGLE,OUT,0.10764946,0.058342382,0.0023058788,0.030657828,0.09281524,0.22398853,0.009455302,0.47478545
7,7,OUT,OUT,0.21837513,0.05761377,0.0036664251,0.015627041,0.056594584,0.13599044,0.012722841,0.49940977
0,7,SINGLE,OUT,0.13249278,0.05721391,0.0032440773,0.016429542,0.0528842,0.19404124,0.022903178,0.52079105
7,7,OUT,OUT,0.18990214,0.045058236,0.0029132892,0.015259014,0.06920705,0.14709894,0.009032709,0.52152866
7,7,OUT,OUT,0.14679311,0.059221163,0.0024992984,0.026365763,0.09591286,0.24544951,0.015035919,0.40872228
7,7,OUT,OUT,0.17475331,0.038354367,0.004869709,0.016793206,0.07720749,0.12260806,0.01055983,0.5548541
7,7,OUT,OUT,0.12786825,0.020478955,0.003271894,0.016696392,0.05305498,0.33925015,0.010888511,0.42849085
5,7,SO,OUT,0.16954471,0.037160613,0.0033302351,0.011858533,0.0575359,0.2886154,0.006644999,0.42530957
7,7,OUT,OUT,0.15082432,0.034956545,0.0049973046,0.014395624,0.07365499,0.19551116,0.00798516,0.5176748
7,7,OUT,OUT,0.14374655,0.046275947,0.0052026724,0.028440673,0.163237,0.16809617,0.023918238,0.42108268
7,7,OUT,OUT,0.22597842,0.04853325,0.007793088,0.020572506,0.10896216,0.16598827,0.012868993,0.40930334
0,4,SINGLE,BB,0.15364091,0.12257891,0.017622782,0.2059794,0.24344239,0.11077515,0.013433246,0.13252725
4,7,BB,OUT,0.152455,0.048011024,0.003170635,0.049455725,0.120580524,0.17870663,0.008669518,0.4389509
5,7,SO,OUT,0.12763506,0.030952435,0.006653828,0.008591012,0.09937478,0.27316275,0.0068179267,0.44681215
5,7,SO,OUT,0.18365753,0.025630277,0.009933737,0.015545493,0.10460592,0.26778683,0.015382354,0.3774579
7,7,OUT,OUT,0.13910462,0.023331245,0.0043572504,0.019514335,0.047995422,0.27398637,0.012543867,0.4791669
5,7,SO,OUT,0.14986151,0.019822087,0.0036745728,0.008526231,0.12126182,0.1229819,0.016251482,0.5576204
7,7,OUT,OUT,0.14750232,0.03520308,0.004347545,0.007224533,0.13478017,0.079746135,0.012395976,0.5788002
7,7,OUT,OUT,0.24644943,0.04174457,0.007844835,0.008601617,0.080433995,0.05298388,0.020189142,0.54175246
1,7,DOUBLE,OUT,0.13118373,0.023115817,0.0063769207,0.010718702,0.04627298,0.18939793,0.008040952,0.584893
7,7,OUT,OUT,0.09459677,0.04099152,0.0041837026,0.011326391,0.05472175,0.27493182,0.008877749,0.5103703
0,7,SINGLE,OUT,0.13018867,0.048952196,0.002374303,0.043884166,0.05998383,0.15026748,0.0151101425,0.54923916
4,7,BB,OUT,0.23385605,0.04827153,0.003290324,0.035245284,0.06472008,0.12199968,0.01058933,0.48202777
7,7,OUT,OUT,0.15150237,0.04980034,0.0027864806,0.020087307,0.0980526,0.18169905,0.016237225,0.47983462
5,7,SO,OUT,0.18902606,0.066531956,0.0033102597,0.060199514,0.093194626,0.12541318,0.0043890635,0.45793533
0,7,SINGLE,OUT,0.21685843,0.07218928,0.007514799,0.020099398,0.08232566,0.1410023,0.011625744,0.44838437
1,7,DOUBLE,OUT,0.17761706,0.07322396,0.0025726892,0.03390582,0.06513903,0.16109796,0.00993595,0.47650757
7,7,OUT,OUT,0.1841162,0.042891294,0.004277452,0.011225954,0.06816849,0.12979734,0.008689503,0.55083376
7,7,OUT,OUT,0.13016458,0.058605757,0.004831242,0.022262871,0.08505685,0.25697675,0.014460152,0.4276418
7,7,OUT,OUT,0.1716199,0.06472717,0.0077414494,0.010454192,0.07104437,0.15229012,0.010802941,0.5113198
1,7,DOUBLE,OUT,0.117167965,0.042222142,0.0023513434,0.03541929,0.08013497,0.14086954,0.0148062995,0.5670284
5,7,SO,OUT,0.09324711,0.045824308,0.0050095003,0.03152098,0.05666292,0.3117044,0.008420135,0.44761062
7,7,OUT,OUT,0.15640487,0.0632883,0.004130556,0.016275415,0.07069729,0.14323848,0.0071670804,0.538798
0,7,SINGLE,OUT,0.13534382,0.05505847,0.0069424426,0.0295794,0.06209132,0.19519052,0.005783069,0.510011
6,7,HBP,OUT,0.16264065,0.06585299,0.0038389973,0.033374883,0.05185821,0.10300503,0.005990953,0.57343835
7,7,OUT,OUT,0.10802377,0.033142213,0.0047913278,0.020005854,0.06299656,0.24628913,0.012090754,0.5126605
3,7,HR,OUT,0.22159714,0.097777724,0.00466555,0.03173033,0.07416381,0.12612621,0.008202811,0.43573645
5,7,SO,OUT,0.16388023,0.04307725,0.0068413727,0.01790504,0.07127797,0.19038944,0.017779863,0.48884884
7,7,OUT,OUT,0.20494463,0.055015918,0.0038732358,0.0146310935,0.08438349,0.10871485,0.008099796,0.520337
3,7,HR,OUT,0.13487995,0.059258964,0.0047663115,0.025884854,0.07456896,0.25446784,0.023214897,0.4229582
5,7,SO,OUT,0.1664533,0.043953225,0.0069089495,0.017758515,0.06911981,0.13919313,0.007677753,0.54893535
7,5,OUT,SO,0.066029854,0.030536516,0.0042692116,0.020584842,0.02631506,0.4270859,0.007838029,0.4173406
7,7,OUT,OUT,0.12747517,0.038348764,0.0035646334,0.01694662,0.053234447,0.23958227,0.008035055,0.51281303
7,7,OUT,OUT,0.10303359,0.049793214,0.0015794778,0.025910068,0.13711669,0.21164115,0.0055822087,0.46534362
3,7,HR,OUT,0.19132608,0.0491672,0.004645817,0.01327165,0.04591952,0.13395238,0.01332036,0.548397
4,7,BB,OUT,0.12440059,0.03597088,0.0028153025,0.016389176,0.06520717,0.16914341,0.014368301,0.5717052
7,7,OUT,OUT,0.12582572,0.03248317,0.0046113394,0.009994043,0.032541346,0.1530568,0.0151284095,0.62635916
7,7,OUT,OUT,0.15768896,0.047077294,0.004466866,0.0155858705,0.05490649,0.12653291,0.015082152,0.5786594
7,7,OUT,OUT,0.16058327,0.058352374,0.0041551646,0.040790714,0.042126104,0.1623971,0.008054428,0.5235409
7,7,OUT,OUT,0.25579888,0.026767077,0.008856733,0.014059918,0.053815294,0.12057973,0.008478051,0.51164436
4,7,BB,OUT,0.24616049,0.023925977,0.007847864,0.02047876,0.067060106,0.14204067,0.0068675927,0.48561856
0,7,SINGLE,OUT,0.14000921,0.045895316,0.0036686843,0.02487649,0.065032855,0.14522971,0.0055449866,0.5697428
7,7,OUT,OUT,0.07172798,0.023025395,0.0035066302,0.015693842,0.031394597,0.2562951,0.0048616882,0.5934948
4,7,BB,OUT,0.13118193,0.02994608,0.0048928983,0.012151312,0.07081011,0.18296519,0.0056184144,0.56243414
5,7,SO,OUT,0.200588,0.039570183,0.006006947,0.025381148,0.07228026,0.16808055,0.009991271,0.4781017
3,7,HR,OUT,0.13045967,0.040202193,0.0044140425,0.03821868,0.055514395,0.1806987,0.009263137,0.5412292
7,7,OUT,OUT,0.19377156,0.043536797,0.0074133733,0.01629341,0.062473185,0.07418381,0.0090650115,0.5932628
4,7,BB,OUT,0.16985974,0.040961616,0.0047447793,0.032665234,0.054228902,0.12633848,0.010841553,0.56035966
7,7,OUT,OUT,0.10207816,0.02231146,0.0032957506,0.0104378145,0.022388875,0.3148597,0.0075266897,0.5171016
5,7,SO,OUT,0.13668212,0.038310114,0.0028577114,0.012131607,0.037037637,0.16500826,0.010757853,0.5972147
4,7,BB,OUT,0.1080984,0.024965916,0.008190654,0.018789416,0.09689825,0.17622006,0.007895813,0.55894154
7,7,OUT,OUT,0.17894249,0.030454159,0.005798744,0.012607276,0.0691411,0.11924153,0.0084299,0.57538486
0,7,SINGLE,OUT,0.24680376,0.046951108,0.006183191,0.025035264,0.0517542,0.13352908,0.008175913,0.48156744
7,7,OUT,OUT,0.1958589,0.026556198,0.003360833,0.029608576,0.047812466,0.17353241,0.009574132,0.5136965
4,7,BB,OUT,0.1590818,0.044400476,0.004466781,0.040644854,0.03773319,0.13611867,0.009697827,0.5678564
3,7,HR,OUT,0.10265242,0.034604054,0.0016439275,0.035885334,0.07080904,0.34121355,0.008350285,0.40484142
4,7,BB,OUT,0.14444739,0.052090887,0.0023712204,0.025252521,0.06361501,0.16679978,0.0076504666,0.5377727
7,7,OUT,OUT,0.15662543,0.037583597,0.005454559,0.013911488,0.04771512,0.108483925,0.008843923,0.62138194
7,7,OUT,OUT,0.14321236,0.032830622,0.0028712973,0.037613243,0.042744264,0.11013213,0.014756728,0.61583936
7,7,OUT,OUT,0.11586086,0.034853905,0.005957221,0.011548155,0.07055219,0.1912784,0.0108393505,0.55910987
0,7,SINGLE,OUT,0.118502565,0.03817164,0.0018267242,0.025757145,0.024856303,0.20965475,0.0068871244,0.57434374
7,7,OUT,OUT,0.19014269,0.049972758,0.003388598,0.026938708,0.041123398,0.15554519,0.009396959,0.5234917
0,7,SINGLE,OUT,0.17784888,0.033173714,0.0060316357,0.016248303,0.07156362,0.12695053,0.009064027,0.5591193
5,7,SO,OUT,0.24701022,0.051273704,0.008526001,0.014471952,0.06971699,0.121384434,0.011168581,0.4764482
1,7,DOUBLE,OUT,0.13082942,0.041672707,0.004773131,0.030020082,0.034872103,0.15878348,0.007820957,0.5912282
3,7,HR,OUT,0.11638942,0.041688174,0.002347974,0.010556999,0.11984912,0.16803308,0.007625745,0.53350943
7,7,OUT,OUT,0.14124474,0.041265037,0.0034491073,0.029320836,0.03756605,0.18901598,0.0061703455,0.551968
4,7,BB,OUT,0.13607243,0.059337214,0.0062910765,0.030588487,0.04998789,0.116501234,0.0058812564,0.59534043
5,7,SO,OUT,0.1379801,0.042505972,0.0031308613,0.02165517,0.035105273,0.20241378,0.009760503,0.54744834
5,7,SO,OUT,0.15409172,0.039583802,0.0034930585,0.026517378,0.050128184,0.14240977,0.005008306,0.5787678
7,7,OUT,OUT,0.14850922,0.023055606,0.00507021,0.0104439445,0.07946102,0.15424573,0.013187755,0.5660265
7,7,OUT,OUT,0.14598611,0.02736667,0.0027293619,0.028605938,0.08164419,0.10811427,0.016584188,0.5889693
5,7,SO,OUT,0.18209887,0.024745142,0.0035842739,0.025223315,0.07157908,0.119117096,0.009400462,0.5642518
0,7,SINGLE,OUT,0.123108976,0.027946927,0.0031888166,0.013820279,0.04308999,0.25795844,0.0060611526,0.5248255
7,7,OUT,OUT,0.18384224,0.04035118,0.0072448617,0.019489093,0.0953249,0.17341061,0.008024009,0.47231308
7,7,OUT,OUT,0.15426187,0.031932604,0.009507182,0.016628252,0.042413592,0.19204159,0.0089567425,0.5442581
7,7,OUT,OUT,0.092117734,0.057788793,0.0014054207,0.0413035,0.13631596,0.30678555,0.011690964,0.352592
5,7,SO,OUT,0.15641344,0.051697418,0.00345994,0.023286432,0.08655527,0.14365794,0.008494836,0.5264347
7,7,OUT,OUT,0.14760381,0.026309554,0.0060155615,0.0111836465,0.041010093,0.11414319,0.008635754,0.6450984
7,7,OUT,OUT,0.14315046,0.033285994,0.0030053814,0.013345867,0.04891131,0.20853189,0.011723366,0.53804576
7,7,OUT,OUT,0.22317679,0.034622714,0.004356003,0.015629442,0.08167734,0.15432188,0.0073268325,0.47888896
5,7,SO,OUT,0.12303135,0.034986723,0.009051672,0.013732728,0.049851026,0.27880883,0.008650865,0.4818869
7,7,OUT,OUT,0.22426547,0.05427977,0.010654388,0.013991145,0.0853416,0.13632308,0.00830504,0.46683943
1,7,DOUBLE,OUT,0.1158768,0.038059387,0.00469578,0.015325227,0.050774883,0.25192887,0.0078565935,0.5154825
7,7,OUT,OUT,0.11890726,0.033008274,0.0034530219,0.011810793,0.08000499,0.17910206,0.007491776,0.56622183
7,7,OUT,OUT,0.16814849,0.04884671,0.008074962,0.017203089,0.057006232,0.2334886,0.014628835,0.45260313
7,7,OUT,OUT,0.14455588,0.027176583,0.0042863176,0.021402791,0.057622306,0.108756416,0.011943351,0.6242563
7,7,OUT,OUT,0.1336529,0.024299795,0.0035041994,0.01039803,0.018684974,0.3891314,0.0057845963,0.41454408
0,7,SINGLE,OUT,0.11768012,0.03326029,0.0029717558,0.011185496,0.03478143,0.23659928,0.008214911,0.55530673
7,7,OUT,OUT,0.15069962,0.033883363,0.0075177434,0.02257298,0.10411663,0.19448572,0.008356868,0.4783671
7,7,OUT,OUT,0.1522391,0.03327412,0.00355371,0.021289028,0.0328106,0.19093908,0.009569417,0.55632496
5,7,SO,OUT,0.109549664,0.043916646,0.0032912341,0.042438786,0.0696749,0.1913409,0.008464855,0.53132296
5,7,SO,OUT,0.15439594,0.03058575,0.006016081,0.030303525,0.05978083,0.14453113,0.005369159,0.5690175
4,7,BB,OUT,0.14121209,0.051791254,0.0024634455,0.05070166,0.11810752,0.24202178,0.006938369,0.3867639
1,7,DOUBLE,OUT,0.19839938,0.02249689,0.0057882946,0.014838433,0.03685399,0.22553174,0.005823218,0.49026805
7,7,OUT,OUT,0.13111523,0.06285877,0.0029105048,0.016288592,0.09333152,0.08732857,0.009559191,0.5966077
7,7,OUT,OUT,0.11433746,0.022101374,0.0030444018,0.026205657,0.048127398,0.21387011,0.006559007,0.56575453
1,7,DOUBLE,OUT,0.22319521,0.057583053,0.0035604457,0.033746164,0.077564694,0.1910952,0.019026306,0.39422894
4,7,BB,OUT,0.21006149,0.045844723,0.0064625624,0.011458552,0.04303949,0.14900759,0.015011871,0.51911366
7,7,OUT,OUT,0.1532163,0.032616753,0.002522761,0.007153172,0.04179263,0.22577426,0.005336347,0.5315878
7,7,OUT,OUT,0.17456478,0.068080336,0.002645708,0.018013388,0.0945095,0.21701843,0.007909062,0.41725886
7,7,OUT,OUT,0.2196114,0.023291692,0.0032761097,0.008093901,0.06880355,0.15059313,0.0060589104,0.52027124
5,7,SO,OUT,0.18386152,0.032991953,0.005390797,0.018161798,0.051846888,0.14323214,0.018524954,0.54599
5,7,SO,OUT,0.2190931,0.043241248,0.0036948558,0.025758527,0.05304576,0.12335179,0.01328467,0.5185301
0,7,SINGLE,OUT,0.18583016,0.026651861,0.0036290851,0.007950094,0.026587164,0.097701415,0.0076379147,0.6440123
7,7,OUT,OUT,0.10090447,0.039091665,0.0015365559,0.020396717,0.065327324,0.3059686,0.005856032,0.46091866
5,7,SO,OUT,0.17664956,0.027061405,0.004678483,0.025494223,0.08023032,0.1659345,0.015244923,0.5047065
7,7,OUT,OUT,0.21594036,0.037015863,0.0040009734,0.006975632,0.06375629,0.103355035,0.0068523074,0.56210357
0,7,SINGLE,OUT,0.19274513,0.023309506,0.0028917508,0.008694671,0.06058945,0.16388404,0.00620302,0.54168236
7,7,OUT,OUT,0.12103398,0.016606495,0.003439603,0.0062633576,0.018214952,0.23636556,0.006642377,0.5914336
7,7,OUT,OUT,0.24849844,0.018727891,0.003941438,0.014928386,0.033478234,0.116383955,0.005469353,0.55857223
0,7,SINGLE,OUT,0.17361619,0.020573366,0.0034695521,0.012593514,0.014942993,0.12648048,0.004830922,0.643493
7,7,OUT,OUT,0.115185104,0.01907375,0.002037892,0.0053097974,0.030498696,0.2810459,0.0069700982,0.5398787
5,7,SO,OUT,0.13997868,0.042466853,0.0025523296,0.008786746,0.08158162,0.1867127,0.009034481,0.52888656
5,7,SO,OUT,0.20423676,0.03892005,0.0058281086,0.009515796,0.062214382,0.12811893,0.018867621,0.5322983
0,7,SINGLE,OUT,0.161045,0.04671415,0.0032136424,0.010090441,0.046252836,0.13347328,0.010628064,0.58858263
0,7,SINGLE,OUT,0.1343312,0.04304829,0.0018943013,0.018317336,0.07295802,0.1982268,0.008554679,0.5226694
7,7,OUT,OUT,0.1689831,0.022617115,0.0022476662,0.012818138,0.02125336,0.18119857,0.012042233,0.5788397
7,7,OUT,OUT,0.16296683,0.046901092,0.0040137735,0.010063304,0.048486,0.13206944,0.008357699,0.5871419
5,7,SO,OUT,0.13028209,0.03920333,0.0027762973,0.015975218,0.029058453,0.12988661,0.011725458,0.64109254
7,7,OUT,OUT,0.12439627,0.034767803,0.0017526946,0.019771,0.068900354,0.2622231,0.008830521,0.47935823
0,7,SINGLE,OUT,0.22104749,0.04664785,0.003886561,0.0141194835,0.07766906,0.17289363,0.01088228,0.45285362
4,7,BB,OUT,0.20896858,0.036246806,0.0044873757,0.007818628,0.03480405,0.19381885,0.009404942,0.5044508
5,7,SO,OUT,0.15308647,0.029528767,0.0030155575,0.014651068,0.027690725,0.13350643,0.0073350873,0.63118595
7,7,OUT,OUT,0.12798712,0.013897194,0.0028251396,0.008561694,0.019430414,0.21448095,0.01134462,0.60147285
4,7,BB,OUT,0.18058267,0.03124646,0.0067804563,0.018004518,0.064390734,0.14903148,0.005613316,0.5443503
5,7,SO,OUT,0.19565487,0.028825497,0.007347176,0.008405507,0.06955592,0.17393531,0.013637574,0.5026381
7,7,OUT,OUT,0.18024592,0.034388162,0.01006135,0.0035217234,0.06821302,0.13041033,0.008872279,0.56428725
1,7,DOUBLE,OUT,0.1804766,0.023016775,0.0034423915,0.006579124,0.06848454,0.14650612,0.0077694505,0.563725
7,7,OUT,OUT,0.11828572,0.025293387,0.004631729,0.007131718,0.033845183,0.23321234,0.0043403064,0.5732596
1,7,DOUBLE,OUT,0.1482678,0.018991893,0.0039223796,0.016795367,0.03653287,0.1724488,0.0069476063,0.59609336
0,7,SINGLE,OUT,0.122472756,0.0357536,0.004375823,0.014046683,0.028517531,0.17513728,0.0057093184,0.61398697
5,7,SO,OUT,0.22249117,0.020641785,0.0058143702,0.011339067,0.023682239,0.15751599,0.0070910677,0.5514243
7,7,OUT,OUT,0.13500993,0.03366194,0.005887815,0.014059244,0.04300386,0.10379121,0.006080351,0.6585057
5,7,SO,OUT,0.14342122,0.017420981,0.0028265715,0.0054227053,0.02227695,0.2958304,0.0065495637,0.5062516
7,7,OUT,OUT,0.1843729,0.029777355,0.0041693775,0.010430569,0.07544817,0.1815195,0.009514497,0.5047676
5,7,SO,OUT,0.18395436,0.04313323,0.004910356,0.02068056,0.06028157,0.1690877,0.01689718,0.50105506
4,7,BB,OUT,0.12070711,0.02118547,0.0031830636,0.007025242,0.02893376,0.27183342,0.0064395876,0.5406924
7,7,OUT,OUT,0.10906601,0.016139157,0.004675122,0.010724459,0.026665915,0.19027884,0.0049198745,0.6375307
3,7,HR,OUT,0.15476803,0.027273895,0.0032924567,0.008993358,0.025526276,0.14098808,0.0067326957,0.6324252
7,7,OUT,OUT,0.17486824,0.03472427,0.0038305796,0.01320748,0.04081401,0.13302794,0.009297245,0.5902302
7,7,OUT,OUT,0.2334832,0.045170456,0.0057969512,0.01842457,0.045662895,0.14091974,0.013992534,0.4965496
3,7,HR,OUT,0.19719858,0.035447024,0.003935805,0.021919545,0.0588811,0.12716533,0.016769523,0.5386831
0,7,SINGLE,OUT,0.18723367,0.02684579,0.0048623024,0.009197755,0.033704028,0.11179407,0.008995011,0.6173674
7,7,OUT,OUT,0.19286692,0.031139756,0.003390531,0.007812752,0.03960862,0.12939498,0.010952773,0.58483374
4,7,BB,OUT,0.21303996,0.06338529,0.0046484633,0.015698098,0.089374706,0.15447438,0.009752457,0.44962665
5,7,SO,OUT,0.12956764,0.028953534,0.0031900513,0.020064246,0.09140704,0.28508642,0.005611257,0.43611982
7,7,OUT,OUT,0.16961847,0.036806457,0.0059418296,0.022111725,0.06681503,0.20106778,0.012287467,0.4853513
7,7,OUT,OUT,0.13902308,0.017253278,0.0040824097,0.006882946,0.05425949,0.16358425,0.0055933255,0.60932124
0,7,SINGLE,OUT,0.21977262,0.033270814,0.0061826496,0.0097262,0.035705343,0.12443453,0.0044838614,0.5664239
7,7,OUT,OUT,0.18258533,0.03344223,0.0038684434,0.0057656467,0.047604933,0.09625866,0.0060684187,0.62440634
7,7,OUT,OUT,0.16371095,0.046983805,0.004645937,0.01000353,0.051259495,0.12167814,0.009704731,0.59201336
7,7,OUT,OUT,0.16052713,0.030510541,0.00291694,0.012109736,0.03508957,0.1942814,0.011545332,0.55301934
0,7,SINGLE,OUT,0.15312111,0.025934098,0.004665127,0.010491853,0.055456076,0.18817244,0.00862429,0.5535349
4,7,BB,OUT,0.14877482,0.056563158,0.005376844,0.013944637,0.051871613,0.14405382,0.012368128,0.56704694
5,7,SO,OUT,0.12975931,0.0247543,0.0032912754,0.011454856,0.051912595,0.16723354,0.011146167,0.600448
5,7,SO,OUT,0.107757114,0.042619348,0.00423159,0.019018197,0.061524753,0.24770544,0.01030342,0.5068401
7,7,OUT,OUT,0.1649863,0.04623628,0.011300349,0.006630967,0.10316118,0.10263772,0.011236863,0.55381036
4,7,BB,OUT,0.20073086,0.06347914,0.007028908,0.016980829,0.12813307,0.14105344,0.022121292,0.4204725
4,7,BB,OUT,0.27334106,0.040664874,0.0063440246,0.009012318,0.113819286,0.09872517,0.017685767,0.44040754
0,7,SINGLE,OUT,0.19313137,0.050874818,0.0035175288,0.026020631,0.090927616,0.18471119,0.011154112,0.4396626
0,7,SINGLE,OUT,0.13121532,0.031881556,0.0035074211,0.008941084,0.04588476,0.23932338,0.0049220417,0.5343244
7,7,OUT,OUT,0.106604934,0.072200075,0.0038190107,0.017455842,0.113897726,0.18753408,0.013910536,0.4845778
1,7,DOUBLE,OUT,0.11566844,0.06766103,0.002729826,0.032815646,0.17081556,0.26302955,0.0040063625,0.3432736
5,7,SO,OUT,0.15868188,0.04297216,0.0030156772,0.024979752,0.062954016,0.10445198,0.006698757,0.59624577
7,7,OUT,OUT,0.105443336,0.051702794,0.003990637,0.017078253,0.09113089,0.14739262,0.006350735,0.5769108
7,7,OUT,OUT,0.20967966,0.03315213,0.0063123303,0.011737144,0.048279792,0.10324964,0.0051465277,0.5824427
0,7,SINGLE,OUT,0.10136441,0.027191004,0.0026036804,0.032398447,0.066581,0.14783883,0.01174762,0.610275
4,7,BB,OUT,0.11109541,0.056147624,0.006683549,0.028760282,0.07937818,0.31435674,0.010233326,0.3933448
1,7,DOUBLE,OUT,0.1740081,0.055245154,0.006286183,0.024456685,0.08175714,0.16330117,0.0061738756,0.48877165
5,7,SO,OUT,0.09315104,0.029242497,0.005859749,0.014369645,0.07703888,0.3656767,0.004938438,0.40972298
7,7,OUT,OUT,0.13411252,0.053313803,0.005492558,0.033412207,0.06300216,0.1850169,0.013099885,0.51254994
5,7,SO,OUT,0.11717805,0.03785578,0.0029425588,0.027662156,0.09270053,0.20725326,0.012583427,0.5018242
7,7,OUT,OUT,0.11786071,0.035750285,0.0040819463,0.005427577,0.074890316,0.19985892,0.008018417,0.5541117
5,7,SO,OUT,0.15214369,0.036665425,0.007444037,0.0072066733,0.05787432,0.13525704,0.00856589,0.594843
0,7,SINGLE,OUT,0.19688629,0.027810887,0.0031849402,0.009300466,0.046949565,0.14106451,0.0078976415,0.5669056
5,7,SO,OUT,0.25856912,0.06721199,0.004889285,0.009867048,0.094991274,0.08679739,0.008009229,0.46966466
5,7,SO,OUT,0.11055833,0.030739047,0.0022521059,0.030526793,0.053675853,0.27414954,0.010352093,0.4877463
0,7,SINGLE,OUT,0.15361318,0.05948446,0.004359345,0.02465988,0.11120299,0.23445557,0.0054960563,0.4067286
7,7,OUT,OUT,0.12906887,0.09119442,0.0047798147,0.01925707,0.10921783,0.18146966,0.01367447,0.4513378
7,7,OUT,OUT,0.17874324,0.055068947,0.005094373,0.021881064,0.0382338,0.19051114,0.0051863417,0.5052811
5,7,SO,OUT,0.20013188,0.048853185,0.002588745,0.023361359,0.05741702,0.2098617,0.013356571,0.44442958
7,7,OUT,OUT,0.1819357,0.024260944,0.003418039,0.010360263,0.031992365,0.09440441,0.006593648,0.6470347
7,7,OUT,OUT,0.19809663,0.046505693,0.008496292,0.024206314,0.12946483,0.16234072,0.007916908,0.42297262
5,7,SO,OUT,0.14663287,0.0325324,0.0038040543,0.010367275,0.057861887,0.22361887,0.008142725,0.5170399
1,7,DOUBLE,OUT,0.0927768,0.028587626,0.0049994853,0.010587799,0.08118325,0.38531268,0.003882942,0.39266944
7,7,OUT,OUT,0.13066684,0.039170027,0.0045993584,0.02825451,0.0680681,0.15153825,0.008094042,0.5696089
7,7,OUT,OUT,0.13523228,0.03694021,0.0038230305,0.02160717,0.064523414,0.17869264,0.008791905,0.5503894
5,7,SO,OUT,0.08189278,0.06118877,0.004263295,0.01967087,0.13580868,0.33205393,0.014325563,0.35079613
0,7,SINGLE,OUT,0.11116456,0.02000015,0.0041072667,0.0062459656,0.050936464,0.2714702,0.005294322,0.53078103
4,7,BB,OUT,0.082577944,0.023765594,0.002230295,0.020028008,0.076042384,0.29983386,0.010012323,0.4855096
0,7,SINGLE,OUT,0.11693854,0.036302313,0.004260629,0.009533292,0.06589054,0.2082571,0.006964555,0.551853
5,7,SO,OUT,0.124600716,0.038834877,0.0037090278,0.024985923,0.094498314,0.27384704,0.00789369,0.43163034
4,7,BB,OUT,0.15093264,0.042364206,0.0062849657,0.019433338,0.058082934,0.22164261,0.010308159,0.49095118
4,7,BB,OUT,0.07928213,0.040583733,0.0034912832,0.012360319,0.05831299,0.24907064,0.012697067,0.5442018
0,7,SINGLE,OUT,0.15240598,0.051767606,0.0021642507,0.022660298,0.14409128,0.17462783,0.014000333,0.4382823
0,7,SINGLE,OUT,0.17241083,0.04934722,0.0031507974,0.014358419,0.08413792,0.1591936,0.0070219366,0.5103793
0,7,SINGLE,OUT,0.12907541,0.032278374,0.0045862757,0.021785032,0.13883558,0.32136264,0.006951961,0.3451247
7,7,OUT,OUT,0.12855709,0.037058,0.003081383,0.02285892,0.0444313,0.25932953,0.008655239,0.4960285
0,7,SINGLE,OUT,0.24596365,0.06601472,0.0053844256,0.018894246,0.07384284,0.17706251,0.009540435,0.4032972
7,7,OUT,OUT,0.12732589,0.07477229,0.0071662343,0.022000073,0.04394653,0.1965155,0.005345998,0.52292746
7,7,OUT,OUT,0.13118121,0.07526854,0.003569389,0.039650954,0.08697378,0.19749708,0.0052136006,0.46064547
7,7,OUT,OUT,0.28728673,0.064512976,0.009901013,0.023076933,0.07356334,0.123922296,0.0138000045,0.4039366
3,7,HR,OUT,0.15901981,0.041107137,0.0035086023,0.024745021,0.09852536,0.17698689,0.009510886,0.48659632
7,7,OUT,OUT,0.1263795,0.029070053,0.0044621974,0.009226082,0.049062245,0.28674296,0.0045976997,0.4904592
7,7,OUT,OUT,0.17578746,0.0505354,0.0035458198,0.011805712,0.052118596,0.18006893,0.0060962066,0.52004194
7,7,OUT,OUT,0.111800775,0.03381302,0.0032876034,0.017827006,0.048394352,0.23818241,0.011160472,0.5355344
1,7,DOUBLE,OUT,0.16370232,0.03875886,0.005676999,0.020902755,0.055723727,0.12655808,0.008007952,0.5806692
7,7,OUT,OUT,0.17147192,0.050106544,0.0034971933,0.031198502,0.110439435,0.124672316,0.012528288,0.49608582
7,7,OUT,OUT,0.18942384,0.029388366,0.003708955,0.01823511,0.13226384,0.13720265,0.011276461,0.47850075
7,7,OUT,OUT,0.16138698,0.040976603,0.005166086,0.017966742,0.066254005,0.18371919,0.005368272,0.51916206
5,7,SO,OUT,0.17980884,0.03341167,0.00454003,0.016109964,0.05235878,0.2514709,0.006527469,0.4557723
7,7,OUT,OUT,0.15917428,0.03050644,0.0047399513,0.013854768,0.025350738,0.18604669,0.009534253,0.57079285
7,7,OUT,OUT,0.22007526,0.046504803,0.003533871,0.015507559,0.03808145,0.16374719,0.010126009,0.5024239
7,7,OUT,OUT,0.22536904,0.04156949,0.004977206,0.024275947,0.026937813,0.1362832,0.008972224,0.5316151
2,7,TRIPLE,OUT,0.15702748,0.030769508,0.0021481726,0.031101413,0.06385858,0.19493237,0.005556674,0.51460576
0,7,SINGLE,OUT,0.1552549,0.052948758,0.0034337381,0.029069148,0.10599315,0.22125667,0.013611146,0.41843247
5,7,SO,OUT,0.12429335,0.044761073,0.0037535394,0.017905904,0.07082399,0.17162082,0.010702235,0.55613905
5,7,SO,OUT,0.19608799,0.06217003,0.003923854,0.014708006,0.08557285,0.16944307,0.009256256,0.458838
3,7,HR,OUT,0.096260965,0.020899076,0.0033363851,0.010211968,0.055098053,0.3710347,0.0065435856,0.43661532
7,7,OUT,OUT,0.2187827,0.034408998,0.008384948,0.008953704,0.049398202,0.13712697,0.016548274,0.5263962
4,7,BB,OUT,0.12966463,0.03221826,0.0039508366,0.016060986,0.14013998,0.21615066,0.01176375,0.45005098
7,7,OUT,OUT,0.26141262,0.05177808,0.01043292,0.020849705,0.10935738,0.105205685,0.015280158,0.42568344
0,7,SINGLE,OUT,0.16731974,0.0272111,0.0038533912,0.021146622,0.0953218,0.25681964,0.00987528,0.41845244
7,7,OUT,OUT,0.12251504,0.027759707,0.0019252527,0.010698221,0.066253446,0.26385075,0.009608329,0.4973892
7,7,OUT,OUT,0.16698027,0.029078608,0.0030304655,0.01620801,0.10114799,0.19210748,0.0056624576,0.4857847
5,7,SO,OUT,0.12981166,0.029139223,0.0039970553,0.0143562965,0.03472773,0.3097613,0.0082772225,0.4699296
7,7,OUT,OUT,0.11062741,0.022783637,0.0032181826,0.014574936,0.053915877,0.25338462,0.0061686775,0.53532666
4,7,BB,OUT,0.1404107,0.022408789,0.0040263142,0.009266052,0.055104002,0.22751056,0.0036167384,0.53765684
7,7,OUT,OUT,0.17848915,0.021083836,0.0027519842,0.014755744,0.04421109,0.19316846,0.011394876,0.5341448
5,7,SO,OUT,0.1347105,0.025324075,0.0033089102,0.009324429,0.10148673,0.1992549,0.011799009,0.5147914
0,7,SINGLE,OUT,0.1211991,0.037275586,0.0054168873,0.02558148,0.06759809,0.19271854,0.0064810207,0.5437293
5,7,SO,OUT,0.13995406,0.03332486,0.002624193,0.022430385,0.05317157,0.22487427,0.008040632,0.51558
7,7,OUT,OUT,0.14271238,0.017592251,0.0034646532,0.009194937,0.0797583,0.14431456,0.0076978533,0.5952651
7,7,OUT,OUT,0.15405916,0.025498398,0.003243401,0.019900262,0.04955917,0.15171671,0.004634575,0.5913884
7,7,OUT,OUT,0.21499452,0.053683717,0.0044438164,0.01648553,0.13573661,0.12676857,0.012330304,0.43555698
7,7,OUT,OUT,0.1543136,0.04130317,0.0051511116,0.014074803,0.06973146,0.19526958,0.0105350325,0.5096212
0,7,SINGLE,OUT,0.17761023,0.02563073,0.0044578305,0.014412948,0.030915042,0.23630857,0.009526346,0.5011383
5,7,SO,OUT,0.14443602,0.040664077,0.004497696,0.010682264,0.10449868,0.21087945,0.012216227,0.47212562
7,7,OUT,OUT,0.11651631,0.018466553,0.0036042773,0.009608102,0.06144371,0.17521307,0.007286484,0.60786146
7,7,OUT,OUT,0.12880978,0.03160476,0.004136891,0.015712272,0.0793336,0.13485207,0.011031215,0.5945194
4,7,BB,OUT,0.2501943,0.033868194,0.004001396,0.038261637,0.08928201,0.13553242,0.0066124587,0.44224754
0,7,SINGLE,OUT,0.14083374,0.033582617,0.0048294705,0.021993142,0.0536953,0.1113167,0.00551464,0.6282344
7,7,OUT,OUT,0.097806714,0.01786047,0.0037884908,0.008373643,0.04251987,0.19836345,0.008584784,0.6227026
7,7,OUT,OUT,0.122284204,0.027390512,0.0027406318,0.012970835,0.055994548,0.20434162,0.0092777535,0.56499994
0,7,SINGLE,OUT,0.120285906,0.022917902,0.0019214523,0.02290376,0.049057424,0.31915715,0.010732364,0.4530241
0,7,SINGLE,OUT,0.16454431,0.025441986,0.0054124156,0.01078565,0.033280596,0.17019612,0.0063899746,0.58394897
7,7,OUT,OUT,0.18171309,0.041078895,0.005407111,0.020605432,0.06493355,0.14794467,0.011318616,0.52699864
4,7,BB,OUT,0.14573489,0.026575858,0.003272175,0.024510171,0.04594969,0.29772082,0.0077070966,0.4485292
7,7,OUT,OUT,0.10689952,0.028982164,0.0035330283,0.022182465,0.060061906,0.21254149,0.0076920087,0.5581074
7,7,OUT,OUT,0.15438691,0.027103897,0.0053946185,0.016307361,0.08025983,0.17273754,0.0072591486,0.53655064
0,7,SINGLE,OUT,0.15920629,0.027530748,0.0050351894,0.016726322,0.033173293,0.16838071,0.0051805275,0.5847669
2,7,TRIPLE,OUT,0.13756625,0.03468649,0.0028557605,0.03362496,0.12054533,0.17981917,0.007124105,0.483778
5,7,SO,OUT,0.13850996,0.03483907,0.0037126753,0.026292162,0.058984462,0.14326891,0.0064170514,0.5879757
7,7,OUT,OUT,0.13346508,0.030234685,0.0043615107,0.018030515,0.060042325,0.27512273,0.008991272,0.46975186
7,7,OUT,OUT,0.22494017,0.03620718,0.0059774155,0.013568842,0.034512043,0.23229244,0.0142826345,0.4382193
5,7,SO,OUT,0.17550112,0.040388234,0.00440334,0.0145487245,0.046587616,0.2331211,0.008669517,0.4767803
7,7,OUT,OUT,0.14064668,0.033187952,0.0030606687,0.018371746,0.10277692,0.15487961,0.0074631814,0.53961325
7,7,OUT,OUT,0.1869054,0.036591515,0.0033398378,0.051015057,0.11025209,0.20314372,0.0062564327,0.40249595
5,7,SO,OUT,0.15143022,0.03930595,0.0047101844,0.031091817,0.06117216,0.113665,0.005295111,0.59332955
5,7,SO,OUT,0.13639684,0.031499468,0.0042221956,0.012915735,0.054736223,0.2070683,0.0070935744,0.54606766
1,7,DOUBLE,OUT,0.08772147,0.03139389,0.0025189265,0.012854368,0.05772619,0.2526816,0.011456204,0.5436473
0,7,SINGLE,OUT,0.108966954,0.027212258,0.0021508352,0.033280045,0.03937491,0.37702394,0.007990278,0.40400073
0,7,SINGLE,OUT,0.20173828,0.031121228,0.0045044245,0.011171467,0.05262996,0.19745749,0.0062874,0.4950897
5,7,SO,OUT,0.1360253,0.045621447,0.0035624357,0.023894094,0.04664751,0.23593655,0.0072791157,0.50103354
7,7,OUT,OUT,0.22493036,0.04949443,0.0055514495,0.014829489,0.08088862,0.13991717,0.022348521,0.46203992
7,7,OUT,OUT,0.16875571,0.029079625,0.0025708943,0.016879274,0.058441445,0.23196982,0.009265625,0.48303768
4,7,BB,OUT,0.19272745,0.038413934,0.0041329996,0.011136889,0.06094848,0.17743745,0.01097695,0.50422585
7,7,OUT,OUT,0.13742793,0.023400053,0.0037968562,0.013935262,0.018828966,0.22517242,0.005732185,0.5717063
7,7,OUT,OUT,0.14839837,0.033038106,0.0045908233,0.006222364,0.1143391,0.22879419,0.0071081277,0.45750892
1,7,DOUBLE,OUT,0.15559171,0.020439433,0.0045112427,0.008357242,0.03055008,0.18775375,0.00397106,0.5888255
5,7,SO,OUT,0.17601402,0.02387117,0.003879776,0.014675687,0.06894083,0.16427267,0.010272406,0.5380734
0,7,SINGLE,OUT,0.23025742,0.033358287,0.0054392093,0.010151052,0.04749942,0.1520352,0.008245888,0.51301354
5,7,SO,OUT,0.14710364,0.025568852,0.0035438456,0.019492425,0.030007867,0.2693664,0.008704637,0.49621236
5,7,SO,OUT,0.14632495,0.025904685,0.0022406513,0.017420247,0.06688624,0.1346843,0.003883694,0.60265523
7,7,OUT,OUT,0.17802386,0.034811214,0.0032624013,0.025269989,0.04761676,0.1136323,0.0053359964,0.59204745
4,7,BB,OUT,0.2494608,0.064423405,0.0036901413,0.03192357,0.04156951,0.110032536,0.007869876,0.49103004
3,7,HR,OUT,0.19481476,0.045388207,0.003233651,0.030843755,0.048804052,0.090704344,0.01205687,0.5741544
5,7,SO,OUT,0.1435275,0.018825771,0.004719765,0.011328339,0.046848435,0.19022866,0.0049994458,0.57952213
7,7,OUT,OUT,0.17131157,0.048287738,0.00344769,0.02389762,0.055598713,0.22056969,0.009136458,0.46775052
7,7,OUT,OUT,0.15216078,0.033557396,0.0042115296,0.010607132,0.038496904,0.24186063,0.006980229,0.51212543
7,7,OUT,OUT,0.20536266,0.035669282,0.0042127953,0.022251612,0.06928594,0.120302655,0.011205595,0.53170943
7,7,OUT,OUT,0.22955038,0.03326252,0.004872555,0.013859096,0.054375168,0.12012352,0.009007663,0.53494906
5,7,SO,OUT,0.14866313,0.0307769,0.006253341,0.013791979,0.033042733,0.173626,0.0050010723,0.58884484
5,7,SO,OUT,0.15521729,0.02392982,0.0041752914,0.014056946,0.08499745,0.2114686,0.0066883615,0.49946615
7,7,OUT,OUT,0.18806943,0.03985872,0.005901249,0.010879126,0.063994214,0.174924,0.0072781313,0.50909513
5,7,SO,OUT,0.1510827,0.032312825,0.0026710092,0.022148719,0.03270012,0.249403,0.008675365,0.5010063
5,5,SO,SO,0.108630784,0.02385638,0.0023831604,0.013859261,0.061813414,0.42951086,0.004933972,0.3550123
0,7,SINGLE,OUT,0.21589556,0.022961978,0.0048839813,0.004970397,0.07183471,0.19674094,0.0073220013,0.47539034
5,7,SO,OUT,0.22419466,0.019542832,0.0043984097,0.005875625,0.055247474,0.23992485,0.0043508853,0.4464653
1,7,DOUBLE,OUT,0.26163462,0.0701932,0.0111768665,0.036104202,0.07359429,0.15842894,0.0075165243,0.38135147
7,7,OUT,OUT,0.1250141,0.036871966,0.007829728,0.014406663,0.06256303,0.21169418,0.01156686,0.5300535
0,7,SINGLE,OUT,0.15311982,0.063514955,0.008641535,0.014912884,0.107289,0.19339974,0.009284118,0.449838
7,7,OUT,OUT,0.16076428,0.061631657,0.008129969,0.016834462,0.055358082,0.16526294,0.009527045,0.5224915
7,7,OUT,OUT,0.22691119,0.038007848,0.00585877,0.013496494,0.03400433,0.14583062,0.01685446,0.51903623
5,7,SO,OUT,0.20986728,0.033030204,0.0028009661,0.029367035,0.058522627,0.14814343,0.0073564313,0.51091206
4,7,BB,OUT,0.22930494,0.054449856,0.007203152,0.024976086,0.09644746,0.10952137,0.031172832,0.4469243
7,7,OUT,OUT,0.15130477,0.028551769,0.0032050018,0.015164399,0.03242905,0.24562684,0.0052982154,0.5184199
5,7,SO,OUT,0.19949938,0.028329607,0.003576014,0.020869952,0.06879989,0.21481627,0.011844491,0.4522644
1,7,DOUBLE,OUT,0.21269137,0.03640078,0.004732359,0.011364402,0.07301486,0.20382878,0.00524785,0.45271966
5,7,SO,OUT,0.11622721,0.015946092,0.0040042475,0.0064562936,0.062180147,0.21406361,0.0050199833,0.57610244
0,7,SINGLE,OUT,0.11674201,0.01889386,0.002429489,0.012024535,0.053256012,0.33273783,0.008339904,0.4555764
7,7,OUT,OUT,0.21970592,0.02976931,0.0057875183,0.0084414985,0.058330774,0.13234967,0.009099632,0.5365157
4,7,BB,OUT,0.14633866,0.020378571,0.0033810916,0.010921066,0.08330686,0.18002146,0.009951927,0.5457004
0,7,SINGLE,OUT,0.21876466,0.0307909,0.004447047,0.008204742,0.063287914,0.162601,0.009768709,0.50213504
5,7,SO,OUT,0.14380899,0.024313288,0.0026792046,0.0138865365,0.041739725,0.26655808,0.007313283,0.49970096
4,7,BB,OUT,0.10461922,0.023737388,0.0038636236,0.018332072,0.07100332,0.32207006,0.01301842,0.4433559
5,7,SO,OUT,0.20549491,0.012535223,0.0054851,0.012472948,0.104157425,0.13478526,0.011701915,0.5133673
5,7,SO,OUT,0.11685726,0.02225981,0.0046651172,0.017871488,0.049323745,0.27083328,0.0104560405,0.5077332
5,7,SO,OUT,0.12713625,0.02097183,0.0021095383,0.010238379,0.045798495,0.20342442,0.019136844,0.57118416
0,7,SINGLE,OUT,0.12221222,0.025717545,0.0024658174,0.016480153,0.05817108,0.25934923,0.009560286,0.5060437
0,7,SINGLE,OUT,0.19275807,0.03150141,0.0042428817,0.011285534,0.04879592,0.17076746,0.00968935,0.5309594
7,7,OUT,OUT,0.14778227,0.02388019,0.0034827958,0.012562056,0.09384122,0.20151821,0.009202674,0.50773066
7,7,OUT,OUT,0.17662229,0.024639001,0.0044117817,0.011327314,0.050968997,0.1747783,0.0054005096,0.5518518
7,7,OUT,OUT,0.1483618,0.030247398,0.0026567595,0.019271418,0.100963235,0.17259057,0.0074671856,0.5184416
7,7,OUT,OUT,0.18380977,0.03725316,0.003224732,0.01180622,0.10941048,0.13152185,0.0062485193,0.5167253
7,7,OUT,OUT,0.18908401,0.0435574,0.003919195,0.013939892,0.088709444,0.12096171,0.009075331,0.530753
1,7,DOUBLE,OUT,0.1571099,0.03937439,0.0024523337,0.02323131,0.04007682,0.16458274,0.007091429,0.56608105
5,7,SO,OUT,0.14145891,0.031184653,0.0050641643,0.00711351,0.07305713,0.20180403,0.010688558,0.52962905
0,7,SINGLE,OUT,0.15102813,0.016739862,0.003722951,0.008958094,0.03230373,0.14023313,0.004346413,0.6426677
0,7,SINGLE,OUT,0.12880807,0.030654905,0.0032624493,0.013208775,0.052202795,0.3372943,0.006126755,0.4284419
5,7,SO,OUT,0.14308418,0.023612028,0.0027209225,0.015146934,0.037960615,0.27370396,0.007944141,0.4958272
7,7,OUT,OUT,0.16423267,0.05567323,0.0044265413,0.039685376,0.07732644,0.15094241,0.013676851,0.4940364
7,7,OUT,OUT,0.22088405,0.036748536,0.0051063756,0.015678084,0.08034003,0.124426216,0.010381412,0.5064353
5,7,SO,OUT,0.23032959,0.01808812,0.0039381743,0.010736354,0.039197255,0.117173895,0.007627888,0.5729087
5,7,SO,OUT,0.15969908,0.028326452,0.0032423872,0.009596176,0.03566133,0.22606003,0.0072815847,0.53013295
5,7,SO,OUT,0.16917573,0.028891379,0.0037617027,0.009572891,0.03728658,0.207513,0.0049380297,0.5388607
7,7,OUT,OUT,0.15846696,0.02773092,0.00535108,0.01602641,0.07864642,0.23012957,0.00920451,0.4744442
4,7,BB,OUT,0.29057518,0.028341338,0.0057392344,0.010099498,0.05835216,0.16671532,0.00381233,0.4363649
0,7,SINGLE,OUT,0.10184183,0.020518197,0.0027825765,0.03974483,0.08918061,0.1599973,0.006923462,0.5790112
7,7,OUT,OUT,0.12068931,0.06004839,0.0037549862,0.021129958,0.087434836,0.21549147,0.006923197,0.48452783
7,7,OUT,OUT,0.15274005,0.022749195,0.0026388962,0.013125876,0.050029453,0.21829903,0.006161799,0.53425574
5,7,SO,OUT,0.16035733,0.038355898,0.0049661044,0.012572958,0.089812495,0.26183322,0.010806739,0.42129523
7,7,OUT,OUT,0.22939226,0.04374848,0.005101738,0.015952831,0.07755028,0.15680444,0.008893525,0.46255642
1,7,DOUBLE,OUT,0.20521784,0.03986474,0.004776623,0.027664425,0.06685876,0.12719363,0.0065268744,0.5218971
5,7,SO,OUT,0.1687219,0.025573274,0.0036613771,0.023628933,0.055961203,0.14685996,0.0058606486,0.5697327
0,7,SINGLE,OUT,0.20172784,0.045625325,0.0053559095,0.009155191,0.050252303,0.25639206,0.005401637,0.4260898
7,7,OUT,OUT,0.12097576,0.035746247,0.003852617,0.009420909,0.07350562,0.2568907,0.013201759,0.48640633
0,7,SINGLE,OUT,0.13245815,0.026226053,0.002626342,0.016578196,0.057292692,0.270746,0.009331304,0.4847413
4,7,BB,OUT,0.2058139,0.030977748,0.004396488,0.007499089,0.062201254,0.25092807,0.008816524,0.4293669
5,7,SO,OUT,0.20301178,0.035870582,0.006105413,0.0073662484,0.04059468,0.15818065,0.008170846,0.5406998
7,7,OUT,OUT,0.22322527,0.02359552,0.0041093472,0.010874957,0.022438506,0.21666753,0.008498329,0.49059057
5,7,SO,OUT,0.10751901,0.038856458,0.0026139556,0.009519557,0.07465394,0.24475904,0.008991384,0.5130867
4,7,BB,OUT,0.16076219,0.022038292,0.0051368545,0.008469944,0.07092019,0.23240626,0.007209734,0.49305645
0,7,SINGLE,OUT,0.14255786,0.026912646,0.0025394727,0.014725352,0.074662074,0.14904827,0.010330304,0.579224
0,7,SINGLE,OUT,0.16108353,0.030903116,0.0059794458,0.014328852,0.061726052,0.14428672,0.006121933,0.5755704
7,7,OUT,OUT,0.2249418,0.040511526,0.0042785998,0.020716254,0.07307636,0.24867351,0.007753548,0.3800484
7,7,OUT,OUT,0.21549048,0.035754602,0.005146426,0.018983884,0.093072146,0.17123128,0.0068060867,0.45351505
7,7,OUT,OUT,0.2205294,0.033675544,0.0045937086,0.009467447,0.03608518,0.2540494,0.0058187214,0.43578053
5,7,SO,OUT,0.0947241,0.05082029,0.0028724547,0.009266282,0.058550034,0.3420655,0.008646777,0.43305448
7,7,OUT,OUT,0.2299478,0.03685503,0.0031835332,0.015491619,0.06175145,0.19876009,0.010092794,0.4439176
7,7,OUT,OUT,0.19629186,0.039810438,0.0046774163,0.010155612,0.08780268,0.1985898,0.014284217,0.44838798
0,7,SINGLE,OUT,0.21756415,0.048178755,0.0030038655,0.025714431,0.06939374,0.2080503,0.01363371,0.4144611
0,7,SINGLE,OUT,0.23858508,0.030164672,0.005387249,0.010930827,0.05497732,0.20181942,0.008059469,0.45007598
4,7,BB,OUT,0.21449488,0.05235139,0.004457987,0.01639152,0.09702103,0.17815149,0.005470297,0.4316614
5,7,SO,OUT,0.14854401,0.02883945,0.004630549,0.011849597,0.09021179,0.19042392,0.0070049446,0.51849574
4,7,BB,OUT,0.18265373,0.03481005,0.003517935,0.019090503,0.11098106,0.10352318,0.008302169,0.53712136
5,7,SO,OUT,0.107853726,0.043387525,0.0040684864,0.013188488,0.07082147,0.27159375,0.0057159974,0.48337057
0,7,SINGLE,OUT,0.17718,0.040727623,0.002932955,0.035163306,0.08164697,0.07101288,0.0062706443,0.58506554
4,7,BB,OUT,0.14154798,0.0214374,0.0047122003,0.019244066,0.06761697,0.27150548,0.008319023,0.46561694
6,7,HBP,OUT,0.18855514,0.051854536,0.0067163836,0.018055568,0.0886948,0.12492816,0.010675024,0.51052034
7,7,OUT,OUT,0.21177717,0.047303088,0.008265235,0.015066208,0.064980924,0.15459919,0.024364611,0.47364366
0,7,SINGLE,OUT,0.19280902,0.02963329,0.0072656823,0.011872928,0.079388045,0.17919087,0.009559325,0.4902809
4,7,BB,OUT,0.16808061,0.03131333,0.008300792,0.0121406745,0.16046262,0.2004984,0.01599755,0.40320602
7,7,OUT,OUT,0.19641505,0.060960595,0.007883553,0.026221713,0.12508044,0.19007482,0.01808142,0.3752824
0,7,SINGLE,OUT,0.29603416,0.037773315,0.0062642717,0.014202018,0.13778424,0.13742979,0.0069618253,0.36355042
0,7,SINGLE,OUT,0.17231515,0.033176094,0.0077535617,0.011286354,0.04525512,0.21262959,0.0090072425,0.50857687
4,7,BB,OUT,0.20578375,0.025659628,0.007804312,0.01103019,0.084558874,0.2684202,0.011219953,0.3855231
5,7,SO,OUT,0.14357659,0.012078827,0.0072159823,0.009615053,0.06638216,0.24172346,0.013595538,0.50581235
4,7,BB,OUT,0.14831886,0.02471773,0.00464242,0.008173904,0.059602417,0.22184116,0.008955572,0.5237479
5,7,SO,OUT,0.17413701,0.028303485,0.005341501,0.014081412,0.061365504,0.264062,0.01657483,0.43613425
5,7,SO,OUT,0.1628838,0.027655462,0.005127718,0.01065536,0.07771081,0.22714922,0.010375992,0.47844157
4,7,BB,OUT,0.1679751,0.038251076,0.004888747,0.0072045196,0.059038237,0.17771237,0.0044897376,0.54044026
2,7,TRIPLE,OUT,0.19157377,0.063100144,0.006688448,0.0141138965,0.05607846,0.19226824,0.010475085,0.465702
7,7,OUT,OUT,0.16753228,0.028106958,0.0029605762,0.0077653774,0.08592441,0.16291054,0.0045852205,0.5402146
7,7,OUT,OUT,0.20399462,0.050133027,0.0031373906,0.008845784,0.06247002,0.12694891,0.0050953534,0.5393748
0,7,SINGLE,OUT,0.20172462,0.037378807,0.005834802,0.009177961,0.10070807,0.1692119,0.008276708,0.46768716
0,7,SINGLE,OUT,0.21731247,0.049416356,0.0028049373,0.017429462,0.06711025,0.13605587,0.0079028215,0.5019678
0,7,SINGLE,OUT,0.2350916,0.03524801,0.0054374123,0.008510193,0.10919279,0.1631136,0.0068453685,0.43656105
5,7,SO,OUT,0.26216003,0.02063665,0.0077007003,0.00997216,0.0458973,0.15692392,0.0067656003,0.48994356
7,7,OUT,OUT,0.21207406,0.02909048,0.0061078696,0.017051432,0.070476554,0.16310172,0.007535073,0.49456292
7,7,OUT,OUT,0.24563134,0.04077462,0.0070999614,0.026831849,0.09471949,0.1098703,0.0065640802,0.46850833
7,7,OUT,OUT,0.21359347,0.033200867,0.0061612236,0.022173045,0.08418441,0.121054515,0.008492265,0.5111401
7,7,OUT,OUT,0.15711628,0.030250477,0.0059881667,0.006619604,0.07143489,0.26864797,0.004816779,0.45512584
5,7,SO,OUT,0.20782822,0.049606007,0.0101226205,0.008218923,0.054703966,0.15678951,0.008169897,0.50456095
7,7,OUT,OUT,0.20078883,0.025360994,0.010000996,0.0118541,0.046293337,0.19861668,0.01098635,0.4960988
5,7,SO,OUT,0.22926939,0.02482687,0.0029241163,0.023227254,0.09539285,0.1779972,0.016847476,0.42951488
5,7,SO,OUT,0.33830503,0.024822755,0.0031920243,0.031081256,0.09456406,0.08674164,0.015106848,0.40618646
7,7,OUT,OUT,0.28552788,0.036652952,0.0121916095,0.026235804,0.09708713,0.21282235,0.022863485,0.30661875
7,7,OUT,OUT,0.100754164,0.0305825,0.0027519437,0.021751726,0.0463741,0.29442927,0.00994996,0.49340644
7,7,OUT,OUT,0.19564722,0.046413485,0.0043819044,0.021669524,0.05971788,0.109587945,0.007324594,0.55525744
1,7,DOUBLE,OUT,0.17725375,0.037404526,0.005104106,0.026298728,0.100138396,0.10912142,0.008469683,0.5362094
7,7,OUT,OUT,0.16961813,0.03644138,0.004367926,0.013058276,0.122552425,0.29775444,0.010671086,0.34553635
7,7,OUT,OUT,0.17614394,0.032959618,0.0029612486,0.025832862,0.13944332,0.2529544,0.008743989,0.3609606
7,7,OUT,OUT,0.116249435,0.034931857,0.0053926767,0.01648423,0.08363653,0.23147464,0.0077883718,0.5040422
7,7,OUT,OUT,0.1606507,0.024452098,0.003023661,0.011074436,0.0708592,0.1675623,0.004796678,0.5575809
7,7,OUT,OUT,0.18728104,0.041512407,0.0032922216,0.022230444,0.09858089,0.13507067,0.0090542445,0.5029781
7,7,OUT,OUT,0.14008851,0.028220467,0.002052732,0.021105293,0.10100797,0.22101705,0.0053484384,0.48115963
7,7,OUT,OUT,0.06686243,0.015259174,0.0024719627,0.008399712,0.07125812,0.24050069,0.0067625605,0.58848524
7,7,OUT,OUT,0.12711543,0.029704178,0.003314979,0.015532101,0.0882074,0.23401181,0.018120127,0.48399392
4,7,BB,OUT,0.11513099,0.02365415,0.005266095,0.010173157,0.08461794,0.16271457,0.011525499,0.58691764
7,7,OUT,OUT,0.15295705,0.02300937,0.0038333922,0.009359904,0.052560274,0.11319592,0.012017389,0.6330668
0,7,SINGLE,OUT,0.15907718,0.022194201,0.0044666617,0.036279842,0.116226874,0.12841357,0.012979318,0.5203623
0,7,SINGLE,OUT,0.14785716,0.031319655,0.005797157,0.01937486,0.06705797,0.17938788,0.009627295,0.53957796
4,7,BB,OUT,0.21232304,0.022387529,0.003436431,0.010771516,0.05896798,0.075978726,0.003877407,0.6122573
7,7,OUT,OUT,0.09828342,0.022340786,0.0024617473,0.01881818,0.06435327,0.121351086,0.0054468582,0.6669447
7,7,OUT,OUT,0.15074936,0.033369567,0.003373771,0.017918373,0.044981465,0.07787008,0.0067340224,0.66500336
7,7,OUT,OUT,0.1894604,0.034706965,0.0038400185,0.010768001,0.051625345,0.06627506,0.006440002,0.6368842
0,7,SINGLE,OUT,0.12974711,0.025233438,0.004517975,0.01481511,0.047858447,0.15710436,0.0056601968,0.6150634
7,7,OUT,OUT,0.08929921,0.020383969,0.0035112519,0.012396434,0.08592048,0.20267211,0.011424131,0.5743924
4,7,BB,OUT,0.10881852,0.012695814,0.0033485382,0.02055811,0.07744818,0.22980602,0.013720693,0.5336041
7,7,OUT,OUT,0.16883175,0.024688708,0.003786111,0.020934131,0.07311497,0.14617912,0.013146583,0.5493186
7,7,OUT,OUT,0.2131563,0.028880013,0.0033612696,0.03616809,0.12436911,0.11242062,0.007734382,0.47391015
0,7,SINGLE,OUT,0.10725219,0.022545984,0.0045120767,0.013795688,0.0720721,0.116368905,0.0064667505,0.65698624
5,7,SO,OUT,0.122350715,0.018519217,0.0026011488,0.029422052,0.058953803,0.36223117,0.0060448535,0.39987704
7,7,OUT,OUT,0.20000197,0.038669802,0.0045810835,0.011027921,0.056532066,0.20124361,0.004856429,0.48308706
5,7,SO,OUT,0.14284821,0.034335293,0.007432813,0.023449114,0.05446467,0.20949924,0.010513178,0.5174574
5,7,SO,OUT,0.15844828,0.029830607,0.005563145,0.017528005,0.057361566,0.17380741,0.008697236,0.5487638
7,7,OUT,OUT,0.16089979,0.038666446,0.0048765177,0.02124701,0.038620226,0.11798315,0.009103187,0.6086037
7,7,OUT,OUT,0.1748883,0.032648314,0.0055899895,0.010555646,0.07649938,0.21933609,0.007898399,0.47258383
0,7,SINGLE,OUT,0.27932185,0.06371681,0.004094282,0.018128036,0.07549847,0.09586825,0.00541444,0.45795795
7,7,OUT,OUT,0.1699033,0.056731667,0.0045895856,0.029195916,0.12896426,0.20380786,0.01395654,0.39285085
4,7,BB,OUT,0.2235389,0.06231185,0.009851677,0.013844099,0.13668472,0.15505846,0.0110063935,0.38770396
0,7,SINGLE,OUT,0.2772409,0.044073842,0.004789749,0.02181868,0.0834289,0.15715535,0.008367876,0.40312466
7,7,OUT,OUT,0.2480298,0.029604338,0.0061072144,0.023783185,0.106119,0.13257408,0.006646743,0.44713563
7,7,OUT,OUT,0.23010115,0.041251745,0.0051202597,0.00999341,0.043360945,0.22257634,0.006557696,0.44103846
5,7,SO,OUT,0.14710926,0.030186355,0.0032300523,0.009742182,0.03721162,0.29779994,0.0068444638,0.46787608
7,7,OUT,OUT,0.22097535,0.038068797,0.007432101,0.00845131,0.052403115,0.19484976,0.007312831,0.47050673
7,7,OUT,OUT,0.18930948,0.025567124,0.0047257226,0.014237163,0.027586935,0.19739142,0.008725912,0.5324562
0,7,SINGLE,OUT,0.21990688,0.042477522,0.0061389985,0.016935442,0.07004772,0.17211092,0.005286604,0.4670959
0,7,SINGLE,OUT,0.2589919,0.047494184,0.004856336,0.009483598,0.06715419,0.15576944,0.0072177793,0.44903255
7,7,OUT,OUT,0.20406194,0.058142338,0.0042348015,0.012920709,0.07087091,0.070455745,0.011715838,0.56759775
1,7,DOUBLE,OUT,0.18618496,0.049683075,0.0036777137,0.017342122,0.06002482,0.0469785,0.008500583,0.62760836
5,7,SO,OUT,0.15680929,0.04569095,0.0024371678,0.014739095,0.06751489,0.10375915,0.014587837,0.5944616
0,7,SINGLE,OUT,0.13042873,0.0553111,0.0036593948,0.02791832,0.04797872,0.110625796,0.009202078,0.61487585
7,7,OUT,OUT,0.11209946,0.04892923,0.0028165889,0.024293069,0.06512268,0.10033498,0.01745773,0.62894624
7,7,OUT,OUT,0.26179805,0.044316195,0.0019387482,0.016494295,0.0742273,0.0867675,0.008133524,0.50632435
0,7,SINGLE,OUT,0.16736801,0.034046073,0.004027414,0.023928752,0.099809036,0.18947747,0.005957448,0.47538567
7,7,OUT,OUT,0.15922312,0.052196376,0.0032761882,0.012957995,0.076546974,0.23998035,0.00932919,0.44648972
0,7,SINGLE,OUT,0.17075306,0.033153176,0.0039359364,0.015049366,0.04151224,0.20571123,0.0076909773,0.522194
7,7,OUT,OUT,0.19622989,0.0557739,0.004449092,0.016505793,0.054326788,0.21147832,0.012908569,0.44832772
0,7,SINGLE,OUT,0.17585635,0.046790104,0.0053946474,0.026320148,0.05215596,0.24150735,0.015753202,0.4362222
7,7,OUT,OUT,0.13962762,0.028396476,0.0026239215,0.01889946,0.06739153,0.12460666,0.013842188,0.60461205
7,7,OUT,OUT,0.15194601,0.03694724,0.002216403,0.014543868,0.08119508,0.055659626,0.00786348,0.64962834
0,7,SINGLE,OUT,0.14823239,0.05150817,0.002101693,0.021932427,0.076460555,0.07416096,0.011156208,0.6144476
7,7,OUT,OUT,0.24455789,0.051717278,0.0021039215,0.021930454,0.06569616,0.10739706,0.009668994,0.4969282
0,7,SINGLE,OUT,0.16964085,0.03341072,0.004215133,0.028041998,0.071170375,0.122129336,0.008552981,0.5628387
5,7,SO,OUT,0.19996792,0.025251405,0.004838738,0.010438839,0.0444071,0.2307041,0.008688706,0.47570312
7,7,OUT,OUT,0.21388155,0.03308563,0.005938071,0.009207505,0.04084938,0.18823338,0.00744759,0.50135696
7,7,OUT,OUT,0.20840251,0.0241798,0.0037823783,0.013872114,0.02756554,0.18968987,0.008950166,0.5235576
7,7,OUT,OUT,0.13139865,0.029471058,0.004194936,0.010778193,0.114439644,0.2210869,0.009403075,0.47922754
0,7,SINGLE,OUT,0.15852031,0.038234968,0.0028538601,0.016235359,0.0865676,0.28711492,0.0110097835,0.3994632
2,7,TRIPLE,OUT,0.09995551,0.0219555,0.0017975972,0.014087918,0.031772092,0.3992179,0.0071249264,0.42408854
4,7,BB,OUT,0.17793322,0.037646275,0.011268949,0.0061719427,0.06003836,0.17029205,0.0039016397,0.53274757
7,7,OUT,OUT,0.109921105,0.030061921,0.0037553327,0.012200229,0.059871867,0.31283006,0.01015052,0.4612089
7,7,OUT,OUT,0.13718657,0.031390436,0.004107495,0.01781709,0.07120245,0.24459243,0.020780234,0.47292334
5,7,SO,OUT,0.110738166,0.016841762,0.0063203606,0.0095573105,0.06992168,0.28523427,0.008603276,0.49278325
7,7,OUT,OUT,0.08674148,0.038668133,0.002254093,0.01941115,0.07918049,0.24793822,0.0070304074,0.518776
7,7,OUT,OUT,0.15994374,0.054000154,0.0044246074,0.021820916,0.10391623,0.15206622,0.0112082455,0.49261993
7,7,OUT,OUT,0.14572926,0.044758927,0.003004243,0.045687925,0.15181872,0.24910142,0.0063592517,0.35354018
0,7,SINGLE,OUT,0.07724702,0.032089297,0.0033122832,0.013933501,0.06093064,0.29522997,0.0052810363,0.5119762
5,7,SO,OUT,0.12095854,0.022474324,0.003445593,0.012770982,0.09700551,0.21068491,0.014372409,0.51828766
7,7,OUT,OUT,0.17871653,0.023965657,0.00565716,0.015022611,0.13606428,0.108418,0.017086044,0.51506966
7,7,OUT,OUT,0.18059148,0.0284102,0.008675665,0.016817123,0.07567091,0.21863417,0.027473284,0.44372723
0,7,SINGLE,OUT,0.20150213,0.0277742,0.0056846016,0.034019932,0.08331896,0.23096168,0.01522507,0.40151334
4,7,BB,OUT,0.14207974,0.04042589,0.003458667,0.03365374,0.10076998,0.1410011,0.009495651,0.52911526
1,7,DOUBLE,OUT,0.23192953,0.04444208,0.0026587097,0.02908956,0.07170685,0.13276857,0.007369457,0.48003525
7,7,OUT,OUT,0.14070532,0.03711333,0.0037395568,0.012216941,0.09517967,0.15694271,0.0077642533,0.5463382
7,7,OUT,OUT,0.21059991,0.024600746,0.003789345,0.016798444,0.07678004,0.14379373,0.012144699,0.5114931
7,7,OUT,OUT,0.22745296,0.034726612,0.008774185,0.015085271,0.088135496,0.115845926,0.008270971,0.50170857
0,7,SINGLE,OUT,0.16314055,0.029610394,0.003159719,0.043298703,0.047912657,0.23820621,0.008088024,0.46658382
4,7,BB,OUT,0.2706604,0.050195254,0.0066583133,0.013250507,0.07394365,0.16237757,0.0095846495,0.41332966
7,7,OUT,OUT,0.19704553,0.032431416,0.004432634,0.014579208,0.13413997,0.12353678,0.011417635,0.48241687
7,7,OUT,OUT,0.17788574,0.035870668,0.0048958436,0.022789305,0.11264816,0.27978757,0.012685949,0.3534369
7,7,OUT,OUT,0.16306114,0.023855343,0.006783093,0.008872854,0.10740115,0.14489798,0.00802013,0.5371083
5,7,SO,OUT,0.08797752,0.023754057,0.0018383373,0.013912683,0.08592261,0.23074816,0.01275197,0.5430947
7,7,OUT,OUT,0.15623564,0.029350135,0.0032118503,0.0128345275,0.08750943,0.13888922,0.013209089,0.5587601
4,7,BB,OUT,0.1330907,0.02949803,0.002752226,0.041635048,0.08260873,0.29503074,0.011321306,0.4040633
7,7,OUT,OUT,0.2060071,0.027318912,0.004002817,0.025866756,0.07844727,0.24909583,0.01802737,0.39123392
0,7,SINGLE,OUT,0.14503255,0.025633529,0.005307117,0.008311975,0.052137133,0.09600783,0.007082722,0.6604871
5,7,SO,OUT,0.12059597,0.03560629,0.00323277,0.014865368,0.08502598,0.25738242,0.009081476,0.47420973
7,7,OUT,OUT,0.16857688,0.031918373,0.005450749,0.03109278,0.059857897,0.22561617,0.008076823,0.4694103
0,7,SINGLE,OUT,0.15240039,0.03144308,0.0046883104,0.014481718,0.052510586,0.17410564,0.008836374,0.5615338
7,7,OUT,OUT,0.18506123,0.033303253,0.008264471,0.012092826,0.04891521,0.19164479,0.0076864045,0.51303184
7,7,OUT,OUT,0.18001302,0.037551425,0.0065213377,0.018725403,0.095329046,0.16197799,0.012989275,0.48689258
7,7,OUT,OUT,0.12629989,0.031648997,0.0043044193,0.01839926,0.04929794,0.19599971,0.010454205,0.56359565
7,7,OUT,OUT,0.07067309,0.041000377,0.0018424396,0.02500472,0.054217048,0.30578974,0.0033245676,0.49814805
7,7,OUT,OUT,0.13170733,0.014616193,0.0030828242,0.011345923,0.033726893,0.28181076,0.0041510924,0.519559
0,7,SINGLE,OUT,0.13472027,0.024468761,0.004426199,0.031170294,0.036681358,0.23999144,0.0069967587,0.52154493
7,7,OUT,OUT,0.17818487,0.02388114,0.0041746637,0.014406752,0.06463568,0.2221986,0.0059629814,0.4865554
7,7,OUT,OUT,0.12913306,0.020794546,0.004076931,0.01687503,0.041147973,0.20903681,0.0049913037,0.5739444
4,7,BB,OUT,0.11695372,0.05454592,0.005948543,0.01900199,0.026035784,0.29744175,0.004463676,0.47560853
7,7,OUT,OUT,0.11039221,0.038903434,0.003988102,0.010895801,0.03362106,0.13309307,0.009233143,0.6598731
0,7,SINGLE,OUT,0.06959767,0.037010323,0.0051675746,0.007801105,0.05071119,0.31260318,0.0058660507,0.5112429
7,7,OUT,OUT,0.13005653,0.042341895,0.0046701413,0.009752119,0.04946942,0.11027574,0.010662218,0.6427719
4,7,BB,OUT,0.14162321,0.051785342,0.0054036286,0.020708162,0.048928488,0.12640697,0.008082483,0.59706175
7,7,OUT,OUT,0.20035532,0.048562314,0.0058753556,0.014984192,0.047439624,0.13436307,0.011610491,0.53680956
4,7,BB,OUT,0.13366579,0.055273388,0.0022288058,0.02371552,0.060655292,0.18966499,0.013681094,0.52111506
7,7,OUT,OUT,0.12928492,0.03228988,0.002613328,0.014320683,0.04621045,0.18530047,0.007905442,0.58207476
0,7,SINGLE,OUT,0.13851678,0.025618015,0.0034407561,0.027168168,0.057220574,0.23516254,0.005845599,0.50702757
7,7,OUT,OUT,0.17792976,0.018741975,0.008998151,0.015157784,0.048853226,0.1262866,0.005067534,0.598965
0,7,SINGLE,OUT,0.22436209,0.03280263,0.0049487296,0.017640531,0.094632156,0.17315383,0.0044667576,0.4479934
7,7,OUT,OUT,0.16236089,0.038295396,0.0033624747,0.020690333,0.055277,0.15023443,0.005668451,0.564111
7,7,OUT,OUT,0.12163393,0.05655816,0.0036527773,0.016577326,0.038574047,0.21445979,0.0105297,0.5380143
0,7,SINGLE,OUT,0.0792479,0.042090632,0.0020732044,0.023501335,0.05615221,0.29353213,0.0054364493,0.49796614
5,7,SO,OUT,0.17273341,0.059580583,0.0041195587,0.01777391,0.042978536,0.10519982,0.0101777315,0.58743644
4,7,BB,OUT,0.12635452,0.055577975,0.0031036166,0.025380958,0.052386638,0.18747172,0.011643958,0.53808063
7,5,OUT,SO,0.085469246,0.024735348,0.003909839,0.01906605,0.103788845,0.4018067,0.0042937663,0.35693023
5,5,SO,SO,0.12393057,0.023890795,0.0036475519,0.01582775,0.0546035,0.39957199,0.010698332,0.3678295
7,7,OUT,OUT,0.13724552,0.028957454,0.0067337295,0.007543775,0.049535416,0.15200238,0.005342361,0.61263937
7,5,OUT,SO,0.07985674,0.016659485,0.002977107,0.021536855,0.058396783,0.43457833,0.008986669,0.3770081
7,7,OUT,OUT,0.15067123,0.04540627,0.0024419962,0.027810706,0.09116895,0.21265788,0.009722608,0.46012032
0,7,SINGLE,OUT,0.202157,0.05520881,0.0060751154,0.029970929,0.06886585,0.13527675,0.006776489,0.49566913
0,7,SINGLE,OUT,0.1850469,0.030020365,0.003324855,0.01248245,0.10026332,0.24471705,0.0053452156,0.41879985
5,7,SO,OUT,0.15295048,0.03944607,0.0044432175,0.01772778,0.11188709,0.29099593,0.011469599,0.3710798
1,7,DOUBLE,OUT,0.17527583,0.056456696,0.0040772357,0.025832346,0.12514141,0.16849908,0.008324822,0.43639255
6,7,HBP,OUT,0.14312002,0.058666717,0.0034505227,0.032951616,0.12283466,0.15301108,0.0091750445,0.47679037
3,7,HR,OUT,0.18396333,0.04589397,0.003286076,0.010682962,0.14920564,0.1342669,0.011258117,0.46144304
5,7,SO,OUT,0.14879161,0.0716875,0.0056073894,0.021732291,0.115982555,0.2679484,0.019277742,0.34897256
1,7,DOUBLE,OUT,0.1744123,0.02719751,0.0057482547,0.013749761,0.06081814,0.2013334,0.011101617,0.505639
5,7,SO,OUT,0.14467156,0.04360669,0.0024535302,0.03946321,0.117602035,0.2830811,0.007364418,0.3617574
7,7,OUT,OUT,0.18499224,0.03303763,0.003846925,0.0480026,0.0896772,0.18976781,0.009658578,0.44101703
7,7,OUT,OUT,0.19960724,0.032969527,0.003972182,0.014704743,0.04756684,0.09308773,0.008219418,0.5998723
5,7,SO,OUT,0.10670531,0.04421349,0.0072582667,0.013205126,0.034508836,0.32695016,0.0060255523,0.46113327
7,7,OUT,OUT,0.1889769,0.034168478,0.0045214472,0.013982557,0.05901742,0.15016998,0.007930136,0.5412331
7,7,OUT,OUT,0.17404054,0.02657724,0.004628812,0.021390961,0.05492252,0.18011591,0.00671826,0.53160566
5,7,SO,OUT,0.13719916,0.034843154,0.0039445353,0.015671002,0.039913524,0.24554487,0.0071467566,0.515737
7,7,OUT,OUT,0.1470172,0.04373335,0.0042289356,0.017917424,0.08457993,0.13396232,0.006577904,0.5619829
7,7,OUT,OUT,0.17605405,0.04158494,0.002993829,0.032181732,0.058274228,0.13924928,0.007044587,0.5426173
7,7,OUT,OUT,0.14059813,0.03406922,0.0030288561,0.024606632,0.06514895,0.23950194,0.0073718866,0.4856744
7,5,OUT,SO,0.13475278,0.037603952,0.0039128885,0.044099055,0.08821859,0.35345283,0.0131774945,0.32478237
7,7,OUT,OUT,0.13956136,0.03693276,0.0026705517,0.04417254,0.08104888,0.19229768,0.010212834,0.4931034
7,7,OUT,OUT,0.107349984,0.036878,0.0031539362,0.022669729,0.05607217,0.2046623,0.0124210445,0.55679286
1,7,DOUBLE,OUT,0.11534589,0.04459868,0.0017305171,0.015208014,0.0646305,0.14764914,0.007696609,0.60314065
7,7,OUT,OUT,0.22097151,0.035087187,0.0033270945,0.017357761,0.07471521,0.10616822,0.008185229,0.5341878
0,7,SINGLE,OUT,0.16496985,0.057215273,0.0029225317,0.037832778,0.12098956,0.20513323,0.014086569,0.39685014
7,7,OUT,OUT,0.18056223,0.05918136,0.0048732036,0.031304482,0.11477804,0.09207861,0.018636608,0.49858555
0,7,SINGLE,OUT,0.24079774,0.058086187,0.007479951,0.017581556,0.046631075,0.077624686,0.013859088,0.5379397
0,7,SINGLE,OUT,0.1595778,0.039716687,0.0025581894,0.020935532,0.05211195,0.07514403,0.006552788,0.643403
7,7,OUT,OUT,0.15115984,0.045808084,0.0033253483,0.016406547,0.08286945,0.19374214,0.0068711173,0.4998175
5,7,SO,OUT,0.1256446,0.044804204,0.008021277,0.04149289,0.112613626,0.28785762,0.013236149,0.36632964
7,7,OUT,OUT,0.15648113,0.031334456,0.006679416,0.016044402,0.051916674,0.20993036,0.0070076496,0.5206059
7,7,OUT,OUT,0.24381739,0.031465314,0.010358684,0.015017185,0.058622967,0.16561535,0.0099729495,0.46513012
0,7,SINGLE,OUT,0.13830064,0.047768727,0.0028120913,0.045877893,0.091780856,0.24371037,0.009140177,0.42060924
7,7,OUT,OUT,0.19600092,0.036407985,0.0025912584,0.019439083,0.117365696,0.11829649,0.005304003,0.5045946
7,7,OUT,OUT,0.16838403,0.04063486,0.0035498957,0.020912422,0.09067456,0.13656923,0.009235294,0.5300398
7,7,OUT,OUT,0.14611802,0.035591777,0.0022614466,0.018777298,0.04216563,0.13262989,0.0060373116,0.6164186
7,7,OUT,OUT,0.19640899,0.03687581,0.0028939764,0.020162007,0.094558604,0.08029622,0.0043149823,0.5644894
5,7,SO,OUT,0.14453325,0.0288179,0.003006979,0.028709443,0.10178948,0.18890415,0.009518763,0.49471995
7,7,OUT,OUT,0.12695335,0.046158418,0.003974494,0.027429856,0.08686455,0.19485328,0.009138447,0.5046275
7,7,OUT,OUT,0.115557395,0.02356779,0.003291962,0.04077211,0.09675626,0.20474295,0.011213376,0.5040981
5,7,SO,OUT,0.15437087,0.028286682,0.0039499714,0.018105151,0.11391559,0.25963622,0.017683933,0.40405163
5,5,SO,SO,0.17021406,0.03489681,0.003933684,0.024134403,0.09851498,0.36814597,0.019200023,0.28096002
5,7,SO,OUT,0.18158364,0.02029917,0.0071229036,0.011994548,0.06757799,0.15922675,0.005447774,0.5467472
7,7,OUT,OUT,0.14090379,0.03267028,0.0043053944,0.020340314,0.059306897,0.25324678,0.0126239015,0.4766026
5,7,SO,OUT,0.18105994,0.048191655,0.003274274,0.025043784,0.08914606,0.18961519,0.009004035,0.45466512
5,7,SO,OUT,0.22421534,0.027524067,0.0043576164,0.021332461,0.08215779,0.13776022,0.0049384455,0.49771404
7,7,OUT,OUT,0.12966818,0.03713936,0.0051905415,0.009221959,0.07482813,0.17639413,0.008403943,0.55915374
1,7,DOUBLE,OUT,0.190054,0.034345873,0.003728988,0.015032082,0.09197902,0.118236214,0.01004421,0.5365796
0,7,SINGLE,OUT,0.13505732,0.03201264,0.0033149319,0.022111684,0.07595777,0.18733986,0.007424674,0.5367812
0,7,SINGLE,OUT,0.12576713,0.053715926,0.0030811974,0.023008626,0.057250995,0.1799093,0.012618375,0.54464847
7,7,OUT,OUT,0.13098365,0.036029577,0.0025416,0.034327567,0.08641413,0.27196762,0.010667108,0.42706874
0,7,SINGLE,OUT,0.19026357,0.035669558,0.0020814375,0.018332398,0.08791159,0.13979846,0.0072421273,0.5187009
5,5,SO,SO,0.09512708,0.039295714,0.0023811813,0.0497558,0.114866,0.35180205,0.009471265,0.3373009
5,7,SO,OUT,0.10570999,0.033891093,0.0046480983,0.01747694,0.043110646,0.34132606,0.011315159,0.44252205
7,7,OUT,OUT,0.1326639,0.027745264,0.0064503537,0.014102195,0.050600767,0.13685855,0.007725081,0.6238538
5,7,SO,OUT,0.1749633,0.034032166,0.0036277338,0.024870556,0.044341486,0.15465237,0.013088063,0.55042434
5,7,SO,OUT,0.19411002,0.030127099,0.005445374,0.015027943,0.06979271,0.1384498,0.0074001662,0.53964686
5,7,SO,OUT,0.18045494,0.060878467,0.005972786,0.040960267,0.06981497,0.21516761,0.010152135,0.41659883
0,7,SINGLE,OUT,0.19337943,0.03359563,0.0061249617,0.018347928,0.06657065,0.1286181,0.006217976,0.54714537
0,7,SINGLE,OUT,0.21336357,0.047184236,0.003853929,0.026269872,0.08029873,0.09863043,0.007729385,0.5226698
3,7,HR,OUT,0.20138705,0.035293434,0.005559901,0.0095788,0.06591495,0.10009648,0.010193667,0.57197577
7,7,OUT,OUT,0.111261964,0.024111953,0.002785349,0.020492455,0.049015876,0.20727272,0.011920765,0.57313895
5,7,SO,OUT,0.16970985,0.045446564,0.0014182045,0.025516763,0.091031335,0.11305995,0.006082341,0.54773504
0,7,SINGLE,OUT,0.2354098,0.033689965,0.0029335574,0.020009855,0.076773316,0.12200867,0.0054651103,0.50370973
7,7,OUT,OUT,0.19517225,0.071501344,0.0037656068,0.038129497,0.076056905,0.111667186,0.00918468,0.4945225
7,7,OUT,OUT,0.12810084,0.039345883,0.0035017433,0.013792575,0.046207782,0.14826393,0.0090344995,0.61175275
7,7,OUT,OUT,0.21698046,0.025633788,0.008522246,0.009768833,0.07806674,0.1550139,0.011265083,0.4947489
5,7,SO,OUT,0.20546757,0.026970627,0.0047350544,0.015318394,0.12269946,0.1703703,0.004392605,0.450046
0,7,SINGLE,OUT,0.18825372,0.030924225,0.006147875,0.006481682,0.048862796,0.1155024,0.0059471545,0.5978801
7,7,OUT,OUT,0.14711435,0.017902145,0.0019282058,0.007492122,0.024757572,0.25054806,0.0038399738,0.5464175
0,7,SINGLE,OUT,0.16935436,0.022186913,0.0057541775,0.015126099,0.038111538,0.22842464,0.009221182,0.5118211
7,7,OUT,OUT,0.17251848,0.05308007,0.004209228,0.0129637895,0.08707523,0.18748626,0.008518836,0.47414804
5,7,SO,OUT,0.15894705,0.024511509,0.0024254813,0.018777398,0.03731991,0.22333689,0.0042947377,0.53038704
5,7,SO,OUT,0.16117114,0.019768285,0.004158025,0.009043536,0.03227928,0.2905707,0.0068974704,0.4761116
5,7,SO,OUT,0.15195972,0.030499619,0.003434998,0.0088263275,0.042305708,0.15809494,0.0037251646,0.6011535
7,7,OUT,OUT,0.1310704,0.02820925,0.003825156,0.011629303,0.048744887,0.17907222,0.005503027,0.59194577
7,7,OUT,OUT,0.12261858,0.026086122,0.0023366306,0.020112177,0.048653603,0.2496774,0.0091907075,0.5213248
7,7,OUT,OUT,0.17166957,0.043723837,0.0021006197,0.026680417,0.0875717,0.20359889,0.0056185564,0.45903638
0,7,SINGLE,OUT,0.1873804,0.04991294,0.0043727118,0.02006068,0.05021258,0.19255242,0.011758107,0.48375022
7,7,OUT,OUT,0.1590216,0.02842073,0.003976587,0.008376507,0.03551354,0.16613254,0.009173493,0.5893851
5,7,SO,OUT,0.118633114,0.038367085,0.0023158423,0.025168002,0.0777279,0.30402714,0.015222221,0.41853866
7,7,OUT,OUT,0.15898868,0.027203187,0.0040035727,0.010796022,0.052494396,0.1549698,0.0072279433,0.5843164
7,7,OUT,OUT,0.17237459,0.01758114,0.0031431252,0.010046817,0.026958058,0.2152756,0.007695262,0.5469254
0,7,SINGLE,OUT,0.21064022,0.041174795,0.003612472,0.009246623,0.020976968,0.15595865,0.0037963411,0.554594
7,7,OUT,OUT,0.1289306,0.032488067,0.0046649305,0.019745547,0.028979765,0.27250686,0.00704545,0.5056387
0,7,SINGLE,OUT,0.18634829,0.052639216,0.0025990962,0.01567124,0.07154632,0.20946227,0.006370808,0.4553628
7,7,OUT,OUT,0.18924722,0.030780144,0.0020171653,0.018657465,0.04808749,0.259005,0.005279545,0.4469259
7,7,OUT,OUT,0.2472513,0.032083645,0.0040007783,0.0135703115,0.041919984,0.1630821,0.00518769,0.4929043
5,7,SO,OUT,0.13268884,0.026264083,0.004046647,0.009381763,0.023422379,0.3503101,0.0057695494,0.44811657
7,7,OUT,OUT,0.19845505,0.031002298,0.0034863602,0.015282963,0.024996325,0.19249243,0.010194207,0.5240904
7,7,OUT,OUT,0.21124539,0.021718504,0.004369952,0.008471082,0.057427764,0.12562974,0.0045213797,0.5666162
5,7,SO,OUT,0.11611362,0.05767917,0.0016278462,0.016416833,0.08538108,0.19340503,0.01311004,0.51626635
7,7,OUT,OUT,0.16883747,0.039303012,0.0025065024,0.01786255,0.08297211,0.21213812,0.006506819,0.46987337
7,7,OUT,OUT,0.23047757,0.034976557,0.005230089,0.02009796,0.08210621,0.13868776,0.019112306,0.46931157
0,7,SINGLE,OUT,0.24517761,0.036635675,0.0052027847,0.010415376,0.03818832,0.09393122,0.008409727,0.5620393
7,7,OUT,OUT,0.17202076,0.038856808,0.008599402,0.01912356,0.03644256,0.21512681,0.0126523925,0.49717766
0,7,SINGLE,OUT,0.19576159,0.026138315,0.0044517843,0.011418483,0.040915392,0.13501984,0.007595672,0.57869893
7,7,OUT,OUT,0.17089859,0.0331821,0.0052448837,0.011336802,0.041405443,0.22905539,0.009949828,0.49892703
7,7,OUT,OUT,0.24758416,0.020841489,0.0041797413,0.009008876,0.049705707,0.13436168,0.008351334,0.52596694
7,7,OUT,OUT,0.20387153,0.024171116,0.0044670673,0.014291746,0.049730204,0.21770544,0.016323071,0.46943983
5,7,SO,OUT,0.19484685,0.046137568,0.008075089,0.008445947,0.06379299,0.11604832,0.019702723,0.5429505
7,7,OUT,OUT,0.27097654,0.034235753,0.0050154612,0.012712848,0.09832975,0.17926542,0.0068548485,0.3926093
0,7,SINGLE,OUT,0.20427503,0.023498418,0.004736861,0.013170499,0.07438088,0.22141813,0.007219245,0.4513008
7,7,OUT,OUT,0.16157377,0.02900241,0.006436362,0.0124739865,0.05072632,0.18678126,0.014091516,0.5389144
7,7,OUT,OUT,0.22495756,0.025654683,0.006202807,0.0045640315,0.068504006,0.11730329,0.009430032,0.5433836
0,7,SINGLE,OUT,0.1714449,0.020856783,0.0057701436,0.0076214867,0.035025757,0.17362022,0.014170949,0.57148975
0,7,SINGLE,OUT,0.1654945,0.025090527,0.0072376514,0.004822575,0.072767586,0.13541904,0.004567619,0.58460057
5,7,SO,OUT,0.12307123,0.04467915,0.0032702978,0.00968657,0.09562385,0.22765122,0.008732608,0.48728505
7,7,OUT,OUT,0.18269671,0.04289477,0.0027580024,0.02016868,0.11781498,0.2431869,0.005664699,0.38481528
1,7,DOUBLE,OUT,0.1681484,0.038694665,0.0034803716,0.017016886,0.078516774,0.1776931,0.00810092,0.5083488
7,7,OUT,OUT,0.18395248,0.024736904,0.003763687,0.010355081,0.056233585,0.12820797,0.0071305064,0.5856198
5,7,SO,OUT,0.12806596,0.040005233,0.0045682704,0.013846301,0.06598094,0.2583156,0.008471539,0.48074615
5,7,SO,OUT,0.18196204,0.018858634,0.0038629211,0.011669604,0.043175492,0.32041812,0.0067457748,0.41330746
5,7,SO,OUT,0.1303865,0.02790541,0.0027014588,0.011819315,0.031715587,0.21889631,0.006363744,0.5702117
0,7,SINGLE,OUT,0.22509643,0.05580029,0.0027250315,0.020203551,0.04691545,0.19852483,0.007864405,0.4428701
7,7,OUT,OUT,0.14512223,0.02535467,0.0032656444,0.014967466,0.020025011,0.26383337,0.0048888805,0.5225427
7,7,OUT,OUT,0.18130293,0.050090354,0.0033290542,0.017114822,0.07530804,0.13551964,0.0077576307,0.5295775
0,7,SINGLE,OUT,0.15521906,0.03780407,0.002599313,0.022071274,0.05371899,0.23358165,0.0068812934,0.48812434
7,7,OUT,OUT,0.23811375,0.032926332,0.00475003,0.011156742,0.076015085,0.1279089,0.0068009933,0.5023282
5,7,SO,OUT,0.17302778,0.0356433,0.0028380184,0.008383348,0.05576321,0.21427798,0.010656535,0.49940982
7,7,OUT,OUT,0.1516717,0.043859955,0.0019063861,0.015876208,0.11957929,0.21373212,0.01242973,0.4409446
7,7,OUT,OUT,0.11537863,0.029532056,0.0042076954,0.0067686443,0.036942154,0.14307158,0.0045278077,0.6595714
7,7,OUT,OUT,0.12574643,0.030768152,0.0031240885,0.011634261,0.09178278,0.19571315,0.009923515,0.5313076
0,7,SINGLE,OUT,0.120016076,0.03724036,0.0019824114,0.022906445,0.06987799,0.25585926,0.0048255753,0.48729193
0,7,SINGLE,OUT,0.16523339,0.022430308,0.0052045416,0.017463923,0.057226695,0.21471189,0.009342521,0.50838673
7,7,OUT,OUT,0.23541598,0.039376833,0.004009868,0.007534959,0.05016734,0.12145507,0.009215233,0.5328248
7,7,OUT,OUT,0.1621969,0.035087638,0.0038802421,0.027106546,0.057078853,0.16653514,0.005788468,0.54232615
5,7,SO,OUT,0.12796478,0.019729806,0.003009582,0.0076514753,0.026310882,0.24207439,0.0078667775,0.5653923
5,7,SO,OUT,0.09867084,0.022894843,0.0039852923,0.0069086147,0.023184638,0.3356705,0.0070387097,0.5016466
0,7,SINGLE,OUT,0.17905799,0.055423338,0.0034675647,0.013519281,0.046825398,0.15397252,0.012698545,0.5350354
0,7,SINGLE,OUT,0.188648,0.034256395,0.0044864262,0.012273144,0.059189927,0.2495041,0.010300583,0.4413414
4,7,BB,OUT,0.2690673,0.04239671,0.00995421,0.010798602,0.06601014,0.1414526,0.0073579326,0.45296255
7,7,OUT,OUT,0.147981,0.025414014,0.0043724435,0.011609032,0.1091987,0.25311646,0.007852948,0.44045547
7,7,OUT,OUT,0.13255727,0.046674695,0.003278924,0.020672489,0.103706986,0.2814072,0.007332543,0.4043698
0,7,SINGLE,OUT,0.23851871,0.049799375,0.0087285675,0.010284752,0.10124737,0.17232987,0.016590158,0.40250114
7,7,OUT,OUT,0.15748453,0.044743333,0.004284253,0.012171337,0.082290255,0.20851971,0.017503679,0.4730029
5,7,SO,OUT,0.11995845,0.029563872,0.0031230785,0.0119087305,0.038115107,0.20768917,0.0057327556,0.5839088
7,7,OUT,OUT,0.20077544,0.03466692,0.0045433645,0.017192723,0.076002136,0.20030238,0.006887241,0.4596298
7,7,OUT,OUT,0.21017316,0.019657232,0.009251795,0.015535084,0.07725043,0.1751116,0.007068425,0.4859522
7,7,OUT,OUT,0.19404325,0.039483093,0.003951882,0.010946898,0.06659507,0.17496903,0.008964059,0.5010467
7,7,OUT,OUT,0.23051909,0.0475229,0.003941987,0.016030736,0.064683996,0.15506493,0.008898644,0.47333768
7,7,OUT,OUT,0.11106933,0.012432782,0.0032919645,0.014941893,0.060782272,0.24514408,0.0063251634,0.5460125
4,7,BB,OUT,0.12730075,0.020510893,0.004405503,0.01710947,0.08283746,0.30750686,0.006041851,0.43428728
7,7,OUT,OUT,0.12879877,0.018188968,0.0049200775,0.012068954,0.08144292,0.1817764,0.0071600904,0.56564385
7,7,OUT,OUT,0.23585023,0.030265164,0.0047437064,0.016631875,0.100997664,0.14412394,0.0080437735,0.4593437
0,7,SINGLE,OUT,0.13238248,0.024829539,0.004534285,0.01382573,0.039131954,0.16565892,0.008448594,0.61118853
7,7,OUT,OUT,0.09607115,0.05672002,0.0033109926,0.02536707,0.10669,0.2898514,0.0066332356,0.4153561
7,7,OUT,OUT,0.17930299,0.053446237,0.010697016,0.01581899,0.069637775,0.120905444,0.01746668,0.53272486
7,7,OUT,OUT,0.1199615,0.04909915,0.0027603125,0.023274174,0.10452948,0.19932789,0.013080104,0.48796743
5,7,SO,OUT,0.12094197,0.01699301,0.0040976284,0.01578872,0.030325113,0.2854107,0.004620668,0.5218222
7,7,OUT,OUT,0.13911131,0.032682102,0.0042640446,0.014429233,0.033109546,0.21644007,0.0071953353,0.55276835
7,7,OUT,OUT,0.1983012,0.034033813,0.003171634,0.024960075,0.05195495,0.17436603,0.005355282,0.50785697
5,7,SO,OUT,0.11448446,0.036169082,0.0042902473,0.01832564,0.040232487,0.34303477,0.0071409605,0.43632236
7,7,OUT,OUT,0.15188116,0.042254988,0.00606477,0.012548918,0.07885133,0.18404497,0.006635818,0.5177181
7,7,OUT,OUT,0.10996707,0.03571496,0.004818911,0.016594479,0.08680116,0.22513716,0.004701209,0.51626503
7,7,OUT,OUT,0.14135157,0.028300004,0.002376657,0.010282267,0.031173479,0.12703745,0.010120747,0.64935786
7,7,OUT,OUT,0.13329189,0.022889087,0.0055399546,0.011345933,0.070862725,0.101236194,0.0046407636,0.6501934
7,7,OUT,OUT,0.14397106,0.028061423,0.004455928,0.021720944,0.060555115,0.18258698,0.005999665,0.5526489
7,7,OUT,OUT,0.20279682,0.022929657,0.0040461835,0.015516155,0.12645853,0.21470378,0.010148777,0.4034001
7,7,OUT,OUT,0.1613961,0.03847905,0.0041950108,0.021959495,0.03376841,0.23812048,0.010551047,0.49153045
7,7,OUT,OUT,0.16663349,0.026999356,0.006884255,0.015264759,0.09948527,0.2898461,0.0036905874,0.3911962
7,7,OUT,OUT,0.19155659,0.04441187,0.0040642405,0.009331458,0.05405034,0.08939866,0.009334088,0.5978527
0,7,SINGLE,OUT,0.12830992,0.027813995,0.0034206333,0.02286311,0.056166787,0.3503676,0.0050180415,0.40603986
0,7,SINGLE,OUT,0.22101372,0.030319963,0.0056536165,0.014254206,0.02337666,0.14270397,0.009854447,0.5528234
0,7,SINGLE,OUT,0.20200391,0.030408408,0.004095053,0.008483924,0.04473605,0.0903935,0.0036504115,0.6162288
7,7,OUT,OUT,0.11518168,0.028666811,0.0018887455,0.008077834,0.06227889,0.30585966,0.0061157523,0.4719307
7,7,OUT,OUT,0.11488281,0.028215831,0.0027582417,0.004863502,0.053341947,0.2538457,0.0066447197,0.53544724
5,7,SO,OUT,0.09582706,0.028971832,0.0031613773,0.011399457,0.049949963,0.34141347,0.0053747767,0.463902
5,7,SO,OUT,0.1765905,0.037183866,0.0036373327,0.013986788,0.0971352,0.24853739,0.0091418205,0.41378704
5,7,SO,OUT,0.18521498,0.037126314,0.0076598115,0.013124341,0.077613235,0.22189268,0.008403374,0.44896525
4,7,BB,OUT,0.15981908,0.053179156,0.0023582906,0.01817552,0.08011058,0.1953858,0.013314745,0.4776568
7,7,OUT,OUT,0.13235688,0.029918296,0.002815135,0.011116305,0.022564983,0.29375783,0.004981059,0.5024895
7,7,OUT,OUT,0.19876756,0.052574977,0.0031256464,0.017010238,0.065669104,0.20959635,0.0053622853,0.4478939
7,7,OUT,OUT,0.21975212,0.018125284,0.0041043307,0.007036808,0.051011942,0.1612648,0.0028975904,0.5358072
2,7,TRIPLE,OUT,0.116815634,0.032610018,0.008175905,0.016218016,0.06802602,0.22035372,0.01655059,0.52125
7,7,OUT,OUT,0.12322297,0.05714819,0.0061843568,0.013862927,0.10782674,0.16736196,0.006089125,0.5183037
0,7,SINGLE,OUT,0.23140077,0.039648905,0.009114344,0.014335585,0.06006561,0.15913714,0.010171835,0.47612584
0,7,SINGLE,OUT,0.10610413,0.034766823,0.00496144,0.010600667,0.056636892,0.17939357,0.010610737,0.59692574
0,7,SINGLE,OUT,0.11020819,0.051795106,0.0043748557,0.015853276,0.046141814,0.21732138,0.0062590432,0.5480463
0,7,SINGLE,OUT,0.1418675,0.056474853,0.0045824135,0.0140192555,0.10547708,0.21702303,0.006669279,0.45388657
1,7,DOUBLE,OUT,0.17426878,0.036539093,0.005613528,0.011946681,0.044477083,0.12880418,0.008272271,0.5900784
0,7,SINGLE,OUT,0.17971455,0.04195802,0.004105629,0.010426645,0.05165433,0.1675609,0.009463813,0.53511614
7,7,OUT,OUT,0.16336766,0.061446592,0.009575673,0.014783845,0.048954673,0.1508788,0.0122532295,0.53873956
1,7,DOUBLE,OUT,0.12645215,0.04141546,0.005350642,0.020106805,0.062176887,0.24381511,0.0064792736,0.4942036
6,7,HBP,OUT,0.13540031,0.05958073,0.008818514,0.0139338,0.05353956,0.16480324,0.009762494,0.55416137
7,7,OUT,OUT,0.1581002,0.03968183,0.0040780427,0.020691521,0.06449809,0.24584436,0.011227988,0.455878
6,7,HBP,OUT,0.10761169,0.01650077,0.0022252733,0.0071547297,0.067335464,0.24600883,0.0060818796,0.5470814
4,7,BB,OUT,0.20845017,0.046315696,0.005063996,0.017978828,0.065647304,0.14052252,0.009016913,0.5070046
5,7,SO,OUT,0.105509005,0.042109396,0.0026367733,0.010769198,0.092939906,0.20372197,0.01048297,0.5318307
7,7,OUT,OUT,0.2591807,0.04406925,0.006252313,0.007556661,0.102617994,0.12747958,0.008955422,0.44388807
1,7,DOUBLE,OUT,0.21566808,0.020090722,0.007968896,0.009042515,0.023222303,0.15051559,0.00706556,0.56642634
3,7,HR,OUT,0.19531454,0.04028746,0.0061223414,0.01617089,0.05399941,0.17137812,0.0063210395,0.51040614
5,7,SO,OUT,0.12383909,0.027566932,0.0074463873,0.0048109256,0.043108962,0.26847604,0.004570529,0.5201811
7,7,OUT,OUT,0.3143533,0.047986593,0.0070609623,0.008865333,0.070811205,0.12566042,0.008890713,0.4163714
4,7,BB,OUT,0.17309827,0.052510966,0.0058757267,0.008512421,0.046408627,0.16733584,0.00819275,0.53806543
7,7,OUT,OUT,0.19458374,0.036091857,0.00629013,0.016500136,0.022886388,0.16950321,0.009169834,0.5449747
7,7,OUT,OUT,0.20527725,0.037059322,0.0040213973,0.018941196,0.059766553,0.08416092,0.0040295916,0.5867438
5,7,SO,OUT,0.16766244,0.048847243,0.006349118,0.015996028,0.062143125,0.16592772,0.0060802815,0.526994
4,7,BB,OUT,0.14804864,0.040423278,0.002896387,0.018437922,0.05415083,0.15741393,0.008990755,0.5696383
7,7,OUT,OUT,0.20451629,0.05073799,0.003953474,0.0137225315,0.09987968,0.12991647,0.012270461,0.485003
7,7,OUT,OUT,0.19912888,0.027224574,0.004670469,0.007747725,0.031755313,0.14009345,0.00575072,0.5836289
7,7,OUT,OUT,0.11671,0.02490458,0.0049265823,0.008878781,0.028762529,0.23965086,0.0038108055,0.5723559
7,7,OUT,OUT,0.19550064,0.026401527,0.004336686,0.02276266,0.043969706,0.12506667,0.004426671,0.5775354
4,7,BB,OUT,0.2471362,0.021427669,0.0056217914,0.011429469,0.064954475,0.12788786,0.0051022912,0.51644033
7,7,OUT,OUT,0.19341801,0.042239588,0.0047674384,0.021399552,0.067690186,0.17985797,0.00643949,0.4841878
7,7,OUT,OUT,0.28662413,0.02965542,0.003931961,0.0116379885,0.056813035,0.117307514,0.006915682,0.48711437
4,7,BB,OUT,0.19835925,0.0356014,0.004201505,0.014863531,0.046669092,0.183389,0.0054913624,0.51142484
7,7,OUT,OUT,0.13522995,0.037753433,0.009785797,0.009347225,0.037425827,0.23535538,0.004249583,0.5308528
7,7,OUT,OUT,0.23255089,0.041527845,0.008268349,0.009033433,0.04912196,0.115347065,0.00796592,0.53618443
4,7,BB,OUT,0.22834212,0.06154,0.005615884,0.016397066,0.09091318,0.13564399,0.008773851,0.45277393
4,7,BB,OUT,0.1740481,0.047164116,0.0033420627,0.025957007,0.0611366,0.17609906,0.0076348977,0.50461817
7,7,OUT,OUT,0.15157172,0.037802666,0.0034208237,0.008308168,0.036725152,0.13400199,0.007827334,0.6203422
6,7,HBP,OUT,0.1255954,0.044953458,0.0029438003,0.009225412,0.07739878,0.17020403,0.009615112,0.56006396
7,7,OUT,OUT,0.1932041,0.05799271,0.0048386343,0.010148023,0.05429925,0.10974497,0.0070079775,0.56276435
1,7,DOUBLE,OUT,0.23155668,0.04663346,0.007536495,0.016774064,0.050089452,0.11960272,0.009457229,0.5183498
0,7,SINGLE,OUT,0.25176692,0.040918216,0.0045785713,0.013913485,0.049612675,0.23693112,0.010677262,0.39160168
7,7,OUT,OUT,0.20388137,0.038110554,0.004562652,0.012924358,0.087399274,0.20576979,0.0068152193,0.44053677
7,7,OUT,OUT,0.2604916,0.029360022,0.005930568,0.018573863,0.039103534,0.13111833,0.0059273676,0.5094947
7,7,OUT,OUT,0.25839725,0.03842205,0.004199256,0.011677539,0.043101657,0.1646446,0.009112952,0.47044468
7,7,OUT,OUT,0.12209251,0.02310988,0.0022096564,0.013939447,0.03767219,0.24899335,0.0059303637,0.5460526
7,7,OUT,OUT,0.22510567,0.033855695,0.0043518823,0.01963857,0.06540467,0.22183193,0.0070929024,0.42271864
7,7,OUT,OUT,0.20392668,0.060978852,0.005452038,0.03305231,0.096194044,0.0797025,0.0056506647,0.51504284
5,7,SO,OUT,0.17869245,0.018629014,0.0065054493,0.009982011,0.029657228,0.15131755,0.0074393395,0.5977769
7,7,OUT,OUT,0.14099604,0.030346133,0.0026573285,0.0070227007,0.06839735,0.2166975,0.012076762,0.5218062
7,7,OUT,OUT,0.1728834,0.036085494,0.008053027,0.01007415,0.044383872,0.15916373,0.011221658,0.5581346
7,7,OUT,OUT,0.19936106,0.039638817,0.0042614774,0.014256571,0.130697,0.12203214,0.013200914,0.476552
4,7,BB,OUT,0.16416083,0.032228608,0.002123517,0.013161837,0.09187713,0.1738491,0.0056218444,0.5169772
5,7,SO,OUT,0.24015357,0.047264546,0.008652116,0.026686411,0.11452172,0.0621722,0.010708567,0.48984092
0,7,SINGLE,OUT,0.24430078,0.042816393,0.0035116572,0.021434475,0.11313906,0.12215255,0.010664233,0.44198078
7,7,OUT,OUT,0.08064536,0.019383684,0.002785347,0.0056899027,0.062887676,0.17704229,0.006023121,0.6455426
5,7,SO,OUT,0.21077281,0.03794301,0.0059079113,0.009375203,0.08410253,0.15035416,0.0072188624,0.49432546
7,7,OUT,OUT,0.31219423,0.03336798,0.00582497,0.0095085995,0.07372945,0.1088453,0.009298858,0.4472306
0,7,SINGLE,OUT,0.1991343,0.024604555,0.0060748206,0.0103761,0.04643202,0.12517993,0.007835706,0.5803626
7,7,OUT,OUT,0.13138708,0.08805088,0.0049218773,0.022272954,0.09316318,0.20416279,0.011998743,0.44404247
7,7,OUT,OUT,0.23330763,0.04164806,0.0050474955,0.014708227,0.15133266,0.10664252,0.008098397,0.439215
5,7,SO,OUT,0.22359963,0.047479216,0.0034924154,0.021297326,0.15228578,0.09644325,0.004829096,0.4505733
5,7,SO,OUT,0.1493142,0.022884753,0.0040965895,0.0074947705,0.028769208,0.29209638,0.0041629197,0.49118122
7,7,OUT,OUT,0.17287587,0.019778922,0.00524304,0.016893081,0.06819315,0.22357059,0.005781632,0.48766384
5,7,SO,OUT,0.20185708,0.04423585,0.006814872,0.010382597,0.051006082,0.19537902,0.0044514597,0.48587298
5,7,SO,OUT,0.18083371,0.04112376,0.0060928063,0.01914385,0.0681791,0.2559738,0.0058934684,0.42275947
7,7,OUT,OUT,0.2911878,0.037231755,0.0074713444,0.021245014,0.053867556,0.14005989,0.008627049,0.4403096
7,7,OUT,OUT,0.16462852,0.051664777,0.005725404,0.027365152,0.06031055,0.15531342,0.008178693,0.5268135
7,7,OUT,OUT,0.13597013,0.03689277,0.004195544,0.009808439,0.121304326,0.22153762,0.01071064,0.45958045
7,7,OUT,OUT,0.17572306,0.04993956,0.002533486,0.014759786,0.096629456,0.15736584,0.007936634,0.49511215
7,7,OUT,OUT,0.23407775,0.027825462,0.004707816,0.008515425,0.06789649,0.14089586,0.0050369413,0.5110442
6,7,HBP,OUT,0.23151968,0.06428273,0.0062780627,0.028326444,0.061141588,0.2323056,0.0100327,0.36611325
7,7,OUT,OUT,0.17092307,0.035966523,0.007043186,0.015779404,0.09029889,0.17506824,0.012585297,0.49233532
1,7,DOUBLE,OUT,0.1739658,0.033639435,0.00627591,0.018726151,0.09860792,0.14525291,0.008273794,0.5152581
5,7,SO,OUT,0.24248298,0.051271696,0.0041779256,0.019797312,0.07346759,0.18957551,0.0076620807,0.4115649
7,7,OUT,OUT,0.22310038,0.031651217,0.005304001,0.024455663,0.07233263,0.14608018,0.0055119465,0.4915641
1,7,DOUBLE,OUT,0.16141705,0.037960287,0.0056520593,0.0065340106,0.056218144,0.21336135,0.008444127,0.51041293
7,7,OUT,OUT,0.11518045,0.020542352,0.0033357833,0.006801653,0.020409446,0.34446362,0.0042268243,0.48503992
7,7,OUT,OUT,0.2711139,0.037176736,0.005285614,0.008655152,0.05288946,0.17940429,0.009980746,0.43549407
7,7,OUT,OUT,0.18688652,0.038646355,0.004910182,0.010986818,0.038788512,0.1348702,0.004908298,0.5800031
5,7,SO,OUT,0.17136243,0.037069105,0.00273781,0.009375347,0.102407075,0.24249205,0.010354184,0.42420208
7,7,OUT,OUT,0.19788139,0.027107337,0.0074016047,0.010732242,0.05914863,0.11692382,0.009216406,0.5715886
7,7,OUT,OUT,0.1141719,0.028896643,0.0028936968,0.018061638,0.087051906,0.24865599,0.009086346,0.4911819
7,7,OUT,OUT,0.1297448,0.016757393,0.0061381976,0.009163205,0.07328325,0.14369488,0.010759884,0.6104584
7,7,OUT,OUT,0.18551727,0.028823605,0.00475599,0.015129709,0.09013683,0.107049204,0.007850528,0.5607369
5,7,SO,OUT,0.19130619,0.06342323,0.0037525042,0.044657774,0.11223109,0.102912456,0.013050805,0.46866602
4,7,BB,OUT,0.16516545,0.044397917,0.0052393167,0.030583192,0.05594822,0.11408111,0.0064722416,0.57811254
7,7,OUT,OUT,0.1522322,0.04032853,0.004238911,0.010613273,0.074950844,0.16603874,0.008641417,0.5429561
7,7,OUT,OUT,0.19668724,0.04271788,0.003411551,0.028450688,0.06956677,0.20111279,0.010716976,0.44733602
7,7,OUT,OUT,0.13113412,0.038882304,0.005251855,0.012805258,0.059262406,0.09966881,0.0064373645,0.6465578
0,7,SINGLE,OUT,0.22321211,0.041211046,0.0065655303,0.01974616,0.074315585,0.07818778,0.005438429,0.5513233
7,7,OUT,OUT,0.1536707,0.031367693,0.003652758,0.024716966,0.09764124,0.13657854,0.0043355413,0.5480366
7,7,OUT,OUT,0.18479699,0.023508262,0.005030318,0.009705305,0.09600162,0.098846,0.0049870494,0.5771245
7,7,OUT,OUT,0.1598732,0.043108013,0.0046070674,0.015075472,0.06505299,0.104644485,0.008444777,0.599194
0,7,SINGLE,OUT,0.24044448,0.03545009,0.0054409495,0.011381048,0.070143685,0.1083299,0.0054888898,0.5233209
7,7,OUT,OUT,0.15250017,0.033943526,0.012181534,0.011258281,0.07283857,0.18572426,0.007054089,0.5244995
7,7,OUT,OUT,0.18357547,0.04449857,0.0057139257,0.012839407,0.04717381,0.1381688,0.008263325,0.5597667
7,7,OUT,OUT,0.11986105,0.04287315,0.0042307437,0.025112234,0.062278286,0.18160157,0.005077389,0.5589655
7,7,OUT,OUT,0.20889983,0.050480034,0.0050954707,0.015837332,0.10058928,0.0899972,0.0073749754,0.52172595
3,7,HR,OUT,0.107036926,0.048996348,0.0056066313,0.03427259,0.08956124,0.09066236,0.01211996,0.611744
7,7,OUT,OUT,0.14359146,0.03318701,0.0044315793,0.008612628,0.051000115,0.19834943,0.012085117,0.5487426
4,7,BB,OUT,0.12525593,0.030595327,0.005108542,0.0158399,0.05024171,0.11741074,0.009882402,0.6456654
7,7,OUT,OUT,0.17795262,0.0473643,0.008870649,0.017364277,0.075092405,0.21635632,0.013728376,0.44327113
4,7,BB,OUT,0.20933577,0.048749674,0.004685745,0.027991464,0.08181696,0.22396208,0.0091393115,0.394319
7,7,OUT,OUT,0.18365799,0.033562545,0.0054272776,0.0122811105,0.043245286,0.11498719,0.0074813864,0.5993572
7,7,OUT,OUT,0.15536527,0.03747354,0.004465342,0.023735188,0.067403905,0.11408228,0.008465709,0.5890088
0,7,SINGLE,OUT,0.20335016,0.024710527,0.0061617484,0.012981131,0.08731684,0.14778084,0.008314336,0.5093845
7,7,OUT,OUT,0.16289647,0.037797388,0.0038447732,0.0169408,0.06966363,0.100635,0.008505515,0.59971637
7,7,OUT,OUT,0.18206646,0.05002691,0.0071670073,0.008757943,0.036087453,0.1467724,0.0055838884,0.563538
7,7,OUT,OUT,0.18208459,0.058383476,0.0043017454,0.011334449,0.049313597,0.14039907,0.011897703,0.5422854
7,7,OUT,OUT,0.1996386,0.06250428,0.0049011237,0.013723367,0.04618803,0.13127871,0.009446574,0.5323193
7,7,OUT,OUT,0.13086034,0.04296604,0.0023855523,0.013192876,0.036382973,0.26202893,0.011344609,0.50083864
7,7,OUT,OUT,0.20518832,0.042059924,0.0075837537,0.010082858,0.04762711,0.13695973,0.009866462,0.5406319
7,7,OUT,OUT,0.1614053,0.050517797,0.0051365946,0.019339068,0.1052531,0.14501986,0.008086031,0.5052423
7,7,OUT,OUT,0.20795147,0.04283656,0.006584874,0.009115343,0.03839663,0.1641103,0.007476812,0.52352804
7,7,OUT,OUT,0.14883856,0.021518275,0.0024788803,0.009790619,0.07119518,0.15181644,0.0043208455,0.5900412
7,7,OUT,OUT,0.20421994,0.033628643,0.0049084155,0.020770308,0.1280399,0.15542497,0.0060012173,0.4470067
0,7,SINGLE,OUT,0.16698986,0.027739068,0.0059408103,0.008229958,0.046170197,0.22204354,0.0072403844,0.5156462
7,7,OUT,OUT,0.14828989,0.02924627,0.003884186,0.041435257,0.07650868,0.15756027,0.01285324,0.53022224
7,7,OUT,OUT,0.19199848,0.024592897,0.004191771,0.013390781,0.11209681,0.12066123,0.009222992,0.523845
5,7,SO,OUT,0.19651885,0.042575628,0.0065802266,0.013484887,0.09831349,0.11547859,0.012024498,0.5150239
0,7,SINGLE,OUT,0.24449573,0.040402465,0.012369565,0.008418851,0.07667087,0.09888358,0.011272713,0.5074862
1,7,DOUBLE,OUT,0.17915554,0.021538217,0.005545222,0.009529898,0.062868714,0.15042774,0.012754569,0.5581801
5,7,SO,OUT,0.14690873,0.038022142,0.0036230378,0.014805045,0.0888319,0.2457398,0.009185248,0.45288408
5,7,SO,OUT,0.20748828,0.025193749,0.0043329126,0.0075318827,0.116781585,0.14998603,0.011004741,0.47768068
7,7,OUT,OUT,0.11887742,0.017313663,0.0028892867,0.006365704,0.07230223,0.18462937,0.007279626,0.5903427
0,7,SINGLE,OUT,0.16088542,0.028248472,0.0024821947,0.01169673,0.11253721,0.1761747,0.01208617,0.49588916
0,7,SINGLE,OUT,0.11612065,0.025487665,0.004858809,0.014448761,0.066354655,0.17232566,0.011187304,0.5892165
0,7,SINGLE,OUT,0.25409895,0.032144886,0.004792166,0.009684012,0.075160675,0.14281209,0.0073071388,0.47400004
7,7,OUT,OUT,0.17305052,0.026820946,0.0036934144,0.022781089,0.09048858,0.25125656,0.010044152,0.42186478
7,7,OUT,OUT,0.21336722,0.043325923,0.006474549,0.010974255,0.04787557,0.14459866,0.009083608,0.5243002
7,7,OUT,OUT,0.17195575,0.025708042,0.0041476707,0.01906734,0.07752742,0.13259187,0.008611185,0.5603908
7,7,OUT,OUT,0.19837086,0.033767633,0.0055401344,0.009313534,0.05476268,0.12402753,0.007178601,0.5670391
7,7,OUT,OUT,0.17295282,0.03858369,0.0032714463,0.016108368,0.08611932,0.14746095,0.01434884,0.52115464
2,7,TRIPLE,OUT,0.13060547,0.031334016,0.004348661,0.019124601,0.05606335,0.16363694,0.008844434,0.5860425
5,7,SO,OUT,0.15833646,0.027364045,0.0038139198,0.016844276,0.0813928,0.13803996,0.0037747943,0.57043374
4,7,BB,OUT,0.24496219,0.04659779,0.005789145,0.022957351,0.087874964,0.08536229,0.0057011377,0.50075513
7,7,OUT,OUT,0.1977246,0.036479935,0.00936044,0.008972061,0.071557395,0.107326835,0.008819851,0.55975896
7,7,OUT,OUT,0.16397445,0.025635434,0.004885358,0.009493859,0.114284314,0.09008785,0.007891512,0.58374727
7,7,OUT,OUT,0.16652998,0.059948012,0.0070710676,0.014663636,0.10789544,0.17057139,0.00856759,0.4647529
0,7,SINGLE,OUT,0.18417151,0.044925816,0.0035609107,0.027309626,0.10527072,0.06920124,0.0147356205,0.5508245
0,7,SINGLE,OUT,0.18586116,0.039868645,0.0057456503,0.010302405,0.10889728,0.08984428,0.011981492,0.54749906
7,7,OUT,OUT,0.2051709,0.037284344,0.004220436,0.017551709,0.11956625,0.08172093,0.00675837,0.5277271
0,7,SINGLE,OUT,0.1775301,0.03777683,0.007564003,0.019104617,0.06734989,0.18249935,0.012747797,0.49542737
5,7,SO,OUT,0.20819813,0.036010757,0.004449117,0.024866281,0.09149935,0.15966773,0.012318522,0.46299008
0,7,SINGLE,OUT,0.14430186,0.042018197,0.0035494003,0.020463092,0.06534814,0.1365647,0.0070076613,0.580747
7,7,OUT,OUT,0.17302291,0.043211248,0.006227069,0.014415409,0.06318724,0.12270427,0.010417243,0.5668146
7,7,OUT,OUT,0.12224858,0.048304196,0.0048714047,0.019993387,0.060773782,0.1834427,0.006324797,0.5540412
1,7,DOUBLE,OUT,0.18630527,0.049309555,0.0071929777,0.011460835,0.044842932,0.1444355,0.0061289524,0.55032396
5,7,SO,OUT,0.15289871,0.036593825,0.006177062,0.02231258,0.030645953,0.17603917,0.013654091,0.5616786
7,7,OUT,OUT,0.10934653,0.022323623,0.0033181743,0.0125846835,0.05151967,0.3279269,0.0050092903,0.4679711
7,7,OUT,OUT,0.10628261,0.03615052,0.0031686497,0.0062046396,0.14412445,0.14627801,0.005434366,0.5523568
7,7,OUT,OUT,0.17070225,0.05461339,0.0058467733,0.009336597,0.13426422,0.18666404,0.0074434862,0.43112928
7,7,OUT,OUT,0.13056473,0.032991342,0.005124566,0.0116207795,0.05512439,0.22612642,0.004844682,0.53360313
7,7,OUT,OUT,0.11797075,0.026060017,0.005412361,0.013298715,0.050313696,0.19962679,0.006447211,0.58087045
5,7,SO,OUT,0.13847576,0.028195718,0.002262139,0.021021856,0.050581347,0.2378694,0.0045163603,0.51707745
7,7,OUT,OUT,0.17787598,0.046040982,0.0033058296,0.02910639,0.07368576,0.16385132,0.006696428,0.4994373
5,7,SO,OUT,0.1417322,0.023471061,0.004786767,0.024199294,0.046642497,0.1061444,0.0046708966,0.64835286
1,7,DOUBLE,OUT,0.24105047,0.075957075,0.004678179,0.016107038,0.07690396,0.13783017,0.0052443207,0.44222888
7,7,OUT,OUT,0.14338757,0.020360818,0.004735445,0.012300579,0.044611756,0.22726892,0.00682808,0.54050684
7,7,OUT,OUT,0.14443354,0.03699304,0.003349383,0.018205557,0.07204392,0.24054761,0.007540508,0.47688645
0,7,SINGLE,OUT,0.15121667,0.022765234,0.005585105,0.014254403,0.025145723,0.2343084,0.005620408,0.541104
0,7,SINGLE,OUT,0.23623678,0.022947567,0.0034772635,0.013871639,0.08375884,0.24396218,0.011427647,0.3843181
5,7,SO,OUT,0.12843974,0.022756029,0.0029287585,0.008544691,0.06909649,0.30332974,0.0075090206,0.4573956
5,7,SO,OUT,0.13961941,0.047783762,0.007716822,0.029532965,0.06202395,0.16482005,0.015010662,0.5334923
7,7,OUT,OUT,0.14281759,0.024688343,0.0019128319,0.012333705,0.05124225,0.26285404,0.009721581,0.49442965
5,7,SO,OUT,0.11602082,0.03542107,0.0035455758,0.012861287,0.09991746,0.20450109,0.011903377,0.5158293
5,7,SO,OUT,0.13671331,0.018178526,0.004821233,0.014665413,0.07122932,0.28148848,0.01968767,0.45321602
4,7,BB,OUT,0.22555676,0.015114369,0.0058279033,0.0084541505,0.12715043,0.22794062,0.0070277117,0.382928
5,7,SO,OUT,0.25453877,0.020371668,0.008795157,0.01119976,0.047646463,0.12944373,0.00819095,0.51981354
7,7,OUT,OUT,0.15285729,0.030864466,0.004082581,0.013511068,0.08794936,0.22708522,0.013415794,0.47023422
7,7,OUT,OUT,0.16640441,0.016080389,0.007098128,0.014250643,0.057032205,0.22100858,0.008263389,0.5098623
7,7,OUT,OUT,0.20777927,0.032137908,0.0036060142,0.023597553,0.1310847,0.18833673,0.024071936,0.38938585
5,7,SO,OUT,0.15360971,0.034927256,0.003827631,0.020565549,0.103688434,0.21755163,0.016244646,0.44958505
4,7,BB,OUT,0.17741533,0.04601584,0.0027375827,0.020712283,0.08992636,0.18893155,0.011892561,0.46236843
7,7,OUT,OUT,0.1319774,0.032879256,0.004893936,0.016728204,0.08354359,0.2565713,0.0073192935,0.46608707
5,7,SO,OUT,0.16417569,0.038036156,0.0051258514,0.020816965,0.058925346,0.1834756,0.004808411,0.524636
7,7,OUT,OUT,0.14665177,0.03814589,0.0021076025,0.038241737,0.06972703,0.2643372,0.0074602203,0.43332845
7,7,OUT,OUT,0.116771355,0.022854278,0.003151252,0.00927162,0.054195512,0.3632443,0.0104236165,0.420088
4,7,BB,OUT,0.15626255,0.039513547,0.005846536,0.016092738,0.049589317,0.11013258,0.0073180245,0.61524475
1,7,DOUBLE,OUT,0.10563503,0.03565161,0.00354299,0.009439012,0.09203064,0.14916477,0.017875588,0.5866604
3,7,HR,OUT,0.10191714,0.026917588,0.00131555,0.025950437,0.05682871,0.25897825,0.0061640483,0.5219283
7,7,OUT,OUT,0.11165826,0.02934697,0.0029460704,0.008896184,0.042519312,0.2816357,0.0069316896,0.5160658
7,7,OUT,OUT,0.08610921,0.03244367,0.001570815,0.027428577,0.06508284,0.35572204,0.016181277,0.41546157
4,7,BB,OUT,0.10807132,0.034931324,0.0025319115,0.015599488,0.10854783,0.16383548,0.008841826,0.55764085
5,7,SO,OUT,0.16937546,0.04135843,0.006098979,0.024203574,0.08929043,0.22860049,0.011225889,0.4298467
0,7,SINGLE,OUT,0.24368256,0.046947878,0.007323686,0.02600339,0.058077294,0.1483106,0.011996615,0.45765796
7,7,OUT,OUT,0.17659706,0.032075908,0.0054183165,0.03163089,0.061489422,0.18512352,0.008682582,0.49898237
7,7,OUT,OUT,0.10934253,0.026435172,0.005534369,0.033127632,0.07801383,0.32443053,0.014622102,0.40849388
7,7,OUT,OUT,0.223918,0.03088506,0.0039801523,0.018029053,0.08078067,0.18747288,0.012966101,0.44196802
0,7,SINGLE,OUT,0.14584023,0.048572153,0.0033803892,0.017502079,0.063460566,0.15537566,0.012455229,0.5534137
7,7,OUT,OUT,0.1464731,0.049072616,0.0042519565,0.014583751,0.103506304,0.16743399,0.014196829,0.5004815
7,7,OUT,OUT,0.22152723,0.030397743,0.0044004186,0.011839873,0.10084537,0.28713655,0.012101064,0.3317517
5,7,SO,OUT,0.0902225,0.05337228,0.00392308,0.0244162,0.08890196,0.23696446,0.01832345,0.4838761
5,7,SO,OUT,0.17036958,0.03433328,0.006928509,0.008936735,0.09435581,0.13507974,0.01478177,0.53521454
0,7,SINGLE,OUT,0.19209713,0.06446766,0.0056712464,0.013636191,0.085353345,0.1136585,0.014805087,0.51031077
5,7,SO,OUT,0.14220212,0.0391789,0.005334444,0.021614349,0.0756592,0.20876677,0.016888088,0.4903562
5,7,SO,OUT,0.14373364,0.027830908,0.0044545317,0.012882757,0.061342068,0.32335058,0.014751353,0.4116542
7,7,OUT,OUT,0.18919055,0.03724472,0.007875193,0.032655757,0.02777802,0.17752048,0.012268355,0.5154669
5,7,SO,OUT,0.17208728,0.036465626,0.007379319,0.017581437,0.07427916,0.22878602,0.01105702,0.45236415
7,7,OUT,OUT,0.15019183,0.036761537,0.002584623,0.00997435,0.08016313,0.088598706,0.0050645256,0.62666136
7,7,OUT,OUT,0.16679338,0.029982978,0.0036431185,0.01528288,0.04598222,0.15547049,0.0067589614,0.57608604
7,7,OUT,OUT,0.10877808,0.025602426,0.006040548,0.01407491,0.06502936,0.3036785,0.015416024,0.46138018
7,7,OUT,OUT,0.07390968,0.03335184,0.006240747,0.040040176,0.097399235,0.34260604,0.03806099,0.3683913
7,7,OUT,OUT,0.10557735,0.027634902,0.006354015,0.012104786,0.07912309,0.296937,0.0112705445,0.4609983
3,7,HR,OUT,0.21561205,0.037070658,0.005956297,0.023867657,0.09593027,0.21336003,0.024820033,0.383383
0,7,SINGLE,OUT,0.09705873,0.020903697,0.004906786,0.02363123,0.0795452,0.22150023,0.019316506,0.5331376
7,5,OUT,SO,0.109407604,0.025550244,0.0021132396,0.019662127,0.06704321,0.39061642,0.0068983897,0.3787087
7,7,OUT,OUT,0.2309266,0.04151753,0.007904479,0.013642692,0.05569939,0.14126274,0.012924389,0.49612227
5,7,SO,OUT,0.17374067,0.026619678,0.0073775593,0.021367697,0.06878399,0.19690949,0.010938941,0.49426195
4,7,BB,OUT,0.2065039,0.038199898,0.0057859356,0.017326888,0.10653233,0.24315958,0.010115107,0.37237635
7,7,OUT,OUT,0.09308057,0.019623326,0.00321334,0.01750352,0.097720325,0.27005297,0.009163683,0.48964232
7,7,OUT,OUT,0.104728244,0.026861772,0.005334841,0.027147183,0.04293374,0.217093,0.020474968,0.5554263
7,7,OUT,OUT,0.10366752,0.03447849,0.0045656706,0.019189566,0.06325632,0.20506208,0.01460885,0.5551715
7,7,OUT,OUT,0.12790635,0.038932048,0.002938854,0.028267566,0.09162163,0.2819739,0.011925715,0.416434
7,7,OUT,OUT,0.14407696,0.022648863,0.0042258096,0.016885154,0.036088575,0.16240954,0.005161233,0.6085039
7,7,OUT,OUT,0.13147715,0.014467655,0.0045557222,0.013665708,0.04534309,0.34697482,0.013135723,0.43038023
7,7,OUT,OUT,0.1251511,0.035529867,0.0013141996,0.026749287,0.14354226,0.16765931,0.0058786166,0.49417543
7,7,OUT,OUT,0.22410971,0.034818925,0.0050968416,0.020556664,0.07023849,0.23048425,0.007583464,0.40711164
7,7,OUT,OUT,0.12103641,0.044054452,0.005328697,0.0145546105,0.14025572,0.21012641,0.0122235995,0.45242012
0,7,SINGLE,OUT,0.12739825,0.017227912,0.0063042752,0.010004974,0.041164726,0.26124078,0.011081283,0.5255778
5,7,SO,OUT,0.19760099,0.038022567,0.008104587,0.009111506,0.08150968,0.22280312,0.012894116,0.42995343
7,7,OUT,OUT,0.15527527,0.015827933,0.0072404235,0.018970791,0.03825782,0.23121665,0.013666445,0.5195446
5,7,SO,OUT,0.061659645,0.04594958,0.0034577404,0.017793318,0.093138486,0.35120568,0.009628919,0.41716668
7,7,OUT,OUT,0.14600083,0.039130922,0.0039863656,0.019031903,0.118397295,0.17311777,0.0083690435,0.49196583
1,7,DOUBLE,OUT,0.22261325,0.040815447,0.0036908016,0.011633006,0.06262118,0.24379878,0.010623023,0.40420455
7,7,OUT,OUT,0.12625279,0.035091355,0.0019478665,0.023260122,0.12862496,0.1872351,0.008650677,0.48893717
7,7,OUT,OUT,0.25578788,0.039093196,0.006224643,0.011360462,0.06760057,0.07788107,0.006341054,0.53571117
0,7,SINGLE,OUT,0.1780862,0.03589281,0.0038620408,0.011380402,0.041448984,0.1096972,0.005970876,0.6136615
5,7,SO,OUT,0.07135543,0.020972872,0.0031472107,0.009523651,0.046155374,0.32214347,0.0063001784,0.52040184
7,7,OUT,OUT,0.18156828,0.02723161,0.005912203,0.015039268,0.12752245,0.16229749,0.008713747,0.47171494
4,7,BB,OUT,0.19308513,0.049415745,0.0047989353,0.016257985,0.0862651,0.20280507,0.009606056,0.43776596
7,7,OUT,OUT,0.107664794,0.032212615,0.0047043567,0.02713257,0.14367668,0.15086119,0.010441182,0.5233066
7,7,OUT,OUT,0.13388793,0.025951637,0.0036107122,0.02936652,0.07646055,0.18499525,0.008245093,0.53748226
7,7,OUT,OUT,0.14168,0.03923352,0.0033548863,0.01857124,0.069020934,0.20953509,0.005089044,0.51351523
0,7,SINGLE,OUT,0.1726689,0.046011195,0.0058266553,0.007252573,0.14439504,0.20703474,0.0077780033,0.40903285
0,7,SINGLE,OUT,0.12939145,0.03634345,0.0065364344,0.022470603,0.05551262,0.30409738,0.009620067,0.43602794
0,7,SINGLE,OUT,0.10518474,0.066892594,0.0070603085,0.023649804,0.06544397,0.22117294,0.019724144,0.49087143
7,7,OUT,OUT,0.12779702,0.035621654,0.004464902,0.014737909,0.106249526,0.19570515,0.011188608,0.50423527
0,7,SINGLE,OUT,0.16796294,0.019211076,0.0033994706,0.010631716,0.07276299,0.20729207,0.009627695,0.50911206
7,7,OUT,OUT,0.23813441,0.05240762,0.0075811627,0.013517281,0.07861514,0.15828896,0.009104242,0.44235107
0,7,SINGLE,OUT,0.161355,0.030083809,0.0054025515,0.014621597,0.056332838,0.23164329,0.009591038,0.49096987
7,7,OUT,OUT,0.110528134,0.01028892,0.008132309,0.015684549,0.033182584,0.22459316,0.009389738,0.5882006
7,7,OUT,OUT,0.14952077,0.036934342,0.0025045045,0.022193843,0.11793861,0.22157682,0.009440581,0.43989053
5,7,SO,OUT,0.13180365,0.019329306,0.0068172757,0.016562441,0.08898665,0.18430372,0.014762308,0.53743464
0,7,SINGLE,OUT,0.09755323,0.016927173,0.0049561863,0.010097313,0.10549664,0.19816098,0.0125840455,0.5542245
7,7,OUT,OUT,0.164423,0.024767555,0.0051613096,0.009293987,0.100345425,0.3101375,0.0071990276,0.3786721
7,7,OUT,OUT,0.15989418,0.037395835,0.0043868744,0.0092515005,0.19549032,0.20103359,0.0098291,0.38271865
7,7,OUT,OUT,0.15628624,0.036306456,0.0046394314,0.008699062,0.044643033,0.2962211,0.0053614457,0.4478432
4,7,BB,OUT,0.17886063,0.044418883,0.0064748465,0.018802041,0.08841218,0.21219099,0.01238106,0.43845928
7,7,OUT,OUT,0.117244035,0.022996658,0.00394101,0.008241949,0.07282936,0.17423382,0.009439875,0.5910733
7,7,OUT,OUT,0.14451033,0.01617747,0.0098481355,0.015007396,0.0887955,0.14812158,0.0135585675,0.56398106
7,7,OUT,OUT,0.11157098,0.031174742,0.0037429717,0.037009157,0.077371195,0.29986414,0.013402076,0.42586476
7,7,OUT,OUT,0.19110054,0.045505993,0.0050095106,0.019593902,0.05197977,0.15043363,0.00335806,0.53301865
7,7,OUT,OUT,0.23888361,0.029149363,0.0065246657,0.023429811,0.09640209,0.11794933,0.008601359,0.47905973
7,7,OUT,OUT,0.13020745,0.032515995,0.0035910879,0.013842132,0.044793863,0.13181078,0.0053722397,0.63786644
7,7,OUT,OUT,0.19874774,0.040581774,0.0039796378,0.010590604,0.05977814,0.14034264,0.007936979,0.53804255
7,7,OUT,OUT,0.14281759,0.038360626,0.0030144202,0.025444034,0.03252024,0.14443126,0.005106383,0.6083054
5,7,SO,OUT,0.079501234,0.046934944,0.0029813007,0.023434404,0.08098002,0.27112547,0.013513276,0.48152938
7,7,OUT,OUT,0.17579617,0.044883907,0.0022183533,0.027834417,0.06278789,0.16034764,0.009211033,0.5169206
4,7,BB,OUT,0.12398028,0.028907692,0.0008980984,0.027391486,0.09494956,0.19202626,0.0072946087,0.5245521
7,7,OUT,OUT,0.10421652,0.027789073,0.0033860994,0.024712944,0.042824645,0.2975432,0.004920423,0.49460712
7,7,OUT,OUT,0.1501172,0.059257224,0.0034071547,0.018580005,0.09099836,0.13715912,0.01033759,0.5301433
7,7,OUT,OUT,0.23969477,0.045598134,0.0047992235,0.021056838,0.039891284,0.080043286,0.009302517,0.5596139
0,7,SINGLE,OUT,0.18634428,0.05903457,0.004745663,0.014623341,0.033160895,0.16246617,0.008918614,0.5307065
7,7,OUT,OUT,0.16634071,0.043236632,0.005858888,0.015902186,0.12282122,0.18036394,0.009852345,0.45562407
7,7,OUT,OUT,0.25025043,0.043823957,0.007404962,0.013357492,0.08276938,0.1452253,0.011968213,0.4452003
5,7,SO,OUT,0.16945966,0.05408204,0.0072639114,0.025474977,0.10508942,0.19231707,0.017621482,0.42869142
7,7,OUT,OUT,0.12945196,0.028420921,0.0050892476,0.009193329,0.08182888,0.27438858,0.0075117755,0.46411523
0,7,SINGLE,OUT,0.16103376,0.028603578,0.007016022,0.012341736,0.048128575,0.15022144,0.0055723046,0.58708256
7,7,OUT,OUT,0.17627649,0.043574177,0.0042626243,0.013984627,0.05004435,0.13699074,0.006228363,0.5686386
7,7,OUT,OUT,0.17529729,0.02046426,0.0047332677,0.01854087,0.057749562,0.18881053,0.007604069,0.52680016
7,7,OUT,OUT,0.17354327,0.046934493,0.0050113276,0.015509142,0.043928888,0.13171923,0.0063602063,0.5769934
7,7,OUT,OUT,0.10371643,0.031015437,0.0047951406,0.01811335,0.04387088,0.2774541,0.008336051,0.51269865
0,7,SINGLE,OUT,0.117021844,0.0655743,0.003870236,0.025970938,0.10824942,0.25650114,0.01169253,0.41111967
7,7,OUT,OUT,0.15314442,0.042479105,0.0037670955,0.021233538,0.08871435,0.19695511,0.009357429,0.48434883
7,7,OUT,OUT,0.12246468,0.03965368,0.004718231,0.009638786,0.056536492,0.11623447,0.0061998605,0.6445538
7,7,OUT,OUT,0.21536544,0.066715844,0.005676729,0.008103197,0.112903394,0.1252074,0.0069328505,0.45909518
1,7,DOUBLE,OUT,0.15393546,0.034334723,0.005305939,0.02291054,0.04631535,0.13674386,0.00843988,0.59201425
7,7,OUT,OUT,0.09647192,0.022138754,0.0026228062,0.015082657,0.05037248,0.2930533,0.007357396,0.5129007
5,7,SO,OUT,0.20611858,0.05708255,0.0042765536,0.029038515,0.09921019,0.11326748,0.0077666435,0.48323953
5,7,SO,OUT,0.13706702,0.031631175,0.0066038608,0.013230262,0.08476555,0.23365809,0.007450498,0.4855936
7,7,OUT,OUT,0.19249071,0.037749585,0.005036249,0.014745214,0.05364984,0.19616109,0.01405216,0.4861152
7,7,OUT,OUT,0.12745486,0.026964698,0.003553465,0.026328227,0.12931907,0.16860232,0.010942293,0.506835
7,7,OUT,OUT,0.12293879,0.03832867,0.0024551733,0.023746481,0.04987333,0.19081248,0.006738543,0.5651066
0,7,SINGLE,OUT,0.1795569,0.039864387,0.0048979586,0.016526418,0.056926265,0.21026361,0.0029731742,0.48899126
7,7,OUT,OUT,0.21418895,0.04996962,0.0051128985,0.016030395,0.04348024,0.121476606,0.00813495,0.5416064
0,7,SINGLE,OUT,0.20302491,0.028090093,0.0052684937,0.010427321,0.039343275,0.10363412,0.0049148337,0.60529697
7,7,OUT,OUT,0.12123698,0.031181546,0.0030956005,0.019808028,0.054636538,0.1644816,0.011640415,0.59391934
1,7,DOUBLE,OUT,0.24235298,0.0337497,0.0054575712,0.018051118,0.09347217,0.18959326,0.013598249,0.40372497
0,7,SINGLE,OUT,0.14792822,0.02834934,0.0035067557,0.010529873,0.047545422,0.13311617,0.010782436,0.6182418
5,7,SO,OUT,0.10440126,0.026301928,0.0039912346,0.033537198,0.04134003,0.2843069,0.028746853,0.4773745
5,7,SO,OUT,0.14133985,0.044051662,0.0036078247,0.023079026,0.075005844,0.1434525,0.011602932,0.5578604
7,7,OUT,OUT,0.20398046,0.029702479,0.0033562402,0.028300783,0.05998541,0.17978378,0.0133037735,0.48158705
4,7,BB,OUT,0.15763317,0.030745845,0.0047483617,0.018711047,0.042901758,0.1551863,0.01815533,0.5719182
7,7,OUT,OUT,0.1317905,0.054987725,0.0063191922,0.018140882,0.09065866,0.21946381,0.0105339885,0.4681053
7,7,OUT,OUT,0.2021664,0.040325113,0.0058309524,0.016357552,0.10303566,0.1874827,0.0097213155,0.43508032
4,7,BB,OUT,0.19072834,0.01744944,0.0037309257,0.016352924,0.02936976,0.30538014,0.0045982604,0.43239027
7,7,OUT,OUT,0.14915389,0.044702414,0.0032924642,0.015979912,0.06975584,0.17153715,0.0082910005,0.53728735
0,7,SINGLE,OUT,0.18191516,0.051895197,0.0029390454,0.04019197,0.10898369,0.18768452,0.011335285,0.4150551
7,7,OUT,OUT,0.19768968,0.030575633,0.004074177,0.015458922,0.0554813,0.1466895,0.0103353,0.5396955
0,7,SINGLE,OUT,0.1515282,0.03136735,0.0019698571,0.02427748,0.08047803,0.26795942,0.00805453,0.43436518
5,7,SO,OUT,0.067389734,0.024960497,0.004029371,0.0109731695,0.0389611,0.31046888,0.0070857606,0.5361314
7,7,OUT,OUT,0.20683576,0.053846866,0.0035674237,0.036157098,0.120028846,0.16142173,0.01269848,0.40544382
4,7,BB,OUT,0.20948315,0.029315729,0.0060128067,0.011814084,0.080423295,0.11757241,0.0060145496,0.539364
7,7,OUT,OUT,0.121454656,0.039647296,0.0035005854,0.04157615,0.10470785,0.22927466,0.025808591,0.43403015
0,7,SINGLE,OUT,0.12888964,0.04420071,0.0027727394,0.02217549,0.037470613,0.32346046,0.0074137985,0.43361652
7,7,OUT,OUT,0.25284633,0.03360013,0.0057340767,0.021301104,0.06282098,0.2012337,0.0062715826,0.416192
5,7,SO,OUT,0.10677831,0.015067546,0.0056945775,0.018452873,0.02864039,0.35395375,0.01105934,0.46035314
7,7,OUT,OUT,0.13653745,0.0221202,0.0036406226,0.015560333,0.03167006,0.35931644,0.004868735,0.42628616
5,7,SO,OUT,0.15406887,0.04190635,0.0057968628,0.017651727,0.08901058,0.18305089,0.008620244,0.49989453
7,7,OUT,OUT,0.22327645,0.046236113,0.004511218,0.020842763,0.08841306,0.22393633,0.008334162,0.38444987
7,7,OUT,OUT,0.15814051,0.0332217,0.0045475783,0.02047519,0.069876984,0.17313512,0.007208903,0.53339404
7,7,OUT,OUT,0.10303696,0.024495142,0.0043648826,0.0117976,0.0664138,0.3170952,0.008086625,0.46470982
5,7,SO,OUT,0.11215596,0.031725742,0.004370833,0.012023363,0.071961336,0.18681344,0.022934143,0.5580151
7,7,OUT,OUT,0.15423967,0.028501797,0.006274701,0.017785996,0.050120924,0.22096822,0.004673825,0.51743484
5,7,SO,OUT,0.161074,0.03340251,0.0040654074,0.011864003,0.07365824,0.15789211,0.01965414,0.53838956
0,7,SINGLE,OUT,0.18210088,0.03267521,0.0034575036,0.018883135,0.096115015,0.14845625,0.006863868,0.51144814
5,7,SO,OUT,0.11483795,0.03267725,0.0030481967,0.02262316,0.11803966,0.28735542,0.0073940647,0.41402432
6,7,HBP,OUT,0.1299347,0.03835162,0.002863022,0.037277576,0.09846209,0.14674877,0.008347299,0.53801495
7,7,OUT,OUT,0.13988203,0.027154014,0.0046927896,0.011581854,0.07002929,0.20099455,0.012664945,0.5330006
7,7,OUT,OUT,0.20783477,0.043370273,0.0043830383,0.013906319,0.08105569,0.18066496,0.007943196,0.46084177
0,7,SINGLE,OUT,0.14349219,0.030417383,0.0070645637,0.021799624,0.09365301,0.20186186,0.010074014,0.49163732
4,7,BB,OUT,0.1319673,0.047639005,0.0045936326,0.03491617,0.0876098,0.24437104,0.028484147,0.42041898
5,7,SO,OUT,0.13543397,0.026968092,0.0070527764,0.013564136,0.040116988,0.35369244,0.0047392934,0.41843227
7,7,OUT,OUT,0.19487283,0.058975205,0.004904461,0.017197916,0.053387567,0.16305773,0.007713748,0.49989048
7,7,OUT,OUT,0.23529002,0.05529119,0.0038667836,0.02745429,0.061900433,0.11788017,0.010279042,0.488038
5,7,SO,OUT,0.13130091,0.039475705,0.0040250383,0.01750352,0.044518996,0.26706108,0.005500717,0.4906141
7,7,OUT,OUT,0.20603912,0.031617742,0.0045512207,0.020041162,0.04884363,0.23762923,0.0067191385,0.44455883
7,7,OUT,OUT,0.17080292,0.049617626,0.004639922,0.021932183,0.08641537,0.15768084,0.0058043413,0.5031068
1,7,DOUBLE,OUT,0.17717893,0.043798625,0.0030959016,0.013681791,0.051660582,0.14416623,0.01228924,0.5541287
0,7,SINGLE,OUT,0.09845683,0.032193854,0.0017250524,0.019131254,0.058130935,0.33476067,0.012759414,0.44284195
7,7,OUT,OUT,0.15227602,0.05817366,0.0013358864,0.022419466,0.124171846,0.1231918,0.011859509,0.5065717
7,7,OUT,OUT,0.14003916,0.04352808,0.0026699994,0.023556856,0.06859979,0.19372351,0.010037873,0.51784474
7,7,OUT,OUT,0.22304161,0.03352233,0.0037852048,0.01435101,0.11514856,0.09498166,0.01448268,0.50068694
0,7,SINGLE,OUT,0.16427428,0.041428443,0.003464845,0.020108886,0.048538756,0.16922164,0.013985048,0.5389781
7,7,OUT,OUT,0.13881409,0.044275355,0.0039143995,0.026702723,0.05466016,0.22647284,0.01113816,0.49402234
7,7,OUT,OUT,0.19350092,0.05386561,0.00533267,0.03553429,0.0598357,0.1388511,0.00837904,0.5047008
7,7,OUT,OUT,0.19694422,0.064617336,0.0032387078,0.03513869,0.1106124,0.17054519,0.011079871,0.40782365
0,7,SINGLE,OUT,0.20580193,0.04250416,0.0050015883,0.0128741395,0.060833026,0.10289822,0.005430229,0.5646567
5,7,SO,OUT,0.19714437,0.06138469,0.007537682,0.011483605,0.046160273,0.07308306,0.009213549,0.59399277
0,7,SINGLE,OUT,0.18945341,0.04483381,0.0028101162,0.032163456,0.06251434,0.2305905,0.011590707,0.42604366
7,7,OUT,OUT,0.12799062,0.02934366,0.0021719085,0.018425656,0.050170362,0.29995286,0.007904845,0.46404004
7,7,OUT,OUT,0.14992069,0.038473986,0.0035681361,0.022029782,0.06670338,0.19212103,0.004633502,0.52254945
0,7,SINGLE,OUT,0.18744521,0.026848845,0.005051496,0.0120313605,0.09506275,0.10033874,0.0040571564,0.5691644
7,7,OUT,OUT,0.12283516,0.04038517,0.0030943057,0.020121047,0.06373993,0.18223985,0.010545189,0.5570393
7,7,OUT,OUT,0.10998294,0.03257582,0.004227221,0.009784076,0.039473996,0.21167646,0.005670219,0.58660924
7,7,OUT,OUT,0.16548038,0.045786582,0.004979979,0.017875835,0.07582326,0.20061436,0.005164466,0.48427513
7,7,OUT,OUT,0.16860652,0.02325541,0.0036039248,0.014138741,0.040367268,0.23686486,0.005836,0.5073274
7,7,OUT,OUT,0.13426687,0.02992399,0.0021947897,0.026843872,0.08476012,0.29964423,0.011632653,0.41073346
0,7,SINGLE,OUT,0.2207832,0.049755633,0.0026940948,0.03477809,0.116783574,0.13068938,0.0126307,0.43188536
5,5,SO,SO,0.08819875,0.034340378,0.0019848745,0.022661332,0.029815428,0.4130377,0.0062046032,0.40375692
7,7,OUT,OUT,0.24042346,0.036808476,0.004034023,0.017938586,0.053197857,0.11598158,0.009566698,0.52204937
5,7,SO,OUT,0.07412571,0.028277967,0.003970161,0.010673113,0.05887777,0.31329918,0.010525417,0.5002507
7,7,OUT,OUT,0.13311794,0.04596496,0.0057611642,0.010593281,0.042376056,0.15125708,0.007602728,0.60332686
5,7,SO,OUT,0.18859702,0.07144652,0.0052242577,0.013388671,0.11696282,0.092031814,0.010251617,0.50209725
0,7,SINGLE,OUT,0.25713277,0.05822176,0.0037633462,0.030468768,0.07504834,0.11621765,0.00858387,0.45056352
4,7,BB,OUT,0.2478311,0.04609548,0.0060814526,0.02410739,0.055815436,0.18194625,0.009026354,0.42909652
3,7,HR,OUT,0.2175851,0.079766355,0.0031938902,0.033966407,0.11132581,0.141247,0.009738381,0.40317708
0,7,SINGLE,OUT,0.15967025,0.029442027,0.0018698114,0.023651378,0.060446847,0.30320483,0.0064955843,0.41521934
5,7,SO,OUT,0.11465064,0.025384223,0.0041070767,0.012929281,0.04333063,0.2920458,0.0036409157,0.50391144
7,7,OUT,OUT,0.12644294,0.0354918,0.002153148,0.017421665,0.049431145,0.26421255,0.010932991,0.49391377
7,7,OUT,OUT,0.15266804,0.04373285,0.005468832,0.009494786,0.03998721,0.12159978,0.006580444,0.6204681
5,7,SO,OUT,0.18454917,0.02973117,0.003809836,0.02053545,0.043464534,0.20012039,0.009402034,0.50838745
5,7,SO,OUT,0.15104686,0.038489226,0.005517522,0.02534021,0.05794552,0.18187098,0.0065704626,0.5332193
7,7,OUT,OUT,0.24862215,0.04089608,0.013694787,0.049571857,0.09859138,0.13674451,0.0141350925,0.3977441
0,7,SINGLE,OUT,0.13400097,0.03933178,0.0030880813,0.014212195,0.051696792,0.22533453,0.004239017,0.5280966
7,7,OUT,OUT,0.112405024,0.048871484,0.003613973,0.03231227,0.083787225,0.14117979,0.011724459,0.5661058
7,7,OUT,OUT,0.19890606,0.0286626,0.0040796436,0.033787124,0.07713314,0.06316028,0.018076727,0.57619447
4,7,BB,OUT,0.13754065,0.019976793,0.0023884973,0.024610214,0.04221683,0.16203526,0.008984613,0.6022472
7,7,OUT,OUT,0.20044014,0.071053706,0.006502104,0.03023727,0.120268,0.07263013,0.019185456,0.47968322
7,7,OUT,OUT,0.20067294,0.041688405,0.0072167725,0.019236114,0.06705939,0.09859897,0.0113337515,0.5541937
0,7,SINGLE,OUT,0.2500423,0.045773253,0.004831799,0.017848501,0.06337854,0.11000689,0.009793976,0.49832472
7,7,OUT,OUT,0.1695124,0.053016644,0.0038834275,0.03210375,0.05248253,0.16464815,0.012779379,0.51157373
7,7,OUT,OUT,0.13241652,0.052997995,0.0029674252,0.026628887,0.15482919,0.0885799,0.016917491,0.52466255
4,7,BB,OUT,0.119723715,0.086038105,0.002474257,0.059147432,0.20020536,0.14526384,0.021615984,0.36553136
5,7,SO,OUT,0.16824739,0.08699204,0.0035224534,0.03026763,0.16667974,0.06581045,0.027414447,0.45106587
0,7,SINGLE,OUT,0.17634527,0.06975328,0.0033171112,0.04307532,0.10038148,0.09336837,0.01587057,0.49788857
7,7,OUT,OUT,0.22069527,0.10202705,0.007505484,0.018831903,0.12011869,0.050744895,0.01926555,0.46081114
7,7,OUT,OUT,0.2086277,0.0365859,0.005514263,0.008449408,0.039166894,0.096510395,0.008440613,0.5967048
0,7,SINGLE,OUT,0.13134205,0.030128062,0.0055412506,0.009381736,0.06596128,0.23500445,0.00868307,0.5139581
5,7,SO,OUT,0.122699566,0.03678352,0.0025992165,0.026713206,0.036739364,0.13321748,0.0069772503,0.6342704
5,7,SO,OUT,0.1516583,0.026624646,0.004675465,0.016028367,0.07332766,0.3302459,0.01979418,0.37764552
7,7,OUT,OUT,0.20479882,0.034046862,0.0056954804,0.019254474,0.07148629,0.1912319,0.013668095,0.45981815
5,7,SO,OUT,0.2687009,0.048073027,0.0118970275,0.023543315,0.13041556,0.09903127,0.0055167833,0.4128221
3,7,HR,OUT,0.11535009,0.06309871,0.0030214454,0.048439827,0.09371745,0.16427991,0.00559789,0.50649464
0,7,SINGLE,OUT,0.13516508,0.031561207,0.0022998878,0.024010083,0.034170464,0.12714541,0.005634513,0.6400134
0,7,SINGLE,OUT,0.12627372,0.034581263,0.0028425718,0.029113686,0.084572814,0.15139079,0.012021208,0.5592039
5,7,SO,OUT,0.122332625,0.029110149,0.005283566,0.01841385,0.082775705,0.32593012,0.007860195,0.40829387
0,7,SINGLE,OUT,0.2583768,0.055788063,0.004757748,0.032086678,0.08287871,0.0877904,0.009464194,0.46885735
7,7,OUT,OUT,0.15683502,0.025686052,0.0030623144,0.015592986,0.113915615,0.14058334,0.008022177,0.53630245
7,7,OUT,OUT,0.15564294,0.033348862,0.00433047,0.01676703,0.094191134,0.137561,0.0061491895,0.5520094
5,7,SO,OUT,0.1366814,0.042881858,0.0044999416,0.028941154,0.062140275,0.15472297,0.014620617,0.5555118
5,7,SO,OUT,0.11477475,0.037235774,0.0022005248,0.017521834,0.07729447,0.2271042,0.010096564,0.5137719
7,7,OUT,OUT,0.12807271,0.043938093,0.0017917297,0.015751012,0.103764586,0.14318529,0.008781054,0.55471545
5,7,SO,OUT,0.10115619,0.030985637,0.0039394572,0.013746441,0.045103997,0.34242716,0.008421982,0.45421904
1,7,DOUBLE,OUT,0.16008085,0.060877994,0.004432232,0.053160723,0.0688214,0.07866138,0.02858993,0.5453754
7,7,OUT,OUT,0.19710109,0.045826886,0.0046117404,0.011402053,0.04363982,0.18728808,0.006060062,0.5040703
1,7,DOUBLE,OUT,0.12655042,0.046284065,0.002483415,0.020729465,0.059522383,0.25271443,0.0058201794,0.48589557
7,7,OUT,OUT,0.11712221,0.07748518,0.0031659186,0.055301964,0.044790458,0.21907943,0.013153736,0.46990117
7,7,OUT,OUT,0.09077013,0.032631733,0.0041432623,0.0069179935,0.03259918,0.25205067,0.011401388,0.56948566
7,7,OUT,OUT,0.14000982,0.025572818,0.0033553005,0.012445327,0.05901129,0.15101413,0.01290094,0.59569037
4,7,BB,OUT,0.15677476,0.037577085,0.0056223026,0.013620459,0.06013717,0.15614474,0.010053031,0.5600704
4,7,BB,OUT,0.11564257,0.040796164,0.0023098234,0.024280623,0.043600142,0.16268212,0.007591578,0.603097
4,7,BB,OUT,0.16548112,0.041492514,0.003168952,0.018805785,0.05105246,0.146026,0.007977517,0.56599563
5,7,SO,OUT,0.15752135,0.050294947,0.0041513774,0.036056325,0.06975078,0.19201043,0.007588399,0.48262638
5,7,SO,OUT,0.10831335,0.030203884,0.0035732687,0.024113504,0.033145502,0.13310675,0.009175399,0.65836835
0,7,SINGLE,OUT,0.133665,0.08481963,0.005365055,0.036014717,0.040107045,0.1762213,0.009864941,0.5139423
7,7,OUT,OUT,0.25529736,0.0699248,0.0044095074,0.028889975,0.062585674,0.09722087,0.010337788,0.47133398
3,7,HR,OUT,0.15214387,0.06479048,0.003044022,0.035733607,0.04740304,0.18299733,0.011321645,0.502566
7,7,OUT,OUT,0.110623695,0.04029555,0.0027526452,0.036433432,0.0573817,0.23632446,0.006574035,0.5096145
5,7,SO,OUT,0.11129748,0.036366645,0.0051880837,0.009463737,0.053594783,0.26163346,0.0043060016,0.5181498
4,7,BB,OUT,0.14055145,0.030249672,0.0036789156,0.025202362,0.031286396,0.20353216,0.009573262,0.5559258
5,7,SO,OUT,0.18356156,0.03114754,0.008700217,0.03639591,0.06597786,0.1516258,0.013757386,0.5088337
0,7,SINGLE,OUT,0.13063793,0.054075282,0.0040449183,0.020342503,0.059606675,0.22818741,0.0046502477,0.49845508
7,7,OUT,OUT,0.18760501,0.06070112,0.0045416495,0.021737492,0.07182344,0.09934101,0.0068167895,0.5474335
7,7,OUT,OUT,0.094736665,0.035610396,0.0048527685,0.011570836,0.043949742,0.24773379,0.0049985703,0.5565473
0,7,SINGLE,OUT,0.1039697,0.038496263,0.002666674,0.023495192,0.044279326,0.19199076,0.007017357,0.5880847
5,7,SO,OUT,0.17509069,0.058809333,0.0049978653,0.027570765,0.08629785,0.17568274,0.019475438,0.45207536
7,7,OUT,OUT,0.22024271,0.07805331,0.006202136,0.0343144,0.05716522,0.056030188,0.013280481,0.5347116
7,7,OUT,OUT,0.12803604,0.025937263,0.0055246036,0.024996066,0.09604528,0.18210846,0.011137171,0.5262151
7,7,OUT,OUT,0.16993767,0.046116542,0.002754867,0.019922683,0.0732869,0.18662831,0.008907002,0.492446
7,7,OUT,OUT,0.1640386,0.04775761,0.0043596304,0.018197196,0.09178895,0.20210873,0.0037627912,0.46798646
7,7,OUT,OUT,0.2175203,0.04898924,0.0062741367,0.021466903,0.05921359,0.09336587,0.010279245,0.54289067
7,7,OUT,OUT,0.20628342,0.056546822,0.0055562565,0.037559588,0.081325874,0.089001566,0.017944122,0.50578237
7,7,OUT,OUT,0.12672539,0.08180322,0.0024971245,0.034898963,0.08321308,0.124657296,0.015967041,0.53023785
0,7,SINGLE,OUT,0.16287635,0.04979343,0.007048555,0.017542297,0.044755556,0.053229455,0.015576357,0.649178
0,7,SINGLE,OUT,0.17952791,0.05895166,0.0049649626,0.02511199,0.048936617,0.14444852,0.009864863,0.52819353
5,7,SO,OUT,0.1672083,0.069452405,0.0043102084,0.046981055,0.09705974,0.07660207,0.017912043,0.5204742
3,7,HR,OUT,0.14814766,0.074550614,0.0046101473,0.06309158,0.124529205,0.15099996,0.014581609,0.4194892
7,7,OUT,OUT,0.13556015,0.035739124,0.004345424,0.02473482,0.045753065,0.18326941,0.007325463,0.56327254
7,7,OUT,OUT,0.17658964,0.062033106,0.003248988,0.03621319,0.09170583,0.084938966,0.017975852,0.52729446
7,7,OUT,OUT,0.20761429,0.049250174,0.0064543947,0.033749916,0.08849718,0.12835096,0.010131196,0.47595197
0,7,SINGLE,OUT,0.15563853,0.041264027,0.0055466034,0.029449446,0.08327222,0.116924144,0.0070620584,0.560843
7,7,OUT,OUT,0.113000736,0.042263363,0.006271733,0.0112597495,0.12519749,0.1017892,0.0069939084,0.5932238
0,7,SINGLE,OUT,0.13401623,0.040176842,0.010298964,0.02320395,0.061059568,0.15444097,0.0041681975,0.57263523
7,7,OUT,OUT,0.082756236,0.031726692,0.0041080457,0.014494359,0.14086233,0.14424723,0.007486964,0.5743182
7,7,OUT,OUT,0.1709967,0.018728236,0.010211892,0.007882587,0.04766976,0.20457733,0.005710652,0.53422284
7,7,OUT,OUT,0.18862692,0.06687422,0.0049721613,0.021068493,0.0640938,0.1838393,0.005293153,0.46523193
7,7,OUT,OUT,0.1918857,0.028974667,0.0045496924,0.023376644,0.055248987,0.2493589,0.008269868,0.4383355
0,7,SINGLE,OUT,0.244342,0.022272127,0.0062514194,0.0068904497,0.09707695,0.175788,0.0085868295,0.4387922
7,7,OUT,OUT,0.19665821,0.048608612,0.0035984989,0.009943665,0.056933727,0.1608275,0.011700506,0.5117292
7,7,OUT,OUT,0.19461939,0.019821197,0.0047676265,0.007690099,0.06652599,0.15232594,0.009031589,0.54521817
0,7,SINGLE,OUT,0.1000542,0.03075989,0.0061167944,0.010461958,0.18505144,0.14487602,0.0061964598,0.51648325
0,7,SINGLE,OUT,0.16840328,0.040753055,0.003906617,0.04141352,0.05872454,0.08501872,0.0040405174,0.59773976
1,7,DOUBLE,OUT,0.2071441,0.039521396,0.0029281725,0.025721632,0.076034784,0.18060108,0.0078060515,0.4602427
7,7,OUT,OUT,0.244869,0.0631383,0.0030889544,0.055846024,0.09766368,0.12371905,0.003982518,0.40769243
0,7,SINGLE,OUT,0.21012798,0.04853331,0.006082296,0.03143606,0.097724766,0.09894053,0.007987878,0.49916723
1,7,DOUBLE,OUT,0.18728012,0.032073233,0.003343311,0.0591613,0.042959996,0.12367588,0.0036476413,0.5478584
0,7,SINGLE,OUT,0.20185941,0.055972923,0.003251904,0.052089095,0.12135929,0.18969579,0.004943843,0.3708277
7,7,OUT,OUT,0.09474179,0.04279501,0.011110819,0.05162678,0.08260071,0.121621236,0.006801843,0.58870184
0,7,SINGLE,OUT,0.10793279,0.042059977,0.0074735302,0.040581077,0.05255739,0.16327854,0.0051511643,0.5809655
7,7,OUT,OUT,0.07935222,0.03344094,0.0053641675,0.031941265,0.0871494,0.14205022,0.0048350603,0.6158668
5,7,SO,OUT,0.22238131,0.025555095,0.0037557161,0.021695191,0.02929406,0.21687153,0.0047260295,0.4757211
7,7,OUT,OUT,0.20648105,0.060116757,0.004635417,0.012662401,0.058009613,0.1478847,0.010232521,0.4999776
7,7,OUT,OUT,0.11313269,0.028735144,0.0059983735,0.009173367,0.06305619,0.33464023,0.008789755,0.43647423
7,7,OUT,OUT,0.17419793,0.044703994,0.003493882,0.014989414,0.05262422,0.19845127,0.005323852,0.5062154
5,7,SO,OUT,0.14325449,0.030826192,0.0041227606,0.048218656,0.06925613,0.19447456,0.0047790343,0.5050681
7,7,OUT,OUT,0.14386941,0.043598052,0.0027280909,0.018173827,0.054870054,0.27324763,0.009656346,0.45385656
5,7,SO,OUT,0.13964988,0.028791443,0.0072811632,0.009855065,0.072134644,0.22800802,0.0058100093,0.5084698
0,7,SINGLE,OUT,0.13595866,0.030195126,0.005406791,0.031027943,0.03310051,0.35881263,0.015473779,0.39002454
7,7,OUT,OUT,0.082569174,0.033055138,0.0041937176,0.008428393,0.08536402,0.35470724,0.00613759,0.4255447
4,7,BB,OUT,0.13936646,0.05118401,0.003466064,0.030128423,0.11932984,0.28198272,0.017346038,0.35719648
1,7,DOUBLE,OUT,0.13109857,0.031546738,0.006464916,0.029185394,0.089000896,0.16520643,0.00601795,0.5414792
7,7,OUT,OUT,0.17616385,0.024131285,0.004255115,0.012926793,0.060454287,0.16180463,0.010833366,0.5494306
0,7,SINGLE,OUT,0.14951357,0.037007835,0.002777146,0.019800665,0.037616983,0.10031767,0.005213231,0.6477529
0,7,SINGLE,OUT,0.1890725,0.051874943,0.005107689,0.012470873,0.05584147,0.09085005,0.0052006985,0.5895817
7,7,OUT,OUT,0.175418,0.059273575,0.0059263213,0.015791828,0.07811729,0.12449285,0.0069803493,0.5339998
7,7,OUT,OUT,0.13456161,0.038084604,0.0042404276,0.013895389,0.084196955,0.14979021,0.008795592,0.5664352
7,7,OUT,OUT,0.11111228,0.04727735,0.0039450345,0.010290545,0.059159778,0.19921085,0.008631613,0.56037265
0,7,SINGLE,OUT,0.117636845,0.0656814,0.0049171196,0.01109388,0.062365893,0.16050002,0.010539532,0.5672653
7,7,OUT,OUT,0.14987361,0.02612722,0.0051933248,0.012402825,0.06035372,0.18767765,0.0057264143,0.55264527
7,7,OUT,OUT,0.13565573,0.02725692,0.004525591,0.019476501,0.078609385,0.2688576,0.0069533535,0.45866495
0,7,SINGLE,OUT,0.10639028,0.028138379,0.004440071,0.020083873,0.044687264,0.2560264,0.0041023744,0.5361313
7,7,OUT,OUT,0.11115712,0.030912375,0.0021392934,0.023352051,0.033284646,0.22045498,0.010561262,0.56813824
4,7,BB,OUT,0.13950337,0.03663458,0.0061395285,0.029844051,0.058277227,0.18707807,0.01616982,0.52635336
7,7,OUT,OUT,0.13065006,0.03109776,0.009530113,0.012244702,0.07281416,0.2495948,0.00819656,0.48587194
5,7,SO,OUT,0.16142336,0.040065262,0.0047801663,0.020116948,0.051686604,0.16126825,0.0074008717,0.5532585
0,7,SINGLE,OUT,0.07478347,0.030112505,0.004750538,0.011510455,0.05827441,0.1971091,0.0038940054,0.6195655
7,7,OUT,OUT,0.085502595,0.029548103,0.0040026153,0.026989082,0.06701981,0.28074622,0.0040668533,0.5021247
0,7,SINGLE,OUT,0.11768969,0.02221608,0.004016577,0.00999653,0.048449606,0.17658393,0.011466642,0.60958093
7,7,OUT,OUT,0.14637439,0.050885305,0.0022445123,0.020631157,0.07417148,0.14688864,0.00823055,0.5505739
0,7,SINGLE,OUT,0.16020715,0.03481563,0.0032013885,0.03385911,0.055659045,0.16715239,0.0117968805,0.5333084
5,7,SO,OUT,0.086249456,0.031022012,0.0020103313,0.012839784,0.054239642,0.19029343,0.0144834155,0.608862
7,7,OUT,OUT,0.08069523,0.032925535,0.0027524668,0.01039565,0.08215824,0.18804072,0.014967272,0.5880649
1,7,DOUBLE,OUT,0.15519671,0.06122388,0.0063159713,0.02534381,0.061064485,0.16988763,0.014525674,0.50644183
7,7,OUT,OUT,0.07125812,0.020777648,0.003531602,0.0054122703,0.06992199,0.20644592,0.0051141265,0.61753833
5,7,SO,OUT,0.16216108,0.047191497,0.0040626596,0.012297314,0.08829773,0.16091783,0.008083132,0.51698875
3,7,HR,OUT,0.19017278,0.053052563,0.002243858,0.014291215,0.082333826,0.107255004,0.009046936,0.54160386
7,7,OUT,OUT,0.1295706,0.046722006,0.005497758,0.034233492,0.065134786,0.15628827,0.005893555,0.55665946
5,7,SO,OUT,0.1729929,0.028926767,0.005189747,0.029718038,0.086585276,0.2242213,0.008854011,0.44351205
7,7,OUT,OUT,0.22001754,0.0351414,0.003751298,0.01815699,0.046623636,0.20610124,0.007033745,0.46317425
7,7,OUT,OUT,0.11180452,0.027479364,0.0037145836,0.006066601,0.040487055,0.23564221,0.009543325,0.5652624
7,7,OUT,OUT,0.17373045,0.039520554,0.004827963,0.019547733,0.16273734,0.12656319,0.009066015,0.46400678
7,7,OUT,OUT,0.21193437,0.050803103,0.004830549,0.022091536,0.08821886,0.15111805,0.0058339215,0.4651696
5,7,SO,OUT,0.20532084,0.030832577,0.0037035153,0.009860216,0.055461776,0.16512518,0.0075557004,0.5221402
7,7,OUT,OUT,0.21295756,0.021104997,0.0039593177,0.0048609725,0.06463659,0.17067726,0.007925227,0.5138781
0,7,SINGLE,OUT,0.18909554,0.033121116,0.0029634277,0.008721078,0.049663655,0.18176676,0.014523601,0.5201449
5,7,SO,OUT,0.14583236,0.026798053,0.0028725837,0.011254957,0.054437213,0.21567254,0.008483866,0.5346484
5,7,SO,OUT,0.12806195,0.03731686,0.0042340765,0.02779463,0.08383486,0.28388202,0.013334845,0.4215408
0,7,SINGLE,OUT,0.15564317,0.026832286,0.0075479047,0.015284371,0.06848474,0.119936,0.010091447,0.5961801
5,7,SO,OUT,0.108747624,0.039240375,0.006266892,0.020204306,0.06413631,0.19630146,0.0141701065,0.550933
0,7,SINGLE,OUT,0.13655767,0.029838674,0.0057291365,0.014157191,0.05026048,0.23538315,0.013929104,0.5141446
7,7,OUT,OUT,0.121525206,0.023100596,0.0048960582,0.009085349,0.07437345,0.16031817,0.013398354,0.59330285
0,7,SINGLE,OUT,0.14486858,0.029508365,0.0052799787,0.010635363,0.06982184,0.2542885,0.0071307085,0.47846657
7,7,OUT,OUT,0.15152124,0.02825307,0.003316355,0.013771214,0.052713875,0.15284994,0.0040182583,0.59355605
7,7,OUT,OUT,0.17157015,0.021965794,0.003678618,0.011493046,0.067307666,0.10778673,0.0075199907,0.608678
7,7,OUT,OUT,0.13637298,0.028502177,0.0023540752,0.010796603,0.06520675,0.15892115,0.0047218017,0.59312445
5,7,SO,OUT,0.15163592,0.04131146,0.003752478,0.021679042,0.12579364,0.2022867,0.009405947,0.44413477
4,7,BB,OUT,0.21188737,0.042112995,0.0050419266,0.017438287,0.12467079,0.16462049,0.010704034,0.42352417
7,7,OUT,OUT,0.14469315,0.03173422,0.007453571,0.015309173,0.09488662,0.13921556,0.011396559,0.55531114
1,7,DOUBLE,OUT,0.1962272,0.0289259,0.006349364,0.010536143,0.070594564,0.19706553,0.0071874,0.48311388
5,7,SO,OUT,0.25615233,0.024062144,0.009374367,0.0037110315,0.118152596,0.12479485,0.0069765537,0.45677608
7,7,OUT,OUT,0.1630594,0.047450487,0.008868074,0.009260218,0.09862202,0.1928377,0.013101441,0.46680057
7,7,OUT,OUT,0.1401295,0.02904443,0.005043051,0.003308593,0.084225655,0.26766935,0.010215426,0.46036398
0,7,SINGLE,OUT,0.27487037,0.03540107,0.008228923,0.014302997,0.095966235,0.16897798,0.010136711,0.39211562
4,7,BB,OUT,0.2530297,0.042804223,0.0058930824,0.014971508,0.07316906,0.19703788,0.0061829574,0.40691152
7,7,OUT,OUT,0.16100328,0.051672034,0.007823886,0.019124646,0.07529878,0.17477813,0.0144420015,0.49585715
4,7,BB,OUT,0.15769039,0.046834838,0.005308587,0.013366408,0.05007198,0.25089338,0.005383573,0.4704509
5,7,SO,OUT,0.18513243,0.047678933,0.009667089,0.01244156,0.09366691,0.19986622,0.01147695,0.44006985
5,7,SO,OUT,0.14918607,0.027326,0.007899691,0.014175453,0.051706698,0.21059103,0.011861094,0.5272539
7,7,OUT,OUT,0.14755447,0.056109685,0.0030404595,0.030166948,0.068415046,0.16869567,0.0051773624,0.52084035
7,7,OUT,OUT,0.19709496,0.07324608,0.0028446745,0.016612688,0.030527346,0.2325663,0.008676045,0.43843195
5,7,SO,OUT,0.14527932,0.03194284,0.004889884,0.04469913,0.0658199,0.25624374,0.0050326637,0.44609264
7,7,OUT,OUT,0.18862619,0.049204275,0.0069186436,0.03039021,0.07353368,0.08526524,0.007485983,0.55857575
7,7,OUT,OUT,0.13812622,0.050043937,0.0041722385,0.025137253,0.04576113,0.20400512,0.0053919503,0.52736205
0,7,SINGLE,OUT,0.19398668,0.034094263,0.0043107364,0.017320408,0.048865624,0.18987606,0.009057359,0.5024889
0,7,SINGLE,OUT,0.19002837,0.0211854,0.0045463736,0.010029263,0.058251202,0.11351996,0.007834294,0.5946051
0,7,SINGLE,OUT,0.16503744,0.042294018,0.003966658,0.014982773,0.050442476,0.16415355,0.011273866,0.5478493
1,7,DOUBLE,OUT,0.15859161,0.047626287,0.004501442,0.020168167,0.07124498,0.18206494,0.008869213,0.5069334
7,7,OUT,OUT,0.27154192,0.055088498,0.009605433,0.013712036,0.0913183,0.14495212,0.006761486,0.40702018
7,7,OUT,OUT,0.18021676,0.035590958,0.0053289863,0.016421713,0.12461747,0.19001035,0.0050565097,0.44275734
7,7,OUT,OUT,0.12454792,0.03458289,0.0051751104,0.008446078,0.064867936,0.30804032,0.0074188807,0.44692087
7,7,OUT,OUT,0.16371015,0.036023848,0.004134226,0.031344235,0.06559794,0.22481523,0.0072359396,0.4671384
3,7,HR,OUT,0.29629532,0.030759692,0.007566447,0.02199642,0.06720763,0.15231678,0.0067729657,0.41708475
7,7,OUT,OUT,0.20120828,0.031881932,0.008030615,0.02682525,0.07160737,0.13135259,0.006663428,0.52243054
0,7,SINGLE,OUT,0.18446854,0.027995434,0.0049736905,0.023580696,0.04207509,0.20003258,0.0054684547,0.5114056
7,7,OUT,OUT,0.10084039,0.036090087,0.003999813,0.029032236,0.06842662,0.14761816,0.0068065883,0.60718614
0,7,SINGLE,OUT,0.23548442,0.035767317,0.009922147,0.02298909,0.065370925,0.19428718,0.007492498,0.42868644
7,7,OUT,OUT,0.25909907,0.018067595,0.00845795,0.009263762,0.0657424,0.16181633,0.0071982066,0.47035468
5,7,SO,OUT,0.23013774,0.024499098,0.0056626266,0.023869578,0.060427986,0.19227067,0.008036473,0.4550958
7,7,OUT,OUT,0.14796814,0.017118,0.0035574164,0.014214485,0.055519857,0.24286647,0.0051271934,0.5136284
0,7,SINGLE,OUT,0.36627916,0.050966818,0.0053711897,0.013441088,0.051400445,0.1187398,0.006331401,0.3874701
5,7,SO,OUT,0.13689835,0.035812918,0.004550551,0.024028841,0.08348239,0.2073608,0.0051809857,0.5026852
4,7,BB,OUT,0.22262427,0.048789714,0.0072720954,0.03229791,0.097112074,0.13420631,0.0034394823,0.45425814
1,7,DOUBLE,OUT,0.1713642,0.042765208,0.0039712796,0.03193179,0.082714275,0.22440541,0.0076048495,0.43524295
1,7,DOUBLE,OUT,0.16426378,0.047529273,0.0061727692,0.01729786,0.09042555,0.096375644,0.009395304,0.56853986
3,7,HR,OUT,0.19632322,0.066144265,0.004947527,0.01938509,0.115825474,0.12650926,0.012182376,0.45868272
7,7,OUT,OUT,0.23288831,0.04559045,0.004993254,0.024570942,0.071528584,0.12464225,0.005909324,0.48987684
7,7,OUT,OUT,0.15619361,0.040873434,0.0028175656,0.008751901,0.026657969,0.19618092,0.008764279,0.5597604
7,7,OUT,OUT,0.1422233,0.03447192,0.005315413,0.016212491,0.055854235,0.19425765,0.012561196,0.5391038
7,7,OUT,OUT,0.1942266,0.044968963,0.0059140413,0.03585948,0.081872866,0.16163436,0.0056377286,0.469886
0,7,SINGLE,OUT,0.106588684,0.034089174,0.0022913157,0.01529697,0.08341353,0.15973198,0.009035526,0.5895528
5,7,SO,OUT,0.27303746,0.042494603,0.005900494,0.010074873,0.035057895,0.15714777,0.0073168385,0.46896994
7,7,OUT,OUT,0.18216667,0.03162428,0.0038736302,0.0076834895,0.062149577,0.24917701,0.008936781,0.4543885
5,7,SO,OUT,0.10276607,0.032072335,0.004277598,0.009187419,0.059678264,0.21686491,0.008192992,0.5669605
1,7,DOUBLE,OUT,0.15721479,0.025898753,0.005755203,0.02173634,0.11411992,0.14565054,0.011048745,0.5185757
5,7,SO,OUT,0.18916076,0.049385846,0.0071890615,0.027205803,0.107144214,0.19816057,0.026137479,0.39561623
0,7,SINGLE,OUT,0.18737754,0.040792756,0.005293433,0.011565721,0.100847,0.12616986,0.012022504,0.5159312
4,7,BB,OUT,0.13737248,0.080348365,0.008707936,0.040399317,0.14087215,0.11430442,0.009328069,0.4686672
7,7,OUT,OUT,0.13361786,0.06861211,0.0073459693,0.033470035,0.11530122,0.21620111,0.015343078,0.4101086
7,7,OUT,OUT,0.15361455,0.038297553,0.006809838,0.017269623,0.091671005,0.16051275,0.0079580275,0.52386665
0,7,SINGLE,OUT,0.18772861,0.031319052,0.0037014205,0.010026732,0.08899322,0.12130217,0.004440548,0.55248815
4,7,BB,OUT,0.1549212,0.058848474,0.002591083,0.02165634,0.13888027,0.17338595,0.011461791,0.43825495
7,7,OUT,OUT,0.17155807,0.035850443,0.0047160676,0.0057229525,0.08335169,0.0888493,0.008349662,0.6016018
1,7,DOUBLE,OUT,0.13463388,0.033910505,0.003617115,0.016076228,0.035236154,0.20971301,0.008302356,0.5585107
7,7,OUT,OUT,0.1365607,0.028479617,0.008631115,0.0095135635,0.07098387,0.22644201,0.0069946307,0.5123945
5,7,SO,OUT,0.1610406,0.024712602,0.0031541607,0.019674577,0.0940874,0.12400944,0.009288475,0.5640328
7,7,OUT,OUT,0.120123655,0.024266338,0.0039601577,0.030250832,0.068167664,0.18123865,0.009743813,0.56224895
7,7,OUT,OUT,0.09969666,0.012354073,0.004556503,0.020198604,0.09565515,0.2547179,0.0060558,0.5067653
7,7,OUT,OUT,0.22810341,0.05196082,0.004884501,0.047839507,0.120588146,0.09964926,0.014824649,0.43214977
1,7,DOUBLE,OUT,0.12794842,0.06771562,0.0029889871,0.02683328,0.078221284,0.20623024,0.01066303,0.4793992
7,7,OUT,OUT,0.19744088,0.029647341,0.0051263794,0.012359782,0.087654546,0.22335047,0.013003182,0.43141732
5,7,SO,OUT,0.16910386,0.029158464,0.004803765,0.008105484,0.08478515,0.2638729,0.01370111,0.42646924
7,7,OUT,OUT,0.108879596,0.03347014,0.0043606553,0.0070932666,0.066163756,0.2539678,0.01038667,0.51567817
0,7,SINGLE,OUT,0.14608492,0.028699903,0.0031193795,0.05100804,0.1169203,0.19260684,0.010975766,0.45058483
4,7,BB,OUT,0.20246501,0.031526595,0.007715513,0.0215602,0.15901916,0.06760488,0.009009869,0.50109875
5,7,SO,OUT,0.1726524,0.077259056,0.0071080523,0.040154554,0.21263999,0.077664316,0.013085257,0.39943638
5,7,SO,OUT,0.10271211,0.041733257,0.0070944265,0.034832872,0.15035042,0.15790829,0.018706307,0.4866623
7,7,OUT,OUT,0.13137683,0.022103583,0.0014587102,0.0113822175,0.04705505,0.21792991,0.00948785,0.5592059
5,7,SO,OUT,0.13469829,0.027579263,0.0050882306,0.022882951,0.03464749,0.32704243,0.007217344,0.440844
5,7,SO,OUT,0.121326216,0.012790991,0.010457826,0.007703721,0.13198712,0.17547138,0.00451368,0.5357491
7,7,OUT,OUT,0.104497805,0.028758863,0.0037081854,0.017585741,0.035326444,0.1267082,0.008346423,0.6750684
0,7,SINGLE,OUT,0.14724869,0.030043995,0.0037978939,0.014052424,0.07471112,0.10906379,0.005328721,0.6157534
7,7,OUT,OUT,0.13079962,0.08205132,0.0024581987,0.059183467,0.09619698,0.16898361,0.012119778,0.448207
4,7,BB,OUT,0.14961596,0.030923244,0.004744198,0.012199853,0.038742386,0.11794157,0.0062714084,0.63956136
7,7,OUT,OUT,0.15139128,0.054684732,0.0033613998,0.023481335,0.061302297,0.17621845,0.014217603,0.5153429
7,7,OUT,OUT,0.11950094,0.030403694,0.003392429,0.012933972,0.04010247,0.20620823,0.010565928,0.57689226
1,7,DOUBLE,OUT,0.17177871,0.030777937,0.0053479723,0.021061571,0.081648424,0.1808138,0.009444915,0.49912664
7,7,OUT,OUT,0.18195863,0.05127017,0.002669928,0.010761082,0.080020726,0.21588561,0.014339957,0.44309384
4,7,BB,OUT,0.17491506,0.061198525,0.0046937815,0.009704007,0.08427338,0.091750346,0.010938418,0.56252646
7,7,OUT,OUT,0.11005847,0.06128482,0.004928372,0.026668139,0.06414887,0.09066368,0.0250394,0.61720824
6,7,HBP,OUT,0.12033177,0.046092056,0.0061131255,0.026761001,0.091175064,0.24872614,0.03221324,0.4285877
0,7,SINGLE,OUT,0.24780545,0.029449528,0.0031298867,0.028401293,0.054313086,0.059762232,0.014608984,0.5625295
1,7,DOUBLE,OUT,0.10231639,0.021824187,0.0042066816,0.0075564524,0.020942459,0.16507751,0.010583218,0.6674931
0,7,SINGLE,OUT,0.10630672,0.02687686,0.006120871,0.009326628,0.036521118,0.23964679,0.0048325295,0.5703685
0,7,SINGLE,OUT,0.12624839,0.016233087,0.0056796023,0.021180196,0.047490437,0.22390212,0.006157282,0.55310893
7,7,OUT,OUT,0.109398894,0.017080925,0.004284576,0.020835396,0.106148414,0.13453074,0.012646427,0.59507465
7,7,OUT,OUT,0.13698466,0.021166828,0.002009008,0.0110252565,0.02600616,0.29404935,0.005614034,0.50314474
7,7,OUT,OUT,0.14575264,0.029959386,0.002929675,0.012604414,0.032588147,0.20949139,0.006370797,0.56030357
0,7,SINGLE,OUT,0.13320582,0.028709093,0.0029539547,0.013134892,0.029712558,0.35203943,0.006697444,0.43354678
5,7,SO,OUT,0.078265056,0.020344194,0.0029105619,0.008464397,0.02485381,0.3234085,0.0032016532,0.53855187
5,7,SO,OUT,0.14416875,0.028369892,0.00284311,0.039171033,0.05730294,0.19228792,0.011643204,0.5242132
1,7,DOUBLE,OUT,0.19593774,0.060781226,0.0055495575,0.02972542,0.07925412,0.12125198,0.010852863,0.49664712
7,7,OUT,OUT,0.16797492,0.05153393,0.0059324265,0.040335346,0.12791498,0.1482686,0.01924397,0.43879578
5,7,SO,OUT,0.109069854,0.042270552,0.004898257,0.03666783,0.07739104,0.20645514,0.019703614,0.5035437
7,7,OUT,OUT,0.2347412,0.053324018,0.0050361687,0.030913755,0.10678993,0.09745749,0.013115777,0.45862165
7,7,OUT,OUT,0.11255269,0.03590964,0.00305945,0.011088805,0.07416801,0.18420202,0.008045655,0.57097363
7,7,OUT,OUT,0.19072227,0.058316123,0.003286741,0.027029274,0.11961952,0.19179772,0.012511676,0.3967167
7,7,OUT,OUT,0.11721531,0.03359242,0.0028803395,0.011243618,0.056948267,0.16296503,0.008036491,0.6071185
5,7,SO,OUT,0.11610096,0.027338864,0.005215828,0.01479838,0.110594936,0.09058542,0.010275183,0.6250905
5,7,SO,OUT,0.1711773,0.023419162,0.002654217,0.009461578,0.06474917,0.1379915,0.0027163178,0.58783084
0,7,SINGLE,OUT,0.17402466,0.04274744,0.0038607982,0.009430561,0.09019597,0.1735432,0.0034710683,0.5027264
5,7,SO,OUT,0.113028966,0.03465066,0.0025975506,0.015346158,0.062395513,0.2539154,0.007923938,0.5101419
0,7,SINGLE,OUT,0.16267344,0.04194656,0.002918294,0.024789732,0.04721246,0.14221479,0.0048228926,0.5734219
4,7,BB,OUT,0.13802397,0.041299555,0.0064936494,0.011496279,0.098482534,0.12296731,0.011168744,0.5700679
5,7,SO,OUT,0.09576241,0.013363927,0.012166775,0.0038705717,0.12554608,0.16434893,0.0034234233,0.5815179
1,7,DOUBLE,OUT,0.082491845,0.02170646,0.0024260553,0.008364921,0.026437698,0.40815127,0.0073133237,0.44310835
7,7,OUT,OUT,0.06734797,0.053024493,0.0047523696,0.013721889,0.023708988,0.33218998,0.006627058,0.49862722
7,7,OUT,OUT,0.16580918,0.052643597,0.0048043397,0.024307461,0.041235976,0.1682467,0.007748943,0.5352038
0,7,SINGLE,OUT,0.16094331,0.07065185,0.0063267406,0.02197004,0.063134745,0.15511438,0.004043682,0.51781523
5,7,SO,OUT,0.14476313,0.04005533,0.0035003275,0.026012369,0.04720231,0.15158863,0.005430632,0.58144724
7,7,OUT,OUT,0.10069882,0.026297146,0.0029323508,0.01473049,0.025704423,0.2754861,0.0058427686,0.54830784
7,7,OUT,OUT,0.12022268,0.04190026,0.0024000471,0.040536497,0.059788864,0.15300998,0.0076759625,0.5744657
4,7,BB,OUT,0.13288818,0.05160132,0.002878218,0.043102995,0.103458665,0.27598396,0.0054208613,0.38466582
7,7,OUT,OUT,0.16527128,0.032047767,0.002805558,0.028036363,0.055851836,0.14853722,0.0053885365,0.5620615
4,7,BB,OUT,0.10713212,0.043102663,0.0029571776,0.013082149,0.05815729,0.19646521,0.009687034,0.5694163
7,7,OUT,OUT,0.08286818,0.01565026,0.0047176573,0.0067462614,0.059829824,0.26009405,0.0069590295,0.56313473
0,7,SINGLE,OUT,0.2393237,0.055958778,0.0031367508,0.026276594,0.05649746,0.07311351,0.005922536,0.53977066
7,7,OUT,OUT,0.14592496,0.081075534,0.00567498,0.05353772,0.11410041,0.12758859,0.011472694,0.46062523
0,7,SINGLE,OUT,0.1692669,0.03540229,0.0039866394,0.018800016,0.057065323,0.10524062,0.008204632,0.60203356
7,7,OUT,OUT,0.11323882,0.047101587,0.00616194,0.010158043,0.054642007,0.09813959,0.0048363963,0.6657216
5,7,SO,OUT,0.12833896,0.05791031,0.0041814386,0.012035728,0.07490132,0.14416443,0.005967905,0.57249993
7,7,OUT,OUT,0.15027086,0.02193804,0.00696233,0.014258402,0.04518654,0.15130314,0.0070687043,0.603012
7,7,OUT,OUT,0.1267863,0.026805,0.0056522903,0.0161679,0.03909062,0.37664104,0.005445761,0.40341106
5,7,SO,OUT,0.058761925,0.03508566,0.0035864057,0.022269208,0.021760661,0.2917892,0.0057030744,0.56104386
7,7,OUT,OUT,0.17787287,0.049759433,0.004080753,0.019829188,0.04553268,0.12403584,0.010799253,0.56809
0,7,SINGLE,OUT,0.2061067,0.0572068,0.00337289,0.02200246,0.08988913,0.119805165,0.007888462,0.49372837
4,7,BB,OUT,0.15758455,0.038331654,0.0029691665,0.020540735,0.0611124,0.11105732,0.007154237,0.60124993
7,7,OUT,OUT,0.12505963,0.035479665,0.006812693,0.011728874,0.04223843,0.13083558,0.013414604,0.6344305
5,7,SO,OUT,0.17018095,0.028932165,0.0048168157,0.012062377,0.053295534,0.28870666,0.00540331,0.43660218
0,7,SINGLE,OUT,0.14687929,0.09344174,0.0026354082,0.035275776,0.118541606,0.24953175,0.008013299,0.34568113
7,7,OUT,OUT,0.20249218,0.083185375,0.0045049917,0.018794427,0.071297124,0.13061376,0.0077241743,0.4813879
0,7,SINGLE,OUT,0.17083375,0.03613501,0.004283826,0.019941844,0.042572007,0.10332082,0.00667034,0.61624235
7,7,OUT,OUT,0.12475732,0.04559351,0.0055059833,0.016383903,0.044256873,0.16052914,0.0046987054,0.5982745
1,7,DOUBLE,OUT,0.15552606,0.023173068,0.0048726015,0.010666266,0.042701315,0.18522686,0.0062471065,0.5715867
5,7,SO,OUT,0.11375891,0.018516304,0.0058761686,0.015844213,0.07595224,0.1886892,0.0071939663,0.574169
0,7,SINGLE,OUT,0.13998137,0.026547223,0.0068891034,0.011955768,0.08246591,0.17806675,0.009100987,0.544993
7,7,OUT,OUT,0.11130415,0.017636672,0.0070725977,0.018491866,0.09106659,0.2036325,0.0074149882,0.5433807
4,7,BB,OUT,0.08093868,0.021132626,0.004200671,0.027048394,0.08637983,0.23702897,0.014287117,0.5289837
5,7,SO,OUT,0.12498599,0.06112253,0.0038960935,0.023140812,0.07818119,0.26551437,0.0068741585,0.4362848
5,7,SO,OUT,0.20786802,0.026360553,0.0056718867,0.011384039,0.04430755,0.2504653,0.0068965,0.44704604
7,7,OUT,OUT,0.1145272,0.017810212,0.0037164183,0.009197022,0.02358371,0.283834,0.005313724,0.5420177
4,7,BB,OUT,0.15940313,0.030309051,0.0046240734,0.02816921,0.1232007,0.26323953,0.009706327,0.38134807
5,7,SO,OUT,0.21786636,0.039267506,0.0060296594,0.05006454,0.10757224,0.17498375,0.023188867,0.38102698
5,7,SO,OUT,0.18862103,0.047783125,0.003800027,0.03886456,0.20413941,0.09784061,0.012764289,0.40618697
4,7,BB,OUT,0.11507919,0.031810727,0.003164998,0.032746706,0.09127395,0.25810587,0.022024497,0.44579414
7,7,OUT,OUT,0.12310349,0.026945705,0.007964737,0.019812642,0.14222261,0.19894646,0.017523305,0.46348104
0,7,SINGLE,OUT,0.11084729,0.03227131,0.0043282285,0.01165008,0.033512767,0.3053411,0.008441593,0.4936077
7,7,OUT,OUT,0.17700295,0.07061819,0.0029805042,0.03167597,0.038228948,0.17851706,0.013715371,0.48726097
0,7,SINGLE,OUT,0.1336236,0.03158418,0.0042808126,0.012597108,0.0469384,0.35123315,0.00526049,0.41448227
5,7,SO,OUT,0.09022245,0.02789641,0.004203452,0.008120145,0.04128583,0.21968482,0.0044596554,0.6041272
7,7,OUT,OUT,0.07760215,0.020755155,0.0036996482,0.008977979,0.060460076,0.30820617,0.0047667683,0.515532
3,7,HR,OUT,0.17149192,0.052221753,0.0048327968,0.016059192,0.0951794,0.19448183,0.007215543,0.45851755
7,7,OUT,OUT,0.14049548,0.029057924,0.0067379745,0.016800055,0.050621886,0.16218585,0.007881401,0.5862194
7,7,OUT,OUT,0.16072197,0.06579077,0.0030258934,0.03607072,0.059369538,0.18733284,0.0067718746,0.48091644
7,7,OUT,OUT,0.12494767,0.042817622,0.0028372225,0.031237582,0.06297459,0.19859517,0.0065365797,0.5300536
1,7,DOUBLE,OUT,0.19168451,0.06390107,0.004917049,0.023476966,0.061833367,0.11522051,0.012580356,0.5263861
0,7,SINGLE,OUT,0.20504664,0.06995118,0.0047160788,0.019942977,0.07107068,0.098071866,0.009645523,0.5215551
3,7,HR,OUT,0.11504685,0.06193963,0.0034550312,0.047865156,0.056744896,0.19255438,0.006132547,0.5162616
7,7,OUT,OUT,0.18331563,0.06397464,0.0037362617,0.03465651,0.042771466,0.104782335,0.007915178,0.558848
7,7,OUT,OUT,0.13761032,0.030204648,0.0033654557,0.010714576,0.10300573,0.160549,0.0033473147,0.551203
7,7,OUT,OUT,0.1792891,0.071361765,0.0048959116,0.018685136,0.08604642,0.1938203,0.012431277,0.43347007
7,7,OUT,OUT,0.13464335,0.03819311,0.00312917,0.01623763,0.06358254,0.26881635,0.007956985,0.46744087
6,7,HBP,OUT,0.16325843,0.041347567,0.003781221,0.014374842,0.057492908,0.2613616,0.008243708,0.4501397
5,7,SO,OUT,0.12504244,0.03545255,0.005136571,0.011395758,0.063250974,0.19640459,0.008087614,0.5552295
7,7,OUT,OUT,0.14322177,0.03221184,0.0028446822,0.015439013,0.06901942,0.18118146,0.0069469097,0.54913485
7,7,OUT,OUT,0.108495034,0.029571125,0.0019024829,0.014157265,0.039082047,0.2640755,0.0109442,0.5317724
4,7,BB,OUT,0.27693108,0.031681284,0.0046352656,0.013877268,0.07306502,0.2576974,0.012295601,0.32981715
7,7,OUT,OUT,0.13636188,0.04146963,0.004326267,0.012808665,0.043030556,0.16650993,0.012024287,0.5834688
1,7,DOUBLE,OUT,0.16043447,0.03683125,0.003982217,0.013331959,0.05716388,0.18282731,0.008184467,0.53724444
5,7,SO,OUT,0.21850199,0.035248023,0.0058523645,0.005669961,0.061220463,0.13118339,0.01093593,0.53138787
0,7,SINGLE,OUT,0.1439904,0.05179596,0.0059348606,0.013710192,0.06884612,0.22221333,0.013464334,0.48004478
7,7,OUT,OUT,0.13483222,0.059553433,0.0021870155,0.021047775,0.05800769,0.2088505,0.0072145644,0.5083068
5,7,SO,OUT,0.1321024,0.031799514,0.004765739,0.0208442,0.05038482,0.18244745,0.015518137,0.5621377
0,7,SINGLE,OUT,0.15721051,0.029954439,0.003975481,0.0058073094,0.04521452,0.12485964,0.013616251,0.6193619
2,7,TRIPLE,OUT,0.1780132,0.021292578,0.0058708964,0.008631049,0.06884451,0.18590124,0.008646373,0.52280015
5,7,SO,OUT,0.1461243,0.06894097,0.0029921709,0.016042223,0.07042864,0.12045389,0.008986029,0.56603175
7,7,OUT,OUT,0.19273007,0.028374022,0.0061716563,0.010340135,0.048884325,0.16690756,0.0072536026,0.5393387
0,7,SINGLE,OUT,0.17857951,0.056483883,0.0029590356,0.020418242,0.063671716,0.14737846,0.008225734,0.52228343
5,7,SO,OUT,0.12395351,0.027389443,0.0046618152,0.014013384,0.042736858,0.19403733,0.0087024355,0.58450526
7,7,OUT,OUT,0.11002784,0.046309683,0.0033658654,0.018294998,0.05805733,0.19134521,0.01368458,0.5589145
7,7,OUT,OUT,0.16032787,0.038738586,0.004538611,0.017184177,0.05971755,0.14410281,0.008201905,0.5671885
0,7,SINGLE,OUT,0.1028725,0.053410985,0.004136829,0.019352425,0.04860157,0.2659832,0.007866382,0.49777606
5,7,SO,OUT,0.1353418,0.02995852,0.005282308,0.019073699,0.030718451,0.184424,0.010583307,0.5846179
7,7,OUT,OUT,0.13439949,0.043051418,0.00501236,0.017235313,0.04978001,0.12202225,0.013456206,0.615043
4,7,BB,OUT,0.17636979,0.038025193,0.009387413,0.011928658,0.09044608,0.18700361,0.014200347,0.47263896
4,7,BB,OUT,0.22475807,0.07059701,0.0046310923,0.016905183,0.065883934,0.16042095,0.007866834,0.44893688
0,7,SINGLE,OUT,0.23567602,0.045378402,0.0048032873,0.013168441,0.06260767,0.16709062,0.007642984,0.46363258
0,7,SINGLE,OUT,0.18200517,0.052850995,0.0042793355,0.01992537,0.023962839,0.22570513,0.008052117,0.48321897
7,7,OUT,OUT,0.14395224,0.029362787,0.0032231165,0.01590686,0.04312182,0.26515773,0.005952593,0.49332285
7,7,OUT,OUT,0.19224493,0.038790252,0.0041538803,0.014328577,0.04368744,0.15463318,0.014260665,0.53790104
0,7,SINGLE,OUT,0.13118283,0.03716655,0.003222558,0.012106766,0.06618923,0.3108939,0.009215572,0.43002263
0,7,SINGLE,OUT,0.14418618,0.040382475,0.0029956552,0.014975704,0.03142845,0.14890055,0.007996927,0.60913414
1,7,DOUBLE,OUT,0.27859333,0.040895276,0.0065406775,0.008364828,0.041322555,0.10686941,0.010507878,0.50690615
5,7,SO,OUT,0.12747283,0.026659928,0.0021564532,0.011350702,0.071125135,0.31421125,0.007046662,0.43997708
7,7,OUT,OUT,0.14596118,0.02864683,0.00722555,0.01582921,0.118820086,0.15926614,0.009481786,0.51476914
7,7,OUT,OUT,0.25426346,0.035279334,0.005567287,0.011323042,0.0623765,0.10783224,0.010645578,0.5127126
7,7,OUT,OUT,0.12917252,0.038161293,0.0034542794,0.01584408,0.082470335,0.21754871,0.0043364293,0.50901234
7,7,OUT,OUT,0.20951702,0.027350517,0.007526444,0.0070050643,0.08803207,0.16308397,0.007466979,0.49001786
7,7,OUT,OUT,0.13267389,0.028067661,0.003739467,0.020004518,0.097326405,0.26422966,0.0040336912,0.44992474
6,7,HBP,OUT,0.1567521,0.024225876,0.003893342,0.010875818,0.093413904,0.119994484,0.008530499,0.582314
4,7,BB,OUT,0.19338521,0.034459878,0.0060535898,0.01814277,0.0802624,0.105034895,0.010736594,0.55192465
7,7,OUT,OUT,0.195414,0.03553697,0.0042316187,0.013236299,0.120169915,0.121582106,0.017730497,0.49209854
7,7,OUT,OUT,0.20530215,0.019872887,0.0032669723,0.015789822,0.07575109,0.17635241,0.004925542,0.4987392
5,7,SO,OUT,0.17833628,0.030260123,0.0029407793,0.019914208,0.09863006,0.18334903,0.029400334,0.45716926
5,7,SO,OUT,0.20340174,0.021267079,0.007637583,0.010411157,0.11633583,0.1772203,0.009333686,0.45439255
7,7,OUT,OUT,0.15203422,0.045597114,0.0030465266,0.019355185,0.08369386,0.2881368,0.010607068,0.39752924
7,7,OUT,OUT,0.16002001,0.031422455,0.0031142808,0.0075683845,0.06426052,0.25511602,0.009308153,0.46919012
4,7,BB,OUT,0.19957304,0.035694603,0.0029582263,0.006959643,0.093556926,0.2866508,0.009015116,0.3655916
7,7,OUT,OUT,0.21390566,0.03459728,0.004171426,0.00932922,0.093619384,0.25233892,0.014186393,0.37785167
7,7,OUT,OUT,0.13098481,0.025583465,0.0017181474,0.015398731,0.05710036,0.3707792,0.015282052,0.38315326
7,7,OUT,OUT,0.106668785,0.025619863,0.0034461832,0.009637209,0.06903851,0.16745545,0.017783862,0.6003502
7,7,OUT,OUT,0.21725367,0.036822848,0.003937842,0.014535537,0.10932745,0.1684685,0.010565517,0.43908858
7,7,OUT,OUT,0.16800857,0.030766955,0.003740289,0.014330421,0.0663755,0.17637758,0.0069772685,0.5334234
5,7,SO,OUT,0.12484559,0.024525844,0.0033714254,0.010200231,0.08452945,0.206442,0.005765338,0.5403201
7,7,OUT,OUT,0.17846209,0.04408536,0.0034423843,0.017444778,0.06102574,0.16181199,0.005061309,0.52866626
7,7,OUT,OUT,0.12449481,0.024144577,0.0030623688,0.011560285,0.059796304,0.31871125,0.008574811,0.44965556
7,7,OUT,OUT,0.17938799,0.040424064,0.0028706961,0.011757142,0.086467534,0.2806087,0.015142196,0.3833416
5,7,SO,OUT,0.11832478,0.019587534,0.0049161627,0.0061299033,0.07131762,0.21092567,0.004794533,0.5640038
7,7,OUT,OUT,0.16251099,0.027280973,0.005931229,0.01071202,0.050415657,0.10261109,0.007032944,0.63350517
7,7,OUT,OUT,0.20700285,0.02365722,0.007406639,0.007991583,0.058979146,0.13898675,0.0066034296,0.54937243
4,7,BB,OUT,0.16959459,0.03654263,0.0038705338,0.012507207,0.047738116,0.20489159,0.006943308,0.517912
0,7,SINGLE,OUT,0.12841317,0.032671813,0.0036570323,0.0078908885,0.06392025,0.17940515,0.010196611,0.573845
5,7,SO,OUT,0.19774926,0.03593823,0.0048660794,0.017212335,0.052008893,0.10710791,0.012829078,0.57228816
0,7,SINGLE,OUT,0.12880652,0.03899153,0.0030795957,0.014864208,0.06786335,0.18555087,0.016644863,0.544199
5,7,SO,OUT,0.14584985,0.023891011,0.0033118469,0.0069024586,0.13452609,0.2198787,0.016094087,0.44954583
1,7,DOUBLE,OUT,0.09865694,0.03590141,0.0029313935,0.007229237,0.054353632,0.1898753,0.017082188,0.59396994
7,7,OUT,OUT,0.10182668,0.032654166,0.0026641863,0.0070967874,0.114988655,0.32691714,0.010065673,0.40378666
7,7,OUT,OUT,0.14751454,0.041968897,0.0032781644,0.01764846,0.032291338,0.19964604,0.0059066555,0.5517459
7,7,OUT,OUT,0.15016918,0.038769495,0.0034590713,0.02565823,0.088545784,0.21001863,0.005867912,0.47751167
6,7,HBP,OUT,0.13582808,0.035008688,0.0033550377,0.01575506,0.061200432,0.17895992,0.0054985317,0.5643942
4,7,BB,OUT,0.17249775,0.051108826,0.004567742,0.014655884,0.060513344,0.14459543,0.010267765,0.5417933
5,7,SO,OUT,0.1991338,0.031506483,0.0065127173,0.011670222,0.042908616,0.15412797,0.008573576,0.5455666
7,7,OUT,OUT,0.13071072,0.054313418,0.003083783,0.0181717,0.038788866,0.2343793,0.009106396,0.51144576
5,5,SO,SO,0.13279228,0.02395409,0.004368712,0.010062897,0.017408181,0.41735432,0.0043643457,0.3896952
7,7,OUT,OUT,0.2206007,0.025427435,0.006643769,0.0125211645,0.058423176,0.13159406,0.0072165485,0.53757316
7,7,OUT,OUT,0.28253472,0.03161713,0.0069829146,0.011101656,0.06330085,0.13896127,0.010229017,0.45527247
0,7,SINGLE,OUT,0.12329168,0.045204043,0.003045291,0.039429955,0.109086856,0.21160887,0.010075102,0.45825824
4,7,BB,OUT,0.15679877,0.047977917,0.003716565,0.02120426,0.07098499,0.1789392,0.013214705,0.5071636
3,7,HR,OUT,0.16800985,0.035096668,0.0070568873,0.011821099,0.060867496,0.1582592,0.012488954,0.5463999
7,7,OUT,OUT,0.20168407,0.027623491,0.0033371157,0.011643544,0.029889444,0.15334365,0.005747328,0.56673133
7,7,OUT,OUT,0.19605169,0.039594017,0.004843115,0.018905299,0.09916239,0.16823609,0.011293681,0.46191382
7,7,OUT,OUT,0.18134312,0.036366563,0.003103446,0.010787983,0.049452733,0.1513716,0.007327864,0.56024677
3,7,HR,OUT,0.121592075,0.036808047,0.0021029783,0.019989375,0.08316486,0.30748144,0.007196792,0.4216644
7,7,OUT,OUT,0.13821162,0.021521881,0.0024514238,0.010036028,0.040046643,0.20083201,0.005196456,0.5817039
7,7,OUT,OUT,0.18962245,0.031970523,0.0036542327,0.017305087,0.053421587,0.14311911,0.0044880947,0.5564189
7,7,OUT,OUT,0.20070006,0.04286,0.007488606,0.014524394,0.08823559,0.19208021,0.0070140837,0.4470971
5,7,SO,OUT,0.18002029,0.023008488,0.0028463611,0.0123869665,0.034410447,0.2955729,0.0071123545,0.4446422
5,7,SO,OUT,0.1492517,0.024104511,0.0039611207,0.006181008,0.028406605,0.118605316,0.0059053237,0.6635844
7,7,OUT,OUT,0.18842693,0.02564257,0.0040191174,0.016647361,0.035767395,0.14742512,0.007323864,0.5747476
7,7,OUT,OUT,0.18472631,0.018270519,0.005074529,0.008053247,0.041852534,0.14782725,0.008348514,0.5858471
5,7,SO,OUT,0.22817233,0.043975167,0.007109348,0.013040457,0.0553061,0.20944346,0.00984878,0.43310434
7,7,OUT,OUT,0.13376008,0.038095478,0.0032291599,0.022017673,0.06307137,0.26353806,0.009669451,0.46661872
7,7,OUT,OUT,0.1813271,0.02675791,0.005715047,0.008728292,0.043480355,0.12338599,0.007039946,0.6035654
0,7,SINGLE,OUT,0.2085707,0.03369236,0.006301883,0.008618041,0.037480064,0.09709298,0.0057516266,0.60249233
7,7,OUT,OUT,0.20500791,0.020972833,0.002595846,0.018901652,0.039015498,0.16113125,0.007183702,0.5451913
5,7,SO,OUT,0.10937036,0.03614449,0.0011687339,0.033740964,0.07980602,0.3020025,0.006566663,0.43120033
1,7,DOUBLE,OUT,0.26932982,0.03961057,0.0055693146,0.013076699,0.06261689,0.11342769,0.008614611,0.48775434
7,7,OUT,OUT,0.17603785,0.028176224,0.002208672,0.01333409,0.029978435,0.27183557,0.0076487106,0.4707805
7,7,OUT,OUT,0.34420478,0.044851445,0.008535905,0.012238227,0.07145063,0.09144474,0.011804977,0.41546935
0,7,SINGLE,OUT,0.23203218,0.03523604,0.0059330226,0.015418451,0.047211155,0.13357942,0.016316816,0.51427287
7,7,OUT,OUT,0.15237653,0.03254515,0.0073070005,0.014135046,0.101757824,0.2292906,0.01191652,0.4506713
5,7,SO,OUT,0.14328246,0.03271428,0.0019265363,0.01632615,0.036110207,0.15656027,0.004644755,0.6084354
7,7,OUT,OUT,0.18169883,0.0471749,0.0027335773,0.022526236,0.056986053,0.15450305,0.0073512075,0.5270262
7,7,OUT,OUT,0.14505945,0.03391777,0.0026657588,0.008016187,0.045942284,0.24340023,0.0057278993,0.5152704
7,7,OUT,OUT,0.1900665,0.030318296,0.0023789706,0.018440701,0.049199298,0.17844854,0.007464366,0.52368337
4,7,BB,OUT,0.17302978,0.055341266,0.0051250723,0.020122044,0.10955219,0.17580123,0.017514035,0.44351438
5,7,SO,OUT,0.20431395,0.0336787,0.004372963,0.007833557,0.052861705,0.21022607,0.0064614923,0.48025158
7,7,OUT,OUT,0.22458422,0.08426753,0.003013488,0.030854959,0.1256595,0.16882354,0.009991264,0.35280553
5,7,SO,OUT,0.10375143,0.018549293,0.0037008326,0.010137134,0.015113385,0.2616261,0.0055170045,0.5816048
0,7,SINGLE,OUT,0.15837766,0.03653916,0.004802851,0.029231226,0.13019617,0.2537322,0.005750563,0.3813702
7,7,OUT,OUT,0.124836616,0.032537986,0.0024784706,0.010822624,0.056471884,0.30374622,0.011260244,0.45784596
7,7,OUT,OUT,0.19276322,0.023753427,0.011872532,0.010068899,0.061762035,0.1489388,0.009337254,0.54150385
7,7,OUT,OUT,0.19734477,0.042947005,0.010465254,0.008635701,0.069114804,0.11987548,0.011261466,0.54035556
7,7,OUT,OUT,0.14452359,0.030544084,0.0049507315,0.012542498,0.06992366,0.28752497,0.011517802,0.43847275
7,7,OUT,OUT,0.2033345,0.031868145,0.004279441,0.008276844,0.076117374,0.16078778,0.010023443,0.5053125
7,7,OUT,OUT,0.20656028,0.02695954,0.00919769,0.010191827,0.08894586,0.10882542,0.00924037,0.54007894
7,7,OUT,OUT,0.23323926,0.03322423,0.0045823264,0.017933704,0.10427136,0.15700178,0.0095428815,0.44020444
0,7,SINGLE,OUT,0.16572939,0.029234452,0.0037089644,0.00696532,0.11650395,0.24130699,0.004704064,0.43184692
4,7,BB,OUT,0.14252467,0.03179874,0.0028029496,0.009062644,0.043749224,0.12227593,0.0045202575,0.6432656
7,7,OUT,OUT,0.22623895,0.023854338,0.0066034915,0.01161301,0.060501598,0.18137342,0.015785614,0.47402954
7,7,OUT,OUT,0.14281592,0.022692693,0.0062975893,0.010051484,0.061041374,0.301736,0.022787388,0.43257755
0,7,SINGLE,OUT,0.15266156,0.025795171,0.0031309524,0.00733405,0.027542854,0.13049208,0.0046975934,0.6483458
5,7,SO,OUT,0.17172274,0.033826765,0.005095561,0.01942675,0.040285118,0.16776663,0.010606331,0.55127007
0,7,SINGLE,OUT,0.21378742,0.031265523,0.0037188597,0.0072244187,0.065192305,0.25411075,0.0034965654,0.42120418
7,7,OUT,OUT,0.24494879,0.026347576,0.008005889,0.00967751,0.12364567,0.10559612,0.008508164,0.4732703
5,7,SO,OUT,0.20170696,0.03050148,0.005163672,0.0070377514,0.0811838,0.18277785,0.009358127,0.48227042
7,7,OUT,OUT,0.14944254,0.031197894,0.0040810485,0.004824926,0.056787476,0.22404923,0.012522358,0.51709455
7,7,OUT,OUT,0.14887826,0.024635285,0.0031239125,0.0044523985,0.041300174,0.1475611,0.0060329577,0.62401587
7,7,OUT,OUT,0.22601919,0.037681445,0.0073741446,0.012694211,0.09390983,0.12995143,0.008988877,0.4833809
3,7,HR,OUT,0.17119272,0.063170455,0.004076192,0.026511403,0.15951501,0.24205223,0.01368918,0.31979284
1,7,DOUBLE,OUT,0.26456583,0.03222369,0.006703516,0.010099208,0.08577091,0.11864562,0.010346935,0.4716443
7,7,OUT,OUT,0.1876285,0.026049642,0.0044248565,0.009545652,0.08760775,0.104924075,0.011734855,0.5680846
5,7,SO,OUT,0.14500163,0.020307457,0.002416097,0.024332162,0.08021141,0.187421,0.015399108,0.52491105
5,7,SO,OUT,0.15039131,0.013646389,0.0057471707,0.004094763,0.03221746,0.118277006,0.006886572,0.6687393
4,7,BB,OUT,0.23070769,0.0720729,0.004851833,0.020631885,0.09375066,0.14031927,0.008562029,0.42910376
5,7,SO,OUT,0.1266657,0.032581355,0.003973607,0.010410334,0.03840203,0.19475913,0.006857022,0.58635086
7,7,OUT,OUT,0.20642987,0.028682452,0.0048662815,0.016810466,0.04740356,0.2247589,0.004707146,0.46634135
7,7,OUT,OUT,0.23524854,0.033874504,0.0065120645,0.009266503,0.07870838,0.1834128,0.008963191,0.44401395
5,7,SO,OUT,0.15553162,0.018173391,0.0017705065,0.007554531,0.03119844,0.33857653,0.007179252,0.44001573
1,7,DOUBLE,OUT,0.11989667,0.03470385,0.0017070473,0.023086227,0.07392169,0.28283584,0.007863715,0.45598498
1,7,DOUBLE,OUT,0.18968405,0.039300557,0.0034832445,0.008677724,0.074699014,0.12879235,0.007202399,0.5481607
7,7,OUT,OUT,0.1781396,0.030167088,0.0044446653,0.004917948,0.04413651,0.123323046,0.005809112,0.6090621
7,7,OUT,OUT,0.18546505,0.037110448,0.0043517193,0.00864452,0.057399206,0.11571672,0.011042373,0.58026993
7,7,OUT,OUT,0.16103913,0.0393925,0.0034638862,0.02253513,0.07493143,0.20573865,0.0115197785,0.48137945
7,7,OUT,OUT,0.22108741,0.023996036,0.00645769,0.012176153,0.06788617,0.09719247,0.009116005,0.562088
0,7,SINGLE,OUT,0.18402617,0.037397515,0.009638888,0.020225897,0.057343498,0.11352214,0.009543132,0.56830275
7,7,OUT,OUT,0.24541633,0.02900342,0.0044733137,0.013774391,0.063226186,0.14519703,0.009737908,0.48917136
5,7,SO,OUT,0.2815594,0.03077952,0.004039115,0.016473182,0.051342867,0.09089077,0.014793753,0.51012135
0,7,SINGLE,OUT,0.1859322,0.045939483,0.007136061,0.032219313,0.058649518,0.14372383,0.010332604,0.5160669
7,7,OUT,OUT,0.12797216,0.03147055,0.0065693343,0.014675148,0.08263758,0.1460846,0.013645501,0.5769451
7,7,OUT,OUT,0.16126107,0.043654602,0.005627521,0.020545572,0.057338063,0.12844661,0.0101422,0.57298434
4,7,BB,OUT,0.21383771,0.026438987,0.0075084367,0.014298269,0.07412836,0.11838838,0.008194104,0.5372057
7,7,OUT,OUT,0.18573357,0.041023985,0.0089358715,0.023680883,0.06306771,0.12574081,0.008519792,0.54329735
5,7,SO,OUT,0.22509278,0.021140467,0.007620896,0.017716512,0.024561219,0.1029175,0.0081833135,0.59276736
5,7,SO,OUT,0.17422889,0.03565917,0.005454911,0.023324247,0.053295292,0.14962028,0.008891498,0.54952574
0,7,SINGLE,OUT,0.17932224,0.0348573,0.004396817,0.016753461,0.039705195,0.12219449,0.008588751,0.5941818
0,7,SINGLE,OUT,0.17814098,0.0479523,0.0068523134,0.015716052,0.053083424,0.18219942,0.009406503,0.506649
4,7,BB,OUT,0.2347277,0.035612762,0.006447396,0.022299057,0.06514432,0.098545656,0.009147208,0.52807593
4,7,BB,OUT,0.20910816,0.04826119,0.004710824,0.018572532,0.07462505,0.12302632,0.010791675,0.5109043
7,7,OUT,OUT,0.2015281,0.03607131,0.0023341386,0.041059487,0.06853758,0.11093027,0.013351695,0.5261874
7,7,OUT,OUT,0.21938393,0.038953245,0.0042736894,0.028350374,0.084612355,0.1420265,0.01949878,0.46290118
7,7,OUT,OUT,0.15283501,0.025585067,0.0030851464,0.016281499,0.05221986,0.114943996,0.017248346,0.617801
7,7,OUT,OUT,0.13517737,0.031856224,0.0055059744,0.029492894,0.052398145,0.174644,0.005985728,0.5649396
5,7,SO,OUT,0.19062747,0.028180612,0.007134359,0.01396549,0.067754775,0.1407469,0.011782683,0.53980774
5,7,SO,OUT,0.12783547,0.037529513,0.0056395773,0.020225277,0.09173019,0.14202976,0.0059901136,0.5690201
7,7,OUT,OUT,0.23545115,0.028170874,0.0075533213,0.021390302,0.03096575,0.10023314,0.011678731,0.5645567
7,7,OUT,OUT,0.18874897,0.03225357,0.0032715532,0.013927299,0.07833697,0.28222218,0.006567757,0.3946717
5,7,SO,OUT,0.19512175,0.028675625,0.005244831,0.015052888,0.079573564,0.14446434,0.00855375,0.5233133
7,7,OUT,OUT,0.1293289,0.03247506,0.0044592856,0.019846577,0.0862892,0.15464017,0.0068042786,0.56615657
7,7,OUT,OUT,0.15863909,0.020856772,0.0037111903,0.011622204,0.052618712,0.14683762,0.0054413117,0.600273
7,7,OUT,OUT,0.21270603,0.030801654,0.0028227984,0.014356334,0.0547797,0.26342547,0.0076936604,0.4134143
5,7,SO,OUT,0.11897899,0.039669886,0.0059818258,0.018196013,0.21649194,0.16572063,0.011330258,0.42363045
7,7,OUT,OUT,0.13035277,0.022820536,0.0033090815,0.010074445,0.068093196,0.17139088,0.009072432,0.58488667
0,7,SINGLE,OUT,0.22002073,0.08462088,0.0037878386,0.030110924,0.07814853,0.21024978,0.012896868,0.36016446
7,7,OUT,OUT,0.14670058,0.027503332,0.0025399842,0.015624486,0.062168274,0.16578439,0.009158492,0.5705204
7,7,OUT,OUT,0.21002065,0.02891387,0.002880002,0.01414656,0.060667373,0.28685346,0.009325653,0.38719237
7,5,OUT,SO,0.12618247,0.025160357,0.0027571004,0.016394308,0.060936313,0.3997986,0.011051507,0.35771933
3,7,HR,OUT,0.16427174,0.026582835,0.008111847,0.02553387,0.123236544,0.21353245,0.008094667,0.430636
7,7,OUT,OUT,0.26424038,0.040114757,0.0102098165,0.023651766,0.17529736,0.15905508,0.01002972,0.3174012
7,7,OUT,OUT,0.24928738,0.024602054,0.0069151334,0.022834219,0.18465608,0.12498485,0.009250834,0.37746954
0,7,SINGLE,OUT,0.12083674,0.02896563,0.0061665573,0.039756086,0.10619984,0.2979187,0.007351121,0.3928053
7,7,OUT,OUT,0.12466356,0.015400502,0.0036814206,0.03348539,0.17261803,0.21128146,0.010109094,0.42876056
5,7,SO,OUT,0.20756757,0.036077786,0.0045401626,0.04363711,0.11049039,0.24021792,0.004878277,0.35259083
7,7,OUT,OUT,0.1695387,0.01705819,0.0038840729,0.014138713,0.045575652,0.11165532,0.0073008356,0.63084847
7,7,OUT,OUT,0.10102386,0.03811296,0.007291978,0.012344183,0.13388768,0.19839714,0.008640977,0.50030124
5,7,SO,OUT,0.15511034,0.01582158,0.0020891079,0.007530305,0.04239375,0.26122227,0.0067502633,0.5090825
7,7,OUT,OUT,0.16446987,0.037243422,0.005557606,0.018388456,0.0737796,0.17806342,0.0055939932,0.51690364
5,7,SO,OUT,0.11628787,0.02838788,0.0035135306,0.01578825,0.07973065,0.23450944,0.004689508,0.5170928
7,7,OUT,OUT,0.16059609,0.020633277,0.0026253357,0.009190233,0.0369047,0.22362284,0.013747239,0.53268033
0,7,SINGLE,OUT,0.18519495,0.039321806,0.00469831,0.009979214,0.05988636,0.22968349,0.018241882,0.452994
3,7,HR,OUT,0.17355789,0.024427908,0.0040003527,0.010426993,0.070391886,0.21547695,0.020853056,0.480865
0,7,SINGLE,OUT,0.23735188,0.029819602,0.0037358755,0.010832679,0.06475637,0.28339717,0.010372822,0.35973355
7,5,OUT,SO,0.1568141,0.031127015,0.0028725378,0.014564319,0.06728456,0.36684057,0.014172759,0.34632418
7,7,OUT,OUT,0.115689784,0.022537487,0.0014333688,0.0068670535,0.08157182,0.3676994,0.007427959,0.39677298
0,7,SINGLE,OUT,0.15386775,0.02013371,0.0051360065,0.017074667,0.056202967,0.24681889,0.004052695,0.49671334
7,7,OUT,OUT,0.16405985,0.052120578,0.008383662,0.03134109,0.22827843,0.17167665,0.011256655,0.33288312
1,7,DOUBLE,OUT,0.14044195,0.040388793,0.0062131546,0.027467592,0.14661862,0.2234161,0.00904141,0.40641245
4,7,BB,OUT,0.12253387,0.054656886,0.0061622397,0.023930816,0.16303848,0.24758591,0.006700208,0.37539163
5,7,SO,OUT,0.12816654,0.053208962,0.0027373384,0.02907728,0.10779278,0.15958023,0.008772557,0.5106643
7,7,OUT,OUT,0.12621409,0.025719762,0.004163963,0.01072524,0.045828205,0.18902725,0.0065439055,0.59177756
7,7,OUT,OUT,0.21205795,0.03992675,0.0043221284,0.020534026,0.09302523,0.12595485,0.009223921,0.4949552
7,7,OUT,OUT,0.15881231,0.03397573,0.0043583494,0.013600977,0.09961571,0.20319144,0.008401038,0.47804448
4,7,BB,OUT,0.23030046,0.052367214,0.0049310084,0.016339304,0.08445321,0.10127643,0.0103830565,0.49994934
7,7,OUT,OUT,0.26868647,0.020392923,0.0056665516,0.012494802,0.11122424,0.0920943,0.01086489,0.47857586
4,7,BB,OUT,0.19583383,0.041589778,0.003684464,0.02157063,0.09817002,0.16427204,0.009340743,0.46553856
0,7,SINGLE,OUT,0.16139182,0.024309197,0.004724775,0.010890175,0.13405727,0.15474913,0.016601758,0.49327588
4,7,BB,OUT,0.12747008,0.0371691,0.004793609,0.013325064,0.12299612,0.14220567,0.011411959,0.54062843
2,7,TRIPLE,OUT,0.123172194,0.02244076,0.004547311,0.008919797,0.10882223,0.22699848,0.00874545,0.49635378
7,7,OUT,OUT,0.22532631,0.033085693,0.005781708,0.012691987,0.07692584,0.12693219,0.01229827,0.506958
5,7,SO,OUT,0.2847123,0.02863897,0.004072548,0.026493942,0.11037188,0.12073928,0.0062465356,0.4187246
0,7,SINGLE,OUT,0.30066636,0.033676628,0.004770764,0.011687658,0.06380391,0.16835335,0.009612018,0.40742934
0,7,SINGLE,OUT,0.2874513,0.039662942,0.0090582175,0.014972501,0.09899556,0.13608831,0.014835418,0.3989357
0,7,SINGLE,OUT,0.23844635,0.0417598,0.0038231504,0.013603341,0.17912236,0.1638328,0.019208105,0.34020412
7,7,OUT,OUT,0.18746927,0.04787105,0.0050265905,0.017651659,0.11747054,0.16956538,0.020598058,0.43434736
4,7,BB,OUT,0.14405186,0.04107381,0.007528421,0.008776077,0.090468116,0.18603666,0.006842779,0.51522225
4,7,BB,OUT,0.1773281,0.025551409,0.006723652,0.011378455,0.07660278,0.17303331,0.011467512,0.5179148
0,7,SINGLE,OUT,0.17593814,0.021412013,0.0036929108,0.015935224,0.06274097,0.2129086,0.01084292,0.49652928
5,7,SO,OUT,0.1236968,0.020848295,0.00318897,0.008525439,0.0739794,0.22222462,0.01283473,0.53470176
5,7,SO,OUT,0.17720246,0.028313586,0.0069344905,0.0158898,0.054862015,0.19070752,0.0063806046,0.5197095
5,7,SO,OUT,0.11027874,0.016582897,0.0046605165,0.013147339,0.06440573,0.35359147,0.027853927,0.40947944
7,5,OUT,SO,0.10374996,0.0111825075,0.0037881904,0.0095704235,0.08173783,0.4079711,0.012424135,0.3695759
4,7,BB,OUT,0.24880275,0.025669161,0.005933007,0.007134463,0.04951162,0.15306343,0.008476252,0.5014093
0,7,SINGLE,OUT,0.33361048,0.027266745,0.005057814,0.009235106,0.08105007,0.16084924,0.016765265,0.36616522
4,7,BB,OUT,0.3277682,0.02713014,0.006385424,0.006028976,0.105835885,0.15370941,0.012301362,0.3608405
0,7,SINGLE,OUT,0.20276919,0.05197149,0.0046922304,0.009880863,0.14476767,0.16249903,0.0151466895,0.40827286
7,7,OUT,OUT,0.17353424,0.05913651,0.0046719075,0.009669461,0.091902256,0.20361055,0.024449637,0.4330255
5,7,SO,OUT,0.12830168,0.052178822,0.0050725606,0.019372143,0.074026175,0.24528208,0.008784745,0.46698186
4,7,BB,OUT,0.25828904,0.0293989,0.004562762,0.01719072,0.086439304,0.19747928,0.0081788255,0.39846113
5,7,SO,OUT,0.15401164,0.023403002,0.0032629068,0.01171866,0.123435505,0.18443295,0.005626314,0.49410906
7,7,OUT,OUT,0.12800664,0.022661978,0.0070374096,0.008049509,0.12709661,0.21690015,0.01210137,0.47814628
0,7,SINGLE,OUT,0.21347873,0.017763635,0.005083252,0.011531,0.072627224,0.2221895,0.0064059566,0.45092067
7,7,OUT,OUT,0.21371385,0.022425324,0.003317849,0.014426056,0.038439926,0.13243474,0.012841371,0.56240094
5,7,SO,OUT,0.23040009,0.03351155,0.0058286274,0.012434683,0.072470926,0.12912215,0.0109478105,0.50528413
7,7,OUT,OUT,0.1796059,0.03537501,0.003029027,0.034411654,0.08077348,0.16089016,0.018488888,0.48742592
0,7,SINGLE,OUT,0.18225196,0.037345223,0.0071824435,0.017722925,0.062559865,0.13410081,0.009381413,0.5494554
7,7,OUT,OUT,0.21438654,0.01908301,0.0067218565,0.007907901,0.08973929,0.08582723,0.011375391,0.56495875
7,7,OUT,OUT,0.15346669,0.033424072,0.006601741,0.025104707,0.058840327,0.12870538,0.009859444,0.5839976
4,7,BB,OUT,0.16798362,0.03721951,0.004108206,0.020896636,0.07392554,0.16786177,0.014495569,0.51350915
7,7,OUT,OUT,0.26307786,0.02159456,0.006075266,0.01685356,0.04084198,0.068995126,0.006731925,0.5758297
7,7,OUT,OUT,0.16527699,0.026528746,0.004392622,0.019422553,0.03764601,0.08764431,0.017675588,0.64141315
7,7,OUT,OUT,0.109962545,0.019102534,0.0041197557,0.013250066,0.05436003,0.1587514,0.0092603015,0.6311934
5,7,SO,OUT,0.13645957,0.032016836,0.0049491427,0.014898866,0.051788416,0.19646098,0.003940181,0.55948603
5,7,SO,OUT,0.18280874,0.018116133,0.0047606146,0.015987622,0.070199706,0.3106759,0.015022163,0.38242915
7,7,OUT,OUT,0.2127935,0.047079157,0.0057533095,0.019173218,0.08609211,0.13329044,0.011352156,0.48446617
5,7,SO,OUT,0.13680157,0.016522247,0.0026928326,0.013354755,0.060869448,0.37785417,0.008851672,0.38305333
7,7,OUT,OUT,0.2591456,0.02325484,0.0046835784,0.011648631,0.043668058,0.0988113,0.014874199,0.5439138
7,7,OUT,OUT,0.20666166,0.024669299,0.005561012,0.016252464,0.07544818,0.104054265,0.0137792975,0.5535738
7,7,OUT,OUT,0.13441792,0.025899904,0.0028604933,0.032777973,0.06110336,0.20348114,0.015867494,0.52359176
0,7,SINGLE,OUT,0.21361369,0.028932603,0.010104395,0.0107257785,0.04540382,0.14027385,0.008081978,0.5428639
6,7,HBP,OUT,0.1472725,0.012286008,0.0040903203,0.009719088,0.038958766,0.36140078,0.012512298,0.41376027
0,7,SINGLE,OUT,0.16445002,0.030374318,0.0045978217,0.0069404715,0.08330637,0.2104915,0.012967614,0.4868719
5,7,SO,OUT,0.36893445,0.009164814,0.0021570735,0.016270995,0.06360792,0.10147483,0.019460915,0.41892904
0,7,SINGLE,OUT,0.20095234,0.013885382,0.0019184947,0.020426752,0.06055437,0.24156857,0.022458715,0.4382354
0,7,SINGLE,OUT,0.20367105,0.014984792,0.0057791593,0.009499264,0.08041238,0.1923358,0.02007862,0.4732389
7,7,OUT,OUT,0.19678548,0.030551618,0.004526227,0.008615399,0.089297935,0.18926911,0.010560359,0.4703938
7,7,OUT,OUT,0.23311707,0.01950537,0.006636944,0.012830695,0.054471333,0.17631939,0.0052362015,0.49188298
4,7,BB,OUT,0.17112722,0.044534598,0.0054568467,0.020789457,0.18126497,0.19103253,0.009614571,0.37617984
4,7,BB,OUT,0.20684004,0.016958462,0.006352595,0.013866286,0.03596254,0.11595715,0.010831939,0.5932309
7,7,OUT,OUT,0.16928525,0.039305218,0.0066369968,0.030198073,0.039337814,0.19627436,0.0078073796,0.51115495
5,7,SO,OUT,0.15665744,0.048071623,0.004626598,0.011487495,0.07334004,0.17525454,0.006524714,0.5240376
3,7,HR,OUT,0.16685615,0.02906834,0.0042746253,0.017204575,0.11099108,0.17479667,0.01613783,0.48067075
0,7,SINGLE,OUT,0.23280595,0.043003004,0.003875381,0.011831826,0.050903555,0.103898115,0.007991293,0.5456909
7,7,OUT,OUT,0.24554947,0.04626361,0.00858461,0.014877177,0.064794384,0.12097648,0.009765597,0.48918864
5,7,SO,OUT,0.17143463,0.028182639,0.004957458,0.014625699,0.047505714,0.24352536,0.009295739,0.48047274
7,7,OUT,OUT,0.15254954,0.03145201,0.0037832484,0.008850688,0.061938003,0.2536012,0.00986111,0.4779643
0,7,SINGLE,OUT,0.13613246,0.0266259,0.011448141,0.010561169,0.06439664,0.35027078,0.0065945596,0.39397037
7,7,OUT,OUT,0.22118537,0.036837548,0.012669519,0.014475925,0.04433993,0.18522553,0.009731665,0.47553447
4,7,BB,OUT,0.07440241,0.04230143,0.0039393394,0.027746731,0.06852841,0.38233948,0.0071244785,0.39361775
1,7,DOUBLE,OUT,0.17484325,0.038447596,0.0028193272,0.011075868,0.099886924,0.16445717,0.009852159,0.4986178
1,7,DOUBLE,OUT,0.13578138,0.053514015,0.0034807525,0.023097884,0.06736207,0.25605464,0.013007357,0.44770196
7,7,OUT,OUT,0.13605511,0.04010522,0.004211208,0.008297704,0.085727625,0.2726454,0.009240335,0.44371736
5,7,SO,OUT,0.1775074,0.03496682,0.0047536124,0.010005573,0.050835066,0.22578463,0.008366043,0.48778084
7,7,OUT,OUT,0.24516971,0.032730535,0.0031120253,0.010548557,0.064266875,0.20335396,0.010737916,0.43008044
5,7,SO,OUT,0.14621906,0.032686293,0.0037146807,0.017446475,0.060388,0.26650766,0.011145054,0.46189275
7,7,OUT,OUT,0.15073536,0.046033245,0.014791017,0.01426864,0.118700735,0.23770429,0.008218497,0.40954825
5,7,SO,OUT,0.22782832,0.044311233,0.0035007643,0.015295268,0.09071898,0.16841885,0.008343327,0.44158322
5,7,SO,OUT,0.13076276,0.041295137,0.0057181115,0.010790112,0.048797052,0.3775032,0.0047306675,0.38040304
7,7,OUT,OUT,0.16462764,0.037114028,0.003790723,0.014195378,0.04315776,0.16622698,0.008149151,0.5627383
1,7,DOUBLE,OUT,0.1410423,0.059394337,0.0050196145,0.016673137,0.048109747,0.27711582,0.017966298,0.43467876
0,7,SINGLE,OUT,0.13152064,0.042211287,0.0060905465,0.007134614,0.09038655,0.22472364,0.028226223,0.46970657
0,7,SINGLE,OUT,0.23179275,0.028193587,0.005709095,0.008527588,0.048421748,0.1349459,0.004965581,0.53744376
7,7,OUT,OUT,0.16213578,0.026578898,0.0043711453,0.010278935,0.076423995,0.19416323,0.009568841,0.51647913
7,7,OUT,OUT,0.12521948,0.039228916,0.0044520255,0.0056642387,0.0792199,0.28357276,0.0118702715,0.45077237
7,7,OUT,OUT,0.17213744,0.040383644,0.00860136,0.011912692,0.08303797,0.22344552,0.0073546427,0.45312673
7,7,OUT,OUT,0.18669443,0.062133063,0.0045621563,0.015820153,0.1361265,0.14295848,0.007888087,0.44381708
7,7,OUT,OUT,0.16203628,0.028034769,0.0074834097,0.0069146133,0.079394296,0.19674675,0.010036597,0.5093533
5,5,SO,SO,0.101612225,0.025632277,0.0051235496,0.009711779,0.016592704,0.43279517,0.0042919046,0.40424043
7,7,OUT,OUT,0.16582946,0.033473674,0.004004498,0.013728044,0.050245553,0.18554781,0.0065011135,0.5406699
7,7,OUT,OUT,0.19781046,0.028506305,0.0029567808,0.008644755,0.052378166,0.24617916,0.006344211,0.45718023
3,7,HR,OUT,0.13984798,0.032396957,0.007091104,0.017117444,0.041439954,0.20275111,0.009293613,0.5500618
3,7,HR,OUT,0.18816765,0.05969198,0.0038415762,0.0338456,0.075520135,0.21783274,0.011506208,0.4095941
1,7,DOUBLE,OUT,0.17617671,0.034434844,0.009435843,0.0069854795,0.039295826,0.33316723,0.016639777,0.38386428
5,7,SO,OUT,0.19447996,0.05187882,0.01229176,0.0069418484,0.06556482,0.21671388,0.021038491,0.43109044
4,7,BB,OUT,0.15304528,0.05525302,0.004523188,0.009686959,0.050670046,0.24407288,0.015709054,0.4670396
7,7,OUT,OUT,0.14408153,0.06436233,0.0032098822,0.02762022,0.09195223,0.31054696,0.015174605,0.34305224
0,7,SINGLE,OUT,0.1315137,0.021660779,0.0030867327,0.007132827,0.046391524,0.25740957,0.008276986,0.5245279
0,7,SINGLE,OUT,0.18291476,0.061322797,0.005633659,0.029783161,0.03340522,0.13295326,0.0076640374,0.5463231
7,7,OUT,OUT,0.24829997,0.046511047,0.0053521073,0.02087534,0.059184387,0.15654726,0.00941586,0.45381397
0,7,SINGLE,OUT,0.18278404,0.05051378,0.004286507,0.014488705,0.06521936,0.088756636,0.010002229,0.58394873
7,7,OUT,OUT,0.21601419,0.034107644,0.0050393725,0.009990569,0.07617947,0.09683801,0.0108381305,0.5509926
7,7,OUT,OUT,0.13174213,0.025543997,0.0043798,0.013335373,0.058888175,0.25810558,0.010858267,0.49714667
0,7,SINGLE,OUT,0.16349442,0.024479304,0.008940047,0.010802529,0.039357584,0.33922815,0.010256047,0.40344188
7,7,OUT,OUT,0.21421786,0.03481414,0.012429866,0.011495401,0.04797362,0.2503712,0.011225638,0.41747227
0,7,SINGLE,OUT,0.1378224,0.025177052,0.0043531475,0.010399532,0.037729688,0.3439381,0.006599186,0.4339809
7,7,OUT,OUT,0.15744027,0.01751173,0.0035715578,0.0035036602,0.06701288,0.23832236,0.011114303,0.5015233
5,5,SO,SO,0.05120654,0.017158529,0.004712628,0.0036361068,0.011939187,0.5267148,0.0054541994,0.3791781
7,7,OUT,OUT,0.16468573,0.03941345,0.002512905,0.010832192,0.055548374,0.22948723,0.007015058,0.4905052
5,7,SO,OUT,0.20525314,0.060741883,0.005145682,0.01700266,0.056502353,0.21260123,0.010207265,0.43254587
7,7,OUT,OUT,0.13597035,0.037265636,0.0028662821,0.015414555,0.060913168,0.28368986,0.008705842,0.45517427
7,7,OUT,OUT,0.14556865,0.03761964,0.003807022,0.010392285,0.041523665,0.1931184,0.007093609,0.5608767
5,5,SO,SO,0.13376707,0.04496352,0.005287614,0.041269474,0.057755753,0.40832835,0.009180158,0.29944804
7,7,OUT,OUT,0.14688624,0.026004333,0.0041802423,0.013317675,0.07153401,0.24854271,0.00585173,0.483683
7,7,OUT,OUT,0.17549211,0.054780383,0.0037945698,0.01925784,0.06263824,0.20209104,0.01258827,0.46935755
5,7,SO,OUT,0.18895006,0.053212382,0.0061898176,0.021642359,0.08119391,0.19247594,0.009101285,0.44723433
5,7,SO,OUT,0.12400735,0.029499054,0.004853272,0.008410843,0.04271991,0.30185094,0.0038000445,0.48485857
7,7,OUT,OUT,0.19633767,0.036965046,0.0053716647,0.010244689,0.06635669,0.25314853,0.0042704577,0.42730528
7,7,OUT,OUT,0.18106937,0.046374653,0.004174912,0.021142766,0.09469361,0.1838348,0.006111239,0.46259862
7,7,OUT,OUT,0.11141316,0.031299125,0.0031940984,0.009929192,0.04704902,0.213941,0.008889808,0.57428455
6,7,HBP,OUT,0.17760801,0.04806685,0.0069760946,0.02623135,0.08224849,0.19487159,0.010439776,0.45355782
0,7,SINGLE,OUT,0.23608547,0.036721677,0.0033192444,0.03827273,0.05172999,0.22536646,0.008381721,0.40012273
0,7,SINGLE,OUT,0.14201434,0.04137218,0.0036121989,0.012914709,0.07110249,0.18152495,0.012397709,0.5350615
7,7,OUT,OUT,0.16893531,0.047980715,0.0023741513,0.019550707,0.06633279,0.1283771,0.011648994,0.5548002
0,7,SINGLE,OUT,0.13363807,0.031722367,0.0022876945,0.016509375,0.043168794,0.21008398,0.007235506,0.5553542
7,7,OUT,OUT,0.10586285,0.029684376,0.004097098,0.0075683426,0.04002338,0.25186178,0.005399409,0.5555027
4,7,BB,OUT,0.10394311,0.031167587,0.0016378205,0.009661815,0.07104395,0.24386925,0.0067584044,0.53191805
7,7,OUT,OUT,0.24526681,0.035179086,0.005257995,0.025929512,0.02435725,0.14569366,0.006109927,0.5122057
5,7,SO,OUT,0.13198997,0.042464368,0.006193029,0.06594698,0.07224508,0.19807701,0.014017084,0.46906644
5,7,SO,OUT,0.14904398,0.025813676,0.0022671986,0.021708205,0.09691157,0.21770014,0.009832789,0.47672254
5,7,SO,OUT,0.11342961,0.028094018,0.002392846,0.0142372,0.049466684,0.17059529,0.0070777433,0.61470664
7,7,OUT,OUT,0.16741695,0.028634993,0.0017984338,0.01766136,0.05820664,0.27098998,0.011004954,0.44428673
5,7,SO,OUT,0.12811549,0.03224262,0.0021276297,0.01869875,0.06011414,0.31235164,0.0108394,0.43551028
7,7,OUT,OUT,0.17406549,0.045305867,0.0023736546,0.035348658,0.04126176,0.22536848,0.010300745,0.46597528
7,7,OUT,OUT,0.2000314,0.037960522,0.004591354,0.024950156,0.032228515,0.18935066,0.008315692,0.5025717
5,7,SO,OUT,0.14686061,0.026983384,0.0045231436,0.016996494,0.040422384,0.27260825,0.00716193,0.4844438
5,7,SO,OUT,0.1337586,0.035513002,0.0038334175,0.012958849,0.07376342,0.20136431,0.009902163,0.5289062
5,7,SO,OUT,0.12964249,0.031566344,0.00439039,0.010566859,0.06790985,0.15125082,0.015214027,0.5894592
7,7,OUT,OUT,0.13502565,0.026238048,0.003051997,0.010313589,0.050694723,0.1436616,0.006068828,0.6249456
0,7,SINGLE,OUT,0.2192926,0.04166829,0.0033728853,0.013332285,0.061126087,0.21879722,0.0066215354,0.43578923
0,7,SINGLE,OUT,0.21581304,0.031596057,0.0059122206,0.011565656,0.041426357,0.22967654,0.0043657008,0.4596444
0,7,SINGLE,OUT,0.19461322,0.039921228,0.004970226,0.020530928,0.056029107,0.16763948,0.010454443,0.50584143
7,7,OUT,OUT,0.27501214,0.045701724,0.0045226556,0.022078944,0.11363373,0.13375054,0.017211908,0.38808835
0,7,SINGLE,OUT,0.28048176,0.027336162,0.0070738154,0.018677793,0.03131849,0.12410206,0.011143803,0.4998661
4,7,BB,OUT,0.1637147,0.03132601,0.0050322586,0.04171099,0.0537897,0.26126266,0.016962215,0.42620137
7,7,OUT,OUT,0.13882075,0.02921072,0.0019690732,0.012883277,0.030548628,0.21080749,0.0051296046,0.5706305
7,7,OUT,OUT,0.13140216,0.03643423,0.0036186413,0.0224611,0.036117356,0.3048404,0.008645277,0.45648086
7,7,OUT,OUT,0.23076297,0.04402528,0.003108704,0.02358322,0.10961421,0.1707765,0.01140152,0.40672755
0,7,SINGLE,OUT,0.18375772,0.043041226,0.00236945,0.009356706,0.109168,0.23063892,0.008873086,0.41279492
5,7,SO,OUT,0.10552461,0.02100023,0.0041032718,0.014375049,0.06992436,0.13041513,0.0063798353,0.6482776
7,7,OUT,OUT,0.28436133,0.028342152,0.008558001,0.019845642,0.081661746,0.14846772,0.01562625,0.41313717
7,7,OUT,OUT,0.18011399,0.03991791,0.004881546,0.031534083,0.048268374,0.1913419,0.008694524,0.49524766
7,7,OUT,OUT,0.2060691,0.024840077,0.0043003857,0.027526615,0.083797194,0.18063618,0.01831161,0.45451874
4,7,BB,OUT,0.14218345,0.06485474,0.0039567547,0.028127829,0.08461609,0.16169417,0.010922477,0.5036445
5,7,SO,OUT,0.15865389,0.031067487,0.004887181,0.009204734,0.09215365,0.14235623,0.014134946,0.5475419
7,7,OUT,OUT,0.16739425,0.02514698,0.00531543,0.008340164,0.06678985,0.14331765,0.007388081,0.57630754
5,7,SO,OUT,0.08825793,0.019365668,0.0040892414,0.009169189,0.08147029,0.21352974,0.0072163325,0.57690156
5,7,SO,OUT,0.15505598,0.032387447,0.018127715,0.012315401,0.094469555,0.20799717,0.01228796,0.4673588
5,7,SO,OUT,0.17323814,0.017308572,0.0075741783,0.013656423,0.069566734,0.33581161,0.013708172,0.36913615
7,5,OUT,SO,0.09615838,0.016962022,0.0027185918,0.019372676,0.044801764,0.4008476,0.021083828,0.39805514
7,7,OUT,OUT,0.16558507,0.036749005,0.0048678974,0.009368598,0.08844457,0.21687058,0.006004926,0.4721094
0,7,SINGLE,OUT,0.20153455,0.04221197,0.0049750875,0.024490539,0.10750129,0.15685837,0.012773932,0.44965422
0,7,SINGLE,OUT,0.17064624,0.021892369,0.0054902676,0.016037183,0.04974609,0.14389113,0.006073071,0.5862237
7,7,OUT,OUT,0.16339892,0.041585036,0.0059101293,0.017587183,0.046076074,0.19694406,0.013428109,0.5150705
5,7,SO,OUT,0.13971134,0.03955541,0.003109408,0.02505821,0.08026808,0.28980494,0.00998702,0.4125056
5,7,SO,OUT,0.14916575,0.022388326,0.002140511,0.018869027,0.05688843,0.24870579,0.009108615,0.49273348
7,7,OUT,OUT,0.2078021,0.029265814,0.0050934018,0.028685478,0.07126375,0.17667782,0.009558288,0.47165337
5,7,SO,OUT,0.16561338,0.036521688,0.0054073525,0.020582348,0.023152303,0.21066359,0.009030941,0.52902836
0,7,SINGLE,OUT,0.18483192,0.050994407,0.0030100585,0.034335617,0.07706256,0.16263118,0.015439427,0.47169486
0,7,SINGLE,OUT,0.18759178,0.033000164,0.0023900492,0.029584484,0.06939758,0.15411922,0.008526015,0.51539075
4,7,BB,OUT,0.32053316,0.028555557,0.003722297,0.056891646,0.0738183,0.05780629,0.012634004,0.44603884
5,7,SO,OUT,0.23035066,0.04386237,0.0030088162,0.079222344,0.044867765,0.20653923,0.008446054,0.38370273
0,7,SINGLE,OUT,0.29652473,0.047493707,0.008335608,0.028320465,0.036132887,0.10002539,0.008544417,0.47462288
3,7,HR,OUT,0.294,0.04896463,0.004057425,0.024036836,0.06313975,0.1343561,0.010773714,0.42067146
0,7,SINGLE,OUT,0.15750803,0.051574852,0.0055721523,0.017611967,0.065601625,0.14957479,0.01177944,0.5407771
4,7,BB,OUT,0.19379865,0.029270472,0.003880615,0.023845106,0.03196913,0.16499214,0.0071681654,0.5450757
7,7,OUT,OUT,0.16579811,0.038018446,0.004007714,0.024286997,0.05509631,0.1364048,0.011019873,0.56536776
7,7,OUT,OUT,0.2753436,0.020281311,0.008028428,0.014875778,0.075644955,0.16983822,0.014608171,0.42137948
0,7,SINGLE,OUT,0.124310486,0.029782696,0.00558543,0.022536283,0.09965016,0.20268874,0.018640744,0.49680546
0,7,SINGLE,OUT,0.12370628,0.02557099,0.003979956,0.012206216,0.17357224,0.21912605,0.019661415,0.42217687
7,7,OUT,OUT,0.18491636,0.023665808,0.0061726766,0.01049691,0.079844125,0.16034757,0.0063435924,0.52821296
7,7,OUT,OUT,0.101237275,0.02060258,0.0051501463,0.0135369,0.0645756,0.25822762,0.011180319,0.52548957
0,7,SINGLE,OUT,0.14253743,0.028840432,0.008126156,0.009754596,0.039581954,0.20921086,0.011423235,0.55052537
7,7,OUT,OUT,0.23000923,0.048329227,0.004816269,0.025407963,0.0621455,0.2436739,0.008085404,0.3775325
0,7,SINGLE,OUT,0.13893011,0.023246048,0.0023008517,0.024747826,0.07464615,0.2660526,0.011967227,0.45810914
5,7,SO,OUT,0.11606016,0.033937547,0.00393377,0.008011432,0.11613117,0.30465025,0.0054656416,0.41181
7,7,OUT,OUT,0.1848451,0.04593267,0.007982228,0.029122865,0.1151369,0.19616751,0.020270605,0.4005422
7,7,OUT,OUT,0.253645,0.035416152,0.005155391,0.030710587,0.10918372,0.16292293,0.011521035,0.3914452
4,7,BB,OUT,0.12550072,0.029093605,0.0039454806,0.014612173,0.09883478,0.22447217,0.010229888,0.49331114
0,7,SINGLE,OUT,0.15658444,0.028908057,0.0035262506,0.017279612,0.050243296,0.20368063,0.013970933,0.52580684
7,7,OUT,OUT,0.086630225,0.022711216,0.0025123593,0.01651615,0.07147212,0.2701252,0.019766562,0.5102662
5,7,SO,OUT,0.22816285,0.04402945,0.009874741,0.017561521,0.06198742,0.20102644,0.01257615,0.42478138
7,7,OUT,OUT,0.16111806,0.045396566,0.0065327706,0.014509509,0.037765056,0.22568275,0.011178588,0.49781665
5,7,SO,OUT,0.15842995,0.028617093,0.0027792812,0.014845337,0.064615354,0.23889038,0.0053693294,0.48645324
7,7,OUT,OUT,0.19422367,0.03492038,0.0048764274,0.013888813,0.058191694,0.24238792,0.010348152,0.44116297
5,7,SO,OUT,0.13912274,0.018331213,0.0021502264,0.014745298,0.09080402,0.324605,0.009035963,0.4012056
0,7,SINGLE,OUT,0.1391805,0.019679427,0.004894718,0.007475058,0.040396642,0.21296816,0.004296062,0.5711095
0,7,SINGLE,OUT,0.14971837,0.034030523,0.0032241582,0.034283333,0.050005622,0.3523484,0.008344861,0.36804473
5,7,SO,OUT,0.15604608,0.038414482,0.0028280844,0.014292953,0.05499887,0.15405855,0.006600146,0.5727609
7,7,OUT,OUT,0.19752537,0.039378002,0.0051247445,0.020062579,0.030943997,0.212538,0.00999515,0.4844322
5,7,SO,OUT,0.14563076,0.025107311,0.0031971303,0.009315598,0.048077423,0.13071984,0.005325391,0.6326266
7,7,OUT,OUT,0.19362949,0.027593493,0.0029641406,0.016689166,0.092690445,0.17497754,0.004107707,0.487348
7,7,OUT,OUT,0.17143136,0.017191842,0.0066462406,0.0091168545,0.0887222,0.24305214,0.010152789,0.4536866
7,7,OUT,OUT,0.14937,0.032039136,0.0040672985,0.019071551,0.03989174,0.20269902,0.009427604,0.54343355
7,7,OUT,OUT,0.1658373,0.03614865,0.007120434,0.013660064,0.08382599,0.29502514,0.008038525,0.39034384
5,7,SO,OUT,0.17255285,0.027128013,0.0058451016,0.0166283,0.054267474,0.15088041,0.007192255,0.5655057
7,7,OUT,OUT,0.22193143,0.031615414,0.0036256367,0.009881704,0.05415055,0.19740766,0.010661706,0.47072598
7,7,OUT,OUT,0.16454795,0.034339163,0.007528228,0.011952409,0.0985788,0.1927791,0.01190228,0.47837207
0,7,SINGLE,OUT,0.13929659,0.04367915,0.005422761,0.013099619,0.11573197,0.15875559,0.010526051,0.51348823
7,7,OUT,OUT,0.15126637,0.026440758,0.0036149651,0.013100871,0.032712042,0.19706169,0.0062761432,0.5695272
0,7,SINGLE,OUT,0.18102552,0.02728125,0.0025417777,0.0147493975,0.08209713,0.18593688,0.005617295,0.5007507
0,7,SINGLE,OUT,0.17201675,0.020706777,0.004486143,0.011590966,0.06966364,0.15570298,0.009387017,0.5564457
7,7,OUT,OUT,0.16465968,0.01853567,0.0056440677,0.011584401,0.06538098,0.20559949,0.0060536964,0.52254206
7,7,OUT,OUT,0.1757197,0.021307105,0.007665874,0.007677514,0.064327344,0.14680393,0.016233899,0.56026465
7,7,OUT,OUT,0.20279129,0.05053357,0.0032676358,0.016800733,0.12085885,0.12472029,0.013070381,0.46795723
7,7,OUT,OUT,0.18556035,0.028516626,0.003055338,0.008605141,0.082244456,0.12081926,0.0067774616,0.5644213
7,7,OUT,OUT,0.2531885,0.039051395,0.0045817243,0.014699732,0.050229575,0.19212109,0.008861677,0.43726626
7,7,OUT,OUT,0.18139021,0.027879054,0.0038321207,0.011642757,0.06784783,0.21827973,0.006486942,0.48264137
4,7,BB,OUT,0.2936524,0.052423067,0.00494848,0.015982278,0.07973497,0.13774958,0.0054754834,0.4100338
7,7,OUT,OUT,0.18839712,0.014690663,0.0050380025,0.011040634,0.04122943,0.14054139,0.0077507324,0.59131205
7,7,OUT,OUT,0.1846466,0.036687206,0.004701626,0.018051557,0.061743803,0.17330368,0.010873282,0.5099923
0,7,SINGLE,OUT,0.135242,0.029663276,0.0042821015,0.00961163,0.108011074,0.19924362,0.0057907226,0.50815564
7,7,OUT,OUT,0.18658262,0.015976988,0.0033660745,0.0066559925,0.058217682,0.14001405,0.0053313584,0.58385515
3,7,HR,OUT,0.16047311,0.024756018,0.00576511,0.012850647,0.059236255,0.19024803,0.0052879006,0.5413829
0,7,SINGLE,OUT,0.1614263,0.03070505,0.0034061023,0.025466489,0.09604764,0.13541667,0.012511764,0.53502
7,7,OUT,OUT,0.14342517,0.032365542,0.0024606434,0.016316531,0.078555405,0.16323717,0.006223733,0.55741584
7,7,OUT,OUT,0.20525935,0.03049619,0.003418761,0.017335065,0.07982851,0.22592661,0.019531729,0.4182038
5,7,SO,OUT,0.14126973,0.022074053,0.002891166,0.011758602,0.059330303,0.24377221,0.0060205692,0.51288337
7,7,OUT,OUT,0.11249612,0.040135447,0.0042556836,0.017621925,0.09262509,0.25922477,0.00801466,0.4656263
7,7,OUT,OUT,0.12742305,0.023167865,0.0052657295,0.023236902,0.047945496,0.27818266,0.010483661,0.4842947
0,7,SINGLE,OUT,0.17978016,0.028940087,0.0076345312,0.018991038,0.057768933,0.2695068,0.008986889,0.42839158
5,7,SO,OUT,0.1412209,0.03912522,0.003991166,0.044338085,0.051236223,0.32059625,0.014813525,0.3846787
7,7,OUT,OUT,0.120037906,0.020266661,0.004611815,0.016333586,0.041076563,0.2420282,0.006335609,0.5493096
5,7,SO,OUT,0.13240135,0.02758869,0.003195185,0.027636413,0.040801164,0.20478092,0.006484318,0.557112
5,7,SO,OUT,0.15275346,0.033953696,0.0044167168,0.018778736,0.090143435,0.25365722,0.009402934,0.43689382
5,7,SO,OUT,0.102438346,0.02369128,0.0032315457,0.021187892,0.04259608,0.34560004,0.009082701,0.4521722
1,7,DOUBLE,OUT,0.1542079,0.022283241,0.002801667,0.01315731,0.070067085,0.19011234,0.005360726,0.5420098
4,7,BB,OUT,0.18669108,0.043580323,0.0067459783,0.012610187,0.15760139,0.15669267,0.011204639,0.4248738
7,7,OUT,OUT,0.13625135,0.031256754,0.003924081,0.034772683,0.100581296,0.2578528,0.013351625,0.42200947
7,7,OUT,OUT,0.1723118,0.031426124,0.0054358616,0.011689235,0.13569832,0.124822855,0.015931118,0.5026847
5,7,SO,OUT,0.07075467,0.01775569,0.0016263569,0.00972696,0.106229015,0.2591015,0.010646839,0.524159
0,7,SINGLE,OUT,0.15823951,0.04185581,0.0070125954,0.018689362,0.042002246,0.22021015,0.011116061,0.5008743
7,7,OUT,OUT,0.24482723,0.025255723,0.008117289,0.013817847,0.09624038,0.15107518,0.01440627,0.44626004
2,7,TRIPLE,OUT,0.24361807,0.035942923,0.007862711,0.0122776525,0.06309153,0.17670977,0.010348749,0.45014864
7,7,OUT,OUT,0.15589687,0.043644726,0.004324905,0.029310107,0.10573457,0.26805446,0.011572915,0.3814614
7,7,OUT,OUT,0.1374712,0.02719006,0.0054780454,0.014991827,0.10774552,0.2970668,0.008802967,0.40125358
5,7,SO,OUT,0.13308339,0.017018985,0.005185513,0.014067658,0.04311925,0.19395043,0.012149372,0.5814254
5,7,SO,OUT,0.13191505,0.02091385,0.008068123,0.008702001,0.054748353,0.2630521,0.006275924,0.5063245
5,7,SO,OUT,0.14243017,0.021924539,0.003275925,0.013267121,0.033888545,0.19917618,0.01286389,0.57317364
7,7,OUT,OUT,0.17075801,0.04284053,0.007041044,0.014005667,0.06380598,0.16847615,0.011483725,0.5215889
5,7,SO,OUT,0.11971286,0.039747898,0.0029128282,0.013743788,0.08211649,0.21946616,0.0149991,0.5073009
7,7,OUT,OUT,0.15499662,0.028803641,0.0064404653,0.013541175,0.0392758,0.1815112,0.005497696,0.5699334
4,7,BB,OUT,0.19610338,0.035913598,0.005083859,0.020524494,0.09854858,0.16731764,0.018447736,0.45806077
7,7,OUT,OUT,0.28756252,0.01923774,0.0060384846,0.01290833,0.1391461,0.10841388,0.016757796,0.40993515
5,7,SO,OUT,0.1964911,0.052128658,0.006475515,0.0142107075,0.040536154,0.15635882,0.013954593,0.5198444
0,7,SINGLE,OUT,0.16816974,0.0356692,0.0036239305,0.021105245,0.05011076,0.16713892,0.0097681945,0.544414
7,7,OUT,OUT,0.12475307,0.039383188,0.002903912,0.026323127,0.044131067,0.2652358,0.007983707,0.48928618
7,7,OUT,OUT,0.11103981,0.015025501,0.002651269,0.010024132,0.038481325,0.20828363,0.0055923345,0.6089019
7,7,OUT,OUT,0.15363325,0.031978447,0.0031942662,0.014710228,0.080924906,0.17601685,0.0103911925,0.52915084
5,7,SO,OUT,0.18573157,0.044526387,0.0035543942,0.016436944,0.086580224,0.21479446,0.009962268,0.4384138
4,7,BB,OUT,0.109267525,0.020562472,0.0024371636,0.0149976155,0.06014954,0.31716293,0.008820922,0.46660188
7,7,OUT,OUT,0.14687303,0.0219564,0.0033149112,0.015298692,0.07217848,0.28904396,0.0074732606,0.44386134
1,7,DOUBLE,OUT,0.1832816,0.025572341,0.0068760295,0.014043141,0.04450189,0.22722572,0.009345729,0.48915356
7,7,OUT,OUT,0.25192282,0.025359947,0.009459633,0.009953671,0.059067003,0.12056233,0.010994487,0.5126802
7,7,OUT,OUT,0.14530961,0.0472934,0.0055907634,0.018408492,0.09528241,0.2556587,0.010132437,0.4223242
4,7,BB,OUT,0.1480239,0.028227929,0.0042351284,0.013358762,0.1013527,0.30865902,0.010358773,0.38578388
0,7,SINGLE,OUT,0.09958414,0.02601365,0.0036205582,0.011111078,0.049777243,0.231212,0.012909437,0.5657719
7,7,OUT,OUT,0.09820073,0.022196565,0.003037144,0.013301754,0.06885224,0.18987435,0.007761975,0.59677523
5,7,SO,OUT,0.17129631,0.021294054,0.004338567,0.010904757,0.050147325,0.25519943,0.00959396,0.47722557
7,7,OUT,OUT,0.16290191,0.019525884,0.002916949,0.015268521,0.08053164,0.3090405,0.010823583,0.39899105
7,7,OUT,OUT,0.1280523,0.02213988,0.003163568,0.010349589,0.06466162,0.23092884,0.0067228246,0.53398144
7,7,OUT,OUT,0.19265899,0.03514497,0.005888869,0.020203892,0.02890621,0.20041999,0.009717516,0.5070596
5,7,SO,OUT,0.18966155,0.022991654,0.008889108,0.01376726,0.051409688,0.20190622,0.008209344,0.5031652
0,7,SINGLE,OUT,0.11312309,0.027704416,0.0028121192,0.02181761,0.03690688,0.3201711,0.007443746,0.47002113
7,7,OUT,OUT,0.101793274,0.019365935,0.0021278113,0.008964488,0.038181096,0.24304199,0.0059677535,0.5805577
0,7,SINGLE,OUT,0.20954533,0.025658129,0.0040617427,0.020319533,0.08814267,0.18717797,0.010937948,0.45415673
0,7,SINGLE,OUT,0.2853594,0.041650582,0.0079787765,0.037245132,0.10376559,0.12147428,0.01852641,0.38399974
5,7,SO,OUT,0.26384664,0.039539695,0.0065581403,0.023391098,0.11224551,0.16179208,0.023972537,0.36865437
7,7,OUT,OUT,0.13799052,0.03115669,0.0038612771,0.011629025,0.078183234,0.20505238,0.0047978405,0.527329
5,7,SO,OUT,0.091765225,0.01856945,0.00326771,0.007480127,0.05199432,0.2197456,0.0074179177,0.59975964
7,7,OUT,OUT,0.16802706,0.028129473,0.0036651518,0.011652639,0.045611344,0.13299243,0.0048758937,0.60504603
0,7,SINGLE,OUT,0.078644365,0.0404743,0.0047645126,0.007941127,0.10020092,0.15882295,0.008591406,0.6005604
5,7,SO,OUT,0.081942685,0.05351482,0.015674246,0.01790325,0.13218436,0.1725693,0.0059234025,0.520288
0,7,SINGLE,OUT,0.15795654,0.03208206,0.0027135727,0.016750162,0.03051379,0.15619853,0.0071823294,0.59660304
0,7,SINGLE,OUT,0.2784759,0.05200609,0.0046454025,0.026979793,0.04835883,0.065711595,0.010493825,0.51332855
7,7,OUT,OUT,0.26562074,0.030063175,0.0060282117,0.00962304,0.05423687,0.085941516,0.0090869665,0.5393995
7,7,OUT,OUT,0.20843808,0.03131174,0.003993702,0.013397967,0.08378701,0.11914206,0.010443461,0.52948594
0,7,SINGLE,OUT,0.15333623,0.035639323,0.003989257,0.0067367847,0.063969366,0.23502655,0.008796933,0.49250558
5,7,SO,OUT,0.09135825,0.046953656,0.0029118236,0.013535137,0.050487757,0.2103067,0.009938257,0.5745084
7,7,OUT,OUT,0.12921348,0.03260131,0.0034777962,0.015993424,0.06410399,0.1398934,0.011568711,0.6031479
7,7,OUT,OUT,0.16160767,0.045616716,0.007421069,0.008290008,0.07183198,0.11379428,0.0071790614,0.5842592
4,7,BB,OUT,0.0810408,0.045307003,0.0026477932,0.018639363,0.068329796,0.23199016,0.010053404,0.5419917
7,7,OUT,OUT,0.106684275,0.059713487,0.002582686,0.015109541,0.09747526,0.18111615,0.0071345107,0.53018403
7,7,OUT,OUT,0.15083952,0.0456876,0.0014787787,0.011899325,0.04498074,0.2048325,0.008498348,0.53178316
6,7,HBP,OUT,0.18295184,0.026294537,0.0020060395,0.009742995,0.0589578,0.12658802,0.009624808,0.583834
0,7,SINGLE,OUT,0.13155109,0.049063265,0.0026424732,0.045074172,0.0718571,0.2763444,0.008573907,0.41489363
0,7,SINGLE,OUT,0.22106005,0.051496822,0.0028104163,0.022391012,0.07717264,0.14389731,0.0058663804,0.47530535
4,7,BB,OUT,0.22409545,0.057020176,0.0026708194,0.019571837,0.11249959,0.129459,0.02202853,0.43265462
7,7,OUT,OUT,0.17089152,0.055008158,0.004954666,0.019004641,0.0786861,0.096006766,0.020883117,0.55456513
7,7,OUT,OUT,0.20524123,0.042586546,0.0043095346,0.008518714,0.04599836,0.088933945,0.0165721,0.58783954
7,7,OUT,OUT,0.083158575,0.04493649,0.014356919,0.018976249,0.116961196,0.14792356,0.008863629,0.5648233
4,7,BB,OUT,0.17400753,0.025989141,0.0025217594,0.013794506,0.032759875,0.15589479,0.005982479,0.58904994
7,7,OUT,OUT,0.22997,0.04562889,0.004024941,0.022030054,0.044456735,0.095011234,0.010165883,0.54871225
5,7,SO,OUT,0.1551669,0.022367356,0.0047451938,0.009976339,0.07553594,0.16579163,0.010229182,0.5561875
7,7,OUT,OUT,0.20484513,0.0228957,0.00636654,0.012152905,0.045206353,0.11623006,0.009106563,0.58319676
7,7,OUT,OUT,0.1111196,0.061674234,0.0041686404,0.01546772,0.11083466,0.13335454,0.010471484,0.55290914
5,7,SO,OUT,0.15200241,0.10409508,0.0051954594,0.0249322,0.14128537,0.16654044,0.009098016,0.396851
5,7,SO,OUT,0.22587349,0.03282871,0.0055472613,0.015466897,0.06527974,0.15445367,0.0069759693,0.49357423
7,7,OUT,OUT,0.13728341,0.039624784,0.002322835,0.019698394,0.068517804,0.1273432,0.008488649,0.596721
7,7,OUT,OUT,0.1617289,0.04834456,0.0063291164,0.0075116507,0.061570793,0.09850429,0.007068853,0.60894185
7,7,OUT,OUT,0.13844521,0.052766964,0.0023695421,0.016547285,0.07642034,0.16826248,0.0062954416,0.53889275
7,7,OUT,OUT,0.17911592,0.03272402,0.0066608507,0.012438732,0.06490599,0.11539912,0.013533514,0.5752218
7,7,OUT,OUT,0.19535775,0.048127487,0.0037653083,0.022449125,0.03566532,0.16306731,0.011006588,0.52056116
7,7,OUT,OUT,0.19294937,0.036989927,0.005811629,0.023511816,0.039525084,0.1705463,0.009370469,0.5212955
5,7,SO,OUT,0.113089405,0.08044008,0.0020254678,0.046893377,0.10455307,0.29022494,0.0070799715,0.35569367
7,7,OUT,OUT,0.18817458,0.055837926,0.004474032,0.024014631,0.086719535,0.10297353,0.007618068,0.53018767
5,7,SO,OUT,0.14135672,0.037862223,0.00319486,0.024185603,0.061379284,0.18089285,0.01314886,0.5379796
0,7,SINGLE,OUT,0.1430786,0.042721827,0.004226729,0.010577762,0.0909474,0.12926157,0.0076504718,0.57153565
5,7,SO,OUT,0.2022409,0.029795278,0.0062174182,0.01520045,0.04463084,0.1321929,0.00726998,0.56245226
7,7,OUT,OUT,0.16860338,0.047409784,0.003735685,0.019170001,0.094479986,0.12021864,0.00957235,0.5368102
3,7,HR,OUT,0.1650811,0.05989491,0.004480024,0.01775258,0.040482037,0.21083468,0.009155242,0.4923195
7,7,OUT,OUT,0.14229125,0.07026464,0.0043773563,0.0072863083,0.08488978,0.14785622,0.005676569,0.53735787
7,7,OUT,OUT,0.08470097,0.065718435,0.01938522,0.029814752,0.10532952,0.19110756,0.0036052258,0.50033826
7,7,OUT,OUT,0.1597139,0.024747202,0.007164835,0.012042212,0.06460105,0.15268894,0.012698232,0.56634367
5,7,SO,OUT,0.15941443,0.08426811,0.005083517,0.026327929,0.057321195,0.21187653,0.008020925,0.44768736
4,7,BB,OUT,0.15192409,0.039151948,0.0023768034,0.018719165,0.04430396,0.22839685,0.0075817136,0.5075454
7,7,OUT,OUT,0.14642453,0.018498464,0.0027648765,0.0110001145,0.027898718,0.2947588,0.008094866,0.49055958
0,7,SINGLE,OUT,0.1614939,0.04380519,0.0078788195,0.007233263,0.04773012,0.08815916,0.004053702,0.6396459
4,7,BB,OUT,0.20086631,0.082591884,0.0039394493,0.017042581,0.0835379,0.10202775,0.005582752,0.50441134
7,7,OUT,OUT,0.19273165,0.058720123,0.0043410277,0.013928811,0.06269582,0.22988075,0.0064910073,0.43121082
5,7,SO,OUT,0.20197484,0.015110282,0.0040715546,0.020504337,0.076652095,0.1444184,0.009405052,0.5278635
7,7,OUT,OUT,0.26321068,0.04923443,0.004510936,0.023838801,0.053789455,0.14570874,0.009571669,0.4501353
7,7,OUT,OUT,0.16339098,0.045141466,0.009118298,0.009488278,0.056595143,0.14608184,0.0077239117,0.56246006
7,7,OUT,OUT,0.18617317,0.039930765,0.0041621663,0.01847789,0.058940448,0.23027351,0.010551154,0.4514909
7,7,OUT,OUT,0.14320229,0.025492052,0.004275375,0.013862187,0.059210315,0.2985151,0.0059138983,0.4495287
6,7,HBP,OUT,0.17096554,0.04869852,0.0016993692,0.03132294,0.062717006,0.17717746,0.009876994,0.49754223
7,7,OUT,OUT,0.24727638,0.037210297,0.003345873,0.020208195,0.052274436,0.10230522,0.0064480696,0.5309316
5,7,SO,OUT,0.1739396,0.03251446,0.0029432075,0.00950515,0.043902844,0.11201556,0.0043086126,0.62087053
7,7,OUT,OUT,0.13868861,0.028787661,0.0036250288,0.0150010865,0.05174547,0.1828176,0.0076659564,0.5716685
4,7,BB,OUT,0.14557396,0.03198287,0.006267139,0.013435236,0.07172568,0.16436434,0.010273587,0.5563772
0,7,SINGLE,OUT,0.24930145,0.026894962,0.0070551946,0.012661282,0.081486635,0.15549327,0.0133147715,0.45379236
0,7,SINGLE,OUT,0.1922902,0.037834246,0.012534768,0.018345803,0.076668076,0.14644736,0.015159062,0.50072044
5,7,SO,OUT,0.21481743,0.0518237,0.005109393,0.021569049,0.097508326,0.17143977,0.0061542355,0.43157813
5,7,SO,OUT,0.110023715,0.013302716,0.007603723,0.011490152,0.045098264,0.119204216,0.009377515,0.68389964
7,7,OUT,OUT,0.13871159,0.029365305,0.008488832,0.009564474,0.07436956,0.17008768,0.012114122,0.5572985
7,7,OUT,OUT,0.20929146,0.023156345,0.004380908,0.01109816,0.044214703,0.106026955,0.007024747,0.5948068
7,7,OUT,OUT,0.23775844,0.03996692,0.0040065334,0.013910824,0.056842476,0.16794519,0.010001184,0.4695685
7,7,OUT,OUT,0.17292665,0.024393689,0.0038767222,0.011397497,0.14399233,0.12428463,0.0061746645,0.51295376
7,7,OUT,OUT,0.2658244,0.037760884,0.0062830416,0.010344542,0.07938769,0.10127761,0.009064194,0.4900577
4,7,BB,OUT,0.1668631,0.03659591,0.0055682478,0.008997591,0.098312974,0.1677202,0.006695468,0.5092466
7,7,OUT,OUT,0.1577662,0.030050864,0.004390765,0.008429155,0.09103485,0.13536419,0.012310859,0.5606531
5,7,SO,OUT,0.13411352,0.023673851,0.010122569,0.008857301,0.03358242,0.15501921,0.015110709,0.6195204
7,7,OUT,OUT,0.213327,0.0408663,0.0065065622,0.0179881,0.061917175,0.23673421,0.012018622,0.4106421
7,7,OUT,OUT,0.12534158,0.0339734,0.0047072466,0.015304507,0.06326291,0.16302913,0.01109474,0.58328646
7,7,OUT,OUT,0.13964753,0.030534407,0.0059857923,0.011045983,0.068016805,0.29521114,0.006924477,0.4426339
5,7,SO,OUT,0.12450438,0.03772305,0.006929272,0.010340937,0.09593695,0.23750933,0.010055144,0.47700098
7,7,OUT,OUT,0.22992393,0.02732314,0.00326975,0.011658697,0.06951828,0.13155295,0.006945211,0.51980805
1,7,DOUBLE,OUT,0.25687432,0.054756425,0.004096257,0.026353663,0.07203003,0.12959231,0.010039027,0.44625795
7,7,OUT,OUT,0.21189374,0.027240612,0.0029212954,0.014841505,0.04548493,0.11296509,0.0064027775,0.57825
7,7,OUT,OUT,0.1981259,0.032184374,0.003338594,0.0063027153,0.052918166,0.2494108,0.005370603,0.45234892
5,7,SO,OUT,0.24131219,0.029575149,0.0031790177,0.016311625,0.054582264,0.16606691,0.005346739,0.48362604
7,7,OUT,OUT,0.124592364,0.04407806,0.00423394,0.012688426,0.08748737,0.20327197,0.0077285958,0.51591927
7,7,OUT,OUT,0.19268954,0.047918327,0.004135835,0.010076877,0.062185194,0.24702308,0.009019321,0.42695183
1,7,DOUBLE,OUT,0.12937352,0.034960672,0.0016217395,0.008378483,0.051624727,0.2559252,0.004350478,0.51376516
5,5,SO,SO,0.12755938,0.036352463,0.0022878926,0.030565005,0.0777099,0.39778817,0.006456025,0.3212812
7,7,OUT,OUT,0.22411843,0.03616866,0.0046930844,0.013674197,0.0702799,0.21536194,0.008294933,0.42740884
7,7,OUT,OUT,0.12823746,0.047263492,0.0039536427,0.021415593,0.08261569,0.27383378,0.013913266,0.42876706
7,7,OUT,OUT,0.16674666,0.016325435,0.007612822,0.0073209247,0.094571434,0.18590415,0.0134638995,0.5080547
5,7,SO,OUT,0.18871833,0.033340428,0.002426735,0.008282473,0.10501527,0.16297239,0.018618776,0.48062557
7,7,OUT,OUT,0.21254969,0.03140381,0.0052461126,0.015380022,0.05890082,0.22819825,0.010666392,0.43765497
7,7,OUT,OUT,0.14188045,0.033458244,0.003026261,0.009538172,0.092434704,0.30905285,0.013227767,0.3973816
7,7,OUT,OUT,0.12136375,0.03148734,0.004719555,0.02809818,0.056857407,0.18759897,0.015243993,0.5546308
5,7,SO,OUT,0.1871408,0.036904294,0.0077759447,0.020559903,0.044021938,0.15724297,0.008468283,0.53788584
0,7,SINGLE,OUT,0.2545486,0.027158415,0.006211817,0.013566824,0.058434203,0.16826145,0.008908318,0.46291035
7,7,OUT,OUT,0.119014725,0.031464595,0.0034349635,0.007659749,0.07504066,0.3004175,0.0078007183,0.45516706
7,7,OUT,OUT,0.17449132,0.03132217,0.006700303,0.00902597,0.052886542,0.2237491,0.006564485,0.49526012
7,7,OUT,OUT,0.16254415,0.044875234,0.004839225,0.017776866,0.061357368,0.15788867,0.012084958,0.5386335
0,7,SINGLE,OUT,0.16258892,0.023003675,0.0053045265,0.007924564,0.05905422,0.19436567,0.005057458,0.54270095
7,7,OUT,OUT,0.12474425,0.03009496,0.015202309,0.023554971,0.14168662,0.24162121,0.018659407,0.40443626
7,7,OUT,OUT,0.17879525,0.024840923,0.0059227934,0.017939406,0.054090973,0.10944745,0.009836764,0.59912646
7,7,OUT,OUT,0.1073685,0.019003209,0.005054866,0.009155468,0.065299466,0.2533472,0.010354962,0.5304163
0,7,SINGLE,OUT,0.1031281,0.028953416,0.0055726855,0.01675595,0.035590615,0.2976229,0.0075203134,0.50485605
7,7,OUT,OUT,0.13103926,0.034410838,0.0028414885,0.025559474,0.12730497,0.16358249,0.013637947,0.5016236
0,7,SINGLE,OUT,0.22472996,0.033311907,0.0033945139,0.01210719,0.05850743,0.12902278,0.0058627836,0.5330635
5,7,SO,OUT,0.09589097,0.025510399,0.003146074,0.017986845,0.11891528,0.15728447,0.012664805,0.56860113
6,7,HBP,OUT,0.17490494,0.03371282,0.005281139,0.0134584885,0.03664075,0.13956222,0.009462535,0.5869771
7,7,OUT,OUT,0.28705865,0.029169362,0.005134052,0.014130057,0.048109625,0.074750304,0.006565576,0.53508234
7,7,OUT,OUT,0.15710953,0.03737472,0.0026937139,0.01908494,0.07232056,0.10443617,0.00869291,0.59828746
7,7,OUT,OUT,0.16627935,0.02846657,0.0031981498,0.009886452,0.048725586,0.1814595,0.0053123664,0.55667204
7,7,OUT,OUT,0.102507666,0.019824687,0.002901359,0.012818446,0.05524257,0.2872818,0.0066646063,0.5127588
7,7,OUT,OUT,0.15573369,0.038208947,0.0025638377,0.036482528,0.102460004,0.18583603,0.007080151,0.4716348
7,7,OUT,OUT,0.09588544,0.023529148,0.0025312693,0.010716265,0.066609405,0.15374887,0.010205662,0.6367739
7,7,OUT,OUT,0.19810724,0.024627114,0.00565874,0.015952528,0.07173714,0.1293017,0.009805977,0.5448095
0,7,SINGLE,OUT,0.20723216,0.054243647,0.0039829956,0.014126101,0.051629446,0.111596815,0.006744588,0.5504442
7,7,OUT,OUT,0.20097663,0.034272056,0.0037750727,0.012991527,0.09130441,0.15904091,0.0062086796,0.4914307
0,7,SINGLE,OUT,0.19816692,0.035595015,0.0043525854,0.015270978,0.075277016,0.15165837,0.009714071,0.50996506
0,7,SINGLE,OUT,0.14686696,0.044061773,0.0033306046,0.017866153,0.09983557,0.15909679,0.0050124144,0.5239297
7,7,OUT,OUT,0.10651147,0.02952944,0.0028939722,0.013849664,0.0638312,0.15292361,0.0043059075,0.62615466
7,7,OUT,OUT,0.20992166,0.04360021,0.0026497724,0.036481008,0.055563178,0.18043001,0.0076179435,0.46373624
7,7,OUT,OUT,0.167954,0.036145613,0.0040501296,0.014146037,0.04578918,0.13486789,0.008867345,0.5881798
7,7,OUT,OUT,0.1401154,0.038517162,0.0034253902,0.012276326,0.07677801,0.22105217,0.0074417656,0.5003938
7,7,OUT,OUT,0.13550206,0.021019874,0.0058654165,0.00897763,0.060751107,0.17136565,0.0067671677,0.5897511
7,7,OUT,OUT,0.15213895,0.024903774,0.0036851568,0.038069867,0.10795256,0.13247189,0.012343559,0.5284342
5,7,SO,OUT,0.19646336,0.032712735,0.006160546,0.011674717,0.049798574,0.16490074,0.0051003606,0.533189
5,7,SO,OUT,0.11305209,0.007890196,0.010117698,0.0028462731,0.11092726,0.16700861,0.0044394922,0.58371836
3,7,HR,OUT,0.12873392,0.033088494,0.0030670643,0.032288987,0.059069607,0.16061161,0.009529768,0.57361054
0,7,SINGLE,OUT,0.18984638,0.0386972,0.0031565442,0.0338908,0.06939077,0.1878338,0.011811533,0.465373
4,7,BB,OUT,0.20062687,0.029933814,0.005290037,0.021633621,0.07750003,0.16749223,0.009503454,0.48802006
7,7,OUT,OUT,0.14488289,0.044008393,0.0024110514,0.032004733,0.11487978,0.15097111,0.011188803,0.49965322
5,7,SO,OUT,0.12792172,0.02569617,0.003361489,0.024485515,0.12464727,0.13697904,0.010051607,0.5468571
0,7,SINGLE,OUT,0.23612861,0.044476956,0.0065546823,0.007737672,0.048504815,0.10976009,0.006369128,0.540468
5,7,SO,OUT,0.21184027,0.033952974,0.005707875,0.011916092,0.075193405,0.14110191,0.010302712,0.5099848
0,7,SINGLE,OUT,0.112439,0.0282679,0.0037499238,0.0130106,0.05603459,0.12600118,0.0040255045,0.6564713
0,7,SINGLE,OUT,0.16530135,0.055814672,0.0021435474,0.04610025,0.104684405,0.113989845,0.012141334,0.49982458
7,7,OUT,OUT,0.15243378,0.030033017,0.0037305274,0.014682609,0.05719982,0.15299778,0.008647376,0.5802751
7,7,OUT,OUT,0.09244199,0.03739027,0.002872312,0.026425293,0.0638414,0.24797107,0.011534524,0.51752305
7,7,OUT,OUT,0.16750094,0.041653123,0.0025269482,0.013725795,0.045018937,0.13355845,0.007020258,0.58899564
7,7,OUT,OUT,0.20597532,0.067239985,0.002805563,0.013403318,0.089976355,0.133775,0.006787219,0.48003727
0,7,SINGLE,OUT,0.12683202,0.03104636,0.0024855747,0.041548923,0.07616744,0.15563571,0.007924061,0.55835986
5,7,SO,OUT,0.19848943,0.041707054,0.0047291876,0.026527667,0.094144665,0.1814031,0.010518495,0.44248044
7,7,OUT,OUT,0.1168348,0.03888176,0.0056755547,0.007712526,0.13553876,0.2109455,0.014388284,0.47002292
5,7,SO,OUT,0.14466913,0.05971108,0.0056573898,0.03856947,0.06548316,0.23356873,0.010028692,0.44231233
7,7,OUT,OUT,0.1540727,0.032052763,0.0041038455,0.014285164,0.060703825,0.17719913,0.003671965,0.5539106
7,7,OUT,OUT,0.16152817,0.044572596,0.004286565,0.03348301,0.13319416,0.18533704,0.0068826885,0.43071586
5,7,SO,OUT,0.118642785,0.02855015,0.0044905497,0.012479186,0.04853936,0.3090524,0.0058839694,0.47236165
5,7,SO,OUT,0.13118897,0.02329792,0.0014490247,0.022218227,0.03872811,0.25771853,0.0052835387,0.5201157
2,7,TRIPLE,OUT,0.19597585,0.024165267,0.0065091546,0.0065051834,0.052091468,0.15578657,0.007814059,0.5511524
5,7,SO,OUT,0.19077392,0.03571994,0.005124756,0.013903475,0.05862079,0.22059838,0.010177944,0.46508077
4,7,BB,OUT,0.13186699,0.020126615,0.0024819407,0.021809377,0.057452,0.325014,0.0073777745,0.43387133
6,7,HBP,OUT,0.1706626,0.016483054,0.002918975,0.017117985,0.06535328,0.19654414,0.014497057,0.5164229
0,7,SINGLE,OUT,0.12925614,0.023096543,0.004264034,0.011651926,0.07271037,0.2953511,0.008550905,0.455119
7,7,OUT,OUT,0.14592215,0.023520406,0.0022407707,0.0138002895,0.08708633,0.15801148,0.0070705875,0.562348
5,7,SO,OUT,0.15411049,0.024659548,0.0042720255,0.018512052,0.095402345,0.27236238,0.008832485,0.4218486
5,7,SO,OUT,0.12428762,0.028099973,0.004701319,0.0127604,0.13598366,0.25202388,0.012086737,0.4300564
0,7,SINGLE,OUT,0.21778817,0.04166556,0.0078167925,0.01546013,0.05454386,0.13492614,0.020279035,0.5075204
7,7,OUT,OUT,0.13209157,0.015897134,0.0026173037,0.019306993,0.040375143,0.31174853,0.0131640695,0.46479928
5,7,SO,OUT,0.17307279,0.031066788,0.003322735,0.011466431,0.08269412,0.25035295,0.010808947,0.43721518
5,5,SO,SO,0.17101493,0.018713776,0.0035275717,0.011309376,0.06858602,0.39921883,0.0061286213,0.3215008
5,5,SO,SO,0.12039131,0.015565439,0.0026537047,0.01688855,0.08083755,0.3888674,0.019295432,0.3555006
6,7,HBP,OUT,0.12394699,0.023877587,0.0026999651,0.009326716,0.06821822,0.26420453,0.007604103,0.5001219
7,7,OUT,OUT,0.21390688,0.029986016,0.0023179178,0.024178423,0.09381651,0.26987302,0.010223524,0.3556977
7,7,OUT,OUT,0.14796934,0.026329922,0.0029112669,0.0068971254,0.07770753,0.1991645,0.00633324,0.53268707
5,7,SO,OUT,0.20664808,0.044489596,0.0045272484,0.014399255,0.05369079,0.15482198,0.009008744,0.51241434
7,7,OUT,OUT,0.20222269,0.041606214,0.0036373804,0.011292639,0.06774883,0.15536806,0.005967838,0.51215637
5,7,SO,OUT,0.14022066,0.020537054,0.0031144007,0.007416826,0.05032938,0.20699702,0.005261467,0.56612325
7,7,OUT,OUT,0.12870345,0.030700134,0.0047893804,0.032824267,0.06618276,0.24878114,0.012630673,0.47538814
7,7,OUT,OUT,0.15248065,0.038489997,0.008146264,0.02644455,0.13937421,0.22619553,0.012292394,0.39657637
4,7,BB,OUT,0.1578086,0.043675825,0.0066209137,0.010886833,0.07501278,0.21258628,0.008830449,0.48457825
5,7,SO,OUT,0.19055581,0.040675443,0.004929314,0.031758923,0.1028396,0.20230676,0.02629577,0.40063846
5,7,SO,OUT,0.17416948,0.01856255,0.006064951,0.008080445,0.043222975,0.12535942,0.006307664,0.6182325
7,7,OUT,OUT,0.1880655,0.029248092,0.005410005,0.009708498,0.091356926,0.16239622,0.010661773,0.50315297
5,7,SO,OUT,0.15334558,0.03468421,0.0036787938,0.019915817,0.06820387,0.2096543,0.008462594,0.5020548
7,7,OUT,OUT,0.10948884,0.040562104,0.006246262,0.034743976,0.10551266,0.21102878,0.019938957,0.4724784
0,7,SINGLE,OUT,0.2464379,0.05394207,0.0052312147,0.02515107,0.12109967,0.17119059,0.008617206,0.3683302
4,7,BB,OUT,0.17267612,0.041474067,0.0041380967,0.017187621,0.13033217,0.17413412,0.009089728,0.4509681
3,7,HR,OUT,0.17472899,0.032338306,0.0028807675,0.04279456,0.18331566,0.14948875,0.014687897,0.39976507
7,7,OUT,OUT,0.113900736,0.027005667,0.0010012577,0.010462963,0.080470785,0.20443593,0.00236835,0.56035435
7,7,OUT,OUT,0.11116684,0.030729348,0.0012586175,0.010965344,0.044797473,0.23714769,0.002689733,0.5612449
6,7,HBP,OUT,0.21392569,0.044008754,0.0036292793,0.013587625,0.05428251,0.17659587,0.0050762994,0.48889393
5,7,SO,OUT,0.15976019,0.028103072,0.005652895,0.015415546,0.14414093,0.19397554,0.008330969,0.44462088
7,7,OUT,OUT,0.2047692,0.0361198,0.00560438,0.014215259,0.10315638,0.18846658,0.002983728,0.44468465
5,7,SO,OUT,0.12815414,0.03392449,0.003032533,0.02646219,0.06506568,0.17718609,0.008945764,0.5572291
3,7,HR,OUT,0.18263844,0.020755108,0.0037755836,0.011608955,0.07091053,0.32541463,0.0053139864,0.3795827
7,7,OUT,OUT,0.19933595,0.035699382,0.0032489013,0.02008156,0.05971961,0.23444085,0.012443132,0.4350306
7,7,OUT,OUT,0.13068761,0.033572655,0.002402817,0.02268601,0.08377703,0.16074169,0.01199254,0.5541396
5,7,SO,OUT,0.25080475,0.020563766,0.0037193296,0.013611248,0.028654283,0.17977841,0.0076692635,0.4951989
7,7,OUT,OUT,0.21643443,0.033737723,0.0027240943,0.010660623,0.051558644,0.22117634,0.006923761,0.4567844
4,7,BB,OUT,0.15372288,0.042409025,0.0036985946,0.01164951,0.12087542,0.16807783,0.007897871,0.49166885
0,7,SINGLE,OUT,0.1362413,0.034170758,0.0020902022,0.021256771,0.06635065,0.23850004,0.013314497,0.48807582
5,7,SO,OUT,0.13423656,0.028947182,0.0024106726,0.014761632,0.13317923,0.26400352,0.01158782,0.41087347
7,7,OUT,OUT,0.18884102,0.02247426,0.004024904,0.016875014,0.06709781,0.17125216,0.0066024945,0.52283233
7,7,OUT,OUT,0.15037453,0.03560806,0.0026527275,0.017731639,0.037837252,0.11447101,0.0059448034,0.63537997
7,7,OUT,OUT,0.15838298,0.03136829,0.0047104727,0.015126387,0.052225165,0.18072706,0.0046194806,0.5528402
7,7,OUT,OUT,0.28273642,0.049332794,0.006532203,0.014241596,0.07787988,0.17112118,0.015612183,0.38254377
6,7,HBP,OUT,0.1504911,0.025529943,0.005265948,0.015199326,0.08771871,0.26030007,0.006343564,0.44915137
7,7,OUT,OUT,0.13170616,0.021809068,0.0054407124,0.015750485,0.06457087,0.23805687,0.010380695,0.5122852
7,7,OUT,OUT,0.20785892,0.035995558,0.004733743,0.017464802,0.07781745,0.1797877,0.0077980156,0.46854383
7,7,OUT,OUT,0.18992668,0.040271353,0.004590669,0.02469345,0.08312905,0.24185859,0.008030762,0.40749946
7,7,OUT,OUT,0.12931791,0.023402063,0.0032760196,0.013415952,0.06167822,0.19425015,0.004542665,0.57011706
7,7,OUT,OUT,0.18923995,0.030845381,0.0037588468,0.018872125,0.06668605,0.10612605,0.006247937,0.5782237
1,7,DOUBLE,OUT,0.28614435,0.045641143,0.0054377415,0.018672502,0.073441446,0.122966,0.006587199,0.44110972
7,7,OUT,OUT,0.11728415,0.021624608,0.0025526846,0.010996224,0.037148003,0.2568928,0.0071225804,0.5463789
7,7,OUT,OUT,0.19959494,0.03949267,0.004740804,0.008362301,0.059321024,0.17583711,0.011275401,0.50137573
7,7,OUT,OUT,0.13694422,0.02567843,0.003067706,0.017011935,0.0686295,0.30022117,0.016518356,0.4319287
0,7,SINGLE,OUT,0.18134592,0.02820732,0.0040601385,0.023826508,0.060954113,0.1739388,0.006876712,0.52079046
7,7,OUT,OUT,0.26644585,0.036049034,0.003081447,0.027351152,0.049666885,0.17813194,0.012383356,0.4268904
7,7,OUT,OUT,0.1525998,0.029754173,0.0025474108,0.023462808,0.053537227,0.14248297,0.0123372795,0.58327836
7,7,OUT,OUT,0.26117995,0.023432685,0.0060116034,0.018284705,0.03691205,0.13805208,0.010301069,0.5058258
7,7,OUT,OUT,0.28358373,0.048859224,0.004809744,0.015374516,0.061908662,0.13963602,0.009407257,0.4364209
4,7,BB,OUT,0.30517468,0.04335425,0.008107337,0.013631719,0.065139055,0.15367146,0.009056636,0.40186492
0,7,SINGLE,OUT,0.12991983,0.023279922,0.003286096,0.0065639145,0.06331316,0.30017075,0.0082183285,0.46524802
7,7,OUT,OUT,0.22151688,0.08034408,0.004394193,0.05330357,0.095052905,0.1727052,0.024864322,0.34781888
4,7,BB,OUT,0.21022627,0.026037913,0.0045978017,0.022328658,0.061440192,0.07591505,0.0066094534,0.5928446
0,7,SINGLE,OUT,0.21123628,0.0412088,0.0047645057,0.0145741105,0.06097439,0.1300311,0.012159851,0.52505094
7,7,OUT,OUT,0.19056116,0.033401556,0.0037866058,0.015396071,0.06915509,0.2039131,0.012404802,0.47138155
7,7,OUT,OUT,0.14163649,0.02127446,0.0024878685,0.0103606535,0.04936939,0.13405412,0.011922987,0.6288941
7,7,OUT,OUT,0.14548884,0.026238902,0.00277054,0.011842725,0.06341437,0.17921102,0.00867956,0.562354
1,7,DOUBLE,OUT,0.15282248,0.03483099,0.002729336,0.019766418,0.07863088,0.2667139,0.013020648,0.43148533
5,7,SO,OUT,0.26948765,0.048081983,0.005916638,0.011407268,0.05454367,0.14665043,0.009086748,0.45482567
0,7,SINGLE,OUT,0.16101332,0.038538348,0.0029965818,0.027077362,0.046579458,0.147609,0.0077981204,0.56838787
0,7,SINGLE,OUT,0.22975124,0.03268576,0.008207566,0.023604484,0.044221874,0.1617289,0.010776179,0.48902398
7,7,OUT,OUT,0.30751017,0.03061362,0.0060397717,0.018008377,0.059240405,0.15790215,0.009654405,0.41103107
5,7,SO,OUT,0.21965429,0.043941498,0.006237235,0.019639838,0.1313483,0.17417254,0.011207548,0.39379883
7,7,OUT,OUT,0.14245133,0.039256677,0.004570001,0.014447715,0.20477517,0.21647693,0.008588554,0.36943355
7,7,OUT,OUT,0.15595569,0.031050488,0.005755906,0.010729094,0.0652712,0.23870738,0.003646095,0.48888424
7,7,OUT,OUT,0.15455967,0.048978627,0.0030557362,0.026348619,0.058671266,0.17750897,0.007070908,0.52380615
0,7,SINGLE,OUT,0.19627179,0.021929866,0.004834405,0.0108114965,0.06910285,0.11845831,0.007435425,0.57115585
7,7,OUT,OUT,0.13563037,0.02596444,0.002979504,0.015359172,0.058648787,0.12368456,0.008997318,0.6287359
7,7,OUT,OUT,0.1311659,0.022108713,0.0020121313,0.011696825,0.09203272,0.28409326,0.0102733085,0.44661716
7,7,OUT,OUT,0.17892547,0.026596924,0.0044245557,0.014991142,0.052586712,0.15117763,0.005433602,0.56586397
5,7,SO,OUT,0.15922414,0.029571256,0.0039388933,0.018352352,0.119886234,0.18967059,0.0064954786,0.4728611
7,7,OUT,OUT,0.17050005,0.04161508,0.0054443483,0.010386698,0.11360884,0.20206815,0.007048467,0.44932845
5,7,SO,OUT,0.148406,0.027461417,0.005345474,0.0163389,0.087592244,0.25218156,0.00583236,0.45684212
7,7,OUT,OUT,0.14963552,0.043035578,0.004173203,0.013259389,0.07009975,0.21412042,0.006640531,0.4990357
7,7,OUT,OUT,0.12678194,0.041500486,0.003382316,0.012023856,0.085596554,0.2945467,0.008066144,0.428102
5,7,SO,OUT,0.2086634,0.029829651,0.005872251,0.014416188,0.05724744,0.1475953,0.01287856,0.5234971
7,7,OUT,OUT,0.2505834,0.032571122,0.008031069,0.01105836,0.08407487,0.17626697,0.010599418,0.4268148
0,7,SINGLE,OUT,0.17310196,0.026013259,0.0040287357,0.009508227,0.13049036,0.21395345,0.0098411925,0.4330628
7,7,OUT,OUT,0.15142922,0.0282754,0.0017808845,0.018935572,0.11239953,0.19309734,0.008483604,0.48559853
5,7,SO,OUT,0.10656227,0.025933497,0.008383069,0.009105687,0.1125449,0.22304235,0.005467381,0.5089608
7,7,OUT,OUT,0.12265449,0.026844017,0.003927406,0.013113764,0.0881804,0.21326928,0.010463713,0.52154696
7,7,OUT,OUT,0.1887335,0.02692157,0.003339877,0.011777182,0.06970163,0.2213824,0.0099766515,0.46816722
5,7,SO,OUT,0.19010088,0.021397742,0.003851665,0.014134263,0.07853277,0.19024576,0.0070582926,0.4946787
4,7,BB,OUT,0.17760135,0.031403445,0.0035125858,0.035164766,0.09811711,0.22415096,0.01162109,0.41842878
7,7,OUT,OUT,0.13221748,0.028424576,0.0064018886,0.02340643,0.10924763,0.2690791,0.019829025,0.4113939
7,7,OUT,OUT,0.18764697,0.030053388,0.003516906,0.022430183,0.057782285,0.22810435,0.0088455025,0.46162048
0,7,SINGLE,OUT,0.17110005,0.0352062,0.003965557,0.020788677,0.08563282,0.14451931,0.016936587,0.5218508
4,7,BB,OUT,0.17602396,0.029563937,0.004215411,0.024429044,0.060251262,0.0999555,0.004368571,0.60119236
7,7,OUT,OUT,0.16062798,0.026624208,0.0037873501,0.00951057,0.08160337,0.0790434,0.008080882,0.6307223
5,7,SO,OUT,0.1220903,0.023826025,0.0035098072,0.012233211,0.08087216,0.22740524,0.013078104,0.5169852
5,7,SO,OUT,0.20720911,0.030482875,0.004406586,0.017502798,0.059418958,0.18656737,0.006445177,0.487967
0,7,SINGLE,OUT,0.20868608,0.036193736,0.0054990225,0.029327575,0.082405224,0.20884079,0.011239452,0.41780815
5,7,SO,OUT,0.20263478,0.046359748,0.006397393,0.025634589,0.07256862,0.23084266,0.007702886,0.4078593
5,7,SO,OUT,0.113765605,0.027576849,0.006807238,0.014446372,0.07637377,0.26059005,0.008916431,0.49152377
7,7,OUT,OUT,0.17983939,0.025463974,0.0030344962,0.019725114,0.06281963,0.2769752,0.007004193,0.42513806
7,7,OUT,OUT,0.17638063,0.024901873,0.0038534978,0.011660977,0.06853437,0.16097496,0.008700081,0.5449936
5,7,SO,OUT,0.14261323,0.03939221,0.0037051542,0.012788257,0.050586134,0.23930395,0.010237257,0.5013738
7,7,OUT,OUT,0.23207346,0.028214078,0.005440723,0.013368504,0.071049616,0.15812899,0.008413499,0.48331118
7,7,OUT,OUT,0.28750363,0.02915698,0.008111842,0.008804058,0.06614177,0.21111402,0.0066225836,0.38254517
5,7,SO,OUT,0.19664045,0.0326192,0.005071286,0.008204777,0.13486284,0.18717773,0.0076889237,0.4277348
7,7,OUT,OUT,0.2524344,0.041044958,0.006423863,0.011807886,0.08714596,0.18726647,0.0064592785,0.40741715
6,7,HBP,OUT,0.2535364,0.02602577,0.0040161135,0.012878433,0.049369257,0.16946186,0.011259307,0.4734529
