true_id,pred_id,true_label,pred_label,prob_SINGLE,prob_DOUBLE,prob_TRIPLE,prob_HR,prob_BB,prob_SO,prob_HBP,prob_OUT
1,7,DOUBLE,OUT,0.1566358472221745,0.02380623824190261,0.0021412130072663116,0.007726901199013683,0.10128161725297297,0.254685240565794,0.010807523060953306,0.44291541944992263
7,7,OUT,OUT,0.12795862463194965,0.05974388898753584,0.0014743922155527318,0.011696157064958834,0.044525685077855,0.1550276232588124,0.0055756828125047885,0.5939979459508308
7,7,OUT,OUT,0.09111479508789808,0.0388564191234103,0.001794784797895994,0.024461858206898966,0.09066769062670314,0.2295068930188334,0.004060006488094851,0.5195375526502652
6,7,HBP,OUT,0.19978007048497146,0.04236886312097023,0.0018297988978361367,0.008383206640039217,0.073737950885208,0.13832681703764324,0.009430324854400228,0.5261429680789315
0,7,SINGLE,OUT,0.1627865945195652,0.06030236993827833,0.0021122936921684522,0.011000028998686826,0.07577328659757639,0.1880957241163034,0.014005200522690628,0.48592450161473083
5,7,SO,OUT,0.13209693088617647,0.051136193679246045,0.0017671428963894427,0.02553955679718642,0.14435488426495272,0.17637525663247597,0.006771455650902633,0.46195857919267014
0,7,SINGLE,OUT,0.12899704686580182,0.0392168378145674,0.0017039147016145377,0.009412883028937395,0.10763439915559372,0.26813816474073565,0.004747514937504456,0.440149238755245
3,7,HR,OUT,0.10766602092129268,0.035788883542402956,0.0021802762099771807,0.024581998716205852,0.08156556001984416,0.14001349945982688,0.009391786578288645,0.5988119745521617
7,7,OUT,OUT,0.1504127264315965,0.03558260577052187,0.0015955571667028632,0.009764607836469753,0.1287195649357177,0.2729619504119734,0.008539867147267328,0.39242312029975046
7,7,OUT,OUT,0.19369502805145833,0.025834645837871317,0.002110570318613427,0.008677681257396635,0.044660844720539154,0.13012556620852617,0.0049407958601730825,0.589954867745422
7,7,OUT,OUT,0.17879028966382382,0.0710102315979516,0.0021110454518277243,0.011153268397953782,0.07997161372080976,0.1296249593255348,0.004373542565476875,0.5229650492766216
7,7,OUT,OUT,0.11920929491629165,0.03084995971148924,0.0018313006791749469,0.008913713976422022,0.08930393844721907,0.1163532393326457,0.003996092014371895,0.6295424609223855
7,7,OUT,OUT,0.14851975688943564,0.028951760929947442,0.0018186682927374379,0.008589095387366984,0.08825181358952248,0.2057113115367805,0.004864031879497237,0.5132935614947124
7,7,OUT,OUT,0.09127353605663474,0.0196696778551813,0.0015346026456717835,0.008105710249082515,0.05293709960401907,0.32480156854454517,0.005809296974698796,0.49586850807016675
4,7,BB,OUT,0.10881220488618024,0.037604272476389485,0.0020765396259118073,0.013117183429115716,0.10460853386924882,0.23862302290543524,0.003925048565611489,0.4912331942421074
7,7,OUT,OUT,0.11432382484425072,0.02732978237877563,0.0019602174212683954,0.008754663123104153,0.05944601429364467,0.2532135940591789,0.004984575961929842,0.5299873279178476
1,7,DOUBLE,OUT,0.1896789993503002,0.035558810229395374,0.0018929479173170189,0.008220073639670266,0.06083307787474111,0.17767139949350003,0.007288388881685649,0.5188563026133903
0,7,SINGLE,OUT,0.1478892836200123,0.03327973700996502,0.0015553737169007123,0.009690728052526708,0.07272747678368796,0.22038145480855673,0.005476696310525989,0.5089992496978246
7,7,OUT,OUT,0.20158192262357233,0.04338231353050879,0.0015136391761105892,0.008874462231701135,0.1617482414969251,0.14351287083019224,0.013726720549817538,0.42565982956117226
5,7,SO,OUT,0.15255064250002276,0.031361376187335525,0.0017832333340275267,0.00934281547489635,0.10502358896897707,0.21948879210748864,0.005723277595086383,0.4747262738321658
4,7,BB,OUT,0.12947236788618421,0.03660253210061694,0.0015626802740164383,0.008163624577894777,0.09361279346226917,0.20563275502439854,0.010865639149036804,0.5140876075255832
5,7,SO,OUT,0.12024140826435092,0.06127044965870127,0.002645617906270868,0.02041048030662101,0.1077661591982784,0.2634543232810889,0.01376467268517182,0.4104468886995168
5,7,SO,OUT,0.1743763745467455,0.0629686126566435,0.0016764128692934813,0.00772317440806015,0.04767335118814672,0.12351098975262052,0.006267364513801319,0.5758037200646888
5,7,SO,OUT,0.09525340836408502,0.03994275235829409,0.0015624693732984721,0.03845756173634467,0.11053431333227896,0.24352128638551954,0.004092642569492164,0.466635565880687
7,7,OUT,OUT,0.13023196112365934,0.030930440802471128,0.0015777352646722835,0.009170274401114476,0.07345025104968961,0.24243170180299664,0.005130887207455615,0.5070767483479409
5,7,SO,OUT,0.21974669813115566,0.04566096087327752,0.0019397714220751334,0.01107263922834779,0.06076859944399482,0.23687297146874794,0.00860426962339489,0.4153340898090061
5,7,SO,OUT,0.18180211926672238,0.030133853916847586,0.0015728583164416787,0.011057015219618374,0.07591313354316856,0.1271419258238864,0.0036990940157099602,0.5686799998976051
7,7,OUT,OUT,0.18992106560732364,0.033369419916639546,0.002137781835619517,0.013459002576811796,0.07585059225089771,0.1186246039382156,0.003957511600052903,0.5626800222744394
7,7,OUT,OUT,0.16423798618864288,0.027139454797183202,0.0019982882497743154,0.008753793119699435,0.07830617018795681,0.2250413625979732,0.004709382315044424,0.4898135625437258
7,7,OUT,OUT,0.12548780023466805,0.03324325975764633,0.0015206563083616784,0.009043881189641566,0.0843280440231971,0.2751791299380259,0.003942348207474158,0.46725488034098517
0,7,SINGLE,OUT,0.15376964891783607,0.032012820011930794,0.0021409840232253954,0.008816137447078069,0.06643270121982106,0.11817724942111371,0.004477791166247568,0.6141726677927473
7,7,OUT,OUT,0.1465602179956817,0.02645864417163564,0.001378266194360132,0.009156407361661447,0.06241264963175042,0.12050507294231536,0.006712852468994121,0.6268158892336012
5,7,SO,OUT,0.1243382632600647,0.035376310128250696,0.0054505374383484895,0.011547670075003286,0.10376857578972386,0.14724631453244175,0.020406596122209478,0.5518657326539579
0,7,SINGLE,OUT,0.15551510825024362,0.03673053206333747,0.0015154107386400116,0.008947301662847504,0.0927648079464758,0.2140019284696615,0.009077434228246915,0.48144747664054705
7,7,OUT,OUT,0.10666446567130401,0.046933450679069136,0.0014763507275150761,0.01068227995888908,0.04361347866594731,0.15567018644487968,0.004926220110570101,0.6300335677418256
4,7,BB,OUT,0.1543901536747263,0.04267649029711379,0.0016186661694912155,0.009380443472155733,0.08952885514685976,0.15140906261009324,0.00767479810660908,0.543321530522951
0,7,SINGLE,OUT,0.13732953990813118,0.032914793358925255,0.003491152828189443,0.008749094711161354,0.07705743568412404,0.1576559245609029,0.004033527242962752,0.578768531705603
7,7,OUT,OUT,0.16663784763687448,0.02503222453632093,0.0014692586021716903,0.009340744415337294,0.07631638342807748,0.11077315243658727,0.006096343873859197,0.6043340450707717
7,7,OUT,OUT,0.13642095740212767,0.04045015657636035,0.00221178992474614,0.02791202800781941,0.0818428163635318,0.11948409066729242,0.05111303112367289,0.5405651299344494
5,7,SO,OUT,0.20362859594892985,0.0479073609768532,0.002285299873863502,0.007712490389497446,0.06843091633779352,0.1384277226184683,0.005785241893752596,0.5258223719608416
7,7,OUT,OUT,0.216022887089097,0.02323915075127989,0.001790093208384377,0.006826791261457794,0.0979438331892159,0.10192711807023665,0.005864000388376874,0.5463861260419516
7,7,OUT,OUT,0.10709788891823115,0.04833016740678614,0.001608180991993409,0.025948328456988835,0.11429843904584801,0.240862959159891,0.004996864808461273,0.45685717121180003
5,7,SO,OUT,0.12460894673199846,0.0335140531653887,0.0016409103803937133,0.009249728164162889,0.07844883096553848,0.2462475058989299,0.005167421618603901,0.5011226030749839
0,7,SINGLE,OUT,0.1860606394000175,0.04615158196578244,0.0018814258055579606,0.008753816142700637,0.08086448483773563,0.12292992332473558,0.009112676585332772,0.5442454519381376
5,7,SO,OUT,0.14083820969441016,0.017734057287741144,0.0014221301533814657,0.007526253819418924,0.03955913467720169,0.24331059913477068,0.004433110511297357,0.5451765047217786
7,7,OUT,OUT,0.12886876609584802,0.025712568174404822,0.002002091765494023,0.00787115102920738,0.05683343091775551,0.22325071753176687,0.00468815278368,0.5507731217018433
5,7,SO,OUT,0.15463361510167925,0.03906750337842431,0.001595815720799609,0.010654672227383546,0.14042880917416914,0.23876353425131625,0.004603011343976746,0.41025303880225117
5,7,SO,OUT,0.1321754486251617,0.023935676190096976,0.00145053388358726,0.007856069803375422,0.07859386907911103,0.24373375453466722,0.00404243438706039,0.50821221349694
7,7,OUT,OUT,0.14255929846745077,0.030904192577375856,0.0013771911548138404,0.014373088488167854,0.040151993547666895,0.15484928896255118,0.003997121265144489,0.6117878255368291
5,7,SO,OUT,0.15837036704881682,0.03513120892924831,0.0017005461315194443,0.011500448194874493,0.08396845438136914,0.1381797044678185,0.004784016807971869,0.5663652540383816
0,7,SINGLE,OUT,0.14626543551143303,0.05645285947014832,0.002140457251325673,0.01135767807040588,0.08850027701913023,0.1994846294530012,0.010651753157286436,0.48514691006726923
7,7,OUT,OUT,0.1554640360467943,0.024283124026906716,0.0020669637866356084,0.007471195800570059,0.06526892428701353,0.1752947609158636,0.02085059104667389,0.5493004040895423
5,7,SO,OUT,0.1556743052519095,0.03907871500859291,0.0019306312298729036,0.009148214658905673,0.07436987148545823,0.1923349448743725,0.005044792988464908,0.5224185245024234
4,7,BB,OUT,0.16241536911641907,0.06160807130604266,0.0016167515294403403,0.012866437391116974,0.08632158001143297,0.14567532943016473,0.007507226773194171,0.5219892344421891
7,7,OUT,OUT,0.11953682464944966,0.04594342878149442,0.0023288499892212245,0.035213155948740214,0.09856512118755062,0.22666647174050075,0.005506992319737287,0.4662391553833057
0,7,SINGLE,OUT,0.11921054082106584,0.04760680704199571,0.0021594481308065245,0.05571625336402554,0.06359101211404278,0.13991403952651962,0.036997436868440974,0.5348044621331031
7,7,OUT,OUT,0.15730456900979164,0.0318598655171221,0.0014345394618698385,0.0095363933364565,0.060964698907233265,0.1084412103883087,0.004699617689649527,0.6257591056895684
7,7,OUT,OUT,0.12333300090704423,0.03675273316700278,0.0015546548180442985,0.013164568515538223,0.04444726877978259,0.1605990144042356,0.007140898227727203,0.613007861180625
0,7,SINGLE,OUT,0.11241491565379078,0.03403002334331262,0.0018853253858215652,0.025447789386117553,0.10613493829816838,0.2465240023455809,0.004774107598485435,0.46878889798872275
7,7,OUT,OUT,0.09652094950601743,0.022768348506805945,0.0014726225907916236,0.007735665806098275,0.04640800713166182,0.3036784940463022,0.004911653646477367,0.5165042587658454
7,7,OUT,OUT,0.13567649597089934,0.056641533789977536,0.002318723738201254,0.02685112398691082,0.11291573325870122,0.2327364502131734,0.0053017607566006614,0.4275581782855358
0,7,SINGLE,OUT,0.15143072786698206,0.02469048713767183,0.0015332784902926495,0.008225123660750873,0.07781951789927595,0.18709003896564166,0.009049404998743179,0.5401614209806418
7,7,OUT,OUT,0.1926097790299176,0.02653229982571008,0.0019173919600860318,0.0069093421480624405,0.061527224553239224,0.1084196949187765,0.007233224473102858,0.5948510430911053
4,7,BB,OUT,0.22067901049212094,0.0239759549543479,0.0020932505076339566,0.007351034764304399,0.10226905016381717,0.10920695078549307,0.005261686003413337,0.5291630623288692
5,5,SO,SO,0.07523098639521822,0.01978527282355875,0.0014897779666190264,0.009112879380566392,0.05440257093649278,0.4609599854705809,0.004103180397672737,0.3749153466292911
7,7,OUT,OUT,0.15180204602705136,0.03684492847817705,0.0018435969124043982,0.008643549783596157,0.05850423136438954,0.12363464483636705,0.0075372987004896025,0.6111897038975249
7,7,OUT,OUT,0.14661941990183355,0.039616773911720325,0.002180408361197407,0.01109120204412754,0.06536262007485862,0.24478814698765688,0.011998073768085779,0.47834335495051983
5,7,SO,OUT,0.1604030658833148,0.03226989437478546,0.002092425925269897,0.009244701463984758,0.0564383442736373,0.15427234268298406,0.024300352995449505,0.5609788724005742
5,7,SO,OUT,0.1518720730570663,0.03231954872475507,0.0015820071909170665,0.011312686260331122,0.08300769132536157,0.2502611398278155,0.009107057828803604,0.46053779578494974
7,7,OUT,OUT,0.17765123582984882,0.028192381048628666,0.0026625367823425263,0.009439413933965026,0.05556915853750214,0.2599591014646999,0.0058776506658881405,0.4606485217371248
5,7,SO,OUT,0.09851375607608476,0.02240322737994799,0.0043463575346670376,0.009011574380352657,0.0715984753237585,0.3454360660389188,0.004639903683066097,0.4440506395832041
7,7,OUT,OUT,0.16951907514824202,0.028189415136650776,0.0014633437347150262,0.007670545003297374,0.0492753424886567,0.15045279119546487,0.0064904886048243,0.5869389986881489
1,7,DOUBLE,OUT,0.3014219409158757,0.02482626268253901,0.0020022800724965946,0.011352629838400083,0.11221332149128892,0.13919071576689016,0.0039366392679760125,0.4050562099645334
0,7,SINGLE,OUT,0.23978020574068065,0.025967556983525097,0.002889982305120337,0.014294960933166054,0.07474505880325387,0.20001800133817668,0.007660702554786149,0.43464353134129113
7,7,OUT,OUT,0.15551526945626637,0.016994827663930005,0.001855380514138981,0.01315649628489192,0.10052640267090238,0.23155771640914843,0.005320638351239382,0.4750732686494825
0,7,SINGLE,OUT,0.16387782555925168,0.016840724800632447,0.0023951094848844797,0.009154378882303244,0.06554286671294178,0.20981516931171781,0.006511453101436479,0.525862472146832
5,7,SO,OUT,0.21102318683287238,0.030547829985755292,0.0033767480701350407,0.011140235323443477,0.048508707664471136,0.15967102075139955,0.005643224317383341,0.5300890470545397
0,7,SINGLE,OUT,0.25817762992586274,0.029497986579348788,0.001583118045917272,0.015974379617423408,0.08153372442553662,0.1279197985944514,0.009206395540120958,0.4761069672713389
7,7,OUT,OUT,0.1487244536485117,0.020281422522984024,0.0024487999514519938,0.010126592484376445,0.05923135476165612,0.20569913241382137,0.006902384489131284,0.5465858597280671
7,7,OUT,OUT,0.18611622498376795,0.03975950077053828,0.0016473447365849172,0.00901020567643967,0.05126274755639194,0.1321530602620789,0.004760140813870146,0.5752907752003281
7,7,OUT,OUT,0.19266486996595805,0.03127665559589312,0.001757935707466604,0.011019581583774926,0.06214992086027085,0.1726262854745554,0.007049747917855173,0.5214550028942257
0,7,SINGLE,OUT,0.14862327453088245,0.0381916883460665,0.0017267106642422185,0.033490859466967365,0.09055324908479188,0.23007774552493998,0.01523072307513254,0.4421057493069771
7,7,OUT,OUT,0.21726442582232944,0.0367559496716526,0.006973019169295311,0.009210215548799973,0.06863155665629947,0.16726859627264482,0.006810112326070869,0.48708612453290745
5,7,SO,OUT,0.1836749282811203,0.027022842975886682,0.00159609666888238,0.008735238626813002,0.08311547517750711,0.19116939148622847,0.009258840647623737,0.49542718613593845
5,7,SO,OUT,0.22770296663826692,0.017900230279725638,0.001778887257622226,0.00837707628237144,0.0710428415328288,0.17308132702971687,0.006588789832690446,0.49352788114677765
7,7,OUT,OUT,0.17629713335435765,0.03990070836733604,0.0018985184315767857,0.010219094422215805,0.05676741383094398,0.1668705029316397,0.004604676804539061,0.543441951857391
5,7,SO,OUT,0.1419551432573215,0.04726393649391543,0.0020565520497367257,0.021267430444975928,0.12532134353948468,0.17088083861576772,0.00906161066293314,0.48219314493586474
4,7,BB,OUT,0.2914148417059489,0.03389269458683136,0.007976983044187189,0.007860541151653118,0.06096088847449396,0.1592681848625364,0.004709702318510961,0.43391616385583803
7,7,OUT,OUT,0.1777902684582025,0.02185933109788729,0.00181265727436087,0.009516601494021122,0.09565421104508678,0.22985360425847012,0.00871298342871283,0.45480034294325844
5,7,SO,OUT,0.20630068788151162,0.03854115809274189,0.003115737974799275,0.03271552623811817,0.09408349368836766,0.1864438493725338,0.004107625379419484,0.43469192137250817
7,7,OUT,OUT,0.1610894292549363,0.021535506962381525,0.001596068515408557,0.030726483736273333,0.11230124788393737,0.13067077044463235,0.00564209323259123,0.5364383999698393
5,7,SO,OUT,0.20254527002740624,0.0331335748908761,0.0017353070828953357,0.008393962212928386,0.07705480562249546,0.2501779766456582,0.004828207627248438,0.42213089589049174
5,7,SO,OUT,0.12530059153597367,0.030335561363212575,0.001704305695422528,0.007868800340041553,0.09644951263088734,0.27803437374208706,0.03829505359903969,0.4220118010933355
0,7,SINGLE,OUT,0.14830284845694922,0.03616360461252297,0.005319426269243362,0.007562148419669386,0.042754395157674485,0.23718972104449484,0.04645615243566197,0.47625170360378377
7,7,OUT,OUT,0.14025296716406946,0.04107170048001473,0.0016570768333495345,0.009069363348068517,0.09831573913210566,0.24007758625887934,0.026536694726087332,0.4430188720574256
0,7,SINGLE,OUT,0.19378805156092524,0.03905217346481666,0.0016330310365071832,0.013381287211285692,0.08309108652822217,0.24520275932798585,0.005855299059299606,0.41799631181095764
7,7,OUT,OUT,0.20344682339797002,0.019750545524304212,0.005261431323984719,0.012663786416698413,0.07805106252510903,0.1501807521377531,0.004771843881938878,0.5258737547922416
5,7,SO,OUT,0.15693785831479162,0.025729561003484617,0.001892979227976678,0.015715883029906882,0.09331887351867274,0.150599966788926,0.004581477348447604,0.5512234007677939
7,7,OUT,OUT,0.1659587818198268,0.024519099856973262,0.008043477976735948,0.014173754154365135,0.0657610352458352,0.15752498170994422,0.004340426314578632,0.5596784429217408
5,7,SO,OUT,0.14284005329285263,0.03220086334433798,0.001643978964812704,0.013395757110502967,0.14914763197119757,0.2277497656822454,0.031253750210279194,0.4017681994237716
0,7,SINGLE,OUT,0.18159370430903948,0.027633696253610632,0.0018403139163180582,0.01948575852358546,0.10516481551091728,0.18814336519522976,0.00868421259244198,0.4674541336988574
7,7,OUT,OUT,0.16102506981161877,0.024569981184716917,0.005858588606506901,0.011983938476359295,0.07527804362771749,0.1883505945359888,0.005207189548099161,0.5277265942089926
7,7,OUT,OUT,0.13925462040238604,0.015410958905342382,0.0058657429721229,0.036306098437808076,0.06786231239738783,0.18458864428085062,0.027023871268606413,0.5236877513354958
5,7,SO,OUT,0.27037782186711395,0.03759416462491819,0.0019489439436850063,0.03376354040643742,0.07135704464945415,0.131523576334232,0.008521010311998546,0.4449138978621607
7,7,OUT,OUT,0.15360215138527616,0.016572935096225264,0.0025667111727164433,0.010226761730367693,0.0755923664266111,0.15544545206312885,0.004779803126303498,0.581213818999371
4,7,BB,OUT,0.1641320605639652,0.031951378811482446,0.00409461850510031,0.008993507549240044,0.0907704048453737,0.16441886327299818,0.018480814346211683,0.5171583521056284
7,7,OUT,OUT,0.21890469491359604,0.028158143668709855,0.00897394193305121,0.007921455012660917,0.04405991181084577,0.1267783664066602,0.014778719708772231,0.5504247665457037
0,7,SINGLE,OUT,0.1418469639980347,0.044485368523882116,0.0018747734326969073,0.009895539044286215,0.138112234535619,0.1839879974060821,0.009757266351304533,0.4700398567080945
7,7,OUT,OUT,0.15720472327252202,0.032703324492953635,0.01538655150195025,0.009122537772331941,0.06360621226889199,0.1273551124832618,0.015114405862005525,0.5795071323460828
7,7,OUT,OUT,0.12430220072217325,0.06091903450144742,0.001818295320821556,0.009527197280729578,0.12059289196799383,0.17307858067829288,0.009470416418348868,0.5002913831101926
0,7,SINGLE,OUT,0.21116367586188936,0.029942983715418932,0.0020153339522105424,0.012104828708066302,0.0565073046574598,0.15125920099577878,0.006521462549746246,0.5304852095594301
5,7,SO,OUT,0.1582978655438129,0.04817095387699996,0.0017707761828931134,0.03193722001632783,0.07092419940474752,0.21393789108596156,0.019973497144034673,0.45498759674522227
7,7,OUT,OUT,0.19768363515798965,0.02458691784997242,0.005251273702611,0.007504266017993636,0.056604529894798035,0.14686772925721733,0.005720293934799721,0.5557813541846183
0,7,SINGLE,OUT,0.19127151366682651,0.025978996181584637,0.0014626731552140919,0.008892718134547038,0.060850386775406655,0.21422726244000578,0.0039057908858229798,0.49341065876059226
7,7,OUT,OUT,0.1645513116638968,0.04911405939769403,0.001478417201965907,0.00865550959510685,0.058621435154399555,0.18298882589462584,0.004780162734456493,0.5298102783578545
5,7,SO,OUT,0.18033198787877486,0.01711887491099922,0.003760246207448075,0.007865011627379206,0.04775373914578797,0.16430918123443827,0.00532035479885214,0.5735406041963202
7,7,OUT,OUT,0.20566920429322966,0.025795388857187112,0.0019738378046701226,0.009557683014174728,0.05499198825254027,0.15244279900493235,0.005608047501042594,0.5439610512722233
5,7,SO,OUT,0.15022382627712408,0.044933026176939284,0.0028868967299582114,0.007880252370996713,0.03374320318989408,0.12946224101285886,0.004600234962132635,0.6262703192800961
7,7,OUT,OUT,0.21795414262984553,0.016930028429615242,0.00220413001421198,0.007765521303043146,0.03582649499259036,0.11430533571393751,0.005845876075239855,0.5991684708415164
7,7,OUT,OUT,0.2404887495617785,0.0332305234043172,0.0013698948775329235,0.013659477371259708,0.052003695998432166,0.11893228792749062,0.010349530390423795,0.529965840468765
4,7,BB,OUT,0.1762240148629869,0.025285002230827195,0.0013712625206939953,0.007404735522710678,0.06399883144001652,0.17249728588625526,0.004876203895416732,0.5483426636410927
7,7,OUT,OUT,0.21845900843323912,0.016506536277881855,0.0015148821414269376,0.007703884719705165,0.0719179249863626,0.1550903403906541,0.0054644033524073425,0.5233430196983229
7,7,OUT,OUT,0.16129415134214292,0.02911215272198257,0.003278029914685741,0.011064034893509728,0.04260246481773651,0.16081816607226934,0.006605963832470106,0.5852250364052031
7,7,OUT,OUT,0.22987630227663144,0.01639523978296383,0.0016045638177462,0.007888406181527894,0.062057175703990664,0.1490363221356884,0.006972934870133784,0.5261690552313177
7,7,OUT,OUT,0.12006359551730023,0.024991925359098593,0.0016813253912931082,0.011223212427050272,0.0890587186227877,0.21766462126034336,0.004717976685806719,0.53059862473632
7,7,OUT,OUT,0.21213552617846904,0.019072033925884392,0.0020809532871591974,0.013873736134872252,0.037747013246985414,0.1397377625887773,0.005154265375742092,0.5701987092621104
7,7,OUT,OUT,0.16522220591809397,0.03552433069336627,0.002869611026859177,0.007414731039822517,0.03218628047331041,0.13773267470939654,0.004667562418751571,0.6143826037203994
7,7,OUT,OUT,0.2051415606281368,0.022744327264202252,0.0020907098567908263,0.01074155224711782,0.033541519432046876,0.13099581236040103,0.004547302271811359,0.590197215939493
7,7,OUT,OUT,0.1303031900844218,0.02400774019546336,0.0017230722605398598,0.011458274649539074,0.06848932409459414,0.18955932350320945,0.004305225735591508,0.5701538494766407
7,7,OUT,OUT,0.1541434708337712,0.019707384211823387,0.006958241199178259,0.0072594114625430155,0.05391234391107193,0.18901932595756918,0.006410684382573438,0.5625891380414696
3,7,HR,OUT,0.17791747433538277,0.02564292061579975,0.0014797682366691877,0.008537163558929911,0.05216993951932431,0.2274486492900622,0.004561133126350776,0.5022429513174811
7,7,OUT,OUT,0.19243681913486552,0.015271552543703005,0.003719371492095748,0.007415770790570083,0.05132405173880585,0.15019484023025256,0.005710190050121504,0.5739274040195856
5,7,SO,OUT,0.21125078796150745,0.02947746656293372,0.0017007934917208948,0.012134854452259536,0.06790392057224255,0.1616774969631185,0.004370240051647779,0.5114844399445696
3,7,HR,OUT,0.1399222156076759,0.04020664342542319,0.0017728168821223292,0.03228656792281089,0.08832327908168637,0.2061953461213122,0.013977517606955949,0.477315613352013
7,7,OUT,OUT,0.20673381305548247,0.03448144300324111,0.005400914241665273,0.009661266603821644,0.07859759125140414,0.17321337767845202,0.004931500628778025,0.4869800935371552
5,7,SO,OUT,0.20427791981177407,0.03407798538806474,0.002801236852493607,0.008204521804507195,0.03201430154596623,0.13314256493526394,0.0054808323822395045,0.5800006372796908
7,7,OUT,OUT,0.21002917090468176,0.047606617205800096,0.004827807460393252,0.014995472255111698,0.04410810504731567,0.1750062496084922,0.006903150044732853,0.4965234274734725
7,7,OUT,OUT,0.24909436962174672,0.04288171667027703,0.0015786118588240869,0.016732852969893294,0.06847572819572138,0.12813818419963177,0.013776605077607064,0.4793219314062988
7,7,OUT,OUT,0.1614860828851849,0.030011180588220252,0.0014577612286985444,0.007659949332582088,0.0650716423645509,0.17792649561539464,0.0055339968625284525,0.5508528911228402
7,7,OUT,OUT,0.07924661663683583,0.03839727719809806,0.00339641344811249,0.007639142822197148,0.0590842115672416,0.22315059469595744,0.0052685168913850665,0.5838172267401724
4,7,BB,OUT,0.0935972296632868,0.047440887296707604,0.0033809539444927014,0.007742438868410313,0.090184666393782,0.19005561633706086,0.013512922821134336,0.5540852846751253
7,7,OUT,OUT,0.16257514660082986,0.04182025556643844,0.0024253490790323066,0.01107688150370334,0.05775344977143617,0.16713254916862996,0.003990556350853466,0.5532258119590764
4,7,BB,OUT,0.18727441797560732,0.03685134582002605,0.0017066187131563842,0.012335608141346628,0.09986750339262926,0.15629249710879534,0.005042948710763421,0.5006290601376756
0,7,SINGLE,OUT,0.21180366729286884,0.021224991419718207,0.0014798843406109447,0.008981916794155723,0.09574857744090852,0.10626033247463881,0.003705045903027672,0.5507955843340713
1,7,DOUBLE,OUT,0.14702609737034647,0.03510965364874142,0.021385865136547822,0.018875850763334662,0.054491095155889215,0.1670518674516897,0.004365458012248676,0.551694112461202
0,7,SINGLE,OUT,0.16736589522156625,0.022068065161866976,0.0014097969762619448,0.016166032529254748,0.054468290561654614,0.12211195389799281,0.004279105054167375,0.6121308605972353
7,7,OUT,OUT,0.20000422005048918,0.01824343734446554,0.0013785485030674844,0.023273930647688096,0.04705900531597733,0.11828046059708403,0.0043034812130225645,0.5874569163282058
7,7,OUT,OUT,0.16767248119920283,0.030240549540840555,0.0032822170094281497,0.012432284326330222,0.05887871770166387,0.1578740323117862,0.015712002052118496,0.5539077158586295
7,7,OUT,OUT,0.12794253143522982,0.04401032388005206,0.0020307515827707656,0.009146272900094612,0.07628018310783513,0.18286603306702173,0.007449941885753459,0.5502739621412425
0,7,SINGLE,OUT,0.14699051571757862,0.025673924702684234,0.0019792709589471972,0.007414936835212553,0.044733950794554646,0.1537812890279197,0.005101030909722566,0.6143250810533805
5,7,SO,OUT,0.1499530495718216,0.05129292705042234,0.0019740415658154476,0.012858317160541467,0.15176969187191774,0.22042810596950552,0.010869924840183669,0.40085394196979224
7,7,OUT,OUT,0.10459490660448915,0.024534316908648966,0.001733007716165674,0.03394953505056467,0.05598147057537706,0.25265115579317227,0.00623138847092694,0.5203242188806552
7,7,OUT,OUT,0.1226461259160636,0.031597561753148776,0.002486195864840882,0.011377781023840901,0.05925371160928245,0.20734702637061078,0.004805936323354816,0.5604856611388578
7,7,OUT,OUT,0.2559502312563402,0.03143545370760036,0.0016498679828157782,0.00950181344045409,0.07644754333664344,0.11328309371532802,0.004432614458541967,0.5072993821022761
7,7,OUT,OUT,0.14352448260742012,0.037643097684000905,0.0015858825679078948,0.04772098798039808,0.07423130550169332,0.23059991774406802,0.004766447256545085,0.45992787865796647
5,7,SO,OUT,0.07271069384121652,0.02322903800384667,0.0015398833200416671,0.007611426102242941,0.03557809990770843,0.32007955110333364,0.004594565174517714,0.5346567425470925
7,7,OUT,OUT,0.1524399746623235,0.029583261131547835,0.0024505567939373963,0.010618302827121928,0.06899869714516783,0.11800539537746249,0.004442132751248239,0.6134616793111908
0,7,SINGLE,OUT,0.17274452818671054,0.046275335421450736,0.0016823425114683107,0.019858337506613487,0.03344814005599595,0.12793460796442557,0.00681857650760168,0.5912381318457337
7,7,OUT,OUT,0.16192747250942147,0.04633610522594771,0.002229786473327128,0.01439271519055921,0.042231264975604775,0.13452955377844852,0.006734845373690459,0.5916182564730007
7,7,OUT,OUT,0.14399944099034448,0.03495258418335188,0.001779792391069934,0.03294188996862359,0.07540171353999016,0.11476895932838914,0.0050391780195127665,0.591116441578718
1,7,DOUBLE,OUT,0.27278440715938135,0.017712366866530424,0.001248848243343573,0.007176497215919546,0.042242699979513694,0.1333038161876423,0.003385772108196716,0.5221455922394723
1,7,DOUBLE,OUT,0.18842067245227523,0.02199287086531922,0.0013711780751598868,0.013231565093500866,0.04004829827916745,0.1378016477083967,0.003578361893093892,0.5935554056330867
5,7,SO,OUT,0.16412407772718463,0.04887737763680815,0.0023576523044099153,0.013286038036127053,0.038617228566878374,0.14801583416279346,0.006294411540136953,0.5784273800256615
5,5,SO,SO,0.09495999958717959,0.02907187446814767,0.0014163901407730432,0.023898031043175495,0.08991945222523312,0.3779639398456477,0.005884757203552515,0.37688555548629094
1,7,DOUBLE,OUT,0.1086512544548832,0.028984649700055546,0.0014399579428668046,0.008124289015372124,0.0850358350195829,0.24246985192413112,0.009120622937035963,0.5161735390060723
7,7,OUT,OUT,0.11357226417918455,0.04183356686348765,0.004850861243748385,0.009285273171773184,0.08861925768765258,0.23281825811332651,0.006409152813154616,0.5026113659276725
7,7,OUT,OUT,0.12920288874814265,0.016634864113406013,0.0022783877947265482,0.0077472424913282946,0.05505222271843408,0.2102449263075712,0.004783814591160121,0.5740556532352311
7,7,OUT,OUT,0.1775086175736416,0.042730345211792364,0.0023109614220299898,0.010174041797763675,0.07994237935953333,0.19111296178411452,0.011356394304119236,0.4848642985470053
5,7,SO,OUT,0.15271205193387172,0.022664448465090692,0.003019869013751059,0.01978183860620991,0.07411481200503799,0.22024419154759403,0.00919191400983054,0.4982708744186141
1,7,DOUBLE,OUT,0.2781881876121212,0.01783291688946915,0.0014066994875706444,0.007918373632866028,0.042067438854652923,0.16547967820113313,0.0037091614553893654,0.48339754386679756
7,7,OUT,OUT,0.14212140594176634,0.026111365846259203,0.0017324680624095873,0.017438228110254556,0.08101661771197298,0.24351927116268632,0.005178880952873717,0.4828817622117774
7,7,OUT,OUT,0.15211623954657622,0.03777143004707439,0.0017215851196666805,0.010360959549707236,0.09894511873900436,0.14433621219770404,0.005344098324164924,0.5494043564761022
7,5,OUT,SO,0.10008406330239301,0.05779441240607195,0.0015923643952723263,0.029063318660802463,0.06982430634405105,0.429890091129593,0.005676978839727683,0.30607446492208845
0,7,SINGLE,OUT,0.32391614004013747,0.03806954265263773,0.0026906923055085583,0.012279537481906693,0.0647328953028377,0.18162793742480965,0.008418505952658972,0.36826474883950316
5,7,SO,OUT,0.11737180180577825,0.035000088300885024,0.0018565593792844125,0.00907437506381738,0.10440097068860404,0.25407639925487224,0.009296067933871626,0.46892373757288697
7,7,OUT,OUT,0.170426808319444,0.04350451090398265,0.00212015696569024,0.011162797603893286,0.07079345546967364,0.1294826854952608,0.004623664962919705,0.5678859202791358
3,7,HR,OUT,0.1938697625069626,0.06128183408120449,0.001787311584854814,0.01596890014005579,0.03498416023137563,0.1748746842066442,0.007540986418581262,0.5096923608303212
0,7,SINGLE,OUT,0.1372692856825043,0.047774448879286564,0.0019459670478226148,0.0555168124164066,0.1441599968024191,0.14701767464577634,0.005829361823931907,0.46048645270185257
6,7,HBP,OUT,0.08895429609054947,0.018119666452689868,0.0012450539120205217,0.007037417423952406,0.061248506237840734,0.22134366454016863,0.003383261744240539,0.5986681335985379
4,7,BB,OUT,0.1957668604305489,0.01711131025550885,0.0013860879067466288,0.009488427743805983,0.03736473998335594,0.15672449672414224,0.0035893107017910494,0.5785687662541005
0,7,SINGLE,OUT,0.16083799838415075,0.028018539903727338,0.00140927655914044,0.013322744237596811,0.05051143450402771,0.10893887498414238,0.004655545812308175,0.6323055856149065
7,7,OUT,OUT,0.07487922520553748,0.020540022361744546,0.0015276533829564893,0.0074958616301470035,0.041050298362463926,0.2701267363886232,0.0051179543457290175,0.5792622483227984
4,7,BB,OUT,0.11076959081491383,0.027825391664856865,0.0019000121984206195,0.009440717491886337,0.08686406374743313,0.3328431493905581,0.01018365209224169,0.4201734225996894
5,7,SO,OUT,0.11105004407678039,0.05813408238660884,0.0018985784882496826,0.008863970070863036,0.0764680444848213,0.20094518890752675,0.008306365260786196,0.5343337263243637
5,7,SO,OUT,0.16391272760609996,0.038760189352058654,0.0022602196342098573,0.013998982537482826,0.04164541954052567,0.15085233076011123,0.005626107270983057,0.5829440232985288
7,7,OUT,OUT,0.2618579874715147,0.030304455729316043,0.0016361394952390466,0.01056727566206571,0.0628244165988292,0.11520848775523583,0.004321979726329493,0.51327925756147
5,7,SO,OUT,0.19516994110100044,0.04013965973476372,0.0015346939649132443,0.03196143027436918,0.06681615434124939,0.20161278363681312,0.004301287867114687,0.4584640490797763
3,7,HR,OUT,0.1345219419565082,0.03905934670092545,0.0017764908619725761,0.040226778843121286,0.07453312895884164,0.1106767778596045,0.004744572041970947,0.5944609627770553
7,7,OUT,OUT,0.16746101237530156,0.033409235860745505,0.003133556376543038,0.013718021229307148,0.06313486289585951,0.15526274830825465,0.013161501317831028,0.5507190616361575
1,7,DOUBLE,OUT,0.11694598483107146,0.05575916586817096,0.001672363686209865,0.010710290870543728,0.16877407446930917,0.19164810783547961,0.005146368031137064,0.44934364440807817
4,7,BB,OUT,0.12688374998460744,0.02365047917485366,0.0023381687497856323,0.011074534742201998,0.07396018242942781,0.2508093102328542,0.006942495657402767,0.5043410790288665
0,7,SINGLE,OUT,0.1804084903989297,0.04492702210989063,0.0022253869818763686,0.010948454264664377,0.07753252333555846,0.11567410322697848,0.004775339377370914,0.5635086803047311
7,7,OUT,OUT,0.21572061507544116,0.057209768707353725,0.001931265216406945,0.02028729812408014,0.04007643913394215,0.1468686306751997,0.00805287789071499,0.5098531051768611
7,7,OUT,OUT,0.14006779125294708,0.044133807172959956,0.002119938170747138,0.013942931686361251,0.03703644243964679,0.12085789747236589,0.005665523267308666,0.6361756685376633
7,7,OUT,OUT,0.08858068901546762,0.02557603353674481,0.001640834662861057,0.014285093638214263,0.0816204608994614,0.17687414453835062,0.003871597030584924,0.6075511466783152
7,7,OUT,OUT,0.1619089477062095,0.028151450223580763,0.00229398555731528,0.007721772523370489,0.05145500900518393,0.18231874758064145,0.004166880376897271,0.5619832070268013
5,7,SO,OUT,0.10859666935015655,0.023034591254953402,0.0016855737967480184,0.04437595271931105,0.07322366461267416,0.2673713784994071,0.005429899055412763,0.47628227071133716
5,7,SO,OUT,0.22611571634944874,0.028187518383394103,0.0014852026092575805,0.023210639257932333,0.049045423422721,0.11778199913988391,0.003869477963716167,0.5503040228736461
0,7,SINGLE,OUT,0.10207739002381196,0.02390085000147206,0.0016518462492916771,0.04970263252818539,0.05865456748693419,0.2780149381415078,0.0052502422360864295,0.4807475333327105
5,7,SO,OUT,0.21456360753763806,0.01879188102984334,0.0015322837097703807,0.020523799051847407,0.06735612378433392,0.11710927156451902,0.0035655649547541783,0.5565574683672937
3,7,HR,OUT,0.12963343156186377,0.043130540154546995,0.002261899424593204,0.023698723926074656,0.06775449330766492,0.12425793198381162,0.004894378067482227,0.6043686015739627
7,7,OUT,OUT,0.1953027398808804,0.026327549319439106,0.0036150254303411043,0.014004492174284067,0.06918210267618989,0.16222756410142064,0.01521727993135925,0.5141232464860855
7,7,OUT,OUT,0.1159351198162777,0.026351725151775578,0.0018984786553260255,0.009716082628163043,0.0773566495313842,0.2653699156565715,0.010178298259363042,0.49319373030113894
7,7,OUT,OUT,0.12829903835465178,0.04561498968092447,0.0018709667740314398,0.009545306931623776,0.06612046547562161,0.21838877738989157,0.007008310355765047,0.5231521450374903
5,7,SO,OUT,0.13236442516847544,0.028345281489508656,0.002298725445043163,0.008649885330672027,0.044876150060489194,0.16532797251198061,0.004041730915816212,0.6140958290780149
7,7,OUT,OUT,0.14342934349229094,0.019910096752868076,0.0013431515067827665,0.014711451914110798,0.0449668174529809,0.11257708181335994,0.004033744405727184,0.6590283126618793
7,7,OUT,OUT,0.24585882699671396,0.029989061749861,0.001486286361110198,0.007902788374011344,0.06525260467534585,0.10358316637170012,0.003769780600959443,0.5421574848702981
5,7,SO,OUT,0.1592218504944709,0.038256402204049425,0.002736083528585083,0.011850222121799146,0.060879595586914206,0.15474481899655104,0.011543263339270351,0.5607677637283599
7,7,OUT,OUT,0.12974534412571737,0.04271377151240328,0.0018444575503320962,0.012259562029688791,0.11563222408910681,0.21449455733453401,0.006338841367197827,0.4769712419910197
7,7,OUT,OUT,0.1273872495557123,0.028503078537040608,0.002337954671740726,0.012704988645902277,0.07563117745134519,0.24980451614945734,0.004546302343607436,0.4990847326451941
0,7,SINGLE,OUT,0.15389840519193193,0.034864394527807714,0.0020304439207018974,0.010291206719902033,0.061483090290884716,0.11064994019251574,0.0044615139464013655,0.6223210052098547
5,7,SO,OUT,0.20405890494841109,0.06444994779739853,0.001877955528735817,0.020712452766469564,0.03566906631532794,0.1353741513716108,0.006666973359710893,0.5311905479123354
7,7,OUT,OUT,0.08098050615545087,0.016940494336166102,0.0012881068735870942,0.007379612359507686,0.03606413837440214,0.25241580680285536,0.003384948889535719,0.601546386208495
0,7,SINGLE,OUT,0.15043685079550534,0.03993039815847915,0.001497845309964484,0.02772973199503121,0.06928659627331502,0.20990659652785293,0.004727587733589851,0.49648439320626203
7,7,OUT,OUT,0.09459146747611577,0.03767931370336916,0.002391244235803574,0.011067980294333568,0.13121601818098155,0.2007244609568571,0.004013825161271443,0.5183156899912679
0,7,SINGLE,OUT,0.15219597811292754,0.024278709158340375,0.0013206099044034032,0.01642151461777136,0.04294639952643289,0.1819285933771336,0.0035943565223100025,0.5773138387806808
7,7,OUT,OUT,0.11621353992917231,0.016730964325038983,0.004670610185881453,0.0073961822024179264,0.042428009012082706,0.3585403028946666,0.004040993524353751,0.44997939792638625
5,7,SO,OUT,0.21885503959670694,0.03433028185973674,0.002754909170782366,0.032729572654131844,0.03646801816124958,0.17075726367827745,0.004663920277102074,0.499440994602013
7,7,OUT,OUT,0.16789054104914525,0.022865284314129517,0.0019452314040082732,0.010266042506001164,0.04222369610278053,0.2184821037572096,0.004399852167106203,0.5319272486996194
7,7,OUT,OUT,0.13677955557182578,0.027917956960828404,0.001907365639806187,0.01404384710028517,0.047054910111182485,0.10609880309787494,0.0037708589502034517,0.6624267025679935
7,7,OUT,OUT,0.08289499036397893,0.022162280738521896,0.0011385074733028149,0.005957080871892765,0.04514331678639053,0.2822068658648399,0.004708129294596107,0.5557888286064772
0,7,SINGLE,OUT,0.24516666425195258,0.017344801339194884,0.0034427868451894802,0.007094181225454949,0.07562984172842292,0.10723171215584681,0.026150363349387806,0.5179396491045507
7,7,OUT,OUT,0.21347122141905883,0.02439576716472897,0.0012093790664488603,0.006291678778568249,0.04328020438543579,0.10327367174079606,0.008024793364024101,0.6000532840809392
7,7,OUT,OUT,0.12878564264533565,0.028460224891162594,0.001421372997302491,0.03068140910442448,0.06547446131585252,0.10544613789774826,0.01850151566935374,0.6212292354788201
7,7,OUT,OUT,0.13280577995784096,0.03414885523630417,0.001391776039751805,0.009816824327005463,0.07995074903252958,0.17193337423971078,0.006441875025408292,0.5635107661414489
7,7,OUT,OUT,0.09881805509925441,0.024328661203519748,0.0016573479580785264,0.010298621509735983,0.045398091068438035,0.33410562753146467,0.0039684754775099525,0.48142512015199873
7,7,OUT,OUT,0.12750551015748782,0.03520141691840843,0.001832113974953764,0.03161831222748684,0.04437663367233814,0.1901289428629243,0.004265156594988305,0.5650719135914124
7,7,OUT,OUT,0.13410190906879282,0.03218608444448489,0.0018588981645815753,0.03263001594392789,0.032591981767443594,0.14037120194438826,0.0037231082498837163,0.6225368004164972
5,7,SO,OUT,0.13712773850612717,0.04473468756574197,0.0019623132558773577,0.012006599797763117,0.09881168965118636,0.31397481467993227,0.00677144370086516,0.38461071284250664
5,7,SO,OUT,0.12099211070717775,0.04989346087471694,0.0014973285694481646,0.0249071501724287,0.07431378681241213,0.14261188350639253,0.007662657788491518,0.5781216215689322
7,7,OUT,OUT,0.10258524372918293,0.04429960420156971,0.0023389834573307533,0.009629863183403161,0.042943340097824724,0.1082198512439427,0.005813800955354061,0.684169313131392
0,7,SINGLE,OUT,0.10543033073310945,0.03547279448599817,0.0015158361504163287,0.021378535828381895,0.07039790072315055,0.11121329901508438,0.004455738080211452,0.6501355649836478
7,7,OUT,OUT,0.1608511480820357,0.03304410364449422,0.003972830934145827,0.04281442607803928,0.05032507714053121,0.22892105288283993,0.012075818246268504,0.4679955429916453
0,7,SINGLE,OUT,0.1107821736893202,0.03739374564349384,0.0024451209569839863,0.007386749427667894,0.0472986286314374,0.12203530153860481,0.005654769994947004,0.6670035101175448
5,7,SO,OUT,0.16254702355027772,0.0195879530297064,0.0023522657910940254,0.011367479107058648,0.07466032379982465,0.16211023077107237,0.010948840969080682,0.5564258829818856
7,7,OUT,OUT,0.09205763760484234,0.02727472796255805,0.001620780013518208,0.007108633279759328,0.06457196798816096,0.2839356160991934,0.0037358909139210477,0.5196947461380467
7,7,OUT,OUT,0.1629832911791894,0.03036728730705494,0.0024060411805180816,0.010385819358860609,0.03446955633769162,0.24515441589212014,0.00494349227841024,0.5092900964661551
5,7,SO,OUT,0.13172732896266853,0.038668826235190024,0.005381722507005404,0.007032563087380911,0.0905259926345066,0.09990992464381984,0.0038662519616364027,0.6228873899677922
0,7,SINGLE,OUT,0.1768631561394456,0.018671784639812974,0.0033085495979284212,0.011911815491026184,0.08503188259715001,0.10370556323295314,0.006924712608161572,0.593582535693522
7,7,OUT,OUT,0.1319721629533448,0.02681990982437312,0.0014388357421002906,0.036865094962573855,0.041982008757111056,0.11276320744097523,0.00416016350345678,0.6439986168160649
4,7,BB,OUT,0.14157877035298885,0.026982499010158808,0.0014453843325276062,0.02818040942758542,0.06088611854789862,0.1732009184450268,0.004098506937256023,0.5636273929465578
1,7,DOUBLE,OUT,0.1189645951969215,0.06537204219569238,0.0014378426717086613,0.04183267185157232,0.09562435504923444,0.13190139908312212,0.008880307870563585,0.5359867860811849
5,7,SO,OUT,0.14791513121149868,0.04273461752491685,0.0020281302589640294,0.01555141049012115,0.05592282508348656,0.11661107550642423,0.004829096539396157,0.6144077133851923
5,7,SO,OUT,0.16818675034651917,0.03311755337188417,0.0018753052037296266,0.011738757717370483,0.06891251111529802,0.21689987308183872,0.012622368120143546,0.48664688104321635
7,7,OUT,OUT,0.13858802379332047,0.03647121708630159,0.0019332222616322973,0.04460534760664593,0.048650297598260214,0.20406357630232783,0.004709426944824634,0.5209788884066869
0,7,SINGLE,OUT,0.16649372024658105,0.02284075154521442,0.002596909123195812,0.04192516981940317,0.05540117336938295,0.20134320658211285,0.01115834307688258,0.49824072623722715
1,7,DOUBLE,OUT,0.15482567004302492,0.030436017711451102,0.0018922334951201446,0.03555921375939389,0.0919471317827155,0.20812704783373198,0.005878542191987284,0.47133414318257527
1,7,DOUBLE,OUT,0.15830795408376913,0.028080972287126537,0.0022743304498395803,0.045388741892146665,0.058522895520575685,0.16050406174569895,0.006427309519721428,0.5404937345011221
5,7,SO,OUT,0.1762646210828771,0.032868603135449787,0.002229722633796395,0.008361636705358198,0.07899579279221816,0.1768568727230732,0.004072605506816583,0.5203501454204106
7,7,OUT,OUT,0.13464249472041437,0.03335140810811615,0.0016866976574731027,0.030539433606339848,0.05355298692884163,0.12190049916668445,0.00687127370091584,0.6174552061112145
4,7,BB,OUT,0.17255005730899292,0.028422854991576017,0.0019906979879566323,0.029472767670220792,0.10663191408715038,0.19611311272840973,0.00753994016878427,0.45727865505690923
7,7,OUT,OUT,0.12344067651551628,0.049057817519775095,0.0018849301212193056,0.030756785866355427,0.03146622555729237,0.15371748580424174,0.003654332461011932,0.6060217461545879
7,7,OUT,OUT,0.20166310325811804,0.02220349891376574,0.0024542827779355713,0.030830144704810256,0.03636403766680531,0.18422090809636826,0.004644943147344066,0.5176190814348527
2,7,TRIPLE,OUT,0.11740294461873013,0.0399884044868084,0.0020012624778989047,0.006973805226730994,0.04275482948346522,0.09896898362619139,0.007211478332743266,0.6846982917474317
0,7,SINGLE,OUT,0.128214058028862,0.02868481715086812,0.0015328803190787098,0.022920863577368385,0.08231530797388936,0.11473359707037127,0.015199731374514788,0.6063987445050475
5,7,SO,OUT,0.13402560820394147,0.036742614347793745,0.001666883280673736,0.012250850504950018,0.06379364892263481,0.19387375940233503,0.0038876293176589452,0.5537590060200122
0,7,SINGLE,OUT,0.216018319171756,0.028575446292524988,0.0023969719777983825,0.03083490267994835,0.03667983568398406,0.15702128832702889,0.004362372498485263,0.5241108633684741
7,7,OUT,OUT,0.16981005000390997,0.025880908513001084,0.0017962678028060352,0.011750572651397966,0.04023731030690368,0.22756338387402353,0.00469170422018884,0.5182698026277689
7,7,OUT,OUT,0.15801836383681722,0.027888029153974227,0.0020326319234463355,0.01389014231892627,0.048274348573912954,0.10451051628911187,0.003410582530731981,0.6419753853730792
5,7,SO,OUT,0.12084267141423287,0.052659312116724255,0.0014435918691084997,0.025230242125566404,0.0990899880087062,0.11302971618057513,0.006607378532377057,0.5810970997527095
7,7,OUT,OUT,0.12846218268504012,0.03936326334252268,0.001352918981780421,0.008562597520068623,0.07679669361409781,0.19993811214718754,0.005725938130396384,0.5397982935789065
0,7,SINGLE,OUT,0.12239668194269634,0.05777975140989469,0.001393418933064917,0.02175523965167704,0.08064059231046872,0.12307911004909852,0.006569223547378525,0.5863859821557212
4,7,BB,OUT,0.11112954603158672,0.03708623817539337,0.0027010900865150215,0.006964633355281569,0.04230417861518156,0.11341254192579504,0.007988681189360648,0.6784130906208861
7,7,OUT,OUT,0.11672200763572031,0.04085894896559992,0.001396591457613303,0.017261149752026562,0.06832698409405887,0.10912481998921635,0.013775660633048926,0.6325338374727159
0,7,SINGLE,OUT,0.2321056882044598,0.02993757140078203,0.0016719482558881621,0.044119959870746225,0.049876492982123696,0.18030572071517192,0.005853683803938855,0.45612893476688926
7,7,OUT,OUT,0.13182723081806064,0.03798856912144054,0.028392734926978212,0.012679070501356249,0.04729305373531611,0.275259622822882,0.005035796997834456,0.4615239210761317
0,7,SINGLE,OUT,0.20743817951861784,0.052659895850202094,0.0015212497813361476,0.02354831552197902,0.0498221120184461,0.2307184095059056,0.004125788104384863,0.43016604969912825
7,7,OUT,OUT,0.1462295609592413,0.04654840335063472,0.0020397218109634682,0.013247139795234867,0.09872837590606967,0.29546315335592827,0.007553567915756953,0.39019007690617075
4,7,BB,OUT,0.2362686119077901,0.03541655299348787,0.0013696403798948594,0.007748102172339373,0.05032078954001088,0.11214606288529633,0.014101563793765048,0.5426286763274156
4,7,BB,OUT,0.12654141234914434,0.04214240411874959,0.0015557727121583453,0.02333343521730203,0.07286753371231426,0.14514025188921603,0.0053735913067314255,0.583045598694384
5,7,SO,OUT,0.13690551944571872,0.034220510292525076,0.0019717798445454946,0.023835227184799242,0.044337011131039245,0.1772361667433443,0.004431923270858668,0.5770618620871694
5,7,SO,OUT,0.19419188672628312,0.019187408393328206,0.003671548013391101,0.009126855164822017,0.08775935030187783,0.1265847486168519,0.034114432649497387,0.5253637701339484
7,7,OUT,OUT,0.15325243408620168,0.025914368601694982,0.001798590104589593,0.011176288387744251,0.04104012313932617,0.17733454588165787,0.004110740212640354,0.5853729095861451
5,7,SO,OUT,0.1151404342632671,0.033672055312956924,0.0014329980272566063,0.02041473234155814,0.0704172640334255,0.10408020818128332,0.026562255262644854,0.6282800525776076
7,7,OUT,OUT,0.0985036048617286,0.02487314371651439,0.0016997767884909631,0.010645093424696736,0.041392275968120514,0.35048634040067694,0.004113114916476682,0.46828664992329516
7,7,OUT,OUT,0.1977316571612129,0.018538944047939043,0.0041458728916816765,0.007514752076106237,0.06324447955150604,0.11725076349577816,0.01921416145458101,0.5723593693211949
7,7,OUT,OUT,0.13433873191827933,0.02710730976614969,0.0022889035512936038,0.012650092682040278,0.05259881332217048,0.10863333987320709,0.003756556778932436,0.6586262521079271
7,7,OUT,OUT,0.21115376495899602,0.022139959393448115,0.0012703339740281025,0.006961183907009269,0.04813656954644186,0.10008308197721656,0.010517954920396833,0.5997371513224632
5,7,SO,OUT,0.08057973513396736,0.019201462883169186,0.0012722100325065155,0.005980165252470638,0.04701884267230055,0.3722449475875917,0.004994696403857295,0.46870794003413685
7,7,OUT,OUT,0.12350803678823842,0.039760783659631455,0.0016093632372572865,0.022592940779545056,0.07767845191074034,0.1234347385455904,0.005412435659327098,0.60600324941967
4,7,BB,OUT,0.14899011988535732,0.05142915463000333,0.0019914754513392515,0.017205948563537556,0.09594870067622518,0.28539369550301164,0.006841548718578354,0.3921993565719474
7,7,OUT,OUT,0.15544338661166532,0.03223365528292234,0.0025834756600143253,0.03609319565841345,0.037653904287034946,0.17358997671093873,0.003987007182792189,0.5584153986062187
7,7,OUT,OUT,0.1317114198018711,0.02344006881074018,0.006635523398203625,0.03805889979766508,0.053405604704880885,0.1643574314637137,0.011062876986994912,0.5713281750359305
7,7,OUT,OUT,0.16202431217345545,0.03267211013782331,0.001846048398020436,0.02976795523491873,0.08490048526384443,0.17359768867942807,0.006361927745696134,0.5088294723668134
0,7,SINGLE,OUT,0.1258059685695974,0.0269123100088653,0.0014111403563339061,0.008615159769931572,0.0800727871476083,0.21387378085548847,0.005087893339784427,0.5382209599523906
5,7,SO,OUT,0.0822103891362054,0.02018895377386766,0.0011178774202568352,0.006003846945673164,0.03992672537658121,0.31790152476137534,0.003915502539931506,0.5287351800461089
0,7,SINGLE,OUT,0.17048082512081508,0.03124186303149569,0.0017944274654325364,0.007776119074987303,0.07464159093668665,0.1479095816408271,0.0048802716373486914,0.561275321092407
7,7,OUT,OUT,0.1921470479520944,0.04285753970936672,0.002307325888667523,0.009788634497280364,0.07313067415145573,0.13150097486716747,0.005038616429976665,0.5432291865039911
7,7,OUT,OUT,0.17772525665829372,0.03585242487786794,0.002095637977718917,0.028430114679781772,0.09324568891382197,0.17583205751996808,0.015052395137709007,0.4717664242348387
7,7,OUT,OUT,0.16426883542713752,0.027514337905201386,0.0023967820729797035,0.009381589576264029,0.06385231071497666,0.2166927575907909,0.007612618446306511,0.5082807682663433
5,7,SO,OUT,0.09827603009856169,0.036000257157728234,0.0015434122025169842,0.008787075384882003,0.037738861923823565,0.2435569091587924,0.005481355713444756,0.5686160983602504
5,7,SO,OUT,0.16895638789159154,0.05616873841864398,0.004819863446802366,0.007536073184212222,0.03572904373351509,0.15413100256901716,0.004225727377172916,0.5684331633790448
7,7,OUT,OUT,0.22103743798694714,0.027696095920881295,0.005347456275533714,0.016953266956048447,0.03949643738702182,0.13039764235651946,0.00459800167481558,0.5544736614422326
7,7,OUT,OUT,0.16524875556850113,0.03730318572291968,0.0023403688303028215,0.011255332716194012,0.10201291831561977,0.16525696695647774,0.020645332857677882,0.49593713903230696
7,7,OUT,OUT,0.15120039906164326,0.019195108677164712,0.002344348012804897,0.008735002985879833,0.053040754836410894,0.18598818860640223,0.012676078526332428,0.5668201192933617
7,7,OUT,OUT,0.1508319678645795,0.043924720377358374,0.001586703627181832,0.013368889082409354,0.06684637750190112,0.25336672427980833,0.004353155937453892,0.46572146132930753
1,7,DOUBLE,OUT,0.11300319591978572,0.016384566655343862,0.001634923727994882,0.010698027316438196,0.059794897528544146,0.20667032970149632,0.006518248877668164,0.5852958102727287
5,7,SO,OUT,0.17934072416493926,0.029072632683793665,0.0019897859067604133,0.010324583991067577,0.037934567615468026,0.22457026140374145,0.015260609700668585,0.5015068345335609
5,7,SO,OUT,0.1431484960293644,0.030770861459137384,0.0016213371264119276,0.009985090364032362,0.06272463814549051,0.24774557509414566,0.006343722381746886,0.497660279399671
0,7,SINGLE,OUT,0.15878016867954806,0.03394247103351478,0.0015403012491003976,0.008110719917145633,0.07901971038664636,0.20396701822558766,0.031221274306798392,0.4834183362016588
4,7,BB,OUT,0.19807129546909366,0.016981177105542984,0.0015057616219792524,0.007619640499903122,0.060896033737390554,0.1757334441457695,0.007406964124489218,0.5317856832958316
5,7,SO,OUT,0.20569337253383868,0.03547064780168836,0.001816745560043691,0.011084865019324246,0.0742952340130429,0.16841201696961336,0.007814665673917474,0.49541245242853116
1,7,DOUBLE,OUT,0.13422285444813845,0.033266417220269434,0.0018097352828428997,0.007843287957202202,0.032758674184108175,0.15835858571782876,0.006402000550043379,0.6253384446395668
7,7,OUT,OUT,0.08707225369120138,0.014717187182939932,0.0014523117287158628,0.007540704950120528,0.044966315735109556,0.19700233684434765,0.004326044775055643,0.6429228450925094
7,7,OUT,OUT,0.10949586146264188,0.016757663261907755,0.003565816533615055,0.010392934314741236,0.07171437268286529,0.14721652208605573,0.008136840168519305,0.6327199894896537
7,7,OUT,OUT,0.17146047692894517,0.024785223050250892,0.0015611423951466645,0.008226550334336764,0.04380678944808216,0.20719363886667486,0.006086003161978918,0.5368801758145847
5,7,SO,OUT,0.1920020990882713,0.03072906357785083,0.0018641197693293563,0.010949245686604398,0.06650386414244043,0.16684858713330894,0.009217446235263627,0.5218855743669311
7,7,OUT,OUT,0.1105812693813472,0.023415001427522276,0.001397339741209358,0.016705351190916352,0.04603057662487835,0.30134421509590964,0.005463666282653514,0.49506258025556327
0,7,SINGLE,OUT,0.19704560734317234,0.022610470937891317,0.0029512696594464344,0.01338026174388143,0.04049138476361545,0.17708490813484765,0.004127515709382411,0.5423085817077631
0,7,SINGLE,OUT,0.18952182322290587,0.018083869125093893,0.0014935967544430753,0.007558082338238217,0.06435269057910367,0.16916575010977586,0.014048640588859702,0.5357755472815797
7,7,OUT,OUT,0.10033303412848375,0.02483649967007715,0.0016197995102660238,0.00980227143735796,0.08378763981670234,0.22659801525798046,0.0052097181893824476,0.5478130219897498
6,7,HBP,OUT,0.17291885139193575,0.02468403573979423,0.0016398269391335288,0.009231368898143792,0.0610707352742981,0.24588210340800673,0.005051942202605416,0.47952113614608244
0,7,SINGLE,OUT,0.20669511750289077,0.03806612329664133,0.0029201450413488435,0.010939350336866095,0.07888583435431655,0.1333488430379243,0.004734423528636156,0.5244101629013759
7,7,OUT,OUT,0.14305295243824215,0.041422364373524354,0.0016441409679783959,0.013090805776640967,0.0810859799091323,0.2815541260758155,0.010763595235893438,0.42738603522277313
7,7,OUT,OUT,0.152097097508694,0.03249503847060162,0.00161637892292767,0.009851006201405534,0.05517083451718717,0.24893044788524632,0.006067390332844313,0.4937718061610936
5,7,SO,OUT,0.13029632405282754,0.0268939907933398,0.001557203321435755,0.008235389721077797,0.09813700368362265,0.18437448066882686,0.012485749673122921,0.5380198580857468
0,7,SINGLE,OUT,0.1759793469458382,0.01777889118712508,0.0016305894612047762,0.008276654295080486,0.07296750575279266,0.16826463874714764,0.008723630776320134,0.5463787428344911
7,7,OUT,OUT,0.21016191562563316,0.03073553444164962,0.0018946018996132505,0.012163304835892015,0.06915556429033719,0.1700253029693492,0.0074450832438132785,0.4984186926937124
5,7,SO,OUT,0.07485827677682208,0.036644119940135125,0.0027620336876580404,0.007272339018908734,0.09037285468976691,0.1658141754771447,0.005591880299575368,0.6166843201099891
0,7,SINGLE,OUT,0.13355606876481127,0.04407468256329688,0.007733427812449463,0.01255644566840807,0.07187484301424031,0.19252201693708754,0.004910636319285064,0.5327718789204214
7,7,OUT,OUT,0.17603206490866558,0.02363887539215167,0.0031027956933727453,0.015375111532314157,0.036282118751672865,0.13170110946585525,0.005989448183178144,0.6078784760727897
7,7,OUT,OUT,0.20478865136355356,0.03807005938848582,0.0016695579775916308,0.007291302706990245,0.08457124519485575,0.14168297633748742,0.003929845465059317,0.5179963615659762
0,7,SINGLE,OUT,0.19568725230881304,0.024591438080693525,0.005574145150450132,0.008520955049785329,0.03705718923299211,0.16401605785132806,0.004127936266392278,0.5604250260595455
7,7,OUT,OUT,0.13840889535115702,0.025319208429179056,0.0016546934610632321,0.008802539918594504,0.10081633652015573,0.2176576691147119,0.01437646800640533,0.4929641891987333
7,7,OUT,OUT,0.08168423552801687,0.028077957538779875,0.001508696747978156,0.00800588890911305,0.03565721722607132,0.23691843639095808,0.004977490383665996,0.6031700772754166
3,7,HR,OUT,0.1642606949915355,0.02727900849230756,0.0019857097992319423,0.008896926699316755,0.07106585595217145,0.19036495834505568,0.0074914482419368,0.5286553974784443
4,7,BB,OUT,0.15113197283996593,0.046566213769639556,0.005841978140673563,0.009324820889009572,0.13904128459324258,0.1454733885552791,0.00681677989893356,0.4958035613132561
7,7,OUT,OUT,0.1325690420034521,0.04443980987530137,0.007269352363401527,0.007995596165609773,0.07520528937070381,0.1833533473435714,0.004834862660744238,0.5443327002172158
7,7,OUT,OUT,0.14290523101008035,0.037015057295840884,0.001899707023180755,0.011089272575057945,0.11603596941257158,0.1963238809550053,0.018967767003939665,0.4757631147243236
0,7,SINGLE,OUT,0.15877598371950435,0.04793730402483654,0.00549754812735286,0.007168968780344928,0.03388133297938298,0.11355641079235093,0.005457149928053757,0.6277253016481736
0,7,SINGLE,OUT,0.17659335444318644,0.052638916948704595,0.0022442230052668456,0.027652043566723572,0.08874510930900885,0.15463479548219358,0.01105684586118693,0.4864347113837292
0,7,SINGLE,OUT,0.22206638194739858,0.03671725472339313,0.003695880153288075,0.009042105453444655,0.06727950304369157,0.12037773141917127,0.007049444651540364,0.5337716986080723
0,7,SINGLE,OUT,0.2141096940347993,0.03326264480440492,0.0020509962718321044,0.007817186744093318,0.06813639360038952,0.13900454623849276,0.00464905133570731,0.5309694869702808
7,7,OUT,OUT,0.20179728435720362,0.024169230077285626,0.0040955551379706955,0.011006919255468392,0.03315810002643357,0.15738436298171923,0.0045741540379672955,0.5638143941259517
0,7,SINGLE,OUT,0.36027589981775987,0.024311747899717028,0.0015232140882513352,0.012843280711197645,0.07157201685077563,0.15775159045318718,0.005288432691261106,0.36643381748785014
7,7,OUT,OUT,0.14753639110365835,0.034152600887617825,0.0038354040791001294,0.009921644473248524,0.03977912685351946,0.2297973503861176,0.021680100122544205,0.513297382094194
7,7,OUT,OUT,0.24886897672893254,0.02126040194902437,0.002262940042681193,0.009567952599593909,0.05510264809843416,0.19111073696630942,0.022853842021191176,0.4489725015938331
7,7,OUT,OUT,0.14353877748321006,0.03503141933595673,0.0014380338865739623,0.05365754022684466,0.0607892104520489,0.3265766233274725,0.006117859699984261,0.3728505355879089
1,7,DOUBLE,OUT,0.14139939729308193,0.04749017506456294,0.0023046039130517216,0.007730247983781705,0.036216924691900285,0.23771863176075753,0.004881143560144372,0.5222588757327196
7,7,OUT,OUT,0.11021707774036038,0.016198077182973215,0.0014942267669399683,0.00781729847538058,0.05855991383668842,0.21166807006748728,0.004498334574591373,0.5895470013555788
5,7,SO,OUT,0.10147870414098013,0.03560604771835588,0.0015955369317971612,0.024079387682546374,0.06086311846224807,0.3363006682530387,0.004132624507264455,0.4359439123037692
5,7,SO,OUT,0.11698513188671732,0.03236857628544601,0.0016627452352819783,0.023372977857959734,0.06123721661641695,0.2870322553960048,0.003741374028483453,0.4735997226936899
7,7,OUT,OUT,0.13153389163951099,0.02417891349367113,0.002265218319754706,0.008178899724365151,0.04054279579097828,0.21082951076056503,0.004152087466754692,0.5783186828044001
5,7,SO,OUT,0.09131875270702117,0.02404657174056093,0.009753580009140297,0.03432445237233484,0.09412272878864981,0.19054117855699393,0.011608830110239126,0.5442839057150598
7,7,OUT,OUT,0.09721815721247312,0.03166306847494111,0.0015875531913261424,0.017549803971323538,0.08610860370395985,0.1928461286335391,0.007244843393622631,0.5657818414188145
4,7,BB,OUT,0.11620857396319617,0.032705488277199664,0.002193907425557362,0.02316099255685936,0.10121215201377455,0.2505144932490879,0.00471838988079181,0.4692860026335332
0,7,SINGLE,OUT,0.11461099010763229,0.06552741984343934,0.0015433666139816925,0.018548598650539556,0.10536939702982512,0.19875662061197583,0.006601000289560696,0.48904260685304535
1,7,DOUBLE,OUT,0.16229666296129946,0.043180241106436895,0.001617396331617734,0.03167629651174625,0.10155557185303257,0.14483964655029108,0.004725125952121546,0.5101090587334546
4,7,BB,OUT,0.1249368047899399,0.03540933227659922,0.0016324411204576604,0.0538587987582987,0.1092094294903518,0.1786328060728589,0.010641189322934681,0.4856791981685592
7,7,OUT,OUT,0.13210051534088504,0.040944821502171415,0.0015866005651294591,0.022422241954083016,0.12220559854514738,0.1972468272011545,0.005828004687486535,0.47766539020394255
0,7,SINGLE,OUT,0.1200727415724173,0.03413550142853117,0.0016851441822748226,0.026531727438372784,0.12357642497996767,0.22975750021886918,0.005334806206339272,0.45890615397322787
0,7,SINGLE,OUT,0.09461591275046405,0.05449358504646479,0.0015622560465654333,0.022034902886657954,0.0865658875111571,0.22974874830322448,0.005364678098511133,0.5056140293569551
7,7,OUT,OUT,0.10654722338644783,0.027275437200747345,0.0016229743823834965,0.01444336531654882,0.061573616931429105,0.25578934299559186,0.004763700137655529,0.527984339649196
3,7,HR,OUT,0.11723782202316327,0.04550773564850234,0.001624996514272201,0.0085601926199871,0.06736953283743244,0.27835706334469434,0.0044935411719549175,0.47684911583999345
7,7,OUT,OUT,0.16356446484818588,0.02486920386764028,0.001999350312206217,0.011707331076661921,0.034857237555065534,0.22168572202642053,0.004631039700408411,0.5366856506134113
7,7,OUT,OUT,0.12076523457512134,0.029069052229636974,0.0021243551383468163,0.027717077888908218,0.05422451243454474,0.30254246887397457,0.005171458980256791,0.4583858398792105
0,7,SINGLE,OUT,0.11136000105772587,0.03260170725290046,0.0014927538227488028,0.02418337441629385,0.05808240142825307,0.290471133007231,0.003632027342924949,0.47817660167192216
5,7,SO,OUT,0.1065607924455656,0.025661167973729453,0.0014297235761063284,0.013005104188863206,0.08506369168049889,0.192217422048802,0.0114642186650636,0.564597879421371
0,7,SINGLE,OUT,0.10494705371366594,0.04048698160673224,0.0020839937352327403,0.0160940602080773,0.07696991834927716,0.23831675586300308,0.004881736087260686,0.5162195004367509
7,7,OUT,OUT,0.10403567989882014,0.049867537240599114,0.001515619749359191,0.019732188864886483,0.12936197530120816,0.19495063016802103,0.00820466275413138,0.4923317060229746
0,7,SINGLE,OUT,0.1417089292275233,0.04267902547694481,0.0015984595312851704,0.024441927413899826,0.10564833924852986,0.13867249152919747,0.006496159838842583,0.5387546677337769
7,7,OUT,OUT,0.12549489864451352,0.045202788228301045,0.001554588428228829,0.044531007262518914,0.11870161545522605,0.19203898162502583,0.008702799129277617,0.46377332122690823
7,7,OUT,OUT,0.14030583279212203,0.03729566164223565,0.002137392855595511,0.0368369243155446,0.09763903561181901,0.19986413931694497,0.005945182185972269,0.47997583127976595
1,7,DOUBLE,OUT,0.22842205676430133,0.027303424307914777,0.0117155559238278,0.013457596638870617,0.05006083103938109,0.11987313993799034,0.005184634234481041,0.543982761153233
0,7,SINGLE,OUT,0.2303208415881984,0.03490270197080102,0.0016821435330833835,0.007334702885137836,0.04881554792475261,0.2119128490611178,0.003939978938909587,0.4610912340979994
7,7,OUT,OUT,0.10157146664498401,0.03584600633105356,0.0015734581178473812,0.06834809726770737,0.0962298126336514,0.2470789012403861,0.004431010196343375,0.44492124756802687
1,7,DOUBLE,OUT,0.12496013645840044,0.02619775593846337,0.0016324143983393337,0.055346050261619095,0.13407402404180338,0.2243484742838414,0.004875504340203083,0.4285656402773298
7,7,OUT,OUT,0.18860287679448023,0.02214508518750073,0.002174885896769934,0.007249955717019525,0.038390800853801726,0.16402206347494655,0.004897302069040939,0.5725170300064404
7,7,OUT,OUT,0.18872782522335235,0.026349208006361688,0.00218922820259214,0.008316454507286852,0.0416236980712551,0.20406337997026225,0.019570475201171177,0.5091597308177185
0,7,SINGLE,OUT,0.10682862816836723,0.032923491119338844,0.007635765398656672,0.00904027740673963,0.1211813687847627,0.16964773558650345,0.01232742929321341,0.540415304242418
5,7,SO,OUT,0.13967379619996265,0.023288959171268834,0.001619368653358537,0.010641950441832953,0.09508585884351901,0.20310428841597813,0.005794505385971369,0.5207912728881086
2,7,TRIPLE,OUT,0.14455761406924117,0.0555462267762187,0.002051681345343218,0.009457507940122708,0.10205318408517434,0.20982789549769768,0.005554589779253696,0.4709513005069484
7,7,OUT,OUT,0.10430685150853289,0.03954567601652231,0.00147692630690853,0.07995838243596909,0.07702334264681779,0.22333747113153374,0.004474701444400058,0.46987664850931565
7,7,OUT,OUT,0.18190558799824874,0.05463085719229092,0.0016851540651410702,0.010417498874796424,0.1323384121923613,0.1648200223710652,0.005031359434103498,0.4491711078719928
0,7,SINGLE,OUT,0.1225108475174675,0.0253062652546458,0.0016590514937136597,0.0122677441025175,0.07734182993171419,0.15849602271927077,0.005882497837856406,0.596535741142814
7,7,OUT,OUT,0.1776568333379323,0.053860528074454204,0.001709570581110382,0.010207242592786358,0.13068286230827836,0.18495481616292828,0.005164744939319901,0.4357634020031903
7,7,OUT,OUT,0.1952119160405407,0.05786062968699161,0.001790100772507103,0.012602286278362297,0.04299265817393827,0.16551229136511922,0.010625112230077779,0.513405005452463
5,7,SO,OUT,0.13078470052125524,0.022289960271182442,0.0016644974984422994,0.07557552480742699,0.05853498365368111,0.29839853146704387,0.006888960370271009,0.405862841410697
5,7,SO,OUT,0.10991834494356403,0.0405350559116986,0.00155103924535646,0.03772226472982188,0.07384049228985383,0.2715999176493351,0.005535802393946217,0.4592970828364239
5,7,SO,OUT,0.13565137269137062,0.02508568806934167,0.0016385379506472077,0.05336605698001317,0.06423130225961103,0.19626139945270504,0.006196215002944539,0.5175694275933667
7,7,OUT,OUT,0.12871930004086765,0.06138179147590817,0.0014982042737866506,0.034179387655361576,0.09474019410017105,0.16692188919713685,0.0037176436367356612,0.5088415896200323
7,7,OUT,OUT,0.13018480780940528,0.03992418670545239,0.0015183435424213306,0.0456763455449606,0.11573733944613772,0.1889185863159699,0.006277516207767707,0.47176287442788517
7,7,OUT,OUT,0.10420245059352985,0.01973511912251073,0.0021782192179650418,0.009906762990389426,0.06340550158224434,0.20891343636747983,0.005635963064304231,0.5860225470615765
7,7,OUT,OUT,0.2983863135284351,0.03307836919410388,0.0019767297730457927,0.009892922359739173,0.05157672293334746,0.11949540321368948,0.004370977175930671,0.4812225618217084
7,7,OUT,OUT,0.13425772502378863,0.03206378638946961,0.002391915574900067,0.009310694499462162,0.07891403114781075,0.16498798064905346,0.010438151921499068,0.5676357147940162
0,7,SINGLE,OUT,0.16779004796789063,0.0611499949969194,0.002060740969762368,0.00938129294513486,0.08917334860783914,0.16129918309774335,0.004955639202698823,0.5041897522120113
0,7,SINGLE,OUT,0.17959472968370402,0.04460046887155185,0.0019208674174372214,0.008829071131067064,0.08166315017634893,0.1574886625220462,0.01237910495421258,0.5135239452436321
7,7,OUT,OUT,0.18906177394092052,0.022946092365921707,0.008102749404163811,0.007750340375754003,0.08322962655833117,0.13744935633323785,0.0052932560520682756,0.5461668049696026
7,7,OUT,OUT,0.17891051391150742,0.03684042248031024,0.00263229336955667,0.008132988750166516,0.0811405449670505,0.2140351933374203,0.005412570171085892,0.4728954730129024
7,7,OUT,OUT,0.09490611987713024,0.02425007909229779,0.006257140211687357,0.03329502861547333,0.112121652292927,0.2005569799772804,0.010075711417752303,0.5185372885154516
7,7,OUT,OUT,0.13418257916090565,0.043228959990851606,0.0017092094224328185,0.059387647958039406,0.0997174288987653,0.1973850386623184,0.005946951391880517,0.4584421845148063
7,7,OUT,OUT,0.1443268806731494,0.05435501393760372,0.0016030372368728849,0.024845698529137608,0.098291499862239,0.20711698733493145,0.0048063789013631725,0.4646545035247028
5,7,SO,OUT,0.1678813491224662,0.05350849363863645,0.00603104562780846,0.00808361530076441,0.036204097527443725,0.14188138712381235,0.005703524971136177,0.5807064866879322
7,7,OUT,OUT,0.15620136633209697,0.03258344305270053,0.0023240575138180103,0.009830734822746455,0.1407303564758211,0.1960576583677192,0.004215250680353842,0.4580571327547438
7,7,OUT,OUT,0.1615204806466353,0.026459175286615552,0.0021203872738371613,0.008827677144473424,0.06584102783231892,0.24310504720486312,0.007556364623990912,0.4845698399872656
0,7,SINGLE,OUT,0.1409366971737423,0.015680314050241888,0.0034781437018217083,0.009332105183825703,0.11703756293216971,0.12025503495905801,0.003772166723149225,0.5895079752759914
5,7,SO,OUT,0.1631884487412515,0.019080776807115882,0.0013364421068649786,0.0307906630868992,0.06006515927931585,0.09471060136236138,0.028225014880718814,0.6026028937354725
5,7,SO,OUT,0.1280828526768834,0.030526915906433152,0.0013983239307575046,0.03569603488933779,0.050358988996365234,0.11396977021622746,0.0036948826841410264,0.6362722306998544
7,7,OUT,OUT,0.10415231354086474,0.039030415144248,0.0016095040121774091,0.0555146781787095,0.08582004779204695,0.23837362810421472,0.005294027514126464,0.47020538571361237
5,7,SO,OUT,0.11859001588800953,0.055632559244407714,0.0017754663802507394,0.009641375473030315,0.03851842991199007,0.22587789606206096,0.004474995570794261,0.5454892614694564
0,7,SINGLE,OUT,0.14808390909644417,0.057410657912607875,0.0019973701424267185,0.010782017571023934,0.05190986463765325,0.15929596258414094,0.005180414075990922,0.5653398039797123
0,7,SINGLE,OUT,0.2282400956769668,0.038426632319179865,0.0029035467233949294,0.026514235825821176,0.03684875081250663,0.13746639786273193,0.005279166097487551,0.5243211746819111
5,7,SO,OUT,0.13155866742350256,0.037393470796247295,0.0020098302140275012,0.010753748282257187,0.129482418944981,0.16162846468314615,0.004493211262811779,0.5226801883930264
7,7,OUT,OUT,0.1666075992039489,0.0465268271215547,0.0059269281692706805,0.01702732724125854,0.043001956201877904,0.14482744422362678,0.007881017616875284,0.5682009002215873
7,7,OUT,OUT,0.16502458599899722,0.01698365004375622,0.0031371716782052175,0.020586560782784476,0.05485061457830862,0.11259702151211166,0.004239289029517854,0.6225811063763187
7,7,OUT,OUT,0.16415667089106895,0.021574204927168147,0.0022489431419889976,0.010806341525309644,0.09078372975957615,0.11653214316371238,0.006008748360478262,0.5878892182306975
3,7,HR,OUT,0.15681963058917459,0.06150867601459941,0.0017331366763089933,0.03735382081009361,0.1253710407695551,0.12431531578833686,0.004800993134148409,0.488097386217783
5,7,SO,OUT,0.20334108141838206,0.02419367488090755,0.0016777386724738236,0.008500862366328478,0.0838158559780103,0.2311754587999545,0.0170194846927191,0.4302758431912243
7,7,OUT,OUT,0.2125263747254753,0.02872616058927956,0.0029770905739600322,0.012451126340834494,0.06390030759036656,0.17591781888799704,0.007078495030142804,0.4964226262619443
5,7,SO,OUT,0.10884419943572439,0.025331770208133028,0.0024052465278417575,0.02065523269341332,0.07363928439004927,0.22703260566414488,0.004413723540848074,0.5376779375398452
7,7,OUT,OUT,0.13159945128076064,0.015379951278682736,0.003062520216839311,0.00876192482824349,0.1106961734636317,0.11294147547731696,0.004191122423531306,0.6133673810309939
7,7,OUT,OUT,0.20933206440415913,0.030508275187391496,0.0015183792842553992,0.037304494987774106,0.06778848312549966,0.22790242330478303,0.006275675919858061,0.41937020378627926
4,7,BB,OUT,0.17875154302684404,0.03746241636482795,0.0016079506855780047,0.021806659814732333,0.05115863770296133,0.1489010485139398,0.004642127788996492,0.5556696161021201
7,7,OUT,OUT,0.09413506333508137,0.02532078719787761,0.0038650452061239804,0.007255171041141874,0.043414095447937354,0.15629629832249636,0.003781256106359053,0.6659322833429824
7,7,OUT,OUT,0.12233651891375219,0.030994497756617036,0.0034463134218717917,0.009101548670991829,0.03950653671863554,0.2171071337561533,0.004285567292370705,0.5732218834696076
7,7,OUT,OUT,0.16409985063515356,0.03258786997593865,0.0033801282639350384,0.008646589497287088,0.05918589322613272,0.2126612700059291,0.0038192346363820854,0.5156191637592418
5,7,SO,OUT,0.12120563925797737,0.03029147435630871,0.0014236171102797782,0.01585083504821772,0.06771580471535434,0.11120326340916654,0.03951826470388287,0.6127911013988128
7,7,OUT,OUT,0.1591315272984489,0.032419887696402465,0.0015650468979806157,0.043738168915889254,0.05181488193240068,0.12896160663840472,0.003968919064194626,0.5783999615562787
7,7,OUT,OUT,0.10695271221168379,0.031393337967435285,0.002238937198677208,0.023963887490557518,0.06254268473650296,0.19122027329822264,0.005537210051187415,0.5761509570457332
3,7,HR,OUT,0.17718322958482915,0.026145976082610246,0.008531254946875233,0.017577508657768796,0.05173096873283776,0.15740502246206775,0.011846675725914795,0.5495793638070963
7,7,OUT,OUT,0.2330009490783314,0.042683809427672074,0.003232681202248814,0.008695088897926409,0.04963443779311598,0.19075831153078912,0.0041983335773877915,0.46779638849252836
0,7,SINGLE,OUT,0.19134515220386308,0.04949424311645535,0.0016485474786300065,0.01781918219291948,0.11852659909549695,0.20709883511490434,0.004273652285676383,0.40979378851205445
0,7,SINGLE,OUT,0.12460718968411821,0.04587994564048513,0.0015445195790373687,0.02051126776420551,0.11322269489922972,0.21200044823510464,0.0053871516844572805,0.4768467825133621
7,7,OUT,OUT,0.13825474146926142,0.01637085884221185,0.002180325451866528,0.01022185919716508,0.13373005855742756,0.19323044538809342,0.004450312235138786,0.5015613988588353
4,7,BB,OUT,0.1790834974154631,0.016601908696644904,0.0035520911341591563,0.007925826589951897,0.12130528698223274,0.17406599843929782,0.004619894878357323,0.49284549586389303
3,7,HR,OUT,0.16565835920059863,0.024934524250811035,0.0018513944535068542,0.016340669055622474,0.151304715549681,0.18266825867971653,0.004275766072355242,0.45296631273770827
7,7,OUT,OUT,0.1649455171665764,0.018603424436357957,0.0019349812022747097,0.008286310461009264,0.1704500132694988,0.21780825148892946,0.00459672861068436,0.4133747733646691
0,7,SINGLE,OUT,0.272942517128886,0.026508547546388327,0.002426051664651241,0.019602732434842868,0.07467877771482964,0.22633926930799012,0.006798942250918238,0.37070316195149344
4,7,BB,OUT,0.1915829727684351,0.023499529371772823,0.001489679841471545,0.01134487694128602,0.06959958208509577,0.24494630746847712,0.012112282003312453,0.44542476952014914
7,7,OUT,OUT,0.15233549122734225,0.016753815070851615,0.0014331666427549346,0.007977240476630279,0.0921890052177932,0.3522410873684997,0.00573395570087116,0.37133623829525686
6,7,HBP,OUT,0.2118807090603736,0.024696662191532735,0.0015546895240479437,0.015637016859191773,0.05848676045333403,0.2517054921355687,0.006033865830754377,0.43000480394519686
4,7,BB,OUT,0.17137282287184838,0.030626557124409582,0.004208314444539206,0.010100424371094026,0.06537219136631296,0.23694964933475177,0.03149116773483026,0.4498788727522138
5,7,SO,OUT,0.21786826589437325,0.021672442664805655,0.0016581103952022767,0.01626739330105903,0.09441487495235995,0.22056856633889177,0.02251935316111637,0.40503099329219167
7,5,OUT,SO,0.16422966707641917,0.04373955065472772,0.0019616212872785193,0.018990553551583446,0.06740595354010896,0.3643897753960886,0.03285038064572957,0.3064324978480638
7,7,OUT,OUT,0.2911035807294733,0.02426062590168069,0.0030964879776524683,0.023970236867210486,0.09058885577232463,0.1995788154276895,0.015609406692682525,0.35179199063128647
5,7,SO,OUT,0.1565951917519571,0.03535123154709449,0.0030819408650158463,0.014650240886911735,0.0489173660664979,0.2934252844893397,0.00633665541899958,0.44164208897418367
4,7,BB,OUT,0.15302699192717328,0.03816314024994516,0.003467811233222468,0.01640421156200129,0.0826270883293272,0.22061092790865422,0.007020596551114776,0.47867923223856157
7,7,OUT,OUT,0.22368187474422072,0.04927927274252276,0.002792961458257655,0.007042819342601412,0.03130972812904223,0.16991071561510293,0.004894893605051715,0.5110877343632005
1,7,DOUBLE,OUT,0.1883435180853977,0.018914936652540338,0.001862906437258845,0.008996378877621742,0.0960458881089384,0.14137355270563676,0.004010348346221541,0.5404524707863846
5,7,SO,OUT,0.20576584542433893,0.02973562967349298,0.002141492544589683,0.007627295163760314,0.05687514847942459,0.12114505008011245,0.0037561624249685096,0.5729533762093125
5,7,SO,OUT,0.12264762481464805,0.022412964933871262,0.0022778773688463504,0.009895927002671405,0.06514422896441935,0.16864839188976247,0.004309145933519394,0.6046638390922617
4,7,BB,OUT,0.13686155439515307,0.030043723178849967,0.0016776599354519227,0.008547506969684288,0.0754407862215953,0.2288335360335658,0.006691120252065606,0.5119041130136341
5,7,SO,OUT,0.1609184992453071,0.023386336251667077,0.0015171216201321138,0.012132503210388492,0.08590095703248042,0.20272089943102176,0.009649507796400131,0.5037741754126029
7,5,OUT,SO,0.12068657547294738,0.024387635490317614,0.0022065544017588214,0.012755552384986218,0.08546910271884926,0.40092590503736225,0.00994897044506585,0.3436197040487125
7,7,OUT,OUT,0.16282819300047754,0.030819024569409884,0.0016691644290969061,0.01408604628966155,0.06422952709349436,0.19316635137469496,0.004591935054169708,0.5286097581889951
5,7,SO,OUT,0.18634433384204177,0.02666817912201952,0.0021077776044074368,0.008259884890620251,0.06738448872380803,0.20889545500097773,0.006281181272047883,0.49405869954407744
0,7,SINGLE,OUT,0.14311039010126161,0.024118700899494992,0.003362232760334276,0.020323549808602525,0.06740843190455703,0.10303180717542897,0.004741108994759474,0.633903778355561
7,7,OUT,OUT,0.11504578617315764,0.03286528155471198,0.0022600545372145155,0.00812569050424561,0.10051578252942395,0.17639830010521432,0.006367016450945542,0.5584220881450863
0,7,SINGLE,OUT,0.22046130755013335,0.023422971328194667,0.0014918660614758631,0.0469550466205741,0.05401593380166575,0.1829689067201737,0.004595592724618769,0.4660883751931638
7,7,OUT,OUT,0.11417007808886226,0.029172879519007548,0.002258296169487632,0.023613544003172875,0.06670879153297238,0.286973201609305,0.005376305726848981,0.4717269033503433
7,7,OUT,OUT,0.18681912158150724,0.023935042076732648,0.004314573871484831,0.008296225738211652,0.12003908917514328,0.16293823468450047,0.009347127369522566,0.48431058550289735
5,7,SO,OUT,0.11841781082608087,0.025481015930585212,0.003405678431285237,0.007307321324931716,0.06409522129966046,0.2037048539450526,0.004351554603612756,0.5732365436387912
7,7,OUT,OUT,0.1001021676695188,0.019988052206466725,0.002041919489998341,0.0069773785995505926,0.06755660557148897,0.19586856106182457,0.004942362381814752,0.6025229530193372
0,7,SINGLE,OUT,0.17497736272937217,0.03140993971564019,0.0016051902376370557,0.021914334650652338,0.11063610050327694,0.19093645183746108,0.005479526434522132,0.463041093891438
0,7,SINGLE,OUT,0.17834358087972935,0.04919401078799192,0.0026499576530708206,0.0078095213077054955,0.037759719708923514,0.1374764323393488,0.0044880917128247025,0.5822786856104054
7,7,OUT,OUT,0.20664485720088446,0.022348609206729004,0.0035731700601755335,0.01148546434439479,0.03695651750051276,0.12737713730067415,0.009396507132731461,0.5822177372538979
7,7,OUT,OUT,0.14571972424956922,0.026857479654655323,0.002657513298418443,0.0130249807919992,0.05269260556054995,0.2910325162568637,0.02092030992249079,0.4470948702654534
5,7,SO,OUT,0.14283458353183293,0.019966137583419682,0.0016997107810950145,0.008254064579311727,0.08375479744087688,0.31945311691916506,0.006258789393716983,0.41777879977058185
5,7,SO,OUT,0.11171459026556935,0.02306651314007796,0.0016413812536373888,0.00909401501948424,0.10561551362605301,0.18977381127119675,0.009140788406370651,0.5499533870176107
5,7,SO,OUT,0.1511992837710574,0.03386941908823791,0.0018308278957232839,0.033982447394685755,0.10008930332446458,0.24483194849742432,0.009317452491550174,0.4248793175368566
5,7,SO,OUT,0.2042650207175152,0.029194190005887258,0.002250193799447843,0.025171304844371575,0.08859109246277802,0.23216960379541124,0.004398355673983644,0.41396023870060505
7,7,OUT,OUT,0.21673356843478248,0.0412080913786788,0.0016157346227578192,0.012508087870557134,0.07000335208840525,0.19629737999593277,0.004121550094684705,0.45751223551420106
4,0,BB,SINGLE,0.3784582169874873,0.027615452323345786,0.001544674305897926,0.010587216726251139,0.0780035510173,0.187027030898422,0.003909952005486978,0.3128539057358088
7,7,OUT,OUT,0.1691202210002145,0.06314698454055208,0.003060007606378285,0.014384376425657368,0.08360824263208691,0.17097680565007803,0.004326680473334579,0.49137668167169823
7,7,OUT,OUT,0.14836104007423875,0.019145998400815753,0.0016728776639159748,0.010088377699013067,0.09376790009823062,0.2552093352835045,0.004510037914989933,0.4672444328652914
5,7,SO,OUT,0.17386016392085013,0.04366286381431524,0.001685229850722225,0.013993785838014508,0.08764927711546144,0.25531937901460866,0.004809029292300304,0.4190202711537274
4,7,BB,OUT,0.1613737210303917,0.04214932056097465,0.0054759628971866444,0.009138450776059504,0.17152168395765036,0.15277092568630243,0.019338973628655522,0.4382309614627791
1,7,DOUBLE,OUT,0.21954627658201695,0.04363520691255603,0.01390767767602137,0.008296808504147891,0.08005886522118508,0.18087259103148132,0.00462264554131664,0.44905992853127463
5,7,SO,OUT,0.26096633025169813,0.0274367207311658,0.0037538582042846744,0.016370211493278594,0.03724832993430087,0.13616012460502933,0.004197617966540546,0.513866806813702
7,7,OUT,OUT,0.1672829508167582,0.03032397514786858,0.002120210378688602,0.009923962042068458,0.11826875514415112,0.17280586885544644,0.01998080637511911,0.4792934712398994
7,7,OUT,OUT,0.2223037729128383,0.03204154116809875,0.015246693937256608,0.013486040989281653,0.03411938063973212,0.15029291550705728,0.007248368620687244,0.5252612862250481
7,7,OUT,OUT,0.15638614900792772,0.018411900820296558,0.0019373625407908665,0.008500786501883822,0.05224234774399895,0.20709443794983506,0.012505272701672607,0.5429217427335944
5,7,SO,OUT,0.15816241881490692,0.019201919831231457,0.0020731149188162948,0.015079008904485797,0.04712489996170036,0.2185536622225303,0.0051134089445967704,0.5346915664017322
5,7,SO,OUT,0.12325758610622674,0.03395124798931243,0.005299330370398824,0.008813884524837839,0.047050442937968964,0.2592200056987149,0.004354494838083176,0.5180530075344572
7,7,OUT,OUT,0.19819869999510772,0.03858267183991303,0.00162022168288781,0.031934393908353446,0.04196162806026531,0.1437132193810537,0.005068079972769737,0.5389210851596493
5,7,SO,OUT,0.16279600536969852,0.026295714988357595,0.0015754776689082327,0.036440106330760426,0.08621101478376834,0.21271671241643766,0.006169503751819615,0.4677954646902495
5,7,SO,OUT,0.21275929887522887,0.05976993675964011,0.0027918975699048475,0.010378428038258865,0.03881814299505462,0.14303631244899184,0.004598625757747896,0.527847357555173
0,7,SINGLE,OUT,0.17170671361870984,0.033399816839241196,0.001746444531861565,0.01116371817685523,0.1585112352979461,0.14039575036401733,0.004804116118271172,0.4782722050530977
7,7,OUT,OUT,0.1692158033862032,0.02534476069628874,0.002392869341318729,0.009854589012320558,0.08392639178987502,0.11751486084007867,0.009334889992757252,0.5824158349411579
5,7,SO,OUT,0.1488746152361874,0.056105720848324665,0.001685145226302825,0.014800356978636561,0.10744751475639187,0.12227245021051966,0.003897257808352663,0.5449169389352844
5,7,SO,OUT,0.10228711515455176,0.02845900459840121,0.0022283905350837154,0.027406194917703703,0.07294508452318901,0.2609073898012376,0.00558091707860627,0.5001859033912266
5,7,SO,OUT,0.10431419182406029,0.014350385861884302,0.0047440408794196896,0.008291348486499902,0.10887818461763499,0.11886971598036522,0.003663050304512211,0.6368890820456233
7,7,OUT,OUT,0.22299719141609237,0.03658364404636525,0.0016955438885077863,0.027327035043760713,0.06442902691254845,0.14276550031333482,0.006381757974097499,0.49782030040529307
5,7,SO,OUT,0.10229699201137521,0.025066748410946072,0.002110366263608111,0.007945532001531773,0.04787621964936253,0.13238322402162414,0.0047830597724001925,0.677537857869152
7,7,OUT,OUT,0.1316443432065717,0.04336254945918964,0.0026695440425071743,0.0072772363594531125,0.034543671212111667,0.19847673209668795,0.005059585619788678,0.57696633800369
7,7,OUT,OUT,0.20091347086124475,0.02528801358402703,0.0018400524703169312,0.009948647279936907,0.11791614032969269,0.21380843954114492,0.015996964213499863,0.4142882717201368
6,7,HBP,OUT,0.159892907742628,0.026843770155465265,0.0020521928405314747,0.0077886938692699895,0.06081986571751352,0.14056348341906658,0.004771002254917622,0.5972680840006075
5,7,SO,OUT,0.14775346958187763,0.03304775780442975,0.004027659354599777,0.01064696402006863,0.04864402410686116,0.20395603645736116,0.026931028878534616,0.5249930597962673
7,7,OUT,OUT,0.12842831428224702,0.029153320717234917,0.0014936229162825826,0.02021716412947143,0.07846017234136476,0.11561380030716789,0.054389175099431745,0.5722444302067996
7,7,OUT,OUT,0.17667401916554187,0.03307205696673194,0.0049836249472820565,0.016601267921651907,0.052014768225057115,0.1594623717800455,0.010412101187777403,0.5467797898059122
0,7,SINGLE,OUT,0.13077088944520343,0.025612389745530668,0.0030433093569711867,0.023832713874488726,0.06722525599748509,0.12218459608849876,0.004605741165962597,0.6227251043258595
7,7,OUT,OUT,0.16710448272757805,0.04948389026011889,0.002194334360647138,0.009525793118759661,0.05631605867119061,0.17095190449205594,0.006717701672993936,0.5377058346966558
0,7,SINGLE,OUT,0.1696812703335157,0.04743915322630663,0.002677367338560902,0.010608104432962043,0.038260940359834364,0.152066458856238,0.005459529738866942,0.5738071757137154
7,7,OUT,OUT,0.15245602005651926,0.02457674040517637,0.01003306846394543,0.008377054360102158,0.051141594037980645,0.18827902033875984,0.005019610649866968,0.5601168916876493
5,7,SO,OUT,0.17954023191610424,0.02753606204794747,0.0021557085030612243,0.009979373526542577,0.13141287250786055,0.1403395919093207,0.005513823876225093,0.5035223357129381
7,7,OUT,OUT,0.16991861639411115,0.025513417026858776,0.002619245701320899,0.008844670833386472,0.0859164399942899,0.11949376124655994,0.00843504093857358,0.5792588078648993
0,7,SINGLE,OUT,0.17600323610181634,0.06351074676601462,0.0018768084805376385,0.019222421260448617,0.10068955319592655,0.13779588344386587,0.00501211222244777,0.4958892385289427
0,7,SINGLE,OUT,0.18224721225710183,0.025151786774071892,0.0016848512246351122,0.008356265046087922,0.07719695458676382,0.24527614428943972,0.016155915889543786,0.4439308699323559
0,7,SINGLE,OUT,0.24567033147843897,0.021726601705424575,0.0025757354061089885,0.007919207146842069,0.07066511312270415,0.16411105139379895,0.004156934507241628,0.48317502523944067
7,7,OUT,OUT,0.14194804570294836,0.04692081113695662,0.002395380009433528,0.009642066862229001,0.1298551223677509,0.1762365390788491,0.004246117779544242,0.48875591706228816
7,7,OUT,OUT,0.15555023345625457,0.037669308616135364,0.0016110330391520306,0.049354124830755595,0.0469252031005486,0.12259724971000158,0.005204269070695269,0.581088578176457
0,7,SINGLE,OUT,0.09319815009626171,0.025883654780823665,0.0015408687500163272,0.0069648028647045215,0.04255747220986501,0.30786449343425193,0.003608193613413083,0.5183823642506636
0,7,SINGLE,OUT,0.14113789631597698,0.02794330279294117,0.0018411494975188046,0.02229695816346704,0.07103504041234163,0.1288804493505637,0.01906167151590529,0.5878035319512854
7,7,OUT,OUT,0.1403174053392507,0.04995057253225892,0.0025490395543105223,0.008303715264804572,0.0389150430852935,0.23696307958808177,0.005718805784330165,0.5172823388516699
5,7,SO,OUT,0.13737936087785688,0.02922154936139942,0.001516196889977844,0.016615991744841806,0.05592821626727744,0.15748113581215292,0.004114787142224042,0.5977427619042697
7,7,OUT,OUT,0.19368873637874656,0.03491711084616878,0.0016615011689163459,0.009202918375773564,0.05327825561191889,0.16341167037277138,0.004538179558461509,0.539301627687243
7,7,OUT,OUT,0.16511111860198377,0.03747604849450319,0.00546346587077165,0.008651561994552975,0.06568188565739883,0.14865978668267796,0.005399560222829858,0.5635565724752818
7,7,OUT,OUT,0.19972049788083018,0.017703647182745436,0.0021146841015153616,0.007914974687009774,0.07145675107928072,0.12061883206670453,0.014520619972795072,0.565949993029119
0,7,SINGLE,OUT,0.1226245597565141,0.030133510440867966,0.0016397676976068834,0.007242024102508045,0.095818805663944,0.1506897373427346,0.026133393298568862,0.5657182016972555
7,7,OUT,OUT,0.13735425577034546,0.03321349748053932,0.0018440990037909106,0.007966831924301018,0.050396242934630235,0.1706345250909663,0.004855976290512378,0.5937345715049144
7,7,OUT,OUT,0.18427933643396566,0.044003005474768674,0.0016570878735850132,0.01817770554967917,0.06783905248881827,0.16756694664470684,0.008257734287923459,0.5082191312465529
7,7,OUT,OUT,0.16531625323622717,0.04913882633357505,0.0017905188089768233,0.02451886735323407,0.07869173107974547,0.18614660186476978,0.009132371323596114,0.4852648299998755
7,7,OUT,OUT,0.1816301433907421,0.03846197444735716,0.0028792676865921282,0.018661261232051328,0.040069633835719654,0.14457817778136148,0.0047918727240301795,0.568927668902146
0,7,SINGLE,OUT,0.19655318160471183,0.029896212301881577,0.0015545657582826595,0.009125824858766158,0.05476873209361341,0.1544684303842083,0.004100711472459438,0.5495323415260766
0,7,SINGLE,OUT,0.19740282846848428,0.030924088592506838,0.002146386096358463,0.007625023741963346,0.04450570864593647,0.12561453478051923,0.003269406093747184,0.5885120235804842
5,7,SO,OUT,0.20786871769776746,0.027312901582493877,0.0017015051574005668,0.011376349617129241,0.08914683587041661,0.1313012315884503,0.003963800642502695,0.5273286578438392
4,7,BB,OUT,0.17166229284787937,0.0657676358411189,0.0016878532580979321,0.016283911099552316,0.05445395360535886,0.15760423982069688,0.004587789007587376,0.5279523245197084
7,7,OUT,OUT,0.1191813430827342,0.025521105087201977,0.0027839824273483364,0.007421257927288994,0.03270066075749056,0.10940261031210907,0.008053515193532515,0.6949355252122943
5,7,SO,OUT,0.1273166548791005,0.05320470149915796,0.0016156828527097767,0.047533901341262064,0.07445258054787379,0.2713757842105535,0.00440557030585222,0.4200951243634902
5,7,SO,OUT,0.11582998253946529,0.04228825775690089,0.0015340312297062574,0.009893151893777765,0.08158805344083576,0.3090543175501429,0.004749156526064304,0.43506304906310694
7,7,OUT,OUT,0.15422628792866072,0.043790108310518966,0.003465737509748142,0.008115648512798286,0.05657745419243199,0.198196334812493,0.0042354036791258575,0.531393025054223
7,7,OUT,OUT,0.18535674215364933,0.05159899538772184,0.0016137979689494807,0.017447859266764443,0.03784161204255799,0.2367135640519643,0.005373151268991594,0.4640542778594009
4,7,BB,OUT,0.1444862550121612,0.030716455494672865,0.0021450276894277296,0.00946770771270938,0.033137657278131234,0.21825956602625302,0.004790275032721995,0.5569970557539227
7,7,OUT,OUT,0.16450181657695678,0.016897005641971195,0.0018288297333328247,0.016944220637211342,0.05548502169428356,0.12976527602583166,0.004633567019219871,0.6099442626711927
7,7,OUT,OUT,0.13934050373812978,0.030492664166805003,0.00767086346317424,0.0332113018373182,0.06504160857438422,0.15011108885427854,0.012074172702300635,0.5620577966636094
7,7,OUT,OUT,0.17916609970080508,0.02372508930974108,0.0018118265643608192,0.009884998366588698,0.0726316245221384,0.16190388726569516,0.004783195336459754,0.546093278934211
7,7,OUT,OUT,0.1434814582625099,0.017402904146742972,0.03448360164652768,0.008135866244603442,0.06424878728281302,0.16684394922108167,0.007667462995131775,0.5577359702005894
5,7,SO,OUT,0.1494778741570481,0.020809888381187563,0.0015353577135116614,0.013186630586142912,0.05087447919937141,0.0956043776660206,0.014214577771289413,0.6542968145254283
0,7,SINGLE,OUT,0.14550656294357042,0.016685192014901536,0.0023969962817939495,0.00806522675762937,0.045702958841989216,0.21338491279372496,0.006789940869482779,0.5614682094969078
7,7,OUT,OUT,0.13972978104448497,0.02905706354697823,0.003677698943279543,0.0071912345278210155,0.03258263881231148,0.11405990577809608,0.012564664961476893,0.6611370123855518
4,7,BB,OUT,0.1893933204046835,0.02733818996359494,0.003699115461284106,0.007600738380729243,0.04801238546544882,0.1310878945812768,0.0035303785369760715,0.5893379772060066
4,7,BB,OUT,0.15338524506140294,0.0444797983696184,0.0017877307756861693,0.019211521214427717,0.07802547733644694,0.20099783544553568,0.005909634669610479,0.4962027571272717
1,7,DOUBLE,OUT,0.18203744729746124,0.03409352737914355,0.0039926015701021705,0.023997664806762676,0.035848027165910276,0.13062960025411635,0.004472268493817564,0.5849288630326862
5,7,SO,OUT,0.0654385166563589,0.021923253029039337,0.0014051826847293486,0.007070960055828451,0.03777269347318398,0.289585212339049,0.0035329448369568746,0.5732712369248542
5,7,SO,OUT,0.16652109420000413,0.07482104989768089,0.0017663557666778343,0.015385850047856987,0.07469126148510748,0.1395807642085558,0.004275334820513942,0.5229582895736029
0,7,SINGLE,OUT,0.14513197388577903,0.027054444013965572,0.004259550189212764,0.006897313989513618,0.0331723821895897,0.10004003992426404,0.008493180230724227,0.674951115576951
5,7,SO,OUT,0.16132967318448524,0.028217830457705713,0.001616770835542599,0.012189780750012678,0.046186739968363685,0.10085025853937063,0.012866395335376311,0.6367425509291431
7,7,OUT,OUT,0.10155973238686157,0.02835504128106081,0.0016672401657448657,0.009431117639228194,0.047201135846806644,0.23505287408435546,0.005430686031395745,0.5713021725645466
7,7,OUT,OUT,0.15370791070191786,0.027449208573754626,0.0015953824983349339,0.00999649496231572,0.055517921709182655,0.16672530908299357,0.005450068604228391,0.5795577038672722
0,7,SINGLE,OUT,0.18889915847448008,0.03039368054494639,0.0030905529085390126,0.009170898515553591,0.04802931376910038,0.11180040313643105,0.0034174020823968094,0.6051985905685527
7,7,OUT,OUT,0.18364596506807546,0.015515883548195752,0.0021093275714065586,0.007369478302919605,0.0937227392285104,0.12103307362211706,0.007476625855833319,0.5691269068029418
7,7,OUT,OUT,0.11975432875262518,0.02624853313803514,0.0015064309409101224,0.006751942578385629,0.0878991548761932,0.12601591584578914,0.01393035454516323,0.6178933393228985
5,7,SO,OUT,0.13336486801943145,0.04387679347132025,0.001754297247802527,0.008080406171849328,0.05965972469160766,0.18909812917662247,0.004253525141005088,0.5599122560803612
7,7,OUT,OUT,0.15011855296521903,0.030826944525148413,0.0016133722794350797,0.019066169876053887,0.04819127087230064,0.1648092471533136,0.005527421642067355,0.5798470206864619
5,7,SO,OUT,0.18356228321197857,0.03539546047821519,0.0016327172514898505,0.009119033531358628,0.05104374711360397,0.22054428425834366,0.006973800869581757,0.4917286732854283
7,7,OUT,OUT,0.19269758611864696,0.026490859410488357,0.007258594979296063,0.008471614019503802,0.06464044819452681,0.13895745158300019,0.004094934767038275,0.5573885109274995
5,7,SO,OUT,0.15052451830313535,0.028608868463741558,0.0019939028000189214,0.021785613071487516,0.08474467678813558,0.15059374410510906,0.02886335436216897,0.5328853221062031
5,7,SO,OUT,0.19255413058450868,0.023377301841519153,0.0015708437498397332,0.010377499464675146,0.07419969453383268,0.1162716342062491,0.0044374196099100024,0.5772114760094655
7,7,OUT,OUT,0.16465833835428748,0.053778139709451396,0.0017082413032697367,0.015428133624837687,0.072422605458224,0.16362108602396427,0.00433125073231855,0.5240522047936468
7,7,OUT,OUT,0.3563343504099028,0.023679634859396604,0.0014239608996754304,0.008106514992066565,0.03921159214234056,0.13230762978068564,0.004526221397688947,0.4344100955182434
5,7,SO,OUT,0.16432179381583192,0.062178642395488135,0.0016015131716252294,0.017742350717378935,0.09322134169075628,0.16391838070210832,0.009638915812302036,0.48737706169450906
7,7,OUT,OUT,0.15359821770019352,0.050584230059863074,0.0018804918309361155,0.025143754147342125,0.07804981579894522,0.23719231102569024,0.007697879977281368,0.44585329945974833
7,7,OUT,OUT,0.20453056662776956,0.03752430123946577,0.0036509885941580487,0.022560819494339315,0.04079729512817936,0.15100383616687263,0.006684096457846547,0.5332480962913688
0,7,SINGLE,OUT,0.175768634257923,0.036023371625993963,0.001676334783736739,0.009659211706384735,0.04901392110069223,0.19697268602155157,0.005027347558264115,0.5258584929454536
7,7,OUT,OUT,0.0640385276778187,0.02248833168658504,0.001421849541043442,0.006468021366207703,0.039704335505928424,0.3208268554951388,0.003959355435982523,0.5410927232912953
7,7,OUT,OUT,0.1755158850374307,0.05047104365969673,0.0021867124875811087,0.02289061849559267,0.06289049634982707,0.1667822164601844,0.014942263549447348,0.5043207639602401
5,7,SO,OUT,0.1560897596460263,0.02787037775856992,0.0015665078101359958,0.00902425033072182,0.05658770897477409,0.20203747031548458,0.006188276820803642,0.5406356483434837
5,5,SO,SO,0.16387564286290912,0.05654480368169654,0.0014898576051851652,0.04226905689942429,0.06375563780293778,0.3658830847744835,0.0043828684291934315,0.30179904794417023
0,7,SINGLE,OUT,0.12963807823170703,0.026652534330191657,0.004150121225964398,0.007504146295890647,0.07498922839359344,0.13943395001509268,0.0044793309350048644,0.6131526105725551
7,7,OUT,OUT,0.16254315673786102,0.04140291520805569,0.001564751846747338,0.019280401800951658,0.036868291257524,0.12986131593664238,0.010063272409548428,0.5984158948026694
3,7,HR,OUT,0.24512069427887223,0.042558852619312554,0.0036668945346988208,0.012183800668180585,0.037458952544277294,0.11184913849838854,0.00641705966914639,0.5407446071871237
7,7,OUT,OUT,0.10986762480626291,0.0229255251352416,0.002004638929100188,0.012557585555706586,0.04771783354129264,0.3678824881249107,0.004629664109105697,0.43241463979837963
7,7,OUT,OUT,0.09735241090861736,0.01890044472563553,0.0014699416600317083,0.00862199266156507,0.034538902716987376,0.18223560119818455,0.004678536611505265,0.6522021695174731
5,7,SO,OUT,0.18133137536468436,0.048978665724961984,0.0069933928351508,0.018729653199345633,0.09148518295415045,0.13335137656083437,0.004243297240514409,0.5148870561203579
5,7,SO,OUT,0.09673715606897355,0.020795223807080855,0.001436124727568033,0.0075458258195629895,0.03813095784223395,0.38231834010379917,0.005635269233717341,0.4474011023970641
7,7,OUT,OUT,0.1531478472485877,0.024229894134838545,0.001502273483622604,0.009017420447046271,0.03623548778761568,0.23328211925020653,0.005751105743413987,0.5368338519046687
7,7,OUT,OUT,0.13669937276482344,0.017207485562951,0.0020590522648777625,0.00830448275343548,0.045875285519032395,0.15248132253660748,0.004741260929794894,0.6326317376684775
5,7,SO,OUT,0.12095771115061825,0.026440691335292477,0.0017978544344684736,0.04678364857924497,0.04976660801330678,0.3465633617445576,0.01625873246048388,0.39143139228202756
5,7,SO,OUT,0.1550806774828142,0.050369896603943906,0.0019651147406548356,0.025559280919357618,0.04878904899166179,0.12751153629858142,0.00795911581468659,0.5827653291482998
7,7,OUT,OUT,0.18001257767034995,0.024232990085980614,0.0017874890603547526,0.04305974617909959,0.05937680836085742,0.12834863053975565,0.004644595248951793,0.5585371628546503
3,7,HR,OUT,0.14322907042750913,0.043149316708370605,0.0021054795972314253,0.05395130158975879,0.12136963189234798,0.10952302281700302,0.007658647884168685,0.5190135290836103
7,7,OUT,OUT,0.2096613790059607,0.02634387140592311,0.0014239843395875244,0.00758651437361418,0.03396064739566917,0.15834020714790034,0.004920709413295965,0.5577626869180491
7,7,OUT,OUT,0.16087953099920038,0.058700268371143845,0.0015630289818845996,0.013205941161535681,0.050057731565760176,0.24986148498973176,0.004867423578537006,0.46086459035220645
7,7,OUT,OUT,0.1475049481538851,0.02361763749017955,0.002306665438977957,0.015673173248540843,0.0555650589184972,0.17032111922333898,0.004222434491960416,0.58078896303462
7,7,OUT,OUT,0.1829246482534024,0.03511831922012553,0.0018370334767791163,0.010721148586973988,0.11580989472400642,0.11918024909715517,0.007979895695565151,0.5264288109459921
7,7,OUT,OUT,0.1435471391554405,0.03731727382438649,0.0015979297445755268,0.09821852697926237,0.08754584022774074,0.30930344323489345,0.005159267826236042,0.317310579007465
7,7,OUT,OUT,0.20684036986130866,0.034341868874553545,0.005335499696920872,0.023671459107929862,0.08529985914434342,0.13924188451757283,0.005275603875993129,0.4999934549213778
7,7,OUT,OUT,0.13928581973808743,0.030400607007089207,0.006782141759189525,0.007495770682502139,0.08672769927251123,0.11624529447657546,0.004466864422913918,0.6085958026411311
0,7,SINGLE,OUT,0.19451243888177114,0.05268550310505916,0.001726610093219214,0.023025055072690013,0.0428535175211554,0.19133926567051224,0.007645901505478432,0.4862117081501145
7,7,OUT,OUT,0.22905763170848695,0.028442336395156975,0.001987880679405774,0.008410258654170907,0.03659342792643334,0.09539145326051827,0.005661575547141318,0.5944554358286864
7,7,OUT,OUT,0.10917355710947556,0.025688684587199813,0.002947904005698994,0.009160550652778899,0.037941806323359174,0.1976100397449148,0.0037924210386646815,0.6136850365379081
5,7,SO,OUT,0.24198583904900997,0.02505124901024666,0.003248536329542955,0.012037145497157927,0.05424561874915386,0.20010355810673044,0.004222609723137317,0.459105443535021
0,7,SINGLE,OUT,0.1286311874567521,0.020140751878053323,0.0015671786861844326,0.0076822935585774505,0.040526806405829424,0.2432905222571001,0.003573903249832047,0.5545873565076711
7,7,OUT,OUT,0.16667503348007803,0.036312881550963676,0.0015126089058844576,0.01384150703433201,0.046364995029860155,0.22652229833611534,0.004748925328194724,0.5040217503345716
0,7,SINGLE,OUT,0.1784657508382991,0.049496211376195996,0.0018468035964436158,0.010225176830496625,0.08309789459212144,0.122487426438603,0.004914375253747882,0.5494663610740924
7,7,OUT,OUT,0.19510133204883282,0.0383716205289261,0.0026062835956369517,0.011364934999235828,0.14194743740899635,0.21209070625270152,0.004882953645290976,0.3936347315203795
7,7,OUT,OUT,0.16431855512419907,0.06333261175538428,0.0016386932853803564,0.030957656355104404,0.05760332652290751,0.25939605715355213,0.006785464895241245,0.41596763490823097
7,7,OUT,OUT,0.13616440102176797,0.0237054530915374,0.003446260829473807,0.028929501584266576,0.07349647267023919,0.23932397308731798,0.004512304304778368,0.49042163341061873
7,7,OUT,OUT,0.15461998585315315,0.04190709782101409,0.011998115720895024,0.009000381717366723,0.09680160371822479,0.15846736695647462,0.004099110694693374,0.5231063375181783
7,5,OUT,SO,0.10480412876688942,0.05350314794928037,0.0015634724732439959,0.03660194756098412,0.06863580389141011,0.4010187311609331,0.010920658424566642,0.3229521097726921
7,7,OUT,OUT,0.2466576254266881,0.03810640913744853,0.0021676052404799155,0.0105815164946117,0.04884645622978363,0.1623496512697031,0.0058899700310749625,0.4854007661702101
4,7,BB,OUT,0.1799316005958269,0.03289551096771615,0.001576241991063215,0.02148529538060512,0.06935761937495978,0.21389139270822666,0.006162050240474232,0.47470028874112813
7,7,OUT,OUT,0.17389614095860717,0.049007934442397545,0.0018710211202076878,0.020082727308796358,0.08447743219230476,0.20620713272957433,0.00981951766584184,0.45463809358227036
7,7,OUT,OUT,0.1807664046779983,0.04987772322609048,0.0016087301528306993,0.011728622230259587,0.06469477595997847,0.15822067459762842,0.010829797453635699,0.5222732717015783
7,7,OUT,OUT,0.15544822098004388,0.026483568500450052,0.002576907099650379,0.012449183498171366,0.03972688520779466,0.15022828532538762,0.00816310041668969,0.6049238489718124
7,7,OUT,OUT,0.23713984099542418,0.025142356307177944,0.00737186632915601,0.012957941039099414,0.0479889532683877,0.15969033375201946,0.005948768984665493,0.5037599393240698
7,7,OUT,OUT,0.1650438285427116,0.028906718266342436,0.0020076189273547256,0.00991821736774331,0.09203360743342448,0.13477612503567815,0.004381144793993426,0.5629327396327518
7,7,OUT,OUT,0.12448192966296077,0.04164857745752751,0.0018568630854447704,0.07347575720845684,0.12279192586051435,0.2744247415276725,0.0043427616233594965,0.35697744357406375
7,7,OUT,OUT,0.18503636889255234,0.03240610426071871,0.012540162565896264,0.02294856058097645,0.10846919615698544,0.1278458896902018,0.005349103526974722,0.5054046143256944
7,7,OUT,OUT,0.16596996084348148,0.022354862545229115,0.0013873225000877972,0.007424215277964609,0.033508413171371675,0.2263373606112153,0.005893328695703146,0.5371245363549468
7,7,OUT,OUT,0.13323374288056522,0.015347166202201504,0.0022486168230708816,0.007054127415751177,0.04617052344603867,0.16586387300787267,0.004041241764411857,0.626040708460088
7,7,OUT,OUT,0.18908632906552492,0.02317653922484907,0.0013093035354792306,0.0071460489847574304,0.03181213894607912,0.1418620163820764,0.004818299191093217,0.6007893246701406
5,7,SO,OUT,0.0938062522506679,0.025118143566336567,0.0018457315560014484,0.010854403758407925,0.043251472931086485,0.2699214643012179,0.0048938077708186875,0.5503087238654631
0,7,SINGLE,OUT,0.09364337048690353,0.018760171331370097,0.001553809964654844,0.007828588575652645,0.04156867834691489,0.22353376512781287,0.0041418250828325785,0.6089697910838585
6,7,HBP,OUT,0.12280802405665729,0.023506337406428813,0.0024291200835111645,0.05557702786841092,0.050071727031851816,0.36351254953921736,0.012878860401873882,0.3692163536120489
0,7,SINGLE,OUT,0.1640532334760762,0.03572431218067181,0.0018390644602490056,0.017243784466371738,0.04988663946301012,0.13339138855103147,0.01418308222597829,0.5836784951766114
7,7,OUT,OUT,0.14942941632452697,0.029425599606963188,0.0019494225950315747,0.041438386320204,0.05659988992128151,0.1525311450859915,0.005195880323418196,0.5634302598225831
7,7,OUT,OUT,0.14939208315102742,0.04796555742474143,0.0020652834291860667,0.05452738093427434,0.1301132000877682,0.13162134713060503,0.009176480372177087,0.4751386674702206
0,7,SINGLE,OUT,0.16027280136166358,0.04061442706266323,0.002052842992683046,0.05704052442210995,0.06651965546519584,0.2880027234548199,0.005360904430788126,0.38013612081007636
7,7,OUT,OUT,0.18038455998621733,0.02688675933536835,0.004324214834310508,0.008471130157969967,0.06792071855879954,0.15786486833711977,0.004518636199579841,0.5496291125906346
5,7,SO,OUT,0.14005926004061328,0.03102001575532953,0.0017204084949286374,0.009418010455635104,0.050256891456359365,0.35779587069951163,0.00492796926238172,0.40480157383524074
7,7,OUT,OUT,0.1260927251341855,0.023338558709889094,0.0017499416501195986,0.020090014501667232,0.056532988296401805,0.1335511839505644,0.02515203787058447,0.6134925498865879
5,7,SO,OUT,0.15479678970532854,0.02268594537677851,0.0017150427339719173,0.007645091225748483,0.06897044122399555,0.1850784044605216,0.0052502090680069296,0.5538580762056484
7,7,OUT,OUT,0.15351358672732535,0.030241779830879615,0.002962778354468467,0.012780037741335074,0.06287328516665584,0.1494152267830898,0.004919672566723381,0.5832936328295224
7,7,OUT,OUT,0.19736257803791227,0.04001154264604598,0.0015987697737185017,0.008039905896296369,0.041921466933010076,0.11097955903701912,0.009514987607965915,0.5905711900680317
3,7,HR,OUT,0.13029966783145558,0.027451519094311167,0.0014348183750155098,0.018563016806900222,0.11831987802646557,0.16273852898575986,0.006439378936317023,0.534753191943775
5,7,SO,OUT,0.09322149772640416,0.03554859463325254,0.0014865593820540279,0.014728976009900209,0.08445876616667636,0.2001768616716081,0.004495597425754225,0.5658831469843504
0,7,SINGLE,OUT,0.21715016485068192,0.04595992841081988,0.0018233145466285928,0.007959714124449999,0.06403631242237418,0.11722090135817889,0.007396083923662244,0.5384535803632043
7,7,OUT,OUT,0.12745738268225934,0.021382701709754356,0.001518941776953654,0.00816088338913766,0.06574330244797275,0.25862776848032926,0.004013184355919432,0.5130958351576735
7,7,OUT,OUT,0.1401127707153179,0.02590937885301636,0.0015124476958419263,0.009278096254793136,0.10820085080294337,0.25887569058399823,0.004216541895004845,0.45189422319908407
3,7,HR,OUT,0.18542867695381904,0.025653091803865474,0.00160200224042884,0.00945066520828411,0.12076811621586342,0.19839570048826516,0.00474877721907166,0.4539529698704024
5,7,SO,OUT,0.11775014364972464,0.025690171819829827,0.00229644509814369,0.049362206855314075,0.10253091179536851,0.30705940016164196,0.004295461545728598,0.3910152590742486
7,7,OUT,OUT,0.07957377579066356,0.017854737461565465,0.0014148208311240158,0.007452615655861639,0.03436961308619523,0.323085141688552,0.00412218999467182,0.5321271054913663
7,7,OUT,OUT,0.0994876762039677,0.02317564789255495,0.0015202727444074626,0.007880405364699186,0.048724317938872615,0.23206649728609288,0.004756054902992942,0.5823891276664124
7,7,OUT,OUT,0.15689866533522245,0.034773558780604355,0.001868930053277781,0.010389043428089377,0.061123737236237555,0.17780485199777965,0.008758873700484912,0.548382339468304
7,7,OUT,OUT,0.11449527840599014,0.019530492474698458,0.002900731458812649,0.015128607199809904,0.08247969019557608,0.1710198814417183,0.008431131770167898,0.5860141870532266
7,7,OUT,OUT,0.19138160174628532,0.017072739429604484,0.0015060016620321247,0.006453611888208286,0.07258005652599009,0.12498610520550733,0.003324993726551479,0.582694889815821
7,7,OUT,OUT,0.2066053583261505,0.019079810964561968,0.0017464658576373663,0.007060454623204913,0.06959172470735664,0.16203059730196415,0.0036013474047101217,0.5302842408144143
7,7,OUT,OUT,0.1381457762423415,0.038508842933217616,0.0016448630344848992,0.00889351429737627,0.09992599404140523,0.23100486678815352,0.00485048109174811,0.4770256615712728
0,7,SINGLE,OUT,0.12209380100723918,0.025422710850077704,0.002121772447972038,0.008177841638304834,0.08283356888038443,0.11538019722693012,0.003783910692826105,0.6401861972562656
4,7,BB,OUT,0.1672491330112191,0.07944672049372112,0.001743803747318917,0.008186951688477996,0.045886831395132374,0.11222523888349815,0.006075181042705707,0.5791861397379268
7,7,OUT,OUT,0.14621069884306362,0.056192463162262896,0.0018663539862032908,0.02342280565969662,0.13471507638401023,0.16873189874371533,0.005027009042183437,0.4638336941788646
7,7,OUT,OUT,0.10316868221870848,0.036299504163004065,0.0016946593246353816,0.023351880353235693,0.08671229467217446,0.25291223073477936,0.004414794184688342,0.4914459543487743
5,7,SO,OUT,0.10594420347927115,0.01784743400585487,0.001495689908266938,0.007936787310842823,0.04452498699053074,0.3160751134333291,0.0044713237297361345,0.5017044611421682
7,7,OUT,OUT,0.1243852301304094,0.018054145921443398,0.001465448750998155,0.007935569564915364,0.056817964488303604,0.24372628763697138,0.006162453064902489,0.5414529004420563
5,7,SO,OUT,0.13391507983087858,0.03005516800851532,0.0015891508613532798,0.00924009301687747,0.05616425440625491,0.2942018295790009,0.005726302056483277,0.4691081222406361
7,7,OUT,OUT,0.11521322941541288,0.017491770081364204,0.001447138896641906,0.007598284161738623,0.04813186393093337,0.22022660629273866,0.003695390293236488,0.5861957169279338
7,7,OUT,OUT,0.10827091656990279,0.04241694229549323,0.0015436380198533704,0.010530435041505807,0.0787553699925441,0.23610064038161893,0.004261436355702794,0.518120621343379
4,7,BB,OUT,0.15118388456775958,0.04067690702318261,0.0015163645012059212,0.012525663726431359,0.06089089518307048,0.15468895858552062,0.004288883619114522,0.5742284427937149
0,7,SINGLE,OUT,0.08520015744005043,0.02621464381172538,0.002453495581659278,0.026299573685266118,0.090350801722276,0.17802969107927355,0.017809175612278058,0.5736424610674712
7,7,OUT,OUT,0.16966100600875936,0.028476407538230872,0.001762152891026363,0.01059364731788308,0.08695101836843795,0.12250438643411875,0.00449922908297017,0.5755521523585735
5,7,SO,OUT,0.09939764575939491,0.027787834765977435,0.0014818288237562105,0.01177799103981241,0.10574574602413865,0.2005666021943828,0.007897603646030758,0.5453447477465068
0,7,SINGLE,OUT,0.1205872677448892,0.04234852605320827,0.001898802819439982,0.01654006951402326,0.09152502775641158,0.21298458487477473,0.005588161003585266,0.5085275602336677
6,7,HBP,OUT,0.10596861304694885,0.02961030786015066,0.0016450347798737783,0.021954806889520968,0.1472611064256858,0.18844255614305305,0.00621131132651457,0.49890626352825224
7,7,OUT,OUT,0.12222860953052919,0.03226801901926246,0.0019450804322690086,0.02623428491893291,0.11860915860852225,0.25493307982206875,0.005520697723740242,0.43826106994467534
4,7,BB,OUT,0.09639363580736247,0.04276343757842544,0.0018087285118621231,0.026786807380563066,0.08869371747291349,0.23823449509118053,0.007496892470626354,0.49782228568706655
5,7,SO,OUT,0.10486222635882525,0.03173540448949157,0.005851354286157563,0.009233443099728029,0.04278807166657874,0.14705546968025732,0.004333469836927028,0.6541405605820345
5,7,SO,OUT,0.1095588806337233,0.030772296894514325,0.0016714971613410758,0.017397034280199966,0.06456497067880182,0.2420962142059727,0.004623956550715691,0.529315149594731
7,7,OUT,OUT,0.12233296010369535,0.06310134605068475,0.0017617293211502586,0.008529119470803263,0.05616571049037894,0.2422843537262259,0.004183782814990357,0.5016409980220712
5,7,SO,OUT,0.13540746803749795,0.04105168074280522,0.0015527190570166416,0.029289108907036565,0.10054772633145996,0.14009965511710099,0.0061851386874624235,0.5458665031196203
5,7,SO,OUT,0.1258553477253197,0.04133576496470835,0.0016649970217602502,0.056452404128439014,0.11853897438035449,0.17684645754497744,0.010613971021573097,0.46869208321286754
0,7,SINGLE,OUT,0.13746666265246119,0.031764043928577096,0.0015706941647678826,0.019249617819822356,0.13114226124698172,0.18311745804543442,0.007073115313023409,0.48861614682893206
7,7,OUT,OUT,0.1137831547928107,0.02927692123166215,0.0016311374724080514,0.023536487520096842,0.15408199269479567,0.20115067257835917,0.005225754961849222,0.4713138787480181
1,7,DOUBLE,OUT,0.09806327617290092,0.05318783453540713,0.0015883512162111282,0.015547055810577025,0.09144346282702431,0.2544154925028107,0.006580330379880137,0.47917419655518867
7,7,OUT,OUT,0.15683459444984815,0.025547767715218495,0.001757068783659316,0.014038472838189478,0.03924274125105085,0.25788301021877474,0.0050030715366669795,0.49969327320659196
4,7,BB,OUT,0.10089280878230758,0.05070077169237611,0.001569933365448455,0.03535861428865894,0.04776955107557704,0.3458973256231801,0.004195991749717906,0.4136150034227339
0,7,SINGLE,OUT,0.1170185204744623,0.03515970767955211,0.00151540612533735,0.026444277811060738,0.0455976118379719,0.3241651557715746,0.0036949903103097514,0.44640432998973134
7,7,OUT,OUT,0.10867875637717124,0.02667885450510123,0.0019547344276226028,0.00825192319750256,0.037154256750271154,0.24039288435110936,0.004484072933511832,0.57240451745771
7,7,OUT,OUT,0.15091337612276165,0.04424522489844881,0.001985694191755416,0.008286938263135228,0.0404194559013081,0.23397968140557174,0.004894523884377826,0.5152751053326412
5,7,SO,OUT,0.13252771578514325,0.04259599857143167,0.002781919720423362,0.021811924823093905,0.09718155354436118,0.333270872192032,0.004724706875166588,0.36510530848834793
7,7,OUT,OUT,0.13546521745570134,0.04812648616090224,0.0029619277687843904,0.018824909166785368,0.08258294591758213,0.23866636481669457,0.007067391118883602,0.4663047575946665
5,7,SO,OUT,0.20771434672644418,0.025210507193082203,0.0019612144415128963,0.008082444940824678,0.08594036286428021,0.16587676856980413,0.003914693722542315,0.5012996615415095
5,7,SO,OUT,0.14905495865485263,0.029716831705329877,0.0016383526569035013,0.008774938419175211,0.06167842373550251,0.20163828140247825,0.0042360207816179805,0.5432621926441399
7,7,OUT,OUT,0.10483852692112484,0.02764838774961169,0.0017437379307249283,0.009116968420728455,0.0810755263484878,0.2607870248306724,0.004960638113966795,0.5098291896846832
7,7,OUT,OUT,0.1267634317905124,0.030073327674345514,0.0015347022069249234,0.008564716602805219,0.07030704499005894,0.2880410947470251,0.005885840164513399,0.46882984182381443
0,7,SINGLE,OUT,0.1562643688985701,0.027607616765912776,0.001453001967222505,0.01959514060888501,0.0647814124148156,0.27065841538187224,0.003965020910246255,0.4556750230524755
0,7,SINGLE,OUT,0.11223352496048056,0.02106649348095014,0.0029014757586632743,0.020451742588802117,0.09476492046690627,0.17938759879012256,0.008375354741894884,0.5608188892121803
5,7,SO,OUT,0.15557470395361042,0.021608476084861567,0.001586385060151326,0.006866498765749218,0.06749906874256348,0.13234988840737594,0.0037184198669852524,0.6107965591187029
7,7,OUT,OUT,0.1690662612847324,0.01881787531083388,0.0017974323030121335,0.007579359743939453,0.10363350456325146,0.16412741153597885,0.004085287207676934,0.5308928680505749
7,7,OUT,OUT,0.17608780309090682,0.027360214631737212,0.0026790720025946825,0.008211374156417975,0.05403660418360093,0.1295125246239558,0.016510948483948854,0.5856014588268378
5,7,SO,OUT,0.15455966706910132,0.046241170519793776,0.002034183347935561,0.010436890319457512,0.05246675397279246,0.2019183747925091,0.013988909871273464,0.5183540501071368
7,7,OUT,OUT,0.15958667417520975,0.030199958337732882,0.0017214378327742553,0.009563024335057851,0.07973608901026065,0.21953446434496032,0.005518614654533607,0.49413973730947075
5,7,SO,OUT,0.09268994137384692,0.023136072758674405,0.001479773456369307,0.014498276284234262,0.043812473180777516,0.4023671335646303,0.006090382531318474,0.4159259468501488
1,7,DOUBLE,OUT,0.14373607463954724,0.025135333659457682,0.0016177101914963351,0.013910700592201567,0.068630704787559,0.35120463888882486,0.004577257379019652,0.3911875798618937
5,7,SO,OUT,0.18677081834512868,0.03461775159237901,0.001664276229223825,0.013463767726558556,0.07473292801533618,0.2588025290550525,0.004370733253237533,0.4255771957830837
7,7,OUT,OUT,0.17069680197742326,0.030113647989208184,0.0015343896045584829,0.01173790379791525,0.08210495954625538,0.24029398269171398,0.011432508415328817,0.4520858059775966
7,7,OUT,OUT,0.14906100939548061,0.04972238277582554,0.0016028370190530133,0.029825195920454278,0.12598733932750394,0.21864236724060812,0.009948919932751214,0.41520994838832315
7,7,OUT,OUT,0.10596745591071213,0.027187635389986614,0.0024101436794871814,0.06259999344092254,0.07952093395413593,0.3217719579503148,0.004006696709308851,0.396535182965132
5,7,SO,OUT,0.18891507564855592,0.030814632697396847,0.0019903473906226817,0.017189264869548575,0.04182847824097027,0.17218548697110042,0.016439575538915223,0.5306371386428902
0,7,SINGLE,OUT,0.2997833370018971,0.01954710224164959,0.011611216984459702,0.0072531667639077575,0.0846446574454205,0.12407561457805559,0.011606230280521672,0.44147867470408825
0,7,SINGLE,OUT,0.2096765974965815,0.023875140514229815,0.002900446663317122,0.009505056402383014,0.10949240655645247,0.20075777150758245,0.008248166839872569,0.4355444140195811
7,7,OUT,OUT,0.1852222815020977,0.023644131744912353,0.0025792782577446333,0.01068342848563891,0.052381131307006626,0.1516602924039336,0.0050622145325237055,0.5687672417661425
7,7,OUT,OUT,0.2062880024071462,0.02803431131851114,0.001522952956470117,0.010048039823246204,0.13722854195591172,0.11848080972863775,0.005122014845228242,0.49327532696484866
7,7,OUT,OUT,0.1086375529875559,0.013279586533105228,0.0012104695647700188,0.008092198456047943,0.03239762566044343,0.21022195506057637,0.004134582842124409,0.6220260288953767
7,7,OUT,OUT,0.08898497018676654,0.016031585607789785,0.0014663101902564946,0.009602985021335957,0.042057498802670124,0.3032309977001048,0.005678392055627415,0.5329472604354488
4,7,BB,OUT,0.10547470137828421,0.015504820994200166,0.001360897522452024,0.01010748825784464,0.03775176927443608,0.3392421393998562,0.0047256310242027345,0.4858325521487239
5,7,SO,OUT,0.09895099112753322,0.016910989847984725,0.001632766223847379,0.010352582944286322,0.04123788598587498,0.26038342795523833,0.005659954272946105,0.5648714016422889
0,7,SINGLE,OUT,0.13140765896502665,0.02606765330774499,0.0019199433918113684,0.008660499863950477,0.04302898617630225,0.28311797010795037,0.005772831770995554,0.5000244564162183
0,7,SINGLE,OUT,0.10524418064390115,0.021232196962368204,0.002127016195639252,0.027798924090579765,0.05068157573909956,0.15505473034626263,0.004172155888424638,0.6336892201337249
5,7,SO,OUT,0.1321755028992319,0.027085031073497558,0.0016797193131862685,0.007285671030594428,0.05463356003141565,0.17055891240736223,0.003798912332828607,0.6027826909118833
0,7,SINGLE,OUT,0.2403466284499417,0.045327787384331596,0.002022067028931885,0.0068212626873787345,0.06186987649690272,0.13747271275549267,0.013704745625045476,0.492434919571975
4,7,BB,OUT,0.12471955116916973,0.036417491197905674,0.0017162310309715711,0.021662977924778243,0.09181098841584383,0.20077377695145296,0.0052205403723761526,0.5176784429375019
5,7,SO,OUT,0.10172416047753696,0.04259556376178457,0.0017281602362874688,0.02427568916207215,0.08128425954341441,0.22859518695767855,0.004664195793787381,0.5151327840674385
5,7,SO,OUT,0.16807905215526603,0.03371789450101817,0.0020418611867851935,0.008305924082477196,0.03932834581157156,0.10966652097747631,0.009414021495510795,0.6294463797898947
5,7,SO,OUT,0.1215402881725447,0.029591073543724686,0.0019403176214708297,0.009077858271811658,0.06768891073706469,0.25297135289359607,0.005096053593632851,0.5120941451661545
7,7,OUT,OUT,0.1697123646075264,0.031161086514926207,0.003452935833151148,0.012256042471701983,0.05025258788059947,0.13417606414186578,0.010176241498020665,0.5888126770522084
0,7,SINGLE,OUT,0.15695359689663196,0.04175126777111602,0.002901080301691144,0.010196366133261692,0.05502478922754248,0.20307721063674342,0.016824175719647127,0.5132715133133662
7,7,OUT,OUT,0.12781135023778684,0.023836350697637263,0.0016544295178690953,0.007669928108418116,0.14593499416341227,0.23471007382030132,0.003904475561279391,0.4544783978932956
5,7,SO,OUT,0.14323799868984724,0.02408457106011558,0.001703321827199831,0.009216891390619592,0.11665948141008402,0.22503255679123838,0.004538843205577524,0.4755263356253178
7,7,OUT,OUT,0.11552281585770005,0.0334216302506133,0.0028099902768704997,0.04524908328231202,0.06889034864074416,0.3412530459485537,0.0042773248694382,0.388575760873768
7,7,OUT,OUT,0.13720868074739037,0.04222541171690665,0.002416799770957206,0.013074249794479433,0.054067418508844174,0.11944004108179579,0.0067624227121959694,0.6248049756674303
0,7,SINGLE,OUT,0.16053868713434755,0.0394032357755153,0.0028774136034549844,0.0089967398035406,0.040930515181128724,0.10868278454777168,0.008662136548966214,0.6299084874052748
7,7,OUT,OUT,0.10642339799819893,0.036770132575173316,0.0016307127810590238,0.030003977954802946,0.06934318050787097,0.18908733469239714,0.004631601803668021,0.5621096616868296
0,7,SINGLE,OUT,0.18556203978738964,0.036804138107906,0.004459691105382417,0.009200910386062237,0.07533464846320513,0.13052133953630568,0.013863045552908989,0.54425418706084
7,7,OUT,OUT,0.10967332159169864,0.01975494838807608,0.003672009392994964,0.021645309368679384,0.07062380166229727,0.1894135065682856,0.009997349049957022,0.575219753978011
7,7,OUT,OUT,0.19030338333286412,0.017441443454170414,0.0015511318571329678,0.0066622149367927385,0.06057303677241702,0.13164592666511984,0.004225609498442906,0.58759725348306
7,7,OUT,OUT,0.108179063955453,0.04284802146841244,0.0017374100554958386,0.018962509198291448,0.09409019861116313,0.1577178446283282,0.0047123313014447365,0.5717526207814112
5,7,SO,OUT,0.07374118530405023,0.03075392992001696,0.0016851384782346022,0.009738648044377098,0.03726899400296156,0.2654539828332298,0.0045331538126144105,0.5768249676045154
7,7,OUT,OUT,0.13274677723422484,0.035153373776644806,0.002222068587417838,0.009214620629752672,0.08052179968982656,0.1214593800240666,0.006214051751481884,0.6124679283065847
4,7,BB,OUT,0.13984910382756463,0.02420903139347587,0.0015510871767282404,0.00808891338458083,0.11561115469285226,0.22673614348598417,0.006481185172249564,0.4774733808665645
7,7,OUT,OUT,0.23416591249192537,0.018855451865831506,0.001940935925994511,0.007056115847876074,0.06991723522211815,0.15685087261091607,0.004069262414915397,0.5071442136204228
7,7,OUT,OUT,0.12715122817681535,0.01765770134322069,0.0013629587681154443,0.007374306583273294,0.05170428502229587,0.19915810049289376,0.003545827259973722,0.5920455923534119
5,7,SO,OUT,0.11163541838197255,0.016452187510613687,0.0014224070830325302,0.0076254261224539596,0.06657173145190773,0.23005652723491515,0.005168096083011504,0.5610682061320929
0,7,SINGLE,OUT,0.14345898829676162,0.0241035149503884,0.0014340112269928635,0.00795358542092956,0.1131762232267686,0.22673129396075564,0.00479041740274354,0.47835196551465975
5,7,SO,OUT,0.1732797389329991,0.05478853091609811,0.0034991502302214256,0.01014889293374488,0.055657600848938775,0.18698739020819694,0.01550914724764093,0.5001295486821599
7,7,OUT,OUT,0.12722996305233922,0.042427015677021424,0.0018150863908241446,0.009512304860229841,0.06046635055731527,0.24343860274206539,0.006367427633401945,0.5087432490868028
0,7,SINGLE,OUT,0.13322717712730475,0.02987414996087052,0.0020869755197191154,0.009030553523859728,0.054405301078600594,0.28655456902494103,0.004943201559697557,0.4798780722050066
7,7,OUT,OUT,0.0809989549051845,0.015507372995293997,0.0013764977130810365,0.007162454518580706,0.039602145129995665,0.33222905267709524,0.003883423775518281,0.5192400982852506
1,7,DOUBLE,OUT,0.12978603963119306,0.03719152434087153,0.005233946497666648,0.008921709310378025,0.06985580142806366,0.1477124032012762,0.011253452609549214,0.5900451229810016
0,7,SINGLE,OUT,0.1712539550875774,0.02763788413285753,0.0015801323940558309,0.013606527052170667,0.07804612296901156,0.0920464157312923,0.00984239711216117,0.6059865655208736
5,7,SO,OUT,0.1673059083352437,0.0350940812654905,0.0017396839077709575,0.009825699912465766,0.07900400937230308,0.1367152893664397,0.005203394184492075,0.5651119336557943
7,7,OUT,OUT,0.18637252006616353,0.030081517847987845,0.0017924823167776733,0.013100986336391408,0.07519107716950667,0.10264964063709058,0.0072669349612872166,0.5835448406647952
0,7,SINGLE,OUT,0.18022558654877008,0.030984271280189882,0.004053823989347488,0.01835514940538874,0.049221201174563106,0.14647543526977605,0.013404499503383599,0.5572800328285811
5,7,SO,OUT,0.154017141480124,0.03836457927399892,0.0014760716298835555,0.02832369366069333,0.06415817256631637,0.2458042360355378,0.012276053387828582,0.4555800519656176
7,7,OUT,OUT,0.20764915648582496,0.04924687710076849,0.002048249824232302,0.008901361678762765,0.07135249748526631,0.2110046444784458,0.003807606664310774,0.44598960628238865
7,7,OUT,OUT,0.2453764908544748,0.02097563667754698,0.0014575021907594333,0.0071519931824305626,0.04655806480731384,0.18797002880455885,0.0038875782823907935,0.4866227052005248
0,7,SINGLE,OUT,0.25721763549708293,0.019078816587670556,0.0027078763011009976,0.014159611732806112,0.035218682482106155,0.1520853768919269,0.004497508568809308,0.515034491938497
7,7,OUT,OUT,0.12023848790169854,0.03267578691952852,0.0014679863880311362,0.0122196605817263,0.11051987938960317,0.12247084046829651,0.00961493930852625,0.5907924190425895
7,7,OUT,OUT,0.18940255313857146,0.01509822444062048,0.0015022213297146425,0.008008369460906313,0.07014023802813354,0.10566277625165434,0.009600767606141298,0.6005848497442579
7,7,OUT,OUT,0.13355158663203748,0.03343277046672567,0.001538344494175692,0.022156313964802443,0.04511855623228421,0.21265008455532525,0.006134436622300279,0.545417907032349
0,7,SINGLE,OUT,0.19216033876631053,0.026670728043664074,0.0024307943710030625,0.009146641701622351,0.08633581288857133,0.20122928006393379,0.004535201350040094,0.4774912028148548
7,7,OUT,OUT,0.1364364394693526,0.05028077360927307,0.001565895320125385,0.01920445569744313,0.0776884981446871,0.16510592299062865,0.00458677230212307,0.545131242466367
7,7,OUT,OUT,0.16312630497402356,0.018837755922971617,0.0019251148601141662,0.013622144456270914,0.03204989297922465,0.1776294504269338,0.0045975877952068285,0.5882117485852545
5,7,SO,OUT,0.1824278701497912,0.024107903793668926,0.008200257212663748,0.029250655151903653,0.0797510198895298,0.19867478079936665,0.02547994736532238,0.4521075656377536
5,7,SO,OUT,0.22127839380886016,0.02452922845926221,0.006818660769644767,0.012817665865185153,0.0732131854794666,0.1722137960383532,0.02780424322194819,0.46132482635727984
7,7,OUT,OUT,0.14889626152794352,0.025863564239601643,0.0015738285651673246,0.011122873046396907,0.05986649338698522,0.15341174593674176,0.0058627968680713,0.5934024364290923
7,7,OUT,OUT,0.20987165909800445,0.03180369952797262,0.012876884158665704,0.011526144547274039,0.05657608794107672,0.15440168766987641,0.004327581250208445,0.5186162558069216
7,7,OUT,OUT,0.1553830183853192,0.0281491991169209,0.0019133309186941496,0.02412555817606751,0.044728702867033884,0.22470395637277904,0.005544121061855692,0.5154521131013295
7,7,OUT,OUT,0.16720564165860755,0.044724736689894795,0.0015806458479248257,0.029098921619989736,0.07061110248432402,0.11954434047195409,0.003952886565803086,0.563281724661502
7,7,OUT,OUT,0.16774266240935032,0.03749187480138392,0.0015587624181606613,0.05109537287320912,0.12745746944826175,0.1654641262365497,0.006477177647594205,0.4427125541654905
0,7,SINGLE,OUT,0.14888986203321802,0.03881430229548552,0.002375280871159502,0.011242669277259268,0.110638095652077,0.11573299659825868,0.005463998901325495,0.5668427943712164
0,7,SINGLE,OUT,0.15648955409639348,0.02439768237296287,0.0017499014550917459,0.008635031556714403,0.06395370622721507,0.334589289796122,0.007635943379840329,0.40254889111566006
0,7,SINGLE,OUT,0.15725082620097242,0.03272748593238316,0.0014868384961496145,0.016452636147942772,0.11475038241174591,0.18806774243565805,0.004353930165233082,0.48491015820991507
7,7,OUT,OUT,0.14285047671145432,0.02919768890691782,0.008715488494733506,0.008618160802619915,0.07414190440236348,0.1086828876180947,0.020066666724778807,0.6077267263390376
5,7,SO,OUT,0.21171363401621093,0.024289469220017852,0.009120921760522639,0.008103301340699727,0.04692502183246571,0.1533211919602044,0.011149814253121828,0.535376645616757
7,7,OUT,OUT,0.13118655737940654,0.031004173651905748,0.001512576262661808,0.010617782339468567,0.06675371604988556,0.2651505454134296,0.009913984265588253,0.48386066463765404
7,7,OUT,OUT,0.16957705235598455,0.034374007598588,0.00166581224201897,0.030065719918399212,0.0585555063182164,0.22799671648873837,0.004577201921932756,0.47318798315612187
0,7,SINGLE,OUT,0.1641264691454014,0.028498793035248843,0.0039757268591679,0.017551131856844135,0.06132430466614822,0.1849255116778718,0.004439285830189618,0.535158776929128
7,7,OUT,OUT,0.182872050375168,0.029435454602351942,0.00151704088220234,0.010788443568681368,0.06741697315466688,0.18898666118193613,0.004347764909364644,0.5146356113256287
7,7,OUT,OUT,0.14385183228002296,0.031539158864268495,0.0016344859474513272,0.010568742290618145,0.0767123097425634,0.2903836448079096,0.009079815716654376,0.4362300103505117
7,7,OUT,OUT,0.119317422073954,0.026640539199502915,0.002349543174519004,0.012057253725094648,0.1154997542044451,0.20402412431332465,0.004316169796849001,0.5157951935123107
4,7,BB,OUT,0.1634612343097555,0.037042210246771526,0.015317674612608575,0.011861614948885584,0.06294891046970315,0.19702418641663794,0.005333727575233796,0.507010441420404
7,7,OUT,OUT,0.19258653841858844,0.029251463290347942,0.001800831890396327,0.009099883011797764,0.05403488473336288,0.21709249303575834,0.004182554613095797,0.49195135100665244
6,7,HBP,OUT,0.21185631294054938,0.030520591891067636,0.002685345554204449,0.037498733369714,0.09425571648955597,0.17784786176183706,0.0037143917903898873,0.4416210462026816
7,7,OUT,OUT,0.2198585539557061,0.02217643416599267,0.0021223666430693526,0.010327674087576018,0.05971397897996661,0.1745940358729006,0.004698186420626237,0.5065087698741625
6,7,HBP,OUT,0.19319653613508178,0.042112156197246425,0.0019489345993763888,0.01643418036224177,0.0751505901570776,0.12968964755035794,0.006170102385681937,0.5352978526129362
7,7,OUT,OUT,0.1291792003088052,0.03300868045847918,0.0014713124238307227,0.029166061887385696,0.06631455805143634,0.2727249752846925,0.007922403887729523,0.46021280769764095
0,7,SINGLE,OUT,0.30062312440236444,0.02893868735551836,0.001567817650691053,0.015872724280775415,0.09511440410437028,0.12253760200704408,0.00542737652431624,0.4299182636749203
0,7,SINGLE,OUT,0.22906966383282207,0.0379248219607603,0.0018980159919962897,0.008983651249128704,0.055074586216268644,0.18458625910324716,0.0036708398013277433,0.47879216184444917
7,7,OUT,OUT,0.20827029543433856,0.0185745004089784,0.007491308231338817,0.010087788368812797,0.03950274680557316,0.14123446467980394,0.004180885606329958,0.5706580104648243
7,7,OUT,OUT,0.25248601376362184,0.022546680026289158,0.0072850751846967885,0.015864791258381392,0.0805096145004662,0.14644557782340073,0.005043945469129915,0.4698183019740139
7,7,OUT,OUT,0.22350389114215816,0.031117029420431624,0.0025079599463473145,0.011103963284010662,0.06048937202609106,0.18816658326899238,0.004909940771850774,0.47820126014011793
0,7,SINGLE,OUT,0.2693262724441476,0.03585499948550154,0.004008667213207619,0.01421487864411066,0.043061398932178106,0.1647229573531036,0.004567947900198244,0.4642428780275526
0,7,SINGLE,OUT,0.21023382920913083,0.034712862014590014,0.004093751067232753,0.01014464733962126,0.05055300266624964,0.2184079712787391,0.004319674241349204,0.46753426218308725
7,7,OUT,OUT,0.1692469100377779,0.047871819100383795,0.0038667998277031367,0.03236402506440508,0.0860234466125022,0.16697284697462136,0.0043138728210333896,0.4893402795615732
0,7,SINGLE,OUT,0.19939985893963746,0.01447538117196995,0.0012871274078884198,0.008355816066744228,0.06880011445647059,0.10407297374063326,0.00743829567148311,0.5961704325451729
5,7,SO,OUT,0.07664419490364842,0.028317471142583373,0.004750136743852206,0.007309996257155356,0.07225264664726225,0.29450035790105855,0.0036415168659525844,0.5125836795384873
7,7,OUT,OUT,0.09595477001059802,0.034515180252578555,0.003570444733606377,0.008041818433290191,0.05962531388082279,0.24893382996112706,0.020109726124219237,0.5292489166037577
4,7,BB,OUT,0.19466429689645162,0.03294335337515179,0.0045419773911638435,0.008853829985236495,0.04590642453315027,0.16443070195692602,0.008338339521622636,0.5403210763402974
1,7,DOUBLE,OUT,0.21255293901915143,0.02451428450769661,0.0015486796637776512,0.013080490501015092,0.06896368557633187,0.20545045478478915,0.0043171476713575515,0.4695723182758806
5,7,SO,OUT,0.2488998772302538,0.020694740863698033,0.0015912003665103267,0.007108424137530222,0.046992728634341355,0.23034836848143708,0.004066230166519971,0.4402984301197091
5,7,SO,OUT,0.20186602472305756,0.03750903409664165,0.0016614464117524984,0.012853454946901622,0.05687320652222014,0.16233072727640993,0.004278895456715315,0.5226272105663012
4,7,BB,OUT,0.143118718478831,0.03248682986345858,0.0018780116415968195,0.06443348807612978,0.08640920210126207,0.2109865292638263,0.005060157810200153,0.45562706276469517
7,7,OUT,OUT,0.19749087312559116,0.026230781839787394,0.0076431472274466165,0.007167347857617026,0.0346223564315352,0.17422874501630825,0.004207358360636839,0.5484093901410775
0,7,SINGLE,OUT,0.21372859149098214,0.02177756530928445,0.015455977586400202,0.008707784927078304,0.0561576472627123,0.20059571227056183,0.005302493329685402,0.47827422782329526
7,7,OUT,OUT,0.30666723994996525,0.024007241979381005,0.0015653788444245078,0.03598435693040089,0.07064667731577319,0.12131759877694552,0.004336378946884532,0.43547512725622506
7,7,OUT,OUT,0.1625500033622198,0.03495611981369897,0.001718777493897164,0.025095094795548206,0.09882371139378282,0.12941084527837057,0.005521407995190681,0.5419240398672918
3,7,HR,OUT,0.1604287169390303,0.0314833319322976,0.0014760195831643164,0.028001818070138518,0.09696227221821595,0.16519846326715534,0.0046452070695887256,0.5118041709204093
7,7,OUT,OUT,0.14130622003624052,0.038835636049243824,0.0016401880220150284,0.040650131663942685,0.06527405718614585,0.156438706110173,0.004945401742695726,0.5509096591895434
1,7,DOUBLE,OUT,0.13637107292430162,0.04237602449487612,0.001809557089805761,0.06196394634506117,0.06933354922803969,0.2537989475758897,0.005003602693500003,0.4293432996485259
5,7,SO,OUT,0.13080359308914086,0.04564991082870455,0.0016963821460042195,0.049724575230525085,0.08638223393884241,0.20678826630785446,0.004564701742715054,0.47439033671621333
0,7,SINGLE,OUT,0.09544530874049408,0.017145220673663673,0.0017729689186501282,0.00884228892662728,0.07302227124566618,0.24582890537002952,0.005540904619786069,0.5524021315050831
5,7,SO,OUT,0.13764474344155242,0.028771635210085623,0.0025308987098461647,0.0354642484647471,0.06409700174638279,0.25856528658710604,0.027467276385292394,0.44545890945498756
7,7,OUT,OUT,0.15616278341652146,0.03976419157271495,0.0071092437368088,0.012396462399072139,0.06826272402977439,0.18212606434818468,0.00940099777167916,0.5247775327252444
7,7,OUT,OUT,0.09948160877732641,0.02231856186029207,0.001486215275475265,0.010798647606468422,0.050349896396365446,0.14274543756376634,0.0038956663905046775,0.6689239661298014
4,7,BB,OUT,0.17501130310230112,0.029858017898828446,0.0017309292502369772,0.015317505148003955,0.05945353564413896,0.21571490998892068,0.013785945947778643,0.4891278530197913
5,7,SO,OUT,0.1698742033477337,0.03938287316818885,0.010940164876766975,0.020799290386948204,0.07686186464304105,0.14626009832786943,0.004136528052243329,0.5317449771972085
7,7,OUT,OUT,0.13266043724482285,0.02513125929477142,0.002071381351663501,0.016849403168668696,0.07848088342979447,0.19217841764343932,0.016915191562616592,0.5357130263042232
4,7,BB,OUT,0.1410592260591355,0.03360893885930567,0.0018280990404396756,0.018544157109604994,0.08907080039316984,0.20371478280424035,0.039216503272938824,0.4729574924611652
0,7,SINGLE,OUT,0.1451859079928279,0.04147688977423037,0.003699323415811172,0.014362616415181217,0.1156431983769653,0.21207682209490306,0.005829307413146982,0.4617259345169339
7,7,OUT,OUT,0.1254963178647953,0.058264309080016785,0.0023985746486931765,0.01265528098415035,0.10223561395017706,0.24415648936153947,0.0051115240290679955,0.44968189008155984
7,7,OUT,OUT,0.2057083437363955,0.025505615969883502,0.0017955929234229864,0.012603052024239883,0.06236790309766319,0.1843459255754408,0.010262503771773117,0.497411062901181
5,7,SO,OUT,0.1437217167705404,0.033960243567440526,0.001529820796794323,0.02263138274564578,0.08781286715182887,0.1364548040414584,0.005300906958418744,0.5685882579678729
7,7,OUT,OUT,0.14580821722882378,0.03587159907025623,0.0014563284415964992,0.02775192446063197,0.12138695404170359,0.1616129550826691,0.0046321958590301955,0.5014798258152886
3,7,HR,OUT,0.14954789313814232,0.03291254884348228,0.001691904438007725,0.05489065131070673,0.07434012258997333,0.18715361634939418,0.0054234281287724225,0.49403983520152095
7,7,OUT,OUT,0.12692731721212996,0.03995886526534081,0.0015558623959394582,0.06923412773036984,0.1121836840520048,0.18578068948773677,0.005027636982497424,0.4593318168739811
5,7,SO,OUT,0.17653736000683393,0.025692601211484773,0.01286892098901582,0.00999540710746295,0.06328212762510312,0.2009625377770341,0.005226872054417415,0.5054341732286478
7,7,OUT,OUT,0.18949019142763446,0.03828606464105584,0.0028039828997876706,0.012516472278848332,0.07524995690343564,0.11175043060235186,0.004577743732845764,0.5653251575140404
0,7,SINGLE,OUT,0.20316732832383297,0.034731139228563156,0.001611251053229419,0.036336576976924835,0.06821744786738752,0.1578441624797752,0.01036802228858935,0.4877240717816974
7,7,OUT,OUT,0.11074414303526146,0.02069136778797282,0.0015114013748972963,0.0311064966991001,0.05522168881254551,0.16701869565465838,0.006876146729630239,0.6068300599059343
7,7,OUT,OUT,0.15111427791663806,0.04848665136095565,0.0021409264227211905,0.015296384559846237,0.09069797154033064,0.21390656234808125,0.006682056491636985,0.47167516935979015
0,7,SINGLE,OUT,0.14851627343436932,0.033790906953737425,0.0017745924325065323,0.0139743193281151,0.0795508910085852,0.20816616896328016,0.061352320430713495,0.4528745274486929
4,7,BB,OUT,0.3450598249615045,0.02335078532281793,0.0016167915618656573,0.041762075122101096,0.06475633157887249,0.1328414682359809,0.004523609638035578,0.38608911357882186
7,7,OUT,OUT,0.12415516987905172,0.027255440350175276,0.0015584105244890517,0.013555261091743098,0.053524721983195224,0.1400324314588288,0.005326424961286928,0.63459213975123
7,7,OUT,OUT,0.14499486410652118,0.04017633787330606,0.013084204914041789,0.023103357152661364,0.07165901043015337,0.19126257775566002,0.004315645701027829,0.5114040020666284
0,7,SINGLE,OUT,0.13720853903378283,0.07033907834999734,0.001603137950287229,0.048545454993617135,0.06925133263876836,0.17595509715391697,0.01336706672492042,0.4837302931547098
0,7,SINGLE,OUT,0.14062807907644553,0.03307980230974319,0.0016381204642842608,0.02771843522858591,0.07676314130911974,0.13389424589657759,0.004708055188627218,0.5815701205266165
4,7,BB,OUT,0.14350931665364192,0.02852889964164732,0.0015256616140844506,0.02362009879938354,0.11299110822996132,0.1809076077401512,0.0046120921218821345,0.5043052151992482
7,7,OUT,OUT,0.18134371525712276,0.03148325699660432,0.0016237489524668612,0.13255746232326182,0.09532097799225109,0.18919840258028522,0.004458439986660172,0.36401399591134787
4,7,BB,OUT,0.13673834075453403,0.039466857564994434,0.0016161145160984774,0.06321592900537824,0.10427563115005352,0.1810182720057338,0.004335378277183292,0.4693334767260243
7,7,OUT,OUT,0.1602367301418328,0.03371483122252198,0.0015290155833967633,0.02164922892949957,0.049414931805748984,0.20417624254690425,0.009164729887045722,0.5201142898830499
7,7,OUT,OUT,0.19724206803916333,0.03158269945515818,0.0015013274658431503,0.01201814424651989,0.08079085202422172,0.22947308429047444,0.004569804828029644,0.44282201965058965
5,7,SO,OUT,0.12706645548837037,0.03836129390961037,0.0015476286660573838,0.018139991865550074,0.07346175651986744,0.23700704785418528,0.005884836996468082,0.4985309886998911
7,7,OUT,OUT,0.15551677863661234,0.04032025128374975,0.0028186417403840767,0.012459998563474798,0.11581665607501558,0.20217080850882413,0.005074632200517047,0.46582223299142234
5,7,SO,OUT,0.14452752299473381,0.03841566584934108,0.0015208003946916239,0.058714575598808216,0.09073902846235442,0.2024916952928698,0.004414735740364104,0.4591759756668369
5,7,SO,OUT,0.1393381555884922,0.0356470839210463,0.0016355156639618078,0.05428837733206496,0.10221982008937103,0.19675272949215353,0.0045342169805225865,0.46558410093238767
7,7,OUT,OUT,0.18010728225525585,0.03131225568700562,0.0018541135403489911,0.012766036424279913,0.05721321487710025,0.20516868779162734,0.01231597137367833,0.4992624380507036
7,7,OUT,OUT,0.19675295599247272,0.022466319846740034,0.008050285629015351,0.009461000384200604,0.05697550455750448,0.22036093918799513,0.005242645120044794,0.4806903492820269
4,7,BB,OUT,0.14105522003375387,0.027145600602937848,0.0027684880700694216,0.04560297070413945,0.05635380250438755,0.25474260251307995,0.0388612297039602,0.43347008586767183
7,7,OUT,OUT,0.16856288419042764,0.05652772532397467,0.0053977071941096804,0.011243288797058038,0.06549787671947849,0.2326285239716786,0.007390094716308513,0.45275189908696434
7,7,OUT,OUT,0.129419633782663,0.020351769184608688,0.0018407522221713976,0.0373156338977015,0.061242098067508625,0.16027890410718765,0.004027210810380798,0.5855239979277784
5,7,SO,OUT,0.1233450052960282,0.02415829765703012,0.0014805533682813094,0.01284786476265663,0.0511463172474854,0.1464299099688688,0.004482999853980827,0.6361090518456688
7,7,OUT,OUT,0.19444674925376612,0.04474530044428288,0.012039949109911042,0.019423350763313904,0.06378312465332305,0.17485163266094472,0.0044504476932566775,0.4862594454212017
0,7,SINGLE,OUT,0.18303361089376108,0.0685509063479397,0.0016950145595913148,0.04421873706256239,0.08657506955639954,0.15521736244442405,0.010263899320316247,0.45044539981500575
7,7,OUT,OUT,0.08490565303200816,0.015661065675935323,0.0017443026045694519,0.008821350097851278,0.06460716949305625,0.20198693415751096,0.004192099138317925,0.6180814258007507
0,7,SINGLE,OUT,0.13109377900127742,0.02511237627447517,0.0020738254816144927,0.023772147104267106,0.09446889653927236,0.18900048908903377,0.012667750270907042,0.5218107362391528
7,7,OUT,OUT,0.14953476722543857,0.029896560431486304,0.0018693531242131,0.06579405125018328,0.10314614393334169,0.21342345784720806,0.0048944169448993215,0.43144124924322963
7,7,OUT,OUT,0.13953104972442718,0.029318331627390188,0.00631886296695376,0.008095628942616298,0.06052061002955337,0.17717719651695846,0.004949909513691275,0.5740884106784095
5,7,SO,OUT,0.20287336173610587,0.04087643338973983,0.001615873070205059,0.010645014538070433,0.0686105548316266,0.20148853982521028,0.011289461469322068,0.4626007611397197
7,7,OUT,OUT,0.21783567446493524,0.018722213381453506,0.007640572430972339,0.008463971465990774,0.033994406569469775,0.14292327579401762,0.004384844465275992,0.5660350414278847
7,7,OUT,OUT,0.14160416703859874,0.02034110215248937,0.0019219805871625488,0.008134248763290598,0.1154754673821632,0.11881180552049063,0.004934038255993333,0.5887771902998116
7,7,OUT,OUT,0.1824848833103633,0.04192300974229793,0.0015302550705662925,0.017094601797197382,0.14588250739513808,0.12353769604344722,0.004015560832760078,0.48353148580822963
7,7,OUT,OUT,0.19141365912198155,0.0218372741989962,0.0018296238266548445,0.008393009839374722,0.13895775230714968,0.25054953527988966,0.004780615379248381,0.38223853004670494
7,7,OUT,OUT,0.12189390100749305,0.05476554861981182,0.001811586618548832,0.03284773815157089,0.060314707768838904,0.1360793808353813,0.004149385794814424,0.5881377512035407
1,7,DOUBLE,OUT,0.16318785098993452,0.035334977162439836,0.001629465687281473,0.02843436279444702,0.041293066566191985,0.12701860611557095,0.010268110321588739,0.5928335603625454
3,7,HR,OUT,0.16883637479640293,0.03570464388434376,0.001805481149638155,0.015323725455482908,0.06134606328239352,0.1392300678497217,0.014913083991604226,0.5628405595904128
5,7,SO,OUT,0.19935365108085562,0.038983278896258786,0.0016621657852246283,0.007516892487498214,0.12173217305236679,0.14422849290636985,0.0044819601041113655,0.4820413856873147
7,7,OUT,OUT,0.1906567222143874,0.03551381060146875,0.00249380609586703,0.010537463681630208,0.07264455506377729,0.1502921689531475,0.007329906968314993,0.5305315664214068
0,7,SINGLE,OUT,0.2784370469524677,0.025085151099832885,0.003208522062152017,0.01122120920693109,0.061063640890544994,0.27686355273166074,0.005105261636021382,0.33901561542038927
5,7,SO,OUT,0.13579233594829393,0.02603413005564248,0.0019929111573076235,0.008324198591823562,0.04504276057803993,0.2847166212354322,0.004877971206207392,0.49321907122725284
1,7,DOUBLE,OUT,0.17514364534824506,0.051828214414461365,0.0016846696466694224,0.017922318183055674,0.10714775398445847,0.20351460534764412,0.006688093817249136,0.4360706992582166
7,7,OUT,OUT,0.18777346549944357,0.031133398463660582,0.003139679862506362,0.010405056258504885,0.08163956668071636,0.17191036401011053,0.004396951768760587,0.5096015174562971
7,7,OUT,OUT,0.160329528065011,0.029715827219173686,0.0014996198234229585,0.037097552312704896,0.0650856696750215,0.24934321725525654,0.004212694633279102,0.4527158910161303
7,7,OUT,OUT,0.2248682163388084,0.04595327408403502,0.006704515555560234,0.010147194826466666,0.05376756282925198,0.1277378487237767,0.006713314741308365,0.5241080729007926
7,7,OUT,OUT,0.16833050659450727,0.03834312581064526,0.002016394179184124,0.014484613918624838,0.057727597719820514,0.13162931952689175,0.005026495530107577,0.5824419467202188
7,7,OUT,OUT,0.2107085767384188,0.034760995964247345,0.005075356895199471,0.010106314732691694,0.041921167672190375,0.1297216526850393,0.005868302930122024,0.561837632382091
4,7,BB,OUT,0.15730456055640754,0.01949954111049581,0.0015760292373666752,0.01194886499704836,0.17712166127823922,0.15349880511969236,0.004078251147952134,0.47497228655279794
0,7,SINGLE,OUT,0.13536965293282432,0.02013109664551736,0.002132655340829821,0.00843950514060091,0.09738348407653433,0.12094834281369017,0.005160721823415518,0.6104345412265876
7,7,OUT,OUT,0.17680478900186886,0.05901327535831122,0.0015940802541004168,0.019815781178258277,0.16823860798247556,0.12442107444813873,0.004137708828380532,0.4459746829484662
0,7,SINGLE,OUT,0.230596403727329,0.022323328128003743,0.0017401894946167918,0.009532392780689077,0.13311688158757276,0.18664057356887448,0.00598999229476328,0.41006023841815076
5,7,SO,OUT,0.1836277537445723,0.024566244104141564,0.001723790852353653,0.03840772546290287,0.08972513811145798,0.23771084005747492,0.007099112025428915,0.41713939564166785
7,7,OUT,OUT,0.16588944181757445,0.03183653386807846,0.0043512210472718285,0.009887433425780042,0.0705446921832957,0.20939228313665398,0.005179674555905439,0.5029187199654402
7,7,OUT,OUT,0.1703361688072307,0.059531218772191974,0.0016787856709224991,0.007393205818941574,0.11019833244847876,0.15825743834667438,0.00395752387982081,0.48864732625573926
5,7,SO,OUT,0.19926152653912318,0.04003731447328514,0.0024246394009839432,0.01250538814734533,0.07144279371407325,0.16491090633632857,0.00566113134300438,0.5037563000458563
7,7,OUT,OUT,0.16068702211642794,0.0431335806793975,0.0019036271229170062,0.011259066615798147,0.0988170396460209,0.13069866231302069,0.004701218289846469,0.5487997832165714
5,5,SO,SO,0.08434937167700285,0.022846396898984347,0.0028806661456988003,0.009662829424837082,0.04608517226181038,0.4564549865426495,0.004002339071409754,0.37371823797760734
7,7,OUT,OUT,0.2024041961172067,0.024654890092625933,0.002143623286197498,0.016468715102165413,0.053360775803029885,0.12152301988161637,0.005584872656187988,0.5738599070609702
7,7,OUT,OUT,0.1936325657659353,0.028182244227343247,0.00174761767244758,0.012408463410749165,0.09313059972125219,0.11555116609730844,0.005485858510813624,0.5498614845941504
5,7,SO,OUT,0.14402434673551173,0.027655466969223056,0.002441855741634942,0.04851101149704099,0.07785124767030807,0.26519113241659314,0.011594318973623306,0.42273061999606476
1,7,DOUBLE,OUT,0.17405974972488045,0.03646678294588437,0.004182559972230358,0.008670156440533438,0.07627274048510062,0.28306132462724665,0.007047656109122441,0.4102390296950017
7,7,OUT,OUT,0.21205525817512189,0.04657795067912293,0.002365014702647861,0.00998913133830311,0.09785683562131092,0.2315077310812581,0.008978823926986946,0.39066925447524814
5,7,SO,OUT,0.16626346099793407,0.04283980081870404,0.0015435380338005996,0.009246831983913652,0.06366714848369846,0.29499618721148047,0.010867129898805353,0.4105759025716634
7,7,OUT,OUT,0.19289669218059857,0.03315864482824799,0.004021470754117742,0.008335153592906628,0.04608280387571509,0.2057034129578981,0.04901006699348246,0.4607917548170334
7,7,OUT,OUT,0.1524823231506901,0.024379356630312696,0.0024913401449389028,0.007842751523102631,0.06518638646794157,0.11116742744907988,0.007221103312252655,0.6292293113216816
5,7,SO,OUT,0.13528262078386985,0.021022838329118866,0.0024020383605563213,0.021793575657489923,0.11770094612763542,0.24833093891371527,0.024916201380936216,0.428550840446678
7,7,OUT,OUT,0.19196454563730764,0.02776839025591724,0.003051077107412307,0.020217021269903008,0.03979264774994658,0.14030879026828183,0.009348868270832348,0.567548659440399
5,7,SO,OUT,0.15518498578795265,0.02104127745247308,0.0025189714369542766,0.017344736451007016,0.18840957392825294,0.1901352991725948,0.022163637385590008,0.4032015183851751
4,7,BB,OUT,0.16569481325390883,0.026823823275667916,0.0019052873171583639,0.008387063825329144,0.0655649940606563,0.16594482328452775,0.004583371658160339,0.5610958233245913
1,7,DOUBLE,OUT,0.2013709441657744,0.049757886830219915,0.0016976337800362758,0.02130509219991379,0.07917896503627771,0.21713012643714363,0.006131079201182452,0.42342827234945174
0,7,SINGLE,OUT,0.1917440743925602,0.030328353167568545,0.004835063855970245,0.011569387555315988,0.055892847277520315,0.16162498696385136,0.008056384738026697,0.5359489020491867
4,7,BB,OUT,0.17499151133130644,0.028870063623816136,0.002046261769076644,0.008096562675231232,0.06186568269621527,0.27278124028113593,0.004082712290843165,0.44726596533237517
5,7,SO,OUT,0.20038097169353075,0.039659489349332645,0.0016650534615157576,0.00740718746096615,0.1279097109998486,0.13745052244063904,0.003998325776315976,0.481528738817851
7,7,OUT,OUT,0.19122191199363256,0.04257996510198013,0.0026986006811719563,0.011125519118657523,0.07789307634468251,0.1934427943897273,0.005743956024196719,0.4752941763459513
7,7,OUT,OUT,0.18246246425255955,0.03268557782354095,0.002891923547728378,0.009093620026095338,0.04633921241704287,0.22334175351693836,0.00445565928456815,0.4987297891315264
5,7,SO,OUT,0.16295651783811826,0.0362690934778923,0.002330387505239384,0.008338948966247966,0.06333736891064833,0.21419140683181395,0.004685724213881831,0.507890552256158
7,7,OUT,OUT,0.19657830780643326,0.05810754844998862,0.001659634093171833,0.03195602222893622,0.05857792525982059,0.22267414830097765,0.005756796221677777,0.4246896176389941
7,7,OUT,OUT,0.12544659776687858,0.035770565402726516,0.0016456991883982864,0.030194339106600458,0.05751450826235526,0.12046752705903777,0.003930048065853368,0.6250307151481497
7,7,OUT,OUT,0.12621747591899796,0.028708717295551123,0.0016670470880976696,0.024484005581072617,0.04809384825925289,0.11774952248774079,0.009638141640696238,0.6434412417285909
5,7,SO,OUT,0.16221214409212087,0.03601588658276177,0.0018924159352542214,0.01788395600535884,0.06017092160925689,0.12867928664016287,0.013219337581729655,0.579926051553355
5,7,SO,OUT,0.1511345129557388,0.06086900817353035,0.001712555962467973,0.021471178582600364,0.09795483956146846,0.24764035034005405,0.006563278590161032,0.41265427583397896
7,7,OUT,OUT,0.20625905602547898,0.05098322953621188,0.0031788226497141813,0.020779713625078862,0.042236691923312544,0.14869912027553334,0.005284178260131815,0.5225791877045384
7,7,OUT,OUT,0.1337273042387086,0.03551076750688992,0.001629702139074715,0.012434338412094008,0.11787800226548618,0.15782567005807346,0.0053323911999681,0.535661824179705
7,7,OUT,OUT,0.16862275097026813,0.034077897711757746,0.0025552373762786143,0.01215276500595998,0.07699253811150691,0.1830136166423662,0.004162903449670401,0.518422290732192
5,7,SO,OUT,0.12248823610358377,0.020835125446037585,0.001957035343073469,0.02379621944545997,0.09365550090751576,0.23052676703338718,0.0042929111370826716,0.5024482045838596
5,7,SO,OUT,0.12816983669661347,0.028066704275228206,0.0028065088409604294,0.009177603651393619,0.04851382544608885,0.2614444903748695,0.00505656701171209,0.5167644637031338
7,7,OUT,OUT,0.14262308998348602,0.05002889012321134,0.0017861472187886986,0.0315803774567231,0.05316239516890585,0.12273539117591274,0.004091311955351389,0.5939923969176208
0,7,SINGLE,OUT,0.16500916371375035,0.01694349705261221,0.0019858913705625863,0.008776750285001845,0.07967800992208669,0.15790877175674237,0.008073500291692657,0.5616244156075513
7,7,OUT,OUT,0.1627858928121786,0.01614621881203221,0.0017003138491643805,0.008981261288612988,0.11978831961599037,0.11521172137620786,0.004010312713843766,0.5713759595319698
0,7,SINGLE,OUT,0.15676496278701313,0.03481544629513325,0.0015484364598584257,0.02196815413155575,0.09207040736586142,0.11607092051289618,0.004145294894028545,0.5726163775536534
4,7,BB,OUT,0.32460111148939946,0.022383843211756065,0.004749938538133035,0.009672938466679845,0.09256490347758596,0.15161326572975325,0.005869094088612531,0.38854490499807975
5,7,SO,OUT,0.15510228732373468,0.016629789996873017,0.0020233058399119173,0.02988002584118978,0.06649680820363997,0.16432877354938202,0.02785976772190203,0.5376792415233665
7,7,OUT,OUT,0.18449991552129594,0.017155643159145015,0.0015985000093444582,0.010757117441539956,0.06295956455933567,0.2308340042447157,0.04086992893313073,0.4513253261314925
7,7,OUT,OUT,0.14755022356430006,0.01459682286146195,0.012495097720539557,0.06322306487316487,0.06567522294347676,0.17347212593148914,0.010725041018653134,0.5122624010869146
7,7,OUT,OUT,0.10574269607077068,0.02294568077898676,0.0015068812789999842,0.009538647874520356,0.10335389469955071,0.16132279953303535,0.0047889135284560425,0.59080048623568
7,7,OUT,OUT,0.1468523322208184,0.027460850089179006,0.0029728429356500495,0.008243653629722425,0.07474440092267139,0.17870152392263028,0.0054317151411481905,0.5555926811381803
7,7,OUT,OUT,0.16750212090239594,0.036821682015804824,0.0026545805007664857,0.009793362111035875,0.09815743286860985,0.13077143858729043,0.004874893742524583,0.5494244892715721
1,7,DOUBLE,OUT,0.1623876663137213,0.030900433409273894,0.0021556409539709638,0.009773940438652621,0.06909389570831292,0.18175717753157694,0.004969144147888957,0.5389621014966024
4,7,BB,OUT,0.16800396291378125,0.020371486051783252,0.0017075482626518828,0.015193870307898451,0.08498998253570461,0.18632520553103088,0.003943801123983353,0.5194641432731663
7,7,OUT,OUT,0.22420108357447543,0.031915480982990574,0.0044901013626113696,0.007697096323897399,0.0403826128025203,0.13818181527975032,0.009998943792983356,0.5431328658807713
3,7,HR,OUT,0.17701854904423936,0.02792565353363277,0.0016497033029799569,0.010318302822208539,0.07559110248822289,0.24446411491734354,0.009767475448812414,0.45326509844256047
5,7,SO,OUT,0.13545222379486035,0.028998042560190063,0.0014861632863801585,0.02384064949156573,0.057560852487173984,0.2463242698808451,0.01369447058869493,0.49264332791028953
7,7,OUT,OUT,0.16482191717536693,0.02467826954842949,0.0034417018967771986,0.012841543738280156,0.07040032433786686,0.2283837006573426,0.0050269836316192045,0.49040555901431765
0,7,SINGLE,OUT,0.17727449423260577,0.023780500229101106,0.0022757877539679224,0.01035585883863913,0.07770534716303319,0.25063745711286284,0.004325217214326747,0.4536453374554633
7,7,OUT,OUT,0.1983036468862842,0.018376893809741043,0.0031376346586322714,0.009192725282481962,0.06244154164093467,0.2012914446015879,0.007001307014205342,0.5002548061061326
0,7,SINGLE,OUT,0.22103493663767276,0.016974593204573035,0.0020288243492148778,0.00811121585275611,0.10630254908113722,0.17271632090251687,0.004482622913200455,0.4683489370589286
7,7,OUT,OUT,0.18494276073557991,0.04496211360640198,0.00234612362873785,0.011000371723469161,0.07377538344425158,0.14468880059932215,0.006524697315887952,0.5317597489463494
4,0,BB,SINGLE,0.3549928667050631,0.025303548730831345,0.005660113170113865,0.0076141424766579405,0.07858428422370446,0.2055438947213106,0.003754633435095462,0.3185465165372233
7,7,OUT,OUT,0.11647754074480092,0.02428961893267457,0.003088737158122767,0.00798278500821845,0.06059536622097646,0.27895834360913385,0.011530243745243487,0.49707736458082963
5,7,SO,OUT,0.23105362505851873,0.037705947381690856,0.0025641696307689564,0.010105418498801073,0.06152528170668564,0.18232089036782798,0.004919793803090571,0.46980487355261624
0,7,SINGLE,OUT,0.24847205118219595,0.024001714206458448,0.0015539483491539131,0.007643226801801416,0.044622380092383805,0.2033440442001372,0.004948686676892469,0.4654139484909769
7,7,OUT,OUT,0.17575936675159642,0.030452742250073585,0.0020857389529499878,0.013002887588739673,0.07183970996808603,0.20709328613066802,0.004306961116698059,0.4954593072411882
7,7,OUT,OUT,0.15193688316501483,0.0465896884371675,0.0017431181741876843,0.014996689244654127,0.09627727291705741,0.19692953997890214,0.006097626756054451,0.4854291813269618
4,7,BB,OUT,0.19618629225834938,0.0240747955311449,0.01695376561301965,0.013701700282896107,0.06225891954841628,0.14252044621976956,0.004380497767512693,0.5399235827788914
7,7,OUT,OUT,0.1745153667987313,0.027873469830461715,0.003572461406862481,0.02050548803683581,0.08646945355647517,0.09567875741535663,0.0038629169931012042,0.5875220859621756
0,7,SINGLE,OUT,0.1393926197517325,0.041649306199679076,0.0017715238226933083,0.027283053997849513,0.04372033774854876,0.1299260813709137,0.01120375010483156,0.6050533270037516
0,7,SINGLE,OUT,0.20267227635119775,0.033850424802775045,0.001846616904387475,0.015432217234735854,0.056811471701438944,0.13350735771098513,0.013598432048891473,0.5422812032455884
3,7,HR,OUT,0.1610721945836283,0.049201423050007013,0.0018445123935107199,0.013540928973086631,0.06543547585969921,0.11672262428978394,0.006272381374770046,0.5859104594755142
7,7,OUT,OUT,0.20499922574062446,0.033017350137923326,0.0064722987637632935,0.01038088403527989,0.04979755351338025,0.12986115599729922,0.011337449972194756,0.5541340818395348
5,7,SO,OUT,0.19019518188034867,0.03122120092347032,0.0023349674614544296,0.008640636368000899,0.037068163735439856,0.11689121782934768,0.004661302396646033,0.6089873294052921
4,7,BB,OUT,0.15391971851306122,0.017865168727446375,0.0014938555089431783,0.011765594675615571,0.19372913136594486,0.13307206760186857,0.004833859084909174,0.483320604522211
7,7,OUT,OUT,0.15165729757991153,0.021732708454276252,0.0017628980470812473,0.00811318786410143,0.10245075228354848,0.11670582765259228,0.005213518483370329,0.5923638096351184
4,7,BB,OUT,0.15952924795675155,0.07593541768047683,0.0016133370251851138,0.02733511788853787,0.18507850940752585,0.118734190105807,0.004789489329339489,0.4269846906063763
5,7,SO,OUT,0.19721316869387098,0.022790935558887483,0.0017686918672393324,0.009306454429549043,0.10609621327203066,0.24186587280270017,0.005640379164561843,0.4153182842111604
0,7,SINGLE,OUT,0.17249012143506323,0.025651339825727024,0.0019039662957654906,0.03027913642630365,0.07693477323813717,0.244826757228192,0.005278557682933221,0.44263534786787806
7,7,OUT,OUT,0.2075274922430906,0.02658036681939927,0.0021244174525512946,0.01804463202132867,0.05060665783872357,0.11961333271223967,0.005073693062764523,0.5704294078499024
7,7,OUT,OUT,0.1625205893167067,0.02452736631456542,0.0019732932399729878,0.011976684541130593,0.11763118835746461,0.14293722515243132,0.004348148657280372,0.5340855044204479
0,7,SINGLE,OUT,0.2039261859538015,0.041980273978099975,0.002151178731334709,0.010778549495563129,0.0916282390266012,0.18711375788461573,0.004060359819296312,0.4583614551106874
5,7,SO,OUT,0.24164391355857753,0.034799573405388105,0.0026352293357452304,0.011394140116804095,0.07142176248804814,0.17333352425456236,0.0062325782497757425,0.4585392785910988
7,7,OUT,OUT,0.11955003634060207,0.02129013113387861,0.002279087436576052,0.018367552136697916,0.07750459886755316,0.2277318815966274,0.004409100937437579,0.5288676115506272
7,7,OUT,OUT,0.13491386954984882,0.02313721426735944,0.0021603442750112007,0.050397141092000615,0.03852897712195304,0.1780834584225662,0.005628527247442905,0.5671504680238177
5,7,SO,OUT,0.1799471886677928,0.038819578143439296,0.0036527717279682126,0.02338531655357803,0.038410009725667375,0.12995676111936716,0.004690627483281869,0.5811377465789052
7,7,OUT,OUT,0.09832249314582037,0.017659124706413266,0.001834297589669948,0.020694839935391895,0.08531969083791197,0.21852186548533895,0.004245738513614975,0.5534019497858387
7,7,OUT,OUT,0.13936264637390156,0.01870938819631517,0.00980433414887108,0.008641163055006323,0.0820290607445441,0.18584234365899654,0.005608448438051253,0.550002615384314
7,7,OUT,OUT,0.19246892119836428,0.02738991561380743,0.002529107246109133,0.014361542244180453,0.0786878185557633,0.1455333414556007,0.006801372460835818,0.532227981225339
7,7,OUT,OUT,0.1532845840795896,0.04029263577787729,0.0016216649526092086,0.009831945725917094,0.08780733338436202,0.2315560278391916,0.004492282711418022,0.47111352552903496
7,7,OUT,OUT,0.14952208694394248,0.048204708510882405,0.001701892004929343,0.010316162428316096,0.1339905579898312,0.22092246509038496,0.0047006145650585664,0.4306415124666548
4,7,BB,OUT,0.1646033983814079,0.04363087939367042,0.0016026150864924579,0.016599481133432917,0.12326474661418206,0.2769027263466668,0.0075857983158647046,0.3658103547282827
7,7,OUT,OUT,0.23841472588043572,0.05204735875009524,0.002265781998317762,0.009889977444529244,0.10580580776165763,0.2011727261689146,0.004951914337852223,0.3854517076581976
7,7,OUT,OUT,0.1850988798360983,0.04424019230873639,0.0017352671135339585,0.009208212242699616,0.10850993415701055,0.14410232515911836,0.004078390508092374,0.5030267986747105
7,7,OUT,OUT,0.16082359173956776,0.06735419954822458,0.0028769437375139747,0.011018513945449013,0.05826825733124904,0.26949695785461286,0.005518597237726306,0.4246429386056564
7,7,OUT,OUT,0.25996797563064106,0.0588100830316583,0.0022684728856008974,0.008331755088517426,0.0947988196535311,0.10670641865295984,0.004694944445894925,0.4644215306111963
7,7,OUT,OUT,0.09015129695941718,0.018948507008519966,0.0012814868211457984,0.011840300227524579,0.040276410417479355,0.2999107694839693,0.0033018963379674343,0.5342893327439764
7,7,OUT,OUT,0.16009402212493795,0.03150157140869649,0.0015797199879564823,0.014439982720088833,0.06563799278801863,0.21432028873065626,0.004073261200017597,0.5083531610396277
7,7,OUT,OUT,0.17285329270671354,0.027182935172841132,0.004101507237923058,0.01757939620782977,0.06148341047944238,0.16794907625665464,0.004831545509956785,0.5440188364286388
7,7,OUT,OUT,0.2035978624713749,0.02067786801531675,0.008219933830377054,0.008156083801507468,0.08591146503344879,0.1290615903808954,0.01825830859315796,0.5261168878739217
0,7,SINGLE,OUT,0.18691519431546905,0.04634248685966641,0.0015606563931682663,0.01087931992773469,0.048937381770408905,0.12604504020581722,0.012865865637077879,0.5664540548906575
5,7,SO,OUT,0.11135150460838697,0.04082995592921021,0.003571872373437853,0.011636110250230702,0.05855766150114871,0.2391295559052367,0.007046720235952967,0.527876619196396
7,7,OUT,OUT,0.15484952636605911,0.030495317847180542,0.0022028085084088863,0.011658604387406252,0.06870922252622567,0.18055214794399696,0.005572713472155893,0.5459596589485667
7,7,OUT,OUT,0.16768520487506558,0.027741154537081748,0.0016155849560595503,0.014202228426256335,0.0668430219815138,0.2596098764394351,0.004620642844812922,0.4576822859397749
7,7,OUT,OUT,0.15214011045855672,0.01825743739991483,0.0015449622099716026,0.01387819040693991,0.08087663770253772,0.1946969000057789,0.004683123200933482,0.5339226386153668
0,7,SINGLE,OUT,0.11116632168231222,0.0354738775030077,0.0022984586992628084,0.09983306269476654,0.10070557379427264,0.2303001645434931,0.0043436390253479154,0.41587890205753697
7,7,OUT,OUT,0.13996704817934705,0.025813897276380032,0.0034416589215063233,0.04635263112333066,0.09483083979090709,0.14584511857992044,0.016063483747790413,0.5276853223808181
0,7,SINGLE,OUT,0.11681630433926936,0.032588184868468845,0.0016089058933418472,0.015904860088953074,0.07846059309959075,0.19205701706396475,0.004379432449506613,0.5581847021969047
1,7,DOUBLE,OUT,0.21982374658747236,0.03460794299343941,0.0017204146359861216,0.010258731412913804,0.07441130482622174,0.11035384493424412,0.003608879410760972,0.5452151351989615
7,7,OUT,OUT,0.1657717044394052,0.029876175673016543,0.0018618639305675027,0.034887231931205874,0.07759119876255292,0.133667731940709,0.0046692881749898245,0.5516748051475531
7,7,OUT,OUT,0.16727911480700777,0.05763521370021276,0.0017458093044684488,0.009868675083006609,0.07655016433974603,0.14465122676461328,0.004252981869190019,0.5380168141317551
7,7,OUT,OUT,0.13759085415939187,0.03537283086716007,0.001793297062280758,0.00725518415405005,0.03431280613436203,0.11144492387861714,0.0044988205255009385,0.6677312832186372
7,7,OUT,OUT,0.10796799878552198,0.023316636838389564,0.0017086766625194004,0.009872937266019512,0.048808256477645875,0.3437850579226729,0.004291554763057822,0.4602488812841728
0,7,SINGLE,OUT,0.13558711886721042,0.0291356172770067,0.0013853792273285659,0.010914540740011984,0.04726715435679522,0.21890658902654803,0.004646608341332786,0.5521569921637665
7,7,OUT,OUT,0.21327058188574513,0.0292865693001831,0.010312785469260937,0.011844066053809266,0.05720893760601204,0.15586922982440152,0.0041484781908868685,0.5180593516697011
0,7,SINGLE,OUT,0.13328667087968984,0.022999050020512293,0.0014162172486953094,0.016063018835404463,0.057076576766766245,0.22805935126054117,0.004177357052237931,0.5369217579361527
7,0,OUT,SINGLE,0.37277231469843247,0.020386997633644145,0.0029211385364419076,0.007975039935130627,0.0725106019420447,0.19924237130358688,0.004398289752209271,0.3197932461985102
4,7,BB,OUT,0.18089770036602904,0.03678942534092051,0.0018029328335850898,0.008715655925278527,0.048173608752163956,0.10206012619946278,0.004884245629663342,0.6166763049528967
7,7,OUT,OUT,0.12035081859126576,0.025436772180389807,0.003388867955149572,0.011427486159388994,0.07057335303498588,0.27325631696883335,0.004737856872303001,0.4908285282376838
7,7,OUT,OUT,0.14273052549238863,0.02636272771531768,0.0015043056672722232,0.011293727788263274,0.04733969385622384,0.11241477195217071,0.006875508881129678,0.6514787386472339
7,7,OUT,OUT,0.13349191432571156,0.045691080911812156,0.002720724465536936,0.009726525998906011,0.08068119263169511,0.2100916054263546,0.005367882761678429,0.5122290734783053
7,7,OUT,OUT,0.1854773357869711,0.042198852787766854,0.007243141449400436,0.017359667999682922,0.04060786414925992,0.176564192311425,0.05750062378139043,0.4730483217341033
7,7,OUT,OUT,0.13790651699184792,0.06299546473337715,0.001793069589119676,0.036251770031067235,0.04038704819315622,0.20256361818177426,0.006187420607709967,0.5119150916719476
7,7,OUT,OUT,0.17532891766834124,0.03259086968731771,0.003980848963829427,0.009644388856945053,0.057573956343265266,0.11245264568256962,0.005491617990432199,0.6029367548072995
5,7,SO,OUT,0.16200452968819265,0.03592383335793567,0.003221172414411168,0.017223391845871964,0.04426877254207858,0.1912669293720101,0.007422007668873618,0.5386693631106263
3,7,HR,OUT,0.1277434033520907,0.05613452006786143,0.0015515112805369684,0.010577746337297505,0.09514841623067033,0.3082989229399134,0.004769481448419002,0.39577599834321064
7,7,OUT,OUT,0.17290888266213902,0.06964243080603039,0.0016822255200059527,0.0102422308925232,0.04079938430944767,0.12078369717768835,0.016366924555768478,0.5675742240763969
0,7,SINGLE,OUT,0.17931417166920652,0.05748740404637643,0.0017282963938535228,0.022716013341671837,0.059340149081214086,0.1385184593222944,0.012262972711782531,0.5286325334336007
1,7,DOUBLE,OUT,0.13058017309938802,0.07666964668442351,0.0015958110436211227,0.04850734840937066,0.11360441029696033,0.2127012538949637,0.007287555821448766,0.4090538007498237
7,7,OUT,OUT,0.11193143418832745,0.05227485511306021,0.0015515696788821717,0.048133591818000164,0.05017098819931517,0.24794174872078834,0.005527789768896425,0.48246802251273024
5,7,SO,OUT,0.0834435189264568,0.02553032822391873,0.001385339242785616,0.00808760551653849,0.03452947890520312,0.35993230539093574,0.004247690821085195,0.4828437329730765
7,7,OUT,OUT,0.1012015045963824,0.02115028648543072,0.0015207977355105383,0.008607495145928111,0.0387384848072945,0.33800597034937246,0.004030931175359072,0.48674452970472215
7,7,OUT,OUT,0.16721624634475682,0.05737537032426546,0.007940475973810325,0.01779563521342239,0.04395817365544708,0.17494978112479415,0.03119325547467999,0.4995710618888237
5,7,SO,OUT,0.073372686547367,0.03978796125525903,0.0012602786245799252,0.007289950984783033,0.03566098989554872,0.3473509728825184,0.005599734385630955,0.48967742542431286
0,7,SINGLE,OUT,0.14431055234395598,0.02867174268350231,0.0020897647197369853,0.014357907020520389,0.05692793461406743,0.21258986511711145,0.011026489267196833,0.5300257442339086
7,7,OUT,OUT,0.15908808998997648,0.044991992193072636,0.0018293578995878968,0.021089499759551673,0.0727016864233166,0.2078682305545666,0.006649975399364829,0.48578116778056324
6,7,HBP,OUT,0.1292277785426953,0.04064925791700449,0.0015234852967986419,0.009523648808281611,0.0965513626629592,0.3087947676333137,0.006509978254077256,0.4072197208848698
0,7,SINGLE,OUT,0.18341905655557655,0.09422122890634146,0.0015457955882448957,0.019647851412040312,0.04747584678901139,0.11594688556561324,0.020803602246462913,0.5169397329367093
7,7,OUT,OUT,0.1157990084320755,0.08303316782158768,0.0014748947712827066,0.04054781463343712,0.08074686424687809,0.22516428926950377,0.014443166440623642,0.4387907943846114
7,7,OUT,OUT,0.26271594876318904,0.0329118590561908,0.0022424206788412317,0.009986879236623739,0.048032142542750234,0.12604622663319673,0.013386533788213266,0.5046779893009951
0,7,SINGLE,OUT,0.1953392255680988,0.06983782191992491,0.0018545585568458217,0.0144482686516867,0.052307292181689884,0.18844946531023046,0.022505907517113437,0.45525746029440994
7,7,OUT,OUT,0.14183369314896144,0.021327258034255916,0.0018005811614832867,0.009689597096049142,0.06293224015491883,0.2508455499337463,0.0050878043815318135,0.5064832760890532
4,7,BB,OUT,0.13119977465537977,0.051403444373748164,0.001569130456942711,0.01796760054224525,0.09576478947695805,0.19157436514797893,0.004754563456117546,0.5057663318906296
7,7,OUT,OUT,0.16505587308315556,0.029409677721850023,0.0022672837196835876,0.014713042668880332,0.04440168425217162,0.2682067535700889,0.004338044660720126,0.47160764032344993
7,7,OUT,OUT,0.2237949835937738,0.017448489562679904,0.0020840885936479086,0.010616635598589325,0.04626227263880822,0.16906551955361404,0.004046655502684849,0.526681354956202
5,7,SO,OUT,0.09485532840982805,0.04763702835424016,0.0015441979667930141,0.04831096773272796,0.04923422941259511,0.2740290307502107,0.005738512217034148,0.47865070515657093
5,7,SO,OUT,0.15767632348916993,0.03637859572463858,0.001879488260671205,0.01201459583671677,0.060561689642642205,0.1492437095466046,0.015098948166039449,0.5671466493335173
7,7,OUT,OUT,0.1816952776482695,0.07976085580707312,0.002606032777500072,0.011192359986745837,0.05312101126950204,0.2021724990632399,0.024274064764474173,0.4451778986831953
0,7,SINGLE,OUT,0.17615319659249545,0.08012334205561131,0.0020865596565631684,0.009543142087739669,0.04036164059864898,0.1157934450631421,0.017287533158669943,0.5586511407871294
5,7,SO,OUT,0.12131822876263652,0.040441627762138554,0.002905414106170445,0.0740810300860795,0.08464164714810084,0.27919871439996957,0.005791025065725054,0.39162231266917946
0,7,SINGLE,OUT,0.13645367239933812,0.029133887432056204,0.005266159956676383,0.047081528327332166,0.1089415813426743,0.14024967398181845,0.006087147913100477,0.5267863486470039
7,7,OUT,OUT,0.2021743416901821,0.02563734528050063,0.001800164142762841,0.009707119506312261,0.09954690225878285,0.12329716200365341,0.005194412868121745,0.5326425522496843
7,7,OUT,OUT,0.12880397659406245,0.0332885392979901,0.003553359503714851,0.047961513195316774,0.08462441833365998,0.13519237352481644,0.0061347262295641265,0.5604410933208752
5,7,SO,OUT,0.1903034951418604,0.02425599156463619,0.0017394688576372814,0.009127273970743706,0.08545648836315688,0.1148326381845715,0.005044998585412494,0.5692396453319815
0,7,SINGLE,OUT,0.202375920968711,0.030790170646618722,0.0019795196430932105,0.00891426019901564,0.06324598993206525,0.12033563346133912,0.004788261977580669,0.5675702431715764
0,7,SINGLE,OUT,0.3206128131020593,0.020352066269194034,0.0013394731530939616,0.007217417470343221,0.03810466615336155,0.17843773183070263,0.0035417207588273377,0.430394111262418
7,7,OUT,OUT,0.19070439328685235,0.02270742114728877,0.007679819701875191,0.0076666384443600105,0.042893965313810754,0.12349987567074598,0.005979215784670089,0.598868670650397
0,7,SINGLE,OUT,0.2373670641839828,0.02763864790307381,0.0012696240478352625,0.007209099603645302,0.03224367174155668,0.09428990608956371,0.004353945652611903,0.5956280407777306
3,7,HR,OUT,0.1289043676256814,0.035325382865401,0.0014261078047941246,0.015515159490851173,0.074757811883192,0.1784671575808815,0.003797230128587089,0.5618067826206118
7,7,OUT,OUT,0.11525189588398314,0.036632270500082616,0.0012537580714026078,0.009745740743569199,0.03842249177652235,0.10240672816623662,0.004550264060459354,0.691736850797744
7,7,OUT,OUT,0.15179537334713702,0.031610225892709246,0.0024397653673842675,0.008824381419291151,0.030188171289523454,0.1043725910342498,0.004654596236078847,0.6661148954136261
0,7,SINGLE,OUT,0.15086573625465446,0.02117323867271639,0.0014183672389075296,0.011109722655944686,0.036504565061024556,0.10711830024788127,0.006193728600119213,0.6656163412687519
5,7,SO,OUT,0.15768869325884782,0.05185221105165624,0.0015955492155778474,0.00925877757704845,0.0756822143061044,0.21864366867477222,0.0054000532746434,0.4798788326413496
5,7,SO,OUT,0.08162498469759273,0.02282470438379512,0.0014665220150738303,0.009482296420551489,0.04723397787848948,0.24769151572052786,0.004359046892831387,0.5853169519911382
0,7,SINGLE,OUT,0.19023217753535965,0.02586011854956277,0.01224747047653341,0.010710558849500404,0.050904047696490505,0.1812946170427868,0.004444473186757168,0.5243065366630093
7,7,OUT,OUT,0.1583951435953419,0.030342945945738106,0.0015210604661714206,0.011744859891836195,0.06811291606500099,0.17628926802084718,0.005094249022403645,0.5484995569926605
7,7,OUT,OUT,0.16199516211091508,0.02216884121103476,0.0015291604574501404,0.011109276878659603,0.06019661496487072,0.11355219521433062,0.003947165607474226,0.6255015835552649
4,7,BB,OUT,0.11811389312551444,0.02113054540187827,0.00145744712435743,0.024515401535035654,0.06307528147220216,0.115148992403239,0.0049499356069507465,0.6516085033308223
7,7,OUT,OUT,0.1237471037526142,0.03611581851657316,0.0013421228290434412,0.009837743886843962,0.03753124437954701,0.11115114243688394,0.0034613723909337367,0.6768134518075606
0,7,SINGLE,OUT,0.12839651754744041,0.02878809269581923,0.003006963513108588,0.009348539087244662,0.03232043794079251,0.1080043792559425,0.00439184216439336,0.6857432277952588
5,7,SO,OUT,0.12651803729559236,0.021830383897516403,0.001499526929430871,0.011432161502695075,0.038935343505419016,0.11730189928992069,0.005868258976447981,0.6766143886029776
5,7,SO,OUT,0.11009797426603113,0.0780103609813212,0.002472616291443912,0.048536537117041506,0.07894920557405198,0.2733240205027745,0.005324764846194917,0.4032845204211409
1,7,DOUBLE,OUT,0.11624574442257385,0.025943520714219737,0.0030593117018107804,0.05762003538983178,0.10294509082243723,0.13333135731045637,0.0059326586919841275,0.5549222809466863
5,7,SO,OUT,0.2036134185708989,0.02655174044882332,0.001651892472966907,0.009020472696774142,0.1167525301610344,0.12268539877495532,0.006296338678045855,0.5134282081965011
5,7,SO,OUT,0.199157220179195,0.05212476597015382,0.0017924829581396802,0.009367645815461094,0.06339434429472145,0.1323960994482758,0.004187971435404838,0.5375794698986482
5,7,SO,OUT,0.1313546482120548,0.0342351145492193,0.001715528751998469,0.013553499472498695,0.05298433160704777,0.3440623680543655,0.0046552117684224015,0.4174392975843932
5,7,SO,OUT,0.15454345915864942,0.03379057810527061,0.0014150678248812953,0.015827787391641323,0.06704465426091478,0.24018667519795256,0.0048472389705780765,0.482344539090112
7,7,OUT,OUT,0.1735117221346153,0.06849936589174381,0.0018175593000295538,0.05116508372643394,0.049859305214501805,0.1776765033592592,0.006375037005053761,0.4710954233683627
7,7,OUT,OUT,0.13060605156256538,0.020023944545421314,0.0015348703672025926,0.028251000060990412,0.06329633156439066,0.12081177392333649,0.004663590413471937,0.6308124375626213
1,7,DOUBLE,OUT,0.116751223163764,0.026983031469997594,0.0014355181432639296,0.01291894919690377,0.059363136473958,0.1875057448368242,0.004272719276807922,0.5907696774384805
7,7,OUT,OUT,0.14391161486311224,0.04185808817906876,0.0015161951568759807,0.01133231726726897,0.0750952736966276,0.1637920457508906,0.0038045633526484495,0.5586899017335074
6,7,HBP,OUT,0.12072820200439856,0.030671147858891957,0.001620598156991492,0.025211038695800013,0.15459495365597223,0.15932827304840816,0.0052596139888773635,0.5025861725906602
4,7,BB,OUT,0.15591679115260965,0.04173025813619296,0.0014269195753647992,0.009589283996995159,0.09392323880179689,0.15777939649406206,0.0037889842432817324,0.5358451275996966
7,7,OUT,OUT,0.08109176336480248,0.019165161881732125,0.001371479030081703,0.007509984220362191,0.03430906599521175,0.23208327229411282,0.0036959873089694156,0.6207732859047275
0,7,SINGLE,OUT,0.14018078275217707,0.01997672534318557,0.012377702169556784,0.0066151024581729365,0.03757644570905868,0.09212443132419249,0.004440304840080842,0.6867085054035756
1,7,DOUBLE,OUT,0.22738310547630114,0.016468344517249996,0.001185303842948769,0.007212749921350627,0.028321918919443967,0.10126468612731045,0.003850544786479643,0.6143133464089156
1,7,DOUBLE,OUT,0.13438942774470358,0.03667635811200038,0.0013089008002550432,0.016934378535976236,0.09866289889258721,0.20879462811760804,0.003663141563909632,0.49957026623295997
0,7,SINGLE,OUT,0.15441826641284792,0.021476334790009596,0.0015103978930184685,0.010772012991170596,0.05220814987513258,0.1373094545621214,0.00402093417394399,0.6182844493017554
7,7,OUT,OUT,0.13712994882768192,0.02183938071464434,0.001537541964604728,0.02254108037130088,0.07610545446729819,0.1301686375307743,0.00439468658353786,0.6062832695401579
0,7,SINGLE,OUT,0.13504265482300193,0.03365324540992916,0.0013110398181919664,0.009931842273326422,0.038730129827654544,0.10314378252696864,0.003566805797456727,0.6746204995234706
0,7,SINGLE,OUT,0.14318748255485458,0.029472883603069763,0.0024742678110465256,0.0072755703158768675,0.03203983494338763,0.10047647192067276,0.0038277690843642755,0.6812457197667277
7,7,OUT,OUT,0.12791719942763943,0.02136715469906894,0.0014983780720678483,0.011179609384141146,0.058603625820659574,0.13993574858324123,0.003941407244872303,0.6355568767683095
0,7,SINGLE,OUT,0.13345142488734624,0.0200049643765672,0.0013912569342750427,0.010089793649120047,0.03950273823523639,0.10501622376667838,0.006585766179135431,0.6839578319716413
7,7,OUT,OUT,0.12421414534789829,0.039702794601704325,0.0015801712283055446,0.01001575739347719,0.058827000369728426,0.22411251100755378,0.005674087676081313,0.5358735323752511
7,7,OUT,OUT,0.224838203809283,0.03163768427965025,0.002097498661171445,0.009771579507634855,0.08181002739027245,0.11925704233755653,0.004382711161348402,0.5262052528530832
7,7,OUT,OUT,0.06919284991351098,0.01779803229032082,0.0013130196555220413,0.00727017849325733,0.03174611332444583,0.26293986520364976,0.003394125250709305,0.606345815868584
0,7,SINGLE,OUT,0.20831751170690363,0.02191105110552605,0.0070529034777006006,0.007452419800397982,0.03835894876512781,0.11605858654650533,0.005545996641820889,0.5953025819560177
7,7,OUT,OUT,0.12794852570666038,0.034662523347945964,0.0024382690825694208,0.007274352271076923,0.03184827142317897,0.10818487879216962,0.004190114825891675,0.683453064550507
7,7,OUT,OUT,0.15768741308785744,0.024480276716610606,0.0014301025920561404,0.010171093135011739,0.039287801071839844,0.10929113924150867,0.006542129144316759,0.6511100450107988
7,7,OUT,OUT,0.19352121518029716,0.02553755840950722,0.011298171614870619,0.011231167604426754,0.06104529684760872,0.1735411712596161,0.00500988285581949,0.518815536227854
7,7,OUT,OUT,0.15007030159258739,0.02375449860805309,0.001393776822375971,0.01552568838744988,0.07659361734930199,0.2479841694050656,0.004645206906854869,0.4800327409283112
0,7,SINGLE,OUT,0.13911248556927652,0.0638897743211317,0.0016750023669272974,0.01892048425132172,0.07475047848154988,0.18382791199774823,0.004786719783541187,0.5130371432285035
7,7,OUT,OUT,0.12273608124947608,0.04941879014001435,0.0024040246405293494,0.07246841795492825,0.06825935964581568,0.2666471237726825,0.005357531488582388,0.4127086711079715
7,7,OUT,OUT,0.22931701955090594,0.023216486136283018,0.0013528020889058833,0.007407193337635903,0.03488910699359813,0.09778210164982323,0.004432796691433379,0.6016024935514145
5,7,SO,OUT,0.07236328980097226,0.02299977053426992,0.0013945748396175645,0.009422970642962847,0.04653054304969224,0.2761289106591076,0.004746516248061213,0.5664134242253165
7,7,OUT,OUT,0.18934806422201564,0.029007388731926112,0.004636681044532407,0.009800270019339825,0.06226911597748587,0.11597224201601612,0.005384450044236318,0.5835817879444478
7,7,OUT,OUT,0.14089197860363353,0.015136948471048014,0.026417874280715587,0.006852925291477253,0.07976961171925849,0.11696753227587434,0.007745993100456309,0.6062171362575366
0,7,SINGLE,OUT,0.17133815729663474,0.029169821090487796,0.0024699466453070246,0.01686177704845857,0.05452880895183335,0.2981983770137742,0.004387970022079057,0.4230451419314252
0,7,SINGLE,OUT,0.23960377433132846,0.025223703484683203,0.0020373275700400002,0.00893293772732661,0.08058439320964976,0.11592850222655054,0.01072400971588705,0.5169653517345344
5,7,SO,OUT,0.17006854276662986,0.037690771844500696,0.0020776608056429584,0.03774916423202652,0.05775609053090261,0.2125832894540991,0.00604587580083701,0.47602860456536117
1,7,DOUBLE,OUT,0.18757547325161394,0.01748676420279367,0.005629565058695601,0.008563229791957791,0.08313095845081762,0.09847590448989575,0.0039427512985716106,0.5951953534556541
5,7,SO,OUT,0.23367003283449553,0.03658939392313661,0.0016183059194952733,0.008575888938362794,0.0870885502472389,0.23901469829103986,0.0051620716941990575,0.388281058152032
7,7,OUT,OUT,0.17531532012214301,0.037184446796027774,0.0016140705605149556,0.008695234671556631,0.06797414871898395,0.2078281680689561,0.005071193641376977,0.4963174174204405
5,7,SO,OUT,0.233034277728792,0.03523964250493025,0.0016936350582017292,0.012197957881632738,0.08208801345295921,0.16150251998287166,0.007378223216414266,0.46686573017419797
7,7,OUT,OUT,0.07213188312296274,0.014830667764092682,0.0018107116847663654,0.006687101654899246,0.033669730482918596,0.3246654571364669,0.005659394247746777,0.5405450539061468
5,7,SO,OUT,0.0957399236519319,0.016544004453811812,0.002161038357634172,0.007886792614552034,0.05023222693758313,0.16270859726302736,0.005456891119097573,0.659270525602362
7,7,OUT,OUT,0.13719077419153677,0.02070543712902107,0.0021407345097735793,0.03942397103372562,0.06253556505828917,0.2489862723526765,0.00585724701628813,0.48315999870868925
5,7,SO,OUT,0.18518905878145298,0.03760772044766545,0.001692250175983069,0.010554204615446558,0.13104000337647298,0.21625444077031306,0.01691283883247733,0.40074948300018853
7,7,OUT,OUT,0.20357791440596587,0.05283716063864843,0.002102320197415507,0.009697673484404003,0.09988756269862936,0.15559835177968181,0.006767040683061344,0.4695319761121937
7,7,OUT,OUT,0.14637764979257806,0.04218722277404529,0.0021866386654498917,0.02832996928417686,0.08163111910872832,0.10244891926126115,0.0053301740358642075,0.5915083070778961
7,7,OUT,OUT,0.20898678895728512,0.042728390643680295,0.0015726144796690002,0.007478274433177541,0.061760066000903766,0.10432418512239325,0.015289175829034371,0.5578605045338567
0,7,SINGLE,OUT,0.17173111703048857,0.015774772627172615,0.0016887994115729334,0.011736400140120506,0.05700370528741222,0.11632796402186973,0.004742290110750058,0.6209949513706134
7,7,OUT,OUT,0.14957647883435551,0.04544271859566292,0.0022936499673872303,0.02406807339167406,0.06097253295936417,0.14308425598245378,0.00547693775510018,0.5690853525140022
7,7,OUT,OUT,0.18701321001269489,0.02370163638074642,0.0020238727340250403,0.008143945331482131,0.07839375141791767,0.11363584151144468,0.007645267150096985,0.5794424754615922
5,5,SO,SO,0.0788738567378941,0.028811125820549423,0.0015016685756059777,0.008303242768869231,0.05285499496049965,0.44401517649431355,0.005301670176702309,0.3803382644655656
3,7,HR,OUT,0.2074233131043618,0.04350197992911591,0.001525094964021072,0.009279547605619097,0.0606216527152165,0.21996402372765658,0.007473891060958318,0.45021049689305076
7,7,OUT,OUT,0.2262476656773873,0.045262762292271136,0.001576275125566398,0.008320614156001355,0.06837262277333776,0.21389055106573376,0.0059813270567253,0.43034818185297696
4,7,BB,OUT,0.15970064462566255,0.031987889254891926,0.0016402064226409298,0.008778331177298712,0.07444734067085981,0.19620686732234383,0.005645531336200941,0.5215931891901013
7,7,OUT,OUT,0.2737426873110749,0.05549526959639852,0.002529538330223123,0.008577062735949154,0.10637167055341643,0.10326280389294368,0.004171708105415461,0.4458492594745788
5,7,SO,OUT,0.07521911729582308,0.015135818131745667,0.0018296618132986598,0.0070189317331370285,0.03507659049606844,0.30007545734558383,0.005635397988038599,0.5600090251963048
5,7,SO,OUT,0.13941953172176347,0.042227621175482385,0.0020200799119680455,0.0362410883045935,0.07387529485307083,0.2315157417802284,0.0068789022293078055,0.4678217400235857
7,7,OUT,OUT,0.15495920563530532,0.015250478438425407,0.004372621751180858,0.008066768848735972,0.0839466422987788,0.10019506530866998,0.005568377256713455,0.6276408404621903
7,7,OUT,OUT,0.1553380230692987,0.01798656763386432,0.002058971357652041,0.012483833946322761,0.08142008756862006,0.11784945788914866,0.006200569314008663,0.6066624892210847
1,7,DOUBLE,OUT,0.2445545987053514,0.04358062620571783,0.0018977950706534725,0.010389250185285134,0.07889707081926625,0.1771874469590062,0.005528902339603236,0.4379643097151166
7,7,OUT,OUT,0.23752267829110316,0.05541879355440242,0.0030713297351477294,0.008257498023848673,0.08126363892250653,0.09822115749937141,0.004069508497360991,0.512175395476259
7,7,OUT,OUT,0.07369711044013516,0.0265206469828844,0.0014080067953460217,0.0073169972445438726,0.047708359654547186,0.4040332910514843,0.004462588585448814,0.43485299924561027
5,7,SO,OUT,0.0918648319299855,0.026486976568016022,0.0015147867554027282,0.01519004815360025,0.06516336456972258,0.3892183322965639,0.005861209208199176,0.40470045051850995
7,7,OUT,OUT,0.14593717590298055,0.070621186131775,0.0019824112742125527,0.025572637394476058,0.088413527356125,0.22157339558390227,0.005571447328450989,0.44032821902807767
7,7,OUT,OUT,0.12739167328816914,0.03951470809429681,0.010400357949700456,0.030820770960968843,0.055305597822642126,0.16806927527832824,0.003946937935559527,0.5645506786703349
0,7,SINGLE,OUT,0.17830472278284437,0.015442732259540447,0.001669714901360167,0.009511209276202286,0.040166269525963194,0.1909651437576233,0.003926327163459555,0.5600138803330066
0,7,SINGLE,OUT,0.19590509413048554,0.03606488634969761,0.01401229287997598,0.016489278911207394,0.061519950332511,0.13922804664710578,0.004178019811148444,0.5326024309378683
7,7,OUT,OUT,0.12995548370777593,0.03387028794535645,0.0014677827076661064,0.018043778355473983,0.07016151353428116,0.12288796015660326,0.00447917957618646,0.6191340140166567
5,7,SO,OUT,0.12815859963427814,0.030276208513326363,0.0013161642443197045,0.029890580695733176,0.10179187229888537,0.11606064851577261,0.0035121168564952415,0.5889938092411895
7,7,OUT,OUT,0.11852597638147264,0.03810226791289944,0.002006149362879759,0.01665565739762363,0.0813800942354453,0.10858579220380943,0.004528784520984174,0.6302152779848856
0,7,SINGLE,OUT,0.12603084270424111,0.03287839477626331,0.0017014481125776058,0.02038828962693665,0.0661763883458826,0.10662773518509315,0.004208828634236375,0.6419880726147692
7,7,OUT,OUT,0.1287978873914296,0.03494162850067129,0.0017017532135913394,0.01098407654017905,0.05566294479001743,0.2502510500009296,0.007664938966403747,0.5099957205967779
7,7,OUT,OUT,0.12241379578362499,0.08406850532593972,0.0015346897726983989,0.017268808540584237,0.055640259183432475,0.2191654015577311,0.00499328753934511,0.4949152522966439
7,7,OUT,OUT,0.132047466195674,0.058517312607513854,0.0017731364816832638,0.008544730750459629,0.06989081886786387,0.21042602381941444,0.008180957868350963,0.51061955340904
5,7,SO,OUT,0.23756621452914908,0.035197607642187156,0.001632055081990576,0.010688897559219498,0.04966078759028677,0.20907061882073122,0.0049973388524041035,0.45118647992403144
5,7,SO,OUT,0.11028991351875846,0.04076424989360255,0.002082550136738933,0.022481546977822356,0.12824677314133573,0.2561317905316022,0.02660708433678854,0.4133960914633512
0,7,SINGLE,OUT,0.13484456847934928,0.0378038453225762,0.0037735636252307046,0.012910175376599073,0.1292646008191433,0.16152387217641742,0.005770963157740217,0.5141084110429439
7,7,OUT,OUT,0.10236792931107311,0.024585940462535476,0.0016570364631617158,0.008592463354703846,0.06650993630758137,0.3476246692596903,0.004559126684106386,0.44410289815714793
7,7,OUT,OUT,0.11794997705619717,0.05411821900091742,0.0017325763226063281,0.016552116489993666,0.1100393862230661,0.2736046668430997,0.005528468439225596,0.42047458962489404
2,7,TRIPLE,OUT,0.17505013809966757,0.029892229400543483,0.0015535237058529007,0.01070448686811006,0.15231193785466188,0.19864625105358774,0.006954761434525221,0.4248866715830512
0,7,SINGLE,OUT,0.2399648807180652,0.08085790051857053,0.0021146208930236986,0.010376744404958112,0.09649714897515936,0.1357268513517922,0.0071599505571646824,0.4273019025812662
7,7,OUT,OUT,0.19643154102399743,0.05078844335801941,0.0018489882886339793,0.007567599850539703,0.06638448043586735,0.10841198501086104,0.012727672186114694,0.5558392898459663
5,7,SO,OUT,0.14030105424703482,0.013487572325418251,0.0016196831216598502,0.007552915153044588,0.04946556400453511,0.1592370366660657,0.004003935682591576,0.6243322387996502
1,7,DOUBLE,OUT,0.13735753100431491,0.018665974960025665,0.002171416476812224,0.020541025709323948,0.08387169441543271,0.2836741027057901,0.006859636328789483,0.44685861839951085
7,7,OUT,OUT,0.13757791343240222,0.015481818700127863,0.0017931050667193782,0.00967520094982306,0.0507428410299543,0.10555079243173378,0.00764212293794478,0.6715362054512946
7,7,OUT,OUT,0.1848291661370279,0.01508367976116126,0.0016715110985992584,0.014214433416437612,0.05673370088273371,0.10794638516422835,0.004729699147661933,0.6147914243921501
5,7,SO,OUT,0.16408574319179198,0.027319472283919007,0.0022318006339360616,0.009057624762913516,0.059974650870633854,0.28715543437357627,0.01990962228018497,0.43026565160304436
4,7,BB,OUT,0.18191036263410257,0.039466831117996204,0.0016274588522533703,0.013165126409149732,0.13272578843021435,0.1927189974797398,0.014637658331252627,0.42374777674529135
7,7,OUT,OUT,0.1990917980284782,0.049883827757146025,0.001618550637306984,0.011567417312002417,0.0584536622693012,0.1352081574509589,0.004403264062650457,0.5397733224821558
7,7,OUT,OUT,0.20103029747966808,0.04910477843475868,0.0016094011055287848,0.007591202921402032,0.06635271271782657,0.1077011522825449,0.01465820424642576,0.5519522508118452
4,7,BB,OUT,0.10848799283732778,0.04357622161675903,0.0017194668170534466,0.03474517170930327,0.107582551233212,0.16092481934543046,0.010406292433704894,0.5325574840072091
7,7,OUT,OUT,0.17835927234260177,0.03092950796249018,0.0016366023601213594,0.006790662801466505,0.08403392773254739,0.11372081577620916,0.033432294184948703,0.5510969168396149
0,7,SINGLE,OUT,0.1170737484635687,0.04189683288477227,0.0016067341331871892,0.007974905123813266,0.045042759794644914,0.11040411904655423,0.04814824971699933,0.6278526508364601
5,7,SO,OUT,0.11914888485562732,0.025470666503132906,0.0016759442757619779,0.010030041558134814,0.04303506494837456,0.3299534597208912,0.004348701965469212,0.46633723617260786
7,7,OUT,OUT,0.13924229100656546,0.02513503187591239,0.0018799757873380293,0.009335290316448206,0.05685400554245626,0.21389437894962243,0.004768884717215542,0.5488901418044416
1,7,DOUBLE,OUT,0.1451089672916811,0.08601569346280481,0.0018617656050519836,0.01116119098476216,0.10322433791549278,0.20311659846280425,0.006518271039779579,0.4429931752376234
0,7,SINGLE,OUT,0.148293056894448,0.03097438192773864,0.0023312010982737877,0.013988354086917008,0.04576495090555948,0.22651372792596883,0.005370280251745092,0.5267640469093492
7,7,OUT,OUT,0.2209913284038477,0.01813434664606188,0.002130644750435566,0.01174550576040305,0.04509233446685403,0.18321986356111938,0.004412632912715504,0.5142733434985629
5,7,SO,OUT,0.18357613546700577,0.035106908786868375,0.00613914096689016,0.008488469360140397,0.07408241878759689,0.18154050671201305,0.005051053944887832,0.5060153659745975
4,7,BB,OUT,0.12840524472147946,0.03237908650709485,0.002169778130532712,0.010204963158352941,0.10635748937768981,0.2600282298155957,0.004644303684054221,0.45581090460520024
7,7,OUT,OUT,0.1723306127119097,0.029674391795695736,0.009586285171879273,0.0092704443862582,0.08588387826699319,0.13663706068154763,0.006078497816580171,0.5505388291691361
5,7,SO,OUT,0.1164808399021709,0.03015209792860662,0.0014114203543890123,0.01843913390294234,0.08399368730516357,0.1203970953735397,0.0052276729758457055,0.6238980522573422
0,7,SINGLE,OUT,0.23478157961499632,0.0331139751893652,0.002373583904382206,0.024779916612351502,0.06642070610412447,0.15780866381103748,0.005594468949314762,0.4751271058144282
4,7,BB,OUT,0.08606056678588248,0.027570324956892912,0.002644443150421139,0.054979355440571843,0.07532267640633983,0.21384674164534523,0.003833732014207997,0.5357421596003386
0,7,SINGLE,OUT,0.29140357760917124,0.03174618706826151,0.001663393933784191,0.010379410941739732,0.05927962841847819,0.15200849356223486,0.007161868282275482,0.44635744018405477
1,7,DOUBLE,OUT,0.3051926988823759,0.021190386970297882,0.0015863600302569402,0.009148861419621266,0.04531836309866508,0.20688906246615824,0.004201544851930729,0.40647272228069403
7,7,OUT,OUT,0.1545881728670332,0.021146160785479495,0.0017891114101520307,0.00981768377578804,0.06216666449239127,0.20681933379541895,0.004871498215614624,0.5388013746581225
7,7,OUT,OUT,0.222882948387853,0.04781778105850696,0.004294041056329525,0.010159860801569241,0.06613458184197811,0.11887507384759473,0.004330091718727646,0.5255056212874407
4,7,BB,OUT,0.16207970735982488,0.05115523353497115,0.001695841242981505,0.04047096894045744,0.04732215095346115,0.18218981665993644,0.007681247936538861,0.5074050333718284
7,7,OUT,OUT,0.21679109538850982,0.04858491622283197,0.008866302300924814,0.016581766791171716,0.04149602252314777,0.1759212663021151,0.023724368362834453,0.4680342621084642
7,5,OUT,SO,0.0722215613866365,0.03330095152945709,0.001224882364732117,0.007030522008552458,0.031125232250667174,0.46292498977562185,0.006364210697805356,0.3858076499865275
7,7,OUT,OUT,0.15929202418600757,0.06842837041128412,0.0016691860942320473,0.010641203123291455,0.05442738942876886,0.17309353147389916,0.022170867553640602,0.5102774277288762
7,7,OUT,OUT,0.1252190125910678,0.09169631293763497,0.001631134018908706,0.013313117719291218,0.08929381669638983,0.2030672918515449,0.005157049147067621,0.4706222650380948
3,7,HR,OUT,0.23227143427149224,0.07271216185330077,0.0022335655529672665,0.01105785423214379,0.0937471052083022,0.1401730175609064,0.00795103115147487,0.43985383016941243
7,7,OUT,OUT,0.11060757181304944,0.03340617952927617,0.001875017873538208,0.028147535137951492,0.09281679892944245,0.18051005321041363,0.004825441207920638,0.547811402298408
5,7,SO,OUT,0.12928269659295097,0.03450323154750338,0.0013262420302674264,0.012839954765199217,0.06201701484152522,0.12350161119776047,0.009889068385387039,0.6266401806394063
7,7,OUT,OUT,0.160968159395861,0.03977538140407649,0.002042064520626305,0.012712321553646428,0.05979897209074008,0.1366093438412964,0.028279533488759,0.5598142237049942
7,7,OUT,OUT,0.19153209835791862,0.05944020172484122,0.00152311889238728,0.027888914060683223,0.03809953057932348,0.17232813184876475,0.0055321246119208155,0.5036558799241606
7,7,OUT,OUT,0.20526356991664155,0.042033574989003876,0.0023717287747451743,0.011216503125584552,0.03681540536432877,0.12433007302041749,0.006102271460888693,0.5718668733483899
6,7,HBP,OUT,0.12560348873599544,0.01747101786396033,0.0020772163943058594,0.03134911962236211,0.07259524483718685,0.2801487686928568,0.005639907429565741,0.465115236423767
7,7,OUT,OUT,0.17906930857606293,0.017598729055820578,0.001720225300325252,0.016334182873461205,0.07030463023413328,0.10848139436764795,0.004036616009096829,0.6024549135834519
1,7,DOUBLE,OUT,0.15872061473595211,0.05361495308675906,0.0022250672179636283,0.016779508879636685,0.07053822751715452,0.09778758812668134,0.00507592781822008,0.5952581126176327
0,7,SINGLE,OUT,0.23233186707504913,0.023986805266256236,0.0018306990843953899,0.007871140459901355,0.0774301636000716,0.09942159858748487,0.008260523755907898,0.5488672021709334
0,7,SINGLE,OUT,0.17127631648437064,0.03474021341218714,0.0020296615883187707,0.05159900087100942,0.08699008710606586,0.221472786006756,0.006356331547895333,0.4255356029833969
0,7,SINGLE,OUT,0.18468326321138823,0.01645646633258596,0.0059148840216452,0.012658425032980165,0.07566819115948321,0.11373860402321609,0.004214897364911496,0.5866652688537897
5,7,SO,OUT,0.1254615605101252,0.03235998838690193,0.0015410822099465788,0.01650490986954206,0.054827213722641134,0.20874025112340674,0.004511173898342069,0.5560538202790942
7,7,OUT,OUT,0.09494182396342951,0.02029175389225826,0.0014971585246723942,0.009892356620710384,0.053983245317104675,0.3292601049340756,0.004598877311575379,0.4855346794361738
5,7,SO,OUT,0.10233482042067422,0.0192744067955995,0.001442902063503248,0.01638513930292007,0.07116800832549056,0.20756075544544356,0.004909851442223369,0.5769241162041455
4,7,BB,OUT,0.19514080624536959,0.0452893180668071,0.0016556002798134982,0.019241408062464674,0.046325724821893524,0.27090908034472255,0.008772813727940238,0.4126652484509888
7,7,OUT,OUT,0.151988989971084,0.016524343067206942,0.0018037135638412079,0.009268351563131109,0.0660207039403642,0.09986590364223538,0.009165886506791416,0.6453621077453456
5,7,SO,OUT,0.20225521703804758,0.034822100464160594,0.0018738867296416437,0.011019701857316298,0.09751492562746548,0.21982860436472612,0.010189839759527669,0.42249572415911457
7,7,OUT,OUT,0.13135415316379645,0.03647456355878504,0.0015132108208734153,0.012364362567071832,0.03988823740044489,0.17500097134270964,0.004020291950625275,0.5993842091956935
5,7,SO,OUT,0.10764680893758112,0.046953997285846066,0.0016149567291181346,0.0992351827866003,0.10323525989174445,0.31435624610269364,0.004349276125684142,0.32260827214073207
0,7,SINGLE,OUT,0.16472908265547123,0.027573352197871836,0.0012752468847322446,0.013437990674563092,0.042509068627948225,0.11172260315524817,0.005278724370047812,0.6334739314341172
7,7,OUT,OUT,0.12099267998234631,0.03415360850306309,0.0019154294634607886,0.0062786348076242235,0.048891813209347636,0.11775089512598018,0.015811614198471845,0.6542053247097058
5,7,SO,OUT,0.12526778561488858,0.05979410297175266,0.0014921153946135719,0.008925818544974217,0.09401354598282029,0.15601432442335142,0.012990516247408906,0.5415017908201905
7,7,OUT,OUT,0.1104482630086138,0.015180832775403247,0.0020246699788021736,0.010286506294772636,0.056819375089926044,0.15899687953674219,0.003996955112188718,0.6422465182035513
7,7,OUT,OUT,0.15187912237114623,0.0510641814000485,0.0029339472452596196,0.007561471885345612,0.07498897549942389,0.11802495051261723,0.004169082600079252,0.5893782684860797
0,7,SINGLE,OUT,0.1209886112799317,0.02262220942630457,0.0017302462673965948,0.007264927058231084,0.06045799158933172,0.18849368103719935,0.0036649777343812574,0.5947773556072237
7,7,OUT,OUT,0.17766755029000164,0.03308896569845883,0.002258169549610657,0.00860544685005331,0.0695414382110732,0.25342775875982604,0.00434749937447103,0.4510631712665053
5,7,SO,OUT,0.14576524228401777,0.04161734096151414,0.00187023714794337,0.009485962588484486,0.1148974407960573,0.2155902408379719,0.004296069372668285,0.4664774660113427
7,7,OUT,OUT,0.16686065193311753,0.042038612374004344,0.0020140771867942554,0.013230912110185216,0.05329890381104339,0.2614309935797255,0.0075923165143805945,0.4535335324907491
7,7,OUT,OUT,0.1416289599003104,0.022420818279167497,0.0016719102325806335,0.007276663908408214,0.07235441051303254,0.10121120816822958,0.021310259006430434,0.6321257699918408
7,7,OUT,OUT,0.1374431815100709,0.018514972442630714,0.0017663455490203792,0.007652267713337528,0.07071081864741965,0.12666465353475273,0.004667627652086718,0.6325801329506814
4,7,BB,OUT,0.1427353560509944,0.033616700922769985,0.001781980182572132,0.016263027466300643,0.07665495545681306,0.18800828448714346,0.007559846504570756,0.5333798489288356
7,7,OUT,OUT,0.11210535881669322,0.01722231041321324,0.0015667829475732508,0.007810815717035448,0.04974699584797827,0.16699212636095417,0.004460119852382923,0.6400954900441694
7,7,OUT,OUT,0.15404332139609508,0.01663280231186635,0.001746744519549752,0.034864857933808974,0.07706989376149052,0.24030134949567233,0.004727056355229144,0.47061397422628787
7,7,OUT,OUT,0.19250153743652623,0.021385714572602653,0.0020543780566056663,0.012856922536811805,0.07811407485066352,0.23676161710501326,0.008243885098441825,0.44808187034333513
7,7,OUT,OUT,0.1220831117122173,0.02108816113042724,0.0028641564696116582,0.014960006691669041,0.08201179646780696,0.171766106092438,0.006698919031293481,0.5785277424045362
7,7,OUT,OUT,0.18233511235219627,0.01860330242435442,0.04514953000095769,0.00884116398042956,0.05571760676267686,0.24007665655274132,0.025054075202793943,0.42422255272384995
7,7,OUT,OUT,0.20835796998252962,0.026733734204737132,0.001622369189465961,0.016187626316044243,0.0870168174083814,0.13203718484783025,0.004043227824481161,0.5240010702265302
5,7,SO,OUT,0.19590256970215303,0.018571231640404827,0.0019581281689076595,0.014621981147559833,0.047754633367495955,0.09351451212356894,0.003973393254733522,0.6237035505951762
7,7,OUT,OUT,0.1860864920141158,0.023199701342319277,0.001525192490007227,0.027038656594146362,0.05042045385794579,0.19538570477516107,0.0058637465899629235,0.5104800523363416
5,7,SO,OUT,0.17648380672454345,0.028272051885709387,0.0020024847461409746,0.011522966304610189,0.07829376653081113,0.20976389181689167,0.006110767787124589,0.48755026420416864
7,7,OUT,OUT,0.2238243553532998,0.04218611582083666,0.0026974487833808466,0.009676262340062955,0.12491462248558553,0.23919898267306786,0.017215891830156482,0.34028632071360987
7,7,OUT,OUT,0.1433762494352502,0.023530478760931853,0.0013588064310302947,0.019297588677186638,0.06058414897309962,0.09615456979581227,0.0037186157141731345,0.651979542212516
5,7,SO,OUT,0.1701036094366051,0.02860004283601504,0.001357111175482738,0.024814062693488653,0.05998442011256308,0.09710642450423984,0.005242487724074944,0.6127918415175305
0,7,SINGLE,OUT,0.15509392453948478,0.051752293904946955,0.001971565689213923,0.01953918260964154,0.12129792388878496,0.15708542255111044,0.006955077503285393,0.48630460931353187
7,7,OUT,OUT,0.15924364004664104,0.02276489555589891,0.0030498211421010036,0.0089565137715484,0.09107039845915187,0.12772998293195187,0.006202333947042727,0.5809824141456641
4,7,BB,OUT,0.17849657498139715,0.022852984510743662,0.0018325617797323405,0.011575022697603443,0.09862695517767071,0.16998564827247256,0.00807414720026747,0.5085561053801126
5,7,SO,OUT,0.18399583764384464,0.0379139210226768,0.0022395553414744176,0.008051908835058508,0.03860018743130544,0.21114307853356828,0.008697926423435047,0.5093575847686369
0,7,SINGLE,OUT,0.16775984383744394,0.036677863423276835,0.0016424815758826251,0.009238702937918893,0.07188572822606523,0.24089365569618099,0.004289687184060693,0.4676120371191706
5,7,SO,OUT,0.1783041134662783,0.043292228230889115,0.002544063834285706,0.007543416761631078,0.036739141733425865,0.24610144317488378,0.007546315472252487,0.4779292773263537
5,7,SO,OUT,0.18472090562637325,0.02424121683706785,0.0014129401924312984,0.02420154114654332,0.061400562168328295,0.1536678832827395,0.016751864324194614,0.5336030864223218
7,7,OUT,OUT,0.2056649501443262,0.03543384476661195,0.006016597595748468,0.014360161175278566,0.07695923267959835,0.26226543543798553,0.009829023546079866,0.3894707546543711
5,7,SO,OUT,0.18383659797667945,0.04024163541826622,0.0014911787942293955,0.008930293712035475,0.08403643079347367,0.14038788978061367,0.004490254354094295,0.5365857191706078
5,7,SO,OUT,0.18933279755537974,0.03740887975914785,0.0013639635468232945,0.013158261652166022,0.0854353467323132,0.10673755450376075,0.0035930321490873353,0.5629701641013217
5,7,SO,OUT,0.13257725132866663,0.028259795344471282,0.0016195753214784414,0.013788299488510916,0.05839186527576968,0.2414094596128314,0.00511294595484173,0.5188408076734299
7,7,OUT,OUT,0.15971095046892977,0.020026535019594987,0.001552912479395239,0.013522487550686598,0.06816018970326292,0.17006228821836034,0.004125658968950675,0.5628389775908196
5,7,SO,OUT,0.11812126407730936,0.019534468129839822,0.0013588768785071743,0.022610742872641212,0.05418579467169501,0.09708502218455281,0.03810400773041119,0.6489998234550434
0,7,SINGLE,OUT,0.19872416347754257,0.023234462525842794,0.0040797634583813755,0.010675425529376496,0.03475020983800426,0.18294530573608525,0.007114504923608131,0.5384761645111591
5,7,SO,OUT,0.14517689614523727,0.03745661844963632,0.0013506297690076253,0.010043559121350392,0.031775450329824005,0.21915151333224786,0.020701572124589947,0.5343437607281066
7,7,OUT,OUT,0.1784358464032453,0.030682818414296122,0.0015668824044608816,0.03913954859177815,0.04930788609986985,0.32333689147201833,0.00589438292040278,0.37163574369392843
7,7,OUT,OUT,0.12230261303800287,0.03575583952685111,0.001568302054296878,0.015512922066669767,0.05340976921730325,0.30792857058815687,0.006339426923045814,0.4571825565856734
7,7,OUT,OUT,0.16546332171345468,0.03918894518357299,0.0016438421337995623,0.03633255766359634,0.07479339334533935,0.21520443914559614,0.007491010950855473,0.45988248986378555
5,7,SO,OUT,0.12101562180475804,0.026609849579841117,0.0016231127595310864,0.010518807088419766,0.17038803878929948,0.18385600539185015,0.004596007808139327,0.48139255677816095
7,7,OUT,OUT,0.1421304234607473,0.024243637848003034,0.0017097124917748536,0.051565459682083946,0.08430938436068287,0.267102500369949,0.004581609347262687,0.4243572724394961
7,7,OUT,OUT,0.13821104815154808,0.04609962712813905,0.001658360621821411,0.009217700021458289,0.04963474413128622,0.24888945471558604,0.008379708611134441,0.49790935661902647
7,7,OUT,OUT,0.11038475590235493,0.0258647283180457,0.0015264964068828126,0.014537801664758302,0.05943932720036382,0.203302732659079,0.01192073435546686,0.5730234234930486
5,7,SO,OUT,0.09668417005478473,0.015175631888555353,0.0015092482187256187,0.007357095773797682,0.04391106539579688,0.3250380354475706,0.005263528223616676,0.5050612249971524
0,7,SINGLE,OUT,0.23485134928311965,0.03824573348726483,0.0017549020263101438,0.010071702675168779,0.10706592665673391,0.18365595813629362,0.00675740971449356,0.41759701802061555
5,7,SO,OUT,0.18961135137347562,0.06618735049517693,0.0015068941813497533,0.01715697858519622,0.08373735863000191,0.1877714034978281,0.004482440149751213,0.44954622308722014
5,7,SO,OUT,0.15777928622625328,0.05270075878401012,0.002038714711431075,0.009101656912334407,0.07343922156998198,0.21692298758390105,0.00417869564885932,0.48383867856322876
7,7,OUT,OUT,0.18213774130539243,0.04229214747830205,0.0022859519147644305,0.00853869888907121,0.04888480669010738,0.2806238449658528,0.012931851461324062,0.4223049572951857
6,7,HBP,OUT,0.18839829354388674,0.03407515649784083,0.0014691059952456095,0.011494901983097997,0.08271288098160721,0.22328361299417282,0.0047238931857155235,0.45384215481843326
7,7,OUT,OUT,0.22547255989190598,0.027367430303305726,0.002465564451366777,0.008714109390097381,0.046075979169569486,0.2446017638548419,0.005053989951667983,0.44024860298724466
0,7,SINGLE,OUT,0.2525456440342254,0.032495672085385424,0.0014882516010827121,0.011275511050562044,0.040550154454746974,0.2391862254871216,0.010458105098148285,0.41200043618872767
5,7,SO,OUT,0.14973795235723192,0.027674637683725054,0.0015577771393870889,0.021958274629877157,0.06341826873381834,0.3500367810633864,0.004459766330251332,0.3811565420623227
0,7,SINGLE,OUT,0.13911651748422557,0.035270475220724254,0.0013523648459178577,0.03500830005033865,0.05923481694736415,0.3388173148435329,0.009325058392883381,0.3818751522150132
7,7,OUT,OUT,0.11554872777385618,0.023460658856533423,0.0014163092299931382,0.011288935574976292,0.06635276933876004,0.25531945572803166,0.004972285488335702,0.5216408580095135
5,7,SO,OUT,0.09269370723537207,0.04956079652422024,0.0015328443406882756,0.042475580937746574,0.06313336128857201,0.33230471361554287,0.006096402740348432,0.4122025933175097
7,7,OUT,OUT,0.20182732619046742,0.045546249393291674,0.0024625954726480727,0.010123308405874575,0.0445602774212949,0.2383654037681428,0.008681189127409035,0.44843365022087145
7,7,OUT,OUT,0.17278383455049243,0.04712835776462434,0.0015816313917170375,0.031803266186224824,0.04055320775854452,0.13540085675127914,0.004513362612315988,0.5662354829848018
7,7,OUT,OUT,0.1607765293352031,0.026834166922184776,0.002930300233894403,0.007639594447772178,0.10480917379081277,0.12432921339951179,0.007580248083620454,0.5651007737870005
5,7,SO,OUT,0.20445727674578698,0.028170280070220544,0.005942466506597753,0.0131986494590481,0.06733839231896177,0.2298470834048996,0.005852950717315628,0.44519290077716966
7,7,OUT,OUT,0.10513104994046751,0.033066102919035535,0.0038224994585885513,0.008007515434521304,0.08060684293939867,0.1941679924436053,0.010266390912537646,0.5649316059518454
5,7,SO,OUT,0.15845863228915286,0.02349751926027033,0.002608826071953362,0.015313146282849804,0.07881808357944087,0.3180815711845673,0.007123689744594565,0.39609853158717095
7,7,OUT,OUT,0.1329940930494561,0.019305058946281713,0.003701933330351462,0.0082483794056267,0.0665123198499736,0.25499041230772684,0.007121631474955606,0.507126171635628
5,7,SO,OUT,0.1678937338766901,0.023240777851263914,0.0030739903018918583,0.009376001052185418,0.09332124156108752,0.30097705921651163,0.006815542596840707,0.3953016535435289
7,7,OUT,OUT,0.1999757396131673,0.025618911033820666,0.0016175250278008446,0.034463715766735736,0.06549091161732695,0.23714968421120536,0.004536091009893294,0.43114742172004983
7,7,OUT,OUT,0.16814713772528234,0.027412316605757766,0.0017551332155204737,0.012524000893519502,0.08328254489103404,0.21590663082353267,0.005560429050931534,0.4854118067944217
7,7,OUT,OUT,0.19977896079683524,0.024951331676008607,0.0017153671993421962,0.009661971586345594,0.12161523828231477,0.24695254474952374,0.007387552266412116,0.38793703344321756
7,7,OUT,OUT,0.17090750231155746,0.02319379013816372,0.0016531987015747497,0.010732133920591764,0.05930317326759347,0.34422262215124294,0.004930154974700172,0.38505742453457587
3,5,HR,SO,0.1289893520079611,0.034216994714234866,0.0017730455693620716,0.021262422375735713,0.06032546083644436,0.4237998576213192,0.009260653281299812,0.32037221359364293
7,7,OUT,OUT,0.14637357871585321,0.02038423395929891,0.0012839198886353234,0.008550192537806867,0.04961544894955291,0.15833547098591266,0.00528812589316645,0.6101690290697738
5,7,SO,OUT,0.14371002817270062,0.043374109811682014,0.002451214328810932,0.006993142117969455,0.0384805508978288,0.2268654334536555,0.011048843929265547,0.5270766772880872
0,7,SINGLE,OUT,0.23354115121571478,0.0435881902921439,0.0016678385638805287,0.02773349805549609,0.06073436331510387,0.19336000526274819,0.005004974164856881,0.43436997913005576
7,7,OUT,OUT,0.20063319032289523,0.027046110519719658,0.0033975101040796163,0.008289611337590121,0.10728408689754132,0.12264781526053156,0.008367599368540962,0.5223340761891015
7,7,OUT,OUT,0.19141742109476098,0.03766358793411997,0.001694579942206725,0.010971169461689122,0.15041530963357305,0.16024757672927165,0.006821804131107207,0.4407685510732713
7,7,OUT,OUT,0.14473988027771387,0.02549040961715147,0.0025084015934180304,0.008076397966640796,0.0734491844435924,0.11015607314032144,0.00693422748991901,0.628645425471243
7,7,OUT,OUT,0.21850929192158527,0.052230407268923265,0.0018560751627010198,0.009746308792772359,0.0577456598594392,0.24618331019358916,0.02005978307385484,0.39366916372713484
5,7,SO,OUT,0.2076575569910763,0.043858571389915134,0.0015996268769783934,0.008565914363288754,0.06723253117171858,0.20350979472755926,0.014221474174579803,0.45335453030488365
5,7,SO,OUT,0.16051766136995987,0.016819982551949386,0.0017542267337220428,0.03985528246959188,0.09353563245354082,0.26317289672670574,0.0046281408531410745,0.41971617684138907
5,7,SO,OUT,0.1535965983628644,0.02164524265812392,0.010394189357993322,0.00903650678011373,0.04577034534896126,0.1928787670823002,0.004650467898328857,0.5620278825113144
7,7,OUT,OUT,0.1694639579309172,0.021733480958369494,0.0033743790697038124,0.007878484269821105,0.05802671423994336,0.2673400727615552,0.004435519794241791,0.4677473909754481
7,7,OUT,OUT,0.3295829718880992,0.03185720031802504,0.0027310267099060694,0.00828068161680431,0.1068587392624328,0.1466144842730881,0.004944515559499908,0.3691303803721445
7,7,OUT,OUT,0.19191280347645467,0.06200526707083219,0.002052465705476157,0.012229063963699731,0.050389187535077117,0.22352981149396584,0.004169298197710993,0.45371210255678335
5,7,SO,OUT,0.19869096422471172,0.0844320609564368,0.001871964833597092,0.04667065011148165,0.14556855086320974,0.11379717564122095,0.003881325706741221,0.40508730766260087
4,7,BB,OUT,0.210801585006929,0.031380512303996515,0.002503325748229274,0.008119817081843778,0.03844800542755028,0.19450576250664003,0.015582644413366348,0.4986583475114448
0,7,SINGLE,OUT,0.16722721096590706,0.020945352306834655,0.0017950024211285177,0.011291777998528913,0.12191558495924093,0.14988343388321046,0.010320501521306152,0.5166211359438434
0,7,SINGLE,OUT,0.15689776057839527,0.08328728439839828,0.0019152233130374345,0.022448755389549303,0.12816982118229608,0.1447626194772567,0.004746071173793378,0.45777246448727366
7,7,OUT,OUT,0.21426509431734303,0.04930679318379205,0.00270847834391139,0.009505207768665631,0.1278087657420907,0.23195169418353095,0.0177615129840568,0.34669245347660943
4,7,BB,OUT,0.28895318990558444,0.038350530677596625,0.004188431328998783,0.007809664394235839,0.07492566261343345,0.1625913606882084,0.00745625030710446,0.41572491008483803
7,7,OUT,OUT,0.21951638263746662,0.026532806651480462,0.0016829804582194367,0.015398265458902645,0.09377264622530346,0.1380299313779072,0.00431662576477919,0.500750361425941
7,7,OUT,OUT,0.19687151914290815,0.018766472392377827,0.005039360598948519,0.012353959849557705,0.06309246852838349,0.09448943832108059,0.004171989287269509,0.6052147918794741
7,7,OUT,OUT,0.20908615171148828,0.025391719965528487,0.0014290282301499065,0.03134684709939747,0.0494541565421079,0.1870772414843988,0.005701240600234442,0.4905136143666949
7,7,OUT,OUT,0.152053471800502,0.059321317547120896,0.001960699878289008,0.02292574927124055,0.13243767912563145,0.15097742785306412,0.004957163366391275,0.4753664911577606
5,7,SO,OUT,0.16713200657559568,0.02234692859381005,0.0027388014528003,0.010370963479120601,0.09013954892896313,0.13568133688216152,0.00621337789956837,0.5653770361879803
5,7,SO,OUT,0.15357808363709552,0.020622987268707278,0.0018209410503644062,0.0104075063164001,0.10107039102294878,0.19361769341014604,0.007281075577042123,0.5116013217172958
1,7,DOUBLE,OUT,0.13775997407252447,0.024901878133407763,0.0014207850929699353,0.02420108881145767,0.05851192183435254,0.10710494320506352,0.004904782338260862,0.6411946265119632
7,7,OUT,OUT,0.19407766422597958,0.023529474610926634,0.0014558284126706166,0.026505401559349582,0.05337363119394913,0.10753798965039094,0.007756228621346925,0.5857637817253866
7,7,OUT,OUT,0.2175017443844738,0.056316056224759235,0.0015721020058409865,0.009535605572240667,0.08714887375460593,0.1396941397401329,0.005146653941760631,0.48308482437618583
7,7,OUT,OUT,0.18568460132064754,0.021127087316088373,0.0014838231946727705,0.02519407966639329,0.10090976572182521,0.1447801543246581,0.028018427661517055,0.4928020607941978
4,7,BB,OUT,0.2410237819337083,0.03862459320229195,0.0019413719593769706,0.012130913644219386,0.05976075369920413,0.2758890400359315,0.009805849873603802,0.36082369565166394
4,7,BB,OUT,0.17986818866254192,0.03218951399174723,0.002094688281625492,0.011579713254787091,0.06390039152705027,0.22921748460541405,0.00599326732929937,0.4751567523475347
7,7,OUT,OUT,0.22405637087604494,0.032446249386136,0.0028100448670493757,0.008621683489556652,0.10433188513137001,0.2570601910126833,0.014549267368948984,0.35612430786821075
0,7,SINGLE,OUT,0.16775414672953667,0.034534602263668904,0.0023896185307455556,0.007872595876575154,0.0353184464963996,0.21701887131629868,0.011142945031024212,0.5239687737557511
7,7,OUT,OUT,0.1533305726445433,0.0454079643643934,0.003158915377246226,0.007549421145581199,0.036768385234075,0.2349764573176345,0.007527890303932468,0.5112803936125939
7,7,OUT,OUT,0.10611027730228391,0.03469563351132149,0.003767688946472359,0.00765473027179432,0.06638971021325249,0.1836700012490826,0.008866698761673952,0.5888452597441189
0,7,SINGLE,OUT,0.21306422396824598,0.029073509468333866,0.0017910522873736743,0.01652091037534834,0.09105791635937349,0.15967239386765544,0.004729779163911004,0.4840902145097581
0,7,SINGLE,OUT,0.17968740648261514,0.019441576458275052,0.0026897253733827774,0.013815885160917434,0.05405267262043194,0.0974053938152234,0.004520408386791273,0.6283869317023629
7,7,OUT,OUT,0.22895387757052857,0.03143792549561617,0.0016554836113475103,0.03388427935014254,0.05793935850893274,0.2147310563153903,0.005211499663292584,0.42618651948474945
7,7,OUT,OUT,0.12159658474977908,0.022000577232168857,0.0013706468750225612,0.02457777779204378,0.07322642482579388,0.09909354656392828,0.03670581644797299,0.6214286255132905
7,7,OUT,OUT,0.16094358180855375,0.05079535485479302,0.0015754111769698878,0.02314447068045035,0.055202698644036166,0.13652225071138277,0.005108218557603598,0.5667080135662106
7,7,OUT,OUT,0.22247226547521548,0.03822464385398089,0.002053190030247206,0.013196141336228078,0.07921696599170007,0.26870952714077895,0.00927862849748408,0.3668486376743653
7,7,OUT,OUT,0.1753440198964358,0.07815854571939321,0.0014684479134150566,0.019769549136543756,0.05109190379299963,0.15124820330604494,0.004491896822939392,0.5184274334122282
1,7,DOUBLE,OUT,0.1339383044999971,0.02380214509524372,0.01522978483993442,0.008587599953615849,0.06797158150874244,0.17741387523559363,0.008241454096111456,0.5648152547707614
5,7,SO,OUT,0.12305775839932914,0.024765756233527236,0.001310947270140157,0.04530488089781871,0.034388640004820455,0.3284958935959569,0.00626155815206206,0.4364145654463453
5,7,SO,OUT,0.06112684786490433,0.014261839098760092,0.0012554780269924631,0.007296637565876088,0.05117666678346943,0.3839644869384287,0.003298738764095614,0.4776193049574733
0,7,SINGLE,OUT,0.15094696921147616,0.045701596351364795,0.002668887367982362,0.007164177047594993,0.040045089022596125,0.11429955779159225,0.003981442996246188,0.6351922802111472
5,7,SO,OUT,0.1391185389894408,0.03573539754993008,0.0016058832695312049,0.027356296854440455,0.06685609612610496,0.12602621144385356,0.003677828395373965,0.5996237473713251
5,7,SO,OUT,0.12179519652853842,0.029946471600828972,0.0018421228276761959,0.03751435008310099,0.06958709006775783,0.13918072992745475,0.004925915090623016,0.5952081238740198
7,7,OUT,OUT,0.12608616420186763,0.04526447046894304,0.0015043502461506897,0.009860240721048128,0.057836954253656016,0.1208717301298224,0.0034279606285070336,0.6351481293500051
5,7,SO,OUT,0.17286436041742043,0.02589722885118687,0.001964935933406622,0.008070714141451819,0.1244921407039492,0.1356683815461301,0.003918236015572181,0.5271240023908826
7,7,OUT,OUT,0.27247034404051645,0.023469090231321335,0.0019640349437928463,0.008272071828656634,0.07242459421011369,0.11597050685332849,0.004708873303786197,0.5007204845884843
7,7,OUT,OUT,0.173841062340695,0.017876075587581305,0.0015449625021858834,0.00815331805249795,0.07418169290079331,0.1853337652918518,0.004173261333602279,0.5348958619907924
7,7,OUT,OUT,0.1496996640429134,0.03662458563326803,0.0017400203060857833,0.009974683973551259,0.05629728261155589,0.19275519499489738,0.00628768371991428,0.546620884717814
7,7,OUT,OUT,0.1456171214567972,0.05315769818643121,0.0023644447117552856,0.008266015981081178,0.04257791106426808,0.12291050865214398,0.004639405681535617,0.6204668942659873
7,7,OUT,OUT,0.1667943373308108,0.025636567310350095,0.0015948462915555959,0.008152408023000235,0.12775359178419038,0.22589853074507735,0.004512348407600319,0.4396573701074152
1,7,DOUBLE,OUT,0.14680322119571104,0.05645483681186275,0.0017221608331818602,0.015408365334135803,0.07959429779776125,0.1849317859061459,0.004718506745168368,0.5103668253760331
7,7,OUT,OUT,0.15011406755310813,0.025957458606994673,0.0037049426895145207,0.00705126516961993,0.0888787445007639,0.12279880899541826,0.00555746527108009,0.5959372472135005
5,7,SO,OUT,0.1561996711112273,0.027177441732522855,0.0019246595847184722,0.016983695777123296,0.05047065088735639,0.16655423673407196,0.005617412193436742,0.5750722319795429
7,7,OUT,OUT,0.16630568762003417,0.044601925931445706,0.0021765868900371446,0.03305467073882596,0.11317098737104646,0.20786706732226906,0.005643691802318993,0.42717938232402247
7,7,OUT,OUT,0.14376336867745299,0.0393645208691304,0.0018342503623996831,0.007306212838338732,0.05141664300914343,0.15518473060557086,0.016198749952945533,0.5849315236850184
7,7,OUT,OUT,0.15830783923533276,0.04119023296930082,0.0014981603603813794,0.011278602763433962,0.09201782183688866,0.23602647631763646,0.00809712384809697,0.4515837426689291
1,7,DOUBLE,OUT,0.15085703375538626,0.04350421047081977,0.0018103832820913896,0.03515835910818177,0.0729141036433794,0.1200911411627742,0.00422526030186177,0.5714395082755055
7,7,OUT,OUT,0.11689441774887985,0.036723904538648704,0.001991814403441239,0.02806078620405317,0.07085295371014172,0.1381000247171915,0.0052184572203715415,0.6021576414572724
7,7,OUT,OUT,0.15445333035429026,0.021678329792503594,0.0013876654939968664,0.010520601886472778,0.07687765548242992,0.10858011779650925,0.003780942001665982,0.6227213571921314
7,7,OUT,OUT,0.15629840941105405,0.02998705493607782,0.0017587357484375456,0.02161091214772355,0.1163835064760756,0.17141762062785432,0.006616095169123044,0.49592766548365413
0,7,SINGLE,OUT,0.1960391033479303,0.035613130316596936,0.001783390291845463,0.007457908120973106,0.08605685569834247,0.15805827766025707,0.004330317380312013,0.5106610171837428
0,7,SINGLE,OUT,0.1250577742349792,0.0255863488968271,0.0015910139481010617,0.007176248543436631,0.07701270343957191,0.1568035969549085,0.010554120356058006,0.5962181936261175
7,7,OUT,OUT,0.1719614397575003,0.025505010607722558,0.0016079001583180854,0.010426136455781778,0.1068203540639732,0.24881425445561997,0.004212795128835797,0.4306521093722482
1,7,DOUBLE,OUT,0.14836536877628623,0.07152327759364778,0.0018197161197659472,0.007422577712829141,0.045335852794246685,0.1422143256175445,0.008157943470805106,0.5751609379148745
4,7,BB,OUT,0.11250635202700549,0.06087908586454812,0.002188607656001376,0.04584458868116271,0.0797966641499504,0.2521186228707063,0.004044718556873466,0.44262136019375226
0,7,SINGLE,OUT,0.10469757622991208,0.01738905946363986,0.0015941401972882914,0.008356037465892203,0.045959614924170555,0.32866973680070455,0.008218026887611281,0.4851158080307812
7,7,OUT,OUT,0.17713242476339577,0.01826336231032133,0.001946062730425443,0.007585841427771046,0.07776614140835787,0.10685278210496724,0.0038672121454889,0.6065861731092724
0,7,SINGLE,OUT,0.2405734069613986,0.024659491446690267,0.001837477124021286,0.008222268046785643,0.06951149780474998,0.11355227009791054,0.004289896505086016,0.5373536920133578
7,7,OUT,OUT,0.182906060814638,0.028088348561543283,0.002698020586446733,0.048384802552526834,0.0906877444956373,0.14598302569640428,0.011297189262125926,0.48995480803067776
7,7,OUT,OUT,0.12634091442872633,0.03980283745367543,0.0017348837708057016,0.007948498512169198,0.06176651816644083,0.24145849752548723,0.0051671022207421145,0.5157807479219532
7,7,OUT,OUT,0.1436810713317649,0.05384873269382056,0.0028618561389096822,0.007053300663229036,0.040558643909775184,0.10678414702230479,0.003967675055192803,0.6412445731850032
2,7,TRIPLE,OUT,0.15320178983894767,0.07281446921741813,0.0016217218154056963,0.032912578594874675,0.06782653289998601,0.12897881432024716,0.0038080028666902083,0.5388360904464304
5,7,SO,OUT,0.12473142214482835,0.03350511408587194,0.0020130330873240824,0.060715668302859335,0.07398780433638723,0.14564508282383062,0.005184861117490875,0.5542170141014074
3,7,HR,OUT,0.12348520181001074,0.07217695696779791,0.002494551431893373,0.09790076152443077,0.08484270465346104,0.2073055486702566,0.004430213909514547,0.4073640610326351
7,7,OUT,OUT,0.19174339355000697,0.04084416662820568,0.0019168856910102795,0.007865833513153515,0.051233234487835365,0.1346697168965138,0.009545771760509717,0.5621809974727646
7,7,OUT,OUT,0.1662624859650897,0.04180315427911527,0.0016524158079956836,0.009179804872965578,0.12795649251192617,0.19215537440240263,0.004673735952766728,0.4563165362077382
1,7,DOUBLE,OUT,0.15729688930158653,0.03562147293009272,0.001771228569069733,0.014043524809836977,0.05976800560599265,0.1940040496111057,0.004354737620225787,0.5331400915520899
7,7,OUT,OUT,0.16270558434565696,0.02790412668364944,0.0016341408200612082,0.008114641877469143,0.10260241597138188,0.2723949430336367,0.006735761627630012,0.4179083856405146
7,7,OUT,OUT,0.09506256911764173,0.05101533352058702,0.0016071720322942385,0.012882019913955578,0.08803270386912822,0.10617599285915143,0.0035164079786734067,0.6417078007085684
7,7,OUT,OUT,0.12587489624388667,0.029572314552632286,0.0016611819550346638,0.025102375321550123,0.10082234107167319,0.1641102867960979,0.0040426448062546244,0.5488139592528705
7,7,OUT,OUT,0.14184832260286337,0.02844981203562325,0.0016736057074268373,0.008367670830710744,0.08168225344334269,0.1556609599922311,0.004497944141934843,0.5778194312458672
4,7,BB,OUT,0.19938625062411072,0.026275018136309697,0.002131081997556878,0.00897037936109964,0.09591668067129859,0.13247736879979385,0.00411890917256368,0.5307243112372669
7,7,OUT,OUT,0.27182123561832705,0.024293439400751283,0.001608072630628078,0.007238716308720853,0.08545157523468658,0.09916384297916332,0.003682509891778281,0.5067406079359446
5,7,SO,OUT,0.12453245424275831,0.02422692858575149,0.0029961386094985417,0.027308146900162162,0.10656345550303328,0.1291662667815521,0.010492560779633332,0.5747140485976108
5,7,SO,OUT,0.06352071954392909,0.017259632066317664,0.0012710874603026597,0.006785948338696862,0.04484208993590732,0.424418426281014,0.003304793102973455,0.43859730327085883
7,7,OUT,OUT,0.12407682376246862,0.03723650239669316,0.0016963748137941892,0.009753659932913805,0.05803014513703852,0.22450907069000384,0.0064389030625309875,0.5382585202045569
7,7,OUT,OUT,0.14014059888431524,0.02594848328469158,0.0039541559199931684,0.006797205817834099,0.0997514047824061,0.11955959529257662,0.0054155107963568165,0.5984330452218264
5,5,SO,SO,0.0704690793797542,0.017674486215705092,0.0015988615673603692,0.00938277578131927,0.042678242826499256,0.42985395801192994,0.0036245663348298475,0.424718029882602
7,7,OUT,OUT,0.19869818767056174,0.02399926871940152,0.0023832752016112804,0.007656138203642588,0.07396705665664992,0.12826489400096935,0.004125678090428218,0.5609055014567355
5,7,SO,OUT,0.15289449458914672,0.021896673367772623,0.001495308447125589,0.008556814500785524,0.05719779668690696,0.1666867692829557,0.0040323456875911625,0.5872397974377157
6,7,HBP,OUT,0.15211310976327708,0.023363928103026198,0.001720460073161491,0.013494704537021092,0.0574911051184982,0.1898388522216434,0.005783532258841876,0.5561943079245306
7,7,OUT,OUT,0.14057363021889077,0.04450943134856623,0.0014799158912120547,0.0085650747555387,0.13290152165360394,0.20346336003371823,0.004345732692265938,0.464161333406204
5,7,SO,OUT,0.14220661307084206,0.02429519714938071,0.0014005726716647799,0.044617887405011734,0.04262230798188211,0.3370378432483825,0.007902094100605304,0.3999174843722309
3,5,HR,SO,0.1473413049241839,0.026373716231573557,0.001657781088613474,0.04247673111369036,0.05035098822641698,0.36568189012493646,0.00907684382923002,0.3570407444613553
0,7,SINGLE,OUT,0.12153480036118604,0.04540736373434873,0.0015458472109937556,0.012177068785190336,0.051318156875498386,0.3117091080775337,0.0052210531937284905,0.45108660176152043
0,7,SINGLE,OUT,0.1583918725257939,0.03127345413399029,0.0016719936240265768,0.010165886210425516,0.048114449932735295,0.20673647119654934,0.007259064055706686,0.5363868083207723
0,7,SINGLE,OUT,0.12449823091098315,0.020536012955814725,0.001517310749295776,0.014082543443517998,0.06965201195403178,0.1891916138800652,0.008143219941484625,0.5723790561648067
7,7,OUT,OUT,0.09906764843056658,0.015845129413391095,0.001558509683411676,0.00804298483287082,0.03765045784610857,0.31821897789450765,0.006652176729955592,0.512964115169188
7,7,OUT,OUT,0.13967323627276865,0.04912481055573851,0.001556318656260832,0.012858832762911977,0.06884130791058178,0.12049174894832972,0.004036332771555765,0.6034174121218527
7,7,OUT,OUT,0.1554282457679789,0.10372734355572968,0.0016593606307808483,0.024929904832958375,0.06395321555968118,0.22869002626204663,0.004803947628831327,0.4168079557619932
4,7,BB,OUT,0.13115196336498333,0.048118498295576684,0.0021557717460603397,0.010328916360947866,0.04157148903142686,0.2808633959691378,0.0038316230282002817,0.4819783422036668
7,7,OUT,OUT,0.22051662154845858,0.029240929466849915,0.003257099286545878,0.007778999866316558,0.033178808629981106,0.1682381592421003,0.011821153987099238,0.5259682279726484
7,7,OUT,OUT,0.18507802250448196,0.039431996724927636,0.001691385427253303,0.01229887532321185,0.03550768620188125,0.2718173963865834,0.024442713895803138,0.42973192353585743
5,7,SO,OUT,0.16442346195064605,0.029145643212670828,0.0016555304972921659,0.03108987932966962,0.04903645091483046,0.34944148946153525,0.004791210353912861,0.3704163342794426
7,7,OUT,OUT,0.15024208208816278,0.05163202014009926,0.0016180750881502025,0.03875890241112925,0.09465197767277458,0.22329438366749108,0.004302211680886774,0.4355003472513061
7,7,OUT,OUT,0.12685690451792406,0.024509555607929043,0.0015460529055664129,0.01238213251322359,0.09460779448236518,0.20893017418085108,0.004186841571985537,0.5269805442201551
7,7,OUT,OUT,0.146746063156948,0.03005064240752973,0.0016582567340605616,0.01338412904709144,0.05647054478313473,0.2042610902932412,0.004832754924653503,0.5425965186533408
7,7,OUT,OUT,0.13238331601791084,0.04888184204767541,0.0015054454991490418,0.009696670015794006,0.04895872666495737,0.25728726739264274,0.005954676787476505,0.49533205557439425
7,7,OUT,OUT,0.16337415773178063,0.031502614728438114,0.0016980469188526042,0.009810319966045096,0.047860396108445585,0.23807912759930283,0.005005302477131841,0.5026700344700032
7,7,OUT,OUT,0.12698488198324845,0.032734833149451525,0.0016065421057682204,0.01627146796218051,0.05937374453994294,0.21746340705085107,0.011784115846916786,0.5337810073616406
7,7,OUT,OUT,0.17863281379362334,0.027491605700138033,0.0019539261824259506,0.025785008957277755,0.09677290198138679,0.1906746469209622,0.004909546717207589,0.4737795497469783
7,7,OUT,OUT,0.17130121600355797,0.0529914737433801,0.001722777973676154,0.011404617084609466,0.1253428308489729,0.17814981617647,0.0064876389369223925,0.45259962923241104
5,7,SO,OUT,0.15677112687711298,0.04811028875550528,0.0018681493275816718,0.01115979180369242,0.07206654265169138,0.14717827138928966,0.004258071373205224,0.5585877578219213
0,7,SINGLE,OUT,0.1827838353051995,0.032824185375164405,0.0016475121260207384,0.008254705472640947,0.10427103960472496,0.2857987419623299,0.006414804928463813,0.37800517522545574
5,7,SO,OUT,0.1660166399893962,0.036956354732764915,0.004991841483153641,0.009229808159530397,0.04001127469253247,0.2617160017987066,0.028612384969887633,0.4524656941740282
7,7,OUT,OUT,0.1860585753724911,0.04008766411104845,0.004140995309712537,0.009236064545986626,0.04066287895171237,0.27332740464980143,0.03499836521746249,0.41148805184178505
7,7,OUT,OUT,0.17624764562682693,0.04562166932313266,0.001690664802576172,0.011248634999259675,0.10647958189981371,0.15313391598082388,0.007380058581740789,0.49819782878582614
7,7,OUT,OUT,0.16919086364272604,0.02251072848374526,0.02120341310429782,0.009432472952399544,0.06554242449009126,0.18624726709708847,0.012605894716479622,0.513266935513172
7,7,OUT,OUT,0.1467954724326374,0.026800983273536704,0.0017775957083829234,0.0676688810736526,0.10967146162337964,0.2579377570134684,0.004402378452717918,0.38494547042222443
5,7,SO,OUT,0.11861657384255592,0.03280353042658391,0.0015546313709343675,0.00932965124054937,0.06401577869906847,0.23938975442541963,0.010875474231149712,0.5234146057637387
7,7,OUT,OUT,0.09618931412266016,0.029114796212422973,0.001848302787885736,0.007719572601251972,0.037305995999795706,0.1300016628805139,0.004788446276276234,0.6930319091191933
0,7,SINGLE,OUT,0.10611422427637088,0.01977155216044921,0.0012066899115938197,0.006948970373126099,0.07727658029038789,0.15916851128622925,0.004766103797859136,0.6247473679039838
7,7,OUT,OUT,0.15694172502706494,0.021158404052055237,0.003037211132254752,0.008492754901847675,0.08377839102510007,0.13704902915824568,0.005553509755977042,0.5839889749474546
0,7,SINGLE,OUT,0.22238264088960305,0.03296108288303041,0.0027181452881062155,0.010250691122766959,0.076538341308125,0.2210325795861575,0.00853325828276352,0.4255832606394474
7,7,OUT,OUT,0.14885862219290427,0.020522303902449218,0.0016190873613297339,0.008981617049804604,0.067699013838266,0.3034117739617829,0.004743518843338547,0.44416406285012455
7,5,OUT,SO,0.10125806365260558,0.021679572821625154,0.0019627494090907202,0.04930713088073984,0.11816617392008516,0.3998846917254713,0.0046648880653316,0.3030767295250506
7,7,OUT,OUT,0.2291214431090064,0.06737039834476385,0.002133033340223196,0.010639328809784998,0.058201290557370985,0.20010721827122582,0.004849811744456365,0.42757747582316846
7,7,OUT,OUT,0.15307373191723336,0.03080799778356069,0.0016542001793328528,0.047116677709245734,0.08071076646737357,0.15290443074435586,0.005694900211634289,0.5280372949872636
3,7,HR,OUT,0.13907410414401516,0.02779355656194337,0.0014859803336642263,0.01264773367933781,0.08643578139673759,0.15191285051994394,0.003788851749026186,0.5768611416153316
4,7,BB,OUT,0.13470769502056829,0.0254005372644814,0.0014503267111351723,0.012799304000581978,0.08498037002773949,0.19309374203978222,0.004516220731287926,0.5430518042044236
5,7,SO,OUT,0.12479425729729904,0.017371634208438406,0.0017963403842285038,0.007466545593730798,0.05924186609091554,0.1954209781417271,0.017777371220874225,0.5761310070627864
5,7,SO,OUT,0.12355105436829619,0.026394170758811567,0.0020461885624520676,0.010428940693724957,0.08021765991968498,0.2345738091753592,0.004224446201354868,0.5185637303203162
0,7,SINGLE,OUT,0.19497076102720015,0.029721345634234387,0.0019843061382262893,0.014672123201329946,0.08830396373003681,0.22912729119632577,0.004967942870451377,0.4362522662021955
5,7,SO,OUT,0.13240275647664076,0.03125336834725631,0.0025207889435785937,0.012323244160106439,0.06910306631305374,0.251180330389999,0.007096071786501424,0.4941203735828639
7,7,OUT,OUT,0.15139129128596054,0.02457032535596946,0.0020082489126430157,0.017912697464568778,0.08462301069996718,0.24619391328975823,0.0048847938268143775,0.4684157191643183
5,7,SO,OUT,0.1579960769234142,0.04371603988790704,0.004400178431494447,0.00927570160853412,0.04162620477702335,0.2695956625754442,0.030489003711801414,0.44290113208438114
5,7,SO,OUT,0.1391133573323244,0.0356904227450598,0.0014295929790657266,0.029112640185389782,0.041661065251821894,0.3133942561389311,0.010042795039432688,0.4295558703279744
0,7,SINGLE,OUT,0.24833457347612262,0.03221033650771696,0.004115245932748083,0.008016843042045904,0.03543393227542409,0.19223130211537554,0.005347719694801504,0.47431004695576534
7,7,OUT,OUT,0.20759225777492518,0.030401773093353648,0.0018596740330157186,0.011581340146016656,0.03347517313641712,0.18556979843548252,0.013534345407830979,0.5159856379729582
7,7,OUT,OUT,0.13603940216108112,0.027404846143975987,0.0015049110732214665,0.007904815177703438,0.07800169957873364,0.18322631676606455,0.00686820467981915,0.5590498044194007
7,7,OUT,OUT,0.1442857564377814,0.06007778702407827,0.0016788262553242086,0.05077248672033131,0.07113260557334251,0.2068666548600743,0.005189110488393265,0.4599967726406746
4,7,BB,OUT,0.12997097655679868,0.020429587203445624,0.0016308947415791012,0.011529879399727412,0.10883844832942605,0.20427762456913232,0.004794689551812332,0.5185278996480784
0,7,SINGLE,OUT,0.23299545984807177,0.030487201647370295,0.002000173439059491,0.013714461571155485,0.0900327816779366,0.1913127513507147,0.004732798166755082,0.43472437229893657
7,7,OUT,OUT,0.16083812710061435,0.029611224710007832,0.0016692793439085027,0.037028868711090616,0.085809435324647,0.2838432630494641,0.009574697235490493,0.39162510452477706
3,7,HR,OUT,0.1402351557267885,0.023290507727093217,0.0016073933247962029,0.022219003035929382,0.10687063173493716,0.25991053004843523,0.008121380244705994,0.43774539815731434
4,7,BB,OUT,0.14921139489376625,0.027320314389730944,0.011629724674772586,0.008022371147943609,0.06307240871517365,0.16557167172952833,0.004229792458485343,0.5709423219905992
0,7,SINGLE,OUT,0.13543698844232496,0.025583432593604048,0.01748826751168657,0.00860489401819215,0.05015076565803029,0.17873916629312667,0.007623273786945845,0.5763732116960896
5,7,SO,OUT,0.15847091481456185,0.04976915045065564,0.0016192417230515492,0.028706919434160295,0.08641192007296868,0.21649317045998936,0.005564544625874191,0.4529641384187385
7,7,OUT,OUT,0.17062748613580356,0.019613314909657665,0.007831949424283408,0.007845882100342101,0.06201238445492075,0.21681802457087074,0.0041361715365082,0.5111147868676136
7,7,OUT,OUT,0.2292351578401609,0.023969598381458086,0.0014733260952944972,0.007466680877644774,0.03909327430129963,0.27320484373486026,0.004265486421707655,0.42129163234757405
7,7,OUT,OUT,0.15891335420461591,0.024016161160771942,0.001539171863000228,0.015539438366809847,0.05296281614509822,0.17032801309895537,0.0041113838767603324,0.5725896612839882
5,7,SO,OUT,0.08697853286094416,0.023139291100331878,0.0028471102683263303,0.008913787385114438,0.060501031548238354,0.29992381775292676,0.0041393001818655914,0.5135571289022525
7,7,OUT,OUT,0.12848824012060017,0.055994750902888794,0.0016841818623335224,0.021953705489343417,0.07387079097939458,0.3216909046339978,0.00407720519254088,0.3922402208189008
5,7,SO,OUT,0.1636266115171339,0.018907990183515112,0.03852614446347695,0.0069882257184382,0.053141830844823455,0.1990172464540346,0.007951248934003707,0.5118407018845741
4,7,BB,OUT,0.19572171931305832,0.027627011338303937,0.0013744838080160815,0.008299772913624921,0.07815085610919124,0.15961925119508813,0.005574533653476478,0.5236323716692409
5,7,SO,OUT,0.23041091173449033,0.03313003789737383,0.0018508174595374886,0.015973603011185875,0.07770480714131077,0.22792319160416988,0.005112654302434918,0.4078939768494969
0,7,SINGLE,OUT,0.1646422478651996,0.05439114320833095,0.002452516206697507,0.010700620714370243,0.06712089229393547,0.17075583229084573,0.004379873604870864,0.5255568738157496
7,7,OUT,OUT,0.06967609596496441,0.016703808358685318,0.004873280087854942,0.007046076856858114,0.06737295071622418,0.31178756629998206,0.0034144940703137562,0.5191257276451172
7,7,OUT,OUT,0.0887219714935612,0.02134401438074256,0.0033640175908736807,0.008925869398301959,0.06413202559825579,0.21140054495880461,0.009657376263612167,0.5924541803158481
0,7,SINGLE,OUT,0.08967298426322622,0.021551080564335454,0.003352514536935123,0.010262340109272407,0.056906101236448875,0.31534175010011517,0.003927323626471371,0.49898590556319544
7,7,OUT,OUT,0.19411965811586168,0.016754981344226306,0.020117578281982105,0.011328991425679811,0.07234822123970787,0.17034123145135702,0.004300619195486046,0.5106887189456992
5,7,SO,OUT,0.13972793443757447,0.025510930224502588,0.001969527367079943,0.019594741767161236,0.05828401476379554,0.180739293457836,0.004454651898119658,0.5697189060839306
7,7,OUT,OUT,0.1414168707094206,0.03747552817780101,0.051704938512654806,0.014290456900360848,0.06032335299882929,0.16386993144550246,0.004108283519568406,0.5268106377358626
7,7,OUT,OUT,0.16714271044377674,0.03480239307616628,0.001495001084955695,0.02054064132075318,0.06530179638508947,0.20347708803632936,0.004125650531776579,0.5031147191211526
7,7,OUT,OUT,0.22799832226018105,0.01890654440081493,0.007825730070891716,0.016124035775245123,0.03679731058225284,0.12631150357901122,0.004342571996499318,0.5616939813351037
5,7,SO,OUT,0.16529576743280647,0.04684704010086809,0.0016036174496639746,0.019423176320685003,0.07237588505071436,0.25967156763700977,0.0038519368954148666,0.4309310091128375
5,7,SO,OUT,0.08476330966488252,0.02298843109144885,0.00271017943146317,0.012468819863134794,0.0822474566900621,0.22539957219413337,0.007866045471093916,0.5615561855937813
7,7,OUT,OUT,0.15697820604266702,0.017033687560284085,0.004027151507679047,0.007248632690140284,0.08203119423106556,0.16465331289917,0.004665878529624272,0.5633619365393697
7,7,OUT,OUT,0.18223767916778588,0.0509934321124875,0.002466590895418292,0.022091777259062993,0.09140824782614043,0.17151049232680138,0.0042806611304604765,0.4750111192818432
4,7,BB,OUT,0.16581199541766484,0.0339120571159512,0.0031563944822869602,0.014136558982967406,0.10740131421262032,0.19933274739649495,0.010276571203174892,0.4659723611888395
4,7,BB,OUT,0.15728524232245417,0.034317058231065296,0.003769309347223857,0.01490456506315675,0.032569004150464285,0.09665124971940231,0.027373016928413287,0.63313055423782
0,7,SINGLE,OUT,0.31358322283026024,0.020165109670652468,0.0014895730162139008,0.009454580430591284,0.09602165327920725,0.12792633272397305,0.003968242589226273,0.42739128545987554
7,7,OUT,OUT,0.1630476869011194,0.03023852052230793,0.002516074737658832,0.01090415838348612,0.04675794257311772,0.16134523038220616,0.006678219250956294,0.5785121672491476
7,7,OUT,OUT,0.2055891934739542,0.015408676546998115,0.0014254898207836893,0.007816900441455206,0.10785806600709201,0.1115754545802748,0.003814211379825899,0.546512007749616
0,7,SINGLE,OUT,0.16418643174468875,0.03752081687104419,0.0016754183850353373,0.011761762026779992,0.08295600715487547,0.1443527429228245,0.004845102948620942,0.5527017179461309
7,7,OUT,OUT,0.09643199674975435,0.018495333886428458,0.0014727413927197838,0.010532153719241577,0.03543515852823947,0.17017448845314476,0.004526634572597412,0.6629314926978741
7,7,OUT,OUT,0.1163412606373832,0.0363785105485468,0.0013832277532013675,0.01564272942490085,0.04032878224070432,0.14388711233651544,0.006044347099779051,0.6399940299589689
4,7,BB,OUT,0.14038054547816986,0.024664605593908095,0.0014109944020777555,0.011815289308540942,0.039475131591971226,0.19565030837018568,0.013153531648676336,0.5734495936064701
0,7,SINGLE,OUT,0.12817215469191193,0.03923841681467971,0.0014023399926067599,0.023151018027071875,0.04105502789694781,0.10885787717769248,0.006086800846783854,0.6520363645523055
7,7,OUT,OUT,0.14878599251724925,0.031032804141784616,0.002157795399783601,0.008415801945514946,0.07465076301902342,0.12200850594485803,0.004022949419375046,0.6089253876124111
0,7,SINGLE,OUT,0.15369148314081346,0.02710855388684204,0.0015978850941244641,0.009595685154290472,0.06523771005555884,0.197544869002661,0.004557823953328511,0.5406659897123813
7,7,OUT,OUT,0.17712007169393534,0.02862705042918281,0.002085016880635901,0.014236131545381414,0.06809826797235827,0.1669054354250647,0.005673886461684529,0.537254139591757
7,7,OUT,OUT,0.15226654591642227,0.036906565412742585,0.001573706836214409,0.027650556609844855,0.06964614965457087,0.1143922406883064,0.011958804561072293,0.5856054303208263
7,7,OUT,OUT,0.10593384535342165,0.048943678103691726,0.0014786139579347176,0.022619525814547927,0.05192484055866015,0.1397812957836531,0.007536933262984494,0.6217812671651064
7,7,OUT,OUT,0.17084310279447454,0.02293296692062631,0.0017821086897716483,0.010653488494023705,0.03589485142156512,0.10331998566052521,0.022837393342786935,0.6317361026762265
0,7,SINGLE,OUT,0.15970907555787042,0.02214369210692859,0.0014810712698684475,0.021993788643245322,0.036319699239715626,0.10428535645936822,0.024789812093652247,0.6292775046293511
7,7,OUT,OUT,0.16259720641269854,0.036591749549624464,0.0037360083216836097,0.012653643455836937,0.030153139303667635,0.08940367374617392,0.0317682582164414,0.6330963209938735
7,7,OUT,OUT,0.15652872579711183,0.0376133972985284,0.0021906443883135643,0.010816092223098579,0.048243642461638425,0.16098018785421284,0.004398092836861441,0.5792292171402349
5,7,SO,OUT,0.21657939045299954,0.01989945356377784,0.0015825251485269542,0.008840224583337728,0.0681232892742799,0.15323585140209525,0.004446871977673687,0.5272923935973092
5,7,SO,OUT,0.1775499606916229,0.03631371887496847,0.0016151056232491185,0.014083089601830872,0.07503805012199569,0.13239743926407962,0.004947881042683165,0.5580547547795702
7,7,OUT,OUT,0.19708224567661822,0.05643071612083141,0.0017341652342977504,0.02613605274487204,0.09163971854224759,0.15036794627867084,0.0052275044294223085,0.47138165097303986
7,7,OUT,OUT,0.18692626336601267,0.03144462603757169,0.001619541608756055,0.023385749375475908,0.15861239674370844,0.12301236269268889,0.004332731360911625,0.4706663288148745
4,7,BB,OUT,0.19918251917161195,0.038788123202939395,0.0016662541654802086,0.03021829111610568,0.15311572221094005,0.14713953921984002,0.006276383636076145,0.4236131672770064
7,7,OUT,OUT,0.1691295845786798,0.0376116402557689,0.0017018849055021798,0.024494670241671596,0.1118525818509779,0.20405440056569787,0.004749226779212587,0.4464060108224891
7,7,OUT,OUT,0.09205553949838897,0.019892537602721316,0.004586494730508276,0.01219994348059638,0.07485863720961763,0.3381918664963746,0.003953913276843211,0.4542610677049497
0,7,SINGLE,OUT,0.14711125361583707,0.026778500635399233,0.001642764974124311,0.02290318423880114,0.10089998792335038,0.24792977005068528,0.017047015033940485,0.435687523527862
7,7,OUT,OUT,0.09697134234123857,0.024451352593470584,0.0016114015833307907,0.008293647278827818,0.050011339494125395,0.3938352519001614,0.004142588846101852,0.4206830759627436
7,7,OUT,OUT,0.18202302266720835,0.03532584954164447,0.0017504539025095457,0.0091204471144251,0.05300725621620801,0.18931946664388763,0.003910633550900851,0.525542870363216
7,7,OUT,OUT,0.15897934631126498,0.0345787925619855,0.00147099822161923,0.008074338187878501,0.07328429708436901,0.19428899273144418,0.004969260393462586,0.524353974507976
4,7,BB,OUT,0.21602267944256048,0.028714309022908516,0.004665481389019012,0.0084212842893595,0.08079441548266007,0.18446227315566455,0.0040793439086439145,0.472840213309184
7,7,OUT,OUT,0.09078419683867357,0.026052048915279465,0.002713587463940421,0.007877795497929909,0.09307973232103096,0.19003011070943898,0.01070690496367812,0.5787556232900285
4,7,BB,OUT,0.1581452869307005,0.02865218110584187,0.0024082849140929425,0.00917990326585688,0.04667969136028506,0.14033989141063904,0.0115655642037623,0.6030291968088214
0,7,SINGLE,OUT,0.1469319033994467,0.03355941009663161,0.0037349201954337175,0.007538180391636579,0.03309530564065907,0.14045946498839743,0.0039633271980476946,0.6307174880897474
5,7,SO,OUT,0.23139401938487758,0.022754833869759905,0.001761632838531446,0.010176601826619442,0.0478211606112808,0.1610741991417209,0.004339917745437147,0.5206776345817727
7,7,OUT,OUT,0.1937780345197239,0.020915275959454874,0.004465146762421192,0.013235909124616854,0.03586536225095016,0.12983071741673555,0.004519828077679097,0.5973897258884185
7,7,OUT,OUT,0.2432829718671491,0.033496575823361255,0.0017939031209819197,0.02084421200727504,0.09481544923552088,0.23128771329199288,0.00413523348164525,0.37034394117207364
7,7,OUT,OUT,0.16196244394698162,0.0423657653476339,0.0021481285295103093,0.009288167520363625,0.07681238129883075,0.24432066313220477,0.005834434697207385,0.4572680155272677
7,7,OUT,OUT,0.1685613786857337,0.03724619498802206,0.0015498319513299553,0.012744272226608675,0.054278785425208316,0.234881108893671,0.00424265692734904,0.48649577090207724
5,7,SO,OUT,0.130593135576792,0.035476651596582046,0.0015617924645942923,0.011089191222415532,0.10676302313939319,0.19936612780391127,0.004531227109262372,0.5106188510870492
5,7,SO,OUT,0.12951788934536942,0.0338516325276312,0.0015454808539006003,0.03541977901495929,0.07885569401993144,0.25253740735321273,0.009901154497575912,0.4583709623874193
3,7,HR,OUT,0.2204738878192946,0.02472331185802079,0.001969631416718731,0.010210266231430013,0.09172861849199382,0.16289879550577302,0.004968908400371141,0.4830265802763979
7,7,OUT,OUT,0.22800599687566767,0.02021793990148793,0.0016096430792518213,0.009207373332144166,0.05008805901976985,0.15881576529857913,0.0040699934252784835,0.5279852290678209
1,7,DOUBLE,OUT,0.22354023673075413,0.01965893074544977,0.0033180400337157793,0.008994973156766398,0.03507194788412367,0.13557439438034205,0.004354738139608003,0.5694867389292402
5,7,SO,OUT,0.16250433713630377,0.035118040908615734,0.0018704190608808302,0.01051132556453533,0.05967603533690701,0.2130096590631422,0.005717390646233848,0.5115927922833812
7,7,OUT,OUT,0.10103160213284233,0.026389968598695072,0.0017827696477215596,0.03378153118230361,0.09812438126856164,0.34565363036963015,0.00538947907989667,0.3878466377203491
7,7,OUT,OUT,0.16444745422610602,0.024643463118901653,0.0015843749154004147,0.009381618557461684,0.0670091184680958,0.13572901371194226,0.015297833608477363,0.5819071233936147
5,7,SO,OUT,0.11177301958017997,0.022111750027032806,0.0015812194616278059,0.00807690402553071,0.048885830973530886,0.343615215152788,0.0043788343404322135,0.4595772264388777
1,7,DOUBLE,OUT,0.12067900579724183,0.03422882657412292,0.001661939307552313,0.008522927026037755,0.053045107148953795,0.24637813663403815,0.005410974108923381,0.5300730834031298
7,7,OUT,OUT,0.173316531554964,0.02834621627777768,0.00139138722448628,0.021956453064791038,0.03715867703485024,0.09951432177249744,0.015044462730109473,0.6232719503405239
0,7,SINGLE,OUT,0.14976707576929985,0.020790770538075997,0.001675246367525011,0.007255253148488259,0.07717836179244696,0.2348701089543726,0.004384036709739546,0.5040791467200518
5,7,SO,OUT,0.13382216299296007,0.027188136455889057,0.0017479798637147239,0.008960137333033647,0.08811285618342138,0.22793714710720198,0.005808592306300673,0.5064229877574784
7,7,OUT,OUT,0.10044748089377445,0.02534356269556578,0.0013649770900964683,0.009458850729360214,0.07314417000716407,0.30204842884204947,0.005225363304231939,0.48296716643775767
7,7,OUT,OUT,0.13327566105693173,0.06036390490859867,0.0019624115819182842,0.029922230417762756,0.12742417233254152,0.15022512820216663,0.0075559192896947885,0.48927057221038567
7,7,OUT,OUT,0.22482254779763694,0.029750394698430802,0.001665780559709202,0.014571846382474858,0.062068450369693655,0.17964457845891849,0.0039448547519706665,0.4835315469811654
4,7,BB,OUT,0.21256474991591787,0.04871063480882244,0.0024737162548892164,0.009794744612954704,0.07813287406372404,0.18450801284143065,0.004669248681199995,0.45914601882106093
5,7,SO,OUT,0.1823562575984694,0.039692378037336606,0.0015076344333413722,0.02024772974011498,0.07156461797860139,0.1853102514152382,0.00411556805828063,0.49520556273861766
7,7,OUT,OUT,0.1412900326151968,0.03605114464714087,0.0016722082184652011,0.04738734357226753,0.06977892597348737,0.19560746124564382,0.005854672423100669,0.5023582113046978
0,7,SINGLE,OUT,0.17196685201249526,0.016278047302746176,0.0883008178222432,0.013360951554126577,0.060559369840160304,0.1674004298261205,0.0037067937684832014,0.4784267378736247
7,7,OUT,OUT,0.20871674975472607,0.01744851209204942,0.030816905653429764,0.007829950341734072,0.07059395494404129,0.20556241558172145,0.003595593917477401,0.45543591771482034
7,7,OUT,OUT,0.18969811274591056,0.04346580558184258,0.0015071955424349227,0.02290393956850896,0.05561121764143867,0.17883469099087762,0.00430652106500926,0.5036725168639773
7,7,OUT,OUT,0.22874917187300875,0.04156341758918127,0.0016376479618232386,0.012630219664437803,0.062207902102386595,0.14661922770823907,0.003823644726553169,0.5027687683743701
5,7,SO,OUT,0.07184160597535817,0.03555172737025092,0.011919043399776359,0.008569794402673707,0.06323597378887824,0.23449218367119606,0.003851159249152618,0.5705385121427139
6,7,HBP,OUT,0.09514687766077828,0.0269210875468949,0.0058144922840115,0.008996014713579118,0.07184489700035189,0.1983652776241875,0.010961372484067847,0.5819499806861289
7,7,OUT,OUT,0.18322442770331934,0.035079978977315206,0.001914600445663878,0.009535410539726006,0.06447780198477214,0.18395460810674263,0.004965965830510492,0.5168472064119503
4,7,BB,OUT,0.18422156721340358,0.03988255327785425,0.0077928352804286566,0.007209592693722576,0.0860126245443793,0.11984674142286687,0.0038081929542483337,0.5512258926130964
5,7,SO,OUT,0.131194473776488,0.05274209590986204,0.0014937776918929595,0.01740224407157997,0.0626924444682172,0.20070652380905993,0.01383168663299117,0.5199367536399088
4,7,BB,OUT,0.14277481202197864,0.03250776082233287,0.0016630081585991383,0.050289406156597834,0.07122645837957543,0.20422466177063245,0.0068276701543158146,0.4904862225359678
0,7,SINGLE,OUT,0.16381697975679183,0.03465727305996112,0.001954304825023943,0.00877067948601307,0.07502010293200766,0.16226714927235145,0.003472098545023726,0.5500414121228272
7,7,OUT,OUT,0.19845194400468277,0.029587960443621397,0.001463813019664359,0.010766554965573437,0.08036822393081577,0.16477370599180707,0.005405327738235133,0.5091824699056
5,7,SO,OUT,0.21359381922028944,0.020018482389963666,0.0018032006119762724,0.021541028260306377,0.08377137905165906,0.27069747571084135,0.0046016291522207806,0.38397298560274284
0,7,SINGLE,OUT,0.16833393260278517,0.03367145615147671,0.0024526043876622584,0.008972249690560671,0.05986503923333436,0.24531897700128869,0.005412582012685766,0.47597315892020636
7,7,OUT,OUT,0.1789026495077431,0.03560342772088181,0.001525133514437026,0.01498471358963351,0.05579353728859523,0.20568637387001779,0.004852284924188762,0.5026518795845027
7,7,OUT,OUT,0.07300303697142445,0.03478292728599712,0.010297688359101186,0.007073232109841618,0.06856036537657112,0.20000735279583956,0.003328161777827188,0.6029472353233979
0,7,SINGLE,OUT,0.1064627776508605,0.021241870349395082,0.004364821061035865,0.008791527913939072,0.05050402691041471,0.19998825287102542,0.004624055386616934,0.6040226678567124
7,7,OUT,OUT,0.24358145572635415,0.024487238845746783,0.001660307164277051,0.007689631439647225,0.037890294981239116,0.1819703126513337,0.004151905005419433,0.49856885418598246
7,7,OUT,OUT,0.20027702011327173,0.025742910060455114,0.04432818312438626,0.012247427933532135,0.0367608423978352,0.1653031517063658,0.004232863186588669,0.5111076014775651
7,7,OUT,OUT,0.12544260850925354,0.023558839582163264,0.002208381707600821,0.014804151656864597,0.08445543891544832,0.17688585344347638,0.0071551358546174245,0.5654895903305757
7,7,OUT,OUT,0.1444136839107805,0.023973198001612166,0.0066046051487217775,0.007766639730356236,0.07605471713154813,0.1945551233326036,0.007252688201744904,0.5393793445426327
7,7,OUT,OUT,0.16125400296685732,0.02009349363740725,0.022470309392500616,0.008171717736430177,0.06436910451716531,0.20077711067553358,0.004011483601605002,0.5188527774725008
7,7,OUT,OUT,0.18809531481073927,0.023793118765064306,0.013795901114293943,0.009839251039189723,0.046257795508604614,0.13148543712224078,0.005821904145129188,0.5809112774947383
7,7,OUT,OUT,0.18933906643641768,0.02925052468972896,0.012807184059007793,0.008919723334655483,0.030366386974939947,0.1471569693969623,0.003943295745565243,0.5782168493627227
0,7,SINGLE,OUT,0.14318505658779837,0.023526164375118026,0.0018274244055481892,0.01651267644002289,0.07239259772307859,0.1934159656204086,0.00820057133673915,0.5409395435112863
0,7,SINGLE,OUT,0.19619704492307294,0.025199130239051477,0.002159875232509857,0.008569792175551346,0.06128104114503566,0.14614496376625027,0.003402681442845871,0.5570454710756825
7,7,OUT,OUT,0.16878947945262743,0.024973343574074037,0.003418344350024859,0.01448084086328809,0.039913106105944264,0.11636970852238598,0.02815195007105092,0.6039032270606045
7,7,OUT,OUT,0.16034676920992597,0.028431912671799685,0.0016872204674348208,0.017342570526456026,0.10785243561236832,0.2695168774190015,0.01221199421835326,0.4026102198746604
0,7,SINGLE,OUT,0.3051652701711232,0.033425884402329534,0.002122208592787692,0.010793398976815154,0.04710195994958773,0.09966036686013441,0.00976483153177817,0.49196607951544413
4,7,BB,OUT,0.1441900124549788,0.04017736282775008,0.002216710732235784,0.04160650969880876,0.0952533253367237,0.18956238954333146,0.00475554746226784,0.48223814194390363
5,7,SO,OUT,0.22278034581313583,0.023492703874352268,0.002379711985960668,0.014151525742048584,0.06343892659473885,0.202669503426145,0.004852961645712572,0.4662343209179063
7,7,OUT,OUT,0.1802416947323995,0.02184037679384941,0.0017790025105859366,0.02750418034138341,0.0661485924997055,0.2296461120329469,0.004225245556896581,0.4686147955322328
7,7,OUT,OUT,0.15195831431335347,0.030472534934463592,0.0019709382556746795,0.02160838068680467,0.05832830311798001,0.20991828691047432,0.013036835820423982,0.5127064059608253
0,7,SINGLE,OUT,0.3282960259583801,0.04447357425530906,0.0016220188304015338,0.017429832966337253,0.06933421980181531,0.1129047123549722,0.00610220784257878,0.41983740799020575
7,7,OUT,OUT,0.14580331751581962,0.05939549945386021,0.0017500471398347265,0.022005631723545523,0.07428172592900627,0.16658032035272213,0.00573835126627975,0.5244451066189317
4,7,BB,OUT,0.2284992382048843,0.04582676659407161,0.0017406292128687838,0.025841108919881516,0.06529144788183998,0.23524948472245022,0.005471811941191738,0.3920795125228118
5,7,SO,OUT,0.14651454580361592,0.028691722931195037,0.002033500711487915,0.014011366402894646,0.05678589033432189,0.11921576548232597,0.0041917590915158676,0.6285554492426428
7,7,OUT,OUT,0.15366446909720988,0.04463734994595764,0.0018321809361244192,0.028968235587781353,0.08060984705416024,0.26353069135266977,0.00397029547161581,0.42278693055448097
5,7,SO,OUT,0.10396222594751922,0.027759847287801964,0.006571812372498545,0.007797046766319587,0.05214597437346574,0.177073103074896,0.00478463946029552,0.6199053507172034
7,7,OUT,OUT,0.14025799747613563,0.02173989667735903,0.0016921381564191464,0.03605258278035009,0.03291288797034759,0.14581934337845479,0.0056294855877458356,0.6158956679731878
7,7,OUT,OUT,0.15949544978276828,0.03997946438291825,0.0027070048238462957,0.034883158370502036,0.0653395819732378,0.24549539371976906,0.0059974953030229984,0.44610245164393525
0,7,SINGLE,OUT,0.24125273113005777,0.02434388902371553,0.002325837648446975,0.009128595797097369,0.03402707782878399,0.11628152116123426,0.0041921978274546395,0.5684481495832095
7,7,OUT,OUT,0.14449542605413365,0.01698087545835373,0.0017385254227715854,0.04073015035872027,0.0617963287542091,0.14911349320822762,0.004542699220269009,0.5806025015233149
7,7,OUT,OUT,0.15302240666877012,0.02486769261483863,0.0014703413103750928,0.01626254964140949,0.044943701657855134,0.2031794701678142,0.011903474866846592,0.5443503630720907
7,7,OUT,OUT,0.17406167639541292,0.02649473890041361,0.0018182028402974296,0.01716254578318521,0.1113461184318742,0.2783693376115693,0.01192400554013993,0.3788233744971074
7,7,OUT,OUT,0.205582075223406,0.02964826444864325,0.006816345772338534,0.01128223769164335,0.03955406522134005,0.1770714458875838,0.01430971438610629,0.5157358513689387
0,7,SINGLE,OUT,0.23829544494972146,0.04707807790092289,0.0014386340449058586,0.01654222018558272,0.04095102578025313,0.188058041350685,0.004488737731457588,0.46314781805647154
7,7,OUT,OUT,0.18431154734147862,0.05084442497693948,0.0018786921346023663,0.030991984792891638,0.07114997179817904,0.12656012039803413,0.00612091345486949,0.5281423451030052
4,7,BB,OUT,0.22401707992519881,0.022110351422899348,0.0023970151427938654,0.011349369258466763,0.06244622147120497,0.17051777419611608,0.0047088187186246095,0.5024533698646956
7,7,OUT,OUT,0.2047434353589648,0.02411729253888214,0.0019519631660621397,0.027886200914884765,0.06380931686692057,0.19062558572672297,0.004371168897326047,0.4824950365302365
7,7,OUT,OUT,0.15463484573085168,0.031051656353116894,0.0018692601684738017,0.02853329422923759,0.06777767181007009,0.17607051213178626,0.009197016481890103,0.5308657430945735
4,7,BB,OUT,0.3336950664297218,0.024567417349897258,0.0014293978025207018,0.012916465621425439,0.05262615846332734,0.20572325139156822,0.00639436465297619,0.36264787828856293
7,7,OUT,OUT,0.16139292927716414,0.022984943767738828,0.0014404577157797567,0.011808469625794965,0.043201829992184734,0.18682982200313683,0.011612763281921026,0.5607287843362797
0,7,SINGLE,OUT,0.21474154470898313,0.018903850972870385,0.001952159544146059,0.035585021904056824,0.07849367129177462,0.17718319844520294,0.005443219709781449,0.4676973334231845
5,7,SO,OUT,0.11280991952806332,0.028926855588273567,0.002183555512947628,0.04842077430632339,0.08795229332498959,0.3368701172594917,0.005685836987631574,0.3771506474922792
7,7,OUT,OUT,0.1804725619443361,0.036145366865333935,0.0028255559850152386,0.01935721999789335,0.09200705776332643,0.22832319370332813,0.015980014610727466,0.42488902913003945
7,7,OUT,OUT,0.16689839651071103,0.04239649170023397,0.0019494112772549936,0.03960574315827766,0.07513648798917245,0.12836489921146563,0.004516115454808802,0.5411324546980755
7,7,OUT,OUT,0.1731133439083936,0.03239272723153866,0.0014869982914405642,0.008195013425777813,0.12063932767189432,0.11925469164296226,0.003869048029694824,0.541048849798298
5,7,SO,OUT,0.12146319762572737,0.03606308911935225,0.0037131784425993995,0.008831899717828455,0.07229015276056057,0.29559303257615455,0.009420156343448014,0.4526252934143295
5,7,SO,OUT,0.19049640282871838,0.04090533912408816,0.0016494692223472088,0.012040758649948335,0.07284965336491109,0.28573782888925714,0.013001641298161363,0.3833189066225684
5,7,SO,OUT,0.19882472608563198,0.037671760678952886,0.004235682087359722,0.00743897008059203,0.039724313500268754,0.1838533326371759,0.014444676237714093,0.5138065386923046
5,7,SO,OUT,0.1344371767773606,0.026311717588026404,0.0017430258978618658,0.009890113096875985,0.07848892652878349,0.13409441908153746,0.004986545156538309,0.6100480758730158
7,7,OUT,OUT,0.143820518822027,0.030466009390679446,0.0016217862287941636,0.009939557805719054,0.056907474247531925,0.11659503036228944,0.012848577310488113,0.6278010458324709
0,7,SINGLE,OUT,0.16599728794262408,0.038669112847258186,0.0015989493955593655,0.06167675792502365,0.09386628238982263,0.2486811120410077,0.008535366115855616,0.3809751313428489
5,7,SO,OUT,0.15750596895074684,0.03996086705025467,0.0019721606228913966,0.010806522264027138,0.04160467588828457,0.14406476452420441,0.00905153142159752,0.5950335092779935
7,7,OUT,OUT,0.13699833895409125,0.02110072359703713,0.0023757110022821757,0.024043079162022463,0.13409820210933354,0.2667961816120787,0.013561476144374442,0.4010262874187804
0,7,SINGLE,OUT,0.16505632513244411,0.026212971630687868,0.0023030127485908036,0.018982094323325652,0.1355050537021776,0.20060981038785713,0.01960717227272987,0.43172355980218685
7,7,OUT,OUT,0.13957185774478048,0.03643349512492405,0.002245156131197065,0.021416562768293994,0.141668032433575,0.13624521175100388,0.005334737900388442,0.5170849461458371
7,7,OUT,OUT,0.16514287036913167,0.022139902879047848,0.0020119513260212123,0.010760248978020128,0.17412792515292902,0.21163168950287203,0.00651576790327647,0.40766964388870164
7,7,OUT,OUT,0.1731678272875841,0.10871996645678376,0.0015810998874871405,0.02396986975557866,0.050378675073384734,0.1261782838626939,0.004199990365769234,0.5118042873107185
7,7,OUT,OUT,0.2004741243393633,0.02397724935332152,0.0017318284823197908,0.014646921311215396,0.0683830615211986,0.1347690973761137,0.0070892555615382075,0.5489284620549294
7,7,OUT,OUT,0.271847872787444,0.02157589872846106,0.0015413768944964067,0.013944353107499724,0.05957294430510704,0.23088397594284765,0.005589046552263669,0.3950445316818804
7,7,OUT,OUT,0.10394686921213181,0.0400628450532188,0.0021502311053174018,0.013968855935114823,0.0674671996397908,0.23170401920029196,0.005384357538106948,0.5353156223160275
5,7,SO,OUT,0.1621706027674969,0.03807086759536577,0.001645813092109269,0.013023177816824934,0.04527077830203344,0.16231665331457842,0.010455560222457997,0.5670465468891333
0,7,SINGLE,OUT,0.22001531600080365,0.04071403052233546,0.002440861256074201,0.018501144073952893,0.036673596852764084,0.11680959986730215,0.004483584776993516,0.560361866649774
7,7,OUT,OUT,0.17000483200336625,0.05556593445276651,0.001693559195084478,0.014154124510108706,0.0717226930254359,0.16633463654543731,0.004480207125816944,0.5160440131419839
4,7,BB,OUT,0.1551952213264642,0.022830308870904724,0.0020921735194673378,0.018936612533005867,0.09393490837682648,0.10806545433840371,0.006665016518382461,0.5922803045165452
7,7,OUT,OUT,0.0816053831995739,0.05960717176909938,0.0027795578226356933,0.016479492439569903,0.07597842352930038,0.19858063186069413,0.004556059653819606,0.5604132797253071
7,7,OUT,OUT,0.11601029649301306,0.035722391219695705,0.002126178811810841,0.02873376530662843,0.11386548158680956,0.17473255494896892,0.00426849879856063,0.5245408328345128
7,7,OUT,OUT,0.15720071302625546,0.053504582756673004,0.0021458671769921155,0.029323626679558606,0.09835304730389643,0.26557574211882445,0.0047536129930603535,0.3891428079447395
7,7,OUT,OUT,0.18959779819611974,0.017344887793863922,0.0019403187974221235,0.0382254637386826,0.08526287461434148,0.2330060595738468,0.004457149888541089,0.43016544739718215
7,7,OUT,OUT,0.17460623787263993,0.017126682984192912,0.0018694402825156758,0.05122835998864129,0.056100903980041986,0.16401784071125516,0.003941663360552306,0.5311088708201608
7,7,OUT,OUT,0.18878096613240533,0.031057119774351098,0.0017500210325761246,0.01318769407898783,0.08840056557235952,0.2008596528298457,0.012122042534337789,0.4638419380451368
0,7,SINGLE,OUT,0.1752075797618467,0.02622900556379242,0.0015236957732119353,0.015870314164281297,0.04425698587257427,0.22240260720241103,0.008355403786455278,0.506154407875427
4,7,BB,OUT,0.22866819925960424,0.021372752134627773,0.0040821998000944906,0.013162230879893561,0.06733504461661197,0.17950471278084051,0.004925952385090159,0.48094890814323743
5,7,SO,OUT,0.19341191827009968,0.026539298312753496,0.0030857696331432144,0.009422223577319064,0.09130150229547342,0.21826811167609955,0.005812412705901775,0.4521587635292098
7,7,OUT,OUT,0.09467811872803344,0.01822210791782042,0.0016094631788825741,0.010748404017439784,0.03855088227349239,0.19401249079345814,0.004622416636160197,0.637556116454713
7,7,OUT,OUT,0.10017290125799565,0.028849748024834216,0.0015641503249369372,0.01276498346713617,0.038054211592171316,0.14113852909133348,0.006653310385911563,0.6708021658556806
7,7,OUT,OUT,0.15840827389871492,0.029486589373570963,0.0015937627539008511,0.008412975570588153,0.09268184284409761,0.22143164308147567,0.004496710081721017,0.4834882023959309
7,7,OUT,OUT,0.19166379027313468,0.02442972316186561,0.002982895825644009,0.00996542565470913,0.0640200402333109,0.16847520288783294,0.0046690713326013765,0.5337938506309012
7,7,OUT,OUT,0.13583381138334072,0.03527809597034411,0.0015573739170329272,0.0184509703644539,0.1034874218152847,0.11743719480296613,0.016418750277132892,0.5715363814694446
7,7,OUT,OUT,0.15243659320262257,0.02538549409442476,0.0017347158387170695,0.013129983280713835,0.05044836573196801,0.18028343907875533,0.013072311769707514,0.5635090970030909
4,7,BB,OUT,0.12794258863427285,0.03909207155415591,0.001427753325140986,0.01979794669686358,0.041367650868966786,0.09506985464057201,0.00796415380171764,0.6673379804783102
7,7,OUT,OUT,0.10894267161479132,0.034727096018246126,0.0014262534798829844,0.01007944537072129,0.05666353417133284,0.13537086497599143,0.007559803816967182,0.6452303305520668
7,7,OUT,OUT,0.17537935942779032,0.019665775635516244,0.0030011483657261294,0.012394842103455879,0.03685711844079088,0.1063564210742421,0.04900741842078829,0.59733791653169
5,7,SO,OUT,0.1971227957470523,0.03616890343957206,0.002487713260968592,0.01825170922785246,0.04745675612276497,0.2198988623403977,0.005646354200147701,0.4729669056612441
7,7,OUT,OUT,0.17250803783940355,0.018485261300356742,0.0015648929921948636,0.008545893614767387,0.0694017170130685,0.1450012744403632,0.004839680464154777,0.5796532423356909
7,7,OUT,OUT,0.18540069784871563,0.031293771309647105,0.002051272644573547,0.010655007453583573,0.06943111933680642,0.11821701859781619,0.004285416008197281,0.5786656968006604
7,7,OUT,OUT,0.10299284712947579,0.026656120308942672,0.0018631118839115167,0.011913480586890426,0.04941985862240404,0.11485823084700195,0.009192105389152407,0.6831042452322211
5,7,SO,OUT,0.1629823211703512,0.028283627333328575,0.0014941325000078225,0.03267920997950681,0.03996740677813388,0.12541838457653467,0.03006463596894884,0.5791102816931882
7,7,OUT,OUT,0.12289035314560909,0.04749545130157107,0.011912117587599557,0.01601560266347203,0.029245686117196513,0.08487743256379267,0.04077186043875255,0.6467914961820065
5,7,SO,OUT,0.11175429405270042,0.024524953036201124,0.0017126122605188726,0.010978408947882675,0.09557930465564295,0.1971620523887598,0.004406732746040384,0.5538816419122538
7,7,OUT,OUT,0.1837070042351063,0.03316416794410033,0.009142508503884926,0.008314108165848436,0.07026366978335397,0.14269886070274895,0.004849509058852569,0.5478601716061045
5,7,SO,OUT,0.1571971755529801,0.0312648705040405,0.002011745203733669,0.008113040754984382,0.07371980886840364,0.1133297372095006,0.0041316853074158085,0.6102319365989414
7,7,OUT,OUT,0.10490161171774735,0.01887785686997585,0.001417975194495379,0.010101489709483805,0.03489801592001958,0.17296222231305772,0.004431452884760467,0.6524093753904598
7,7,OUT,OUT,0.0979811559828247,0.03992061359727812,0.0013986816925765878,0.012938081759598005,0.04317560747162602,0.17110385190620975,0.0061191439911463825,0.6273628635987405
1,7,DOUBLE,OUT,0.14741283834728933,0.02621313215525111,0.0015961778885883826,0.011020167245262702,0.04889495548598891,0.18480994351483138,0.015655706355400246,0.564397079007388
7,7,OUT,OUT,0.115827183450792,0.03295493249296477,0.001259490280182226,0.024687383664469594,0.034554593042376465,0.10156894331183633,0.008775334071908203,0.6803721396854705
7,7,OUT,OUT,0.15839318713103814,0.033879099805220504,0.0016225692536559685,0.00933512834983726,0.0960781102417715,0.22396797053674866,0.004186347393872013,0.47253758728785594
7,7,OUT,OUT,0.15403183033581053,0.021057897748766926,0.002145498421708863,0.011140132125879982,0.07658570868206489,0.19006054616058546,0.005249451708327502,0.5397289348168559
7,7,OUT,OUT,0.1590352691987274,0.04217691517620091,0.0016303445199852267,0.027089458570333316,0.09493075574669299,0.1162904096008492,0.010002769997583127,0.5488440771896277
5,7,SO,OUT,0.10899557516920753,0.029643825888594114,0.002063813884953744,0.012677579039705029,0.08155711043354202,0.14825435252412608,0.013807724695735692,0.6030000183641359
7,7,OUT,OUT,0.12291961027578319,0.046194612302876095,0.0014448450218315508,0.018365077356673087,0.055290258685556516,0.1284257417304251,0.00751751724429368,0.6198423373825607
7,7,OUT,OUT,0.1849532085791166,0.023406913861790352,0.0015817729096646424,0.010014918112468723,0.07999932654222025,0.1897478844510913,0.004715562599952345,0.5055804129436958
7,7,OUT,OUT,0.2173579885711691,0.017637370253250746,0.004075430766113162,0.008928948225234094,0.06954834105123328,0.19502485688636534,0.004685783868149893,0.4827412803784843
5,7,SO,OUT,0.09622724419835506,0.0254830461924226,0.0021829885031602173,0.011267755069501499,0.08301034073409777,0.1697219348450623,0.0037754232921478406,0.6083312671652528
7,7,OUT,OUT,0.12776104835311522,0.018652099996492155,0.001834423660719318,0.032130525986563865,0.031461396073989546,0.12804195548068698,0.00725281357177485,0.6528657368766582
7,7,OUT,OUT,0.22030792801814286,0.020046352454416,0.002087840091257361,0.008529837746563669,0.034022966012610664,0.11339794250943083,0.004006730659823851,0.5976004025077547
4,7,BB,OUT,0.17905489858920398,0.017128674236025952,0.0018239264139563655,0.06867268213689061,0.07529479168241043,0.14924057889141895,0.004681171516206615,0.5041032765338871
2,7,TRIPLE,OUT,0.1401550592249976,0.017339159175801495,0.0017278939312412231,0.03316331896025273,0.059984932046860735,0.18718392962142166,0.004242295116400732,0.5562034119230238
7,7,OUT,OUT,0.19708560901911082,0.03637073711671826,0.004864224509594165,0.010107601820272583,0.03921406442241475,0.18544474628289961,0.011777257438133895,0.5151357593908559
0,7,SINGLE,OUT,0.22531988035249598,0.03788300751382506,0.0015271476532439303,0.012650171789566829,0.0478844485824262,0.20892685028464716,0.0047461016444332125,0.46106239217936157
7,7,OUT,OUT,0.17321899152319747,0.026497150172071656,0.0016109539800882146,0.011466350583481702,0.09071368053121512,0.18040701134028764,0.011396049602831011,0.5046898122668272
5,7,SO,OUT,0.1801835607340877,0.048937518376075254,0.002017166593695026,0.0550686970384381,0.08320095572060594,0.12999936792954175,0.006590691175746577,0.4940020424318098
5,7,SO,OUT,0.23618893832339377,0.020573658367278626,0.0026172924815502,0.010427404040034657,0.05786833842134676,0.23070100990868794,0.004796762495635104,0.43682659596207285
7,7,OUT,OUT,0.16817011294176837,0.021238795454071476,0.0017897356865723645,0.030566568555772833,0.05892499989110398,0.18540935742593684,0.0043331183735803675,0.5295673116711938
1,7,DOUBLE,OUT,0.1540890269256591,0.027180259885860748,0.0018513809023636876,0.029299597549246475,0.058492493074132616,0.17678331877185727,0.012943412093523392,0.5393605107973567
5,7,SO,OUT,0.19260325096630515,0.029385900655269817,0.0017243461152103756,0.01124448494827401,0.04782400659202769,0.2637932037468765,0.009405420330564766,0.4440193866454716
7,7,OUT,OUT,0.19256093598290483,0.02146470453395373,0.0022324938488885665,0.011509771361598682,0.05347658963554662,0.19043568839105776,0.00616558002495147,0.5221542362210984
7,7,OUT,OUT,0.1859562156015797,0.026318835363812722,0.0022275934573446955,0.01077094217320585,0.0993191659617402,0.25456329483243795,0.005893801006110651,0.41495015160376825
7,7,OUT,OUT,0.13619180350104546,0.01629204444523125,0.004253519195838474,0.009169950213721186,0.053904811788357127,0.18225178674959414,0.00784411636644505,0.5900919677397672
5,7,SO,OUT,0.1402064742944995,0.01812749692858816,0.0016590504072666627,0.010362027854751509,0.06581716457702448,0.2390011231808499,0.005948471230259221,0.5188781915267605
7,7,OUT,OUT,0.11503871157279466,0.017041008397105,0.00402446834897002,0.008795958323738893,0.06954773434068098,0.1723968308709057,0.006469600217643513,0.6066856879281611
4,7,BB,OUT,0.12455488784399862,0.01721622618894239,0.0015563882152194394,0.013628931679293582,0.09702168340358565,0.14648057399440936,0.014523647709658504,0.5850176609648924
4,7,BB,OUT,0.13841658950715183,0.018827162565985166,0.013626147394843436,0.012193401506203662,0.04680907738518079,0.19798572230232142,0.0316555816624231,0.5404863176758906
0,7,SINGLE,OUT,0.174821722248098,0.015404085583412068,0.0016968875696711484,0.008414118049380194,0.07631579010475976,0.16601959308983102,0.012399926256670237,0.5449278770981776
7,7,OUT,OUT,0.1431564611959729,0.0393626537599863,0.0014968601831280956,0.018786115392092725,0.04805611631298113,0.11141993239343304,0.008647389184712884,0.6290744715776929
7,7,OUT,OUT,0.17034499942043377,0.025508465248362748,0.001425560731694788,0.034281170943896815,0.03597253492006018,0.10445083157462377,0.032158282047501666,0.5958581551134262
7,7,OUT,OUT,0.1439264275030337,0.04328167694936492,0.009724583727507436,0.023310194482726945,0.03267714953098906,0.09196373927391037,0.027150744095083598,0.627965484437384
4,7,BB,OUT,0.35406793444695844,0.01714162675531014,0.0014768403011043687,0.033671040047326135,0.07518371721442278,0.14998326980505194,0.004145058450776505,0.36433051297904956
7,7,OUT,OUT,0.13493908900673385,0.020241931597438118,0.002116201180081114,0.010429674071818029,0.10371560877247779,0.1892496319170061,0.004001072593477057,0.535306790860968
5,5,SO,SO,0.11447972265350147,0.020332191022645683,0.0020974898851048506,0.010713825507972043,0.062461783575376975,0.3951669635901751,0.005210354044891053,0.3895376697203327
7,7,OUT,OUT,0.11975855947678091,0.03703837636796028,0.0015063924376707135,0.00825056785622077,0.04886711496389071,0.1245950047058529,0.0032901770549726545,0.656693807136651
7,7,OUT,OUT,0.09704063833906941,0.025452005931766806,0.002199148357141146,0.016222676017005153,0.06267767291572282,0.289407230222277,0.008196607988067185,0.4988040202289503
7,7,OUT,OUT,0.1671216350542463,0.02209398822743436,0.0018899359892755134,0.007925987998799226,0.08717866529447747,0.2311563505690814,0.004573233020282376,0.4780602038464034
4,7,BB,OUT,0.1599336827739672,0.021300587754105028,0.0017248900222677685,0.011446629600456362,0.07261906417011427,0.2129727889443589,0.005606973807184601,0.5143953829275458
7,7,OUT,OUT,0.19552668111935798,0.04142762264001029,0.002588008541672806,0.022646401113946592,0.09075200677920507,0.161106689744422,0.004463430366302909,0.48148915969508227
0,7,SINGLE,OUT,0.16897434822260654,0.05434381246630536,0.004243685240890918,0.00826199450480782,0.0748904071755358,0.1558082180995135,0.007141423656002647,0.5263361106343375
7,7,OUT,OUT,0.12432893759019767,0.04257946026498765,0.002332801680666459,0.01059955647432534,0.08260128059097528,0.22891624752012477,0.007674022093990466,0.5009676937847323
5,7,SO,OUT,0.12581042678143145,0.028985074993491025,0.0017029919101301573,0.024428034982065493,0.07860728320559739,0.24453916903876735,0.007766738637937478,0.48816028045057963
0,7,SINGLE,OUT,0.13710336914349924,0.027056163916816523,0.0019126275335156911,0.007021311692063544,0.044799368176043554,0.1614124653262585,0.006648479441356012,0.614046214770447
7,7,OUT,OUT,0.1923861225628722,0.016404330011182366,0.0016307823768141475,0.006969975812200328,0.07891852786835726,0.11893581035612855,0.003563473328900578,0.5811909776835447
7,7,OUT,OUT,0.1379550493800384,0.019610440242479026,0.0019353396636711056,0.007905287238960897,0.06425258333175543,0.11526135613608617,0.0036849325851765393,0.6493950114218323
7,7,OUT,OUT,0.11770685149258804,0.028582282437304096,0.001437606471606977,0.010288509437127225,0.08693701251745405,0.375417184701128,0.004045910999216815,0.3755846419435748
5,7,SO,OUT,0.11461735815403383,0.016400928798072166,0.005501401669644093,0.008795401147918554,0.05149606741930633,0.26231185563552956,0.004980014871497591,0.5358969723039978
5,7,SO,OUT,0.1471885495971386,0.02885219854250667,0.001487460818441338,0.007941985206941296,0.07089537837920154,0.1786438051690056,0.004410834295811384,0.5605797879909536
5,7,SO,OUT,0.158253566182511,0.043452864961908866,0.0015502891971166564,0.013137012787840154,0.06190885811641445,0.2834925537015485,0.005454963235345314,0.43274989181731505
5,7,SO,OUT,0.13930847147798386,0.029948872881737924,0.001440509915270835,0.0078561544619423,0.06619584926127983,0.21354481145052814,0.008741613574454804,0.5329637169768023
7,7,OUT,OUT,0.22700731415851153,0.062012685546918515,0.0034090125729475578,0.02071422522220561,0.06715157930232882,0.20826718161056265,0.008129421742865002,0.40330857984366036
0,7,SINGLE,OUT,0.25622379254792466,0.026310285766064652,0.0017950952354938445,0.008700529108896392,0.03802946395006652,0.20062938579149286,0.004237281078569676,0.46407416652149125
1,7,DOUBLE,OUT,0.24349725858102542,0.07103035747480785,0.001420404532939894,0.013738827841410103,0.05130959822069222,0.19559623648474822,0.004565562678164277,0.418841754186212
3,7,HR,OUT,0.20819203493648178,0.036917140649334663,0.0015309899394308753,0.049378635649894434,0.11910063838810506,0.24154042065284675,0.009660822533619702,0.33367931725028677
5,7,SO,OUT,0.13836512160942555,0.03669239276790258,0.0013990880666023325,0.04967751621661071,0.054833273359717515,0.10957135943658346,0.004927577361196238,0.6045336711819616
7,7,OUT,OUT,0.14625621680103218,0.03065242135203606,0.0014508854367383138,0.03677264144736471,0.0923366140163456,0.16231263442111238,0.004434173770925428,0.5257844127544454
5,7,SO,OUT,0.1202848214044527,0.034603954659211685,0.0014917469508793583,0.025887867498949238,0.10366800149225835,0.10588767060018783,0.003942991409580956,0.6042329459844799
0,7,SINGLE,OUT,0.11569948074309343,0.02991326145285143,0.001688732206150775,0.028846985224448736,0.058498542476364226,0.12455802471441968,0.005129908459978345,0.6356650647226935
5,7,SO,OUT,0.16861715346735287,0.03397254677574507,0.0024118544506152506,0.009119230345681021,0.05991409340793741,0.24902590275643796,0.008907336428989634,0.4680318823672408
7,7,OUT,OUT,0.14343405431141606,0.02703785859227834,0.0021922040873538903,0.013453794844197607,0.03799362838825452,0.3280444192827838,0.012775592250556276,0.43506844824315954
5,7,SO,OUT,0.20911040665544467,0.028024829530195017,0.00218566649423134,0.009054095551570872,0.05741352982090372,0.23896288797131918,0.0064696524295688885,0.44877893154676635
7,7,OUT,OUT,0.1287436269625634,0.030267546082593997,0.001612152430084973,0.008195896402898027,0.09885724703281297,0.2587349897166075,0.008855082593730957,0.4647334587787082
3,7,HR,OUT,0.1183266324832771,0.037354307477110424,0.0017166206603791508,0.0880391130330549,0.08970575155798226,0.23469630775369824,0.0037886027192775306,0.42637266431522036
5,7,SO,OUT,0.15636347731204994,0.05350656782176058,0.004544508714746899,0.010356820609583131,0.08779166094139762,0.15718713182076335,0.005222502636568574,0.5250273301431299
4,7,BB,OUT,0.3001067109741804,0.020580965734188814,0.0016082263576324444,0.008562660038673186,0.053634185705810314,0.21887005362785497,0.004192624411611935,0.39244457315004777
1,7,DOUBLE,OUT,0.2820382934016079,0.03183384479254118,0.0018952061008415465,0.008236981823357501,0.08825817523679037,0.16474774400381478,0.004972479074029837,0.41801727556701673
5,7,SO,OUT,0.15021304551502238,0.027024586538700105,0.0015735541644758685,0.011320205211828218,0.09078121307768584,0.20364237081221553,0.00393891885617825,0.5115061058238938
7,7,OUT,OUT,0.1343761483612903,0.035079447004780266,0.0038966632472140707,0.10239274988288292,0.06418958947737807,0.2352508276975054,0.004338999142560579,0.4204755751863885
0,7,SINGLE,OUT,0.14342359407549837,0.023529931719546943,0.002068185584411274,0.008112713297024619,0.05773213445860262,0.1649556609519108,0.007117126842893608,0.5930606530701117
7,7,OUT,OUT,0.20243452610554916,0.020441614002614582,0.0015761997548669339,0.007258162607428575,0.0744566336184724,0.11723967966390941,0.003752905693366213,0.5728402785537928
0,7,SINGLE,OUT,0.18335298773410433,0.017723932635977106,0.0016151111308330874,0.0066909258373600185,0.06434832916967997,0.10393858576489061,0.0034672478111694213,0.6188628799159854
5,7,SO,OUT,0.14756958449325844,0.06127307449114989,0.0020251461726847335,0.011486926486067223,0.08569526149486485,0.24011041721151333,0.004847463656200558,0.4469921259942609
7,7,OUT,OUT,0.1888038690016741,0.0336601446426307,0.006107418258452248,0.010286591938948077,0.09978471331983377,0.14055292370026495,0.004511125186145818,0.5162932139520502
7,7,OUT,OUT,0.15843321856301204,0.049855497793249555,0.007777785813421809,0.009946915815224652,0.07082154384590453,0.1570723814721296,0.006749330258038693,0.539343326439019
4,7,BB,OUT,0.11846931100200292,0.03486103770466762,0.0017256501224035873,0.03875373712599081,0.07544832838773675,0.25974379740172515,0.004055920384370425,0.4669422178711027
7,7,OUT,OUT,0.1818108245623507,0.0303198592026896,0.0024265184688573144,0.008251120619956304,0.06610304564353582,0.21624126582145275,0.00487163597885511,0.4899757297023022
5,7,SO,OUT,0.15357168301549812,0.021399460028055504,0.0018399142715408846,0.014693153776848504,0.08193842163811534,0.21898812124395767,0.004488801610843459,0.5030804444151407
5,7,SO,OUT,0.13509651539913028,0.03859458913108477,0.00414572184774276,0.058747481871143155,0.06388683321833712,0.26976531328461184,0.004792911847593641,0.4249706334003565
5,7,SO,OUT,0.08695764337589588,0.026832849003093788,0.0021932722868954757,0.007352510749831341,0.054483372144272374,0.2932197336909075,0.0038502151428904496,0.5251104036062132
7,7,OUT,OUT,0.19148935883784593,0.04508752124760947,0.002700456474033901,0.016792067664908268,0.0902869643133623,0.1507185321375729,0.004367659630258784,0.4985574396944083
4,7,BB,OUT,0.16324911427888425,0.04536436091877345,0.0029573528906903074,0.012107915031134757,0.09134517374335192,0.16469337842262027,0.006874476614281979,0.5134082281002631
7,7,OUT,OUT,0.15567008642026997,0.044192488891573775,0.0037090723570171935,0.011228107665453802,0.0754800167858676,0.21627369286267215,0.009239666611209027,0.48420686840593646
7,7,OUT,OUT,0.0870716805220769,0.019771118800735118,0.0015569427562120877,0.008320157638799517,0.048019926076575174,0.3429961830336579,0.004027296048686981,0.48823669512325635
5,7,SO,OUT,0.15413596094442988,0.024450440109700607,0.0021153668134816415,0.007540997693467449,0.04692522397821348,0.16672060332203514,0.0074773758002935715,0.5906340313383781
0,7,SINGLE,OUT,0.20064307947678917,0.023734770021715562,0.002132675135698512,0.008619140286976855,0.08247765262203398,0.14253619112548363,0.004448598201838982,0.5354078931294634
7,7,OUT,OUT,0.19038352440050085,0.018949140201104848,0.001771773677925914,0.006958720340492647,0.06641835634019222,0.12466327165953706,0.0035212082600529562,0.5873340051201935
7,7,OUT,OUT,0.1944561236105133,0.043355901204928764,0.0034598329137066177,0.008009746476219295,0.09225492386468771,0.1984142650439281,0.0045580966595543514,0.4554911102264619
0,7,SINGLE,OUT,0.15323820059357976,0.029764847435042093,0.0019113291465806747,0.010401256632769272,0.09210210686152838,0.2775177258274812,0.0041533497224928205,0.4309111837805257
7,7,OUT,OUT,0.15604183615269684,0.044154816654652915,0.005963584194168414,0.009996311070965868,0.09056589175899522,0.1445514622277106,0.004153670150814976,0.5445724277899953
0,7,SINGLE,OUT,0.085438194279039,0.027070140017735455,0.0015847736921655027,0.012922207435308733,0.035698496726393594,0.16733275875658563,0.025424152433560682,0.6445292766592114
7,7,OUT,OUT,0.138707186736843,0.03869289652868889,0.0023665989372104418,0.012533219102283428,0.07763232919221438,0.22378888961395682,0.007109547664699794,0.49916933222410337
5,7,SO,OUT,0.11213979335475688,0.020813968788217094,0.010052200604985607,0.022925176918795205,0.045629558043244575,0.17416462610067449,0.004242853165774969,0.6100318230235512
7,7,OUT,OUT,0.12288385428850143,0.0976405184952862,0.003634235740686452,0.013996835683414853,0.128101835931154,0.16191833361848987,0.006675117462018539,0.46514926878044843
5,7,SO,OUT,0.1413837093663796,0.05580879512989992,0.0017177517383248314,0.03185407602869696,0.09849145390260473,0.21183362986943116,0.004758806805516276,0.45415177715914645
3,7,HR,OUT,0.16128492657759438,0.03143434913500122,0.002050164668051862,0.026015684197529622,0.05695736872946248,0.1887308982449305,0.003779153409520577,0.5297474550379093
4,7,BB,OUT,0.15238824970546402,0.034161730433943195,0.0015165782953993584,0.008761770332030017,0.04672381502326157,0.09957264227511417,0.0038864621787325073,0.6529887517560552
7,7,OUT,OUT,0.22037697626976918,0.03751123042438309,0.003615675250708156,0.010096748779228079,0.056004270612069834,0.11105714797466722,0.00384808196150619,0.5574898687276683
7,7,OUT,OUT,0.1010634365088533,0.024246809142190264,0.0014558191370417613,0.0076844179141297726,0.04290808002657454,0.40299816699250324,0.003891254143178049,0.4157520161355291
7,7,OUT,OUT,0.17014795897476512,0.031778382709512054,0.002438324940898037,0.008851422269632743,0.05971499422499166,0.11634315525882287,0.006353355010641073,0.6043724066107364
7,7,OUT,OUT,0.23006059737694612,0.0236803191607102,0.0028334401389679374,0.008617020843356424,0.062144801931382755,0.19195033304306272,0.006303992072376775,0.47440949543319694
7,7,OUT,OUT,0.06894953374122952,0.028932540988352306,0.0012933088265768126,0.008604901175822056,0.03605847383434265,0.26265654782550635,0.006051557599195343,0.587453136008975
7,7,OUT,OUT,0.24344786939337548,0.035579059757215155,0.00148150949464974,0.011357816264813149,0.047179998803726524,0.1518520191829676,0.003809173177288376,0.505292553925964
6,7,HBP,OUT,0.15206809322557785,0.030710875968275403,0.001392542420664695,0.00925581161584946,0.04585636078167168,0.16234340931774857,0.004269923395021652,0.5941029832751906
7,7,OUT,OUT,0.21383416834583974,0.018426783704546337,0.004321602224444038,0.010334028823275249,0.06574284585976979,0.13034447905022337,0.013054378132312354,0.5439417138595891
0,7,SINGLE,OUT,0.1151824495866529,0.035257827809042644,0.00144967250649301,0.013919912370228795,0.05010514998894953,0.17040468829844269,0.004391801771857709,0.6092884976683326
7,7,OUT,OUT,0.19300421167837725,0.03409417510412744,0.0015247566129847226,0.008747525197595097,0.06058869688683493,0.12379605121375432,0.006700289185886088,0.5715442941204402
5,7,SO,OUT,0.13587021395383708,0.031862176904085195,0.0012717093158135053,0.009878094622993116,0.046061189629201416,0.1301107731421446,0.0030942298750504683,0.6418516125568745
7,7,OUT,OUT,0.13368759786033488,0.04174902299033059,0.0014173149400386704,0.022287236221777976,0.04328440909141333,0.1654048913866153,0.004977222514257031,0.5871923049952322
7,7,OUT,OUT,0.12725820227332063,0.04540715504878136,0.0017375531409946996,0.025747667955570767,0.10331970800180394,0.23383039652702267,0.005620274617262378,0.45707904243524344
7,7,OUT,OUT,0.1854945980615109,0.038670871644904646,0.0014937783954041806,0.028606389687378164,0.07992613680554286,0.13221941407438853,0.005304900830946705,0.5282839104999241
4,7,BB,OUT,0.1947126057420591,0.028679043989404813,0.0017000354097103907,0.040371819874002186,0.07057786676257287,0.12980977566182397,0.006438432732119627,0.527710419828307
0,7,SINGLE,OUT,0.186045374811454,0.034353714473702286,0.001697241778364883,0.025800566176445414,0.09061971250783796,0.14924730628086635,0.004504332793032743,0.5077317511782964
7,7,OUT,OUT,0.18352129946547507,0.0334814599398519,0.0024808847166896382,0.008578826188079381,0.06189254502325901,0.1122428504894205,0.004839430653167159,0.5929627035240573
7,7,OUT,OUT,0.19383561661970355,0.029767301726324562,0.0030209197360184675,0.009431356252205285,0.068527313843654,0.19703746391619867,0.00645621367485744,0.491923814231038
7,7,OUT,OUT,0.18151054662504365,0.04899457583713879,0.0021024669735220857,0.022801905015061005,0.059053335527556663,0.15899006778792724,0.004422926661211372,0.5221241755725392
4,7,BB,OUT,0.14255612187796243,0.024766858733320577,0.0024335883009776096,0.007553735077358541,0.04076850153588242,0.10464666300334692,0.004040447501390352,0.673234083969761
5,7,SO,OUT,0.18676546770615213,0.028265776898879276,0.003749653239875462,0.011288408338323303,0.0576751799932244,0.12354925235090855,0.004238298484589578,0.5844679629880472
7,7,OUT,OUT,0.13591415916689875,0.03887301058847009,0.0015467018264288068,0.019190204282365095,0.09357172533211106,0.16034304506877217,0.005177113169039064,0.545384040565915
7,7,OUT,OUT,0.11884305750753871,0.046145524645592566,0.0014349320362517974,0.008637381842924834,0.048290629443835435,0.13513865534821123,0.0033862543109433423,0.6381235648647021
5,7,SO,OUT,0.18403852339859542,0.04501784948675554,0.001678045816663898,0.0371141965056572,0.0882867394803371,0.15437256396854054,0.00670222129817466,0.4827898600452754
7,7,OUT,OUT,0.19367000991574693,0.03079172750530316,0.0015344276365595027,0.03810743347156253,0.0566848402046333,0.1163137820054835,0.00682073343763745,0.5560770458230736
7,7,OUT,OUT,0.09069111093916321,0.026660977015366596,0.003901308186526989,0.006824899818726231,0.06989297092214691,0.11274509420350164,0.004447487728505431,0.684836151186063
7,7,OUT,OUT,0.1643879095910912,0.025706054872503496,0.004229837068735038,0.010315467817555758,0.10359380421759085,0.16538629426390514,0.006941943658241938,0.5194386885103767
7,7,OUT,OUT,0.14051272997358044,0.038950660907111107,0.001521565241332582,0.009817244347349586,0.05422990264889014,0.19261485639959725,0.004468535114179061,0.5578845053679599
7,7,OUT,OUT,0.13338337440692624,0.03673576671696579,0.0015377668191957372,0.009541884910233651,0.049647497111296776,0.2241684493738338,0.0037884940999459217,0.5411967665616021
4,7,BB,OUT,0.11751429673734436,0.04102464912973574,0.0016127741708291828,0.018938767724756063,0.059738915456305886,0.16421777017671937,0.004888450637502165,0.5920643759668073
7,7,OUT,OUT,0.13618763768721173,0.01885416812758697,0.0031900320735591082,0.009459707968210508,0.07136396184668053,0.1496128387046089,0.06697677205051678,0.5443548815416254
0,7,SINGLE,OUT,0.14865177091746265,0.01950322141249491,0.00120651753017517,0.03484672122893816,0.04274191995624109,0.1283882960361702,0.013406132933816196,0.6112554199847017
7,7,OUT,OUT,0.1576259189615129,0.033378732186264456,0.0016733988478073198,0.04697310100920619,0.08635948561677184,0.1706275313693762,0.012189103355297746,0.4911727286537632
0,7,SINGLE,OUT,0.19513617844293088,0.047919504046872126,0.001574887292668872,0.02297407553034625,0.05524816720385877,0.1456262247865267,0.004289923589605408,0.5272310391071908
7,7,OUT,OUT,0.1968722403727466,0.03505044259100838,0.0017634722186584738,0.03568127703860375,0.07104158953949566,0.13967386565354295,0.005664019091259579,0.5142530934946846
7,7,OUT,OUT,0.13485744887877124,0.057663480275482494,0.001673870356251382,0.03274786925334199,0.13659253492323378,0.18068588043500536,0.005832006855627621,0.4499469090222863
5,7,SO,OUT,0.15665925584225227,0.03383719245104376,0.002387011818464016,0.019990771764552002,0.061582219170029005,0.16841573334174734,0.0045815156131886045,0.5525462999987231
5,7,SO,OUT,0.14374063869965503,0.039396437453537256,0.0015732491019490203,0.008022445635225037,0.041127421630520834,0.11831478755856661,0.004099814122924889,0.6437252057976214
5,7,SO,OUT,0.10231010241898215,0.02199522895690576,0.0015264611781664072,0.00857020337833983,0.05080587866122721,0.3912883286190169,0.004131252717054836,0.41937254407030683
7,7,OUT,OUT,0.19651332582635156,0.03899551010241426,0.0016127498346269877,0.03403685826095278,0.08928674682242084,0.14365495931923913,0.005192836782955397,0.49070701305103903
0,7,SINGLE,OUT,0.16902947089781697,0.043672149767323504,0.002206577508026315,0.008490277302378823,0.05800414695687572,0.11332396292888734,0.007937242978913586,0.5973361716597777
7,7,OUT,OUT,0.21454073605886792,0.027178649751421598,0.003107316081000164,0.009046091373839731,0.05974594232158535,0.19031213039577205,0.006029086313906249,0.4900400477036069
7,7,OUT,OUT,0.06791902687255427,0.020465617075170608,0.001269654691583879,0.008026403173708995,0.036958296524879114,0.31095176732394664,0.008092059391727763,0.5463171749464287
7,7,OUT,OUT,0.12115185112678999,0.03169048026821115,0.0014471940213147164,0.010299568622571798,0.04993168992071092,0.19464875990084138,0.004176504820019849,0.5866539513195401
0,7,SINGLE,OUT,0.141040525866481,0.027035610302520646,0.0014956126230102596,0.0080688209662444,0.03962840981591068,0.23431392677893936,0.003481947101217557,0.5449351465456761
5,7,SO,OUT,0.1902221806575099,0.03478920821057911,0.009866875773156284,0.009634828446331609,0.054620525459844166,0.10047953096552475,0.0036442079824009345,0.5967426425046531
7,7,OUT,OUT,0.21742273505095128,0.019884538217887014,0.003342517579348674,0.009202462706632273,0.06932611480927303,0.1325621108068339,0.028378260354775586,0.5198812604742982
4,7,BB,OUT,0.18750176098249416,0.044697323060174404,0.001469388549998739,0.00853451698372736,0.057514539006238145,0.11159548246086487,0.007927167754465801,0.5807598212020365
0,7,SINGLE,OUT,0.18681906594344297,0.04111470888776838,0.0015182919223560335,0.023694810848848367,0.07930796435287618,0.18476275574933657,0.005237938494540752,0.4775444638008307
0,7,SINGLE,OUT,0.23258131952112424,0.03650129166270886,0.0016021541050871082,0.016295575235779826,0.07506725693588052,0.13995895425841365,0.004299783161728057,0.4936936651192777
0,7,SINGLE,OUT,0.15031596045855417,0.0277452155278734,0.0014301541600859823,0.013513243800153075,0.05183391340081316,0.10772517032373571,0.005297732597175817,0.6421386097316085
0,7,SINGLE,OUT,0.17062494108834644,0.037181401720430156,0.0038423466018912412,0.009599139751535474,0.0786628437661844,0.14844263620366863,0.007098649186632488,0.5445480416813112
5,7,SO,OUT,0.14568492130218663,0.046689803826465724,0.004265313281301405,0.0408825903711404,0.08157765127263483,0.2549086812905412,0.004419307685350706,0.4215717309703792
0,7,SINGLE,OUT,0.1893584177690059,0.03915179774731344,0.005806897814529746,0.00944807822201174,0.09227116567962905,0.205843168447167,0.004941717748942067,0.4531787565714011
7,7,OUT,OUT,0.2017328183685692,0.03840012450510241,0.002840469930132495,0.0308862574047902,0.08091669269371214,0.20253587142408608,0.0047141510393661264,0.4379736146342413
7,7,OUT,OUT,0.18018553581377547,0.016106269969179327,0.009149622295515891,0.006866702881806137,0.059593447200486996,0.13348963044975162,0.0036947531536222116,0.5909140382358624
7,7,OUT,OUT,0.19795742406629296,0.042398734095488125,0.0024939859232582877,0.007652964047510116,0.06305499967148505,0.11702320616351786,0.004008351852297309,0.5654103341801503
5,7,SO,OUT,0.17820326948701906,0.052300484890528326,0.0019560784016674684,0.009224609558055501,0.05287927309884855,0.14629505106126497,0.005008981298040059,0.5541322522045761
7,7,OUT,OUT,0.16683073040295662,0.030628579092386938,0.0020157604830935752,0.020481848726650133,0.052066742295497334,0.2930071452062908,0.0063411681421512425,0.4286280256509734
0,7,SINGLE,OUT,0.19670800080902087,0.05318909211502931,0.01916997228115471,0.008212416539525346,0.03510601930069955,0.20776802820107876,0.005017286010164329,0.47482918474332725
0,0,SINGLE,SINGLE,0.3522485590205655,0.023634064358571506,0.0016268492703211956,0.010025937869373983,0.06700006350205615,0.22375014229665424,0.004280840408828752,0.31743354327362877
5,7,SO,OUT,0.14950756032335788,0.022006353179641846,0.0016420415016999079,0.010568986807987386,0.061166559627936594,0.2821908240416651,0.004311319031143069,0.46860635548656826
7,7,OUT,OUT,0.11006971779588175,0.023046698473560497,0.0014842715053443906,0.008225855010464226,0.04371910497926559,0.25615261867351635,0.0038410445282013855,0.5534606890337659
7,7,OUT,OUT,0.21576239278072615,0.056125494487128,0.0015504008507150515,0.02000967078403822,0.059841828587971935,0.1400800335169486,0.004725725298735385,0.5019044536937367
3,7,HR,OUT,0.22323956836204123,0.051249196935585786,0.0021634473300625482,0.021133428372536664,0.06402523169247544,0.1378875079276042,0.0057572558569713005,0.49454436352272274
5,7,SO,OUT,0.19433845897402355,0.030198297440046026,0.003174657759964115,0.0166098696970038,0.0716066863694633,0.1395680223441547,0.007495118610838824,0.5370088888045057
7,7,OUT,OUT,0.11844751988760044,0.018036728723246194,0.0013124897410778853,0.006207010024755184,0.03212677395286521,0.3724083072285571,0.003793640710779072,0.4476675297311188
7,7,OUT,OUT,0.14488692110066156,0.055654441932561596,0.001895851736936369,0.012683892909247365,0.039119089293558035,0.3186688635951841,0.005545072402848094,0.42154586702900293
0,7,SINGLE,OUT,0.19926556991915662,0.03545331815654459,0.001762693289563062,0.01428650863887398,0.04384656246366606,0.16090335247595225,0.006478038244330263,0.5380039568119132
5,7,SO,OUT,0.1629640479791872,0.024553614988067702,0.0015784578572695341,0.04463935149173807,0.07116012473224481,0.24023754857553284,0.0043103314824719414,0.4505565228934879
1,7,DOUBLE,OUT,0.1843976052668168,0.03710797335393316,0.0034212946361342417,0.04259328913850436,0.07569642847039199,0.2320533940883619,0.004513619742010717,0.42021639530384686
7,7,OUT,OUT,0.16468797926500134,0.016368140717986108,0.00484083069116077,0.008280915960430237,0.056714778161323164,0.1613356927594356,0.0038974328577889043,0.583874229586874
6,7,HBP,OUT,0.20933068330287585,0.04318729145383102,0.002030987358138998,0.00803770483776861,0.06797718625061133,0.09554491200126018,0.005042226026448387,0.5688490087690656
7,7,OUT,OUT,0.2229573400315185,0.07063017289981112,0.0015924134966115967,0.029849912424926215,0.05705745775391987,0.1401005231874384,0.005306603427864729,0.47250557677790966
1,7,DOUBLE,OUT,0.22113932287823337,0.0604188090461329,0.0025200253612844893,0.0276159516988351,0.06697840623735028,0.14503018066363538,0.008918920682915622,0.46737838343161286
7,7,OUT,OUT,0.16961634285414404,0.03064599773702636,0.0018664429419042764,0.01355299841093129,0.07272690121016344,0.14411006715250257,0.004856266528102803,0.5626249831652254
7,7,OUT,OUT,0.2421653806181593,0.041047057964618584,0.0025600722162825587,0.016764830600927722,0.0756587265097938,0.13905588034437832,0.009851980629428513,0.47289607111641124
0,7,SINGLE,OUT,0.16349770690708107,0.049425050978891015,0.001958121456406694,0.008705042488122356,0.05207327769245566,0.13746403970322227,0.005177958224196791,0.5816988025496241
7,7,OUT,OUT,0.13018397506895238,0.025500656312724565,0.001955753142724944,0.007712146033467575,0.038202143018439536,0.1649928773221412,0.004892175830359321,0.6265602732711905
7,7,OUT,OUT,0.1540297430088622,0.026932008320535345,0.0018194055101020171,0.012918434253807657,0.05837097660849745,0.14309555712899139,0.004338849065529098,0.5984950261036748
7,7,OUT,OUT,0.22649765217862136,0.04201744662372292,0.0018362761916032387,0.011304121657621754,0.049008359114742744,0.13680184901505002,0.0071468282202932,0.5253874669983448
0,7,SINGLE,OUT,0.17793591142875217,0.03179335341951053,0.0015420011615448158,0.05495772157995517,0.0626623141548281,0.23612066844937418,0.003996408198203468,0.43099162160783144
5,7,SO,OUT,0.2073902800715863,0.04292994729567907,0.002984490816279299,0.008751165915238238,0.06989710997134403,0.2516107643678185,0.016546508575232804,0.39988973298682173
7,7,OUT,OUT,0.17103809731717332,0.06736156530335859,0.0014797397159818254,0.010490291279935782,0.0520807329595462,0.30400685421554086,0.008949952351025192,0.3845927668574382
5,5,SO,SO,0.142759456208348,0.05102301869245438,0.001609653769046283,0.016391449546601815,0.08411127449439615,0.35412609085380947,0.012260422228775771,0.3377186342065683
0,7,SINGLE,OUT,0.19454004943254424,0.052414051214854686,0.005715352955315343,0.008038349275128113,0.05571682693220936,0.20872818943153693,0.005601115861732592,0.46924606489667875
7,7,OUT,OUT,0.13958895938680008,0.02485122865182069,0.0017261394808023027,0.009266940568102216,0.06343156949017889,0.2733414553930011,0.004926098643418084,0.48286760838587656
7,7,OUT,OUT,0.12385976399455863,0.02004295163170961,0.0016563439172010157,0.008543517933915277,0.04767404505038752,0.37877680869714575,0.004258945647495311,0.4151876231275869
5,7,SO,OUT,0.16566310570693601,0.022184447230465844,0.0016666459174232017,0.011905316728049216,0.05812727784046254,0.23563992589717112,0.004806238378806019,0.500007042300686
7,7,OUT,OUT,0.14320174274463088,0.03600037656299808,0.0017327175881633814,0.014656730154191198,0.046918979698989734,0.33374551697504756,0.005368751549525973,0.41837518472645324
7,7,OUT,OUT,0.2193646120478565,0.039466794219136125,0.001676858553152228,0.010854839125012627,0.040735918084954054,0.12056570117696808,0.006959575155769898,0.5603757016371506
1,7,DOUBLE,OUT,0.15455687123747233,0.022382078995886814,0.0016859950928423833,0.016320708741766998,0.06801483566551927,0.1350546839054365,0.003962889462715969,0.5980219368983596
7,7,OUT,OUT,0.19774262529184536,0.041021494665966794,0.0033797571345119395,0.02106074244463769,0.06039480061007389,0.1705370813379192,0.007016126653523744,0.49884737186152134
7,7,OUT,OUT,0.2079858999573388,0.026344970023087062,0.00463504297988841,0.011239979316923271,0.10082261549861009,0.18038526859570556,0.004574789963435698,0.46401143366501096
0,7,SINGLE,OUT,0.19204536839348574,0.01663943543116324,0.001961274931483101,0.007481636902370932,0.04945057888541952,0.1690673758858611,0.004294597206694374,0.5590597323635219
4,7,BB,OUT,0.18910317754315864,0.047250616304465885,0.0023829005149563673,0.006757966935547775,0.0760366723186838,0.10754236081584803,0.004288327839514817,0.5666379777278246
7,7,OUT,OUT,0.20003827032880686,0.028778016642317043,0.0015081001988692885,0.022828821689372652,0.03854200121192366,0.12062189290638642,0.005951091942799828,0.5817318050795242
0,7,SINGLE,OUT,0.1542382918538501,0.05687508827763054,0.0030537856114738397,0.01215285798712318,0.04209849540400842,0.14375333223665257,0.005205176386953553,0.5826229722423077
0,7,SINGLE,OUT,0.3185715651025709,0.025929316973298144,0.0029471519295728573,0.009126258006412053,0.05078556333526794,0.21447731879145962,0.005308145068631488,0.372854680792787
7,7,OUT,OUT,0.1561688206097576,0.02355963609723989,0.0014682571961339267,0.008431900420405475,0.03365563395242058,0.20220069542131547,0.003722671913431619,0.5707923843892955
7,7,OUT,OUT,0.14039353570017446,0.03550592495996046,0.001852708926867286,0.012150489267101633,0.045620366035455655,0.2987260883649336,0.0057392316045923285,0.46001165514091474
7,7,OUT,OUT,0.18778956979375805,0.04632721482400605,0.002194479892906599,0.0175595024114697,0.08863988756571649,0.14874766795063557,0.006013389999599563,0.502728287561908
4,7,BB,OUT,0.1507039112181068,0.028264462444534854,0.0018484658405102316,0.018563551152349145,0.044531376557912346,0.29352073124617334,0.0052395875695928585,0.4573279139708204
0,7,SINGLE,OUT,0.18518012519778113,0.059237433425061436,0.009692074373434459,0.008077656824493946,0.038172965290838794,0.23747548473261523,0.004175370948213934,0.45798888920756115
5,5,SO,SO,0.08390494203305114,0.018173865179212,0.001406287533628215,0.00978562247459887,0.048715546393098566,0.5037418982053862,0.0035868837940478413,0.3306849543869772
5,7,SO,OUT,0.13192904888294357,0.025185055003432547,0.0014941370088118583,0.008942621913300131,0.05776340229901241,0.24300180352998302,0.0041057977655147935,0.5275781335970017
7,7,OUT,OUT,0.18058490432377314,0.01920833403588294,0.0014261115824135927,0.00841186302346092,0.041411987412195705,0.20524027242530485,0.0037041356470369157,0.540012391549932
0,7,SINGLE,OUT,0.1750796711416973,0.03772937185314228,0.00281918955511525,0.016587551867914635,0.04769274080843792,0.24487590913757368,0.006727301653082501,0.46848826398303656
7,7,OUT,OUT,0.2070725513526315,0.053788679278425455,0.01135160677466333,0.008039157968229318,0.03954673650320427,0.2164172853902271,0.004315443170005938,0.45946853956261313
5,7,SO,OUT,0.14943523290130176,0.05297923251629038,0.0016426974706164462,0.00812290639409802,0.04112934818466039,0.12555326333774516,0.005721672522608542,0.6154156466726793
4,7,BB,OUT,0.143672044568321,0.0341096911813937,0.0014432522321636146,0.007363672604506582,0.07258301991575819,0.16895914485557836,0.004486829064076201,0.5673823455782023
7,7,OUT,OUT,0.13080380226922675,0.0313755807910202,0.0024937358499566224,0.02386892974741463,0.0789915033890068,0.23271073913724147,0.006655807499723889,0.4930999013164097
7,7,OUT,OUT,0.16984772653571514,0.0343995507729094,0.0017135792213007785,0.011900771992251832,0.1200435799313505,0.2750227705727102,0.005555727261451046,0.3815162937123112
7,7,OUT,OUT,0.11711809325115329,0.039433790466828676,0.0014407609361733861,0.020565545361188393,0.06633478749770047,0.25110678120336005,0.003757263807529952,0.5002429774760658
7,7,OUT,OUT,0.087379598657815,0.042479397385789576,0.0014771267012742791,0.04246024546510249,0.10602158746240212,0.23463992959116353,0.005772266060661101,0.4797698486757919
7,7,OUT,OUT,0.17380260977540168,0.04758970545182288,0.001773763966580345,0.013089920031664556,0.05578465252122035,0.11963014245147084,0.012017440013334574,0.5763117657885047
0,7,SINGLE,OUT,0.17778053857143072,0.032507672746556984,0.00185169429959715,0.009020678688829274,0.06979205903901949,0.11641479486326937,0.007462952990197268,0.5851696088010997
7,7,OUT,OUT,0.1433517444523409,0.026184129148027455,0.001423126649892266,0.008723528367719276,0.055840916405485504,0.26761803365172404,0.005860277343651486,0.49099824398115904
7,7,OUT,OUT,0.13511986211387372,0.02686507958456675,0.001570003675237724,0.012880018759023882,0.085640398295072,0.2977284842264687,0.02332661069275525,0.416869542653002
4,5,BB,SO,0.0998532401998576,0.0440637311452359,0.0024175941304049073,0.028493843254442746,0.057797049900592305,0.42662089305965173,0.004872061416811917,0.3358815868930029
0,7,SINGLE,OUT,0.13300912210561544,0.03914886201197003,0.00268505403729448,0.00909397213139601,0.08824155172556908,0.18871007382383115,0.017192853934229712,0.5219185102300941
7,7,OUT,OUT,0.1598000293780258,0.02718759338179177,0.001458397135178407,0.01710295421045944,0.08183355052583319,0.12283127393754927,0.006480882123953214,0.5833053193072091
5,7,SO,OUT,0.12453698863352848,0.03121644154607154,0.002051631027642455,0.011075835230690834,0.10817015854517933,0.15810565012497463,0.004113947586072873,0.5607293473058399
7,7,OUT,OUT,0.15724121344190548,0.032159457100433955,0.0019152863459288175,0.013106087815182464,0.07912683331950382,0.2788704450108678,0.006177984173695415,0.4314026927924822
7,7,OUT,OUT,0.15099322473208607,0.03609857940129327,0.0023073728834642417,0.03363201760005363,0.05930378002538821,0.13322167501653434,0.01351162086831568,0.5709317294728645
7,7,OUT,OUT,0.16203115735702203,0.031462148760436764,0.0015450548073460784,0.00822432120896506,0.043742555965384164,0.12303754329216711,0.003815589604553078,0.6261416290041257
5,7,SO,OUT,0.12414118198508299,0.03883737166954728,0.0015150748116055728,0.008974362379484381,0.10393908317815514,0.267242395114283,0.003972734728195662,0.45137779613364604
0,7,SINGLE,OUT,0.14604855130578678,0.023554336320670017,0.0024647971190930986,0.010624608943456359,0.0734823125505169,0.1146157250572443,0.00392893361418081,0.6252807350890517
7,7,OUT,OUT,0.15693739091765513,0.060732500266305556,0.001569574078406944,0.012148603809045318,0.049020891057093105,0.11512508193089364,0.00546789605330504,0.5989980618872953
7,7,OUT,OUT,0.09289636863115343,0.03600668058787484,0.0014142779713241628,0.05354164806154337,0.08327069389824912,0.20952416200581608,0.00368434991204853,0.5196618189319904
5,7,SO,OUT,0.1408230064879207,0.035432563246083425,0.0015522564272933514,0.007918731399616732,0.10751350251838779,0.23362457258466782,0.005469183576933218,0.4676661837590969
7,7,OUT,OUT,0.13134966210735066,0.023847233853420087,0.001980256943587622,0.011076868477919307,0.07940603919992593,0.17128896987478148,0.004220613005166221,0.5768303565378486
5,7,SO,OUT,0.17222145510499584,0.026353132180503776,0.0025758819185519376,0.008617810915112649,0.0760740918856408,0.23261170802568862,0.00461951710532884,0.4769264028641775
3,7,HR,OUT,0.1288483368541051,0.021752093201375076,0.001546266196095637,0.01239714356844555,0.10132589701637684,0.21658920770327728,0.00389825436304852,0.513642801097276
7,7,OUT,OUT,0.09334686264143882,0.02525182747053242,0.0017537342147575595,0.008345737977573271,0.048047214106807574,0.290142212062885,0.004070743821610961,0.5290416677043944
7,7,OUT,OUT,0.16871972344027067,0.03605925934878658,0.0017649908810887117,0.010600322346923687,0.039770641621834524,0.12232828013333726,0.006425819908266084,0.6143309623194925
7,7,OUT,OUT,0.15095398982150504,0.15947357910671145,0.0014931919258591884,0.009328084499892744,0.04766729796361809,0.09499804867058517,0.007058824082388083,0.5290269839294404
7,7,OUT,OUT,0.149260155759511,0.03740195901857482,0.0023857541491632975,0.01222773099642548,0.07707771020026549,0.11555585627143336,0.005147158129208942,0.6009436754754175
5,7,SO,OUT,0.19150124638534202,0.05361502841246474,0.001812799194228469,0.009335805503280906,0.07697385995488595,0.12634598019202434,0.004370088750148454,0.5360451916076251
5,7,SO,OUT,0.218578132489045,0.02570952046062374,0.0018562368059718785,0.01067113176328218,0.07581750592162573,0.17544643916312552,0.004152136771833145,0.4877688966244928
7,7,OUT,OUT,0.1682497282775748,0.04401369433551774,0.0017451096476039482,0.02194695256090338,0.04635849716850055,0.12057555126047743,0.01465921856954473,0.5824512481798774
7,7,OUT,OUT,0.13551728786233827,0.049970003511813056,0.0016841459235686256,0.010841082339484309,0.09925632231703187,0.24281028220299408,0.006762569592904448,0.45315830624986536
7,7,OUT,OUT,0.16587626756605733,0.03284977009450928,0.0015823063053725037,0.007743936970907247,0.06018969475120046,0.11155088111305148,0.005458536144272609,0.6147486070546292
0,7,SINGLE,OUT,0.16849597806821595,0.037833259055255315,0.0028949307285290812,0.014867950878349839,0.04273288679011763,0.16933654496012632,0.008924694552896384,0.5549137549665095
0,7,SINGLE,OUT,0.2092298806021179,0.03222190336627967,0.00407299778267895,0.01915945270755292,0.09754853196632725,0.15870677818740672,0.021511830719989168,0.4575486246676474
4,7,BB,OUT,0.15989131131700923,0.023291612174285787,0.0014101916124442564,0.05124954993577897,0.05622435294596093,0.20207415365618156,0.0038148173002446606,0.5020440110580946
7,7,OUT,OUT,0.20856579829535576,0.05014474442170897,0.0017048393425972835,0.013527518436425835,0.0784019514133807,0.13429348055431578,0.004231500804692081,0.5091301667315237
7,7,OUT,OUT,0.18866578153327881,0.05038302463792005,0.002331755064565345,0.02475289836940108,0.07377586578247634,0.1358443525087589,0.003954641156517272,0.5202916809470821
5,7,SO,OUT,0.23149376527328078,0.026159631090363147,0.0015274727950660117,0.009738550999244469,0.04493417697357287,0.25345900239059826,0.00416538135776638,0.428522019120108
5,7,SO,OUT,0.1489107498789131,0.034606552184131875,0.00148382036276431,0.013132487625586074,0.03993183785702366,0.21633038178429959,0.004300375417489418,0.541303794889792
4,7,BB,OUT,0.1585385760636738,0.04005002058170677,0.001683219869604693,0.0320753960953768,0.09081459293046633,0.24162383238312787,0.004388758939576744,0.43082560313646706
7,7,OUT,OUT,0.14111562057890004,0.03757470035063812,0.0021164112049757294,0.009993347967613113,0.0570354593437673,0.16270066065675445,0.0037977286391510582,0.5856660712582002
7,7,OUT,OUT,0.11673444665779754,0.02525187845480773,0.0015308442025856021,0.018444283684566944,0.11828589256331831,0.28122178669439585,0.010349987389959223,0.42818088035256885
4,7,BB,OUT,0.1038217200518882,0.03960411822270961,0.0015454425926756138,0.017588170621237822,0.053514214761362706,0.22128220327012996,0.004037511763761666,0.5586066187162343
5,7,SO,OUT,0.11612529720684377,0.024534127432370694,0.0014574258220682772,0.008289929701237032,0.04756842794130086,0.32735342619853697,0.0044266176140555545,0.4702447480835867
0,7,SINGLE,OUT,0.19037591890693548,0.030448642575776175,0.0018838098541127284,0.009393821018879681,0.08303948419392794,0.18479385058119194,0.0049647174950626745,0.4950997553741136
7,7,OUT,OUT,0.14854280556002977,0.04769563867134326,0.0015524524290255251,0.007571632545313147,0.03665987163337341,0.1441173445306671,0.0047345475966295,0.6091257070336181
5,7,SO,OUT,0.12848502936914624,0.048307224523735454,0.0020431048946900733,0.011251619750801196,0.06809278782593504,0.19136583028157428,0.009774153185578525,0.5406802501685392
4,7,BB,OUT,0.1691450256128387,0.040296450960947736,0.0028127970979655347,0.009531879458531352,0.06432951265404609,0.13679673295547085,0.010188491538881536,0.5668991097213183
7,7,OUT,OUT,0.14450710655261712,0.05389862784049878,0.0018230314371946797,0.015562113664834162,0.05784099605620863,0.12888961206282723,0.004524613047221254,0.5929538993385982
7,7,OUT,OUT,0.1010503332196607,0.01880313934973826,0.0015014239674392756,0.007943801447164833,0.07529709284532791,0.1946475394773561,0.003933027468985155,0.5968236422243278
7,7,OUT,OUT,0.09545853422559489,0.05018859983966358,0.0017589834231312167,0.009230062724557965,0.12077914445771391,0.25098830007761685,0.003808057120301513,0.4677883181314201
4,7,BB,OUT,0.1572470897815428,0.0419839671537615,0.001659093613787535,0.008398406298442003,0.15137388336692328,0.1964645026834566,0.004240207328546079,0.4386328497735401
5,7,SO,OUT,0.14182528707674547,0.03541346764473876,0.0018967969531963466,0.009351219122613667,0.07859833326505782,0.25539362269871746,0.004789048400762736,0.47273222483816757
0,7,SINGLE,OUT,0.16871084767126834,0.04281241621759027,0.0021648696434018806,0.008719834604881524,0.08412326567044293,0.1830694912468941,0.005617392457659403,0.5047818824878616
7,7,OUT,OUT,0.21201383934117238,0.03662304693340297,0.0016602377825646977,0.02075743668151171,0.04143524808653451,0.15493688890576235,0.004614797487069754,0.5279585047819817
5,7,SO,OUT,0.10476919630938038,0.04320817103547272,0.0015215737760940185,0.016547314936402577,0.17492066153787622,0.187802526254803,0.003819963071183508,0.4674105930787875
7,7,OUT,OUT,0.14718530464268872,0.015365682189369166,0.001860528881115189,0.008271441021471392,0.05511902066826645,0.10980912624022977,0.0061348685211871316,0.656254027835672
0,7,SINGLE,OUT,0.10127831068215354,0.04077104843433144,0.0025088182636946047,0.013970991360774152,0.07353457794905081,0.15559764351441874,0.004233979517160255,0.6081046302784164
5,7,SO,OUT,0.186586514853858,0.047050107608473585,0.0021420293253929055,0.016259000269575642,0.06332470405637777,0.14146444337353653,0.006532785573401807,0.5366404149393839
1,7,DOUBLE,OUT,0.15371200489389686,0.041697607343646706,0.009538963145556667,0.010351530820391561,0.0505335684597446,0.2149422007397141,0.006286946738618711,0.5129371778584307
5,7,SO,OUT,0.1622968662165757,0.030954979001972235,0.0027089367205230855,0.022345627064183176,0.04295080684733026,0.19471623161944288,0.00565055627963915,0.5383759962503335
7,7,OUT,OUT,0.10950470980040153,0.03358959168378772,0.0016928888643435234,0.03059740135912217,0.07657900975387794,0.22019969849924964,0.004634774661639099,0.5232019253775784
0,7,SINGLE,OUT,0.13391219785142033,0.030033452552306317,0.0014884143202395156,0.024907097905260453,0.06506390582667278,0.18449508227374667,0.004264564869915532,0.5558352844004384
0,7,SINGLE,OUT,0.11812740958060987,0.031466653969698014,0.0015242647078145726,0.015506664516334168,0.10134560790557058,0.17926198390164638,0.0048943972788398965,0.5478730181394866
5,7,SO,OUT,0.12017157691420799,0.034235592500925366,0.0015672966994311741,0.014311412696525755,0.07215395869319438,0.1515207615824586,0.014565413865973268,0.5914739870472836
7,7,OUT,OUT,0.11663649378177236,0.021560231303562778,0.0032575662474584152,0.009776315434979727,0.054292700524653785,0.16255527673008796,0.006294277615601859,0.6256271383618831
7,7,OUT,OUT,0.13647566361548935,0.025571643673385106,0.0019709682745317277,0.012361149584809343,0.0430557142421408,0.17641765669576515,0.004480731616111446,0.599666472297767
7,7,OUT,OUT,0.08942706761682766,0.021888882259911906,0.0015611350498155297,0.009098649339102568,0.039609149365366705,0.1616533245328741,0.007828870006896157,0.6689329218292053
0,7,SINGLE,OUT,0.1533534447422272,0.07169791148517482,0.010622219559557448,0.010119337207564812,0.05490250094518062,0.18203532627432664,0.006380655727132576,0.5108886040588358
5,7,SO,OUT,0.131582861602697,0.028144327131268486,0.0015513175806587322,0.030404772710296044,0.06259627765487277,0.3640124079416875,0.004077680750594131,0.37763035462792527
7,7,OUT,OUT,0.09360103679505427,0.023341704652584446,0.0016038468360654215,0.011452800524914661,0.053757603134250834,0.2748937716842645,0.005117497403228597,0.5362317389696373
5,7,SO,OUT,0.14078602586116404,0.07579401070247373,0.007815352634258954,0.00962312541554601,0.04739380158104693,0.27739211901271704,0.006842138470338658,0.4343534263224546
7,7,OUT,OUT,0.11290876609067464,0.02130654274605374,0.0016194472273581171,0.009637308981385812,0.04854463021073612,0.29297470246237195,0.00887312743900705,0.5041354748424126
4,7,BB,OUT,0.18622146079862176,0.03773975222240141,0.001587577205080636,0.020726679000849554,0.03768625537107852,0.15331852678244226,0.004841438733734628,0.5578783098857912
0,7,SINGLE,OUT,0.19248292954567015,0.04035284505253505,0.002379247047390247,0.011829157944973738,0.07363686473398653,0.2374746534004217,0.0049965895187054415,0.4368477127563171
7,7,OUT,OUT,0.11034424075654267,0.055731944647166395,0.006791089446878724,0.012534138978266466,0.10726956239603584,0.29547137752630803,0.012951574008560235,0.39890607224024166
7,7,OUT,OUT,0.15340173933689633,0.05015551586829447,0.001917736892837528,0.01890898281356827,0.054944745934967336,0.129448527355559,0.007320216879488585,0.5839025349183885
5,7,SO,OUT,0.13439789101983426,0.013845264956922208,0.001337213182379804,0.006487891629030621,0.051215794026420645,0.11616912106002844,0.0038081425605748084,0.6727386815648092
7,7,OUT,OUT,0.14851815686190079,0.03573502059018687,0.002525824471485054,0.019617078078943417,0.04051228405577092,0.1882867013245159,0.004466458431099599,0.5603384761860974
7,7,OUT,OUT,0.1634482283369335,0.03259279319664348,0.0015380974599382919,0.021388719525207257,0.04222576637668317,0.17108441703708002,0.006185058477045259,0.561536919590469
0,7,SINGLE,OUT,0.11898961905120665,0.03225150411598688,0.0016656511124111743,0.014132593678377355,0.17666859581045702,0.18517842694213926,0.0043410070169897855,0.46677260227243184
7,7,OUT,OUT,0.1479021988792169,0.02441053794063977,0.0015582417975599878,0.025430564644270594,0.06116043112976685,0.3483878361206733,0.004367051482744788,0.3867831380051278
5,7,SO,OUT,0.11321426844873761,0.0343362012400042,0.0016109667393310978,0.016631099103915442,0.0614601896291855,0.15820895359438267,0.015620530934859347,0.5989177903095841
7,7,OUT,OUT,0.112053735199159,0.021479457661141864,0.002216654645588847,0.010888926893902197,0.04748858944173935,0.14772701410787595,0.007061721455984581,0.6510839005946082
7,7,OUT,OUT,0.14400947397516048,0.020887832988882676,0.001977266598995493,0.012533928652659818,0.049473512761508416,0.1780491311423845,0.004016893535383821,0.5890519603450248
3,7,HR,OUT,0.11897930802280526,0.044869129248433295,0.0014252247454059031,0.023669127549252517,0.06440252327333681,0.18096170101482728,0.005047649727310868,0.560645336418628
7,7,OUT,OUT,0.12488486051435888,0.030094999482950437,0.0016099375741453353,0.0183369239911729,0.09560492956128969,0.19365440178713403,0.005015162802027834,0.530798784286921
5,7,SO,OUT,0.1310042289276636,0.040556250247012,0.0016853183060282235,0.03306835447146205,0.0812265407053763,0.2144517557776409,0.005439484110388243,0.4925680674544287
7,7,OUT,OUT,0.08343780112961145,0.044142301077391546,0.001429942565124504,0.008005136654830377,0.033150115884306955,0.15664607423616972,0.004695102125767652,0.6684935263267978
0,7,SINGLE,OUT,0.12788333444184638,0.055185870829689496,0.001605799309868828,0.014495415587252782,0.17186120813472178,0.15276631526731174,0.0039229797547152565,0.47227907667459373
7,7,OUT,OUT,0.07959286336450723,0.03661386949497275,0.0015366857064823224,0.008819718983471083,0.03901597213888923,0.1526815556601811,0.0040520372851806175,0.6776872973663156
5,7,SO,OUT,0.1275827955497575,0.03526718965263527,0.0015227422844393116,0.015826149858438825,0.06530605267450018,0.18111606287926638,0.004992345927809909,0.5683866611731525
7,7,OUT,OUT,0.14690865434952446,0.027366214967026,0.001630696105187096,0.04197780573595061,0.08539047200789297,0.2016956919007058,0.0047318889363653785,0.4902985759973476
5,7,SO,OUT,0.11362856479764052,0.022170021218180066,0.0015087656796962906,0.009278633865741749,0.04946866698008208,0.31159349440003853,0.009476094251237405,0.48287575880738326
7,7,OUT,OUT,0.08056145978552057,0.02106651423190499,0.0029848376707347227,0.03784188971148445,0.05699818678174128,0.1348384056564571,0.005222338356019332,0.6604863678061377
7,7,OUT,OUT,0.13487812392032772,0.024587996429818747,0.00630762028251953,0.011911433428317117,0.052691139813577495,0.14133168545250896,0.007497584363218439,0.6207944163097121
4,7,BB,OUT,0.12947221281759572,0.02695012525558885,0.0023210474412426216,0.01199837584865003,0.05301071814649832,0.20686559524783013,0.004941105371113122,0.5644408198714812
1,7,DOUBLE,OUT,0.15533779200957268,0.019089291771406107,0.010250025280078496,0.010757801406946528,0.04936147647286797,0.1673523229045878,0.0056786433365539615,0.5821726468179864
7,7,OUT,OUT,0.090913492888223,0.02516631977703877,0.0015396046604448268,0.008661368659541261,0.04200613103611039,0.14568786130214503,0.011371588852673269,0.6746536328238234
7,7,OUT,OUT,0.2179940435008842,0.11255482507614929,0.0025207283436394674,0.013332008089625017,0.052263923180539115,0.22600586914654858,0.007126924798773681,0.36820167786384056
7,7,OUT,OUT,0.1693859611887585,0.060718398255019096,0.00152819014568007,0.00829332293733217,0.0371749508849442,0.16709944404301288,0.008225191875372092,0.547574540669881
7,7,OUT,OUT,0.15541737711649778,0.06037798859799193,0.007002299274474079,0.009275964500743214,0.04315395210207393,0.15340277555420212,0.0045274156940672125,0.5668422271599497
7,7,OUT,OUT,0.16518146991593574,0.04347424218083978,0.00218967360615618,0.014556921633747855,0.05291099579223163,0.12966217326884558,0.005961487892259377,0.5860630357099839
7,7,OUT,OUT,0.14959697090717755,0.01424986647755823,0.0015937707107143422,0.006587124767145992,0.046494021133115286,0.11259135119589604,0.003836601841031624,0.6650502929673608
0,7,SINGLE,OUT,0.15273138734329395,0.027091820658439434,0.002721989597497766,0.018532924857362517,0.0382591779241471,0.17627135458820445,0.0061223803414273215,0.5782689646896274
7,7,OUT,OUT,0.11674022571596365,0.02671588334547783,0.0016271575573434474,0.017653727403923295,0.0675782558237074,0.1645419004995896,0.024416535166334272,0.5807263144876605
7,7,OUT,OUT,0.15261644122966234,0.0789454572944799,0.007967563626286095,0.02038279483128057,0.06552129825585323,0.22212587584079335,0.004713886011636533,0.44772668291000806
4,7,BB,OUT,0.11750697743548762,0.02339125429230273,0.0015667812352102555,0.014090762219301656,0.07513206566808302,0.20888874991301853,0.005570630655045887,0.5538527785815504
5,7,SO,OUT,0.1384597929180197,0.024915381248239134,0.0016520931232111625,0.026222595299167394,0.0714414976998075,0.32440137891844467,0.004270149580809874,0.40863711121230056
0,7,SINGLE,OUT,0.13259482569553166,0.038981140340779576,0.0015366742461566882,0.02130221088478529,0.05243163171711686,0.18210719532950817,0.005538813684853216,0.5655075081012685
5,7,SO,OUT,0.14842863479504279,0.03339920072756862,0.0024009771913638634,0.01684278324485519,0.042607989063229094,0.16510564646377224,0.005164939146089632,0.5860498293680786
7,7,OUT,OUT,0.11629119510024478,0.027710994924419766,0.001525858088486717,0.009248131161291761,0.04835013404195304,0.26451023329754564,0.007890232227306868,0.5244732211587514
0,7,SINGLE,OUT,0.2790477278683876,0.03251234648381178,0.0026236755749152194,0.014729270087569109,0.08925459751786725,0.12145827423313692,0.004591688769273758,0.45578241946503834
7,7,OUT,OUT,0.08341507526146726,0.059385953021812696,0.001412258470435821,0.007168745959919852,0.03743634734609195,0.15394866260032064,0.0040178051359916,0.6532151522039601
5,7,SO,OUT,0.09722665875536018,0.020065461673697584,0.0015829136026982676,0.008652829619223526,0.04712146536759204,0.23555051322533557,0.004149375558051471,0.5856507821980413
7,7,OUT,OUT,0.088071806463778,0.021780851869996346,0.0015136939366517902,0.008184624486709494,0.04015546283129927,0.14901250295497442,0.010669249042942303,0.6806118084136483
1,7,DOUBLE,OUT,0.14021053666457303,0.05336956677020069,0.003929907241032748,0.009840817208803358,0.05020251279624854,0.26475331740888464,0.0050294639073632415,0.4726638780028938
7,7,OUT,OUT,0.19097036765043562,0.03845385988485321,0.001562120196699523,0.017623043208890965,0.039052779557935374,0.160815651887008,0.004686448766386895,0.5468357288477904
6,7,HBP,OUT,0.12806408575374909,0.045822058004858925,0.0019065401601549915,0.010376922464015247,0.21314041891068203,0.17334330205629417,0.004224981952343413,0.42312169069790206
7,7,OUT,OUT,0.13154868127652103,0.026284059569041937,0.0014887691569861483,0.024391014963263232,0.06911839572536155,0.350792241412878,0.004848284666192491,0.3915285532297556
1,7,DOUBLE,OUT,0.11899114767405858,0.03921452074898737,0.001626686685449174,0.01951659145970512,0.06660764147764645,0.23498222725901935,0.006693866789422333,0.5123673179057116
0,7,SINGLE,OUT,0.12163019688667981,0.02733917155121982,0.0015523015701756494,0.04776098522033114,0.04509510242578838,0.33546609174325864,0.005429814985824836,0.4157263356167218
7,7,OUT,OUT,0.12364477576660639,0.03873484098349801,0.001598466242009829,0.011096871705372085,0.04299925478359233,0.3171484047174224,0.009590630611686418,0.45518675518981255
0,7,SINGLE,OUT,0.27629057483190644,0.030840124931264413,0.0016858307094220286,0.029615478763312313,0.05835191391785806,0.11398724315412691,0.004690698425209858,0.4845381352668999
7,7,OUT,OUT,0.16504959243294715,0.04869097485570715,0.0017814227249373352,0.015163184106152418,0.050603193186633054,0.12335578297328978,0.007040366070682906,0.5883154836496503
0,7,SINGLE,OUT,0.1491757798947288,0.015217944474202733,0.0014961615200112892,0.007847233700283765,0.04509212969534705,0.11313602550698246,0.005755465899319551,0.6622792593091245
7,7,OUT,OUT,0.12996079304662853,0.031085747751887324,0.0016392002039031983,0.020519087661904477,0.07280729015342141,0.17749008521210569,0.02289033410507873,0.5436074618650707
0,7,SINGLE,OUT,0.13697161495910626,0.02946624840584055,0.0024842603518231967,0.016713176246105726,0.12820415127701337,0.2411256946175522,0.004465529024485157,0.44056932511807334
7,7,OUT,OUT,0.17192793218731872,0.020593490887893605,0.0020118301818613685,0.01838438375867161,0.12507842646008058,0.18365182985908576,0.006427106839175692,0.4719249998259127
0,7,SINGLE,OUT,0.20509917300660863,0.03039826752331891,0.0028462642788190298,0.02194128454539945,0.10444156915943772,0.22298333663536193,0.004584377504714728,0.4077057273463398
7,7,OUT,OUT,0.20103785573141997,0.013134439071852218,0.0018265136154476849,0.007388617792990933,0.030195201886199986,0.1905889243871905,0.004594804220105898,0.5512336432947929
7,7,OUT,OUT,0.15851598602911454,0.022442898797562318,0.0020187730669979794,0.00846467592525895,0.04962204361090068,0.23425592263715375,0.014809732619031558,0.5098699673139803
1,7,DOUBLE,OUT,0.13912455030453147,0.017037175317104986,0.0019116168363115668,0.00706901915237233,0.08180681722646357,0.3021339029281679,0.011936412677117172,0.4389805055579309
5,7,SO,OUT,0.09904678032089373,0.020903609911380957,0.003005961202041877,0.009407503167370901,0.07045639238382594,0.31951844161449905,0.004760022884421696,0.4729012885155657
7,7,OUT,OUT,0.19277170353588605,0.028427447410984845,0.002040041618989763,0.01072983590178324,0.08219066912454134,0.148222008662814,0.004861191783448434,0.5307571019615523
7,7,OUT,OUT,0.1919119622943376,0.04207254968882385,0.0019010333917715715,0.015114420812035734,0.11256939181562924,0.11950243427917051,0.004684603289062947,0.5122436044291686
7,7,OUT,OUT,0.21731795217840785,0.03874313026512647,0.002515352938738496,0.009882585320793438,0.1041968538105989,0.13229358087823853,0.006443909283660404,0.488606635324436
5,7,SO,OUT,0.1377389879405374,0.030793217273040043,0.0016414213732970715,0.008852167015968648,0.11511527787801204,0.11788523535425248,0.006676879065768731,0.5812968140991236
0,7,SINGLE,OUT,0.20442408067468934,0.03578556923270918,0.0020848205020127836,0.030121488956507566,0.0831953747471314,0.2429082646418491,0.004854719761877623,0.39662568148322297
7,7,OUT,OUT,0.24369358732228644,0.03361350513734541,0.0023674534500472293,0.010156411249304066,0.038885296722872977,0.14585579841125168,0.004233229299048201,0.521194718407844
0,7,SINGLE,OUT,0.13415806991476897,0.03755811357242552,0.0024756801811320595,0.04676523600843345,0.05147168170927093,0.181184005354485,0.004265361431916469,0.5421218518275676
7,7,OUT,OUT,0.200651671221273,0.01646496743331259,0.0017806122493769186,0.00759639301418736,0.0487149940470386,0.2557506606070562,0.005649673150110488,0.46339102827764483
7,7,OUT,OUT,0.19882677615495334,0.0295530613483071,0.0018458107850428613,0.01001090081984209,0.049041281688576514,0.3062839269806605,0.009232157049698332,0.3952060851729192
5,7,SO,OUT,0.14088186243608458,0.02634756099529637,0.0018800877532483644,0.013113095691348189,0.11096197954137182,0.24497734917293176,0.01281374608686072,0.44902431832285816
6,7,HBP,OUT,0.2612644385264226,0.03932752603895717,0.005503581305842654,0.01905884677110767,0.03892101619828859,0.1412503266426266,0.004929881973410301,0.4897443825433444
7,7,OUT,OUT,0.17658305579078468,0.025536341393844076,0.0027425716243314165,0.0072503024268352105,0.08992033891433006,0.10021434127178264,0.006173738607207806,0.5915793099708841
5,7,SO,OUT,0.12989764282783126,0.024453808762202645,0.0021043932048227555,0.008222775353399001,0.1043697719705783,0.13867175091411127,0.007421714993339596,0.5848581419737152
5,7,SO,OUT,0.17155425694153523,0.0280202966398643,0.0018796687255819844,0.012735897264466112,0.07242195330473628,0.25757840877087596,0.006441263956588269,0.4493682543963518
1,7,DOUBLE,OUT,0.21450656827730866,0.028316922559405027,0.0018103704925602438,0.012186920685884738,0.07110818024201203,0.12642100924340247,0.004413977618715163,0.5412360508807117
0,7,SINGLE,OUT,0.16105164237311032,0.05695902876293166,0.0019204009647804784,0.01466192800131087,0.1120940486806018,0.12259100066607687,0.004693783948583667,0.5260281666026044
0,7,SINGLE,OUT,0.16608222260564584,0.02917357916085779,0.0016719942947258787,0.011118020488957311,0.07254563605499052,0.12199657816226106,0.007200211755217255,0.5902117574773442
7,7,OUT,OUT,0.19536335049320971,0.03123742377620714,0.004376535977101929,0.007961523211795666,0.07310843981856245,0.10258068033469264,0.007298785040832884,0.5780732613475975
7,7,OUT,OUT,0.23275602680572582,0.03684875948255585,0.0025895191320321914,0.00888431727835133,0.10773182867513936,0.16179378418435544,0.007667283887693093,0.4417284805541469
7,7,OUT,OUT,0.2331905562048902,0.036826821503539296,0.0028528625895628294,0.007369249735682014,0.03867455649055959,0.11681964126405794,0.007357136100736557,0.5569091761109715
7,7,OUT,OUT,0.17969953426662522,0.01429642988733846,0.0019014807740993043,0.009213391661661912,0.033055707144959805,0.23057401405574687,0.0037256900222036897,0.5275337521873646
5,7,SO,OUT,0.2605828422760322,0.01616945118404252,0.0016705746579239052,0.007169924777934911,0.04138611534460334,0.25193742250804724,0.005261955157707976,0.41582171409370783
5,7,SO,OUT,0.22852722217266014,0.025794939210054137,0.0019435584274578698,0.009153841943095762,0.05328484237155301,0.23894786246804708,0.003661479437079342,0.4386862539700526
7,7,OUT,OUT,0.17388955752403,0.052221342624379684,0.002193733482053225,0.011852601417347779,0.12555341694038902,0.12097141078633743,0.005441747444136962,0.5078761897813259
1,7,DOUBLE,OUT,0.22342118863229216,0.039511387753856854,0.0018055906361844913,0.01992028065434181,0.08709388499555205,0.1767997404896937,0.014614585614133742,0.4368333412239451
7,7,OUT,OUT,0.17367360046699512,0.05258894581992874,0.0020517872366021235,0.007419521503173201,0.03770928770274302,0.163795920771809,0.011977117399142012,0.5507838190996069
0,7,SINGLE,OUT,0.31440453690544656,0.05312590420626829,0.0034032199890310227,0.007714399792807279,0.07792194251033957,0.10710389914384502,0.01199788797993966,0.4243282094723226
7,7,OUT,OUT,0.13482575067044444,0.029842912846624586,0.0019464543663484338,0.01200858934050359,0.11305577339253801,0.26075440752659274,0.02170756277415288,0.42585854908279525
7,7,OUT,OUT,0.1609261062245159,0.025779179488541918,0.0018821161995482049,0.012708861163468655,0.07174991978455582,0.2561919478004573,0.005334616890258454,0.46542725244865385
7,7,OUT,OUT,0.1817027244079372,0.022384005125356272,0.004663664606639765,0.01557656955272589,0.09593084455277379,0.12268679833403189,0.005625510034679229,0.551429883385856
0,7,SINGLE,OUT,0.22281050432493446,0.036261745797970237,0.00265846367015224,0.024828329602160002,0.12469439721734228,0.24410618853869107,0.005831242632246569,0.33880912821650316
7,7,OUT,OUT,0.18373402121345103,0.03506978880681258,0.001921717393238643,0.010891154933485053,0.06535427668480559,0.12946163293955965,0.004946552703685608,0.568620855324962
7,7,OUT,OUT,0.24628741938226084,0.031102302869640025,0.0018795536085746175,0.045078019959167416,0.06684417046230064,0.23797604271880807,0.004724748691770177,0.3661077423074781
7,7,OUT,OUT,0.13712157648739098,0.024274230720225172,0.0019035383000698231,0.01271280107232491,0.06690659985444249,0.29483622183495406,0.0064403608428756295,0.4558046708877169
5,7,SO,OUT,0.1825258174091503,0.028940041682701055,0.0018924101747286653,0.015427965561728688,0.07600979210219444,0.2655726864566506,0.004592890612519257,0.4250383960003269
7,7,OUT,OUT,0.17363559478521903,0.02343092812670703,0.0024568197454608743,0.008858424200847287,0.056509505023775504,0.2508798385792716,0.009686143538717117,0.4745427460000015
5,7,SO,OUT,0.15240616167878426,0.02273829292155594,0.00283122698651486,0.0072755886994652335,0.03794666129551449,0.10879406259838531,0.004414541183653838,0.6635934646361261
0,7,SINGLE,OUT,0.18065214538896177,0.06686872157654361,0.0017667028987489082,0.01629734619067528,0.15132563493945705,0.12041220884951623,0.004298928779039763,0.45837831137705726
7,7,OUT,OUT,0.13604441710187576,0.02064650150665401,0.0017967281423472332,0.010782300035406053,0.12762143100206902,0.2000566563613426,0.004699830569298862,0.4983521352810064
5,7,SO,OUT,0.10182485474479064,0.040744551446898904,0.001959523142954196,0.008494301853976493,0.07945383844950768,0.17333901641768285,0.003928317862214591,0.5902555960819748
5,7,SO,OUT,0.17354912154107516,0.03309432671203301,0.00558586646613929,0.05852735605588334,0.03591930066460613,0.17821459270843437,0.004021458145080937,0.5110879777067477
7,7,OUT,OUT,0.22782386271959434,0.055789054512670355,0.002072135936817276,0.013758494256757141,0.06055395606518793,0.21842215130047302,0.004613828528784459,0.41696651667971535
7,7,OUT,OUT,0.08436450392232595,0.031348927979536305,0.004097669346464278,0.010169383568235138,0.06811105119030485,0.3100782282836568,0.004224743433654289,0.4876054922758224
0,7,SINGLE,OUT,0.17303257728620366,0.021833289655471693,0.002075853633880959,0.008563255289305911,0.11032094216689646,0.12199659693827754,0.010329246705187924,0.5518482383247758
5,7,SO,OUT,0.15898614732902916,0.026240514549383132,0.0017115798564128072,0.008260178896239777,0.11991747663025994,0.24416089201477936,0.004403508227815659,0.43631970249608
5,7,SO,OUT,0.19141179717441986,0.03687865582794904,0.002495510830668175,0.008158180429699027,0.03608388069952734,0.122540906069806,0.004940488607497091,0.5974905803604335
5,7,SO,OUT,0.1850668659638547,0.029078934866285242,0.0016196200393104822,0.041312116731176886,0.09644213618957229,0.20794900922083526,0.00442803942842938,0.4341032775605357
0,7,SINGLE,OUT,0.20618860276398818,0.039057818177887775,0.0031511307923813925,0.02086117287708696,0.037093850188391855,0.1718599961829272,0.004810507649169564,0.5169769213681671
7,7,OUT,OUT,0.14172312973198029,0.020015019129378427,0.0026268669025727334,0.008287583234890022,0.09090834283988537,0.23169492586176488,0.004436474499906008,0.5003076577996222
5,7,SO,OUT,0.14119467215149023,0.027412499119832023,0.0019127636334901978,0.011815314652629486,0.07866654587116535,0.2639772563659029,0.005313173644645225,0.46970777456084467
0,7,SINGLE,OUT,0.09133637098023104,0.03530773604907551,0.005889643969641258,0.012819051916454563,0.1005677916543288,0.2395809729835091,0.007469719862439749,0.50702871258432
7,7,OUT,OUT,0.15747738453243107,0.02625285755174665,0.001909569283655967,0.016746829042246527,0.11143113094449743,0.2244208033513686,0.009075492788358536,0.45268593250569533
7,7,OUT,OUT,0.18187719991361928,0.01456125614490156,0.0020856226178083575,0.007944961351153548,0.03198086923727496,0.1871796424187255,0.00476313325355497,0.5696073150629618
7,7,OUT,OUT,0.2339326292344839,0.018317392287275896,0.002890204779875789,0.007779707898651125,0.09657339599471076,0.1218147068568221,0.004680515153726948,0.5140114477944535
0,7,SINGLE,OUT,0.14382263469685955,0.02621923191960211,0.0018391112580258343,0.0129302804027313,0.07168505391331013,0.3102613920163311,0.007081424032559749,0.4261608717605801
7,7,OUT,OUT,0.15588301876924757,0.02706111328473198,0.0018774998794926368,0.016237125924415004,0.06631011362190643,0.22563085428319027,0.004498211249166183,0.5025020629878499
0,7,SINGLE,OUT,0.1260785877920055,0.015824110409296887,0.0019589521242836007,0.007729007218208999,0.09136405283255818,0.34320034529800264,0.020880421442961764,0.39296452288268247
7,7,OUT,OUT,0.08854927941872417,0.018192476594490126,0.0025198491958090094,0.008389523416037001,0.06733191081274147,0.30373886405505435,0.004427861647318979,0.5068502348598248
0,7,SINGLE,OUT,0.19548641798748873,0.02391653270851598,0.0053109197261491745,0.01397565419843774,0.07717294240976609,0.21612531796070272,0.004269033013088798,0.46374318199585096
1,7,DOUBLE,OUT,0.20386845822016203,0.04689060380664541,0.0022206424180003727,0.02874967013083411,0.14149503468213293,0.1264722542996112,0.004475138659811634,0.44582819778280236
0,7,SINGLE,OUT,0.19491350848278696,0.022376457021279064,0.0024758693244724475,0.008762541281480199,0.05065795719959549,0.2451932689179347,0.01815078140006812,0.4574696163723831
7,7,OUT,OUT,0.23727547310096062,0.03180810374337799,0.0018799184208470629,0.011470079335721762,0.06499305435436695,0.26847081049030186,0.0044964390186958405,0.379606121535728
7,7,OUT,OUT,0.19098435648333967,0.019575846892960283,0.003775242432451357,0.011648368381587039,0.15318770794880418,0.1369596840546212,0.0052409081185851155,0.47862788568765113
7,7,OUT,OUT,0.1644923358287048,0.02710805350464965,0.0026886945715296705,0.012892030134957794,0.15210791464202839,0.2193294266408173,0.004716383348417563,0.41666516132889475
4,7,BB,OUT,0.2741699072473656,0.039997251076029514,0.0026213139451276113,0.008494302133933337,0.07098517166875937,0.20506464627462379,0.004396531059322772,0.39427087659483795
0,7,SINGLE,OUT,0.2475589353191077,0.02736302322633228,0.005077725469107277,0.009588228399370683,0.05989295040265516,0.13654311085675108,0.004485504363395344,0.5094905219632804
7,7,OUT,OUT,0.13985745852410408,0.051591144091355,0.0022740209401380385,0.03687887848626983,0.11031717255063711,0.2838913224649436,0.011150594209287447,0.364039408733265
7,7,OUT,OUT,0.22992724377368626,0.016232707256156043,0.0017063043465524958,0.010604472353330235,0.041980334452774486,0.25379102293980116,0.003853075310039269,0.44190483956766013
7,7,OUT,OUT,0.09590639963104147,0.021838654784241972,0.0015694385284169795,0.05498386190133164,0.07119580314538608,0.2242314047659538,0.005193946924192522,0.5250804903194355
0,7,SINGLE,OUT,0.14865164276401324,0.07022731379572973,0.0017600292066130125,0.013587055680569152,0.09466006332865019,0.20979295727740488,0.007863423092528288,0.4534575148544913
1,7,DOUBLE,OUT,0.1904558281936241,0.04776203240916682,0.0017272913467848447,0.026441035327138696,0.060593206732303916,0.22552157847834442,0.0073327105373812125,0.440166316975256
6,7,HBP,OUT,0.1553778003943476,0.06352374554750922,0.0019419966117468616,0.008615499415615771,0.09422304269044761,0.20507490439547366,0.006729442410079844,0.46451356853477965
0,7,SINGLE,OUT,0.2080934972642216,0.10562384404141661,0.0018189183089972133,0.010937626313473548,0.037931776781546876,0.15492306793342928,0.02188156410069685,0.45878970525621804
7,7,OUT,OUT,0.17858493210500107,0.05037230041417112,0.0015285320653921446,0.012589158029025216,0.07691878053017408,0.23694903898864975,0.006060735816454296,0.43699652205113243
4,7,BB,OUT,0.14225803808549423,0.03663075741552622,0.0017526920138230644,0.0076778283633781915,0.07839273784273547,0.19464854123790826,0.03132112909904725,0.5073182759420873
7,7,OUT,OUT,0.15037568672170087,0.043287439636522825,0.0015951325648689478,0.009178133572606014,0.07502344871870735,0.2412378478181121,0.004838757612929199,0.4744635533545526
7,7,OUT,OUT,0.13900178221546913,0.052347715606219106,0.0016886694991250085,0.017681015112467696,0.04323836718423775,0.2072672986288724,0.00918574067625743,0.5295894110773515
0,7,SINGLE,OUT,0.16710114546880694,0.044246962825136286,0.0016218468156785455,0.009464458290747189,0.09282162154040156,0.2611430680831964,0.01047442384808356,0.4131264731279496
0,7,SINGLE,OUT,0.16241838312870685,0.09161390031057276,0.002770563043242673,0.00916099608611115,0.045299332671133626,0.23282215594027486,0.01788165521877758,0.43803301360118047
7,7,OUT,OUT,0.16620548394792184,0.030298829077167626,0.0021771143642820585,0.009096725640685513,0.07726348712147038,0.193761826183118,0.004577244642458594,0.5166192890228959
0,7,SINGLE,OUT,0.24326660239578696,0.07441228863948972,0.002657335307752032,0.007159331218035845,0.0466002601005041,0.10924464659612591,0.005785295758792638,0.5108742399835128
7,7,OUT,OUT,0.1859527202279066,0.02991143156146037,0.0032459847946824144,0.012413367864189107,0.042969932124064254,0.11093018688266941,0.021336143923620845,0.593240232621407
5,7,SO,OUT,0.15665692490278932,0.03896142469806247,0.0016507110875958989,0.016785176378331053,0.05153927308766397,0.13687241407988313,0.0122614578482087,0.5852726179174654
7,7,OUT,OUT,0.1648882919446286,0.07097469377900543,0.002911202655868568,0.008912511709129073,0.04365780512042436,0.28227527256165746,0.012891713900907494,0.41348850832837886
7,7,OUT,OUT,0.15516534068750146,0.043503688226264096,0.0019380331398909682,0.018117959200511326,0.06987749935605435,0.17594495325925189,0.009705741335301013,0.525746784795225
0,7,SINGLE,OUT,0.32502000286144483,0.04397465540263796,0.0047114064810136165,0.009338291112491705,0.04340911136430438,0.1210695746969557,0.010432494462259226,0.44204446361889255
0,7,SINGLE,OUT,0.15588999483467117,0.03804320769242543,0.0015066528867599643,0.015590454153088292,0.04259573058234943,0.11960071010389971,0.004923535124306405,0.6218497146224996
7,7,OUT,OUT,0.16488984890273178,0.042467134719001425,0.001619979716904496,0.01288549774747937,0.050805429164307775,0.11893019981619693,0.020067970837469685,0.5883339390959086
7,7,OUT,OUT,0.18440356299905836,0.03896823980005839,0.0017783319572032127,0.015823421677052633,0.05769908212126354,0.31220776509289533,0.011637373680340362,0.37748222267212805
7,7,OUT,OUT,0.19189405759758763,0.09045124479578304,0.0018010032204288276,0.009845630181011079,0.0415271847778334,0.17359680865197447,0.02810898592680177,0.4627750848485799
0,7,SINGLE,OUT,0.16212499023060578,0.031113991062980625,0.0058374070647783305,0.007961253696824641,0.056463091607284556,0.23195482861807645,0.005440964797031974,0.4991034729224175
2,7,TRIPLE,OUT,0.13570416151459436,0.07117349013665146,0.0020059855570450464,0.010998635366402321,0.0998629671995977,0.21004705612586497,0.00820178793815308,0.462005916161691
0,7,SINGLE,OUT,0.2608171627091859,0.04717372108604774,0.001603742168366978,0.021508813555875302,0.04778898875030341,0.1999264423581197,0.009155261237540112,0.4120258681345608
7,7,OUT,OUT,0.15431310867689485,0.021328786427959046,0.001636441975982975,0.015012753296041157,0.06117133849791778,0.24595980755422464,0.0044685560200997,0.4961092075508798
5,7,SO,OUT,0.12814685838618406,0.06921056681047008,0.0015156546376939458,0.014656716732089214,0.07342403529680401,0.1391760542078449,0.02469220739660596,0.5491779065323079
5,7,SO,OUT,0.1329225176311199,0.022283836192714054,0.0015349672343824598,0.03469812641532095,0.08204340593844017,0.2930930528131814,0.0038831973688283356,0.42954089640601284
7,7,OUT,OUT,0.14520846250773572,0.05872619613886263,0.0018766497790492973,0.02822080864751537,0.0857026745104415,0.27789982255244094,0.01648249866452767,0.38588288719942665
7,7,OUT,OUT,0.16042846647326445,0.04486279397768691,0.0016002302666965834,0.012931825831419403,0.06151924621371641,0.24182314191313303,0.00918588673328146,0.4676484085908018
7,7,OUT,OUT,0.14758018823245364,0.027813895748594556,0.001606654182103369,0.016111507115528213,0.05277162586049807,0.2651604164965954,0.0042774143583155745,0.48467829800591117
7,7,OUT,OUT,0.09657991939309431,0.04083529142211591,0.0013145309260743367,0.008164034236062762,0.030621172254751323,0.20042698832554076,0.0037075447101460163,0.6183505187322146
4,7,BB,OUT,0.3666845980697025,0.021260996019038008,0.0014497748714561198,0.01895792957881747,0.07158154103619382,0.14727234183001653,0.004257916296586647,0.3685349022981889
7,7,OUT,OUT,0.20637597721481188,0.05452936609829735,0.0024115428752222033,0.009521473563868661,0.11820470199121814,0.22770950323500208,0.006607329818721167,0.37464010520285845
7,7,OUT,OUT,0.24419830250739266,0.030842666450037345,0.0030607685547144646,0.010303803364397497,0.0963042901045569,0.14327483204858446,0.004389619529847573,0.4676257174404691
5,7,SO,OUT,0.19030708532263513,0.029482492077610927,0.001768532312985616,0.009217793200291315,0.12467617294469899,0.20497858051013237,0.004392932718630808,0.43517641091301484
0,7,SINGLE,OUT,0.20131447710954017,0.018854191582893278,0.001622389698714346,0.010911942231444746,0.06120680795190272,0.20934528532749505,0.004562854372996525,0.49218205172501317
5,7,SO,OUT,0.1304022087398438,0.0426950871889376,0.0021698417316423253,0.013309015801838896,0.039588061540126784,0.22677774576642157,0.006475400697834121,0.538582638533355
0,7,SINGLE,OUT,0.15422393418831684,0.03781878910053023,0.0023835013248945168,0.010322374594046417,0.058677305890897806,0.24018142317191532,0.012836514079748356,0.48355615764965054
5,7,SO,OUT,0.15590046321637133,0.01850860937840387,0.0026163785036376103,0.011755922597648044,0.05147834583124455,0.2523600633635108,0.01425693525969934,0.4931232818494846
7,7,OUT,OUT,0.19975869658832113,0.028589125184483664,0.00301782211976366,0.008821749676548682,0.07664188963600102,0.17118453539388445,0.005689524205453862,0.5062966571955435
5,7,SO,OUT,0.15111763371926346,0.026057342962837668,0.021186776677047263,0.007562887339091551,0.06397629083231661,0.1953952920425232,0.005496026594878099,0.5292077498320422
7,7,OUT,OUT,0.10223761624240184,0.022142969418179653,0.006189589915781301,0.009160224358517925,0.10195220247546173,0.1822076793686983,0.006149749914160186,0.5699599683067991
7,7,OUT,OUT,0.16906278796936874,0.0359651459093607,0.0015414033024650764,0.01246960972166713,0.05538592906988945,0.22106431406804228,0.007937892244863949,0.4965729177143427
1,7,DOUBLE,OUT,0.1756149537310751,0.017787002588896594,0.0016403810005632489,0.010547152477614329,0.06796050203259192,0.23320962592919753,0.004783572863323546,0.48845680937673774
4,7,BB,OUT,0.13587652547191933,0.03596287832082479,0.002103860102594023,0.014100811770495153,0.041246993587529875,0.2415305011630498,0.006807035882525871,0.5223713937010611
3,7,HR,OUT,0.1622510305614857,0.055151107802813716,0.001674939746197757,0.02284913399443673,0.08922263527350854,0.1439130908981789,0.017562055763597054,0.5073760059597816
5,7,SO,OUT,0.1630222303963859,0.023536553707353663,0.002072998828157748,0.011227096690989747,0.053462800732355695,0.27222618349632005,0.008795749261630377,0.4656563868868067
0,7,SINGLE,OUT,0.14770328449095058,0.021961796333416102,0.0015553050697533605,0.01156357250879045,0.04573372151203835,0.28175049178997696,0.004341020908538562,0.4853908073865356
7,7,OUT,OUT,0.0963159164724326,0.03017846548198779,0.0015312711860309442,0.007514292775975996,0.03630921907812544,0.1995401982351872,0.004720483653035322,0.6238901531172247
7,0,OUT,SINGLE,0.3779196255423825,0.018021838674727404,0.00158637813946191,0.00880930963371519,0.0720298637672166,0.14621378468812155,0.004495670468167556,0.37092352908620724
7,7,OUT,OUT,0.1419684779766883,0.022373014313504854,0.004433640946220079,0.009274622737790414,0.08662068384617491,0.22077922569060185,0.010484003224538007,0.5040663312644817
7,7,OUT,OUT,0.22513928987253837,0.020338857741946638,0.0015856735854031566,0.016264501908565706,0.056857272081257876,0.1973634765412695,0.0044724382134762085,0.47797849005554255
7,7,OUT,OUT,0.10592886318081378,0.03464852177925734,0.0018763249118317223,0.01053655145587888,0.10603103310696413,0.1747849381702365,0.004657022614598742,0.5615367447804188
1,7,DOUBLE,OUT,0.15142238362577803,0.06956250380445811,0.0018632867763209745,0.018516506116320944,0.1092564103397276,0.19041731137059634,0.0067152556559979025,0.4522463423108
7,7,OUT,OUT,0.2395799399428623,0.06742387455103287,0.0020206770437079325,0.013108651888037653,0.06535929946468291,0.169970100986342,0.006939437192971404,0.43559801893036304
7,7,OUT,OUT,0.15569519077826074,0.03054140989697554,0.0015337631054557015,0.0072639965836323135,0.11002912488922986,0.16257888709176033,0.008693494441112715,0.5236641332135727
7,7,OUT,OUT,0.18684343824557093,0.04656773635259701,0.0016271978228162111,0.0107349244737958,0.07574878936686541,0.20720834438455368,0.007495514048579817,0.4637740553052211
7,7,OUT,OUT,0.13644505655807934,0.05493182440376422,0.0015448313038029242,0.00845675294147014,0.11613693101834704,0.16416606680214968,0.0054982407089399716,0.5128202962634467
7,7,OUT,OUT,0.1445147563267087,0.04169998838474864,0.0015409325535992082,0.008456092758222738,0.052083126289391136,0.19365061429001854,0.008538739945839084,0.549515749451472
7,7,OUT,OUT,0.20948859127285707,0.029977916370691908,0.003103447582166099,0.014429702744557864,0.060744333342065436,0.14781467612919225,0.006902964358678651,0.5275383681997907
0,7,SINGLE,OUT,0.22930562086990436,0.042019402099825603,0.0020096619007981312,0.04065978122960171,0.08569611527869057,0.24462299757288053,0.024238972146803952,0.3314474489014952
3,7,HR,OUT,0.2220121671039747,0.03036303324304552,0.006329996044463452,0.010728402088574153,0.07190972200414987,0.19768294487525734,0.013735118366496511,0.44723861627403855
7,7,OUT,OUT,0.11893061033101081,0.05094537241035974,0.004714362546225623,0.0130823741268903,0.06741161942219953,0.2006413748341822,0.03421424081109855,0.5100600455180332
7,7,OUT,OUT,0.23601776103353747,0.061754828827335906,0.0031769192595509713,0.010776531781819034,0.04384449779106375,0.1719918085910414,0.01751129285509905,0.45492635986055235
7,7,OUT,OUT,0.12386709488464104,0.027711933237760243,0.0015311290225043896,0.012362777759890376,0.06788707194300325,0.18021795413440095,0.021664936263287412,0.5647571027545123
7,7,OUT,OUT,0.2380113115400594,0.022730841653158373,0.005139767226765686,0.00859533302867176,0.04632027015950351,0.1619259125692122,0.005276530034073793,0.5120000337885553
1,7,DOUBLE,OUT,0.278675931653397,0.03268326670279115,0.0019994121310583954,0.007868023114289179,0.05043866594307769,0.13329516893569196,0.0044713026513024424,0.4905682288683921
0,7,SINGLE,OUT,0.19086588431120347,0.03419417769998271,0.001934355991170635,0.01263485668231774,0.09378683871049863,0.22299189137977807,0.0047534578246016005,0.43883853740044715
5,7,SO,OUT,0.27348659904964157,0.031958387750438036,0.0017404658044658573,0.010992369483272146,0.0803831770040183,0.24283955061300108,0.010676121478777629,0.3479233288163854
7,7,OUT,OUT,0.18108957593958003,0.021269343067987685,0.001933041256333946,0.006917891650309327,0.08229038574761399,0.1442657513769798,0.009199369989362133,0.5530346409718331
5,7,SO,OUT,0.19108670584428925,0.03210737893808543,0.0016350916550627228,0.010945324692412522,0.07915284620400093,0.19187977516366914,0.008027221037657772,0.48516565646482235
5,7,SO,OUT,0.21690733550386196,0.02834855019867888,0.0016700383018967606,0.009066126988915093,0.04471301703487153,0.1628422751967399,0.007606181487272375,0.5288464752877634
1,7,DOUBLE,OUT,0.12960547935489716,0.04119568381924057,0.0018297146674736073,0.009073201761944299,0.05429392890579447,0.30428490680277265,0.004501763039746597,0.45521532164813056
7,7,OUT,OUT,0.13771477568732413,0.04340157188123656,0.001651727566318422,0.01628873618146454,0.08207598491058132,0.26455089504783336,0.005009294265947468,0.4493070144592943
7,7,OUT,OUT,0.13795381880522767,0.031742699185596836,0.0020591797051566114,0.06031240351014644,0.09460268731931833,0.17405221685257605,0.00432351965735978,0.4949534749646183
7,7,OUT,OUT,0.22020820098534427,0.025193580151921455,0.0015650908108360798,0.06196953399870247,0.06807297989334012,0.17685155648184916,0.004958665747462723,0.4411803919305437
1,7,DOUBLE,OUT,0.14401875375426276,0.04194691025097008,0.001603585574774918,0.02905594914288536,0.06606863911948896,0.14655779416577683,0.004122100004756052,0.5666262679870852
0,7,SINGLE,OUT,0.14652514972994302,0.04334230767849837,0.0015446867896109938,0.03099812624011518,0.09403956127620644,0.1466729244771288,0.004944199397092996,0.5319330444114043
0,7,SINGLE,OUT,0.1116939280349974,0.02750476745413222,0.0026009850973470958,0.031355975614424596,0.07895174631643945,0.2537858539502205,0.014424937825852087,0.47968180570658664
3,7,HR,OUT,0.17686421172862804,0.019336128165031403,0.0018318031978206098,0.00801292191389085,0.056752573663159236,0.1728951929113341,0.00489116247861939,0.5594160059415164
7,7,OUT,OUT,0.0903100120352685,0.016978246929271613,0.002695965332178234,0.0487449036509381,0.05099082579359818,0.13573227335614438,0.012369489431882702,0.6421782834707183
7,7,OUT,OUT,0.1856687175700264,0.05199362295883248,0.001514422407146108,0.014543596498732289,0.04400043810951483,0.11803948631356999,0.004445660866810483,0.5797940552753674
7,7,OUT,OUT,0.15017241563495046,0.05729135700995189,0.001880463691519081,0.019627408904620353,0.04219646310765435,0.1918510619889774,0.006997876693941062,0.5299829529683854
1,7,DOUBLE,OUT,0.1699230854734233,0.03174794782764848,0.0016020058480338073,0.024404927446910578,0.05591316743054793,0.13532350476865884,0.013343169314977818,0.5677421918897991
0,7,SINGLE,OUT,0.22308532283273302,0.04212977500195424,0.0015437502320505717,0.025473620597827634,0.04301041429542915,0.23707906902327136,0.015386401195632058,0.4122916468211019
7,7,OUT,OUT,0.11623746609820503,0.060852126260393866,0.0016041212162392802,0.046347915352633814,0.04325430646290724,0.131491267459941,0.014322166369285455,0.5858906307803944
0,7,SINGLE,OUT,0.15691140490862698,0.051642884861381994,0.002508295071700968,0.007401058718037091,0.04833474442175099,0.1524394838090022,0.02566316565968809,0.5550989625498117
7,7,OUT,OUT,0.191244285314206,0.05638864598074522,0.0014970364174174933,0.008237559794024206,0.05566450240078584,0.1314461491837825,0.018070161448290545,0.5374516594607481
7,7,OUT,OUT,0.17111305634885482,0.05652423065027773,0.0014583073979200216,0.011891587453733502,0.0803747882833316,0.14711819993557063,0.006287705897811694,0.5252321240325001
4,7,BB,OUT,0.15695498820589046,0.03421319737871457,0.0016338975754741501,0.009517047338146178,0.08228793755832133,0.19559442544652073,0.007391103641387519,0.5124074028555451
0,7,SINGLE,OUT,0.21359948567451542,0.029628391401767745,0.0033343582173933238,0.0074933283007513575,0.04787487424222888,0.13020259174378343,0.008652386861137933,0.5592145835584219
7,7,OUT,OUT,0.09511432268421798,0.03855284948220756,0.007173691458237796,0.0072520896983588965,0.04275545535525495,0.12368186236655873,0.005282332288818795,0.6801873966663453
0,7,SINGLE,OUT,0.21869258044307835,0.036564486997808274,0.0014446679327213164,0.02056136564571368,0.04534890972132329,0.21307870509848092,0.009595816009759818,0.4547134681511144
7,7,OUT,OUT,0.16065283533506364,0.039294591951692506,0.006592906323881613,0.017121185516606536,0.044514107386658314,0.11131086252178218,0.012685190520249376,0.6078283204440659
7,7,OUT,OUT,0.19712745818226446,0.03738214708763462,0.0017405925552348314,0.012453167892580138,0.0560170664774885,0.13924439779957878,0.014271160376949893,0.5417640096282688
7,7,OUT,OUT,0.19094781406142416,0.03613650604547029,0.0017829269053856321,0.010224920404130327,0.06582281170230585,0.20370503747502325,0.009294726607403072,0.48208525679885733
0,7,SINGLE,OUT,0.1813342308878734,0.04487195874693136,0.0014274189099847446,0.00758273301027102,0.08771737859627657,0.1471146923336023,0.00484430941551898,0.5251072780995416
7,7,OUT,OUT,0.15239570447242656,0.05088819954855478,0.0017692069847684818,0.008368273510155183,0.05210508226408363,0.19230211187773982,0.006210161211692787,0.5359612601305788
7,7,OUT,OUT,0.16409642110062808,0.039610166619988896,0.001609779535035177,0.009738636276430415,0.07225388465514816,0.16698289177547193,0.009705500207920253,0.5360027198293771
7,7,OUT,OUT,0.16547029329328988,0.0470226554960497,0.0015210048889300457,0.017081057800045686,0.03839084215433811,0.11073456708160047,0.0045028146795240125,0.6152767646062222
4,7,BB,OUT,0.1642396162800632,0.030397950869349457,0.001538785577674035,0.011691343329535288,0.05004901174423255,0.12435434422278868,0.01042992610135075,0.6072990218750061
4,7,BB,OUT,0.15490908081211463,0.044208899117955607,0.0019863913465424906,0.020785584998725348,0.05753601895692764,0.25367494638937615,0.013191310276472632,0.4537077681018857
7,7,OUT,OUT,0.13915716787778692,0.03580942138748789,0.001478168495748552,0.007052366972082899,0.11292585616233726,0.15872570826266985,0.011274557088376866,0.5335767537535098
5,7,SO,OUT,0.11202620517538409,0.06397581391221123,0.0015121077119277747,0.04731768016325266,0.04515811252533236,0.12103916743260494,0.02167876419990234,0.5872921488793846
7,7,OUT,OUT,0.16783338316693627,0.04329237758843763,0.002580842523773401,0.00807172397107885,0.05662593509805846,0.19423454005209273,0.02135390964678253,0.5060072879528401
4,7,BB,OUT,0.17291590073909102,0.052475925679269876,0.001639849040026722,0.008986261226357498,0.058649591508210024,0.14659534436045957,0.02671274153048193,0.5320243859161033
7,7,OUT,OUT,0.14749652413191022,0.029725069067489583,0.0016549427054711192,0.008778125609671367,0.05428379894841504,0.22272603190519227,0.007093372374389018,0.5282421352574614
1,7,DOUBLE,OUT,0.19846665450265522,0.028999104987454415,0.0025805324694759438,0.006518515708889513,0.04082877956623145,0.1192768515515421,0.0061191496066066746,0.5972104116071447
7,7,OUT,OUT,0.09484707411374156,0.036956527995565557,0.005473045309828765,0.007345988322249054,0.054964996722396964,0.11195995498646823,0.006460160001692862,0.6819922525480571
7,7,OUT,OUT,0.1831511275916495,0.0333157560154514,0.0023925672844517997,0.009988132197738291,0.06385231431093234,0.22269141254762445,0.006585950353135341,0.478022739699017
7,7,OUT,OUT,0.18590893213990775,0.0306910102545125,0.005120749813208582,0.014706032587725796,0.04460841737797348,0.10699206915987854,0.01155494112663764,0.6004178475401557
5,7,SO,OUT,0.1515943787895934,0.027038910417086646,0.0022752686954496527,0.020547918819917757,0.10012235088949782,0.3216241391390016,0.006516126406130943,0.37028090684332227
7,7,OUT,OUT,0.18324704917070805,0.04774985529813567,0.0021146116874743645,0.008829810526088082,0.07169583515315207,0.20065100595176846,0.004466456946714342,0.481245375265959
5,7,SO,OUT,0.1384290698084933,0.04148379137271022,0.0015151521567996664,0.014733359172048807,0.07696740813559405,0.29483408866800515,0.00521631600516525,0.42682081468118355
5,7,SO,OUT,0.17928480034286948,0.03275737568497049,0.006325827381663192,0.007591540010633046,0.03369942996272007,0.11918621367692478,0.006085206184630888,0.615069606755588
6,7,HBP,OUT,0.1954430241833908,0.029555812583269322,0.0016633348175285221,0.040491651135756375,0.05620012561974895,0.17309912492735077,0.008227121672870699,0.4953198050600845
7,7,OUT,OUT,0.14250520642453562,0.024674780375581885,0.001567433919688993,0.029129891801502588,0.03281695230429425,0.13031271987870943,0.060990472992089394,0.5780025423035978
7,7,OUT,OUT,0.10212622276176175,0.029308545661988407,0.011923004028342404,0.014181718602524086,0.054072022185424305,0.15166760710391963,0.014120592524920926,0.6226002871311185
7,7,OUT,OUT,0.08789868933199661,0.0312703060513032,0.0014372715657122905,0.01110237569764562,0.04181623117756805,0.29876035369365,0.005123685580902048,0.5225910869012221
7,7,OUT,OUT,0.07430015996892111,0.02439486498977481,0.009213428437838114,0.008124540858071733,0.06697459122594034,0.2979771604422301,0.00431650820707397,0.5146987458701499
7,7,OUT,OUT,0.13700413643836457,0.029867251531899095,0.0027691312725525116,0.02783787951432834,0.059811755896778854,0.15472457655354518,0.007445758189041226,0.5805395106034902
6,7,HBP,OUT,0.21832058892476472,0.0407546160442801,0.0018237658276047035,0.02383621933217567,0.11748668373255612,0.12507592142407264,0.006608552529059505,0.46609365218548654
5,7,SO,OUT,0.14298840271547375,0.023790216451958286,0.0015746051738699102,0.01933624370565508,0.10710793850887496,0.15398022841706166,0.006145259599680058,0.5450771054274262
7,7,OUT,OUT,0.09146564471061261,0.029185583631131034,0.0031412108246063313,0.008911370796048713,0.04097728547089708,0.11724250773647227,0.010178739397680478,0.6988976574325515
5,7,SO,OUT,0.17483577222293312,0.019256658784502022,0.012041615146692181,0.01791166987738198,0.03445398604477762,0.1629717563071636,0.006796544325917063,0.5717319972906324
7,7,OUT,OUT,0.1555698076635114,0.028702024997503052,0.0016726780223406755,0.012518562763715655,0.11944373468171832,0.18314651530593923,0.012402441446092384,0.48654423511917944
0,7,SINGLE,OUT,0.16642424848041149,0.02265899120433257,0.0018105493557834457,0.011483698949243087,0.08637703659383954,0.11829768998584922,0.004355619178525463,0.5885921662520152
7,7,OUT,OUT,0.13867863779711848,0.03274380520970075,0.0016457355771957733,0.029731305267199772,0.08431101617270026,0.220073620990294,0.014347344751684825,0.47846853423410635
5,7,SO,OUT,0.10805112157094006,0.024554077609956333,0.001521012349178151,0.050501046448391616,0.07204980226553352,0.19234296455562624,0.007889187620374412,0.5430907875799996
0,7,SINGLE,OUT,0.18606968152437472,0.02944914417590909,0.002032031086498689,0.0103821043795014,0.13679085806940544,0.16088645405622473,0.011241536283039843,0.4631481904250461
7,7,OUT,OUT,0.19804958781279938,0.03303561412812029,0.006591464112428123,0.007954605437931932,0.03447057726359716,0.10991454741458327,0.007902480045051995,0.6020811237854878
7,7,OUT,OUT,0.1831004728964077,0.03349975920391928,0.0017029984714519368,0.050024807377977945,0.06249205777300648,0.19413305339791312,0.006086414380606556,0.46896043649871716
7,7,OUT,OUT,0.1282939129443976,0.055872862171768345,0.006653308247021709,0.017020312373513435,0.040524829492559644,0.1652725212750396,0.004848627108273288,0.5815136263874263
7,7,OUT,OUT,0.10057298558189354,0.020115574227160468,0.0013170952865062542,0.012799931543060021,0.06635962533981922,0.12184650355484612,0.004302883969018693,0.6726854004976957
7,7,OUT,OUT,0.10551686981888729,0.03392060045484679,0.0035895218719086018,0.010422621257484619,0.04020605227646649,0.15108586373633645,0.02090483214501257,0.6343536384390572
0,7,SINGLE,OUT,0.17113518547078146,0.031030242029305447,0.0015388556777491233,0.009710824827691786,0.0762373539431811,0.2785641098481964,0.003945649206443133,0.42783777899665165
7,7,OUT,OUT,0.21196718648618104,0.07517852264490865,0.002048011702225099,0.013387280302868324,0.09590372924954618,0.16249026670894107,0.004744320842329808,0.4342806820629998
0,7,SINGLE,OUT,0.16201335978894293,0.020967310537972687,0.0017265155009463854,0.011650926021812811,0.10147125094332639,0.25165382751113397,0.004484583975364182,0.44603222572050066
5,7,SO,OUT,0.14792923243662598,0.021001598212130535,0.0016661402601153021,0.011405210456215474,0.07842513184661579,0.333205105593882,0.007588618651064475,0.3987789625433506
0,7,SINGLE,OUT,0.20302505983913044,0.03043542070572581,0.002115891457203858,0.010015350594123177,0.11038141870194716,0.19621718421056084,0.015026392974558536,0.43278328151675016
7,7,OUT,OUT,0.16331872706577974,0.03912460566269937,0.0017326399289463465,0.011827410774326138,0.0987758449428615,0.25706204310636754,0.007049040225662088,0.4211096882933573
7,7,OUT,OUT,0.11743420041614282,0.025646975451770495,0.0015801903779556362,0.051510182298500996,0.07234212098748267,0.18964454028872021,0.009635201964791488,0.5322065882146356
7,7,OUT,OUT,0.10185507371157027,0.021652569304508203,0.0012519482372251587,0.011589196984777315,0.05812625976236461,0.13117107335331127,0.004333705670816814,0.6700201729754264
7,7,OUT,OUT,0.1631921609903899,0.046783206767732705,0.0021549629530983475,0.020635012619718732,0.0626640681176877,0.18694693557309897,0.005838587441411594,0.511785065536862
5,7,SO,OUT,0.1183775957294754,0.02758046143805343,0.0016488517393450453,0.02305620494232709,0.06579024212390629,0.15775092049756215,0.007184129838140769,0.5986115936911898
4,7,BB,OUT,0.20564613128081718,0.05090156967350425,0.0017070877181220709,0.03810883984166221,0.09871647856782043,0.12678837020599498,0.00778177093579389,0.4703497517762849
7,7,OUT,OUT,0.16518803117822986,0.0230506413619401,0.0015693462718839907,0.01723929973722097,0.10945312448250617,0.13125930910765016,0.005905443749609769,0.5463348041109589
0,7,SINGLE,OUT,0.19376936943130244,0.025319956305584947,0.001785533946499586,0.052504196360913954,0.07846314911079805,0.1839675040462099,0.014178197418311635,0.45001209338037945
7,7,OUT,OUT,0.17223770131653066,0.03798548899723274,0.0020859902091448813,0.00898488845944738,0.11032590306378325,0.16294768880408242,0.025642678096181787,0.47978966105359694
7,7,OUT,OUT,0.18390641591809426,0.02111455318860379,0.003613315716539903,0.01920261106261512,0.039689572279477794,0.20086829528499783,0.005932694567198752,0.5256725419824726
7,7,OUT,OUT,0.14987870125906536,0.03976076701537632,0.0015920243999744308,0.010701430355108002,0.10972476938337952,0.23409627302281935,0.023641787013332652,0.43060424755094445
4,7,BB,OUT,0.1395394140752409,0.023672019751251185,0.0015965291300862028,0.009617040660337042,0.06338105811835429,0.13268915523156075,0.003910021768214745,0.6255947612649548
0,7,SINGLE,OUT,0.12172343945674383,0.02960705275514043,0.0015111934276803285,0.027977733158447114,0.0738053022699425,0.23804452890356792,0.02282922140744114,0.48450152862103685
4,7,BB,OUT,0.13653469520340114,0.05704008539656239,0.0037338692533225902,0.013610025632359565,0.0390432214428896,0.1696778809143462,0.004545811630082192,0.5758144105270363
7,7,OUT,OUT,0.16731333720228223,0.034545973659803546,0.003794710675247201,0.008005062589433133,0.03139974025827338,0.11156650617593088,0.01153981426560703,0.6318348551734226
5,7,SO,OUT,0.17305592189909824,0.03458206609462701,0.0016552002166016703,0.05342608393168638,0.07142462452475594,0.20087002601935303,0.008271050959222882,0.4567150263546548
7,7,OUT,OUT,0.17681377227990255,0.0288864680833779,0.0015470077426359495,0.024870634289389053,0.03268919361309951,0.12060432487782494,0.03349304427614396,0.5810955548376262
5,7,SO,OUT,0.18024511198870477,0.019596271668007925,0.005392834499363686,0.018759031735725133,0.03927696453069792,0.16585812829526392,0.0050285007569610156,0.5658431565252756
0,7,SINGLE,OUT,0.11377832858420155,0.03237448814498028,0.003363703250360795,0.011899086555489113,0.051817475818536,0.1499667239245784,0.013887506390899125,0.6229126873309547
7,7,OUT,OUT,0.0796320743717162,0.02790611983286249,0.0013144275751916209,0.00775864441189434,0.04033414543556095,0.23577186608289719,0.005093506721353176,0.6021892155685239
7,7,OUT,OUT,0.0663152357656802,0.02541603677628024,0.005064896344184786,0.007233532032749594,0.058575235666838414,0.25869501337216494,0.004041458529785629,0.5746585915123161
7,7,OUT,OUT,0.14235618810340997,0.029389930825865763,0.0017087975111988356,0.020204059555009642,0.06384912486801578,0.14790109693012954,0.006572296994711899,0.5880185052116587
5,7,SO,OUT,0.18421887656312577,0.056390902091247135,0.0017788657950174572,0.021348047881094345,0.10025556421425402,0.12587185610298254,0.00561395756239614,0.5045219297898826
7,7,OUT,OUT,0.10088578819450716,0.03118422713882827,0.00278567889154448,0.00939235250671053,0.05771643592868981,0.1404812248891554,0.007436931190701443,0.6501173612598629
5,7,SO,OUT,0.13649113221393366,0.037090263300904945,0.0015042362857939614,0.011771970252567,0.11662827958464606,0.21449892668364112,0.016020784641461106,0.465994407037052
7,7,OUT,OUT,0.1678369882856851,0.028033033587338475,0.0017067197166101568,0.011107975374464939,0.0649236553134575,0.11859304567840391,0.005830722772099808,0.6019678592719401
0,7,SINGLE,OUT,0.11781532061768502,0.02535965016798506,0.0017111295573020188,0.03504945754422592,0.05753177221609149,0.26708162954539977,0.010388242990824274,0.4850627973604864
0,7,SINGLE,OUT,0.11294055016371796,0.04927378012848129,0.007441638069710201,0.013189994006709626,0.036006209985749826,0.1483216337601367,0.005743328956596289,0.6270828649288981
1,7,DOUBLE,OUT,0.12558285075158593,0.01939904718365492,0.0013942208106616628,0.019299040408714583,0.11674006714537401,0.14456574277235615,0.006381948580447088,0.5666370823472057
5,7,SO,OUT,0.27727423631491355,0.0282716678364967,0.0018822933814076125,0.02299010891926474,0.054426704794050054,0.1731458761892399,0.017314244169784034,0.4246948683948435
7,7,OUT,OUT,0.101477036167547,0.020112062368705816,0.0012729982795895089,0.026755437470094845,0.07338883505387415,0.11846844493591355,0.005930489603178,0.6525946961210971
7,7,OUT,OUT,0.11638673494257694,0.02948243583410097,0.026409843072395245,0.010196108665814897,0.06830235823736255,0.3043644768525285,0.004532548108502761,0.44032549428671824
0,7,SINGLE,OUT,0.13893343810769893,0.035916430777836184,0.001751485017424267,0.01142960282424086,0.082220115089793,0.26418360474321095,0.009750647978334217,0.45581467546146165
3,7,HR,OUT,0.14691162581511213,0.030961675862109697,0.0014270037915827367,0.014009267359283407,0.0940712559546561,0.20542626103558195,0.004143860690164589,0.5030490494915093
5,7,SO,OUT,0.11944856636889957,0.028103412241214803,0.0014798742691585522,0.012254188088138763,0.08715322224630609,0.246148047901936,0.005944754610711035,0.4994679342736353
7,7,OUT,OUT,0.11777580218704756,0.041434513166497516,0.011120978030024493,0.011244861519058739,0.057804368507472184,0.33391992376125357,0.00475273636414382,0.4219468164645021
7,7,OUT,OUT,0.11201662272950481,0.021716343763071848,0.007680922910314363,0.007684212986207851,0.07025472577074186,0.3227496963350534,0.004056153047961324,0.45384132245714454
7,7,OUT,OUT,0.12572765171591088,0.05476989045569013,0.0016352439081336516,0.0198587073160865,0.07795712444772004,0.1448788949844517,0.012754636978605918,0.5624178501934012
0,7,SINGLE,OUT,0.15125840936347798,0.02678828146741931,0.002087213564213569,0.013530498882482317,0.05290570701901573,0.22836016585034266,0.011470761482753757,0.5135989623702947
5,7,SO,OUT,0.15172329448938346,0.016951430753391738,0.0023899821542812424,0.010454036164566402,0.04369608214808935,0.23912375057270244,0.008853978177895171,0.5268074455396903
6,7,HBP,OUT,0.1471158173887367,0.031838556711984746,0.001737891513749912,0.01425536802012882,0.06360173123307587,0.29419012089993535,0.009827709953083344,0.43743280427930514
7,7,OUT,OUT,0.16488023005444946,0.040472331302709406,0.0016048378343052553,0.018141794026181705,0.05578757617129603,0.179382079633779,0.005533049219311862,0.5341981017579673
0,7,SINGLE,OUT,0.15367675222105173,0.04440441336796522,0.0017325838930518183,0.015967404551077646,0.08868727210775414,0.31449899489769506,0.00626253465377447,0.37477004430762983
7,7,OUT,OUT,0.12123872119350798,0.042388862158272644,0.001537198831253029,0.009393782877701274,0.09441419635755487,0.25669039931524973,0.013169558892065546,0.4611672803743949
7,7,OUT,OUT,0.0954806230509891,0.02605336010413785,0.0034410911803607618,0.008196026334510395,0.05064975186295533,0.24727374734902102,0.019694807974470138,0.5492105921435555
7,7,OUT,OUT,0.1712226435586369,0.028219645348595987,0.0016125479246862685,0.010894800559064492,0.0628003014923217,0.22511192079679657,0.009151251373198837,0.49098688894669934
7,7,OUT,OUT,0.0919076369251972,0.04672551733204327,0.0013922843970337118,0.008377636651742086,0.03339167807029478,0.203466354680395,0.003726181762964161,0.6110127101803297
5,7,SO,OUT,0.10162415769844156,0.023394185133115496,0.0015325573468082368,0.016671109865938356,0.06576934494336412,0.2679179746686873,0.004703093366470689,0.5183875769771742
4,7,BB,OUT,0.1509510047792244,0.03393671035042749,0.0014084254413038511,0.012588763173909752,0.08485060985938785,0.22763166640485802,0.00405416095068713,0.48457865904020136
7,7,OUT,OUT,0.10703237198776072,0.02319906012529576,0.001485927828759022,0.011324682598612957,0.0934253490201957,0.24259277543752347,0.005307446243577904,0.5156323867582744
5,7,SO,OUT,0.10507084548457271,0.02101689577537378,0.026932555794482862,0.007539910498220526,0.0679946242133712,0.32625404768416993,0.00563628045407383,0.4395548400957351
7,7,OUT,OUT,0.2049483171931994,0.015304276856826117,0.001405547273492425,0.00927537865494649,0.07138135556880741,0.1837619182328127,0.004146429687495414,0.50977677653242
5,7,SO,OUT,0.14193192930953832,0.03568353818670898,0.0023218344894087137,0.013617705177120574,0.044329681159362616,0.2683548591635072,0.00652928493023542,0.4872311675841182
4,7,BB,OUT,0.14845063492088104,0.05135313020952383,0.0015847190423951434,0.01570189022035313,0.0768692510291922,0.1360053144782815,0.02368522396459851,0.5463498361347746
0,7,SINGLE,OUT,0.15359255577705058,0.022100172985668288,0.0020396500690265116,0.011427631546669611,0.05453273335946197,0.2476436216175138,0.006405600783718416,0.5022580338608909
5,7,SO,OUT,0.1510730149040661,0.01918870475085264,0.0022290429112172727,0.0119354404594078,0.05358103333780013,0.22638477588744035,0.01284699218077292,0.5227609955684427
0,7,SINGLE,OUT,0.11365980616020106,0.0376260960209358,0.006436610185263387,0.012682389507666475,0.09606597361817844,0.2494948615857457,0.00676438355778656,0.47726987936422255
5,7,SO,OUT,0.15241390204232422,0.037049113507278575,0.0021707473129011804,0.017578758585597105,0.04099864885571689,0.2624150445739384,0.004093470773430726,0.4832803143488129
7,7,OUT,OUT,0.17812970910664744,0.01968453439796404,0.0017326535112446384,0.009600576818497956,0.07075099653380049,0.2375846714052413,0.005491808371133777,0.47702504985547045
7,7,OUT,OUT,0.1481818678748222,0.030857785561046396,0.0015725204926419084,0.014646616165470805,0.057431440203622355,0.2637918635280644,0.004802943340175072,0.4787149628341567
7,7,OUT,OUT,0.12298144284264696,0.024280333182894916,0.001960346078128769,0.01748152560301672,0.07118731231027195,0.3781685830689141,0.00508675410512976,0.3788537028089969
7,7,OUT,OUT,0.17813699542950212,0.019324411722733303,0.004799354327400013,0.012964948181344296,0.03774480983052215,0.15624786311084374,0.006814325803212583,0.5839672915944417
7,7,OUT,OUT,0.1955478116212347,0.04453886084633613,0.0017250233838386865,0.009985661377732703,0.06100107422845756,0.19275773950205657,0.007854499113755808,0.4865893299265879
7,7,OUT,OUT,0.08717328901809485,0.04598376220250468,0.0017867670665290456,0.010368115517345827,0.04924140639634546,0.18936898427555232,0.008901141314458919,0.607176534209169
7,7,OUT,OUT,0.15425738860215804,0.027021280721823814,0.0018279495757725526,0.014447918800480348,0.07694262893677382,0.20339740358107863,0.005089959454362786,0.51701547032755
7,7,OUT,OUT,0.24725463246978205,0.03339655630890129,0.0028240350033775456,0.008064337410175926,0.035912579153310586,0.12844257752171456,0.004557933200241947,0.5395473489324961
7,7,OUT,OUT,0.17719365965414013,0.04820759750062339,0.001715292934136419,0.012612110111946177,0.06300081097304094,0.2281200461916394,0.007620562323846631,0.46152992031062706
7,7,OUT,OUT,0.21217865336007846,0.021875437172807495,0.0016542682674674089,0.010688244798754427,0.04151085271210202,0.1577219652606634,0.012581182063638818,0.541789396364488
0,7,SINGLE,OUT,0.33479087867976454,0.03768964212495439,0.002501710366263719,0.0081733045661943,0.05555898116173121,0.12887548357257728,0.004133253971201918,0.4282767455573127
5,7,SO,OUT,0.1466663296473876,0.02614617161282333,0.001618814485493069,0.010412279704385803,0.10858926592214489,0.32819444179917423,0.02101131526964793,0.35736138155894304
7,7,OUT,OUT,0.13547825744012357,0.02452128584559803,0.0016773869585291574,0.008646075528233857,0.07147293436841753,0.27321480447611896,0.004553615523748186,0.4804356398592306
7,7,OUT,OUT,0.14555768678006445,0.03303233519833467,0.0016279852400321532,0.033147535555232,0.07343480801324336,0.21688404366935574,0.006369176478099198,0.4899464290656386
7,7,OUT,OUT,0.19825619085108284,0.035839743821554144,0.001644931142678876,0.01178478003589433,0.12621087165551795,0.16261842466532148,0.004403588546532581,0.45924146928141785
1,7,DOUBLE,OUT,0.17457347087667957,0.04841001000562213,0.0015922335622157132,0.015153041677385579,0.1702699816542757,0.11386920400493288,0.003908188508555211,0.47222386971033325
4,7,BB,OUT,0.19034723490026023,0.025263373309445756,0.0015682273202769546,0.020828465534877886,0.09176930890641345,0.2823320570205196,0.004882913777008652,0.38300841923119744
4,7,BB,OUT,0.1939386323416115,0.01723590687498222,0.0015602303388297047,0.013742149577852178,0.07870512622399833,0.17769201991649122,0.00698638791794982,0.510139546808285
7,7,OUT,OUT,0.15833177415008814,0.03219828968660552,0.0015624834839919643,0.02721389377974835,0.061638666421507456,0.18051410988608613,0.008571948657435326,0.5299688339345372
5,7,SO,OUT,0.1568330659432674,0.02211179666128444,0.00151021702483846,0.011658596375479703,0.1755523929596115,0.13628910718088613,0.004233464656810511,0.49181135919782193
7,7,OUT,OUT,0.1685323022504216,0.036666527155151035,0.005031260618669732,0.008759632708497351,0.06153670349440249,0.24316062212256673,0.05402785549277545,0.42228509615751564
5,7,SO,OUT,0.19053409043854824,0.04769618876832781,0.0017646507619088815,0.008580557749817898,0.10450105518757985,0.15581593561059895,0.007784478987582194,0.4833230424956362
7,7,OUT,OUT,0.20851842020842626,0.04938473187971598,0.0028490626883160425,0.008097003214696185,0.04148783454540719,0.2443158950327326,0.005702532582131451,0.43964451984857433
0,7,SINGLE,OUT,0.2401650849531271,0.04736053923930245,0.002401868075800831,0.04054865731475772,0.05879672375279171,0.13636216293166675,0.004625512771878818,0.4697394509606745
7,7,OUT,OUT,0.14417662941638304,0.03182550571211207,0.0017026348675653641,0.01620007942259327,0.06987037699084844,0.309986842001165,0.004989204366488659,0.42124872722284407
1,7,DOUBLE,OUT,0.24356080617370793,0.03162587487116163,0.0020428139766802407,0.017811233428438548,0.07704018996345527,0.20842375592925227,0.005041101774049411,0.41445422388325476
7,7,OUT,OUT,0.22480976924120313,0.030407739556607166,0.013168529826998284,0.012824718227589063,0.03898008073683727,0.12049731421366425,0.004259399759806014,0.5550524484372947
6,7,HBP,OUT,0.23678121111209058,0.029476601733204346,0.0016641216094876925,0.011488427599801166,0.14505619983424456,0.19806732157178647,0.005757408490748717,0.3717087080486365
0,7,SINGLE,OUT,0.19302542993831162,0.027662624147384993,0.002189163009877584,0.010185833733813198,0.05482397726760573,0.16839739062619372,0.004207629104745929,0.5395079521720672
5,7,SO,OUT,0.08849665414853473,0.022999821226218645,0.001831389215960979,0.007560395181938807,0.06102408983740318,0.11720078182096882,0.01364951191248131,0.6872373566564935
0,7,SINGLE,OUT,0.1944348838713963,0.025386346044882505,0.0014411685003935203,0.01112492915707851,0.05078177653548671,0.18486895090985678,0.00423426306598516,0.5277276819149205
7,7,OUT,OUT,0.12725310404880943,0.02433237249618837,0.006243772366022275,0.011240903402910254,0.05097512796334182,0.2628634708449257,0.007803944079102807,0.5092873047986994
7,7,OUT,OUT,0.141492078268164,0.024298345852967175,0.0023829162509375456,0.00988997082349159,0.04646384594622145,0.09606310516748341,0.006457259995673683,0.6729524776950612
7,7,OUT,OUT,0.17548438122485896,0.030275439868827456,0.001633079682976334,0.03221832700063855,0.07594136789584544,0.14038576878153022,0.006877672825410521,0.5371839627199124
3,7,HR,OUT,0.1826117000486492,0.03297897829567997,0.0018296750806081903,0.031106273836769175,0.03115301237511971,0.10638460827611924,0.005632531840196521,0.6083032202468579
5,7,SO,OUT,0.14785977192942795,0.022755112958548995,0.0012680686051782907,0.009406962387590161,0.05768822919325755,0.10319354110478683,0.0036100727530717263,0.6542182410681385
7,7,OUT,OUT,0.13239328598541947,0.025838132409119093,0.001934721363635349,0.007830502833676804,0.09529746942150508,0.12714823983369,0.015035740461346939,0.5945219076916074
5,7,SO,OUT,0.21379297658580526,0.023400521042983687,0.0018851569162146298,0.013802604895834071,0.06739081264188937,0.20543545089302823,0.00497894009400396,0.46931353693024075
4,7,BB,OUT,0.18027451074259612,0.022517617781565403,0.004507086192989121,0.009160251783547234,0.09003673556002136,0.23870212204251118,0.012593931655763715,0.44220774424100584
0,7,SINGLE,OUT,0.15929841655779287,0.049685487181749574,0.0015747545565732207,0.00986253620390953,0.07489311965075524,0.1494186392426749,0.003942749854602127,0.5513242967519426
5,7,SO,OUT,0.1994783994051656,0.050267711183023936,0.0015035009857136436,0.009310479192144101,0.10610709226922359,0.15495743407107598,0.005827598062002761,0.47254778483165044
0,7,SINGLE,OUT,0.17491370062371708,0.025363854383425068,0.0017467377755044722,0.06279943951279116,0.07090813922252538,0.22412548187252046,0.005476275238900696,0.4346663713706157
0,7,SINGLE,OUT,0.13038059490407833,0.04834523014988745,0.0016895383589095783,0.025934931569700087,0.07984426846470011,0.18340432978035176,0.005540133849613434,0.5248609729227592
0,7,SINGLE,OUT,0.16092664192201175,0.025045954624063626,0.0030571239958203465,0.008760441330254522,0.05556074292204347,0.1827449728289035,0.010320720122751034,0.5535834022541517
7,7,OUT,OUT,0.1020704526359424,0.03165290553869197,0.0025133358895899818,0.026150884523186757,0.045762789220348196,0.10329678330850749,0.003589572710646616,0.6849632761730866
7,7,OUT,OUT,0.1644192922674537,0.02765923938668753,0.0029401584772637108,0.011002297062258101,0.05466183726643194,0.12054435634529656,0.005323568039744756,0.6134492511548636
7,7,OUT,OUT,0.14163700904325036,0.02278232940011466,0.001431144844377979,0.018334994524973492,0.048153381617658725,0.1068012091092849,0.004493205072562915,0.656366726387777
7,7,OUT,OUT,0.13566171531526885,0.04896129862106036,0.001664961343696425,0.02170054582440327,0.06839166132132304,0.3426685582213632,0.004601584795795546,0.3763496745570892
0,7,SINGLE,OUT,0.1769900398437889,0.0415396318414679,0.00209299775101683,0.0088916915265091,0.0510564976720747,0.24258928936921934,0.004645124880198478,0.4721947271157249
7,7,OUT,OUT,0.12957544776549998,0.02605582232702883,0.0018187074783272336,0.05368206176541639,0.07098351831599727,0.2943890147751329,0.0042299270786443416,0.4192655004939531
7,7,OUT,OUT,0.17073737518419324,0.03327296437994168,0.001999845127133451,0.01648164097215571,0.0721543845491619,0.14660458351245448,0.004904942386198859,0.5538442638887607
7,7,OUT,OUT,0.2188136709543985,0.026561974102875256,0.0014778258810592604,0.02935396020503969,0.049335222314016554,0.13353819150199722,0.004653405639069734,0.5362657494015438
1,7,DOUBLE,OUT,0.14854560958982663,0.021188357520104423,0.001525631988589837,0.008220107728679172,0.08520097192104663,0.22401555647226343,0.004425262888553193,0.5068785018909368
0,7,SINGLE,OUT,0.14777175275672882,0.023895538252493374,0.002408817823594697,0.008297564540379724,0.07651434763112791,0.17876316843398005,0.010177667845104956,0.5521711427165904
5,7,SO,OUT,0.1684154877277601,0.024586707849550582,0.0022009111699990724,0.009821508860311454,0.07311273593967176,0.18627513021411143,0.005125131849121178,0.5304623863894745
3,7,HR,OUT,0.1948852516373299,0.046509054018320936,0.0017316651889430494,0.02018773052193787,0.0778237375378321,0.12741857826718933,0.0078969818260766,0.5235470010023702
7,7,OUT,OUT,0.13653056478886785,0.035763973699066906,0.0021776657329296615,0.01157911593235038,0.04754693839069612,0.16497130105229973,0.006861308979591041,0.5945691314241983
7,7,OUT,OUT,0.14298811772424425,0.07023434204917058,0.0017896345224629657,0.009352149564184268,0.08579948836840724,0.25121081538780926,0.00432934810102429,0.4342961042826972
7,7,OUT,OUT,0.13814366538380268,0.05485635088353803,0.0014870269230367343,0.011416130605827579,0.08589848551134364,0.15431972715951442,0.00427454858943266,0.5496040649435042
4,7,BB,OUT,0.17497113405341516,0.046080204060839736,0.0016468672771038418,0.009214279874887363,0.1347900184456442,0.23874106700453973,0.008440186492703982,0.386116242790866
7,7,OUT,OUT,0.2105368546878674,0.04890340953554072,0.001827263628173874,0.022158189935734755,0.09656703247044696,0.24872130422498898,0.004969815658078268,0.36631612985916906
0,7,SINGLE,OUT,0.1674181973065498,0.04432558358655689,0.0017175793217308558,0.020699393103914623,0.07295432993363998,0.2665938657813932,0.007439546382834934,0.41885150458337966
1,7,DOUBLE,OUT,0.17371656945500166,0.03248842155507913,0.003635662420143901,0.010191650881964867,0.0554484715252692,0.20858689985752185,0.011171665588071825,0.5047606587169474
7,7,OUT,OUT,0.10868098221300465,0.02794415448835836,0.0024408213384235684,0.02352989858013528,0.037530802583046044,0.10635800200468298,0.003917635774430634,0.6895977030179186
7,7,OUT,OUT,0.13044731311748872,0.020491693775662623,0.0011449675877823467,0.008019622661919955,0.04808930310786201,0.10075219445855525,0.0034481438630253633,0.6876067614277037
7,7,OUT,OUT,0.1692515356916139,0.019746173595569825,0.001473785489602719,0.01679791751020536,0.04076562463135319,0.1093415903576877,0.006759668386926145,0.6358637043370411
7,7,OUT,OUT,0.09538767928621023,0.038784716702011286,0.0020413169080965507,0.011741678381099805,0.07687107246100473,0.13986485829666284,0.009475735123259311,0.6258329428416552
7,7,OUT,OUT,0.14509990454282867,0.022042986666148092,0.0015674733058025742,0.019922071079724123,0.04981589607849648,0.18214353896061514,0.004347989311146813,0.5750601400552381
3,7,HR,OUT,0.1595957953932391,0.030272557659596046,0.0026333873791914994,0.02030570038498009,0.05653702711097222,0.16801989417988733,0.010624564399202428,0.5520110734929312
7,7,OUT,OUT,0.19726780799897697,0.036462206114124644,0.002103776771198763,0.02313325181912488,0.056224942363089996,0.2213684781725068,0.004079283250968489,0.45936025351000936
0,7,SINGLE,OUT,0.14819558732756874,0.04244732653466181,0.001653948194930256,0.01585342463880398,0.07556763819649671,0.2150841540891764,0.003813539345042516,0.4973843816733196
0,7,SINGLE,OUT,0.1896577247258023,0.044118937456262046,0.0015313047017725368,0.028547759018789857,0.09406478516967048,0.2561082757533081,0.007434586286813384,0.3785366268875813
5,7,SO,OUT,0.18566848546031142,0.02341612450860286,0.002685381545317085,0.01134013838082465,0.04298752633218511,0.12001472493408738,0.006409494834530221,0.6074781240041414
0,7,SINGLE,OUT,0.1429097444815941,0.022773321844125338,0.001360764897668056,0.026130316978235396,0.05764157421352445,0.11194524480607801,0.003938665793102293,0.6333003669856723
7,7,OUT,OUT,0.16248811245063197,0.04865870879738857,0.002070693115651676,0.010012706831783806,0.05803129576319275,0.3081378417172687,0.004430148189224723,0.4061704931348578
0,7,SINGLE,OUT,0.15387517150514776,0.027628620458987996,0.003363677170713007,0.008109030557319916,0.07371128108534525,0.23060374608079648,0.004101696689379344,0.4986067764523104
5,7,SO,OUT,0.1600398040072888,0.03858434316513137,0.0015911377486356362,0.010520955475881931,0.13727701520823074,0.16561454682113128,0.0066411262873527915,0.4797310712863474
7,7,OUT,OUT,0.15387828045350105,0.03207409605972668,0.001668637988949332,0.013002346437869615,0.05549870764005153,0.19839391920671454,0.00868860179341133,0.536795410419776
5,7,SO,OUT,0.15520283076719374,0.02997688390982701,0.0020923256801299987,0.013081723449287508,0.06557893253190003,0.27345173983484833,0.004194239811461876,0.45642132401535146
6,7,HBP,OUT,0.18902294236238174,0.028550624194131576,0.001996612546718786,0.021772270884183792,0.06992769386175453,0.1856460957014811,0.00480234251288994,0.4982814179364584
0,7,SINGLE,OUT,0.15790003853340331,0.051398564128218124,0.003086792099766056,0.008873388984992596,0.04989273879006329,0.16985132819950882,0.0046776035430318485,0.554319545721016
0,7,SINGLE,OUT,0.1312082177609059,0.04116313439049295,0.0019346897588685087,0.04527974107747545,0.07974899811119494,0.2703663801674157,0.004126686112081763,0.4261721526215649
4,7,BB,OUT,0.12087908805655578,0.036475106851537674,0.0019047883969073118,0.10337129562139682,0.08497951879799082,0.314418533102583,0.004119115461923583,0.33385255371110495
7,7,OUT,OUT,0.08454873125340012,0.028359630146486285,0.001402429854964195,0.010213948236481276,0.07921815995966676,0.332119606525038,0.004143767488259444,0.45999372653570386
7,7,OUT,OUT,0.15529356944946132,0.038548687673302925,0.006634473538713536,0.008836568254064639,0.08612548179332356,0.21891507781812813,0.004815928851212058,0.48083021262179393
0,7,SINGLE,OUT,0.15035828223129394,0.04460381386944307,0.0015083184169418515,0.00901116587303796,0.06701807959974318,0.20041634035571027,0.0040525420160849295,0.5230314576377448
7,7,OUT,OUT,0.14341760342746107,0.06878290787849425,0.0019797080211339316,0.011644280724467356,0.13900231303312946,0.1306818912377537,0.004153753515038414,0.5003375421625218
7,7,OUT,OUT,0.12639720671379143,0.02691240514238968,0.002189383987237886,0.016458679873398833,0.06486284106181611,0.15657202844651116,0.004493533550911624,0.6021139212239432
7,7,OUT,OUT,0.18446272344400774,0.03261877154360988,0.0022864941075235044,0.02790664068445131,0.09645008565322434,0.17138572447631498,0.007744658215509829,0.4771449018753583
6,7,HBP,OUT,0.1453845429324401,0.04243243754103295,0.0018376012506673446,0.026136538556748655,0.06974432763468114,0.22261741151262618,0.0087626199413041,0.48308452063049956
5,7,SO,OUT,0.23123775901343857,0.03806562499927963,0.0016403846622130443,0.01244344985640637,0.06949435080368033,0.17157561224026896,0.015529777155586828,0.4600130412691262
5,7,SO,OUT,0.16746777044285524,0.04865980357229198,0.0019062522932257557,0.02639215577875162,0.1100574140736436,0.12741100386453802,0.006104187621805158,0.5120014123528885
4,7,BB,OUT,0.2187640503595268,0.06091803054891574,0.0016464463873716673,0.008445730711099672,0.10006116578101522,0.12085828171655563,0.006842027385023769,0.48246426711049145
4,7,BB,OUT,0.14398062606746073,0.0480810230864267,0.0017769980858894424,0.02207797135467644,0.1257122002998568,0.27061289920537507,0.009752632535372303,0.37800564936494246
7,7,OUT,OUT,0.19504252677550613,0.03708876111987007,0.0029172752140340145,0.010614659612326532,0.09957464095593109,0.1570352843403516,0.005414749457648874,0.49231210252433155
7,7,OUT,OUT,0.1277278447357998,0.0452265179425677,0.001775623815050101,0.01249194905000876,0.09147213791202026,0.30151497412759026,0.004715507968218779,0.4150754444487443
7,7,OUT,OUT,0.14153753462627822,0.026223850986299948,0.0017036673354826942,0.00881282819631717,0.05920933814385563,0.2281347596559462,0.005096329566311426,0.5292816914895087
5,7,SO,OUT,0.13488700172728535,0.045653398485625676,0.0018937992023596699,0.022734147509658117,0.07133341847041491,0.20246311822030427,0.005468160584770162,0.5155669557995819
0,7,SINGLE,OUT,0.14075106038048324,0.053417998754037396,0.0015503030943236123,0.010630367762649796,0.0827035609898531,0.1322423143371255,0.0040008035868358644,0.5747035910946916
5,7,SO,OUT,0.12508373763554767,0.039104477734064606,0.001478369169021884,0.03123781332399105,0.04794963027124962,0.37240887880326795,0.004286939766072691,0.3784501532967845
7,7,OUT,OUT,0.18890585109914432,0.03261653164464705,0.002112195911972574,0.010369151031660582,0.0660153535052232,0.23055926495508913,0.00481024258167218,0.46461140927059086
7,7,OUT,OUT,0.1904843744894179,0.03249620883132911,0.0017147219805892446,0.02378258058505201,0.06435054184633324,0.14674552859929482,0.0038762662115504067,0.5365497774564333
0,7,SINGLE,OUT,0.17495465355480885,0.021550195109738508,0.001302921882408054,0.02422765481625733,0.05053997987306319,0.1289346526588701,0.0035151797006274196,0.5949747624042265
7,7,OUT,OUT,0.15729532088333367,0.023271957936827015,0.001936056926554161,0.012738262877315781,0.05259158356292597,0.09631830724281533,0.00731825268479203,0.6485302578854362
1,7,DOUBLE,OUT,0.17702500388216005,0.028894175242442036,0.0014132383385622887,0.026528477463691098,0.07819689543930221,0.1377062931678203,0.005675447473167995,0.544560468992854
4,7,BB,OUT,0.17637967959360115,0.03325577439820023,0.001901574346151245,0.026801100627280337,0.029468990467734362,0.11040811972899485,0.003979989310231911,0.617804771527806
7,7,OUT,OUT,0.1452440877097809,0.02168923195732542,0.001199445472664572,0.008951793969931676,0.04024764499116036,0.09646055734342805,0.003666087758442644,0.6825411507972663
7,7,OUT,OUT,0.19697212397962138,0.02084302543658764,0.0016998560198384425,0.008392884438487685,0.0648853283929254,0.27429517437905643,0.007886258440965318,0.4250253489125176
2,7,TRIPLE,OUT,0.17084732823870677,0.02796469190449982,0.0017108869732306634,0.019803862829336712,0.043260309602162456,0.10743205880883394,0.0061621312271332275,0.6228187304160964
7,7,OUT,OUT,0.16072070498465207,0.030125160021191685,0.0018189933167066408,0.049140367379615524,0.07420473318900157,0.23963091805353706,0.005397116044492735,0.4389620070108028
0,7,SINGLE,OUT,0.11008351648813088,0.02914707482058969,0.001255307082310657,0.007589819965995567,0.03237672932419232,0.18094559519866907,0.0037057322543782036,0.6348962248657336
7,7,OUT,OUT,0.14932249506960613,0.04940835839776155,0.0017925598652055246,0.024138383181364353,0.07996681715739506,0.2228761733230998,0.0076866631338020665,0.4648085498717655
7,5,OUT,SO,0.09370832590814969,0.02831494092337345,0.0014866276066963413,0.021022103667380825,0.05678702709610541,0.4186891235823545,0.005541596106126739,0.3744502551098131
7,7,OUT,OUT,0.10453137338209444,0.03685604972931139,0.001451009376959247,0.017156111811026588,0.09261384881566567,0.2686530306306731,0.00433945486665162,0.47439912138761814
7,7,OUT,OUT,0.15505631767309552,0.03786577747800564,0.0015665258559962281,0.009630417442700203,0.06007364261102064,0.23740434353398995,0.0063122576653148865,0.492090717739877
6,7,HBP,OUT,0.13271334421707073,0.04598691930737167,0.001846274534257999,0.022314815010392085,0.1029476327982744,0.18650646679714,0.004877003988957263,0.5028075433465358
0,7,SINGLE,OUT,0.17719823421183603,0.030356362465607988,0.001433315559401497,0.011808901332863024,0.08576265221995538,0.17788313276486165,0.008494133707093529,0.5070632677383808
7,7,OUT,OUT,0.1642975994325556,0.027299163770014054,0.0015516620439032065,0.012848122065552702,0.0865791476514595,0.21043896695646327,0.011405590012180276,0.4855797480678714
4,7,BB,OUT,0.10965138515569199,0.058611017867671464,0.0015043397452172425,0.013409736574657275,0.09509140990243416,0.2090399491902493,0.004217324725830033,0.5084748368382486
7,7,OUT,OUT,0.1825391560180076,0.029062608358406863,0.0024697181917521177,0.008941772863616892,0.08988829307158949,0.17745728208523567,0.010650418807604471,0.49899075060378684
4,7,BB,OUT,0.145331082078081,0.044882676825593965,0.0019260434609519553,0.015199828964520119,0.07512663290226493,0.20568167579946647,0.00989548909958824,0.5019565708695334
7,7,OUT,OUT,0.16892469515541544,0.025973373331281843,0.0032507249734265425,0.008374864598130268,0.06957532401742307,0.19391170505459665,0.016943896266217017,0.5130454166035091
5,7,SO,OUT,0.12373753250589595,0.02565660633658637,0.014910353118362463,0.010824818337336273,0.07083468135933846,0.33997895526826505,0.013841357025896893,0.40021569604831864
7,7,OUT,OUT,0.16569192777796574,0.062490801242227716,0.0016547467939484173,0.028245428871284176,0.09373674925646383,0.14366208635837377,0.004639814943573172,0.49987844475616316
0,7,SINGLE,OUT,0.10712474519002632,0.022814063016967805,0.001614408488637027,0.008461338693997834,0.08128086596817209,0.30940054754798996,0.006922525401004688,0.4623815056932042
7,7,OUT,OUT,0.1507546226888989,0.039675569454937325,0.002913627814732672,0.02595893429630327,0.035064619625290734,0.15224557266365954,0.0040568708443682365,0.5893301826118094
7,7,OUT,OUT,0.13929307920071068,0.035754665012051934,0.010569781186397183,0.010341341989048883,0.05305918915034711,0.15974391098742538,0.014411207839461556,0.5768268246345573
7,7,OUT,OUT,0.125546860085795,0.027450088036134843,0.0016578430424277087,0.012179905468786924,0.12684854194767356,0.21277342387751103,0.005138806496782816,0.4884045310448882
7,7,OUT,OUT,0.1930152261556417,0.03000837096359078,0.0020129933629784392,0.008245597264163967,0.041078224179378904,0.20807303365950972,0.004268051320250886,0.5132985030944855
7,7,OUT,OUT,0.1921799163286225,0.023554149922924025,0.0015212473276390056,0.03529588541662235,0.07685760222738892,0.2299143064455873,0.004383991793662503,0.43629290053755343
0,7,SINGLE,OUT,0.2250285108069098,0.035025441351021855,0.0027406955464555796,0.007987986396988457,0.04547721894749806,0.12108701092448114,0.0044537608691163555,0.5581993751575287
3,7,HR,OUT,0.18910635272047968,0.021977273910566298,0.0016366103012543855,0.008593828755072227,0.12249286338820523,0.19182970837625793,0.004791015433166228,0.459572347114998
5,7,SO,OUT,0.12389751333852703,0.020477960623135817,0.0017209258454073228,0.01861668095809323,0.1356007749315153,0.23676949487420912,0.005774642142541959,0.45714200728657006
0,7,SINGLE,OUT,0.1442207833058677,0.0175277959390091,0.0016587202158507607,0.010062431939475442,0.07475821443750472,0.1562452157270407,0.0047670947925550705,0.5907597436426965
5,7,SO,OUT,0.11297219791525011,0.022122637182618126,0.001591369957297893,0.016499806094256268,0.07601998015177945,0.2588273390971003,0.006380115682013927,0.505586553919684
7,7,OUT,OUT,0.1270638832251729,0.02852168012481198,0.0016122979187375797,0.05497609113400244,0.06091692971453405,0.23602264561735184,0.015261495915156834,0.4756249763502324
7,7,OUT,OUT,0.1635269898872187,0.017249188695699632,0.005387077904800559,0.00972903586739116,0.12257628480379112,0.1941098837781175,0.004108675997293418,0.48331286306568794
7,7,OUT,OUT,0.12046877219809865,0.03801302836044976,0.0028036937024123495,0.008320645007326146,0.061287215958876345,0.1583417257673995,0.005830355802377933,0.6049345632030594
5,7,SO,OUT,0.1837329733657094,0.02405536664667523,0.0023073034346609697,0.00796463776936189,0.04196307778146714,0.2158918432709752,0.004759635690343542,0.5193251620408065
1,7,DOUBLE,OUT,0.13854821659523142,0.024712338176398417,0.0016068040155535529,0.015127308641308693,0.06278370712204145,0.19521648897289076,0.00436844429837782,0.5576366921781979
7,7,OUT,OUT,0.08244487119120719,0.026150656356226487,0.003561612337912352,0.010062399442694514,0.06415229005541537,0.28832959746135334,0.005119652951838294,0.5201789202033524
7,7,OUT,OUT,0.09001588986822054,0.027942009587209986,0.0030826105873840307,0.009930855947613832,0.08274256438359674,0.17246913146897658,0.015946446104679452,0.5978704920523188
0,7,SINGLE,OUT,0.13697743278496835,0.03241152151512599,0.003712305458148374,0.022126890123430918,0.04379852373869017,0.14126968428439687,0.0040723629233221405,0.6156312791719173
0,7,SINGLE,OUT,0.1412071465675031,0.04244015482492651,0.008470591507635213,0.00944607695432375,0.05409791180559844,0.12032629269458583,0.01749851921695306,0.606513306428474
5,7,SO,OUT,0.1993613639111462,0.01629336941877826,0.004493655248171629,0.016210033065341408,0.030875295299974136,0.12403726470215724,0.004845218450889573,0.6038837999035417
7,7,OUT,OUT,0.1597142363318089,0.07789886532948065,0.003951234949135827,0.014397370590066379,0.0685773784833703,0.14423214341906107,0.00564342763179438,0.5255853432652824
5,7,SO,OUT,0.21084230162305384,0.02770120820646357,0.0014807858067157505,0.04214033159846702,0.06807789182944392,0.2058938093728686,0.004522790865245711,0.43934088069774146
2,7,TRIPLE,OUT,0.1388899299265727,0.04730463317896488,0.001792979123176066,0.020371363960856224,0.16605039140959432,0.1942402292093832,0.006738065117860481,0.4246124080735923
5,7,SO,OUT,0.15808197404862223,0.03477243430826083,0.0016478272909577632,0.030525096453274832,0.09381052778627004,0.2502982720919614,0.027053981028053117,0.40380988699259984
7,7,OUT,OUT,0.11465327433192037,0.06764556952264233,0.0018022644399640585,0.007599653857110531,0.0676935055178431,0.12561908063158858,0.0044803950660317815,0.6105062566328993
7,7,OUT,OUT,0.18459543512370816,0.029350526226372013,0.0026292967187205637,0.012723501696448985,0.05129056811716423,0.342917824613531,0.007298329728601523,0.3691945177754536
7,7,OUT,OUT,0.17771083659314607,0.019723220258975223,0.006073013109253786,0.009808271080084509,0.05657209538655475,0.2629420669690818,0.09419442653611478,0.3729760700667891
5,5,SO,SO,0.11304321829171293,0.017268165468535882,0.001532270662155033,0.018353777871470647,0.07101672124057459,0.40456525900699686,0.004180326507964539,0.37004026095058956
4,7,BB,OUT,0.13972887926218513,0.021214954741592993,0.0016645820441359644,0.012788086061914028,0.17364486476786234,0.20062357172186657,0.004308304687971407,0.44602675671247166
7,7,OUT,OUT,0.11614378039421054,0.04781357084866256,0.0016138738980589807,0.015231478027139023,0.08629331445369759,0.32943146321085026,0.0051156653622375465,0.3983568538051434
7,7,OUT,OUT,0.11615505649622371,0.030905977178815103,0.001750421335862282,0.014507207043533334,0.07683531518604664,0.36257093440211263,0.004107416989772871,0.39316767136763353
7,7,OUT,OUT,0.15206440773748744,0.02568247984574858,0.001899178654261624,0.01328013551900915,0.0931691910476587,0.3045949487242482,0.0175311501141371,0.3917785083574492
7,7,OUT,OUT,0.1596016602953009,0.031250839743801204,0.0017036556908089323,0.0227640550222485,0.06548329561775336,0.22301523595298364,0.008770500550793215,0.4874107571263104
1,7,DOUBLE,OUT,0.12797121723574276,0.02747504639869825,0.0015406546596397753,0.016311543897344495,0.17521355467178878,0.2387350428399511,0.01697425429584124,0.39577868600099353
1,7,DOUBLE,OUT,0.16209289841774926,0.033112907988184746,0.00200471259279009,0.008466371711350626,0.08278979993569546,0.26867885145297227,0.004193401137733507,0.4386610567635239
5,7,SO,OUT,0.11153677744635618,0.03826286810795374,0.0018190312217895518,0.007801767279229463,0.05294432492898891,0.18494392738543913,0.004192091896088774,0.5984992117341543
4,7,BB,OUT,0.121872791647923,0.024581902807896787,0.002022724678431512,0.007608666600391744,0.03995168288570544,0.24109149274935926,0.008211966537801634,0.5546587720924906
5,7,SO,OUT,0.22353763419335954,0.024212059918601044,0.0021624995273765205,0.05960013599734125,0.08228827910188014,0.20025340931598415,0.005114841312659283,0.402831140632798
5,7,SO,OUT,0.21776022510317836,0.038468601462156055,0.0033117182089225585,0.007809786199439962,0.036061147231216006,0.12358404412601146,0.005580288063593325,0.5674241896054822
0,7,SINGLE,OUT,0.2191723011337407,0.03192982754234202,0.002031747185616141,0.009168561068685792,0.12076423086950722,0.20598939905733032,0.004677043987023859,0.40626688915575404
5,7,SO,OUT,0.0840320175658211,0.030789925688203438,0.0064343566260583575,0.009355862013627016,0.06677784791037418,0.28724344894369847,0.0043421149788563495,0.5110244262733611
7,7,OUT,OUT,0.16879527164752467,0.017665743909571523,0.003045779622910534,0.01117995643824429,0.05373174200094719,0.22741606123227837,0.003915976691166817,0.5142494684573566
5,7,SO,OUT,0.1805692014461927,0.01741717698407461,0.003508532966472542,0.015404229878850768,0.03176244459278934,0.13615302226452924,0.004755599701933538,0.6104297921651574
4,7,BB,OUT,0.10990753354066604,0.03193593160362556,0.006488558375840452,0.012617165512059462,0.1186490724666127,0.22176112299182096,0.008517486740659105,0.4901231287687156
5,7,SO,OUT,0.22332088329359873,0.02239520208468185,0.0018500269368915247,0.009264645765861366,0.0645935976786371,0.24105338051125821,0.006939282460001465,0.4305829812690698
7,7,OUT,OUT,0.11152209017078513,0.028126854123073527,0.003960229569020758,0.01280457376538825,0.10322227405995094,0.23938160064711528,0.019833513578676916,0.4811488640859892
7,7,OUT,OUT,0.25809099210726616,0.03526700236604765,0.004113940358402979,0.008753661515466932,0.03714661175182059,0.16987552815112952,0.004352452961082252,0.4823998107887841
4,7,BB,OUT,0.15674871578829846,0.019964367613616366,0.0016336075465144537,0.03008264521874962,0.07612756100219958,0.22679117263278992,0.004920839099910377,0.4837310910979211
6,7,HBP,OUT,0.22053168210095295,0.05349136964886202,0.0018551293614956946,0.02803023011822888,0.1077770252634601,0.14784169908097017,0.00511692628211047,0.4353559381439197
7,7,OUT,OUT,0.1691010320650932,0.025345348319340894,0.0016431379092102965,0.015581232094962798,0.06945842797857217,0.24955854046996825,0.004874979504453473,0.46443730165839897
7,7,OUT,OUT,0.13332642707142128,0.030304274433488692,0.008693947291833823,0.008025008944040403,0.056628744442983846,0.2278324009432787,0.0057457494411135394,0.5294434474318397
7,7,OUT,OUT,0.11253718133302838,0.020409952981064954,0.0014740663274956135,0.00771954495320632,0.061602320428069075,0.35062937777152736,0.0041226305768984365,0.4415049256287099
7,7,OUT,OUT,0.10433049640292533,0.021012832918103828,0.0015400521840933032,0.009664530427959414,0.06393447431814943,0.22195610953783806,0.006137623009258472,0.5714238812016722
7,7,OUT,OUT,0.13645586588853725,0.024555787989068874,0.001429670826710808,0.020458879092706845,0.0724790474485046,0.18728792512420456,0.005032781995435501,0.5523000416348315
5,7,SO,OUT,0.12991733116576465,0.023325167135278373,0.0031614188770137937,0.030192000217820137,0.09646055699725245,0.2363632590492508,0.009073054835703783,0.4715072117219159
0,7,SINGLE,OUT,0.15590026281834896,0.02899669541275425,0.0020862280199814395,0.015339082035102305,0.09237192784704593,0.24595303141074598,0.003935065132574087,0.4554177073234471
7,7,OUT,OUT,0.13133553724207334,0.03268644432565654,0.0021967725307583787,0.019759390700886736,0.08031063681093167,0.12725455963856433,0.00422288993423481,0.6022337688168942
7,7,OUT,OUT,0.19954791273448264,0.02027562109271818,0.001888713291503938,0.01145884044389011,0.08844769175991005,0.17268641053046618,0.005155153011871887,0.5005396571351569
7,7,OUT,OUT,0.14262034660041437,0.021464120854272892,0.0019898120741662904,0.008045500849477978,0.08344894836603535,0.21979864020999185,0.006733300560377261,0.5158993304852639
7,7,OUT,OUT,0.12492430410674345,0.026044246691697262,0.0028006844823939177,0.008568576004266295,0.053561797658693774,0.23581998437066942,0.005142414888067463,0.5431379917974684
5,7,SO,OUT,0.18370190306573472,0.044515201284113334,0.0014254281341449103,0.03309472456251645,0.14304942733042253,0.1786225726752931,0.006916031103029028,0.40867471184474596
5,7,SO,OUT,0.142755878212894,0.025633058744656233,0.0017276189411561896,0.05922942729040063,0.13140957169218445,0.24164131677318657,0.004603938118651203,0.39299919022687085
5,7,SO,OUT,0.13639373492214638,0.03316628535413884,0.0016135727160597345,0.017795517783370133,0.0967022697356056,0.1901330119734856,0.004404580778159131,0.5197910267370346
7,7,OUT,OUT,0.10064548066002856,0.03143179755582545,0.011557228861501725,0.010061704181970794,0.0663319507432494,0.155460210809459,0.004866667015159021,0.6196449601728061
5,7,SO,OUT,0.12894777996474616,0.0339160429751959,0.015708962972759383,0.00822475206506985,0.04981220149901269,0.15398363017376865,0.004980526973499836,0.6044261033759475
7,7,OUT,OUT,0.15610597317765754,0.01920783054246498,0.006060879141152845,0.008969789280933005,0.05753817796466994,0.15662703486745586,0.004459665614835695,0.5910306494108303
4,7,BB,OUT,0.14049898054757207,0.029968514171839506,0.0020929313959936785,0.008806962288590637,0.05132781858926638,0.1522664470238194,0.0058963953009373475,0.6091419506819811
7,7,OUT,OUT,0.10088038909505506,0.02384063344433266,0.001857249236182033,0.008902845833326184,0.12190863364537599,0.19587625376551068,0.021496527508647847,0.5252374674715695
7,7,OUT,OUT,0.1304086465591712,0.029031363364047068,0.0017053018345527633,0.012321009851145584,0.0939112485516284,0.12924743325406657,0.01038941660392516,0.5929855799814633
5,7,SO,OUT,0.19280938303330178,0.024840821181899224,0.0017730221861766227,0.008575122127718857,0.0863256535206279,0.19561134240490685,0.006197213139824738,0.483867442405544
1,7,DOUBLE,OUT,0.21098516500551284,0.01734587742531641,0.003210149369845846,0.02340806572830881,0.032853499945733736,0.12245500526424483,0.0038136205530606665,0.5859286167079768
7,7,OUT,OUT,0.21923081814689133,0.0341778454836061,0.002634346873792545,0.012214963289481866,0.0752968804958996,0.15465348869056345,0.0039433152545374685,0.49784834176522763
5,7,SO,OUT,0.13121814223916478,0.024860878531699018,0.0019176248513483511,0.013598212088972158,0.15593622246274289,0.19068746503262163,0.005431097547227682,0.4763503572462236
7,7,OUT,OUT,0.12954282562114677,0.025611053984295355,0.0016097613662154782,0.03655027857381509,0.06935098009461874,0.2430091164609647,0.014172867370564954,0.4801531165283788
5,7,SO,OUT,0.17580465101557408,0.033151394823936024,0.003747299240036999,0.014746431628282312,0.09210738133468535,0.1638031100807367,0.004054011769122464,0.512585720107626
7,7,OUT,OUT,0.12239198971383111,0.03392185985992332,0.00347341953425002,0.008995863734210805,0.05949118187795077,0.15612808915229812,0.00569401089093402,0.6099035852366018
7,7,OUT,OUT,0.16478579275546046,0.019836758617173083,0.0016543973680493492,0.01134697672862379,0.0858074191388515,0.17402676486432359,0.005390348299609048,0.5371515422279091
7,7,OUT,OUT,0.1966249307557269,0.05719948328755969,0.0016868573936826676,0.03372252916884005,0.07633976259429436,0.15631946756655732,0.005110185345459544,0.4729967838878796
0,7,SINGLE,OUT,0.14747155636621487,0.02097622732641874,0.0014112775890681908,0.01485034931501397,0.05824398363056846,0.2119383474537099,0.003827510881398886,0.541280747437607
0,7,SINGLE,OUT,0.17283891307868046,0.04322723573039874,0.004207605728987517,0.011548568127215237,0.09290821435330496,0.2269341860384053,0.007599674172037306,0.4407356027709706
5,7,SO,OUT,0.1097609742019204,0.03462398168900212,0.00290591853848755,0.009392162661019778,0.07261503171143552,0.16944145087091134,0.022624002408502774,0.5786364779187205
7,7,OUT,OUT,0.16046582515924002,0.017008080584222828,0.0023951197185997078,0.010099159736464412,0.10324428856619043,0.1795773886304962,0.0040822348980264645,0.5231279027067598
0,7,SINGLE,OUT,0.1379677530913606,0.03014436170587464,0.0033859429055471168,0.021459160147651063,0.03504035262305097,0.14625517421335482,0.003997333227838751,0.621749922085322
7,7,OUT,OUT,0.18191207791802935,0.018441199247407353,0.003532838345696024,0.01534246407225586,0.031596258465087484,0.11666750090962535,0.004285499086511193,0.6282221619553874
7,7,OUT,OUT,0.18556232347109242,0.02460966653988732,0.00232977708261877,0.008461239869538825,0.04796728308787887,0.2185687173182606,0.005103748543244029,0.5073972440874791
5,7,SO,OUT,0.18111507079609682,0.03148428956616551,0.0013874389691070847,0.026471548251269256,0.05369488480401787,0.2427676106811595,0.004659647723625509,0.45841950920855845
7,7,OUT,OUT,0.22720578501795113,0.02840913874281066,0.0036440375174434225,0.007476219579070689,0.03214464649721013,0.1740491002923147,0.004640133890245881,0.5224309384629534
0,7,SINGLE,OUT,0.1951203634710223,0.02795993273070678,0.0017154560327212593,0.008322223928509892,0.0734421110880712,0.20450296320871972,0.00773254356840978,0.48120440597183894
4,7,BB,OUT,0.14741638380123712,0.022432496119746553,0.0016244025459098942,0.031488503226128055,0.06030432706648051,0.22424785323524268,0.005593672322702679,0.5068923616825525
5,7,SO,OUT,0.155016797905143,0.04686311255501659,0.004594009113998052,0.009203190492426985,0.04512512917311433,0.12991172649794203,0.02946191440528286,0.579824119857076
1,7,DOUBLE,OUT,0.15501399664046736,0.029479074093898976,0.001766510143759472,0.015144360847018831,0.15465167743553518,0.18668067504673883,0.006030731332057833,0.45123297446052346
0,7,SINGLE,OUT,0.13941053439997722,0.026087190413420704,0.0015866489479046267,0.04468168757373895,0.061113890969622546,0.22232744785578504,0.012179631705299364,0.49261296813425165
5,7,SO,OUT,0.15487435765621438,0.016877511064412983,0.0031674476074955975,0.009910223390127431,0.12000282150791233,0.18467403715092556,0.004154007718953754,0.506339593903958
7,7,OUT,OUT,0.1289506738033607,0.018230169057522814,0.0015506594519498465,0.00851112153414357,0.034530898108963946,0.17379502282326048,0.003711534237267682,0.6307199209835309
6,7,HBP,OUT,0.17288954496057218,0.03274514875594694,0.0020861418036119362,0.013518666181917875,0.06545415458550452,0.25349567223742103,0.01095825896461079,0.4488524125104148
7,7,OUT,OUT,0.19069357383660462,0.040698195675806424,0.005017918430610649,0.010135237740093363,0.040235997889543504,0.2379618965901271,0.0061466134308670655,0.46911056640634724
5,7,SO,OUT,0.12281949269016157,0.04408086251582401,0.001490433158040791,0.012903657700565032,0.04259841757188914,0.1705011091250987,0.021719129586856765,0.583886897651564
5,7,SO,OUT,0.13940835035165386,0.032305137898079095,0.0025036376755605168,0.011285365908371309,0.0862511241965459,0.13484614529912492,0.007330733653571241,0.5860695050170931
7,7,OUT,OUT,0.19820459618884373,0.017290116778238145,0.0023407131361610155,0.012557127600430427,0.076974655296298,0.11982650873606658,0.005758932781034327,0.5670473494829278
0,7,SINGLE,OUT,0.16002990159797653,0.02673674122615981,0.0029441129410697204,0.0103185429783756,0.09832384830059818,0.15661045690334802,0.005390432156909171,0.5396459638955631
7,7,OUT,OUT,0.10130593324320372,0.034369888417936714,0.002079096454734878,0.12207628017027795,0.06809574037276714,0.301300581075318,0.004144205008212722,0.36662827525754893
7,7,OUT,OUT,0.16224082826316863,0.017111327995376634,0.005588983971392564,0.007211635770453432,0.08049737350657142,0.1103225741413176,0.008111019429475222,0.6089162569222445
7,7,OUT,OUT,0.16021124716180532,0.02840424917447329,0.0017118144636451428,0.009600812006178303,0.045459316596275244,0.1048341942355608,0.003939737246258999,0.6458386291158029
7,7,OUT,OUT,0.08052038904560281,0.022798802578657545,0.001870508020972614,0.008434380631948395,0.058792789483350226,0.21727336199315425,0.0034531907606001884,0.606856577485714
4,7,BB,OUT,0.09171904438474564,0.03577780419164314,0.0016614306538647473,0.008471221171296919,0.03757380740717095,0.2671833343405452,0.004570549181371264,0.5530428086693622
1,7,DOUBLE,OUT,0.14919840412665752,0.061929028559089876,0.002191402550460593,0.009510928833081566,0.04071236939628226,0.13452798916927686,0.009829502196311447,0.5921003751688398
5,7,SO,OUT,0.12433480852227237,0.04054840653649899,0.005668056949518534,0.01322830417732467,0.04869771190566879,0.14259146633408423,0.004769827723116425,0.620161417851516
7,7,OUT,OUT,0.1565566427934502,0.03511517810238001,0.0015660531187766964,0.010673021696993005,0.09348266815694581,0.12849894155918623,0.003959127525503217,0.5701483670467649
5,7,SO,OUT,0.15712991666441792,0.02790121063981578,0.0016820770543005217,0.030374231113046078,0.05552724642427752,0.13388343361434304,0.007367690875424566,0.5861341936143746
7,7,OUT,OUT,0.11714755271188755,0.01879541953076445,0.001704992702002634,0.008298598507265421,0.05815281701830524,0.27080354187435857,0.004946250985498568,0.5201508266699176
5,7,SO,OUT,0.1302226626199676,0.01807832633736538,0.0034764937484040455,0.007996504752546282,0.09313452568042843,0.21250801485752474,0.007397692916177655,0.5271857790875859
7,7,OUT,OUT,0.1459180116653785,0.018862526818610746,0.0018666340635456993,0.02977026166591401,0.060947190490161327,0.2448886983091944,0.005455073515094447,0.492291603472101
5,7,SO,OUT,0.15411678598582723,0.07568921725814484,0.001559471983200646,0.00950729066920355,0.09524414822510534,0.1256707507041787,0.0040687817255375585,0.534143553448802
7,7,OUT,OUT,0.13905799370773592,0.03531811022326044,0.001947754370690819,0.0072637775944210505,0.03618977311624997,0.10856518264249149,0.005507148795952606,0.6661502595491977
7,7,OUT,OUT,0.11888005032321523,0.026968978712507884,0.001620109574192184,0.011947727877200534,0.04721187334667747,0.11738515287147719,0.011484483352539127,0.6645016239421903
5,7,SO,OUT,0.1249715134633448,0.024759474366913177,0.004026820789955311,0.019440537661034804,0.08838873784675104,0.24427470689304862,0.004660894527418839,0.4894773144515334
7,7,OUT,OUT,0.13461656459405766,0.03060823447854122,0.001491441925020709,0.014694064047616556,0.07318284183750227,0.15279018126826657,0.0052190558668500624,0.587397615982145
7,7,OUT,OUT,0.15570456868556332,0.014066640396344768,0.004167289492268885,0.0072134021288310065,0.05854804534654604,0.16245388090989435,0.0038727470086934073,0.5939734260318582
7,7,OUT,OUT,0.15654075029819078,0.0683956680442238,0.0016413499706315828,0.014815245179436923,0.05774238390398613,0.14579426058220818,0.008363787823548009,0.5467065541977746
7,7,OUT,OUT,0.15055951805997717,0.052921867157840585,0.001515392927858046,0.015587000783390686,0.05718512587540289,0.1322949252895881,0.013166303356334232,0.5767698665496083
7,7,OUT,OUT,0.16321317143827896,0.022508767166383708,0.0016108347144635328,0.006652189353661497,0.028401940075292946,0.16013145390452604,0.005357868371828613,0.6121237749755647
5,7,SO,OUT,0.11467158151468257,0.021146430018380298,0.0016544760682834405,0.007678344399712908,0.04376071404060377,0.2679035658567759,0.003902085249255064,0.5392828028523061
7,7,OUT,OUT,0.13975313116707755,0.03752288762073147,0.001972404826772256,0.007393468130074986,0.04193009559853643,0.11276016283930436,0.011517580378316003,0.647150269439187
0,7,SINGLE,OUT,0.12706252214554584,0.05434992151091985,0.0016706940937349696,0.017909546370153167,0.04274064551754836,0.19738379984207943,0.007792630520365461,0.5510902399996529
7,7,OUT,OUT,0.20679973934839732,0.03024967475867088,0.0019359386554764926,0.010050509368220707,0.08124314930778118,0.218839273176361,0.007528738722172553,0.44335297666291984
7,7,OUT,OUT,0.20676080307686903,0.029671512191513056,0.0021928050375360775,0.007739867610546577,0.05871992883823899,0.2551964514168051,0.005862449876134225,0.433856181952357
1,7,DOUBLE,OUT,0.12815538381754263,0.039818900199513785,0.001577516844793655,0.008190254435759258,0.09603083515147195,0.2566339100384822,0.023482391922800994,0.4461108075896355
6,7,HBP,OUT,0.11371338265306079,0.043154988977107546,0.0020152521346630888,0.007773921279866611,0.06940348579283753,0.1652853947386698,0.026621663933745782,0.5720319104900489
4,7,BB,OUT,0.12383151218516264,0.03765099254945166,0.0016856473259881613,0.010918088301888385,0.1141452621715,0.1924649771780264,0.02278089511931172,0.49652262516867096
1,7,DOUBLE,OUT,0.14952062815646064,0.0586405274719192,0.0017267563896255227,0.0180504990272524,0.08979036551276265,0.13759786664562046,0.010530978123128433,0.5341423786732308
0,7,SINGLE,OUT,0.1154699285164525,0.048612017631329156,0.002534662010588259,0.011558977107726185,0.1572233283857045,0.32100881933014364,0.0061823084455576195,0.3374099585724981
7,7,OUT,OUT,0.2120087382920686,0.020739473705788835,0.0017039437729032866,0.008249388128537717,0.08268293862282472,0.09967732042690532,0.015064368033128987,0.5598738290178426
0,7,SINGLE,OUT,0.21365849346144547,0.03399949448184928,0.0019580124319976485,0.0076935085041770065,0.09815908517604535,0.12260183034137473,0.004547624608748121,0.5173819509943623
5,7,SO,OUT,0.2167077015081094,0.04037392907711731,0.005417356955160177,0.028836661297971144,0.04036453523310997,0.19913708105381045,0.005050952457358098,0.46411178241736356
5,7,SO,OUT,0.12674637768517055,0.044056526871985816,0.0017457082049086303,0.028119056015467648,0.0774687283305049,0.2784238555665756,0.008671698246034813,0.4347680490793519
7,7,OUT,OUT,0.18147784076122198,0.02938409506297619,0.0030708767399507007,0.007596060097631266,0.0507787115986943,0.10141159286869209,0.004854533945508866,0.6214262889253246
7,7,OUT,OUT,0.07905263622479303,0.015389012239122526,0.00129597005501468,0.010813880331603704,0.0326132495154107,0.3422231934408633,0.004045238524020538,0.5145668196691716
5,7,SO,OUT,0.11809496133793339,0.015057342278015964,0.0015621668642226872,0.020243330027615917,0.043522010564340276,0.22389821856113415,0.009169209097040304,0.5684527612696973
7,7,OUT,OUT,0.0917663551361909,0.017200877947411975,0.0014241711916200457,0.012684763321291663,0.036774495807495144,0.30240303457248796,0.005150091594224979,0.5325962104292773
7,7,OUT,OUT,0.17036868837750743,0.04361933042877618,0.001441558811305077,0.013846170600825502,0.039840172178337685,0.20737608729288712,0.012989474607043501,0.5105185177033175
7,7,OUT,OUT,0.13781729444640387,0.034477570238203165,0.0024553336939977014,0.011053483669527983,0.09716615849094636,0.16247521099159778,0.011013986600980847,0.5435409618683422
7,7,OUT,OUT,0.23028306224697304,0.04132595519732434,0.001932330137842018,0.00800065132930272,0.07834202337640601,0.11423389874191454,0.004535952467988519,0.5213461265022489
1,7,DOUBLE,OUT,0.12784640493520505,0.022031498883522554,0.002131301301570637,0.009001291060819894,0.05719049155622645,0.33180780813925614,0.004604156070915196,0.4453870480524841
5,7,SO,OUT,0.07320665687933636,0.020025513701715243,0.0016327324374581396,0.007486759359056507,0.05107753217884394,0.31124705659982366,0.0036060683784786864,0.5317176804652874
7,7,OUT,OUT,0.18293442036067223,0.042591190716801945,0.006994992548733268,0.01107972856943205,0.062217448700564074,0.20270953703605588,0.005554543648986107,0.48591813841875453
4,7,BB,OUT,0.14550018745782067,0.04097833808513722,0.005710605483781356,0.014352181032620197,0.06578541320839093,0.16604185926441153,0.00586523599027902,0.555766179477559
7,7,OUT,OUT,0.08375552424113522,0.019948128451245842,0.0016986374228772497,0.007831470981702119,0.035807642919217994,0.32047224780521805,0.00396166089841336,0.5265246872801901
7,7,OUT,OUT,0.15091318004836707,0.024719136648709776,0.002121927036395778,0.006518745294247101,0.05094458882972193,0.09833203418074823,0.011606458643319445,0.6548439293184908
0,7,SINGLE,OUT,0.13555253381114618,0.041205410881754716,0.0014194362285814132,0.008259970627776517,0.03070591668267322,0.09115170614071871,0.004163857056494068,0.6875411685708552
0,7,SINGLE,OUT,0.14062747869522343,0.04067093020213571,0.001691605515283658,0.021750312346141328,0.06550677953614566,0.17365326337615838,0.0041924530573237695,0.551907177271588
7,7,OUT,OUT,0.1347449635076648,0.02996699578984625,0.0020324636313093784,0.023631937838812615,0.05725745878463916,0.1142075083017396,0.008178872251270652,0.6299797998947174
7,7,OUT,OUT,0.11380262059445224,0.018130256164773588,0.0017285223819457917,0.008352174267927292,0.05711135707251235,0.28661624106270783,0.004538052158241366,0.5097207762974395
7,7,OUT,OUT,0.12880634156420712,0.016687802036969335,0.004563403909349478,0.007644595407716773,0.07775063883440628,0.23370525387258234,0.00693827214107288,0.5239036922336958
7,7,OUT,OUT,0.10755284336890393,0.022845543504245305,0.001877515744128286,0.008983631401593644,0.04760873158580026,0.2567841138839422,0.005198596259828368,0.549149024251558
5,7,SO,OUT,0.14107303623638578,0.018524991557735248,0.001873721960518023,0.032268354225356816,0.06393755977282461,0.24922900129770037,0.005451085571624036,0.4876422493778551
5,7,SO,OUT,0.12804897760158931,0.02489171450740779,0.0017798136267120506,0.042474179412421036,0.05357016344436442,0.11793465614078062,0.00430292412272094,0.6269975711440039
0,7,SINGLE,OUT,0.11457560975670443,0.04764795356987266,0.0014459716392580422,0.013700714896211334,0.038910677878221465,0.10044863038096022,0.002983437881744133,0.6802870039970278
7,7,OUT,OUT,0.15635701400320523,0.033783987488592286,0.0070826291075500565,0.007065140350544427,0.030300889974243676,0.09656521755689834,0.009482412947243602,0.6593627085717223
0,7,SINGLE,OUT,0.13493736774834328,0.027107130502947593,0.0016763467552112854,0.02039461770523626,0.04900909307495463,0.10848154741013241,0.008453739201743658,0.6499401576014309
7,7,OUT,OUT,0.14569758461465682,0.027047363762403836,0.003063390215618354,0.018619697507996642,0.09954091585909625,0.2240233243791724,0.006003769629958928,0.4760039540310967
5,7,SO,OUT,0.19769039815091305,0.014435594740827801,0.005983063690900562,0.007353242871163571,0.055175824678301004,0.18315645456693183,0.004056996374738497,0.5321484249262238
7,7,OUT,OUT,0.16916247244512042,0.037037957312751627,0.005448229446283168,0.011154695895237475,0.07802959551954268,0.21656158542818735,0.005303491446018633,0.4773019725068588
0,7,SINGLE,OUT,0.142935761552062,0.03091114807695335,0.003723641614721428,0.014066629620248579,0.05654488443580057,0.17532337489382946,0.005513371476836373,0.5709811883295483
4,7,BB,OUT,0.09952445686146036,0.030881029444211616,0.001785803268828547,0.039061976366003615,0.04823322085904272,0.3688180688094849,0.008509960514056942,0.40318548387691117
0,7,SINGLE,OUT,0.17620121761834298,0.029259008164179246,0.0018758585490594375,0.022618583648970937,0.0746105405702025,0.15537577699386992,0.005120896999897356,0.5349381174554777
7,7,OUT,OUT,0.1532825041001794,0.038232910439616345,0.0041139820311787345,0.017288035188568217,0.06618529076105142,0.17560271870462185,0.006431946837338246,0.5388626119374458
7,7,OUT,OUT,0.14441686109077492,0.01932475350989562,0.002165774432342146,0.010508411778523902,0.05671864793545948,0.2733778376343686,0.0054103369178713405,0.4880773767007642
4,7,BB,OUT,0.1941444863449358,0.04174440871914746,0.006678335459094834,0.007121739627197962,0.030699793327852904,0.08876818588092109,0.008112718385072026,0.6227303322557779
0,7,SINGLE,OUT,0.15688683084248917,0.023307149857906495,0.01450943125858261,0.008767149378916823,0.08873838043129198,0.14670410030136408,0.01969207155277763,0.5413948863766712
7,7,OUT,OUT,0.14659630178475727,0.04910167504384618,0.001728774834911267,0.009051856271526085,0.05094931213960481,0.13668792357564047,0.004705030096273493,0.6011791262534405
7,7,OUT,OUT,0.14542374343930894,0.03429864817918126,0.0020372161818677163,0.02380195102718828,0.09926267354163415,0.16875706298374857,0.00493887348010787,0.5214798311669632
0,7,SINGLE,OUT,0.15349002226205963,0.06907188228616233,0.0022234960601982294,0.012572432912306527,0.11054977134682567,0.13865167395265596,0.0042490765785921526,0.5091916446011995
0,7,SINGLE,OUT,0.14161966017320102,0.037930451160361055,0.0020764484521552636,0.012150429509841876,0.05969595751744359,0.16570000425402526,0.005133957555936402,0.5756930913770356
5,7,SO,OUT,0.14464388655896407,0.017997589116202202,0.0018301257904605956,0.0088617328557496,0.07247303531178144,0.2596491340125736,0.0055335311209843766,0.489010965233284
4,7,BB,OUT,0.17675888334107953,0.019498626783915046,0.0018713355825268354,0.009564314230037658,0.050874989519240826,0.24390148458787847,0.005102517268181406,0.4924278486871403
0,7,SINGLE,OUT,0.09983127753668986,0.018328136320269132,0.0018891069978717629,0.008624796461076322,0.05748950675893423,0.3017841007698468,0.004845101994995915,0.507207973160316
5,7,SO,OUT,0.1281553166149562,0.016738162078556818,0.0027129985277401037,0.008215579884272252,0.08334698855728186,0.21478567930037346,0.007013586019248828,0.5390316890175705
1,7,DOUBLE,OUT,0.13824926498563744,0.026363903961651905,0.0017147915935865053,0.021119426880315432,0.053390518890939195,0.11104758793339556,0.008084043149943435,0.6400304626045306
0,7,SINGLE,OUT,0.11985170306291043,0.017640256658850318,0.0017718758648875388,0.03160677403895024,0.05341501866848046,0.3162695014602516,0.0045607617827261235,0.45488410846294336
0,7,SINGLE,OUT,0.20110647345629556,0.01631242877944175,0.004998978283203272,0.00803781034227375,0.05969438934981325,0.14020627960534607,0.005005140514732266,0.5646384996688941
5,7,SO,OUT,0.14527532891080694,0.03455480132281501,0.0018933430049402793,0.007087567017093866,0.03229312275929374,0.1119659367805131,0.004603589363046053,0.662326310841491
0,7,SINGLE,OUT,0.09082351882012724,0.021963204820647314,0.0016389047142854512,0.007559175416362854,0.039821224257380605,0.2763806849210227,0.0038460458305499415,0.5579672412196239
4,7,BB,OUT,0.15851583540141165,0.027237702749990225,0.003222888674808664,0.006880152613450996,0.0436429017242004,0.10111982464384545,0.015795920541031665,0.6435847736512609
7,7,OUT,OUT,0.16371201705174324,0.0353403429352547,0.0016010972232585415,0.0072167606873428216,0.039536863518568395,0.10597746041959251,0.004609017527133031,0.6420064406371069
1,7,DOUBLE,OUT,0.12098172901039621,0.04707861720855509,0.0017904342968622787,0.03343669152128643,0.06778677605948444,0.17933943020659762,0.0045014668494047,0.5450848548474132
0,7,SINGLE,OUT,0.1351023135462961,0.029020425179056134,0.001863948990991114,0.021710770008276904,0.07441703269046983,0.11555424821535418,0.0041599810651225715,0.6181712803044332
0,7,SINGLE,OUT,0.12657342321587198,0.026080598855139227,0.0016612316820550919,0.0452887688318782,0.05647289581358252,0.11751649137764021,0.004006468562908415,0.6224001216609244
4,7,BB,OUT,0.11650020652563904,0.047247375966410224,0.0013611326238657112,0.01742156649564231,0.04056467657987573,0.11483600350446392,0.0030893547529529286,0.6589796835511501
7,7,OUT,OUT,0.1496591686913677,0.026792510636692544,0.005326186750993042,0.019677745016741643,0.08436121087770505,0.20481550318985067,0.0055739668445146775,0.5037937079921346
5,7,SO,OUT,0.23051403266947473,0.024332503832142048,0.0015110509049795265,0.0068859197124125126,0.09668681368213732,0.12003621547540258,0.014935932213047086,0.5050975315104042
0,7,SINGLE,OUT,0.16436515272039837,0.03768651318191226,0.0020969968136283356,0.03711345925902976,0.0741550777189819,0.14707049627110602,0.006472463645539775,0.5310398403894036
0,7,SINGLE,OUT,0.1871210898783119,0.031237727291906887,0.005410326515292718,0.007804991070066019,0.052157651116282046,0.10889646313830352,0.0050955837374539615,0.6022761672523829
4,7,BB,OUT,0.13650111976108198,0.04736871725768769,0.0019534557970941843,0.015037802522878778,0.12834939993557626,0.2066923075422549,0.005417855857942845,0.4586793413254835
0,7,SINGLE,OUT,0.10055640560802996,0.04533063712179091,0.0017554920130636057,0.01857432283509653,0.0885324614530662,0.23711069065639903,0.004276223365394869,0.503863766947159
1,7,DOUBLE,OUT,0.13098149335914655,0.03774021484818184,0.002148829024113205,0.009481600683866977,0.06060677368048481,0.12859797084386165,0.007049029484054001,0.623394088076291
7,7,OUT,OUT,0.17281816440808415,0.05531890176593202,0.002197162590283179,0.014613757075822693,0.05240469978197563,0.23001682808170715,0.010177852787339885,0.4624526335088553
5,7,SO,OUT,0.06374138380148994,0.019616030396931095,0.0013678354308069613,0.006752931266526695,0.031710041613803315,0.36811001965774487,0.004022893825507836,0.5046788640071893
7,7,OUT,OUT,0.09702842171983887,0.021813413276707112,0.0014053596433153824,0.007313287953696436,0.03360310350812185,0.1480715249106385,0.003787463565569576,0.6869774254221123
0,7,SINGLE,OUT,0.10425480037184436,0.03216148476175414,0.0017584304183977258,0.04637994991417334,0.03996524779578939,0.34732332373378977,0.00914930391343711,0.41900745909081416
0,7,SINGLE,OUT,0.1744144208235607,0.03480319141459738,0.0042828185894143896,0.010594275417420421,0.0394633394538139,0.21746652652093354,0.006019354779797973,0.5129560730004618
7,7,OUT,OUT,0.14076662643343923,0.04965428221061299,0.002566569491054179,0.05050596919750392,0.04798503280321844,0.15462728337746964,0.005317109138413189,0.5485771273482885
7,7,OUT,OUT,0.1915637682901065,0.04502389924389084,0.0023615260636051234,0.00841551984218044,0.05207468154109358,0.1340410823618631,0.009165889423350745,0.5573536332339096
7,7,OUT,OUT,0.12855573480948962,0.04266801935907693,0.0018733167789471543,0.016428763372229767,0.07544845610909218,0.29244694457093157,0.004863043872675268,0.43771572112755763
4,7,BB,OUT,0.17047727883997424,0.06202869663987776,0.0020900956471796273,0.008283112620147736,0.04730694541305262,0.11351191739853725,0.009514417177026693,0.586787536264204
7,7,OUT,OUT,0.13557529976007962,0.03498762198205571,0.0017670020505954247,0.01787924086407975,0.10604453938358079,0.19326712501297189,0.004573538576231845,0.505905632370405
0,7,SINGLE,OUT,0.09812249023173493,0.04659819074433627,0.0019063279204592572,0.01473852657741306,0.08501113183683444,0.2247289137864399,0.0056342148056342835,0.5232602040971478
0,7,SINGLE,OUT,0.22561003629753995,0.035252117041390536,0.002097525461216804,0.010152665168559815,0.06381797703237337,0.1518528138483842,0.0096657343786288,0.5015511307719066
7,7,OUT,OUT,0.17012241485347118,0.028948584600418735,0.0016862983176444777,0.0387207874833642,0.06372078610763596,0.13932411289327437,0.004133244491111942,0.5533437712530792
0,7,SINGLE,OUT,0.17385979615508138,0.0688443637204969,0.002208865985272014,0.06659220899857396,0.060093173154934065,0.1292636228829357,0.006459478479759654,0.4926784906229463
2,7,TRIPLE,OUT,0.1742741067798527,0.051659149653749174,0.002104312150257577,0.011830556088868597,0.047691324908987726,0.11788468941692169,0.005314704506644978,0.5892411564947175
7,7,OUT,OUT,0.1467802376399553,0.041447823642148454,0.001728306150979528,0.03589576831105079,0.04968746761367411,0.29506878684706306,0.00681920372351931,0.42257240607160945
5,7,SO,OUT,0.14007291461331067,0.03834075808381998,0.001960856478752948,0.06119300286356343,0.05040242859062285,0.16980546420142054,0.0040597368490079295,0.5341648383195016
7,7,OUT,OUT,0.19333919787485307,0.04326634875959797,0.0017756693329227559,0.020461318356049613,0.045455141953110394,0.13611598548354747,0.008471287845622783,0.551115050394296
7,7,OUT,OUT,0.1348537957283148,0.05055442415188276,0.003913090685864624,0.00841910487065083,0.05699670647755007,0.2742596806986077,0.008050507869865131,0.4629526895172641
7,7,OUT,OUT,0.1275780742814052,0.036170177165325286,0.0020884052735144127,0.013056338809453187,0.06422725546273697,0.20060359828806953,0.005051275648486833,0.5512248750710086
7,7,OUT,OUT,0.16227969723955432,0.03946795903180105,0.002058031027974976,0.010419159375593675,0.046729836841600966,0.11726316513460147,0.004956282692401708,0.6168258686564717
5,7,SO,OUT,0.15919588272762014,0.03036235574015053,0.0018493181677683513,0.026059571751072753,0.0729156981765121,0.15206882634707528,0.004423815717603398,0.5531245313721975
5,7,SO,OUT,0.11846686377862274,0.033711209954621166,0.0029325405215153933,0.009709893415987055,0.10419350787202587,0.15642246440737956,0.015390483459488105,0.5591730365903602
3,7,HR,OUT,0.1538018519198066,0.06801205064475352,0.002273599665475535,0.09599349958094057,0.06269264458316638,0.13086867533771737,0.006080091027266254,0.48027758724087366
0,7,SINGLE,OUT,0.15195173421502867,0.04232720305238003,0.0017645549078774416,0.01037026213052895,0.041920099005918886,0.1134841917319895,0.004280597935552998,0.6339013570207236
2,7,TRIPLE,OUT,0.12769581574894756,0.04294934956628289,0.0017135247950567523,0.045331466230859874,0.046541956918793356,0.3115590657845966,0.0063281996753609925,0.41788062128010184
7,7,OUT,OUT,0.13192275360027791,0.037125902928217,0.0017195248726824572,0.03509898668543375,0.10135657284460602,0.18095587245493386,0.008025952214997153,0.503794434398852
4,7,BB,OUT,0.0965802426506353,0.03430028145692643,0.0015387865655618778,0.07400311784671297,0.07331981146535708,0.3277460971558187,0.004584810570463275,0.3879268522885243
7,7,OUT,OUT,0.20360714224334356,0.03157621219607289,0.0032232911722682002,0.00989086686064927,0.09025166165784741,0.13321283342015297,0.009416487803962677,0.5188215046457031
4,7,BB,OUT,0.14752727962152964,0.045602804554271605,0.002054303450688567,0.014657606505904135,0.09563160718228143,0.2288360497495017,0.017979168118648237,0.4477111808171746
0,7,SINGLE,OUT,0.2551817083568385,0.029451230416097145,0.002195540504912248,0.009231729928744175,0.08512974371296587,0.22423689047688214,0.005312826296937444,0.3892603303066225
7,7,OUT,OUT,0.12262269780399443,0.021195776585386607,0.0017230610783407197,0.00882844659390836,0.03912471740234379,0.27759013866343385,0.006651219229865516,0.5222639426427268
4,7,BB,OUT,0.0910782654459289,0.03173767941211077,0.0016779795267827494,0.042630796687087594,0.05665714937988165,0.31873607654559305,0.008624415073785077,0.44885763792883016
7,7,OUT,OUT,0.14615511737702513,0.03695794001995373,0.0028017260715995852,0.05681004383767972,0.04734286246481928,0.14242630960644592,0.00560102540821435,0.5619049752142623
7,7,OUT,OUT,0.08710653178140979,0.02452518585976231,0.0018065735053713298,0.008594938094498471,0.0615904146122009,0.2456132942589374,0.005692103780490003,0.5650709581073298
0,7,SINGLE,OUT,0.14257754018023283,0.03972549324281605,0.002137449304487343,0.014239329473316275,0.06037817126503566,0.22644773813144423,0.007503606784130724,0.506990671618537
7,7,OUT,OUT,0.1316336720391245,0.039572564428747604,0.001794532753899054,0.013518647356200215,0.06538925190665042,0.2795321383645368,0.005930657815366957,0.46262853533547454
7,7,OUT,OUT,0.19537323785449578,0.0345052022441885,0.0017049083771543516,0.01708802735547551,0.05255572959415626,0.12912796375541516,0.005341564079536424,0.564303366739578
7,7,OUT,OUT,0.2037341148954868,0.03200681884024967,0.004168519795996554,0.01042034461284629,0.041721593047345185,0.2356481308137009,0.00518191076917108,0.4671185672252035
0,7,SINGLE,OUT,0.18135301925841815,0.04022640464096975,0.0020067527998251476,0.03963059429312898,0.07932593538987541,0.16165351119992105,0.005595045231863787,0.49020873718599767
4,7,BB,OUT,0.14498490410329587,0.05923014119803138,0.002152495802375833,0.08409897843765202,0.06672095544331377,0.12675075682111947,0.006570111026461934,0.5094916571677496
7,7,OUT,OUT,0.09680091663876704,0.023719451320109258,0.0014180513925451284,0.007968749208304917,0.03528941956044962,0.16102675975424002,0.0036894913955829,0.6700871607300011
5,7,SO,OUT,0.12778982248476428,0.016860534943229703,0.001504976602394982,0.006935142066921876,0.03275819169860051,0.19813833586121643,0.003996616245641952,0.6120163800972305
7,7,OUT,OUT,0.1196125931550719,0.04774123176294595,0.001979116159757978,0.030062694514042775,0.05087208568697701,0.31042649815911516,0.007385843892486404,0.4319199366696028
7,7,OUT,OUT,0.11544359512804163,0.03697326916845203,0.0015313494220068,0.010490894704734972,0.06788234010821186,0.23263105151646044,0.009164788904013326,0.5258827110480789
0,7,SINGLE,OUT,0.28071085718792155,0.018862624162393222,0.0018247074382455673,0.00761859980190207,0.03724069498433955,0.198476738581203,0.004927626939076056,0.4503381509049192
7,7,OUT,OUT,0.10437536555653573,0.019073627504166135,0.0016771375605009573,0.007153508224819544,0.03423085848669289,0.3148210881154852,0.0037311931267818574,0.5149372214250177
7,7,OUT,OUT,0.1629701711824979,0.025721903588327495,0.001934684195235576,0.007305556246898009,0.03793360977137485,0.1851189741282048,0.003896123047980483,0.5751189778394808
2,7,TRIPLE,OUT,0.14112097431751625,0.020920448126083336,0.0015136300891165333,0.009153490104560093,0.034046290944116334,0.2574103413767023,0.004432096106920856,0.5314027289349843
7,7,OUT,OUT,0.1058555333600539,0.036881672172380475,0.0017420348543399039,0.031752326384259205,0.08460080151622427,0.24356502146174566,0.008300942666054762,0.4873016675849418
0,7,SINGLE,OUT,0.1822589265133829,0.040763925439520544,0.00422898416892806,0.008152435432794695,0.050260965856093374,0.10460122709680907,0.00406872472315537,0.605664810769316
5,5,SO,SO,0.08047718249794786,0.0183239918217345,0.0014962123663842563,0.009979841519327431,0.07100263633266199,0.4637523757797415,0.004045745231182644,0.35092201445102
7,7,OUT,OUT,0.2003948962752539,0.03170651845508637,0.0018268086348788857,0.007717910090086464,0.14188054878669984,0.13561756150270485,0.006011754912132004,0.4748440013431576
7,7,OUT,OUT,0.175793861066174,0.02911680761729362,0.001958935069205134,0.008209437040214417,0.04733817283955952,0.10998451761547424,0.010722421828229783,0.6168758469238493
7,7,OUT,OUT,0.20592782118232159,0.023704168618851378,0.0029464966050602517,0.026807746975354797,0.10314192242020866,0.1464948023719083,0.010155458944268048,0.48082158288202703
7,7,OUT,OUT,0.1402874176684481,0.033200333292838946,0.0020208936120227027,0.018443183343568186,0.04814341450897283,0.210756937296385,0.009393976812311293,0.5377538434654529
7,7,OUT,OUT,0.23010839980739584,0.026608626132540742,0.002942385813797708,0.007324165127730279,0.04669708769105723,0.23619750009631627,0.004575151010540071,0.44554668432062183
0,7,SINGLE,OUT,0.12871697374604704,0.04408920947923919,0.0016637867672738287,0.008432408606357298,0.10307320078994554,0.23678763032589967,0.026003996064426133,0.45123279422081114
7,7,OUT,OUT,0.12132034589412499,0.04797054905796966,0.0019069580513244233,0.00776635342175466,0.06870821594583115,0.1768552251520076,0.022416645316671882,0.5530557071603156
1,7,DOUBLE,OUT,0.12131574889272725,0.05605900543403584,0.0016222529627756138,0.011769853586244902,0.08229537728725905,0.19209787442742227,0.016838264750970718,0.5180016226585644
7,7,OUT,OUT,0.11676359002259494,0.06004754108459782,0.0030784820959418317,0.021513980172147697,0.125653944083807,0.3069517098236112,0.005753274491110489,0.36023747822618896
7,7,OUT,OUT,0.07739626464428519,0.01721849873995479,0.0016051034837969607,0.006811939351437966,0.03770503742055918,0.36971784185681256,0.003831619307171405,0.4857136951959818
5,7,SO,OUT,0.11645961717147507,0.01665155213364295,0.0014681837551356542,0.007249265411036636,0.04096024429852052,0.24407811786141081,0.005148905294545717,0.5679841140742325
7,7,OUT,OUT,0.08762451714034383,0.01843437997957234,0.0016797115935474334,0.006479570654455103,0.0311290893381056,0.33449869927181897,0.003507466828581878,0.5166465651935749
5,7,SO,OUT,0.10931746184505094,0.04383394389227726,0.001960491513591656,0.026985129206922313,0.07642274074119344,0.24617074686663973,0.005616179193205055,0.4896933067411196
7,7,OUT,OUT,0.17611020649220338,0.029407591400770962,0.004004484944167935,0.026128413359007098,0.045113933582683285,0.1707457854028929,0.004863105165070422,0.543626479653204
0,7,SINGLE,OUT,0.11846572578426962,0.06192887276562589,0.003241070469381405,0.047953380131675716,0.10415646615054468,0.26668392339434244,0.004200187378538486,0.3933703739256218
7,7,OUT,OUT,0.23935017524784524,0.021440042647552934,0.0020078668043715573,0.007217978685395849,0.1513859764942144,0.13513267706555473,0.004304156670951336,0.439161126384114
7,7,OUT,OUT,0.2128650201159358,0.03612295290286115,0.002046059011090141,0.008003365621955128,0.06810649027480445,0.1391704076852354,0.008821442042685155,0.5248642623454327
7,7,OUT,OUT,0.10268676020733275,0.04764291448327584,0.0027081153102078144,0.02709332694025379,0.07865985321617774,0.2196611391820924,0.005653652508815758,0.5158942381518439
5,7,SO,OUT,0.10893792869144651,0.024206470395841756,0.0015238109528664943,0.01610029177881884,0.1103311912385321,0.14477053684301447,0.08204673655992065,0.5120830335395592
7,7,OUT,OUT,0.19060865939975427,0.04221909676088583,0.0019176425984070754,0.00757176301224832,0.051353467901582565,0.17384762067774254,0.003827545087717928,0.5286542045616616
7,7,OUT,OUT,0.1753048892084468,0.033587396993751614,0.0018387818983751677,0.01055614595974044,0.17707968615880967,0.15429125810264005,0.004331231985569878,0.4430106096926665
7,7,OUT,OUT,0.20759644853535344,0.05059701965393118,0.001533476626889495,0.01712124972598063,0.04637982323284991,0.22848732698575971,0.008351630281979936,0.4399330249572556
7,7,OUT,OUT,0.25094830890475694,0.052820417458926815,0.002738462647583043,0.022064092827170805,0.0363245741191898,0.15917206692801572,0.004081001285018478,0.47185107582933844
7,7,OUT,OUT,0.1436072393741595,0.03181476823917021,0.002944973216848802,0.020202030699849657,0.12912107107914803,0.16001760602423143,0.007198994579435069,0.5050933167871572
5,7,SO,OUT,0.20578447372552516,0.02502813304389506,0.0025108208514910834,0.00840342989156842,0.13570905817774276,0.1450551854601006,0.004602679952458531,0.47290621889721846
5,7,SO,OUT,0.12047259912846267,0.020699183395938268,0.0014872832903653635,0.0076823974788502334,0.0468324047220524,0.3056889358440872,0.003829676903350738,0.4933075192368931
7,7,OUT,OUT,0.14403699929807018,0.04473909195419908,0.0016635661299867178,0.015843236437832454,0.0991254645069028,0.23762071301482598,0.005562932653817721,0.45140799600436515
7,7,OUT,OUT,0.2253699219023703,0.025837694672316478,0.0022977839280363932,0.007734955383305232,0.0729857978245111,0.13710404576685772,0.0038404283932941745,0.5248293721293086
7,7,OUT,OUT,0.21995616000230758,0.026051310592370782,0.002033491226317217,0.007847177801414609,0.15591754306968936,0.13801068844110484,0.004003465172508199,0.4461801636942873
7,7,OUT,OUT,0.14809659820263063,0.02946060472217664,0.001955072900590108,0.011905943437406837,0.1261791888280166,0.21133624860907363,0.005440555302636113,0.4656257879974696
7,7,OUT,OUT,0.29505295800898435,0.018423296610417018,0.009339555121198075,0.007933231100160304,0.0538631637961431,0.11497557959825279,0.004410015879615125,0.4960021998852292
0,7,SINGLE,OUT,0.1241421147613472,0.030808683021497453,0.0022880031137181333,0.008093227036615417,0.12237590645669402,0.22937517195565021,0.005399444868856395,0.4775174487856213
5,7,SO,OUT,0.14410756727906088,0.02000014366572412,0.0015188872058039806,0.008675954724816186,0.049377574874149316,0.29025275445359977,0.003934223472650071,0.48213289432419576
0,7,SINGLE,OUT,0.1407270596985754,0.031013961988481876,0.0015473911312801195,0.0075296825384692815,0.06294539160815933,0.1540386511551701,0.004183347143161023,0.5980145147367029
0,7,SINGLE,OUT,0.16452222562178315,0.023544690505490826,0.0015054333138346191,0.007984535946906636,0.0636771056371319,0.23981713082906306,0.0038754458690607478,0.49507343227672923
7,7,OUT,OUT,0.14590188713832522,0.024250997407312572,0.002152355158472588,0.021806226115762672,0.05115281544643824,0.15561972382763192,0.0035134395937987738,0.595602555312258
0,7,SINGLE,OUT,0.18535406225123124,0.039591616839850415,0.0014669099489288714,0.007347406822783486,0.053170119903334624,0.1138844554688566,0.003655869824322771,0.5955295589406919
5,7,SO,OUT,0.17651696041161438,0.06620492102753543,0.0015115139644318102,0.013725909727152263,0.09571649291647492,0.17290094719151364,0.0053055695672081845,0.4681176851940694
7,7,OUT,OUT,0.1728409158139252,0.0354573393369988,0.0025428668594829284,0.011636700771006871,0.06222660812596965,0.19976326853886192,0.00457554633996602,0.5109567542137886
5,7,SO,OUT,0.1464672167465429,0.06514581477207124,0.0017269536117599865,0.012981085099533315,0.10110961126991656,0.18821461137962936,0.010385624975505563,0.473969082145041
5,7,SO,OUT,0.14255625457478374,0.016852937513582224,0.0015514519519587019,0.05071087030071448,0.14655795529902288,0.20301736456233946,0.0042845683900918025,0.43446859740750665
4,7,BB,OUT,0.16639532224834822,0.017384156768214726,0.0016793673176007196,0.008167908223139033,0.11008038534797218,0.1366452776108994,0.005225995004822029,0.5544215874790037
7,7,OUT,OUT,0.1331233580431685,0.025052280171287813,0.001602920450122678,0.010527034482853864,0.1134710392016344,0.1422904135003631,0.004264840905640192,0.5696681132449295
0,7,SINGLE,OUT,0.21252363931113152,0.0398123463669181,0.0024293001632373686,0.008073963962864713,0.039186589875441755,0.1250677506254893,0.004651416921161578,0.5682549927737556
5,7,SO,OUT,0.16221787390637576,0.034906190408882175,0.002087318287160822,0.01803692072149534,0.05394750540945558,0.1720939634846077,0.0042922741716310405,0.5524179536103916
7,7,OUT,OUT,0.08295779352655096,0.026163191384376065,0.0016326934189239983,0.007427154289698839,0.033009192240346256,0.3338902812620036,0.0036871555871140437,0.5112325382909864
5,7,SO,OUT,0.14964916236030026,0.029321641129247414,0.0017810866432931493,0.008949727242470456,0.04772403269506661,0.15410196909709872,0.0045085150080697795,0.6039638658244536
7,7,OUT,OUT,0.19420287388830126,0.019628529178407083,0.001508791600747009,0.012820129428263573,0.15232067057304538,0.19564876991999902,0.005557625392963741,0.4183126100182731
7,7,OUT,OUT,0.16743187313934813,0.027815611988740253,0.016134313221651094,0.008747419066595945,0.055787573242119,0.18425332575825806,0.006111461483895163,0.5337184220993924
0,7,SINGLE,OUT,0.18907663115032897,0.01824370850741683,0.0018732277503824488,0.007937885265199967,0.06491792260730118,0.14392530753276503,0.005223832816100024,0.5688014843705055
7,7,OUT,OUT,0.10928024169133926,0.023096427721588382,0.0016782161226653798,0.02077515304576891,0.06658290873852897,0.25135701305229197,0.010642536554623086,0.516587503073194
7,7,OUT,OUT,0.12197400396282562,0.026563949522014862,0.0019770699506351684,0.007292049479292154,0.039272732394174344,0.19383222879192125,0.008269823570306563,0.60081814232883
0,7,SINGLE,OUT,0.13869482599741126,0.031003161915600135,0.0016790066073378695,0.03630115679864875,0.09131296796667293,0.1907903085446103,0.00835286226996926,0.5018657098997494
7,7,OUT,OUT,0.15667935108577324,0.024400193385703005,0.0016474676435059368,0.014116831315589384,0.07638488615640726,0.18926552674848193,0.005099598394676443,0.5324061452698629
5,7,SO,OUT,0.08191794433843048,0.028923217706708863,0.001732310891851568,0.007880316122047351,0.03633872653850778,0.335047391445382,0.0039121244132401005,0.5042479685438319
7,7,OUT,OUT,0.17598375527684806,0.06464006657675023,0.002352691708001026,0.020029434089972962,0.06600005567626474,0.16435823486104673,0.005604601952667548,0.5010311598584488
7,7,OUT,OUT,0.1819670016842888,0.060064521147940766,0.002234863333236246,0.009119554606719923,0.052332131913199714,0.12409702921968349,0.006930207294638847,0.5632546908002921
0,7,SINGLE,OUT,0.29820666024856357,0.03184086050542663,0.0017770078359777774,0.03375069020591365,0.07390544917176906,0.1735327960036507,0.005953952828485916,0.38103258320021266
0,7,SINGLE,OUT,0.18662606126573175,0.02367737939798561,0.002254670207901286,0.008066747856178526,0.11226142435063513,0.21010178620714787,0.006256777799828624,0.4507551529145913
5,7,SO,OUT,0.11917086169447866,0.03105966646163764,0.0019718966574142236,0.007481034701298563,0.0456820574152961,0.19739450714221113,0.0038364631081506265,0.5934035128195131
7,7,OUT,OUT,0.25481300223497044,0.034239981708472,0.0030130578272611493,0.007846521044822016,0.03543438232953771,0.12048132893150063,0.00551250439157307,0.538659221531863
0,7,SINGLE,OUT,0.14461314618350926,0.05325498534706201,0.0018388704372084167,0.02051601677085544,0.06985392732598208,0.11592063569457293,0.010237367162352955,0.5837650510784569
5,7,SO,OUT,0.14267523430053564,0.02452946522741538,0.0016562735492684567,0.02783949307853815,0.10893520414900768,0.26173827079676615,0.004315351784010773,0.42831070711445773
7,7,OUT,OUT,0.17823546944218555,0.0349334312016817,0.002569427747027621,0.008484620933730567,0.04060038876530499,0.2402800154729772,0.004460289761530894,0.49043635667556146
7,7,OUT,OUT,0.1703788893359469,0.017730668471909836,0.0018967793681682942,0.008434344352707342,0.07534693304800183,0.26165238374834277,0.005842240635360522,0.4587177610395627
0,7,SINGLE,OUT,0.2482001160054422,0.03597008929967705,0.001572336517158328,0.008602334914171823,0.054028916538167694,0.20767701129573163,0.004231000744143549,0.4397181946855077
4,7,BB,OUT,0.14243966083808648,0.02430765575101627,0.0022365742139628816,0.008211111233761089,0.09045315283600575,0.1100505766609419,0.005540864225829581,0.616760404240396
5,7,SO,OUT,0.11811952438249579,0.03150288579307733,0.007220575427271918,0.011199477248142376,0.056110896189885615,0.14250753258808058,0.0037197023580786007,0.6296194060129676
0,7,SINGLE,OUT,0.1138869173622099,0.024189105214654096,0.0020896248393011767,0.009370486792917142,0.04055364649877302,0.1925603351527483,0.004297227401179948,0.6130526567382164
5,7,SO,OUT,0.10456716460828352,0.025013727736881788,0.001627281538873821,0.013482544935715874,0.0649686643689061,0.2556618414507425,0.004738250672821233,0.5299405246877751
0,7,SINGLE,OUT,0.10516163954287103,0.04438564952273696,0.0016533379038465466,0.008384770710205632,0.05552971592217133,0.27414399215649543,0.003715915086485755,0.5070249791551873
5,7,SO,OUT,0.12092178928835454,0.04184490182600752,0.0015281133007510976,0.028246464433860193,0.077152441056383,0.2476157370369915,0.005820916732746956,0.4768696363249052
5,7,SO,OUT,0.1814781008082397,0.03668127932640856,0.0038772439672126856,0.011009553743851522,0.05433718283296023,0.2646729624201219,0.004211231003871779,0.4437324458973337
3,7,HR,OUT,0.15355173263231317,0.032715394211947024,0.0020386019601189662,0.016735389762434435,0.09893470394202812,0.14704279198664066,0.004152511287531029,0.5448288742169866
5,7,SO,OUT,0.18089166831481146,0.04860212879810454,0.00140446767524687,0.015554227087935513,0.1133096198562917,0.19921078006182846,0.009702932079402414,0.4313241761263791
7,7,OUT,OUT,0.11260410699035105,0.04485900390154568,0.0015372651380368143,0.026484642425130264,0.0662769127594376,0.2986908578143669,0.004984675247068621,0.4445625357240631
5,7,SO,OUT,0.22905090996745725,0.023901823334876393,0.0026710818613318024,0.009090500675927085,0.08403752250481479,0.26036134921657283,0.007965265362225372,0.3829215470767945
7,7,OUT,OUT,0.1254566346909063,0.040590549853923075,0.0021233739582867802,0.010045674943373188,0.05580620131505997,0.26028495848125116,0.0040972211979527495,0.5015953855592468
0,7,SINGLE,OUT,0.1352739990745418,0.035595676397807634,0.0019386581793232787,0.008776553526584357,0.04033525472738984,0.2527866832043467,0.0044570180107864335,0.52083615687922
5,7,SO,OUT,0.12976488935155917,0.024612056198014255,0.0029533985872360023,0.013158212551813878,0.07100053114395949,0.2618945875310682,0.024140000646520884,0.47247632398982803
5,7,SO,OUT,0.16947551572032152,0.018736320741426872,0.005328882982348171,0.014623306189335416,0.057397666390214,0.2161055923897305,0.008493760357698932,0.5098389552289246
5,7,SO,OUT,0.14404050672304916,0.027048031116254458,0.0028714957090548877,0.010449427475154403,0.05562191810090821,0.20309959160562566,0.02805705642143072,0.5288119728485224
7,7,OUT,OUT,0.1474551301447799,0.024161572389287626,0.0015557185470923217,0.010983228585875608,0.05421488266125048,0.3335987706165321,0.015517279413187389,0.4125134176419946
4,7,BB,OUT,0.1524098414495776,0.02154547702585305,0.006161602027640726,0.009988060511018262,0.06207915816902698,0.28662424519059043,0.020261539854532145,0.4409300757717608
5,7,SO,OUT,0.16645572523451116,0.024879769053542174,0.0016395342548581294,0.013568964446074258,0.0628952342134625,0.31865992476496835,0.026640051983985075,0.38526079604859836
7,7,OUT,OUT,0.17415489318981764,0.017153238378262384,0.001684463457455985,0.010613061032069757,0.17925362514726084,0.13860680429735353,0.00437929481170741,0.4741546196860723
7,7,OUT,OUT,0.1547270530189752,0.05408596281485993,0.0020378268975708813,0.008478384735964312,0.06717784856104661,0.16583165101610375,0.006350079506116899,0.5413111934493624
5,7,SO,OUT,0.16301401234710847,0.03566509965347311,0.001746927445780408,0.015460803096542495,0.07711083140303782,0.17486276337737097,0.005382733671786727,0.5267568290048998
5,7,SO,OUT,0.1499604127672157,0.02104769697772936,0.002548568887862346,0.010679351907965165,0.050338267036602484,0.2777354760602343,0.005347020374552985,0.4823432059878375
7,7,OUT,OUT,0.15536296487533657,0.027214654969762116,0.0015251246217209196,0.011210504616747403,0.03352252373397735,0.21362921194268114,0.004161929154470355,0.5533730860853041
1,7,DOUBLE,OUT,0.15783766617211958,0.023319485226376106,0.0018451000738513937,0.022499583701836412,0.12389454031165559,0.14845855223431004,0.008122464962962919,0.5140226073168881
7,7,OUT,OUT,0.22845172582702342,0.03251917734878819,0.0025479725308357546,0.0074765259379348725,0.06749171674875319,0.10520323783578661,0.003798108659079741,0.5525115351117982
0,7,SINGLE,OUT,0.16919453093823025,0.026343443003415613,0.0018055455495329148,0.02284834358386919,0.06229344399930291,0.1823499202093587,0.006238518303386798,0.5289262544129036
0,7,SINGLE,OUT,0.2219577866085445,0.017849930157228057,0.0017228466319656815,0.007300638638994993,0.05270547381910363,0.12163708670115699,0.0045638925900312,0.572262344852975
1,7,DOUBLE,OUT,0.17051184373800657,0.06168832117481447,0.0019239836944198287,0.008440086179127247,0.04714975713235566,0.13769931226580934,0.008857100384622328,0.5637295954308446
7,7,OUT,OUT,0.14138160211254744,0.024377301716094264,0.0021330119685920488,0.007625919156672443,0.09512749681129978,0.11198057579052133,0.005975923155629395,0.6113981692886433
5,7,SO,OUT,0.16430259824818788,0.02020456996795117,0.001689186621648227,0.02702569393478066,0.10042813210439527,0.13589847047514628,0.005384097899011664,0.5450672507488789
7,7,OUT,OUT,0.15184298713674949,0.03590857105960904,0.004382239676316962,0.008636667698723071,0.053606883877970586,0.16862801716504536,0.007276155688950312,0.5697184776966352
0,7,SINGLE,OUT,0.1981335296749149,0.0285359107444281,0.0017763942780850935,0.017273081930146126,0.05968281333093063,0.18410201419974961,0.0051560887626925156,0.505340167079053
7,7,OUT,OUT,0.17850593433369114,0.04306111554410022,0.002178063847561294,0.010117794046516982,0.05524343949188051,0.25150206866313424,0.014620182623777797,0.4447714014493379
1,7,DOUBLE,OUT,0.14318419327308646,0.029479671086185155,0.0015926209136295816,0.010346796569079804,0.09147741570301249,0.3075420490333735,0.0051102088774419695,0.41126704454419094
0,5,SINGLE,SO,0.10355647565118353,0.033558101522550045,0.002087531124651728,0.012647296672844033,0.06449757821075479,0.4471687511340841,0.004019178477534598,0.3324650872063972
7,7,OUT,OUT,0.138073470945501,0.0299175487129153,0.0027652890921615447,0.013768812946973226,0.07312906775834681,0.3480407427590097,0.00563417647250842,0.388670891312584
5,7,SO,OUT,0.16202615384889762,0.02665128762297522,0.001639331672825516,0.008241377426067974,0.062458861972897635,0.24623286236983657,0.004558993688883816,0.4881911313976158
0,7,SINGLE,OUT,0.17409942498341738,0.059074571858125584,0.002617486388385992,0.01748745887653779,0.07470800029926356,0.1452801174811657,0.005235280136348942,0.521497659976755
0,7,SINGLE,OUT,0.362700664330636,0.03875717952425825,0.0017083229555795057,0.01756683583332502,0.04694859404889882,0.11464460682796329,0.012339408309719895,0.4053343881696193
0,7,SINGLE,OUT,0.1592736320858558,0.03810222087111188,0.0019780879236787332,0.008434533671659321,0.046016938747485185,0.15735112374170543,0.004494522341017648,0.5843489406174859
5,7,SO,OUT,0.19593696775103234,0.03166853646016864,0.0018535298498174155,0.010181638839758875,0.05618609418922726,0.2465758941274355,0.006255056000955032,0.45134228278160504
5,7,SO,OUT,0.1628511082672288,0.03368876034254449,0.0015807574007596827,0.01373555794880415,0.054053035133236275,0.1743651544554211,0.004476757252678896,0.5552488691993266
7,7,OUT,OUT,0.13193798369685622,0.03246185127995537,0.0014264942144642208,0.026169068933036974,0.15769461767553386,0.13801924171835436,0.0045215894122796136,0.5077691530695193
0,7,SINGLE,OUT,0.12555853183859347,0.03808670297255021,0.002213949587960115,0.009335701189504787,0.0641701132035046,0.1466329975935602,0.003981315251338205,0.6100206883629885
7,7,OUT,OUT,0.1535477297034575,0.025593887608776133,0.002344693009397954,0.02349895106502488,0.10576484987244497,0.1311564960105975,0.004676422965328211,0.5534169697649728
7,7,OUT,OUT,0.13969164143649668,0.04879592679774198,0.0016095547063272797,0.006905014614253069,0.035493900295918965,0.08949150270179224,0.006841984478426177,0.6711704749690435
7,7,OUT,OUT,0.13444273534125856,0.02956221824184675,0.0014473314592045037,0.013340108724043804,0.03623346820374226,0.11658483005004498,0.010739366048408491,0.6576499419314507
7,7,OUT,OUT,0.19683965727588715,0.04664104471926821,0.007077785593569434,0.016892094024955895,0.06640361044125231,0.1473533773456503,0.019879043822484895,0.49891338677693187
0,7,SINGLE,OUT,0.1594746886495619,0.03704802935855358,0.0018041435393840396,0.01656040175636434,0.06877239615341227,0.264426073870611,0.012980711299794565,0.43893355537231826
0,7,SINGLE,OUT,0.17617438726509665,0.021543369755308205,0.003844888624203899,0.01101580152883592,0.05635502850142956,0.20911472043433574,0.020818760176992808,0.5011330437137972
7,7,OUT,OUT,0.15542009791374733,0.02003265486061071,0.001538191633340731,0.00983398075418652,0.05829907499163356,0.19488084037428122,0.004452856589819534,0.5555423028823805
7,7,OUT,OUT,0.16222496144193813,0.03335284958830208,0.007465643248461721,0.008988072744865032,0.0617965260376578,0.17039350376362183,0.00878819503630018,0.5469902481388531
7,7,OUT,OUT,0.14207143341686435,0.05456508573894761,0.0016792020326277452,0.01732154381307778,0.05981306380188874,0.11609607950261738,0.03862243133681986,0.5698311603571565
7,7,OUT,OUT,0.1738732346688579,0.02619736795662146,0.001953134191206822,0.020394191400683777,0.0622412684246727,0.1793894563053147,0.006722621061580316,0.5292287259910623
5,7,SO,OUT,0.16589860585409322,0.03734674606891815,0.0017948540581207437,0.016377844783893307,0.05162521244563148,0.18226640708405142,0.004264579352485017,0.5404257503528067
4,7,BB,OUT,0.15415415304676647,0.03268049216328242,0.001659389041510861,0.011076668978728403,0.11204132274619277,0.13724856179171938,0.004090799985451905,0.5470486122463478
5,7,SO,OUT,0.1570636568007123,0.024875112445379,0.0016661529345568917,0.009144818144724063,0.0555561650232226,0.18143000687797345,0.0037663930580186535,0.5664976947154131
4,7,BB,OUT,0.16897691445088728,0.03638381383083111,0.010032869821509284,0.008962762311528637,0.06027921919605644,0.15957248926514864,0.006175937058566247,0.5496159940654723
7,7,OUT,OUT,0.1363014082063532,0.042794799540502935,0.0017366959727177225,0.025211822144217962,0.062001748224893447,0.11861094804096141,0.026603138827811772,0.5867394390425417
7,7,OUT,OUT,0.12980576478886513,0.03242137897316209,0.005806486675299199,0.0074192322226695195,0.03752756071332892,0.21732917254245027,0.004954455659431413,0.5647359484247935
1,7,DOUBLE,OUT,0.10871765672519695,0.02255353585572285,0.0017651663801883934,0.030067197981782444,0.07132481334169417,0.22089669566447123,0.006128889712306655,0.5385460443386373
7,7,OUT,OUT,0.20124546116405284,0.03394313692613686,0.0030437058656772975,0.007541726688687794,0.03329698200896664,0.1244180956431906,0.006996475424905367,0.5895144162783826
7,7,OUT,OUT,0.2003112728670281,0.026513918668422967,0.002646137937118727,0.007915805787691505,0.1300953832705185,0.1761574692295593,0.0072711121897976886,0.4490889000498631
7,7,OUT,OUT,0.0780342539520725,0.023568982637548617,0.0016012844199112164,0.00725753097993335,0.033582954536208444,0.3326874873020206,0.003602947354739762,0.5196645588175655
7,7,OUT,OUT,0.1697831905315263,0.056190138900696074,0.0022235434600849755,0.015497292593368576,0.07195704441069967,0.1588234970623683,0.00385240790981608,0.52167288513144
7,7,OUT,OUT,0.15019634778156,0.030227092231111755,0.010433751203346811,0.008919349182579524,0.05480154770919591,0.16234971390715927,0.0063138051332824454,0.5767583928517642
4,7,BB,OUT,0.1944051148398184,0.01736160171448878,0.0018185252317994257,0.007706080928465765,0.05273578728826729,0.13852810166551355,0.004720462715719942,0.5827243256159269
7,7,OUT,OUT,0.1675230827087498,0.03088028237078989,0.0021994482269435977,0.007512829523014205,0.11020495285109104,0.11043159122693766,0.0067517222252043915,0.5644960908672694
5,7,SO,OUT,0.1608378011779246,0.021827139762415636,0.0016878940474943586,0.021258557214049175,0.11421571304364751,0.13420512097887535,0.005026856060565202,0.5409409177150282
5,7,SO,OUT,0.1644568246921066,0.03693567736745437,0.007528751512623042,0.008985881061870427,0.043324847664241474,0.1803744365151715,0.007130864369584695,0.5512627168169479
7,7,OUT,OUT,0.17972202758461292,0.02972716130191721,0.0020689198469075907,0.017846757015302753,0.06222698947939827,0.1852572157406348,0.004233279755332634,0.5189176492758938
5,7,SO,OUT,0.13933000602256876,0.03181780454427572,0.0016603022391700067,0.010610951107902772,0.10827033494709647,0.1611027855395624,0.003995626784804873,0.5432121888146191
5,7,SO,OUT,0.11776295016678033,0.02257472812916139,0.001637819476743241,0.008349989008719357,0.04959147733356605,0.14741827314881065,0.004238274663915951,0.6484264880723031
0,7,SINGLE,OUT,0.3052324538424944,0.03123597307407763,0.0016702039026249308,0.037047633812044824,0.07355349024012149,0.1701853400195538,0.00504542788499155,0.3760294772240913
0,7,SINGLE,OUT,0.29681828807817273,0.04390141889596439,0.004266806935418918,0.0074420017594363985,0.035747072292130776,0.21272167178706364,0.0050688676686371555,0.39403387258317607
7,7,OUT,OUT,0.11751951088314357,0.022810477455207256,0.0018750394353701707,0.04117390595521648,0.0718655619316267,0.2067022994740006,0.0059675230668866435,0.5320856817985486
7,7,OUT,OUT,0.1979313226171568,0.04248403573441048,0.00243893403346261,0.007969243782708605,0.035612443348588076,0.1263861774438622,0.006244228523627986,0.5809336145161833
0,7,SINGLE,OUT,0.16204424817423976,0.028155268773515763,0.002307049290847805,0.010298322126851629,0.1166356478595051,0.1996973980486446,0.005984223095164128,0.47487784263123123
7,7,OUT,OUT,0.17447004835676455,0.048907040108299035,0.002068679067754713,0.009261212410234924,0.04607636300772616,0.1309428530140648,0.007351320007314777,0.5809224840278412
7,7,OUT,OUT,0.2126764206405408,0.017393037149616427,0.003546838355885701,0.013927429672210645,0.05966655909756026,0.21665399614993736,0.005541589133362588,0.4705941298008863
7,7,OUT,OUT,0.1792776245445941,0.032190667173771136,0.002783393794063371,0.008385168989716453,0.04802464122509646,0.1277318384452035,0.02124631250507697,0.5803603533224779
7,7,OUT,OUT,0.1640169517753303,0.045011731335496324,0.0015514918307134645,0.014657408656504283,0.09083870838058081,0.22952387074764483,0.012111072309439835,0.44228876496429004
7,7,OUT,OUT,0.17060545349148032,0.03495174416988409,0.00152816018615378,0.009503106184308828,0.07366911632414547,0.1214202016499688,0.015260723455027898,0.573061494539031
0,7,SINGLE,OUT,0.16987469588173817,0.03341813695649285,0.0016923142978916158,0.017334311040312456,0.05410886870099187,0.13316775228436967,0.005667663169691574,0.5847362576685119
5,7,SO,OUT,0.07891381706842683,0.028049586805300914,0.00422211613157742,0.00802856247628011,0.06535044377299973,0.25619725924281256,0.0045761418115195214,0.5546620726910828
5,7,SO,OUT,0.22592254927664354,0.024018942462076497,0.0018241357897953259,0.009529119548669215,0.06245293917115787,0.1887257292347454,0.0070554658377919004,0.4804711186791203
1,7,DOUBLE,OUT,0.16783448774671933,0.044587131670874754,0.002740683371600136,0.00808774170166111,0.036777482062682956,0.1434230908669739,0.0042403665029308165,0.5923090160765571
5,7,SO,OUT,0.16353795718097935,0.03384406239323792,0.002333693849668155,0.008406238385120649,0.053027286206231025,0.13408329965545576,0.027090567107771454,0.5776768952215356
7,7,OUT,OUT,0.13485902986156809,0.024804292898489323,0.0013122166133339049,0.0174632534876246,0.07327386252507662,0.22577332501531072,0.030068569945960827,0.49244544965263576
0,7,SINGLE,OUT,0.1778716062305621,0.03180322981753994,0.0020166496493991964,0.009650620573756052,0.05761776137789571,0.2028974524934661,0.016997150497838957,0.5011455293595419
1,7,DOUBLE,OUT,0.21860517295555593,0.03177473155751591,0.0016141738169780449,0.0101965164511236,0.05968350226190621,0.17146704706051769,0.007536186979998408,0.4991226689164041
7,7,OUT,OUT,0.18416818816344876,0.028194381527579006,0.001422202420646652,0.00933918304426467,0.07848538106259435,0.21743608929012714,0.018668778713554872,0.4622857957777845
7,7,OUT,OUT,0.17164819788333457,0.03371590287451726,0.0016427488243062087,0.009606720958299982,0.07251931290547733,0.11935567903155711,0.01789887153859304,0.5736125659839144
5,7,SO,OUT,0.1579929415937316,0.031833566883925135,0.002000234707068448,0.010142709757079406,0.12071891780141679,0.23793868369462357,0.005469883713651349,0.43390306184850375
5,7,SO,OUT,0.1546200033968464,0.030514897497362744,0.0016596888872179151,0.022178218660838748,0.09068995998172504,0.2599951394901198,0.011611258559126527,0.42873083352676283
7,7,OUT,OUT,0.22070214877788827,0.03156141415111205,0.002147916453083169,0.009744593701535393,0.09453564587505812,0.177152848374129,0.007352326380879139,0.4568031062863147
5,7,SO,OUT,0.1265182676536607,0.03676317074769597,0.0017448318672709413,0.009642916177449456,0.06364495795060225,0.2775265146892278,0.004834384633124133,0.4793249562809688
7,7,OUT,OUT,0.15353768140628193,0.032672493858636166,0.0016582124411126493,0.010357371439074683,0.07170122446361354,0.12939966189743846,0.007775041946987983,0.5928983125468547
7,7,OUT,OUT,0.1579895215869751,0.02954158659326325,0.0016424005940827682,0.023249530227311535,0.06111264890915916,0.12570187674417463,0.006191171507928974,0.5945712638371046
7,7,OUT,OUT,0.08664012881351506,0.027121531043201252,0.003488861249205558,0.00861232843116432,0.07188018272359173,0.29563177397586304,0.007009918980468932,0.49961527478299006
5,7,SO,OUT,0.21210265035341708,0.019637109961591702,0.002144760493881026,0.008916835269039096,0.13869434118187343,0.19873696802467222,0.004667147780563287,0.4151001869349622
5,7,SO,OUT,0.22112365483717225,0.01983503540860787,0.005286436922834458,0.01320545829093824,0.03659688935047566,0.1408320904590879,0.004712307567690992,0.5584081271631925
7,7,OUT,OUT,0.1579789268630881,0.04278489223937166,0.0016019592102359717,0.008195890509169336,0.1193426844927394,0.19968254883662734,0.014338899569700058,0.4560741982790681
5,7,SO,OUT,0.11695902881822232,0.029403057004350298,0.0015106756631011724,0.015436040573189503,0.06484537909829506,0.25971287900886103,0.024089695956653473,0.48804324387732706
7,7,OUT,OUT,0.17651089589254987,0.04134958098793117,0.0019786381937520582,0.009084177429901107,0.04484847545726292,0.18363694738403433,0.01175686982544499,0.5308344148291235
0,7,SINGLE,OUT,0.18022102370602688,0.026581816477119814,0.0015032842241318725,0.008914229612900853,0.061431692814713314,0.25116595310986295,0.023601625686035896,0.44658037436920855
7,7,OUT,OUT,0.18028172621556676,0.027486182254183134,0.001609986311734609,0.015027784890716262,0.09817596049927331,0.14579113661173068,0.007227513720497865,0.5243997094962974
6,7,HBP,OUT,0.189510824236186,0.05275028002712798,0.001610033181696156,0.008477789043149376,0.1361999805390566,0.19834069405777754,0.006726762219503578,0.4063836366955027
3,7,HR,OUT,0.23438826922414482,0.03602259259189338,0.001469853639643759,0.0089462723750607,0.07523410456586718,0.11453676880296489,0.007747375390469576,0.5216547634099558
0,7,SINGLE,OUT,0.20365622028356514,0.03909152686234749,0.034225926681785215,0.007553908850135946,0.045742941384630836,0.09905218768621407,0.006554236025886186,0.5641230522254351
7,7,OUT,OUT,0.20819440345251986,0.031135161499904147,0.004811105384539866,0.009444071706253514,0.062088598779159544,0.20334174944667235,0.006534596226248526,0.47445031350470224
7,7,OUT,OUT,0.19609126680893377,0.027781274493401505,0.001658455998289786,0.0071042160410138035,0.08881775037404498,0.23398446608494114,0.005626534141438059,0.4389360360579369
5,5,SO,SO,0.12219711030817378,0.0346393884785733,0.0015978952905223499,0.011585969378324925,0.12103228703736739,0.41639660034459236,0.006715217594579458,0.28583553156786645
5,7,SO,OUT,0.15746542995049306,0.02588362983386542,0.0025050157632065155,0.009287216307215093,0.07317956108294806,0.23786029846633175,0.007726579528960759,0.48609226906697955
7,7,OUT,OUT,0.15527557322222754,0.021150503485008937,0.0016723910018175653,0.009141352618471422,0.1003283391648351,0.32750649744584326,0.007256850713480885,0.37766849234831523
4,7,BB,OUT,0.19274096308232383,0.02833556802630975,0.0014793166354189799,0.00961774389415373,0.05961210929499709,0.23971319634674793,0.018085693274232827,0.450415409445816
4,7,BB,OUT,0.1698013928752802,0.04201384499313489,0.001563542252708915,0.010442464921279109,0.06872882301678084,0.12187270631406694,0.02271238433859756,0.5628648412881516
7,7,OUT,OUT,0.07610452046871266,0.028618085400264233,0.004385349280304748,0.007170741181498721,0.05873989220541481,0.3362780701259399,0.0037406591382185966,0.4849626821996463
7,7,OUT,OUT,0.22015094476178193,0.03833346822016725,0.0017239558056462545,0.008297984198772038,0.04100773019139436,0.18642317028223632,0.004585127310223449,0.49947761922977835
5,7,SO,OUT,0.22336341604825458,0.032826335424012434,0.002184914232021354,0.007711603107357166,0.02978089578134604,0.13704403446037156,0.0036157130740058613,0.5634730878726311
4,7,BB,OUT,0.18059765689734072,0.02539573261055022,0.00172213986817527,0.011663782215646134,0.0771625857398576,0.13591179175921003,0.009608241119700092,0.55793806978952
7,7,OUT,OUT,0.11681410466394845,0.027151942685880254,0.0018414799225244221,0.010351010145387888,0.07614799718235121,0.25835209945478826,0.005177570602757933,0.5041637953423616
7,7,OUT,OUT,0.14568763920990171,0.02466201252253936,0.001516573272738454,0.02151218666857745,0.06117862120858565,0.11550714275338997,0.005293316222874644,0.6246425081413927
7,7,OUT,OUT,0.18994709883886796,0.03818457211303872,0.002984044458563095,0.007896950144913147,0.03650991887568488,0.1602526006081729,0.004951099910478073,0.5592737150502811
7,7,OUT,OUT,0.1512944878848553,0.027307533903700193,0.0017329018882164694,0.01280218616446917,0.13622525766671,0.19626923042167432,0.00533726394084195,0.4690311381295325
7,7,OUT,OUT,0.15642197434528232,0.024507628194894427,0.002362740330003538,0.009021463308735989,0.05989659943960148,0.12288556028528254,0.006645177361722453,0.6182588567344773
7,7,OUT,OUT,0.12680215013897264,0.03293230155318809,0.0014206194979082777,0.02766396130758624,0.06546310549401178,0.23448229091717807,0.022778835234791076,0.48845673585636384
0,7,SINGLE,OUT,0.20485586976471803,0.04075789551291949,0.0019847825780616216,0.00961206015023033,0.05730657731084168,0.18429148790648125,0.01069322172270762,0.49049810505404
7,7,OUT,OUT,0.17104761354108788,0.02431587865138116,0.0016598445385781304,0.018324932441128254,0.09470932625306033,0.20222958645271447,0.008990188247049134,0.4787226298750005
0,7,SINGLE,OUT,0.2040635704945608,0.03170814439304762,0.001994309622937116,0.009546168427882825,0.11034397849025727,0.1666345477088357,0.0044060863821440985,0.47130319448033464
5,7,SO,OUT,0.1492545937848029,0.02526627160447115,0.001672949246152001,0.008765003839596093,0.06287754394437067,0.30628966948471287,0.004473287437730433,0.4414006806581638
7,7,OUT,OUT,0.2636898353877865,0.0166393173101298,0.002904025471969024,0.008238194593398206,0.032272790567350135,0.1250845722169409,0.0045587019620899755,0.5466125624903355
1,7,DOUBLE,OUT,0.3393778806655438,0.022461188981670013,0.0018215732030157203,0.014200678540432698,0.07653479999599451,0.18474368104036773,0.004804366002353162,0.35605583157062226
7,7,OUT,OUT,0.1371250154966525,0.0279185438220053,0.0016491533390381198,0.012150697261390552,0.08649277300676274,0.14078205756350665,0.007941398419137494,0.5859403610915067
5,7,SO,OUT,0.09769580594720308,0.021609655327927864,0.002792228168490154,0.007209313836426591,0.10099954345714206,0.20397170117041322,0.022769244206011178,0.5429525078863859
5,7,SO,OUT,0.16393445698795606,0.039551868723756774,0.0024491655069331297,0.0074359936846867414,0.039862495227165985,0.14391959126826354,0.0038459649366630855,0.5990004636645747
4,7,BB,OUT,0.17393825232075114,0.03044503595848077,0.0033308670654875697,0.009527651531110197,0.055707316948757454,0.15449998829733647,0.012243622581363895,0.5603072652967126
1,7,DOUBLE,OUT,0.10428316897376062,0.046132328530685336,0.0016860494692599603,0.008734232116859988,0.05814586040197988,0.26987371078897116,0.00409696792610352,0.5070476817923796
7,7,OUT,OUT,0.10695742772819274,0.0472216838144562,0.0014859432635675651,0.03573021277622712,0.06091017436717086,0.3127060839110292,0.0037404876953096313,0.4312479864440466
7,7,OUT,OUT,0.13363795567237224,0.028077728448931555,0.0018776097585529187,0.012139887626667682,0.06202889575610868,0.22784678193990207,0.003680971642046375,0.5307101691554185
7,7,OUT,OUT,0.18499875069386162,0.047478640522823,0.001486421670898492,0.012830930784141797,0.09444531095122202,0.2232708396886517,0.008136031001970117,0.42735307468643136
7,7,OUT,OUT,0.12361255512231241,0.025877231937236497,0.0021305678072042803,0.013799403850344187,0.056199485858475506,0.24777201653418493,0.01841992331016394,0.5121888155800782
7,7,OUT,OUT,0.1936876132118957,0.016451303641227096,0.0034991972769199595,0.01162301879652134,0.062252412183359404,0.19430041050528465,0.005167207167224677,0.5130188372175672
7,7,OUT,OUT,0.08324438865175943,0.031181023089507483,0.001495588620556249,0.0072262149599039375,0.04551256711744966,0.26057792650708045,0.0036466820555021953,0.5671156089982405
7,7,OUT,OUT,0.09724863762958284,0.02727540310965811,0.00653329758391615,0.010177481218133635,0.04279659987149822,0.1339328732919897,0.00416591527597275,0.6778697920192487
7,7,OUT,OUT,0.19648990088405743,0.026985775471704106,0.0021099239678608636,0.017506085194762214,0.03924157053463378,0.23852079946674937,0.004451722514124097,0.4746942219661082
0,7,SINGLE,OUT,0.14676098068116414,0.045333204501774645,0.002850339835042465,0.0082603134077233,0.039180158132358596,0.240756393142567,0.004517115887827964,0.5123414944115419
5,7,SO,OUT,0.1229066858951293,0.01901863946869544,0.0016966140900974132,0.011768777598803178,0.07009295053630057,0.35979865811204137,0.006306993383906891,0.4084106809150258
5,7,SO,OUT,0.09646167147638764,0.023116438594667634,0.0015343437399130157,0.012781408186864062,0.0504234501674965,0.2439528647481299,0.004563787871531293,0.56716603521501
7,7,OUT,OUT,0.15906951818526616,0.02705038278304185,0.0016679105176731076,0.010435844014993943,0.07944759087241736,0.2697927114447858,0.007422316900601243,0.4451137252812204
7,7,OUT,OUT,0.12891184940787942,0.02512530307116186,0.0026620076778682993,0.010284419737025246,0.04252242163238763,0.20914594946947782,0.004052993248407474,0.5772950557557923
7,7,OUT,OUT,0.10380512221733697,0.03099694684413169,0.0016238252867278016,0.014496883928419196,0.060633722123813245,0.2098037203232385,0.005384260944631662,0.5732555183317009
7,7,OUT,OUT,0.1196376450158443,0.04808940485830251,0.0018705671456346162,0.010942142382088967,0.06170623270230681,0.2403460384126073,0.004265919089944239,0.5131420503932712
7,7,OUT,OUT,0.12715479307846855,0.03655832968226783,0.0015419051282851964,0.030387386655662,0.08598151211591784,0.2618761061258453,0.004272805156420399,0.4522271620571328
7,7,OUT,OUT,0.18137091269148406,0.036513938695256785,0.0025945822147794844,0.012521705326353272,0.06580449720041939,0.2678662047416582,0.0050631245399369714,0.42826503459011184
5,7,SO,OUT,0.12423317169545915,0.026288198118776997,0.0019950837066778707,0.015564926390455692,0.08832511708419527,0.13710016206056105,0.003954091198946968,0.6025392497449271
7,7,OUT,OUT,0.1294539167269083,0.03837086575911217,0.0015323999400415223,0.03151447647149803,0.0538069277006163,0.31070182756877224,0.0037780634855635853,0.43084152234748796
7,7,OUT,OUT,0.11287544278337755,0.04072840181889526,0.0019118559569938904,0.012884571529370404,0.07278755572758024,0.24405121176465672,0.004015360622173182,0.5107455997969528
7,7,OUT,OUT,0.16632694659043068,0.031132473329607505,0.0015028454061168735,0.010419292615594215,0.03405282338586881,0.2527340312528833,0.00407102597254689,0.49976056144695186
1,7,DOUBLE,OUT,0.3428867360321307,0.018306049511817687,0.0016396026563305507,0.01077328221641093,0.06950040929949473,0.19044021285425167,0.005587087081192586,0.36086662034837114
0,7,SINGLE,OUT,0.22518813063514875,0.033310658031552365,0.0017590965488063636,0.011313855725680316,0.07183242446250654,0.24047704364653733,0.006153929993260411,0.40996486095650786
5,7,SO,OUT,0.1647776422368515,0.027323633263772934,0.003690455066472084,0.011462338175946768,0.06341152553838497,0.1913243852340367,0.012734071432623794,0.5252759490519112
5,7,SO,OUT,0.12299792102317865,0.030019410148858446,0.0029340501261032603,0.017430781717141137,0.08618452249395385,0.23193779188205843,0.02163516421228328,0.48686035839642305
7,7,OUT,OUT,0.14826915159130086,0.036894954855297875,0.0021373090945482013,0.01447708930862779,0.06365591690131825,0.13851376846236396,0.003990369657833629,0.5920614401287094
7,7,OUT,OUT,0.11396447948277501,0.033244817366784044,0.0016134726642945175,0.0359158434929407,0.07016337630086152,0.2654912365106194,0.007311335984276502,0.4722954381974482
7,7,OUT,OUT,0.1371323853846591,0.043371232595379096,0.0016299045952655386,0.009199048169549237,0.11439607480451633,0.2133787147139489,0.004905584893025774,0.47598705484365605
1,7,DOUBLE,OUT,0.14723220370352602,0.026459026180301156,0.001660784199881951,0.02912798478530946,0.09550718518553211,0.2555816004782602,0.008820237303807823,0.43561097816338135
5,7,SO,OUT,0.18808223030844262,0.02991976305997443,0.0015204019942228972,0.009915928215429779,0.07273507688232904,0.20176347907366646,0.017065245369880362,0.4789978750960543
0,7,SINGLE,OUT,0.15684542010884978,0.02096170637213212,0.0018728867757398305,0.00944728785478314,0.05257604817169856,0.12864348098955405,0.01392750886735012,0.6157256608598924
7,7,OUT,OUT,0.16490611798189114,0.027308408970872996,0.0016330048538570688,0.020481653152955408,0.04348250347622562,0.15047190022432297,0.006800075940989742,0.584916335398885
7,7,OUT,OUT,0.2239034191803225,0.043949560705174764,0.001952769309066796,0.008905674244605151,0.08102960862157997,0.1967159520090553,0.004717234646988761,0.43882578128320676
7,7,OUT,OUT,0.17622936011702983,0.020113669847051596,0.0022429358146114214,0.008745326014075345,0.12055561257609974,0.18428500392140518,0.004520256556763477,0.4833078351529634
5,7,SO,OUT,0.23593364320745497,0.027860107840585357,0.003391280276682992,0.015463451192309408,0.03593203170285044,0.14029074867613558,0.005414893782571878,0.5357138433214093
7,7,OUT,OUT,0.10565796321094462,0.02823289403531565,0.001610558634730419,0.015085500408475378,0.05132902085243898,0.22714615033460178,0.004798642104634486,0.5661392704188587
7,7,OUT,OUT,0.11382007711776265,0.03750857329057892,0.0014824008102680413,0.009634445248846444,0.05352586857803095,0.28445349188581126,0.003950330974847592,0.4956248120938543
7,7,OUT,OUT,0.11636243608938768,0.03476473702989487,0.0015311049275726597,0.02421317635722958,0.05656241743591146,0.31346279988619924,0.003940093163561709,0.44916323511024275
4,7,BB,OUT,0.185339066105997,0.03217721056263416,0.003202470138685536,0.015882920818538815,0.070068365159054,0.27855692573484025,0.004284165189889685,0.4104888762903605
7,7,OUT,OUT,0.13990337910011946,0.03560288555318514,0.0021202904435331515,0.020456873983474136,0.08602867716805926,0.17334303015746239,0.00473749389714374,0.5378073696970227
5,7,SO,OUT,0.1468278204574999,0.024322752315280197,0.002278074082199267,0.014985910432828448,0.06120790196371394,0.22032118976474638,0.028523514817774372,0.5015328361659575
7,7,OUT,OUT,0.12253360143733623,0.029933218171429243,0.0017808268179264498,0.011394189006345864,0.06552093739470814,0.265542672527176,0.0038132182559165195,0.4994813363891616
7,7,OUT,OUT,0.16547761811324038,0.03644358773785152,0.001754054190157541,0.011945040930187716,0.03901818584971193,0.2368794679464955,0.005231086856166878,0.5032509583761885
7,7,OUT,OUT,0.13657153802938216,0.03912920160052672,0.0022361519182931625,0.008376982611616204,0.043746125408021,0.24749284599170146,0.00486824315738708,0.5175789112830722
5,7,SO,OUT,0.12237387098935633,0.020613700282594447,0.0017106740130270084,0.012282260518852636,0.06059043119304897,0.33877901178116726,0.006500413045296799,0.43714963817665636
5,7,SO,OUT,0.1615720990682526,0.01781635278138367,0.0022308368234831366,0.011804055510255013,0.0623745248440521,0.22662080809388466,0.006755489467448314,0.5108258334112404
7,7,OUT,OUT,0.15010087673184846,0.032287041063088544,0.0032287481592993034,0.011231417943825284,0.07514438535299897,0.19496307900057655,0.02891079799289418,0.5041336537554686
5,7,SO,OUT,0.0780887350882962,0.023670682992700892,0.001379587356220031,0.006531549494176099,0.03609823726164694,0.30516648698827364,0.003352309367442243,0.545712411451244
5,7,SO,OUT,0.09329212859014413,0.023850263920923615,0.008145100680795332,0.009404467507639023,0.052345070655238704,0.14575670422185616,0.0034697565972823647,0.6637365078261207
7,7,OUT,OUT,0.13968145382968933,0.025385347565564806,0.003280356008232385,0.010522573047729763,0.04214511154833575,0.20593046687171274,0.0044589107268624365,0.5685957804018729
5,7,SO,OUT,0.14223357993820473,0.025483855795841868,0.0017220974649603633,0.009693947402378554,0.05339339764683615,0.2900275761568511,0.00549407114027901,0.47195147445464825
7,7,OUT,OUT,0.19323477441456743,0.034537813805671044,0.0018818974832949665,0.022980754944407152,0.06484834498407155,0.2399120641657747,0.005168151678854139,0.43743619852335897
7,7,OUT,OUT,0.1143137742338808,0.043490121756502034,0.003870587288859124,0.008214670197839412,0.08425343059375422,0.19007590793615034,0.03836729634631679,0.5174142116466973
5,7,SO,OUT,0.11573047026329912,0.025225218705522186,0.0017437750776268053,0.009941512298713978,0.06352788021348,0.29027752136612156,0.004830067128389139,0.4887235549468473
4,7,BB,OUT,0.11343648028145911,0.05290279595758366,0.0031774924021419036,0.04558611546756152,0.06572134735254166,0.2649910972825339,0.0046471773024516,0.44953749395372683
0,7,SINGLE,OUT,0.15435787451642372,0.025466449257280692,0.0022325572843167273,0.010038433144460495,0.05011412623072309,0.19820792985944802,0.008189751871944758,0.5513928778354025
4,7,BB,OUT,0.22800632221812522,0.0337398411543568,0.00236872762631356,0.009715991725835585,0.049462492385664296,0.1935643101213722,0.005627081528272233,0.47751523324006007
7,7,OUT,OUT,0.11912334655225519,0.036968834173347044,0.0019977212430384063,0.010036417792625322,0.05943350003068925,0.20658501098625107,0.0068764370983506505,0.5589787321234431
0,7,SINGLE,OUT,0.0978484754433995,0.02268202445617043,0.0023247468299057977,0.011410013377376918,0.07560803078030821,0.3068220115250014,0.005232895148402599,0.47807180243943526
7,7,OUT,OUT,0.14718640553760468,0.029312258556916774,0.003714970187760319,0.00753232583308909,0.05155423213118363,0.2019604289861101,0.016650258613877155,0.5420891201534582
0,7,SINGLE,OUT,0.1191783709870947,0.031010168339390097,0.002221932034651678,0.009063526523312493,0.061260527238401634,0.25643749984488795,0.01862081842549697,0.5022071566067644
7,7,OUT,OUT,0.20961647837799186,0.029366377817101816,0.0015933899657670015,0.007645476984168396,0.07989453154706336,0.10833876886591631,0.006510953301056165,0.557034023140935
7,7,OUT,OUT,0.20310957180250935,0.04455949840686149,0.0017605311780418316,0.02805765701658437,0.0736562823697231,0.23978806017738477,0.005234848122726027,0.403833550926169
7,7,OUT,OUT,0.18260760170845586,0.037523298144069205,0.003055849045186614,0.013740427706865935,0.08048810717591781,0.1273118160975142,0.005931564820247166,0.5493413353017432
7,7,OUT,OUT,0.13376011737745944,0.022917589118258464,0.002328820294880024,0.014923659163262926,0.07837745351457802,0.3190607610606549,0.004586039226232675,0.4240455602446736
5,7,SO,OUT,0.10280882092760359,0.02783203384388636,0.001700509844628517,0.00887984851815249,0.07175257576219408,0.2846121759035115,0.004606172819818106,0.4978078623802053
7,7,OUT,OUT,0.12500451066052984,0.04390139234932719,0.005104666364068306,0.014446705961608556,0.06510295638107952,0.17872436547556497,0.006438145180211672,0.5612772576276099
7,7,OUT,OUT,0.1358670767086489,0.027124240242800416,0.0017643420210249157,0.03194671226264264,0.07539485995015421,0.13751578531028416,0.007476821111832496,0.5829101623926124
7,7,OUT,OUT,0.17755467696894056,0.0256574095926658,0.0016203032606819656,0.011574672744702155,0.08803347017444449,0.11877615601849345,0.004460227252570548,0.572323083987501
0,7,SINGLE,OUT,0.13510351671229281,0.03881735129466926,0.0016175765215023534,0.03780498731045633,0.09994349406240359,0.2976366239750664,0.0044716623139941574,0.38460478780961505
4,7,BB,OUT,0.17675281808245089,0.061917746955585926,0.0017679348726340343,0.015726192049330893,0.07708000598232394,0.13908998544247964,0.005374227731678961,0.5222910888835157
5,7,SO,OUT,0.13574489452629943,0.020115908636898557,0.001505706682193004,0.007854792695094173,0.057867748877791496,0.23053885583608622,0.004033337072110288,0.5423387556735267
5,7,SO,OUT,0.11298740681623437,0.017467884158788315,0.0015478940694232236,0.00814467875690758,0.07336907552553903,0.3514303228438739,0.006718583538388906,0.4283341542908447
7,7,OUT,OUT,0.1296925677564138,0.016834932586214303,0.001389218148932537,0.007458370555754049,0.05536265395875694,0.302495216260635,0.004527628791916672,0.4822394119413766
5,7,SO,OUT,0.16866180372437262,0.01249319040114502,0.012030621357442099,0.005808339894357663,0.05536511807203964,0.1129875050121674,0.062069613332677756,0.5705838082057978
7,7,OUT,OUT,0.11100124818828325,0.03006554178231386,0.0013626467835258667,0.0068647044556312126,0.13011048585530474,0.1604744754509412,0.03312367902565979,0.52699721845834
7,7,OUT,OUT,0.1567071658327162,0.026538548864634873,0.0019143025403757185,0.006750397589357223,0.032166377123777165,0.12034464843763568,0.018018740614427934,0.6375598189970753
1,7,DOUBLE,OUT,0.12952752263688902,0.019104401835918026,0.001459272041167721,0.0075084065706153376,0.04021726401091839,0.1497971465927121,0.004416518117000021,0.6479694681947794
7,7,OUT,OUT,0.12960485000214123,0.024369575647942805,0.003254742803222047,0.008985069975140812,0.07703003734977654,0.27242848262613695,0.006586177843849311,0.4777410637517904
0,7,SINGLE,OUT,0.1553863627353304,0.05509164055394443,0.0022018044115715905,0.04825358793163012,0.1186096996575888,0.12103864691691998,0.007375590012796199,0.4920426677802185
4,7,BB,OUT,0.21141035977096503,0.03567983584222962,0.0018275586212068006,0.02756055068750722,0.08821430732281735,0.1450413851079858,0.005110933285807597,0.48515506936148056
7,7,OUT,OUT,0.09892458279107103,0.029745161270369583,0.0018967795141622843,0.03172953543579399,0.08546907793928565,0.31158303144863764,0.018705061394137096,0.42194677020654286
5,7,SO,OUT,0.10678267839510196,0.03931683001763328,0.0016233163933881,0.042252529924493264,0.06781544861029881,0.21134518339298483,0.004520654114142921,0.5263433591519568
0,7,SINGLE,OUT,0.20590927017035546,0.03136095504648795,0.001837238185726593,0.010917816226436146,0.06094989796540469,0.14067959332323615,0.007689461305184209,0.5406557677771688
1,7,DOUBLE,OUT,0.18611359838367122,0.05819253977747982,0.0028188862664354124,0.017866717912112046,0.05727381846653385,0.18974533278205982,0.010185668255250602,0.477803438156457
7,7,OUT,OUT,0.19154903451970431,0.03866556375826724,0.0017188245850951113,0.01204962736729169,0.0916315734620824,0.12359110490334999,0.02239789589156564,0.5183963755126436
7,7,OUT,OUT,0.09217097459912751,0.03226206572670056,0.0017403030571227418,0.030893798933097922,0.08169359031676002,0.32498644727279785,0.021042289803105123,0.41521053029128824
7,7,OUT,OUT,0.11763074692848298,0.05761099481218021,0.009117128103307478,0.00980938544020339,0.07784434791068387,0.1653273731960168,0.009724215372644637,0.5529358082364806
1,7,DOUBLE,OUT,0.13746662565976298,0.04179521075996198,0.0022772243221177092,0.04394449213637856,0.11557986370405718,0.13328024031184646,0.009031613019543866,0.5166247300863313
5,5,SO,SO,0.07306510257114528,0.025821704994277682,0.0014615221246612943,0.01361074451560071,0.042157571695252284,0.44570143015482067,0.0040116163784725285,0.3941703075657696
7,7,OUT,OUT,0.13519303298080498,0.045876691155149384,0.0025007106313514028,0.012327450056497167,0.07414536590579407,0.1656852753918922,0.004272813361348424,0.5599986605171625
0,7,SINGLE,OUT,0.11439132519704642,0.03481603259781499,0.001646819896304425,0.01124702092232147,0.06236535037469884,0.31482755004011714,0.004177089972004087,0.4565288109996926
6,7,HBP,OUT,0.15154577696952135,0.05498830529887637,0.0015868968714380849,0.014066888364981635,0.05708554411923764,0.14193694480113017,0.006703992971276942,0.5720856506035378
7,7,OUT,OUT,0.14618978587760242,0.030490920149200913,0.0017963902363503984,0.03750730862322557,0.04789930385648773,0.205717703674701,0.004148664198198104,0.5262499233842339
3,7,HR,OUT,0.1732902804245769,0.04704132190777483,0.001478927300610636,0.023362758229326354,0.07952291239362703,0.15341481665580683,0.005121440686837178,0.5167675424014403
5,7,SO,OUT,0.14668409908099694,0.026880801655120596,0.002209791689962655,0.008895499218812985,0.06731072166036084,0.20527993296911726,0.007426546136106051,0.5353126075895226
7,7,OUT,OUT,0.19161820561629817,0.02343545059520555,0.0017152669921921546,0.00929713889660279,0.10620053540699619,0.10063219840729748,0.00649696030200456,0.5606042437834031
3,7,HR,OUT,0.13924203780069708,0.04407346815023641,0.001865121566963159,0.02314721785355631,0.06637227688342683,0.26464202033000855,0.006566564446474433,0.4540912929686373
5,7,SO,OUT,0.17463997186547214,0.04026211698311743,0.0034492695222639582,0.02290444007290178,0.07923509248543079,0.13095124198539043,0.0058829572500447985,0.5426749098353787
7,5,OUT,SO,0.06834676350911442,0.020972800787149255,0.0015786359193769284,0.0077413375733033935,0.0389150150566785,0.5076325209161751,0.0078975408352912,0.3469153854029112
7,7,OUT,OUT,0.10581415991111029,0.02826595638877202,0.006030977459441285,0.008088811708263465,0.05575619720348939,0.22080235636381879,0.06203015901941967,0.513211381945685
7,7,OUT,OUT,0.11033804743849109,0.026450168104663406,0.0022657206549387124,0.011813853677494763,0.07852757795902676,0.3029115884955029,0.010693103507474641,0.4569999401624077
3,7,HR,OUT,0.17029170711021596,0.027622632737942496,0.004145828300626274,0.008322073553872412,0.05653971803845395,0.20183296862892455,0.014515223685025239,0.516729847944939
4,7,BB,OUT,0.11787193662211341,0.02784544093938305,0.0021894512664243615,0.009722430923481906,0.06632078454894784,0.22440278469230038,0.016203762351038736,0.5354434086563103
7,7,OUT,OUT,0.1257600554732934,0.022904717978610087,0.0015414660180000166,0.011952853161569181,0.05415154672505459,0.15775728358263647,0.005337791166148565,0.6205942858946877
7,7,OUT,OUT,0.14782444833698752,0.04578292092934749,0.001945491434841604,0.012768428637746023,0.08912703143283844,0.14108848040379887,0.03771925174767097,0.5237439470767691
7,7,OUT,OUT,0.16492851033683267,0.04084601125114794,0.001475115720175951,0.01741092308738082,0.042696645596489606,0.17124441662510748,0.005083246129856673,0.5563151312530089
7,7,OUT,OUT,0.17718815924617504,0.01898619742518164,0.0029300120666064743,0.014024369805995229,0.039098193821994684,0.14656485782359782,0.004277699776313711,0.5969305100341353
4,7,BB,OUT,0.15556889728653078,0.034159733076310185,0.0037564881080394126,0.03954476089458653,0.044237045927084086,0.20241400005501028,0.004392585152908111,0.5159264894995306
0,7,SINGLE,OUT,0.17815973509570826,0.0293601116681909,0.0019742018547313066,0.01892212501267726,0.035254031485583065,0.11592341753432898,0.009739236639093854,0.6106671407096863
7,7,OUT,OUT,0.07474207736270531,0.01996775361214107,0.0014354342418751369,0.006691992174432359,0.0359902949528124,0.2892013590599014,0.004327621550414134,0.5676434670457181
4,7,BB,OUT,0.1332129878062053,0.021697145338212008,0.0018144935354188992,0.008533557144296268,0.12897531033175827,0.1651426645425764,0.012942573334736123,0.5276812679667966
5,7,SO,OUT,0.1668978343183747,0.07788876521485047,0.0018087562134330177,0.007726374362555034,0.049323084371582074,0.21399377091466118,0.020382616720584907,0.4619787978839587
3,7,HR,OUT,0.12904605897776,0.029855860184073196,0.0017850957930391428,0.019852060206108576,0.06224525560402199,0.20108949969224046,0.0058483957028628835,0.5502777738398936
7,7,OUT,OUT,0.1721235167718015,0.029520802351325322,0.00212061754216256,0.008100595029036843,0.031225365918186438,0.09176770647350325,0.014122657005498645,0.6510187389084855
4,7,BB,OUT,0.14314978908204326,0.04176386794138095,0.001618399132099523,0.01883565581406361,0.05186226682860272,0.10016785406330526,0.009218781414926899,0.6333833857235779
7,7,OUT,OUT,0.09843817809341686,0.027463553596117705,0.0016455041065857262,0.01010711843728227,0.03267400612703451,0.3125197286917,0.00497456567640818,0.5121773452714548
5,7,SO,OUT,0.12790362593959687,0.020720172437480276,0.0016094800557930817,0.009229087831834184,0.03283876033352136,0.20499109720510372,0.013434960881471168,0.5892728153151995
4,7,BB,OUT,0.16554782359541254,0.020887860030122257,0.0019260166899821628,0.011441607615222527,0.04203813645286592,0.29999859139477814,0.003953026179957142,0.4542069380416594
7,7,OUT,OUT,0.1288220046773811,0.030655591628072482,0.002767504223876086,0.010351161592661156,0.04069752600247076,0.13777263414687826,0.004167779384992541,0.6447657983436677
0,7,SINGLE,OUT,0.154104397682622,0.03872810630691404,0.003556458546917754,0.030870800931712343,0.04388768079115449,0.18948477186616658,0.0046578718439282294,0.5347099120305846
7,7,OUT,OUT,0.1306657804785563,0.024136823001658946,0.0018384440402756858,0.0537470305969561,0.052244181532113035,0.1630537781215857,0.004299181366974182,0.5700147808618801
4,7,BB,OUT,0.19746350389558756,0.028515346756550753,0.0023330246123868786,0.025474629577673918,0.039896742508669376,0.112626832692761,0.013034915189328759,0.5806550047670418
3,5,HR,SO,0.11419270423645593,0.03237844188020991,0.001946788060339668,0.06741479578388032,0.06651567047058819,0.3664250444980675,0.004246251840012037,0.3468803032304465
4,7,BB,OUT,0.16050206834986308,0.049142828636276774,0.0018469277452088256,0.028053796265766116,0.047799333288836704,0.12713440823835384,0.004290054717067001,0.5812305827586277
7,7,OUT,OUT,0.1371023994405417,0.030173942645777465,0.002518929776988624,0.007065706816317473,0.03288226557105232,0.1050024049297621,0.008568422670034988,0.6766859281495253
7,7,OUT,OUT,0.14348083733611922,0.03696617873066942,0.0017003856194441425,0.015363588329971936,0.06412203410819767,0.09756047837164322,0.013506610048230267,0.6272998874557242
7,7,OUT,OUT,0.1763082649810226,0.02253732022603905,0.0016209909967209934,0.009302329542679467,0.041803428895112835,0.22062795094392545,0.004225260570055467,0.5235744538444441
0,7,SINGLE,OUT,0.1958735932825103,0.06081232713124982,0.0019362005113341537,0.011236618243226859,0.035108769917786276,0.1674461185076027,0.003788725204128603,0.5237976472021613
7,7,OUT,OUT,0.16301600923939785,0.029341184097162732,0.0017052384628592494,0.030025969705562205,0.041958832611291914,0.17198722811689351,0.005277472228154146,0.5566880655386784
0,7,SINGLE,OUT,0.1500619695724803,0.016554869825168433,0.0019414083599926574,0.01217956175066579,0.038157792102795345,0.14677187898295815,0.004016294567318778,0.6303162248386205
5,7,SO,OUT,0.14271102534341185,0.03139446953606559,0.0043009170440132935,0.025482048011306525,0.04424050264285914,0.19983576921689147,0.004263067018599114,0.547772201186853
1,7,DOUBLE,OUT,0.17260592107824502,0.02207567469801789,0.0022864593092729924,0.01840316304738496,0.03249243668703559,0.10021583544790577,0.01087582955104842,0.6410446801810893
3,7,HR,OUT,0.11722539480826585,0.02478056248479889,0.001780077396928986,0.008794126168704989,0.18685137576102037,0.15818330030654792,0.004958716978214836,0.4974264460955181
7,7,OUT,OUT,0.11950832151900374,0.027512183918312335,0.001525349751847978,0.014690684129498144,0.06555153206398619,0.11067598554398009,0.004113773899927534,0.656422169173444
4,7,BB,OUT,0.12827627800874847,0.03964808028121018,0.0015365229318983094,0.017622833054530024,0.051880707024208945,0.15947182486692393,0.004459243364496101,0.597104510467984
5,7,SO,OUT,0.13766616889329447,0.032102725199369804,0.0015842282941055678,0.010466061027024328,0.03656422850321678,0.1627707423057819,0.004687845817676098,0.6141579999595311
5,7,SO,OUT,0.2278309226423415,0.04907595583828387,0.0018005755662721297,0.020301808085991763,0.049749591074921336,0.11632911508177878,0.004568101442651034,0.5303439302677596
7,7,OUT,OUT,0.14828016534793648,0.043170418125753285,0.0014940598744339038,0.007755439287953295,0.0572239559273397,0.12231937382446269,0.031390481597442434,0.5883661060146782
7,7,OUT,OUT,0.1123944963138793,0.022451199594104024,0.0017040767339411985,0.04259682858354493,0.06203438121082957,0.14036211580149177,0.020191098669389753,0.5982658030928194
5,7,SO,OUT,0.1516001698055364,0.02557873073926395,0.0014730702950903442,0.00953098433101294,0.10829725104813073,0.1162698713065893,0.00527926313867588,0.5819706593357004
0,7,SINGLE,OUT,0.133395159372596,0.029476607032770816,0.0016272964875408407,0.011673425909208557,0.032121490890708204,0.22814073922372355,0.023958473574314777,0.5396068075091374
7,7,OUT,OUT,0.1959401730175795,0.024027230730444826,0.0021096436600556404,0.013452526550694135,0.045206904656263064,0.19916755661401983,0.004561699859759741,0.5155342649111833
7,7,OUT,OUT,0.15120048028130872,0.028738980793569468,0.002244494679147512,0.009984818936553883,0.04322752606738106,0.17005516814864116,0.004183149258010748,0.5903653818353874
7,7,OUT,OUT,0.11339490195104113,0.048815966820978746,0.002073647024248154,0.11394793992219873,0.06493578882566435,0.30970661702607505,0.00468463754535548,0.34244050088443834
5,7,SO,OUT,0.14944810978714387,0.04082509899702149,0.0021508243093909174,0.025079883311802387,0.045585708495086835,0.11474210682286574,0.0045679677502753185,0.6176003005264135
7,7,OUT,OUT,0.16175350993101234,0.029168786137597824,0.0026737119946324693,0.007185019734876536,0.030461945160578315,0.09366914975088815,0.011978668945833373,0.663109208344581
7,7,OUT,OUT,0.16628342547185743,0.04255569004686998,0.0021151182379633517,0.011411863535401029,0.03553191427791327,0.14432324827680099,0.004187209803727219,0.5935915303494667
7,7,OUT,OUT,0.18284993537351343,0.024323239417376463,0.0016245924141273802,0.03239850063171557,0.0497670874004892,0.15726281795123173,0.004457014606748228,0.547316812204798
5,7,SO,OUT,0.16808281490415802,0.03363267602954011,0.0022714889325961703,0.01172619229370704,0.04704275954532712,0.2606879552976394,0.00491532513190397,0.4716407878651283
7,7,OUT,OUT,0.1550344353531528,0.016806634168360222,0.003171402137282735,0.013301306960821309,0.04623332569747856,0.1533181168258024,0.0037454277803537703,0.6083893510767482
1,7,DOUBLE,OUT,0.18489005175295184,0.019469371379855934,0.001908907044335669,0.00792910716669331,0.045092801892171755,0.241118075090291,0.004403594836477715,0.49518809083722276
7,7,OUT,OUT,0.1174527164493729,0.027445250992679276,0.0017735761653535835,0.007637974152125254,0.1264153804714676,0.1673564748322338,0.019559496711350193,0.5323591302254175
7,7,OUT,OUT,0.1384948339417645,0.08012287205470518,0.0016821575549529886,0.00951378273827042,0.0528222890821122,0.23335295054459157,0.029519661575396008,0.45449145250820716
7,7,OUT,OUT,0.1421745977215131,0.03778991567824202,0.002196201291085789,0.0143469531091487,0.04684488458444295,0.10005933854996311,0.010078761533556795,0.6465093475320474
7,7,OUT,OUT,0.10753935050713612,0.02738797379340561,0.0016927429427666177,0.01235852839944696,0.03779909356926405,0.3041658997427377,0.003692135544010957,0.505364275501232
0,7,SINGLE,OUT,0.14064456725126928,0.027454723386544456,0.0015456266524605565,0.009010868357052414,0.03053685895526737,0.18797517495391378,0.022225186204483178,0.580606994239009
7,7,OUT,OUT,0.20441620995317855,0.02366033378479766,0.002427967129044798,0.014481850926161836,0.05498872587622151,0.2769911123164929,0.005587916397626169,0.41744588361647655
7,7,OUT,OUT,0.17482036835180637,0.025375183233003945,0.002196219065655066,0.01754841105035409,0.04807341943923654,0.14122997207895985,0.010148545951710896,0.5806078808292733
5,7,SO,OUT,0.15194446097375489,0.041879214504402205,0.0027009182310775413,0.018565034212324746,0.07096268212728885,0.170633619336277,0.005316292805522735,0.5379977778093521
5,7,SO,OUT,0.15309143207548068,0.03213602411736605,0.0024634314452173576,0.019572239905503427,0.06880576910414378,0.1144996392283662,0.0038908500506657185,0.6055406140732569
4,7,BB,OUT,0.11538776884154776,0.03562704199565634,0.0019380893412405417,0.07171775544550708,0.0646225307848219,0.3249215173166805,0.004597494801546162,0.3811878014729996
1,7,DOUBLE,OUT,0.15827456284592534,0.025270497985770853,0.00313184332680122,0.023779420629689747,0.03955254548816896,0.19175237780438376,0.003662414792156982,0.5545763371271032
7,7,OUT,OUT,0.16923216003005037,0.06476127491951145,0.0017059210711987086,0.023692709502909134,0.0784038572749778,0.1501766634547381,0.004476205910689941,0.5075512078359246
7,7,OUT,OUT,0.1656272170924883,0.025646807337682282,0.0015750925617092717,0.016377871156918727,0.04478520096367485,0.22917082076857767,0.003685704793641487,0.5131312853253074
1,7,DOUBLE,OUT,0.140830248111085,0.043016092063570883,0.001816399834848141,0.025902509912044454,0.09030253292825101,0.2624654928405898,0.007397129932309236,0.42826959437730155
4,7,BB,OUT,0.18447222802792076,0.03317224339645068,0.0026999808824390934,0.008499689223218232,0.050231226374746835,0.23319143750196372,0.013741558000296238,0.47399163659296445
7,7,OUT,OUT,0.18563479476286468,0.0447581293883536,0.004406997730838415,0.010014760151051648,0.042301980126139296,0.14029287499253304,0.010000632897958616,0.5625898299502606
7,7,OUT,OUT,0.15087310942929014,0.051514592594915844,0.0018025851661951746,0.010603028478462093,0.0982114177472953,0.1666245255788538,0.005375968588741192,0.5149947724162466
7,7,OUT,OUT,0.22241496033730127,0.025707970245417024,0.0026733541146904925,0.0105336677637021,0.10067497562866874,0.13396867635650578,0.0046163020711988585,0.4994100934825158
5,7,SO,OUT,0.17653653730021057,0.0395092703561357,0.01043620379809926,0.02724299390799598,0.06805501458045386,0.16329937333677635,0.028228250424100872,0.4866923562962274
5,7,SO,OUT,0.17543837763202438,0.03229147919638144,0.0017911369366989877,0.015787387432892194,0.07632721195092508,0.2471953747847019,0.011477354772022967,0.43969167729435293
0,7,SINGLE,OUT,0.1985644136662237,0.06067127631273248,0.0341854381611903,0.008200699344518498,0.04687227073608029,0.10080701620211584,0.004581742489024798,0.5461171430881141
7,7,OUT,OUT,0.12925934873301742,0.0675284134566365,0.0027795800134741864,0.046816089343145635,0.08946154967361145,0.26354632256139343,0.0051973354743500835,0.3954113607443712
5,7,SO,OUT,0.15685190935873575,0.020606212495912355,0.0025567359824140794,0.027641256101360742,0.0826941155173759,0.1598758326202339,0.02016870153851522,0.5296052363854521
7,7,OUT,OUT,0.13533288777548716,0.035683622258395185,0.0021268709431884313,0.0077166044888037615,0.06568139266816907,0.13933534194017372,0.004269057608559282,0.6098542223172234
0,7,SINGLE,OUT,0.199020125209453,0.029002000901874995,0.002353967666469329,0.010063281190234648,0.08421362910020436,0.1256098904734319,0.004871556845452476,0.5448655486128793
7,7,OUT,OUT,0.08995451017760656,0.020186222949803496,0.0017003756970892833,0.008478842433986819,0.041851722419637125,0.1884125537919809,0.006284634897786195,0.6431311376321095
7,7,OUT,OUT,0.2947868041810933,0.01684559822817961,0.0014516648897058817,0.009096568742468756,0.043805061554531316,0.1162268399990489,0.0048327417697461485,0.5129547206352261
0,7,SINGLE,OUT,0.15418168742192925,0.029208755510871535,0.0014916751420014141,0.009943426160668895,0.030960735660105255,0.107668743322434,0.014593822496749132,0.6519511542852404
7,7,OUT,OUT,0.08743314800734979,0.017568134154487856,0.0014980925674312293,0.006788359482964402,0.03855660514681822,0.318814888869951,0.004503996723683651,0.5248367750473137
5,7,SO,OUT,0.11682582445575962,0.05543775988098214,0.0020655271171281576,0.008108695438266124,0.10598377409185304,0.22575890896572787,0.02799649493994797,0.457823015110335
5,7,SO,OUT,0.16476612003999228,0.025151995230160328,0.0022970043384119734,0.007278848905712606,0.05005893848122169,0.19858790965651932,0.01720909218101505,0.5346500911669668
0,7,SINGLE,OUT,0.14320200986286,0.04262392921449341,0.0034999061684704074,0.011244522466754111,0.04648824844097421,0.1472480032327852,0.009828630905700304,0.5958647497079623
0,7,SINGLE,OUT,0.15754920186261018,0.051954533116438634,0.0018616173112019352,0.009913828654136357,0.11643892349626886,0.16339969864614243,0.004781325859810859,0.4941008710533907
7,7,OUT,OUT,0.14398529975023738,0.03561328623634886,0.001529987774661299,0.011143175458001062,0.04177012417939353,0.12882198842843665,0.006769129118905403,0.6303670090540158
7,7,OUT,OUT,0.12304111869634823,0.02624375930496744,0.0015931036695230418,0.008454293751314753,0.04042103166300526,0.13763977137743258,0.006060316331094516,0.6565466052063142
5,7,SO,OUT,0.1464605403975227,0.029526979675174425,0.00147562349714349,0.015625491382860856,0.0420615841464054,0.12848035776566397,0.012407960467382647,0.6239614626678466
7,7,OUT,OUT,0.11852861786845377,0.04767448968763104,0.0027207270499669768,0.0536178434708313,0.08344357040643818,0.24910723170277885,0.0054090531019911296,0.4394984667119087
0,7,SINGLE,OUT,0.21526504069596084,0.07452857666379481,0.001611556222354337,0.00717725292682844,0.10054378157638773,0.16777365101398822,0.016402061278412598,0.41669807962227295
4,7,BB,OUT,0.3110060685066059,0.022396019400763724,0.0016352868528345635,0.007450904901044633,0.04441484558101722,0.17863727256779924,0.004908397177454612,0.42955120501248034
5,7,SO,OUT,0.1304438553567923,0.02598130476666805,0.0015289271803400214,0.01672916050133209,0.03331864725899177,0.11839718770224392,0.00971207358398723,0.6638888436496447
7,7,OUT,OUT,0.14064202329715123,0.024639185505309386,0.001721908612478381,0.009376234808801287,0.0448204158981177,0.13748904738918163,0.0062978441069759085,0.6350133403819844
4,7,BB,OUT,0.17945469244748052,0.031226965849403012,0.004247502967455003,0.022907937130423012,0.08084544359665657,0.13600224172998152,0.006363346356026899,0.5389518699225734
5,7,SO,OUT,0.1532574667585617,0.029915602669651337,0.00274432444128419,0.022792959627475323,0.056311381472176486,0.18392396283694928,0.00969374889375493,0.5413605533001468
7,7,OUT,OUT,0.1569341542156101,0.03539682242187512,0.00193424308352006,0.008654134274564195,0.063790744105482,0.1228114667782187,0.0044647095048413,0.6060137256158886
1,7,DOUBLE,OUT,0.19528401861677477,0.03079928310951088,0.002637188104165711,0.007425248318394291,0.0929133168757805,0.12483186195162782,0.004216278498401102,0.541892804525345
7,7,OUT,OUT,0.07897680121114793,0.018948462688315102,0.0015090191633590141,0.008989032374294104,0.043357249130516314,0.18646446704292285,0.006365229537621576,0.6553897388518232
1,7,DOUBLE,OUT,0.14713666201627795,0.02037981775714482,0.001785278895719587,0.013466533108735291,0.047062407195902205,0.151519096383555,0.007963023194727841,0.6106871814479373
0,7,SINGLE,OUT,0.1326049498427906,0.03657764293503464,0.0014004803376040037,0.008711566387462386,0.03163004666850013,0.11786599814723318,0.01727200225092222,0.6539373134304529
5,7,SO,OUT,0.1489323924463052,0.0253696638239071,0.0015031707193287208,0.008631315903173948,0.03711405755000606,0.13297430818233547,0.008851724967708453,0.6366233664072349
7,7,OUT,OUT,0.18575819647308872,0.026654736635237108,0.0014638393577108767,0.008029623551893388,0.040658922683985986,0.13948760824791737,0.005618040926114222,0.5923290321240523
5,7,SO,OUT,0.08971589073959112,0.027766718847640273,0.0016481381237618098,0.007468266183883352,0.04058884128269913,0.28811380031463324,0.004967157204230184,0.5397311873035608
7,7,OUT,OUT,0.18955806726024138,0.04230560633417085,0.0017154618145622806,0.006952461508018036,0.10025881972181047,0.18196405955930742,0.0674511969577741,0.4097943268441155
5,7,SO,OUT,0.15990883753855636,0.03331074400945114,0.0021790918883930767,0.02382567709955593,0.05804741431141844,0.14843839170636203,0.012338601880560785,0.5619512415657022
4,7,BB,OUT,0.13399107852801873,0.048772983646328344,0.004514848287414416,0.007391589785137324,0.05081334698249333,0.218739167806727,0.020108795183374162,0.5156681897805068
7,7,OUT,OUT,0.13251474157490628,0.019626203151692286,0.0016235042425312924,0.011802145885522761,0.04290844977902595,0.13677329559912454,0.009003800083411487,0.6457478596837855
3,7,HR,OUT,0.1320693199625801,0.048055677977156236,0.0014790322211406584,0.00825822892191535,0.0297539981879322,0.09602980914739588,0.014930601605542708,0.6694233319763369
7,7,OUT,OUT,0.12536434093326002,0.0299233647149294,0.0013948354099180323,0.013472344697575373,0.03602134845983283,0.11659618558462213,0.011824872308503768,0.6654027078913585
7,7,OUT,OUT,0.24107669064756426,0.047292885835011705,0.008151022137674714,0.02469589685376997,0.049956572894413596,0.14527402082983062,0.016644245330648042,0.46690866547108706
3,7,HR,OUT,0.17495438272511213,0.0299507223385552,0.001763917273927048,0.020379302245324426,0.06974164447328177,0.23971902459991984,0.013793456652850656,0.449697549691029
0,7,SINGLE,OUT,0.22164346521150455,0.04404313825567683,0.018895131019877474,0.00810043898607305,0.04531047788359966,0.0965862764728151,0.005062789325430084,0.5603582828450232
7,7,OUT,OUT,0.16752044377761297,0.03982713275301323,0.0032244129402932,0.007320705854951633,0.03728006234025975,0.13626331593694846,0.008651884253722705,0.5999120421431979
4,7,BB,OUT,0.17532236943654222,0.05541271205605609,0.0017785301313639743,0.012172939283018065,0.09896359883999405,0.16266934698831667,0.007637391220650472,0.4860431120440584
5,7,SO,OUT,0.1311113592032316,0.04255336278760904,0.00295687633030867,0.05509542233084159,0.09609610336562649,0.26593000163501523,0.004699721874493414,0.40155715247287377
7,7,OUT,OUT,0.14499829409799084,0.028854823902606314,0.002784991508277156,0.018094910120985512,0.06400949992567302,0.1650973126738069,0.010268132018805056,0.5658920357518552
7,7,OUT,OUT,0.1747789542509145,0.02385581409228945,0.001924445424939887,0.007633749961964701,0.06686696651856436,0.1431298725457599,0.0044981255119464145,0.5773120716936208
0,7,SINGLE,OUT,0.2994894109109632,0.01780510236763796,0.0013951934229896703,0.007614890216992165,0.0340565119931308,0.12151951153905287,0.005450731467614525,0.5126686480816188
7,7,OUT,OUT,0.15603987004508652,0.026287712863489326,0.002282971948951888,0.007289311389560586,0.057427128342452796,0.12617383090831683,0.00406258045718432,0.6204365940449578
7,7,OUT,OUT,0.13354616273581657,0.028240248486679012,0.0017458715577300058,0.008653119704601357,0.040648335517836705,0.13852452963765496,0.0070667544807977815,0.6415749778788836
7,7,OUT,OUT,0.19038078207213366,0.04188265323951184,0.004032076283759821,0.019171699027143083,0.05266649126282682,0.1605281615099842,0.015021199322298258,0.5163169372823422
0,7,SINGLE,OUT,0.15982455282159422,0.02163316212088121,0.0020126677298540536,0.011437073656101132,0.054637528870262804,0.1771391842622773,0.003924665578943375,0.5693911649600859
4,7,BB,OUT,0.1612622448293837,0.024453911173322282,0.0014809236650664278,0.016697578360515185,0.06574226779672276,0.16833829281998125,0.004606645416542242,0.5574181359384662
5,7,SO,OUT,0.15187321345602187,0.04654595797747561,0.0015215435587556596,0.018713200020427274,0.06392316164614838,0.1449788692141164,0.013541660978196717,0.5589023931488581
5,5,SO,SO,0.09419760943019012,0.02445617475527286,0.0015434927780708526,0.012527369482216668,0.07685988691183131,0.39345052186083623,0.00666512201526113,0.39029982276632086
7,7,OUT,OUT,0.14655664107847136,0.04106826732279214,0.0017941496822312583,0.00793258960127362,0.10046410296550054,0.17852226853578365,0.010822435599978501,0.5128395452139689
4,7,BB,OUT,0.17748143341679265,0.03840922255143064,0.0019409067705666403,0.0361069701277133,0.11540802487195584,0.13354493774558385,0.006514229836131442,0.49059427467982575
4,7,BB,OUT,0.22287224529760777,0.04548921872502277,0.0015325648365274018,0.008508015661764552,0.09999864182296288,0.11163293942269233,0.0068585858730274805,0.5031077883603948
0,7,SINGLE,OUT,0.11587758340642929,0.03779939696125317,0.001406011467044965,0.010977941205231314,0.08921955457292963,0.281419378138884,0.004239919492815131,0.45906021475541253
0,7,SINGLE,OUT,0.13806870412342753,0.05063909207653712,0.004209246351484662,0.007885499545950126,0.08272642867109738,0.2376011164621936,0.004066628586177357,0.4748032841831322
7,7,OUT,OUT,0.15329173454234304,0.0573404927641506,0.0018295120885423485,0.017661486396060435,0.10248362524110739,0.14706374206129058,0.0050867673450336465,0.5152426395614719
1,7,DOUBLE,OUT,0.10273703928834899,0.05154255675326089,0.0014629867706351927,0.05971899067179231,0.11056470442228113,0.3293405232480433,0.0037729653138895564,0.3408602335317487
5,7,SO,OUT,0.13348069776978982,0.023893255495183723,0.0012365298448429967,0.04402485854356911,0.056578372550003,0.11549382355886365,0.007469361240031854,0.6178231009977159
7,7,OUT,OUT,0.14872481967767992,0.037702941961263045,0.0017016849772856283,0.008520959508532001,0.07849437964281755,0.16665732922127832,0.006252840912512804,0.5519450440986307
7,7,OUT,OUT,0.14241319325146443,0.03534852876520769,0.0057011107836347245,0.008882347143379966,0.07162315201663909,0.15199863434699973,0.007702764076632436,0.5763302696160421
0,7,SINGLE,OUT,0.13823797779456326,0.042897489598303265,0.002830295607703085,0.044608800424864745,0.10865212113829241,0.13126545695212666,0.010629659292302708,0.5208781991918439
4,5,BB,SO,0.1476653388725155,0.01874759877630852,0.0021368704255242126,0.02519188530574217,0.0631896051885402,0.3889163520393948,0.00547191001101428,0.3486804393809604
1,7,DOUBLE,OUT,0.20707350754214457,0.022158828553426844,0.004093330160584417,0.017383648980354223,0.12260673657530158,0.21245369778829568,0.005171107048351966,0.4090591433515408
5,7,SO,OUT,0.1252374030472541,0.02028915512773115,0.0021070965752663117,0.024855263100551674,0.0877530440068264,0.28016588613561577,0.004429221586602527,0.45516293042015205
7,7,OUT,OUT,0.12309116496796195,0.016882578284828333,0.0017570104294295597,0.04856056940870631,0.05436032275651316,0.140746259422871,0.006106562084613804,0.6084955326450758
5,7,SO,OUT,0.14215063201394684,0.021085252602770305,0.0024277514143622838,0.02679666206397243,0.057006351278608564,0.2706960643777921,0.007957419976824953,0.4718798662717225
7,7,OUT,OUT,0.14803637579198387,0.02921771365633844,0.013559221110828055,0.008917825150974739,0.0635682512469874,0.25451019319532053,0.005911423269656292,0.4762789965779107
5,7,SO,OUT,0.11749500115293292,0.01936471765374757,0.0015402168021685773,0.0077651822418322415,0.05704983789980296,0.1422610969625982,0.004888976998202312,0.6496349702887152
0,7,SINGLE,OUT,0.17001997025870824,0.03251557472055426,0.00225575275690389,0.007232606448104078,0.07323288191292172,0.12345194160023812,0.004030069188961749,0.5872612031136079
5,7,SO,OUT,0.2097515163548691,0.031008393284020316,0.001660620040645964,0.008677917788517436,0.09265945783598649,0.10283814845733505,0.0061441068888580365,0.5472598393497676
5,7,SO,OUT,0.0859823561776118,0.0251048374091984,0.0016501542065036684,0.03939141930214035,0.08477421681482832,0.34906381465755126,0.02197822148575001,0.3920549799464162
0,7,SINGLE,OUT,0.13308759633100137,0.04674792110830393,0.0016656567074484594,0.011987367102388109,0.09520163331814692,0.30411680554224696,0.005024418512590197,0.402168601377874
7,7,OUT,OUT,0.1053578864977803,0.04838505530576258,0.0015661753035312476,0.012727748591732115,0.0503832494996839,0.2554722027745817,0.005237870156539038,0.520869811870389
7,7,OUT,OUT,0.1628486369839139,0.05069085166135203,0.0016553166518382672,0.013356105014215476,0.04500029972179162,0.1425792046589911,0.0050490696925786895,0.578820515615319
5,7,SO,OUT,0.1448822031538007,0.03300271128061402,0.0018319273739897139,0.015715598098936873,0.0852021031455978,0.24708769120922422,0.010054722097515673,0.462223043640321
7,7,OUT,OUT,0.2116048434521504,0.049359608986602084,0.020948883784162563,0.009076851348849235,0.05053828677800313,0.10166957302066863,0.004756595907081388,0.5520453567224826
7,7,OUT,OUT,0.15038288246768783,0.0343283197585991,0.0021198457524214133,0.019451761423399615,0.08374289009364462,0.22894322061490663,0.00647814480863599,0.4745529350807049
5,7,SO,OUT,0.1286171226740106,0.04054786640380105,0.001732438622317746,0.008037758605996285,0.04259919418926645,0.20145851557420524,0.004598949910332711,0.57240815402007
1,7,DOUBLE,OUT,0.1342943034510678,0.028103411027479687,0.001635547284591898,0.010388394224526112,0.10198530226695106,0.2760938290082255,0.004149811327379429,0.4433494014097786
7,7,OUT,OUT,0.09891910116971785,0.023681459684073432,0.0015087430275916567,0.009039673449282082,0.04409215114958531,0.18622120254052704,0.0039295215746763795,0.6326081474045462
7,7,OUT,OUT,0.1834139018001329,0.03315753129283883,0.001646256517726032,0.013526450115246157,0.057147472766476026,0.21200636987022786,0.004589153140899789,0.49451286449645243
5,7,SO,OUT,0.12179833618101878,0.05206933477107913,0.0014899633537356848,0.04970021882248197,0.0672454119643514,0.33572034460858335,0.004630165307750489,0.3673462249909991
0,7,SINGLE,OUT,0.14716602607050636,0.03153409224811029,0.0024581618411084133,0.00846736362594359,0.06409210853760261,0.22276605686304551,0.004010018216635798,0.5195061725970475
4,7,BB,OUT,0.09514274123152426,0.03715271267808434,0.001453996457099965,0.021548832726783023,0.0920606638264122,0.2682241701756341,0.004655564538626987,0.47976131836583524
0,7,SINGLE,OUT,0.13497438107544873,0.03828281339172679,0.0015574748746962444,0.01626123513109262,0.07226862184300951,0.2401722741983984,0.007950339850503767,0.488532859635124
5,7,SO,OUT,0.09547712398126848,0.021861046810295336,0.001420288089192505,0.014727811112884542,0.05779122299064435,0.3991913665084615,0.004772997904205958,0.4047581426030475
4,7,BB,OUT,0.12266152280147698,0.030849345171659496,0.001349639175322592,0.02045267176595882,0.05499911205502313,0.26009232129944726,0.0035696005241895173,0.5060257872069222
4,7,BB,OUT,0.12334941900423377,0.05287998351788246,0.00313668756291945,0.014246995440265533,0.0653499724893344,0.2714369911371669,0.006823250662045811,0.4627767001861515
0,7,SINGLE,OUT,0.14475807563683638,0.046636803216012025,0.0017630394474120686,0.021263223123340943,0.08748019175110285,0.21202837565038882,0.0054150390933129,0.48065525208159393
0,7,SINGLE,OUT,0.17957181014654136,0.0351204278011476,0.0015210311330120397,0.01233445572641151,0.08678496263005939,0.18084749374692788,0.006521123634162265,0.49729869518173786
0,7,SINGLE,OUT,0.1361430150631075,0.03110697421438037,0.0016349773944534045,0.016690612503481295,0.07548082338163883,0.3276419305507916,0.004604034925745345,0.4066976319664018
7,7,OUT,OUT,0.15235534103941542,0.04934566835559311,0.0038885945524944226,0.01326156462752868,0.06644590564476711,0.2229833345124662,0.008226687737013834,0.48349290353072133
0,7,SINGLE,OUT,0.18709994820578388,0.031246349431369162,0.0017811232037946352,0.010033107282569774,0.14652890043393568,0.23186628390151928,0.005792691618486673,0.385651595922541
7,7,OUT,OUT,0.12462409519583198,0.04805696345013449,0.001677082179533111,0.015152648777911613,0.048424395036889285,0.16845497876553386,0.0043410888784070015,0.5892687477157587
7,7,OUT,OUT,0.09616447252585275,0.036754527906703034,0.00197140971519681,0.024530369023006846,0.077125627554469,0.20599487043098352,0.005698023049706067,0.551760699794082
7,7,OUT,OUT,0.21523782636144306,0.03282258878560877,0.0017868054795605944,0.013183216641785718,0.09483195030114634,0.13403808004266635,0.008200935336362498,0.49989859705142664
3,7,HR,OUT,0.16556024197971927,0.03849634076057507,0.002280017907115923,0.017797841205772866,0.0838966237645673,0.20287604535970694,0.010442417536971794,0.4786504714855707
7,7,OUT,OUT,0.1292515336461144,0.024829389588243482,0.001859266347561731,0.007862530392985562,0.044137582659664484,0.2486879787694949,0.0036926466348161935,0.5396790719611192
7,7,OUT,OUT,0.08160281593512414,0.028205002108957537,0.0012345409271701496,0.007522089264970932,0.048722108093181074,0.17450755997094833,0.0035105671904246977,0.6546953165092232
7,7,OUT,OUT,0.1590094291641562,0.0404335517967494,0.0024584591360803667,0.018144165246650863,0.045799829651668636,0.23354045276988677,0.008070525985918809,0.4925435862488888
1,7,DOUBLE,OUT,0.17357001822784865,0.03741750361429107,0.0018216812432658724,0.02983941349854839,0.0813487896810383,0.11169245027874655,0.005512760615572722,0.5587973828406885
7,7,OUT,OUT,0.20353312408299143,0.029852885470049908,0.0019522553746628257,0.039856425088599344,0.0795567138544804,0.1977358170351938,0.006409687555351599,0.4411030915386706
7,7,OUT,OUT,0.13762493052934816,0.031283504710637754,0.0015108484289749484,0.021179376232821297,0.09407602276995612,0.1696340066545817,0.004345944954358711,0.5403453657193213
7,7,OUT,OUT,0.15949274442884104,0.031761172384446215,0.008147721237922715,0.01221795226283292,0.06250242248548564,0.18811627355235153,0.0071448183262617666,0.5306168953218581
5,7,SO,OUT,0.18581871922525178,0.0438315932918487,0.001958825795921798,0.0116731475004873,0.05220892682469452,0.3014388593397031,0.004810263656328272,0.3982596643657647
7,7,OUT,OUT,0.1522595767549696,0.04649714989717261,0.0036118775621899546,0.008668540794655361,0.036990320774086725,0.2547232552349532,0.014475121098922043,0.48277415788305045
7,7,OUT,OUT,0.18547994909763607,0.047346077839142124,0.0015979510306058432,0.014443955219807774,0.03543528759854128,0.24531757871434706,0.02025547138441053,0.45012372911550935
7,7,OUT,OUT,0.21192318550239625,0.025127298161036416,0.0013964813655296395,0.011483570952957819,0.050250984798331205,0.12829329802090136,0.004576936935200815,0.5669482442636465
2,7,TRIPLE,OUT,0.19816777746333733,0.036151380228793016,0.0016857684584445202,0.040432399979711604,0.07342117458362567,0.17916226218984158,0.005229798804421627,0.4657494382918247
0,7,SINGLE,OUT,0.19177957993133446,0.05292565672069539,0.0017285474922831246,0.02312150753734424,0.08043558334342318,0.13128220396812376,0.020521488224741775,0.4982054327820541
5,7,SO,OUT,0.15112852852987782,0.06324709490215431,0.0016817797672816325,0.03639717687002084,0.07411217268734632,0.15605411295737026,0.011465336265897666,0.5059137980200511
5,7,SO,OUT,0.17198788991130107,0.06780642897921185,0.0018822502159466558,0.021316124699785746,0.0658065349663792,0.17289986312199926,0.005797709488719673,0.4925031986166565
3,7,HR,OUT,0.1313418753848369,0.02628287830108239,0.00377274836627121,0.011335745336445841,0.054912013023716136,0.3388538746639158,0.004263664395842691,0.42923720052788905
7,7,OUT,OUT,0.24993211348663175,0.043332036810910426,0.0037772026142497733,0.008474520931140669,0.042650676377476146,0.1294285420111355,0.005974509264470873,0.5164303985039849
4,7,BB,OUT,0.19738735611343006,0.02036018069144693,0.001831831366163028,0.010218664556839256,0.1211795930585999,0.17790286201034847,0.005407415145836195,0.46571209705733607
7,7,OUT,OUT,0.18412745947018083,0.05200731865108022,0.0027389809977694597,0.012512842222040634,0.0808482148610988,0.21140882462525018,0.006866519153372948,0.44948984001920694
0,7,SINGLE,OUT,0.20866719883827112,0.02532793010573106,0.0017275981315865087,0.07909008935094516,0.07752345791365753,0.23833523490109706,0.005609252930168862,0.36371923782854254
7,7,OUT,OUT,0.1423161760020074,0.028232419520116257,0.00220372143836001,0.01053431208496329,0.05672535023196315,0.28589190279007115,0.006782599556742593,0.46731351837577606
7,7,OUT,OUT,0.14100097473087242,0.032988241881904065,0.0017576275221805211,0.012501582617959382,0.09055066439118607,0.2441812296651023,0.00430885644031188,0.4727108227504834
5,7,SO,OUT,0.13836918783068658,0.028588520986820184,0.0018898357314964993,0.010827273900195142,0.052074677699421035,0.30594110344359116,0.004425134139835048,0.4578842662679544
7,7,OUT,OUT,0.09435646986749581,0.026896961928751933,0.0017143624214967707,0.009184532372467368,0.040658837851748106,0.3754913840980775,0.0044440098760270405,0.44725344158393543
4,7,BB,OUT,0.18266869469511893,0.030358745890497606,0.0028844311884528295,0.006938445378974356,0.047453336489033035,0.14484905880137405,0.003448996890265188,0.581398290666284
7,7,OUT,OUT,0.16024867740048696,0.01865003511341738,0.001663053398020208,0.01915756618257063,0.03388306439559863,0.20875925370657447,0.010816221024201222,0.5468221287791306
5,7,SO,OUT,0.18035759266183565,0.0429232898359962,0.0015564747035305142,0.010047797690582424,0.12320423422448691,0.2626025263816483,0.006654358963909449,0.3726537255380106
0,7,SINGLE,OUT,0.1367219072851713,0.021432694196678342,0.003148710545790971,0.016559482541307187,0.08483955041005352,0.1721958108548907,0.006521311410647976,0.55858053275546
5,7,SO,OUT,0.13151371473866638,0.06017378517577949,0.0018288930729899358,0.019039932417927067,0.04782831208493341,0.26210508862107007,0.015118945668746593,0.46239132821988704
7,7,OUT,OUT,0.19407581834466756,0.019467138031980916,0.001834674986769928,0.013236346746450092,0.0801495091025774,0.176959214780219,0.005161462759463005,0.5091158352478721
7,7,OUT,OUT,0.1441856236970028,0.02671952577819376,0.0016180986011717642,0.03893854346000449,0.05731068662889017,0.14238523415725665,0.004457002656606239,0.5843852850208741
7,7,OUT,OUT,0.18957051513424505,0.030666122487425604,0.001393280292554815,0.030744082172816916,0.08904725012509376,0.15743257804535093,0.00400605202504991,0.49714011971746297
7,7,OUT,OUT,0.11747237477978134,0.03774965715206191,0.0017579486628609801,0.011162705006778979,0.05951444229729168,0.22603526274457336,0.014194486393150222,0.5321131229635016
0,7,SINGLE,OUT,0.1687160495290158,0.03942778523194606,0.00501657787646521,0.008537840155070397,0.03846660256744123,0.23313322720553387,0.016677284293919906,0.4900246331406075
5,7,SO,OUT,0.1444167617751781,0.049138630916631273,0.0016169998660158817,0.008212545790204568,0.07517934808279901,0.30730613127882056,0.0052629690190406,0.40886661327131013
7,7,OUT,OUT,0.12725313602107083,0.0328512967778303,0.0020921877920311647,0.03825658140777642,0.050859233145917955,0.15101664398713438,0.004493410077871626,0.5931775107903674
7,7,OUT,OUT,0.14917810215951052,0.04257334169757779,0.001628252393511396,0.033625095515233634,0.06504694486216712,0.159829002043916,0.006152803550306843,0.5419664577777767
4,7,BB,OUT,0.24034162713824592,0.027173292941929824,0.001877725227694979,0.05121887525243534,0.06058938942641457,0.19563479689128807,0.0048890805659403905,0.41827521255605093
0,7,SINGLE,OUT,0.15654672896592914,0.02895897787275722,0.001527367967107068,0.024615623871056983,0.07146253458914194,0.12256372173695805,0.006749910089456862,0.5875751349075928
7,7,OUT,OUT,0.09012478685630221,0.017039290475346615,0.0015334380090318467,0.007360846010889752,0.0480412973990704,0.3410348048873845,0.006330076203212174,0.4885354601587625
7,7,OUT,OUT,0.11026342546722809,0.020531777065750375,0.001490129724414307,0.015500916970357307,0.0565646831791488,0.21216921938916158,0.011747792582343,0.5717320556215966
0,7,SINGLE,OUT,0.11333942791554069,0.015509476447523297,0.0012630489305536696,0.061113843714405536,0.03806651408945186,0.29848606247298304,0.004861297810550394,0.4673603286189914
0,7,SINGLE,OUT,0.19061692440325567,0.024216111477104403,0.0037313173016740764,0.00800861576093779,0.0346155952035165,0.1927810202591853,0.007070577630740714,0.5389598379635856
7,7,OUT,OUT,0.15508624688241185,0.04232001203128931,0.0017252032683382676,0.011523474598576907,0.06208421876635307,0.2189127172879437,0.008206851248922413,0.5001412759161645
4,7,BB,OUT,0.16220260188133576,0.0294175933978844,0.0016609451432002531,0.040109613811612446,0.04720120069354119,0.3003330734279645,0.005217476562725794,0.4138574950817357
7,7,OUT,OUT,0.13766321011008825,0.02943761787470252,0.004365857413369372,0.01738268003803797,0.07706386515667916,0.174306526650458,0.006131167959275849,0.5536490747973889
7,7,OUT,OUT,0.1625573271339509,0.024431527430712415,0.008736100304532729,0.015105174944574787,0.06623738478175507,0.19751554874427912,0.0062193463356390475,0.5191975903245559
0,7,SINGLE,OUT,0.12334042451559649,0.03025784778016095,0.001512815403833997,0.012212541096142173,0.04987122865812441,0.16252080044311876,0.00459256698582211,0.6156917751172012
2,7,TRIPLE,OUT,0.13569552832911916,0.0349877001252668,0.0016188046108301943,0.058392773892666935,0.08146044208773423,0.16578027762040481,0.005051886205393806,0.5170125871285841
5,7,SO,OUT,0.18813099951733891,0.041539057014157485,0.0018964543894467968,0.04520798511596364,0.06523075226979701,0.14225934004905946,0.007467594347392463,0.5082678172968442
7,7,OUT,OUT,0.17135769598223305,0.04540487252181638,0.001738047821683287,0.010977526216848598,0.05460489478187652,0.295226527564838,0.005952052160148748,0.4147383829505555
7,7,OUT,OUT,0.22494760442971934,0.030048389271988895,0.0015177757094027367,0.011389593558790904,0.03426270734192651,0.2470469443248622,0.027145853057436314,0.4236411323058731
5,7,SO,OUT,0.17397937926991436,0.0712403544350299,0.006028529444402514,0.009542226867718736,0.04502920988551601,0.26708109423496884,0.019717595032298765,0.40738161083015084
7,7,OUT,OUT,0.13901252917738327,0.036200455281073046,0.001484558142220452,0.019087400911958267,0.08713728659784971,0.17382754424135993,0.004558267847834369,0.5386919578003209
7,7,OUT,OUT,0.1532118584794648,0.030725768169516065,0.001960628230450043,0.045121433455365706,0.08061072667033842,0.2527684411013115,0.005253154908831131,0.43034798898472226
5,7,SO,OUT,0.16574023116591777,0.03542708325169734,0.0014944764926207838,0.027466798981582052,0.0806767834606162,0.12308573434426562,0.006147326498176608,0.5599615658051237
5,7,SO,OUT,0.09545218970885669,0.016695516068742238,0.001575017060390059,0.007986018344868798,0.040213713394070254,0.35461960677537785,0.007492426951707692,0.4759655116959863
1,7,DOUBLE,OUT,0.1033899125404874,0.033090391847667724,0.001406032402640426,0.018154207378237436,0.06543589568315271,0.20584261487336938,0.00974102213498479,0.5629399231394601
0,7,SINGLE,OUT,0.1020654744760031,0.02059880895885326,0.0023680948240168316,0.04977213991625355,0.039277212656805914,0.33321081476077485,0.0036937958423675405,0.4490136585649248
0,7,SINGLE,OUT,0.2384892923949848,0.027610238733316226,0.005228338628497991,0.008318388486100994,0.0369580000788143,0.20474205858742028,0.006535634569329368,0.47211804852153605
5,7,SO,OUT,0.13291908646176,0.040674625453343716,0.0015381152390414163,0.03459761329802468,0.0462764666485344,0.277684452179028,0.006526594973195491,0.4597830457470723
7,7,OUT,OUT,0.1823981382400822,0.0495069761323683,0.0024830614364395763,0.009958242464303135,0.04367807553996353,0.1733009675338487,0.015879681684405726,0.5227948569685889
7,7,OUT,OUT,0.1502906987027192,0.026249737671420918,0.0027366613013119693,0.015616506740490732,0.07580089351732779,0.28969013763325896,0.006646630407001478,0.43296873402646885
4,7,BB,OUT,0.1950672159663971,0.03417862066833949,0.001645106985100169,0.008380700239331514,0.08491497723221987,0.20602802058990835,0.008092193585828645,0.46169316473287486
7,7,OUT,OUT,0.1908793577837616,0.021586586554473475,0.001598931479626663,0.0095782834367504,0.04188572323097222,0.18961351031410714,0.004387543092587671,0.5404700641077209
7,7,OUT,OUT,0.09799157428376476,0.020664690195588965,0.001669361018985463,0.008290047166953696,0.04573125167586267,0.34095440050341963,0.0043690480256141665,0.48032962712981064
1,7,DOUBLE,OUT,0.21064745231245252,0.024757928348604463,0.0023031664428441075,0.0074664760446976315,0.04624879072550206,0.14038179244345572,0.003727338436899314,0.5644670552455442
5,7,SO,OUT,0.16501898837646684,0.01864597507191976,0.0025716052883179097,0.014649080329784034,0.07766467740970741,0.21556090584173948,0.004607208085579609,0.5012815595964849
0,7,SINGLE,OUT,0.17136682009718018,0.025297011481206503,0.0022683682982444905,0.008335400605000851,0.06712328321754082,0.19469652760777995,0.004405655481839573,0.5265069332112077
5,7,SO,OUT,0.1564787174685267,0.026137442092897305,0.0019088134761965788,0.062338894375043453,0.039157138306801835,0.29303716587280704,0.004114328718780702,0.4168274996889464
5,7,SO,OUT,0.1915401485680094,0.026097419283275875,0.001524846142820277,0.017201378346327165,0.09554041458121841,0.13129015506458697,0.004296041986868869,0.5325095960268931
7,7,OUT,OUT,0.16327042584877013,0.02114631085762039,0.0014452247848787865,0.012577273629135594,0.05071644143928904,0.1592686007121771,0.004283495052453544,0.5872922276756753
4,7,BB,OUT,0.24626451602088487,0.026622318467974835,0.0038409948178134193,0.02667600900452267,0.04204601804007811,0.14494341486361545,0.006080410832599678,0.5035263179525109
3,7,HR,OUT,0.2275968822195923,0.049100655766071484,0.0014778245260900053,0.028480626429536946,0.06490077272448512,0.10947099398865123,0.025567968786127056,0.4934042755594459
5,7,SO,OUT,0.14020711829416332,0.03307116718132205,0.0018651126687355673,0.007437423888103506,0.0365089212321268,0.26991742283938136,0.006568715763917453,0.50442411813225
7,7,OUT,OUT,0.13003630893194704,0.04552507598225741,0.0016788144148352972,0.01739668447162924,0.043947606209252414,0.2786610187662608,0.04216963530603486,0.44058485591778296
7,7,OUT,OUT,0.17393461510922625,0.024414124588779618,0.0018464718376200553,0.008285175744706077,0.06743784295774446,0.2576588520003645,0.014196957017645869,0.45222596074391314
7,7,OUT,OUT,0.2260462031645673,0.025421869498237153,0.0016763688783327521,0.01883927796061202,0.07621131758053117,0.10584937595717442,0.004899160742842533,0.5410564262177027
7,7,OUT,OUT,0.18040908222105004,0.015969751724699072,0.001333035804047812,0.007832982970084414,0.05208828201012702,0.11208525388171257,0.00640826547217902,0.6238733459161
5,7,SO,OUT,0.17198111962469403,0.022999847682833842,0.001513666002592633,0.009019087996803524,0.042511742418107165,0.21151773459921416,0.004060518030204758,0.5363962836455498
5,7,SO,OUT,0.17058992722149868,0.01664215525715668,0.0014790940235961214,0.013212604049088627,0.08696859897718652,0.22903770301742885,0.003960302346595645,0.47810961510744887
7,7,OUT,OUT,0.1833057748157538,0.026525821833853408,0.002133995297342956,0.00841986536066988,0.0733821553767639,0.22770001971599751,0.004542437935922052,0.4739899296636963
5,7,SO,OUT,0.1601849425073649,0.025902765473908206,0.00177755043787874,0.045262483652335254,0.044688319344480934,0.2789910068307432,0.004433779396354915,0.43875915235693386
5,5,SO,SO,0.0977084364204169,0.03008392752365799,0.0018330541557029392,0.01090734516531029,0.056831892340619104,0.4874545955637021,0.0038625627998814505,0.31131818603070927
0,7,SINGLE,OUT,0.1353431765871055,0.021903006702229718,0.002143010290784204,0.011399522144405714,0.06481690039607625,0.26026265130177106,0.004585222417052769,0.4995465101605748
5,7,SO,OUT,0.13998197469526438,0.029626090685410108,0.001940588820382778,0.011927787919705928,0.06591234560249785,0.34322792580662115,0.004777919928030277,0.4026053665420875
1,7,DOUBLE,OUT,0.36700853469780975,0.03937958178305355,0.002949865790979191,0.026615124646708198,0.050105473374721654,0.13559149827198413,0.004474888910483807,0.37387503252425985
7,7,OUT,OUT,0.16612237205049185,0.03586506028439185,0.0020467721116322023,0.00819402449420611,0.06716718600958,0.16210639903442245,0.004692860299305186,0.5538053257159703
0,7,SINGLE,OUT,0.1391201937524263,0.02690124825238986,0.001678967764974601,0.0082180998646915,0.05918261331234752,0.2960585538782469,0.00412061609197415,0.4647197070829491
7,7,OUT,OUT,0.1412208607073877,0.04343767841492185,0.0019927641480730666,0.008740534588304419,0.04020675014315881,0.20383692849619248,0.005025613814848548,0.5555388696871132
7,7,OUT,OUT,0.17652190736355228,0.026684471644759514,0.0014328314485980743,0.011136826194216626,0.03273655344188862,0.2472262750559762,0.03344753988941293,0.4708135949615958
5,7,SO,OUT,0.14719027095173773,0.022742314082344714,0.0015892384978522375,0.048062768425491786,0.10650162160293968,0.15154595900948084,0.0044303384733694285,0.5179374889567835
4,7,BB,OUT,0.17904006608403053,0.07025335582490144,0.0019529920392211742,0.012443283196833027,0.10382654154192553,0.14440996334936676,0.023016263960774486,0.4650575340029472
7,7,OUT,OUT,0.12434071409904955,0.020302402259224944,0.0014632204939277536,0.008449278369401873,0.03785098876951381,0.30130544316594415,0.00437984132210409,0.5019081115208339
5,7,SO,OUT,0.1482789920188643,0.03600722973420901,0.0018435907040495571,0.02068012405803327,0.05485976490263856,0.31864773087804554,0.012626761748188513,0.40705580595597135
1,7,DOUBLE,OUT,0.328956070239917,0.02311132102589915,0.0017823933842707545,0.008546244552778987,0.04829226044108938,0.2297121804748181,0.004170595694173453,0.3554289341870531
5,7,SO,OUT,0.16831904273454282,0.030787780330344156,0.0031072134363792614,0.007879557323555242,0.05850779739395532,0.15162451586432027,0.0037611125063131546,0.5760129804105898
0,7,SINGLE,OUT,0.13313245065991558,0.022136275276859102,0.0032278593178484065,0.012879929946356415,0.04337885259979933,0.33837123483262577,0.0041760118749078826,0.44269738549168747
7,7,OUT,OUT,0.23824357443610764,0.029824214211595028,0.004016603642307056,0.008041106283645157,0.043441683525451164,0.16296263301725436,0.004518491082707871,0.5089516938009317
4,7,BB,OUT,0.15525533957017937,0.01799314571676313,0.001875538957878395,0.012728539156921289,0.08369619688481601,0.21847669948799564,0.004454421358214214,0.5055201188672319
0,7,SINGLE,OUT,0.19576261585305302,0.024592109928239056,0.002293334854432082,0.00956197290279344,0.07163614620347049,0.21388844356170836,0.0046687132824024405,0.4775966634139011
5,7,SO,OUT,0.1654801538405179,0.02734081310206346,0.0016966913875733336,0.03866431795603389,0.039321591052460816,0.2750005297746411,0.004149642746941781,0.44834626013976764
4,7,BB,OUT,0.07118659296837913,0.016208493332570597,0.0013724273371876507,0.007306507785245103,0.06467110786325357,0.4155398626632498,0.005422721983807908,0.41829228606630625
5,7,SO,OUT,0.12310146154468199,0.018265267759452298,0.0016741637169823754,0.008414993696254966,0.1289439705172159,0.1863029937304835,0.012953498594032812,0.5203436504408963
5,7,SO,OUT,0.11916764717484304,0.01828168548495279,0.001536270104349761,0.007984409476878382,0.0767394420928917,0.31714029870828925,0.005287108282468532,0.4538631386753266
5,7,SO,OUT,0.15220747381190738,0.026530975669933923,0.0017761631145085484,0.01563282211274356,0.03628859965842776,0.19073500682362643,0.015570691473141659,0.5612582673357106
0,7,SINGLE,OUT,0.14373819043661243,0.03953898722024205,0.0017982596804825858,0.016563788441241737,0.045193039180541066,0.3127581706096534,0.019573746659172196,0.4208358177720545
0,7,SINGLE,OUT,0.2244177066891727,0.03516935674261532,0.003480530912170732,0.007952396714766361,0.03712927436505385,0.14373948821617388,0.0047190216137673905,0.5433922247462796
7,7,OUT,OUT,0.14244016561284575,0.017904867780195927,0.0017335043096718778,0.012195711375886438,0.08737990706245431,0.21853816253400607,0.004292447667046858,0.5155152336578928
7,7,OUT,OUT,0.16106207315129542,0.027999888131382746,0.0021121593900593244,0.009697937006949603,0.06922232945510363,0.24222337617089104,0.00416549868001507,0.4835167380143031
7,7,OUT,OUT,0.18146479011567798,0.023216567979897938,0.0015927212488984295,0.054147651685386364,0.10062040531303285,0.15478803266347457,0.005144859338168651,0.47902497165546326
7,7,OUT,OUT,0.18927700910064085,0.021374576043198482,0.0013702490009246838,0.014226229581895055,0.0807179540484022,0.1167299571627678,0.004030496814976073,0.5722735282471949
7,7,OUT,OUT,0.17004633340488004,0.02208958955367014,0.0014587549272818384,0.01245501281692884,0.052572917385765194,0.1545404049814409,0.005082228465499353,0.5817547584645337
1,7,DOUBLE,OUT,0.22048241492896456,0.03496764381168421,0.0036980104861577346,0.02881593994968449,0.044956604212897544,0.1506021272045539,0.0051475255755973615,0.5113297338304603
5,7,SO,OUT,0.09729135860091713,0.025124628920526314,0.0024844005779007497,0.009637724484025327,0.044867663832301286,0.2562575964338708,0.004359377127779724,0.5599772500226787
0,7,SINGLE,OUT,0.15431417751376925,0.03632642471315468,0.002385237478802054,0.009357923170144259,0.0461863029153675,0.14714516820174722,0.003993852276898225,0.6002909137301168
0,7,SINGLE,OUT,0.12182354308288672,0.037981993002314376,0.0033022414021165666,0.010702096665073237,0.04825845019905674,0.3788880243142594,0.004058553022738814,0.39498509831155415
5,7,SO,OUT,0.1680386895699638,0.026560781036041016,0.0017122539917391929,0.046783748004759804,0.03938367242458039,0.28297294911372994,0.004097419965811323,0.43045048589337465
7,7,OUT,OUT,0.22311299338606821,0.0435431641820339,0.0014477058679363741,0.03169106480275799,0.08281805811314559,0.11651279894031555,0.0156741826028058,0.4852000321049366
7,7,OUT,OUT,0.20450947091902205,0.030132037305095567,0.0015596625024953347,0.01928180654935772,0.06643719542970525,0.10583302987533082,0.004810977910899559,0.5674358195080936
5,7,SO,OUT,0.17037558856523752,0.01665562350046619,0.0014900965372289694,0.009006571362090437,0.05450965555474568,0.12343042400248307,0.004614640080322812,0.6199174003974252
5,7,SO,OUT,0.18700650335059565,0.02895883077180553,0.0017560482022875399,0.006921424079404245,0.03499928711145159,0.2495194017663774,0.0038155004292740294,0.4870230042888039
5,7,SO,OUT,0.20675857232886846,0.02307216054091671,0.001907580638109848,0.008660571076609785,0.07016518909219428,0.251741902140638,0.007975218755147458,0.4297188054275154
7,7,OUT,OUT,0.13039826849355038,0.042180997778802555,0.0015182431571931188,0.011107734257937894,0.0496254335928957,0.2933828019999372,0.005366845382766327,0.4664196753369168
4,7,BB,OUT,0.19286911449740887,0.03145655255767502,0.004205603330851368,0.007913970397956176,0.05889616780265757,0.16491874147594057,0.004068850008002714,0.5356709999295076
0,7,SINGLE,OUT,0.1439218601109363,0.03454245848714762,0.0015717280877782635,0.05721991981799543,0.08973145079480974,0.1574805584762664,0.004684433617055542,0.5108475906080107
7,7,OUT,OUT,0.13129846595924435,0.037288019267971206,0.002053681268116624,0.012991280249257837,0.07400066636427304,0.2571968624413664,0.004691137423675127,0.4804798870260954
7,7,OUT,OUT,0.2048543538884554,0.02567905990516142,0.0017166325430336801,0.009636579301947848,0.0962466091449714,0.1726680485745752,0.004603737082461736,0.48459497955939307
5,7,SO,OUT,0.20380300226619394,0.03134306618749173,0.0015623241717770367,0.008497334743176288,0.0867418947556935,0.23704352886367336,0.004034967445969876,0.42697388156602417
7,7,OUT,OUT,0.2081186158793797,0.03325968546237869,0.00220042383097483,0.022163334371259783,0.04169725829345092,0.16166094715414403,0.005638685757772231,0.5252610492506398
1,7,DOUBLE,OUT,0.20635178796355536,0.03437625875755053,0.006596112833668692,0.02464559460611437,0.060657748070109666,0.14442726882307086,0.0043232301721037,0.5186219987738268
5,7,SO,OUT,0.1796663120851457,0.028685174414366736,0.009826062658811687,0.021650095380208997,0.0623169360701871,0.12140930749799869,0.004869756884961253,0.5715763550083197
0,7,SINGLE,OUT,0.17516138343717955,0.03510354544504251,0.0023942497731443144,0.009689050935009222,0.06668130374103959,0.28695441550693995,0.015403079005910642,0.40861297215573417
7,7,OUT,OUT,0.15163249557413422,0.040314345197085925,0.0017062035869988348,0.01030739177402476,0.06977148477521272,0.22165361364877373,0.011090050361096612,0.4935244150826732
0,7,SINGLE,OUT,0.1577454304861524,0.03099069497638958,0.0017186193731746056,0.02532906015267543,0.06305421005150753,0.30487546621484934,0.007428480685793867,0.40885803805945725
4,7,BB,OUT,0.2196095114433826,0.044805876438616055,0.00197822295024609,0.00830987103317399,0.06825018543791397,0.21147143405739444,0.004683881179551576,0.44089101745972137
5,7,SO,OUT,0.1526447397590395,0.03263896479488612,0.001986885502203908,0.00915162850348199,0.032313764570985566,0.19196634514658217,0.005530411245620087,0.5737672604772006
7,7,OUT,OUT,0.25791559273083836,0.019924455559204062,0.002239940841636501,0.009538174385891445,0.032885101091669845,0.22782574347142462,0.005066777070534743,0.44460421484880047
5,7,SO,OUT,0.12196061791813169,0.026612810767180757,0.009865793288985772,0.010332183001321592,0.08357475963468645,0.2576769361244828,0.005056757402223432,0.4849201418629876
4,7,BB,OUT,0.16560225665819492,0.016927086572670273,0.001745686190835327,0.007933585501166305,0.08390684004102912,0.29020115834171656,0.0037952367922121253,0.42988814990217533
0,7,SINGLE,OUT,0.1949398796499833,0.04874466438043253,0.001835523118260715,0.01972208970628317,0.06266264506363128,0.12430094246691893,0.013129805412149488,0.5346644502023407
0,7,SINGLE,OUT,0.17111055946345577,0.02143273875070672,0.0028680119618709914,0.010110601797082876,0.058729679358076756,0.12236175074943892,0.003960332140473719,0.6094263257788942
7,7,OUT,OUT,0.16189831915102917,0.024272779663950236,0.0022403345910824075,0.015419197021529952,0.08352534067145508,0.31899589006399165,0.0045679229224076315,0.38908021591455394
7,7,OUT,OUT,0.2120228028951164,0.022857029390600334,0.0019661981863069292,0.013419723753805405,0.07153679742524113,0.25102879782531395,0.004230602800077504,0.4229380477235384
7,7,OUT,OUT,0.2841806482471415,0.024948442175830678,0.0016485092264332997,0.008636847031592143,0.04833168839457903,0.25575444459763536,0.007770089615600009,0.36872933071118796
5,7,SO,OUT,0.14471794035355265,0.04385917908790164,0.0022228651138089055,0.009708162672506241,0.05238630225220833,0.2745769659026367,0.0053691833727991705,0.46715940124458644
7,7,OUT,OUT,0.21787395960710604,0.034145529052242496,0.0014741925705756423,0.015356123748579342,0.09512033174890423,0.1843907598772081,0.008083706509806152,0.44355539688557805
7,7,OUT,OUT,0.13882492955058667,0.041228436209432354,0.0017456709975518017,0.010171894142868313,0.07189076802240084,0.2131845387481729,0.01242026896004465,0.5105334933689424
0,7,SINGLE,OUT,0.1418440584872109,0.030313209833434104,0.0015417154152680358,0.024514398454781126,0.06456251682602836,0.31463465567380533,0.007918479707764428,0.41467096560170763
0,7,SINGLE,OUT,0.2058313556265718,0.03475142454442958,0.002662455724745705,0.008883105832047433,0.0733046124779811,0.21670416119226496,0.005577667282223796,0.4522852173197357
4,0,BB,SINGLE,0.36715623210824166,0.024269214291134773,0.014243122094969831,0.011324251103506155,0.11150652902622406,0.14176803396359622,0.004349903595152503,0.3253827138171749
5,7,SO,OUT,0.15694568032019707,0.016482012333589688,0.0017215450366505876,0.008276065906615395,0.08835501984140587,0.25923645843661686,0.0038283588958673833,0.46515485922905725
4,7,BB,OUT,0.16403044791100455,0.03562823986984051,0.0015314880255029415,0.01812398995614971,0.12451207996141384,0.11810604372017554,0.009745480108891813,0.5283222304470211
5,7,SO,OUT,0.1214513991083904,0.0350572676470271,0.0032861229596292374,0.008757569524622774,0.0728724477739604,0.2927338158968641,0.004438955779924551,0.4614024213095814
0,7,SINGLE,OUT,0.15493085569774345,0.019852949072069522,0.0020905904495109044,0.029185021962380125,0.0934907998166509,0.10176262387186592,0.0070872432319442555,0.5915999158978349
4,7,BB,OUT,0.19609909443314152,0.02490654727630339,0.001662423827668423,0.012574357432759769,0.08392284704582112,0.16358501920767277,0.0037076718741275074,0.5135420389025056
6,7,HBP,OUT,0.15292462939293736,0.03540672268104996,0.0019975958800140044,0.009036497229308249,0.07199229011823992,0.12716759661810748,0.009484722697197754,0.5919899453831453
7,7,OUT,OUT,0.21122205276626857,0.03843535415334693,0.004546610776831947,0.01664053102711272,0.06564248172970669,0.19171555206137214,0.016084378923567736,0.4557130385617933
0,7,SINGLE,OUT,0.17476592430857613,0.037621635787455664,0.002444434477282879,0.11524238030494274,0.06342207521114859,0.20785765609343151,0.006524220223894891,0.39212167359326766
4,7,BB,OUT,0.13448887078085928,0.023544974522350562,0.003891345990452355,0.025270042222884856,0.14788208185798032,0.22983397464889765,0.00928613127901352,0.42580257869756144
7,7,OUT,OUT,0.16815382874049792,0.027600884683673756,0.002380255022343375,0.03200699117682131,0.08640051329815683,0.2575313987127848,0.016122312710767153,0.40980381565495483
0,7,SINGLE,OUT,0.24072630642475165,0.025871629420894847,0.002510640267316809,0.024800021665196875,0.1114066927344204,0.18715255710300618,0.006456145749065925,0.4010760066353472
0,7,SINGLE,OUT,0.22240901192848925,0.04417661971901531,0.013344163529676602,0.022843076864955746,0.04618855804849182,0.1748993976869477,0.00913457987479639,0.46700459234762715
4,7,BB,OUT,0.3525592369437652,0.025775724874420623,0.0074088448377600535,0.01284507426547966,0.07519573179991101,0.16513180458995882,0.005262554140705604,0.35582102854799896
5,7,SO,OUT,0.18580960110705,0.016436746955484652,0.0022359949961955465,0.00814968567926445,0.11698239749419116,0.1267904494629002,0.004085061522711319,0.5395100627822027
4,7,BB,OUT,0.18790520118935353,0.04515142426788696,0.0022611742752809984,0.0105670128247915,0.06344429008678354,0.12442667587562048,0.00804481429288161,0.5581994071874015
5,7,SO,OUT,0.18098368131336015,0.04768589735436052,0.002416470171488216,0.008492358155123676,0.06157162311872903,0.21214757112924154,0.004706134941593238,0.4819962638161036
5,7,SO,OUT,0.20642398559096112,0.029045060711294788,0.0015609604026477414,0.008234542280043708,0.10810881530516621,0.19930719643581793,0.0038227903083523796,0.4434966489657161
4,7,BB,OUT,0.14606408500578646,0.027867181974510262,0.004240122421628277,0.008178068218784307,0.07280781243714289,0.12984009011470138,0.0042792984582141385,0.6067233413692322
2,7,TRIPLE,OUT,0.17641055348762072,0.058836676033606046,0.001568593972823764,0.014494548424091272,0.041308664027610346,0.21671509967128091,0.004088984666995703,0.4865768797159712
7,7,OUT,OUT,0.16777444690389812,0.02047700058470398,0.002206638561388337,0.008686682428737656,0.0898979439887,0.15897493961009862,0.004118396490745269,0.547863951431728
7,7,OUT,OUT,0.16025916104075186,0.04169457525007025,0.0014648604459945316,0.011026339119499705,0.08255644761615867,0.1318057650985419,0.003957283608592433,0.5672355678203906
0,7,SINGLE,OUT,0.18997929840762415,0.02787682065368849,0.0017994951189500986,0.008927967701045187,0.09725625527836201,0.1734019414222178,0.004382434891564461,0.49637578652654785
0,7,SINGLE,OUT,0.20996099380580827,0.03781028442270527,0.0017086539786413744,0.025466519187222224,0.09763143905602625,0.15630540314224078,0.007174597268359554,0.46394210913899636
0,7,SINGLE,OUT,0.26432071128475026,0.03432040767130447,0.002054822146506006,0.00953733803022001,0.07223117375231763,0.1704913470662999,0.004771412209834347,0.44227278783876717
5,7,SO,OUT,0.24041286722749186,0.022050672053327426,0.0036534628644885577,0.011035919392926141,0.037516810196349594,0.15665744943931054,0.004645101564747711,0.5240277172613582
7,7,OUT,OUT,0.23966946514982457,0.019977355151575314,0.0023086055761768758,0.010893271115231978,0.06931727801063604,0.18610379156688578,0.005184872442471462,0.4665453609871978
7,7,OUT,OUT,0.18952549482323838,0.030072873454556656,0.0051526490815039065,0.01223285061364656,0.07291667836494653,0.1304938724525791,0.004202374387311918,0.5554032068222169
7,7,OUT,OUT,0.21594142706983072,0.024349812260420087,0.007173703311181873,0.010777351030809281,0.07638152650230969,0.1259278945097565,0.005475707476061461,0.5339725778396304
7,7,OUT,OUT,0.08816737429228091,0.06293129528041423,0.0067816656912342505,0.008287334169994387,0.0642182776798655,0.30255118461462693,0.004483282249242713,0.462579586022341
5,7,SO,OUT,0.2115018859459483,0.07324517879656688,0.013153302322382678,0.00855191775220916,0.05459116692450442,0.1251781546811769,0.0041641647268232445,0.5096142288503884
7,7,OUT,OUT,0.22015610094994179,0.03138448253700695,0.008391902245960078,0.008380120636775986,0.05697889731954519,0.14089435929340405,0.004341656471069488,0.5294724805462965
5,7,SO,OUT,0.13528055932441999,0.025987090169076545,0.003299956209600522,0.01075315848974094,0.1141140060809588,0.22939594001278843,0.004873999944911547,0.4762952897685032
5,7,SO,OUT,0.17536024445034953,0.017502310358064085,0.0015435455351070664,0.007602338281327154,0.06541707958058733,0.2160990730242086,0.003849136977915327,0.5126262717924409
7,7,OUT,OUT,0.2491966669224176,0.02852499692340108,0.0018045148175536213,0.010905270337345115,0.09016677350799995,0.22147386597032634,0.008012867758263223,0.389915043762693
7,7,OUT,OUT,0.1365724806230793,0.03665786471591838,0.0020766781406431323,0.041194993282842714,0.045143639802626874,0.35786433333783607,0.00679912345250269,0.3736908866445508
7,7,OUT,OUT,0.16238939251792334,0.03177127320143664,0.0020528708581798736,0.020119106597479366,0.05483899758882344,0.13587519963626116,0.007097083651562797,0.5858560759483333
1,7,DOUBLE,OUT,0.17947668973365663,0.03328495672546828,0.0016061121871487195,0.02042188278604118,0.06584297051512515,0.11540017514223994,0.0049553688581033175,0.5790118440522167
7,7,OUT,OUT,0.17357681839375075,0.0445082625076034,0.0016568458847129987,0.011837359206480087,0.07811372507525018,0.2857613354376231,0.0121925430391956,0.3923531104553839
7,7,OUT,OUT,0.12163933658705034,0.03353473091135631,0.0015907364786584529,0.03610803021931079,0.07413452896043628,0.2932394861934653,0.0042653969687157095,0.43548775368100684
7,7,OUT,OUT,0.13982513095268034,0.035484178255162584,0.0014522089196009418,0.01224692622691366,0.054677805275773976,0.23204270372705413,0.004631787142747368,0.519639259500067
7,7,OUT,OUT,0.210139410203377,0.019774852849108123,0.0019045453169848567,0.014383928473473322,0.04389405849562781,0.1313400345338471,0.004318331675384572,0.5742448384521973
7,7,OUT,OUT,0.14118991329399655,0.033907050214731636,0.001598638459007121,0.021900703737993348,0.07403595639377863,0.18405919854696134,0.004901845208213624,0.5384066941453178
7,7,OUT,OUT,0.13599145021701387,0.02644865132541543,0.0016154822518657658,0.05256323219588236,0.08998228730329456,0.2316142803831317,0.004317443616310379,0.45746717270708576
7,7,OUT,OUT,0.13457266623215153,0.024277488185542477,0.001802277997875944,0.011272053780513883,0.05807300941413804,0.20238724097520308,0.004884385978634054,0.562730877435941
7,7,OUT,OUT,0.15736204735242174,0.027131325369745243,0.001992816679234285,0.01887510301937581,0.06303828281554874,0.31152423958502856,0.007717553367713568,0.41235863181093224
4,7,BB,OUT,0.1407469135462817,0.028084063876696565,0.009824475307069811,0.011741523263553409,0.07553207799675317,0.18009721391550781,0.00835979787830493,0.5456139342158326
7,7,OUT,OUT,0.17575458240661154,0.025204331929764377,0.0013599833658231827,0.009089520957398366,0.04688528791357589,0.11612848916279529,0.003942521918369739,0.6216352823456616
0,7,SINGLE,OUT,0.14932917571344065,0.032867479800766514,0.0015461838086504743,0.03409895278224882,0.09263578987674241,0.16075324820901518,0.004956257351547005,0.523812912457589
0,7,SINGLE,OUT,0.20821495074082497,0.03772548958444852,0.0016045792205901168,0.03561505852495119,0.0543272378905524,0.15619537927983618,0.005618989994247465,0.5006983147645493
4,7,BB,OUT,0.35887938057223046,0.016514147398400406,0.0016426673244701578,0.007296520206079865,0.043817085585260505,0.10603300629867389,0.003900075535854502,0.46191711707903044
7,7,OUT,OUT,0.1279765869812065,0.03402927428883041,0.001409416124361211,0.0196859903844115,0.059438396642084654,0.12788693882671212,0.0048317852033694375,0.6247416115490241
7,7,OUT,OUT,0.15934629927498062,0.0343990088637825,0.0018378947208954844,0.008333026945748008,0.052520006320375005,0.11448727973285196,0.003946067198719161,0.6251304169426473
7,7,OUT,OUT,0.19321217696401757,0.03148836553167161,0.0013870179411521052,0.007600023646473723,0.03157124550678401,0.10342504208750637,0.006231421481033729,0.6250847068413609
0,7,SINGLE,OUT,0.15207707020660427,0.021842939732922027,0.0032355612651571402,0.007112694560883125,0.031178797634994558,0.09771109006709987,0.0061379997797023035,0.6807038467526367
7,7,OUT,OUT,0.12941418347385236,0.021159815740722548,0.001712148587638642,0.011457439879346644,0.058704955807432395,0.20915636045427777,0.004457778463208752,0.563937317593521
4,7,BB,OUT,0.15672272591644906,0.02401439711088013,0.0018138133484104527,0.015542430437246168,0.08476304242477146,0.2805196212541625,0.00887048032441351,0.42775348918366674
7,7,OUT,OUT,0.15131534642474087,0.03134503696059759,0.0014426878830472456,0.0232576048128289,0.07911566571169985,0.15561265937589594,0.0048710666722305,0.5530399321589591
7,7,OUT,OUT,0.2398897358942424,0.031018722239752786,0.0018741759948786268,0.040336064427389254,0.06707160342501026,0.2090952165093454,0.005299094824530678,0.40541538668485066
0,7,SINGLE,OUT,0.15898877179561174,0.03255737225233601,0.001640456880373852,0.02635172702092952,0.09865957443875283,0.11703121482711906,0.006086404304041338,0.5586844784808356
5,7,SO,OUT,0.11676181035977126,0.017727427124849784,0.0018427511487646398,0.04743493873903472,0.04705858677980109,0.3193462678974402,0.0055583904816857415,0.4442698274686525
7,7,OUT,OUT,0.20532635153558468,0.023809610969256507,0.005817407204817089,0.010417291320994691,0.037049242555608895,0.19186609561677997,0.0053637491712771644,0.5203502516256809
5,7,SO,OUT,0.11986834635651106,0.044933904848280325,0.0014960297104826062,0.010434642569912916,0.053698500771614914,0.2394121611762009,0.009357618618619591,0.5207987959483777
5,7,SO,OUT,0.148817303310914,0.03212103248569518,0.01038546083838337,0.01607146304916598,0.06392059085743916,0.1850145784563286,0.00655365620166048,0.5371159148004131
7,7,OUT,OUT,0.19158247300372871,0.028914931203396218,0.0013616084124305505,0.012306346853092518,0.04686937437763758,0.1264658065707946,0.00414776058950467,0.5883516989894152
7,7,OUT,OUT,0.1727451563771529,0.061816346494994394,0.002928072069926153,0.007188367866750442,0.05077385240571578,0.26139982391199457,0.013994241872024082,0.42915413900144167
0,7,SINGLE,OUT,0.2092024927566177,0.04878395621635615,0.0016977547268944655,0.015450980628124097,0.05389450061549527,0.1243700674136411,0.004137575339921741,0.5424626723029494
7,7,OUT,OUT,0.10792756283441236,0.02106860545100265,0.0014600398095958006,0.007977668870887149,0.058096267425631155,0.29858465956475333,0.004299938894185579,0.500585257149532
4,7,BB,OUT,0.16479922830260246,0.0296949124908796,0.0015887771160038608,0.008356556194353715,0.1032828084851059,0.2374243234813824,0.0050185925651681715,0.44983480136450393
0,7,SINGLE,OUT,0.17145548366203467,0.03336676797198805,0.0016772047542480135,0.017480960245048905,0.0891301616838206,0.17612710968547673,0.0052380583841367115,0.5055242536132463
7,7,OUT,OUT,0.18163826783210307,0.024022646158624834,0.0019575199771046355,0.02611231289422313,0.12547844442228598,0.16557642839037265,0.004402215819097149,0.47081216450618857
7,7,OUT,OUT,0.1786602571514974,0.03277785540979158,0.0038722826636897706,0.009482909624680475,0.060079873696620795,0.2731016422354944,0.01577802773770489,0.4262471514805206
5,7,SO,OUT,0.1711946338789132,0.021057581047062027,0.0014579793098974225,0.00758916476309042,0.04730887952648413,0.29011158517672014,0.005853144669101015,0.45542703162873177
7,7,OUT,OUT,0.1944589646836544,0.03246243311593357,0.0019385340566770463,0.007741002860342651,0.037418486201853764,0.21206655801281915,0.0049320468599234,0.508981974208796
7,7,OUT,OUT,0.2530888540217146,0.0215882143840676,0.0021680315207273106,0.009265237644151651,0.03369377712855653,0.22550031992168007,0.004545660414461962,0.45014990496464047
0,7,SINGLE,OUT,0.11903083449599058,0.029025088384232817,0.004122489559333318,0.014012389383191241,0.12579869129692134,0.22957836870294906,0.005080445488455925,0.4733516926889257
0,7,SINGLE,OUT,0.18633216332852548,0.019060734293801628,0.002071905692495485,0.011424334415099933,0.07199509955348131,0.16817764674187274,0.005639377655987232,0.5352987383187361
7,7,OUT,OUT,0.1506999909608379,0.023148485338068757,0.001738323380941356,0.025292083782308142,0.09938087681885323,0.11377738759374852,0.02608901470976142,0.5598738374154808
1,7,DOUBLE,OUT,0.15598256543495556,0.023964515055835897,0.004591710842682179,0.014462695711568505,0.05940495714480475,0.10316858247868055,0.006297833544647812,0.6321271397868247
5,7,SO,OUT,0.16769077370158827,0.05601062265850514,0.0029769471719725106,0.01042444746260376,0.05132963252601602,0.11437505711380301,0.02346925368851022,0.573723265677001
0,7,SINGLE,OUT,0.16864431296959842,0.045603848775640984,0.001649211111758907,0.03309159503372607,0.05513525388098823,0.11445634615750051,0.0053923994393036785,0.5760270326314831
7,7,OUT,OUT,0.13966974020243195,0.03892596681537424,0.001411724440643528,0.014300414609390674,0.06254791187105506,0.12355991036795358,0.007851195274625513,0.6117331364185256
7,7,OUT,OUT,0.23552661196048638,0.029645298405610494,0.0016504954822764329,0.018177642909849842,0.09016686726672864,0.1678362893049103,0.011348184063355115,0.44564861060678285
0,7,SINGLE,OUT,0.19280153156002564,0.024879673038953182,0.00225216000456552,0.01618452816504072,0.10819264890141041,0.13349471930212306,0.005214231138483309,0.5169805078893981
7,7,OUT,OUT,0.12915437290923718,0.04113061186067682,0.002442861841921937,0.009699292989383023,0.05421305249125505,0.2600315565555497,0.005331577729866976,0.4979966736221093
0,7,SINGLE,OUT,0.19463033712020203,0.027216467265171632,0.0015719566768230993,0.011762470646293686,0.07166172417316251,0.20377023442836634,0.006646018259996469,0.4827407914299842
7,7,OUT,OUT,0.13927666483751033,0.0438649264178984,0.001741915691025715,0.0109056158137979,0.06838315120313589,0.23865712907122058,0.014759922926092238,0.482410674039319
0,7,SINGLE,OUT,0.14751254759611154,0.031414083188659625,0.002096524215523682,0.028028076901756648,0.062325958202093315,0.25410897982026787,0.008123687030923437,0.46639014304466386
7,7,OUT,OUT,0.15521444865521858,0.0366099591683369,0.0023615286259966537,0.015259815787696137,0.055595537471235947,0.11229756051447297,0.020611062824919993,0.6020500869521228
7,7,OUT,OUT,0.16978730503741338,0.028442568848613035,0.001404436163023231,0.020425770798415694,0.05303448398132534,0.10495003098588095,0.004363567284787641,0.6175918369005408
0,7,SINGLE,OUT,0.14940843535531215,0.04368186473737167,0.0013879556362883909,0.012643870318713911,0.07881614793345236,0.10580887091236169,0.008931165225522838,0.5993216898809769
7,7,OUT,OUT,0.21207142398088855,0.029032133373677785,0.0016255413903424494,0.01664732423385338,0.07019995951620034,0.1713150777189224,0.009578716424430438,0.48952982336168466
0,7,SINGLE,OUT,0.18524447787385825,0.030524968959187215,0.0021314802991262097,0.017404372927544043,0.09286300506665295,0.1301435827967579,0.005312636225296681,0.5363754758515767
5,7,SO,OUT,0.22653479174014374,0.030165084622251797,0.0019141411081897576,0.008425208519034211,0.057147228647728046,0.19528658379287211,0.006459992409167185,0.4740669691606132
7,7,OUT,OUT,0.18085400240077398,0.02935599205680985,0.002188348800644505,0.009543430356860894,0.03741231186327981,0.23956733960382912,0.006249285224129986,0.4948292896936718
7,7,OUT,OUT,0.27636694523096683,0.019987876066103485,0.002497259199556745,0.008779908534538245,0.03187071389216404,0.20925721503916075,0.005910154847311896,0.4453299271901979
7,7,OUT,OUT,0.12191070078537147,0.02431100459956005,0.0015372142330372296,0.00947495481575358,0.1036648870653194,0.2354329427040977,0.007632514103967419,0.49603578169289336
0,7,SINGLE,OUT,0.15826640902835729,0.055695899291993825,0.0015208280111932981,0.015536279012921385,0.07684951130457847,0.2308385456285256,0.004213155319886272,0.45707937240254404
2,7,TRIPLE,OUT,0.11668643683609937,0.028436513732321228,0.0037051975011857473,0.010571040542883096,0.037762166065914746,0.38777295210955487,0.003898446419268816,0.4111672467927722
4,7,BB,OUT,0.1705154444902184,0.07077174031990398,0.0048480677030488355,0.007411330509830952,0.05195670267761196,0.15199316711106375,0.0036992055002955703,0.5388043416880265
7,7,OUT,OUT,0.11446661774976073,0.016952526967836445,0.003720378752673786,0.011578655765043293,0.03534693490022556,0.26373481114802777,0.017181083115344248,0.5370189916010882
7,7,OUT,OUT,0.09582781940577954,0.020765916287990523,0.0026600454618697558,0.0263893068139689,0.04337991473903693,0.2707310795211453,0.011081390333016897,0.5291645274371921
5,7,SO,OUT,0.1217471249141343,0.021868799909764338,0.002454170294840171,0.013123562351599467,0.0468623427781366,0.26534482021206707,0.006015653939222574,0.5225835256002355
7,7,OUT,OUT,0.12526258780701138,0.0947962400388038,0.001599571744167647,0.010792230338944341,0.07064857908541126,0.2292413215419842,0.0042701588348985344,0.46338931060877864
7,7,OUT,OUT,0.14462893855530873,0.04179541812038366,0.0037351158424040066,0.010745464554397,0.06689120328076145,0.22840020299516786,0.004885298003100396,0.4989183586484769
7,7,OUT,OUT,0.11356000207559988,0.0386064990389435,0.0015935320309444288,0.04916261825284254,0.07527231662971827,0.3361431959812195,0.004084250803293607,0.3815775851874382
0,7,SINGLE,OUT,0.10188290439387457,0.038234617732615224,0.0014294006594455747,0.007308306102637882,0.06364045213800473,0.27218491243677273,0.003736756886306872,0.5115826496503425
5,7,SO,OUT,0.14834349226012242,0.028054217360899733,0.0015850179308761906,0.010985406373697075,0.05838799437591378,0.26950317178287214,0.01030158067508655,0.4728391192405321
7,7,OUT,OUT,0.2143376355485096,0.03005151016247004,0.0015824970263727419,0.008965039037872881,0.07222391522815513,0.14917558152225516,0.009475396565545451,0.514188424908819
7,7,OUT,OUT,0.21479776770054204,0.02726442064051179,0.001548997605012655,0.00844165754880826,0.05458569418487867,0.2394892167543169,0.009114611000583852,0.4447576345653457
0,7,SINGLE,OUT,0.10408126080128682,0.024876731616526218,0.0015304276482113102,0.02682417076742186,0.07048880054161338,0.3411255085758239,0.03984256802304159,0.391230532026075
4,7,BB,OUT,0.15875941173651842,0.02975218632804849,0.0017317474335259084,0.02042920063286713,0.09441732482583026,0.09294338289427066,0.14525037359950385,0.4567163725494353
1,7,DOUBLE,OUT,0.28611272452799935,0.03020385717073286,0.001985252790273532,0.05023451004247581,0.0527349814321413,0.15185050431550484,0.004802300446149817,0.42207586927472246
7,7,OUT,OUT,0.1592480311242022,0.0427038986323276,0.0017309397635738633,0.008760352520691768,0.06024217095000495,0.17351139159417187,0.005341703238641206,0.5484615121763865
7,7,OUT,OUT,0.20148950981908248,0.021174117606209745,0.013927084474495463,0.009202391792332355,0.07182793863591115,0.1827231380178671,0.006925322172631077,0.49273049748147063
7,7,OUT,OUT,0.14825127566825275,0.0315700906381789,0.004486669868317453,0.00813130550086827,0.0359055351249684,0.15543365517723987,0.004240992655059942,0.6119804753671144
0,7,SINGLE,OUT,0.15468610530767146,0.02806991698507166,0.0019700597223211076,0.016696369062114885,0.05141028688650861,0.26841503344668455,0.005147203660704656,0.4736050249289231
4,7,BB,OUT,0.27438679812524785,0.033498299160640885,0.010256399489969861,0.008200181546374082,0.07339991719460084,0.20613154233550854,0.00780207166072721,0.3863247904869306
7,7,OUT,OUT,0.18597917981928322,0.04187261535356501,0.001732355908327511,0.012180796703585572,0.10936899917540518,0.12445560998420506,0.006040248777660432,0.518370194277968
7,7,OUT,OUT,0.15440331334718024,0.02862707931432517,0.0015477315199695382,0.03625168801949659,0.07857928832060064,0.2872920556444475,0.04577006547415913,0.3675287783598212
7,7,OUT,OUT,0.23323841848597499,0.02826273200220966,0.001707706954417175,0.007178813086711993,0.05850065969656339,0.142211750857351,0.005769013246750457,0.5231309056700213
5,7,SO,OUT,0.14516614784339377,0.03398345609612209,0.0016404378351880394,0.010874307514294372,0.08427314324173509,0.17815492410846678,0.013490865605964878,0.5324167177548349
7,7,OUT,OUT,0.1508163532813226,0.032291763791353234,0.001519899824917386,0.009866937543344466,0.0627723607447583,0.16781680462125237,0.0052120420844032535,0.5697038381086484
4,7,BB,OUT,0.11210047994013701,0.02225412551795763,0.001346899126731568,0.15207162493850984,0.05631046914252122,0.2902986934882728,0.004740374909925796,0.36087733293594415
7,7,OUT,OUT,0.15301810342947678,0.025270597409635977,0.0015794009690376653,0.008165813343850123,0.06016074736860717,0.21416333655779127,0.005254583065405943,0.5323874178561951
0,7,SINGLE,OUT,0.15495910373795474,0.02273250529841622,0.001632652801484953,0.006522779108471519,0.04787356321990794,0.1871559820916914,0.0046263477028226415,0.5744970660392505
5,7,SO,OUT,0.184835503836514,0.027742025653466756,0.0015134015579720396,0.011630374538749292,0.05969558224255811,0.2616062769060738,0.004880540564990272,0.44809629469967566
7,7,OUT,OUT,0.14663319717735346,0.02365024098755699,0.0018406154611204648,0.013259409230944867,0.07944334259142351,0.214520750111116,0.007594162236453004,0.5130582822040317
0,7,SINGLE,OUT,0.2730731588424667,0.027262188557917285,0.0014696253993806013,0.00908883589910595,0.05719837522195166,0.15036529825455672,0.005154488387429703,0.4763880294371914
7,7,OUT,OUT,0.14621660299780034,0.03072525277556977,0.0014567518423735134,0.007414341349717434,0.06740531783080425,0.1575394876724686,0.006995915674533741,0.5822463298567324
7,7,OUT,OUT,0.13955467908967864,0.02590971781147122,0.0015821303878588361,0.015395529199665404,0.050699571848761726,0.1908751447553588,0.008820260260051751,0.5671629666471537
7,7,OUT,OUT,0.0983626673768512,0.03226829840391863,0.0015216654957343695,0.015669275256429454,0.04301541921694409,0.21593536489460072,0.004720962008688904,0.5885063473468326
7,7,OUT,OUT,0.08940247340531021,0.05412397389075195,0.0015138704314811376,0.01447848732076787,0.061859986191167664,0.33215830732257356,0.004036629431147447,0.44242627200680007
7,7,OUT,OUT,0.08063622789521696,0.016447778280689752,0.0013832464344853148,0.007161156438360646,0.04442495975466304,0.2854423768735237,0.003576921683476282,0.5609273326395844
0,7,SINGLE,OUT,0.11203202361155118,0.01770537678377153,0.0014635191360494897,0.007858428710573415,0.04157502662629862,0.3060691433829553,0.004614629299456556,0.5086818524493438
7,7,OUT,OUT,0.13383389925764505,0.017030993701545042,0.001590868618840681,0.007742393238602149,0.0757985234504157,0.23789792056290268,0.006401165360430736,0.519704235809618
7,7,OUT,OUT,0.14761534685939545,0.018501489065620474,0.0014771987742404782,0.011118846501688581,0.04943643637288341,0.2542199772754198,0.004048270928066822,0.513582434222685
4,7,BB,OUT,0.2027761845047449,0.04725431773955643,0.00167189810079466,0.01164183486885299,0.04500419691331867,0.21779155383276724,0.004342021708130912,0.4695179923318342
7,7,OUT,OUT,0.10918145589847102,0.030768419940165877,0.0016660219272109028,0.01483702725230398,0.05279473184514867,0.19901109113043622,0.004210666495648775,0.5875305855106145
0,7,SINGLE,OUT,0.12012012902055207,0.04356988016991954,0.0015621756919967067,0.0112379662981517,0.08061840405812559,0.28454011680206986,0.003946148130922423,0.4544051798282621
7,7,OUT,OUT,0.0958993688977004,0.040344427001819005,0.0019731315034137013,0.010894004164184911,0.04149095617789929,0.11614135595555246,0.0053422831892033385,0.6879144731102269
4,7,BB,OUT,0.10609487896675757,0.06279223727485611,0.001488936176226171,0.013341267168562857,0.059308638195421835,0.11417085241560565,0.00394770151535835,0.6388554882872114
7,7,OUT,OUT,0.17627888568810243,0.03303462973075336,0.002107633723490488,0.01129296647675916,0.04578187760000512,0.1617164680292648,0.008323261181613762,0.5614642775700108
4,7,BB,OUT,0.12476100704478452,0.06750645985518425,0.001547899514115061,0.013861795898585442,0.05196406555707653,0.22596196697218243,0.011534496483466534,0.5028623086746052
7,7,OUT,OUT,0.11718782193839526,0.02138369076039457,0.0015365798940396589,0.008187915231042214,0.05415067886784834,0.21733069347914838,0.004835047291352934,0.5753875725377786
0,7,SINGLE,OUT,0.16931908986826968,0.027055550851554186,0.0015555181441800916,0.013408369308202718,0.056271875804896954,0.26597070726331934,0.004683437935675932,0.46173545082390105
7,7,OUT,OUT,0.15385321071570346,0.015561823847608073,0.0019114378783519344,0.007486905338421297,0.052438562476566294,0.22738499057733902,0.004067309983288288,0.5372957591827217
0,7,SINGLE,OUT,0.18415496978853174,0.02011164919776899,0.0020390799201175694,0.009150654163204307,0.0868460724136487,0.2525220294135023,0.004286156588964264,0.4408893885142622
7,7,OUT,OUT,0.16978194516065542,0.034637033252977206,0.0026953808264555826,0.009059111518552895,0.04190479020900539,0.16387285942451238,0.005781583486349802,0.5722672961214914
7,7,OUT,OUT,0.09381425039880295,0.03503828912608555,0.0014822594050438185,0.011206873856829684,0.03633379217973607,0.22286573025475834,0.004574670215470682,0.5946841345632728
0,7,SINGLE,OUT,0.09014023055999508,0.04231090933578557,0.001579842878558931,0.013902731128177932,0.0624102653356075,0.3064791541947585,0.004320414592922646,0.4788564519741939
5,7,SO,OUT,0.14888631311721792,0.030760168774988238,0.001756958894011964,0.011037592909381359,0.050773618942181784,0.14587601967245445,0.009127255473042675,0.6017820722167216
4,7,BB,OUT,0.1221071235691679,0.09144563258740636,0.0014024898419990523,0.013333734898311456,0.0483856764632027,0.202775058987748,0.006227952215369854,0.5143223314367947
7,5,OUT,SO,0.11177885518951197,0.022644689864049997,0.0016227617525829629,0.05340392941455879,0.06771652569772348,0.3914904443704304,0.004346682900825739,0.34699611081031667
5,7,SO,OUT,0.11090903412308978,0.027655652484189386,0.001463948416684161,0.00977525069310259,0.043952511908551754,0.3017945355184225,0.003672918052744989,0.5007761488032149
7,7,OUT,OUT,0.13279579026509772,0.02546172358528323,0.020076231894853285,0.006567644293157421,0.027983384947117784,0.15010273082029146,0.003697383823485752,0.6333151103707135
7,5,OUT,SO,0.08320274531187373,0.01896095850848979,0.0013840828308468195,0.02715121360948076,0.037069309452701156,0.43112764670863785,0.007330936382727483,0.39377310719524244
7,7,OUT,OUT,0.10777385976917171,0.04175341132969733,0.0016061223819943524,0.02261630360260379,0.05895270882098169,0.19040462471160788,0.007773253397803846,0.5691197159861394
0,7,SINGLE,OUT,0.2572496367314931,0.028043049846884025,0.001657720300551753,0.03296144398865244,0.10494088871440706,0.11522293061441474,0.005100721738114276,0.45482360806548267
0,7,SINGLE,OUT,0.2126102277524893,0.029309087900151267,0.0016362673015404656,0.01664676194532733,0.06268183483082794,0.18281855454601378,0.00469652616238554,0.4896007395612642
5,5,SO,SO,0.10312408719312201,0.027907130130992445,0.0016571020737401652,0.03236990577618508,0.05499546783191602,0.40590459166845627,0.012805893576906334,0.36123582174868174
1,7,DOUBLE,OUT,0.2102995782201695,0.046687953811960226,0.0018438043761674736,0.030629560326776117,0.1136262426092406,0.12620352585012942,0.008012256172295803,0.4626970786332607
6,7,HBP,OUT,0.14502273977087934,0.045045585890172116,0.003062009460993903,0.05819117386259248,0.11265317666663187,0.12047061496722752,0.009934391557075322,0.5056203078244274
3,7,HR,OUT,0.19900549927712186,0.03473551173156771,0.0016693276378456016,0.0102673726575386,0.11816281129813272,0.1267534806683054,0.005256149610892517,0.5041498471185958
5,7,SO,OUT,0.17351601256844285,0.04995449626117355,0.002405987881578224,0.0495315849774525,0.1188440558673382,0.2177976151719404,0.005654207305117773,0.38229603996695644
1,7,DOUBLE,OUT,0.20098796819404963,0.020944504478286004,0.003633810658128639,0.009260454161630976,0.05504696249436002,0.19350112622727156,0.005819014186073372,0.5108061596001998
5,7,SO,OUT,0.14736726137248626,0.027151417803695076,0.0014975417212027586,0.030670244131033197,0.06635102596014854,0.2710562462919645,0.00475321535496001,0.45115304736450956
7,7,OUT,OUT,0.17045312391638207,0.022664756887303957,0.0016166021603667444,0.01380631449024019,0.08124758850261593,0.20574312447028992,0.005657198868980104,0.4988112907038211
7,7,OUT,OUT,0.17058380449632207,0.023048915182099783,0.0018160496230709801,0.006402623509525183,0.030936037373512137,0.09811927130910118,0.00420952611668175,0.6648837723896869
5,5,SO,SO,0.09392386146951755,0.028836794898044256,0.0017604462368606079,0.008976763332129547,0.053620463167569736,0.4177648688559974,0.004179957210522514,0.3909368448293585
7,7,OUT,OUT,0.09391782173625926,0.01841549926439602,0.0013037671239064291,0.006910762559660157,0.04759208580786971,0.1944465576188094,0.004055313571072573,0.6333581923180265
7,7,OUT,OUT,0.1450952538023079,0.03866506849264806,0.0017717707537524556,0.011488030769677054,0.07424376196618972,0.20537087440183213,0.008862470224521041,0.5145027695890716
5,7,SO,OUT,0.13602710048971217,0.019199577224402666,0.001563992542042599,0.008172654633327042,0.042053982683382216,0.33001758121136837,0.006228215898483644,0.45673689531728145
7,7,OUT,OUT,0.11517240199916388,0.019222155801452007,0.0013318097300131257,0.007026619520774909,0.07547250221579416,0.13499787190696214,0.006055216308987837,0.6407214225168519
7,7,OUT,OUT,0.147888161041292,0.020948162157889763,0.0013705590937943574,0.009647976221443018,0.05396678188092059,0.10134928493033357,0.008490340848589371,0.6563387338257373
7,7,OUT,OUT,0.17342140320155378,0.026652565918592042,0.0017698884029016995,0.045985445826908306,0.05860685500552301,0.23224310244687613,0.0044087871235603425,0.4569119520740845
7,7,OUT,OUT,0.09766091902318691,0.02298534249316193,0.001382455793174019,0.030124046974481237,0.06700910218654446,0.29389371455613245,0.005754743795158553,0.4811896751781605
7,7,OUT,OUT,0.14953374658968194,0.04070083727650892,0.0034826885460221705,0.04280301314596544,0.09929942761627546,0.1580525829846254,0.008767297881580658,0.4973604059593401
7,7,OUT,OUT,0.12979609795069835,0.01937481668061805,0.0014953204669821462,0.009385249422107828,0.043444489306866126,0.18096627694796497,0.027524228806057392,0.5880135204187051
1,7,DOUBLE,OUT,0.18254100740137053,0.04281558422972098,0.0014659219234069557,0.00889364799252048,0.05697538755211174,0.1283969919323677,0.004784516974762171,0.5741269419937394
7,7,OUT,OUT,0.22270897766591477,0.01947081765536374,0.0014176780300066399,0.01097133446954935,0.08501314246463317,0.11345971371292332,0.003817758358140075,0.543140577643469
0,7,SINGLE,OUT,0.164733064625063,0.031143824575520094,0.001471187949116553,0.029998003953288836,0.06592820108621945,0.23026075454497863,0.0044488109857337395,0.4720161522800796
7,7,OUT,OUT,0.14468087691888662,0.03150783449049087,0.0016159048812289121,0.015908372139155646,0.08668897652853226,0.16914481295279868,0.007665402209032115,0.542787819879875
0,7,SINGLE,OUT,0.18177474834062587,0.0257576226516796,0.0017426488677096477,0.006806594101744571,0.0312602012576542,0.0950401694241038,0.00448244464054821,0.6531355707159341
0,7,SINGLE,OUT,0.13881101201921586,0.01745244030534388,0.0012569304416807103,0.01034023413090055,0.053079609245614265,0.09096819114481504,0.0058135105044779,0.6822780722079518
7,7,OUT,OUT,0.17769627434361965,0.03628546098697393,0.0017541313569368329,0.010640071786853243,0.10060371341594747,0.13296118542440052,0.005353207851692096,0.5347059548335762
5,7,SO,OUT,0.12213735904601146,0.02650170723551788,0.001403059954772136,0.042529624415614274,0.0804947793726777,0.20867476220711495,0.004553009024014257,0.5137056987442772
7,7,OUT,OUT,0.18048840713285327,0.02523689998175835,0.0025306446270165974,0.009606529064164987,0.06051237598289152,0.19850867009777368,0.004820763938846216,0.5182957091746954
7,7,OUT,OUT,0.18961121250716687,0.03261719141131052,0.007292045308210654,0.008357692794260397,0.04513864668454545,0.21866516143403147,0.0051294616543494445,0.49318858820612527
0,7,SINGLE,OUT,0.14379225693446834,0.03243242267420572,0.0020184951920219473,0.06436080279452681,0.057723980502492375,0.2566502407032455,0.014679785083144672,0.4283420161158947
7,7,OUT,OUT,0.23820331013209461,0.043224010278831444,0.0015555647036021682,0.02859274928368515,0.06217629375240108,0.15374430121020208,0.003987519209212444,0.468516251429971
7,7,OUT,OUT,0.18119823879597163,0.053532697096086476,0.0017166445221491835,0.016977159405678233,0.05539762547362337,0.1541689609005646,0.0056716900899189526,0.5313369837160076
7,7,OUT,OUT,0.14454551068734817,0.01767123297302,0.0012447428666613517,0.007688223286893007,0.0470812203959882,0.09196662087788843,0.00766599409726139,0.6821364548149395
7,7,OUT,OUT,0.17640116568051736,0.14933817850740388,0.0012526813290806074,0.008093176086050114,0.05736507812810522,0.09217889585873412,0.003997086198281192,0.5113737382118274
5,7,SO,OUT,0.12290070012779619,0.02876295379934791,0.0016586542157046326,0.032146057878398415,0.09427662994643038,0.17239414392149174,0.014375668850352467,0.5334851912604782
7,7,OUT,OUT,0.1252760522046429,0.025526894386535118,0.0014821878491604794,0.013152017686533837,0.06483182846655482,0.18088659203573504,0.006681015519940565,0.5821634118508973
7,7,OUT,OUT,0.12658523820741577,0.02499058770963269,0.0016740354699852282,0.012178218655635736,0.057401232984865005,0.2571973719697669,0.003938623634938772,0.5160346913677599
5,7,SO,OUT,0.13205632786797714,0.017289152554315842,0.0021758252115976237,0.011964382440386199,0.1576739524839725,0.24639433255612497,0.0044218887276871325,0.4280241381579386
5,5,SO,SO,0.12089832172716856,0.029569499411899396,0.0016379826597132353,0.054567097815231266,0.07905420290141815,0.42154381527944285,0.006360187816787173,0.2863688923883392
5,7,SO,OUT,0.21677746643172055,0.021652517298283512,0.006687999854230517,0.008432623732608438,0.06517274147647256,0.15431185121047802,0.004008799489679697,0.5229560005065267
7,7,OUT,OUT,0.12854815816549847,0.04129504302094854,0.0017043620582425395,0.01549031045075365,0.05979714744821959,0.17849007624066768,0.009364716764268517,0.565310185851401
5,7,SO,OUT,0.19265585920211892,0.04289336573576667,0.0015096352783769357,0.016347725615839456,0.08201293104217305,0.1415918702661494,0.005257383235091793,0.5177312296244837
5,7,SO,OUT,0.20923437714577212,0.03724065979902767,0.0016643842909925318,0.017523604419972073,0.06979423949171859,0.1538343234492135,0.004341923312516445,0.5063664880907871
7,7,OUT,OUT,0.13887320543068415,0.023808333134392505,0.0017152610283440878,0.008199657315545835,0.050407101309577304,0.14614433261436505,0.003914271862383791,0.6269378373047073
1,7,DOUBLE,OUT,0.20251605246780033,0.03492180067914697,0.0017551128703123505,0.015615893482537311,0.05695351412896946,0.16285735268848744,0.00536756367054573,0.5200127100122005
0,7,SINGLE,OUT,0.1980408892189055,0.03491047406466331,0.0015871208176908669,0.039352117856335043,0.07444073534791691,0.16889034564676747,0.004574616575609158,0.47820370047211175
0,7,SINGLE,OUT,0.19869077879075325,0.032066225377723,0.0019976261183518845,0.012113699581531589,0.07378749525796241,0.13822784376009395,0.005058892953737891,0.5380574381598461
7,7,OUT,OUT,0.1449688877314992,0.03068730223874208,0.0019415923830996054,0.048398191545006866,0.06444233235649562,0.2678239515934878,0.014271439201693147,0.42746630294997556
0,7,SINGLE,OUT,0.21641153647757874,0.029185940840641158,0.001661428523450488,0.008869811216552814,0.11580442771486404,0.12416424514965192,0.004720394267470693,0.4991822158097902
5,5,SO,SO,0.09114039789722501,0.021151084178773094,0.0015833988544795487,0.12925257113585475,0.06848791680482139,0.38398756148089774,0.004481872550822057,0.29991519709712633
5,7,SO,OUT,0.09595754931375601,0.018008977010057464,0.0018723488245245819,0.00964559498895737,0.04549427339112734,0.40489027809424727,0.0051486378163194315,0.41898234056101047
7,7,OUT,OUT,0.0942258569117831,0.019697858917230342,0.007523414337632694,0.010839934265825807,0.06891527480270443,0.11760307197644157,0.011584200011457688,0.6696103887769244
5,7,SO,OUT,0.13793050624275777,0.027577884044883594,0.002103452361316816,0.008891912251397929,0.055419630318618816,0.18917624385182208,0.004874895471122987,0.5740254754580801
5,7,SO,OUT,0.11163974624344408,0.02836654244260828,0.0016272254461688377,0.008991691643897275,0.049251616098042426,0.18373663274997182,0.004714905071938294,0.6116716403039288
5,7,SO,OUT,0.16982832181844779,0.053655750111271584,0.0024060691046292513,0.05282079675043155,0.08929254671194001,0.2120015393263719,0.006276482460889319,0.4137184937160185
0,7,SINGLE,OUT,0.1993105650649004,0.02884293935920152,0.004181720910719649,0.008856144969145907,0.0531983704303754,0.15944608158655604,0.00488856050345098,0.5412756171756501
0,7,SINGLE,OUT,0.26840981966167937,0.02063124177772085,0.0015015249448801541,0.02824974857986733,0.0727483434572773,0.11499580513538399,0.007398327856422659,0.48606518858676817
3,7,HR,OUT,0.25871571852891395,0.022166286842024548,0.0013623269056214369,0.006846076083307474,0.07692591681013577,0.11192911156804933,0.011021227473728181,0.5110333357882192
7,7,OUT,OUT,0.13096220592186525,0.019504045651055117,0.0014729894375299765,0.009049319193916428,0.04935395500822204,0.18322003985478819,0.020881249065983085,0.5855561958666399
5,7,SO,OUT,0.18048559574339051,0.036443910038650884,0.001405246330894518,0.008596083911065783,0.06498976670619595,0.11529285975122566,0.004370576027521781,0.5884159614910548
0,7,SINGLE,OUT,0.2394568591082988,0.023199117013439095,0.001446347825759032,0.009724126650145291,0.07676343537574731,0.12246903518897496,0.004422444217206828,0.5225186346204287
7,7,OUT,OUT,0.16489713729468256,0.04263263138892254,0.0035548133165174637,0.07555685557976427,0.09251302832525789,0.11730669882001937,0.00454090831274263,0.4989979269620932
7,7,OUT,OUT,0.18981016524919908,0.04089525305139367,0.006934535740121869,0.010085677482247854,0.08789127135479795,0.14149522363718842,0.010606665299643683,0.5122812081854075
7,7,OUT,OUT,0.22006091758395113,0.01723345022653241,0.003421851947716333,0.008165634015005568,0.0909564635172488,0.12330537784024967,0.008088647272342436,0.5287676575969537
5,7,SO,OUT,0.17019948108347374,0.020777704771399952,0.002570399272403604,0.008943492515707013,0.0948311392154835,0.26761978043372436,0.004128541074249783,0.43092946163355805
0,7,SINGLE,OUT,0.19114479001602364,0.044174513034755135,0.024301968980036785,0.007630726544743949,0.051468902983124336,0.11014071817039751,0.003996027343903459,0.5671423529270152
7,7,OUT,OUT,0.07777206397360781,0.023482966463230944,0.0014794104453263088,0.012567602862353056,0.038716617819450065,0.30590651668693003,0.004123945659728975,0.5359508760893729
0,7,SINGLE,OUT,0.1972837156464537,0.023523107116595166,0.0069593840468579575,0.009235447750728348,0.03948822620541556,0.1868805129704756,0.006969785760034047,0.5296598205034396
7,7,OUT,OUT,0.11431353466711719,0.02557257899473374,0.001306130259329589,0.013114940727886472,0.08502037735374848,0.2808646012176763,0.005521547673875589,0.47428628910563253
5,7,SO,OUT,0.11446647087486372,0.024360719459725153,0.0013996573046839089,0.02604630874124963,0.046266777898055646,0.2571624276632486,0.006057777489636009,0.5242398605685373
5,7,SO,OUT,0.1526040374634182,0.022185133912617075,0.001441481383137751,0.0077019026866434245,0.03887689728953283,0.2241638985049327,0.004501664659914334,0.5485249840998038
5,7,SO,OUT,0.15623317616889867,0.03032953382641666,0.0016831532596786707,0.007895662654910854,0.042607617164903966,0.17655933345287206,0.004002848289198672,0.5806886751831205
7,7,OUT,OUT,0.15248157476096086,0.028559560908863055,0.001630051383537088,0.013628798877650885,0.059519816867843446,0.17758190876228233,0.009547476677772768,0.5570508117610896
7,7,OUT,OUT,0.15856844263206515,0.03110976814069831,0.001611066959158397,0.01791882016094705,0.0940447995846246,0.22847478627077172,0.0076041283959430075,0.46066818785579183
7,7,OUT,OUT,0.1138790115624106,0.04528557126293852,0.002389186531884267,0.04985657524024233,0.06539577352263393,0.2377602060438501,0.006671382599880388,0.47876229323615993
0,7,SINGLE,OUT,0.14558087997729652,0.0332323358526271,0.006043115929004116,0.023181753041305143,0.0621601124345619,0.22695996770404425,0.01131442261205061,0.49152741244911036
7,7,OUT,OUT,0.22118791999201576,0.024879843458727787,0.0019038031634684624,0.00893168927227062,0.04190615448550017,0.16540424857752326,0.008817568567512661,0.5269687724829812
5,7,SO,OUT,0.13242130799390675,0.04155962993184588,0.0017108276868215975,0.0216359126942637,0.16382437911888786,0.21756662075303998,0.017120937862984163,0.40416038395825
7,7,OUT,OUT,0.1446494780125394,0.02300805757695561,0.0015882939674288872,0.007144155660807913,0.04719327289490471,0.10584457057817953,0.00704385953158246,0.6635283117776015
7,7,OUT,OUT,0.14195988228354917,0.019985956352610777,0.0014549567492908025,0.009055337369796865,0.040868685310726134,0.18011966067547167,0.005003390468256368,0.6015521307902981
0,7,SINGLE,OUT,0.2556281927103618,0.023324860931458427,0.0015466671222375801,0.010314803004599627,0.040123893581260305,0.17164468766343208,0.004323779837740543,0.4930931151489096
7,7,OUT,OUT,0.19474880959502908,0.03028913729110462,0.006599691376020769,0.013370982348212808,0.03689085429101959,0.2364978404636065,0.005637442746041282,0.47596524188896533
0,7,SINGLE,OUT,0.1378685244880029,0.03461973050654545,0.0013179653160080146,0.01716484330554874,0.0834420300507159,0.26500854925462647,0.004496576380636214,0.4560817806979164
7,7,OUT,OUT,0.12321720346235485,0.023394248385233556,0.001442114127529159,0.018372249074325282,0.04733560634150268,0.296766551080594,0.005046368636630613,0.48442565889182976
7,7,OUT,OUT,0.24624105817991085,0.03285867956380859,0.0018136748187014104,0.014505669951052558,0.0674198638588313,0.14853100678883463,0.0044207849793830795,0.4842092618594776
5,5,SO,SO,0.05649377735024481,0.017600363589536736,0.0011273347826683561,0.006193453222453106,0.028792266611347688,0.4885135971048724,0.0031030837977185964,0.39817612354115817
7,7,OUT,OUT,0.12275438491847472,0.028559532715275317,0.0015488138024967004,0.009519016584076693,0.049152130187659376,0.18108739671127994,0.005607711013169578,0.6017710140675676
7,7,OUT,OUT,0.2186674923292463,0.04769483709214779,0.02225053332228872,0.007828748183924967,0.07043038956392415,0.10226617658441263,0.0041460038637960205,0.5267158190602595
5,7,SO,OUT,0.15805344521967848,0.05760887019677054,0.0016518983273490146,0.021500793472628538,0.10058283510802188,0.20594355251046012,0.008176743017556613,0.4464818621475348
7,7,OUT,OUT,0.1256117458480103,0.04066170067963472,0.002386040669860967,0.03216785311525709,0.07779468009797627,0.2561337932895664,0.0054090532215535884,0.45983513307814056
7,7,OUT,OUT,0.13745537890626336,0.02687671223883783,0.003383669470352328,0.03521132194315046,0.07869684299005573,0.19897810394324955,0.022519902282812476,0.49687806822527825
0,7,SINGLE,OUT,0.19704600974434283,0.025279553353774038,0.0018544846127404367,0.011951456393955909,0.04828698853017825,0.15754429042106727,0.009971653094612034,0.5480655638493291
7,7,OUT,OUT,0.14599145937606386,0.021688657515923065,0.0013754448462808405,0.008024052007655439,0.03752128016328708,0.18499280807342944,0.004144776169253516,0.5962615218481068
0,7,SINGLE,OUT,0.15058885204219652,0.025327811355257145,0.0017723476147965239,0.010134458525056546,0.05286244038884755,0.12385494597353913,0.003934539634461351,0.6315246044658452
7,7,OUT,OUT,0.11606186045674946,0.02747868899566966,0.0014268182501204715,0.007427300660262298,0.043633756167368545,0.20737302793695772,0.010583596749706832,0.5860149507831649
7,7,OUT,OUT,0.2298488686865258,0.02216796243434363,0.0019173407872656418,0.016573863847989572,0.06118009218080316,0.13571457232165873,0.004858881090436038,0.5277384186509774
7,7,OUT,OUT,0.11743244854253944,0.02553420563829477,0.002245001550042457,0.008136118751931555,0.08145916421878456,0.2581999358030001,0.007883409553903237,0.4991097159415039
5,7,SO,OUT,0.09927641419650374,0.03851739111147197,0.0058708342973877534,0.007630148259612235,0.06644506453212816,0.15843425978254744,0.012742188283898927,0.6110836995364498
7,7,OUT,OUT,0.1544358073679812,0.03948556893647726,0.0014626034297341832,0.007613363237525905,0.12062480775322335,0.23975021624759923,0.005580990974035631,0.431046642053423
0,7,SINGLE,OUT,0.16696604939848628,0.023305294108281308,0.0016208816436829488,0.00897423672729979,0.09140095855276126,0.2561794198527342,0.004412555559672546,0.44714060415708173
7,7,OUT,OUT,0.11932057787632484,0.023095803519275662,0.0027592935850395254,0.010491473764335263,0.037555698298968744,0.26684636733670086,0.003948332023967574,0.5359824535953875
7,7,OUT,OUT,0.1314462498561624,0.02055197491337444,0.001913647199193203,0.007123753915587803,0.04226793735806244,0.10632308544497278,0.004434553752639381,0.6859387975600076
0,7,SINGLE,OUT,0.10356724026541252,0.01673159711355932,0.0015000650853957188,0.0069831529963632856,0.03764130165062784,0.20851219191254255,0.0035601495851190694,0.6215043013909798
0,7,SINGLE,OUT,0.14260856096942465,0.024202731203425996,0.0105642027515997,0.0075606031789663426,0.07192661903407079,0.11334137871030882,0.0038748023678073368,0.6259211017843964
5,7,SO,OUT,0.13743862918527724,0.03577621895755654,0.0015750719182788617,0.016024758613909517,0.09647915991967085,0.2025686341259957,0.007174915984505586,0.5029626112948057
7,7,OUT,OUT,0.11496032635600305,0.03917082027436818,0.0032467434536531023,0.053561027950764235,0.054917503709189075,0.2917469239123814,0.0038255310475349465,0.4385711232961059
1,7,DOUBLE,OUT,0.13547321894407455,0.02583566217167813,0.006128085698852266,0.02776378967118469,0.06316516796001424,0.19690123754416233,0.010144248861707759,0.5345885891483261
7,7,OUT,OUT,0.1904033103953091,0.02995029106327614,0.0017103472879446476,0.00996457884626802,0.05303133760122478,0.1275785897045298,0.01046027426499177,0.5769012708364558
5,7,SO,OUT,0.12255893509455261,0.0222208216289492,0.0014223387060056205,0.010313037097803006,0.08473569678896253,0.3112059380562715,0.006235102657805773,0.4413081299696497
5,7,SO,OUT,0.10423423102281437,0.01847174477510633,0.0015871931065929291,0.01006909459680711,0.05058682498437786,0.37444618599500923,0.004759869334632377,0.4358448561846599
5,7,SO,OUT,0.12842785769936765,0.024099993353671058,0.0016653274696928027,0.008320649107887684,0.0358185432435225,0.18844462318168587,0.004452034422429093,0.6087709715217433
0,7,SINGLE,OUT,0.2700251686620603,0.03306617616935516,0.001682917140777167,0.011062884185117713,0.046771092130325556,0.20585525262007295,0.005729834610068903,0.42580667448222226
7,7,OUT,OUT,0.23820327409106584,0.024962404571368512,0.00305476138513427,0.01105813482822838,0.03745947672552161,0.19421892331802712,0.0053236025082663155,0.48571942257238815
7,7,OUT,OUT,0.1410282711848289,0.03973957956007472,0.0014964874939452284,0.016017597566874434,0.0955076718897104,0.23254024338629145,0.0048295637625312944,0.4688405851557435
0,7,SINGLE,OUT,0.13152910234584014,0.0280078519301206,0.0015392798392518045,0.023920402620067362,0.05339922742696381,0.24175518423595382,0.0068879809706882955,0.5129609706311141
7,7,OUT,OUT,0.2493495242775413,0.0315526893455974,0.002695782419880201,0.012717299868237237,0.06937485136245046,0.1461444275943422,0.0045037844054843885,0.4836616407264667
5,7,SO,OUT,0.15729570321306474,0.02870773854976907,0.00154238800750453,0.014534381497293573,0.05376338526662304,0.22234792143711016,0.008749463619081252,0.5130590184095536
7,7,OUT,OUT,0.14581414731247272,0.044724472617286806,0.0016748341576527774,0.021455318530125993,0.15494598336457194,0.18944662420468814,0.011731535316450157,0.43020708449675144
7,7,OUT,OUT,0.1738802388822995,0.030316912852190757,0.0019812203503215067,0.007309988577034172,0.045302944861115794,0.1055384249844008,0.006454337905201829,0.6292159315874356
7,7,OUT,OUT,0.13267049904999786,0.038895606939336365,0.001678637108032286,0.018024073877098215,0.11470569170091015,0.23868822154825473,0.00670205377577198,0.4486352160005983
0,7,SINGLE,OUT,0.10536815986045239,0.04900484323846456,0.002571386003379076,0.05742022870556342,0.060896032686867205,0.26807250895282814,0.004750463964459142,0.45191637658798606
0,7,SINGLE,OUT,0.13617475184918734,0.02351891455372936,0.005447085109735908,0.049836694327530434,0.0649055722390373,0.20864236488033724,0.010055206386131341,0.5014194106543111
7,7,OUT,OUT,0.2738581461348063,0.03151971351482455,0.0018590731634578394,0.009356128109916702,0.04700701167925069,0.1357200627798818,0.014541974408439106,0.48613789020942294
7,7,OUT,OUT,0.1578412546666776,0.03369200391965693,0.0037594579277722617,0.009718680762896855,0.04491154748454785,0.17213122589103744,0.005127106051730065,0.5728187232956811
5,7,SO,OUT,0.13825292164802275,0.021650559832617995,0.0013995214875407453,0.007423130138513461,0.03590345226862699,0.20778498536351567,0.004997403515300334,0.582588025745862
5,7,SO,OUT,0.06023586741564018,0.01773616786947025,0.0011667895004250132,0.006287983999245165,0.029823741833041793,0.40753551609723454,0.0036742500589183537,0.4735396832260248
0,7,SINGLE,OUT,0.15557943691549853,0.04157192728143189,0.0016143883916256352,0.018180567860164185,0.047700032507326774,0.17165462671962262,0.00754799013448976,0.5561510301898407
0,7,SINGLE,OUT,0.2172856834791139,0.028073171094415064,0.001599691102203879,0.008194160164324468,0.09176617915262919,0.1866388883540243,0.004276578622964462,0.4621656480303247
4,7,BB,OUT,0.31753803440483075,0.031975557488575626,0.0029322973099304476,0.008329551350438771,0.08307995680419786,0.14284630206355084,0.004201996149341102,0.4090963044291345
7,7,OUT,OUT,0.13947198423681942,0.04290154943851806,0.0018133538025019637,0.010072543210043812,0.10290889240420226,0.23053133766169492,0.005345525642694694,0.4669548136035249
7,7,OUT,OUT,0.0908969661575827,0.0356431785759292,0.0015309099354111615,0.036810485395445215,0.11025534896505376,0.24926908799666458,0.0037134893118821307,0.47188053366203114
0,7,SINGLE,OUT,0.23542358021429627,0.0361662383721842,0.003476916346961775,0.008883172471166687,0.10375731888792922,0.14270496496389376,0.010710458271106471,0.45887735047246153
7,7,OUT,OUT,0.1560880463873686,0.05327139271403192,0.0022023510172102757,0.011262288995484265,0.07250160244871025,0.20633275511925983,0.011806811257203937,0.48653475206073094
5,7,SO,OUT,0.11977381372144573,0.021021997711950763,0.0015315311247558379,0.008121654027930757,0.046999420475519776,0.23122761939345354,0.004945558058288332,0.5663784054866553
7,7,OUT,OUT,0.1810468647062432,0.03466400966026685,0.0015090452123984201,0.011360184174057302,0.05483800517528063,0.22707842759459515,0.004497266496269547,0.485006196980889
7,7,OUT,OUT,0.1996606344353863,0.017206389983433604,0.0019083968947958376,0.008086770317136626,0.06277866632728937,0.20345665888038245,0.004338866089462216,0.5025636170721136
7,7,OUT,OUT,0.20837956975102576,0.0557508105178405,0.0021566555133207916,0.009464235757210797,0.0531968978554208,0.17520604304525236,0.02641463664718059,0.4694311509127483
7,7,OUT,OUT,0.19878538698807088,0.03494287417957521,0.00165293387120415,0.011081780042575772,0.05944043574605217,0.1970296527267275,0.010372399834688389,0.4866945366111059
7,7,OUT,OUT,0.11366285251080355,0.026934316877051778,0.0021343719795688886,0.008236148861552158,0.074808150720581,0.25159692967068126,0.003788817580745848,0.5188384117990156
4,7,BB,OUT,0.11195260863817014,0.017725169255611423,0.0013862608132244809,0.0071425256810772955,0.06031673706954719,0.3063636616406941,0.003649094441081062,0.4914639424605944
7,7,OUT,OUT,0.1282205465294279,0.01574850325790632,0.0014882683653251398,0.007349595880698624,0.08430628724955565,0.21850298360856327,0.004901153645201311,0.5394826614633218
7,7,OUT,OUT,0.1900803992255778,0.019926345813704536,0.0018968806177168227,0.009340900735700498,0.07785506365733134,0.20582432396739764,0.0046230239645716036,0.4904530620179997
0,7,SINGLE,OUT,0.1455380628181474,0.025175697588262415,0.0027957577776280954,0.008929064694287288,0.03428426795873144,0.15998596700932177,0.005503734043612046,0.6177874481100095
7,7,OUT,OUT,0.10096491938217385,0.029083994348494197,0.002270497758099189,0.05162959784213799,0.08402723323132445,0.2586410396823297,0.00551278679591327,0.46786993095952734
7,7,OUT,OUT,0.1294811132415893,0.03956903910494669,0.007732300592458326,0.00872767396200689,0.07886470903831688,0.14661547615190548,0.016894162987580962,0.5721155249211954
7,7,OUT,OUT,0.13034400212131916,0.029627451507877888,0.002997884211888203,0.00901760211768196,0.08434987920270832,0.16749463402043646,0.020774899059067205,0.5553936477590208
5,7,SO,OUT,0.12041779022092948,0.016812183982547708,0.0014344977419382674,0.011777455069108642,0.04184103873191373,0.33927138563460457,0.003844469122094645,0.464601179496863
7,7,OUT,OUT,0.10753877370279066,0.01966712800046795,0.0014866590668042939,0.007612026708187169,0.04149248494716387,0.23002292972277968,0.004100422004447151,0.5880795758473593
7,7,OUT,OUT,0.13931351478799361,0.032742969279907996,0.0016016008382099918,0.014248858900691828,0.04886518446788436,0.20877206540498974,0.0053011007661579726,0.5491547055541645
5,7,SO,OUT,0.09092867967887619,0.026074409066685712,0.0022518278794510806,0.008158879141601816,0.06305071311929732,0.3702753661701835,0.003991741888996547,0.43526838305490767
7,7,OUT,OUT,0.13902409440187286,0.02768860301026794,0.004772073614189923,0.00788286501139102,0.0773895571150024,0.21220649009282977,0.0043016945564768524,0.5267346221979693
7,7,OUT,OUT,0.11282504053097238,0.033461854740530185,0.001998730122841058,0.008758584658416037,0.09098037700335207,0.19753777101576972,0.004038076706595747,0.5503995652215229
7,7,OUT,OUT,0.13418125458650573,0.03292099139451912,0.0014533032580301476,0.009379010965581342,0.035392320758179135,0.16834231878143807,0.0047388930629933814,0.6135919071927531
7,7,OUT,OUT,0.15038203783836904,0.01527824275314796,0.0017365003834680498,0.007346809756655907,0.061579470768185214,0.20171576394535085,0.004088473589939839,0.5578727009648832
7,7,OUT,OUT,0.15496156398134897,0.03975436724002253,0.002587409685301239,0.010332361737298214,0.049042983993321305,0.2030033259428527,0.006225865597605511,0.5340921218222495
7,7,OUT,OUT,0.19290571884536092,0.027321053191255853,0.00198775928868855,0.009950688482124824,0.08397327409891389,0.27298774921235075,0.005654372619152377,0.4052193842621528
7,7,OUT,OUT,0.15947442322027153,0.039730867142029974,0.0015456746065081262,0.014029903146224395,0.05003300585908053,0.1933309784758221,0.011462937114865231,0.5303922104351982
7,7,OUT,OUT,0.1359304277948146,0.04974222179117946,0.0021499370451821998,0.01036883289431167,0.08945872559811649,0.2988271218231596,0.004276309861833481,0.40924642319140253
7,7,OUT,OUT,0.16162510914504016,0.029512278085546288,0.001609968831507572,0.006805989429094725,0.0447249090746425,0.10264867049018384,0.00838460262145829,0.6446884723225267
0,7,SINGLE,OUT,0.15281759520822147,0.027709558023082406,0.0015857532226912982,0.012103014663719595,0.06184329818268433,0.35522119896101606,0.005279438842664364,0.38344014289592065
0,7,SINGLE,OUT,0.1616623720594107,0.02535143590792054,0.001413292783566236,0.007790849741757107,0.037015390421962446,0.1488409396364343,0.004882442971427436,0.6130432764775211
0,7,SINGLE,OUT,0.19738116571543943,0.03994661786485512,0.014969936482808106,0.008022773604483573,0.06473482289650112,0.10242607000022542,0.004717151535536132,0.5678014619001511
7,7,OUT,OUT,0.12341486655224632,0.033542520170364895,0.0015413072027671152,0.008769163983054893,0.04789617450249519,0.3565464533089673,0.004219833075894148,0.42406968120421
7,7,OUT,OUT,0.1452841130445503,0.03883112232686394,0.0016945908742104986,0.00887396166001245,0.06921373526630648,0.2687389566793764,0.005032321920076728,0.46233119822860314
5,7,SO,OUT,0.1016325882188661,0.023020051127058072,0.0014274727650560575,0.010190328903801485,0.042124212909998515,0.28514433526757216,0.003666015756560697,0.532794995051087
5,7,SO,OUT,0.21450564079522483,0.04913695127987677,0.0017780485192373532,0.010199905634872428,0.0793940298163864,0.22614800023484694,0.005282214186796336,0.413555209532759
5,7,SO,OUT,0.156384285105674,0.03650908365411075,0.0024811905449688343,0.00993979984661041,0.08097029569539017,0.260345894609329,0.0065152877017601194,0.4468541628421566
4,7,BB,OUT,0.14272125093671237,0.05865525235975301,0.001732430407024268,0.02129358312205172,0.09633710099541906,0.215962207513999,0.00890262666652755,0.454395547998513
7,7,OUT,OUT,0.18247258098808963,0.029393884366138146,0.0020799628128688615,0.008039492489953773,0.03784643788748167,0.22149259231381044,0.004011746640087857,0.5146633025015696
7,7,OUT,OUT,0.18630677476948246,0.04943930949571546,0.0019247540224504077,0.01714900099476981,0.052556151995275684,0.2701237694115432,0.004283878660104784,0.41821636065065826
7,7,OUT,OUT,0.14791129551260304,0.02050557964896204,0.0025867182360959787,0.008172950336718597,0.05683692868999374,0.20252816236706886,0.003919882899461426,0.5575384823090964
2,7,TRIPLE,OUT,0.16099179397834673,0.04773288232066516,0.001976505995298637,0.010845352774669319,0.06662806573081234,0.2388271700070194,0.00699408805042589,0.4660041411427627
7,7,OUT,OUT,0.17562339453545517,0.047896182809968726,0.0016556941875032973,0.008293705266783538,0.048023806008142225,0.11499338948680632,0.005381328131587745,0.598132499573753
0,7,SINGLE,OUT,0.16353650527978633,0.04081624242383812,0.0019251349404127286,0.012276457211960952,0.05387546844368345,0.1316984466489019,0.024801365681819024,0.5710703793695975
0,7,SINGLE,OUT,0.11272910158553778,0.05816313226174549,0.002115387238220427,0.015198639904720694,0.058730941699201934,0.13814123114587115,0.00879331706060271,0.6061282491040997
0,7,SINGLE,OUT,0.14512092748560948,0.03568653782341503,0.0018386180874382957,0.023154024074098372,0.04704031552278483,0.21290807149480265,0.011212386343801282,0.52303911916805
0,7,SINGLE,OUT,0.1314129893852891,0.0566665320571963,0.0016667766918866185,0.010722554286179914,0.11687952634908302,0.2328502231823788,0.0061089516862327395,0.44369244636175353
1,7,DOUBLE,OUT,0.18725523971019026,0.05399222263467637,0.001791727178666238,0.013087985850853353,0.03782251673835496,0.11789533877963869,0.02036424729807477,0.5677907218095453
0,7,SINGLE,OUT,0.2070130051142112,0.05074320276686298,0.0016614317672706668,0.016498410122775548,0.0565257203034506,0.127110489953675,0.023788329055882747,0.5166594109158712
7,7,OUT,OUT,0.13072167068226498,0.052301460897246396,0.001491047196122704,0.019569602981240164,0.040506151541360454,0.1606249124524636,0.010615864302029605,0.5841692899472721
1,7,DOUBLE,OUT,0.09646865106237223,0.04400945748314211,0.001464675415025999,0.021093803150655937,0.05059172606831651,0.2730583354276225,0.005586278948755039,0.5077270724441098
6,7,HBP,OUT,0.1390867108549069,0.04834964248264161,0.0016505797683893197,0.018469921300342362,0.04430937456999661,0.17436099463865568,0.008636538994958837,0.5651362373901087
7,7,OUT,OUT,0.18367706044869855,0.07960242821826811,0.001971835547382857,0.011592220546561536,0.05783203150640226,0.21351529893638452,0.017946887599787433,0.43386223719651473
6,7,HBP,OUT,0.15474285776282287,0.02177719957660586,0.0016685748116407268,0.008250005545738185,0.08837352113495393,0.21476004781018165,0.013242000306478858,0.4971857930515778
4,7,BB,OUT,0.31204078351032366,0.030080816031920855,0.0015858299674265648,0.009460425580961508,0.07505256684320122,0.19123963180341114,0.005224206555981653,0.37531573970677345
5,7,SO,OUT,0.12162568050648366,0.034805934458663194,0.0016368799145489226,0.009670164889458897,0.07274494666699133,0.27786806996099866,0.005719533434106867,0.47592879016874856
7,7,OUT,OUT,0.23656410138267803,0.035180006626178616,0.002849825964122739,0.009163169849377652,0.0663984024121796,0.14978921990498192,0.005350954785399411,0.4947043190750821
1,7,DOUBLE,OUT,0.2182954238308382,0.022512178513422992,0.002762022510902445,0.00796707313048396,0.0325223864791051,0.1513103529457207,0.003969420361649646,0.560661142227877
3,7,HR,OUT,0.20062536043611262,0.0210873401677235,0.0025623684294614735,0.007640805720064871,0.08212342669628638,0.1848448193863213,0.00444877401855418,0.4966671051454757
5,7,SO,OUT,0.13091061289063044,0.017473927943868425,0.001582996765983719,0.007192103707720387,0.03817739042846247,0.35955420628988843,0.0036045443433847905,0.44150421763006126
7,7,OUT,OUT,0.27398373862788156,0.023222614286510207,0.0017603182487322309,0.007529439403350747,0.05040350702876389,0.15658446194014086,0.00400664383471816,0.4825092766299025
4,7,BB,OUT,0.17866385143174165,0.03951579037739979,0.00337688897704847,0.011031937428376614,0.12363592595781205,0.1384810174290353,0.009410954692447848,0.49588363370613825
7,7,OUT,OUT,0.1959801234917933,0.02826560189635051,0.003087144755652727,0.01490486832628844,0.03532653250603558,0.1547996389707091,0.005291051124192273,0.562345038928978
7,7,OUT,OUT,0.1961812606857434,0.05001655621785751,0.0015923912615963304,0.011255998581593677,0.06754187231390686,0.12344757821540935,0.0036655559068110477,0.5462987868170818
5,7,SO,OUT,0.16582832381228366,0.029527091385876406,0.001667989330367702,0.009628467434603799,0.07476497131697073,0.16123747865555502,0.004398481880683469,0.5529471961836592
4,7,BB,OUT,0.18961641109882507,0.030093957761042085,0.0018058043649503213,0.018833302426567104,0.1119166181629152,0.18313992517044367,0.007518016090556387,0.4570759649247002
7,7,OUT,OUT,0.17028096738442908,0.029025395989233704,0.001703263799478101,0.009880270332650274,0.10496523511165333,0.18869967180863248,0.01709788798461043,0.4783473075893126
7,7,OUT,OUT,0.2032754297176979,0.03864566233353183,0.002307106382352647,0.007692818578047837,0.03278242619826948,0.12462962752501662,0.004615137071813916,0.5860517921932697
7,7,OUT,OUT,0.1083020991297505,0.018435651228856903,0.0017508193783863603,0.008766920084263712,0.042808809307287934,0.29092766506421175,0.0041683816426818085,0.524839654164561
7,7,OUT,OUT,0.18379627953105948,0.022075788822401222,0.0019189301500855043,0.014021169199978756,0.07267446731942051,0.13392431801064864,0.00459312271791623,0.5669959242484897
4,7,BB,OUT,0.31449688173069756,0.01770092342842018,0.0027496370309163377,0.008349924265512104,0.06939362092877846,0.12641917296767297,0.0042103332056400156,0.45667950644236227
7,7,OUT,OUT,0.17806404729109032,0.025405308262930477,0.0016689503074686866,0.0095082134481468,0.07546723828028655,0.1843275194171607,0.0038066039607444224,0.521752119032172
7,7,OUT,OUT,0.13938120987432084,0.021761715099580217,0.0017042862583937317,0.008554309425386684,0.07001716605876636,0.2204967435794103,0.004439091004716843,0.533645478699425
4,7,BB,OUT,0.20131324557341398,0.025719002959761154,0.0017955623953544789,0.009514621245124848,0.06136222675919081,0.19606405420920875,0.0041476125953694475,0.5000836742625764
7,7,OUT,OUT,0.1019295525300405,0.019220842926522246,0.0016650691283779293,0.007594510776166222,0.03906947708393625,0.3569973173273586,0.0038062230428656464,0.4697170071847325
7,7,OUT,OUT,0.19553860294751613,0.041618963581216965,0.002820675569162363,0.00865394315530382,0.03684156602193092,0.1565612345260061,0.004945386855568062,0.5530196273432958
4,7,BB,OUT,0.1781605535612518,0.024669323153941797,0.0017289091363926,0.011248612208547101,0.1066692119811177,0.21364806402889525,0.02319127313700342,0.4406840527928504
4,7,BB,OUT,0.16289807125302666,0.027453827852125034,0.001827099742538653,0.02064556312402303,0.09636905173441025,0.22896681864458795,0.007483283301830417,0.45435628434745795
7,7,OUT,OUT,0.14468093007274496,0.037164161918073174,0.0019640344203541997,0.0071272404836493705,0.04335164529663085,0.14625879405093906,0.008372721825646575,0.6110804719319618
6,7,HBP,OUT,0.17296778595724685,0.02568085726392496,0.001580587498670966,0.011792043486731093,0.08811007659587955,0.14937010677857673,0.00442778817490389,0.5460707542440659
7,7,OUT,OUT,0.20746928987852525,0.05158759451809915,0.0014509345972770582,0.011415729658315707,0.061423156593587123,0.130288803870189,0.004240848705854621,0.532123642178152
1,7,DOUBLE,OUT,0.20292928307692185,0.029404442547707486,0.001703839114050605,0.009232465355003676,0.0812136854044132,0.12672853936576528,0.004312274591585821,0.544475470544552
0,7,SINGLE,OUT,0.14914328274054398,0.023497743332622164,0.001636616666281104,0.011628210060281379,0.08334382001346541,0.2618831240276162,0.004506253203040247,0.46436094995614957
7,7,OUT,OUT,0.19890703903918888,0.040148411298455776,0.0021005735004312144,0.009911877189902036,0.07660812029688868,0.16898883024568662,0.005066288836029195,0.49826885959341766
7,7,OUT,OUT,0.16301251865089725,0.040656069309250656,0.0018505597081870384,0.008622033417269633,0.04296024193928156,0.15093231333772247,0.00600205486112703,0.5859642087762642
7,7,OUT,OUT,0.24666828627934598,0.02319334508340557,0.0017529289759654447,0.00760185394669884,0.044190526980006375,0.18104013979570593,0.005404256266886991,0.49014866267198487
7,7,OUT,OUT,0.1817097061667122,0.027797194476414017,0.0013754497055361316,0.007342299281893928,0.048739770802198316,0.19699284701171482,0.003519552746653222,0.5325231798088773
7,7,OUT,OUT,0.20788968472671956,0.028687712099398695,0.00188350949509617,0.0351555016370191,0.05542464160726635,0.21899091525097839,0.004295835969966423,0.4476721992135554
7,7,OUT,OUT,0.21288468239973832,0.07408045253521045,0.0018403782729118122,0.034423511889536795,0.05574074890189634,0.11744550612732572,0.004068485698898392,0.4995162341744824
5,7,SO,OUT,0.17722894595940164,0.022977802879181657,0.00252681115691274,0.010787188125541415,0.034602136583107096,0.13512066540129097,0.004883341441664168,0.6118731084529002
7,7,OUT,OUT,0.14356367943393397,0.03543971376137781,0.001934043581481069,0.008117545132182376,0.06402218250126797,0.23125307794555144,0.007874315902938682,0.5077954417412667
7,7,OUT,OUT,0.15423647851426614,0.04257909946399574,0.0025985005312583738,0.008403643597042348,0.03504583155623787,0.15068071159146756,0.006094773992753184,0.6003609607529787
7,7,OUT,OUT,0.1649055119999783,0.028685691883932697,0.0018446358800013048,0.01297387193244989,0.10728218400494367,0.2139663706772742,0.016094324604041473,0.4542474090173785
4,7,BB,OUT,0.16902543295049466,0.02952554003058575,0.0017175100016500174,0.021651669851109525,0.1103093030859076,0.21303705177328816,0.005715203283309969,0.44901828902365437
5,7,SO,OUT,0.19911721121699288,0.020387278257576694,0.0015284979238359016,0.011035666976469165,0.07536456978974831,0.11111194278139247,0.005487337747812457,0.5759674953061721
0,7,SINGLE,OUT,0.22716948921017346,0.02217145192594715,0.0017751465891244062,0.008898402194769159,0.08183157376299367,0.20514197192624567,0.005108967581620895,0.4479029968091255
7,7,OUT,OUT,0.06856895660559625,0.022712292365323232,0.002141829200762963,0.007366207966799951,0.07436757201141406,0.16934664094647492,0.0047082824964318854,0.6507882184071967
5,7,SO,OUT,0.2250413492925514,0.027918032021067785,0.0022439785551469833,0.009016751929004172,0.07965458524943814,0.1545630019300182,0.004723834271399854,0.49683846675137344
7,7,OUT,OUT,0.26252401676322096,0.02354334815851627,0.0017415773712443625,0.0075750677567607335,0.05260894893389083,0.17505644673822598,0.004897385216218294,0.4720532090619226
0,7,SINGLE,OUT,0.22156419849142103,0.02264912455777548,0.002626345218792965,0.012518663584936555,0.03324264026522996,0.12196370081714389,0.004667448537764271,0.5807678785269359
7,7,OUT,OUT,0.08397744938209598,0.03096298702002871,0.0020127465604196262,0.0089467466746122,0.08070300120583662,0.3057146878734733,0.00488330001769354,0.48279908126584015
7,7,OUT,OUT,0.16522620227602575,0.01699838936196779,0.0017641989448779836,0.007605292116362843,0.12939493824988782,0.11817581053407153,0.003979712212689434,0.5568554563041168
5,7,SO,OUT,0.20997400603435598,0.026153852417030145,0.0015789921597610878,0.011961142976760996,0.13714465186659447,0.1816222999345358,0.00396046341799982,0.4276045911929618
5,7,SO,OUT,0.14617449144160424,0.019984069204428166,0.001774253351869444,0.008116215535428833,0.041964501834566216,0.26819707228879336,0.004114235138579276,0.5096751612047304
7,7,OUT,OUT,0.20262267268475645,0.01910720089663036,0.002851267022835599,0.010088609434526878,0.10166091155004221,0.15550386199184085,0.004344541403751807,0.5038209350156158
5,7,SO,OUT,0.12678233522549837,0.020869507014760123,0.0017848815504026283,0.008206527244787484,0.05008529948057028,0.2614315969736442,0.004131850050275757,0.5267080024600612
5,7,SO,OUT,0.24294505792689278,0.046098674495153244,0.001869691915161291,0.027715280649852236,0.06870533846392694,0.22180591079770054,0.00431909689788828,0.38654094885342455
7,7,OUT,OUT,0.1992825135234457,0.03635539437795302,0.0020585574250716766,0.0349257264731546,0.04139323220964573,0.16500485846598592,0.0059518459767081465,0.5150278715480352
7,7,OUT,OUT,0.15215973195142557,0.051580677504845594,0.0019351176363186211,0.025294039850397684,0.08588923849337023,0.1642997495615906,0.006229945643796068,0.5126114993582557
7,7,OUT,OUT,0.1427288328197256,0.0379246095552769,0.0017409631259728386,0.009852465072686242,0.10867330027407003,0.20875013076507437,0.01554786915213298,0.47478182923506107
7,7,OUT,OUT,0.1602967239414929,0.03440420739770137,0.0018596323596676806,0.016602562996073846,0.12999892320719145,0.21900505398421136,0.006937290808211787,0.4308956053054497
7,7,OUT,OUT,0.2445198185039393,0.029894650274496847,0.0021089170896713087,0.008792943051359286,0.08511074048517654,0.1559744767415533,0.004092793377728617,0.4695056604760748
6,7,HBP,OUT,0.22643932003517908,0.03176644105706328,0.003454255961030254,0.011714098910529875,0.1012968777104726,0.2100439173587226,0.005762493768798848,0.4095225951982035
7,7,OUT,OUT,0.22745918959944467,0.03294536606228691,0.006914718145050071,0.015420321981548055,0.05546130828462276,0.14792805528296288,0.004501566978934182,0.5093694736651504
1,7,DOUBLE,OUT,0.21329162949657837,0.02622601668985378,0.007747626832960366,0.017859433700799933,0.07578184021518508,0.11374580305044588,0.0039024339258696356,0.541445216088307
5,7,SO,OUT,0.21883518460872725,0.03299003782793119,0.00200009872675016,0.016674759597986616,0.07474388912431526,0.23868606355300634,0.005263706230735,0.4108062603305482
7,7,OUT,OUT,0.2057666370751302,0.02956322500422996,0.0023972526112891377,0.01982954594837872,0.09002871491397386,0.2006505113464406,0.004228761036297649,0.44753535206425976
1,7,DOUBLE,OUT,0.18073437234678322,0.02622510554386286,0.003145916824166026,0.010653190536264389,0.09729194564031843,0.17230694893739307,0.01097252933245509,0.49866999083875696
7,7,OUT,OUT,0.13841630500133567,0.018720185360208013,0.001780734527840995,0.008028492149409655,0.041176594780898294,0.2840408093465491,0.004144892569687012,0.5036919862640712
7,7,OUT,OUT,0.24138215887941633,0.02384919357717678,0.0019756091448329,0.007675042240967137,0.04679065766111212,0.15433180212013428,0.005403476662665992,0.5185920597136944
7,7,OUT,OUT,0.17717134326716347,0.045373123927113096,0.002701527992479964,0.008261216661504684,0.036813523061789394,0.1391944261113072,0.004503196664786608,0.5859816423138555
5,7,SO,OUT,0.11921152302616891,0.03200107395595829,0.0015296840032384107,0.009677231655435853,0.06420075652540078,0.2502394027687548,0.01806651337242318,0.5050738146926198
7,7,OUT,OUT,0.13618095914081219,0.03504344705552944,0.003842907861744775,0.009182609878836557,0.06760550924591688,0.16847105007594396,0.02779345984978274,0.5518800568914334
7,7,OUT,OUT,0.10310791295149273,0.02546467866545094,0.00159500675897479,0.00832831982391962,0.059836026392670084,0.32664580182125047,0.00615015377623964,0.4688720998100017
7,7,OUT,OUT,0.13251841148492383,0.03370622505398838,0.003282031236837496,0.008508880940155934,0.07122386680841836,0.17209184875749092,0.038302805568636515,0.5403659301495485
7,7,OUT,OUT,0.2023499393208314,0.023116087450779775,0.0027620575577992465,0.009926206606730659,0.0666336834028069,0.13992063074420721,0.008334946130184553,0.5469564487866603
5,7,SO,OUT,0.14780734846253257,0.05021552732581356,0.0016751135350716573,0.024365654616791837,0.11680159399178505,0.10714493092191964,0.009366021468715726,0.5426238096773699
4,7,BB,OUT,0.1616872015704122,0.03886351095919965,0.006520837468332919,0.01694454335747749,0.07812826426838544,0.13087233332018247,0.004489323389422562,0.5624939856665871
7,7,OUT,OUT,0.2225923856111185,0.045577906510864984,0.0018437075706357622,0.007544203428017474,0.07023971518328782,0.16521501958124934,0.005111072252925118,0.481875989861901
7,7,OUT,OUT,0.16678277907898095,0.03462771205538382,0.00226040833617521,0.0272886579292175,0.07078213527678837,0.2571578382312684,0.008507873969616407,0.4325925951225694
7,7,OUT,OUT,0.1362926769078997,0.05127435920234717,0.0020993820088116644,0.00942629461567144,0.08986088920457205,0.1397191798969463,0.006488393485291228,0.5648388246784605
0,7,SINGLE,OUT,0.3434319090671911,0.025099640028895757,0.005354825874930474,0.012824798141694174,0.07334688470034167,0.0882542450469724,0.004108043477002344,0.44757965366297203
7,7,OUT,OUT,0.15813906272225522,0.026392770368652774,0.0019074518743198963,0.024595958892937312,0.09336070082602548,0.18709168290947156,0.004932513429993555,0.5035798589763442
7,7,OUT,OUT,0.18096232724339228,0.03433935541222408,0.0018280984567547705,0.008388792062990993,0.09677686950603882,0.12128952504716846,0.008271732113347282,0.5481433001580832
7,7,OUT,OUT,0.17534092909859741,0.02858417765646181,0.0021492876636718225,0.011816413285824801,0.09246709018499896,0.09701520228253208,0.011984774441552942,0.5806421253863602
0,7,SINGLE,OUT,0.33082827580761054,0.023675763692071233,0.0020488844067452364,0.007440891856676975,0.07709388720774767,0.1079023628843728,0.005967523608743568,0.445042410536032
7,7,OUT,OUT,0.1680899959793293,0.04267729640820062,0.003986101950117227,0.007886656669734414,0.044760346622724226,0.171593509437629,0.004515694674026699,0.5564903982582385
7,7,OUT,OUT,0.19294497799233687,0.06535415967330546,0.0037247031701598044,0.008118344202847232,0.05152236276647836,0.17279813417610082,0.005279133116964984,0.5002581849018064
7,7,OUT,OUT,0.15046765490969521,0.025592831142944753,0.002254801338828683,0.009653012093081137,0.07299822398329493,0.1690266151542842,0.006163029321150008,0.5638438320567211
7,7,OUT,OUT,0.18625679919836666,0.02717989503928718,0.0027215991566190813,0.011002712715075007,0.0860860682958727,0.14742328199189003,0.01180527242032477,0.5275243711825646
3,7,HR,OUT,0.1108915326715031,0.03969020315697856,0.0015314178263567157,0.01929170447916557,0.1126069320299843,0.09849954449164605,0.010658177699672157,0.6068304876446935
7,7,OUT,OUT,0.18471604962733995,0.030698294588646927,0.0020962948223311882,0.007828924083772268,0.0467711352193748,0.20276452089070152,0.00935049596867337,0.51577428479916
4,7,BB,OUT,0.16473103675494202,0.035154109424872265,0.0019313627208835766,0.014264221355678472,0.07991139272264919,0.14174439001492056,0.011436362128637006,0.5508271248774168
7,7,OUT,OUT,0.2108420723250926,0.05845112955707658,0.001771857066476639,0.009945631858078336,0.05906238816016546,0.17634587026377974,0.0065774482820671045,0.4770036024872636
4,7,BB,OUT,0.17609630103896398,0.03613564853970192,0.002216482593575384,0.04174254380514616,0.08524141437451686,0.25378519501476493,0.0062025714910485495,0.39857984314228223
7,7,OUT,OUT,0.16499671359062773,0.04759154639011528,0.0020348908075943266,0.008713924061308841,0.08073070164842158,0.16387255350854027,0.007523876249396784,0.5245357937439952
7,7,OUT,OUT,0.20057073784772217,0.03013297821914008,0.007287894134936653,0.01618303483877759,0.08817641242241832,0.14191009677829747,0.005744987619174758,0.5099938581395329
0,7,SINGLE,OUT,0.21245162850359178,0.0318022960572068,0.003821826849625338,0.00891747724025393,0.0965787273199371,0.13144827647049123,0.006714953612567593,0.5082648139463262
7,7,OUT,OUT,0.14159708456124104,0.0369289492125745,0.0018583954282298898,0.012370742741686338,0.10031310441529481,0.09792305715624734,0.012830558140788042,0.596178108343938
7,7,OUT,OUT,0.2023630342947316,0.040458307864282526,0.0038225529490299548,0.0075100479391193185,0.04099946674840402,0.14888611430951526,0.004143896082639389,0.5518165798122778
7,7,OUT,OUT,0.19892861870162745,0.060114362284645596,0.0021791220678245835,0.014475159602107329,0.04391343283063723,0.15498296964136388,0.012141097828369224,0.5132652370434247
7,7,OUT,OUT,0.18428558903375566,0.07132047499678493,0.00442781252278426,0.008488198205229384,0.056469857009667196,0.19687647163070687,0.0066684437329986935,0.47146315286807294
7,7,OUT,OUT,0.15296345785615187,0.04774787141417592,0.0015733854134437509,0.010744675678057595,0.06626663090410638,0.2242651754328516,0.021914713735176946,0.474524089566036
7,7,OUT,OUT,0.19275296795788008,0.058334473764121826,0.007349271213266729,0.008028279462561653,0.05333314766405435,0.20689993541655344,0.009366745754249691,0.4639351787673123
7,7,OUT,OUT,0.14975672367714313,0.025681498905688643,0.0018384122550435507,0.010763655036035765,0.08649333579659188,0.15531389934314463,0.010932946190508261,0.5592195287958442
7,7,OUT,OUT,0.21246769223628956,0.06252829973965623,0.0018192809895274634,0.008661977210900753,0.037633251247275595,0.1695637904169351,0.008281514900208193,0.49904419325920707
7,7,OUT,OUT,0.08678335523366436,0.019718443130469922,0.0020219168374956513,0.007506807654220698,0.05056085273111375,0.14127303558867338,0.004031534126193693,0.6881040546981685
7,7,OUT,OUT,0.15926791012206198,0.024804541631604803,0.0020937936558590277,0.013965456437773178,0.08786840557574273,0.20515477362803666,0.004977359671695183,0.5018677592772264
0,7,SINGLE,OUT,0.1464298411595359,0.030826252637569128,0.0019515586871733136,0.008033040323612023,0.04658697094114889,0.24425037175627667,0.007021578845658371,0.5149003856490256
7,7,OUT,OUT,0.13141063803072386,0.030164728802207684,0.0020024761582042995,0.03604177744664408,0.08792491726423914,0.15662720343014208,0.009461685968897085,0.5463665728989417
7,7,OUT,OUT,0.13917539224806322,0.018574417308325993,0.0015467768610252371,0.015908576081729787,0.16406273413676384,0.16687059848174632,0.008969106642412883,0.4848923982399329
5,7,SO,OUT,0.14626706749622506,0.023499886073147996,0.001486355878090821,0.010954537665558114,0.10196401610279184,0.19043626295791802,0.005713770706116142,0.5196781031201521
0,7,SINGLE,OUT,0.14099938444878102,0.01582698636890663,0.002633209549598203,0.008720714620494039,0.08639551101003343,0.16785953039337143,0.0056631060134324,0.5719015575953829
1,7,DOUBLE,OUT,0.13736276736009045,0.018606877918331828,0.0014264983778197215,0.01589207724173722,0.06805266836390711,0.18705434788599007,0.021983551529797134,0.5496212113223263
5,7,SO,OUT,0.20072691087705993,0.033644673491498106,0.0047196050524754615,0.014674823013066243,0.0732117373390773,0.18467902236595904,0.01779037882942599,0.4705528490314379
5,7,SO,OUT,0.21851531203971214,0.018175635833866537,0.0015086432501104374,0.007401943745571053,0.08068997719709131,0.169114687553227,0.007391926343000226,0.49720187403742117
7,7,OUT,OUT,0.10586810711777388,0.027843501497775952,0.0016233190678012406,0.008129472681382133,0.060071714340352356,0.16260723112081024,0.006958788670761881,0.6268978655033424
0,7,SINGLE,OUT,0.15493914768499814,0.035745915661856524,0.0014577296203590832,0.007951458530820967,0.08380093207491954,0.189630472261597,0.0055446725157397465,0.520929671649709
0,7,SINGLE,OUT,0.12878545032188254,0.022449176045829952,0.0014679329551533782,0.040601121569976244,0.06128050772073036,0.21085713781450824,0.008014595353958034,0.5265440782179613
0,7,SINGLE,OUT,0.17878118931431974,0.03128915729077089,0.0015702915387490542,0.007863914383360754,0.07945321163292648,0.19678593753002155,0.013316327343796518,0.490939970966055
7,7,OUT,OUT,0.17302466739716196,0.02484681502893836,0.0017109430059465641,0.018266929635382925,0.07371719169566324,0.32565921017013894,0.006029322458022874,0.376744920608745
7,7,OUT,OUT,0.20041121736569392,0.038133895448739956,0.0031837410197188675,0.008693932700813235,0.04817888130209058,0.1813963081281443,0.00866213015316378,0.5113398938816354
7,7,OUT,OUT,0.20650636993895652,0.039234403570880386,0.0016028120394280894,0.0090535215154841,0.11015248669270995,0.16651507763233703,0.010092998517071006,0.4568423300931329
7,7,OUT,OUT,0.21516204984958973,0.049749939773779214,0.0017861478365079808,0.00891766134428978,0.04212988527974146,0.15709885699467221,0.008403146891169194,0.5167523120302504
7,7,OUT,OUT,0.19256833955230276,0.04217636083495619,0.002988731683286001,0.018738102808734097,0.07134604604185119,0.1652902866026213,0.007194561480130646,0.49969757099611783
2,7,TRIPLE,OUT,0.1626354319567899,0.02243629241876981,0.0021788932162153394,0.010258857030795354,0.06851658583396164,0.1787814397400457,0.005268606573129046,0.5499238932302931
5,7,SO,OUT,0.171432247798431,0.021803282698063576,0.001810933726337641,0.017746910534652577,0.09557718426692718,0.1799682253928626,0.004323986680119126,0.5073372289026062
4,7,BB,OUT,0.3323777865720873,0.029705004272054705,0.005137896106842357,0.011638364800416766,0.069789208362016,0.10934795781403955,0.003822572143500669,0.4381812099290425
7,7,OUT,OUT,0.1637190188881286,0.03576282371288568,0.005288874858164001,0.009782779295578836,0.046331811638609194,0.15506057074494278,0.006821424389128888,0.577232696472562
7,7,OUT,OUT,0.19359085905521176,0.03859316170750576,0.0018444865547248578,0.0090940781865106,0.09585596452538146,0.12608087473220023,0.01045133569729765,0.5244892395411677
7,7,OUT,OUT,0.16021400991408433,0.0484730528195566,0.0023586350777518063,0.009401001910155799,0.11276947374641286,0.14129348856887272,0.008855562512995794,0.5166347754501702
0,7,SINGLE,OUT,0.14624827464058432,0.04156294455430986,0.0016667928031347413,0.023462093383401467,0.11201177208097314,0.10601152587444192,0.012996855724372737,0.5560397409387818
0,7,SINGLE,OUT,0.17660405955736647,0.025903328489479703,0.003291999363576441,0.01100260796718725,0.07472343705836577,0.14465968048142927,0.012454929098598222,0.5513599579839967
7,7,OUT,OUT,0.22559992003307477,0.024556788499552888,0.0020085661276333386,0.015278423075409721,0.09461930628049169,0.12298755637312472,0.004466058513474841,0.510483381097238
0,7,SINGLE,OUT,0.1929608822793169,0.019662568133909316,0.001877449783581153,0.009753133693473042,0.06891784943307101,0.23694221488369646,0.004700940646938573,0.46518496114601354
5,7,SO,OUT,0.1782663226652048,0.02474209366105379,0.0022992063805128008,0.014196166626295205,0.10692024517067401,0.20602634577212225,0.006190480774441299,0.4613591389496958
0,7,SINGLE,OUT,0.15985597486577463,0.03672772814363685,0.007097290274738203,0.014255578180259331,0.0683001471908191,0.12072482395148901,0.005129310848735262,0.5879091465445476
7,7,OUT,OUT,0.1645564595688308,0.038566213673056786,0.0022802855505975523,0.012744660641810875,0.10658923759771871,0.10889053685389273,0.011050596832138717,0.5553220092819539
7,7,OUT,OUT,0.10762379601529767,0.04215828580883814,0.0014669152976842315,0.013382092296323653,0.06458499810976451,0.16820251445901813,0.0044017697613719505,0.5981796282517016
1,7,DOUBLE,OUT,0.1780774558538574,0.03949388530690244,0.002574509380268478,0.007221273228113881,0.032295653554581444,0.11681401105439401,0.0038607185953735434,0.6196624930265088
5,7,SO,OUT,0.1795902795923216,0.01950768635890679,0.0012111983459619992,0.010820288681637315,0.030478192082298277,0.13335998742738653,0.005061680928800029,0.6199706865826874
7,7,OUT,OUT,0.0992625067690355,0.02012278052674233,0.0014676480764435835,0.009231531958793414,0.06319009020825694,0.25988233245567194,0.00414547274881398,0.5426976372562423
7,7,OUT,OUT,0.14034737789009027,0.0252742754157575,0.0017778869573776535,0.007878863469971005,0.12281005771715163,0.1462482453412853,0.00564331235888263,0.550019980849484
7,7,OUT,OUT,0.16275996239282225,0.05705214961016295,0.0016807672073038975,0.00908786510877963,0.1024332490322185,0.2185371556784606,0.005076655939530095,0.443372195030722
7,7,OUT,OUT,0.10056223924941625,0.022731586513695872,0.0015098118813713698,0.00981743110387801,0.05015662398558237,0.2183803805349993,0.004511523966597018,0.5923304027644598
7,7,OUT,OUT,0.1372961061906002,0.027988611718492772,0.0014494462910681148,0.00919699999048831,0.09890405670602224,0.12406766928719355,0.005482016822779459,0.5956150929933552
5,7,SO,OUT,0.12959938390546588,0.02500594768101298,0.0015330651840271912,0.0957259790356266,0.04878609220168617,0.1685705680331805,0.004447182968425268,0.5263317809905754
7,7,OUT,OUT,0.16105467802574605,0.05562387539974685,0.001845388356634955,0.025017457150092993,0.06715914621751452,0.1819371090522831,0.008149200994561902,0.4992131448034197
5,7,SO,OUT,0.1450716491253413,0.025969477453366967,0.0021708404714312953,0.009209587751890215,0.06471214363941646,0.10828767320718927,0.003555290363349114,0.6410233379880154
1,7,DOUBLE,OUT,0.3139169476709408,0.06279072263191719,0.0019645459195868683,0.016171961830409066,0.0740237126533243,0.12536126831822275,0.005240058551666039,0.40053078242393303
7,7,OUT,OUT,0.15264772172977495,0.0246404488414362,0.0035127430826372807,0.01140958331383527,0.05306112479725123,0.20269398636214156,0.010497202563483037,0.5415371893094405
7,7,OUT,OUT,0.18578134798327953,0.0384795856031124,0.0015954113282637317,0.009161355711347042,0.11980510599472226,0.1824810780236591,0.0056311390115662534,0.45706497634404974
0,7,SINGLE,OUT,0.16564305655132158,0.017721774907949444,0.0014212974301881817,0.008090663238010875,0.03356039102203731,0.1519089062034023,0.004314721387022025,0.6173391892600681
0,0,SINGLE,SINGLE,0.3678929091752601,0.02550997600752279,0.0015106377703376513,0.0299271848535451,0.0608901143223833,0.16119114368402554,0.0072363253131268075,0.34584170887379867
5,7,SO,OUT,0.12270275086983266,0.04120594809145846,0.0020321330927753375,0.0076187121611948575,0.054085193327392145,0.31809114940591565,0.004937200536695746,0.4493269125147353
5,7,SO,OUT,0.12899553147255913,0.03510325782350097,0.0014533608396393952,0.010283215857192388,0.0441900175870523,0.13263769999595235,0.0053995933945934224,0.6419373230295101
7,7,OUT,OUT,0.1325217871779059,0.05260967972082999,0.002288235225285716,0.009292243484850814,0.062399341612990565,0.30522099612107495,0.006500616508656562,0.4291671001484054
5,7,SO,OUT,0.11844469630165984,0.04962719896846647,0.0015259184176122152,0.013702902643293382,0.061786536438821156,0.290263263940167,0.004198551704834041,0.46045093158514583
5,7,SO,OUT,0.1287247753664878,0.018587923420922445,0.001675431265341824,0.008622819371421165,0.053419127820088674,0.32754760603489985,0.00494999507141183,0.4564723216494263
4,7,BB,OUT,0.21964715257007053,0.01710362451202576,0.0015181659289591328,0.007885926304323687,0.11598306745668639,0.24086627670753932,0.004420889274065899,0.39257489724632927
5,7,SO,OUT,0.1951713558840193,0.01928156404138797,0.0028734760871183917,0.008289709365274353,0.03494599851664435,0.15742811787829292,0.004694608185166019,0.5773151700420969
7,7,OUT,OUT,0.12044576643077755,0.030328748680382656,0.0017666976448293772,0.00964895795477761,0.13660963744955587,0.2545184347694732,0.0067317305225693515,0.43995002654763443
7,7,OUT,OUT,0.14971519688073398,0.02071050952435711,0.0017124788407934044,0.01530966574620723,0.06475611126651208,0.21244728568317403,0.0046039806422208404,0.5307447714160013
7,7,OUT,OUT,0.21107962299464725,0.05352157259803776,0.0016582038606883984,0.014048201052923598,0.09705870826791815,0.2358822967802696,0.02163388464626778,0.3651175097992474
5,7,SO,OUT,0.18363942910906575,0.0452395583258798,0.0015617466723206472,0.009911298489156603,0.07815091474885644,0.2745872785240934,0.00716254531868003,0.3997472288119472
4,7,BB,OUT,0.1877905904498956,0.078194174149436,0.001728392258642235,0.010223718076822347,0.0946291062663956,0.21858046010067564,0.005692117817194956,0.40316144088093764
7,7,OUT,OUT,0.15006232737735875,0.02951617965441032,0.0019430885523747316,0.009249418310043177,0.06657099790916467,0.182031240148787,0.004714954702954494,0.5559117933449068
5,7,SO,OUT,0.13171259948447323,0.023670789933169966,0.0015485873032645172,0.00903863405308243,0.052053025181053564,0.23916601614100438,0.004420432063157406,0.5383899158407945
7,7,OUT,OUT,0.18488669347097417,0.01971251017602434,0.0016505605595362872,0.025620035780540673,0.07807908736160059,0.22353181361745425,0.004473424176877978,0.4620458748569918
7,7,OUT,OUT,0.12922827206489781,0.04890316534466906,0.0017808903961999427,0.010728143692076095,0.0700069157624427,0.3457640214869256,0.006619270230012733,0.3869693210227761
4,7,BB,OUT,0.11857127045457433,0.04192037206772741,0.0013923514853104535,0.011227176615264373,0.0777223718284,0.10753097163186237,0.0040568330635115295,0.6375786528533495
1,7,DOUBLE,OUT,0.1303516865471652,0.0587069546823684,0.002057036321828466,0.009610266566909276,0.08233710043520023,0.2164668452365436,0.00422986071479733,0.49624024949518747
3,7,HR,OUT,0.13076800939836264,0.019853207639939106,0.0016341343288561324,0.05874469718144701,0.047276089545536755,0.14409340463581835,0.004554394616841595,0.5930760626531985
7,7,OUT,OUT,0.09605396177113902,0.029053649654747306,0.0015028233759791865,0.007740511901915158,0.05862249951658185,0.24516818044596528,0.003998409892721735,0.5578599634409505
7,7,OUT,OUT,0.14853107257066947,0.019535067784213652,0.002007433672708365,0.03819230796366617,0.07840080606993464,0.2979754527404625,0.00690291274896372,0.40845494644938163
4,7,BB,OUT,0.13260489850751625,0.019111396137048688,0.0070968028252180945,0.010292526334410797,0.09348830305999607,0.1594730496027596,0.00506027120617098,0.5728727523268794
5,7,SO,OUT,0.16958428910037363,0.021176996835987175,0.0019394737591930326,0.012342212400533894,0.10656470440497479,0.17647785041933128,0.023572458624210774,0.48834201445539543
0,7,SINGLE,OUT,0.1944873431307314,0.030557475771571526,0.005558753445465792,0.020009125420198875,0.055511433155828904,0.191129767398738,0.005714176507797289,0.4970319251696682
7,7,OUT,OUT,0.1420393558871364,0.029771789854981294,0.002152820439756288,0.015650767756940173,0.0837359169065023,0.2197895401111969,0.004954587181184973,0.5019052218623017
7,7,OUT,OUT,0.1229942649442293,0.03559101836701408,0.0014516127601426289,0.04562483269325126,0.0698628057372237,0.22475052542896848,0.003960875129502816,0.49576406493966757
7,7,OUT,OUT,0.20925279076903433,0.032316370368939334,0.0016446620029486503,0.010407456054759812,0.10272000301104166,0.1616562246290677,0.008065877568747435,0.4739366155954609
0,7,SINGLE,OUT,0.12030196983254138,0.05932297765945983,0.0015027254044949934,0.013004523036827836,0.09354470724247683,0.12442220850826691,0.004028093755517398,0.5838727945604147
7,7,OUT,OUT,0.1741397505752105,0.04502065914509807,0.0022127847244119933,0.01423309733423372,0.06939091498139513,0.12679853443294006,0.004571897678323191,0.5636323611283873
7,7,OUT,OUT,0.21277298773738387,0.05116272311273822,0.013742880040481669,0.011857259077377422,0.06200998757784907,0.28389624037366695,0.022225177742133593,0.3423327443383692
5,7,SO,OUT,0.08650711081968526,0.03328986304603588,0.0019282959503952558,0.013921660801476313,0.07145965762220106,0.32284709603177664,0.0044181239653556525,0.465628191763074
5,7,SO,OUT,0.1308795098651908,0.023223535161796014,0.0018705430296722149,0.009005434753446609,0.08164274908343305,0.22106987583304868,0.003965006381370693,0.5283433458920419
0,7,SINGLE,OUT,0.13996996445739987,0.04550986184686216,0.0027515263105443817,0.009486903869720724,0.07853682155877138,0.15184398671821858,0.010071611026431301,0.5618293242120516
5,7,SO,OUT,0.12859730250107615,0.027282719634351225,0.0014798630337065116,0.008356390628108471,0.06079523537722893,0.21294286911755725,0.005413625646846817,0.5551319940611247
5,7,SO,OUT,0.16263371409922917,0.025564118597513452,0.0032232128733060317,0.010789113019788433,0.05453330601444086,0.25193939178295705,0.021905260576396093,0.4694118830363689
7,7,OUT,OUT,0.1463717743495255,0.02653156989550594,0.0020996944027386853,0.01121439148797688,0.05489718979554435,0.2275528509959961,0.005196179613321646,0.5261363494593909
5,7,SO,OUT,0.14976670228184466,0.02548421179615445,0.0023936788568403207,0.013624384388125403,0.07154656511247,0.22389351372456776,0.005209636266947206,0.5080813075730503
7,7,OUT,OUT,0.15712573436581245,0.023674764678210336,0.0017922290620450883,0.00778934680359317,0.05331822904405462,0.11050616257248355,0.004929339580716807,0.6408641938930839
7,7,OUT,OUT,0.22672936734700708,0.028199040776756643,0.0018711090437494998,0.009443397916724274,0.0560917414500732,0.13312393586489105,0.0063650738265645865,0.5381763337742337
7,7,OUT,OUT,0.11598131871397682,0.022673229967226132,0.010061167168710236,0.008234785166804788,0.11029111376110448,0.28638875545755504,0.016959221063595296,0.42941040870102726
7,7,OUT,OUT,0.13038965648429818,0.0397574847455819,0.0015156266874830696,0.022871119006069123,0.08792626693017332,0.29399674236049983,0.021402774382235416,0.4021403294036592
7,7,OUT,OUT,0.09255506671856037,0.016883459790550056,0.0013816299091466728,0.0075115064953333996,0.096126143597996,0.27317901679818846,0.005857777641987075,0.506505399048238
3,7,HR,OUT,0.1353307125041167,0.029954932649800634,0.0015003085083324307,0.009591617299629988,0.12664096811223466,0.22971884818408242,0.008469931572538105,0.45879268116926514
0,7,SINGLE,OUT,0.08641999988032802,0.019541718034440974,0.0013287822816033742,0.007484034383829935,0.0843686104167166,0.217579414575403,0.006924765962513746,0.5763526744651642
7,7,OUT,OUT,0.11463081250552434,0.028228064270210938,0.0021538863360386767,0.043641028055227855,0.08498706563063145,0.27323353923000354,0.006847147034819717,0.4462784569375436
7,7,OUT,OUT,0.1946770009722789,0.03178639816663427,0.006489936150477015,0.014474137184088229,0.051784038941715564,0.1668337710790119,0.006309798230897314,0.5276449192748969
5,7,SO,OUT,0.16919700381388705,0.030022109942412212,0.0021354590022231164,0.01874866481535028,0.08624818985949037,0.19700495088781794,0.007751264036403451,0.4888923576424155
4,7,BB,OUT,0.2412845394547063,0.03669323493550781,0.002226469722646263,0.010336029936361468,0.1314739137683379,0.21218300618027583,0.007025154349260546,0.35877765165290393
7,7,OUT,OUT,0.10603967246471836,0.016083046704964854,0.0013720536450407194,0.008306892629717922,0.1514933722476291,0.22307328619022546,0.005077519439718286,0.4885541566779853
7,7,OUT,OUT,0.08883900304853654,0.026213911679461646,0.0014083176969196716,0.008347297279859587,0.053303985423140396,0.18885766837247087,0.004239526133567417,0.6287902903660438
7,7,OUT,OUT,0.14930157997766652,0.03481738019638035,0.0018156454770420702,0.008787085272646426,0.1184032482023918,0.15686935103478952,0.009734248657986272,0.520271461181097
7,7,OUT,OUT,0.13178093203763735,0.03718780698887816,0.0019156484521184918,0.01401012567451102,0.09660516225945612,0.2411635076806282,0.02793889415529737,0.4493979227514733
7,7,OUT,OUT,0.1846720581414865,0.02236291378007233,0.0016070680821927712,0.008645332258095858,0.05033753461580713,0.1426171163288995,0.004400219500415303,0.5853577572930305
7,7,OUT,OUT,0.14285258427363248,0.02436290257107913,0.0019217734445162796,0.010709021031460259,0.0709704428022103,0.2047029801958885,0.00583891457285835,0.5386413811083547
7,7,OUT,OUT,0.12439550171096875,0.030752880753874855,0.0016804396166075104,0.018561416074540357,0.09667655792401922,0.21203770640844033,0.02311772933039405,0.4927777681811549
7,7,OUT,OUT,0.14317162085660023,0.023826596457784094,0.0014873276342531412,0.008816227986765351,0.0497740313265316,0.3197811197463984,0.0047558032992730415,0.4483872726923942
7,7,OUT,OUT,0.13537938499900048,0.030698300185205037,0.0015724015909799355,0.018471184753771016,0.06847137331595456,0.24868513786443114,0.006413791950629418,0.4903084253400283
0,7,SINGLE,OUT,0.11381422204160486,0.02957859863285094,0.00205994500636418,0.007724082488460952,0.047267031586498046,0.1308967755845104,0.003943778509689527,0.6647155661500211
5,7,SO,OUT,0.18987188672753147,0.038975471530900134,0.0017789718985273717,0.009572934429533405,0.07932998976924292,0.1844714709774869,0.0057662799981110895,0.49023299466866654
7,7,OUT,OUT,0.13254253777448238,0.028359247322300274,0.0018622095645614825,0.012116769679204303,0.05849548054402474,0.18566141628433014,0.004826576806001551,0.5761357620250951
5,7,SO,OUT,0.09798821985084293,0.0463497722099619,0.002066681068181341,0.013746041943420923,0.11875034383839558,0.247588253823613,0.005452445152527855,0.4680582421130565
7,7,OUT,OUT,0.12563086165503812,0.029112034697542737,0.001681508197058518,0.07876309603095093,0.09826189091715432,0.19338451095547912,0.005705166018294531,0.46746093152848167
1,7,DOUBLE,OUT,0.21356288189314904,0.03918064233742455,0.0016839822399582784,0.008612738656873271,0.06423428106831171,0.25479032371975946,0.007770365059032495,0.4101647850254912
7,7,OUT,OUT,0.11258617319132015,0.03010046058623681,0.0016111386819485437,0.019254899890281136,0.10237194068231323,0.2143165399461264,0.03116017009762036,0.4885986769241534
7,7,OUT,OUT,0.22270808713841855,0.026269609241106506,0.0033364182638309,0.010524273522618602,0.03575992693412771,0.09503720320729707,0.003901736939249733,0.6024627447533509
0,7,SINGLE,OUT,0.2758046970742458,0.06199762744772696,0.0015127045031497679,0.018329382802360322,0.035462409580077486,0.12644345339021926,0.007302076091732427,0.47314764911048807
5,7,SO,OUT,0.0787471074305031,0.02198639196782954,0.001482246312239411,0.010378029948548386,0.08408577720891666,0.27208869562539884,0.004253666409738163,0.526978085096826
7,7,OUT,OUT,0.19529503834349704,0.03402070369716512,0.001877436130402481,0.015415748915592773,0.10828450137153914,0.18721315326364305,0.006221474091792767,0.45167194418636764
4,7,BB,OUT,0.19297021419554844,0.02816685509527723,0.0015518243534944085,0.012633009725937165,0.12129598604886455,0.17690513335175528,0.006307932007056134,0.4601690452220668
7,7,OUT,OUT,0.11847621936649999,0.030767387547867737,0.0014621266512804792,0.01692226988164499,0.10282184562474332,0.17904657908710322,0.01658567790569942,0.533917893935161
7,7,OUT,OUT,0.16527573473053497,0.03904358801864063,0.001498789235199873,0.023130740662199018,0.0795035764671122,0.1975935732773576,0.0042544648298090725,0.48969953277914663
7,7,OUT,OUT,0.12735738475068717,0.03383908674442715,0.0018131997242376793,0.014211660764192186,0.058518994805910676,0.22496835190594963,0.006075409888397777,0.5332159114161977
0,7,SINGLE,OUT,0.2040945712983667,0.03391825773795901,0.0024370556610840985,0.010432466881633086,0.07666519850433597,0.257702313164583,0.004393281603108532,0.41035685514892967
0,7,SINGLE,OUT,0.10636947059007433,0.02555080212063316,0.0016267832252931866,0.009031675570993457,0.054309114197375837,0.34700012690798193,0.006370932785422761,0.4497410946022253
0,7,SINGLE,OUT,0.13463475548501994,0.04670128125187854,0.002143031499285487,0.010982740793895992,0.06595414865773239,0.23104194956281593,0.011773198493478621,0.4967688942558931
7,7,OUT,OUT,0.1287384209151981,0.037089168878744756,0.0016827032839877131,0.020090207610331694,0.052669149841967806,0.25121607859985007,0.004514242578769163,0.5040000282911506
0,7,SINGLE,OUT,0.13373627132554,0.01910493241311243,0.001651952072952879,0.011975480696209762,0.04629990002973984,0.28100036848289417,0.003996755000166348,0.5022343399793846
7,7,OUT,OUT,0.13879826080653498,0.029106037532509732,0.0035084922021323957,0.01047298879698404,0.04436473095423515,0.24503831640898488,0.00424334964258509,0.5244678236560337
0,7,SINGLE,OUT,0.1503088480859213,0.037561731190835584,0.0016138851830554794,0.019286003731844158,0.04779978021307698,0.26808729496650563,0.004845477996363039,0.47049697863239787
7,7,OUT,OUT,0.14095103515226892,0.01410971827508918,0.007784950226992454,0.008842226848305788,0.032002830089565136,0.13704309262488126,0.021467453021134793,0.6377986937617626
7,7,OUT,OUT,0.15150892162542937,0.033990187813254254,0.0016024832314792583,0.021362556978567863,0.08846228570714137,0.2572789174948649,0.017373701885577547,0.4284209452636855
5,7,SO,OUT,0.08977018015255239,0.017929306376792565,0.006511795343714155,0.010927088694625355,0.061351835677956684,0.2679341941339147,0.005100432357871721,0.5404751672625724
0,7,SINGLE,OUT,0.09628901127945381,0.017640813875866027,0.007599840625952652,0.008733409844481994,0.08798227968632562,0.18001229126193755,0.013519997940033607,0.5882223554859487
7,7,OUT,OUT,0.19324356191036152,0.018393997075298714,0.0035399148730752643,0.008493383471827856,0.08086497820942008,0.335074505153791,0.004243593603137303,0.3561460657030882
7,7,OUT,OUT,0.1097338907761187,0.01960688118095826,0.001704610849336299,0.008421408269451956,0.15975770641219064,0.32722653181929007,0.005243188923028787,0.36830578176962525
7,7,OUT,OUT,0.15562067515809536,0.029978099886177886,0.0022930801940256127,0.008523197677830201,0.06653155452942594,0.3481628059056971,0.00872917975440462,0.3801614068943432
4,7,BB,OUT,0.23751334929426954,0.03137367841766317,0.002434077671994631,0.009533536325432149,0.06767301346893123,0.24628237409338946,0.010394161962831045,0.39479580876548875
7,7,OUT,OUT,0.1833429795447388,0.018408512229217158,0.004286572695944829,0.012328527829711344,0.07275102633199695,0.2061659453038673,0.006953811345908921,0.4957626247186146
7,7,OUT,OUT,0.1292497404658628,0.015254353201477156,0.006677825947859696,0.008661530947356872,0.06976778773048886,0.17467828578634761,0.0049978267925551954,0.5907126491280519
7,7,OUT,OUT,0.09962274838878109,0.017445165599516033,0.0013889564966037362,0.024698159367202148,0.060492165085181,0.3589926572006813,0.0042422308199759505,0.4331179170420588
7,7,OUT,OUT,0.11793036301751027,0.029532074541239788,0.001714972072856089,0.012713293313364266,0.05420902623978357,0.21721772209389942,0.004558678903818637,0.562123869817528
7,7,OUT,OUT,0.30708855213642033,0.02007463322438994,0.00496837086487858,0.018350332643554342,0.06096644494241059,0.12900195854479563,0.0061965299574029895,0.45335317768614763
7,7,OUT,OUT,0.12833164073352113,0.03463147599947071,0.0019628857359401067,0.012371726725408786,0.045404297763267286,0.10257163558250607,0.004133345839303133,0.6705929916205828
7,7,OUT,OUT,0.15541821204916878,0.04538566780964672,0.0013996069548182037,0.010855094503093134,0.05465757446905994,0.17516186663761257,0.006112970933886266,0.5510090066427143
7,7,OUT,OUT,0.20402020134855142,0.03478604156640894,0.0016124862670012041,0.01958647520111937,0.04471751421870399,0.14677638247937913,0.007229107095574417,0.5412717918232616
5,7,SO,OUT,0.09935288155533238,0.04240560638371051,0.002136654864745801,0.014752771367681699,0.11871560403554143,0.22260604560876976,0.007303059636111274,0.49272737654810733
7,7,OUT,OUT,0.12238820062851116,0.02740018844730475,0.0016304018029723595,0.0483203626752553,0.08008524602164695,0.23747504030060107,0.004488184321856671,0.4782123758018518
4,7,BB,OUT,0.1264257196969393,0.027291971924807108,0.001780702413244278,0.01573803334227573,0.09332018510479996,0.24597412078339193,0.019926472293801775,0.46954279444073993
7,7,OUT,OUT,0.09966295099943158,0.02063668324853619,0.0015280598706591828,0.011586458585981615,0.07299849015587881,0.23966915767694677,0.004436595336870944,0.5494816041256949
7,7,OUT,OUT,0.13940402747263922,0.057895593163344444,0.0014904885911485933,0.026860741525856272,0.08017209566582148,0.20260224375251268,0.006326837215576997,0.4852479726131004
7,7,OUT,OUT,0.25376008664836147,0.05582594436727731,0.0015272926485499986,0.017850118566191803,0.03377161585649146,0.11718486671219858,0.005498902287574454,0.514581172913355
0,7,SINGLE,OUT,0.22146061590859928,0.068495484504824,0.0036898940848849155,0.016927114473251084,0.046369136158958775,0.17025001553051333,0.012711422396279492,0.4600963169426892
7,7,OUT,OUT,0.11427003194078295,0.02495509128259382,0.0018267180855117732,0.008241857739063756,0.2101280519504554,0.1599422821015473,0.010997840963968974,0.469638125936076
7,7,OUT,OUT,0.1487159355772582,0.02654908039197692,0.001733904779893075,0.008568561835448768,0.07887869106595104,0.23712456215595115,0.019719343664352303,0.47870992052916855
5,7,SO,OUT,0.1461833024101712,0.027823949375044416,0.0016271390786713252,0.012033452509070963,0.11253650748935047,0.2438473420476049,0.00757200246528537,0.4483763046248013
7,7,OUT,OUT,0.15656744547309798,0.03410737224191414,0.0021135121072914766,0.012635600510276814,0.06014941457419478,0.23451077009269847,0.004579984620545769,0.49533590037998054
0,7,SINGLE,OUT,0.16787371358975617,0.026803751808373286,0.003157251693008169,0.011247358787957107,0.036586758539548646,0.10713270645820548,0.0036288623106397345,0.6435695968125114
7,7,OUT,OUT,0.24926481621259425,0.06764457389085042,0.004533468783318605,0.01898282733191152,0.05161667815804042,0.14069615683730088,0.010211735807820229,0.45704974297816375
7,7,OUT,OUT,0.19205886732361033,0.02142386210315885,0.0037469415058371553,0.02225179939768561,0.0597312090415823,0.1692440097616283,0.009033080176960728,0.5225102306895367
7,7,OUT,OUT,0.23007290425550572,0.06233277369747501,0.00509783235981598,0.017502174402793804,0.046539800671930545,0.1396242708740274,0.009151487054496798,0.4896787566839547
7,7,OUT,OUT,0.10632745872550457,0.02424482927990345,0.0016282593933267826,0.013009158296888137,0.07678671108506332,0.2588995114663358,0.004585757899280628,0.5145183138536973
0,7,SINGLE,OUT,0.10264736731869553,0.04210123458016586,0.0026753387021147797,0.016465475435990487,0.12337085676230677,0.2593954047517067,0.005593418555939286,0.4477509038930806
7,7,OUT,OUT,0.1274832783418367,0.02839130004325518,0.0017555731865609697,0.06758793861479122,0.10639661844330814,0.20427713791916444,0.005661391146730681,0.45844676230435266
7,7,OUT,OUT,0.12877534248934855,0.042767574447907304,0.0018163679477746744,0.011368437105789053,0.04334275180772495,0.1001786246984572,0.0038965350752353523,0.667854366427763
7,7,OUT,OUT,0.19398143948257549,0.05854581126875928,0.0017852388817404241,0.014086700350208307,0.06817157038630398,0.17673921201096351,0.005930900470203893,0.480759127149245
1,7,DOUBLE,OUT,0.13388740529097182,0.04821733282429615,0.001706919123992954,0.029107863759320108,0.05083765920690902,0.15191045345801232,0.006583020421364002,0.5777493459151335
7,7,OUT,OUT,0.08424995571176394,0.027279323610848557,0.0015293493477929639,0.012803173135557296,0.0806001118727363,0.3059054078247848,0.006173543124133546,0.4814591353723826
5,7,SO,OUT,0.2309102099589534,0.03875019894378112,0.0013455966134444009,0.03407610829115201,0.08270696609320666,0.16308968420611916,0.004120151876604258,0.44500108401673893
5,7,SO,OUT,0.19771581735498683,0.037642093792815426,0.0020157012021405235,0.018363688122524934,0.11937215670138764,0.20198769678365122,0.005404770632469618,0.4174980754100237
7,7,OUT,OUT,0.20002647663621154,0.033656789675875015,0.0013586313699945594,0.011244052238725199,0.11189249713265867,0.17292807698156903,0.006411589858981108,0.46248188610598484
7,7,OUT,OUT,0.11391778329427815,0.0271568883383513,0.0014778901068684801,0.016400364321703605,0.11532062559832244,0.17833225970372782,0.020332984854336062,0.5270612037824122
7,7,OUT,OUT,0.10046634591010978,0.0322419424705308,0.0016527427114848858,0.013535199450671347,0.04748512893047978,0.17975533137960042,0.006354754735945574,0.6185085544111775
0,7,SINGLE,OUT,0.18819075149910539,0.03191938474755128,0.0017895746488916886,0.012249026293616598,0.05405206083249537,0.21059555738657243,0.004610748110530967,0.49659289648123633
7,7,OUT,OUT,0.21116818979646812,0.062004759497812485,0.0015249333032029948,0.017761672603058054,0.03215985398817066,0.10638261965467076,0.006600731216718303,0.5623972399398987
0,7,SINGLE,OUT,0.25690117607811636,0.027747389916580496,0.0031760969836072176,0.011045206530361852,0.03843363827889017,0.10420387464809411,0.004151437083726815,0.5543411804806229
7,7,OUT,OUT,0.12745058420968994,0.028076005893432614,0.002127169493996985,0.0391067284898323,0.0801912111020389,0.14479443967666472,0.008965300235840593,0.5692885608985039
1,0,DOUBLE,SINGLE,0.3466549069952833,0.026864229648056553,0.0017329257785687717,0.020694465489421807,0.07501724738658365,0.17011377946254272,0.013116223021948046,0.3458062222175952
0,7,SINGLE,OUT,0.15451583003860378,0.015710451711342836,0.0027482649964525097,0.006801910484262068,0.06682398897567701,0.10425640176400458,0.007324462866126558,0.6418186891635306
5,7,SO,OUT,0.09159663451259346,0.020427089395205277,0.0022149842102013456,0.011008573906725697,0.05891272770586624,0.253022392657603,0.018022800214846868,0.544794797396958
5,7,SO,OUT,0.09448721330431976,0.02951598789353562,0.002405397603965442,0.015107271999744655,0.07942979117317632,0.18744444718395536,0.03886284175700208,0.5527470490843007
7,7,OUT,OUT,0.13867086163092454,0.020981857430843943,0.0014671638492344988,0.06139700956143372,0.050352603225345814,0.20419041890647374,0.023270689804690808,0.49966939559105294
4,7,BB,OUT,0.09146933582499535,0.022725079558483217,0.0013879916593364664,0.012689801240625785,0.06426243206225164,0.15216054025709716,0.03076273869451772,0.6245420807026926
7,7,OUT,OUT,0.18562106795528568,0.03372386011418103,0.0016203059023964625,0.008667000528222071,0.07315217720060749,0.20711953877040395,0.005219445446098241,0.4848766040828051
7,7,OUT,OUT,0.2800966941009754,0.031304323872858426,0.001628754008473775,0.010070620053735322,0.0846883172923671,0.17370745576120147,0.004753858058969951,0.4137499768514185
4,7,BB,OUT,0.15370274264485723,0.026046852826562366,0.001953303945314559,0.00991330237785777,0.04567840756688554,0.3390519703273112,0.004372132801607563,0.41928128750960364
7,7,OUT,OUT,0.20965550214544643,0.12023019482736255,0.0024369960396948883,0.010420363486080093,0.09159003326609136,0.12214723482466226,0.005766276156939373,0.43775339925372303
0,7,SINGLE,OUT,0.1980178959831307,0.0333378688634399,0.001965234879347577,0.04243012399429093,0.07831732751116222,0.12770272606806768,0.006353115428262442,0.5118757072722985
7,7,OUT,OUT,0.14465701705581058,0.01957225423710728,0.00135137795660509,0.0077613864390470915,0.04417953684760204,0.22547443397368044,0.003596584900944862,0.5534074085892027
0,7,SINGLE,OUT,0.1492051363778046,0.031195547685675475,0.0015427469627098324,0.04251731211177824,0.08346832878065413,0.3014325858772946,0.0054365286719919165,0.38520181353209126
5,7,SO,OUT,0.07716868413363745,0.04024227764275772,0.001482251924734685,0.008715211715737138,0.05645576834291426,0.2754293940388878,0.004354674717895235,0.5361517374834357
7,7,OUT,OUT,0.18096142266314888,0.03689871884428403,0.0016162454204829303,0.013763939553697617,0.12342423084537171,0.19710260070263783,0.012518746610702023,0.4337140953596751
4,7,BB,OUT,0.24569563671122868,0.056576095451272054,0.004947201299235746,0.0095565332379329,0.09575003526468184,0.12234254493462204,0.004616592197325596,0.4605153609037012
7,7,OUT,OUT,0.08509370855185508,0.020308145993148112,0.0013565265790566857,0.02373392701480406,0.07537286487651351,0.3010777683803667,0.033644397799897176,0.4594126608043588
0,7,SINGLE,OUT,0.11806406360331245,0.0270478342198023,0.0015253933008696533,0.008446638366368275,0.043974010675146016,0.3947335719164178,0.004663770442419308,0.4015447174756642
7,7,OUT,OUT,0.17856242748657597,0.02768199854609721,0.001995128062792718,0.008795868760732585,0.050499522289901316,0.27474294209569633,0.004068655167623048,0.45365345759058073
5,7,SO,OUT,0.16753032567433662,0.021078070763060622,0.0021558714365731073,0.008544636409282012,0.05328260018977528,0.2276188424233377,0.005101481307037755,0.5146881717965969
7,7,OUT,OUT,0.162767867745676,0.03235399488383569,0.0016090982372851973,0.008749567225553456,0.04151137171438152,0.3009959998199791,0.004157101748315145,0.44785499862497385
5,7,SO,OUT,0.17111390112424554,0.03090198591635698,0.002133774843972086,0.009335197251901902,0.09383400874710095,0.20049894951153105,0.0058212831661854664,0.4863608994387061
7,7,OUT,OUT,0.19196909561266728,0.02770757663625285,0.0017933874974593422,0.011549334056085157,0.057040078062552554,0.25950202310281156,0.004950506511610699,0.4454879985205607
7,7,OUT,OUT,0.13228790732875553,0.031162371927638155,0.0016361156498804392,0.010613068004336562,0.06164075660193745,0.13996928919263846,0.006121917057092743,0.6165685742377207
7,7,OUT,OUT,0.1452730240495684,0.024379320859668242,0.006517005275742935,0.0095701235624935,0.04545832158758796,0.3492668786996808,0.005167349460828504,0.41436797650442947
5,7,SO,OUT,0.1287772640937091,0.03948613537393815,0.0015354406290395096,0.018203634151068154,0.059519862302385214,0.2333267095607236,0.014412573911977415,0.5047383799771589
7,7,OUT,OUT,0.12204607823421797,0.02284969673047424,0.001753084711142357,0.006742767735050199,0.03379691471610415,0.22922372426604104,0.003305947672402621,0.5802817859345674
5,7,SO,OUT,0.1628618407031231,0.030159047861418715,0.007329197870936647,0.028529522636504743,0.07319287964783158,0.2024200950690838,0.024841482437131496,0.4706659337739698
0,7,SINGLE,OUT,0.15557534301340425,0.025722960685848468,0.015522100727286414,0.009559217438438385,0.0675157948979959,0.25312045882760836,0.005394913843273718,0.4675892105661446
5,7,SO,OUT,0.09507330167253944,0.02262775506422794,0.0015208233104380595,0.05134823646190049,0.09222146434184796,0.3325245926411105,0.004424874473440311,0.4002589520344953
6,7,HBP,OUT,0.1448422813974772,0.062087520427874854,0.001972250067829017,0.05419522431100524,0.12339496337055512,0.13535486998138707,0.00565690157652857,0.472495988867343
7,7,OUT,OUT,0.10965158194313081,0.016259407609073063,0.0012573192861681077,0.008311034336588658,0.08990802695899897,0.179899724964034,0.004441483312478084,0.5902714215895284
7,7,OUT,OUT,0.14665323042598846,0.02294687591554547,0.005540845360871661,0.008811199353216288,0.11426405093417959,0.2210593093182571,0.004600583187585614,0.4761239055043558
0,7,SINGLE,OUT,0.1920423537044551,0.02663698584184432,0.0028491941246288344,0.014314309052733712,0.13355398074327185,0.16630435874663646,0.013060612741240077,0.4512382050451897
4,7,BB,OUT,0.11236111422539706,0.037930059132580296,0.0016065175576346585,0.052613450864202986,0.06943775600869237,0.27319923136549396,0.015605579933585722,0.43724629091241285
5,7,SO,OUT,0.10848771637278957,0.01700555189505943,0.001487897357677118,0.007745918321155734,0.03357963522636336,0.34973791706794294,0.0035908993120542356,0.47836446444695757
7,7,OUT,OUT,0.3129888339161746,0.04912268596384134,0.0017869942537629914,0.00775786877974703,0.07068383037192864,0.17270738043378722,0.0045275256235542734,0.38042488065720387
7,7,OUT,OUT,0.19786618056332606,0.03337944138237419,0.0017691544251541322,0.023749341815315846,0.06817146321085542,0.15663688355177618,0.00886136796540375,0.5095661670857945
5,7,SO,OUT,0.15668508930073166,0.04841971383124113,0.0016376061736369542,0.00919239660308208,0.06229021975304752,0.21442732127357225,0.007336544258938294,0.5000111088057502
7,7,OUT,OUT,0.19626340047208773,0.036223402092794885,0.001678567284688805,0.008900702955261939,0.060126856759504625,0.24346611993746206,0.007112784448962534,0.44622816604923754
7,7,OUT,OUT,0.20986313919988683,0.03396301775599617,0.0017318442855713372,0.010086146449874754,0.09329070818163386,0.2037943477126164,0.00513839656525508,0.4421323998491657
1,7,DOUBLE,OUT,0.21221877585932425,0.03623339357352266,0.0015915200656212982,0.02026078645395598,0.05736401662581398,0.1521440786518576,0.0059402185676101504,0.5142472102022941
0,7,SINGLE,OUT,0.11004711999501036,0.04412885474733162,0.0015830003648545045,0.04165102203827148,0.07535866810090472,0.32936466387090285,0.008146591994707594,0.38972007888801685
7,7,OUT,OUT,0.19044287133133894,0.03685514026274816,0.0020187790038465776,0.043800067305470085,0.08173877032611665,0.14050609425942895,0.008364341976858827,0.49627393553419163
7,7,OUT,OUT,0.16380057199652046,0.03869940535422708,0.002328144011536826,0.012130581521116773,0.07962864523255342,0.1781271397546496,0.018447560967870855,0.506837951161525
7,7,OUT,OUT,0.1881997232176568,0.03897784740694164,0.0017422110725019895,0.009368334911225143,0.08418640807483124,0.13651687890490313,0.006948885466718055,0.5340597109452219
0,7,SINGLE,OUT,0.1731701457330678,0.039584684946798857,0.0022270559913739507,0.010024277569886062,0.08786620512560783,0.18502112788112512,0.01951155925803354,0.48259494349410686
7,7,OUT,OUT,0.26208530370158345,0.04713831254950215,0.0015727981099173478,0.010944657818096231,0.08356262065809257,0.16647336745800004,0.005197029941284832,0.42302590976352344
7,7,OUT,OUT,0.23917786635342766,0.0692349233196252,0.0026414365185387693,0.012502207660161184,0.09265249524550956,0.13671936840842733,0.006516997062946782,0.44055470543136344
7,7,OUT,OUT,0.17428562479736864,0.03576756589779554,0.0016206321889968317,0.014454971542290557,0.1215874768182561,0.22930667884776518,0.007695012287620547,0.4152820376199065
0,7,SINGLE,OUT,0.25475795599990564,0.06936394896148163,0.004560162639634787,0.009888287874711302,0.07729182658644991,0.10579502453132479,0.004295451894952642,0.4740473415115394
5,7,SO,OUT,0.1792255275870039,0.039646005219391406,0.002007428847436729,0.007185509581506148,0.033639609530887,0.0978605311705218,0.0048274609947971,0.6356079270684559
0,7,SINGLE,OUT,0.1449543554373535,0.028716548004889583,0.0015565229071006351,0.03406006620609565,0.08009514697131803,0.30791947200301206,0.005633072506287274,0.3970648159639432
7,7,OUT,OUT,0.2336211678023238,0.03969155712438905,0.0015197952984474846,0.011670912035851423,0.0522277829208083,0.27492962233067725,0.004444063050992775,0.38189509943650984
7,7,OUT,OUT,0.14898828373557668,0.04646793957125871,0.00190338477285056,0.008205154011019337,0.07243693298041368,0.22314639810571113,0.004568448269095415,0.4942834585540744
0,7,SINGLE,OUT,0.26011459032860423,0.04763910951667361,0.0043736148739122625,0.008757498942031832,0.08843153711527058,0.10328234537144146,0.005001792471725499,0.4823995113803405
7,7,OUT,OUT,0.1690693218421094,0.03154198827356291,0.002303030485448781,0.008767527488153865,0.09845413201969457,0.15939367085244788,0.01759177033267972,0.5128785587059028
7,7,OUT,OUT,0.14896318841634842,0.032257484162955694,0.0015029460076824445,0.008245646237253391,0.060900603832537994,0.14429567738103694,0.005131497916692334,0.5987029560454928
7,7,OUT,OUT,0.16420606176472677,0.05308816559460951,0.0019452110085292143,0.011722104163556811,0.08075040946905661,0.21495636464308865,0.008918822372606643,0.4644128609838257
7,7,OUT,OUT,0.20886266092401062,0.03800347585924701,0.0016265705694569594,0.008624987277284933,0.05699596518364864,0.2134484674541957,0.006520038925288941,0.46591783380686724
7,7,OUT,OUT,0.10429725049034981,0.029000638614606136,0.0015965599382544652,0.053242380040645076,0.06907820376162153,0.35315628447626585,0.006048528088480624,0.38358015458977657
0,7,SINGLE,OUT,0.20329263308415962,0.03495733254562201,0.001879954791155688,0.04658842797022748,0.0747182247032208,0.12729744308613486,0.006931595747148845,0.5043343880723307
5,5,SO,SO,0.10338409949166712,0.021580700813028385,0.0013398360306000013,0.007156562791006341,0.03849479293235823,0.4795931971275548,0.0038176491953994477,0.34463316161838564
7,7,OUT,OUT,0.16210484756603827,0.023495089075549546,0.0014510500897034406,0.008543857584638973,0.05138942862234263,0.19595594300449667,0.003908417403348846,0.5531513666538815
5,7,SO,OUT,0.08372247828687884,0.03396032000231747,0.0014992465684502542,0.008196759087650912,0.06799193612630969,0.331187187849256,0.0053262542304809354,0.468115817848656
7,7,OUT,OUT,0.13627135498584272,0.030872150202802817,0.0014394793003932622,0.007612453689820317,0.054585110637598924,0.14274796468901593,0.005594260982646029,0.62087722551188
5,7,SO,OUT,0.18451483008982827,0.03298153526122481,0.0015613483908824774,0.008282924445159531,0.06307359058408654,0.17892083251545732,0.005160873058729606,0.5255040656546315
0,7,SINGLE,OUT,0.23669904633068348,0.04772704050148026,0.0017394978604903149,0.012697825631082167,0.08249231470169803,0.1798290237971608,0.005185498408173649,0.43362975276923144
4,7,BB,OUT,0.23805029296518676,0.05265346048571653,0.0024769623895330058,0.011740933571710726,0.08432873723323829,0.16418873152750338,0.009016263422521252,0.43754461840459025
3,7,HR,OUT,0.17820191470842486,0.05590679573267616,0.001715237452001563,0.013823882343996298,0.12848551685036208,0.2010376624297274,0.009902192434671032,0.41092679804814053
0,7,SINGLE,OUT,0.1440979302040054,0.026117773530022027,0.001602684725141734,0.04107413951446371,0.08249427905397756,0.341156026039962,0.00502896770302773,0.35842819922939984
5,7,SO,OUT,0.09316868957088385,0.01652320738779673,0.0012155108905761484,0.006709760146824843,0.029364233726853244,0.25303619457051346,0.003714120417846134,0.5962682832887055
7,7,OUT,OUT,0.21520966368561445,0.036463254046593056,0.0016066632755820296,0.01422725743043382,0.0525152764447878,0.24467326641299986,0.005289108894856378,0.4300155098091326
7,7,OUT,OUT,0.12110739487486942,0.026921641288236764,0.0021737709669784663,0.008811324228582487,0.03490740457570073,0.11795450548844062,0.006118365048210994,0.6820055935289805
5,7,SO,OUT,0.16436478179258007,0.028195676895786774,0.0017564566786996863,0.010873503922987771,0.06058629206863177,0.2877931814569641,0.00571462983728589,0.440715477347064
5,7,SO,OUT,0.10341663783754347,0.024028330875420726,0.0015405704102832408,0.010395993196490906,0.06418143611749529,0.24420583215367833,0.004279817729342393,0.5479513816797457
7,7,OUT,OUT,0.23009188466039884,0.026304710451945223,0.002843289591402311,0.012254575523753265,0.08086875455522473,0.19069479575582604,0.005698555586673039,0.4512434338747766
0,7,SINGLE,OUT,0.13883346976284774,0.021514667831616322,0.0013802556419600267,0.008684179429470211,0.08472031543463102,0.20035467187461428,0.004021049245003132,0.5404913907798572
7,7,OUT,OUT,0.08097984334962371,0.023404429102559833,0.0015974970361580534,0.008011828562017882,0.056201295209281084,0.27268767403003646,0.0038607967417286274,0.5532566359685943
7,7,OUT,OUT,0.16298515440779068,0.023987771811029977,0.0013825001672433817,0.008498562528559465,0.039454018881915895,0.10356154422835886,0.005225297428060632,0.6549051505470411
4,7,BB,OUT,0.15613732287013146,0.020534042777899643,0.0014075928869689933,0.010636514288471196,0.05367945197857042,0.10800332380510991,0.007082914990822411,0.642518836402026
7,7,OUT,OUT,0.16845080256122788,0.02419806870901435,0.0029302991223583838,0.008554875509254376,0.06993791064002049,0.17374486183174306,0.005508270067526565,0.546674911558855
7,7,OUT,OUT,0.1988721210195312,0.04049268228134541,0.001820942054605324,0.00909548503190096,0.07024209474649974,0.1328886403906172,0.004818887673307654,0.5417691468021926
0,7,SINGLE,OUT,0.1694972009246228,0.033350494246210546,0.0029328475705808197,0.013649127143962147,0.07697953704148193,0.1392194676399131,0.0057532194436850405,0.5586181059895436
7,7,OUT,OUT,0.1538515148008429,0.04941180759442223,0.0018172178414516378,0.016069990225196503,0.07875852369050715,0.17728100801530774,0.006576361722006654,0.5162335761102651
7,7,OUT,OUT,0.14327898654214577,0.03279365554546727,0.0015563480472776902,0.010297251120475541,0.11951907090136782,0.12571777731079484,0.0039031731597429344,0.5629337373727281
4,7,BB,OUT,0.12459470424627928,0.03467738333101351,0.0017047191899324415,0.06437143320720304,0.07074189658627697,0.2816921533497648,0.0042349770385171365,0.41798273305101297
5,7,SO,OUT,0.14746196547673968,0.028636866760779516,0.0015643872736423995,0.02498541772699264,0.07330248630141192,0.12612414322880292,0.0062776570624069735,0.591647076169224
0,7,SINGLE,OUT,0.15937478165593358,0.045872676474640134,0.001556497031706274,0.01152009548558911,0.07396117381779116,0.13001035754804766,0.00409641393453167,0.5736080040517604
7,7,OUT,OUT,0.162839464652226,0.04093277169596592,0.0018965110391478842,0.007650138436586827,0.03359819092004012,0.10501207265742792,0.004525775531007352,0.6435450750675981
7,7,OUT,OUT,0.1628237802257105,0.024758092821413256,0.0019314587966926299,0.00761333257922751,0.03717533234395348,0.11145904265075174,0.005993980985752168,0.6482449795964986
0,7,SINGLE,OUT,0.10940784479598983,0.021159970549332184,0.0016442478999984472,0.00856317855828203,0.054519713901932686,0.3739346287210691,0.005774865681264259,0.42499554989213145
5,7,SO,OUT,0.13085813881428757,0.01693367631044893,0.0013185328610409595,0.015003101111858912,0.05629461731502608,0.0995802546742689,0.008433520609578247,0.6715781583034904
5,7,SO,OUT,0.1417390082412314,0.02220066840003967,0.0018228505035532009,0.010402048921429218,0.07132626107763144,0.3448056713817517,0.047603416582216826,0.36010007489214646
7,7,OUT,OUT,0.1230425536040296,0.022153648043600923,0.001621559612694479,0.0099239711456988,0.045267072364210806,0.2500566518685859,0.004484407097593885,0.5434501362635857
5,7,SO,OUT,0.1805575380128744,0.027783360086452474,0.0028183940289571805,0.01424476912397825,0.07678798730969007,0.18762069810733076,0.004557406296095948,0.5056298470346209
3,7,HR,OUT,0.12464637671581202,0.044719637962563265,0.0015084393544767816,0.06267779358809755,0.08248700939195103,0.1766720159306581,0.0039970790637766165,0.5032916479926646
0,7,SINGLE,OUT,0.13162876682544308,0.025053584335323533,0.001382639886553456,0.01995486613943398,0.06305249425761492,0.11386845448522015,0.003914745196706898,0.641144448873704
0,7,SINGLE,OUT,0.13953986535877907,0.03074284616714371,0.0017266399877447142,0.042270721852990016,0.10413279558942215,0.15766443090291518,0.007928358272977911,0.5159943418680273
5,7,SO,OUT,0.1375847018907296,0.03770258336857364,0.002299582719169918,0.01089422316209707,0.09292297631789381,0.3135667147791521,0.008987640732489692,0.3960415770298941
0,7,SINGLE,OUT,0.15553550298831734,0.032361724019052816,0.0016785934152052414,0.02226451344241199,0.08858442725564403,0.13763525795959924,0.0056458451938278375,0.5562941357259414
7,7,OUT,OUT,0.15215344285863402,0.03399167750149485,0.0015882739894340996,0.00999853141897316,0.10359592802923301,0.15699977902492482,0.004642230422540149,0.537030136754766
7,7,OUT,OUT,0.13528680514674257,0.028429841149331475,0.0024138087178325897,0.01607710004624354,0.1296199290521048,0.11445742815396215,0.005943807127192555,0.5677712806065902
5,7,SO,OUT,0.12761891707015816,0.02742126670300158,0.0018372807627314068,0.017757271910490136,0.07305108020260706,0.1777024333810844,0.008241091466231623,0.5663706585036956
5,7,SO,OUT,0.16186353277146892,0.061745478273415,0.001546593922223185,0.0126128697204327,0.0780902036191957,0.18009039939258262,0.006810768674181829,0.49724015362649987
7,7,OUT,OUT,0.1589502896204156,0.031735961465437806,0.0015844809484950658,0.012992985568531847,0.1275800315314651,0.15112873278751263,0.00900081587769677,0.5070267022004451
5,7,SO,OUT,0.13965364849862144,0.04443127380457328,0.004313018800877499,0.008513082400070097,0.08124235858630507,0.28878357912093733,0.005147868442061244,0.427915170346554
1,7,DOUBLE,OUT,0.13551893746545837,0.02584253390046548,0.0013770997502624452,0.011054459572716648,0.04534886507801478,0.10054713152662784,0.009473095225406009,0.6708378774810484
7,7,OUT,OUT,0.2156132274097171,0.044851483153242,0.0030510949114162435,0.009528313078090822,0.053793229391269244,0.16355411549895646,0.006013212420012107,0.503595324137296
1,7,DOUBLE,OUT,0.14906937544024154,0.039095965312590346,0.002147938181293145,0.011346998762727035,0.08299493652696005,0.18991155182754266,0.005297117704725676,0.5201361162439195
7,7,OUT,OUT,0.15779973071912828,0.0467023799663129,0.0017904892506782981,0.013098479683994626,0.07944632694456737,0.19410879816979967,0.006538376505559993,0.5005154187599589
7,7,OUT,OUT,0.08049936263494736,0.02024316032117787,0.0014521224285718875,0.007456001611777837,0.04390222750848397,0.32460911449858615,0.004464023920456051,0.5173739870759988
7,7,OUT,OUT,0.14649539107107384,0.021991375623693812,0.0013420295723007908,0.007337088056638243,0.04955973612140749,0.1136469556665809,0.005823558295961962,0.6538038655923429
4,7,BB,OUT,0.15250832369808576,0.032298134443877254,0.0039107603005350865,0.008832453590681189,0.06718967027263514,0.22227736779083437,0.006005045386178708,0.5069782445171725
4,7,BB,OUT,0.14653514437985593,0.03199787610182405,0.0014798027290754245,0.01730956137392688,0.06814638102392892,0.1182682491062903,0.003949630021446682,0.6123133552636519
4,7,BB,OUT,0.16692687222933067,0.03408974423194866,0.0014355358545965484,0.012396711075807533,0.06893069338893534,0.12619230805496479,0.004428920279728213,0.5855992148846882
5,7,SO,OUT,0.11128479109039544,0.02501569412864595,0.0016567328741753102,0.01130940821345561,0.063255015851501,0.2971493772155099,0.004625324902020811,0.4857036557242961
5,7,SO,OUT,0.12634806859850506,0.016070252760943707,0.0013119183760092956,0.015279185629395077,0.052995882801180845,0.10184718704794371,0.00637638074013802,0.6797711240458844
0,7,SINGLE,OUT,0.15626661165459987,0.04319474342674662,0.0015215171270871056,0.030957693474162176,0.04563456076546324,0.17835101681231677,0.0044023998361883525,0.5396714569034359
7,7,OUT,OUT,0.16256004671460741,0.033426892930454664,0.001987440252620466,0.010531085342388913,0.06810116954091157,0.12514922771666337,0.0060505429890615175,0.592193594513292
3,7,HR,OUT,0.14877965734275306,0.041682986091692346,0.001860775391504914,0.015264865506276766,0.09554037240117529,0.17513270500066502,0.005578425907951907,0.5161602123579807
7,7,OUT,OUT,0.1502514384914634,0.027797668757477696,0.0015713953240577613,0.05375176391122202,0.06544648534949898,0.2738136765816677,0.004300997853164476,0.4230665737314479
5,7,SO,OUT,0.08202501858275534,0.023417489488641842,0.0017160672896940532,0.00991564119008686,0.04656979753046947,0.355004012066256,0.004310117245913179,0.4770418566061834
4,7,BB,OUT,0.14084729423286796,0.021773206619329074,0.0017539012733562907,0.029254207837960098,0.06202070471764651,0.14095819601022763,0.0054165462073084624,0.597975943101304
5,7,SO,OUT,0.182420949558578,0.02801370153926116,0.0025838204741305895,0.012379268176548297,0.08332414896854876,0.21162892750994908,0.006043504781654409,0.4736056789913297
0,7,SINGLE,OUT,0.1307419070548849,0.042839467535406135,0.0016565435677236373,0.014967960083894073,0.0657760691526518,0.2650848673546037,0.005551692012147184,0.47338149323868856
7,7,OUT,OUT,0.1861243382389081,0.05385399002256501,0.002051361558866733,0.010587107520034108,0.0749546928867189,0.14510946949099907,0.005053142394283364,0.5222658978876247
7,7,OUT,OUT,0.11402061225656761,0.023666107559093336,0.0016015305889816628,0.010020913259544368,0.04847980444300091,0.3538593685885129,0.004355876763969901,0.44399578654032934
0,7,SINGLE,OUT,0.1481624790652994,0.0345242868979153,0.0018112387434050098,0.010018131398473068,0.0733257598752082,0.21849599506550163,0.006256102788042181,0.5074060061661553
5,7,SO,OUT,0.09310958384301034,0.022390774227172165,0.00161596016022614,0.00865032586352507,0.053515284524018374,0.3585642368423161,0.003992117424435186,0.4581617171152968
7,7,OUT,OUT,0.1423083099810961,0.03148471990228108,0.0014403855877176772,0.007888039112832304,0.04280455541810725,0.11812404906626124,0.00465367393675441,0.65129626699495
7,7,OUT,OUT,0.18524853277759631,0.027836653304882556,0.002740337094848819,0.011394372352744219,0.09329185286331461,0.21716444985261715,0.0057861050324845495,0.4565376967215118
7,7,OUT,OUT,0.13310306835485783,0.028099000108626537,0.0015270441217250241,0.011408829707717656,0.08249109563094217,0.28545384866696416,0.004324618539505798,0.4535924948696609
7,7,OUT,OUT,0.12875786306671516,0.04264185719371902,0.0019445569658134594,0.013340711020944593,0.08778782012269508,0.27126447012649774,0.005117811977874723,0.4491449095257402
7,7,OUT,OUT,0.21526885126494597,0.04843064582076338,0.0021655218650298456,0.011804896759841723,0.07172218158594158,0.13452961828187687,0.005468052017659731,0.510610232403941
7,7,OUT,OUT,0.17199506142034338,0.02741127913495854,0.004881936440949629,0.01261569075708363,0.0750236947100825,0.1530167892821549,0.007977088513126437,0.547078459741301
7,7,OUT,OUT,0.16839169723995678,0.05242004228218902,0.0018775477825687286,0.008908450592594494,0.057445663046976875,0.12208336404304203,0.004292750969325894,0.5845804840433461
0,7,SINGLE,OUT,0.14290767768731125,0.02811041487082507,0.0017716924709597311,0.006949703025688002,0.032385687008135204,0.10219485173874109,0.0060432473821843665,0.6796367258161553
0,7,SINGLE,OUT,0.1829230402104904,0.03133357085628834,0.0019417242734227048,0.01130548548944509,0.10116944204602213,0.12091629942874305,0.007167323038087138,0.5432431146575012
5,7,SO,OUT,0.12813210466169886,0.0259213492126325,0.0016941537218239135,0.03045666209393054,0.05401506287636294,0.12026781323721893,0.00929097660468715,0.6302218775916452
3,7,HR,OUT,0.10460070799305722,0.041511248456142916,0.0021002764637081074,0.06766106871889442,0.09780504849503417,0.25920146086781454,0.004568954739368725,0.42255123426598007
7,7,OUT,OUT,0.14431293924160893,0.02353654879921992,0.0015546958554401755,0.010483428651568517,0.053595648435557544,0.19500235066782676,0.0048395490192994555,0.5666748393294786
7,7,OUT,OUT,0.15056613903154661,0.03406134379766806,0.001658159017798636,0.01049539041600678,0.08764714375060197,0.14520723599236057,0.0053859094025928,0.5649786785914246
7,7,OUT,OUT,0.29138398507312024,0.024362158985920333,0.007911664653112587,0.011925164571609167,0.09656385819491686,0.13280634642030203,0.03321761050377833,0.40182921159724055
0,7,SINGLE,OUT,0.11393446533732182,0.03221585348368503,0.0022880705854425817,0.03536157599560788,0.08129848948347267,0.1151642567993696,0.006434168114896939,0.6133031202002035
7,7,OUT,OUT,0.10524604102636298,0.02815209225331011,0.004042017283860275,0.01369776624322933,0.09698830480098869,0.10149484851977975,0.006025160824793317,0.6443537690476756
0,7,SINGLE,OUT,0.16166354112726747,0.023158297283011126,0.0026280100055245635,0.012074804813496867,0.09002453978893428,0.16876468320314064,0.006339562145939424,0.5353465616326856
7,7,OUT,OUT,0.17445928333395336,0.024419663958281924,0.003525588226402831,0.02578703636734896,0.1168179034211162,0.13097527660794395,0.0093750957889927,0.5146401522959602
7,7,OUT,OUT,0.18200669687863566,0.019066675922082985,0.01144599719752565,0.008849611887647782,0.07558803107381118,0.1756984270576226,0.005747348982363723,0.5215972110003104
7,7,OUT,OUT,0.1880027882748394,0.06688838423061659,0.002066530882707568,0.01623533941952094,0.07205780666622237,0.18671337623600373,0.004133612714612261,0.4639021615754771
7,7,OUT,OUT,0.1894138310990049,0.029127046832154287,0.002037335085878829,0.06598840708374065,0.05754543615782988,0.17004093094185785,0.004912640088786796,0.4809343727107468
0,7,SINGLE,OUT,0.16671286632521928,0.02262145153903586,0.0028668059383705957,0.010869021615429658,0.04904048316277969,0.3582504869877817,0.004583658557574889,0.3850552258738084
7,7,OUT,OUT,0.2062316670655931,0.03318999925717451,0.002146483798814811,0.008263274645705481,0.09328463377844934,0.22642146442381067,0.009043603655562268,0.4214188733748898
7,7,OUT,OUT,0.2142916867795231,0.01690683907627918,0.0015721074676456328,0.006917860933459899,0.07544656785784634,0.16270390421345798,0.00521985758406981,0.5169411760877181
0,7,SINGLE,OUT,0.1362367656551974,0.04576633607651856,0.0029832892121423107,0.013303865311313742,0.13396001280795355,0.19641224626166634,0.00641005447800361,0.46492743019720456
0,7,SINGLE,OUT,0.1415823994595574,0.03130181664022522,0.002107776992289425,0.0075278890148235385,0.06383215066030747,0.10912378469626913,0.0037640423486009498,0.6407601401879269
1,7,DOUBLE,OUT,0.20797655667100795,0.03841716724410362,0.005237090080345269,0.010599136346858025,0.10622712941388979,0.1733754615704516,0.004515342773899825,0.45365211589944393
7,7,OUT,OUT,0.21049485535519102,0.030077633756451446,0.0018531451865930577,0.009457032496892143,0.0731850710350255,0.1984516373308024,0.0048366303364445265,0.4716439945025998
0,7,SINGLE,OUT,0.20334940359882256,0.024839009414959545,0.001579218511757537,0.012837627828351227,0.0823073755337685,0.11324854481836635,0.004775705270469675,0.5570631150235046
1,7,DOUBLE,OUT,0.18669715690166772,0.055969316039951825,0.0016555640258620974,0.026847862947174422,0.04763340888275406,0.12454409882239482,0.004434191033478397,0.5522184013467166
0,7,SINGLE,OUT,0.17725781556063194,0.025149028824978673,0.0015026565705908706,0.0693523619485893,0.14853665520168968,0.2292867218360323,0.006508256747511254,0.34240650330997596
7,7,OUT,OUT,0.1824186059677887,0.028911898733694905,0.0015541011457488457,0.011799429649650412,0.08220213021590396,0.1297519570146041,0.005308481616861108,0.558053395655748
0,7,SINGLE,OUT,0.18518655575430856,0.03456914619934334,0.0022356570179631018,0.008631845720268263,0.051007056649886806,0.13959493940724313,0.006754735253549747,0.5720200639974371
7,7,OUT,OUT,0.11434987558908505,0.035739170674479716,0.0014849879425248031,0.010616665069701027,0.07097848420422934,0.11571724351683253,0.011383272408488318,0.6397303005946592
5,7,SO,OUT,0.13969745273963474,0.04898964510274041,0.0015110593904094501,0.007999702853611994,0.06164498468701275,0.1488082686898724,0.004338328893763951,0.5870105576429543
7,7,OUT,OUT,0.1742305577703702,0.05460272882644126,0.0021417199108719883,0.008823021726410668,0.09098176507408758,0.17836237436692162,0.012307026547344878,0.4785508057775519
7,7,OUT,OUT,0.1490260945395375,0.03200911326770678,0.0016620930148990758,0.009784650310378949,0.07317690686194862,0.25085137755807024,0.006467755466868175,0.4770220089805907
7,7,OUT,OUT,0.16666923763958838,0.05311339490921205,0.0016957452286365333,0.009046817572373553,0.08515778792784016,0.1408109326414208,0.004636211604344664,0.5388698724765838
5,7,SO,OUT,0.1603046131685299,0.025048965725916424,0.001784900157499731,0.009934271516574786,0.11037299338793362,0.22858565573268402,0.004313792559799216,0.45965480775106243
7,7,OUT,OUT,0.2174579654037576,0.03928304983146784,0.00230703706579014,0.010850077787556011,0.039575569237250106,0.2023402756346766,0.009787134760776401,0.4783988902787252
5,7,SO,OUT,0.12379630923801825,0.03377521518118989,0.0015763047395712577,0.009105417400865984,0.06872969456911197,0.27361418443851815,0.004701391022270129,0.4847014834104544
0,7,SINGLE,OUT,0.09352717536797515,0.015996593863770378,0.0013778406509888418,0.011283245072322182,0.033733958902500784,0.29938035629173687,0.00499106498332742,0.5397097648673783
7,7,OUT,OUT,0.11752672753018237,0.022203812952572236,0.0020764020991948353,0.008307015549053979,0.10564247842962125,0.2951964380367014,0.004095597045368498,0.44495152835730545
4,7,BB,OUT,0.13355478351299724,0.05426729950018219,0.001643802302155034,0.029541046629463247,0.13773102943563229,0.2417367038040463,0.008542577060146661,0.392982757755377
1,7,DOUBLE,OUT,0.17466634672561554,0.02484187552826042,0.0015357185646493248,0.009644741258399295,0.10625826238568074,0.12378070346864138,0.004565514917338338,0.554706837151415
7,7,OUT,OUT,0.189394727057332,0.026112014728082163,0.001554613651029937,0.010280810374375655,0.08187465525330187,0.1198673292499039,0.006136717757393598,0.5647791319285809
0,7,SINGLE,OUT,0.15839664096974052,0.032635218953087144,0.0013550758662169474,0.01990081177283409,0.05215260204850116,0.12283282720478626,0.005541305499683602,0.6071855176851503
0,7,SINGLE,OUT,0.19570487190304964,0.048252325785735545,0.0024350598598228716,0.01322540733870973,0.06602712590449425,0.12780649699548527,0.003773668298561505,0.5427750439141412
7,7,OUT,OUT,0.14787023547698222,0.042238471099243245,0.0018094167835404117,0.010116629687259363,0.07521652769054128,0.2076204287987556,0.005825828423121177,0.5093024620405565
7,7,OUT,OUT,0.16824185260436278,0.0326144357226549,0.00339472083617489,0.01139941121172054,0.0707518056311979,0.1605754031926523,0.005327920220419,0.5476944505808178
7,7,OUT,OUT,0.15108997484818032,0.02999407595103531,0.001743680713905658,0.00954385011221752,0.05983253578938239,0.20031546567336297,0.004418751289212108,0.5430616656227039
0,7,SINGLE,OUT,0.11756391767554927,0.036361434593189884,0.0019275113127323392,0.007407403224378143,0.08312471338708573,0.147274812512105,0.006067270642419567,0.60027293665254
7,7,OUT,OUT,0.1395397221598338,0.021746967126093794,0.0017043890624297918,0.009155857261585033,0.04943499004191521,0.259022559656176,0.004331689236964046,0.5150638254550024
7,7,OUT,OUT,0.10874314117153344,0.01989738875435053,0.001670351771544421,0.009017568476475538,0.07296511594853275,0.2998410212647479,0.004299811813390689,0.4835656007994248
0,7,SINGLE,OUT,0.09877338209839946,0.020558540210664052,0.001605629488452238,0.008246820233813535,0.043219576098152,0.3265483583306006,0.004124059772867145,0.496923633767051
7,7,OUT,OUT,0.10961916589204178,0.03323310530244078,0.0015038028433883893,0.01193905347411327,0.05953311463086464,0.18325767496587805,0.009535306973922983,0.5913787759173501
4,7,BB,OUT,0.1305233586338335,0.01840556043156553,0.0015006100461926943,0.0182874301960618,0.04825068284756665,0.22959295976286304,0.008002165050396108,0.5454372330315207
7,7,OUT,OUT,0.1015121578278911,0.015571399068032203,0.0014055240891625975,0.009858070832568634,0.06435770525959188,0.3097500258695596,0.004794695046273511,0.4927504220069203
5,7,SO,OUT,0.08935077262844224,0.02052443836227498,0.0013388567321689089,0.009292888500867841,0.031466212063489284,0.2022839591458077,0.006925709222705643,0.6388171633442434
0,7,SINGLE,OUT,0.08779352672453679,0.01846130831189948,0.0022444658048415664,0.01214149348679893,0.05083579423053874,0.24546895149857362,0.005756515062081745,0.5772979448807292
7,7,OUT,OUT,0.12244840582634907,0.023394790637011022,0.0016075006342198023,0.01534027625230491,0.06886282068837203,0.25298830570804204,0.004713625095842806,0.5106442751578583
0,7,SINGLE,OUT,0.1584836086044855,0.01665851789306442,0.008292933416335215,0.012632263024010945,0.09971111845615693,0.15583691711912057,0.010289619033742835,0.5380950224530836
7,7,OUT,OUT,0.1097221570314717,0.030607624951748187,0.0014849848420642848,0.014944467783388224,0.0722628553180562,0.1409279106028103,0.0044531495804246935,0.6255968498900365
0,7,SINGLE,OUT,0.1314933128360467,0.024281730736044352,0.00161020667477555,0.020463707627162906,0.06204349393125732,0.16161654189746427,0.005742374666347903,0.5927486316309011
5,7,SO,OUT,0.10202741725504838,0.03460505896032212,0.0015106176729799965,0.010927954997308172,0.06021015747256997,0.1919303451877536,0.004103465091634967,0.5946849833623828
7,7,OUT,OUT,0.1423578458183765,0.02987191358100956,0.003442615905808164,0.013297597966540516,0.07585201309007113,0.17308386774939305,0.009528055948507128,0.552566089940294
1,7,DOUBLE,OUT,0.1619516068951872,0.05330654523170446,0.005258717544408141,0.012292601752690722,0.07078229805981988,0.21036698791504632,0.01120354474466678,0.47483769785647645
7,7,OUT,OUT,0.13864173783122796,0.029225530846687702,0.0017095793842023246,0.00913648765008448,0.05700995494803687,0.229929846867414,0.004844767056375446,0.5295020954159713
5,7,SO,OUT,0.1758402511040394,0.042333760155209336,0.0021599690347849985,0.010245347025842715,0.08334946944441553,0.22569976008332887,0.004913143827672308,0.4554582993247067
3,7,HR,OUT,0.09956761519572753,0.019453381271370102,0.0012911172468397791,0.012257023912289916,0.04202631753803655,0.14436342790424053,0.012401049177993693,0.6686400677535018
7,7,OUT,OUT,0.2120701089740397,0.04386023145074964,0.0015545678503241327,0.01985901724692336,0.048417802757326295,0.13425287300096247,0.004304094658123818,0.5356813040615506
5,7,SO,OUT,0.18635534478718999,0.022424581160975402,0.001619636679167168,0.014978776276196301,0.07473012881633942,0.25209820672276934,0.004794158151276409,0.442999167406086
7,7,OUT,OUT,0.14938997911070642,0.03997227689151865,0.0016590839624303997,0.010285893605071565,0.08916968152358255,0.16341764221992675,0.00526273038274191,0.5408427123040217
7,7,OUT,OUT,0.10790777635793293,0.028895630217939335,0.0019204176124387482,0.008457427323854981,0.07372579933914977,0.22266650749403508,0.006292536853986257,0.5501339048006629
7,7,OUT,OUT,0.13627692235943414,0.0201559169810992,0.0015258546658502602,0.010468444970428549,0.08771983950144958,0.12321417255399335,0.0044855194810524,0.6161533294866925
7,7,OUT,OUT,0.21759009213285868,0.04227960717248591,0.00161652859712676,0.016629471854790932,0.05821536749119836,0.13233825474255642,0.004071494708830394,0.5272591833001524
5,7,SO,OUT,0.18764932539746534,0.03980181243475925,0.0015839334121012442,0.011494983439717289,0.07644096507797023,0.1523068797468014,0.0055455282877571776,0.5251765722034281
7,7,OUT,OUT,0.21568417757346028,0.019423291273279394,0.0016737527170915258,0.009043547031739126,0.06794713426720812,0.17924204302144683,0.006356203278339105,0.5006298508374356
0,7,SINGLE,OUT,0.13205478433807483,0.025122572519464675,0.0016206588074606744,0.008939917974324422,0.05850027260274834,0.21000239278983107,0.004463760806275599,0.5592956401618204
5,7,SO,OUT,0.1048649359296364,0.03165095148618684,0.001782999372103235,0.01038997582552557,0.06519298487621115,0.24034142782720833,0.006035990518274843,0.5397407341648536
5,7,SO,OUT,0.1432711419807662,0.04447457265023911,0.002378852730157166,0.05110395036227603,0.085000366446794,0.2259020276927486,0.009021747047371445,0.4388473410896473
0,7,SINGLE,OUT,0.17768585395653827,0.024334085359961205,0.003737784582984468,0.007795149178337617,0.05895134601012733,0.09854129807042256,0.0035968996324674827,0.6253575832091611
5,7,SO,OUT,0.1474917039168676,0.034085072524109486,0.0028675521386786703,0.009682776222472947,0.06963176791201395,0.13033604077750008,0.005475642885034096,0.6004294436233232
0,7,SINGLE,OUT,0.21273556675502647,0.04850671446596317,0.0023595833144932424,0.009178297022246776,0.05140313358271209,0.16134014548287595,0.011912250016215672,0.5025643093604666
7,7,OUT,OUT,0.1422631522961879,0.023726529057007235,0.002199409794143341,0.009142875325281715,0.06067788032365313,0.12662668220474782,0.009468551526333982,0.6258949194726449
0,7,SINGLE,OUT,0.1545052446845985,0.029698334979220097,0.0018606144338875771,0.009454405299329397,0.1025160002672728,0.18151558632866624,0.00432596394676169,0.5161238500602637
7,7,OUT,OUT,0.2086007210865321,0.03422649372445685,0.0026819712442211563,0.010124458732867665,0.08645753649316232,0.12986997970181635,0.005045280528220025,0.5229935584887234
7,7,OUT,OUT,0.18583198844515622,0.026371595382901777,0.0022234361296246314,0.011988709176047246,0.07299030563624656,0.1431233234591343,0.00468328506303987,0.5527873567078493
7,7,OUT,OUT,0.15530549563304305,0.028603825883721862,0.0016073683487833894,0.009748241320668836,0.12197089549405091,0.13140018510426135,0.004395707779630576,0.5469682804358401
5,7,SO,OUT,0.18083959706191757,0.03144713728896923,0.0017368236164752946,0.04232782741671631,0.09858708106159338,0.17080652424618598,0.0043789186161342685,0.46987609069200803
4,7,BB,OUT,0.1610489190576764,0.02357131649200365,0.0015259907114082549,0.02561182534191789,0.11210821958281633,0.21371848830456522,0.00435880180512208,0.4580564387044901
7,7,OUT,OUT,0.15860288646677154,0.02102054783200838,0.0014141044967557798,0.01661616322271925,0.09545146637080872,0.12419763889580178,0.0048625509375702525,0.5778346417775643
1,7,DOUBLE,OUT,0.21092042150516077,0.020493412761648386,0.002023237850320653,0.008719396345693147,0.12727315794106397,0.18401709619864898,0.005113278494235586,0.4414399989032286
5,7,SO,OUT,0.18330588586901445,0.015438262994887889,0.0019097395315274426,0.00736448335820346,0.1296542681537943,0.20155273536247273,0.0040999138679999,0.4566747108620998
7,7,OUT,OUT,0.1661404307955881,0.020083673944226763,0.009756519488105709,0.009167717254589659,0.06970064969897426,0.24323776165001462,0.0050737664439287275,0.4768394807245721
7,7,OUT,OUT,0.11600493339364207,0.020569186762364085,0.001820480542472344,0.008422492042425006,0.11699766518463836,0.2770927105585435,0.005912723750367465,0.45317980776554706
0,7,SINGLE,OUT,0.1842217013100814,0.021913680718471815,0.00195518861067796,0.008982344573391417,0.09153348614448557,0.2923418749817593,0.00484920886261846,0.3942025147985142
4,7,BB,OUT,0.2633313842538418,0.019192059961700963,0.00186499616723363,0.008307967378356537,0.1123391656184682,0.1889202419757046,0.003935569501370416,0.4021086151433238
7,7,OUT,OUT,0.1561224822360195,0.025182967977462056,0.0015605806459333895,0.020392445487153698,0.09145896513410401,0.1245973622699447,0.008433719437217792,0.5722514768121648
4,7,BB,OUT,0.18129777818214313,0.027453484391789896,0.0016756079369039906,0.008891870729492669,0.06469422502277686,0.16327769381285676,0.00440319686000242,0.5483061430640342
5,7,SO,OUT,0.1931525652898126,0.035627098171489555,0.0034000321885980698,0.012255437286784437,0.05735352185917203,0.1666049741875894,0.005348028523157835,0.526258342493396
5,7,SO,OUT,0.17969866511660657,0.02812885210317513,0.0018393706163867885,0.010952110512660165,0.055051795994353746,0.1756664000010422,0.005066165814902621,0.5435966398408729
7,7,OUT,OUT,0.1425708421092894,0.035600976453456154,0.0017387501210231642,0.024516936029661096,0.05308221308895106,0.12913445715830243,0.006529902199166327,0.6068259228401504
7,7,OUT,OUT,0.10086837834446173,0.054215140178539005,0.0017113595725367714,0.008720660100188007,0.05309255249373368,0.22906050303277747,0.006209458238848753,0.5461219480389146
5,7,SO,OUT,0.14798288622203334,0.025919008891129233,0.0017120741028142693,0.05415623354632385,0.10015060409139373,0.22893447700064617,0.007098784350528621,0.4340459317951308
7,7,OUT,OUT,0.20175845901921738,0.02153010995713681,0.0020373644194905077,0.009857347322666283,0.06884237902302706,0.1191978142245574,0.006019237676417617,0.5707572883574868
7,7,OUT,OUT,0.212589089916653,0.04071972087607807,0.001608697468003908,0.010856756699728425,0.06303381913121252,0.1334672351234505,0.004572196376019216,0.5331524844088544
0,7,SINGLE,OUT,0.19559082514507056,0.028324592611463223,0.0017011652901830988,0.009329151606005724,0.08224067086269113,0.14407586158284488,0.005502432914701923,0.5332352999870394
0,7,SINGLE,OUT,0.19823052751630013,0.01810246872251017,0.0016245469498774152,0.008177587257610626,0.07676888243172081,0.12602896436941635,0.004426966288052644,0.5666400564645119
0,7,SINGLE,OUT,0.13883482329654456,0.02555633731052191,0.003085705006634542,0.01114685935690425,0.04227394214015632,0.15621824391075534,0.004786369050891415,0.6180977199275917
1,7,DOUBLE,OUT,0.17057122322339469,0.02337182902163078,0.0016550372581364274,0.008805114014513468,0.06340262709800774,0.19299287660589962,0.0049449643614902505,0.534256328416927
7,7,OUT,OUT,0.16460347369931277,0.017339349662659195,0.002304062368682665,0.00964611738636063,0.1266412568286808,0.1750070365080574,0.006074826608300524,0.49838387693794584
7,7,OUT,OUT,0.18567452757404113,0.019791641961285994,0.001763354336585816,0.009842912020630446,0.09231297457932129,0.1923829052794672,0.003975680531881356,0.49425600371678674
7,7,OUT,OUT,0.10397596753925248,0.018044580537989605,0.0017709820667344024,0.008261864097940752,0.09449184615562004,0.3108481868437146,0.005019860698871537,0.4575867120598766
7,7,OUT,OUT,0.2093846655109004,0.02967693450752676,0.0017800248561398964,0.010246175656788942,0.10308552515265988,0.18340418817538248,0.004529941546188216,0.45789254459441336
3,7,HR,OUT,0.27637536696261245,0.02206634214591429,0.0017985750201295378,0.009635998851743686,0.08775278453638581,0.202197800930319,0.004766555596520869,0.39540657595637435
7,7,OUT,OUT,0.21066071061665018,0.025498286664905737,0.0014775460309139796,0.011189636642252105,0.11326664626908356,0.11077484073082758,0.004978944507225568,0.5221533885381413
0,7,SINGLE,OUT,0.17983342559351045,0.03467343248036846,0.0018769909979353843,0.008642246233999737,0.048943827555289414,0.1551128280629297,0.006522694571472965,0.5643945545044938
7,7,OUT,OUT,0.0983587806090953,0.04050654479570219,0.0015440694765452888,0.009478514470036281,0.07227842317636197,0.12412764304154905,0.008966692543083252,0.6447393318876268
0,7,SINGLE,OUT,0.16502785593904923,0.025738578817177865,0.0018230245956851665,0.012110397757843033,0.1015404874658813,0.2362321807676067,0.004453110068751961,0.4530743645880047
7,7,OUT,OUT,0.2186264185649866,0.017496619596847666,0.001984012454100086,0.008492225295931084,0.09479905534092553,0.18553787787528098,0.004862978102981799,0.4682008127689464
5,7,SO,OUT,0.20100370961706707,0.02024431373921505,0.008767685584173261,0.01553716087407299,0.09479586444386318,0.18887305960146616,0.004884127425426681,0.4658940787147158
7,7,OUT,OUT,0.16717583645705836,0.017692279357934635,0.0018764718430019124,0.014171121212126929,0.11494660070345802,0.1979866919742686,0.004334977013728693,0.4818160214384229
0,7,SINGLE,OUT,0.3593237330838471,0.028244863542375178,0.0016841801802265652,0.010889806094364584,0.058513735393907855,0.1513268843540775,0.0049076774940480065,0.38510911985715335
5,7,SO,OUT,0.17749995878623664,0.026728385511821773,0.0015842816409875006,0.00839033856596097,0.09124553055076735,0.18437173928825942,0.0040320262817871416,0.5061477393741792
4,7,BB,OUT,0.188475788105354,0.05708022875554689,0.0016522049008489408,0.024187697373679283,0.07510854210828354,0.1279793563468123,0.00443854761634648,0.5210776347931285
1,7,DOUBLE,OUT,0.17659938993454855,0.03452749367490086,0.0016050516325077585,0.028817155545350786,0.10477951051446967,0.26093072671904166,0.00715348778035019,0.38558718419883053
1,7,DOUBLE,OUT,0.16992475316942693,0.02463121835455297,0.002479015638316984,0.014148338957737535,0.06695053709839424,0.10552186726103173,0.004223281728888602,0.612120987791651
3,7,HR,OUT,0.17804435220384027,0.02882509692373153,0.0016622181470972077,0.02679097167200821,0.0824384100488313,0.15834313254189752,0.005115104643970162,0.5187807138186239
7,7,OUT,OUT,0.13999043394525754,0.06581970682572438,0.0017730831926644965,0.028428941796704164,0.04473490502164907,0.1754538586465191,0.007290735688810271,0.5365083348826709
7,7,OUT,OUT,0.10812278032979449,0.05261225101528259,0.002255669411899232,0.007936824912674088,0.05807931129832103,0.16425793505510192,0.010062173486255287,0.5966730544906713
7,7,OUT,OUT,0.16967058730751808,0.060829649436966796,0.0015438716998535538,0.009794817479253525,0.11520770722597319,0.13881621589582568,0.008525112177821977,0.49561203877678706
7,7,OUT,OUT,0.21861241778800444,0.030274886798421205,0.0015540559851646063,0.010847371122610803,0.087864766570907,0.22515712817602418,0.0046680680931945,0.4210213054656733
0,7,SINGLE,OUT,0.21593079281791772,0.02941734456567813,0.00259983696069732,0.010771251663457567,0.0713028710492013,0.1396727495503642,0.0058511474032088475,0.5244540059894748
5,7,SO,OUT,0.17660574880941396,0.029752572650221857,0.0015360503753143915,0.008348349871112937,0.06246669356173078,0.25134155619310683,0.00437925380047154,0.4655697747386278
7,7,OUT,OUT,0.16533424212360684,0.0264093516690738,0.001564948789809273,0.00836018637937191,0.05051805170442746,0.24315982710216363,0.0042886493065718324,0.5003647429249752
5,7,SO,OUT,0.1601972472803817,0.025039331069728506,0.0014266255988840092,0.008252268671193086,0.05596434102297996,0.17520507309802927,0.004141947308191472,0.5697731659506119
1,7,DOUBLE,OUT,0.17682586853631554,0.026091120495086967,0.0038494358422238085,0.01443483300577968,0.13494854505996773,0.13190758052187995,0.004336609789401442,0.507606006749345
5,7,SO,OUT,0.12023007898947952,0.048931027124733364,0.0016130821365089242,0.046578500399488014,0.09568496594863415,0.27450579400401337,0.0049947218955600815,0.4074618295015826
0,7,SINGLE,OUT,0.21174069122174977,0.03631088717961237,0.0015784633201975104,0.012236650158344527,0.08157239388804953,0.1150961792412234,0.00412451043447074,0.5373402245563522
4,7,BB,OUT,0.12166271628625167,0.06026157492537394,0.0020622727668522865,0.029051588506853285,0.1401985696631375,0.1260887065819542,0.0047253715240813295,0.5159491997454958
7,7,OUT,OUT,0.1017655691019092,0.024857879049666985,0.0018222631775392394,0.05446468811110632,0.09031262749219982,0.2995499099171849,0.005665368470741207,0.4215616946796525
7,7,OUT,OUT,0.17789636482301452,0.03375355624788522,0.0018276819921270871,0.01029174530829413,0.08895840373424485,0.14416534047016233,0.005087074027679386,0.5380198333965924
0,7,SINGLE,OUT,0.20974330319284842,0.03479974983221037,0.002338849173997207,0.009026434807704512,0.09337880136396484,0.11472658505468294,0.003847952405061688,0.53213832416953
4,7,BB,OUT,0.14051051280925625,0.048043215410160066,0.0017528147737749175,0.020719325353774812,0.12441522531146737,0.25124815142891305,0.007696366525829552,0.40561438838682407
7,7,OUT,OUT,0.16736066866044705,0.04544416615937055,0.0023700743788010546,0.007513639964676555,0.0683136188088357,0.11281494919355976,0.003822316656640036,0.5923605661776693
1,7,DOUBLE,OUT,0.15013967151970808,0.04777157706001014,0.0017017559540348256,0.02196548666032438,0.08004132906631133,0.19592167032508068,0.007383464187450304,0.49507504522708023
7,7,OUT,OUT,0.11823739200630289,0.028346234912073994,0.001674929895604089,0.008687374930505797,0.05672769164491752,0.250893464679343,0.004272499862802782,0.5311604120684499
5,7,SO,OUT,0.18047284581365766,0.027783121881461686,0.002401487273276597,0.007891745633270995,0.0656451166360452,0.1539342485056405,0.004538929306558639,0.5573325049500887
7,7,OUT,OUT,0.12264398251783404,0.034996805753894925,0.0017931559427820313,0.00896374178613287,0.04268760263044498,0.16924773720612318,0.003872731812255255,0.6157942423505326
7,7,OUT,OUT,0.12231288140670096,0.023016524430558065,0.0020963424220116315,0.010130513194499141,0.050491818201292976,0.30558228955462274,0.004909474635490146,0.4814601561548244
7,7,OUT,OUT,0.28256455230970645,0.039034522698696755,0.0025009541980837396,0.010168316315907422,0.09172740252171921,0.1590782072916034,0.013828841106047976,0.40109720355823497
1,7,DOUBLE,OUT,0.1355121702304579,0.0750479604993528,0.0019090150492164994,0.038312949584129195,0.13137155044153878,0.1730729484803432,0.006777934070575802,0.4379954716443858
7,7,OUT,OUT,0.15515921571592245,0.02210438789546128,0.0016225632752221982,0.008530297615837821,0.08384909899305135,0.21988241303469847,0.00864239984597906,0.5002096236238273
5,7,SO,OUT,0.1342029922078353,0.024519004496157622,0.0016488628405976298,0.008526019856933619,0.07732287345984591,0.23490409399403395,0.00517285621737772,0.5137032969272182
7,7,OUT,OUT,0.11183857558237525,0.02316095982803438,0.001481441577224639,0.0076660144826516535,0.0783911212932724,0.162796605003724,0.00912813953550935,0.6055371426972083
0,7,SINGLE,OUT,0.12544561116859043,0.03831889888048577,0.0017862209790397536,0.0968918526936066,0.0877168341131402,0.23822011515327385,0.006374964363894551,0.40524550264796877
4,7,BB,OUT,0.18738037119533973,0.0335745453064704,0.0020455979607703918,0.013801638152738297,0.09306596918055365,0.11616616121904647,0.00542009337150948,0.5485456236135716
5,7,SO,OUT,0.14945699152038852,0.05160091372951999,0.002026950939967531,0.04360413698988353,0.10847104559571887,0.1331461622325179,0.005864662976619228,0.5058291360153845
5,7,SO,OUT,0.09198199325869676,0.030872860390525114,0.0020552844747051442,0.05490553545203083,0.05902462320726432,0.3345646209069141,0.008173114948025173,0.4184219673618386
7,7,OUT,OUT,0.1265525303845808,0.024112598767056032,0.0015677872594263224,0.00852074969275462,0.046242236213342405,0.26375091891603847,0.004111921572066861,0.5251412571947345
5,5,SO,SO,0.07027757083716783,0.017827473543080414,0.0012027913394030043,0.006791507869156076,0.03862865896865918,0.5473748704464527,0.0031868398956069388,0.31471028710047383
5,7,SO,OUT,0.0955580139234054,0.02000075498511852,0.0016728362166330934,0.008905461895371013,0.0441887874686774,0.3686328107810562,0.004277350396525532,0.4567639843332128
7,7,OUT,OUT,0.11059037450923251,0.020541588421396823,0.0013998042339390636,0.008005534828462224,0.040867264878878366,0.1440837163045125,0.003989263130916998,0.6705224536926614
0,7,SINGLE,OUT,0.15501451009964926,0.0385866493895405,0.00251909455163437,0.012262233721684203,0.05048880597817322,0.12177829369775565,0.004976430959306892,0.614373981602256
7,7,OUT,OUT,0.11783139098895798,0.039961975376968134,0.0016620889989413152,0.015374342887951795,0.1208211983021651,0.2129967944852057,0.004437816216221649,0.48691439274358844
4,7,BB,OUT,0.10687549245747961,0.03604870712810088,0.001859813087799489,0.008385438758852363,0.04924415948514466,0.12971362314332915,0.006229686656046497,0.6616430792832472
7,7,OUT,OUT,0.12561572903093854,0.06133389702964412,0.0020844664351946083,0.02061761034833828,0.06133826539964965,0.21548904245635833,0.01846148043643016,0.4950595088634463
7,7,OUT,OUT,0.12310519612957208,0.028429550955194803,0.0018361339694211952,0.009032465916264151,0.04127549553072713,0.21783550557385878,0.00491020714205574,0.5735754447829062
1,7,DOUBLE,OUT,0.19290362453756105,0.028983163960195672,0.00234233325092975,0.012419741182370955,0.12400011230205954,0.1401740216524586,0.004343397415672465,0.49483360569875207
7,7,OUT,OUT,0.14651003032308946,0.05353005326501083,0.001721389304825294,0.03434742553365379,0.13305028959941878,0.23874311835459044,0.005024569986917063,0.38707312363249424
4,7,BB,OUT,0.1864143294432156,0.033239911559159965,0.0015518334140392038,0.009175226397334618,0.12477593194560282,0.11825759398059398,0.004503469580020273,0.5220817036800336
7,7,OUT,OUT,0.18488934085974684,0.05092904786388062,0.0018780452324076147,0.029587667916818473,0.07810070935177098,0.13154714546548235,0.005687299395165182,0.517380743914728
6,7,HBP,OUT,0.10862328147587988,0.026417795040840294,0.001708282595737544,0.04707431700929844,0.08476536838818845,0.3058719258379781,0.008877175866932627,0.4166618537851446
0,7,SINGLE,OUT,0.1873687642156719,0.0326542789718408,0.0016517949397163163,0.012484572938842217,0.06582043037033519,0.13672096896338395,0.005131482692662017,0.5581677069075476
1,7,DOUBLE,OUT,0.09838381116856974,0.01657585576493235,0.0013768555154236128,0.007185191278412144,0.03354110989767212,0.1961809992239139,0.003617406783625685,0.6431387703674504
0,7,SINGLE,OUT,0.11726290262785885,0.02278346992919775,0.0016655580082904325,0.008597348677352274,0.044928142728786494,0.344301071097508,0.004299351608054313,0.45616215532295185
0,7,SINGLE,OUT,0.07243804956141868,0.016577700168400038,0.001407683011959242,0.007326661285805053,0.05818778058663876,0.36136508990664495,0.0036937700672121277,0.47900326541192123
7,7,OUT,OUT,0.15832164211976266,0.023839216253428636,0.0035712293040214825,0.01883883880235189,0.11588039172840124,0.13768344649514788,0.0043279323704622525,0.537537302926424
7,7,OUT,OUT,0.19595135942578085,0.021817802269656305,0.0015821336143983513,0.00777565824325306,0.04421528579927894,0.2822239978011776,0.004135882108194316,0.4422978807382606
7,7,OUT,OUT,0.10603797292180774,0.02079807390379918,0.0014841323139517398,0.0072823132461383696,0.03195543428033225,0.1559838774831361,0.004310570107251946,0.6721476257435827
0,7,SINGLE,OUT,0.11393708150107439,0.020973996654818174,0.0018534544940287444,0.009224682413539808,0.04543637497173513,0.3397021067341981,0.004611622822004564,0.46426068040860113
5,5,SO,SO,0.07458117948054466,0.02124377732266508,0.0015755542795690568,0.00770251798749641,0.036241064551644504,0.439753351931251,0.00369589726582421,0.4152066571810051
5,7,SO,OUT,0.13859368956332482,0.04120916845885401,0.001666218921585926,0.06570864570498011,0.09291116735826967,0.2443347470053929,0.006271192403575314,0.40930517058401733
1,7,DOUBLE,OUT,0.21344108080956462,0.029977310387208377,0.0016503643275767154,0.014710399675720458,0.10688088337267806,0.13238281502971533,0.005188231632037632,0.49576891476549884
7,7,OUT,OUT,0.17529199053992245,0.042982188836391086,0.0019403718919232017,0.049630275398886405,0.11975830276928744,0.12833417088288837,0.006053744299673871,0.4760089553810273
5,7,SO,OUT,0.10328888091905114,0.03116493051314237,0.0016165551467297189,0.05804010935917539,0.06927496788062312,0.3051345274788232,0.005958334564118731,0.42552169413833635
7,7,OUT,OUT,0.17259680335159253,0.028280560608097666,0.001922247912767555,0.012082164102564354,0.07742473389857057,0.14260737419203004,0.005582260885976774,0.5595038550484006
7,7,OUT,OUT,0.15454123774630021,0.03456682482228225,0.0015651463036616435,0.00961323663349433,0.06580773947568663,0.1827098845973245,0.005176555317671272,0.5460193751035791
7,7,OUT,OUT,0.13467486065093442,0.052202570114799764,0.0016960674792013456,0.02277856808904392,0.11360011756555356,0.27869139597331,0.005751438458426269,0.3906049816687306
7,7,OUT,OUT,0.1893403856650444,0.03890794656643496,0.00221157165704739,0.008040499335645589,0.072747212593155,0.12723001694716596,0.00449292875059929,0.5570294384849075
5,7,SO,OUT,0.20045821587467286,0.03314224493956643,0.0017620994184241727,0.009909300222614593,0.05668476774088744,0.12116863053233742,0.004383810192658357,0.5724909310788386
5,7,SO,OUT,0.20861822914395217,0.05458142012138185,0.011452870376085373,0.01448334209753593,0.06143537628593517,0.11954237726526461,0.0039027188231570355,0.5259836658866879
0,7,SINGLE,OUT,0.20731225237011547,0.045858704588190316,0.0025554364289964984,0.008778547235605625,0.09249693522577884,0.13706090137302385,0.004083800962741252,0.5018534218155482
5,7,SO,OUT,0.11193980600655895,0.03196602056841242,0.0016224995307692915,0.009419786906032316,0.04549762335997255,0.2522792984545646,0.004255454091786684,0.5430195110819033
0,7,SINGLE,OUT,0.13527700896217493,0.02700519868807338,0.0016412417871949233,0.02397961992300011,0.09219576205786258,0.1327840579907651,0.004707718547152961,0.5824093920437761
4,7,BB,OUT,0.12844881986383885,0.027522459841498887,0.001713184082094496,0.008508988089088529,0.08759878620336191,0.18057241656037054,0.008958178532123063,0.5566771668276237
5,7,SO,OUT,0.10439700086516973,0.02001454390464909,0.0024506176602214842,0.008715143639300071,0.053916561105358814,0.34028567443108626,0.003863285656839539,0.46635717273737487
1,7,DOUBLE,OUT,0.1280649347776835,0.02030853998089441,0.002269834405304674,0.009681026623499433,0.04910174790666804,0.3773091174479344,0.003908397653888668,0.4093564012041269
7,7,OUT,OUT,0.07681049875358245,0.01971192952793364,0.0013686623467327405,0.007831503746336108,0.039572507419769726,0.3578973960971001,0.003945663756184404,0.4928618383523608
7,7,OUT,OUT,0.18568924381719776,0.04706397501322984,0.002048177048822758,0.015310173286466786,0.07700530939218447,0.15377366855465427,0.0060815405711411065,0.513027912316303
0,7,SINGLE,OUT,0.13243910193814604,0.03762803387324535,0.0015416164937297515,0.009837436263076345,0.07390900052452375,0.19706563528544535,0.004280686519374371,0.543298489102459
5,7,SO,OUT,0.15769771326306456,0.03016581509445545,0.0026267807150848763,0.010570462039907197,0.060349869546708186,0.15731929047841473,0.006328276954749741,0.5749417919076153
7,7,OUT,OUT,0.07266168016935882,0.02217689443272306,0.0014547628804941518,0.00797282706406201,0.03639255092783712,0.42345003951577925,0.004240809626343499,0.43165043538340225
7,7,OUT,OUT,0.13854088809944248,0.028770317249167475,0.0017214817074747153,0.045071545456836136,0.08475290851196049,0.14035136173231738,0.005111572523139359,0.5556799247196619
4,7,BB,OUT,0.12073602298192893,0.06619363442832987,0.0017007308326609416,0.03850721109750513,0.10387287871157566,0.28989243156161004,0.006046263117003816,0.3730508272693857
7,7,OUT,OUT,0.13926718684523653,0.030871557980075376,0.0018016625927003286,0.04353972613620729,0.10438563533269002,0.1524018036187471,0.004591118124377411,0.523141309369966
4,7,BB,OUT,0.1347972891776334,0.03761631206403961,0.0017359218730248836,0.009352232748105422,0.07196839006536211,0.18230616242649503,0.006715105623747738,0.5555085860215918
7,7,OUT,OUT,0.1125540887720238,0.022280796425199395,0.003050206515071025,0.01090362657164235,0.0518767959330897,0.35997543343150057,0.004406278602416961,0.4349527737490563
0,7,SINGLE,OUT,0.2080598936695953,0.03186166860219564,0.0017445692113257285,0.01988976965815984,0.06114237569960526,0.14320001879240676,0.0058979156756808725,0.5282037886910306
7,7,OUT,OUT,0.10395613951544222,0.03758682030522937,0.0016715798753546961,0.028167485467241512,0.07658997917325316,0.19259380118878983,0.007288469939188688,0.5521457245355005
0,7,SINGLE,OUT,0.1701811161938585,0.0423664899127778,0.0015220382569330036,0.020443414490804952,0.06252914291289603,0.133232528633586,0.006778027398842796,0.5629472422003008
7,7,OUT,OUT,0.14279792257100637,0.046377685943214494,0.0021786177480066617,0.013744295464850592,0.0569177301837051,0.12401625280150662,0.00411798380547459,0.6098495114822355
5,7,SO,OUT,0.13781327642655994,0.041784291133336454,0.0016853193354687403,0.009925066215501379,0.07457537090267198,0.2248423153487851,0.0045577179180815814,0.5048166427195948
7,7,OUT,OUT,0.23192374904634874,0.018092341282663245,0.004526064353662469,0.009500682262741401,0.053781020339842875,0.12260641124700529,0.006327614165355717,0.5532421173023802
7,7,OUT,OUT,0.1109121533188986,0.022043527880709474,0.001992962011781538,0.009048459639738377,0.041787400712355594,0.3062241048514814,0.004315157672409575,0.5036762339126255
5,7,SO,OUT,0.06627911602427328,0.02531454323174224,0.0013100241829164818,0.00886717711809072,0.03719567842459738,0.26311453116318867,0.0037912340646987347,0.5941276957904925
7,7,OUT,OUT,0.19647538747981338,0.03859229562434289,0.002682323528645874,0.01357166568279996,0.06645925374287094,0.1581805403675421,0.008054858886198652,0.515983674687786
0,7,SINGLE,OUT,0.16820658279088943,0.03029728786398041,0.0021142085420978196,0.012326015103010908,0.06829178247351818,0.14008445611976483,0.005175258984924674,0.5735044081218137
4,7,BB,OUT,0.16003290996364275,0.03855287950106508,0.002022300286443593,0.02183080523357259,0.07015888222885362,0.14877925322967142,0.004414987823091531,0.5542079817336594
7,7,OUT,OUT,0.13392612631183956,0.023509166640167826,0.0016621211944995368,0.009573841751386241,0.06405952946717862,0.14887821232396053,0.004686786710559784,0.613704215600408
5,7,SO,OUT,0.09607304675241467,0.03087922880665625,0.001598254637610656,0.009704106543932766,0.04677378830570538,0.29024014985805696,0.003973673267483128,0.5207577518281402
0,7,SINGLE,OUT,0.10948870296163181,0.06752047517726399,0.001639197358525525,0.06670327512540479,0.09102991584002831,0.2861551204443797,0.00548325658167874,0.3719800565110871
7,7,OUT,OUT,0.19201418784085747,0.07159370383282274,0.0020305221343364494,0.04858347269159989,0.07698626409996938,0.15621417303348542,0.004976847154124889,0.44760082921280386
0,7,SINGLE,OUT,0.14738228748138368,0.03141270895068594,0.001813907876088208,0.011039001961695487,0.06064505298848423,0.12045129668678413,0.006345650514697502,0.6209100935401809
7,7,OUT,OUT,0.15857428917542835,0.046279785375927834,0.0020718900909298017,0.011432063722195459,0.061106118769668115,0.1465353494636877,0.004102164513663367,0.5698983388884994
1,7,DOUBLE,OUT,0.20651939223389718,0.018093708923526478,0.008482450114487117,0.008828765887506933,0.0813023138430994,0.12608129259851772,0.01837285747068667,0.5323192189282785
5,7,SO,OUT,0.19573147971630708,0.022800300857394564,0.0022357756541315278,0.008207300571615325,0.050356618670689926,0.1627424122922493,0.005434793141449123,0.5524913190961632
0,7,SINGLE,OUT,0.10769118521415641,0.02220696299904751,0.001573171445483829,0.008188112749089755,0.05619350482078604,0.21518601182087063,0.003636669216875107,0.5853243817336908
7,7,OUT,OUT,0.11311222054505192,0.022564357927300095,0.001857460751165701,0.009509094863356412,0.05060192298226543,0.30668318658759247,0.004531119041619874,0.49114063730164814
4,7,BB,OUT,0.12768565137698476,0.035137246659009545,0.0023781654791199575,0.01274850403667863,0.0537701285017657,0.23495079746597725,0.005096356172179711,0.5282331503082845
5,7,SO,OUT,0.1349172685256295,0.041055071567006926,0.0020394271348021845,0.029955721786347055,0.13904435432509377,0.20863382171237915,0.0054898897711843815,0.43886444517755707
5,7,SO,OUT,0.17267539592937678,0.02091729085433272,0.001997068504166362,0.010710268680596604,0.06162460884017674,0.24311339998174925,0.005837786500066738,0.4831241807095347
7,7,OUT,OUT,0.1612992083448888,0.027190082941562877,0.0017092202115625722,0.00958311050520102,0.04436683497549711,0.22199431016429805,0.005074109938272338,0.5287831229187171
4,7,BB,OUT,0.11734967826990618,0.058697303767108126,0.00171568553686113,0.04363977475013695,0.12810410768288907,0.2861948019219771,0.004457857427643274,0.359840790643478
5,7,SO,OUT,0.17271676400736938,0.02484939299392225,0.0020256872151711075,0.009926352266751608,0.0974148611788777,0.23036907269296505,0.00498797667561375,0.45770989296932907
5,7,SO,OUT,0.18809915779713435,0.05648751777510509,0.003022758773648733,0.029925525070664566,0.14471398914980577,0.15586887352996487,0.004908881969426678,0.4169732959342499
4,7,BB,OUT,0.11501193601119274,0.08058677517257457,0.002532637608334932,0.010574285018193954,0.09530103136954993,0.28343446372354664,0.0052658601887435545,0.40729301090786374
7,7,OUT,OUT,0.18331066837738333,0.030098707286314034,0.0019268356575355711,0.011902885586669434,0.11860070571502372,0.17628821952943632,0.008789142663207026,0.4690828351844305
0,7,SINGLE,OUT,0.13476677876195342,0.037600865488017506,0.0017268618339116913,0.02550179364100656,0.056769022618687666,0.20169354058012554,0.008863632191933068,0.5330775048843645
7,7,OUT,OUT,0.18783367909365048,0.04312904387108678,0.0018471114769962973,0.015806270732841635,0.050943820089761546,0.17146788080602662,0.005855062857409678,0.523117131072227
0,7,SINGLE,OUT,0.11387955471624658,0.030066512460869454,0.0016550147543530922,0.009756668212180382,0.05954732051646547,0.3658234961412048,0.004464792884598329,0.41480664031408193
5,7,SO,OUT,0.08408844353226401,0.022261857433298917,0.0012308291114942335,0.006687953460877905,0.036474450310420264,0.27679939185032565,0.0033768136971040093,0.569080260604215
7,7,OUT,OUT,0.0967746489521086,0.026273422405872302,0.0014923072005128195,0.007882901638101273,0.057079869446657786,0.35039180783443147,0.004150976710096407,0.4559540658122193
3,7,HR,OUT,0.22523440317352852,0.02746050638231455,0.0017920100382055818,0.009553547598669826,0.07045187615521094,0.3293437696001362,0.005564378156084025,0.3305995088958503
7,7,OUT,OUT,0.16833427988768782,0.020286142587884297,0.011363528314225024,0.009366011729742458,0.07705482548497498,0.11191782066090793,0.024570973069850052,0.5771064182647274
7,7,OUT,OUT,0.17552364074843782,0.06203349125716565,0.001844551653743187,0.040928924183911614,0.08619858867318492,0.15478666848745196,0.004341790968626963,0.4743423440274779
7,7,OUT,OUT,0.12489127895450965,0.037323414960653216,0.0019128872003000483,0.048583898800228,0.08819906022609615,0.15289844740277223,0.0057260793082017205,0.540464933147239
1,7,DOUBLE,OUT,0.14763344200787884,0.029865766953144107,0.0018459637681089661,0.015749409731560127,0.08944170172195445,0.13656465888512012,0.007743875978308797,0.5711551809539245
0,7,SINGLE,OUT,0.17705772845395945,0.03836183382474134,0.0015243734720353276,0.01926303386552615,0.05637100613399572,0.14024282706879249,0.005509638297811771,0.5616695588831377
3,7,HR,OUT,0.09961757038415092,0.045283489188103695,0.001627994151458966,0.02966478118694587,0.07072740926011163,0.2138957687248487,0.004513521291238103,0.5346694658131421
7,7,OUT,OUT,0.1821701881289212,0.03540526439820456,0.0014412971127033488,0.024720676547210836,0.05443041164215369,0.13664173348772593,0.007460895195080636,0.5577295334879998
7,7,OUT,OUT,0.15605180027967083,0.04003223216032575,0.00460642626070973,0.00848012483932945,0.11889657530636398,0.12535563166311278,0.0044988315032667365,0.5420783779872208
7,7,OUT,OUT,0.1536471577499349,0.04378371843228027,0.0017512640813228126,0.010528155435031121,0.0708072520330949,0.15231057295537234,0.01249855687218897,0.5546733224407746
7,7,OUT,OUT,0.18274176378754978,0.042477133941233446,0.0029304277895732525,0.008658920415030873,0.08153943571081419,0.2592210329814093,0.005954798864718911,0.4164764865096703
6,7,HBP,OUT,0.14435236944199248,0.037395988991725644,0.001851118473821665,0.008981988689638192,0.05557076019831128,0.29649572211516756,0.006190341559461982,0.4491617105298811
5,7,SO,OUT,0.12208330124702722,0.027350111710565284,0.0017743795086547966,0.008593538437484444,0.0650460697647576,0.14875099338722625,0.004808134863316348,0.6215934710809682
7,7,OUT,OUT,0.15210812140291882,0.05628817158672205,0.0019547701542785155,0.036669764248560936,0.06130242683831036,0.20928580325660306,0.00816560244694285,0.47422534006566336
7,7,OUT,OUT,0.09065980052014441,0.04070089920493425,0.0021975770576268872,0.008847165506945568,0.039881396543555554,0.3721123114869142,0.007170706201661389,0.4384301434782178
4,5,BB,SO,0.17543699914617347,0.028508774217661792,0.0020960724241532083,0.010567960967322468,0.07465676540383184,0.36790215536202286,0.004939270898858868,0.3358920015799755
7,7,OUT,OUT,0.17292520583125745,0.04398586833265081,0.0026514870651444637,0.010325381741746539,0.05646819588703158,0.22118569322987613,0.012731994312457291,0.4797261735998357
1,7,DOUBLE,OUT,0.18226668821933098,0.06664341601015283,0.0030487647746423904,0.011336345416402683,0.04577737853944564,0.1437319696265031,0.008771512902684872,0.5384239245108374
5,7,SO,OUT,0.19749057323788932,0.032129933398101246,0.001694426838473842,0.008675937877436634,0.052742037967519646,0.152395213086348,0.005540126660444253,0.549331750933787
0,7,SINGLE,OUT,0.18932345623451835,0.04659712854479956,0.0045786492114753205,0.01912540320148162,0.0428323582831559,0.2292665797535584,0.019086939150370595,0.4491894856206401
7,7,OUT,OUT,0.14560410801788104,0.037606645787196455,0.0017047448469922157,0.011711892149296868,0.05296724749605343,0.27415893368376504,0.008060109808133062,0.4681863182106817
5,7,SO,OUT,0.1458466381718256,0.025832592335139182,0.0017225061315802395,0.011016603053689001,0.05895856199612026,0.18456186641360992,0.008218470556651047,0.5638427613413847
0,7,SINGLE,OUT,0.17995679265195388,0.04249364993459546,0.0016667963411309665,0.01111706933856105,0.04678404318091136,0.19661118635166092,0.006618005240084172,0.5147524569611023
2,7,TRIPLE,OUT,0.16450867046832246,0.01515210590689281,0.003207194462698082,0.006852110584914814,0.06545258318167257,0.17966832762063767,0.003987223609453952,0.5611717841654077
5,7,SO,OUT,0.16636053734755582,0.041166465894238294,0.001578707258951623,0.019674454025951867,0.09418927296575338,0.19132177303063744,0.005583418646844563,0.4801253708300669
7,7,OUT,OUT,0.15781989353893475,0.02791688795013411,0.001924569027450437,0.008550097976717293,0.05832388833832516,0.18407059133518855,0.007052000379967953,0.5543420714532817
0,7,SINGLE,OUT,0.14878859226320318,0.0399927676147266,0.0018968108235869396,0.009435602212378083,0.06352305480602076,0.27616315184182194,0.007809479459898015,0.4523905409783647
5,7,SO,OUT,0.12698116654535094,0.03768293425431538,0.006364396156274058,0.008474641898643723,0.04883392676747921,0.21170214820608274,0.005810410353995492,0.5541503758178584
7,7,OUT,OUT,0.1415378728568045,0.029298439846683403,0.0018859788332788703,0.011416551946363613,0.08473003786540856,0.20737294037851353,0.006936328497881727,0.5168218497750658
7,7,OUT,OUT,0.13722378026407134,0.06243077305252411,0.0022715848697398423,0.013383932788608843,0.05012147897736046,0.13225194419402908,0.012247388183130179,0.5900691176705362
0,7,SINGLE,OUT,0.1432130329855679,0.037037017279268884,0.00225559291879703,0.0105321075527711,0.06623104462356814,0.2610483422517645,0.00557310818009587,0.4741097542081666
5,7,SO,OUT,0.1480694598414613,0.03328253543126533,0.002663370364813223,0.011157156933179478,0.05872921799893512,0.22654969016542917,0.01252501983124028,0.507023549433676
7,7,OUT,OUT,0.11972100844807348,0.025873658513651733,0.0017951811490115484,0.010075671064950808,0.06815670545923151,0.15320876114927542,0.0058466102673981,0.6153224039484074
4,7,BB,OUT,0.16097636334501197,0.036117425570050474,0.003353385951227722,0.012638755816467348,0.07270122792017468,0.2503469969759488,0.00961888672381288,0.4542469576973062
4,7,BB,OUT,0.2026259516074295,0.04213264561395681,0.001765808117180228,0.017336476982013106,0.09187815099760922,0.22246738525395765,0.006347839362223848,0.41544574206562973
0,7,SINGLE,OUT,0.3272661723056319,0.04079832450626961,0.0017560467748627907,0.037112876126544736,0.06802787091026512,0.15544745978099594,0.006304110879241925,0.363287138716188
0,7,SINGLE,OUT,0.27317563513101634,0.03320790323817941,0.002820347839586621,0.009306402740378113,0.046470276315552325,0.22560726351442853,0.008256445043353487,0.4011557261775052
7,7,OUT,OUT,0.1322811184527592,0.034090421060910606,0.001833773324369455,0.009584929523791367,0.07782003852304548,0.30838233201396775,0.006208030550572999,0.4297993565505831
7,7,OUT,OUT,0.14100128698489559,0.03185393238279466,0.014677695627934464,0.008568140610296017,0.05045481206747083,0.19110722604631517,0.009606249579433221,0.55273065670086
0,5,SINGLE,SO,0.11446415703795387,0.03140531277044353,0.003459707408835409,0.013115800672155347,0.062842756318107,0.4080995614289665,0.005731775746184537,0.3608809286173539
0,7,SINGLE,OUT,0.14982181499545824,0.04187922656822187,0.0030577016494617157,0.020649459994033132,0.04375418190871347,0.1903524054200417,0.015028168506145401,0.5354570409579245
1,7,DOUBLE,OUT,0.20985498292986104,0.03822667466864896,0.0017928447065502296,0.009220663417840991,0.05184483872683886,0.18532010207853689,0.00826162965427702,0.49547826381744614
5,5,SO,SO,0.12487841892844237,0.026193501146212696,0.002462220097507369,0.010184006698381959,0.07765755150835936,0.38422140039157937,0.006286335149215222,0.3681165660803016
7,7,OUT,OUT,0.18351743759234562,0.028707939687147334,0.002620055985254421,0.05372042456353161,0.092385139722217,0.16291116799810856,0.03551366869251525,0.4406241657588802
7,7,OUT,OUT,0.20326322855343487,0.042720239350675315,0.0016681619425418508,0.00942386817553145,0.051281587402033264,0.18696276588725433,0.008396283599962506,0.4962838650885665
7,7,OUT,OUT,0.14157849084422414,0.027290004216911672,0.0021783654778039065,0.013146578633782744,0.10583656702027613,0.19962841324061956,0.004302831244296485,0.5060387493220854
7,7,OUT,OUT,0.2384991025839499,0.02404365083446519,0.00292462703008417,0.008635550975523907,0.09450084046706332,0.1435378390742178,0.005274062872898912,0.4825843261617969
7,7,OUT,OUT,0.14126965264291413,0.024914692533175003,0.0020632979415865778,0.010612993529494484,0.11429335779984574,0.19048982320733834,0.004803893712639208,0.5115522886330065
6,7,HBP,OUT,0.12250347556969782,0.01857183032235311,0.001386447668419816,0.020640357371205252,0.09980480592382941,0.11179105070165295,0.012671397077485323,0.6126306353653564
4,7,BB,OUT,0.12934330756432852,0.016248522211400232,0.001288389246258672,0.023713557817542596,0.07176132676503394,0.10332455320526637,0.009757369491726417,0.6445629736984432
7,7,OUT,OUT,0.15092789291259828,0.0243228708824276,0.001484618743641984,0.01654392365097435,0.09156092595472028,0.1559429462986397,0.006642592189090878,0.5525742293679069
7,7,OUT,OUT,0.12113798279702465,0.02533321071323846,0.0023918190855673417,0.008683032106755792,0.10158415224038002,0.1482256297851991,0.004782111470065024,0.5878620618017697
5,7,SO,OUT,0.1614902866823583,0.020385931600496402,0.0016435939066005508,0.03138357900949673,0.0741554634148634,0.21121022821050164,0.01875410008316918,0.4809768170925138
5,7,SO,OUT,0.22525639429085462,0.02010029694722293,0.0023698415473302342,0.01221619903951047,0.08910518634435054,0.1737302751375958,0.006001617383038344,0.4712201893100971
7,7,OUT,OUT,0.09368366298759317,0.024268373363042745,0.0021779064285929895,0.01398934658294202,0.059411009454644816,0.38294171786472575,0.01017754220260628,0.41335044111585223
7,7,OUT,OUT,0.1823242406437385,0.02746228320097961,0.001559260497573706,0.007799434980228562,0.0854863586993132,0.2665744077050132,0.004595082247971015,0.4241989320251823
4,7,BB,OUT,0.14598537842773016,0.03953474238632901,0.0027853965397145737,0.011191314897968475,0.0713782606911069,0.3285643722756819,0.005578693240680016,0.39498184154078886
7,7,OUT,OUT,0.106335318709905,0.027467069848985764,0.0016601334024310967,0.008558358241858731,0.06286171778706731,0.3425041556938762,0.005103127907971211,0.4455101184079046
7,7,OUT,OUT,0.1511634594158175,0.032760195933209134,0.0014806428538003402,0.014841157904513545,0.062019184990903725,0.33920772774915225,0.028839874212157786,0.36968775694044564
7,7,OUT,OUT,0.1406334669627496,0.02084871887081604,0.002639066816373326,0.028838286233340543,0.06170378884885793,0.1537508363019894,0.009420990645876632,0.5821648453199966
7,7,OUT,OUT,0.12699820102241063,0.02250610120604616,0.0014619074271946995,0.008059747828256468,0.08376803119161548,0.1797465773567474,0.005748093684855957,0.5717113402828733
7,7,OUT,OUT,0.15874807939818,0.022786248149300803,0.0016157460558940693,0.008127761301240731,0.07199515052121187,0.21567496071235193,0.005169045064415169,0.5158830087974053
5,7,SO,OUT,0.20551113976238453,0.028473335136812064,0.002251510303980707,0.011702120909641952,0.078310956641053,0.16945095190132933,0.0057150489912907295,0.4985849363535078
7,7,OUT,OUT,0.12621113516869034,0.054171605504459645,0.001944960325718068,0.03546883859552135,0.06416423430128879,0.20462775542303213,0.007076233051855212,0.5063352376294344
7,7,OUT,OUT,0.21498710712276783,0.021572651730532036,0.0028483049094572715,0.008989693638427157,0.09699736285798043,0.28617848664757845,0.006123494335989405,0.36230289875726746
7,7,OUT,OUT,0.10058584769912161,0.02371734417413078,0.001898953978401811,0.009014593497244995,0.06513162375658303,0.34964425188869275,0.0053424247682075585,0.44466496023761737
5,7,SO,OUT,0.08370834253766707,0.016321256566420368,0.005724629990127699,0.007067803928074541,0.06700252128091005,0.22842482469509043,0.003898584928525629,0.5878520360731843
7,7,OUT,OUT,0.15649566978641968,0.05599117505964636,0.0018185348447316348,0.009227195795295936,0.06330342570281124,0.1229128261052527,0.0046033534047448,0.5856478193010977
7,7,OUT,OUT,0.16981574690459728,0.018344889727151353,0.0016867300923314229,0.00713065866062678,0.04835598820471353,0.12298962814283934,0.004193886035906049,0.6274824722318342
4,7,BB,OUT,0.07857332150084746,0.037325581188200535,0.0014724472574293508,0.007553977758987574,0.037279983592463345,0.23736127041122682,0.003727262049503156,0.5967061562413417
0,7,SINGLE,OUT,0.1701343160825773,0.027635211508937756,0.001769916626533796,0.010068254641310797,0.06380481238560724,0.15642526262779818,0.010191910067133691,0.5599703160601012
5,7,SO,OUT,0.11021651019134465,0.024637209194151573,0.0016072874128189992,0.01194453081126662,0.054046358232269665,0.12853281994876692,0.0070434054915922365,0.6619718787177893
0,7,SINGLE,OUT,0.13853073852669912,0.031086969087317753,0.001702923094198799,0.011200047546834175,0.07980399328882655,0.2153541652632072,0.009224260963049234,0.5130969022298673
5,7,SO,OUT,0.1454965224472952,0.016018924975563443,0.0015957235605996403,0.007679869634589055,0.07035905902732346,0.29952957953602527,0.0039043423269335344,0.4554159784916702
1,7,DOUBLE,OUT,0.12037033294912956,0.03642391062211455,0.005549376842854902,0.008558478946829064,0.0415050170679045,0.21103634304296545,0.008459550736967211,0.5680969897912348
7,5,OUT,SO,0.1174659964334752,0.021439342889834335,0.0036973680787977447,0.010566971633749556,0.07793655590151205,0.40731428194844055,0.009735656094322635,0.351843827019868
7,7,OUT,OUT,0.16048536070132213,0.0430177026658928,0.0025102412578127194,0.0120497849109377,0.04788424196878046,0.17508891934490273,0.005042868620234463,0.5539208805301171
7,7,OUT,OUT,0.17520169315365555,0.019895146420123713,0.0015029371976356862,0.009048161312947651,0.07298435815487155,0.2465648006240948,0.004251583614311033,0.47055131952235996
6,7,HBP,OUT,0.144333253550721,0.0449341794447328,0.0018254313142601515,0.01690986310375632,0.10707826517846043,0.18474404758131244,0.004543768046818597,0.49563119177993836
4,7,BB,OUT,0.16288230933959236,0.031830454338070115,0.0016449811320206763,0.008462717706028673,0.057306456552174895,0.13508396358489527,0.006517463839195591,0.5962716535080224
5,7,SO,OUT,0.18042257849051743,0.032545758807578616,0.002019888689885745,0.0097850194251298,0.0701668666263528,0.16531348893584147,0.007446746080605541,0.5322996529440885
7,7,OUT,OUT,0.191137983011355,0.03981532270086556,0.0025672512263328067,0.01898534485514794,0.04435912827222958,0.21599683989351984,0.009726334848616283,0.47741179519193283
5,7,SO,OUT,0.06920322754613134,0.01813900894979382,0.0017677482897529584,0.007016304128844239,0.03141524706705797,0.3657177757008473,0.0036388466001424083,0.50310184171743
7,7,OUT,OUT,0.23507295027282085,0.020633675178996072,0.0021213077321203047,0.00705327016945428,0.0882688614782487,0.11261742987554865,0.00356345368561923,0.5306690516071919
7,7,OUT,OUT,0.21481610390237155,0.04435890582413431,0.002489866498584905,0.008368330136306059,0.07920871173632342,0.13749246106048696,0.005021406237937412,0.5082442146038553
0,7,SINGLE,OUT,0.1098911836736703,0.06554912582568535,0.002374492448121285,0.04702550839318634,0.0701241313824165,0.23351852601087922,0.004898439409643594,0.4666185928563973
4,7,BB,OUT,0.14933426257256086,0.03431880279691998,0.00165907275454331,0.009757162862633915,0.1413356281050382,0.15630662356862277,0.0057393632548696245,0.5015490840848112
3,7,HR,OUT,0.1440706734077538,0.038578095814010935,0.0025155886642597497,0.008536401658601662,0.054470402883143976,0.1634352355230016,0.014223899044878122,0.5741697030043502
7,7,OUT,OUT,0.16563851991126852,0.035591339771402226,0.0017284922038712117,0.00754314246090206,0.033535923844063786,0.10373272674269501,0.01325058472981766,0.6389792703359795
7,7,OUT,OUT,0.14548824073166963,0.03586414328113402,0.0016291512571048573,0.010517222993384891,0.15989658869881931,0.21140022055620208,0.005204686571722288,0.42999974590996304
7,7,OUT,OUT,0.1902488020141012,0.04639406796892806,0.001547271442376165,0.018765035663733054,0.04581227942793141,0.13927185190316355,0.004837749148462606,0.553122942431304
3,7,HR,OUT,0.11482372529030091,0.03939151081255049,0.0017331313937383854,0.0659849103359296,0.060220799762249526,0.3013397923636773,0.004044660659003189,0.4124614693825507
7,7,OUT,OUT,0.16476934113341724,0.023539950403261588,0.001598328990555604,0.014214090140776296,0.07002865511070168,0.12781712551423355,0.0038796806841813313,0.5941528280228727
7,7,OUT,OUT,0.12122423062972787,0.024085926755140354,0.0015782445890592711,0.008219585865047301,0.06629364237902476,0.16925352892225073,0.0042611703169231786,0.6050836705428265
7,7,OUT,OUT,0.13768942259753492,0.02910954931695229,0.0020043762527015632,0.008682624761453754,0.13418357388226582,0.2338177270549361,0.0051050526976926455,0.44940767343646304
5,5,SO,SO,0.08896540815841238,0.018025058588931456,0.0015131164734708672,0.008099888302957532,0.03958585732309456,0.4480558276616039,0.004015926205296822,0.39173891728623256
5,7,SO,OUT,0.130093410803218,0.03172473849501587,0.002372679056257164,0.007561191862214982,0.033537697724777375,0.10201724590340545,0.00878031954930016,0.683912716605811
7,7,OUT,OUT,0.10785844919892965,0.024566727168518886,0.0018716623806305974,0.029155193007967584,0.05486763868340404,0.1131991129883575,0.00821075336853994,0.6602704632036517
7,7,OUT,OUT,0.18060101844512033,0.01811374907481092,0.0038040370177407174,0.008350257263640647,0.05211124045451076,0.11958967796626556,0.007242978660502332,0.6101870411174087
5,7,SO,OUT,0.1177796526279241,0.029735940135172455,0.0016128149233333496,0.00818206302664096,0.09955177407931569,0.2753761000547581,0.006374820171747501,0.4613868349811077
7,7,OUT,OUT,0.1916508671562555,0.043112554963559695,0.0026788470132822137,0.012362493863903935,0.11151022144684261,0.25052412072626407,0.007704988609360087,0.38045590622053177
7,7,OUT,OUT,0.17920061758960962,0.019163424492996305,0.0035236180826228383,0.007982868852355527,0.04896985226373917,0.11716292802851354,0.006645674650940622,0.6173510160392224
0,7,SINGLE,OUT,0.14121192261841523,0.03464014961159151,0.0025455175780105766,0.007286726422758053,0.03259978880359934,0.1137318772878112,0.006395504184201788,0.6615885134936124
7,7,OUT,OUT,0.1428126899503759,0.03161559286512866,0.001434816430024448,0.025796134724338032,0.04887679336263321,0.12728069942428324,0.004926758814626606,0.61725651442859
5,7,SO,OUT,0.11090805525260358,0.04082919702759429,0.0017014260275984008,0.04158607480104945,0.059110687063466526,0.3162582034068193,0.004278488111494281,0.42532786830937414
1,7,DOUBLE,OUT,0.18952674640144843,0.027408634942814574,0.002034860219315357,0.007306772878689597,0.0877721080161362,0.11026824451786366,0.003757236092708449,0.5719253969310238
7,5,OUT,SO,0.08153141326218258,0.018237277033154142,0.001440487925056888,0.007867916250134024,0.037496701747135965,0.447778213948046,0.0040118775034705565,0.40163611233081986
7,7,OUT,OUT,0.20536215819931158,0.023149353989290803,0.0028414748323400594,0.007738894303227096,0.06304812650194339,0.11316402648172737,0.004017668193012758,0.580678297499147
0,7,SINGLE,OUT,0.1778289074770014,0.030919722887945117,0.0018997870947271617,0.007914988911844707,0.05920036720462943,0.1375208782344647,0.02409709776708178,0.5606182504223057
7,7,OUT,OUT,0.13806201820526906,0.022996167971904707,0.0015535467728532255,0.008100081418544673,0.17067339265965048,0.22826530407779677,0.004612842382733562,0.4257366465112475
5,7,SO,OUT,0.138506815767949,0.02838303620155755,0.0016829289817910998,0.01770742648150475,0.0684497879509631,0.11984441030710863,0.004304513141336287,0.6211210811677896
7,7,OUT,OUT,0.12568572267423966,0.02823566024585878,0.0017595294595738377,0.02307316916204788,0.06564915390450625,0.1435474510028211,0.007845880508165518,0.604203433042787
7,7,OUT,OUT,0.1595069616901603,0.060201577188341064,0.001660567566543048,0.0075080032488827825,0.04448957716138293,0.20677648004085708,0.00822765068920101,0.5116291824146318
7,7,OUT,OUT,0.12689137232880682,0.02201986100060657,0.001611673386158457,0.008007043141454853,0.051844365167758706,0.17612800678276375,0.003990470423702775,0.6095072077687481
4,7,BB,OUT,0.1629472266873448,0.04124898474120625,0.0016440518639586966,0.008900197816733926,0.14127275886740517,0.14189097499457107,0.006629803896013242,0.4954660011327671
5,7,SO,OUT,0.14091530336920302,0.06157564216486826,0.0017714435375032192,0.007416659335843548,0.04106971722382015,0.23813789913228123,0.007681493743832308,0.5014318414926482
7,7,OUT,OUT,0.13855354145072551,0.07038714608895004,0.0029930981493100973,0.038572366792566974,0.074539084281339,0.21368842861842333,0.004635391719670374,0.4566309428990148
5,7,SO,OUT,0.07253629527832375,0.017841764698595174,0.0016109866106771488,0.006901327832579502,0.030766820328239713,0.30045399166374276,0.003526869993224545,0.5663619435946176
0,7,SINGLE,OUT,0.15756325807643284,0.04276763021867562,0.004150534749915433,0.03451273286809466,0.13363244245426784,0.20992546338969464,0.005476475740998994,0.41197146250192
7,7,OUT,OUT,0.21299036574664293,0.02614128965010671,0.0014156750252592803,0.0075436540244274205,0.047015896002357616,0.2552480439924328,0.004851028436662617,0.44479404712211074
7,7,OUT,OUT,0.2213611142435503,0.017132526539962542,0.005221307697305964,0.007745092875828808,0.0887173723903183,0.11158369517297272,0.015679138857856028,0.5325597522222054
7,7,OUT,OUT,0.1355201900667184,0.03430907456185268,0.00189019488954758,0.0074644913971165,0.03628475297842025,0.11045983115153087,0.00767904128692359,0.6663924236678902
7,7,OUT,OUT,0.13389311625624145,0.03111567177756893,0.0017933172266480209,0.009653746070942062,0.04895152503151939,0.27458249184944533,0.005404746561566104,0.4946053852260688
7,7,OUT,OUT,0.18360997898047646,0.04083403209023119,0.0019707104525619307,0.007299798276643971,0.04949721834892077,0.1429783879311286,0.008064218869839955,0.5657456550501972
7,7,OUT,OUT,0.17623119696443876,0.027441209733071088,0.003149765114862913,0.008041074758726454,0.11087898435092051,0.11178121978843938,0.004538515887749102,0.5579380334017918
7,7,OUT,OUT,0.1368000781652554,0.02529602985597214,0.0027888467081056646,0.010171524378579136,0.0750771057216527,0.20941978687762725,0.0058116781237616405,0.534634950169046
0,7,SINGLE,OUT,0.14685451438519287,0.061202076246059986,0.0015592540240814818,0.007848036033817615,0.14374697218174134,0.24155292151803456,0.0063809368497721305,0.3908552887613
4,7,BB,OUT,0.15401139055242682,0.06238527142954437,0.0015063179545263458,0.009691019002318472,0.08172382791205267,0.1293684829232403,0.003996103562849361,0.5573175866630417
7,7,OUT,OUT,0.17928582327874362,0.02733896424841839,0.0016713383320819284,0.009428414774970984,0.05094960393983287,0.2782153089438643,0.0052544157888243705,0.44785613069326347
7,7,OUT,OUT,0.1579338948131283,0.025499392737725717,0.001840484057126003,0.012319475172354889,0.060541730252866396,0.26210271467322854,0.006955853491668329,0.4728064548019017
0,7,SINGLE,OUT,0.1485133047906026,0.04900336880305969,0.0017913454958577788,0.008338840548113284,0.03736997586404176,0.11319617167951983,0.014859175966275184,0.62692781685253
5,7,SO,OUT,0.15990368646385658,0.0477521580211329,0.0022159914667669238,0.01459358279377481,0.046763769842245895,0.1512129318219089,0.013184596303898654,0.5643732832864155
0,7,SINGLE,OUT,0.1755749589821297,0.032718607593803684,0.0015320185631129489,0.00810631363455171,0.05435528329080613,0.15927002227761616,0.004079679718632156,0.5643631159393475
7,7,OUT,OUT,0.1621343099186344,0.02423635487299067,0.002668447920930619,0.007424829054886617,0.10808113643456733,0.11093606244381819,0.004449950125762326,0.5800689092284098
5,7,SO,OUT,0.1885039052797322,0.02865830160783731,0.005018199639462647,0.008057004813737194,0.044001670422948495,0.1786915147248922,0.0041973749694047165,0.5428720285419852
7,7,OUT,OUT,0.15606922812783,0.045936657305452204,0.0018647157576939068,0.007233373830294473,0.03746026593327617,0.212007159394607,0.009431449248187031,0.5299971504026592
7,7,OUT,OUT,0.17532841986517725,0.03685226270034759,0.0017115182123186834,0.00795517868155628,0.03535829996477647,0.11058047465530604,0.020473787966558302,0.6117400579539594
7,7,OUT,OUT,0.21230489208308087,0.026693806991445624,0.002054777342633492,0.007451529858929496,0.10455965962540653,0.124098689337386,0.00419628887650586,0.5186403558846121
3,7,HR,OUT,0.12142773591267036,0.050721954358305364,0.002439431425852005,0.04089566600054059,0.09980643215127467,0.2868458978193817,0.00444230040484453,0.39342058192713086
1,7,DOUBLE,OUT,0.21851485322544392,0.030607823002698844,0.0019250250609126574,0.007452956877131201,0.08609724153579974,0.11433023525545735,0.004151387743597723,0.5369204772989585
7,7,OUT,OUT,0.14258094736805962,0.034288459867215786,0.0019468541526226422,0.007552313897121441,0.08575519872615982,0.16090817667522622,0.020272254724687844,0.5466957945889066
5,7,SO,OUT,0.18741601445684736,0.0274246145196865,0.002395023910777594,0.021478503597498245,0.11929863834064648,0.15841758014540716,0.019903601520788395,0.46366602350834824
5,7,SO,OUT,0.16799641451965927,0.016100811748267406,0.003800892238889153,0.00721404908541413,0.049364075239288895,0.10002386547551433,0.007019017525619505,0.6484808741673472
4,7,BB,OUT,0.14882434426024232,0.03475735133800881,0.0015759614384525823,0.008470968378980493,0.13591613132073474,0.14587247173523155,0.004646185573527263,0.5199365859548224
5,7,SO,OUT,0.17834160876798827,0.05678057402893575,0.0015487563259060227,0.025827675925950738,0.0451252970070225,0.14017685277205214,0.004142712812014158,0.5480565223601305
7,7,OUT,OUT,0.18246382472664738,0.02551707824801514,0.0015661422937318051,0.013653230528163661,0.06202041759486284,0.2291195197875069,0.005609182000059543,0.4800506048210127
7,7,OUT,OUT,0.14473511872956774,0.029499548123019092,0.001556183511762924,0.007803825343451724,0.11380390704157689,0.2313661706640972,0.011101588544404706,0.46013365804211975
5,5,SO,SO,0.10513373083803744,0.018114913102525845,0.0014249392359591128,0.0076499190011299215,0.04623984404678149,0.4499682842851718,0.006801006677974885,0.36466736281241957
1,7,DOUBLE,OUT,0.11859048824082122,0.027973331383830558,0.00176061766728091,0.05555545566294079,0.06582901290367515,0.2735416126538787,0.0059127535540277115,0.4508367279335449
1,7,DOUBLE,OUT,0.12407967498344617,0.035783732892516885,0.0017932772657414298,0.02204271135920045,0.06873704266669015,0.11404033907676375,0.0038741790370286984,0.6296490427186124
7,7,OUT,OUT,0.16265631590032423,0.0324716261787614,0.0025612831171175606,0.007376894828253259,0.03262436136394364,0.10712762958272305,0.005861385535122922,0.6493205034937539
7,7,OUT,OUT,0.12127494791000669,0.02958497497653565,0.0018179756349874128,0.026369989349596112,0.06714291114994143,0.12636034110464503,0.008753552112296526,0.6186953077619911
7,7,OUT,OUT,0.18212225448606645,0.05741853801158427,0.0017870640346550827,0.019349607529263953,0.056574746749636196,0.15074357987828496,0.004984378734065983,0.5270198305764431
7,7,OUT,OUT,0.18746005038534597,0.013991148450380343,0.0028441074996734404,0.009368689761495378,0.05195078873702007,0.09923653377602468,0.003794859178599577,0.6313538222114606
0,7,SINGLE,OUT,0.22318368763458968,0.052112592081287844,0.0023849033832122283,0.0224668695097623,0.07250092501417364,0.11129972600347694,0.005124616605450251,0.5109266797680472
7,7,OUT,OUT,0.18561589740257972,0.026837581848033986,0.001842752323137813,0.017029369044631246,0.06182250045130841,0.10310191789603818,0.006385258372825435,0.5973647226614452
5,7,SO,OUT,0.22692089723148579,0.02422974364147912,0.0017559012459326564,0.019687255714311635,0.04626627128068467,0.1466805028342021,0.018899349979045906,0.5155600780728582
0,7,SINGLE,OUT,0.15849378103987422,0.02397710373182436,0.004585481014881589,0.018723062719494556,0.0400233709573913,0.16451394303782615,0.006211352273086094,0.5834719052256218
7,7,OUT,OUT,0.16608212163025501,0.024122707963896817,0.004948632989716814,0.014050432068986434,0.050623589992304936,0.12779020745452932,0.0074049598360512526,0.6049773480642593
7,7,OUT,OUT,0.14421176626529814,0.023126237066559013,0.002134291434710069,0.014336366389888852,0.052631586325340755,0.17572067904488822,0.004485550046214083,0.5833535234271009
4,7,BB,OUT,0.18973004573527022,0.015939073854399553,0.004293206546156522,0.010127742140888832,0.05733500711076143,0.11925882850822864,0.005470692566731216,0.5978454035375635
7,7,OUT,OUT,0.21347721292576433,0.03722472109104849,0.002055699721806987,0.02178314135997371,0.06990743347576264,0.111180433084848,0.005461276007327655,0.5389100823334682
5,7,SO,OUT,0.1825015293707974,0.019268169849438674,0.017365002318779816,0.02002533539226209,0.04168026509124267,0.1164153550740996,0.008078312985006757,0.594666029918373
5,7,SO,OUT,0.14537586439685735,0.03018355148587778,0.005618482178491451,0.018710663433925676,0.035489658218624584,0.14696906571202462,0.006119132240972909,0.6115335823332255
0,7,SINGLE,OUT,0.13791457814624197,0.029431398190553546,0.00399295276617533,0.02378352327388668,0.03609295162734019,0.1042799416702199,0.004723570670367718,0.6597810836552147
0,7,SINGLE,OUT,0.13180500350850738,0.032254193774451406,0.002359650398849017,0.011300713194177461,0.08434037023382904,0.1934521908750208,0.00956151381722823,0.5349263641979367
4,7,BB,OUT,0.1742901576776079,0.021887478332471844,0.0019727661686701186,0.010769620451527207,0.0472886921210594,0.13046308918055607,0.005382759112533377,0.6079454369555741
4,7,BB,OUT,0.25268287976404624,0.027188954165295643,0.0017853802615336197,0.01012992077046184,0.04780951466654183,0.12851704484585147,0.003989378063087896,0.5278969274631814
7,7,OUT,OUT,0.14141655718477342,0.02899671986754308,0.0018206373970220684,0.015547946883541115,0.06646776202923957,0.17372524904052128,0.017890836062770112,0.5541342915345894
7,7,OUT,OUT,0.15818826555196325,0.02544051734873264,0.001628146479704612,0.016155351862352434,0.0755775575775865,0.19283167813655713,0.01569693242445579,0.5144815506186476
7,7,OUT,OUT,0.12363391502209528,0.02177102352696904,0.00912999221193841,0.011734127830026149,0.04499008185681661,0.1310008949339655,0.056513727992189476,0.6012262366259995
7,7,OUT,OUT,0.14487716372979997,0.02202466464674811,0.0018683343704123908,0.0182251443067781,0.0632403516910482,0.15462383974734226,0.004622857648362151,0.5905176438595088
5,7,SO,OUT,0.1694734565200271,0.027057644597716656,0.0024872929082745136,0.012028343936552822,0.04673321431505518,0.1378931974739591,0.005453422691256947,0.5988734275571577
5,7,SO,OUT,0.16222460941975636,0.03440285663923562,0.003466702888415658,0.023253496013902787,0.11455090822127093,0.14258990329350335,0.0041842064766999,0.5153273170472153
7,7,OUT,OUT,0.20025736698483165,0.028459185746108298,0.026426800362815393,0.020491840904005777,0.047257527713523914,0.12844478071178897,0.011474490239721783,0.5371880073372043
7,7,OUT,OUT,0.1478665746175807,0.04127022728384403,0.0018404853885043986,0.033371480289679116,0.0781539703481947,0.26866321667708815,0.004442534838253025,0.42439151055685587
5,7,SO,OUT,0.08670988612513506,0.0339125733226632,0.011206456898064794,0.011796967236047722,0.0784450730468256,0.1346241054108866,0.006425317276528487,0.6368796206838485
7,7,OUT,OUT,0.16518888044289917,0.027610724613283684,0.0018576652738420804,0.016142621649655003,0.1146298202266887,0.14122248215824046,0.004727433597478997,0.528620372037912
7,7,OUT,OUT,0.13832965888567045,0.026551338745803798,0.0019233082448994133,0.013150588956942435,0.07008943451256276,0.11798122913838625,0.004858889721016474,0.6271155517947183
7,7,OUT,OUT,0.16708427517865596,0.023286846593095153,0.0019964425973103012,0.016470463456980056,0.06917798771203452,0.1830573452703514,0.0050063527387242315,0.5339202864528484
5,7,SO,OUT,0.1692320396992329,0.019536915789327706,0.0037486071941322404,0.010513639332077865,0.14949579974483215,0.15104017934371647,0.00611923695553092,0.4903135819411497
7,7,OUT,OUT,0.08363559089915253,0.021507116320617085,0.0028432764258901114,0.010664303336347474,0.05122875803328474,0.21641042510947478,0.022537729280652494,0.5911728005945808
0,7,SINGLE,OUT,0.27336313234568477,0.07715495156622264,0.0015811041952044139,0.03959489800830258,0.09695144271552268,0.15082397175992557,0.009525787615529802,0.35100471179360754
7,7,OUT,OUT,0.1766801116862805,0.02302244669576991,0.0013751950064517706,0.011091634595621992,0.05073131170578338,0.2160495395450141,0.006002623243339615,0.5150471375217388
7,7,OUT,OUT,0.23603460252988895,0.021849028190382865,0.0016418458420433167,0.01857952196169738,0.04906877764779005,0.2427053235570767,0.010592606288033017,0.41952829398308766
7,7,OUT,OUT,0.14714390203678185,0.029166985461389013,0.0017441955898093594,0.02629592299672329,0.11239691695112039,0.2878236134596696,0.012943426693341099,0.38248503681116536
3,7,HR,OUT,0.1588985809905874,0.02025114049142131,0.0018514596651752957,0.013387108609366647,0.131770785533121,0.18677638997711926,0.00450231537881971,0.48256221935438937
7,7,OUT,OUT,0.18794026049038431,0.020858147790774932,0.001884590800581536,0.010608066905244908,0.10640336226541167,0.25014765941004485,0.005363096722909753,0.4167948156146479
7,7,OUT,OUT,0.22472950024896404,0.016864597253456196,0.0034873184040439954,0.008237512710392908,0.09319097354086157,0.1830165952826895,0.005523116631728311,0.46495038592786353
0,7,SINGLE,OUT,0.1386913808300461,0.015553698388481845,0.001629891923361441,0.05235122177474819,0.09664272239979632,0.2785908952483236,0.004359039619137163,0.4121811498161053
7,7,OUT,OUT,0.17287200775974193,0.016162016120652385,0.001593065663631132,0.011665101686007893,0.11341454547207297,0.1727502056504952,0.004501735968801117,0.5070413216785974
5,7,SO,OUT,0.30291549746538066,0.029696170363145515,0.0015610017114205189,0.05641885959398162,0.06002359768242817,0.18086367313622795,0.004538100085958222,0.36398309996145733
7,7,OUT,OUT,0.1379725962822162,0.02308430049540693,0.013107865841611976,0.01216776855495869,0.04657686515108644,0.15604894603023722,0.00844140419930745,0.6026002534451751
7,7,OUT,OUT,0.16666575270188913,0.033549373498876246,0.0024672150925045323,0.008510552663685741,0.09640926000633918,0.17850958424485014,0.0043063037125302935,0.5095819580793247
5,7,SO,OUT,0.12105365636258301,0.01903635740404852,0.0023737421430990208,0.0091852852853165,0.03772370856761282,0.22801081563934927,0.004192972822831628,0.5784234617751592
7,7,OUT,OUT,0.17218159284211926,0.02451225738151081,0.0016013713097233929,0.008938375953792073,0.05972049175551579,0.1651481406519102,0.004248578159043251,0.5636491919463852
5,7,SO,OUT,0.18196256152928209,0.028997371788122586,0.001812568825621055,0.007756330866202131,0.07815666843868528,0.14601044627540896,0.0045336426130575605,0.5507704096636203
7,7,OUT,OUT,0.17945748881025622,0.03708686904183363,0.0028571938265719147,0.008680143134470806,0.04462636140280149,0.18587524005455977,0.016239413173032485,0.5251772905564737
0,7,SINGLE,OUT,0.2053205174839826,0.04296689272016365,0.001695152837802469,0.015518967184116503,0.06437175007357059,0.15780343446848596,0.03493126181313738,0.4773920234187406
3,7,HR,OUT,0.21655420667446115,0.04157718335405896,0.0015343754202826528,0.00845920140250365,0.06606825445012471,0.13768448757839252,0.01298725401952556,0.5151350371006509
0,7,SINGLE,OUT,0.21342208530777765,0.04745113134637193,0.0016963027650846296,0.011292841583691307,0.0688315364584232,0.27072152752413753,0.012906051757456509,0.3736785232570571
7,7,OUT,OUT,0.197574813815141,0.03554925029093895,0.0016665769133883909,0.015606154819128965,0.08679262208032944,0.2861650984455545,0.028748845545469366,0.3478966380900494
7,7,OUT,OUT,0.11626958604308714,0.03414202983294954,0.0031184184136498236,0.009069445840414933,0.06875039041341484,0.3166801344967022,0.026002083303725356,0.4259679116560561
0,7,SINGLE,OUT,0.13678502695904574,0.021038817301488374,0.0031546253316396392,0.009030749249901136,0.05269570139955115,0.23915175908316494,0.004493002476569314,0.5336503181986396
7,7,OUT,OUT,0.16234220388412024,0.025028529269648138,0.002799808493635056,0.009311862133381251,0.15623951285914522,0.22882878577021193,0.005008111087288839,0.4104411865025694
1,7,DOUBLE,OUT,0.1510498956523137,0.022670838865608906,0.004237597907638918,0.009922167627298981,0.08752843111308263,0.24097337401315236,0.004477118519446727,0.4791405763014577
4,7,BB,OUT,0.14219461386852006,0.02150860250357142,0.0020153736593511696,0.05675330594538518,0.09173938781178585,0.2901199544159569,0.005601672573771638,0.3900670892216578
5,7,SO,OUT,0.20992467936167725,0.04069580524777971,0.0018226218050819926,0.0176346255598602,0.06941489314929468,0.1592763896329685,0.005752396696402707,0.4954785885469351
7,7,OUT,OUT,0.1075084027452089,0.03638283800227811,0.002510878934672098,0.011170151390475525,0.07240239581602492,0.14931224602675175,0.005661790842926506,0.6150512962416622
7,7,OUT,OUT,0.1729053989540436,0.028507988538444242,0.0024625729900151516,0.010991030299145143,0.04654931209602616,0.18966043249382228,0.0041916423333392405,0.5447316222951643
7,7,OUT,OUT,0.0872552753372041,0.02307194088329262,0.00204595562711042,0.013028583780154666,0.06233932005471924,0.17624212761903865,0.006458283388714332,0.629558513309766
4,7,BB,OUT,0.19009775761939518,0.03601414745279609,0.0016228436252796912,0.00989452140445918,0.08256467014325643,0.13724225439335364,0.004651792799281813,0.5379120125621779
7,7,OUT,OUT,0.22935857485910469,0.01703345092909801,0.001573210232019575,0.007863052161186348,0.07486088169313582,0.13214289101444274,0.0044911805093792116,0.5326767586016337
4,7,BB,OUT,0.1875643745284459,0.02689395211209236,0.00167782850841408,0.008732571634624592,0.08794275980757042,0.2029440009962011,0.004364552409155147,0.4798799600034964
0,7,SINGLE,OUT,0.1849467274689292,0.024669696580941012,0.002259996415985976,0.009871310296533629,0.06586030944840339,0.17701670084794688,0.005195988753272795,0.530179270187987
4,7,BB,OUT,0.137561197128304,0.03165670746876671,0.001542165841937264,0.009632786641638821,0.1276969966594756,0.16699990426713418,0.0044397301226616745,0.5204705118700818
2,7,TRIPLE,OUT,0.10588836081386241,0.02399260936440614,0.0015602216167539787,0.009841021031086514,0.10508776317992632,0.2112781379619044,0.004275860447336055,0.5380760255847242
7,7,OUT,OUT,0.2006755347363153,0.02197778724268274,0.0017766027894568141,0.010699569730101726,0.09877260689600705,0.1342566132035392,0.005661150298361392,0.5261801351035358
5,7,SO,OUT,0.21917840732850508,0.022242063797264924,0.0016088137882033628,0.03159445389851459,0.09074320776336671,0.1574391071826151,0.004695079505342442,0.4724988667361876
0,7,SINGLE,OUT,0.30349594303050875,0.02957005207950848,0.0018266277654860705,0.008054390882560986,0.06620053761844999,0.1698260848949566,0.004465247990122684,0.4165611157384063
0,7,SINGLE,OUT,0.22337473086360934,0.03818574310510952,0.002652396110946645,0.010484006067225705,0.09270171044746718,0.18133590319452403,0.005964382903264417,0.4453011273078532
0,7,SINGLE,OUT,0.19200385934465689,0.024278382827153715,0.0018963747391493705,0.04048203624897461,0.1150085077216882,0.2643616720864748,0.01390531524957105,0.3480638517823314
7,7,OUT,OUT,0.18347933036934572,0.04291827028916306,0.0022973143640657692,0.011261805297296989,0.07277077379112583,0.24801912448848856,0.010557157254068318,0.42869622414644565
4,7,BB,OUT,0.20806554231346328,0.06833404977897736,0.0043199871706212836,0.010167759346015957,0.04236504692262067,0.13770432773940464,0.004115770817223979,0.5249275159116727
4,7,BB,OUT,0.17717329934208767,0.022556526639818344,0.030588932391406098,0.008701959913661104,0.07068507906512284,0.14993907577838225,0.009073590200532377,0.5312815366689893
0,7,SINGLE,OUT,0.12565484108385788,0.018057089338338397,0.0013439999852932075,0.00703339186928693,0.053765531125965486,0.24861624720090938,0.004123291610718233,0.5414056077856304
5,7,SO,OUT,0.1386174616251829,0.020171781779132397,0.00138567842141527,0.007201743943677673,0.05414899797297639,0.19469447857873476,0.004832913534642361,0.5789469441442382
5,7,SO,OUT,0.14730706038091246,0.02891320076308809,0.0027274849465536138,0.012074860470150127,0.04465103480534332,0.14911905045100698,0.005514223211650403,0.609693084971295
5,7,SO,OUT,0.10788873697725547,0.028087814791850324,0.0015564344058616912,0.008402722047301055,0.0710403253692137,0.21735349883965555,0.005497707009372026,0.5601727605594902
7,7,OUT,OUT,0.17106679302377678,0.02538457052348499,0.0045411169678186,0.009323671719346746,0.07617548847949933,0.18550247874628356,0.005095010605926154,0.5229108699338638
4,7,BB,OUT,0.20861863571299913,0.02354023198512082,0.0030210552519206128,0.008892800029590761,0.0761281137060914,0.2061953825485391,0.005307082389912057,0.4682966983758261
0,7,SINGLE,OUT,0.20853646639408224,0.02936528357741546,0.001636978322402037,0.007978815372820783,0.06332045542232745,0.21831864886976984,0.00607304098696117,0.46477031105422106
4,7,BB,OUT,0.1942895037305962,0.04061593099309983,0.0022123232309832017,0.009212046904055355,0.09026636137626948,0.2092582406550913,0.004821776311020093,0.4493238167988845
0,7,SINGLE,OUT,0.1496923975720206,0.036039983790083975,0.0015985004373973018,0.010058995263853352,0.0780888383724134,0.22798691913490565,0.026517562352586923,0.4700168030767389
7,7,OUT,OUT,0.12834827218494493,0.05955960305992621,0.0038271503372347203,0.008582888176196806,0.047237011629434195,0.25077542682929854,0.006082644381711035,0.4955870034012537
5,7,SO,OUT,0.17149502540615225,0.06712828827246024,0.0027877100843093803,0.008327924806151531,0.04167610228570949,0.16478613682003698,0.01314690579436525,0.5306519065308148
4,7,BB,OUT,0.2060191705407143,0.022173795257924667,0.0018547011578195587,0.009716710614838782,0.07502925838506432,0.29165716942754905,0.005551356095257782,0.3879978385208315
5,7,SO,OUT,0.1788830820693302,0.040199079282087574,0.0016608112378868741,0.012092329906789871,0.1197307051937396,0.22501707407455762,0.004366278732572151,0.4180506395030361
7,7,OUT,OUT,0.15597393360024406,0.02010941024778004,0.0030641306680157885,0.010841118800555426,0.06662930541954973,0.22019639164188157,0.01077240208303158,0.5124133075389418
0,7,SINGLE,OUT,0.171546053909732,0.03760168277290017,0.0024800543676600385,0.009335467674014568,0.06543848792573492,0.22388637456835503,0.003743867878256398,0.48596801090334696
7,7,OUT,OUT,0.18112001567776742,0.02137312826049473,0.0018143724726656578,0.014478608030040339,0.04891105602424886,0.1558772470328294,0.01514907394444027,0.5612764985575134
5,7,SO,OUT,0.17391523410965826,0.030866302073619012,0.0021357994249931087,0.012744299325988424,0.06460331052964506,0.12092034118991424,0.006870408052675786,0.587944305293506
7,7,OUT,OUT,0.1794682741246022,0.024953307161237778,0.001630426105931776,0.015486447998470841,0.061263444049912345,0.1845658729325379,0.0303675021141179,0.5022647255131893
0,7,SINGLE,OUT,0.19195777778191064,0.048152317314112916,0.002057980897053493,0.022354784337080456,0.08008720693459996,0.1174544479483304,0.005532230763555582,0.5324032540233565
7,7,OUT,OUT,0.22001675567276893,0.01904739068311631,0.0017337757113024958,0.010176951477124831,0.07098222772492166,0.10286913538341612,0.005023860438774819,0.5701499029085748
7,7,OUT,OUT,0.1490333653399277,0.029539273522213447,0.004317426313159167,0.018521875862383907,0.04094166708219714,0.14833625246358184,0.006644327132141264,0.6026658122843955
4,7,BB,OUT,0.14052735303982108,0.02728751207915285,0.0015420248698470762,0.014735089485254977,0.06909242852024217,0.19323513480440482,0.01255142504322638,0.5410290321580506
7,7,OUT,OUT,0.18062431185653083,0.03220659615518129,0.010730006957722958,0.01944097116593485,0.03761654615435993,0.09976043732237821,0.004764357016894976,0.614856773370997
7,7,OUT,OUT,0.1513505138669142,0.02358923475770062,0.01326151000501345,0.010828145514582053,0.03878536273179909,0.12287664933539219,0.053100376487078486,0.58620820730152
7,7,OUT,OUT,0.11297643902655037,0.040255058468268906,0.018105881896353853,0.010868952596004504,0.08473511611790502,0.12984483943506261,0.007156063827269393,0.5960576486325854
5,7,SO,OUT,0.15618511327668627,0.022746118584788064,0.00230024314978649,0.008197749460329166,0.06798151091080776,0.19162798654351496,0.004013628975339382,0.5469476490987479
5,7,SO,OUT,0.18960236151889626,0.029035660682486045,0.002736158955249954,0.009279330125325478,0.06804353346813233,0.19220899861696675,0.007566143049839167,0.5015278135831039
7,7,OUT,OUT,0.10497708204423163,0.028117179078553156,0.002066196316999044,0.015059427736512058,0.06254803079621754,0.17500453019438403,0.0068578001834663236,0.6053697536496363
5,7,SO,OUT,0.17913190135081866,0.035418803649544806,0.0015298001125681347,0.009672619417029238,0.155040795624885,0.15790391296554374,0.004086266030969097,0.45721590084864133
7,7,OUT,OUT,0.23598437882727286,0.024159677380965573,0.0016285186069999707,0.013759374978426353,0.0450351923274925,0.14388322351004737,0.011969986398362095,0.5235796479704332
7,7,OUT,OUT,0.1428631024837009,0.023936398281311635,0.0019333062844458715,0.014971416939177766,0.06539339536270326,0.10983619012465562,0.007757558993346222,0.6333086315306587
7,7,OUT,OUT,0.14113140010952796,0.024400858432554875,0.0015323373902273072,0.016782239914263343,0.0598542972448049,0.20213794981739605,0.02739801290352281,0.5267629041877029
0,7,SINGLE,OUT,0.17469833843802107,0.01877868329159763,0.0016192541922615575,0.010674902924097363,0.037877393580474816,0.14207353312597548,0.004710361188314837,0.6095675332592572
6,7,HBP,OUT,0.18969940163684124,0.028873001447481592,0.002009262701140285,0.009677890889697824,0.06741068458626696,0.13078302485544888,0.005757674236322544,0.5657890596468006
0,7,SINGLE,OUT,0.14532461216387219,0.04840345658924309,0.0031705164875505455,0.007831283857665131,0.07400048697465535,0.24366167064208508,0.006554276230185701,0.471053697054743
5,7,SO,OUT,0.24234787922133236,0.018251869230795945,0.0016710429987482553,0.007749489436421154,0.07109391051647151,0.1314353575310416,0.004903381046164397,0.5225470700190248
0,7,SINGLE,OUT,0.10195842485985969,0.027861386470076233,0.001646771455619481,0.008682021411816858,0.07592141958442811,0.2779371246352529,0.006931292592913215,0.49906155899003357
0,7,SINGLE,OUT,0.10241603455665554,0.02157204936686317,0.0015466145206952796,0.008037863473446262,0.07828559487624825,0.26299720185871506,0.005437678147860543,0.5197069631995159
7,7,OUT,OUT,0.09868137438700238,0.03305235859403556,0.0016540644876634535,0.00853708805086511,0.06539577660515133,0.2549659912668469,0.005206363611121412,0.5325069829973138
7,7,OUT,OUT,0.1963952244846798,0.016152243216581753,0.0028110538297408,0.009925448824913771,0.06356465117287427,0.1659326656500681,0.0037665391584882596,0.5414521736626532
4,7,BB,OUT,0.12022177547277187,0.030746275712294845,0.001654786653135609,0.01060973348518117,0.1338343839570742,0.2382004887733143,0.0050184118208672765,0.45971414412536077
4,7,BB,OUT,0.23154733567166597,0.02217196582107121,0.019908891829182006,0.014791296812951937,0.036472084808226224,0.10241856642937712,0.011621418674075127,0.5610684399534505
7,7,OUT,OUT,0.11755531696438225,0.023844661370499388,0.0015535363007759073,0.008502532070587997,0.04563065969297521,0.2436315733917044,0.00484698407735871,0.5544347361317161
5,7,SO,OUT,0.15039401639634228,0.054643964602412644,0.0015598616169037898,0.008956390586589183,0.09562279800953918,0.11952940242609415,0.003940954415722593,0.5653526119463962
3,7,HR,OUT,0.1522400144081892,0.01931060077554396,0.0016096459392335373,0.01015635096269408,0.13590605676487894,0.15231878273753388,0.005806760567407784,0.5226517878445186
0,7,SINGLE,OUT,0.1875416181136909,0.04076456725978154,0.007692511899790594,0.009256187384750654,0.05729212013249518,0.1153947657907103,0.005738894720415176,0.5763193346983656
7,7,OUT,OUT,0.16569198926656029,0.017864765612486393,0.0021415218392143343,0.008327181129802616,0.06930995693431345,0.1424322128449319,0.004800313677489861,0.5894320586952013
5,7,SO,OUT,0.16093620188875785,0.022122957950551157,0.0015819679204528798,0.016598179464276032,0.051253241849698504,0.31583954266517233,0.0045974469244975755,0.4270704613365937
7,7,OUT,OUT,0.16808740709131367,0.026323742284037225,0.0016377950747877732,0.009014309260306622,0.0700439961537362,0.3127469242320674,0.020118612877818527,0.39202721302593274
0,7,SINGLE,OUT,0.13530867045536957,0.020891359561152623,0.0017322541258491002,0.009108249223815342,0.07379716502142633,0.21408399240503476,0.004537611376774818,0.5405406978305775
7,7,OUT,OUT,0.15687491611619164,0.022741773738753045,0.0016124097400087593,0.008261154673544612,0.050740022551852476,0.2006270927015986,0.0045164602892975745,0.5546261701887534
4,7,BB,OUT,0.12146967399596566,0.03936563137820914,0.0019572546545368083,0.03780444400607126,0.07477258313143115,0.27707314505849234,0.0047114890103024205,0.44284577876499137
1,7,DOUBLE,OUT,0.28410168653874457,0.041629452582885425,0.0014415406009596107,0.008470292570604922,0.07644838046763758,0.13858748914212685,0.005750889821877684,0.4435702682751633
1,7,DOUBLE,OUT,0.16534836957120147,0.03850642309020692,0.0016560745666319699,0.020417107943646432,0.07102509348912568,0.21580652582215437,0.008693297298783263,0.47854710821825
7,7,OUT,OUT,0.15491639341355684,0.03388402281662697,0.0016154000035915603,0.008941206972165383,0.053859821228317346,0.33432028377712425,0.007681826597156216,0.40478104519146146
5,7,SO,OUT,0.1685103731243747,0.02345332349795188,0.0018345387986102321,0.007921044795674351,0.047886904801378256,0.23774664404891768,0.006277391193155613,0.5063697797399372
7,7,OUT,OUT,0.1525293421162236,0.024280601731970813,0.001541127505601842,0.00827922401913657,0.05714010106972253,0.2730283726478879,0.005156833214931628,0.47804439769452534
5,7,SO,OUT,0.17187111515164805,0.023022680314467057,0.0015720150573313657,0.009109312378348463,0.05377142060599475,0.3136472883065077,0.006143950849404517,0.42086221733629814
7,7,OUT,OUT,0.13679116058041205,0.024466561797287484,0.001691593546262135,0.00889607461479442,0.06470925281311986,0.22087928447734442,0.004487624034464693,0.538078448136315
5,7,SO,OUT,0.12043563988471277,0.02155055453870059,0.001669166906378605,0.008663078228651384,0.06378691746393252,0.32352197522676146,0.004369107839305325,0.4560035599115573
5,5,SO,SO,0.06963710258354065,0.024462642968786547,0.0012416433752898953,0.006448061441433097,0.035168972654283766,0.5180064946223706,0.00314842527426716,0.34188665708002824
7,7,OUT,OUT,0.21615289722799189,0.042429874892639434,0.003439772669039718,0.019902005341617186,0.04370733861660007,0.1217120650504479,0.01597103379761987,0.5366850124040439
1,7,DOUBLE,OUT,0.15416313545960586,0.02509386992069441,0.0017489422911829322,0.010817874605679553,0.04648660076492102,0.3278525158201793,0.009691290395678105,0.42414577074205884
0,7,SINGLE,OUT,0.18796479278566255,0.021659355579195603,0.0018661692508423965,0.008816155749536316,0.08490683434701217,0.22694368680580168,0.005774483229682639,0.46206852225226647
0,7,SINGLE,OUT,0.17641635010504858,0.016213177167379782,0.0020429866738280278,0.0076842407923016125,0.05084439709763267,0.15826158892528364,0.004233655570662095,0.5843036036678635
7,7,OUT,OUT,0.17012303712966284,0.018457669772964952,0.0013075366801155186,0.01851327175553629,0.04285716146875394,0.26210587792723083,0.0036254305631108702,0.4830100147026248
7,7,OUT,OUT,0.1626315178641548,0.0369647676997449,0.0016253410318425212,0.00930819681372672,0.06872307132755054,0.33626480063432457,0.01678581964024119,0.36769648498841473
7,7,OUT,OUT,0.15802651701302822,0.027036648813377164,0.00158576596927357,0.008354473301693777,0.05393290407177713,0.2826700379356308,0.004783358531567276,0.46361029436365214
7,7,OUT,OUT,0.19658186325003382,0.05937206004591887,0.0017215395173965046,0.010069690198087126,0.09133629263885625,0.13350674766029658,0.0046451020530904686,0.5027667046363204
7,7,OUT,OUT,0.21914401167093975,0.017283194345764398,0.011183229719061634,0.007955617401237656,0.07230121740671648,0.1268112039179738,0.01353487965408252,0.5317866458842236
5,5,SO,SO,0.06660113498935451,0.016600687441100742,0.0012011869361894948,0.006389667834824264,0.0335856365619132,0.5190838125090881,0.003337837866447215,0.35320003586108245
7,7,OUT,OUT,0.11536623721907623,0.02993539979409389,0.0019261794921429003,0.01019651193019344,0.05309731238475367,0.20959805222097608,0.004856164483666448,0.5750241424750973
7,7,OUT,OUT,0.10871012929199907,0.021545567750074632,0.0019870975760141363,0.009494773570240098,0.05434284752187073,0.32865082318975103,0.004723058804071092,0.47054570229597936
3,7,HR,OUT,0.1396845125286646,0.029596075714513094,0.0017572673379114695,0.0222529179536604,0.07336433430660218,0.1370428123850042,0.006053337221050008,0.590248742552594
3,7,HR,OUT,0.13593830444523528,0.046097627267071235,0.001743733497195113,0.013799378782691668,0.0891758281582179,0.26352772635184857,0.0056072222068171,0.44411017929092306
1,7,DOUBLE,OUT,0.15635871665287002,0.026186345663737644,0.0016516982004517275,0.00850845511123314,0.08068321109565932,0.24542401824239882,0.005377223589585627,0.4758103314440637
5,7,SO,OUT,0.154372347264454,0.03198264913963957,0.0017738113294796006,0.009206777629835688,0.04819149418825512,0.20452468714548547,0.005330698942210863,0.5446175343606398
4,7,BB,OUT,0.16486567123855225,0.061229169083922064,0.001757303046342904,0.010311780751791103,0.05548242149608684,0.1609284448186665,0.005775703909458832,0.5396495056551796
7,7,OUT,OUT,0.11642444732026799,0.033211537238680415,0.001591389748083205,0.05619932371683085,0.1131779973785077,0.3000886773283627,0.004177022494561457,0.3751296047747056
0,7,SINGLE,OUT,0.19308052654752877,0.02744123543366402,0.0024526956134986,0.010062031425322204,0.10144805821985801,0.1374741306491984,0.00457422439816736,0.5234670977127627
0,7,SINGLE,OUT,0.21636372926634637,0.059219414141837415,0.002779180904695018,0.019147823263966555,0.048737349395254356,0.13247853231577847,0.016013361071785623,0.5052606096403363
7,7,OUT,OUT,0.20702921422996273,0.024666931170208753,0.002489591353127269,0.011654358798202936,0.062297327155606944,0.2246917062008373,0.004725240508714631,0.4624456305833394
0,7,SINGLE,OUT,0.1713952364290953,0.04377842613232168,0.008165544794552983,0.009047160769498465,0.0628336312247186,0.13643296015442832,0.006306555991478209,0.5620404845039065
7,7,OUT,OUT,0.15406711115308525,0.017202202012857257,0.002043393964383152,0.007860152833597334,0.06426764992217962,0.18213506531825752,0.004546661885171932,0.5678777629104681
7,7,OUT,OUT,0.1482189301442204,0.017737339755920834,0.0017919386638511397,0.017618308196161753,0.04803354931996498,0.32072957272640223,0.004113539651692149,0.4417568215417865
0,7,SINGLE,OUT,0.1530346714383803,0.022440932125613978,0.0017881287536920315,0.008395051965073872,0.05448919923750373,0.29755736042878234,0.004155599855697031,0.4581390561952567
7,7,OUT,OUT,0.17456539198220217,0.02490158936090814,0.001655878911751561,0.008672766739331693,0.07841660233543228,0.2283936356505241,0.004856098037527171,0.478538036982323
0,7,SINGLE,OUT,0.11807407555682096,0.020985825495306684,0.0015814813063206746,0.008482139877256357,0.04415706422253855,0.3453524038588508,0.004472573379149905,0.4568944363037561
7,7,OUT,OUT,0.10017744668523337,0.021140424559406363,0.0016656145243686012,0.008586798525423928,0.05410189298496434,0.35049925410189037,0.004258884925749628,0.4595696836929633
5,7,SO,OUT,0.05882701084518366,0.016070302572989817,0.0012045502450922145,0.006260372030321577,0.03296037068242159,0.4336285261500046,0.0031691291965319345,0.44787973827745464
7,7,OUT,OUT,0.16459831971138145,0.03011402629473475,0.0017560390745734959,0.009395829796317194,0.07167950626353424,0.25543803308555657,0.015248900569583902,0.45176934520431844
5,7,SO,OUT,0.14016598252872856,0.02430324464940122,0.0015227450014146375,0.008353646237270336,0.05267032936716349,0.3232138432391193,0.00541299517517556,0.4443572138017269
7,7,OUT,OUT,0.1363954776431041,0.021917156862359902,0.0015345415027982379,0.008300945995995289,0.059073349787942236,0.3345649491049267,0.005250242188484645,0.432963336914389
7,7,OUT,OUT,0.16335238974350455,0.051875958068421726,0.0015348771753986227,0.00893733747798822,0.07090467275357722,0.1341845331672138,0.005124419500507033,0.5640858121133887
5,7,SO,OUT,0.12402794932798966,0.032097820886741915,0.0016778899431818207,0.05919071610112817,0.07624148340064157,0.29803484709956046,0.004415189734129924,0.4043141035066264
7,7,OUT,OUT,0.12992523912722517,0.024832546096254616,0.0015923035585706986,0.008928677086144336,0.09202499640315324,0.14213719075043602,0.004222381412118359,0.5963366655660975
7,7,OUT,OUT,0.1791956485268269,0.04701056254226235,0.003315887034969181,0.017200922169449226,0.048964874632191326,0.1388194970050094,0.018065244206320843,0.5474273638829708
5,7,SO,OUT,0.17022530475935863,0.030994297734504322,0.002525013882000777,0.012310711272062243,0.056083098880469494,0.2805469277630013,0.004620791590802849,0.4426938541178002
5,5,SO,SO,0.0877737294618583,0.0185522444144936,0.0014772997717829783,0.00788860149682905,0.04277541636741977,0.454107458118411,0.004190778844181941,0.3832344715250234
7,7,OUT,OUT,0.17791479613918224,0.023263176767483677,0.0017880549661865642,0.009237150420278088,0.05379726181984516,0.27397708596712517,0.005345492852689258,0.45467698106720983
7,7,OUT,OUT,0.11905747641312679,0.029263906048723816,0.001632757808168574,0.010462935659329256,0.064492366319168,0.24838351480795529,0.004487691856836384,0.5222193510866919
7,7,OUT,OUT,0.1276868003318288,0.02762606757955756,0.0017204111254948379,0.026128763424635822,0.07353202574811363,0.13954496076958728,0.0061946270565487625,0.5975663439642334
6,7,HBP,OUT,0.150154031667831,0.03170562172434923,0.007089011105386306,0.011698495676872605,0.06763333225239479,0.1673731723330461,0.004957751025241266,0.5593885842148787
0,7,SINGLE,OUT,0.2662884305023252,0.026609975774543312,0.001581712439272922,0.07803168376523865,0.08368310581902132,0.17751421844762807,0.0044802734624833,0.3618105997894872
0,7,SINGLE,OUT,0.1698125693401202,0.047871976779473926,0.0015767044600950993,0.01151117280530567,0.06674580576896551,0.1446062372888419,0.004273890706764212,0.5536016428504336
7,7,OUT,OUT,0.1496752109454694,0.03385960502392352,0.0014974081267753751,0.015314918518232828,0.04890471953385482,0.1353274547346722,0.007109811396168741,0.608310871720903
0,7,SINGLE,OUT,0.14448727303403813,0.021017513612315363,0.0016992574407507827,0.02200340611598443,0.05800067728306824,0.19492729596708658,0.0038490832244635572,0.5540154933222929
7,7,OUT,OUT,0.08312318876982246,0.01742404537775135,0.0013109784354169924,0.008917320925925,0.033663395515640716,0.2982827240278136,0.003384065410138349,0.5538942815374915
4,7,BB,OUT,0.11131207063355965,0.0263697478286765,0.003315495602200705,0.011742203185201057,0.053233785997015975,0.24804609692328627,0.004964979390501175,0.5410156204395586
7,7,OUT,OUT,0.2313246255930781,0.04325471659927672,0.002894702286684206,0.00856007938352388,0.036288712197174194,0.12963869494132826,0.004651624298895708,0.543386844700039
5,7,SO,OUT,0.13518540027873455,0.01966762714053968,0.0016958337172229764,0.04380916016180352,0.09863930355208383,0.19741460767711658,0.00497319982323869,0.4986148676492603
5,7,SO,OUT,0.13171630778217935,0.019968498123723095,0.0016831492664333987,0.0106111752739312,0.1744487165541968,0.16559439134887247,0.006067247906578651,0.48991051374408506
5,7,SO,OUT,0.14585235035096453,0.0295099672430014,0.0015548837900119159,0.01967641483938174,0.056922402635276405,0.1478356462633356,0.005134991057993735,0.5935133438200347
7,7,OUT,OUT,0.1897200540857625,0.03371235267981646,0.0014417563465330698,0.016893750328533852,0.04350947887421,0.17806589363109376,0.006173246524032205,0.5304834675300181
5,7,SO,OUT,0.1963272979457486,0.035631234124630554,0.0016731599162713973,0.018290390992171376,0.059761473918955026,0.23820817726852067,0.007866026700841305,0.4422422391328611
7,7,OUT,OUT,0.14296292726595572,0.04413695723944233,0.0017188061645408712,0.018117371203907745,0.08513775819475566,0.2187301072188915,0.006706341657106655,0.48248973105539933
7,7,OUT,OUT,0.13887098762410596,0.02161912275471761,0.0014929950339960746,0.007795421437632306,0.043360576329862996,0.21298129674722635,0.004531026392476266,0.5693485736799825
5,7,SO,OUT,0.14581086655764383,0.02291339788106458,0.001953910681048817,0.008541076204589331,0.0447150295425803,0.25317445162947283,0.004306595400935346,0.5185846721026649
5,7,SO,OUT,0.15456158098689993,0.04455433049945086,0.0016502827252875228,0.01258974735715911,0.08441817772120155,0.15717029060895424,0.004769092741870677,0.5402864973591762
5,7,SO,OUT,0.13526540869401782,0.024093332786033428,0.0015516184376483026,0.021655673866494637,0.0600889682354559,0.1560317373967546,0.007418090186543564,0.5938951703970519
7,7,OUT,OUT,0.16286586828587502,0.023400075873325505,0.002528482752191527,0.01167472568401968,0.04169519885814363,0.12424361211881008,0.0033555424390092916,0.6302364939886252
0,7,SINGLE,OUT,0.24557102284161939,0.02789416099206127,0.0020774644783317464,0.02614018702401563,0.07359357658671555,0.20777671549183538,0.004300639259014699,0.4126462333264064
0,7,SINGLE,OUT,0.2758902093015735,0.018950871881813883,0.0015664091570834926,0.008549431867409986,0.04936211570911051,0.22529372636769407,0.004180676073983158,0.41620655964133146
0,7,SINGLE,OUT,0.15525326884300264,0.03410802303010814,0.0016964304564778994,0.013170144570064954,0.06917385044088195,0.198556828890122,0.005366025843925802,0.5226754279254167
7,7,OUT,OUT,0.16567626047976253,0.022069025956717774,0.0016487332146393329,0.008397158744853205,0.15187141762061948,0.1761840989780691,0.004712568795094294,0.46944073621024424
0,7,SINGLE,OUT,0.26049993234888175,0.03275024210211015,0.0027526295873033413,0.013531318676576391,0.03776474906183249,0.12731741739518235,0.005496672892237198,0.5198870379358763
4,7,BB,OUT,0.11529349271282721,0.018967614126455496,0.0015850429990405855,0.0481465226288122,0.0785158944723241,0.26257868883974234,0.004748427673818998,0.4701643165469791
7,7,OUT,OUT,0.1187938139787261,0.03482880473937179,0.0015754484971676884,0.012884455080832129,0.05009880349093086,0.15157535901419966,0.004117137481295822,0.626126177717476
7,7,OUT,OUT,0.13765538612986244,0.03187791643844082,0.002002719605767457,0.008308072923099248,0.048876368294813795,0.2717780653196296,0.005610209915479153,0.49389126137290734
7,7,OUT,OUT,0.2182010345322273,0.02162717006593528,0.001708566237419918,0.008435260974304502,0.15629917908813473,0.18707065789681762,0.004627546125759738,0.4020305850794009
0,7,SINGLE,OUT,0.3571574650867222,0.022536152603506398,0.0026657770154374003,0.013254395388697979,0.05007396270960674,0.18344207214541777,0.0068961419873995265,0.3639740330632121
5,7,SO,OUT,0.12720996195013154,0.021302465212009788,0.0026285536425539684,0.024117832585438675,0.08690647899387557,0.10102364806188248,0.00361748389965467,0.6331935756544533
7,7,OUT,OUT,0.15005295027062643,0.021449557112227517,0.0015162016704058227,0.008620800293763988,0.04676197411971644,0.22835696093357277,0.004202354694816504,0.5390392009048705
7,7,OUT,OUT,0.16518495296553026,0.02886755534330869,0.0017538946824740766,0.01405534024576944,0.08200389665172242,0.19414487045621104,0.005021450081345441,0.5089680395736386
7,7,OUT,OUT,0.1248854001026874,0.023764457182508095,0.0016118248657812607,0.008448001009856996,0.05350286626188653,0.24103403053422134,0.004330968867462146,0.5424224511755963
4,7,BB,OUT,0.11740388341950893,0.03085284925868706,0.001723843831792676,0.01244994687861521,0.08401127913079695,0.22435913568043828,0.004642008364940209,0.5245570534352207
5,7,SO,OUT,0.11306947962663703,0.026298037967298758,0.0017666754540077345,0.011146829432620532,0.08032081916034547,0.22269589736462184,0.004723430516475785,0.5399788304779929
7,7,OUT,OUT,0.19301884977743902,0.018893229474199816,0.0018291687216364623,0.009264156467950497,0.0595077209518388,0.15549143831813544,0.0038008967946017904,0.5581945394941982
5,7,SO,OUT,0.11216942329392618,0.027021109406379758,0.001473740789398125,0.013910720143097749,0.055193320359635305,0.2973046224792351,0.0046197512495663685,0.4883073122787615
5,7,SO,OUT,0.1398082142888031,0.028403294984780923,0.0018134336395672242,0.00940765467636352,0.08092244409467668,0.18999340274096332,0.005001740521740213,0.544649815053105
5,7,SO,OUT,0.14043581038581462,0.021283501322206116,0.001750117365162761,0.00877422496423429,0.056863250288832365,0.29339770777928464,0.005064122242739048,0.4724312656517263
7,7,OUT,OUT,0.11758551439193302,0.024826015453998207,0.002188636240243861,0.01127380406677923,0.053172192093216546,0.19771669698002628,0.013339601686018651,0.5798975390877842
7,7,OUT,OUT,0.1792302547842493,0.03131360867581515,0.0026249682897005367,0.009042312173983186,0.1447209325168432,0.19326647184592094,0.008759208529461417,0.43104224318402623
0,7,SINGLE,OUT,0.1782006029097697,0.06292363366673964,0.0026264761083861403,0.01958305547914626,0.12875654781516857,0.14313341185538214,0.022794981277612817,0.44198129088779453
0,7,SINGLE,OUT,0.13854454008538705,0.03295295362184146,0.0034997084133621,0.009651535566554586,0.06246772787812364,0.13037111152583758,0.004684039740471142,0.6178283831684224
7,7,OUT,OUT,0.1394332743930988,0.024574543715573646,0.0015694006242212098,0.009577672784214465,0.09903279305449166,0.2002264840918059,0.004176304199795611,0.5214095271367987
5,7,SO,OUT,0.11393228096589707,0.04870349724372135,0.002096022640344448,0.04498096236972123,0.06059625413432459,0.28257209577981834,0.029179350243035633,0.41793953662313726
5,7,SO,OUT,0.1721026469901576,0.039607620954568074,0.0014832485045587634,0.05929415516239446,0.07327303925536977,0.20988341750335263,0.005725806530525937,0.4386300650990728
7,7,OUT,OUT,0.18563622501452742,0.029401720311966684,0.0031527818354005243,0.049504024049291176,0.09316656127952677,0.15712994390240065,0.01344400848276762,0.46856473512411917
5,7,SO,OUT,0.11338835788257429,0.018484682325061796,0.0013818896105177007,0.007535339800281957,0.04511819207639838,0.29098123616344834,0.003756147390503817,0.5193541547512137
0,7,SINGLE,OUT,0.16221562017799626,0.03847756110551277,0.0016695154083815216,0.016685576830378312,0.12678227127356512,0.24873691600030776,0.004749810313362932,0.40068272889049544
0,7,SINGLE,OUT,0.16548669343384498,0.020269470334124438,0.0015775043170226193,0.009872585600793092,0.11611014555221266,0.14745460153170226,0.00461306601189095,0.534615933218409
4,7,BB,OUT,0.13781741486207313,0.030349341843663297,0.0016132876254035568,0.019947031663656568,0.07561388389445786,0.12126716852746316,0.005042341634804353,0.6083495299484781
5,7,SO,OUT,0.15845067052129214,0.01967317692952219,0.0017173712189760388,0.033880861409205924,0.07252543633672828,0.2710992926303102,0.004809695629222587,0.4378434953247427
0,7,SINGLE,OUT,0.18908690305035977,0.03537835231111974,0.002994352806227411,0.008712723252878127,0.04019989303830104,0.12832463967494137,0.004915849740004385,0.5903872861261681
3,7,HR,OUT,0.19084028291626573,0.02732627480207357,0.0017577390423585484,0.00943421934354749,0.1118549345611933,0.19831585593184914,0.0058342741627571745,0.4546364192399552
0,7,SINGLE,OUT,0.12654903335951392,0.029404210902634096,0.0014293566084244344,0.02723244887922547,0.0659868043058625,0.1047778441853386,0.009761231590086662,0.6348590701689143
4,7,BB,OUT,0.16731142062463358,0.0252196051559268,0.001673733358698315,0.013115387289908607,0.0688232619677325,0.18027544228036568,0.0049577850956343626,0.5386233642271002
7,7,OUT,OUT,0.14658916630665095,0.03284705132346052,0.0014569603884303864,0.07406689443989165,0.05731340404154737,0.10878351985392025,0.006411030435247288,0.5725319732108516
7,7,OUT,OUT,0.2094835586900157,0.028087759919429356,0.0022226740142801587,0.009352443253748127,0.08510783582415087,0.17313479209952207,0.0045448479682085215,0.48806608823064523
0,7,SINGLE,OUT,0.13345660599255293,0.033156324925055825,0.001868539813260346,0.029868036122532447,0.12537862490184984,0.19839948253481512,0.010741072325319775,0.4671313133846137
0,7,SINGLE,OUT,0.14228566884717866,0.030685935898222653,0.0016474493455395124,0.009526372638077084,0.14471111691810082,0.21262826553699507,0.0049789446131259674,0.4535362462027601
7,7,OUT,OUT,0.20300316604951604,0.034341739858274406,0.0026517183677537736,0.00803461579452123,0.04704363483949392,0.15139279402017872,0.0041663586551543095,0.5493659724151074
7,7,OUT,OUT,0.11131412340947117,0.028954998470532498,0.0015103250313089867,0.00787889555634413,0.04843287930764615,0.32107292274559035,0.004512005343604387,0.47632385013550244
0,7,SINGLE,OUT,0.1503910234975218,0.02837087832833715,0.0018588244725641868,0.011261344018312728,0.055410552840689735,0.2178150352730398,0.005937382418014543,0.52895495915152
7,7,OUT,OUT,0.12195949269682471,0.02468664794275641,0.0016556923860062387,0.01338971175524333,0.04594485884984569,0.35649591296939886,0.004943634560260448,0.43092404883966434
0,7,SINGLE,OUT,0.10759630711018196,0.02289528042432704,0.0016860860687342414,0.010787163304003658,0.050897213794259905,0.3892350535513562,0.004380496161389358,0.4125223995857476
5,7,SO,OUT,0.08682551852874719,0.026386019912092558,0.0015606357282246298,0.00933527559922486,0.055447224397885825,0.3311099011252707,0.003954735804066368,0.4853806889044877
7,7,OUT,OUT,0.1521912173825168,0.0511341513813041,0.0015707075762285707,0.01594758882748943,0.09849343453116441,0.24505814204616874,0.016637900022537372,0.4189668582325905
7,7,OUT,OUT,0.15117249402773408,0.032892060070923455,0.001530884955474433,0.012261010623403238,0.04990512696378908,0.2590311599752187,0.004253377853761876,0.48895388552969526
4,7,BB,OUT,0.10039732392774267,0.020227727628812187,0.0016549827533087703,0.011869865086337453,0.14495558788099766,0.22192486681973533,0.003856094875683576,0.49511355102738247
0,7,SINGLE,OUT,0.1495096024751494,0.027458363478598053,0.001978401141504886,0.02890300808534455,0.07806188127269961,0.22951552865261943,0.008212375363713238,0.4763608395303708
7,7,OUT,OUT,0.12116176947875897,0.030130011469446768,0.0015142836933243814,0.013691910822069817,0.062201841945950055,0.23435616063398207,0.004412464404068107,0.5325315575523998
5,7,SO,OUT,0.17817401091472804,0.032851011184074685,0.008916685337310224,0.012614172339275588,0.049998923207308706,0.29567342260192475,0.011002688676271636,0.4107690857391063
7,7,OUT,OUT,0.1851974334418453,0.027042016781468437,0.004209875169858529,0.00989905380319209,0.04142441269922733,0.20899100269234108,0.00857391411405476,0.5146622912980124
5,7,SO,OUT,0.20260772511909775,0.0307223845247485,0.002773383022877587,0.011918099595765336,0.05628039458491624,0.20426365327015597,0.00453363536484761,0.48690072451759103
7,7,OUT,OUT,0.1666440267554828,0.03428430713045727,0.0037533835165106397,0.011355266282178488,0.060648875182840074,0.27628539996384177,0.020748570635348268,0.4262801705333406
5,7,SO,OUT,0.16668989297463496,0.019081483519089806,0.0017247839423540623,0.012646413831819896,0.07884370607395456,0.3165487260617802,0.005945437304125916,0.3985195562922406
0,7,SINGLE,OUT,0.13982402146360243,0.022402929302193085,0.0018802212743864685,0.007860570033019182,0.04127054541152485,0.27983028978719054,0.0043485550385576185,0.5025828676895259
0,7,SINGLE,OUT,0.13639607109074506,0.02291321713395572,0.0015850351946187292,0.07462779086907882,0.04925222779873725,0.2762127463833473,0.004541120319654621,0.4344717912098624
5,7,SO,OUT,0.1394256524428203,0.03130118113336825,0.0018264712286428578,0.015711465401244847,0.08467367738027054,0.14434871761037302,0.004568613469300673,0.5781442213339795
7,7,OUT,OUT,0.20769516019960252,0.051371628539854164,0.0035091917453612706,0.01010507653885688,0.03937185558056215,0.24306951461846985,0.018604530030426617,0.42627304274686656
5,7,SO,OUT,0.15681309273197996,0.04958500660137736,0.0063424330199597576,0.00869239324928203,0.03414213134607594,0.1265947079858116,0.00462309345244868,0.6132071416130646
7,7,OUT,OUT,0.16300525386677303,0.021367345456127472,0.0015377144896720001,0.008619789915893848,0.06092138471196359,0.2257931459571776,0.004144243601095551,0.514611122001297
7,7,OUT,OUT,0.17062862108650684,0.01909892410785026,0.001960174771815637,0.00881451013827257,0.08119715992837918,0.16430155249266432,0.004934521679262141,0.5490645357952489
7,7,OUT,OUT,0.10456530829661159,0.05456369847481855,0.002239942781268548,0.010109013464923136,0.04714469460612081,0.26814081596786304,0.008904477737602732,0.5043320486707915
7,7,OUT,OUT,0.0921202948238966,0.026550971007312227,0.0015301857084311673,0.008005736045696276,0.04986290210681136,0.3400868756783112,0.004211537086241072,0.47763149754330003
5,7,SO,OUT,0.17882311373267384,0.020390104864748407,0.003638271146188388,0.009994930571618078,0.03346587263178156,0.12239115758550997,0.00451337969140874,0.626783169776071
7,7,OUT,OUT,0.2338309187884298,0.026685860942527215,0.001998089523831657,0.0071693137414980766,0.044019408786319644,0.20772920374970247,0.00781303699267854,0.47075416747501253
7,7,OUT,OUT,0.1720016196234091,0.0466243018504446,0.005229819570529857,0.012620663462122185,0.061004837963872044,0.16717442693910786,0.006550795065565672,0.5287935355249488
0,7,SINGLE,OUT,0.1926662469688588,0.039544442452563215,0.0038818512492990696,0.009073689494253875,0.09503228987433546,0.16058440668554197,0.01558175430961712,0.4836353189655306
7,7,OUT,OUT,0.1670293232629575,0.04022572832501242,0.005313626371122858,0.010262635033919285,0.04241173461586084,0.15446967148221177,0.005128644091109369,0.575158636817806
0,7,SINGLE,OUT,0.17431986665667593,0.019263412817365023,0.0014726234007100489,0.00841753609503186,0.051424233120898395,0.20603181805328394,0.004522389287075573,0.5345481205689593
0,7,SINGLE,OUT,0.19926987584115907,0.026451429449248547,0.0024157909229996543,0.009278666969555502,0.06141695206761511,0.15793992170564333,0.005857475597697463,0.5373698874460814
7,7,OUT,OUT,0.2039605460183526,0.024208217244357674,0.002246337287778217,0.008834364536746058,0.05566131937604203,0.16987064799804258,0.0053012386260463526,0.5299173289126344
7,7,OUT,OUT,0.21902720761750735,0.02062001143556996,0.0015171935736985709,0.007732943665113721,0.050930412268384656,0.14173311540940708,0.006252644061804942,0.5521864719685138
7,7,OUT,OUT,0.12412514346739212,0.04886179004572311,0.0016383850223436844,0.008681809417312478,0.13136158277599153,0.19741313641233738,0.006167522174659901,0.4817506306842397
7,7,OUT,OUT,0.18916780871827404,0.056093053735741166,0.0016795342167223411,0.008991374568869306,0.05847215624365731,0.14622177759164828,0.005144777336657646,0.53422951758843
7,7,OUT,OUT,0.1738073403735043,0.026089515908489545,0.0015396861468924762,0.008218328984430635,0.05137070566206165,0.23065981108840514,0.0052591590789882415,0.5030554527572281
7,7,OUT,OUT,0.1740638348358242,0.020499475866301495,0.00149940712279375,0.009670564480911784,0.04915995247207263,0.23333406957727976,0.005282383265117434,0.5064903123796989
4,0,BB,SINGLE,0.37498834613725907,0.02493412198391275,0.0016659015307939036,0.008787031072040043,0.058786237256452,0.16059191265124795,0.004675174103947326,0.3655712752643469
7,7,OUT,OUT,0.1785536696752654,0.022252618716780092,0.003560276350391466,0.00825972105996598,0.03252672939487175,0.12629409294049218,0.005640739687354548,0.6229121521748786
7,7,OUT,OUT,0.12043743632974488,0.025699073690931124,0.0016875856528947224,0.007789536400705884,0.04406600568438796,0.2650374310538296,0.006581462014107999,0.5287014691733978
0,7,SINGLE,OUT,0.11092123371042996,0.05414149163092335,0.004283512898101662,0.008239173926303462,0.0677363866765144,0.2111726912658701,0.004869797457843116,0.538635712434014
7,7,OUT,OUT,0.21085900822376086,0.015803260719214337,0.0015662334098631811,0.007375653906229133,0.0620898134191094,0.1235019601401926,0.005173443763175312,0.5736306264184552
3,7,HR,OUT,0.1786003290181287,0.027438896979409034,0.006085655917736514,0.009471224225821853,0.04103656362642969,0.15923280759347655,0.005762447738626671,0.572372074900371
0,7,SINGLE,OUT,0.15314994042279056,0.03066316687040124,0.0017874661017538355,0.03003057589801351,0.10134762309625192,0.200826121678136,0.01910148329528074,0.4630936226373721
7,7,OUT,OUT,0.1358474061476713,0.03934941337286824,0.002146114259555059,0.016884412156629152,0.09133220083116057,0.14062509796896164,0.004730563216643226,0.5690847920465107
7,7,OUT,OUT,0.21229705608923036,0.024207336114493522,0.0019127988887109198,0.010385231183989568,0.05197541683292258,0.2441927257377857,0.006838648739683632,0.44819078641318383
5,7,SO,OUT,0.13518841759297148,0.02024118149628225,0.0015590337842889238,0.02672250413698695,0.05125450275953585,0.21244980152336648,0.0047311856856778476,0.5478533730208901
7,7,OUT,OUT,0.12522020805078915,0.07659008067394706,0.0022177491537850812,0.009792579198559524,0.051168183150744444,0.2941330146425829,0.005299286133944571,0.4355788989956472
7,7,OUT,OUT,0.18182536960339393,0.01952650398352177,0.003325011083563012,0.012449098321504672,0.05837964523419737,0.23914777147059596,0.009178056051158422,0.476168544252065
0,7,SINGLE,OUT,0.17753607566926394,0.021146879536077835,0.010939496495365398,0.009821761271689993,0.05242928845652853,0.27423688122876166,0.008941529304759183,0.4449480880375536
5,7,SO,OUT,0.1329714171133114,0.026111319725014532,0.0016224218256757324,0.041125581082960216,0.06516658752233805,0.3408891809864045,0.00478626351019799,0.3873272282340977
7,7,OUT,OUT,0.1346964545314868,0.019816199925719456,0.0014500719072436392,0.019264695586446744,0.05479645743751256,0.2120428164645225,0.0039479914538756156,0.5539853126931927
5,7,SO,OUT,0.1628888357762963,0.032311437033585175,0.0017232310702322087,0.019499488244316066,0.04971807239602715,0.21935051093509958,0.008811118263939807,0.5056973062805037
5,7,SO,OUT,0.1405642322897711,0.028052787192151138,0.0016212549432566238,0.022279640265984738,0.06957900727281631,0.20655042791236092,0.011526569798853137,0.519826080324806
5,7,SO,OUT,0.10968917054303821,0.024922699117557453,0.0016207415124625184,0.04263852425075615,0.03915695525361287,0.3291685382690115,0.007213638309640866,0.4455897327439205
1,7,DOUBLE,OUT,0.14393188071840626,0.03531504809627654,0.0012450296431032102,0.008885619336525503,0.058153235988208485,0.2481914223984035,0.004838236509236022,0.49943952730984037
4,7,BB,OUT,0.12179314952173523,0.031157211089758573,0.001561326367297677,0.01035548772775488,0.0707026782643289,0.27966494446355533,0.00719495788160881,0.4775702446839604
7,5,OUT,SO,0.16210786280162903,0.02900250700893118,0.001581361928363819,0.04684222509799929,0.052724652919892805,0.35894114045303527,0.004993794220760478,0.34380645556938805
7,7,OUT,OUT,0.11437073876880964,0.027739808905669894,0.0015103612542545295,0.01253160470354856,0.05339400656426695,0.24457311494474787,0.006360268540568841,0.5395200963181338
5,7,SO,OUT,0.09518703972303447,0.023529136458289253,0.0014212010112268237,0.01157557282365788,0.0624585107079146,0.2612981989210706,0.0059372748840596555,0.5385930654707467
0,7,SINGLE,OUT,0.1597990864002876,0.06275711151460046,0.004611922581817372,0.009319038970178503,0.03863762406789155,0.21467295157759037,0.043931902301069616,0.4662703625865645
7,7,OUT,OUT,0.18067574350627547,0.027651584723555375,0.014275828443777198,0.00989860999689674,0.0528896083624315,0.26723948229426736,0.007377884152324954,0.43999125852047133
2,7,TRIPLE,OUT,0.2457280375359455,0.02665985730839586,0.005454651209095824,0.010538041002626574,0.04670026548888691,0.20702195186299127,0.005379734091664829,0.4525174615003934
7,7,OUT,OUT,0.16228574713894756,0.02938257539479458,0.0016014567840674327,0.059210002519893425,0.0490361777805237,0.3395290198317208,0.006699700164549146,0.3522553203855034
7,7,OUT,OUT,0.1640408096697625,0.032047071211010324,0.0016823327272401424,0.010403838969067991,0.053477095118319135,0.2741521012110645,0.0060097403358653064,0.45818701075767015
5,7,SO,OUT,0.12737673591987841,0.017587258678686716,0.006979110588534722,0.008302551716780763,0.07020625252854272,0.2110764235815576,0.015644843106468364,0.5428268238795507
5,7,SO,OUT,0.09850862827121667,0.016320701044840357,0.002192217049259302,0.009149558118348474,0.04787409009571429,0.2917638530938737,0.004479170313419511,0.5297117820133276
5,7,SO,OUT,0.1259769474246232,0.03592053601117655,0.0026281026984562184,0.008206187318180997,0.03695383422082276,0.15388696155493992,0.005649929528450916,0.6307775012433494
7,7,OUT,OUT,0.1699029416947205,0.04208641201814938,0.0017152193643593663,0.010649240025980167,0.06869162968661009,0.14396208005899078,0.005666138772836383,0.5573263383783533
5,7,SO,OUT,0.1059828998412224,0.0673679805432996,0.001442463875042982,0.016310132074805157,0.05897600817857325,0.30591250123649094,0.0061436250621194465,0.4378643891884463
7,7,OUT,OUT,0.23720832578937204,0.025298084710771506,0.004852859736001568,0.008950008995643844,0.041658943365931844,0.16519686833702096,0.005556416100618177,0.5112784929646401
4,7,BB,OUT,0.19477096847903397,0.041344007112644535,0.0029165362288514738,0.016106018629683604,0.07492729412302822,0.1879694371698876,0.008400142504939251,0.4735655957519313
7,7,OUT,OUT,0.21591965334195043,0.021037775034545157,0.0020574269415083394,0.01313524461439117,0.07673194346360353,0.21401336727856343,0.006654377045991353,0.45045021227944665
5,7,SO,OUT,0.18369803373084195,0.04771447827328208,0.0036724986075940174,0.008588617553853959,0.03797637171757367,0.21293643518364938,0.05737211898188034,0.44804144595132456
0,7,SINGLE,OUT,0.12935027656868894,0.026820502741640995,0.0015169106789081033,0.021536095172446743,0.05919227838345856,0.21344415075108092,0.011549945384998359,0.5365898403187773
7,7,OUT,OUT,0.09350972590288908,0.031451402678104326,0.0013118179979074445,0.047198455289730254,0.03966433644633457,0.2879523634963679,0.006121197328015581,0.4927907008606509
7,7,OUT,OUT,0.07890887692035849,0.014976532739253569,0.0015397843082327804,0.007339613328578044,0.03944479634430203,0.322876621450399,0.004932209891363279,0.5299815650175127
7,7,OUT,OUT,0.12726493378690973,0.025571579991638508,0.001724919191483665,0.009711558649386299,0.10571623494276355,0.19736262614944694,0.005150222139702455,0.5274979251486689
5,7,SO,OUT,0.14046457018875924,0.038064650853115646,0.002227500864291669,0.02261177934573867,0.07773633830021286,0.25908320467650514,0.005632705633894755,0.45417925013748217
4,7,BB,OUT,0.1210711851509855,0.037240858586500655,0.0015926410041634546,0.010877247120062139,0.057472977662923676,0.24724466532943218,0.004725358435297769,0.5197750667106347
7,7,OUT,OUT,0.18763648329925087,0.028278158936787836,0.002561829997258452,0.012815246602619393,0.061959343423313086,0.2591943313857763,0.0044556029866585755,0.44309900336833546
1,7,DOUBLE,OUT,0.18258684504461764,0.01900015369277317,0.009917979778451495,0.008528127799702495,0.0493809655300499,0.2720587261266554,0.006833540147040377,0.45169366188070936
7,7,OUT,OUT,0.19412071385621696,0.026330901321623905,0.006871693098818236,0.008962109226250159,0.03609582482974818,0.1818925857734213,0.006271792424497829,0.5394543794694235
7,7,OUT,OUT,0.16119557166609946,0.028499006817569283,0.0016003620945434164,0.04780250163762136,0.04776005955649225,0.3061339586623016,0.005840399791740507,0.4011681397736321
4,7,BB,OUT,0.1753165736355647,0.04609079041460649,0.0016349501243967605,0.01271937212937826,0.0484038890432862,0.2921317268545218,0.004499869176271729,0.419202828621974
0,7,SINGLE,OUT,0.1146341186305247,0.06750339089039785,0.002829842044309089,0.010344914644008036,0.04743025761915939,0.26185797238466524,0.007988466457034264,0.48741103732990143
7,7,OUT,OUT,0.12906543161433925,0.023320801352792672,0.0014908481900789336,0.013423373482792435,0.05872149268833302,0.18348181297621588,0.010396728686773125,0.5800995110086746
5,7,SO,OUT,0.1578278198790284,0.03032512448241043,0.0033662970006285856,0.010286925024885785,0.05094291046756585,0.1964898570116468,0.05372415612515454,0.49703691000867944
7,7,OUT,OUT,0.14907236189556386,0.020035846736799385,0.0017945339604965467,0.01214661342604037,0.06682715466618812,0.30792638237512565,0.006707654294194499,0.43548945264559163
7,7,OUT,OUT,0.11822971335080779,0.024923114681034045,0.0016010342885714524,0.01871368267798727,0.052027311407112795,0.20503236894263102,0.005189493447669564,0.574283281204186
7,7,OUT,OUT,0.18466462039550322,0.04767936166616261,0.004848692941937471,0.00903625383178241,0.0367490756917643,0.24527433560641698,0.0320051798738228,0.43974247999261024
5,7,SO,OUT,0.1936181088797496,0.019050642796887975,0.00981851828766783,0.008578639721994531,0.03736176548407337,0.26730369954804906,0.006300574233821816,0.4579680510477558
0,7,SINGLE,OUT,0.12501539676931947,0.047883151372013,0.002352650733837246,0.02556994581610626,0.03928123910141798,0.3189630893095458,0.006787576249456331,0.4341469506483039
7,7,OUT,OUT,0.08628436414739202,0.0164879909587206,0.0015045275460025473,0.007679185356959861,0.037556142385575295,0.32318121833385727,0.0058520407063424726,0.52145453056515
0,7,SINGLE,OUT,0.22707442168187242,0.032317515282438605,0.002403736696957786,0.016711837430977712,0.07574723183380636,0.15829064651333752,0.006061016745010741,0.48139359381559904
0,7,SINGLE,OUT,0.2315438359565298,0.04051293764508285,0.0018098071718177509,0.02022590161282114,0.07656177451436239,0.18025980097051142,0.015022038867894518,0.4340639032609801
5,7,SO,OUT,0.19057792580847913,0.048125383449133856,0.0016481216766663484,0.0154480907376133,0.08653771169767296,0.18784139662367294,0.016316588074127322,0.45350478193263405
7,7,OUT,OUT,0.1098091801370312,0.0496229209499657,0.006809360078012974,0.00756668763397527,0.0610351626221832,0.21782643229956983,0.005603178448485774,0.5417270778307761
5,7,SO,OUT,0.08388503755928152,0.029119314398399297,0.002606527521750895,0.007248564745086678,0.07479988117945059,0.17156371896630032,0.011401151694035182,0.6193758039356955
7,7,OUT,OUT,0.18234380130583164,0.03411833659796087,0.003486677446198492,0.007481955358874419,0.03466775016395985,0.13627760992988638,0.004891543529709403,0.5967323256675788
0,7,SINGLE,OUT,0.13333350515860673,0.034550632275219005,0.0014498071014652342,0.007527859686515051,0.09940913155725298,0.1521907437211805,0.008067331306399701,0.5634709891933608
5,7,SO,OUT,0.10718326871509243,0.029960228367419343,0.0016328189133700426,0.00929241650597966,0.0799964258014493,0.20294750165107447,0.004513480773678646,0.5644738592719362
0,7,SINGLE,OUT,0.16188082585142255,0.033692842543402796,0.0013690633086307815,0.010027732455808817,0.049494208653703506,0.13497224889788992,0.0037400751186971153,0.6048230031704445
0,7,SINGLE,OUT,0.16246894647868637,0.048188520426936006,0.0027548831363309626,0.013749876567384887,0.050054058563669256,0.11703196439557267,0.004600532708487686,0.6011512177229321
7,7,OUT,OUT,0.20894047284504252,0.02350436234747886,0.0017876320891880737,0.008337453246840444,0.04169603319395708,0.13725329765790376,0.003910341206808382,0.5745704074127809
7,7,OUT,OUT,0.2119836809948259,0.03444167800175933,0.002695623963958839,0.01200256631017383,0.07511093765633811,0.15470305148495359,0.004012942588501788,0.5050495189994887
0,7,SINGLE,OUT,0.13023892243852614,0.02962973298299769,0.0015265159334736805,0.008696635534589534,0.0868697754112441,0.33856612406687325,0.004736579628881521,0.3997357140034142
5,7,SO,OUT,0.11732968662461049,0.03264125975769295,0.0014583559779570924,0.008557819403678692,0.061337240799258015,0.1978411375180899,0.004193547509168855,0.576640952409544
7,7,OUT,OUT,0.11895663646044634,0.027511714530118577,0.0013008235294525163,0.008467388901879232,0.075741080177886,0.15269970680661893,0.006594954234822369,0.6087276953587761
7,7,OUT,OUT,0.12493931599797066,0.03305497534726525,0.0019007051320968007,0.007131642532007296,0.07220491361137323,0.15585918681145874,0.005184239591421179,0.5997250209764069
4,7,BB,OUT,0.1014191123316254,0.028329993448792078,0.0015422206576934754,0.010567894439007795,0.07162687198247895,0.1614328733261581,0.01057395085912794,0.6145070829551164
7,7,OUT,OUT,0.15040355155252774,0.12745313707410869,0.0016557545937329252,0.009478907572231698,0.09388055860334216,0.15823345847148676,0.004337991243140561,0.45455664088942954
7,7,OUT,OUT,0.09999844319627259,0.029688847723861992,0.0013647274201245342,0.007839646407434998,0.05018863020717686,0.2311139651392001,0.007005954725482492,0.5727997851804465
6,7,HBP,OUT,0.15978859033868295,0.05389867132464154,0.0033159567333845286,0.007834261291651233,0.0475865171008525,0.1088550677799052,0.0044559590794844015,0.6142649763513977
0,7,SINGLE,OUT,0.1592914975980078,0.04057541501016247,0.001785481945065216,0.03888519267690585,0.06977555833072333,0.3125682503293862,0.009790832308403353,0.3673277718013458
0,7,SINGLE,OUT,0.25964995516878875,0.0613637704314636,0.0015868531278823742,0.009039945588190565,0.08631329381667988,0.12820384045979707,0.005395969059765547,0.4484463723474322
4,7,BB,OUT,0.19281604323527649,0.042725222880307806,0.0015875912751029484,0.014653783039949955,0.06820498786863315,0.21186740610143243,0.012684678554488347,0.45546028704480873
7,7,OUT,OUT,0.09783765772638593,0.02366745241376777,0.0014556803728077296,0.010417154327788006,0.053018226750124776,0.11923052688184113,0.0619095374289915,0.6324637640982931
7,7,OUT,OUT,0.20662947828392275,0.02741121538324099,0.00107816071360397,0.005873796540739848,0.029439425460722063,0.09506652011959306,0.015775424923461075,0.6187259785747162
7,7,OUT,OUT,0.08788131012996715,0.023792114204785074,0.0015713935354100788,0.008208768241256627,0.051469766110109234,0.13957246527855025,0.006783298374674759,0.6807208841252468
4,7,BB,OUT,0.14097689774951178,0.024804731007112904,0.0017114384802278566,0.01296161836072885,0.051284683492158194,0.1556470557180744,0.004700443683250727,0.6079131315089352
7,7,OUT,OUT,0.14773614481715291,0.05473797810576629,0.002896008207719678,0.012159509750413194,0.05165299095002279,0.11162478158544763,0.005203916493009913,0.6139886700904675
5,7,SO,OUT,0.1360936845426969,0.020833968457178605,0.0015162394756512581,0.009208388776985307,0.07786788307769235,0.15128246949330662,0.004493093164206218,0.5987042730122827
7,7,OUT,OUT,0.2272618060165885,0.023648993236577542,0.001857318394624556,0.00838252762198683,0.03959044917949728,0.1497123994514517,0.004542694703269448,0.5450038113960043
7,7,OUT,OUT,0.12370249128150011,0.03914747010047238,0.0015325365896588985,0.012291802877317404,0.1018654183040176,0.18325958658094268,0.004735167074917413,0.5334655271911735
5,7,SO,OUT,0.10552499220631652,0.04777467565209854,0.0018259098971346718,0.02341269485164631,0.1147482772979302,0.21848013328465715,0.00419124431907491,0.48404207249114184
5,7,SO,OUT,0.11568471141393226,0.02454118734547007,0.0017944312719613328,0.008056541923212673,0.053072157312273105,0.27202013849964346,0.005430918926434702,0.5193999133070722
7,7,OUT,OUT,0.1210826626185176,0.02348761849839662,0.0012992560009034723,0.00810857400448556,0.07292978679248932,0.1557916977546792,0.00568516358207763,0.6116152407484505
7,7,OUT,OUT,0.15435879135780828,0.028994618529543107,0.0016822025250411983,0.0066443378727422,0.06962617190968079,0.14896118408440376,0.004977834190937387,0.5847548595298433
7,7,OUT,OUT,0.15058880153287824,0.09598283521693582,0.0017000557247036044,0.009684927446311147,0.09381812326935335,0.14472346158332988,0.004256923662364987,0.49924487156412295
7,7,OUT,OUT,0.13459982040763488,0.029130303138100732,0.0016842462772410944,0.009134819574451836,0.09591505866279416,0.15738743280381298,0.005405608389488553,0.5667427107464759
7,7,OUT,OUT,0.1466951109335055,0.03509086093424212,0.0013089813638413003,0.008133651987191085,0.047301169427796746,0.1320144118296804,0.0038199877057787136,0.6256358258179641
7,7,OUT,OUT,0.13705373467968218,0.03184202222201204,0.0020971425613554966,0.01136299370222758,0.0509155433532554,0.13477103664903117,0.004825384969209807,0.6271321418632264
5,7,SO,OUT,0.10492936001835029,0.05015974871482954,0.0018393128527939766,0.01374426160392909,0.08652284455302418,0.23478638027940565,0.007317913872683273,0.5007001781049841
7,7,OUT,OUT,0.16788454749005355,0.04534802776315618,0.0015194386804264451,0.010744044613701157,0.09035943273154887,0.15498968164750648,0.005476955690703538,0.5236778713829038
5,7,SO,OUT,0.12984374147208352,0.032724846711106224,0.0016571094943975174,0.01575999475321745,0.09585892147535766,0.19408146656988193,0.005196362846039803,0.5248775566779159
0,7,SINGLE,OUT,0.1731054657092997,0.03459535980634328,0.0014432904369939378,0.008626893428525276,0.08039395963313783,0.16295741390035764,0.0038960928764924566,0.5349815242088499
5,7,SO,OUT,0.23958007464079478,0.024103521720147944,0.0021503436524808114,0.009276039957968368,0.046172176565966026,0.16008460876977637,0.0043661903534487545,0.514267044339417
7,7,OUT,OUT,0.13895344334101717,0.02749152253521887,0.001301909547615721,0.007989982938525196,0.07610085884249362,0.15338964339054587,0.00481686095647836,0.5899557784481052
3,7,HR,OUT,0.11923011017942516,0.03445800018183048,0.0016533205312378443,0.010442949621263293,0.07536392459336859,0.16862970385455844,0.008173433170500845,0.5820485578678154
7,7,OUT,OUT,0.12956143593420133,0.03693990166279045,0.001607723006257419,0.007979712195750697,0.11105155903637481,0.1677455321204844,0.007228694684307577,0.5378854413598333
7,7,OUT,OUT,0.10758185712686762,0.03002677234050978,0.0017660497827774455,0.009386779374739052,0.0804596890239341,0.21459722843334916,0.004530820744447026,0.5516508031733758
7,7,OUT,OUT,0.13406833765451873,0.02209123743387389,0.0015725017034896548,0.009467718566987384,0.0902857384462943,0.1503934359536473,0.004558764721952775,0.587562265519236
5,7,SO,OUT,0.11095832193762302,0.027819573260856652,0.0014327546804346288,0.00857413566009105,0.040855484620255164,0.24926612982770144,0.004170235490571018,0.5569233645224672
4,7,BB,OUT,0.12108575953812242,0.03269299126213266,0.0013361823231875004,0.008275513555889085,0.04834988935444758,0.23398764340688788,0.005754234271296458,0.5485177862880364
7,7,OUT,OUT,0.06737484877659947,0.01895688411140305,0.0012634030788948808,0.0074102229585840855,0.03387384994002374,0.3042311315102358,0.0032807839373989876,0.56360887568686
0,7,SINGLE,OUT,0.15127035128246502,0.034327735613801015,0.0019413694390954196,0.007120779428989234,0.0754443864048743,0.1538640326014773,0.00418421671192486,0.5718471285173727
4,7,BB,OUT,0.14850815793090053,0.10843580884311091,0.0016797816200708126,0.008621883100018973,0.08660412921549349,0.11894356170459425,0.0038162654651921904,0.5233904121206188
7,7,OUT,OUT,0.1435415755122768,0.031181359414815816,0.0014123120949542135,0.008446222574886622,0.09147815964589587,0.29688949631756745,0.004074568310916096,0.42297630612868703
5,7,SO,OUT,0.16605226303909604,0.02398543025792378,0.0023481149169470913,0.01799571933042639,0.0870061715083946,0.1446981846569307,0.004029062450431518,0.5538850538398498
7,7,OUT,OUT,0.16286964184578345,0.033216221523679604,0.0019414753879384529,0.01311549950845492,0.06127417987660104,0.15648174893342778,0.003905511359509207,0.5671957215646056
7,7,OUT,OUT,0.14924366305432113,0.030735654253038574,0.0020631168006034198,0.007743396945689143,0.03920291407608067,0.11776787407241623,0.004229538295874647,0.6490138425019762
7,7,OUT,OUT,0.13033001552391557,0.03163329806457442,0.0015773540623789154,0.008232682656860581,0.06549570137446795,0.27727232852818884,0.0051616337662556315,0.48029698602335813
7,7,OUT,OUT,0.1339864716547212,0.023006617676166765,0.001692648839222868,0.008841442776070275,0.05680606207157012,0.31350231993977234,0.0050424917911087936,0.4571219452513675
6,7,HBP,OUT,0.14080153748637425,0.04080173072076669,0.0016871182541695192,0.05780489396052338,0.07963443407823315,0.21537164995746724,0.018635874661016624,0.4452627608814492
7,7,OUT,OUT,0.20540373524989627,0.030229078064991585,0.0016529678829688486,0.017099111486957426,0.0614358938672252,0.18747559695860275,0.006236081449369018,0.49046753503998886
5,7,SO,OUT,0.16260496598398017,0.037298722868942855,0.00278321623659721,0.007971297628712171,0.03194327912832488,0.11204645880799291,0.00389362373571258,0.6414584356097373
7,7,OUT,OUT,0.12500414839655255,0.027048226451926144,0.0018819243664384042,0.008541148208187218,0.053362187563160454,0.2551718127242119,0.006113798918644382,0.5228767533708789
4,7,BB,OUT,0.16756678490880328,0.028591332490555517,0.0014938384065712928,0.008260307648197466,0.0992875132761567,0.13406473460857748,0.004339601598885981,0.5563958870622523
0,7,SINGLE,OUT,0.19005862653450073,0.021995438672384827,0.0015727604325235683,0.007659873346869182,0.06970749391928668,0.13690211415368056,0.004995713831979497,0.567107979108775
0,7,SINGLE,OUT,0.15392847677569074,0.03293714896202175,0.003536084316200649,0.012252750960011903,0.047888747487750113,0.16918068308229264,0.006928987680500619,0.5733471207355315
5,7,SO,OUT,0.1605645101989715,0.024432402214621667,0.0016870093897215228,0.009587087807659978,0.08294942630971895,0.22451631892436225,0.004381277656743029,0.4918819674982012
5,7,SO,OUT,0.1547191036974678,0.02208890620023352,0.001475706237463672,0.0077636755599958356,0.06575414682070835,0.12446215894223457,0.005454825711886659,0.6182814768300096
7,7,OUT,OUT,0.18139394069224024,0.027700623122691545,0.002374802486987811,0.00994121065630297,0.06178386450348834,0.16170219233694752,0.004935306096126223,0.5501680601052155
7,7,OUT,OUT,0.20642905640678813,0.022566650937856828,0.0029036560139308935,0.009784181309680917,0.03429722168709201,0.11963164826256588,0.00534637318608247,0.5990412121960029
7,7,OUT,OUT,0.19454703539346307,0.029434921043044755,0.0020030083959847217,0.007975171313414813,0.05507524467269056,0.18329742539100272,0.007297531785675815,0.5203696620047235
7,7,OUT,OUT,0.22011576481397177,0.0305452589120725,0.006684058670567914,0.010743831169954423,0.0802810899050336,0.15810153324710835,0.004916493805982002,0.48861196947530955
7,7,OUT,OUT,0.18783875951627052,0.025233331044551662,0.0018732556521795514,0.011058221815433748,0.0832203510951346,0.1681447719414076,0.004526863111164987,0.5181044458238573
4,7,BB,OUT,0.09194124975959492,0.05929447863631292,0.007408122261661186,0.007516780668607679,0.0586070557235872,0.24624498779155363,0.004968618166240429,0.524018706992442
7,7,OUT,OUT,0.08826450066982358,0.04105083974912247,0.004955335236575163,0.008435118768017199,0.10784575875004439,0.1726367746261004,0.01315786716386437,0.5636538050364526
5,7,SO,OUT,0.18436556793951087,0.021757799379698645,0.0014120033070619295,0.007302092844718143,0.05849788211803939,0.12244677708478427,0.004398989795919962,0.5998188875302668
7,7,OUT,OUT,0.15399572934069808,0.03146445601622296,0.0016864646133132924,0.008734256062517643,0.06682352758986013,0.3172645664091496,0.004400385435103506,0.41563061453313466
7,7,OUT,OUT,0.168705744005065,0.02819094223020944,0.002005072526975269,0.009583651126361994,0.06263004322688527,0.11099100875433236,0.007013100826786463,0.6108804373033841
7,7,OUT,OUT,0.14030981969231018,0.028168575254847138,0.00169990298739869,0.008840876258416425,0.07379875979323312,0.28043513574244094,0.004433702576935356,0.46231322769441824
5,7,SO,OUT,0.08722353693820778,0.026205456872280167,0.001571164058384522,0.0081461011817321,0.05286324993148425,0.3029876975769275,0.0051888418878067825,0.515813951553177
7,7,OUT,OUT,0.2337401619680328,0.03594542626134714,0.0025301277899146715,0.009612426197703042,0.06563068891180278,0.1457413153307151,0.0058108371572249354,0.5009890163832595
1,7,DOUBLE,OUT,0.1762697067190296,0.032230838725677544,0.0016697269650505868,0.04461417187207367,0.06220734544026838,0.20643141819742092,0.015213833485708903,0.4613629585947703
7,7,OUT,OUT,0.18832244681983432,0.02178180520105106,0.002171632012514737,0.010291364307347164,0.03465513483414759,0.12148387023098531,0.005121544721358659,0.6161722018727612
7,7,OUT,OUT,0.183999898537181,0.0248261408960234,0.001600519051784455,0.008313111806368853,0.11449835825957046,0.26119570558312005,0.004480804535733466,0.4010854613302183
5,7,SO,OUT,0.1546440114843913,0.027086513485662055,0.0019026606217618764,0.008604195188318672,0.06600799426387749,0.19906173434675895,0.005968885997932438,0.5367240046112972
7,7,OUT,OUT,0.16243075952914818,0.06054150244237544,0.001871447987928271,0.010983918935492935,0.08541513580282584,0.1269611294856765,0.004230580507590587,0.5475655253089622
7,7,OUT,OUT,0.13120900257501766,0.025667157121998727,0.001458742989423762,0.008131743944970253,0.062487668076562926,0.21961902707404046,0.003824346143005787,0.5476023120749806
1,7,DOUBLE,OUT,0.1321864886676339,0.03243648735470326,0.001467793616229314,0.007956239594018779,0.037713478001433286,0.23079079835191507,0.005083595902569478,0.5523651185114969
5,5,SO,SO,0.1379465467171282,0.03962047374169522,0.0015620502144451192,0.05956161276120313,0.07124896997040617,0.3651375636666566,0.0040653970473677565,0.32085738588109775
7,7,OUT,OUT,0.2276654326225882,0.056861668838015585,0.0017925016380683904,0.011524267074786283,0.0713064452923408,0.2034135754876883,0.004784019804567126,0.42265208924194536
7,7,OUT,OUT,0.18990112689898286,0.039163812866134504,0.001948173281386313,0.0555932443863987,0.08882716488547529,0.18129299717873965,0.010258104606019185,0.43301537589686356
7,7,OUT,OUT,0.2087860272448305,0.018815899577796565,0.0015757811530847663,0.008110552111367662,0.11963435615202457,0.1485012652958722,0.005884577568622549,0.48869154089640104
5,7,SO,OUT,0.1847988902329036,0.0268107630714287,0.001742339327172922,0.007922981646761227,0.07996212208220324,0.1908030904449143,0.010702571901733687,0.4972572412928824
7,7,OUT,OUT,0.19441592752077066,0.03840083082788553,0.002955141331694214,0.012025453190101117,0.04771500209826958,0.18116976049935807,0.007321797764849169,0.5159960867670716
7,7,OUT,OUT,0.13719579764586903,0.03304693718628815,0.0029309642856627524,0.011596317974121634,0.08343817465968015,0.30753163774229825,0.007244703806746025,0.41701546669933404
7,7,OUT,OUT,0.09428816525131543,0.029041059588036613,0.0018329243173242703,0.009929899213675042,0.04856620498217758,0.16463463281214027,0.018843966959464553,0.6328631468758663
5,7,SO,OUT,0.18905155909156204,0.028668083443732766,0.0024216591157584675,0.011748128612082966,0.048728736961852565,0.16364577858310966,0.007107775374010126,0.5486282788178913
0,7,SINGLE,OUT,0.1736742500472309,0.019342000374832205,0.0017282385418534037,0.008753102269721378,0.07461401115852749,0.1679645913717681,0.004619768615193922,0.5493040376208727
7,7,OUT,OUT,0.11925816403793262,0.032084473358092364,0.0020822298299589723,0.009573128267990724,0.07007363292112391,0.3648367176962693,0.005691769715599389,0.39639988417303273
7,7,OUT,OUT,0.13067176713785306,0.020372917658419355,0.0022589385935871662,0.00966159597048471,0.04551016862864086,0.3181579346606237,0.004115733786609294,0.46925094356378183
7,7,OUT,OUT,0.14690145006540464,0.03512684403852601,0.0019836989535844804,0.008230546142844866,0.08975379533291629,0.12877389689887178,0.004966941702204073,0.5842628268656478
0,7,SINGLE,OUT,0.14484841685415886,0.01651603068913789,0.0047027206877059274,0.00827538930215236,0.0513766194784172,0.16555775490698643,0.0035927324604899504,0.6051303356209514
7,7,OUT,OUT,0.1285980142890129,0.02898171317829841,0.0022429664521455453,0.008420769534297547,0.0723353108498906,0.2425384070057108,0.004739002897533235,0.5121438157931109
7,7,OUT,OUT,0.1498910656098157,0.02903247740944268,0.002076358708825446,0.007741165364096449,0.045522462702998874,0.12702601416516845,0.006010249466592788,0.6327002065730596
7,7,OUT,OUT,0.1803719008126301,0.02837009886786843,0.0022790277248286857,0.01035628433237904,0.0667761927167591,0.20182808105917285,0.005740018343060691,0.504278396143301
0,7,SINGLE,OUT,0.17437381073244385,0.02444843950470043,0.001766325830346521,0.008504844824406027,0.05738636985854968,0.20819376626172645,0.004447757899186105,0.5208786850886411
7,7,OUT,OUT,0.16139796725530714,0.021440404579425157,0.001770726312002647,0.050295528973411,0.11036078703220668,0.1584870980495461,0.008834428290306414,0.48741305950779484
0,0,SINGLE,SINGLE,0.43017821170578746,0.015357493142625744,0.0015953983676909916,0.006915143187179978,0.048765337863596596,0.09539661933338876,0.007465265365696633,0.39432653103403387
5,7,SO,OUT,0.13104752360234334,0.019386540156801413,0.0015542770092195016,0.01863177634319846,0.12367894970616868,0.14918781625872957,0.0057560347554892295,0.5507570821680499
6,7,HBP,OUT,0.16894968369493005,0.059704470086217834,0.0024608274026233284,0.007747330542662853,0.05838277992188391,0.17983836971494582,0.01742619542394806,0.5054903432127881
7,7,OUT,OUT,0.24886772882150918,0.03813600252684654,0.002937780882240429,0.00681302285389034,0.05152822728963256,0.10530905395203309,0.0035655061810797974,0.5428426774927682
7,7,OUT,OUT,0.12003755703538244,0.047121456992806156,0.0017196494853277482,0.027918636980027254,0.056903322793154236,0.1403098745039095,0.01029409539641198,0.5956954068129806
7,7,OUT,OUT,0.23447896241484695,0.03820195779650432,0.001566769017763805,0.007176515339622385,0.05203575107278387,0.15756135428775006,0.006247444814893673,0.5027312452558349
7,7,OUT,OUT,0.12695184836714898,0.0268683493176917,0.012067006948000121,0.009361026228565456,0.06265552127986945,0.21684362989046238,0.007820948889801716,0.5374316690784602
7,7,OUT,OUT,0.14965798395077387,0.05002871639942168,0.0020638584076210316,0.03220378148199385,0.11916823061195936,0.24349185530617104,0.004893251755082012,0.3984923220869773
7,7,OUT,OUT,0.10625497640686811,0.046841341250147245,0.0016948436788681576,0.018330888429719618,0.05301954455974801,0.17379734597764776,0.011547251664743633,0.5885138080322575
7,7,OUT,OUT,0.2376151511143517,0.025931319864944905,0.002924498179170364,0.009961475690344964,0.05138645373271279,0.12316155546464097,0.006448334013466558,0.5425712119403677
0,7,SINGLE,OUT,0.15453631253741887,0.06718617479345884,0.0017094234409847876,0.009329847773173791,0.06948297214837527,0.1324466685005706,0.008306046083257171,0.5570025547227607
7,7,OUT,OUT,0.17629685003740514,0.05029546835006959,0.0016795555992470022,0.008536617787007848,0.08205289148235323,0.17783765130415574,0.004074324703376802,0.49922664073638473
0,7,SINGLE,OUT,0.20547726822976006,0.028058924845445542,0.002653883104880314,0.012146224625644042,0.08775816886457341,0.20407488388171885,0.005475024573137124,0.45435562187484047
0,7,SINGLE,OUT,0.1536388610752648,0.05954681375481902,0.0018273433404524372,0.009644024175585682,0.06690141102808833,0.1573781815945555,0.006637713688869583,0.5444256513423648
7,7,OUT,OUT,0.16934251577588288,0.030623744179311744,0.005892196189531542,0.010926125830565243,0.050232570425162354,0.1632068012503174,0.007920465277702855,0.5618555810715261
7,7,OUT,OUT,0.19538005966401162,0.03753998897608882,0.0017579544020343283,0.06674964459081664,0.06413003971271217,0.1971849938679906,0.009466319728037215,0.42779099905830864
7,7,OUT,OUT,0.1969504711962947,0.046025134864463246,0.002120498791302146,0.008031034076867019,0.07199603766065232,0.18980281475740032,0.011681565063928388,0.4733924435890917
7,7,OUT,OUT,0.1303071358850757,0.050769221711684985,0.0017671616810461832,0.008172552275686234,0.07703149890929323,0.17122365299008288,0.005592014709661424,0.5551367618374693
7,7,OUT,OUT,0.1664545066848331,0.024759207218960817,0.0026535451737295514,0.008437234998743876,0.08535870847633818,0.1539492475316745,0.004438371574943565,0.5539491783407764
7,7,OUT,OUT,0.15377737748368492,0.028207258280249514,0.0018662330223544635,0.04399196376438271,0.07712869930848092,0.16116143132426441,0.005382508661925155,0.5284845281546577
5,7,SO,OUT,0.1531586956058754,0.0655437667054072,0.009537682670603148,0.007700644514134561,0.031902692448615835,0.13201636123553373,0.004245487689364096,0.5958946691304661
5,7,SO,OUT,0.09712941187532341,0.04122963417977001,0.001969476319018509,0.0076993351102381735,0.040914628749613734,0.26137937558948326,0.003771403699031909,0.545906734477521
3,7,HR,OUT,0.15925135869763551,0.03045994286214798,0.0017054191197825989,0.03326882754612571,0.07315165175435709,0.18874066359704234,0.0047818377364068675,0.508640298686502
0,7,SINGLE,OUT,0.18409420349611058,0.02965581157896711,0.0019080596320661556,0.0853528553818186,0.06955653146259724,0.1885267917273058,0.01007139533046566,0.4308343513906688
4,7,BB,OUT,0.18422973238761586,0.028652117293224304,0.0019362915706077515,0.012258108722985805,0.09314202166582931,0.25682189941789674,0.0051942679282660185,0.4177655610135742
7,7,OUT,OUT,0.1815316701155622,0.020889602496641256,0.0016510312533812481,0.049412299166801676,0.10525802912763833,0.1693738306342019,0.0083210501592503,0.463562487046523
5,7,SO,OUT,0.1456261428737617,0.019465422862033517,0.0015354481912626726,0.022173521218435067,0.09928294030755211,0.15366029956284483,0.0044282324199973345,0.5538279925641129
0,7,SINGLE,OUT,0.2364527634026775,0.03232193557814048,0.003461650218301781,0.00808933504714148,0.06296969701139614,0.13777041149235145,0.004988752531924963,0.5139454547180661
5,7,SO,OUT,0.2626314669529589,0.027419782613165827,0.0027695508916048186,0.008684027713771062,0.05711445485977477,0.15965864833931723,0.005477040400661412,0.4762450282287459
0,7,SINGLE,OUT,0.1724642190784341,0.045756375286126263,0.008103885850344921,0.010519784652423932,0.05723649969618205,0.1539063710930845,0.00988424405287171,0.5421286202905327
0,7,SINGLE,OUT,0.19557548451551698,0.04844534313302544,0.0018337248747704992,0.03217740215766266,0.11047560345361473,0.18958385405112074,0.005870968524402458,0.4160376192898866
7,7,OUT,OUT,0.21482503880058548,0.028618555921419153,0.00857484166185816,0.009561623230764428,0.05972749084179079,0.12634758214805408,0.007266842896430705,0.5450780244990973
7,7,OUT,OUT,0.10364164368378749,0.038445006207784765,0.002552054665631064,0.016404598411955844,0.07411119136904973,0.30057007084099857,0.0056326387848478895,0.45864279603594454
7,7,OUT,OUT,0.17547453673542415,0.05443650911769536,0.001720494797049716,0.009166238928395834,0.07313737709156228,0.14196470420646307,0.0074623763796189185,0.5366377627437907
7,7,OUT,OUT,0.19095409965866222,0.06983441239340847,0.0018247336627494593,0.010646061336597706,0.06561458727158494,0.1583015816543512,0.004602606583396078,0.49822191743925
0,7,SINGLE,OUT,0.16315534510509866,0.02838567585899114,0.0017338177280466084,0.024266074407311197,0.06953839333183703,0.17201215060223066,0.004795352412823932,0.5361131905536608
5,7,SO,OUT,0.16291094329951358,0.040743275519001754,0.002339481993986725,0.0828521770383438,0.07197016273454213,0.24304989618553183,0.010250183590786633,0.38588387963829346
7,7,OUT,OUT,0.16420992314729171,0.04875446134487745,0.0017806485838337853,0.0110275185862777,0.1019482729311938,0.1921788124886288,0.005473003143873871,0.47462735977402276
5,0,SO,SINGLE,0.3261571488990274,0.035886860557267204,0.003016574223664668,0.024178284466780216,0.08177406243603204,0.21873029515261852,0.004761094221479484,0.3054956800431305
7,7,OUT,OUT,0.1792333248381352,0.033200263271780744,0.002105714678461076,0.018499274131384136,0.06339069495512366,0.18759021962031397,0.004402240734210029,0.5115782677705912
7,7,OUT,OUT,0.16423786372182683,0.0500304986203713,0.001723789470653518,0.016677780860312578,0.08706752902788033,0.22780487330241886,0.0053918379101932454,0.4470658270863431
5,7,SO,OUT,0.17921009455374698,0.0463000572345027,0.0023231178668985685,0.00995382563728457,0.05412680027591424,0.23593714176504865,0.004516806270502377,0.467632156396102
5,7,SO,OUT,0.17760797089809907,0.026562665273980227,0.0016588715235778125,0.04228827148355136,0.051082157457242976,0.20367764244182715,0.006297650084342168,0.49082477083737935
2,7,TRIPLE,OUT,0.17348953228446454,0.023741165254945674,0.0020493429802128584,0.008143481280662538,0.04113573931583893,0.12563088869323225,0.0042675593223806515,0.6215422908682626
5,7,SO,OUT,0.13446179572983355,0.021603051197475718,0.0016122089867631564,0.008768980229849968,0.053832293981006314,0.2646798389544645,0.00509073073351243,0.5099511001870943
4,7,BB,OUT,0.13690794347859409,0.029642360478348798,0.0017022437317107892,0.029680284878699566,0.08188138150116775,0.28219315853479965,0.00479035400450583,0.43320227339217365
6,7,HBP,OUT,0.1486202727862669,0.031248253465802976,0.0017665283814571953,0.010228844973379898,0.049840893077252285,0.19815333292976295,0.013555810421556552,0.5465860639645213
0,7,SINGLE,OUT,0.14344233124385913,0.026956127607627632,0.0019036358498129807,0.017568435508061083,0.13897290538142096,0.28887758001779446,0.010908771499250647,0.37137021289217315
7,7,OUT,OUT,0.13854933032259334,0.030516517727235803,0.0017954761557331608,0.008057217251136223,0.0631364905810466,0.2148139896292293,0.005398696702316408,0.5377322816307093
5,7,SO,OUT,0.12916666576128888,0.031124443558145743,0.001576332038237481,0.03869956237614588,0.07217100706609086,0.257658648620144,0.016159222657016855,0.45344411792293043
5,7,SO,OUT,0.16001310070622704,0.020487055392480753,0.0018942064717929468,0.012416980262850317,0.0760259409329207,0.1952606707892439,0.008341983892538136,0.5255600615519461
0,7,SINGLE,OUT,0.148757433571317,0.020792108038401935,0.0017081806557308196,0.008930657387395723,0.0501545547554485,0.2589404348323764,0.0052032495027874185,0.5055133812565422
7,7,OUT,OUT,0.15832297774817047,0.018190524400892298,0.001347990972735936,0.021332780508762503,0.045844327240653265,0.3703396964762488,0.00954258337837414,0.3750791192741626
5,7,SO,OUT,0.13906164039769395,0.022764528228029317,0.0015444049839670332,0.01625384083368024,0.06301039782373093,0.2632110733006098,0.02371119986469556,0.4704429145675932
5,7,SO,OUT,0.17800940762945397,0.023392374066166774,0.0017137113791501082,0.009048203900938424,0.06264526050727014,0.3600590026216421,0.004333960053545241,0.3607980798418334
5,5,SO,SO,0.15307064156721792,0.024873584405765505,0.0016971203745898328,0.022864197242250788,0.06086287250383261,0.44470140115809464,0.00897842817364577,0.282951754574603
6,7,HBP,OUT,0.11688538599763067,0.025868911107994257,0.0017049968160291514,0.01308681149321042,0.05760978224625463,0.21130516700984964,0.010468054951959748,0.5630708903770715
7,7,OUT,OUT,0.1527747828347463,0.02554533676748408,0.0017165496527277212,0.05422174775164067,0.0664773608751218,0.3390695347324123,0.004648059010099684,0.35554662837576756
7,7,OUT,OUT,0.1615253056003952,0.047992766289719276,0.0016778716257125571,0.01094950312945271,0.09360375576257268,0.2225498658957435,0.004236432136439883,0.4574644995599643
5,7,SO,OUT,0.2179098450063327,0.06584407412785298,0.002039133741089532,0.0077537735256269225,0.06276072950602,0.18150245297528605,0.009440034787882648,0.4527499563299091
7,7,OUT,OUT,0.13389980990759232,0.04357293245548922,0.0016678983437888918,0.007358840247012529,0.05143714416978096,0.15852464048339004,0.0059987492423008585,0.5975399851506452
5,7,SO,OUT,0.12119631913149755,0.017673592339111914,0.0017103085546105476,0.007931171511716505,0.04414202249354737,0.15235725078777249,0.005747475729058441,0.6492418594526852
7,7,OUT,OUT,0.14610836989117063,0.01945983415218037,0.0016421012004562796,0.025981618548663682,0.09890826020999711,0.24469684332286726,0.0053251812871043915,0.45787779138756035
7,7,OUT,OUT,0.15228985213437138,0.01878875613443606,0.0017656035036079983,0.014054944485302081,0.1347290425218004,0.16102366056776363,0.004822469747425798,0.5125256709052927
4,7,BB,OUT,0.1726840599461796,0.03564196918822127,0.0021190027115887892,0.010025773035061417,0.06219473964665501,0.1948324347909198,0.004379959492903012,0.5181220611884712
5,7,SO,OUT,0.14027265288854737,0.06515339494644945,0.001838283007710713,0.019086635214178544,0.1260816268890206,0.19682527651918266,0.020150501303631625,0.4305916292312792
5,7,SO,OUT,0.2285840363532502,0.040796632117260895,0.0025892136292923794,0.00756872744594328,0.05960495400036984,0.12585704685574567,0.004446829306001971,0.5305525602921358
7,7,OUT,OUT,0.22119775617165427,0.02329481198653408,0.002631532399461041,0.008223094193857935,0.04735992993568091,0.1790633230448866,0.007548958789156431,0.5106805934787687
5,7,SO,OUT,0.1675461963402785,0.052764687710832654,0.0016396209221452953,0.035730415913091326,0.061890811893011904,0.22149934278682418,0.0037982520498002982,0.45513067238401583
7,7,OUT,OUT,0.13482348646517714,0.03033696268075478,0.0016642574673086587,0.011553296989480795,0.09348265623550626,0.21981048121679278,0.005211794642080556,0.503117064302899
0,7,SINGLE,OUT,0.2279628323503098,0.0229744455635114,0.0018472695452074264,0.04398317755227413,0.12475355029451471,0.20676184396540573,0.006113834004694866,0.365603046724082
4,7,BB,OUT,0.19267998174763817,0.023660123493040582,0.00167988853754394,0.008160160359945866,0.17690093159774864,0.19125588225228912,0.005538731057982968,0.4001243009538108
3,7,HR,OUT,0.13478815887292184,0.01763143253281901,0.0018507341391103126,0.056620093887181575,0.09334045825741569,0.2585313773240842,0.004678165597685045,0.4325595793887822
7,7,OUT,OUT,0.14633911661495702,0.01881355312549806,0.0015727661002570687,0.012404261239108606,0.11725922035980815,0.16506065140474607,0.004483087688151064,0.5340673434674739
7,7,OUT,OUT,0.1852522527859777,0.03237486740000462,0.0020636203916702634,0.008223820959130483,0.04421628802892238,0.24057038350717172,0.004676272193761463,0.4826224947333613
6,7,HBP,OUT,0.2819667697117107,0.028847422927452956,0.001664080392152344,0.008881453019214898,0.05488119357094012,0.19615021932828514,0.004555723207469125,0.42305313784277454
5,7,SO,OUT,0.16015506236558968,0.03470251748481973,0.0019880130414418715,0.011474422028728424,0.12350722082160641,0.20975406965121254,0.005518115574305492,0.4529005790322957
7,7,OUT,OUT,0.14999005185503228,0.031490122126333904,0.0017686286664875955,0.012729162225253344,0.07542545847715657,0.1927277509749749,0.004446787621562333,0.5314220380531992
5,7,SO,OUT,0.19774712528265184,0.03187042973462816,0.0016093654900468414,0.010832782276472674,0.07079266077738099,0.1480058857212492,0.00851994775982468,0.5306218029577456
3,7,HR,OUT,0.21907082889219834,0.02251257732510574,0.0019160836019477216,0.013310042015561237,0.0743401670178409,0.24784636704570312,0.00465089965912842,0.41635303444251454
7,7,OUT,OUT,0.19135436120436872,0.02613532271239109,0.001649753236236789,0.010314439980211143,0.06293366845428358,0.2068644450164464,0.018673784444115223,0.48207422495194696
7,7,OUT,OUT,0.14108018499010408,0.033556297662677134,0.0015022152352743212,0.009985197479779743,0.08263354907382112,0.13623503242377258,0.006708868012363662,0.5882986551222074
5,7,SO,OUT,0.2585989957017833,0.021059721068411065,0.0021536616920833384,0.009075572814586506,0.03330720724646866,0.20372215516064185,0.005995131251962306,0.4660875550640629
7,7,OUT,OUT,0.20367227496095072,0.03679540125797751,0.0015348725391041416,0.007518217050404921,0.041448582736359166,0.21548412793857236,0.004388052258774638,0.4891584712578564
4,7,BB,OUT,0.2133866224295367,0.03250840099469382,0.0023192419698921402,0.009006898703791648,0.07229078831133745,0.2072995742030947,0.004887129433064844,0.4583013439545887
0,7,SINGLE,OUT,0.15368834011997404,0.038576107414342205,0.0017565720512941422,0.02904094284750102,0.0608938448427203,0.28106501842001974,0.014169219532148076,0.4208099547720004
5,7,SO,OUT,0.16953380570601054,0.02916324245706993,0.001829321080619156,0.009647687982593616,0.10143317334323725,0.2149613561234259,0.00800336873615909,0.4654280445708845
7,7,OUT,OUT,0.17186985091648735,0.03305557960269188,0.0017183219469913886,0.010768308908729877,0.08957793201017074,0.22407799207519846,0.005083296012650278,0.46384871852708
7,7,OUT,OUT,0.15401257599782162,0.035895637372742005,0.0016619686213690161,0.016011844352266276,0.05945614708357218,0.12600031867377712,0.005051712662367438,0.6019097952360843
7,7,OUT,OUT,0.17592301276009978,0.030214552811213255,0.0036541296360146818,0.007513245060962285,0.039580274253732416,0.12919453866907687,0.0038014002947906514,0.61011884651411
7,7,OUT,OUT,0.23297073265214527,0.02559381580823398,0.003811220790967991,0.009298522067038647,0.05775222573774163,0.17158846615735543,0.012216791474368516,0.4867682253121485
6,7,HBP,OUT,0.11466746798565244,0.02618937727833551,0.004611168354022624,0.008264538104542392,0.07361401250513495,0.2587314364468496,0.004439398642461371,0.5094826006830011
7,7,OUT,OUT,0.07611121136988815,0.022483726652295682,0.00210769236037415,0.007326400163763571,0.07603654540650058,0.18707037157971057,0.00979372939954758,0.6190703230679196
7,7,OUT,OUT,0.18760259664721607,0.039826509345405714,0.0016697125567152887,0.010956516272849682,0.07491462655477807,0.23913659024130382,0.004625561116285503,0.4412678872654458
7,7,OUT,OUT,0.11751820927661343,0.025263902189052095,0.0013764430685037142,0.022954675619415523,0.07570971950274726,0.25296722606499217,0.03842384501362322,0.46578597926505255
7,7,OUT,OUT,0.16113625251135302,0.02959212746697726,0.0016074757087791978,0.010856571231362227,0.06706002705942019,0.12631104032746557,0.010158354760721397,0.5932781509339212
7,7,OUT,OUT,0.15198932301257242,0.02447215752072508,0.003076778852461427,0.009420030051552543,0.06622349019755042,0.12561179338046533,0.006038871944021926,0.6131675550406509
1,7,DOUBLE,OUT,0.3370546997093648,0.04457378360062027,0.002052719516662025,0.010089210149348571,0.05240796591297809,0.14750319840572124,0.01691922974284583,0.3893991929624591
7,7,OUT,OUT,0.08551433781442318,0.029863171026436427,0.0018598351027544749,0.008103656389277814,0.0544391981990203,0.23502157471817933,0.008632412558177248,0.5765658141917311
7,7,OUT,OUT,0.16545738358561055,0.022623687103119183,0.002073580694516224,0.008184779507371884,0.04686466888986671,0.22179630130450734,0.006485190215205134,0.5265144086998029
7,7,OUT,OUT,0.13553968292042218,0.03505653964204283,0.001709725501900749,0.017337758139240864,0.07539234192625675,0.30297598394795694,0.008331490014873592,0.42365647790730604
0,7,SINGLE,OUT,0.18760983663897854,0.025252749074422112,0.001843406919993602,0.013500781199375936,0.08131237817557738,0.1979005460763881,0.006104045592338201,0.48647625632292624
7,7,OUT,OUT,0.19664577151662074,0.02577094235052131,0.0014619485680583471,0.010565802294085817,0.05760499061888503,0.23965552659213754,0.018731409940579737,0.4495636081191116
7,7,OUT,OUT,0.15492947153997616,0.03335332086032905,0.0016688343672492177,0.010824129947749183,0.0774252606658283,0.14504385412051599,0.009545625249627468,0.5672095032487245
7,7,OUT,OUT,0.26066078017528466,0.02014023987631535,0.002622196023078808,0.009183413119973225,0.036286022797555134,0.12015845209569427,0.004005258787649785,0.5469436371244487
7,7,OUT,OUT,0.22590235484449825,0.023333664397968027,0.0017983490698013323,0.007932657430801945,0.05586434708044712,0.20368316461319755,0.004704247153962047,0.4767812154093237
4,7,BB,OUT,0.22750202495950161,0.028908667850283065,0.002730071112614401,0.00949585555442438,0.08252021058888385,0.17615699148088196,0.004499564382228946,0.4681866140711816
0,7,SINGLE,OUT,0.12763167072302942,0.03867013311907392,0.002137718757467511,0.007687934052864611,0.06785023199315252,0.28552970983363685,0.006849442418601197,0.463643159102174
7,7,OUT,OUT,0.14032950577255024,0.042085978573269706,0.0018245638622435753,0.026843569082153747,0.09989092953750531,0.22594684062994025,0.009775627324055368,0.453302985218282
4,7,BB,OUT,0.16115712145726388,0.021480985391133932,0.003150684004327617,0.011676728242220819,0.07549340788947435,0.11914446259958186,0.00656202246214635,0.6013345879538511
0,7,SINGLE,OUT,0.22554720098092,0.029587527115605382,0.0016730295395901492,0.010443324266089661,0.08697062216438181,0.14382280934725572,0.013583746799829063,0.48837173978632814
7,7,OUT,OUT,0.13478731151185533,0.02291086505239601,0.0012654161219510663,0.023870755310743674,0.08061309991676853,0.23422351232728147,0.032407367636231046,0.46992167212277286
7,7,OUT,OUT,0.14132530717185218,0.031914195591559086,0.0015980425457818726,0.012048680797585082,0.07111415699009958,0.13655554235080647,0.011608258635327053,0.5938358159169888
7,7,OUT,OUT,0.14381936953857236,0.03385329019449861,0.0021530044394477443,0.010043031629950851,0.056316613318138226,0.21331203579584398,0.01223935976402793,0.5282632953195203
1,7,DOUBLE,OUT,0.1520118302160812,0.04034018989844752,0.0016790042528708393,0.01240541437853132,0.07716032633991218,0.2247334714002081,0.014091973107284517,0.4775777904066642
5,7,SO,OUT,0.15411444880283146,0.035411169973150886,0.002093503445074056,0.008717770830762745,0.036290997719517354,0.2522378527208642,0.00613504697370292,0.5049992095340964
0,7,SINGLE,OUT,0.1587438925497693,0.035374489991357144,0.0016808463793394654,0.019509459388239468,0.05994664777436464,0.13157346009693627,0.005516120616382349,0.5876550832036115
0,7,SINGLE,OUT,0.255928369960918,0.020659754058429593,0.006163573102916422,0.008904005141292533,0.034305231444580475,0.12257238659424699,0.004045750589047618,0.5474209291085684
7,7,OUT,OUT,0.26448014016077426,0.021588683786748566,0.0015603873470151752,0.007574086899308659,0.042035606093923705,0.17779622709285828,0.005471998645144876,0.4794928699742263
5,7,SO,OUT,0.23017966449949778,0.03608945214903576,0.001910355778851565,0.008774520874273299,0.07165882468216225,0.2000384156125701,0.008686437605424518,0.4426623287981848
7,7,OUT,OUT,0.12703853317544078,0.02766820837287219,0.0018466356281756997,0.009178120891207047,0.1301089010912269,0.2300030809361039,0.0055914324878586046,0.468565087417115
7,7,OUT,OUT,0.1799113126778477,0.04338258092436786,0.010820400875905838,0.00810483381674976,0.0639891855920203,0.20124202734607394,0.004250769285615331,0.48829888948141914
7,7,OUT,OUT,0.16741785232457462,0.03633103294109278,0.0016309589175913324,0.020569518389220106,0.049567075155138245,0.13677560087121882,0.005131888381660881,0.5825760730195032
0,7,SINGLE,OUT,0.15211214410756163,0.02404583147148271,0.0024567818826705615,0.012262784963341607,0.060614557939539945,0.12901707959787684,0.007406938636095035,0.6120838814014317
7,7,OUT,OUT,0.18994936048224237,0.026067105053300118,0.001669270758015743,0.011346388483819332,0.06075165998891043,0.15174605066678085,0.010087699786586845,0.5483824647803444
7,7,OUT,OUT,0.1419028138481941,0.025655767744509155,0.002379658233228879,0.007699220467059369,0.07105621412290028,0.24619598096501288,0.020397162227025156,0.48471318239207023
7,7,OUT,OUT,0.22064239968941587,0.02588468236737651,0.0015859110127664133,0.008346678992125423,0.05681032100754064,0.1262293469121375,0.004604394285576435,0.5558962657330612
5,7,SO,OUT,0.15277774415583442,0.024619353700461852,0.002579425353394762,0.01724952004828863,0.08818421991972691,0.24818657131357133,0.009312407590478619,0.45709075791824344
7,7,OUT,OUT,0.12132832761867918,0.03141543705324886,0.005632977010686482,0.009398702588875289,0.07812084439287036,0.15936772574919592,0.004642661518605737,0.5900933240678382
5,7,SO,OUT,0.12787649092420775,0.025090543523154717,0.0015826171110760734,0.04126403832471103,0.09594547491047346,0.2876711780324953,0.0039015681600753044,0.41666808901380625
7,7,OUT,OUT,0.10539927662834123,0.03524621338186127,0.0015026945032680559,0.011442793475025262,0.04656442604357186,0.18232109676823186,0.004705583720115744,0.6128179154795846
7,7,OUT,OUT,0.14131039076612897,0.05496122519020678,0.0015842094344824201,0.010219879281204818,0.13078504603545948,0.2276902854940852,0.006827151265955192,0.42662181253247716
5,7,SO,OUT,0.22551318379954505,0.022803982587246512,0.003208319108043586,0.013105756886372284,0.037567995277374366,0.1441980735499395,0.006066857761902987,0.5475358310295758
7,7,OUT,OUT,0.21705370362793852,0.02487742043176066,0.0017044998864763886,0.010217758225054385,0.07803764253254766,0.17518826890017453,0.005662152142073421,0.4872585542539744
0,7,SINGLE,OUT,0.21476867131696442,0.032565378264206205,0.0019516821804295514,0.014225909258689948,0.08234418041518726,0.1605265446165179,0.005270622380633758,0.48834701156737104
7,7,OUT,OUT,0.18602910465848418,0.0317186972082352,0.00168726776853744,0.013066431399036897,0.08775431447225528,0.2155749807590591,0.026181821559614394,0.4379873821747776
5,7,SO,OUT,0.07923024020054319,0.0257010301401621,0.0025394258874696825,0.007763773758342105,0.07311941478462404,0.24544739681789196,0.008480660457378456,0.5577180579535884
7,7,OUT,OUT,0.15817652345393973,0.03759991286124352,0.0015951508175805296,0.009981269127417085,0.08695327949284881,0.13256563722724063,0.008330449566369713,0.5647977774533601
7,7,OUT,OUT,0.17725983597240855,0.027505472092273265,0.0015700343038759018,0.01040269926714448,0.08225463045174658,0.2091698987876011,0.014042484206818228,0.477794944918132
5,7,SO,OUT,0.19645760089129183,0.024645693414509798,0.0017114625708646888,0.012337957148825662,0.07197330349067411,0.24319047509694924,0.006106647182743252,0.44357686020414133
4,7,BB,OUT,0.16575488557877543,0.026706423301120386,0.0015871728710932344,0.03369929210151821,0.10144840265724421,0.19639571532204853,0.010263848348014932,0.46414425982018503
7,7,OUT,OUT,0.1615394630021564,0.026072505964941206,0.001746620241770499,0.01161246925055632,0.11535716443220903,0.2141348643117467,0.005122810118801259,0.4644141026778185
7,7,OUT,OUT,0.176492846378681,0.02217937600162203,0.00143466775231133,0.010119305875002406,0.07471277357989918,0.18366857740228712,0.015253895969992149,0.5161385570402048
0,7,SINGLE,OUT,0.13922521500384458,0.027227097644013223,0.00155379500133677,0.011873035685863115,0.07769266851984709,0.12672966719698303,0.008237480218933016,0.6074610407291792
4,7,BB,OUT,0.1678692737883635,0.02933289254715949,0.0017262192175889314,0.023065516750637154,0.06128966184409709,0.1417026532122503,0.005085527046558068,0.5699282555933454
7,7,OUT,OUT,0.15464303192987533,0.027532400597900242,0.0023037395075339692,0.008613408936899502,0.06331618453313363,0.11354776479576383,0.006584968609348389,0.6234585010895451
5,7,SO,OUT,0.2292423754074632,0.02391787772467954,0.001681452746482118,0.010758878134062986,0.06258771736888272,0.17144200145975708,0.010421252318325172,0.48994844484034733
5,7,SO,OUT,0.23970346885022623,0.0355199819103113,0.01445539634619921,0.02212328798705394,0.04595430876356751,0.17537546453530894,0.008753050191347013,0.4581150414159858
0,7,SINGLE,OUT,0.12464517116952141,0.02440984785987383,0.0022740869185231176,0.01336618668151677,0.06489714284982047,0.3218099665348406,0.005858729727912515,0.4427388682579913
5,7,SO,OUT,0.12761319862212808,0.02912995440738834,0.00820558979141934,0.015785855265503575,0.08306038519045518,0.2860338549911279,0.007404357612198333,0.4427668041197793
5,7,SO,OUT,0.0924950849354294,0.02422930808580734,0.012899247565682241,0.013563604346954245,0.09566224530041191,0.22837396303804489,0.0160434555742714,0.5167330911533986
7,7,OUT,OUT,0.13475748480829663,0.04387079276922469,0.0013096225068050722,0.02263490587598862,0.06739196211609115,0.21642978876043928,0.01850451985233385,0.49510092331082056
7,7,OUT,OUT,0.13422921408353702,0.024333283919942474,0.00163195338609225,0.010206714151254199,0.06902680096712618,0.1278178559345824,0.012218969479239835,0.6205352080782256
5,7,SO,OUT,0.12238556049393286,0.10571024627226241,0.001496701626810046,0.007915916236076312,0.0932194248868834,0.18447553764790475,0.008726589620229739,0.47607002321590053
7,7,OUT,OUT,0.21872650826476484,0.0364805401163728,0.023817701494050547,0.011294398704645842,0.06046979015741492,0.11946936302447864,0.004360087961544849,0.5253816102767276
7,7,OUT,OUT,0.1993907649184173,0.05467273369929126,0.0018117206462699058,0.008201789084252398,0.04963374859284164,0.23770717786708617,0.004459126331092142,0.4441229388607492
5,7,SO,OUT,0.1860800565354954,0.033308322387477426,0.0030472733990320154,0.009274690213047459,0.10497804275971655,0.1735843761821444,0.004719321457808929,0.48500791706527796
7,7,OUT,OUT,0.12835433241852381,0.019559857671134568,0.0015255065910736733,0.00930891279178858,0.0627534701924925,0.20696220332955176,0.004668990981395749,0.5668667260240394
6,7,HBP,OUT,0.21517229127582208,0.020423176801949494,0.015023978670531618,0.009541440079796792,0.05801947272360291,0.24610691174906582,0.020575291926825175,0.41513743677240605
