true_id,pred_id,true_label,pred_label,prob_SINGLE,prob_DOUBLE,prob_TRIPLE,prob_HR,prob_BB,prob_SO,prob_HBP,prob_OUT
1,5,DOUBLE,SO,0.18987459,0.053059887,0.04348447,0.0017611053,0.040237673,0.29340714,0.28450394,0.093671136
7,7,OUT,OUT,0.023162663,0.0070377397,0.0004190402,0.006736208,0.037083056,0.0462691,0.4254665,0.4538257
7,7,OUT,OUT,0.13155822,0.12241063,0.0056660916,0.053090584,0.12610668,0.26323384,0.006575215,0.29135877
6,7,HBP,OUT,0.1403614,0.033730492,0.0054496136,0.0063480507,0.19821464,0.11761871,0.07995157,0.4183256
0,0,SINGLE,SINGLE,0.2761632,0.072029136,0.0026656808,0.017308133,0.22684336,0.19015001,0.046072077,0.16876842
5,1,SO,DOUBLE,0.11032865,0.29175895,0.0017905635,0.011551558,0.19220589,0.14253165,0.0056367987,0.24419598
0,1,SINGLE,DOUBLE,0.011121833,0.89528525,8.996022e-05,0.00051063136,0.037395235,0.0138451345,0.00029712945,0.041454893
3,0,HR,SINGLE,0.30764344,0.05281588,0.0042345473,0.09190582,0.11606994,0.2524996,0.04245606,0.13237467
7,4,OUT,BB,0.1895081,0.03814351,0.00091062754,0.00895541,0.45934504,0.1442871,0.0016623685,0.15718792
7,0,OUT,SINGLE,0.33331946,0.21006031,0.0013839093,0.0013520367,0.0442422,0.1767795,0.0069676084,0.22589502
7,1,OUT,DOUBLE,0.19987746,0.43966857,0.00029844855,0.0047810213,0.040788338,0.036968164,0.0004055787,0.2772124
7,1,OUT,DOUBLE,0.06877167,0.4303015,0.0015868676,0.0005912852,0.19330001,0.1017148,0.01694797,0.18678588
7,7,OUT,OUT,0.017862944,0.06268515,0.044329308,0.0031268373,0.15250373,0.08629872,0.0035910958,0.6296022
7,7,OUT,OUT,0.00041368138,0.0006285129,0.0007903146,0.0002871234,0.18023357,0.013686898,3.3071537e-06,0.8039566
4,1,BB,DOUBLE,0.01507624,0.53343993,0.00073076977,0.008757191,0.12330372,0.10254854,9.8073164e-05,0.21604554
7,1,OUT,DOUBLE,0.08830655,0.49925238,0.011872805,0.02655032,0.23360497,0.049228385,0.01694301,0.07424158
1,7,DOUBLE,OUT,0.21287446,0.03137064,0.0020477918,0.0029798879,0.17412624,0.2568687,0.0042322846,0.31549996
0,7,SINGLE,OUT,0.16071118,0.026186083,0.01485803,0.00078872533,0.030659618,0.18865597,0.00067536545,0.577465
7,5,OUT,SO,0.09658595,0.18053772,0.0032345538,0.003126249,0.28083378,0.28489685,0.0035707224,0.14721413
5,5,SO,SO,0.015596357,0.010485964,0.0066705653,0.0029803778,0.01282308,0.8552736,0.0028856774,0.09328444
4,7,BB,OUT,0.027284663,0.023104075,0.0007894942,0.0002086671,0.38475943,0.058969073,0.00046847545,0.50441617
5,5,SO,SO,0.12251927,0.060342416,0.0085253315,0.016120855,0.15538785,0.36681536,0.0002587928,0.27003023
5,7,SO,OUT,0.16748717,0.14326508,0.014112845,0.0063186465,0.04325594,0.25870442,0.0061914185,0.36066452
5,5,SO,SO,0.047627263,0.004556199,0.001949584,0.010203638,0.16498561,0.5484571,0.000712728,0.22150801
7,7,OUT,OUT,0.2869788,0.0049760146,0.0008026176,0.000267295,0.018250355,0.04119327,0.00017803266,0.64735353
5,0,SO,SINGLE,0.5384866,0.021061024,0.00024946855,0.0018579541,0.087911494,0.25261942,0.003295979,0.09451809
5,0,SO,SINGLE,0.31951004,0.069797926,0.019761065,0.00059466186,0.2288653,0.20122501,0.005781542,0.15446442
7,7,OUT,OUT,0.07420206,0.0526901,0.0007817832,0.0065863114,0.032729704,0.15094474,0.00253732,0.679528
7,7,OUT,OUT,0.10549484,0.013842024,0.004167534,0.020575523,0.14482686,0.03839349,0.0005287638,0.6721709
7,5,OUT,SO,0.018011289,0.02059763,0.0016221968,0.0042478195,0.16075276,0.49202645,0.00036698882,0.3023749
0,7,SINGLE,OUT,0.0970821,0.015134288,0.0015206862,0.0014674297,0.04493597,0.18505135,0.001979272,0.6528289
7,4,OUT,BB,0.07649599,0.007998803,0.00011432008,0.010372945,0.7774577,0.008527398,0.0014785958,0.11755415
5,5,SO,SO,0.10605994,0.15341073,0.006330817,0.027132563,0.08588869,0.35078788,0.0022546805,0.26813462
0,7,SINGLE,OUT,0.0621165,0.0091431085,0.00020319948,0.0075522503,0.38456878,0.123072654,0.0070305183,0.40631294
7,7,OUT,OUT,0.13855529,0.0026656825,0.006679586,0.007849153,0.0076841973,0.044003688,0.08778653,0.7047759
4,7,BB,OUT,0.039778966,0.04889251,0.001104772,0.014145966,0.10472968,0.38582683,0.0028661566,0.4026551
0,7,SINGLE,OUT,0.1760621,0.3190807,0.003133349,0.0024551016,0.094096705,0.035230298,0.04311376,0.326828
7,4,OUT,BB,0.0691747,0.04612058,0.0032500983,0.009002065,0.7546241,0.027556708,0.005592503,0.084679164
7,6,OUT,HBP,0.06000872,0.03373687,0.00045680773,0.048572566,0.098790325,0.05455287,0.5343316,0.16955025
5,0,SO,SINGLE,0.30914745,0.12998194,0.0023804666,0.0032050707,0.09100887,0.14723225,0.008313366,0.3087307
7,0,OUT,SINGLE,0.56909794,0.05695711,0.0020795604,0.010330389,0.062184542,0.06631665,0.0016577953,0.231376
7,7,OUT,OUT,0.07955161,0.03252729,0.004000694,0.032406554,0.10850277,0.06109221,0.08885927,0.5930596
5,1,SO,DOUBLE,0.03281798,0.71134824,0.00060832937,0.030874897,0.01613687,0.09106276,0.011078655,0.10607213
0,7,SINGLE,OUT,0.2277285,0.05026536,0.0018866109,0.026696505,0.29659894,0.08712993,0.0062486487,0.30344564
5,0,SO,SINGLE,0.44639418,0.0015900182,0.00013054776,0.00024269924,0.0037596358,0.1223687,0.00011584447,0.42539838
7,5,OUT,SO,0.15014008,0.20814267,0.0016663801,0.0007660065,0.13472702,0.2523385,0.00047391863,0.25174546
5,1,SO,DOUBLE,0.1296738,0.29018643,0.00019334527,0.009639032,0.22499314,0.17865272,0.002407869,0.16425364
5,5,SO,SO,0.12982386,0.0047571915,0.00013846342,0.12471829,0.13579845,0.32998064,5.381135e-05,0.27472934
7,1,OUT,DOUBLE,0.22024749,0.46629718,0.0011983613,0.0009160393,0.029799577,0.024774551,0.000480253,0.25628656
5,0,SO,SINGLE,0.34823468,0.0076680523,0.00021757236,0.10927198,0.25611204,0.10000384,0.00071460026,0.17777728
0,0,SINGLE,SINGLE,0.3413553,0.011883437,0.0010202626,0.007874604,0.19337739,0.1257265,0.0049907053,0.3137718
7,4,OUT,BB,0.0847432,0.048986502,0.023220018,0.048834953,0.2867805,0.19890755,0.033654567,0.27487272
5,1,SO,DOUBLE,0.09943478,0.3596668,0.016524961,0.037700925,0.25050834,0.037979797,0.01874536,0.17943898
4,7,BB,OUT,0.27057612,0.043863293,0.0011906285,0.010219855,0.1648483,0.12940829,0.004385252,0.3755082
7,3,OUT,HR,0.019103399,0.1268174,0.00028154277,0.67787397,0.07995667,0.029758515,0.00017476188,0.06603375
0,7,SINGLE,OUT,0.11194448,0.2626814,0.0006540469,0.009051493,0.03449769,0.108943485,0.05027007,0.42195734
7,4,OUT,BB,0.09006056,0.08681308,0.002277847,0.020043725,0.36875492,0.01741393,0.07929374,0.3353422
7,7,OUT,OUT,0.17262368,0.24829878,0.0088623855,0.05721697,0.07558101,0.0822305,0.026194887,0.32899192
0,4,SINGLE,BB,0.10430784,0.061972618,0.008216268,0.0051641115,0.36283335,0.17777275,0.0038656774,0.2758674
7,7,OUT,OUT,0.0016000131,0.0002534178,0.0015188914,0.00016609197,0.009205772,0.0038095377,5.742865e-05,0.9833889
7,4,OUT,BB,0.04530683,0.21767427,0.00037049645,0.0137621155,0.31472984,0.14175647,0.00090688054,0.26549304
0,7,SINGLE,OUT,0.22958957,0.009568637,0.0063304403,0.013755109,0.05775817,0.20134331,0.022957753,0.45869696
7,7,OUT,OUT,0.4213573,0.016092595,0.0004126843,0.0020078858,0.05769539,0.045642912,0.016267532,0.44052374
4,0,BB,SINGLE,0.4383285,0.028623346,0.0025305054,0.0049347547,0.12911665,0.06120943,0.004467711,0.33078915
5,7,SO,OUT,0.17973126,0.01775664,0.0416697,0.0068775527,0.06041829,0.27754006,0.0025546595,0.41345188
7,7,OUT,OUT,0.15196337,0.31796932,0.013143306,0.00716593,0.10147394,0.044827744,0.002339894,0.36111647
7,5,OUT,SO,0.10435848,0.099080145,0.0136121195,0.013502437,0.072127655,0.30456898,0.22169611,0.17105407
5,7,SO,OUT,0.18498164,0.077055566,0.003290559,0.0060189767,0.19254151,0.20154853,0.02194638,0.3126168
5,7,SO,OUT,0.10525391,0.014601812,0.00123304,0.008064942,0.22940455,0.24682531,0.0029345686,0.39168185
7,7,OUT,OUT,0.06410913,0.031292193,0.011625645,0.0014508639,0.062889114,0.124672115,0.00028720876,0.70367366
5,5,SO,SO,0.085644245,0.010253792,0.0017606661,0.00037979518,0.32585597,0.37738612,0.0007238509,0.19799556
7,7,OUT,OUT,0.17367917,0.040971126,0.0022244442,0.183827,0.038449276,0.11282074,0.00931003,0.43871826
1,0,DOUBLE,SINGLE,0.73903453,0.003277504,0.0012878503,0.1238118,0.032610297,0.022617867,0.0002732849,0.07708683
0,0,SINGLE,SINGLE,0.32459202,0.31458056,0.009413001,0.0008896756,0.15056479,0.0893779,0.0027113538,0.10787071
7,5,OUT,SO,0.038502302,0.0035720028,0.0010076051,0.0013651768,0.315801,0.5384749,0.0012308855,0.10004611
0,7,SINGLE,OUT,0.15183574,0.06593831,0.01767829,0.0006776797,0.28748426,0.12611516,0.0006824987,0.34958816
5,0,SO,SINGLE,0.43292412,0.015215683,0.008335344,0.11628067,0.024628093,0.25127536,0.0045474344,0.14679323
0,0,SINGLE,SINGLE,0.34603497,0.028968211,0.0018107132,0.08475946,0.13804986,0.07963054,0.049564447,0.27118182
7,4,OUT,BB,0.06626155,0.035144772,0.001508753,0.0100997,0.73450196,0.09148437,0.012385026,0.048613913
7,3,OUT,HR,0.14821464,0.03738683,0.0014580167,0.3272643,0.08246782,0.0990632,0.015899912,0.28824523
7,4,OUT,BB,0.12357979,0.01857267,0.0023690881,0.010096413,0.3465144,0.13147452,0.05072472,0.31666833
0,4,SINGLE,BB,0.17366314,0.035138503,0.00029846482,0.014976661,0.2857007,0.15298957,0.08765892,0.249574
7,0,OUT,SINGLE,0.35532016,0.018437415,0.011768174,0.12613584,0.21583688,0.13059361,0.0054414007,0.1364665
5,7,SO,OUT,0.16988285,0.031384837,0.0013344644,0.031547792,0.18314041,0.10763751,0.0067235217,0.46834862
5,5,SO,SO,0.120511904,0.009989592,0.00022789891,0.00045863682,0.05768349,0.69078624,0.00037099983,0.11997129
7,5,OUT,SO,0.18010457,0.042397093,0.0025165721,0.05505912,0.03987358,0.47663835,0.0020846212,0.20132613
5,4,SO,BB,0.15951498,0.018752953,0.0047610025,0.010784193,0.4135433,0.12197509,0.0054482887,0.26522017
4,0,BB,SINGLE,0.5984059,0.01395503,0.058095574,0.012553241,0.15219223,0.045674052,0.018282035,0.100841954
7,4,OUT,BB,0.35321283,0.012282005,0.0004838307,0.0046480116,0.4515966,0.08519225,0.002319398,0.09026509
5,0,SO,SINGLE,0.49971977,0.03158868,0.007859154,0.10284219,0.1369913,0.13962448,0.0018374915,0.07953701
7,4,OUT,BB,0.08679347,0.098755814,0.0011277982,0.02855139,0.6244504,0.06703105,0.0027666932,0.090523444
5,5,SO,SO,0.03430408,0.037986305,0.00020100042,0.0010979051,0.14284241,0.69526327,0.010227254,0.07807779
5,5,SO,SO,0.16719097,0.07750832,0.0022836952,0.002935819,0.14511341,0.3417565,0.042669684,0.22054155
0,6,SINGLE,HBP,0.047637973,0.0107948845,0.004379736,0.006657293,0.027279872,0.021873765,0.84736246,0.03401401
7,4,OUT,BB,0.066863805,0.045800176,0.0014813677,0.0009505505,0.37841946,0.30772203,0.10027943,0.09848326
0,0,SINGLE,SINGLE,0.59336984,0.11827913,0.0001397627,0.0019641484,0.0412613,0.054216195,0.005596394,0.18517312
7,5,OUT,SO,0.35368314,0.0019354166,6.243729e-05,0.0018409475,0.12528999,0.3658345,0.0005944434,0.15075909
5,0,SO,SINGLE,0.6225164,0.0020001358,0.000828418,0.019515181,0.0148303155,0.23711725,2.8315726e-05,0.10316402
7,3,OUT,HR,0.26460654,0.061592765,0.01327405,0.32879043,0.13578552,0.05761811,0.007563593,0.13076897
5,4,SO,BB,0.15045366,0.02518545,0.0077095996,0.09869796,0.4870933,0.12574758,0.020270824,0.08484158
0,4,SINGLE,BB,0.14319623,0.00534879,0.0068832864,0.019244997,0.39575598,0.24522652,0.0031730556,0.18117113
7,0,OUT,SINGLE,0.3210509,0.038740262,0.007689996,0.017124461,0.15478311,0.22015664,0.042205207,0.19824944
7,3,OUT,HR,0.09244828,0.017023575,0.0065132543,0.38798046,0.070433944,0.21840662,0.0015378897,0.20565589
5,0,SO,SINGLE,0.33617783,0.063349195,0.0006572542,0.04338396,0.098922975,0.2589015,0.0026061805,0.19600116
7,2,OUT,TRIPLE,0.07260236,0.035083715,0.532132,0.0026145373,0.07252343,0.06497113,0.0012094082,0.21886343
4,6,BB,HBP,0.026374752,0.009368546,0.004803122,0.001660122,0.009190537,0.01162665,0.90278345,0.034192704
7,7,OUT,OUT,0.17539972,0.09961863,0.021889858,0.031040894,0.01629992,0.09637442,0.20688468,0.35249195
0,5,SINGLE,SO,0.16020836,0.036890436,0.0035593493,0.026073162,0.123579256,0.31538284,0.060185254,0.2741213
7,2,OUT,TRIPLE,0.035805028,0.007096068,0.62865883,0.010123205,0.011477041,0.034984976,0.13298275,0.13887197
7,7,OUT,OUT,0.1685689,0.20634411,0.009498541,0.05187545,0.069150515,0.041847996,0.14714876,0.30556566
0,0,SINGLE,SINGLE,0.31714162,0.13537274,0.009525349,0.13666412,0.0149166845,0.21629888,0.007713392,0.16236717
5,6,SO,HBP,0.017887197,0.005793107,0.000111772824,0.001037547,0.0019586263,0.010525918,0.9577923,0.004893543
7,7,OUT,OUT,0.117195085,0.08615629,0.018525857,0.0011639561,0.0434072,0.24129272,0.010480357,0.48177862
0,7,SINGLE,OUT,0.2818524,0.039283164,0.0013983808,0.008182573,0.046166383,0.14674056,0.0018617607,0.47451478
7,3,OUT,HR,0.089368716,0.04041413,0.0006039346,0.32694152,0.05774507,0.25055227,0.006860642,0.22751366
5,7,SO,OUT,0.15429604,0.006900416,0.0069320165,0.0041338443,0.10240603,0.21191928,0.0071370965,0.5062753
7,2,OUT,TRIPLE,0.22534414,0.014077643,0.29732153,0.04509044,0.15954252,0.10092683,0.02610396,0.13159293
5,7,SO,OUT,0.16016585,0.050167058,0.009563711,0.3078751,0.02973277,0.1174639,0.011048057,0.31398353
7,0,OUT,SINGLE,0.495063,0.011161717,0.000504839,0.010587901,0.008647199,0.21350934,0.00231961,0.25820643
7,0,OUT,SINGLE,0.5553055,0.0372536,0.0003578399,0.01530088,0.16771129,0.122091234,0.007983756,0.09399589
4,0,BB,SINGLE,0.2609562,0.13772279,0.0010170598,0.036231484,0.10830214,0.21381636,0.0022677847,0.23968606
7,0,OUT,SINGLE,0.41064486,0.0037078012,0.00010597878,0.0009982629,0.08645819,0.24913028,0.00034646457,0.24860813
7,3,OUT,HR,0.20282656,0.04695069,0.004897487,0.31657502,0.014906182,0.15308312,0.007393909,0.25336704
7,0,OUT,SINGLE,0.36088982,0.007504247,0.0005464943,0.0010222236,0.23456527,0.09092955,0.0022561841,0.30228627
7,1,OUT,DOUBLE,0.19378535,0.34209675,0.000295238,0.09140234,0.039536722,0.17089999,0.0003499968,0.16163355
7,0,OUT,SINGLE,0.5198432,0.027504046,0.011133844,0.048197813,0.01834988,0.16918252,0.0060614855,0.19972716
7,0,OUT,SINGLE,0.32374042,0.04325846,0.059976604,0.05323077,0.040436506,0.18619144,0.014932757,0.27823302
7,0,OUT,SINGLE,0.38980705,0.11717732,0.012060627,0.003133777,0.023129135,0.19901536,0.0030671533,0.25260952
7,0,OUT,SINGLE,0.5134691,0.010859067,0.00039440175,0.045297656,0.04964399,0.03114637,8.322328e-05,0.3491062
7,1,OUT,DOUBLE,0.18921381,0.5038764,0.007685883,0.0007441996,0.017564267,0.11499989,0.020257954,0.14565755
3,5,HR,SO,0.21905278,0.05014719,0.00038004207,0.015560816,0.10751502,0.39111084,0.00034253224,0.21589075
7,7,OUT,OUT,0.115176745,0.10875266,0.001933093,0.0013665822,0.114346385,0.16479418,0.019242473,0.47438785
5,3,SO,HR,0.11389927,0.026276376,0.001093784,0.39913666,0.070971295,0.08025802,0.007866895,0.3004977
3,6,HR,HBP,0.055215426,0.032088783,0.00082408666,0.023985785,0.046882078,0.101147704,0.58536285,0.15449326
7,7,OUT,OUT,0.24787647,0.011540837,0.0032508527,0.01727008,0.26478708,0.040891986,0.0045872144,0.40979552
5,0,SO,SINGLE,0.60227937,0.02940905,0.0066085244,0.036235224,0.013721714,0.033037897,0.09466699,0.1840413
7,0,OUT,SINGLE,0.25043386,0.03034129,0.0018927966,0.18781747,0.078848444,0.24555683,0.001454773,0.2036545
7,0,OUT,SINGLE,0.28742358,0.06861582,0.000709791,0.09476639,0.14264989,0.12656765,0.011092892,0.26817396
7,4,OUT,BB,0.1318209,0.027315516,0.0013491747,0.08383631,0.3370228,0.25451544,0.0003247383,0.16381516
7,7,OUT,OUT,0.2679118,0.055121504,0.038004305,0.007938448,0.07896195,0.23720796,0.015280377,0.29957363
4,4,BB,BB,0.07026541,0.062481385,0.017208045,0.0009335788,0.4399027,0.1738747,0.021406965,0.21392722
7,1,OUT,DOUBLE,0.119442,0.37163797,0.012751206,0.0010754915,0.104937956,0.15645953,0.00013277387,0.23356314
4,7,BB,OUT,0.23787113,0.072590366,0.0014857072,0.0940469,0.2222802,0.08550668,0.0010192398,0.2851999
0,4,SINGLE,BB,0.25929657,0.08218377,0.005165964,0.008772119,0.3273024,0.15552533,0.02446973,0.13728411
1,4,DOUBLE,BB,0.06605146,0.22171359,0.0042099045,0.00092052185,0.4887347,0.090139456,0.0012895411,0.12694083
0,7,SINGLE,OUT,0.13809122,0.09357979,0.0020284744,0.16099887,0.17616166,0.08039556,0.007528137,0.3412163
7,7,OUT,OUT,0.19708277,0.020268181,0.00031367765,0.09149819,0.27671942,0.11643818,0.00078657106,0.29689303
7,7,OUT,OUT,0.22231248,0.015656967,0.042879887,0.02323199,0.12934332,0.22393388,0.014055546,0.32858592
7,4,OUT,BB,0.13874009,0.16117921,0.00084523996,0.028974805,0.22402495,0.13493542,0.08745955,0.22384082
0,7,SINGLE,OUT,0.24875031,0.06348386,0.0012065736,0.004495078,0.033787854,0.31184712,0.0027714984,0.33365774
5,5,SO,SO,0.10892439,0.10118817,0.0017461623,0.13862762,0.18232022,0.29442462,0.017213792,0.155555
7,4,OUT,BB,0.048885237,0.02480673,0.005573358,0.019149845,0.5141572,0.1382653,0.0068341903,0.24232817
7,7,OUT,OUT,0.078076586,0.050895542,0.0019974431,0.038363036,0.08521085,0.2151472,0.0018416793,0.5284676
7,4,OUT,BB,0.2113065,0.020847261,0.00047056362,0.06336739,0.41257173,0.16893631,0.027407741,0.09509251
7,4,OUT,BB,0.1842141,0.01444272,0.001599412,0.08741635,0.3789724,0.19920333,0.004146277,0.13000543
5,5,SO,SO,0.01195929,0.00038025778,5.055828e-05,9.2667164e-05,0.0066403695,0.9133418,9.505442e-05,0.06743995
7,7,OUT,OUT,0.29043326,0.041065935,0.0011737922,0.0056610806,0.2416328,0.0877546,0.005634771,0.3266438
0,1,SINGLE,DOUBLE,0.10155191,0.379336,0.0006821763,0.11097756,0.15545996,0.10459202,0.010073244,0.1373271
7,5,OUT,SO,0.08709914,0.027181378,0.0015822968,0.1137239,0.030829439,0.4778125,0.04339542,0.21837595
7,7,OUT,OUT,0.06244984,0.14898822,0.0013603223,0.17470743,0.23045832,0.07436553,0.010419342,0.297251
1,7,DOUBLE,OUT,0.11841871,0.0035921554,3.045404e-05,0.00025974624,0.023745378,0.22935747,3.0688036e-05,0.6245654
1,7,DOUBLE,OUT,0.120992124,0.035849348,0.0005585023,0.003140957,0.013854643,0.04977357,0.021568602,0.75426227
5,7,SO,OUT,0.18644309,0.051031005,0.0061044595,0.16895986,0.11031572,0.19641231,0.021682464,0.2590511
5,5,SO,SO,0.10703493,0.09819075,0.0070213038,0.024682378,0.14611535,0.29249576,0.078269534,0.24618998
1,7,DOUBLE,OUT,0.2152341,0.09568301,0.00022197222,0.01368744,0.0988324,0.2340457,0.027435431,0.31485993
7,7,OUT,OUT,0.14755735,0.16287139,0.0009774857,0.011414639,0.17849109,0.14807454,0.03437433,0.31623924
7,7,OUT,OUT,0.14386757,0.024989003,0.013194848,0.003177421,0.047987502,0.35257408,0.0015570426,0.41265258
7,7,OUT,OUT,0.12784584,0.009517788,0.037059866,0.10362542,0.23776147,0.13385355,0.008586573,0.34174946
5,0,SO,SINGLE,0.5720404,0.019471113,0.010696188,0.033550195,0.045933556,0.18173543,0.0550375,0.081535704
1,7,DOUBLE,OUT,0.39332572,0.000763511,0.00026048522,0.0010299655,0.042070467,0.03624995,6.043072e-06,0.5262938
7,4,OUT,BB,0.09946609,0.13481002,0.0015566061,0.059067927,0.30851302,0.22546875,0.0022030973,0.16891436
7,4,OUT,BB,0.14182971,0.036562786,0.00017036573,0.007787956,0.5022946,0.10547829,0.025914842,0.17996144
7,5,OUT,SO,0.056060955,0.23692623,0.00018496662,0.012943951,0.06690012,0.536013,0.0010382358,0.089932576
0,3,SINGLE,HR,0.072140425,0.17352183,0.0006347658,0.51249343,0.024423586,0.13712475,0.00432487,0.075336374
5,4,SO,BB,0.17338747,0.13385038,0.00020960423,0.000985047,0.3549125,0.14106491,0.022395365,0.17319472
7,0,OUT,SINGLE,0.37062815,0.16710366,0.0020297263,0.0035156119,0.12738608,0.11203104,0.019157037,0.19814864
3,3,HR,HR,0.23021673,0.12692817,0.0002896011,0.30964404,0.06883141,0.13714366,0.022895655,0.1040507
0,3,SINGLE,HR,0.024995321,0.05565801,0.00056117435,0.52380013,0.22764918,0.055078235,0.018332148,0.09392578
6,7,HBP,OUT,0.047969278,0.0070105987,0.00014704966,0.003745433,0.20086828,0.19195193,0.0005390666,0.54776835
4,0,BB,SINGLE,0.81196827,0.014218251,0.0023518393,0.0005986076,0.006493448,0.01248404,0.0007334398,0.15115216
0,7,SINGLE,OUT,0.23736389,0.08168807,0.00037885603,0.024117973,0.061285064,0.070714936,0.004955064,0.5194961
7,5,OUT,SO,0.0739932,0.0003110373,0.000111660134,0.00014902158,0.0046699024,0.85849905,5.6364108e-05,0.06220978
4,5,BB,SO,0.053647954,0.00052216504,0.00014145633,0.0005738184,0.062090322,0.8030186,0.0019185834,0.07808712
5,5,SO,SO,0.08803072,0.13090691,0.0004696816,0.001815662,0.0985717,0.3017172,0.22852464,0.14996351
5,5,SO,SO,0.28447938,0.022266297,0.022258498,0.023350345,0.054352812,0.29805282,0.015743276,0.27949655
7,0,OUT,SINGLE,0.3253128,0.009592738,0.0006953742,0.027260235,0.18239233,0.24193044,0.0185089,0.19430718
5,7,SO,OUT,0.1941055,0.0173341,0.0008254012,0.08289792,0.1662184,0.21576074,0.013452222,0.3094058
3,3,HR,HR,0.0712981,0.008316824,0.0038335808,0.5317281,0.12006393,0.10332888,0.0010977957,0.16033286
7,4,OUT,BB,0.13537852,0.0141839385,0.02342355,0.17033364,0.2838115,0.07260951,0.044923034,0.2553364
1,1,DOUBLE,DOUBLE,0.023983918,0.41338944,0.00060459424,0.01135817,0.3159563,0.053751152,0.0076396754,0.17331673
4,5,BB,SO,0.17448299,0.13010973,0.0038359314,0.09577729,0.19132376,0.23277421,0.012018838,0.15967725
0,1,SINGLE,DOUBLE,0.10831156,0.35456768,0.0057201837,0.011827556,0.34940526,0.049627546,0.04347893,0.07706133
7,0,OUT,SINGLE,0.3956247,0.07532972,0.00076590455,0.14462173,0.077414505,0.07377945,0.061178226,0.17128567
7,0,OUT,SINGLE,0.36451733,0.20629701,0.0009777658,0.06512486,0.0464336,0.15409246,0.00998132,0.15257567
7,4,OUT,BB,0.08849572,0.01158333,0.07259796,0.04397345,0.29761633,0.29253212,0.0040419595,0.18915924
7,7,OUT,OUT,0.039934933,0.114897616,0.13706946,0.0043826685,0.039601665,0.077899635,0.0038729492,0.5823411
5,3,SO,HR,0.079602815,0.0116184205,0.0033269853,0.6282553,0.041552752,0.1451519,0.009575524,0.08091627
5,0,SO,SINGLE,0.42754894,0.008792438,0.00011389458,0.118600495,0.025222544,0.020455044,0.004496667,0.39476988
0,3,SINGLE,HR,0.081735075,0.0064366017,0.0009658241,0.41562703,0.012790032,0.35697058,0.003247789,0.12222713
5,0,SO,SINGLE,0.29763985,0.03921981,0.00017232093,0.06499631,0.22474493,0.13162886,0.0028950325,0.2387029
3,7,HR,OUT,0.071638726,0.023435052,0.03828967,0.2213292,0.2439202,0.05449782,0.008074611,0.33881474
7,7,OUT,OUT,0.322986,0.024564957,0.012743251,0.042784028,0.083761506,0.13714498,0.008729021,0.36728626
7,0,OUT,SINGLE,0.4436381,0.018702356,0.0002504204,0.00032674387,0.10437453,0.10934357,0.24808604,0.07527825
7,1,OUT,DOUBLE,0.10559669,0.6227015,0.000609053,0.015108964,0.031813096,0.1347787,0.012624445,0.07676753
5,0,SO,SINGLE,0.59561247,0.017772106,0.00039432148,0.00482048,0.072637334,0.030120684,0.0074559133,0.27118677
7,7,OUT,OUT,0.12907302,0.01723253,0.000418343,0.2339394,0.07852594,0.076853134,0.0021890777,0.46176857
7,4,OUT,BB,0.23624356,0.032576397,0.00063473155,0.0114188995,0.31185132,0.19542351,0.034237534,0.17761406
5,7,SO,OUT,0.24686907,0.027307034,0.0030104413,0.07686611,0.12367388,0.1760665,0.0067677675,0.33943924
7,0,OUT,SINGLE,0.3091639,0.0059091207,0.008950954,0.0019896976,0.14847882,0.19291824,0.043370057,0.2892192
7,7,OUT,OUT,0.14967754,0.035631314,0.0042522107,0.043099646,0.042219102,0.3460038,0.018422775,0.36069363
0,0,SINGLE,SINGLE,0.2811313,0.025833216,0.0003411679,0.0045584985,0.10459299,0.047524717,0.2604588,0.27555928
5,0,SO,SINGLE,0.30640492,0.18964888,0.00030134528,0.01955918,0.070848756,0.06530778,0.07455658,0.2733726
7,5,OUT,SO,0.06570773,0.0029255059,5.803765e-05,0.0001665229,0.0039819027,0.56413627,1.8379998e-05,0.36300567
0,3,SINGLE,HR,0.05948382,0.08281803,0.0009127008,0.49486414,0.18681787,0.081412375,0.009933147,0.083757974
7,4,OUT,BB,0.016139802,0.00981907,0.00088937115,0.0022966438,0.54699665,0.27416372,0.0021770394,0.14751767
0,7,SINGLE,OUT,0.014971518,0.0093486225,0.00016141344,0.002080637,0.0007852134,0.030403715,2.9213386e-05,0.9422197
7,7,OUT,OUT,0.10575145,0.004561988,0.024282306,0.0027999973,0.12767561,0.24748592,0.00025329637,0.4871895
5,5,SO,SO,0.1864526,0.08459859,0.023905544,0.13717516,0.16457868,0.25474083,0.015672702,0.13287583
7,1,OUT,DOUBLE,0.23673306,0.39552623,0.0152683575,0.10831144,0.09645809,0.070292614,0.021907866,0.05550243
7,1,OUT,DOUBLE,0.14309333,0.37206212,0.0100690555,0.010267021,0.116146654,0.048842873,0.113684274,0.18583468
7,7,OUT,OUT,0.0016822653,0.0015229841,0.0003575458,0.00014504053,0.0017528594,0.15721157,0.0039380803,0.8333896
0,0,SINGLE,SINGLE,0.35738638,0.024908531,0.014665093,0.009007513,0.16794097,0.15069745,0.08789417,0.18749993
7,7,OUT,OUT,0.27883118,0.018989326,0.001535624,0.0021880984,0.15897253,0.041385606,0.010639288,0.48745844
7,6,OUT,HBP,0.18746428,0.020653944,0.0012635518,0.012062856,0.09678022,0.15114163,0.3952094,0.13542414
7,7,OUT,OUT,0.15468666,0.032833498,0.0019889742,0.0089996215,0.048001207,0.15309595,0.013179797,0.58721435
7,5,OUT,SO,0.16391453,0.021171851,0.00050149765,0.03882244,0.030531822,0.4213695,0.005844997,0.31784335
7,7,OUT,OUT,0.1759868,0.09149823,0.002319915,0.06596541,0.15932903,0.21730608,0.041126516,0.24646805
7,0,OUT,SINGLE,0.43027404,0.04249251,0.027605893,0.018759878,0.056819793,0.07604315,0.18822627,0.1597784
5,5,SO,SO,0.04040391,0.076091245,0.00079592003,0.011604238,0.17532524,0.56297725,0.001395989,0.13140619
5,7,SO,OUT,0.17881455,0.106440544,0.0005204822,0.023596637,0.18341513,0.16445278,0.0181242,0.3246357
7,7,OUT,OUT,0.12246747,0.0011130539,8.154941e-06,4.593478e-05,0.020121627,0.04655522,4.5399796e-05,0.80964315
0,7,SINGLE,OUT,0.22424695,0.089961335,0.0007256631,0.039921686,0.1525901,0.13013381,0.031173987,0.33124653
7,1,OUT,DOUBLE,0.21498361,0.5251559,0.0061220485,0.0014304264,0.1005761,0.079498835,0.0007650659,0.071468025
0,0,SINGLE,SINGLE,0.47173905,0.070319705,0.00067421224,0.0022589304,0.037436504,0.2519171,0.0053943847,0.16026016
5,4,SO,BB,0.05018514,0.008738971,0.0007413373,0.008616086,0.550447,0.03828278,0.017725863,0.32526284
7,5,OUT,SO,0.041549586,0.14254968,0.027471183,0.00085644383,0.23865199,0.5132534,0.0015543427,0.034113407
7,5,OUT,SO,0.255388,0.08395015,0.01877874,0.025448378,0.030648582,0.38157248,0.00093564193,0.20327799
5,7,SO,OUT,0.056360167,0.02650614,0.047144502,0.0004450587,0.19543111,0.11901745,0.012440619,0.542655
0,0,SINGLE,SINGLE,0.63705736,0.028846333,0.032770205,0.00066612783,0.19401948,0.020597057,0.0019587346,0.0840847
7,7,OUT,OUT,0.13820429,0.0035758407,0.0027078195,0.009959255,0.18446915,0.033679143,0.0032993406,0.6241051
4,7,BB,OUT,0.06512417,0.01116506,0.0028661431,0.0062155677,0.13549826,0.26231277,0.010583387,0.5062347
1,1,DOUBLE,DOUBLE,0.104532115,0.4573143,0.0002114028,0.012283766,0.067234285,0.07736006,0.0070573934,0.27400666
5,7,SO,OUT,0.08740565,0.15104057,0.05576835,0.0017967048,0.20881242,0.026019968,0.0031265581,0.4660298
5,5,SO,SO,0.14518844,0.08852507,0.0006040393,0.0049053403,0.19252804,0.2877989,0.111934796,0.16851537
7,0,OUT,SINGLE,0.51262605,0.0081794765,0.00010530978,0.022819858,0.03215393,0.19679946,0.028294122,0.19902171
0,4,SINGLE,BB,0.14604075,0.006876672,0.0040546204,0.0025271834,0.61956847,0.10926132,0.0005755258,0.11109546
1,5,DOUBLE,SO,0.14837088,0.053325325,0.0005882466,0.1434385,0.05746291,0.39877114,0.08854748,0.109495565
1,3,DOUBLE,HR,0.10153623,0.06344868,0.001226256,0.3786602,0.06049412,0.08050483,0.17859405,0.13553563
5,5,SO,SO,0.08957761,0.00066066545,0.0020879176,0.0036377118,0.17601947,0.47514236,0.0010870304,0.25178728
7,7,OUT,OUT,0.15931256,0.07396175,0.0008096395,0.073708326,0.100450866,0.062105164,0.01931382,0.51033777
4,5,BB,SO,0.08897624,0.09840207,0.002043021,0.07453784,0.11482821,0.32470056,0.13931045,0.15720159
7,0,OUT,SINGLE,0.4513535,0.045103356,0.00073047576,0.011950458,0.036599856,0.20202817,0.01363682,0.23859742
7,7,OUT,OUT,0.19201458,0.043518025,0.01823,0.15773255,0.16670354,0.1622873,0.014177844,0.24533615
2,7,TRIPLE,OUT,0.34727234,0.14222673,0.0002680234,0.00024063952,0.008629311,0.034296237,0.008890563,0.45817605
0,0,SINGLE,SINGLE,0.33033413,0.08972702,0.0006466949,0.0030295404,0.086137086,0.1724403,0.2296958,0.08798948
5,3,SO,HR,0.012893254,0.23142833,0.002681359,0.3102444,0.04425977,0.18923098,0.002374215,0.20688766
0,3,SINGLE,HR,0.14883545,0.046370257,0.015617195,0.43485293,0.08518142,0.10240798,0.03286924,0.13386557
7,0,OUT,SINGLE,0.30304074,0.20115079,0.007913662,0.089885846,0.18337908,0.08619139,0.056565013,0.07187355
7,0,OUT,SINGLE,0.35996526,0.10549266,0.06727773,0.051825877,0.15922928,0.04574891,0.0023289716,0.20813136
5,7,SO,OUT,0.12470603,0.02307987,0.0010940841,0.0018891824,0.07751563,0.3540574,0.027003296,0.39065447
7,1,OUT,DOUBLE,0.024464594,0.6392939,3.352669e-05,0.0012698281,0.044198167,0.26311478,0.0017890973,0.025836147
0,1,SINGLE,DOUBLE,0.10776903,0.4455713,0.00044450874,0.0040518516,0.0759514,0.111513734,0.017399881,0.23729831
4,6,BB,HBP,0.2071054,0.08691953,0.0015687225,0.0012745386,0.01439269,0.081365496,0.38117725,0.2261964
7,0,OUT,SINGLE,0.3264407,0.10702761,0.00037350322,0.006985234,0.045998834,0.2172963,0.016657291,0.27922052
0,1,SINGLE,DOUBLE,0.11371601,0.37160662,0.0009647119,0.20422167,0.07639277,0.049813047,0.12093437,0.062350776
7,5,OUT,SO,0.31159377,0.06290724,0.045976784,0.014599865,0.055742014,0.4482909,0.00040528394,0.060484134
0,5,SINGLE,SO,0.16329105,0.06457213,0.0006904137,0.014471538,0.07795642,0.36092392,0.00087719737,0.31721735
7,5,OUT,SO,0.18926339,0.05897941,0.00086158287,0.080421716,0.08729707,0.49321976,0.002836844,0.08712013
4,7,BB,OUT,0.14744464,0.011922466,0.00011840575,0.0017146253,0.009598795,0.07192584,0.0045885686,0.7526867
4,0,BB,SINGLE,0.65997475,0.030074717,0.0005317471,0.0029522693,0.033410806,0.076974094,0.022136658,0.17394488
5,6,SO,HBP,0.09989942,0.08828712,0.00041469486,0.013085092,0.025503138,0.064984545,0.55572677,0.15209919
5,5,SO,SO,0.263569,0.004359549,0.002227844,0.0018554375,0.05430801,0.4664423,0.0023312885,0.20490664
7,1,OUT,DOUBLE,0.24684897,0.3993135,0.005275635,0.04266393,0.07247905,0.07340028,0.07028993,0.08972865
5,5,SO,SO,0.084956236,0.024962828,0.0004912154,0.015803924,0.038250495,0.40767217,0.37198097,0.05588222
7,5,OUT,SO,0.029579772,0.008268578,4.569934e-05,0.0004911142,0.0028584995,0.8641814,0.0045907465,0.08998426
7,7,OUT,OUT,0.1692734,0.021270685,0.025398785,0.0009375134,0.14232995,0.14136381,0.070108205,0.42931768
7,7,OUT,OUT,0.15798333,0.025775792,0.07826736,0.29645503,0.07168807,0.03793277,0.034871776,0.29702583
7,0,OUT,SINGLE,0.7735286,0.040221598,0.00029556188,0.000884867,0.009452683,0.13949724,0.004623123,0.031496346
5,7,SO,OUT,0.015278822,0.0030561474,4.927642e-05,0.0005485946,0.011220542,0.2964522,8.063798e-05,0.67331374
7,0,OUT,SINGLE,0.35125265,0.058566734,0.0014919988,0.013283242,0.03205309,0.13830249,0.08553758,0.3195122
4,5,BB,SO,0.06776174,0.07156068,0.005193746,0.03526645,0.13233589,0.5739178,0.0016667701,0.112296954
7,7,OUT,OUT,0.23485553,0.09000584,0.0055925106,0.04767091,0.041262347,0.21082108,0.045589242,0.3242026
7,7,OUT,OUT,0.2850685,0.07109605,0.01144827,0.004098374,0.05981239,0.17241204,0.013950842,0.38211358
7,7,OUT,OUT,0.2127362,0.13780713,0.0008600599,0.09079041,0.07996612,0.16435045,0.02354419,0.28994545
0,5,SINGLE,SO,0.07520707,0.21229108,0.002151062,0.00034114002,0.15995108,0.3347933,0.004772952,0.21049234
5,7,SO,OUT,0.0006505793,0.0016226107,5.31116e-05,1.2293425e-06,0.021377904,0.37766212,0.0008706713,0.59776175
0,7,SINGLE,OUT,0.35506582,0.09146785,0.0004971619,0.0083911745,0.042229254,0.076939605,0.014859934,0.4105492
7,0,OUT,SINGLE,0.28922722,0.07174731,0.026793167,0.16049491,0.07959089,0.18592766,0.017216345,0.16900249
7,6,OUT,HBP,0.19863479,0.14252426,0.0004502452,0.024484387,0.10949501,0.11318573,0.31026757,0.10095802
7,1,OUT,DOUBLE,0.12216811,0.43365324,0.0027942474,0.009290129,0.07658949,0.1441929,0.0166509,0.19466095
5,5,SO,SO,0.012631647,0.017262414,0.00012462928,0.00016708508,0.0048210486,0.64643264,0.00010919629,0.31845137
5,1,SO,DOUBLE,0.23492071,0.50397027,0.04977217,0.015133035,0.04431797,0.025930936,0.0019976227,0.12395721
7,2,OUT,TRIPLE,0.25314245,0.024195222,0.32240137,0.022319399,0.010103844,0.14831375,0.01030665,0.20921725
7,4,OUT,BB,0.28534192,0.05528409,0.002729089,0.01773123,0.49736235,0.054852486,0.007623502,0.07907541
7,7,OUT,OUT,0.11962886,0.10250294,0.002650036,0.0029097556,0.12418634,0.28011563,0.020238003,0.34776843
7,0,OUT,SINGLE,0.34981012,0.24929558,0.0005200718,0.010649843,0.14797543,0.08270224,0.004048537,0.15499812
1,4,DOUBLE,BB,0.03287912,0.0012165072,0.0014662219,0.006633662,0.60498303,0.0426151,0.0069269957,0.30327934
5,1,SO,DOUBLE,0.16273764,0.44492066,0.0015492785,0.013981803,0.006203734,0.16080488,0.010315943,0.19948614
5,7,SO,OUT,0.114651844,0.030062547,0.0006076617,0.041558217,0.039431404,0.17985469,0.025617814,0.5682158
0,1,SINGLE,DOUBLE,0.23933965,0.2883879,0.001411889,0.031475365,0.04985965,0.12249617,0.10629886,0.16073059
4,5,BB,SO,0.29117954,0.09399151,0.000119586824,0.00013952877,0.028845804,0.48811063,0.0028883105,0.09472515
5,3,SO,HR,0.27961946,0.016535295,0.0006966175,0.39619046,0.049006693,0.098580554,0.008658519,0.15071243
1,7,DOUBLE,OUT,0.123451956,0.0024876168,0.0007197241,0.0042485194,0.036467087,0.08241998,0.16798948,0.58221567
7,7,OUT,OUT,0.025928063,0.0029284318,0.018112365,0.0046251565,0.089653075,0.19362916,0.00879128,0.6563325
7,7,OUT,OUT,0.05758508,0.016503237,0.008885766,0.17699954,0.16945356,0.17018402,0.0031357568,0.39725304
7,5,OUT,SO,0.17145257,0.0054298965,0.001770588,0.0045834854,0.032955687,0.5448542,0.0016684586,0.23728517
5,7,SO,OUT,0.20156391,0.16091906,0.000358631,0.022167346,0.18656887,0.14527473,0.031138767,0.2520087
7,5,OUT,SO,0.2294044,0.061369788,0.0007532864,0.016387125,0.18321824,0.3853622,0.006008802,0.1174961
0,3,SINGLE,HR,0.19567686,0.050705932,0.00079632713,0.62155575,0.008157964,0.024015928,0.0012113843,0.09787989
0,5,SINGLE,SO,0.19692054,0.064076856,0.00029664612,0.0046639736,0.1077186,0.31799805,0.009077856,0.29924756
7,5,OUT,SO,0.051386394,0.03324561,4.3052067e-05,0.15651757,0.021604868,0.56251895,0.003336567,0.17134705
6,0,HBP,SINGLE,0.5181836,0.0065484396,0.00062470126,0.0020633405,0.054436408,0.26632118,0.003765123,0.14805722
0,4,SINGLE,BB,0.2872769,0.009551022,0.0016917419,0.014426704,0.3425031,0.25425345,0.00790207,0.08239505
7,4,OUT,BB,0.033744697,0.108365685,0.0001187574,0.15389787,0.5854072,0.027590588,0.0057308855,0.085144244
7,7,OUT,OUT,0.11450706,0.24616013,0.0017409511,0.021327656,0.064135686,0.26457423,0.000603211,0.28695112
5,7,SO,OUT,0.17592542,0.20435965,0.0041854605,0.016136028,0.1248587,0.21517438,0.04171345,0.217647
0,7,SINGLE,OUT,0.32609728,0.08689282,3.3311215e-05,0.0010968313,0.063904606,0.18132146,0.0035903966,0.33706325
7,5,OUT,SO,0.1986143,0.08976,0.00062922575,0.053489115,0.2021925,0.2489505,0.12270153,0.08366293
5,7,SO,OUT,0.056548603,0.039218307,0.062649965,0.00043538894,0.15943065,0.24478155,0.021371586,0.415564
0,7,SINGLE,OUT,0.15036066,0.18076119,0.021580523,0.005236064,0.024678389,0.28960884,0.0008976046,0.32687676
7,7,OUT,OUT,0.12958361,0.058393627,0.15867509,0.1053623,0.015585073,0.06967369,0.22863232,0.23409425
7,7,OUT,OUT,0.17506896,0.07433407,0.00015832002,0.0017137482,0.058182023,0.24873371,0.0010942996,0.4407148
0,5,SINGLE,SO,0.036065336,0.23009211,0.0036792795,0.0058649983,0.06673574,0.34855092,0.000116105315,0.30889547
7,5,OUT,SO,0.092194475,0.23586148,0.0011176734,0.009380983,0.07860807,0.35979262,0.123212814,0.09983192
7,7,OUT,OUT,0.033514023,0.06082004,0.0005809406,2.8955623e-05,0.018450076,0.36710963,0.00039891005,0.5190975
3,7,HR,OUT,0.12534545,0.063809216,0.001967275,0.004332978,0.09903747,0.2945576,0.012609083,0.39834094
4,2,BB,TRIPLE,0.13181077,0.030460132,0.38999733,0.004410066,0.16129175,0.07322785,0.03127684,0.17752515
7,5,OUT,SO,0.1400528,0.10054093,0.046787985,0.003132545,0.06451902,0.40174964,0.00043860113,0.24277847
7,5,OUT,SO,0.043157596,0.26316288,0.0016968623,0.008777899,0.16107452,0.4379491,0.003046627,0.08113456
0,1,SINGLE,DOUBLE,0.0939144,0.6198218,0.00046718155,0.003144996,0.03632668,0.04799499,0.0008174047,0.19751252
0,0,SINGLE,SINGLE,0.2502293,0.06700958,0.0009044296,0.03274732,0.2303799,0.06944132,0.19300765,0.15628056
0,0,SINGLE,SINGLE,0.400457,0.020173708,0.005630575,0.09085038,0.10533842,0.13643697,0.014798739,0.22631422
0,7,SINGLE,OUT,0.22236264,0.04563541,0.0005308835,0.0071132598,0.25138557,0.14191312,0.017013246,0.3140459
7,5,OUT,SO,0.2785794,0.102867305,0.0022720518,0.021253385,0.008207395,0.31110418,0.0044011637,0.27131513
0,0,SINGLE,SINGLE,0.2652921,0.122768134,0.0022518912,0.25506896,0.061995752,0.11190048,0.003119325,0.17760326
7,7,OUT,OUT,0.103158094,0.07209625,0.0018623086,0.0011005654,0.016796999,0.20438603,0.051035732,0.549564
7,7,OUT,OUT,0.08038054,0.010710229,0.00073392235,0.0005343059,0.12063976,0.2579884,0.004407383,0.5246055
7,3,OUT,HR,0.13368747,0.095102586,0.00013924572,0.37479895,0.22318015,0.073745444,0.00713478,0.092211336
1,1,DOUBLE,DOUBLE,0.2257851,0.40137938,0.0025072517,0.011885289,0.10811085,0.08864895,0.0013204938,0.16036272
7,5,OUT,SO,0.035694525,0.00012254686,0.00013448259,8.075764e-05,0.031779774,0.8228522,0.00056682737,0.10876879
5,4,SO,BB,0.03861948,0.023308292,0.0041691503,0.22515455,0.39697188,0.17505468,0.0009970034,0.13572502
5,4,SO,BB,0.11791999,0.14874518,0.0032384463,0.07761357,0.43909106,0.118671656,0.00809106,0.08662898
7,0,OUT,SINGLE,0.42383584,0.001281728,0.012506312,0.071383744,0.035463937,0.36158,0.0012146713,0.092733875
5,1,SO,DOUBLE,0.056638956,0.5430511,0.0020216135,0.0118878195,0.056389045,0.0811654,0.021178143,0.22766787
7,7,OUT,OUT,0.28274414,0.05634166,0.00031926026,0.010885969,0.032679204,0.17779337,0.023799047,0.41543737
4,0,BB,SINGLE,0.44567737,0.02171678,0.00195458,0.003839155,0.012184826,0.31042743,0.00013266772,0.20406723
0,7,SINGLE,OUT,0.03526458,0.18001373,0.0029536206,0.044965398,0.13314599,0.04064109,0.018588394,0.54442716
1,0,DOUBLE,SINGLE,0.69634175,0.02860854,0.0023285132,0.00072746025,0.009236019,0.04074071,0.0008406853,0.22117637
4,4,BB,BB,0.06760883,0.08392667,0.00033115473,0.0644811,0.4179985,0.043105204,0.0917533,0.23079528
7,1,OUT,DOUBLE,0.2088011,0.4632738,0.00039331598,0.013524225,0.032996405,0.16838892,0.00450959,0.10811266
0,3,SINGLE,HR,0.016936108,0.07062576,0.0006862648,0.53894883,0.09187287,0.113873385,0.0010747797,0.16598187
0,5,SINGLE,SO,0.12500952,0.12217681,0.00021920408,0.026568439,0.05312658,0.39758638,0.014895007,0.26041812
7,1,OUT,DOUBLE,0.1113515,0.44496498,0.0008300918,0.009473734,0.025230357,0.112037405,0.00034744144,0.2957645
3,5,HR,SO,0.12345288,0.2287607,0.004253915,0.010960418,0.1026317,0.37157166,0.0011713946,0.15719724
7,7,OUT,OUT,0.12664768,0.04575269,0.0012658071,0.011418222,0.040011514,0.37023348,0.0034105731,0.40126002
7,5,OUT,SO,0.15054983,0.031907517,0.0016848529,0.15624484,0.029705437,0.46783155,0.017416185,0.14465977
0,3,SINGLE,HR,0.04067111,0.0393472,0.004799478,0.53767043,0.01580311,0.2954049,0.0022488052,0.06405505
5,7,SO,OUT,0.13780886,0.0026677402,0.00017465802,0.0009735452,0.014530821,0.044104785,0.0010693704,0.7986703
0,5,SINGLE,SO,0.18721727,0.12940353,0.0014655225,0.007053875,0.017325314,0.5281809,0.0013626323,0.12799099
7,0,OUT,SINGLE,0.34483147,0.114231,0.0010332156,0.015111738,0.19339764,0.0627984,0.0030086804,0.2655878
0,4,SINGLE,BB,0.06706887,0.14713372,0.010041275,0.03322889,0.55134845,0.078286305,0.008395882,0.10449662
7,4,OUT,BB,0.044091124,0.18419668,0.0002456184,0.0630765,0.32223827,0.06779658,0.13931052,0.1790446
7,4,OUT,BB,0.18392067,0.19389136,0.002319209,0.05514175,0.21747492,0.20662421,0.005337878,0.13529003
1,0,DOUBLE,SINGLE,0.25751498,0.1358916,0.14781144,0.084303424,0.15036277,0.04396185,0.008202229,0.17195176
0,1,SINGLE,DOUBLE,0.057875883,0.5297458,0.0001448281,0.0005237136,0.054410778,0.084886655,0.0012706905,0.2711416
7,5,OUT,SO,0.06922541,0.20234159,0.00042273835,0.061074864,0.12345578,0.39171046,0.00035563626,0.15141357
1,3,DOUBLE,HR,0.03184085,0.02666353,0.00039773673,0.63756883,0.15526095,0.11184664,0.00012308989,0.03629835
7,4,OUT,BB,0.031095544,0.0010493948,0.0009692195,0.0005586352,0.51628524,0.33054307,0.0021524506,0.11734637
7,5,OUT,SO,0.039092366,0.007925137,0.00035680155,0.002103944,0.01635378,0.8169486,0.0072473567,0.10997198
0,7,SINGLE,OUT,0.041627366,0.013148049,0.009143529,0.002731963,0.040640317,0.33286205,0.043410633,0.51643604
5,7,SO,OUT,0.077813156,0.01590973,9.961698e-05,0.0005057127,0.007964857,0.20123817,0.028383346,0.6680854
2,4,TRIPLE,BB,0.05275426,0.12849464,0.0015322989,0.00035718188,0.43831366,0.1428319,0.00021545796,0.23550054
7,1,OUT,DOUBLE,0.084454216,0.3651543,0.0098633645,0.018592367,0.21370932,0.11970028,0.002421869,0.18610416
7,7,OUT,OUT,0.20043233,0.10843603,0.009247535,0.042942245,0.14568768,0.11583139,0.044347513,0.33307528
0,7,SINGLE,OUT,0.10866442,0.053065203,0.0010766209,0.01690194,0.075755775,0.13148664,0.0049568526,0.6080925
7,1,OUT,DOUBLE,0.121990755,0.3944087,0.0005127149,0.012944711,0.07813062,0.0783433,0.033244736,0.2804244
7,0,OUT,SINGLE,0.41783386,0.032971963,0.00043468794,0.0008304053,0.043746077,0.24807282,0.0067363777,0.24937385
5,3,SO,HR,0.07915052,0.04351344,0.000746086,0.45197266,0.04163155,0.22260918,0.023354523,0.13702203
5,4,SO,BB,0.1037351,0.055636294,9.397296e-05,0.05798106,0.3705945,0.33462745,0.0007415898,0.07659008
5,3,SO,HR,0.040104922,0.063242234,0.002082254,0.5645593,0.086651914,0.0638343,0.0034506207,0.17607449
7,1,OUT,DOUBLE,0.019136423,0.6521229,0.0013312082,0.057836354,0.027086701,0.03817363,3.0425195e-05,0.20428236
7,3,OUT,HR,0.04787216,0.064998604,0.00016039702,0.43418297,0.23521103,0.15308575,0.0008175572,0.06367157
7,5,OUT,SO,0.13696598,0.033863496,0.0019274133,0.0011702288,0.1815097,0.367273,0.11495429,0.16233587
7,1,OUT,DOUBLE,0.12752362,0.51529014,0.005012436,0.011885603,0.042022694,0.18249406,0.0032519929,0.112519555
7,4,OUT,BB,0.06892447,0.003195363,0.001641956,0.002620557,0.48849535,0.075838864,0.002399191,0.35688427
0,7,SINGLE,OUT,0.1442529,0.048147656,0.0024599214,0.010966667,0.110786445,0.2748934,0.0033332051,0.40515983
0,0,SINGLE,SINGLE,0.5290733,0.048519377,0.0037415116,0.0039170175,0.07614598,0.069427565,0.031416647,0.23775858
7,7,OUT,OUT,0.35822162,0.012158972,0.0417726,0.0013958316,0.122286044,0.09993242,0.0014485891,0.3627839
7,0,OUT,SINGLE,0.3232549,0.099568844,0.121143505,0.012182758,0.10791171,0.1728004,0.0020449897,0.16109285
7,7,OUT,OUT,0.041157078,0.028513337,0.0070009013,0.1497979,0.29723713,0.07709985,0.0027873632,0.39640647
7,4,OUT,BB,0.06853642,0.0509193,0.0012722908,0.26699367,0.3930936,0.09300755,0.0019829425,0.12419409
7,4,OUT,BB,0.1647595,0.068516046,0.018230518,0.016961489,0.30631047,0.2862317,0.0004436588,0.1385466
5,7,SO,OUT,0.13104996,0.18528971,0.018008048,0.0803643,0.05073779,0.15612876,0.008397114,0.37002438
7,4,OUT,BB,0.20869999,0.050114162,0.0126277385,0.0038846056,0.49432975,0.1137141,0.0050423094,0.111587256
7,5,OUT,SO,0.12517676,0.008618902,0.00017510145,0.0019121049,0.04800432,0.54366386,0.013531805,0.25891718
0,7,SINGLE,OUT,0.1562682,0.0011763971,0.009997779,0.014542894,0.009880075,0.35265288,0.0010264692,0.45445532
5,0,SO,SINGLE,0.5544558,0.028299542,0.010786361,0.07983832,0.06876364,0.09901256,0.010927407,0.1479163
5,0,SO,SINGLE,0.4069434,0.006693037,0.008881636,0.039947934,0.114019915,0.13800496,0.0020254964,0.2834836
7,5,OUT,SO,0.13722035,0.12504873,0.0018992343,0.04995357,0.2236749,0.28564718,0.04105677,0.13549924
5,0,SO,SINGLE,0.42364264,0.12021299,0.01891824,0.00022581054,0.021303765,0.08022313,0.0013211727,0.33415228
0,1,SINGLE,DOUBLE,0.11292051,0.5089607,0.0075448914,0.020669434,0.11891837,0.08307394,0.0021816953,0.14573048
0,1,SINGLE,DOUBLE,0.19040939,0.35516804,0.008683044,0.016219456,0.06576811,0.067685865,0.003642106,0.2924241
5,4,SO,BB,0.12427616,0.040425953,0.0016158356,0.028228054,0.48564702,0.04552202,0.0041583325,0.2701267
7,0,OUT,SINGLE,0.36453766,0.04276532,0.0029298726,0.01331295,0.020172473,0.31775838,0.012863014,0.22566031
7,4,OUT,BB,0.13454151,0.0046324795,0.015591654,0.02588468,0.40488562,0.08878211,0.002450072,0.32323185
7,0,OUT,SINGLE,0.57562345,0.017342575,0.0024300574,0.0135813905,0.06519372,0.04277617,0.008305851,0.2747468
3,4,HR,BB,0.13498035,0.1903832,0.00032798367,0.2189094,0.36256477,0.032390274,0.0015389051,0.05890517
5,0,SO,SINGLE,0.55595374,0.07601571,0.0032433998,0.01114936,0.20751683,0.09144376,0.0075558806,0.047121316
7,3,OUT,HR,0.19262785,0.13345702,0.0011358222,0.40571183,0.0040147128,0.1602477,0.0032516194,0.0995534
5,5,SO,SO,0.06297093,0.015182342,0.0021820636,0.02335949,0.16388981,0.65063924,0.0025395788,0.07923655
7,7,OUT,OUT,0.19730794,0.033100095,0.02994221,0.020579034,0.09685601,0.2969463,0.0035390896,0.32172942
7,3,OUT,HR,0.025159888,0.016672358,0.0006351911,0.74880904,0.01449891,0.10751798,0.0039636404,0.08274305
4,0,BB,SINGLE,0.57329404,0.015483124,0.0037001516,0.027245998,0.046064902,0.08847044,0.008425101,0.23731618
7,5,OUT,SO,0.17758074,0.2922668,0.008305785,0.00019778838,0.031427827,0.3472806,7.1975155e-05,0.1428685
7,5,OUT,SO,0.20517816,0.06972755,0.0105618425,0.00260312,0.035744864,0.43392763,0.0048497487,0.23740709
7,1,OUT,DOUBLE,0.22925393,0.34224582,0.023646161,0.012865899,0.06802889,0.18355867,0.0077496977,0.13265093
5,7,SO,OUT,0.1363667,0.07201196,0.0022648352,0.040581174,0.11931762,0.11537995,0.03862096,0.4754568
7,5,OUT,SO,0.15409392,0.0034353207,0.0019276376,0.031002074,0.1859123,0.36817726,0.0033930775,0.25205854
7,7,OUT,OUT,0.038492087,0.030127527,0.0019816156,0.034071896,0.056220625,0.32803273,0.0057513807,0.5053221
3,7,HR,OUT,0.22160992,0.061879616,0.0025972484,0.03295078,0.07462424,0.25710824,0.011774888,0.337455
7,1,OUT,DOUBLE,0.15151621,0.5505531,0.000833673,0.0053115436,0.097302414,0.115710996,0.0077945413,0.07097754
0,5,SINGLE,SO,0.23684534,0.071709886,0.00015258316,0.02427858,0.121535376,0.27483195,0.0002100451,0.27043623
0,1,SINGLE,DOUBLE,0.039795008,0.42602104,0.0005237959,0.16263787,0.0744755,0.07968192,0.0018040774,0.21506089
7,4,OUT,BB,0.17878145,0.002876698,0.0017092396,0.012237469,0.4930929,0.21203206,0.0020774936,0.09719268
4,4,BB,BB,0.22575876,0.0059809475,0.031138228,0.0012753648,0.48338264,0.113329455,0.0014600643,0.13767454
3,4,HR,BB,0.25348106,0.008639223,0.0001371259,0.017868023,0.5064397,0.16372032,0.00030576813,0.049408786
7,4,OUT,BB,0.071008064,0.007450096,0.010593403,0.005814327,0.5246536,0.30097142,0.006406421,0.07310271
0,7,SINGLE,OUT,0.21121879,0.01636524,0.00095200853,0.024618855,0.17496575,0.22533628,0.0052782767,0.34126472
4,0,BB,SINGLE,0.38311878,0.037564516,0.0015111014,0.09941676,0.07515335,0.11916219,0.011027581,0.27304575
7,4,OUT,BB,0.0084806625,0.00027816225,0.0008448901,0.014567803,0.821518,0.103959695,0.014608517,0.03574225
6,0,HBP,SINGLE,0.35131085,0.15776558,0.005067215,0.056979086,0.05846317,0.31945956,0.00091554003,0.050039023
4,0,BB,SINGLE,0.7560623,0.0027203734,0.00025283828,0.005614065,0.02278234,0.07859054,0.08483013,0.049147397
5,5,SO,SO,0.21114556,0.021391464,0.0001822674,0.08282127,0.12773252,0.5083622,0.011667468,0.036697276
7,5,OUT,SO,0.14523467,0.036324028,0.0016966672,0.0401681,0.02641176,0.66266304,0.06420411,0.023297526
7,3,OUT,HR,0.2217504,0.008985041,0.000514609,0.53079385,0.023777494,0.16544901,0.016891569,0.031837966
5,1,SO,DOUBLE,0.062471323,0.2592975,0.03905013,0.0005141168,0.029554823,0.25656924,0.18082708,0.17171581
4,5,BB,SO,0.09173933,0.062018216,0.01314985,0.0067926315,0.15970266,0.3326565,0.07722518,0.2567156
7,0,OUT,SINGLE,0.47329032,0.04863297,0.0030936766,0.012170333,0.029909072,0.22727264,0.0010341963,0.20459683
1,0,DOUBLE,SINGLE,0.42761773,0.010174266,2.862589e-05,0.001969907,0.15095526,0.35695794,2.7631304e-05,0.052268628
5,4,SO,BB,0.3215189,0.053262837,0.0008670343,0.00839879,0.3730783,0.12708573,0.0012125358,0.11457595
5,4,SO,BB,0.029509382,0.0036222222,0.0015322126,0.0026407437,0.6793776,0.022946155,0.07671928,0.18365242
4,5,BB,SO,0.1494706,0.031250264,0.00043548696,0.01929425,0.124516845,0.40552598,0.021535257,0.24797139
5,4,SO,BB,0.058289398,0.014274344,0.00019781142,0.017525343,0.38434452,0.2686699,0.14278163,0.11391708
7,5,OUT,SO,0.26627287,0.13658476,0.03816455,0.01577052,0.05886515,0.32630104,0.0350635,0.122977555
7,7,OUT,OUT,0.26335353,0.10864037,0.002105667,0.013729259,0.06478377,0.19679718,0.0011187603,0.34947148
5,5,SO,SO,0.12152439,0.038804088,0.001090789,0.0074955923,0.033024073,0.747373,0.0012245143,0.04946358
0,7,SINGLE,OUT,0.21453214,0.0096628675,0.0032564795,0.056348495,0.16086976,0.089568116,0.06111604,0.40464616
7,0,OUT,SINGLE,0.35240245,0.13299155,0.0015718255,0.0038744311,0.23389983,0.11984578,0.0023449825,0.1530692
0,0,SINGLE,SINGLE,0.27350414,0.05559673,0.0007651952,0.11318018,0.08087393,0.26878902,0.010910808,0.19637996
7,1,OUT,DOUBLE,0.052587833,0.55671525,0.0003395596,0.0040705283,0.16367061,0.1380596,0.00031683184,0.08423984
7,4,OUT,BB,0.23516703,0.06845606,0.024053467,0.007878287,0.27270633,0.1210575,0.045955513,0.22472583
5,7,SO,OUT,0.021888498,0.0039924635,0.006133154,0.0029725616,0.061746456,0.20472313,0.004342203,0.69420147
7,7,OUT,OUT,0.033587467,0.1089198,0.013604371,0.011026511,0.17698191,0.18311402,0.013177361,0.4595885
0,0,SINGLE,SINGLE,0.2655918,0.026445407,0.0032466713,0.17954382,0.16709279,0.23455708,0.0019373915,0.12158503
0,7,SINGLE,OUT,0.1292342,0.0863557,0.0018118278,0.008584123,0.07251781,0.18874797,0.002291865,0.5104565
7,5,OUT,SO,0.16825713,0.07036483,0.0057803225,0.0038728572,0.040639274,0.38250098,0.026346257,0.30223837
7,7,OUT,OUT,0.23712681,0.0920632,0.043698356,0.02550492,0.043142017,0.23105739,0.03064668,0.29676053
5,7,SO,OUT,0.12587646,0.0150882555,0.00780511,0.0018585243,0.29062948,0.16076931,0.00032219922,0.39765075
5,4,SO,BB,0.10973101,0.02078206,0.0147197265,0.14720184,0.30015302,0.18862943,0.043648288,0.17513464
5,5,SO,SO,0.1705389,0.014253785,0.0038194791,0.104266435,0.05252151,0.31146106,0.21469663,0.12844217
5,5,SO,SO,0.34937865,0.018114116,0.022800807,0.033488482,0.013903496,0.3722158,0.010147656,0.17995101
7,0,OUT,SINGLE,0.44866866,0.012223733,6.431737e-05,0.012486118,0.022051882,0.40815043,0.002964864,0.09338993
4,3,BB,HR,0.21919936,0.028533515,0.0011214607,0.24935673,0.1460976,0.13282081,0.00097455474,0.22189592
7,4,OUT,BB,0.07687278,0.14522436,0.0010814329,0.045519583,0.43431902,0.06750357,0.00019165958,0.22928753
7,5,OUT,SO,0.19856654,0.015709575,0.00035856463,0.0050642453,0.11745829,0.501703,0.0015203548,0.1596194
5,5,SO,SO,0.09471188,0.048259895,0.0014156639,0.057333674,0.11652956,0.57793933,0.0009505577,0.10285948
4,0,BB,SINGLE,0.42646202,0.049966726,0.005307927,0.00025651953,0.20406657,0.06559111,0.0073350677,0.24101414
1,2,DOUBLE,TRIPLE,0.059562143,0.084190086,0.658497,0.011031819,0.101568095,0.053166844,0.0006854096,0.03129862
5,0,SO,SINGLE,0.46359876,0.012301916,0.027642824,0.036654133,0.012718691,0.1250788,0.026342671,0.29566216
7,4,OUT,BB,0.20526469,0.12753877,0.00511455,0.029285546,0.28485525,0.06958725,0.010674337,0.26767948
7,0,OUT,SINGLE,0.29274255,0.2672583,0.022295712,0.08778538,0.049569454,0.14054064,0.008598161,0.13120982
7,5,OUT,SO,0.03504351,0.0075930785,0.0007505966,0.0014222562,0.109834544,0.6804361,0.0026307004,0.1622892
5,5,SO,SO,0.19166696,0.0018352673,0.0001704543,0.0010530092,0.013791975,0.49661434,0.00014710869,0.29472083
5,5,SO,SO,0.11634655,0.05287869,0.008915348,0.00040792744,0.027563505,0.62650365,0.000425241,0.16695914
7,3,OUT,HR,0.23990633,0.06198077,0.008992565,0.36746567,0.03159529,0.11680273,0.0049488856,0.16830775
5,5,SO,SO,0.12047597,0.050575458,0.0020505893,0.09277298,0.10122613,0.38920033,0.0093797725,0.23431881
5,7,SO,OUT,0.283631,0.10982559,0.020924767,0.065375224,0.028765652,0.15151718,0.022547457,0.3174131
0,4,SINGLE,BB,0.14728333,0.075111575,0.0002569744,0.0455694,0.6515481,0.029709965,0.005218756,0.045301974
7,4,OUT,BB,0.2310014,0.13456972,0.03219417,0.017755205,0.236864,0.14382447,0.041171215,0.16261978
5,4,SO,BB,0.11356279,0.06926589,0.0002572601,0.053587053,0.6148181,0.03615122,0.00016826803,0.11218936
5,5,SO,SO,0.13132761,0.061936777,0.0014563025,0.05043846,0.05801341,0.55448693,0.003448982,0.1388916
5,4,SO,BB,0.22775584,0.009771959,0.015759585,0.07920654,0.3406506,0.14785482,0.0065295096,0.17247118
7,0,OUT,SINGLE,0.44746566,0.011257481,0.0034607418,0.02275198,0.072991334,0.1785803,0.0056376946,0.25785494
5,7,SO,OUT,0.25221926,0.065762505,0.0087419255,0.00033221242,0.040204678,0.1467616,0.0019397222,0.48403817
7,2,OUT,TRIPLE,0.20911773,0.15970618,0.2933165,0.003097298,0.014972827,0.13728283,0.020392474,0.1621142
7,0,OUT,SINGLE,0.30350938,0.15112196,0.004805741,0.026080333,0.20874244,0.08722191,0.006349233,0.21216896
6,0,HBP,SINGLE,0.30055442,0.1792421,0.00047377302,0.021530444,0.16480696,0.12266076,0.0034672306,0.20726432
5,0,SO,SINGLE,0.2921918,0.25336784,0.0012852044,0.023172366,0.04331592,0.10693368,0.019854838,0.25987843
7,7,OUT,OUT,0.086185776,0.14343452,0.0009745376,0.036694407,0.13570873,0.09919123,0.010691518,0.48711923
7,0,OUT,SINGLE,0.6050994,0.0047156564,0.0017635359,0.013393456,0.0067251762,0.13250184,0.09509756,0.14070344
0,0,SINGLE,SINGLE,0.27591124,0.034171015,0.005611756,0.22198178,0.097934,0.18346758,0.0053689256,0.17555372
7,1,OUT,DOUBLE,0.12847427,0.51977026,0.00072142546,0.007321241,0.09862611,0.08340881,0.0042829816,0.15739486
0,7,SINGLE,OUT,0.27177373,0.24441934,0.0046207597,0.020411858,0.017468935,0.14113234,0.020696597,0.27947643
7,7,OUT,OUT,0.2858705,0.005005332,0.015156846,0.018201508,0.08751988,0.18130885,0.0028257305,0.40411136
5,4,SO,BB,0.050099008,0.120045185,5.260497e-05,0.017054727,0.43828034,0.16770738,0.013776357,0.19298437
7,0,OUT,SINGLE,0.5525133,0.028167704,0.00023166634,0.002331827,0.10593707,0.10440475,0.0018495505,0.20456426
0,3,SINGLE,HR,0.091143765,0.08208634,0.00018301676,0.5757605,0.084259056,0.036007464,0.00087081577,0.12968913
0,5,SINGLE,SO,0.20185831,0.2200382,0.0059272214,0.10446439,0.033921655,0.2347552,0.044381212,0.15465389
0,0,SINGLE,SINGLE,0.64074177,0.033013966,0.003093845,0.027920669,0.07632573,0.11223591,0.0009830137,0.10568509
7,5,OUT,SO,0.13636778,0.046091042,0.00045643488,0.0075176996,0.2790604,0.3681752,0.005764171,0.15656723
7,7,OUT,OUT,0.15984154,0.05064718,0.0050225714,0.05762563,0.08522144,0.07816115,0.0024745846,0.5610059
0,5,SINGLE,SO,0.25666505,0.007168975,0.00046013293,0.00039939047,0.008112621,0.4984489,0.0004193969,0.2283256
0,4,SINGLE,BB,0.1437328,0.0058683255,0.005738745,0.029009636,0.55817187,0.04755864,0.006928968,0.20299092
7,1,OUT,DOUBLE,0.21258424,0.30316937,0.008165311,0.03320377,0.09080995,0.19899584,0.004211782,0.14885975
5,7,SO,OUT,0.12682189,0.00792864,0.0077827605,0.06161058,0.14289375,0.1695016,0.0002561186,0.4832046
7,0,OUT,SINGLE,0.3379681,0.035242837,0.0057660635,0.014166248,0.17517608,0.12262236,0.0016183149,0.30743995
7,0,OUT,SINGLE,0.44214007,0.24228403,0.0089025395,0.014813905,0.016897652,0.16938785,0.013082374,0.092491575
7,0,OUT,SINGLE,0.47981843,0.018526264,0.0027604916,0.012296368,0.053348303,0.32716474,0.015199152,0.09088632
0,7,SINGLE,OUT,0.14803402,0.13657017,0.0014782945,0.0014563594,0.15500881,0.22075008,0.085670926,0.25103137
7,1,OUT,DOUBLE,0.3471555,0.35430735,0.0042424817,0.007372156,0.043721773,0.13468866,0.0008548885,0.107657194
7,1,OUT,DOUBLE,0.1995215,0.6405202,0.0031431562,0.059499927,0.037892208,0.020778043,0.0051292754,0.033515655
7,0,OUT,SINGLE,0.405945,0.05577304,0.0028948192,0.015440283,0.09530981,0.1817367,0.04029321,0.20260717
7,3,OUT,HR,0.09122017,0.0349926,0.033442535,0.3435642,0.086904705,0.23103115,0.010560784,0.16828388
0,0,SINGLE,SINGLE,0.3097777,0.308945,0.015300206,0.007088644,0.10446206,0.11669449,0.0018605443,0.13587144
0,0,SINGLE,SINGLE,0.34032753,0.09713304,0.065239824,0.030047033,0.127688,0.14606835,0.0021811423,0.19131522
5,0,SO,SINGLE,0.34423983,0.09533383,0.0013942191,0.0617916,0.14928806,0.13594773,0.0013822714,0.21062249
4,7,BB,OUT,0.23061189,0.10291173,0.00077446713,0.011139927,0.15292348,0.15330517,0.062278826,0.28605446
7,7,OUT,OUT,0.19224367,0.023746675,0.0033434248,0.004029369,0.024059715,0.038601328,0.011165665,0.70281017
5,5,SO,SO,0.03220502,0.05657195,0.0044460353,0.055649154,0.036990277,0.55846626,0.00019296064,0.25547838
5,5,SO,SO,0.13319412,0.009750728,0.003470359,0.005941865,0.10715265,0.5118665,0.00030028512,0.22832344
7,0,OUT,SINGLE,0.32137853,0.0021461246,0.0019015034,0.008726989,0.23766334,0.112237185,0.00040123038,0.3155452
7,5,OUT,SO,0.25341097,0.076995656,0.00022714814,0.014588659,0.034969043,0.36881724,0.01721133,0.23377986
4,5,BB,SO,0.26220343,0.010781832,0.00081748766,0.043434896,0.07364641,0.4040782,0.0010286875,0.20400915
7,5,OUT,SO,0.38679463,0.011565825,0.0022792437,0.057859648,0.080491126,0.39207923,0.00045652656,0.0684737
7,3,OUT,HR,0.10248172,0.07576423,0.014063655,0.35318688,0.060296524,0.041255005,0.18007992,0.17287205
7,7,OUT,OUT,0.19973156,0.08058166,0.00038365845,0.19002704,0.14641392,0.13491641,0.022621296,0.22532448
7,7,OUT,OUT,0.3257183,0.004048337,0.043065947,0.0056239027,0.008756243,0.13689315,0.025051955,0.4508421
5,7,SO,OUT,0.21280226,0.025328457,0.0052882824,0.017769009,0.047330495,0.16584212,0.06925374,0.45638564
0,7,SINGLE,OUT,0.101518884,0.010266302,0.10406507,0.011344156,0.08797501,0.17221199,0.058545865,0.45407274
7,0,OUT,SINGLE,0.39548782,0.15390506,0.012939688,0.0048060752,0.06462784,0.07820074,0.0036177842,0.286415
4,2,BB,TRIPLE,0.14002885,0.14193423,0.38041586,0.055078197,0.059076514,0.07008316,0.013512958,0.13987029
4,5,BB,SO,0.077449545,0.1757711,0.032144286,0.042377423,0.023652306,0.44726485,0.0034796116,0.1978609
1,7,DOUBLE,OUT,0.09725007,0.028274428,0.0018224027,0.026862936,0.019570518,0.15655047,0.00057256,0.66909665
5,5,SO,SO,0.008421913,0.037365537,5.7130685e-05,0.0014019384,0.0025430652,0.7401967,0.0017195772,0.20829402
5,4,SO,BB,0.07827188,0.22173126,0.00040239943,0.004284351,0.5355858,0.037222665,0.007270242,0.115231395
0,7,SINGLE,OUT,0.3092391,0.05561598,0.040898085,0.0028289526,0.10267919,0.029182892,0.011230578,0.44832522
5,6,SO,HBP,0.04782947,0.0030307216,0.0010134084,0.001042466,0.023817139,0.019007599,0.84093195,0.06332725
7,0,OUT,SINGLE,0.5320869,0.04820342,0.0022133833,0.0011658868,0.03876977,0.12745199,0.00027477913,0.2498339
7,5,OUT,SO,0.13499491,0.084885366,0.000246768,0.0035698905,0.08636216,0.61298954,0.02475659,0.052194748
0,0,SINGLE,SINGLE,0.32752404,0.16299973,0.16559772,0.011214356,0.064278945,0.047667682,0.007471472,0.21324609
7,0,OUT,SINGLE,0.8024363,0.0018795221,0.0008599964,0.0006963855,0.041177325,0.0808275,0.0029736091,0.06914933
7,5,OUT,SO,0.12348173,0.040285014,0.0013258075,0.0012139509,0.19106282,0.37900424,0.013952816,0.24967359
5,7,SO,OUT,0.16433531,0.01570712,0.002570751,0.0006190599,0.22235759,0.14771242,0.0013451332,0.44535264
7,7,OUT,OUT,0.10152773,0.0023475634,0.004559096,0.049063675,0.029757697,0.09601084,0.00025366672,0.7164798
5,0,SO,SINGLE,0.4275016,0.04579932,0.015675575,0.022367029,0.056301333,0.21188629,0.014922587,0.20554627
7,0,OUT,SINGLE,0.5957174,0.13235487,0.011019705,0.008077943,0.13482486,0.030488657,0.0040987064,0.08341788
5,7,SO,OUT,0.06987833,0.047183648,0.0010099739,0.009573642,0.18894745,0.13637841,0.021447003,0.5255816
5,7,SO,OUT,0.27351713,0.021981291,0.0040440336,0.058628324,0.17357093,0.10369579,0.008700817,0.35586175
7,7,OUT,OUT,0.25342554,0.029520545,0.00017236354,0.0012174064,0.144596,0.07206545,0.012662078,0.48634067
7,0,OUT,SINGLE,0.74807686,0.015904142,0.004558037,2.5909832e-05,0.024855409,0.019464098,8.489797e-05,0.1870305
5,3,SO,HR,0.08655948,0.22905526,0.0016207104,0.387079,0.118504696,0.07536404,0.037554786,0.06426197
7,5,OUT,SO,0.008490915,0.035626657,0.0012976773,0.052292123,0.069393024,0.7660621,0.012228166,0.05460937
7,3,OUT,HR,0.2872085,0.0021849675,0.006448178,0.46664056,0.010035739,0.097957715,0.0053999973,0.12412427
0,1,SINGLE,DOUBLE,0.07939684,0.41108102,0.024564724,0.034154788,0.33840844,0.10261348,0.000598612,0.009182124
7,5,OUT,SO,0.00074858905,0.0008043533,2.2324064e-06,1.1577094e-05,0.00019278436,0.67880785,0.020319423,0.2991133
7,5,OUT,SO,0.14973676,0.09550142,0.013878088,0.11717905,0.07673602,0.28415054,0.010238467,0.2525797
5,0,SO,SINGLE,0.46693808,0.056534257,0.00023336416,0.013837814,0.009853522,0.27146184,0.011383332,0.16975784
5,5,SO,SO,0.20792893,0.06112818,0.0008719871,0.06719635,0.10929909,0.41283572,0.0047620214,0.13597772
0,7,SINGLE,OUT,0.046143215,0.005667729,0.0010036249,0.0009025752,0.2948769,0.30671877,0.001284018,0.34340307
7,0,OUT,SINGLE,0.5916314,0.030534782,9.256105e-05,0.0073508127,0.06357962,0.13534665,0.003670625,0.16779351
3,0,HR,SINGLE,0.36970702,0.15598603,0.0069189505,0.04805661,0.05806258,0.15800156,0.025219018,0.17804831
7,7,OUT,OUT,0.050283525,0.0019266225,1.591336e-05,0.006746728,0.048842855,0.34473825,0.0021023992,0.5453438
7,7,OUT,OUT,0.15185167,0.012155403,0.01192025,0.006257194,0.02560108,0.18274398,0.0053367913,0.6041336
5,2,SO,TRIPLE,0.07151756,0.19966325,0.3060022,0.026580494,0.04868333,0.1521604,0.00070474064,0.19468792
5,5,SO,SO,0.12854001,0.008150924,0.009365151,0.0010409548,0.002944479,0.68642056,0.02145982,0.14207807
7,5,OUT,SO,0.0391535,0.05799397,0.0013922963,0.0044148895,0.003473977,0.62820715,0.022017533,0.24334663
7,0,OUT,SINGLE,0.47881964,0.033407833,0.012006636,0.015503891,0.10668517,0.08560496,0.003679132,0.2642927
5,5,SO,SO,0.050169595,0.055773407,0.0027384935,0.027984053,0.182479,0.27350968,0.25197235,0.15537338
5,3,SO,HR,0.15499915,0.0964384,0.004900545,0.33159047,0.024759706,0.14124109,0.031677403,0.21439315
7,4,OUT,BB,0.13649674,0.11561527,0.006053209,0.045209914,0.43936265,0.08050649,0.009434588,0.16732112
3,4,HR,BB,0.05667363,0.057365593,0.005488133,0.2359489,0.29485732,0.032004315,0.026049342,0.29161277
7,0,OUT,SINGLE,0.37971023,0.02126253,0.0023258426,0.0370057,0.029389445,0.19504924,0.026524456,0.30873248
7,5,OUT,SO,0.1958348,0.09841274,0.0028679415,0.05041624,0.061241504,0.3909077,0.038843747,0.1614753
7,0,OUT,SINGLE,0.37788484,0.12655297,0.0019953584,0.12470015,0.09685852,0.10935664,0.0030505043,0.15960096
7,0,OUT,SINGLE,0.39046806,0.19195874,0.012048311,0.01966227,0.0878117,0.07573858,0.0017830302,0.2205292
7,4,OUT,BB,0.110033356,0.29567477,0.008612007,0.05803879,0.3626328,0.049598113,0.042943936,0.072466254
7,7,OUT,OUT,0.1305465,0.19339682,0.042707715,0.009916313,0.1967766,0.06662474,0.0031025305,0.35692888
7,7,OUT,OUT,0.17000745,0.017000869,0.0046590054,0.001449014,0.28180942,0.12715283,0.00793817,0.3899833
0,5,SINGLE,SO,0.19870126,0.03816456,0.00016406512,0.019630127,0.08531486,0.4598344,0.02052263,0.17766802
7,0,OUT,SINGLE,0.43445525,0.018433623,0.00485575,0.007481313,0.10681083,0.076068856,0.0044323155,0.34746206
7,7,OUT,OUT,0.30595875,0.058691494,0.004266663,0.005948419,0.013710386,0.20077448,0.0034370353,0.40721288
5,0,SO,SINGLE,0.6222587,0.015802154,0.026653431,0.0055771247,0.054806035,0.11997065,0.009387075,0.14554477
0,7,SINGLE,OUT,0.1725384,0.0029161857,0.028229529,0.01027557,0.030857738,0.2806905,0.0015545442,0.4729376
7,5,OUT,SO,0.20584194,0.017835032,0.0051806457,0.22418623,0.039575905,0.2914914,0.004298803,0.21159007
0,3,SINGLE,HR,0.22565252,0.07459726,0.0014891167,0.27731243,0.02264164,0.15134247,0.012059571,0.23490502
7,4,OUT,BB,0.120659515,0.026616441,0.004251436,0.21659996,0.2747099,0.113757506,0.0008686027,0.24253662
7,3,OUT,HR,0.03787245,0.16353227,0.0037677833,0.3496199,0.08062475,0.21446149,0.011735869,0.13838552
7,5,OUT,SO,0.24196656,0.01836333,0.0074178237,0.040336233,0.05712605,0.3407336,0.003688793,0.29036754
7,7,OUT,OUT,0.16628759,0.04196764,0.023835618,0.04566964,0.04015067,0.18955098,0.0010261362,0.49151167
7,5,OUT,SO,0.023960557,0.09476143,0.00081516616,0.09335269,0.061256215,0.30580223,0.24269827,0.17735335
7,5,OUT,SO,0.0704224,0.16435446,0.0012426338,0.0528775,0.031176478,0.45763826,0.038381055,0.18390726
4,0,BB,SINGLE,0.2815484,0.12630567,0.0005516628,0.06214991,0.14639607,0.25307387,0.008622026,0.12135226
7,7,OUT,OUT,0.08363992,0.2961702,0.00024014883,0.021695413,0.08533444,0.103695184,0.010061285,0.39916342
7,5,OUT,SO,0.2209427,0.027620198,0.0016793854,0.028379586,0.025902495,0.3906372,0.13686192,0.16797653
7,4,OUT,BB,0.1079795,0.0708878,0.0011392412,0.02539223,0.28157017,0.19358379,0.15520413,0.16424309
7,0,OUT,SINGLE,0.29652798,0.042187177,0.030596502,0.022329602,0.12732257,0.27676934,0.007205324,0.19706151
7,4,OUT,BB,0.31099567,0.0046138065,0.0059531913,0.009131172,0.4086811,0.08185437,0.023180569,0.15559012
7,4,OUT,BB,0.05174337,0.042950336,0.037394103,0.12709986,0.65874845,0.034149833,0.0020115844,0.045902554
7,1,OUT,DOUBLE,0.059314273,0.27931932,0.21773091,0.20818698,0.10900033,0.055687994,0.0006685773,0.0700916
7,5,OUT,SO,0.15922222,0.009710154,0.0003665594,0.0015799495,0.0046220934,0.63035256,0.029082498,0.16506396
7,7,OUT,OUT,0.2658242,0.019275809,0.003087393,0.0027825264,0.05055223,0.044332698,0.008571243,0.6055739
7,7,OUT,OUT,0.12612997,0.057556182,0.00021632525,0.18461119,0.043670636,0.05891326,0.006110209,0.5227922
5,7,SO,OUT,0.0036246795,0.0012420017,1.7626066e-05,1.1519608e-05,0.001706502,0.019421848,3.9517017e-06,0.97397184
0,4,SINGLE,BB,0.009497573,4.646378e-05,0.00047280037,0.00051076006,0.43867108,0.123477235,0.0015432955,0.4257808
6,4,HBP,BB,0.11404034,0.101679035,0.005414417,0.11639779,0.3990845,0.08859303,0.01280507,0.16198587
0,7,SINGLE,OUT,0.053282373,0.03693793,0.0033823794,0.11958435,0.080281176,0.20099202,0.044811554,0.46072823
7,5,OUT,SO,0.1774909,0.15829147,0.0053828275,0.048308708,0.22785088,0.25273627,0.0026215506,0.1273174
7,7,OUT,OUT,0.07637541,0.08570912,0.00070008816,0.011023057,0.16806298,0.07833187,0.026314707,0.5534827
0,0,SINGLE,SINGLE,0.26345092,0.15662147,0.005268548,0.018400697,0.23292339,0.10798582,0.014697082,0.20065211
7,0,OUT,SINGLE,0.56765807,0.19235517,0.067110926,0.006318401,0.03749789,0.06220046,0.0027346064,0.06412441
5,5,SO,SO,0.031446148,0.0088393865,0.00065979495,0.011207378,0.04459384,0.80604905,0.0011749711,0.09602948
7,4,OUT,BB,0.0982187,0.019638704,0.0028357282,0.04107179,0.55158377,0.045684453,0.120433025,0.120533824
5,5,SO,SO,0.12238392,0.20055434,0.0013617655,0.0038521828,0.05935156,0.35529557,0.10457768,0.15262295
7,0,OUT,SINGLE,0.28755036,0.100632094,0.012099948,0.007164824,0.13431026,0.2065939,0.0028180634,0.24883054
7,7,OUT,OUT,0.15101442,0.013142011,0.008690658,0.0013460594,0.08727968,0.05472179,0.28379002,0.40001538
3,4,HR,BB,0.14342225,0.0033997775,0.0015281705,0.0012131584,0.6986797,0.06679745,0.0060270545,0.07893247
5,5,SO,SO,0.07750531,0.020624543,0.009158141,0.002938146,0.20517024,0.43261677,0.01144155,0.24054529
0,0,SINGLE,SINGLE,0.49304566,0.0058778296,0.00053884415,0.00030582398,0.0382045,0.16823943,0.0040655225,0.28972238
7,5,OUT,SO,0.05788581,0.001975681,0.00028602476,0.004967977,0.041794006,0.72413355,0.00010097308,0.16885589
7,0,OUT,SINGLE,0.53170973,0.0033417426,0.00015950811,0.028044924,0.15793018,0.21759132,0.0014578373,0.059764802
3,5,HR,SO,0.16597037,0.008692715,0.00034369735,0.10838475,0.13760965,0.340294,0.0033003017,0.23540452
5,0,SO,SINGLE,0.3126621,0.0016099253,0.004582954,0.031392384,0.2509824,0.2342083,0.00039386904,0.16416803
7,5,OUT,SO,0.00313402,8.9988374e-05,0.000117438176,0.0006727469,0.0017766752,0.73793215,1.1118436e-05,0.2562659
7,5,OUT,SO,0.10299728,0.030608365,0.014728809,0.25175288,0.18275817,0.2673837,0.008746354,0.14102452
7,4,OUT,BB,0.21827681,0.21697679,0.0020446181,0.0027561455,0.3387866,0.08730824,0.032783184,0.101067655
7,7,OUT,OUT,0.035200983,0.0016520029,0.0007728765,0.00867461,0.100379065,0.15298878,0.017635057,0.68269664
7,4,OUT,BB,0.1249732,0.00887541,0.016239835,0.0026312058,0.3919749,0.15025339,0.015470643,0.2895814
7,0,OUT,SINGLE,0.38116658,0.0041424707,0.0019398815,0.0035038874,0.1465611,0.24474868,0.0012250132,0.21671242
7,7,OUT,OUT,0.24337555,0.02795911,0.0040549366,0.02551504,0.27074262,0.031168163,0.0046731825,0.39251134
0,7,SINGLE,OUT,0.06284176,0.0059372783,0.019695673,0.0028451642,0.3449952,0.039026212,0.018362815,0.50629586
4,6,BB,HBP,0.16112755,0.0011076162,0.00014661088,0.00080914,0.05216153,0.014112686,0.61695564,0.15357928
7,4,OUT,BB,0.020343902,0.0013648478,2.9208444e-05,0.0022297988,0.7232732,0.009154914,0.000761687,0.24284239
7,7,OUT,OUT,0.008625384,0.037936926,0.00011704907,0.2831262,0.04465706,0.22520196,0.0049326853,0.39540273
5,5,SO,SO,0.015132464,9.5083305e-05,0.0010927105,0.0002873656,0.00584062,0.90415674,0.0009519971,0.072443046
7,7,OUT,OUT,0.36803278,0.007621521,0.0014422153,0.0048367563,0.019749915,0.15609138,0.029871214,0.4123543
5,5,SO,SO,0.11812512,0.0018619758,0.00024790948,9.706423e-05,0.0130649,0.67843044,0.00010963369,0.18806295
7,0,OUT,SINGLE,0.36441943,0.015956387,0.00050411094,0.0035278574,0.15084161,0.145957,0.00014170058,0.31865194
7,7,OUT,OUT,0.20505384,0.061475903,0.001128548,0.0008031183,0.122645095,0.18476006,0.00017548115,0.42395794
4,7,BB,OUT,0.285185,0.028858641,0.0034392707,0.004839211,0.093733825,0.11790658,0.00048716587,0.4655504
0,7,SINGLE,OUT,0.11424449,0.07410815,0.000100685684,0.0010789165,0.011898181,0.32573438,0.0017312114,0.471104
7,4,OUT,BB,0.24532028,0.019709509,0.0009758603,0.020305641,0.26866084,0.090630226,0.094012566,0.2603851
5,5,SO,SO,0.081108764,0.009062337,0.000119889984,0.016574737,0.0222981,0.48828515,0.008374556,0.3741765
0,0,SINGLE,SINGLE,0.41634837,0.029848816,0.0038076416,0.020081583,0.056684338,0.10563176,0.010977935,0.3566195
6,3,HBP,HR,0.10863273,0.10381626,0.000928438,0.31569737,0.077253915,0.07541616,0.006101926,0.31215316
7,3,OUT,HR,0.08898332,0.071750045,0.00063346134,0.34790775,0.097309306,0.23190002,0.0012906932,0.16022535
4,1,BB,DOUBLE,0.17578216,0.4670272,0.0004172997,0.07040394,0.016775107,0.056006476,0.10287244,0.11071539
5,7,SO,OUT,0.17318209,0.26249373,0.010182667,0.013322152,0.029709043,0.15560418,0.0034453494,0.35206082
5,1,SO,DOUBLE,0.06599386,0.65853536,0.0010021752,0.0072649103,0.02159704,0.121846884,0.00074209605,0.1230177
7,1,OUT,DOUBLE,0.050875004,0.35735068,0.004464577,0.02455539,0.09335749,0.24358459,0.0044481107,0.22136426
5,0,SO,SINGLE,0.7457674,0.018411728,0.0016644994,0.013858704,0.013612255,0.06458983,0.002569463,0.13952608
5,7,SO,OUT,0.11847483,0.059647582,0.00020929665,0.0377745,0.014976084,0.038992915,0.02860926,0.70131546
0,0,SINGLE,SINGLE,0.25919044,0.056270838,0.0007330996,0.19139531,0.11934527,0.08822343,0.12579164,0.15904997
7,4,OUT,BB,0.2665289,0.004568146,0.00012693493,0.02755871,0.39544833,0.17809992,0.0016628461,0.1260062
1,7,DOUBLE,OUT,0.05578864,0.22225785,0.0011120273,0.054434955,0.20942788,0.18051302,0.011009926,0.26545566
7,5,OUT,SO,0.08660501,0.09341437,0.0025796425,0.06543753,0.13796124,0.46376365,0.003939878,0.14629872
4,5,BB,SO,0.065033436,0.1054558,0.0045526694,0.015341606,0.040424895,0.69560254,0.0018878417,0.07170125
0,5,SINGLE,SO,0.019982796,0.089697294,0.007886915,0.11256434,0.015870627,0.59008807,0.0061100586,0.15779985
7,1,OUT,DOUBLE,0.26866078,0.40107182,0.03640782,0.006509997,0.01961964,0.06880646,0.0012543048,0.19766909
7,1,OUT,DOUBLE,0.16833055,0.38404173,0.00615479,0.032717925,0.02612942,0.11009833,0.011378234,0.261149
5,3,SO,HR,0.036814693,0.12725057,0.00075931323,0.37929294,0.114560634,0.28256992,0.000111965586,0.058639985
7,5,OUT,SO,0.05701344,0.1806555,0.00013203183,0.010516793,0.09191281,0.33637244,0.0011463141,0.32225063
5,7,SO,OUT,0.27747846,0.08513022,0.0005701395,0.0032004584,0.14019619,0.21155226,0.00020802603,0.28166425
5,4,SO,BB,0.09375399,0.075530834,0.009562302,0.023643143,0.36879826,0.16941409,0.0014264684,0.25787082
7,5,OUT,SO,0.016290223,0.007949659,0.00012987317,7.030789e-05,0.0015177544,0.7591201,4.2474403e-05,0.21487972
7,5,OUT,SO,0.072565824,0.0017907518,6.789561e-05,9.5102485e-05,0.0063671754,0.88025665,0.00057872804,0.03827792
0,1,SINGLE,DOUBLE,0.10553336,0.32369235,0.00011410378,0.0023576107,0.21740252,0.2112741,0.00042039153,0.13920566
0,7,SINGLE,OUT,0.116284974,0.0078374045,0.0006166602,0.17800184,0.17061256,0.16530524,0.010335724,0.35100558
5,7,SO,OUT,0.1949789,0.008145873,0.004739381,0.0076421737,0.205935,0.17437974,0.0025186676,0.40166026
7,7,OUT,OUT,0.14734256,0.004555295,0.0008697794,0.0064868242,0.233186,0.22155418,0.003268475,0.3827369
7,0,OUT,SINGLE,0.4766349,0.077827774,0.006432448,0.0051003033,0.03911842,0.11545526,0.066913396,0.21251749
5,0,SO,SINGLE,0.34712607,0.019268999,0.00241809,0.03023747,0.23835015,0.20634806,0.03873846,0.11751266
7,4,OUT,BB,0.05077574,0.0017354697,0.0004244768,0.00042507067,0.7699566,0.097184196,0.0013863931,0.07811197
5,7,SO,OUT,0.09038569,0.028271925,0.00078681536,0.0041258917,0.03172861,0.33303624,0.001326601,0.51033825
1,5,DOUBLE,SO,0.1272189,0.109959885,0.000489827,0.0118584,0.14743699,0.32905698,0.002957715,0.2710214
5,5,SO,SO,0.23321807,0.047821328,0.00035115765,0.015957389,0.0441287,0.4951671,0.00059093325,0.1627653
7,5,OUT,SO,0.031406783,0.032536197,0.0014764293,0.0035758924,0.1790441,0.6195316,0.05116339,0.08126563
7,4,OUT,BB,0.08582897,0.072380535,0.0008314201,0.021885533,0.49637538,0.24253087,0.014885375,0.06528186
7,5,OUT,SO,0.027414553,0.011114592,0.0036710908,0.05760659,0.23140538,0.4218525,0.00087294943,0.24606228
5,1,SO,DOUBLE,0.16981082,0.27905363,0.014938498,0.012320548,0.11269753,0.13359672,0.015144871,0.26243737
0,0,SINGLE,SINGLE,0.8861606,0.0029527813,0.0011085826,6.844322e-05,0.05363613,0.025820501,0.00096949533,0.029283516
0,4,SINGLE,BB,0.072485864,0.0309526,0.0005514383,5.411471e-05,0.38251337,0.22505312,0.0023681822,0.28602123
7,7,OUT,OUT,0.30358505,0.063919924,0.01075572,0.0002952006,0.06764403,0.084514566,0.0058961823,0.46338937
7,0,OUT,SINGLE,0.63794434,0.037553437,7.325662e-05,0.00038104676,0.20277958,0.007478296,0.014145985,0.09964402
7,7,OUT,OUT,0.12031099,0.0006941424,0.000848763,0.0014215813,0.026798265,0.24083553,0.000922086,0.60816866
7,7,OUT,OUT,0.07211054,0.00036842085,0.0011176344,0.008821566,0.035829213,0.11876606,0.0019646208,0.761022
4,7,BB,OUT,0.1485559,0.002520461,0.00066416035,0.003325789,0.12042565,0.20765418,0.013569328,0.5032845
5,5,SO,SO,0.07599176,0.09132862,0.0018628886,0.010504293,0.13635987,0.57852185,0.028756082,0.07667464
0,7,SINGLE,OUT,0.0661387,0.035070084,0.007499566,0.027909372,0.1958899,0.23116794,0.0023882007,0.43393624
0,7,SINGLE,OUT,0.11631969,0.017007016,0.013046536,0.043791745,0.056271896,0.08150347,0.023010524,0.6490491
5,7,SO,OUT,0.19057095,0.008881044,0.002870329,0.009928224,0.26954126,0.09799679,0.00025708956,0.4199543
0,0,SINGLE,SINGLE,0.4275739,0.0061319307,0.0047655664,0.0009274638,0.11000305,0.05920732,0.018094588,0.37329623
4,5,BB,SO,0.03141795,0.26197934,0.001321964,0.019228457,0.09766394,0.31146106,0.00667527,0.27025208
5,4,SO,BB,0.1215627,0.16912797,0.01374779,0.078509904,0.3250541,0.16392504,0.0028747802,0.12519783
5,7,SO,OUT,0.20261334,0.06435526,0.026412023,0.0032645208,0.053593922,0.026767327,0.3015288,0.3214648
5,7,SO,OUT,0.14204599,0.041064736,0.005461168,0.043252334,0.24600396,0.20770532,0.016164728,0.2983018
7,7,OUT,OUT,0.018939126,0.058472376,0.0006030344,0.0016612754,0.017059276,0.031275287,0.003827489,0.86816216
0,0,SINGLE,SINGLE,0.35746163,0.063767046,0.003035073,0.004180146,0.22545329,0.10396558,0.12396102,0.11817623
7,5,OUT,SO,0.07047725,0.0011700894,0.007383695,0.00073377544,0.1126096,0.7076396,0.0025330454,0.09745293
5,5,SO,SO,0.12521431,0.006391216,0.0011334737,0.031820413,0.12663443,0.4413339,0.0043513975,0.2631208
7,5,OUT,SO,0.16243847,0.009272628,0.003373916,0.07935404,0.17845936,0.36835328,0.00036373333,0.19838455
7,4,OUT,BB,0.026673684,0.106438205,0.0038904208,0.020156099,0.5261905,0.05041084,0.00531469,0.2609255
0,4,SINGLE,BB,0.106790684,0.050583314,0.07412163,0.0052912342,0.38815898,0.045837697,0.08963284,0.23958357
7,7,OUT,OUT,0.13824156,0.19803843,0.01651158,0.055783108,0.13269794,0.17314082,0.001478385,0.28410816
0,0,SINGLE,SINGLE,0.29350674,0.09880879,0.009171563,0.013887066,0.12164552,0.17619872,0.016524931,0.2702567
7,5,OUT,SO,0.039709635,0.018777182,0.0012573359,0.018126363,0.088012405,0.48865598,0.01558634,0.32987472
7,0,OUT,SINGLE,0.30603307,0.016837807,0.0039667976,0.0018933972,0.25723493,0.15351507,0.009366297,0.25115263
7,7,OUT,OUT,0.16783607,0.024014687,0.00093775487,0.017512871,0.21068718,0.10786445,0.006996318,0.46415067
5,7,SO,OUT,0.0068109827,0.0038144223,0.00019074585,0.03034882,0.0003921179,0.22494794,0.0027161525,0.73077875
7,7,OUT,OUT,0.189363,0.014172949,0.24984013,0.006244267,0.10568898,0.16320258,0.007997484,0.2634906
4,5,BB,SO,0.1225612,0.0018035154,0.00015781997,0.011097657,0.21563606,0.4560891,0.0007868786,0.19186774
7,7,OUT,OUT,0.25545353,0.02587692,0.0025978377,0.007297864,0.25700852,0.16319603,0.001580889,0.28698844
7,7,OUT,OUT,0.06585468,0.0021739984,0.00019217687,0.0013316871,0.04875687,0.13411663,0.00033498954,0.747239
5,7,SO,OUT,0.015349604,0.00481418,0.0002028018,0.0033916582,0.011495748,0.05724553,0.0012944352,0.9062061
0,7,SINGLE,OUT,0.1368317,0.0042893747,0.0006110196,0.003477944,0.32812878,0.11093836,0.017838256,0.39788464
5,0,SO,SINGLE,0.5763977,0.0989942,0.0006052746,0.012221045,0.086141296,0.064832084,0.062425036,0.09838338
7,7,OUT,OUT,0.1799009,0.030310465,0.0016416777,0.00065433775,0.03598574,0.35204232,0.005490998,0.39397356
0,5,SINGLE,SO,0.22263642,0.03171979,0.042548466,0.040418796,0.011284059,0.51268005,0.03546346,0.10324894
7,7,OUT,OUT,0.041030105,0.00029213558,0.0012239902,0.0005730794,0.00027658118,0.32208586,2.4042452e-05,0.6344942
1,7,DOUBLE,OUT,0.25713643,0.00637789,0.0044544153,0.21129127,0.009835275,0.19245052,0.012853953,0.30560026
0,7,SINGLE,OUT,0.24098842,0.11789209,0.0012349262,0.032749016,0.06251093,0.085737325,0.09900268,0.35988462
5,7,SO,OUT,0.16107787,0.034917835,0.0008536467,0.019375958,0.3429899,0.037699495,0.003994593,0.39909074
7,5,OUT,SO,0.1677515,0.14288743,0.0018998788,0.06522934,0.17733708,0.19613656,0.070554465,0.17820369
0,7,SINGLE,OUT,0.18838249,0.09572353,0.029303322,0.122270726,0.08807119,0.18928424,0.07117984,0.2157847
5,4,SO,BB,0.06975775,0.047239006,0.005820832,0.007108202,0.7318401,0.04169913,0.021823209,0.0747118
7,0,OUT,SINGLE,0.40518093,0.059361737,0.0047182483,0.012186874,0.036615387,0.18416397,0.00068277516,0.29709005
7,0,OUT,SINGLE,0.5940204,0.02521829,0.0001765284,0.0072408295,0.051631197,0.20510308,0.013806539,0.1028031
0,0,SINGLE,SINGLE,0.38720205,0.03304026,0.009593291,0.060967855,0.07356561,0.27864572,0.02031759,0.13666764
7,4,OUT,BB,0.0792024,0.07975326,0.007082555,0.09973125,0.44958276,0.06716026,0.004400087,0.21308745
7,7,OUT,OUT,0.18756258,0.0570619,0.00030679634,0.006082974,0.09325975,0.09010284,0.0047927676,0.5608304
7,7,OUT,OUT,0.2891879,0.004491856,0.005489219,0.06436914,0.20039578,0.11231565,0.0024416838,0.32130885
0,7,SINGLE,OUT,0.21178329,0.16880895,0.06490713,0.04050924,0.0938658,0.08774616,0.0047508245,0.3276286
7,7,OUT,OUT,0.036357366,0.0024397415,0.0007137473,0.010173989,0.029719528,0.22527866,0.025937513,0.6693795
7,0,OUT,SINGLE,0.7280057,0.009813031,0.0011012488,0.010494084,0.021893451,0.106126025,0.028480267,0.09408627
5,1,SO,DOUBLE,0.104971334,0.39483154,0.0038772428,0.008221481,0.13171193,0.18566766,0.042922102,0.12779671
5,6,SO,HBP,0.2379866,0.0836778,0.009280982,0.0024904022,0.018653302,0.23772681,0.3484623,0.061721798
7,0,OUT,SINGLE,0.35019094,0.015057467,0.00062581385,0.005495397,0.109627835,0.3348616,0.00045162448,0.1836894
7,5,OUT,SO,0.05205575,0.12070863,0.043242708,0.003481943,0.016870083,0.66763693,0.01644798,0.07955598
7,5,OUT,SO,0.07942739,0.21854395,0.0010954766,0.010759595,0.04582645,0.41437593,0.062153686,0.1678175
7,1,OUT,DOUBLE,0.075713046,0.31780043,0.0026079023,0.11923214,0.113227025,0.1318241,0.00022075092,0.23937461
7,4,OUT,BB,0.10928228,0.13228872,0.0004928804,0.13221347,0.2488411,0.21912467,0.00046888206,0.15728794
0,4,SINGLE,BB,0.09209473,0.0011702072,0.007696156,0.0006572407,0.63574666,0.17255291,0.00014791705,0.089934155
0,5,SINGLE,SO,0.22670577,0.0016667974,0.0007718797,0.0006387355,0.02989299,0.5647597,0.0004564293,0.17510766
0,0,SINGLE,SINGLE,0.30164927,0.00632623,0.0022760888,0.007666654,0.18590488,0.19678292,0.0041162106,0.29527777
7,7,OUT,OUT,0.14207011,0.10405867,0.0012448007,0.020009544,0.15328681,0.10845833,0.10997061,0.36090115
5,0,SO,SINGLE,0.34972855,0.08831928,0.005740174,0.014569983,0.03308423,0.22066656,0.045547064,0.24234416
7,4,OUT,BB,0.077929154,0.030966334,0.0032827477,0.25569233,0.30626106,0.07867607,0.061859485,0.18533275
7,5,OUT,SO,0.107631326,0.04776676,0.0001177285,0.18352553,0.05956844,0.47924787,0.007255499,0.114886865
0,1,SINGLE,DOUBLE,0.16371393,0.44761077,0.027063837,0.046966903,0.024705084,0.0848426,0.025748566,0.17934832
7,0,OUT,SINGLE,0.4193084,0.06481307,0.00029919556,0.09902697,0.050682858,0.088929765,0.0126452,0.26429453
7,4,OUT,BB,0.23122984,0.2047764,0.0024357208,0.043335978,0.28369123,0.16618706,0.0097681815,0.058575686
7,7,OUT,OUT,0.20358945,0.04386807,8.482533e-05,0.0024016167,0.13548051,0.25210348,0.00020633817,0.3622657
4,7,BB,OUT,0.071281254,0.11128025,0.008470297,0.0007374092,0.023310374,0.20071451,0.0003094253,0.58389646
7,0,OUT,SINGLE,0.3013487,0.05061661,0.0010797346,0.0072315093,0.17170268,0.17376895,0.0007020619,0.2935497
6,0,HBP,SINGLE,0.5417136,0.031419322,0.015613221,0.009908536,0.07163202,0.16374905,0.016203258,0.14976093
7,0,OUT,SINGLE,0.39869303,0.026076702,0.0006565586,0.002034886,0.018939253,0.27631763,0.0039043103,0.27337757
6,7,HBP,OUT,0.21148424,0.08773718,0.011184022,0.14385779,0.12575516,0.13594621,0.043269545,0.24076585
7,7,OUT,OUT,0.14142351,0.09750233,0.008129294,0.012163317,0.20965767,0.10492901,0.13876821,0.28742665
0,3,SINGLE,HR,0.1481026,0.042254016,0.0008331909,0.53603756,0.030745132,0.08553003,0.0010937798,0.1554037
0,5,SINGLE,SO,0.1561032,0.017341042,0.00094574457,0.0070297564,0.070133775,0.5862702,0.0061501847,0.1560261
7,5,OUT,SO,0.22618091,0.066814035,0.0041697645,0.0188046,0.040713593,0.40617368,0.0078011933,0.22934227
7,0,OUT,SINGLE,0.8247127,0.009414374,0.007010689,0.0005657042,0.043955885,0.07155654,0.00040093344,0.042383134
7,0,OUT,SINGLE,0.67771935,0.00057934166,0.0002469301,0.004356336,0.010905063,0.12708737,0.0024838608,0.17662184
0,0,SINGLE,SINGLE,0.39324817,0.019955773,0.14092408,0.02305868,0.056725524,0.15964313,0.06179555,0.14464901
0,7,SINGLE,OUT,0.20747098,0.0843285,0.00317983,0.022430751,0.047928587,0.29371855,0.00056670135,0.3403761
7,0,OUT,SINGLE,0.3494657,0.08491344,0.014288745,0.025476208,0.094628386,0.23568153,0.008513095,0.18703294
0,0,SINGLE,SINGLE,0.44886595,0.002495522,0.0001306954,0.0018347169,0.1367531,0.15409148,0.014134522,0.2416941
5,7,SO,OUT,0.0855384,0.061680753,0.107688405,0.0044913916,0.017253153,0.30100465,0.0007727033,0.42157045
7,5,OUT,SO,0.07830901,0.013305755,0.003390595,0.0012860462,0.0103621185,0.7051548,0.0015216264,0.18667006
4,7,BB,OUT,0.10390303,0.08076375,0.02544399,0.023670267,0.24828848,0.14318915,0.010055414,0.36468592
1,0,DOUBLE,SINGLE,0.5216249,0.031978443,0.00096151023,0.11031928,0.07997146,0.1884656,0.015565129,0.051113613
5,0,SO,SINGLE,0.42098308,0.010983945,0.00041712075,0.011164221,0.14791965,0.22898027,0.011632251,0.16791946
5,5,SO,SO,0.21812427,0.07191485,0.0026885318,0.0035738014,0.14493848,0.33933762,0.0013148672,0.21810758
4,4,BB,BB,0.15790981,0.04474649,0.00038877153,0.16114087,0.4110699,0.046468966,0.001458928,0.17681628
7,5,OUT,SO,0.14504881,0.010562922,0.018937593,0.00705354,0.01659016,0.47680783,0.0014278257,0.32357126
0,4,SINGLE,BB,0.16521673,0.0107435575,0.06008021,0.014930658,0.32672432,0.22573209,0.033190746,0.16338159
7,0,OUT,SINGLE,0.55571777,0.0026306396,0.0005372798,0.1753363,0.0405829,0.024515733,0.016850043,0.18382935
7,4,OUT,BB,0.07024155,0.13571018,0.014376765,0.25968397,0.29992056,0.027979761,0.010677874,0.1814094
3,4,HR,BB,0.05990842,0.0035721231,0.0014679242,0.060478415,0.71709263,0.061887767,0.04388278,0.051709954
7,7,OUT,OUT,0.24299927,0.12144013,1.7915056e-05,0.00039643003,0.25538516,0.07752395,0.000108423636,0.30212885
1,0,DOUBLE,SINGLE,0.25769186,0.14541698,0.00042792136,0.23579669,0.07835457,0.17734225,0.00018000747,0.10478969
5,5,SO,SO,0.026773732,0.08693784,0.0077892696,0.049912594,0.0226604,0.67012465,0.047909852,0.08789162
0,5,SINGLE,SO,0.08476813,0.001048165,0.00041474635,0.0001611194,0.008173576,0.7718675,0.0004157068,0.13315102
5,3,SO,HR,0.061390247,0.01603387,0.0018439011,0.3849733,0.16742685,0.26702687,0.022764169,0.078540854
7,4,OUT,BB,0.09253565,0.1224282,0.033049878,0.01035573,0.42890245,0.15009971,0.011764957,0.15086338
7,7,OUT,OUT,0.2696443,0.034442637,0.000357655,0.0148160495,0.014553673,0.05421591,0.001973097,0.6099966
4,7,BB,OUT,0.2060248,0.033698976,0.006186963,0.025879413,0.21151741,0.0943988,0.07127225,0.3510215
5,7,SO,OUT,0.10139443,0.16347627,0.08715735,0.0061692223,0.049069323,0.24325563,0.002717977,0.34675977
7,7,OUT,OUT,0.15639856,0.008972678,0.0025921913,0.022350695,0.27069807,0.17530552,0.037485212,0.32619706
4,5,BB,SO,0.083335824,0.005399775,0.0020341636,0.0576347,0.03312143,0.4979067,0.009631509,0.3109359
0,5,SINGLE,SO,0.08940136,0.056759365,0.020592436,0.08388343,0.139713,0.40822622,0.013760279,0.18766393
7,5,OUT,SO,0.061332706,0.029178483,0.0070085125,0.01566428,0.1080019,0.4288265,0.008705144,0.34128252
7,4,OUT,BB,0.27239123,0.008099683,0.0004744678,0.0046772324,0.32788274,0.062965386,0.0020600914,0.32144922
5,1,SO,DOUBLE,0.19054665,0.30244762,0.018470135,0.032563675,0.168643,0.052091025,0.012522871,0.22271487
7,4,OUT,BB,0.07041366,0.044025328,0.0013794939,0.31290185,0.3732944,0.07468221,0.03733221,0.08597079
3,3,HR,HR,0.02370667,0.004394165,0.000363959,0.8504371,0.0034856412,0.085282244,0.0009821483,0.031347997
7,5,OUT,SO,0.036169894,0.10280386,0.0047225016,0.27727714,0.044761166,0.2980624,0.018468812,0.21773423
5,7,SO,OUT,0.19691563,0.002479224,0.06490675,0.0073719025,0.042566888,0.3393788,0.0011399868,0.34524077
7,7,OUT,OUT,0.03837812,0.00972602,0.001118409,0.014663704,0.01887063,0.029060395,0.002712255,0.88547045
0,3,SINGLE,HR,0.09167641,0.12832874,0.0010003924,0.49359497,0.07290888,0.030534253,0.0041048266,0.17785157
7,5,OUT,SO,0.25241005,0.04179284,0.0028763723,0.01638643,0.10267376,0.39383724,0.08969037,0.100332946
7,4,OUT,BB,0.13184762,0.013493276,0.0011250785,0.03654023,0.384598,0.055810273,0.030419497,0.34616604
0,5,SINGLE,SO,0.15616712,0.03131074,0.0017260269,0.052440636,0.025997264,0.45786092,0.004671702,0.26982555
4,0,BB,SINGLE,0.41991112,0.0049310112,0.00022962067,0.033951372,0.1686119,0.121826656,0.00014350688,0.2503948
7,7,OUT,OUT,0.035298474,0.13332915,0.00012748431,0.05016157,0.0040116925,0.077980235,0.008458021,0.6906334
7,7,OUT,OUT,0.048799288,0.024467172,0.0018057855,0.014837543,0.18794532,0.18656401,0.0013098693,0.534271
0,7,SINGLE,OUT,0.028165637,0.04440088,0.0015603238,0.049576942,0.24871714,0.06714617,0.0015840182,0.5588489
0,7,SINGLE,OUT,0.14348018,0.22987774,0.035759892,0.055724815,0.09178463,0.107683085,0.008918662,0.32677108
4,3,BB,HR,0.0067863953,0.43869492,3.2816235e-05,0.5164103,0.0078078983,0.007996496,0.0019322494,0.020338897
7,4,OUT,BB,0.04760354,0.037558377,0.0011955085,0.3368648,0.47541195,0.071048,0.00026379892,0.030054104
4,3,BB,HR,0.031626925,0.027177837,0.01095683,0.38916105,0.21268003,0.15762259,0.055020776,0.11575394
7,0,OUT,SINGLE,0.30835703,0.07518059,0.003422373,0.040366195,0.017393654,0.23647922,0.042521942,0.27627897
7,0,OUT,SINGLE,0.41291994,0.020446384,0.0013227481,0.014397865,0.14163858,0.1716296,0.04687599,0.19076891
5,0,SO,SINGLE,0.42238072,0.008551235,0.0015002518,0.005277277,0.1671133,0.24355064,0.0024440112,0.14918253
7,0,OUT,SINGLE,0.30464256,0.006950554,0.0013482817,0.19944558,0.27677634,0.055170216,0.021152938,0.13451347
5,3,SO,HR,0.03121533,0.03868171,0.0002507323,0.38449362,0.22803783,0.082181215,0.0011535957,0.23398605
5,3,SO,HR,0.009145955,0.065805934,0.020995677,0.43530375,0.051593665,0.2743319,0.005144771,0.13767834
7,0,OUT,SINGLE,0.29254052,0.0069861305,0.0052138525,0.054070827,0.021222157,0.20529787,0.19315718,0.22151141
7,5,OUT,SO,0.08441446,0.0030376231,0.14401391,0.019693552,0.07246023,0.35363322,0.014237658,0.30850932
4,4,BB,BB,0.1534616,0.02049172,0.0016422449,0.097301066,0.33095703,0.21159174,0.02317788,0.16137682
7,5,OUT,SO,0.2253121,0.049961124,0.048830308,0.0051283664,0.07663831,0.35649833,0.046826776,0.19080476
7,7,OUT,OUT,0.097896464,0.012030184,0.0013229102,0.001806184,0.07631369,0.22787808,0.007533471,0.575219
5,7,SO,OUT,0.13098556,0.021261688,0.0049887244,0.0744474,0.023439622,0.2529992,0.013440447,0.4784373
7,7,OUT,OUT,0.13504632,0.03235415,0.0025793647,0.24694769,0.07079343,0.10849217,0.0008929072,0.402894
0,4,SINGLE,BB,0.23511809,0.070964254,0.0020829174,0.070497446,0.35997277,0.10615637,0.0057129553,0.14949517
7,7,OUT,OUT,0.01723038,0.00042232353,0.00031226798,1.7035867e-05,0.001863226,0.16709203,0.019706436,0.79335636
0,4,SINGLE,BB,0.009203392,0.00016303922,0.0003699136,0.0030502426,0.59266555,0.14372078,0.001255788,0.24957125
7,4,OUT,BB,0.036861554,0.10510175,0.001934245,0.12704915,0.5020367,0.058702346,8.3402505e-05,0.16823088
7,7,OUT,OUT,0.13659686,0.010542706,0.008489936,0.0004081943,0.015740834,0.053214423,0.0003655964,0.77464145
5,6,SO,HBP,0.1032515,0.014519953,0.00045426324,0.0012871355,0.053672407,0.100772426,0.6891279,0.036914412
7,0,OUT,SINGLE,0.37062117,0.09170283,0.0014960623,0.0434302,0.04526242,0.18856972,0.010919749,0.24799773
7,5,OUT,SO,0.32393444,0.046053436,0.011500616,0.0055711498,0.011050055,0.4319766,0.00054065837,0.169373
7,7,OUT,OUT,0.16857305,0.064567,0.0008956954,0.06345227,0.07336825,0.13690707,0.003024665,0.48921204
7,0,OUT,SINGLE,0.51577103,0.015258584,0.003658653,0.001841842,0.023645211,0.36373284,0.0019613823,0.074130416
7,5,OUT,SO,0.0424273,0.060207006,0.0026207422,0.0074575916,0.023345439,0.43534216,0.00060968404,0.42799005
1,7,DOUBLE,OUT,0.23570941,0.012655445,0.007858212,0.06474608,0.037205547,0.28058535,0.033614326,0.3276256
3,4,HR,BB,0.18904375,0.13047066,0.0013683173,0.009176415,0.34523264,0.16926558,0.0013371289,0.15410554
5,4,SO,BB,0.061910488,0.14492048,0.00019047006,0.0015762261,0.6848055,0.049241263,0.0032536418,0.054101944
7,7,OUT,OUT,0.16613762,0.045093868,0.16911761,0.007734585,0.2336141,0.07794135,0.0022781054,0.29808268
0,3,SINGLE,HR,0.06884491,0.018486952,0.081144735,0.7670504,0.004960726,0.037050582,0.0022374974,0.02022419
5,7,SO,OUT,0.32285506,0.0069624335,0.008342479,0.00025563213,0.0035523598,0.10766876,0.004904688,0.54545856
1,0,DOUBLE,SINGLE,0.60190105,0.04452796,0.0019223313,0.11905078,0.015922528,0.029864963,0.003421933,0.1833885
7,4,OUT,BB,0.115430884,0.004953491,0.0010581444,0.023160404,0.51384914,0.15347122,0.0002566422,0.18782006
7,3,OUT,HR,0.14510073,0.067893885,0.0060645896,0.3690767,0.01637052,0.2240822,0.0013158567,0.17009544
7,7,OUT,OUT,0.23923731,0.20897722,0.0042927586,0.0073003974,0.08299308,0.12156138,0.0013241185,0.33431372
7,7,OUT,OUT,0.14912502,0.028634802,0.022534134,0.024392918,0.2800999,0.048168387,0.024024997,0.42301974
7,7,OUT,OUT,0.2087737,0.04593744,0.00042400978,0.00796717,0.0058454284,0.25436768,0.0007428712,0.4759416
4,0,BB,SINGLE,0.4503475,0.026778406,0.0046245744,0.091092326,0.03211611,0.14586076,0.006279244,0.24290098
0,7,SINGLE,OUT,0.14067413,0.09336037,0.004738033,0.01120332,0.018583693,0.22310162,0.0037912412,0.50454766
7,0,OUT,SINGLE,0.5728041,0.17628762,0.0020366122,0.020259313,0.028537424,0.047106795,0.000519614,0.15244856
0,0,SINGLE,SINGLE,0.4288588,0.02535526,0.0032048286,0.26101938,0.027816318,0.16460626,0.0126298275,0.07650934
5,5,SO,SO,0.11035651,0.0061886837,0.00021006956,0.20366661,0.0057743983,0.4394796,0.004436902,0.22988722
7,4,OUT,BB,0.12943277,0.029814148,0.0011900687,0.18485607,0.3741198,0.19779323,0.0008163469,0.08197762
7,7,OUT,OUT,0.19246693,0.1523728,0.003240354,0.019900845,0.07754828,0.19390188,0.0040152594,0.35655352
5,7,SO,OUT,0.25422153,0.0754829,0.0884746,0.028421951,0.15863362,0.12899928,0.0003679654,0.26539814
7,5,OUT,SO,0.10026121,0.046265725,0.004897932,0.059643526,0.26713273,0.31585753,0.017017871,0.18892346
5,5,SO,SO,0.17689106,0.012855559,0.016184976,0.20841318,0.005534485,0.2907051,0.008143775,0.28127176
7,4,OUT,BB,0.08335999,0.049222022,0.004024185,0.022278976,0.56631595,0.09816878,0.0026359404,0.1739942
7,4,OUT,BB,0.19745824,0.059221752,0.0012112404,0.20655134,0.24585384,0.16584152,0.013509059,0.11035306
5,5,SO,SO,0.09639274,0.016639879,0.0020550732,0.06233442,0.13515149,0.48770738,0.020119546,0.1795994
1,4,DOUBLE,BB,0.1686296,0.053917203,0.019008033,0.004643285,0.32420674,0.2784268,0.03419678,0.11697156
7,4,OUT,BB,0.105696745,0.0068824193,0.0032479134,0.00011404756,0.78371114,0.07205152,0.007603889,0.020692242
5,0,SO,SINGLE,0.5052954,0.048097834,0.00032872733,0.0011668704,0.021429304,0.33276013,0.0446953,0.046226483
7,0,OUT,SINGLE,0.37672877,0.020929147,0.032744493,0.0054739374,0.22072844,0.1094126,0.19730116,0.0366813
7,0,OUT,SINGLE,0.69297945,0.039373774,0.025555847,0.00047238276,0.09067989,0.041995525,0.013278945,0.095664196
5,5,SO,SO,0.038347874,0.022095004,0.00030013497,0.06798835,0.3179848,0.37097988,0.12222536,0.060078584
7,0,OUT,SINGLE,0.59538275,0.0018839333,0.00095255685,0.0014967792,0.018764473,0.3014598,0.008754151,0.0713055
5,4,SO,BB,0.02438802,0.013993324,0.0002694735,0.008821034,0.6624201,0.22154632,0.017632358,0.05092927
4,7,BB,OUT,0.076929666,0.0019657419,0.00015692893,0.004660378,0.18561836,0.02644553,0.00011032961,0.70411307
1,0,DOUBLE,SINGLE,0.38316363,0.11617319,0.00029651893,0.084902234,0.17668432,0.13681026,0.00027871146,0.10169114
0,7,SINGLE,OUT,0.09916141,0.15302512,0.0027871234,0.017592553,0.10850341,0.22802335,0.0028910195,0.38801602
4,0,BB,SINGLE,0.3073258,0.16234277,0.0012749268,0.019421985,0.24293941,0.20561682,0.0005204589,0.06055776
5,4,SO,BB,0.17881355,0.12312492,0.0051392806,0.0063252463,0.343319,0.13510221,0.0012233269,0.20695253
7,1,OUT,DOUBLE,0.14710663,0.2441191,0.13414639,0.017445182,0.14472044,0.13387649,0.042677507,0.13590816
7,7,OUT,OUT,0.078217484,0.0018036738,0.007456646,0.0005266384,0.004566379,0.16224134,0.00089370285,0.7442941
5,2,SO,TRIPLE,0.13519275,0.23871289,0.2829246,0.0011780881,0.07714409,0.11107084,0.033088498,0.12068822
7,7,OUT,OUT,0.06862866,0.022880534,0.004807879,0.009064038,0.008565076,0.062408924,0.38862544,0.4350194
7,7,OUT,OUT,0.028967025,0.0054560495,0.00033073412,0.07174941,0.18929271,0.104936525,0.000125656,0.59914184
7,0,OUT,SINGLE,0.5107415,0.023673557,0.006548778,0.0018408545,0.02647571,0.26141906,0.0047672056,0.16453338
5,1,SO,DOUBLE,0.09370591,0.6406671,0.0025906505,0.008959757,0.044680335,0.045871396,0.0015419438,0.16198298
5,1,SO,DOUBLE,0.14913614,0.34067267,0.0031318427,0.078599095,0.09393782,0.12642737,0.006990666,0.2011044
7,0,OUT,SINGLE,0.32733458,0.14986327,0.012144634,0.0050143143,0.046432383,0.12252543,0.014690221,0.32199523
7,4,OUT,BB,0.12490543,0.2704858,0.012741664,0.0052830237,0.30069715,0.08657482,0.022787483,0.1765247
7,4,OUT,BB,0.09911723,0.0089679165,0.0010540348,0.22237368,0.504108,0.12546596,0.00012565298,0.038787547
5,4,SO,BB,0.029730458,0.0031122172,0.000549563,0.022837717,0.51611924,0.1511,0.031006826,0.24554397
5,0,SO,SINGLE,0.58118963,0.022016456,0.04888278,0.00085534254,0.005794493,0.2062588,0.0018983365,0.13310409
7,7,OUT,OUT,0.17937362,0.02970475,0.0012694884,0.008823878,0.012141851,0.14922793,0.006851878,0.61260664
0,4,SINGLE,BB,0.26552233,0.009756487,0.017112765,0.0019879888,0.5069807,0.04143551,0.004307478,0.1528967
7,7,OUT,OUT,0.16706952,0.0101784775,0.00031298905,0.0009204889,0.22033738,0.105433956,0.00012861525,0.4956187
0,4,SINGLE,BB,0.13736846,0.07180622,0.0030111114,0.02362048,0.4743113,0.025884047,0.0016005463,0.2623978
4,4,BB,BB,0.32546335,0.08105255,0.010622405,0.0053639105,0.33051577,0.08912304,0.10818997,0.04966907
5,7,SO,OUT,0.066822335,0.008768011,0.0024267884,0.0258267,0.02803106,0.17138314,0.029226124,0.6675159
7,0,OUT,SINGLE,0.46061662,0.008923765,0.00050327944,0.0113861,0.049845237,0.15809667,0.052454453,0.25817388
7,5,OUT,SO,0.16600004,0.0041153217,0.001118951,0.08673616,0.04059865,0.34181014,0.038941797,0.32067898
7,7,OUT,OUT,0.09059454,0.023973968,0.0005002349,0.021921024,0.38742247,0.06865644,0.0007490393,0.4061823
7,7,OUT,OUT,0.27581865,0.02574526,0.058122005,0.01899975,0.09618629,0.066798665,0.003888877,0.4544404
7,4,OUT,BB,0.055545673,0.015524955,0.0008110001,0.009692207,0.54375875,0.082062714,0.0012157522,0.29138887
1,7,DOUBLE,OUT,0.03482496,0.10294844,0.0052952296,0.0015318207,0.03446374,0.19282481,0.008321164,0.6197899
4,7,BB,OUT,0.08634349,0.007162959,0.009001833,0.08234428,0.07012608,0.22764374,0.00015726972,0.5172203
7,7,OUT,OUT,0.24902532,0.0786513,0.006588876,0.0041663772,0.035723127,0.27652076,0.0103698205,0.33895448
3,4,HR,BB,0.19513144,0.010477118,0.0008013174,0.03724122,0.5261487,0.087938644,0.008621047,0.13364053
5,3,SO,HR,0.22138005,0.0070970147,0.00034169792,0.3219602,0.19913402,0.135426,0.01733146,0.097329475
7,4,OUT,BB,0.11848685,0.084493704,0.0060025332,0.060517605,0.2900688,0.20393455,0.042764887,0.19373107
0,0,SINGLE,SINGLE,0.35962602,0.031342667,0.0045536594,0.021201197,0.2315943,0.16134378,0.009470804,0.18086751
7,5,OUT,SO,0.17442463,0.0067549213,0.05216109,0.0035822499,0.083748,0.40241998,0.004329322,0.27257982
0,5,SINGLE,SO,0.23535064,0.034093406,0.0016914306,0.0015075908,0.07756913,0.4992453,0.006309571,0.14423297
7,0,OUT,SINGLE,0.41767415,0.14963217,0.004494173,0.042306744,0.032034203,0.16884398,0.0073120743,0.17770247
4,5,BB,SO,0.1337124,0.14272714,0.020325406,0.0005861427,0.20022947,0.469245,0.007973338,0.025201127
7,5,OUT,SO,0.049749635,0.020445643,0.009747942,0.0024016865,0.04070846,0.65221786,0.0008409585,0.22388785
5,5,SO,SO,0.3449069,0.024707697,0.03929184,0.007830251,0.07581676,0.34848484,0.004553485,0.15440822
0,0,SINGLE,SINGLE,0.4722599,0.023744607,0.00016630547,0.011638598,0.06539131,0.18712103,0.080734655,0.15894362
7,6,OUT,HBP,0.071134575,0.20811163,0.0009172855,0.015348402,0.15794103,0.1317394,0.31917533,0.09563239
7,1,OUT,DOUBLE,0.16331567,0.39960733,0.05432416,0.008115696,0.015923893,0.062139347,0.068289585,0.2282843
4,7,BB,OUT,0.1489567,0.018717438,0.12469166,0.041716695,0.2376999,0.11970139,0.0043014544,0.30421472
7,0,OUT,SINGLE,0.8450519,0.0008000744,0.005579667,0.0025232413,0.020445999,0.03298932,2.7021742e-05,0.092582755
0,1,SINGLE,DOUBLE,0.13411693,0.58211243,0.036318205,0.015162894,0.029699666,0.033560336,0.017665025,0.1513645
0,7,SINGLE,OUT,0.22563809,0.106607944,0.002461704,0.0057491893,0.12028434,0.19533141,0.0036813202,0.34024608
3,4,HR,BB,0.19059676,0.14893454,0.00197525,0.04839586,0.23168834,0.14899138,0.013011547,0.21640636
7,7,OUT,OUT,0.09661716,0.26569048,0.010098379,0.026591387,0.09123389,0.18227907,0.013871684,0.31361794
5,7,SO,OUT,0.39428893,0.011742807,0.00022871696,0.008311664,0.001251156,0.055410594,0.0005464202,0.52821976
4,0,BB,SINGLE,0.35323995,0.09116259,0.0039442913,0.16435203,0.046403397,0.070197076,0.013505308,0.25719535
7,0,OUT,SINGLE,0.4735028,0.0039095567,0.0022091165,0.0024689669,0.029716533,0.20787705,0.00091060647,0.27940542
4,0,BB,SINGLE,0.5309621,0.13959046,0.00028810083,0.101435415,0.011337044,0.07270905,0.000416837,0.14326091
5,0,SO,SINGLE,0.55043864,0.05665277,0.0019910256,0.055530906,0.00552812,0.18568106,0.005747466,0.13842992
0,7,SINGLE,OUT,0.34142175,0.025782742,0.0030794225,0.009361747,0.0064398022,0.20510319,0.006707123,0.4021042
7,0,OUT,SINGLE,0.64165336,0.018057222,0.0030878782,0.048010223,0.123587534,0.012288121,0.00070051267,0.15261514
7,5,OUT,SO,0.09639211,0.0016975837,0.026822297,0.0060976697,0.056991726,0.52290857,0.0027817213,0.28630826
0,5,SINGLE,SO,0.23574847,0.19875522,0.0039477483,0.06760223,0.12713923,0.2403322,0.005213456,0.12126141
5,0,SO,SINGLE,0.4153236,0.03879581,0.014513272,0.015614496,0.13678046,0.11670372,0.0015779148,0.26069078
7,0,OUT,SINGLE,0.50626534,0.05368435,0.00249365,0.0025859103,0.037657514,0.20985515,7.89804e-05,0.18737894
7,7,OUT,OUT,0.083936796,0.06524952,0.001040107,0.005802394,0.024126407,0.27351734,0.0125374915,0.53378993
5,3,SO,HR,0.21719033,0.15012093,0.0037826928,0.38587645,0.09226447,0.070394725,0.0052817627,0.07508875
7,5,OUT,SO,0.025061391,0.026082069,0.0023712746,0.0064538904,0.028935958,0.7946075,0.00016040876,0.11632756
7,4,OUT,BB,0.041579362,0.048120633,0.0029612158,0.00015739007,0.6717295,0.051412992,0.000529681,0.1835092
7,4,OUT,BB,0.12620062,0.029729778,0.0034406085,0.03134639,0.52463144,0.0705784,0.003424145,0.2106486
7,7,OUT,OUT,0.07559756,0.0672977,0.0041031013,0.00487837,0.20231074,0.26301995,0.0028005454,0.379992
7,5,OUT,SO,0.045839153,0.14980714,0.008609664,0.0027969244,0.22944807,0.41309935,0.0031517702,0.14724796
4,7,BB,OUT,0.11756223,0.04169507,0.00028057783,0.0069750757,0.2096326,0.13522488,0.129872,0.35875762
7,7,OUT,OUT,0.23062198,0.046606537,0.0010326586,0.0017098436,0.12740296,0.21376759,0.0011441581,0.37771428
7,7,OUT,OUT,0.22848772,0.12094931,0.0006660204,0.0028882392,0.27497813,0.09472071,0.0013110687,0.27599883
7,2,OUT,TRIPLE,0.26211223,0.011310918,0.27052635,0.0399843,0.03767645,0.10454838,0.035137102,0.23870434
7,1,OUT,DOUBLE,0.20092286,0.5110668,0.005935957,0.0030447857,0.17939906,0.017735494,0.0009937261,0.08090136
7,0,OUT,SINGLE,0.6725286,0.012659017,0.0004981728,0.0041811606,0.015034088,0.17915446,0.00040152867,0.115542926
7,5,OUT,SO,0.07110759,0.21855228,0.00014105155,0.0032822175,0.013100479,0.3835944,0.0003144959,0.3099075
7,5,OUT,SO,0.18820061,0.092933975,0.0044189855,0.022153858,0.17923778,0.34749976,0.0013897371,0.16416527
7,4,OUT,BB,0.058767974,0.26097822,0.0057871398,0.00078637345,0.42376423,0.07952313,0.08421211,0.08618082
0,5,SINGLE,SO,0.08543286,0.027567562,0.0026519035,0.105652235,0.028927693,0.5123096,0.032127615,0.20533045
5,0,SO,SINGLE,0.7030344,0.010538357,0.006853047,0.009816377,0.05794891,0.1594064,0.0004520251,0.051950365
7,4,OUT,BB,0.03946243,0.12741286,0.004534912,0.07734474,0.38802737,0.20105761,0.00931587,0.15284416
7,4,OUT,BB,0.19333214,0.0011837055,0.00025385476,0.11932899,0.32928833,0.29291576,0.002480305,0.061216876
7,5,OUT,SO,0.03840002,0.000100609475,0.0004976146,0.16690028,0.25888023,0.32243353,0.00085759925,0.2119301
0,4,SINGLE,BB,0.073622584,0.026782501,7.9371806e-05,0.23540972,0.5340544,0.05237698,0.0002178498,0.07745656
7,4,OUT,BB,0.122457676,0.011661537,0.0021687823,0.11451174,0.34306338,0.086350605,0.0056249136,0.31416136
0,3,SINGLE,HR,0.048298214,0.0036182692,0.00012318027,0.70924616,0.0027724619,0.086134546,0.00067557505,0.14913169
1,3,DOUBLE,HR,0.2083438,0.023649711,0.002037237,0.417717,0.1348869,0.13940069,0.00010367217,0.07386098
7,7,OUT,OUT,0.1404148,0.14790462,0.013974003,0.22972351,0.10921773,0.0403488,0.045417733,0.27299875
7,0,OUT,SINGLE,0.39875132,0.03355578,0.00031367104,0.20347504,0.15536891,0.10685227,0.0008840548,0.100798875
7,1,OUT,DOUBLE,0.09594651,0.44872677,0.007412166,0.0006705414,0.022413129,0.2711732,0.0031023046,0.15055542
7,5,OUT,SO,0.058608454,0.03392377,0.007831079,0.23775268,0.13066019,0.47081923,0.00012215172,0.060282405
0,5,SINGLE,SO,0.36058733,0.01915726,0.00079973124,0.0004569096,0.007272177,0.4739711,0.0001686864,0.13758671
7,7,OUT,OUT,0.17760624,0.026770527,0.0009219503,0.09574778,0.15690175,0.16701902,0.008551804,0.36648092
0,0,SINGLE,SINGLE,0.39297682,0.026812838,0.0004625629,0.24999188,0.14124912,0.095137045,0.015211782,0.07815791
7,5,OUT,SO,0.12680176,0.09748103,0.13147555,0.03149002,0.018605018,0.40505835,9.773871e-05,0.1889906
4,1,BB,DOUBLE,0.12202251,0.31943285,0.00034305145,0.024182519,0.20549814,0.007196337,0.031434573,0.28989005
7,4,OUT,BB,0.30071077,0.018624503,0.07631479,0.04686096,0.46103773,0.00957382,0.0015985004,0.08527891
7,7,OUT,OUT,0.15174751,0.2066678,0.0023666525,0.043023907,0.10748776,0.1247854,0.013280015,0.35064092
7,5,OUT,SO,0.16227931,0.0058788266,0.0034477527,0.015313389,0.12339655,0.5743756,0.0029867108,0.11232185
7,0,OUT,SINGLE,0.33822578,0.045758802,0.0027185732,0.06723605,0.09381632,0.17335539,0.06642004,0.21246898
7,6,OUT,HBP,0.14261492,0.050445877,0.0025738494,0.05480625,0.089324154,0.14009237,0.30445957,0.21568309
7,7,OUT,OUT,0.051273197,0.35625675,0.0035522205,0.0051043257,0.16300367,0.058056783,0.00474719,0.3580059
5,0,SO,SINGLE,0.5860598,0.18510507,0.013240704,0.0068719373,0.039644882,0.07623437,0.0022536835,0.09058955
3,1,HR,DOUBLE,0.21607167,0.56633687,0.00010011364,0.009235404,0.050445173,0.10797753,0.0014220397,0.04841118
7,1,OUT,DOUBLE,0.19622415,0.58091897,0.00022831975,0.0029270588,0.013155609,0.084371924,0.0069344095,0.1152395
0,1,SINGLE,DOUBLE,0.16691816,0.4418493,0.00012346094,0.0045490786,0.01237756,0.030555129,0.015923098,0.32770422
1,1,DOUBLE,DOUBLE,0.11125224,0.5392524,0.0038830095,0.07241467,0.023623481,0.13421905,0.03945168,0.07590349
7,1,OUT,DOUBLE,0.22479804,0.43215156,0.00213263,0.027816767,0.027745478,0.12560134,0.0023369633,0.15741721
5,5,SO,SO,0.011314974,0.002964844,0.0006052822,0.00019805325,0.0010136894,0.8395578,0.00012903534,0.14421633
7,5,OUT,SO,0.14818826,0.03158064,0.010348163,0.0080702705,0.07512466,0.4920501,0.00529541,0.22934243
7,6,OUT,HBP,0.11814433,0.050131507,0.010416972,0.109838836,0.027842,0.13859184,0.4277764,0.1172581
5,7,SO,OUT,0.0035422607,0.0014284134,0.00017636466,2.2523558e-05,0.0002517675,0.07137026,4.62231e-07,0.92320794
0,0,SINGLE,SINGLE,0.4551363,0.032259468,3.8609083e-05,0.00041444087,0.093167156,0.15674396,0.0030152625,0.25922474
7,5,OUT,SO,0.07713694,0.0039716046,0.0040933806,0.25594065,0.106492795,0.49685466,0.027403446,0.028106457
6,5,HBP,SO,0.24108252,0.11241745,0.00019016574,0.0021064258,0.099932715,0.28280097,0.0004294587,0.26104036
0,0,SINGLE,SINGLE,0.38929188,0.3415097,0.00024876746,0.07359212,0.0031731075,0.010279494,0.007730436,0.17417443
7,1,OUT,DOUBLE,0.08298831,0.5500934,0.0016221163,0.009807662,0.009538469,0.2965721,0.0019727924,0.047405165
7,0,OUT,SINGLE,0.3407909,0.12705949,0.040387448,0.0057549174,0.014451523,0.09333461,0.20903473,0.16918643
0,6,SINGLE,HBP,0.1752357,0.043981187,0.033830903,0.05993096,0.009362425,0.12216459,0.44618332,0.10931088
7,5,OUT,SO,0.1925065,0.033767045,0.03600351,0.06684765,0.073233545,0.28921664,0.11533065,0.19309446
4,4,BB,BB,0.069118895,0.3306518,0.0033714443,0.01030884,0.35344973,0.12149306,0.00162356,0.10998273
7,5,OUT,SO,0.22625375,0.020632267,0.0016731751,0.050387017,0.1285882,0.44044057,0.006756958,0.12526801
7,7,OUT,OUT,0.16854186,0.03534002,0.05824587,0.0066534528,0.15545714,0.036320888,0.06681038,0.47263044
5,1,SO,DOUBLE,0.042995647,0.55052865,0.0027626723,0.07805095,0.0059626703,0.20696586,0.00065264606,0.11208095
5,6,SO,HBP,0.31826612,0.049309757,0.01156429,0.0066158217,0.031381756,0.053701658,0.42164707,0.10751339
7,0,OUT,SINGLE,0.34736046,0.27236268,0.01923822,0.0242495,0.005025098,0.18385556,0.020505909,0.12740254
0,1,SINGLE,DOUBLE,0.024209982,0.9307369,0.00033407612,0.00023811165,0.0028955326,0.003623054,0.008061969,0.029900512
5,4,SO,BB,0.050744142,0.0756519,0.0030540233,0.25121275,0.4398469,0.1571556,0.0027816482,0.019553076
0,4,SINGLE,BB,0.11382339,0.006415161,0.0051847366,0.24064897,0.53068393,0.064062916,0.0012779703,0.03790291
7,4,OUT,BB,0.24973848,0.13215886,0.002755092,0.00060953124,0.2877291,0.045651555,0.024458984,0.25689834
7,5,OUT,SO,0.18717985,0.05510398,0.06423063,0.1437409,0.15243393,0.2239587,0.0073163924,0.16603562
5,7,SO,OUT,0.19123738,0.2614183,0.0016920865,0.0010982542,0.047605913,0.034809913,0.011911803,0.45022628
0,0,SINGLE,SINGLE,0.4100863,0.10521951,0.005791911,0.04721066,0.15248598,0.14352167,0.0014264054,0.13425753
0,7,SINGLE,OUT,0.051008206,0.09541143,0.0002434512,4.858274e-05,0.027912544,0.3319362,9.40205e-06,0.49343017
7,7,OUT,OUT,0.37911323,0.03467834,0.001861498,0.0058376384,0.016945425,0.102519326,0.015731795,0.44331262
0,0,SINGLE,SINGLE,0.9411675,0.0033850619,5.933327e-05,0.00671259,0.0004605339,0.00819076,0.00031957435,0.039704707
3,4,HR,BB,0.077533945,0.033311557,0.006361315,0.0577409,0.34850088,0.15986976,0.00055885344,0.31612277
7,7,OUT,OUT,0.12861742,0.04713788,0.0001356946,0.060743414,0.013734388,0.044809863,0.017867645,0.68695366
7,7,OUT,OUT,0.05790986,0.060371876,0.00056578167,0.00058952934,0.0018472642,0.019029401,0.05088369,0.8088026
0,7,SINGLE,OUT,0.048321895,0.00921732,0.0002719312,0.43299082,0.008590682,0.06072447,0.0014667386,0.4384161
5,4,SO,BB,0.14528258,0.120183125,0.0034260864,0.033433113,0.3968261,0.17034714,0.03197009,0.09853184
5,7,SO,OUT,0.13661465,0.0003831004,0.0018672106,0.0010096977,0.0058741313,0.31593105,0.00080311485,0.537517
0,0,SINGLE,SINGLE,0.401724,0.04593898,0.0041639204,0.006421117,0.009266338,0.16830347,0.0064449855,0.35773706
7,7,OUT,OUT,0.12529366,0.08740194,0.0037924382,0.16710407,0.123911045,0.17880756,0.029513212,0.284176
7,7,OUT,OUT,0.20241782,0.058392588,0.00016020257,0.00672587,0.22738859,0.09403915,0.001682442,0.40919328
4,7,BB,OUT,0.043118604,0.06889768,0.0027401245,0.2687908,0.065479875,0.06874807,0.061341356,0.42088354
7,7,OUT,OUT,0.138765,0.010948744,0.00022060772,0.06732681,0.0055189864,0.056522585,0.00268742,0.7180098
0,7,SINGLE,OUT,0.110774964,0.17694987,0.0031453145,0.00038852528,0.011237201,0.035711564,0.0013959566,0.66039664
5,7,SO,OUT,0.07546663,0.027492432,0.00022749722,0.005857296,0.0083470885,0.033124115,0.0018427724,0.8476422
5,5,SO,SO,0.11733145,0.1807336,0.0014789419,0.19531468,0.09878922,0.34080523,0.00064794556,0.06489898
1,7,DOUBLE,OUT,0.16791306,0.04913414,0.038280502,0.2276575,0.14117473,0.04014639,0.009236746,0.3264569
5,0,SO,SINGLE,0.27981678,0.10563312,0.014394491,0.0012846302,0.20179544,0.098008566,0.041426826,0.25764006
5,0,SO,SINGLE,0.70960414,0.023826417,0.0018087795,0.023739884,0.11375539,0.059898693,0.00028309738,0.06708357
5,7,SO,OUT,0.1504079,0.10808109,0.0005877945,0.010760778,0.0098964935,0.21124649,0.0001454555,0.50887406
5,7,SO,OUT,0.28101712,0.11213513,0.00368722,0.021292116,0.02444557,0.2259309,0.00044741994,0.3310444
7,3,OUT,HR,0.026252115,0.019426484,0.00023882565,0.8248079,0.014283464,0.062035803,0.015770527,0.037184857
7,3,OUT,HR,0.025176698,0.06528712,0.0013177989,0.5016306,0.11473678,0.10970285,0.010192444,0.1719556
1,7,DOUBLE,OUT,0.05602983,0.031013645,0.0009775709,0.03241133,0.12307106,0.16017719,0.000702684,0.59561676
7,7,OUT,OUT,0.013135005,0.009294224,1.576129e-05,7.641258e-05,0.43005085,0.04406722,5.908717e-05,0.5033014
6,4,HBP,BB,0.02468075,0.028372513,0.0021553054,0.00041583122,0.8565061,0.037658803,0.0036324954,0.04657821
4,7,BB,OUT,0.43012384,0.024992745,5.8857593e-05,0.00021708057,0.07412457,0.021210136,0.00036058793,0.4489122
7,4,OUT,BB,0.12345512,0.11470183,0.000102492195,0.008598172,0.28876796,0.268725,0.00011615106,0.19553316
0,4,SINGLE,BB,0.026820257,0.003210188,0.00019140745,0.0016358418,0.73638093,0.019941874,0.005482366,0.20633718
1,7,DOUBLE,OUT,0.08667253,0.07221623,0.000446833,0.009595333,0.29859135,0.019874014,0.0031679631,0.5094358
1,4,DOUBLE,BB,0.0045517893,0.002523272,1.4218008e-05,0.00024388974,0.83214843,0.018865492,0.00021213105,0.14144081
0,4,SINGLE,BB,0.15876158,0.031795505,2.9672454e-05,0.0022885818,0.41100222,0.0633096,0.0010014207,0.33181146
7,3,OUT,HR,0.032102216,0.09052041,0.00030349783,0.35240883,0.22261329,0.018032638,0.00573319,0.27828598
0,7,SINGLE,OUT,0.04576856,0.012056549,0.00024360705,0.064166434,0.03941946,0.20279382,0.06887985,0.56667167
0,7,SINGLE,OUT,0.09303179,0.09134101,0.0008883769,0.00038809533,0.005219309,0.025739389,0.0015796793,0.78181237
7,7,OUT,OUT,0.0766877,0.17935343,0.00044995485,0.060428124,0.15478747,0.15758598,0.0017361026,0.36897126
0,7,SINGLE,OUT,0.069569886,0.05157661,0.0006034407,0.09397762,0.023278182,0.09793667,0.0019151423,0.6611424
7,4,OUT,BB,0.103357404,0.2539113,0.0013323895,0.031943243,0.25665784,0.10792567,0.006804424,0.23806773
7,4,OUT,BB,0.16379213,0.01713104,0.102275304,0.02866916,0.5557063,0.048577826,0.0014877763,0.08236041
7,7,OUT,OUT,0.0049912436,0.018845165,3.9432955e-05,0.0031965699,0.008727934,0.19255644,1.6884716e-05,0.77162635
0,5,SINGLE,SO,0.34953928,0.08734328,0.0009657243,0.0028851775,0.026926303,0.39068258,0.0004995286,0.14115803
7,7,OUT,OUT,0.11619913,0.03854479,0.0018603421,0.00015339804,0.012125576,0.030703317,0.00173681,0.79867667
7,7,OUT,OUT,0.054062217,0.021985995,0.00014538893,0.029154675,0.0164467,0.07716344,0.00026266096,0.800779
7,7,OUT,OUT,0.31220764,0.029217098,0.0059585148,0.026266592,0.038376477,0.26945493,0.0026988168,0.31581992
7,7,OUT,OUT,0.22542103,0.02297554,0.0049038753,0.15518232,0.028406583,0.22401316,0.008885042,0.33021247
0,4,SINGLE,BB,0.11706807,0.08976141,0.0011702131,0.019500708,0.55839175,0.123152286,0.006406705,0.08454885
7,3,OUT,HR,0.083219424,0.14505611,0.004726071,0.34048942,0.06696511,0.18070817,0.00132983,0.1775058
7,0,OUT,SINGLE,0.50086457,0.044043653,0.0007604236,0.010940985,0.041255254,0.039104413,0.016145505,0.34688523
5,5,SO,SO,0.010958092,0.0003346381,0.0007497858,0.00015398036,0.00026084084,0.7870093,0.00042105422,0.20011228
7,7,OUT,OUT,0.15725005,0.12307146,0.0064506503,0.025423085,0.06242668,0.18698078,0.07288833,0.36550897
7,5,OUT,SO,0.097841755,0.046937335,0.11923628,0.011361733,0.2559785,0.37445876,0.053146355,0.04103927
0,5,SINGLE,SO,0.11595367,0.008089298,0.00578984,0.12940185,0.13738863,0.46180227,0.0020223064,0.13955216
0,7,SINGLE,OUT,0.32768434,0.13398214,0.0023632695,0.025680067,0.032032598,0.04989719,0.014076692,0.41428366
5,3,SO,HR,0.013986955,0.0012941525,0.0009874124,0.9147117,0.009737655,0.023643957,0.002793648,0.032844458
1,0,DOUBLE,SINGLE,0.7191673,0.01895092,0.005968699,0.0031531192,0.07523175,0.02439494,0.0021393353,0.15099396
5,0,SO,SINGLE,0.33927032,0.03155139,0.0027206645,0.01149418,0.077866785,0.20505306,0.0015360486,0.33050758
7,6,OUT,HBP,0.079197936,0.030702721,0.00025757207,0.0038879078,0.27038103,0.24695705,0.30987912,0.05873664
5,0,SO,SINGLE,0.37295148,0.26796332,0.00023660567,0.02185519,0.015473312,0.06718697,0.013079959,0.24125321
7,5,OUT,SO,0.015194341,0.008246475,0.0014325613,0.0075626397,0.0036736769,0.79764247,0.009749739,0.15649803
5,7,SO,OUT,0.13515703,0.01159854,0.00092193234,0.0031173923,0.076803796,0.031877704,0.032051697,0.70847195
7,7,OUT,OUT,0.3276273,0.014106785,0.0015482557,0.010768926,0.10508422,0.14821555,0.01699509,0.37565395
5,7,SO,OUT,0.114175074,0.14124425,0.0010402502,0.037503604,0.06743166,0.23638253,0.0039376393,0.39828506
7,4,OUT,BB,0.20587316,0.25512972,4.082436e-05,0.001759624,0.43013284,0.02354886,0.0003070304,0.083207935
7,7,OUT,OUT,0.10494808,0.021606335,0.000507413,0.21728091,0.09795111,0.07139381,0.0023012704,0.48401114
7,7,OUT,OUT,0.17901741,0.04477222,0.01055367,0.0015797775,0.13510582,0.13896132,0.07671235,0.41329744
0,0,SINGLE,SINGLE,0.46727788,0.0036045522,0.000529028,0.019667482,0.13585298,0.11793292,0.0007741933,0.254361
7,7,OUT,OUT,0.054667924,0.024257628,6.081466e-05,0.02703755,0.14547421,0.14569218,0.020821713,0.581988
7,7,OUT,OUT,0.1940634,0.028189527,0.0028830247,0.01638178,0.085155495,0.26407084,0.13914873,0.2701072
5,5,SO,SO,0.018526083,7.97017e-05,3.8512476e-06,0.00016674542,0.002487806,0.91002077,0.00087528356,0.06783981
3,0,HR,SINGLE,0.48418775,0.0339295,0.0001742519,0.00531437,0.027782444,0.19126847,0.0052761394,0.2520671
7,0,OUT,SINGLE,0.36242512,0.06854741,0.008200912,0.0033367188,0.18385305,0.11508246,0.0071871364,0.25136724
4,4,BB,BB,0.11121169,0.021601358,0.00031500653,0.05814071,0.5107259,0.17249715,0.0113010295,0.11420712
7,4,OUT,BB,0.100258864,0.24907441,0.0045506475,0.002098933,0.57313687,0.024707818,0.008074485,0.038098007
5,5,SO,SO,0.015632857,0.030595297,0.005156519,0.0037327027,0.0043133846,0.8264515,0.002629338,0.11148847
5,4,SO,BB,0.06696369,0.022319715,0.0010178338,0.054399088,0.4237916,0.24157341,0.031265005,0.15866967
7,2,OUT,TRIPLE,0.25379625,0.0008409493,0.30200732,0.00090687076,0.16815986,0.045146834,5.360612e-05,0.22908838
7,7,OUT,OUT,0.33147323,0.01536267,0.0066951164,0.010415132,0.12665237,0.059840266,0.015474369,0.43408692
1,0,DOUBLE,SINGLE,0.36229664,0.25797883,0.0017464662,0.03210283,0.10748892,0.081297025,0.015217619,0.14187165
7,4,OUT,BB,0.051185913,0.11000035,0.020219732,0.0042009572,0.74983144,0.011458342,0.01226313,0.04084016
7,5,OUT,SO,0.014657981,0.00053082715,2.7857484e-05,2.45413e-05,0.0004925032,0.5230657,0.00032151266,0.46087915
5,5,SO,SO,0.039256893,0.005038104,0.00018474748,0.00076121575,0.030854374,0.55652106,0.00025245594,0.36713108
7,4,OUT,BB,0.017674325,0.037912372,0.00028356098,0.0008519426,0.8151897,0.06878164,0.002592474,0.056713875
7,4,OUT,BB,0.049783494,0.0343902,0.03633991,0.029910838,0.54718244,0.22846642,0.0012554087,0.072671205
0,7,SINGLE,OUT,0.11530785,0.011350837,0.005922362,0.06429249,0.06641886,0.14200544,0.0012610597,0.59344107
0,4,SINGLE,BB,0.15216786,0.06792052,0.10049382,0.03949727,0.25450552,0.16268983,0.0010685534,0.22165655
7,7,OUT,OUT,0.11125045,0.03352844,0.009255145,0.008160251,0.34645343,0.08044269,0.00073739974,0.41017222
5,7,SO,OUT,0.17093617,0.020409768,0.001783654,0.06610832,0.11209191,0.08121514,0.0024027978,0.54505223
7,4,OUT,BB,0.0749595,0.02394716,0.024674984,0.006356918,0.40905976,0.076088466,0.0035090419,0.3814042
0,4,SINGLE,BB,0.18052706,0.047436647,0.00016860447,0.040073972,0.52547145,0.011901096,0.001330359,0.19309084
7,5,OUT,SO,0.037237175,0.05175514,0.0060632685,0.00047504532,0.053296603,0.7701807,0.018125892,0.06286619
7,7,OUT,OUT,0.13322088,0.19622928,7.356574e-05,0.0020752475,0.2362581,0.12983799,0.026008977,0.27629596
7,5,OUT,SO,0.1834536,0.14954914,0.000904324,0.0010759872,0.11282596,0.4049248,0.003956613,0.1433095
5,0,SO,SINGLE,0.42438823,0.030041378,0.0053886054,0.011178074,0.10308712,0.20923468,0.0322066,0.18447527
5,4,SO,BB,0.22083822,0.06339086,0.0020787057,0.0043998943,0.33292854,0.23372076,0.0068909028,0.13575216
0,0,SINGLE,SINGLE,0.43396923,0.0047930195,0.015972557,0.0007734891,0.35024664,0.09222226,0.0016888942,0.10033384
7,4,OUT,BB,0.007094695,0.015450006,0.0013910703,0.0001153461,0.45746115,0.42767608,0.0004778825,0.090333685
7,5,OUT,SO,0.010897564,0.01164431,0.00014306705,0.0022973395,0.16507015,0.6596627,0.0014641182,0.14882077
2,4,TRIPLE,BB,0.028864697,0.009025603,0.00010284643,0.0009531968,0.7881571,0.0748358,0.00038027664,0.09768061
0,4,SINGLE,BB,0.14432828,0.1112411,0.00054227316,0.009932115,0.57918376,0.08400632,0.0072610658,0.06350509
7,7,OUT,OUT,0.22177887,0.24270336,0.0026107372,0.001170823,0.08293468,0.06433179,0.116810225,0.26765952
5,7,SO,OUT,0.14868921,0.0019924426,0.0011797466,0.012518872,0.019733924,0.046243325,0.0028117672,0.7668307
1,5,DOUBLE,SO,0.18900478,0.013393036,0.016329281,0.008472524,0.2201272,0.33427316,0.0076902565,0.21070983
7,0,OUT,SINGLE,0.3694241,0.0071335323,0.003689674,0.0025270134,0.08420003,0.09780989,0.16222514,0.2729906
7,7,OUT,OUT,0.12110728,0.002461235,0.0056059104,0.07024242,0.16680904,0.114821546,0.0028790988,0.5160734
5,1,SO,DOUBLE,0.14380123,0.5176311,0.0012926605,0.012858007,0.07147493,0.1559178,0.037139345,0.059884943
4,7,BB,OUT,0.19610527,0.14324304,0.00087977294,0.070470296,0.19731459,0.1528496,0.029783743,0.20935358
7,7,OUT,OUT,0.077600226,0.06156816,0.00596683,0.0013984605,0.18529835,0.11362556,0.0007669811,0.55377537
7,7,OUT,OUT,0.2144513,0.054454606,0.0015808174,0.0073179714,0.0500522,0.15848535,0.024294559,0.48936313
4,7,BB,OUT,0.08484772,0.034975026,0.008188499,0.1116657,0.28281876,0.123530224,0.007712222,0.34626186
7,6,OUT,HBP,0.16191953,0.17739399,0.052925948,0.0013170058,0.07168216,0.045749135,0.37920874,0.109803446
0,6,SINGLE,HBP,0.06462691,0.05340196,0.0011903243,0.005202255,0.026982557,0.031924896,0.718575,0.09809614
5,7,SO,OUT,0.05686479,0.010110592,7.6963323e-07,0.0015001778,0.115562044,0.07039213,0.030746428,0.71482307
7,7,OUT,OUT,0.13116261,0.05177276,0.0040427824,0.00087606814,0.1003883,0.26207548,0.006100278,0.4435817
1,4,DOUBLE,BB,0.04711511,0.011073364,0.0013726426,0.031859506,0.5641034,0.1627919,0.0028599023,0.17882414
0,7,SINGLE,OUT,0.16304763,0.033789355,0.0029838863,0.055873692,0.1733039,0.10917054,0.0007751412,0.4610559
7,7,OUT,OUT,0.048860725,0.0069515826,0.0026938189,0.0024438892,0.2211084,0.03336176,0.06966682,0.61491305
5,1,SO,DOUBLE,0.17631516,0.32765308,5.7128065e-05,0.0021416468,0.27064654,0.047218166,0.0010250902,0.17494318
4,4,BB,BB,0.044081073,0.012233142,0.0013608715,0.028967714,0.67539144,0.059954375,0.026047016,0.15196444
7,7,OUT,OUT,0.2679542,0.093555875,0.053783786,0.005077922,0.079241395,0.07225814,0.005473019,0.42265564
5,6,SO,HBP,0.033161752,0.0804432,0.0009999145,0.0004976781,0.09990996,0.052580856,0.5989606,0.13344605
0,7,SINGLE,OUT,0.1122919,0.0691222,0.00598967,0.1551892,0.2323278,0.09518279,0.070145674,0.2597507
4,7,BB,OUT,0.111315966,0.1711461,0.003676236,0.009181584,0.05008523,0.11516253,0.00025441154,0.53917795
0,0,SINGLE,SINGLE,0.3931156,0.0073649976,0.0009932545,0.008638957,0.15128388,0.23280875,0.1063861,0.09940849
1,0,DOUBLE,SINGLE,0.5172369,0.013770423,0.0037408138,0.0010309214,0.055267327,0.27988693,0.00073183695,0.12833486
7,5,OUT,SO,0.110651426,0.015119324,0.0046741655,0.10756199,0.09263599,0.33484814,0.033016052,0.3014929
7,7,OUT,OUT,0.26300767,0.032701354,0.042061284,0.10182778,0.08780534,0.098845325,0.0033642687,0.37038702
4,3,BB,HR,0.11641961,0.0029175472,0.0003842083,0.5930018,0.03368244,0.15918088,0.0070165126,0.08739701
7,7,OUT,OUT,0.25610864,0.016808784,0.0005242098,0.02407036,0.011492671,0.20209068,0.03066074,0.45824394
7,7,OUT,OUT,0.0011806366,0.0021636628,3.267089e-05,1.9480524e-06,0.00043529025,0.38245645,1.5637671e-06,0.61372775
7,0,OUT,SINGLE,0.5737243,0.051788315,0.014101951,0.009935654,0.012518593,0.06295923,0.18410496,0.090867035
7,7,OUT,OUT,0.1409078,0.076951,0.0047269906,0.020584444,0.22992258,0.25051773,0.0067038992,0.26968566
3,1,HR,DOUBLE,0.061281,0.58304095,0.000108505126,0.012937601,0.26679257,0.022792779,0.0041692443,0.048877373
7,0,OUT,SINGLE,0.59761643,0.022964774,0.02210172,0.0014107157,0.047090255,0.084508464,0.1042577,0.120049976
5,6,SO,HBP,0.020830613,0.03221141,9.566449e-05,0.00034887172,0.009730407,0.0041945633,0.8344985,0.09808997
7,0,OUT,SINGLE,0.31555375,0.21772467,0.006956697,0.004561284,0.04126515,0.17061605,0.029937506,0.21338484
7,1,OUT,DOUBLE,0.20039551,0.3203547,0.00017460456,0.024825953,0.009987907,0.23859698,0.0061337007,0.19953051
7,0,OUT,SINGLE,0.5791263,0.092986874,0.0008107475,0.05037049,0.014816861,0.061035387,0.010852647,0.19000068
6,4,HBP,BB,0.19551809,0.0015767479,0.0074519096,0.054667417,0.51770675,0.13870844,0.021281663,0.06308902
7,5,OUT,SO,0.21153079,0.004177317,0.0009841564,0.01391434,0.16528374,0.5180527,0.0009203253,0.085136734
1,7,DOUBLE,OUT,0.21451002,0.03914263,0.00035657582,0.00901819,0.046732236,0.021609435,0.014037532,0.65459335
0,7,SINGLE,OUT,0.29424158,0.033426214,0.0005218955,0.11140817,0.009773144,0.05641529,0.016030286,0.47818345
0,3,SINGLE,HR,0.109875225,0.074087396,0.0016413651,0.40812105,0.22845142,0.10669528,0.0068876236,0.06424061
0,0,SINGLE,SINGLE,0.29910952,0.0038884424,0.24826574,0.005361332,0.14292614,0.14014192,0.00020356811,0.16010344
5,7,SO,OUT,0.13199767,0.02652029,7.5818476e-05,0.0044528283,0.008180474,0.06190457,0.00026111564,0.7666072
7,0,OUT,SINGLE,0.3052459,0.047269374,0.00048871327,0.05134667,0.17770013,0.18310358,0.004607212,0.2302384
5,7,SO,OUT,0.29859304,0.02846024,0.0003623106,0.017101705,0.087654345,0.15098804,0.023742327,0.39309794
4,3,BB,HR,0.17980479,0.012418748,0.007142251,0.28547394,0.25868416,0.05705635,0.0043090954,0.19511074
7,0,OUT,SINGLE,0.6377156,0.01236311,0.06904083,0.022845939,0.014724095,0.046081226,0.012382804,0.18484633
5,7,SO,OUT,0.22609428,0.023617659,0.013202131,0.017745657,0.29764307,0.114457116,0.002098942,0.30514112
7,5,OUT,SO,0.24959353,0.057948474,0.00580065,0.027819363,0.002001581,0.53982013,0.0028175705,0.11419868
5,4,SO,BB,0.029669082,0.021161685,0.0010423954,0.065283656,0.57179683,0.060487445,0.00024033857,0.25031853
0,7,SINGLE,OUT,0.12536009,0.028469471,0.00018307235,0.0066633597,0.14107463,0.011465994,0.002427028,0.6843564
7,7,OUT,OUT,0.16930646,0.21577436,0.0022298023,0.0021811465,0.06390472,0.060657132,0.20863545,0.27731094
5,7,SO,OUT,0.12664743,0.20392208,0.00017819881,0.0078173345,0.0873386,0.28414422,0.0054474375,0.28450465
7,7,OUT,OUT,0.0111528635,0.0073732766,0.0007965106,0.01621647,0.050396852,0.022965092,0.0050728614,0.8860261
7,7,OUT,OUT,0.12245965,0.13955179,0.0031371783,0.00064256333,0.042366736,0.10818609,0.00050250144,0.58315355
0,7,SINGLE,OUT,0.16088024,0.029551817,0.00019272607,0.0065097706,0.03841356,0.073501,0.0007989134,0.690152
7,4,OUT,BB,0.23963247,0.04908613,0.01828699,0.0016504332,0.3949569,0.18336691,0.0005213259,0.11249882
5,0,SO,SINGLE,0.4170824,0.020887658,0.0008479613,0.0013786762,0.037504278,0.3767614,0.01754416,0.12799345
7,0,OUT,SINGLE,0.26411736,0.060840987,0.0020363447,0.02462185,0.20519999,0.1695374,0.018723216,0.2549229
7,7,OUT,OUT,0.20505567,0.24007916,0.0010601206,0.0064932494,0.091878764,0.030317947,0.038548466,0.38656664
7,6,OUT,HBP,0.13548723,0.0768835,0.21892747,0.018030912,0.08101257,0.08998981,0.22965412,0.1500144
4,5,BB,SO,0.039330497,0.006393197,0.012815857,0.03373144,0.13851699,0.3798615,0.017604621,0.3717458
7,7,OUT,OUT,0.017383888,0.0035870739,0.0006178126,0.00221984,0.0111362655,0.25979465,0.0050750845,0.70018536
7,5,OUT,SO,0.06899465,0.0018805105,0.00025086722,0.036188275,0.040142268,0.76337457,0.021066625,0.068102255
7,7,OUT,OUT,0.047493543,0.07644878,0.0004600934,0.12270348,0.119369455,0.22553048,0.041433346,0.36656076
7,0,OUT,SINGLE,0.33649746,0.011056958,0.030286152,0.16610673,0.109331444,0.11670059,0.0084015485,0.22161916
7,5,OUT,SO,0.12553695,0.0046926034,0.122957945,0.03513826,0.14656681,0.43325675,0.012664056,0.11918663
7,4,OUT,BB,0.14554141,0.03470915,0.0008197129,0.08379564,0.45619392,0.14885044,0.00025749684,0.12983222
5,7,SO,OUT,0.109007254,0.28821266,0.0015010502,0.12286955,0.052389074,0.035790104,0.016697114,0.3735332
7,3,OUT,HR,0.32322365,0.052376878,0.00038828823,0.3757627,0.043817885,0.045171417,0.020906346,0.13835281
5,7,SO,OUT,0.052792694,0.02717092,0.000815332,0.13671635,0.11152886,0.3125795,0.005120092,0.35327625
7,5,OUT,SO,0.07286948,0.07836085,0.0020379287,0.0017043485,0.2921219,0.4507082,0.0076979385,0.09449942
7,7,OUT,OUT,0.18815455,0.030972006,0.0005218694,0.06814075,0.09220277,0.090592094,0.010403432,0.5190126
5,7,SO,OUT,0.13285558,0.08908676,0.0010635977,0.2814548,0.066565186,0.05621442,0.025070136,0.3476896
0,4,SINGLE,BB,0.040362243,0.023052098,0.0006015222,0.0113069685,0.60983294,0.08202631,0.0039313813,0.22888651
7,0,OUT,SINGLE,0.6998665,0.021086618,0.009689551,0.009259225,0.056758154,0.09134484,0.0020434689,0.10995176
4,4,BB,BB,0.0842284,0.2175157,0.022533912,0.012457548,0.31723636,0.18065816,0.015512534,0.14985745
5,7,SO,OUT,0.20601104,0.1974569,0.004922773,0.017114919,0.038488798,0.094583414,0.15719342,0.28422874
0,1,SINGLE,DOUBLE,0.15094434,0.41938943,0.005644255,0.003080075,0.14810258,0.16711503,0.0011249637,0.104599275
5,1,SO,DOUBLE,0.10597885,0.5201149,0.0035515495,0.00046149702,0.011540652,0.050970387,0.02863926,0.27874282
5,7,SO,OUT,0.15457673,0.13880359,0.007458909,0.11971241,0.015779853,0.08887138,0.03924498,0.43555215
7,5,OUT,SO,0.07380838,0.021323113,0.0027459306,0.06393051,0.043210503,0.7036185,0.02656982,0.06479321
5,7,SO,OUT,0.087824,0.275288,0.00079905445,0.012901041,0.1234142,0.19192748,0.005749079,0.30209714
5,4,SO,BB,0.21208975,0.030146861,0.006114049,0.052757174,0.51239145,0.043172546,0.0026766898,0.1406515
5,4,SO,BB,0.10626098,0.02923207,0.0008095986,0.017931078,0.3644023,0.12795737,0.008398687,0.34500784
7,0,OUT,SINGLE,0.40142396,0.0053472705,0.0045651696,0.012643869,0.21735466,0.26439258,0.0020869987,0.092185475
5,7,SO,OUT,0.15258239,0.018663049,0.0029613322,0.043948974,0.083820865,0.033799775,0.03465448,0.6295691
0,0,SINGLE,SINGLE,0.2914145,0.19141018,0.0064923232,0.01506167,0.031346895,0.15017688,0.22003677,0.094060734
5,7,SO,OUT,0.12016662,0.25215325,0.0018395992,0.010721205,0.061460666,0.22020581,0.032474536,0.30097827
7,0,OUT,SINGLE,0.2894337,0.11562242,0.00072591135,0.034417514,0.12839706,0.19932379,0.047170375,0.18490922
7,5,OUT,SO,0.14090806,0.038643174,0.03663851,0.029291378,0.20980862,0.32549748,0.055976465,0.16323636
7,3,OUT,HR,0.07143773,0.008524032,0.0041614706,0.4366232,0.23639223,0.20222603,0.0054264185,0.035209008
5,4,SO,BB,0.05264537,0.0063513755,0.0058532297,0.014549408,0.80251485,0.07861187,0.000878916,0.038595036
7,4,OUT,BB,0.017283956,0.0006854595,8.291771e-05,0.07099955,0.8975279,0.003954791,4.7610596e-05,0.00941776
7,1,OUT,DOUBLE,0.06434314,0.4301342,0.0013679429,0.0005662738,0.14550513,0.20623845,0.00661477,0.14523003
7,0,OUT,SINGLE,0.41861668,0.03852444,0.0073295673,0.037567783,0.06775987,0.26759833,0.043604948,0.11899842
5,0,SO,SINGLE,0.4588462,0.011784774,0.004458996,0.00023277644,0.016869523,0.22440356,0.012145281,0.27125883
0,4,SINGLE,BB,0.13486683,0.014417979,0.00018200256,0.0110676065,0.6946097,0.0907791,0.0019399152,0.05213679
5,4,SO,BB,0.06499161,0.003540038,0.0040029543,0.0066234767,0.8436573,0.03670327,0.0023219634,0.038159356
5,4,SO,BB,0.17751274,0.16433507,0.042715736,0.03862276,0.38876677,0.046669476,0.0013957354,0.13998167
7,1,OUT,DOUBLE,0.06786073,0.3992847,0.0013421772,0.0023187103,0.011935174,0.381335,0.035134446,0.10078916
6,7,HBP,OUT,0.1408969,0.0042889123,0.00043849467,0.0026270188,0.06541109,0.36574763,0.0053278194,0.41526216
7,0,OUT,SINGLE,0.6015745,0.016652552,0.016557077,0.004949509,0.020048296,0.1512838,0.0015024273,0.18743189
0,7,SINGLE,OUT,0.20546739,0.00641357,0.014865874,0.023409557,0.06822513,0.15978508,0.018136203,0.5036972
5,5,SO,SO,0.053996805,0.02074114,0.00012333874,0.04081492,0.11938062,0.70616454,0.032520127,0.026258558
0,5,SINGLE,SO,0.016333308,0.009183226,0.00022378571,0.28080815,0.17877458,0.44004,0.016762756,0.057874225
7,4,OUT,BB,0.09099828,0.0047511715,0.00049720693,0.008097966,0.47507685,0.16842704,0.0051068775,0.24704458
5,5,SO,SO,0.047397103,0.045548044,0.00040922285,0.26680714,0.0825747,0.4046202,0.03909266,0.11355086
7,4,OUT,BB,0.2159671,0.043992404,0.13238749,0.040087875,0.23897065,0.20872495,0.029769938,0.0900996
7,0,OUT,SINGLE,0.44838384,0.061321955,0.0032117914,0.0029785484,0.008064742,0.31682554,0.0016071451,0.15760641
7,0,OUT,SINGLE,0.4077618,0.031679206,0.0025378433,0.2041472,0.20338656,0.051847912,0.014792236,0.08384734
5,5,SO,SO,0.078559525,0.06299451,0.0012862248,0.110036254,0.2402644,0.31477237,0.0050486512,0.18703812
7,1,OUT,DOUBLE,0.10894684,0.4017887,0.00013951169,0.0006430434,0.18454857,0.19304259,0.0010890306,0.10980174
5,5,SO,SO,0.122817375,0.12853216,0.00037044918,0.1268774,0.1457577,0.28201798,0.07931126,0.11431566
7,7,OUT,OUT,0.17001016,0.008680743,0.00019927473,0.021346696,0.03816951,0.09300484,0.073867604,0.59472114
5,5,SO,SO,0.04477518,0.06481146,0.00013171462,0.0012469271,0.17625768,0.5128286,0.045949418,0.15399903
7,5,OUT,SO,0.10654157,0.079420194,0.0045593395,0.1086938,0.17107691,0.44594285,0.019771596,0.063993715
7,5,OUT,SO,0.037022837,0.0030144418,7.839003e-05,0.11360383,0.106402226,0.4568859,0.005666743,0.27732563
7,7,OUT,OUT,0.046991922,0.08489839,0.009088013,0.072972715,0.2776165,0.19302006,0.0148285115,0.3005838
7,5,OUT,SO,0.31962797,0.010995372,0.0040218364,0.11513807,0.097879566,0.37777767,0.0073377145,0.0672218
3,5,HR,SO,0.085650325,0.17687377,0.0015620673,0.024592388,0.012884125,0.35235286,0.25249246,0.093592
7,7,OUT,OUT,0.14032568,0.0026325197,0.00015143384,0.008077396,0.027985496,0.058462776,0.06593478,0.69642997
5,7,SO,OUT,0.08431992,0.09427631,9.407019e-05,0.0009406961,0.0074449256,0.024567718,0.002568356,0.78578806
0,0,SINGLE,SINGLE,0.6298309,0.01887868,0.00011017293,0.049823523,0.0084904125,0.018400406,0.0016739409,0.27279195
7,7,OUT,OUT,0.2544096,0.028607938,0.05936317,0.006464753,0.13236055,0.051349647,0.0075725205,0.45987186
7,0,OUT,SINGLE,0.26737478,0.09989914,0.0031706984,0.047740918,0.08436016,0.18226844,0.120462306,0.19472367
7,7,OUT,OUT,0.30300274,0.015258186,0.005727384,0.0020168468,0.10204413,0.047780424,0.014148893,0.51002145
7,0,OUT,SINGLE,0.39372176,0.046129372,0.00063967984,0.0124147115,0.10664461,0.21782279,0.099937476,0.122689605
5,6,SO,HBP,0.2118042,0.016347522,0.0015956227,0.008736258,0.17626435,0.17934108,0.31251162,0.093399376
5,5,SO,SO,0.04355219,0.02955099,0.0012249757,0.046452854,0.3693021,0.4365206,0.005469728,0.06792654
5,0,SO,SINGLE,0.46556225,0.09426974,0.024314435,0.0028704158,0.020276006,0.11215006,0.00034034697,0.2802167
7,5,OUT,SO,0.027198212,0.026134415,0.0015191848,0.00025785313,0.014199692,0.80664146,0.001319013,0.12273025
7,4,OUT,BB,0.21487522,0.04675105,0.037684042,0.016042989,0.32385978,0.26539132,0.001785231,0.09361032
7,0,OUT,SINGLE,0.49522972,0.1497659,0.0066498327,0.022731584,0.061954685,0.16140759,0.0019267801,0.100333944
5,4,SO,BB,0.123665236,0.13438965,0.0014599656,0.11888907,0.2693494,0.12515537,0.00105304,0.22603825
4,0,BB,SINGLE,0.5401751,0.09409652,0.0046055806,0.005933752,0.028275939,0.14346799,0.018586135,0.16485898
0,4,SINGLE,BB,0.10413281,0.16986847,0.0009719793,0.013925856,0.47241846,0.12472072,0.011836316,0.10212538
0,4,SINGLE,BB,0.12869027,0.018283874,0.00014797336,0.0078399535,0.3606054,0.20295545,0.003995586,0.27748147
7,1,OUT,DOUBLE,0.04513619,0.46467012,0.004025385,0.072586894,0.15386087,0.13246413,0.03625473,0.091001764
4,1,BB,DOUBLE,0.15992534,0.3979801,0.030676346,0.009567998,0.22216317,0.077356316,0.042294458,0.060036194
7,7,OUT,OUT,0.22158052,0.020452715,0.00076604716,0.030940112,0.17240168,0.13106664,0.00045275234,0.42233956
7,7,OUT,OUT,0.35214698,0.018813295,0.015701149,0.058556467,0.11040996,0.053367354,0.005878034,0.38512674
7,7,OUT,OUT,0.1860252,0.06938839,0.0006512437,0.20724279,0.08616478,0.21450207,0.009684648,0.22634089
7,4,OUT,BB,0.075301975,0.004604173,9.266991e-05,0.023402542,0.4975704,0.18241462,0.0018435888,0.21477003
5,0,SO,SINGLE,0.40928283,0.12438886,0.0052327905,0.005411898,0.1335922,0.16683793,0.0019488239,0.1533046
5,4,SO,BB,0.08376002,0.036805563,0.0022999973,0.026109751,0.38869074,0.35123673,0.012594719,0.09850239
1,7,DOUBLE,OUT,0.07833767,0.034732785,0.000115614384,0.059045777,0.30295676,0.02939775,0.0021184827,0.49329513
7,3,OUT,HR,0.12000394,0.02141275,0.0017554854,0.47231695,0.089251414,0.04098352,0.016804662,0.23747124
7,7,OUT,OUT,0.17759275,0.07208734,0.0015710604,0.010677638,0.18905312,0.083083645,0.011283326,0.4546511
7,0,OUT,SINGLE,0.45466918,0.0027062858,0.003555516,0.012564592,0.1055487,0.113836795,0.087750845,0.2193681
4,5,BB,SO,0.25591776,0.06674078,0.008143819,0.020724636,0.10795713,0.43837687,0.003575729,0.098563254
4,0,BB,SINGLE,0.2378596,0.04592023,0.012020565,0.142075,0.11795891,0.12608172,0.09225818,0.22582583
7,0,OUT,SINGLE,0.31759992,0.020778634,0.0019658627,0.03589182,0.12053649,0.21548331,0.1621625,0.12558147
0,7,SINGLE,OUT,0.1370612,0.246161,0.0116632,0.023947485,0.010220134,0.06761567,0.17417058,0.32916075
7,7,OUT,OUT,0.10145825,0.3631902,0.0010076462,0.00030675533,0.0025989248,0.026666492,0.008799036,0.4959726
7,0,OUT,SINGLE,0.3117501,0.10459339,0.003538718,0.0030210093,0.15648222,0.12408956,0.021703474,0.27482152
0,4,SINGLE,BB,0.08205113,0.016685158,0.0015824052,0.08344354,0.6054842,0.10794221,0.00024190993,0.10256946
0,7,SINGLE,OUT,0.046043273,0.06131894,0.0014700638,0.008847768,0.19838353,0.03373195,0.0010858101,0.6491186
7,7,OUT,OUT,0.23751159,0.004609864,0.00037736353,0.104705304,0.16819024,0.22285396,0.014962692,0.24678898
7,7,OUT,OUT,0.10250513,0.0657075,0.008526809,0.007067301,0.064672895,0.018528622,0.04165722,0.6913345
7,0,OUT,SINGLE,0.7148625,0.0015067869,0.009565328,0.054611437,0.023977978,0.014113625,0.003974857,0.17738752
7,5,OUT,SO,0.12347475,0.018064218,0.00033461305,0.012346762,0.08235486,0.7014758,0.009716386,0.052232597
7,0,OUT,SINGLE,0.34641767,0.32420373,0.006561508,0.050927892,0.05377737,0.14976697,0.01922076,0.049124055
1,4,DOUBLE,BB,0.043028027,0.007091876,0.0016974255,0.00228663,0.80534995,0.04378386,0.0065817432,0.090180546
5,5,SO,SO,0.1564818,0.12729672,0.0027884406,0.08720587,0.07418654,0.37024778,0.021240797,0.16055192
5,5,SO,SO,0.041746363,0.0006629088,6.41384e-06,5.4793472e-05,0.0039679226,0.7622063,1.0980705e-07,0.19135521
0,7,SINGLE,OUT,0.13382366,0.28921857,0.0008420259,0.0016990601,0.02466993,0.033231128,0.0013222668,0.51519334
5,0,SO,SINGLE,0.47574326,0.012575577,0.0006827913,0.013553665,0.088199295,0.094896585,0.0069697164,0.30737913
5,3,SO,HR,0.017731555,0.06332215,0.001336375,0.49338698,0.3627716,0.010263815,0.00047329336,0.05071426
7,4,OUT,BB,0.04540838,0.24231347,0.00039094803,0.0072796936,0.3631537,0.22436751,0.00047807972,0.11660809
5,0,SO,SINGLE,0.26035312,0.027694806,0.24221243,0.044476107,0.2157688,0.078246996,0.0005285552,0.13071916
7,0,OUT,SINGLE,0.3419197,0.018789113,0.0960972,0.0014271,0.12920715,0.30535904,0.009359653,0.097841024
7,5,OUT,SO,0.14379984,0.00522807,0.052663382,0.056709737,0.2320944,0.40921345,0.00012510458,0.10016607
7,7,OUT,OUT,0.1427065,0.28413695,0.00016945411,0.023351353,0.04076283,0.21614662,0.0014496391,0.29127666
7,1,OUT,DOUBLE,0.12830082,0.3957481,0.0051628156,0.012767104,0.057676807,0.094204776,0.004242216,0.30189735
7,6,OUT,HBP,0.035854716,0.081446394,0.013181374,0.0036964656,0.030934297,0.021591268,0.73396784,0.07932759
1,4,DOUBLE,BB,0.03775517,0.19650689,0.0018070145,0.064842336,0.27088526,0.25046745,0.0026039912,0.17513184
7,7,OUT,OUT,0.0821876,0.00012240346,0.00020725308,0.009422282,0.24363692,0.32563934,0.00046880508,0.33831543
5,3,SO,HR,0.03996119,0.028953897,0.00045504436,0.75452536,0.049311295,0.017144296,0.00021680657,0.109432094
7,5,OUT,SO,0.101920895,0.071546845,0.003725795,0.025778802,0.29586086,0.41885808,0.0025726685,0.07973609
7,0,OUT,SINGLE,0.45393342,0.06268239,0.008780956,0.005669781,0.100548424,0.13817048,0.09629114,0.13392338
7,5,OUT,SO,0.09680971,0.04055015,0.0017351301,0.17556956,0.06548045,0.56641805,0.000299426,0.05313757
1,3,DOUBLE,HR,0.3350112,0.008354633,8.5038926e-05,0.3843507,0.019735219,0.061654575,0.00036177319,0.19044688
7,3,OUT,HR,0.052378494,0.30177623,0.00017040517,0.3072963,0.22790428,0.0189624,0.0031073038,0.08840451
7,4,OUT,BB,0.14884518,0.006941264,0.00078097417,0.14133957,0.38298225,0.13008235,0.041715886,0.14731248
7,5,OUT,SO,0.065438904,0.0048836623,0.006647664,0.1297657,0.15313137,0.4992374,0.0064489585,0.13444634
0,5,SINGLE,SO,0.22959903,0.08371314,0.0014562111,0.021111064,0.15434317,0.2587408,0.00029440955,0.2507421
0,4,SINGLE,BB,0.09791587,0.027064664,0.000392812,0.00091652886,0.4722404,0.14047828,0.00416729,0.25682423
7,4,OUT,BB,0.008086492,0.003887729,0.00021704048,0.00013807935,0.9499111,0.009448303,0.00017425211,0.028136943
1,7,DOUBLE,OUT,0.043885455,0.10162703,0.012451448,0.007342183,0.20382062,0.087093644,0.006246309,0.5375333
4,7,BB,OUT,0.030147504,0.1166612,0.00043015907,0.13473168,0.019919334,0.29657206,0.0002057506,0.40133223
0,5,SINGLE,SO,0.10374177,0.0018815651,0.0001830161,0.00061741436,0.003639259,0.5380649,0.002304121,0.34956798
7,0,OUT,SINGLE,0.25412583,0.024354316,0.20501254,0.029299874,0.24288231,0.16422625,0.0005566166,0.07954235
0,2,SINGLE,TRIPLE,0.26851737,0.030461082,0.46079445,0.0007581397,0.115895785,0.063356444,0.007354526,0.052862335
7,3,OUT,HR,0.020837016,0.1494329,0.07046027,0.5545008,0.14322332,0.01576547,0.029522976,0.016257241
7,7,OUT,OUT,0.07043586,0.24561599,0.000291017,0.02027813,0.09555982,0.25223708,0.0040272125,0.31155494
7,7,OUT,OUT,0.067539565,0.2759071,0.009329692,0.0048606703,0.033887092,0.1611976,0.0017178563,0.44556043
2,7,TRIPLE,OUT,0.24119735,0.18005295,0.0031375422,0.050463032,0.017240174,0.04687629,0.0008505894,0.4601821
5,4,SO,BB,0.113813445,0.005384818,0.005803373,0.17671943,0.3677191,0.068947025,0.0003336577,0.26127905
3,3,HR,HR,0.10961353,0.054931086,0.037759952,0.29209024,0.13379848,0.22893833,0.0013177119,0.14155062
7,4,OUT,BB,0.15400027,0.055790093,0.0021847724,0.0015540123,0.57456064,0.08937692,0.03434162,0.08819178
7,4,OUT,BB,0.14017789,0.19598977,0.09593294,0.0053165783,0.222978,0.19486311,0.016410476,0.12833117
1,5,DOUBLE,SO,0.04147991,0.0062099216,0.00044172053,0.031493735,0.012803092,0.869047,4.2369353e-05,0.038482312
7,6,OUT,HBP,0.049367834,0.034086473,0.04666522,0.0068886024,0.04934682,0.27815005,0.3816079,0.15388711
7,1,OUT,DOUBLE,0.050535813,0.5194368,4.9002454e-05,0.101084344,0.07185339,0.047311384,0.0013919685,0.20833737
7,3,OUT,HR,0.008651913,0.0071630734,0.00023922644,0.7692706,0.054916427,0.087692864,0.00063029455,0.07143567
7,5,OUT,SO,0.18688343,0.020304764,0.0015322148,0.0029549906,0.123736314,0.373595,0.00061776384,0.29037556
4,4,BB,BB,0.12633994,0.019390378,0.061551753,0.14989166,0.33063504,0.12651138,0.00021051274,0.1854693
7,0,OUT,SINGLE,0.40315977,0.0329652,0.07975574,0.0038236636,0.095445275,0.22236581,0.0038387459,0.15864569
5,5,SO,SO,0.21967681,0.046476595,0.06757324,0.0090893,0.07597727,0.33656943,0.0015004409,0.24313696
5,5,SO,SO,0.0043118787,0.00025553332,1.1942543e-05,1.6733904e-05,0.0016100409,0.94171107,1.0220741e-06,0.05208179
7,5,OUT,SO,0.093670174,0.31112757,0.00048561717,0.00508424,0.05714422,0.32265723,0.0010533992,0.20877756
7,4,OUT,BB,0.23094329,0.0052932175,0.00021534061,0.0039519216,0.5676509,0.061635714,0.0052172733,0.12509227
5,0,SO,SINGLE,0.5813522,0.042770218,0.0013245603,0.009946834,0.14956915,0.2017058,4.568092e-05,0.013285556
7,4,OUT,BB,0.13682382,0.00924636,0.00013641744,0.0003326836,0.5246366,0.20801607,0.00057605904,0.1202319
5,0,SO,SINGLE,0.3870572,0.012259559,0.004518451,0.0009857018,0.19962081,0.17972404,9.9862526e-05,0.21573445
6,7,HBP,OUT,0.0734623,0.02319574,0.0012819216,0.0025879876,0.029285897,0.12624946,5.096076e-07,0.7439362
7,7,OUT,OUT,0.12428927,0.0852626,0.02410899,0.012821558,0.106773995,0.09135771,0.015039403,0.5403465
5,5,SO,SO,0.10373643,0.03875012,0.0031561174,0.2040066,0.031263202,0.4919559,0.02577305,0.10135851
3,5,HR,SO,0.10789668,0.20285533,0.021714117,0.06713733,0.007233667,0.4238233,0.007391048,0.1619485
0,7,SINGLE,OUT,0.21484384,0.07301385,0.08930577,0.0059958533,0.132267,0.18008256,0.013981539,0.29050952
0,7,SINGLE,OUT,0.11099328,0.14171055,0.002451348,0.0028986384,0.024440171,0.15556154,0.06463367,0.49731088
0,0,SINGLE,SINGLE,0.36397183,0.03260291,0.0057428884,0.014869258,0.13267261,0.25365815,0.005222598,0.1912597
7,7,OUT,OUT,0.053061333,0.003741445,0.00011121284,8.636461e-05,0.012390318,0.07480885,0.0033011711,0.85249925
7,4,OUT,BB,0.06144554,0.37000197,0.0053290795,0.04516236,0.38886043,0.068865195,0.0034284624,0.056906935
7,0,OUT,SINGLE,0.32407475,0.0790411,0.004075591,0.1230133,0.21231021,0.16948733,0.0036337732,0.084363915
4,7,BB,OUT,0.16061477,0.056568798,0.012277398,0.009607815,0.17979212,0.26741937,0.0013334395,0.3123862
7,0,OUT,SINGLE,0.40148064,0.05419437,0.08696475,0.0077684373,0.06921595,0.052779548,0.16928744,0.1583089
7,5,OUT,SO,0.12926292,0.15666328,0.009742163,0.07657216,0.048071053,0.31062356,0.099700436,0.16936435
5,5,SO,SO,0.14131309,0.11734707,0.0010441523,0.005379082,0.002417719,0.6206005,0.0050253496,0.10687298
7,4,OUT,BB,0.07685565,0.008575871,0.00040842782,0.13043945,0.68621004,0.057468235,0.0018500594,0.03819234
7,4,OUT,BB,0.092010856,0.005562791,0.0013350488,0.005436466,0.49471796,0.30652288,0.0021052498,0.09230873
7,0,OUT,SINGLE,0.34865096,0.012147072,0.0026936005,0.015728187,0.18858096,0.27515,0.00076841074,0.1562807
7,1,OUT,DOUBLE,0.25495818,0.30569658,0.0077189454,0.026769646,0.053240143,0.15485857,0.06290824,0.13384977
7,7,OUT,OUT,0.08807349,0.118028216,0.00943319,0.00235932,0.018576005,0.2993897,0.007190108,0.45695
7,4,OUT,BB,0.023159664,0.114628,0.0011197311,0.0014882481,0.7001441,0.07055402,0.0013644331,0.0875417
7,4,OUT,BB,0.1425836,0.0035756542,0.00061337434,0.09739405,0.59806466,0.13135535,0.005097448,0.021315873
7,4,OUT,BB,0.068981566,0.034095615,0.0009488973,0.06922751,0.56054157,0.13506952,0.007274785,0.12386063
5,4,SO,BB,0.1279717,0.070763804,0.00432191,0.07185513,0.59265816,0.0422194,0.007088212,0.083121665
0,4,SINGLE,BB,0.06476233,0.05886582,0.0022159584,0.0010484111,0.5752744,0.21503863,0.010810701,0.07198374
5,2,SO,TRIPLE,0.11809587,0.097646,0.29286265,0.038723473,0.0341196,0.16948447,0.07381763,0.17525026
7,5,OUT,SO,0.077899866,0.08576227,0.014152752,0.010248434,0.023542283,0.6841098,0.017669046,0.08661562
7,4,OUT,BB,0.035024233,0.022816915,0.00038808334,0.022100719,0.8078581,0.019629523,0.0049164556,0.08726603
7,4,OUT,BB,0.09515788,0.0052993456,0.024762508,0.075118564,0.39954916,0.10448964,0.039998136,0.25562477
7,4,OUT,BB,0.3215482,0.005901871,0.00042438085,0.06240692,0.5565981,0.027767729,3.317607e-05,0.02531956
5,5,SO,SO,0.025887644,0.016953457,0.00014058633,0.0039408016,0.07362639,0.3343686,0.21767482,0.32740778
7,7,OUT,OUT,0.16797012,0.02161852,0.0005143983,0.00053494476,0.08424864,0.053255197,0.006373036,0.66548514
0,5,SINGLE,SO,0.069007896,0.05570346,0.0006056584,0.004405851,0.019884784,0.51016706,0.002471587,0.33775365
7,7,OUT,OUT,0.11339109,0.0026616682,0.0017311499,0.00029326582,0.05199821,0.10975873,0.013112317,0.70705354
0,0,SINGLE,SINGLE,0.41653514,0.019711355,0.0004423287,0.04362256,0.06957424,0.23085658,0.012617005,0.20664078
7,5,OUT,SO,0.07327541,0.0041408427,0.00038011975,0.0015577017,0.018820558,0.81801957,0.0011644544,0.08264139
7,4,OUT,BB,0.10620104,0.0030994844,0.003110697,0.06481297,0.47121596,0.22776179,0.0051930537,0.11860501
7,5,OUT,SO,0.30616918,0.09227936,0.0017052265,0.00317142,0.040817596,0.37307873,0.0016546184,0.18112376
7,7,OUT,OUT,0.23991427,0.022188906,0.0013942373,0.019218305,0.22767541,0.21055068,0.0077615874,0.27129656
3,7,HR,OUT,0.08786333,0.014708887,0.00025614598,0.001751915,0.23832938,0.2972989,0.003347401,0.35644403
4,5,BB,SO,0.15058318,0.0091319755,0.008277682,0.0014718035,0.19665377,0.33628866,0.0041356105,0.29345727
5,7,SO,OUT,0.18953677,0.020461531,0.0013722826,0.0006693647,0.16101877,0.28555033,0.03646736,0.30492365
5,4,SO,BB,0.24878478,0.15581064,0.021531148,0.011446248,0.2785224,0.13086319,0.000677107,0.15236448
0,5,SINGLE,SO,0.23334609,0.05187961,0.00750367,0.12410659,0.09833995,0.31064722,0.00023559545,0.17394131
5,3,SO,HR,0.05223541,0.0070645735,0.0017777305,0.7233354,0.0653975,0.08276802,0.0016013857,0.065819986
7,0,OUT,SINGLE,0.40828013,0.13801935,0.0018625046,0.003800227,0.099716134,0.17623056,0.0013373839,0.17075379
5,5,SO,SO,0.04026572,0.1736222,0.12948291,0.0053914655,0.0066964454,0.352229,0.081952535,0.21035968
5,5,SO,SO,0.13124734,0.08394185,0.002470356,0.17009774,0.06880974,0.27968735,0.09051247,0.1732331
0,2,SINGLE,TRIPLE,0.23953962,0.054806914,0.30659634,0.009202189,0.020153249,0.06800468,0.023518287,0.27817878
7,0,OUT,SINGLE,0.67868245,0.017717753,0.0042857984,0.0015744625,0.029373486,0.15650366,0.01279895,0.09906337
7,7,OUT,OUT,0.077857725,0.0052928715,0.00027330124,0.0002678706,0.02563606,0.32838967,0.012830812,0.5494517
7,4,OUT,BB,0.14820564,0.006625967,0.0029578481,0.15509403,0.40737146,0.066654466,0.013908734,0.19918187
4,4,BB,BB,0.057116915,0.005166286,0.0004700264,0.09357701,0.7081887,0.111769244,0.00020150265,0.023510221
0,0,SINGLE,SINGLE,0.546394,0.0030364848,0.00037290924,0.002021652,0.347155,0.03057518,0.00046106672,0.0699837
7,5,OUT,SO,0.10347281,0.025433809,0.00042807343,0.11164416,0.14948653,0.52354205,0.003943697,0.08204894
3,5,HR,SO,0.18060255,0.016516475,0.0010809142,0.1479703,0.15812576,0.38168475,0.0069211726,0.10709803
4,4,BB,BB,0.11387988,0.0014946428,0.00034948907,0.0049877763,0.40558982,0.28676838,0.0002557265,0.18667422
0,7,SINGLE,OUT,0.05861942,0.020121215,0.09783014,0.0039956924,0.10186397,0.2806326,0.02237368,0.4145633
5,7,SO,OUT,0.0248414,0.045263592,0.0015019076,0.101766944,0.12536348,0.06772531,0.002222336,0.63131505
7,5,OUT,SO,0.061867304,0.16200408,0.00046127592,0.0015728839,0.0033551496,0.58414185,0.00036083523,0.18623659
7,0,OUT,SINGLE,0.4528194,0.029059008,0.0002439255,0.0028815786,0.017951101,0.35167912,0.00045997172,0.14490591
7,4,OUT,BB,0.061337583,0.020777268,0.0031648676,0.029724414,0.45930356,0.14600025,0.015423554,0.26426858
5,7,SO,OUT,0.13038078,0.024890745,0.0046397964,0.006499054,0.034908045,0.06981247,0.0023749517,0.7264941
7,5,OUT,SO,0.05963204,0.15922019,0.010899558,0.009489456,0.0640024,0.59310067,0.0014735716,0.10218213
5,5,SO,SO,0.11256491,0.20341918,0.01125674,0.0015329649,0.039436806,0.32911155,0.020301776,0.28237614
4,0,BB,SINGLE,0.6173232,0.015404789,0.0009824083,0.063181706,0.15318765,0.07255807,0.0113305,0.06603158
5,5,SO,SO,0.10810905,0.012447357,0.00144725,0.031252433,0.14870444,0.5861911,0.0021127658,0.10973567
0,7,SINGLE,OUT,0.104396045,0.17719194,0.008399801,0.001203612,0.22713383,0.16743167,0.0016208142,0.31262222
7,7,OUT,OUT,0.02050974,0.001369063,0.001038013,0.00021001078,0.122545436,0.28857908,0.000161397,0.5655872
7,5,OUT,SO,0.16961454,0.14557098,0.0030670133,0.0031539507,0.1027718,0.28354135,0.042337302,0.24994312
0,7,SINGLE,OUT,0.13806476,0.016712358,0.0017735424,0.0063374196,0.26356134,0.23547398,0.00013273202,0.33794382
7,0,OUT,SINGLE,0.43053547,0.015882228,0.004451514,0.02423359,0.018020209,0.14236884,0.00016891981,0.36433932
5,7,SO,OUT,0.23546119,0.051222567,0.016883576,0.0030548933,0.030085279,0.29847026,0.004352314,0.36046988
7,7,OUT,OUT,0.09416025,0.023945576,0.0012313295,0.30493116,0.0847342,0.034004487,0.016243316,0.44074968
7,5,OUT,SO,0.13585266,0.0062942007,0.0011377956,0.123135366,0.16227344,0.3587366,0.009004778,0.20356506
7,5,OUT,SO,0.16354646,0.27238762,0.009285376,0.004594569,0.0030154919,0.2930805,0.0013447898,0.25274518
5,5,SO,SO,0.22837506,0.05662599,0.048183527,0.0054459823,0.014277481,0.47862345,0.004026272,0.16444227
5,5,SO,SO,0.01411371,0.0034878622,0.002001868,0.004296048,0.2922423,0.36557785,0.03428981,0.28399056
7,0,OUT,SINGLE,0.44063017,0.0027735096,0.0018945194,0.00025479216,0.14632252,0.086196,0.004183005,0.3177455
7,4,OUT,BB,0.013902267,0.002644682,0.0019464468,0.00072366674,0.960272,0.002457225,0.000104163395,0.017949577
4,0,BB,SINGLE,0.616899,0.03479327,0.00047856424,0.026448715,0.1345103,0.06537291,0.028634673,0.09286262
4,6,BB,HBP,0.10556952,0.034500267,0.029197251,0.012373515,0.029167868,0.18117256,0.44466072,0.16335833
0,0,SINGLE,SINGLE,0.5148517,0.009618457,0.0002500495,0.0005332802,0.057881292,0.014537352,0.00065696,0.40167093
7,0,OUT,SINGLE,0.40188783,0.019179726,0.006233572,0.036961004,0.103098676,0.2250305,0.007252621,0.20035605
7,0,OUT,SINGLE,0.71590364,0.0024900888,4.178147e-05,0.00015835463,0.050813302,0.014142354,0.00046551647,0.21598491
0,0,SINGLE,SINGLE,0.6684952,0.08839997,0.00053996115,0.010684697,0.05350221,0.04025217,0.0117411185,0.12638476
7,3,OUT,HR,0.21639633,0.025463764,0.23866458,0.2808767,0.075297005,0.05632957,0.0038711515,0.103100844
7,7,OUT,OUT,0.050342903,0.020873718,0.0004709223,0.27853674,0.012407612,0.022403816,0.005623713,0.6093406
4,0,BB,SINGLE,0.49687198,0.021230005,0.0012651669,0.009170137,0.05149239,0.09840617,0.10367972,0.21788436
0,0,SINGLE,SINGLE,0.32041866,0.07632263,0.0040468224,0.12215101,0.016313603,0.11446065,0.08254212,0.26374438
7,7,OUT,OUT,0.27238393,0.010609246,0.006907758,0.0019943132,0.105374336,0.12389407,0.0005312215,0.47830507
0,4,SINGLE,BB,0.18909349,0.058234666,0.001692312,0.00688128,0.33273983,0.11368643,0.0009220639,0.2967499
7,7,OUT,OUT,0.26891696,0.012352399,0.0016032328,0.0009696507,0.02792636,0.061226066,0.008237528,0.6187678
7,7,OUT,OUT,0.24665198,0.0020200042,0.00021984152,0.011603727,0.02085401,0.013304305,0.001398521,0.7039476
7,7,OUT,OUT,0.07216986,0.11134534,0.011692097,0.18006112,0.057340726,0.07870212,0.00204788,0.48664084
7,7,OUT,OUT,0.27119195,0.031992365,0.017887095,0.008422101,0.08343554,0.0287328,0.12488295,0.43345514
0,0,SINGLE,SINGLE,0.3400907,0.009227003,0.001590021,0.108496726,0.07515578,0.01727882,0.13928095,0.3088801
7,0,OUT,SINGLE,0.4438213,0.019589897,0.005566161,0.017429966,0.06128213,0.1032688,0.05576401,0.29327768
7,7,OUT,OUT,0.18328632,0.1616822,0.02100887,0.07277784,0.07118418,0.1549076,0.00053767726,0.33461532
5,0,SO,SINGLE,0.6499997,0.002077785,4.448968e-05,7.680635e-05,0.04354935,0.07066766,0.00053021987,0.23305404
5,7,SO,OUT,0.2508159,0.02404848,0.0003318226,0.0026550645,0.11364833,0.0037818577,0.0023239888,0.6023946
7,0,OUT,SINGLE,0.64408904,0.17026928,0.001026529,0.033806622,0.08848358,0.020571744,0.0006239799,0.041129217
7,4,OUT,BB,0.014823234,0.02225785,0.0028399345,0.042974472,0.8279963,0.022934964,0.00014564238,0.06602755
4,1,BB,DOUBLE,0.24121985,0.28420076,0.004533561,0.026282286,0.08121655,0.13773966,0.0007508332,0.2240565
7,4,OUT,BB,0.14841837,0.013889086,0.00023389321,0.03419179,0.728196,0.048589397,0.00022012378,0.02626124
7,7,OUT,OUT,0.02235734,0.0031607759,0.022521274,0.021894323,0.078565225,0.42371064,0.0007268925,0.42706347
0,5,SINGLE,SO,0.19021806,0.08107313,0.0054641147,0.043992,0.23555689,0.31583154,0.034723774,0.0931405
7,5,OUT,SO,0.23317546,0.14638585,0.00073685526,0.0100622205,0.074850045,0.30401096,0.0027550373,0.22802354
7,5,OUT,SO,0.10938753,0.20958672,0.0004061091,0.013437665,0.04593776,0.385804,0.0014958958,0.23394428
7,7,OUT,OUT,0.059258666,0.15106885,0.00045982125,0.0007255491,0.027572324,0.36625054,0.005346862,0.38931724
4,0,BB,SINGLE,0.3556843,0.021610161,0.0015975119,0.0024278634,0.19008616,0.108969375,0.014344623,0.30528003
7,7,OUT,OUT,0.061540153,0.006481346,0.0003699693,0.0007343456,0.014531487,0.14889927,0.029312288,0.73813117
4,0,BB,SINGLE,0.32070962,0.009582837,0.033108085,0.065605216,0.033381518,0.1745199,0.049083218,0.31400964
0,7,SINGLE,OUT,0.27699587,0.06549121,0.0016392041,0.00984291,0.032530602,0.07410673,0.018876033,0.5205174
5,0,SO,SINGLE,0.44966024,0.15925269,0.00074116956,0.0062761074,0.046539947,0.066269286,0.0055834376,0.26567718
7,7,OUT,OUT,0.19879276,0.14126204,0.008866704,0.058999218,0.022235932,0.18955168,0.0032935098,0.37699813
7,0,OUT,SINGLE,0.27067357,0.13249673,0.008245816,0.057021853,0.26423496,0.19556329,0.0007145243,0.07104924
7,5,OUT,SO,0.15024681,0.10869958,0.02028183,0.0037891022,0.06092345,0.42414066,0.001584084,0.23033442
7,5,OUT,SO,0.17479219,0.038267557,0.0062839114,0.0100537585,0.055003487,0.4114049,0.009285336,0.29490885
5,4,SO,BB,0.27973598,0.2058889,0.0011090409,0.022668285,0.28738913,0.09784543,0.003260464,0.10210285
5,4,SO,BB,0.19110802,0.015582849,0.001441293,0.045576636,0.35810328,0.19651534,0.066570796,0.12510179
3,4,HR,BB,0.27546763,0.027637152,0.0005754748,0.010024676,0.44300148,0.0702347,0.010382629,0.16267623
7,0,OUT,SINGLE,0.51249546,0.02221014,7.1825634e-05,0.008734376,0.15705846,0.115398526,0.0028554783,0.18117566
1,7,DOUBLE,OUT,0.2296448,0.013741045,0.011467962,0.003524016,0.019738127,0.2969069,0.0038560098,0.4211212
5,3,SO,HR,0.2238681,0.14400588,0.0018093727,0.25709444,0.029239366,0.15822917,0.004352677,0.181401
7,7,OUT,OUT,0.173593,0.0137407975,0.00063487317,0.058782116,0.03531896,0.3079599,0.0733114,0.3366589
7,7,OUT,OUT,0.2992976,0.093549766,0.0010240284,0.00997573,0.050606824,0.09560661,0.11812326,0.33181626
5,5,SO,SO,0.029393606,0.008223135,0.00032940207,2.072438e-05,0.029255966,0.90314037,0.0003419334,0.029294765
1,7,DOUBLE,OUT,0.24050616,0.054976407,0.0007736148,0.0010759571,0.068237066,0.055581275,0.001741658,0.57710785
7,7,OUT,OUT,0.21078539,0.005757918,0.0005115992,0.12374825,0.004367872,0.0116485115,0.083327696,0.5598528
0,4,SINGLE,BB,0.05028774,0.070494235,0.0013697265,0.0010656789,0.32499623,0.2633389,0.0010308239,0.28741658
5,5,SO,SO,0.10873875,0.06674022,0.006551366,0.0028921643,0.18509018,0.32947382,0.00066305004,0.2998504
7,5,OUT,SO,0.052567016,0.01176434,0.002216541,0.0058079246,0.022452144,0.7551729,0.00019116068,0.14982803
7,4,OUT,BB,0.04269751,0.05623912,4.581618e-05,0.22331455,0.5621188,0.03472959,0.008864403,0.07199029
7,7,OUT,OUT,0.1791363,0.09760804,0.010666542,0.0042690746,0.25735882,0.11972249,0.0022951625,0.32894358
4,0,BB,SINGLE,0.37636128,0.07957304,0.0044219205,0.023829002,0.17137375,0.11596436,0.011753427,0.21672328
5,0,SO,SINGLE,0.4672837,0.06263175,0.02819473,0.006431361,0.033123992,0.21930178,0.0012824482,0.18175025
7,5,OUT,SO,0.10563126,0.106960155,0.03863781,0.05866761,0.07884811,0.31852865,0.02990911,0.2628173
0,5,SINGLE,SO,0.1271797,0.16720855,0.0042046364,0.012002183,0.03705104,0.49540865,0.011165196,0.14578009
7,5,OUT,SO,0.13940923,0.029000387,0.13248606,0.0007378469,0.02224225,0.61175406,0.0010171334,0.06335301
7,0,OUT,SINGLE,0.5414915,0.10945546,0.0035348844,0.001671879,0.050381318,0.12242518,0.0011939472,0.16984576
7,7,OUT,OUT,0.18607634,0.236799,0.020628422,0.0064152284,0.16640742,0.1083397,0.0032464175,0.2720875
5,7,SO,OUT,0.0722598,0.058300637,0.0063813017,0.00084733596,0.07739367,0.1586453,0.0013840456,0.6247879
6,5,HBP,SO,0.055807386,0.15221749,0.057295315,0.087649,0.19007708,0.3455679,0.004292995,0.10709282
7,7,OUT,OUT,0.024813073,0.0030392606,0.00015596447,0.0014723979,0.42447937,0.025369212,4.3154956e-05,0.5206276
4,7,BB,OUT,0.08475341,0.10941571,0.017822955,0.0018444544,0.15830983,0.013690996,0.007756159,0.6064064
5,0,SO,SINGLE,0.327457,0.10649352,0.005948224,0.16876434,0.16946591,0.10530842,0.016398774,0.1001638
4,5,BB,SO,0.10318387,0.017595153,0.11714033,0.02427946,0.030253818,0.36137566,0.083743975,0.26242775
0,0,SINGLE,SINGLE,0.5457095,0.03586444,0.0010094639,0.0011033005,0.02738569,0.1862031,0.00034041624,0.20238411
7,7,OUT,OUT,0.17034198,0.0065304306,0.001188778,0.028634502,0.036113746,0.35521877,0.0042263814,0.39774543
5,4,SO,BB,0.11363713,0.0030243471,0.0008593595,0.07928308,0.54059416,0.19919683,0.00023072981,0.06317438
0,0,SINGLE,SINGLE,0.25753185,0.07791673,0.14962977,0.0024077848,0.1495867,0.23683994,0.00091421546,0.12517309
7,0,OUT,SINGLE,0.3491584,0.021907382,0.00377088,0.026691949,0.15439612,0.2917948,0.024543155,0.12773733
7,7,OUT,OUT,0.16623382,0.036955748,0.0027929274,0.0007574776,0.04240056,0.27271226,0.0045940126,0.47355318
0,5,SINGLE,SO,0.010684339,0.0029496637,0.0016852346,0.001412277,0.008047081,0.9028175,0.0011084914,0.07129542
7,5,OUT,SO,0.35523182,0.060518038,0.0010535222,0.04191185,0.041616615,0.40127018,0.0040911078,0.09430672
7,5,OUT,SO,0.17546718,0.03332989,0.115065545,0.0045734313,0.01466368,0.38988504,0.0027466863,0.26426858
7,7,OUT,OUT,0.2865469,0.016557148,0.013600283,0.0023404085,0.21337694,0.17821886,0.0027173976,0.28664213
7,5,OUT,SO,0.3088564,0.021542199,0.074731156,0.0031869947,0.06303058,0.32749012,0.0536825,0.1474801
7,0,OUT,SINGLE,0.49365342,0.095636666,0.003474299,0.0005467075,0.10634416,0.10300862,0.0043371106,0.1929991
7,0,OUT,SINGLE,0.40727168,0.13063526,0.0414991,0.006261873,0.02853156,0.06288535,0.16625117,0.15666407
7,1,OUT,DOUBLE,0.17687176,0.3347097,0.04369669,0.06625006,0.038117077,0.04830881,0.0065502343,0.2854956
0,3,SINGLE,HR,0.14647092,0.10812425,0.024483094,0.24919869,0.07315386,0.1950315,0.03260904,0.17092858
0,0,SINGLE,SINGLE,0.8963103,0.0009530101,0.00085940276,0.0004908643,0.010937152,0.040056147,0.0016011567,0.048792068
7,7,OUT,OUT,0.22842532,0.0093626175,0.07094849,0.025142055,0.06440991,0.071567945,0.006428138,0.52371556
7,5,OUT,SO,0.04740813,0.016461339,0.0023096856,0.06714984,0.1604352,0.54297215,0.041568592,0.12169506
0,0,SINGLE,SINGLE,0.43103835,0.055538166,0.034412213,0.011674638,0.14164825,0.07649475,0.04057084,0.20862271
4,3,BB,HR,0.1103136,0.022085944,0.0013977461,0.6239628,0.007529515,0.15274678,7.2502946e-05,0.08189112
5,5,SO,SO,0.15466008,0.15593012,0.0032397006,0.19714679,0.11007261,0.24831688,0.002167438,0.1284664
7,7,OUT,OUT,0.06619929,0.040409345,0.0009766391,0.015570582,0.0723755,0.18084264,0.0002732115,0.62335277
7,5,OUT,SO,0.05252243,0.24239632,0.037162095,0.011734615,0.05200327,0.2897889,0.036551718,0.27784064
0,3,SINGLE,HR,0.31100297,0.048671372,0.0027535064,0.51653963,0.015472311,0.031148674,0.009156809,0.06525467
7,1,OUT,DOUBLE,0.034434944,0.43344373,0.00028312663,0.0075337384,0.13623774,0.34331748,0.0050269086,0.039722443
4,5,BB,SO,0.07759591,0.05568611,0.00020937546,0.09850549,0.070871085,0.47293302,0.0019415943,0.22225733
5,7,SO,OUT,0.2582657,0.062150374,0.00213528,0.1033056,0.22046812,0.076539606,0.0046895817,0.27244574
7,5,OUT,SO,0.0896037,0.021787625,0.0010664029,0.01713807,0.18794784,0.6387273,0.00015866135,0.043570377
5,7,SO,OUT,0.299739,0.044092886,0.004262434,0.0054146983,0.060960352,0.17474177,0.00100395,0.40978488
7,7,OUT,OUT,0.20256515,0.04007809,0.0012563509,0.048398502,0.044368006,0.060901523,0.0037503701,0.598682
7,5,OUT,SO,0.21984725,0.031372596,0.21137401,0.06832446,0.08072081,0.2857487,0.020221805,0.082390405
0,1,SINGLE,DOUBLE,0.17088984,0.35779598,0.0009063087,0.0057262667,0.031707183,0.16435361,0.00067071134,0.26795003
7,4,OUT,BB,0.17326842,0.022257289,0.001171662,0.0042996397,0.5037346,0.14752328,0.00075954833,0.14698559
7,7,OUT,OUT,0.24676687,0.13177489,0.00773631,0.020647619,0.021651337,0.22542532,0.016665874,0.32933185
7,5,OUT,SO,0.32045814,0.027753985,0.0011569529,0.014795244,0.034805745,0.4057803,0.09662289,0.09862681
7,0,OUT,SINGLE,0.34806275,0.057177685,0.031389195,0.020574208,0.039477523,0.16943197,0.0146754775,0.31921124
0,0,SINGLE,SINGLE,0.67333764,0.008154059,0.0002594892,0.008591222,0.0021482785,0.15380526,0.0017791495,0.1519249
7,3,OUT,HR,0.14304334,0.060451135,0.000647988,0.3745708,0.046639655,0.07932321,0.00024604597,0.29507786
4,0,BB,SINGLE,0.23658736,0.21336772,0.0072264406,0.06101713,0.06614259,0.22190629,0.001544188,0.19220823
7,7,OUT,OUT,0.12809773,0.046118263,0.0013178977,0.18829441,0.17904279,0.12930699,0.00028763647,0.3275343
7,7,OUT,OUT,0.17120938,0.10964055,0.0011762793,0.018252516,0.0146715725,0.07803742,0.15730254,0.44970977
4,0,BB,SINGLE,0.3909151,0.07850248,0.0009971019,0.08997081,0.1680015,0.066779986,0.0027191888,0.20211393
7,7,OUT,OUT,0.07044619,0.12940983,0.0027746416,0.068287395,0.027191374,0.20129162,0.0056768702,0.49492216
0,0,SINGLE,SINGLE,0.234279,0.050915163,0.0039823265,0.21111684,0.2153573,0.16145225,0.0036345962,0.11926259
5,5,SO,SO,0.1013975,0.030004885,0.02153832,0.106549785,0.084125526,0.50182176,0.042389657,0.11217246
7,7,OUT,OUT,0.095370665,0.003576468,0.0020851807,0.08353906,0.061514538,0.22884594,0.00061237585,0.52445567
7,5,OUT,SO,0.28482646,0.03081188,0.00083456445,0.014101481,0.14419268,0.29517564,0.0014910318,0.2285662
7,4,OUT,BB,0.110943325,0.09617501,5.5100154e-05,0.088950925,0.31775564,0.19972439,0.0014113894,0.18498419
5,5,SO,SO,0.1158142,0.02066677,0.00018848422,0.00061598356,0.07132706,0.43050885,0.019882327,0.34099635
5,0,SO,SINGLE,0.49583435,0.024388624,0.00083806046,0.0012982826,0.048223156,0.17468806,0.12667832,0.12805116
5,7,SO,OUT,0.07593589,0.123292,0.08544165,0.0012083991,0.1440504,0.15685807,0.017272081,0.39594156
5,7,SO,OUT,0.15779512,0.00888872,0.0025217396,0.03787643,0.25019076,0.10177678,0.038512196,0.40243825
7,7,OUT,OUT,0.042804703,0.016000213,0.00033302908,0.00063938345,0.07008649,0.049749717,0.0024792287,0.8179072
0,4,SINGLE,BB,0.1558208,0.08437049,0.0018532593,0.019981554,0.44526204,0.10425034,0.041583974,0.1468775
5,0,SO,SINGLE,0.8142598,0.044264793,0.0017658893,0.0036675096,0.07142977,0.03365456,0.0011709438,0.02978667
7,5,OUT,SO,0.088130794,0.060766466,0.00091411953,0.16486832,0.15924564,0.41046077,0.008486099,0.107127845
0,4,SINGLE,BB,0.16817999,0.035414588,0.0010728916,0.0094063105,0.6089015,0.07449294,0.0014309034,0.1011009
7,4,OUT,BB,0.032438546,0.0070276237,0.00018435293,0.16494608,0.76211566,0.014307313,0.0003502443,0.018630106
7,3,OUT,HR,0.10713743,0.0599966,0.015358345,0.26183617,0.20080426,0.13999006,0.06600975,0.14886743
7,0,OUT,SINGLE,0.5100161,0.015772019,0.0011975717,0.02221107,0.04638593,0.17351754,0.0008756911,0.2300241
7,4,OUT,BB,0.19897987,0.029716974,0.0032800247,0.033546045,0.43637782,0.061077584,0.058819894,0.1782018
7,0,OUT,SINGLE,0.34280828,0.10212091,0.00067237084,0.037077982,0.07174467,0.06463527,0.11438268,0.26655772
7,5,OUT,SO,0.20750648,0.053867683,0.00070387486,0.00808171,0.041900154,0.4746978,0.16380256,0.049439814
5,5,SO,SO,0.1328311,0.20977516,0.0006731487,0.09734221,0.010342293,0.43927667,0.0334113,0.0763482
0,0,SINGLE,SINGLE,0.3775801,0.036242105,0.018850524,0.011659126,0.18419388,0.1175054,0.0026083642,0.25136057
7,7,OUT,OUT,0.23571225,0.1272907,0.0002982773,0.10204546,0.08665335,0.051735215,0.0022331758,0.39403164
4,0,BB,SINGLE,0.40790418,0.2808698,0.0006127394,0.005759617,0.08331057,0.13310303,0.00064106117,0.08779909
7,7,OUT,OUT,0.056853894,0.023503613,0.00011079478,0.32368463,0.017054675,0.13424799,0.0014825953,0.44306192
7,3,OUT,HR,0.2186369,0.0059647774,0.007075888,0.6335824,0.053138714,0.026423547,0.00012642972,0.05505137
7,5,OUT,SO,0.22777957,0.033825394,0.0024421434,0.06547368,0.20972453,0.40402228,0.0015590519,0.055173352
7,3,OUT,HR,0.20193675,0.05918956,0.0012196068,0.2930203,0.11757167,0.17688523,0.006320486,0.14385629
7,5,OUT,SO,0.051911384,0.045643937,0.0005759266,0.0042676614,0.1451862,0.4329554,0.0010165606,0.31844297
7,7,OUT,OUT,0.09545377,0.083755895,0.00026341097,0.024064692,0.14548884,0.31187811,0.02166999,0.31742525
0,7,SINGLE,OUT,0.21615472,0.04967917,0.00064261333,0.028495833,0.03517745,0.15593329,0.013418398,0.5004986
4,0,BB,SINGLE,0.42174184,0.019686354,0.013204992,0.019256976,0.08775582,0.06946652,0.022154717,0.3467328
5,5,SO,SO,0.19847544,0.18768165,0.0004191921,0.002817091,0.11105077,0.3187586,0.0004368221,0.18036047
7,5,OUT,SO,0.09555258,0.065918215,0.000936923,0.045958187,0.050772987,0.3707501,0.29033592,0.07977519
7,7,OUT,OUT,0.1330148,0.15077886,0.0018387486,0.10511319,0.07044889,0.13349624,0.042325977,0.36298332
7,0,OUT,SINGLE,0.5117541,0.016863149,0.003729316,0.010639512,0.18780261,0.14072312,0.0074336533,0.12105446
7,0,OUT,SINGLE,0.72809166,0.03919762,0.0061259735,0.0016597908,0.022603327,0.045427766,0.0024226697,0.15447119
7,0,OUT,SINGLE,0.6870647,0.110277176,0.0013571724,0.00202535,0.092754126,0.017837765,0.012243008,0.076440744
7,4,OUT,BB,0.37123853,0.005847414,0.0007455851,0.0006824087,0.4278982,0.030352205,0.015676528,0.14755918
4,7,BB,OUT,0.21346313,0.01997921,0.0018126644,0.036154974,0.20963041,0.13350765,0.008917277,0.3765346
7,4,OUT,BB,0.12387963,0.016006317,0.008014772,0.065682404,0.3447413,0.2226466,0.018765036,0.20026398
7,7,OUT,OUT,0.19246475,0.0064052874,0.14556657,0.013937586,0.026062619,0.11458869,0.23957966,0.2613948
5,0,SO,SINGLE,0.4664911,0.10433774,0.007830568,0.037146308,0.149377,0.091123104,0.0060070828,0.13768718
7,0,OUT,SINGLE,0.6360524,0.0021867012,0.0005136328,0.0004757853,0.09232377,0.035998832,0.0007636068,0.23168536
7,0,OUT,SINGLE,0.610611,0.012464063,0.012053934,0.012427802,0.1657123,0.035983756,0.0020779667,0.1486691
7,7,OUT,OUT,0.13921855,0.053263802,0.0037554528,0.0014162513,0.02326105,0.051064502,0.011059506,0.7169609
5,6,SO,HBP,0.2335678,0.031918276,0.0003544022,0.07455164,0.045873456,0.05250025,0.2961849,0.26504925
7,7,OUT,OUT,0.16796847,0.07132466,0.0012711879,0.020723747,0.08669095,0.24003331,0.13885099,0.27313665
5,5,SO,SO,0.35137203,0.068011284,0.0009319657,0.014199857,0.014635845,0.39417323,0.0019792148,0.15469655
7,0,OUT,SINGLE,0.34349644,0.032502715,0.19837484,0.00026253666,0.037236586,0.069232486,0.006790084,0.3121043
5,0,SO,SINGLE,0.8770404,0.008595344,0.00032953577,0.00017931165,0.027270481,0.011706993,0.0005134524,0.07436441
7,4,OUT,BB,0.04890689,0.011849867,0.007113379,0.012830418,0.4292714,0.10006036,0.002125159,0.3878425
7,3,OUT,HR,0.11811462,0.020091483,0.0020400628,0.3076924,0.21102415,0.13646694,0.030955179,0.17361505
1,7,DOUBLE,OUT,0.15342647,0.025468664,0.0004125162,0.0018710144,0.060366258,0.3145476,0.026504723,0.41740274
7,0,OUT,SINGLE,0.42024356,0.1311925,0.0013111737,0.029584864,0.0056228475,0.04144165,0.018372139,0.35223123
7,0,OUT,SINGLE,0.42779216,0.008022258,0.00071380637,0.0008650746,0.36021313,0.109303236,0.00012482039,0.09296558
7,0,OUT,SINGLE,0.61279225,0.0068219155,0.009417319,0.0028255,0.15202564,0.07145084,0.0067994255,0.13786715
7,0,OUT,SINGLE,0.5943696,0.015979424,0.0013077764,0.008108139,0.25638384,0.015700322,0.013102035,0.09504879
5,7,SO,OUT,0.01776113,0.006631731,0.0018992056,0.015821109,0.06778672,0.25706357,0.015861994,0.61717457
7,7,OUT,OUT,0.23677531,0.17582333,0.01648381,0.02121102,0.0852428,0.05140657,0.016238436,0.39681873
7,3,OUT,HR,0.32477838,0.004522185,0.0015240245,0.4264705,0.11720218,0.035688188,0.03502102,0.05479352
7,0,OUT,SINGLE,0.6832646,0.00068422407,0.0009405673,0.001859474,0.019035703,0.23634319,0.0007578182,0.05711446
5,5,SO,SO,0.2801129,0.008168185,0.00047255773,0.0028772678,0.025360871,0.4574222,0.000691543,0.22489454
7,3,OUT,HR,0.12167256,0.09642912,0.00027823524,0.533165,0.013120285,0.03236086,0.00031060644,0.20266329
7,7,OUT,OUT,0.30974755,0.05656834,0.00089275255,0.008478545,0.038764335,0.19428664,0.0018262143,0.38943565
4,4,BB,BB,0.16665983,0.046990726,0.0005122403,0.13636471,0.2874866,0.13956344,0.0003420455,0.22208047
2,5,TRIPLE,SO,0.13307081,0.018985692,0.0015813132,0.0070036007,0.18716802,0.5620295,0.00044078683,0.0897203
7,0,OUT,SINGLE,0.3588702,0.22786559,0.0033734187,0.02483229,0.017915579,0.16572683,0.024310512,0.17710559
0,7,SINGLE,OUT,0.1816406,0.0038309027,0.00017434952,5.9440175e-05,0.07315159,0.15844828,0.00015210865,0.5825427
7,7,OUT,OUT,0.18093169,0.18788601,0.00051755324,0.0076710135,0.12735662,0.12988643,0.05323871,0.31251207
5,7,SO,OUT,0.15741573,0.05412516,0.0001271074,0.18133451,0.07556254,0.03961262,0.0020328185,0.4897895
5,0,SO,SINGLE,0.43315578,0.17204909,0.0022023765,0.011512856,0.046607953,0.14062187,0.011144424,0.18270563
7,7,OUT,OUT,0.13556235,0.015781483,0.0008465197,0.04054484,0.03400074,0.17162497,0.0013701279,0.60026896
1,7,DOUBLE,OUT,0.12606503,0.17625402,0.058223754,0.005004504,0.07708324,0.16324839,0.027215421,0.36690566
5,0,SO,SINGLE,0.4674053,0.022066751,0.00015534078,0.0101863565,0.07059804,0.27966845,0.0067874044,0.14313237
7,0,OUT,SINGLE,0.50942826,0.041044638,0.012842799,0.009423133,0.029646259,0.073681526,0.007017991,0.31691548
7,4,OUT,BB,0.37138444,0.018330125,0.00031858307,0.004016934,0.40085897,0.14013803,0.000108586115,0.064844295
7,7,OUT,OUT,0.01832247,0.0008575769,0.15414067,0.00025974924,0.27849892,0.15782982,0.012602377,0.37748846
5,4,SO,BB,0.25340286,0.0010476295,0.0009810771,0.004601006,0.31753314,0.10461236,0.0006119948,0.31721005
7,7,OUT,OUT,0.029844053,0.00068112195,0.014231485,0.0027718586,0.12151962,0.04593096,0.021081138,0.7639398
4,6,BB,HBP,0.16489796,0.01173892,0.00702541,0.15698153,0.096204944,0.12310269,0.28282556,0.15722306
4,5,BB,SO,0.07043228,0.015140225,0.026174262,0.0039711674,0.11652991,0.4776831,0.020126943,0.26994205
0,4,SINGLE,BB,0.15159741,0.0044378024,0.0041838177,0.0005885663,0.47222912,0.06618953,0.025466075,0.27530763
7,4,OUT,BB,0.13400704,0.057351597,0.0050422624,0.09053323,0.37302285,0.042830862,0.0148382895,0.2823739
7,6,OUT,HBP,0.085021935,0.004846824,9.222952e-05,0.0014752249,0.012012936,0.020730078,0.83395416,0.041866556
7,6,OUT,HBP,0.025625337,0.12955612,0.0013623015,0.012410185,0.00805655,0.07543642,0.6438796,0.10367353
4,0,BB,SINGLE,0.7325983,0.010643562,0.001482561,0.0067175208,0.10070473,0.103565894,0.0006412043,0.043646283
7,5,OUT,SO,0.14791223,0.0022772797,0.00022053845,0.0012857523,0.12900795,0.5891425,0.0002089811,0.12994471
5,5,SO,SO,0.005193193,0.0074725836,0.024310078,0.0062231426,0.021550672,0.5772989,0.004245683,0.3537057
7,7,OUT,OUT,0.13431074,0.045735292,0.0017709857,0.02269998,0.068464264,0.083000205,0.07128089,0.5727377
7,1,OUT,DOUBLE,0.022936253,0.5320232,0.0009933895,0.03738767,0.09661873,0.15923525,0.03286694,0.11793852
7,0,OUT,SINGLE,0.47937873,0.016749619,0.0006738519,0.00210153,0.041598782,0.076958075,0.007020643,0.37551874
4,4,BB,BB,0.08134197,0.023759771,0.004141562,0.0054218387,0.4069448,0.14569168,0.1223409,0.21035749
7,0,OUT,SINGLE,0.39258805,0.13242346,0.0020268688,0.08014398,0.08430009,0.06557679,0.02965763,0.21328309
0,7,SINGLE,OUT,0.22845282,0.10081571,0.015277495,0.012607289,0.10877232,0.07884066,0.0055336724,0.44969997
7,7,OUT,OUT,0.15934345,0.027032107,0.12928577,0.014670193,0.066698276,0.20558201,0.01511608,0.38227212
5,4,SO,BB,0.11468636,0.029600395,0.005998886,0.16155757,0.44383362,0.116235,0.018217925,0.10987016
0,0,SINGLE,SINGLE,0.25832823,0.16216525,0.014724876,0.015644614,0.10445916,0.2078662,0.010069322,0.22674234
7,7,OUT,OUT,0.13305838,0.012459779,0.0029269503,0.0018040623,0.17311884,0.09272141,0.008278032,0.5756325
7,7,OUT,OUT,0.19952258,0.023617165,0.0066108215,0.041169785,0.06523689,0.12908247,0.0014091866,0.53335106
7,5,OUT,SO,0.006739591,0.34821567,1.1689062e-05,0.00032483926,0.0365985,0.6020932,4.839985e-05,0.0059680776
5,0,SO,SINGLE,0.8052974,0.010447119,0.00031710768,0.009334329,0.051327903,0.013103123,0.0005692568,0.10960378
5,7,SO,OUT,0.11373921,0.26605806,0.0060405317,0.06355463,0.11808174,0.14498207,0.0031641535,0.28437963
5,7,SO,OUT,0.174083,0.07554336,7.2628645e-05,0.0012995255,0.13796693,0.27492434,0.0021529635,0.3339572
5,0,SO,SINGLE,0.4538067,0.006631827,9.1800764e-05,0.0006150374,0.02462059,0.36400506,0.00015110798,0.15007786
7,1,OUT,DOUBLE,0.23201367,0.43448177,0.0017221894,0.0012345103,0.077825345,0.106119074,0.055466257,0.09113716
0,7,SINGLE,OUT,0.12925497,0.022174101,0.048195064,0.047849555,0.09119366,0.31244904,0.0009965618,0.34788704
1,1,DOUBLE,DOUBLE,0.1625192,0.5055227,4.698353e-05,0.008699924,0.049913455,0.04122953,0.0027996507,0.22926849
3,1,HR,DOUBLE,0.028510997,0.79605895,0.00053753634,0.01108793,0.05261174,0.07329277,0.008697316,0.029202813
5,3,SO,HR,0.067003205,0.057327647,0.0042902357,0.58765584,0.08093501,0.08341565,0.0018542995,0.11751804
7,4,OUT,BB,0.08299877,0.0026890994,0.0008823976,0.24035591,0.34614047,0.23574343,0.0021312672,0.08905872
5,4,SO,BB,0.031805024,0.13166854,0.00021000204,0.31173265,0.33757567,0.116976425,0.004272112,0.065759435
0,4,SINGLE,BB,0.060413893,0.0855952,0.0031057845,0.27446765,0.3519926,0.109053664,0.00085623807,0.114515
5,5,SO,SO,0.07833209,0.17436966,0.019520262,0.019989587,0.109126896,0.42896593,0.100325175,0.06937046
7,3,OUT,HR,0.039801095,0.010791707,0.00020800885,0.50725794,0.106014125,0.12381467,0.012573452,0.19953902
5,0,SO,SINGLE,0.34686777,0.13976195,0.00041314604,0.0020111813,0.02262,0.20921905,0.00066233077,0.27844456
7,4,OUT,BB,0.03495606,0.08808592,0.0025966694,0.004365845,0.62328565,0.09664131,0.024716437,0.12535214
3,3,HR,HR,0.021510193,0.1549361,0.0041447305,0.45244747,0.081575096,0.16484332,0.0010773587,0.11946564
5,7,SO,OUT,0.09759574,0.18222754,0.0032295322,0.004379329,0.10385057,0.11532353,0.0058771367,0.4875167
4,1,BB,DOUBLE,0.10759951,0.77533656,0.0010473264,0.021032171,0.052194834,0.017183015,0.0003531157,0.025253594
1,4,DOUBLE,BB,0.021170769,0.012377038,0.00034268887,0.00026462716,0.9382542,0.008602779,0.001241855,0.017746111
5,0,SO,SINGLE,0.38033497,0.020944484,0.00049330696,0.007909038,0.022183664,0.33881238,0.00076247985,0.2285597
7,5,OUT,SO,0.22156356,0.015822312,0.00089352886,0.11754208,0.095089674,0.44088626,0.00012755957,0.10807502
0,7,SINGLE,OUT,0.32155186,0.030445784,0.0044973665,0.0048691076,0.10201015,0.16811447,0.01848459,0.3500267
7,7,OUT,OUT,0.16499701,0.014090245,0.0014564444,0.00408655,0.046412833,0.14921206,0.008812435,0.61093235
0,0,SINGLE,SINGLE,0.39865854,0.024212617,0.0015359691,0.010026167,0.23402916,0.08451267,0.0010640783,0.24596086
5,5,SO,SO,0.14769006,0.24627513,0.0005646432,0.023265533,0.16266045,0.2517324,0.0011234016,0.16668843
7,0,OUT,SINGLE,0.4170426,0.007688162,0.0035517903,0.05607892,0.23009683,0.10644629,0.007303626,0.17179173
7,7,OUT,OUT,0.07617192,0.1081807,0.024122464,0.023344662,0.12094406,0.2502517,0.00263412,0.39435026
4,5,BB,SO,0.061790735,0.111917205,0.002101845,0.13780707,0.056889653,0.4399751,0.00018065679,0.18933776
7,5,OUT,SO,0.04345511,0.008112274,0.009735316,0.0009978068,0.011630213,0.4146394,0.11012728,0.40130264
5,3,SO,HR,0.12966658,0.14450333,0.0025586304,0.30095294,0.12836534,0.09188881,0.08395046,0.11811382
5,5,SO,SO,0.11813353,0.1639778,0.0056063887,0.0982972,0.05070535,0.3700681,0.0010172438,0.19219445
5,5,SO,SO,0.036748983,0.0007699678,0.0007884891,0.0029360114,0.00301149,0.8571005,4.4965782e-05,0.0985996
7,7,OUT,OUT,0.12676418,0.14296824,0.002976645,0.12391165,0.19506744,0.124529436,0.001439535,0.28234282
4,7,BB,OUT,0.12720431,0.062686935,0.024165982,0.014120087,0.1385884,0.21074767,0.007554971,0.41493163
7,0,OUT,SINGLE,0.43244675,0.031845808,0.0030366234,0.028940521,0.091487244,0.13944581,0.022687336,0.25010994
7,3,OUT,HR,0.1302818,0.23995686,0.00031971946,0.24993254,0.012669461,0.20214403,0.0016883435,0.16300726
5,7,SO,OUT,0.11412369,0.27456954,0.0007963022,0.005871917,0.0069818343,0.07394997,0.0029056915,0.5208011
0,7,SINGLE,OUT,0.22196762,0.08711972,0.0088082915,0.008330616,0.07138496,0.12078177,0.04174646,0.43986055
7,7,OUT,OUT,0.09179814,0.0022338033,0.005145554,0.005418003,0.23573308,0.27165565,0.00062164647,0.38739413
7,0,OUT,SINGLE,0.3573957,0.032137748,0.018617732,0.16354792,0.1407093,0.17508161,0.02692834,0.08558154
0,4,SINGLE,BB,0.07050923,0.13969162,0.0008254615,0.012690176,0.41843352,0.29874653,0.0018471794,0.057256218
7,1,OUT,DOUBLE,0.051872466,0.5579006,0.007833777,0.009500487,0.08166871,0.091152295,0.008518199,0.19155343
0,7,SINGLE,OUT,0.071319364,0.07130935,0.004731747,0.013634815,0.1769573,0.1587928,0.008741361,0.4945133
7,7,OUT,OUT,0.18927838,0.0361565,0.04766238,0.035724334,0.17685442,0.1935533,0.0039754994,0.3167952
5,7,SO,OUT,0.054898344,0.025100937,0.0072180456,0.03699857,0.1866104,0.11425727,0.0035665324,0.57134986
7,0,OUT,SINGLE,0.41086727,0.019172564,0.0018549818,0.017692514,0.041959077,0.2804125,0.0025749204,0.22546618
5,5,SO,SO,0.077498816,0.06314922,0.0046532606,0.049152996,0.12242765,0.48117247,0.0008728001,0.20107278
3,0,HR,SINGLE,0.5182698,0.00045376323,0.0008164713,0.049124464,0.003804632,0.2958557,0.0018859404,0.12978937
4,7,BB,OUT,0.22058515,0.121649735,0.0046849665,0.01895912,0.10320938,0.15177983,0.013964442,0.36516738
7,1,OUT,DOUBLE,0.12587532,0.64041615,0.0037570111,0.076213256,0.03676752,0.01646436,0.0002551484,0.10025131
7,7,OUT,OUT,0.298303,0.026927942,2.0536092e-05,4.9224573e-06,0.010096813,0.06840064,9.8739685e-05,0.59614736
7,7,OUT,OUT,0.16520187,0.04312278,0.0015276219,0.0016898948,0.035538487,0.03401496,0.008340736,0.7105637
7,1,OUT,DOUBLE,0.16444191,0.60147345,0.00022852609,0.0082196845,0.011092168,0.07763943,0.0045263036,0.1323785
7,7,OUT,OUT,0.01084418,0.18973178,0.00079597015,0.0009843544,0.05464147,0.21318683,0.01291109,0.5169043
7,7,OUT,OUT,0.33618674,0.03429394,0.0040494334,0.025377171,0.01801828,0.13611382,0.005124576,0.44083598
6,7,HBP,OUT,0.15268755,0.31986696,0.00085955864,0.033226795,0.016075077,0.08130763,0.021991426,0.37398502
7,1,OUT,DOUBLE,0.23965959,0.25987706,0.0018544876,0.03617796,0.030469717,0.19461656,0.009514012,0.22783066
0,7,SINGLE,OUT,0.15445983,0.023358066,0.016055647,0.018145086,0.16296472,0.2046683,0.023187466,0.39716095
7,0,OUT,SINGLE,0.3143529,0.25836334,0.002164108,0.01381799,0.02429088,0.1865947,0.0022077132,0.19820827
5,0,SO,SINGLE,0.41674232,0.022755327,0.002108742,0.0052362946,0.0050146785,0.20271711,0.0019317791,0.34349373
7,7,OUT,OUT,0.14434625,0.03980653,0.004632363,0.27223322,0.019069087,0.057760153,0.008203484,0.45394894
7,7,OUT,OUT,0.088927716,0.16532454,0.0026925926,0.079660416,0.04263663,0.26917094,0.0047207577,0.3468664
7,4,OUT,BB,0.22426888,0.14054756,0.0005291531,0.014967199,0.419392,0.059005708,0.0023215734,0.13896798
4,4,BB,BB,0.17567293,0.013228664,0.0015634538,0.06587689,0.6263377,0.070855126,0.006206047,0.040259235
0,1,SINGLE,DOUBLE,0.11398152,0.35201904,0.002384994,0.02266011,0.015146602,0.29088286,0.006514404,0.19641057
7,7,OUT,OUT,0.15018488,0.19967586,0.00077986385,0.00012719956,0.0028469705,0.03500725,0.00046794285,0.61091006
7,7,OUT,OUT,0.13422722,0.03677824,0.00023705466,0.024916885,0.038660914,0.23087431,0.037817582,0.49648792
7,0,OUT,SINGLE,0.6392238,0.042951904,0.0006636364,0.0022842481,0.0040664193,0.2026942,0.002654394,0.10546137
4,5,BB,SO,0.19523133,0.056980442,0.0010148478,0.001628716,0.03758258,0.45156962,0.0020070667,0.2539854
5,7,SO,OUT,0.18235055,0.2617551,0.0050677373,0.035423674,0.030085372,0.05811118,0.013860509,0.41334578
7,3,OUT,HR,0.101072796,0.072924465,0.0004840969,0.26931554,0.14220479,0.2597889,0.00315363,0.15105584
7,7,OUT,OUT,0.12216044,0.0045124623,0.009111666,0.0034776025,0.044580583,0.32744515,0.007821077,0.48089096
5,0,SO,SINGLE,0.570332,0.072711,0.00014508345,0.13193029,0.035757333,0.12805371,0.0013106905,0.059759963
7,3,OUT,HR,0.106715925,0.07260084,0.0018745547,0.5199507,0.16598919,0.08430846,0.0072480175,0.041312337
7,7,OUT,OUT,0.08498735,0.04795789,0.086964995,0.00089910044,0.1938142,0.067722246,0.013895085,0.50375915
7,7,OUT,OUT,0.23214717,0.0098444205,0.1366894,0.0036950805,0.16946921,0.12363673,0.054277014,0.27024096
7,5,OUT,SO,0.09770038,0.0025335979,0.00059536035,0.0030994294,0.05458692,0.67858297,0.00027186683,0.16262947
7,7,OUT,OUT,0.0075786654,0.00014387924,0.0013544353,0.0045708558,0.0045023845,0.072047085,1.8790873e-06,0.90980077
4,5,BB,SO,0.16080019,0.07641625,0.00052519224,0.047470883,0.09501068,0.38743886,0.0018806217,0.23045728
7,7,OUT,OUT,0.11125339,0.0005999615,0.002782015,0.015596291,0.029786034,0.20786688,0.06689405,0.5652214
0,0,SINGLE,SINGLE,0.4674849,0.025970552,0.014571984,0.08594481,0.027494982,0.0427404,0.026384743,0.3094076
7,4,OUT,BB,0.27930802,0.0043886057,0.0020050025,0.04816321,0.29970393,0.12267,0.013045546,0.2307157
0,5,SINGLE,SO,0.12513481,0.04180318,0.0011471559,0.07663668,0.06654954,0.5169991,0.0032201714,0.16850932
7,3,OUT,HR,0.016813815,0.05866862,0.00031117018,0.7721095,0.083986856,0.0457506,0.0053905626,0.016968833
7,7,OUT,OUT,0.02390592,0.042352192,0.013572956,0.045666847,0.14838265,0.14120235,0.011713142,0.57320404
5,5,SO,SO,0.098481685,0.03414043,0.0015381322,0.01612596,0.017257001,0.5090863,0.0004063534,0.32296416
5,7,SO,OUT,0.08303743,0.06731662,0.0006767159,0.000931745,0.0047408068,0.07254903,0.0014727907,0.7692749
5,0,SO,SINGLE,0.7312444,0.0036370074,0.0037547566,0.00014683224,0.0047505717,0.0036079213,0.00011620827,0.25274238
7,3,OUT,HR,0.10294789,0.13972391,0.00034778277,0.25687256,0.17453122,0.13228819,0.01042091,0.18286759
0,0,SINGLE,SINGLE,0.36967212,0.21393682,0.0064199357,0.0022306852,0.0073189232,0.1423348,0.05671265,0.20137411
7,7,OUT,OUT,0.2618321,0.05149571,0.0006448658,0.027755562,0.020032888,0.31146312,0.007030762,0.319745
7,5,OUT,SO,0.0027972048,0.12410373,0.000493962,0.00061746966,0.0054173595,0.6754949,0.013553432,0.17752185
7,7,OUT,OUT,0.06366744,0.024677072,0.00076513196,0.010710839,0.04050866,0.18513961,0.0050200764,0.66951114
0,5,SINGLE,SO,0.043383967,0.30756477,1.371556e-05,0.00044680768,0.0009270824,0.4873062,0.00012892966,0.16022857
5,7,SO,OUT,0.19831042,0.26225656,0.009120577,0.058396563,0.06637137,0.082470916,0.0018177732,0.3212558
7,0,OUT,SINGLE,0.4398319,0.009341615,0.000120795325,0.001917425,0.052487593,0.2251974,0.023579322,0.247524
4,0,BB,SINGLE,0.46750584,0.3251661,6.219393e-05,0.000541636,0.01929581,0.11195092,0.0048552104,0.07062228
0,1,SINGLE,DOUBLE,0.21585642,0.32867473,0.00065577746,0.0070460206,0.079001464,0.19740924,0.00241235,0.16894399
0,5,SINGLE,SO,0.116265796,0.12764558,0.0018383262,0.013388825,0.13164209,0.36141255,0.0019323225,0.24587455
0,3,SINGLE,HR,0.17967328,0.13641433,0.00024296466,0.24745329,0.2057869,0.08477003,0.0019931186,0.14366607
0,7,SINGLE,OUT,0.310496,0.08621206,0.008244665,0.006035181,0.06619342,0.1336492,0.0047487286,0.38442078
5,7,SO,OUT,0.12121064,0.12779053,0.0065085366,0.05443075,0.07325687,0.21351868,0.0022974384,0.40098658
0,4,SINGLE,BB,0.116684474,0.14173149,0.016036747,0.033905543,0.41367972,0.18886915,0.012535825,0.07655709
7,3,OUT,HR,0.18153271,0.035859972,0.0012548293,0.5173359,0.04095811,0.15537386,0.00024602388,0.06743869
7,7,OUT,OUT,0.103451826,0.10719085,0.00026943785,0.073934264,0.13399349,0.14540747,0.014088941,0.42166373
7,1,OUT,DOUBLE,0.0846742,0.66985875,0.0041755796,0.0011887114,0.05120008,0.015490399,0.00047905592,0.17293319
5,0,SO,SINGLE,0.53800386,0.14562681,0.005385518,0.017248465,0.17182468,0.053654484,0.0035076851,0.064748414
7,3,OUT,HR,0.17055559,0.07283409,0.0011442548,0.34585023,0.0273935,0.26644877,0.030697461,0.08507602
0,1,SINGLE,DOUBLE,0.1609917,0.36142358,0.011777512,0.00066460023,0.0533661,0.08972563,0.14820516,0.17384577
0,0,SINGLE,SINGLE,0.5879383,0.019597687,0.00015473795,0.00021519407,0.047956593,0.20824453,0.0024754058,0.13341749
5,7,SO,OUT,0.13645357,0.0018855516,0.00488176,0.0047439914,0.33451262,0.040034797,0.0009128516,0.47657487
7,7,OUT,OUT,0.24167405,0.11323352,0.03205887,0.023624917,0.11494531,0.08066841,0.0077847242,0.38601017
7,5,OUT,SO,0.17195691,0.11347753,0.006840757,0.01138106,0.053524274,0.3501144,0.006028793,0.2866763
3,0,HR,SINGLE,0.25722396,0.09059595,0.02237,0.10696652,0.048499953,0.13787434,0.22010525,0.1163641
5,7,SO,OUT,0.07049453,0.1095814,0.0056263497,0.01195475,0.14164458,0.02218444,0.028841462,0.6096725
7,7,OUT,OUT,0.31142232,0.006278988,0.00011382845,0.0002534927,0.009685699,0.25417295,0.00024381538,0.41782886
7,5,OUT,SO,0.031782757,0.025124794,0.014661404,0.0060598324,0.015850835,0.8417434,0.01966352,0.04511343
0,6,SINGLE,HBP,0.19848825,0.14307791,0.007946915,0.005905506,0.06566896,0.18141711,0.20062663,0.19686867
5,7,SO,OUT,0.31400052,0.1431429,0.00037105638,0.02767449,0.10382703,0.073499165,0.001998303,0.3354865
1,1,DOUBLE,DOUBLE,0.04578516,0.75249916,0.0012351763,0.0054938467,0.091633804,0.04217269,0.0031021445,0.058077883
7,7,OUT,OUT,0.16854066,0.16269793,0.0010779854,0.00033294596,0.065138794,0.24764635,0.0010123607,0.3535529
6,0,HBP,SINGLE,0.3934932,0.31776482,0.0008843749,0.00075359526,0.15793651,0.008837169,0.00065449986,0.11967589
7,7,OUT,OUT,0.23039584,0.09964986,0.00013334394,0.22638226,0.06021413,0.08749309,0.004711739,0.29101968
1,0,DOUBLE,SINGLE,0.60099345,0.13801384,0.006095522,0.014906387,0.03933274,0.050714314,0.013179232,0.13676451
7,0,OUT,SINGLE,0.21371235,0.13513215,0.00057415327,0.176628,0.20670353,0.17244323,0.0035403506,0.09126625
7,0,OUT,SINGLE,0.2983618,0.02974923,0.036836144,0.019645127,0.13369958,0.06523024,0.19090116,0.22557668
0,0,SINGLE,SINGLE,0.2962079,0.10338639,0.0028836844,0.04078528,0.15887924,0.055230208,0.09544236,0.24718489
7,7,OUT,OUT,0.181304,0.02297497,0.018882912,0.009242066,0.032098774,0.20720555,0.0077974326,0.52049434
7,7,OUT,OUT,0.16935797,0.030268403,0.006049529,0.05146755,0.17743449,0.2620241,0.0041504814,0.29924747
7,7,OUT,OUT,0.09126198,0.0059181843,0.0028104295,0.0045741363,0.007163465,0.29696044,0.0040780557,0.5872333
0,3,SINGLE,HR,0.03415039,0.0020767495,8.324305e-05,0.92325425,0.0069936793,0.010942095,0.00044294208,0.022056522
5,4,SO,BB,0.20218787,0.17174348,0.010587351,0.035353713,0.33559465,0.13798335,0.06632828,0.040221307
7,4,OUT,BB,0.22132218,0.14105704,0.0008269134,0.011855628,0.36248878,0.15532514,0.014447457,0.092676915
5,4,SO,BB,0.19262737,0.26284528,0.00040163877,0.038752,0.33900672,0.12855306,0.018697899,0.0191161
0,0,SINGLE,SINGLE,0.27730292,0.055247188,0.005156567,0.002111336,0.19533587,0.27280724,0.009778131,0.18226075
7,7,OUT,OUT,0.3013758,0.02843744,0.0073960973,0.0007395321,0.013126066,0.15943661,0.00078717084,0.4887012
7,0,OUT,SINGLE,0.610761,0.027688395,0.011730707,0.00017065884,0.022197679,0.13168655,0.00021445297,0.1955506
5,0,SO,SINGLE,0.6270471,0.0045755133,0.0004142029,0.07071689,0.010408323,0.18879938,0.0004513034,0.09758732
7,3,OUT,HR,0.052247282,0.0005925696,0.003596654,0.43759423,0.20820484,0.15879798,0.07400414,0.064962335
7,7,OUT,OUT,0.19695933,0.0068768607,0.0030692827,0.00822393,0.037116993,0.13613462,0.07896581,0.5326531
1,7,DOUBLE,OUT,0.26695478,0.062368263,0.0032409774,0.042508233,0.22695428,0.09626978,0.0035056875,0.29819807
7,7,OUT,OUT,0.051358074,0.09238918,0.0031918937,0.04795254,0.17913596,0.061543174,0.020552674,0.54387647
7,7,OUT,OUT,0.13740493,0.0802285,0.0053618997,0.0329901,0.03609354,0.18452251,0.009008853,0.5143896
0,5,SINGLE,SO,0.35819143,0.027745161,0.010755016,0.0035286103,0.011877477,0.3622093,0.0027895828,0.22290342
4,0,BB,SINGLE,0.44292158,0.033512242,0.0025331567,0.0034984574,0.025209187,0.08962486,0.006764854,0.39593568
7,0,OUT,SINGLE,0.40430483,0.014287404,0.0014176593,0.09386174,0.009628571,0.19580838,0.006512364,0.27417907
0,0,SINGLE,SINGLE,0.37538198,0.15276629,0.016910506,0.008099129,0.011064753,0.3162267,0.0006441638,0.118906476
0,1,SINGLE,DOUBLE,0.24880053,0.64557123,0.0003328544,0.022461304,0.03391864,0.023221543,0.005228117,0.020465715
7,7,OUT,OUT,0.08733887,0.0033075523,0.00073206256,0.0042121205,0.13500129,0.11004606,0.0039542806,0.6554077
7,5,OUT,SO,0.14507578,0.13986939,0.0012591988,0.019112013,0.059041854,0.4696677,0.0067523355,0.15922168
7,1,OUT,DOUBLE,0.07447349,0.5689504,0.00073628314,0.016852645,0.048457116,0.060315683,0.002123455,0.22809087
4,4,BB,BB,0.07970072,0.01616087,0.00077265943,0.03799958,0.51477265,0.2722725,0.018971926,0.05934902
0,0,SINGLE,SINGLE,0.4914721,0.027738046,0.0031286823,0.0007054667,0.022017341,0.31467965,0.0062419875,0.13401684
5,5,SO,SO,0.32681307,0.0010341827,0.0002848385,0.0005547879,0.030340714,0.48599735,0.00017887983,0.15479608
5,4,SO,BB,0.07061051,0.021109981,0.010192021,0.00024417555,0.746909,0.040879488,0.0078754565,0.10217926
7,0,OUT,SINGLE,0.5743854,0.18136482,0.0052529266,0.003450543,0.13662301,0.022573648,0.0043014223,0.07204833
0,5,SINGLE,SO,0.04247136,0.052379806,0.004815985,0.054154113,0.09829913,0.36517352,0.20588683,0.17681925
7,5,OUT,SO,0.22454363,0.24140345,0.0018820364,0.000761076,0.05148213,0.24589835,0.0057085804,0.22832078
5,0,SO,SINGLE,0.32682508,0.040554237,0.0002023353,0.050878473,0.26289067,0.10149777,0.018712318,0.1984391
4,4,BB,BB,0.2224386,0.036158938,0.004014402,0.003305231,0.52366894,0.044833444,0.010847739,0.15473273
7,7,OUT,OUT,0.054719433,0.016189719,0.00024144094,0.024199814,0.1532749,0.053919137,0.0012947742,0.6961608
7,4,OUT,BB,0.08585269,0.037730053,8.8118075e-05,0.011884703,0.7392979,0.075082056,0.0003463848,0.04971814
7,5,OUT,SO,0.08902761,0.02004049,0.00063137553,0.018422717,0.12064278,0.5697134,8.379669e-05,0.18143784
7,3,OUT,HR,0.03913949,0.07724305,0.0043387096,0.29840854,0.22892228,0.17432152,0.08631515,0.09131114
7,7,OUT,OUT,0.2531273,0.0030094613,0.00065614237,0.008646546,0.012504367,0.044529825,0.0010977518,0.67642856
0,7,SINGLE,OUT,0.051599476,0.13690704,0.012217824,0.026414268,0.12544715,0.08258794,0.23525912,0.32956713
7,7,OUT,OUT,0.14746723,0.06951562,0.0002582074,0.018266337,0.010872441,0.20403427,0.005594022,0.54399186
7,0,OUT,SINGLE,0.29799852,0.033052564,0.0006225184,0.070500195,0.1039801,0.14377724,0.19636193,0.15370692
4,5,BB,SO,0.030578889,0.01616946,0.0014429333,0.27057713,0.019235617,0.62417144,0.00043856635,0.03738597
0,4,SINGLE,BB,0.17971689,0.11736903,0.00282422,0.0023864247,0.30573297,0.06328069,0.05346485,0.27522495
7,4,OUT,BB,0.06568211,0.06700173,0.0012884737,0.17495964,0.34534562,0.13087681,0.0019554389,0.21289024
5,4,SO,BB,0.04246356,0.07147495,0.009814584,0.021321436,0.45283538,0.17768237,0.002926347,0.22148137
7,7,OUT,OUT,0.2161874,0.009470596,0.0009314516,0.005911332,0.016751561,0.15149564,0.29246613,0.30678588
7,5,OUT,SO,0.0763493,0.022382716,0.0002768204,0.07290708,0.072194554,0.58953875,0.006135485,0.16021535
7,0,OUT,SINGLE,0.5013836,0.13406469,0.0002987602,0.002522517,0.017842257,0.22214405,0.001069685,0.12067444
5,7,SO,OUT,0.046471547,0.2984898,0.0005228058,0.002173933,0.23085508,0.0788858,0.0006505142,0.34195045
0,5,SINGLE,SO,0.10429984,0.028898308,0.0006878879,0.0075415815,0.07606799,0.49518323,0.0018119933,0.28550917
7,7,OUT,OUT,0.11713832,0.16558295,0.0037127575,0.0028441977,0.05149789,0.13051465,0.0019868033,0.52672243
7,4,OUT,BB,0.029412737,0.24107382,0.00085891463,0.020338004,0.38744625,0.18029904,0.0009227842,0.13964842
5,5,SO,SO,0.056381598,0.01444484,0.0065982775,0.016665151,0.33259246,0.35515434,0.015687304,0.20247602
7,7,OUT,OUT,0.050092053,0.03241934,0.003733212,0.064875945,0.06444784,0.26331973,0.0010268551,0.520085
5,5,SO,SO,0.16496971,0.02510688,0.0015324453,0.0012617921,0.01973879,0.4844196,0.044624347,0.25834647
3,4,HR,BB,0.11813021,0.055745065,0.0027478938,0.1873245,0.34891915,0.119201764,0.003019181,0.16491222
7,5,OUT,SO,0.15419945,0.0006403664,0.00054186606,0.010982953,0.002000648,0.6737985,5.0646937e-05,0.15778552
7,1,OUT,DOUBLE,0.04980577,0.44030246,0.0005689064,0.029700045,0.093943864,0.12858418,0.0023117692,0.25478297
7,1,OUT,DOUBLE,0.053636055,0.67859644,0.025504656,0.0010927848,0.013019387,0.03174578,0.019716583,0.17668831
7,1,OUT,DOUBLE,0.0822917,0.38033417,0.014769239,0.0045210873,0.11260641,0.2058866,0.006079296,0.19351146
5,4,SO,BB,0.24424995,0.04874945,0.0031922464,0.021917868,0.35956076,0.17129342,0.0010291807,0.15000717
5,3,SO,HR,0.06275851,0.01883825,0.00021865062,0.77082735,0.08315861,0.031793006,3.3627806e-05,0.03237195
7,6,OUT,HBP,0.11212538,0.0904917,0.00067679473,0.04715643,0.18138875,0.06551255,0.32560992,0.17703842
7,1,OUT,DOUBLE,0.021856746,0.51134026,0.00067472516,0.008557883,0.035611782,0.2329187,0.017328294,0.17171168
7,4,OUT,BB,0.09757309,0.12238287,0.0010889786,0.061524853,0.45176205,0.07657338,0.12079587,0.06829895
0,1,SINGLE,DOUBLE,0.19250844,0.38834357,0.012009379,0.06540252,0.07496271,0.04556864,0.14798114,0.07322358
0,1,SINGLE,DOUBLE,0.1200678,0.38438296,0.0012548483,0.18749161,0.14320719,0.04792198,0.0020719555,0.11360166
4,5,BB,SO,0.046595488,0.0021789093,0.00047225063,0.0042770454,0.11803678,0.7144744,2.1026248e-05,0.11394409
7,4,OUT,BB,0.16673435,0.040650964,0.0003658481,0.0011469923,0.52864623,0.0625999,0.0035834387,0.19627237
7,1,OUT,DOUBLE,0.16996376,0.28327855,0.0008167171,0.05966415,0.06972279,0.15781255,0.0008193727,0.25792214
5,1,SO,DOUBLE,0.043651376,0.55283725,0.0015078816,0.03906764,0.07391119,0.1684885,0.000759524,0.119776644
5,5,SO,SO,0.26258036,0.0074173654,0.0010476878,0.0013699415,0.05375537,0.52370363,0.0007482198,0.14937742
4,4,BB,BB,0.17333974,0.1451898,0.0002195952,0.021306282,0.3346692,0.2158305,0.0022272184,0.10721764
7,1,OUT,DOUBLE,0.011153679,0.8510542,0.00024983592,0.0005261618,0.022746086,0.03235788,7.87296e-05,0.08183337
7,4,OUT,BB,0.019768545,0.006318063,0.0006816815,0.016633192,0.66513866,0.18492393,0.01817999,0.088355824
4,5,BB,SO,0.04289706,0.2626849,0.0003705422,0.008034467,0.07515378,0.48893368,0.0001971223,0.121728435
5,5,SO,SO,0.1270005,0.09538411,0.00043761975,0.11714018,0.16809815,0.37640318,0.0011385116,0.11439761
0,4,SINGLE,BB,0.1791042,0.10887054,0.0030821739,0.009216722,0.30098367,0.22329377,0.00058637856,0.17486258
7,1,OUT,DOUBLE,0.15326379,0.38798958,0.0060200174,0.0026373942,0.0043196357,0.15381974,0.000344151,0.2916057
5,6,SO,HBP,0.036968917,0.05390658,0.013750891,0.0060708467,0.059413936,0.21768765,0.5437494,0.06845185
4,4,BB,BB,0.08533766,0.090664074,0.040000204,0.0782907,0.2633739,0.13812578,0.15263107,0.1515765
7,1,OUT,DOUBLE,0.046641517,0.287751,0.00021267505,0.22300588,0.26406667,0.07991657,0.014744533,0.083661206
7,7,OUT,OUT,0.010881986,0.003042208,0.0002843283,0.00048609567,0.029667461,0.16946408,0.00067061535,0.7855032
7,1,OUT,DOUBLE,0.05882537,0.40019977,0.000385237,0.0004170316,0.13997068,0.3178248,5.174881e-05,0.08232549
4,4,BB,BB,0.258591,0.14816633,0.00044160252,0.0012230846,0.3178071,0.030290795,0.0010275157,0.24245258
5,5,SO,SO,0.12022006,0.13678133,0.0027079524,0.0028254213,0.14142796,0.44667798,0.003424673,0.14593464
0,1,SINGLE,DOUBLE,0.07362872,0.32012108,0.011153494,0.029595612,0.183626,0.11171656,0.024888294,0.24527033
7,0,OUT,SINGLE,0.6754828,0.01574605,0.0026215275,0.016343879,0.031363133,0.085171856,0.00097651937,0.17229432
5,4,SO,BB,0.21491776,0.018957637,0.099201314,0.016751122,0.33483303,0.15043439,0.010876225,0.1540285
7,0,OUT,SINGLE,0.36842674,0.007056739,0.0004985001,0.00041445158,0.16725665,0.08875797,0.0118894,0.35569954
0,4,SINGLE,BB,0.056893278,0.08054558,0.0036900155,0.00048712455,0.46424848,0.0938393,0.00028631274,0.30000997
5,7,SO,OUT,0.09966805,0.01391939,0.0008582619,0.03283381,0.2815838,0.04537193,0.006615817,0.519149
1,5,DOUBLE,SO,0.16424751,0.017504226,0.002316931,0.0039332327,0.19759284,0.38529423,0.0011671333,0.2279439
5,3,SO,HR,0.07560969,0.17517015,0.0047814706,0.2403634,0.11635316,0.19307274,0.0040727127,0.1905766
7,0,OUT,SINGLE,0.4057104,0.11841007,0.017241376,0.021976186,0.05713436,0.23393893,0.004646117,0.14094254
0,7,SINGLE,OUT,0.020269563,0.0059201973,3.1146414e-05,0.016106315,0.017667018,0.4583987,0.005583086,0.47602394
0,4,SINGLE,BB,0.17576836,0.030440126,0.0019050029,0.013632787,0.2943604,0.29384425,0.001950692,0.18809839
5,7,SO,OUT,0.15548629,0.1345819,0.012092403,0.05946339,0.13512391,0.08058415,0.024953976,0.397714
7,0,OUT,SINGLE,0.33316362,0.19808397,0.011097685,0.0076639177,0.035169825,0.08187502,0.00968717,0.32325882
7,7,OUT,OUT,0.20003085,0.064030625,0.0014204108,0.007399296,0.26278958,0.13544936,0.00044981923,0.32842997
7,7,OUT,OUT,0.19468924,0.0018802295,0.00030935524,0.0017845373,0.008135818,0.09335906,0.007842359,0.6919994
0,4,SINGLE,BB,0.111446634,0.04307723,0.044197276,0.0004945666,0.6610281,0.037548922,0.003672236,0.09853504
5,4,SO,BB,0.21271695,0.008949529,0.04761668,0.056684595,0.2861619,0.28361717,0.00037496036,0.103878275
7,7,OUT,OUT,0.079443775,0.007337424,0.0005098396,0.1948392,0.01713881,0.13382098,0.007495765,0.5594142
5,5,SO,SO,0.21845403,0.020342026,0.014006592,0.00039646472,0.1394447,0.45344675,0.0025762285,0.1513332
7,5,OUT,SO,0.03578967,0.008707767,0.009905,0.0030714634,0.00967699,0.517771,0.022530332,0.3925477
4,0,BB,SINGLE,0.8380662,0.043012034,0.00040484956,0.00057092553,0.008992475,0.018540967,0.00058564136,0.08982698
0,4,SINGLE,BB,0.027610846,0.028982606,0.00023378906,0.0010452084,0.7184819,0.18821013,0.0001311289,0.035304397
7,4,OUT,BB,0.014195167,0.056707762,0.030242603,6.21205e-05,0.5102769,0.3128027,5.841689e-05,0.07565424
7,7,OUT,OUT,0.11704636,0.027231965,0.0068747452,0.0768587,0.18349025,0.12195481,0.033692166,0.43285105
5,7,SO,OUT,0.10758083,0.0042383033,0.000102311526,0.001017644,0.17036949,0.22795506,0.004720732,0.4840156
7,5,OUT,SO,0.083194695,0.09496924,0.009476068,0.089155346,0.032057792,0.40832046,0.004707282,0.27811915
7,0,OUT,SINGLE,0.7567826,0.077835664,0.0060719596,0.0041647423,0.013519907,0.06931989,0.007285261,0.06502001
0,4,SINGLE,BB,0.058609832,0.28208983,0.0030870372,0.017464016,0.4068692,0.15322477,0.00033725734,0.078317985
7,5,OUT,SO,0.13814144,0.013285651,0.0055200863,0.20671779,0.20368287,0.35461953,0.0004308048,0.07760185
5,4,SO,BB,0.14182407,0.11894555,0.005129668,0.11264704,0.28090817,0.057947278,0.026189638,0.2564086
7,7,OUT,OUT,0.2120474,0.028487846,0.005470784,0.00854196,0.03184718,0.2119763,0.010784197,0.4908443
7,7,OUT,OUT,0.1645853,0.03466995,0.0024712847,0.010828121,0.25767654,0.17508957,0.00056513026,0.35411406
3,7,HR,OUT,0.05943388,0.2274288,0.002920163,0.016382651,0.11895804,0.254004,0.022607872,0.29826468
7,3,OUT,HR,0.074138485,0.039141335,0.0053600334,0.4844609,0.10678878,0.21719939,0.0029518516,0.06995917
5,3,SO,HR,0.22554342,0.014653821,0.00045397,0.65039057,0.02516052,0.035976324,0.00034065856,0.047480736
7,4,OUT,BB,0.24658228,0.19441788,0.0022948568,0.0010522302,0.29865468,0.108444706,0.00085274555,0.14770052
0,4,SINGLE,BB,0.17088272,0.2544394,0.009464435,0.019623436,0.2856068,0.08646928,0.012402408,0.16111147
7,7,OUT,OUT,0.26713338,0.026837647,0.0021162617,0.0061552385,0.09303162,0.20618737,0.0049918666,0.3935466
5,1,SO,DOUBLE,0.27788028,0.41492465,0.002465421,0.0088589,0.030277858,0.048904337,0.0009465691,0.21574196
7,4,OUT,BB,0.09835805,0.0063605113,0.0005686085,0.01750288,0.542307,0.05096753,0.0007161255,0.2832193
5,5,SO,SO,0.12718344,0.017402083,0.0030278566,0.01531107,0.040393814,0.7213004,0.0016215451,0.07375977
7,5,OUT,SO,0.007732317,0.0019889239,0.00065477623,0.005177919,0.006495959,0.5846514,9.0573725e-05,0.39320803
7,7,OUT,OUT,0.09258961,0.0995033,0.0042658555,0.0027237681,0.2543832,0.06434244,0.004137587,0.4780542
4,4,BB,BB,0.22476873,0.09271454,0.0018850953,0.04718198,0.38422585,0.059887096,0.0011509551,0.18818572
1,7,DOUBLE,OUT,0.027255423,0.0023232112,0.0053134044,0.00266515,0.19073536,0.3521071,0.0050488124,0.41455156
7,7,OUT,OUT,0.031011587,0.000625115,0.0009822287,0.00019914807,0.09531748,0.27873084,0.0049505406,0.58818316
7,1,OUT,DOUBLE,0.135038,0.3569917,0.0018696964,0.005052561,0.031197961,0.30192152,0.00078854733,0.16714002
7,7,OUT,OUT,0.1850179,0.060707506,0.00043779195,0.0007126136,0.11638159,0.30750152,0.009429844,0.31981122
7,5,OUT,SO,0.09426375,0.065870345,0.002108348,0.0007335588,0.07472245,0.4473349,0.00022718002,0.31473956
7,4,OUT,BB,0.22855617,0.010982245,0.009486026,0.072133124,0.3465514,0.072097905,0.019257715,0.24093528
7,7,OUT,OUT,0.27636802,0.0052843066,0.00034406682,0.0009053536,0.23910838,0.11709512,0.0039307773,0.356964
0,4,SINGLE,BB,0.06960693,0.008231432,0.0021806404,0.06616437,0.6628609,0.057260472,0.00085202797,0.1328432
7,4,OUT,BB,0.15240137,0.0861714,0.0024953266,0.09211084,0.223547,0.13558537,0.084397875,0.22329094
7,4,OUT,BB,0.19151446,0.024326699,0.010697727,0.013821277,0.5017952,0.1697477,0.000648583,0.08744843
4,7,BB,OUT,0.07039275,0.063716814,0.0016856206,0.008180858,0.08726453,0.18158884,0.0014894003,0.58568114
5,5,SO,SO,0.15245005,0.022012893,0.0010396156,0.06711676,0.006750314,0.6121265,0.00015321905,0.13835053
0,4,SINGLE,BB,0.21072227,0.17877188,0.0015186871,0.09019324,0.23907107,0.103844635,0.016777754,0.15910047
5,5,SO,SO,0.06772958,0.037027434,0.0021688351,0.069548346,0.2099771,0.44751453,0.003600547,0.1624336
7,0,OUT,SINGLE,0.4915263,0.045048494,0.0022029174,0.0013508442,0.01721449,0.0844106,0.0034200405,0.35482633
0,4,SINGLE,BB,0.10239871,0.035447832,0.1717232,0.005758641,0.58839756,0.037317615,0.00036207397,0.05859439
7,7,OUT,OUT,0.14026947,0.31361595,0.0019276901,0.00023885511,0.06965873,0.13403207,0.00066083734,0.3395964
5,7,SO,OUT,0.14928827,0.01614293,0.0019443851,0.04290006,0.005236562,0.2696982,0.009924373,0.5048652
7,0,OUT,SINGLE,0.58220375,0.0033756862,0.0006898172,0.0022190025,0.024538817,0.06343778,0.009083202,0.31445208
1,4,DOUBLE,BB,0.1311257,0.035643257,0.01005976,0.000932988,0.3577283,0.15363541,0.0017505457,0.309124
7,0,OUT,SINGLE,0.50947464,0.01979683,0.0057169567,0.0018317923,0.097576044,0.14863151,0.0035885077,0.2133837
6,4,HBP,BB,0.067832455,0.004337536,0.00188571,0.0008074613,0.8763394,0.013570175,0.0014414013,0.03378587
7,5,OUT,SO,0.2203588,0.0095767295,0.06679266,0.007257615,0.21631178,0.2574753,0.0057842163,0.21644288
1,4,DOUBLE,BB,0.13176736,0.10967049,0.00039799587,0.10977452,0.39431855,0.17595354,0.0065045776,0.07161303
0,5,SINGLE,SO,0.29289025,0.0038103806,0.0036258053,0.029641727,0.025570989,0.3891274,0.0010373434,0.25429612
7,7,OUT,OUT,0.25644544,0.0031736067,0.00013243927,0.0012947642,0.1385833,0.22263815,0.0039226506,0.37380967
0,0,SINGLE,SINGLE,0.46282142,0.09617247,0.012551734,0.04271961,0.086435415,0.029394433,0.008322125,0.2615828
7,3,OUT,HR,0.14389537,0.027771283,0.0021127746,0.3626895,0.07254314,0.1431066,0.06135457,0.18652675
0,0,SINGLE,SINGLE,0.3929704,0.004863934,0.0016601182,0.0005892018,0.16423495,0.05606939,0.018736541,0.36087552
7,6,OUT,HBP,0.15198208,0.022521889,0.0015281203,0.23896973,0.092538156,0.058683325,0.32429075,0.109485984
0,5,SINGLE,SO,0.030711042,0.032864682,0.026382186,0.15121435,0.28234977,0.35131392,0.0010238644,0.12414016
7,7,OUT,OUT,0.077286504,0.016876739,0.00010325972,0.001360869,0.19289733,0.21938576,0.0043436647,0.48774585
0,4,SINGLE,BB,0.08014088,0.08390069,0.0042788214,0.009887097,0.39872983,0.2553755,0.0012920687,0.16639516
7,0,OUT,SINGLE,0.45040286,0.019198632,0.00056337466,0.005482429,0.0071636257,0.15322326,0.0017862711,0.36217955
7,0,OUT,SINGLE,0.44110438,0.041709706,0.0016054383,0.00690467,0.13344145,0.16626808,0.03618296,0.17278336
1,7,DOUBLE,OUT,0.008601898,0.011621721,0.00016406157,7.094404e-05,0.07891717,0.16967504,0.001917274,0.72903186
5,5,SO,SO,0.08014391,0.0043301284,0.0032402966,0.00026718507,0.20550443,0.6088265,0.0012619281,0.09642556
7,5,OUT,SO,0.12636761,0.015728967,0.0011675418,0.015855704,0.2580277,0.3018679,0.00038352766,0.28060108
7,4,OUT,BB,0.10008287,0.11203516,0.00016172431,0.009148055,0.31982642,0.16374467,0.012587844,0.28241315
7,7,OUT,OUT,0.14076225,0.10597855,0.0019874189,0.011366861,0.16320078,0.22962356,0.0045093074,0.34257126
5,7,SO,OUT,0.023906067,0.060725905,0.001462897,0.006148486,0.09578554,0.06065587,0.0007574619,0.7505578
0,5,SINGLE,SO,0.22614723,0.113257535,0.008088622,0.1475329,0.036144797,0.3231286,0.0015724297,0.14412788
7,0,OUT,SINGLE,0.6084654,0.006470033,0.0010613822,0.00037627976,0.010592329,0.06495639,0.0005396941,0.30753854
0,0,SINGLE,SINGLE,0.41300982,0.047108546,0.026045276,0.0039281794,0.025887541,0.32856658,0.01533636,0.14011766
7,0,OUT,SINGLE,0.5384061,0.0047404454,8.066522e-05,0.000613384,0.16167927,0.11944796,0.009919663,0.16511253
7,7,OUT,OUT,0.14477289,0.0052507524,0.00038449795,0.0040009436,0.044961035,0.17834838,0.0062528793,0.61602867
5,4,SO,BB,0.12217428,0.038545653,9.208526e-05,0.006855823,0.48509616,0.1025759,0.012471367,0.23218872
6,0,HBP,SINGLE,0.5421856,0.047180355,0.22157836,0.011047116,0.015031155,0.09323665,0.004039159,0.06570163
7,7,OUT,OUT,0.191316,0.0051714918,0.007834921,0.0026333693,0.0361145,0.12442917,0.016656322,0.61584425
5,5,SO,SO,0.03985624,0.02228147,0.00084189844,0.00047109983,0.023671092,0.7417003,0.00874923,0.16242863
5,7,SO,OUT,0.15105553,0.032577258,0.0017581085,0.1195926,0.06939541,0.26507235,0.0058252215,0.35472357
1,7,DOUBLE,OUT,0.2005817,0.06973696,0.001270005,0.042709496,0.079104386,0.24583219,0.0023373386,0.35842797
0,7,SINGLE,OUT,0.12974945,0.06209039,0.00014325706,0.0014198433,0.20717597,0.035481736,0.0013538986,0.5625855
0,7,SINGLE,OUT,0.011307084,0.026805967,0.00022682473,0.0010390776,0.0083740875,0.43516865,0.019014265,0.49806404
7,0,OUT,SINGLE,0.70250034,0.0034988844,0.00020905228,0.000872698,0.034469265,0.07775165,0.01119105,0.1695071
7,0,OUT,SINGLE,0.49044898,0.2635384,0.0007628415,0.001164553,0.061053284,0.080810145,0.008071936,0.094149925
7,7,OUT,OUT,0.38900244,0.027212711,0.0036836383,0.03973838,0.011076578,0.042098433,0.045608956,0.44157884
7,7,OUT,OUT,0.22714318,0.011687978,0.00020917469,0.015006769,0.0053908494,0.10999488,0.002537221,0.62803
5,0,SO,SINGLE,0.4963934,0.018518094,4.4606753e-05,0.0014889458,0.019768698,0.27614647,0.0021577165,0.18548213
5,0,SO,SINGLE,0.37846807,0.023847388,0.0020277419,0.0022189636,0.111822724,0.18616359,0.008438991,0.28701246
7,4,OUT,BB,0.033615485,0.01379942,0.00011760153,0.0020946243,0.5666462,0.2618739,0.00093549467,0.12091723
1,7,DOUBLE,OUT,0.13246587,0.097246386,0.0005975928,0.00762324,0.078537546,0.13778508,0.08761798,0.4581263
7,5,OUT,SO,0.18842243,0.0073828828,0.00012343665,0.00014946054,0.0067675267,0.44742396,0.025099222,0.32463107
0,0,SINGLE,SINGLE,0.475875,0.038161926,0.037514713,0.005419679,0.035536546,0.09302302,0.032775786,0.28169334
7,6,OUT,HBP,0.17040963,0.012315456,0.00035614375,0.005760529,0.10409327,0.09925502,0.32879698,0.27901298
7,4,OUT,BB,0.16859865,0.0407268,9.711547e-05,0.0012385276,0.5327156,0.0811853,0.018972194,0.15646575
7,0,OUT,SINGLE,0.34594464,0.009932439,0.057180412,0.029359143,0.092181325,0.26799965,0.0060250238,0.19137733
0,5,SINGLE,SO,0.18409783,0.004652694,0.0064053508,0.018825507,0.17506479,0.44679493,0.00828664,0.15587224
7,5,OUT,SO,0.06155975,0.0074035907,5.808025e-05,0.00032663773,0.09907198,0.50356203,0.00012302147,0.32789493
7,3,OUT,HR,0.09405748,0.057263583,0.0018904066,0.47641945,0.025768466,0.20754673,0.02435263,0.11270122
7,4,OUT,BB,0.22675687,0.008118977,0.00017369472,0.036612,0.3802577,0.22592229,0.025821729,0.09633675
5,1,SO,DOUBLE,0.292304,0.42340818,0.0001840287,0.024863254,0.028201273,0.16805321,0.0008429334,0.06214307
7,7,OUT,OUT,0.07966009,0.006396723,0.0012394588,0.008609815,0.083994836,0.38557914,0.0076617002,0.42685816
5,0,SO,SINGLE,0.48452637,0.007483761,0.001961459,2.099549e-05,0.01761727,0.3384475,0.00036976248,0.14957291
0,0,SINGLE,SINGLE,0.35824046,0.08775353,0.0011134328,0.014285399,0.1326123,0.2436129,0.00064177386,0.16174017
7,5,OUT,SO,0.22179274,0.008828188,0.0009343123,0.0011001595,0.039211366,0.6085783,0.0006291509,0.118925735
5,0,SO,SINGLE,0.40628698,0.0061281486,0.0019084765,0.0035849398,0.01414139,0.22183648,0.0014178002,0.3446959
5,5,SO,SO,0.1496806,0.2579021,0.0053879535,0.06856509,0.036617428,0.4055696,0.0015063493,0.074770965
7,5,OUT,SO,0.29780063,0.010557072,0.00012347674,0.0027453098,0.0064336294,0.46387762,0.00030064155,0.21816158
7,5,OUT,SO,0.043945823,0.0308242,0.022289744,0.004302648,0.20405653,0.46228698,0.0021443565,0.23014975
0,0,SINGLE,SINGLE,0.6960568,0.014727672,0.0050038407,0.0027719059,0.012194212,0.107765205,0.00036217933,0.16111818
5,7,SO,OUT,0.25887156,0.006308594,0.0014088659,0.037272748,0.014848126,0.33284777,0.001672095,0.34677026
5,7,SO,OUT,0.2315101,0.004677839,0.00069553347,0.0037956426,0.0066043604,0.07917443,0.0054856683,0.6680564
5,7,SO,OUT,0.2945304,0.0024508948,0.0001447873,0.005636609,0.003398965,0.16737594,0.00422606,0.5222364
0,0,SINGLE,SINGLE,0.5127474,0.023627646,0.027096683,0.04046689,0.015762981,0.10494973,0.015515584,0.25983307
7,7,OUT,OUT,0.12570046,0.013322782,0.005710848,5.6163022e-05,0.012268255,0.36460325,9.936756e-05,0.47823897
5,5,SO,SO,0.18146917,0.08995686,0.001443596,0.0028126964,0.07913488,0.5203514,0.0023154963,0.12251587
0,7,SINGLE,OUT,0.011287427,0.0032412973,0.0021990482,0.0036857044,0.055735737,0.3716797,0.0011503063,0.5510208
7,4,OUT,BB,0.14583048,0.047118347,0.0005442368,0.036201414,0.34522662,0.0911983,0.19882543,0.13505518
7,7,OUT,OUT,0.26755047,0.01365883,0.0012320942,0.0058305315,0.02035789,0.16458899,0.00074227265,0.5260388
7,0,OUT,SINGLE,0.5449235,0.07534631,0.0671111,0.00965636,0.035023935,0.1524812,0.012103472,0.103354104
0,4,SINGLE,BB,0.07200108,0.06624742,0.00034410585,0.016309375,0.6479734,0.10236257,0.011474895,0.08328717
7,7,OUT,OUT,0.08345076,0.08936753,0.0009864256,0.010568867,0.06705668,0.17543797,0.03466072,0.538471
0,5,SINGLE,SO,0.03711836,0.0034874168,0.0019390445,0.0004451357,0.027847169,0.7399649,0.01695848,0.1722394
7,5,OUT,SO,0.047753584,0.0021038936,0.00016951795,2.4549036e-05,0.0012856025,0.856055,0.0006154315,0.09199237
0,7,SINGLE,OUT,0.080453776,0.008687665,0.0130847385,0.095816724,0.1391379,0.30384433,0.023190018,0.33578497
1,5,DOUBLE,SO,0.13228473,0.03837314,0.0005596866,0.03687418,0.039359935,0.38730854,0.00045333084,0.36478645
0,5,SINGLE,SO,0.38565698,0.0026493268,0.00038217835,0.0068060714,0.032841954,0.39483157,0.008961847,0.16787003
7,4,OUT,BB,0.110503376,0.021536177,0.00041198113,0.014112215,0.52227765,0.25988284,0.0007666916,0.07050911
7,7,OUT,OUT,0.2987064,0.0029940754,0.0010683221,0.004540094,0.12177397,0.051481124,0.00016839548,0.5192675
7,7,OUT,OUT,0.17192349,0.026846034,0.0073888674,0.0061888006,0.24565065,0.11891753,0.0022175186,0.42086715
4,5,BB,SO,0.21526325,0.16166483,0.021499548,0.0002646407,0.08999217,0.371872,0.0037242742,0.13571917
0,7,SINGLE,OUT,0.23935644,0.07372735,0.13052543,0.015149534,0.061654527,0.134865,0.017463394,0.32725835
7,5,OUT,SO,0.019491581,0.0090947775,0.0010020258,0.042440344,0.08486125,0.4133152,0.36457333,0.06522154
7,0,OUT,SINGLE,0.5830966,0.028365616,1.3327911e-05,0.01165212,0.07931122,0.077803895,0.0017646329,0.21799251
7,4,OUT,BB,0.12443925,0.010122427,0.00040913426,0.039187998,0.35627264,0.1812279,0.00045763524,0.28788307
0,4,SINGLE,BB,0.074794576,0.15804227,0.009053398,0.0015004734,0.6156501,0.07702326,0.02041914,0.043516796
1,5,DOUBLE,SO,0.29416275,0.08021241,0.0021870043,0.0022389637,0.03202995,0.4530693,0.019576313,0.11652336
6,4,HBP,BB,0.27894768,0.07268125,0.0018022679,0.005977451,0.41891602,0.06111752,0.0059742113,0.15458363
0,0,SINGLE,SINGLE,0.344062,0.08198247,0.006454689,0.009077817,0.05328418,0.18638423,0.017980732,0.3007739
7,1,OUT,DOUBLE,0.04730379,0.5848373,0.0014830974,0.0012477664,0.10262433,0.16762894,0.033478152,0.061396543
4,4,BB,BB,0.051879577,0.071065806,0.0015299619,0.00055603497,0.5760305,0.06713292,0.11758874,0.11421655
7,7,OUT,OUT,0.03052188,0.073862426,0.00083532237,0.004650924,0.0071008466,0.15783086,0.0014620845,0.7237357
7,0,OUT,SINGLE,0.4456362,0.19434147,0.0008839089,0.017728617,0.0023423054,0.074150786,0.0024852604,0.26243144
0,4,SINGLE,BB,0.18746714,0.13464347,0.00027661477,0.01613222,0.43245,0.13499826,0.0040422715,0.08999003
0,6,SINGLE,HBP,0.10304942,0.20774846,0.014291425,0.001531743,0.018667864,0.15009888,0.44853595,0.056076337
7,7,OUT,OUT,0.16527483,0.2505414,0.008453217,0.0010179278,0.044752657,0.23042004,0.0019368331,0.29760313
0,7,SINGLE,OUT,0.24658206,0.034543246,0.008486367,0.006860316,0.0246163,0.24135648,0.07652554,0.36102968
7,0,OUT,SINGLE,0.5158765,0.029957177,0.032606028,0.005579816,0.13973898,0.0377165,0.01104489,0.22748007
5,0,SO,SINGLE,0.3522339,0.116028614,0.0054313084,0.07172232,0.0783588,0.17777832,0.005407204,0.19303954
7,1,OUT,DOUBLE,0.036705784,0.5857853,0.005172481,0.0011468435,0.089368924,0.06894754,0.008063633,0.20480952
7,6,OUT,HBP,0.14842775,0.010360252,0.0036975164,0.024388906,0.29175854,0.080388725,0.31086382,0.13011448
0,0,SINGLE,SINGLE,0.6051734,0.08976386,0.014888528,0.0005687678,0.14158261,0.018379154,0.0014960126,0.12814772
0,7,SINGLE,OUT,0.12363351,0.058357142,0.009361471,0.10978402,0.08409895,0.2011877,0.0048186975,0.40875852
7,0,OUT,SINGLE,0.3551009,0.07750346,0.09856139,0.0329881,0.058745764,0.061359216,0.052939657,0.26280165
7,7,OUT,OUT,0.14738464,0.01630226,0.0043940274,0.01794217,0.12111989,0.23841344,0.0030218794,0.45142177
7,5,OUT,SO,0.11461293,0.03615503,0.00905664,0.008697627,0.05919463,0.36926958,0.22846836,0.17454512
0,5,SINGLE,SO,0.23088856,0.11675386,0.0049264403,0.0020490857,0.07499615,0.28263065,0.008972461,0.27878284
2,4,TRIPLE,BB,0.21512048,0.019180188,0.012718964,0.0058867894,0.50722915,0.053750273,0.047510985,0.13860314
0,1,SINGLE,DOUBLE,0.10457862,0.48432446,0.0006986644,0.088571474,0.012948259,0.074306965,0.020692097,0.21387945
7,7,OUT,OUT,0.1796856,0.053040747,0.0016768898,0.014331912,0.27283934,0.14857018,0.00041023392,0.3294451
5,3,SO,HR,0.15579769,0.039273392,0.0006554945,0.23018487,0.20977132,0.15511602,0.0785879,0.13061333
5,7,SO,OUT,0.11570683,0.01738052,0.00073327747,0.00090292696,0.13658446,0.17167175,0.00025770476,0.5567626
7,7,OUT,OUT,0.18790434,0.19588126,0.0038733932,0.028166994,0.106009714,0.19044216,0.000998683,0.2867234
7,5,OUT,SO,0.15495645,0.09848217,0.00041034832,0.06291261,0.10104672,0.42805874,0.028522734,0.12561017
7,5,OUT,SO,0.11638024,0.21581034,9.913239e-05,0.014918978,0.044159424,0.41284198,0.000684234,0.1951057
7,7,OUT,OUT,0.005447656,0.007156931,9.616257e-06,3.4440585e-05,0.0019476644,0.014325115,0.0006708705,0.9704077
4,0,BB,SINGLE,0.4333593,0.11557797,0.00018536171,0.06381123,0.061368175,0.13925952,0.0044079237,0.18203048
7,7,OUT,OUT,0.11737377,0.20216599,0.00047987263,0.016245421,0.12759446,0.23662917,0.0037841266,0.29572713
7,7,OUT,OUT,0.31656265,0.06674829,0.0006686644,0.0005069307,0.055143133,0.13057175,0.00034296938,0.4294557
5,5,SO,SO,0.030674808,0.0039498564,0.00018728626,9.685088e-05,0.0070859487,0.868247,2.903175e-05,0.089729324
0,0,SINGLE,SINGLE,0.38528654,0.025322637,5.042144e-05,0.003406328,0.2906976,0.076069415,0.024632249,0.19453482
5,7,SO,OUT,0.13805059,0.07019944,0.0012658511,0.05498139,0.07218073,0.16129678,0.09203639,0.40998876
0,5,SINGLE,SO,0.19998291,0.006378903,0.0021969418,0.06353959,0.1015791,0.43234926,0.040097177,0.15387617
5,7,SO,OUT,0.09785666,0.0022523352,0.0019042874,0.0013626752,0.033715192,0.37583822,0.032318905,0.4547517
7,0,OUT,SINGLE,0.29261228,0.11229219,0.010833453,0.081247106,0.18127567,0.1973989,0.00046888425,0.123871505
5,7,SO,OUT,0.21412772,0.05798355,0.02614122,0.025155464,0.1371778,0.17341904,0.0022979914,0.3636972
7,7,OUT,OUT,0.20056143,0.007104704,0.0009998821,0.0023893027,0.053327456,0.22637825,0.0016471518,0.5075918
7,1,OUT,DOUBLE,0.08608516,0.6807936,0.0004332563,0.024062114,0.10027408,0.0638117,0.008920335,0.03561971
1,4,DOUBLE,BB,0.16630436,0.012280476,3.309528e-05,0.0005920402,0.36021402,0.2059651,0.02645867,0.22815223
4,7,BB,OUT,0.1056273,0.18146794,0.0034929754,0.025160626,0.05369553,0.19984496,0.027993694,0.40271708
3,4,HR,BB,0.18073425,0.120213404,0.0003018012,0.0055261403,0.30544162,0.21034886,0.08546194,0.09197198
5,4,SO,BB,0.057477273,0.15449812,0.0006927139,0.0031881966,0.2866433,0.26983115,0.0015806471,0.2260886
0,5,SINGLE,SO,0.104523584,0.070290945,0.0003033572,0.012567253,0.019484878,0.6385199,0.0001817817,0.15412827
7,7,OUT,OUT,0.19828944,0.0009962334,0.000140512,2.6715998e-05,0.0006433811,0.37163106,5.316339e-05,0.42821962
7,0,OUT,SINGLE,0.57786,0.003713313,0.00012595745,0.009143722,0.123262264,0.14587262,0.00037472992,0.13964744
7,5,OUT,SO,0.24482429,0.028862897,0.014610554,0.010170018,0.23129158,0.27316213,0.024529403,0.17254917
7,4,OUT,BB,0.16019988,0.008436381,0.0006843339,0.027233737,0.38133135,0.2374597,0.00040509496,0.18424954
7,4,OUT,BB,0.044779893,0.13411005,0.0073619056,0.01583659,0.4029424,0.07023795,0.028022112,0.2967091
1,1,DOUBLE,DOUBLE,0.25083306,0.27310687,0.02699169,0.0013836846,0.110457525,0.06356844,0.009775301,0.26388338
7,0,OUT,SINGLE,0.4159045,0.3545873,0.00070640567,0.0040572663,0.04851788,0.11157249,0.0073884823,0.057265688
7,0,OUT,SINGLE,0.4249762,0.42279145,0.003762318,0.00052375527,0.0144542465,0.015679795,0.0023504884,0.11546177
7,1,OUT,DOUBLE,0.16390172,0.31510857,0.0014026009,0.006403817,0.022918934,0.22505352,0.012207277,0.25300363
7,4,OUT,BB,0.16636322,0.03232054,0.0071412344,0.0009365372,0.47033435,0.13941395,0.0027060385,0.18078406
7,0,OUT,SINGLE,0.495873,0.04619909,0.0038823944,0.02121064,0.058763545,0.1334646,0.0083564725,0.23225024
7,0,OUT,SINGLE,0.34107858,0.12237029,0.0022390524,0.018548258,0.08001728,0.043463945,0.17325182,0.21903078
0,1,SINGLE,DOUBLE,0.09799054,0.6712739,0.0059473235,0.009241224,0.037706725,0.08273248,0.02157759,0.073530234
3,0,HR,SINGLE,0.23865558,0.01676442,0.040701948,0.011603284,0.18933307,0.21957454,0.115045026,0.1683221
7,7,OUT,OUT,0.17504252,0.026197875,0.0073893936,0.005197073,0.0083495295,0.25773785,0.05140502,0.46868074
7,1,OUT,DOUBLE,0.2462351,0.27138034,0.007002936,0.0044048494,0.09321948,0.16974807,0.00092759583,0.20708162
7,7,OUT,OUT,0.12296664,0.016434064,0.0009802551,0.004676571,0.11489908,0.2695002,0.05611917,0.414424
7,7,OUT,OUT,0.23684698,0.0010074908,0.0020271128,0.0021584893,0.0098993005,0.19068019,0.0006916067,0.5566889
1,0,DOUBLE,SINGLE,0.5045418,0.025516646,0.0055403775,0.020727998,0.045170434,0.04451999,0.04622394,0.30775878
0,4,SINGLE,BB,0.21957994,0.02703471,0.005976914,0.02150207,0.45905697,0.08421561,0.00067943183,0.18195426
5,0,SO,SINGLE,0.4169419,0.02115192,0.0012412679,0.07115151,0.18315953,0.18755637,0.016385961,0.10241151
7,7,OUT,OUT,0.19133131,0.013277985,0.00247386,0.0058526318,0.16026136,0.23384102,0.0018349295,0.39112696
5,3,SO,HR,0.14722915,0.043236654,0.0019612375,0.31385368,0.02127135,0.15090229,0.01357825,0.30796736
5,7,SO,OUT,0.31041208,0.0067096404,0.0028759225,0.0129192,0.033959765,0.07089687,0.11788363,0.44434294
1,5,DOUBLE,SO,0.029763665,0.0011903076,0.0027975002,0.012263201,0.18357618,0.7559745,0.00026660337,0.014168047
7,7,OUT,OUT,0.10748476,0.009351579,0.003237831,0.014347488,0.13194759,0.24836352,0.01092501,0.47434214
7,5,OUT,SO,0.06440442,0.10484058,0.009936177,0.21758805,0.16829385,0.23108904,0.0015012168,0.20234668
7,3,OUT,HR,0.03547907,0.0026464507,0.00011180435,0.8862471,0.016405355,0.040327296,0.0007466924,0.018036205
1,7,DOUBLE,OUT,0.026540993,0.018227931,0.0054691727,0.26654878,0.0043161195,0.16855434,0.00085564645,0.509487
0,7,SINGLE,OUT,0.0800426,0.085543536,0.006960058,0.011491887,0.24992667,0.13780707,0.0021946805,0.4260336
0,0,SINGLE,SINGLE,0.3610526,0.0015939847,0.0032130936,0.1379793,0.051109977,0.23301157,0.00019665342,0.21184286
3,7,HR,OUT,0.052284453,0.005306602,0.002639337,0.0045300624,0.22909948,0.1809552,0.0029216108,0.5222632
7,7,OUT,OUT,0.07357912,0.0089792255,0.0016290329,0.017885704,0.03515282,0.08442284,0.31120262,0.4671486
7,5,OUT,SO,0.20076455,0.06297806,0.0006541417,0.0054264558,0.05620198,0.41880345,0.0012946436,0.25387672
7,7,OUT,OUT,0.05954184,0.14020097,0.0014527257,0.25553435,0.070094936,0.13134408,0.08200634,0.25982466
1,7,DOUBLE,OUT,0.096360646,0.028555872,0.0031295202,0.048683845,0.3106108,0.11848894,0.060322125,0.33384815
0,0,SINGLE,SINGLE,0.38721454,0.044282332,0.000189932,0.34802455,0.074042164,0.08975771,0.006143688,0.050345015
7,7,OUT,OUT,0.026872968,0.06692235,0.00247523,0.0031260327,0.07057551,0.1857409,0.048334196,0.59595275
0,1,SINGLE,DOUBLE,0.09394865,0.7799222,0.0009155568,0.0020012767,0.022156732,0.05314268,0.0033298184,0.044583194
7,1,OUT,DOUBLE,0.1081609,0.58867675,0.0008166928,0.0111626275,0.063776255,0.07382069,0.061914884,0.09167124
7,0,OUT,SINGLE,0.43418908,0.19217083,0.0007774009,0.0017321411,0.10482382,0.043741066,0.0001785604,0.22238706
4,7,BB,OUT,0.16446783,0.021459257,0.0093218405,0.0035063562,0.28508702,0.1804408,0.0017243382,0.33399257
0,7,SINGLE,OUT,0.01668642,0.0036594141,0.0001266758,0.00079478015,0.005598041,0.19325927,0.0038189963,0.7760564
7,7,OUT,OUT,0.009008594,0.0103089,0.0031484894,0.00043589371,0.005954501,0.143184,0.046215143,0.7817444
0,0,SINGLE,SINGLE,0.6074911,0.02722281,0.00024253914,0.004843276,0.046248022,0.16734871,0.019971868,0.12663169
7,7,OUT,OUT,0.14733405,0.071584314,0.009233264,0.009649792,0.05431324,0.052451402,0.01546955,0.63996434
7,0,OUT,SINGLE,0.508507,0.0491896,0.0009637493,0.020372733,0.18781258,0.018838836,0.0067500705,0.20756535
7,0,OUT,SINGLE,0.6015331,0.011247363,0.0005133877,0.00064261747,0.014967421,0.09476797,0.046737287,0.22959088
0,0,SINGLE,SINGLE,0.6677115,0.03798635,0.0031851328,0.0005871488,0.054288916,0.046569586,0.02774237,0.16192889
7,7,OUT,OUT,0.11373332,0.05102322,0.0012144232,0.0012907042,0.27679205,0.060019407,0.0093130935,0.48661387
7,0,OUT,SINGLE,0.56187123,0.025066182,0.0012421292,0.007971085,0.13296859,0.07830507,0.006481568,0.18609414
7,7,OUT,OUT,0.41326553,0.017736379,0.0010306772,0.02039876,0.01613189,0.05977196,0.0012689278,0.47039592
4,5,BB,SO,0.117009796,0.1188756,0.12831633,0.038568195,0.10084028,0.20198192,0.111311875,0.18309599
4,5,BB,SO,0.09460805,0.03022171,0.01695346,0.048518963,0.15485542,0.48109338,0.009922755,0.1638262
7,1,OUT,DOUBLE,0.13830741,0.56850934,0.0034268794,9.460342e-05,0.016605312,0.037463147,0.00149983,0.23409344
5,7,SO,OUT,0.015048427,0.042445086,0.001257777,0.0024828976,0.009499913,0.05722256,0.13268799,0.7393554
7,1,OUT,DOUBLE,0.21676624,0.2950916,0.0026024026,0.0047411877,0.1832427,0.15754811,0.04572112,0.09428668
4,0,BB,SINGLE,0.33919337,0.11548042,0.0045333887,0.00799219,0.10116738,0.103027575,0.02370221,0.3049035
7,0,OUT,SINGLE,0.60674864,0.017209698,0.004819031,0.0021839929,0.044788912,0.27767614,0.0028651757,0.04370831
1,0,DOUBLE,SINGLE,0.51577556,0.0008697734,0.0042815134,0.000669582,0.011998633,0.30017802,0.00037711934,0.16584979
7,7,OUT,OUT,0.043877278,0.10216904,0.0012270644,0.0008902687,0.059867755,0.08239606,0.0022466779,0.7073259
7,0,OUT,SINGLE,0.36708057,0.120715804,0.01478506,0.0040953704,0.07020646,0.18282667,0.0031832557,0.23710677
7,7,OUT,OUT,0.14192693,0.07189887,0.004575623,0.027573917,0.058232572,0.02808476,0.003438181,0.6642691
5,0,SO,SINGLE,0.34392178,0.070717484,0.0009893688,0.08422488,0.21492805,0.23707795,0.0017802508,0.046360217
7,1,OUT,DOUBLE,0.24427855,0.5007836,0.009908899,0.006007022,0.03247028,0.12778804,0.0023606033,0.07640307
5,5,SO,SO,0.22852927,0.16251947,0.0012355015,0.06758826,0.07601639,0.2846024,0.004483566,0.17502512
5,0,SO,SINGLE,0.561537,0.2513207,0.0035191097,0.0043880017,0.010635873,0.04558404,0.0019066164,0.12110862
6,1,HBP,DOUBLE,0.17681433,0.34847608,0.0014206768,0.014964539,0.029255036,0.113766186,0.015547557,0.29975572
7,7,OUT,OUT,0.24505383,0.040651176,0.007613189,0.005069144,0.030791191,0.041711483,0.0033917257,0.62571824
7,0,OUT,SINGLE,0.49563527,0.09454198,0.0059055267,0.07318317,0.09820189,0.019736873,0.085733704,0.12706159
7,5,OUT,SO,0.07374863,0.01520272,0.0015782064,0.0077324533,0.0589402,0.713823,0.013053854,0.115920946
7,5,OUT,SO,0.12775575,0.05939593,0.009106356,0.012828118,0.07729776,0.421907,0.009820081,0.2818891
7,7,OUT,OUT,0.04562885,0.005542232,0.0010607507,0.008921427,0.020273251,0.10008554,0.0030668941,0.81542104
6,1,HBP,DOUBLE,0.13994609,0.32415557,5.523808e-05,0.25017932,0.08003676,0.09150758,0.0023119296,0.111807674
5,7,SO,OUT,0.20086446,0.022860413,0.0018844091,0.026984556,0.17176175,0.17830576,0.009613635,0.38772503
7,6,OUT,HBP,0.04315239,0.0934233,0.0032511386,0.013952309,0.043679338,0.013825913,0.44242057,0.34629503
5,7,SO,OUT,0.20301138,0.01774368,0.0401819,0.11723969,0.06630875,0.1525815,0.013178691,0.38975444
7,4,OUT,BB,0.059337463,0.052679747,0.0016348113,0.012759438,0.40580842,0.102567755,0.16090132,0.20431097
0,0,SINGLE,SINGLE,0.43496802,0.03674342,0.011691572,0.0094359135,0.20859249,0.15464684,0.015509927,0.12841181
7,4,OUT,BB,0.061073534,0.19336516,0.0023466155,0.14757419,0.48669934,0.028402148,0.05107728,0.029461756
5,7,SO,OUT,0.043302517,0.010039851,0.0005012938,0.08783876,0.07726737,0.13311215,0.0048030466,0.643135
0,7,SINGLE,OUT,0.13591684,0.07446936,0.083131514,0.050382145,0.23466559,0.09616438,0.004792008,0.32047817
7,7,OUT,OUT,0.1911374,0.05556132,0.031179845,0.0054179267,0.014768138,0.043242443,0.007192384,0.6515006
7,7,OUT,OUT,0.3186278,0.11287031,0.0044532022,0.04918041,0.04770368,0.053896423,0.049873926,0.3633943
7,4,OUT,BB,0.23180176,0.05867751,0.059541628,0.01932164,0.30090758,0.17493567,0.0022911804,0.15252313
7,3,OUT,HR,0.09092174,0.041484505,0.00040340945,0.4428356,0.28091398,0.034111362,0.0020782005,0.10725111
7,6,OUT,HBP,0.24103603,0.2136709,0.0031352963,0.007654389,0.06301871,0.054550756,0.31063676,0.10629724
0,4,SINGLE,BB,0.06927075,0.023285313,0.0030443817,0.021569174,0.4260791,0.1734539,0.0006315284,0.28266582
7,5,OUT,SO,0.16718274,0.043980733,0.0001915369,0.042615913,0.06681449,0.58778924,0.00056589296,0.09085953
0,5,SINGLE,SO,0.15189868,0.012568052,0.0014805498,0.01656058,0.18022749,0.45256415,0.00019263611,0.18450785
5,5,SO,SO,0.21375719,0.047329847,0.0021667918,0.22052926,0.04022724,0.29680988,0.0015320512,0.17764774
0,7,SINGLE,OUT,0.2287517,0.07097574,0.041610718,0.033016168,0.0750348,0.1018063,0.07251514,0.37628934
7,0,OUT,SINGLE,0.39164364,0.042956617,0.013362181,0.038093384,0.16966116,0.1905336,0.004414636,0.14933476
7,3,OUT,HR,0.04341455,0.047976386,0.008936088,0.49100325,0.1243154,0.070674576,0.0077407146,0.2059391
7,7,OUT,OUT,0.3260943,0.029938223,0.00079645327,0.016642807,0.024065793,0.10851073,0.11193615,0.38201553
7,5,OUT,SO,0.121546954,0.21892047,0.0040411786,0.044875078,0.20020877,0.23243296,0.008773547,0.16920103
5,7,SO,OUT,0.1370202,0.029036915,0.0074172295,0.015348886,0.0968435,0.12510294,0.056550626,0.5326797
4,1,BB,DOUBLE,0.036264412,0.595962,0.00017511917,0.19041978,0.012235697,0.043496083,0.017649094,0.10379775
7,7,OUT,OUT,0.10303023,0.15919241,0.012847647,0.033193994,0.16242938,0.07067449,0.0108407745,0.44779107
0,5,SINGLE,SO,0.28745016,0.04226028,0.0042494554,0.039447285,0.13873486,0.3697703,0.005817614,0.11227002
7,7,OUT,OUT,0.15987247,0.030788353,0.0010210652,0.022447929,0.044078562,0.033249114,0.06016537,0.6483772
7,0,OUT,SINGLE,0.32989004,0.1551732,0.0093144,0.012804156,0.013074898,0.1116478,0.07067571,0.2974198
7,1,OUT,DOUBLE,0.11442795,0.35192803,0.004738374,0.020472774,0.21459742,0.06793775,0.09107929,0.13481835
4,5,BB,SO,0.13012454,0.088755086,0.011983485,0.04857434,0.08191108,0.35191748,0.0050722915,0.28166175
0,4,SINGLE,BB,0.20729825,0.025182938,0.0012774463,0.10445756,0.3530235,0.10458759,0.13108028,0.07309238
4,5,BB,SO,0.08397475,0.03123401,0.0016720691,0.0040738117,0.050671443,0.715009,0.016141575,0.097223334
7,0,OUT,SINGLE,0.3505089,0.15666203,0.022610303,0.0620328,0.0063747,0.054078724,0.005889413,0.34184322
5,7,SO,OUT,0.11082704,0.27259696,0.0076302327,0.031650048,0.13725737,0.14062417,0.014375196,0.28503895
7,6,OUT,HBP,0.14541031,0.03942671,0.0050728675,0.21211945,0.030023111,0.096873164,0.27817973,0.19289471
5,7,SO,OUT,0.25218326,0.015906604,0.012647101,0.08568424,0.009932031,0.19249858,0.0053920485,0.42575613
0,7,SINGLE,OUT,0.1645696,0.08057519,0.040371805,0.05502797,0.048423335,0.20335217,0.09553284,0.31214702
7,5,OUT,SO,0.28866732,0.0061964304,0.0006205511,0.0109968595,0.03141183,0.37917238,0.0023762535,0.2805584
7,7,OUT,OUT,0.1745616,0.032010555,0.014152228,0.008512022,0.07804248,0.2905682,0.01949214,0.38266075
7,7,OUT,OUT,0.02237462,0.002552737,7.7157e-05,0.0017523125,0.0033470546,0.0034213322,0.0018245773,0.9646502
5,7,SO,OUT,0.055925377,0.057625506,8.43174e-05,0.0027783567,0.07489061,0.017894331,0.0009892322,0.78981227
7,7,OUT,OUT,0.08733961,0.06231002,0.01155917,0.013148646,0.06895503,0.049061768,0.0018083877,0.70581734
5,4,SO,BB,0.15806264,0.11116289,0.00090353785,0.01589771,0.33651313,0.068014815,0.11809339,0.19135194
7,0,OUT,SINGLE,0.37968978,0.17136702,0.0047493638,0.02420765,0.10141782,0.17190956,0.004431942,0.14222683
0,0,SINGLE,SINGLE,0.40285918,0.068282865,0.0010529669,0.017293336,0.08461975,0.18155095,0.08001944,0.1643214
0,0,SINGLE,SINGLE,0.50622374,0.15749003,0.0016491419,0.06924309,0.0842368,0.1032186,0.0020603915,0.07587821
1,7,DOUBLE,OUT,0.29391858,0.0021917229,0.00214146,0.0060736127,0.25473565,0.092319734,0.012543406,0.33607587
5,0,SO,SINGLE,0.53361773,0.013480708,0.0010512988,0.002223033,0.061875626,0.049700327,0.0052135787,0.33283773
7,4,OUT,BB,0.040317945,0.0008443052,6.7292436e-05,0.09070365,0.6658691,0.05553208,0.005969347,0.14069627
7,5,OUT,SO,0.1431988,0.03087526,0.2634293,0.012133734,0.0648137,0.26961592,0.0057218,0.21021146
0,5,SINGLE,SO,0.06275621,0.0060475296,0.0014097644,0.004733888,0.14030582,0.47982985,0.013978523,0.29093847
3,5,HR,SO,0.112890124,0.11717305,0.010571171,0.13142738,0.17510006,0.23954174,0.011266373,0.2020301
5,4,SO,BB,0.052686937,0.08171992,0.0044358927,0.008749447,0.5387002,0.14398888,0.0014090772,0.16830955
7,5,OUT,SO,0.060113322,0.0917921,0.007091224,0.04930639,0.028352017,0.57028383,0.0055966643,0.18746443
7,5,OUT,SO,0.017439587,0.016068231,0.00195536,0.008425299,0.010414468,0.8831727,0.0010108864,0.061513465
7,1,OUT,DOUBLE,0.15293224,0.30029464,0.00044821858,0.072987214,0.14462033,0.089898385,0.05343138,0.18538763
0,1,SINGLE,DOUBLE,0.024552023,0.60795563,0.001388981,0.109056965,0.15459274,0.03978782,0.0031678868,0.059497878
5,7,SO,OUT,0.18169081,0.0026244312,0.00066097215,0.0030075982,0.023471253,0.20400192,0.024951309,0.5595917
6,5,HBP,SO,0.05949375,0.17488754,0.0019465325,0.13188985,0.20367387,0.2455144,0.034849606,0.14774449
7,1,OUT,DOUBLE,0.16748002,0.47300386,0.0010533318,0.0074417,0.020367976,0.16433267,0.07126522,0.09505521
0,4,SINGLE,BB,0.051982503,0.13322079,0.00073804177,0.020225601,0.51696163,0.14426924,0.001312849,0.13128932
7,6,OUT,HBP,0.025405668,0.048415393,0.00089640776,0.0023009449,0.20880972,0.11001239,0.56986564,0.034293864
7,6,OUT,HBP,0.0025349907,0.002555993,0.0012957366,0.025539912,0.005908674,0.057401884,0.7723154,0.13244739
7,1,OUT,DOUBLE,0.11181762,0.54853415,0.0006105525,0.009070187,0.106613144,0.080236964,0.0130399065,0.1300776
7,7,OUT,OUT,0.008465104,0.002651748,1.0459813e-05,3.9908868e-05,0.0007544379,0.014618648,8.044302e-05,0.9733793
5,7,SO,OUT,0.2030784,0.10686474,0.00047387378,0.055243153,0.034436155,0.24410655,0.0007341086,0.35506302
4,5,BB,SO,0.18332645,0.030072113,0.006297346,0.027036717,0.15236193,0.4674369,0.0046035103,0.12886502
7,7,OUT,OUT,0.048721902,0.0062605413,0.0038104984,0.0059048524,0.23960152,0.16725232,0.0017927671,0.52665555
5,5,SO,SO,0.032894835,0.004179801,0.06681774,0.01486216,0.028262395,0.7015963,0.0213789,0.13000791
7,0,OUT,SINGLE,0.5925291,0.0067076134,8.711058e-05,0.00028112615,0.07584812,0.12169285,0.029824652,0.17302938
5,3,SO,HR,0.12529987,0.10365299,0.0010344684,0.2605375,0.14519824,0.12596329,0.042830724,0.19548288
4,5,BB,SO,0.17310229,0.15841326,0.00040036681,0.18644127,0.066450104,0.22393422,0.030886324,0.16037221
0,4,SINGLE,BB,0.06423564,0.0013590397,0.00077287527,0.03768845,0.5810352,0.222891,0.010978057,0.08103973
5,5,SO,SO,0.12294563,0.0038357864,0.0021114075,0.001777619,0.046819165,0.45131382,0.03100718,0.34018946
0,1,SINGLE,DOUBLE,0.24013694,0.2950225,0.02163523,0.0048618396,0.014399359,0.16521043,0.00017395032,0.25855973
5,3,SO,HR,0.053868517,0.1011782,0.0013122266,0.36320394,0.04934419,0.17487384,0.011841083,0.24437793
7,0,OUT,SINGLE,0.23945093,0.15601206,0.00018480362,0.0017145718,0.1950113,0.21221441,0.016601555,0.17881046
7,5,OUT,SO,0.093930416,0.096432135,0.0030588247,0.009991826,0.3136831,0.34753126,0.004221023,0.13115141
7,0,OUT,SINGLE,0.2975412,0.07614061,0.001640253,0.026903337,0.16709363,0.18865402,0.00065567554,0.24137123
7,7,OUT,OUT,0.20569117,0.07833925,0.09997872,0.017713286,0.025577022,0.08619748,0.0142637305,0.47223932
7,0,OUT,SINGLE,0.28296846,0.079221666,0.0028448806,0.074946314,0.13521565,0.21382377,0.0043191547,0.20666005
7,1,OUT,DOUBLE,0.10156746,0.5183946,0.0017554455,0.03341547,0.10291584,0.10718083,0.043871224,0.09089914
7,4,OUT,BB,0.021640468,0.0044074156,0.015236058,0.08271605,0.61010647,0.08189154,0.0011895653,0.18281236
7,0,OUT,SINGLE,0.7389613,0.014448337,0.037695486,0.0012372823,0.021772483,0.044710167,0.00053012813,0.14064486
7,1,OUT,DOUBLE,0.061198786,0.4902645,0.0006480072,0.06177265,0.034950394,0.041426413,0.26608276,0.04365656
7,4,OUT,BB,0.10590842,0.0060588093,0.011727937,0.025074769,0.67461014,0.03255299,0.062264454,0.081802435
0,4,SINGLE,BB,0.21246468,0.06441716,0.005396858,0.026650399,0.44535676,0.07079293,0.0033833699,0.17153785
5,5,SO,SO,0.086199336,0.04095486,0.0005127785,0.016947635,0.27002373,0.30048117,0.22641124,0.05846927
7,5,OUT,SO,0.059890445,0.03387638,0.0030898943,0.01183374,0.023527015,0.6237641,0.0023664238,0.24165198
7,4,OUT,BB,0.031586472,0.0034729794,0.00097273086,0.03103841,0.6499333,0.15564819,0.079267554,0.048080392
7,4,OUT,BB,0.12942612,0.035141855,0.0048433705,0.015797582,0.54994494,0.041371223,0.0003121863,0.22316277
1,4,DOUBLE,BB,0.114648856,0.13416567,0.001458668,0.012600389,0.60730565,0.016320748,0.00017950078,0.11332057
4,4,BB,BB,0.119082466,0.06539168,0.0038489872,0.03394349,0.45036465,0.092177756,0.024373941,0.21081701
4,3,BB,HR,0.2795139,0.022863256,0.0014697178,0.3371512,0.06369238,0.15134698,0.0019333785,0.14202918
7,5,OUT,SO,0.18536845,0.22051682,0.0025473672,0.038481425,0.16702351,0.26148015,0.021673327,0.10290891
5,4,SO,BB,0.063982904,0.002563669,0.0038939866,0.05588607,0.78840417,0.0443011,0.00046506926,0.040503085
7,7,OUT,OUT,0.11689415,0.049019665,0.0053836335,0.0008739337,0.18140708,0.18657926,0.04126878,0.4185735
5,7,SO,OUT,0.07686221,0.23050033,0.00022161075,0.0007485826,0.21097438,0.16506253,0.0048429826,0.31078735
7,0,OUT,SINGLE,0.41016653,0.19813697,0.002014064,0.00033138445,0.0555623,0.2324785,0.022081865,0.07922836
0,7,SINGLE,OUT,0.16900937,0.04387832,0.0005481133,0.008959655,0.056608267,0.27907857,0.0009060856,0.44101158
7,5,OUT,SO,0.13501196,0.08728809,0.0014578867,0.21715508,0.1187575,0.2181034,0.020783331,0.20144269
1,0,DOUBLE,SINGLE,0.5248492,0.04265189,0.0050809737,0.111231074,0.14699106,0.049043734,0.008706857,0.111445196
7,7,OUT,OUT,0.08622449,0.0072307726,0.010677659,0.006782457,0.006574946,0.05566328,7.728606e-05,0.8267691
6,4,HBP,BB,0.07567658,0.012352107,0.003664824,0.014292666,0.7091183,0.034603693,0.0003832134,0.14990853
0,0,SINGLE,SINGLE,0.4450724,0.035081506,0.02841258,0.0033960964,0.20512098,0.041077618,0.0014166341,0.24042214
5,7,SO,OUT,0.02087988,0.030820081,0.07796191,0.00063512305,0.06536821,0.07814249,0.20839044,0.51780194
0,5,SINGLE,SO,0.19114149,0.03882193,0.00035754696,0.004776128,0.01731627,0.5485787,0.013698591,0.18530942
7,5,OUT,SO,0.018942542,0.016095823,0.0011192838,0.0063741948,0.05872294,0.49044704,0.043280415,0.36501783
7,7,OUT,OUT,0.1600028,0.050413866,0.005186456,0.009459147,0.03785736,0.1578253,0.015039465,0.5642156
7,7,OUT,OUT,0.14389034,0.01999925,0.0012528825,0.23342156,0.12642778,0.081941195,0.035437316,0.35762957
3,7,HR,OUT,0.27149084,0.12573893,0.0020668926,0.10713167,0.018529939,0.119444676,0.035002813,0.3205942
5,7,SO,OUT,0.29650128,0.0148181245,2.6170144e-05,0.00058047636,0.022626283,0.104210146,0.06243541,0.4988022
7,4,OUT,BB,0.12578568,0.092891596,0.0010778755,0.00072489463,0.54015934,0.020838859,0.028639117,0.18988258
5,7,SO,OUT,0.16063765,0.036171164,0.0001392517,0.0030401086,0.0075728004,0.27981913,0.00038925378,0.5122306
4,5,BB,SO,0.061756507,0.0074976142,0.016048694,0.0031008285,0.012442435,0.6360616,0.016872747,0.24621959
0,5,SINGLE,SO,0.07069427,0.3069217,0.00031703457,0.0027179865,0.0045069368,0.48861188,0.00090574974,0.1253245
5,0,SO,SINGLE,0.5355531,0.027143175,2.3180657e-05,0.011318319,0.028518029,0.072260134,0.008142599,0.3170414
0,5,SINGLE,SO,0.28088087,0.07075619,0.001039743,0.14904377,0.081294686,0.2916115,0.004858414,0.1205148
0,7,SINGLE,OUT,0.057090137,0.2933202,0.00021790077,0.052658144,0.0909267,0.048704553,0.08719931,0.36988294
0,1,SINGLE,DOUBLE,0.19312121,0.2788983,0.01773099,0.0046722577,0.25403455,0.10120444,0.023917248,0.12642102
7,3,OUT,HR,0.2566373,0.061505377,0.00029406228,0.4460345,0.00965309,0.14982067,0.00038863064,0.075666435
7,0,OUT,SINGLE,0.5167803,0.014348705,0.024749616,0.0022694713,0.03413214,0.07538588,0.013120667,0.31921312
7,7,OUT,OUT,0.34866762,0.02310631,0.00022285467,0.006020902,0.03139907,0.052145064,0.0006689518,0.53776914
7,5,OUT,SO,0.056291886,0.18997735,0.00025707044,0.2653599,0.01519833,0.309192,0.00095596816,0.16276745
0,5,SINGLE,SO,0.20083217,0.04463354,0.00015546296,0.00059037143,0.03327441,0.4742393,0.0025418599,0.24373293
7,5,OUT,SO,0.08850081,0.031612564,0.00046502356,0.08033966,0.1111161,0.55859697,0.00058719516,0.12878165
7,7,OUT,OUT,0.28687683,0.110167705,0.0004801338,0.0020379936,0.02866425,0.09709269,0.0030617712,0.47161862
7,0,OUT,SINGLE,0.43129262,0.044309814,0.00028926565,0.086361036,0.037696436,0.08146848,0.00034605234,0.31823626
1,7,DOUBLE,OUT,0.032708697,0.012424338,0.0012027653,0.005420293,0.031400625,0.13364862,0.00031399747,0.7828806
0,7,SINGLE,OUT,0.07756203,0.009554942,0.0012139498,0.01062094,0.04761321,0.21025607,0.28071147,0.36246738
5,7,SO,OUT,0.079548486,0.08662044,0.075666144,0.033479262,0.24742809,0.15134244,0.021065759,0.30484945
3,3,HR,HR,0.16994815,0.13563327,0.0011318511,0.36983788,0.12779428,0.096825816,0.0090131685,0.089815564
7,7,OUT,OUT,0.1719414,0.11479616,0.099106185,0.14691016,0.021769373,0.1864262,0.008393738,0.2506568
7,1,OUT,DOUBLE,0.053310595,0.69693536,3.42702e-05,0.0008398018,0.024080452,0.08406645,0.004068122,0.13666508
7,1,OUT,DOUBLE,0.0032914046,0.946519,1.8120827e-05,9.417028e-05,0.003882421,0.03406756,6.9641996e-05,0.012057647
4,1,BB,DOUBLE,0.050255608,0.56424934,0.00048538618,0.00019113389,0.0956342,0.19048634,0.00019418761,0.098503776
7,5,OUT,SO,0.034626514,0.16860189,2.2525115e-05,0.00045547314,0.01666328,0.747761,1.9938227e-05,0.03184929
0,1,SINGLE,DOUBLE,0.03153551,0.5627683,0.0005651058,0.0065122074,0.07520441,0.17174625,0.0071382886,0.14452997
1,5,DOUBLE,SO,0.15526749,0.10924907,0.010381515,0.0036945848,0.20836142,0.37771967,0.010294315,0.12503181
7,7,OUT,OUT,0.16052073,0.09022598,0.0009446953,0.048443556,0.005587298,0.27858466,0.011721547,0.4039715
7,0,OUT,SINGLE,0.44496733,0.009017208,4.464188e-05,0.001289847,0.009864264,0.13579626,0.0036402857,0.39538008
7,7,OUT,OUT,0.1112561,0.027140765,0.00043183245,0.015549142,0.008825287,0.118936114,0.006846475,0.71101433
7,0,OUT,SINGLE,0.3505024,0.07967845,0.019833125,0.008480116,0.16495885,0.10308773,0.031935807,0.2415236
7,7,OUT,OUT,0.10561904,0.177477,0.0013584151,0.15604185,0.08089474,0.22304314,0.003918159,0.25164762
3,3,HR,HR,0.012162817,0.0075676558,0.010659837,0.8526102,0.010302479,0.057164427,0.004967408,0.04456526
7,3,OUT,HR,0.07060702,0.0045501622,0.028147139,0.47262207,0.009603474,0.22048414,0.00069338264,0.19329262
0,5,SINGLE,SO,0.07084016,0.0146229165,0.0033155766,0.041414026,0.07923693,0.39611098,0.0017543338,0.39270508
0,5,SINGLE,SO,0.045415714,0.027031966,0.00018637042,0.2940727,0.048503503,0.39294526,0.001112693,0.19073191
5,7,SO,OUT,0.02381514,0.0029267853,0.00047533217,0.00024574655,0.004119289,0.057741355,0.00013757117,0.9105388
0,7,SINGLE,OUT,0.13040188,0.054230005,0.0004030361,0.005769937,0.019595938,0.16159214,0.0013420989,0.62666494
7,3,OUT,HR,0.12951253,0.02376803,0.035634525,0.4712268,0.05128375,0.14864823,0.00204912,0.13787688
0,1,SINGLE,DOUBLE,0.12544689,0.43250254,0.00014591281,0.00237955,0.016798828,0.11305703,0.00017025488,0.30949908
5,5,SO,SO,0.06848023,0.03784736,0.0008639046,0.003723841,0.11179763,0.5833718,0.023802152,0.17011304
7,0,OUT,SINGLE,0.37797627,0.084243454,0.00012541126,0.0003738348,0.04178361,0.24901469,0.03247832,0.2140044
5,5,SO,SO,0.06502496,0.03125294,0.00016692719,0.005781975,0.025919996,0.7479307,0.0006465178,0.123276055
6,0,HBP,SINGLE,0.7454964,0.020613305,0.0009801285,0.009983976,0.012758063,0.059268083,0.0012824668,0.14961751
0,0,SINGLE,SINGLE,0.5028144,0.029622853,0.0020660106,0.0012226385,0.018742941,0.132379,0.0028040935,0.31034803
0,5,SINGLE,SO,0.04313902,0.10187294,0.0032082044,0.1465101,0.11317766,0.48949707,0.013856602,0.08873844
4,1,BB,DOUBLE,0.013959374,0.50587386,0.00041328263,0.032569475,0.060821846,0.34762737,0.00096282805,0.037772004
7,0,OUT,SINGLE,0.36316746,0.033149123,0.00047375134,0.000797557,0.061845895,0.33095956,0.010583872,0.19902265
7,4,OUT,BB,0.16318877,0.107774444,0.0038402402,0.00061903486,0.35718694,0.1123777,0.0018053856,0.25320756
0,5,SINGLE,SO,0.26089966,0.095371306,0.0020599687,0.010190212,0.06859978,0.3113389,0.0017649477,0.24977517
7,0,OUT,SINGLE,0.33500862,0.11483151,0.0029416217,0.0336847,0.03331872,0.28358874,0.0003072422,0.19631879
7,4,OUT,BB,0.0045200335,0.013949297,0.017308425,0.0048289266,0.6362402,0.06294555,0.0033546656,0.25685295
7,0,OUT,SINGLE,0.52723676,0.09337558,0.002216626,0.09074623,0.057357803,0.110727936,0.03692785,0.081411235
6,6,HBP,HBP,0.031993758,0.04120884,0.0043185116,0.010302731,0.04523511,0.032300092,0.50611544,0.32852548
5,1,SO,DOUBLE,0.103749186,0.36277854,0.0006138953,0.0016354882,0.27088472,0.06984763,0.083600014,0.10689043
5,1,SO,DOUBLE,0.02201755,0.738735,0.00028514632,0.0005474527,0.02092289,0.033022366,0.08798963,0.09647991
4,7,BB,OUT,0.097767785,0.25532278,0.0010792547,0.02302835,0.16090307,0.05915699,0.0063393465,0.3964025
4,7,BB,OUT,0.058792554,0.012431273,0.0009846456,0.0024264427,0.2902452,0.270717,0.003987784,0.3604151
7,5,OUT,SO,0.16235445,0.020315614,0.008975135,0.012834289,0.08116824,0.4370274,0.0017888419,0.27553603
7,5,OUT,SO,0.004199267,0.33555937,0.00013741986,0.004462372,0.022768866,0.36289713,0.0002974038,0.26967812
7,4,OUT,BB,0.2266235,0.021622784,0.0008742176,0.18127361,0.23720624,0.17685814,0.007768739,0.14777274
5,3,SO,HR,0.030846288,0.040675193,0.00738462,0.5945423,0.07071173,0.056818414,0.035430994,0.16359045
0,7,SINGLE,OUT,0.028586805,0.041097913,0.0020903994,0.024096834,0.030648222,0.35260227,0.0024169153,0.5184606
5,5,SO,SO,0.12651974,0.08525971,0.00028623553,0.0099407155,0.009376839,0.6782452,0.0011399831,0.08923164
7,5,OUT,SO,0.18260762,0.033610124,0.00063096517,0.0065429136,0.052502617,0.56816554,0.0019377222,0.15400246
7,0,OUT,SINGLE,0.33593848,0.041018482,7.857153e-05,0.013099521,0.30766198,0.07495947,0.001100485,0.22614306
0,1,SINGLE,DOUBLE,0.21222761,0.28330255,0.01095223,0.024927652,0.24990968,0.13440418,0.0004651337,0.08381096
7,7,OUT,OUT,0.03651989,0.11451194,0.0006676545,0.05382414,0.19101863,0.04636258,0.011026703,0.5460685
1,7,DOUBLE,OUT,0.13285221,0.118247874,8.5952175e-05,0.09702587,0.079947054,0.04732826,0.0013934443,0.5231193
4,7,BB,OUT,0.18638523,0.23939887,0.00060603657,0.14714134,0.006543649,0.048428603,0.042761803,0.3287345
7,7,OUT,OUT,0.26835468,0.0072774226,1.0501347e-05,0.00036463118,0.014728075,0.11571163,0.008627569,0.58492553
7,4,OUT,BB,0.2179793,0.011123616,0.0010737667,0.00025687413,0.4657265,0.13648956,0.0008657994,0.16648458
2,0,TRIPLE,SINGLE,0.5223626,0.09861307,0.00057637814,0.0025331138,0.05111927,0.010577651,0.040247448,0.27397045
7,1,OUT,DOUBLE,0.029187186,0.50495374,0.0009122705,0.14219405,0.07975315,0.14973646,0.00024728532,0.09301587
0,5,SINGLE,SO,0.14029749,0.0018797867,0.00012895919,0.00034844773,0.0020715334,0.6023584,6.256724e-05,0.25285286
7,5,OUT,SO,0.06653134,0.21774186,0.00070709357,0.10138169,0.06976396,0.39815083,0.010344378,0.13537893
7,4,OUT,BB,0.0269428,0.1404635,0.00034432072,0.02977962,0.3757215,0.30688155,0.014369243,0.10549748
7,4,OUT,BB,0.0681498,0.060601097,0.00015938807,0.07718257,0.3709553,0.203517,0.0004456983,0.21898915
7,7,OUT,OUT,0.14913695,0.17302488,0.00022758039,0.104040205,0.013269116,0.06387248,0.00041357047,0.49601513
6,7,HBP,OUT,0.10980747,0.3124452,0.0002750143,0.011840707,0.07610521,0.03258564,0.004112337,0.45282844
0,5,SINGLE,SO,0.2430061,0.10808865,0.0002325261,0.038018435,0.1171837,0.3112637,0.0023005514,0.17990625
7,1,OUT,DOUBLE,0.111474894,0.31112814,0.00147668,0.012688994,0.044353656,0.19390137,0.026513675,0.29846248
4,4,BB,BB,0.09046989,0.092939295,0.0018827391,0.10698194,0.4586218,0.13662973,0.0034902617,0.108984336
7,0,OUT,SINGLE,0.2843506,0.029380832,0.0028222399,0.0020383867,0.13429551,0.1379888,0.20591106,0.20321263
4,0,BB,SINGLE,0.33030924,0.18693961,0.00041574918,0.0384,0.013149081,0.2296015,0.0681193,0.13306552
7,6,OUT,HBP,0.02725055,0.051352896,0.029515162,0.0061091795,0.06770592,0.027771542,0.76550066,0.024794132
5,5,SO,SO,0.09342938,0.04357322,0.0024906278,0.00072289666,0.20639625,0.47335312,0.035018094,0.14501639
7,7,OUT,OUT,0.14087617,0.029781647,0.0037776013,0.009982104,0.19506739,0.075803004,0.00096771953,0.5437443
0,5,SINGLE,SO,0.11143395,0.002730033,0.00012778616,0.0049764034,0.05247664,0.71191096,0.053861946,0.062482245
7,7,OUT,OUT,0.13077341,0.122841775,0.028191362,0.031547558,0.12358013,0.17541978,0.0061408104,0.38150513
7,7,OUT,OUT,0.16082513,0.03144069,0.08706895,0.12847033,0.07056962,0.052626647,0.18441172,0.2845869
7,7,OUT,OUT,0.13465567,0.048260268,0.0063259625,0.051857803,0.13593845,0.14686805,0.0388005,0.43729326
7,0,OUT,SINGLE,0.5210225,0.021402204,0.014366406,0.0004080512,0.019137563,0.20411007,0.0033231562,0.21623011
7,4,OUT,BB,0.06672352,0.10139041,0.011841246,0.023456637,0.44696388,0.1632159,0.019164022,0.16724442
0,7,SINGLE,OUT,0.1189745,0.016220719,0.18598813,0.029823776,0.04420295,0.23713352,0.0019343899,0.36572206
3,4,HR,BB,0.034921937,0.0071323854,0.00070451264,0.010072011,0.74275565,0.032449424,0.0043018707,0.16766222
5,7,SO,OUT,0.12709318,0.047057994,0.002579779,0.030279959,0.25833982,0.08238167,0.01760499,0.43466258
0,4,SINGLE,BB,0.10555811,0.026558984,0.0018848511,0.022857001,0.35899386,0.16821676,0.0016051141,0.31432536
5,7,SO,OUT,0.12547684,0.021989366,0.0073779626,0.010400282,0.30301133,0.1867278,0.006570714,0.33844572
7,6,OUT,HBP,0.0585756,0.061364207,0.0024080481,0.040347297,0.1511516,0.13628753,0.27958208,0.27028364
7,7,OUT,OUT,0.26107478,0.032171495,0.022716839,0.0011838923,0.21156353,0.12907222,0.004148798,0.33806846
7,7,OUT,OUT,0.3075408,0.0062796697,0.0041959435,0.0023713934,0.014487723,0.20157799,0.0041874284,0.45935908
5,0,SO,SINGLE,0.33407676,0.12337079,0.006241255,0.0055429386,0.083185844,0.16954342,0.00062553067,0.27741352
1,7,DOUBLE,OUT,0.1435244,0.02099944,0.001267756,0.06819655,0.08197919,0.19420165,0.0018297675,0.48800132
7,5,OUT,SO,0.070707515,0.09661814,0.02167993,0.0020494354,0.02735861,0.4118239,0.024144085,0.3456184
7,7,OUT,OUT,0.037280213,0.0766809,0.036575362,0.00347596,0.07299099,0.062627785,0.04358272,0.666786
0,0,SINGLE,SINGLE,0.35561085,0.039534148,0.039642863,0.21590564,0.06487177,0.08832842,0.0039168857,0.19218953
0,6,SINGLE,HBP,0.053630393,0.047483653,0.058610596,0.051434252,0.06479308,0.037315935,0.35673937,0.32999268
5,7,SO,OUT,0.2929294,0.06501076,0.04802145,0.0117587,0.021751828,0.14047112,0.033509552,0.38654718
7,1,OUT,DOUBLE,0.13623983,0.3119513,0.011988583,0.0084368605,0.09903749,0.1522925,0.02358051,0.2564729
5,0,SO,SINGLE,0.23442858,0.079562895,0.00089440757,0.16903146,0.15353177,0.20686321,0.0031969347,0.15249075
2,5,TRIPLE,SO,0.24737145,0.0115108155,0.00024352212,0.017091295,0.12662438,0.52746034,0.00016176188,0.06953646
5,4,SO,BB,0.10876848,0.020529604,0.0002897813,0.16239688,0.44877312,0.066117555,0.07495851,0.11816611
7,5,OUT,SO,0.04707792,0.27114546,0.0019968126,0.0003037987,0.016661443,0.3145659,0.07251445,0.27573425
7,5,OUT,SO,0.17918615,0.15364306,0.0044440627,0.021735052,0.17695056,0.34940615,0.025073642,0.08956135
7,6,OUT,HBP,0.09993808,0.0037637528,0.0016874252,0.0017414732,0.02387987,0.0265231,0.7544075,0.088058814
5,5,SO,SO,0.18172939,0.06742084,0.0004662992,0.014797937,0.16036981,0.4584852,0.005962926,0.11076763
4,5,BB,SO,0.11153521,0.003975664,0.0055460576,0.030149024,0.35018837,0.36797363,0.0003685174,0.13026345
7,5,OUT,SO,0.068187065,0.3328304,0.0042277477,0.006211773,0.06407004,0.3972039,0.0021346526,0.12513454
7,4,OUT,BB,0.10172918,0.09760537,0.0010994304,0.026129588,0.345063,0.25581676,0.00031024156,0.17224638
7,4,OUT,BB,0.017161151,0.2096111,0.0013993547,0.018997652,0.39743346,0.22720096,0.02780877,0.10038763
7,6,OUT,HBP,0.025092104,0.033422384,0.0019981905,0.015299194,0.067118354,0.0487861,0.7805817,0.02770198
1,4,DOUBLE,BB,0.21564105,0.0027531956,5.9621183e-05,0.014289032,0.43976542,0.06417343,0.005838504,0.2574798
1,5,DOUBLE,SO,0.15974383,0.00574064,0.0004423605,0.002689649,0.06871559,0.70613277,0.004456682,0.052078456
5,0,SO,SINGLE,0.5848514,0.0008806039,0.00405162,0.004480453,0.0027501795,0.072455265,0.0020374788,0.328493
4,0,BB,SINGLE,0.64429843,0.0012727379,0.00063169975,0.00027921956,0.017999334,0.09643025,0.007163693,0.23192453
5,0,SO,SINGLE,0.5363635,0.12186256,0.0032820213,0.035986986,0.020216785,0.076023586,0.09463741,0.11162715
5,0,SO,SINGLE,0.4889516,0.006064511,0.0016106837,0.0061145853,0.009815849,0.21549106,0.001234028,0.27071774
0,5,SINGLE,SO,0.27413222,0.0046780626,0.00038900407,0.12879942,0.017588511,0.49535483,0.00028765394,0.07877027
5,7,SO,OUT,0.048132747,0.010970538,0.007932358,0.00071410014,0.30384532,0.080639765,0.0019005759,0.5458646
7,0,OUT,SINGLE,0.37262625,0.038533572,0.0066712257,0.0030056953,0.28634155,0.15560576,0.006539682,0.13067631
5,0,SO,SINGLE,0.2939808,0.015628211,0.07149074,0.01628698,0.048366256,0.23685148,0.027249144,0.2901463
4,7,BB,OUT,0.1435123,0.030421164,0.014186386,0.00430434,0.23243073,0.15754847,0.0077614123,0.40983525
5,0,SO,SINGLE,0.4897258,0.010846711,0.0003203439,0.006049755,0.10706208,0.052320838,0.11257467,0.22109987
7,5,OUT,SO,0.034030847,0.012406515,0.0018593415,0.043061115,0.09197105,0.72941065,0.004693787,0.08256672
7,7,OUT,OUT,0.33043617,0.0335917,0.0009244122,0.063808315,0.008736752,0.100229934,0.0036044104,0.4586683
4,7,BB,OUT,0.24254023,0.0068494063,0.0007083111,0.06426683,0.1789227,0.06514895,0.0024693257,0.43909422
6,7,HBP,OUT,0.18959533,0.0517686,0.00072707335,0.06957285,0.2171896,0.102480456,0.0022513801,0.36641467
7,5,OUT,SO,0.093977004,0.009704896,0.0003550335,0.026340852,0.10504729,0.5948392,0.0005427652,0.16919288
7,7,OUT,OUT,0.058446787,0.033281196,0.0013948217,0.00047139003,0.049923483,0.09291272,0.056897655,0.7066719
7,0,OUT,SINGLE,0.4587046,0.029359218,0.0037078364,0.0170957,0.031033317,0.16090812,0.032461677,0.26672953
7,7,OUT,OUT,0.07669672,0.009377178,0.00023108268,0.00030054193,0.10394235,0.027662162,0.0050171334,0.77677286
7,7,OUT,OUT,0.14265096,0.00038725307,0.00014988706,0.042801544,0.028745655,0.32670775,0.009638233,0.4489187
5,4,SO,BB,0.07690689,0.004846303,0.07561656,0.04989594,0.40169182,0.16637453,0.015063011,0.20960492
0,4,SINGLE,BB,0.08300246,0.005847125,0.0068480107,0.0053017316,0.43175307,0.2489979,9.525005e-05,0.21815445
7,5,OUT,SO,0.055220526,0.08251623,0.0028171828,0.017748922,0.2777371,0.46688646,0.0016479957,0.09542549
7,4,OUT,BB,0.11462295,0.030158352,0.0018211757,0.1293437,0.49153274,0.11435591,0.015214759,0.10295036
7,7,OUT,OUT,0.14024477,0.026428478,0.0016051191,0.0021944775,0.124435,0.26234654,0.021804553,0.42094108
7,5,OUT,SO,0.13741623,0.058462907,0.00045670706,0.00057884626,0.0380265,0.4320741,0.0017712552,0.33121344
5,4,SO,BB,0.14634523,0.033245653,0.000317934,0.019433413,0.5905207,0.10510832,0.0023510288,0.102677755
5,7,SO,OUT,0.19754624,0.031114552,0.0012974024,0.087254494,0.27429104,0.13320158,0.00021338157,0.27508125
5,4,SO,BB,0.016495798,0.010050226,6.728103e-05,0.031032907,0.79359645,0.065159015,0.00042736746,0.08317101
7,3,OUT,HR,0.044712946,0.011200207,0.0015404476,0.37784278,0.027761642,0.3194796,0.008360981,0.20910136
5,7,SO,OUT,0.06943468,0.05864214,0.23949677,0.0010265686,0.09407487,0.074496105,0.14439802,0.31843084
7,5,OUT,SO,0.13037515,0.0060934434,0.00032534922,0.0012632068,0.08378645,0.40664625,0.053397864,0.31811222
4,7,BB,OUT,0.25011593,0.018754035,0.1954582,0.004609356,0.08390951,0.15552436,0.016849278,0.27477932
7,6,OUT,HBP,0.07589669,0.051125992,0.0025934372,0.0004323529,0.10773175,0.0389574,0.40103447,0.32222798
7,4,OUT,BB,0.13251045,0.19218381,0.002125359,0.0066001993,0.27110928,0.13479935,0.03171973,0.22895175
5,7,SO,OUT,0.22819701,0.0094897365,0.006728779,0.07651408,0.19469504,0.23314466,0.0135941245,0.23763666
1,0,DOUBLE,SINGLE,0.3432569,0.056747682,0.16432011,0.026281498,0.037855886,0.14070494,0.020839715,0.20999324
7,7,OUT,OUT,0.20054045,0.0074460264,0.029862506,0.017907575,0.18791331,0.22352003,0.014429476,0.31838062
5,0,SO,SINGLE,0.2984143,0.059792854,0.0036618279,0.003922907,0.233666,0.02385456,0.13452645,0.24216107
7,3,OUT,HR,0.14569968,0.103390604,0.08831272,0.20113099,0.1174914,0.19503984,0.055059657,0.09387505
5,2,SO,TRIPLE,0.093212485,0.0027176167,0.38598225,0.094431914,0.086137995,0.06573305,0.0025423605,0.26924232
7,0,OUT,SINGLE,0.3538095,0.017711516,0.014063574,0.014619271,0.03665784,0.18264882,0.028148878,0.35234058
7,5,OUT,SO,0.06377627,0.04481717,0.00093173655,0.0104971025,0.08109308,0.69497603,0.0015641897,0.102344446
7,7,OUT,OUT,0.11462689,0.09705622,0.0016527878,0.20513439,0.0060961386,0.19222465,0.00024238265,0.38296655
0,5,SINGLE,SO,0.03989981,0.005744789,0.0019617977,0.05223855,0.0059149144,0.6575356,0.00032121025,0.23638329
0,1,SINGLE,DOUBLE,0.15793893,0.5643219,0.03446113,0.0014106015,0.09226868,0.0665966,0.004985835,0.07801642
5,7,SO,OUT,0.02470118,0.22583294,0.1338183,0.0005749005,0.034022275,0.10348638,0.009794647,0.4677694
7,4,OUT,BB,0.15576601,0.014116687,0.009249947,0.0021005278,0.5031826,0.07328934,0.00282475,0.2394702
0,3,SINGLE,HR,0.10661956,0.123274796,0.022501333,0.26477915,0.04365161,0.2292701,0.00083864835,0.20906486
7,0,OUT,SINGLE,0.3755454,0.13862695,0.070814125,0.055814616,0.0420435,0.06366213,0.008335117,0.24515823
7,5,OUT,SO,0.20091286,0.08207054,0.0013030637,0.0007945667,0.21110691,0.34984884,0.0021099297,0.15185323
5,0,SO,SINGLE,0.4131834,0.057442512,0.008451643,0.009589766,0.10656142,0.27567226,0.009858688,0.119240314
7,0,OUT,SINGLE,0.48263946,0.010179975,0.0037134923,0.010891908,0.026061144,0.09996991,0.018686878,0.34785727
0,5,SINGLE,SO,0.19365928,0.022761531,0.008497933,0.04493278,0.15182394,0.39814293,0.00077019114,0.17941135
4,7,BB,OUT,0.24133411,0.046785217,0.00214484,0.0704766,0.17550826,0.20133293,0.009491932,0.2529261
5,4,SO,BB,0.029192995,0.0794226,0.031062745,0.0006084624,0.52803946,0.044891592,0.033715647,0.2530665
1,4,DOUBLE,BB,0.10937545,0.042777717,0.0015290104,0.001166815,0.4742401,0.10648653,0.002919384,0.26150498
0,0,SINGLE,SINGLE,0.30630487,0.21626003,0.0032798282,0.012537968,0.13398989,0.05880515,0.14501944,0.12380273
5,7,SO,OUT,0.28102154,0.028737852,0.087025374,0.13595265,0.11607054,0.04696196,0.00882318,0.29540694
7,5,OUT,SO,0.093167655,0.012335521,0.0046434174,0.0028285496,0.009295451,0.60882425,0.0018147511,0.26709047
6,6,HBP,HBP,0.15310974,0.019336049,0.0014190002,0.018522702,0.03236272,0.15279005,0.42186493,0.20059475
7,7,OUT,OUT,0.2008504,0.16131178,0.0994225,0.0039069825,0.05695561,0.18443753,0.0036978242,0.28941745
5,0,SO,SINGLE,0.3677863,0.06920108,0.0036783766,0.012891221,0.025059009,0.13681406,0.09647598,0.28809398
5,0,SO,SINGLE,0.58721596,0.0036849084,0.12539817,0.024735725,0.049801998,0.035094675,0.015144975,0.15892361
7,7,OUT,OUT,0.17269848,0.005996749,0.007304943,0.041152615,0.18612126,0.098344915,0.0024606464,0.4859204
0,4,SINGLE,BB,0.22839205,0.14850335,0.00072913035,5.349407e-05,0.5497898,0.0013730752,4.8019086e-07,0.07115863
7,3,OUT,HR,0.008284389,0.0097836,0.0010813152,0.86587846,0.028625928,0.06181286,4.8733025e-05,0.024484796
7,2,OUT,TRIPLE,0.30044538,0.028480178,0.38517964,0.0034943053,0.092875004,0.05014724,0.038237363,0.101140864
7,7,OUT,OUT,0.20624746,0.044985496,0.0017334119,0.014429675,0.16755599,0.035081923,0.07923662,0.45072952
7,1,OUT,DOUBLE,0.08058295,0.43996996,0.091266565,0.0006704292,0.045281485,0.037800033,0.0013000941,0.3031284
4,7,BB,OUT,0.091857284,0.07341275,0.001288114,0.0006614991,0.023510747,0.32945958,0.015646288,0.46416372
1,0,DOUBLE,SINGLE,0.81208915,0.052790783,0.004554519,0.00048103512,0.007570582,0.07756656,0.0031954588,0.04175193
5,5,SO,SO,0.09854253,0.055333514,0.0022531697,0.07765262,0.02975395,0.43206003,0.009755065,0.29464918
7,4,OUT,BB,0.15359621,0.21086487,0.0010369613,0.0021762203,0.39547366,0.09539161,0.0005289113,0.14093147
5,1,SO,DOUBLE,0.047747962,0.48687872,0.07494395,0.03373699,0.14478728,0.07170821,0.009843688,0.13035323
7,5,OUT,SO,0.0089341905,0.0022927935,0.39265814,0.00068051403,0.010232687,0.5505681,0.0050600986,0.029573513
5,4,SO,BB,0.10873563,0.026232019,0.012286994,0.001594619,0.54662895,0.10145716,0.0016788924,0.20138575
7,3,OUT,HR,0.07448126,0.0014256595,0.006152304,0.37534684,0.12303284,0.20566075,0.0006900031,0.21321034
5,1,SO,DOUBLE,0.18844432,0.54266477,0.0015763795,0.0025214073,0.1167822,0.05105955,0.004457272,0.0924941
7,7,OUT,OUT,0.23178065,0.16535129,0.030192599,0.00014274802,0.022179639,0.080374174,0.0037315327,0.46624732
7,1,OUT,DOUBLE,0.29010546,0.3223796,0.0025064265,0.008064823,0.013993338,0.067934774,0.05477508,0.24024059
5,0,SO,SINGLE,0.36543626,0.12992288,0.018202348,0.07853126,0.06776653,0.25611582,0.00812512,0.075899795
7,4,OUT,BB,0.0769263,0.16179289,0.010835924,0.018671373,0.5238287,0.0622184,0.0009288561,0.14479765
7,7,OUT,OUT,0.08229709,0.022686332,0.056918662,0.07654673,0.22425058,0.10755653,0.00174236,0.42800173
7,7,OUT,OUT,0.18200308,0.2414271,0.0005818323,0.016744392,0.047566775,0.22244087,0.03632077,0.25291523
7,7,OUT,OUT,0.13402109,0.058520887,0.00059849897,0.016682025,0.0844657,0.13674386,0.13563204,0.43333593
7,7,OUT,OUT,0.19578189,0.082577124,0.014261363,0.01047307,0.02455247,0.19278477,0.016494999,0.46307433
5,7,SO,OUT,0.028060151,0.0010002641,0.013618295,0.002851103,0.027990554,0.27004996,0.0005370704,0.6558926
7,7,OUT,OUT,0.15788002,0.021697307,0.0025714762,0.00036345213,0.019619305,0.051829502,0.0018746284,0.74416435
0,3,SINGLE,HR,0.15757582,0.11693039,0.00037988328,0.25780922,0.014536475,0.24627092,0.002702705,0.20379467
7,4,OUT,BB,0.29581982,0.0033036866,0.0016234098,0.0014442859,0.5656059,0.06265191,0.0020598518,0.06749115
7,5,OUT,SO,0.19467744,0.0031389636,0.041299105,0.012041145,0.047159288,0.55805606,0.0008670424,0.14276093
1,4,DOUBLE,BB,0.0431879,0.001581015,0.00036057536,0.012138251,0.3859028,0.30028555,0.008036472,0.24850753
6,7,HBP,OUT,0.08092005,0.16219568,0.00084034423,0.008068539,0.10283301,0.15705602,0.09491565,0.3931707
4,5,BB,SO,0.021699978,0.30188432,0.017001413,0.0035975934,0.15701187,0.4276208,0.007984799,0.06319913
1,7,DOUBLE,OUT,0.12668338,0.1813666,0.0032950721,0.011026652,0.11746449,0.1971458,0.068933815,0.29408428
0,1,SINGLE,DOUBLE,0.010311701,0.72879094,0.00555079,0.0252364,0.10895892,0.09238982,0.00034049,0.028420953
7,7,OUT,OUT,0.24892819,0.13883728,0.0027399184,0.0007092369,0.060336974,0.08454948,0.10916642,0.35473245
0,0,SINGLE,SINGLE,0.30775255,0.0746495,0.004307078,0.004626513,0.1365898,0.14243501,0.039591264,0.29004827
5,5,SO,SO,0.22492294,0.010919257,0.01254689,0.208729,0.011909112,0.30100605,0.10226069,0.12770608
5,5,SO,SO,0.10378495,0.16833584,0.00040219046,0.044241305,0.11803749,0.45390266,0.01012127,0.10117427
7,0,OUT,SINGLE,0.3989988,0.097372316,0.018242348,0.095699646,0.10034549,0.036001574,0.008422397,0.24491738
7,0,OUT,SINGLE,0.36581925,0.0017755787,0.00078708446,0.0021192012,0.049463596,0.30407092,0.08339779,0.19256647
5,5,SO,SO,0.09227219,0.0022292975,6.359832e-05,0.01247802,0.012976907,0.61254495,0.008562576,0.2588725
7,3,OUT,HR,0.037216008,0.00026203567,4.0442035e-05,0.3393983,0.042314727,0.2413042,0.008875997,0.33058834
7,7,OUT,OUT,0.174804,0.03758923,0.005669827,0.08925105,0.10597038,0.2544762,0.0146673145,0.31757206
7,5,OUT,SO,0.059153467,0.13857497,0.0058923974,0.011020827,0.085529864,0.32878807,0.15200067,0.2190398
7,0,OUT,SINGLE,0.3932335,0.19718675,0.0034625805,0.014247608,0.16226527,0.08530486,0.0021052838,0.1421942
1,1,DOUBLE,DOUBLE,0.13392057,0.22950065,0.0071399505,0.15699336,0.07540298,0.1438257,0.081060976,0.17215583
5,7,SO,OUT,0.018995857,0.00516838,0.000112231166,0.00014029552,0.014863002,0.36769736,1.5179851e-06,0.59302133
7,5,OUT,SO,0.17527698,0.043737628,0.07295842,0.11646156,0.08477062,0.3180455,0.008515486,0.18023378
4,7,BB,OUT,0.12637858,0.021815503,0.02849839,0.05326355,0.22413743,0.15495959,0.049433466,0.34151348
7,7,OUT,OUT,0.08460448,0.00044718687,0.00015246577,8.716707e-05,0.0028343978,0.43451068,6.752697e-05,0.47729605
7,7,OUT,OUT,0.11680602,0.011205223,0.0017888008,0.00023999362,0.0065393406,0.021050323,0.0018153155,0.84055495
0,7,SINGLE,OUT,0.12014157,0.32994682,0.00031127434,0.0057336017,0.032848623,0.031413052,0.033782616,0.44582236
0,3,SINGLE,HR,0.049656536,0.09244585,0.013246789,0.38855654,0.027934225,0.23874658,0.0047883415,0.18462513
7,3,OUT,HR,0.057169065,0.08863263,0.006889477,0.53913665,0.014991386,0.051681343,0.002909592,0.23858996
7,4,OUT,BB,0.10634514,0.008517215,0.0061090775,0.0479649,0.3756067,0.092724964,0.3034172,0.059314806
7,7,OUT,OUT,0.0580562,0.062024,0.13346264,0.028131317,0.17987089,0.20612593,0.012306844,0.32002226
7,5,OUT,SO,0.059038386,0.041182317,0.0006135772,0.009714684,0.00499724,0.6715953,0.044650704,0.16820776
5,3,SO,HR,0.022004861,0.00172014,0.0006132477,0.7737712,0.056763303,0.059636194,0.002829656,0.08266135
5,1,SO,DOUBLE,0.0027799904,0.9653334,0.00019502574,0.0071616527,0.0021464315,0.0068638623,0.0019696236,0.01354998
0,7,SINGLE,OUT,0.060245037,0.16677277,0.0039650216,0.050960388,0.02164593,0.048562046,0.014059752,0.63378906
7,1,OUT,DOUBLE,0.2058543,0.50160986,0.0021022018,0.00043243737,0.005944387,0.008727214,0.005051895,0.2702777
0,7,SINGLE,OUT,0.0867768,0.14533415,0.0008618389,0.340878,0.008195562,0.05320018,0.0019715491,0.36278185
7,5,OUT,SO,0.103466146,0.024706151,0.0452226,0.011183642,0.28364673,0.37305605,0.008953972,0.14976475
5,7,SO,OUT,0.14155287,0.06224462,0.08634109,0.031242292,0.029221365,0.14405479,0.018503696,0.48683923
7,5,OUT,SO,0.27347225,0.03796681,0.0043503884,0.10318554,0.09069724,0.2963416,0.010884787,0.18310146
0,5,SINGLE,SO,0.07134935,0.015761873,0.0025538441,0.06951844,0.10258011,0.43275073,0.03785714,0.26762852
4,3,BB,HR,0.028555728,0.113045424,0.0012877254,0.3460867,0.091854855,0.34252506,0.003003251,0.07364127
0,0,SINGLE,SINGLE,0.2611571,0.11685311,0.00028566623,0.088449,0.16920035,0.20244089,0.006911482,0.15470235
7,7,OUT,OUT,0.15806553,0.022960884,0.005406722,0.06777461,0.06254016,0.11080927,0.086143695,0.48629904
7,5,OUT,SO,0.23065127,0.017285755,0.050072867,0.0050304835,0.046519645,0.39628506,0.004132511,0.2500225
4,7,BB,OUT,0.15844125,0.041986834,0.0020364833,0.007773975,0.00622566,0.037834305,0.003702658,0.74199885
0,5,SINGLE,SO,0.19739194,0.0021053697,0.0003429728,0.011997621,0.12638108,0.35928217,0.0042926953,0.2982061
7,7,OUT,OUT,0.10014913,0.23918295,0.00013151787,0.0011869447,0.026040789,0.02306116,0.00058054755,0.609667
7,4,OUT,BB,0.053128306,0.02852311,0.00015093884,0.026065981,0.6651955,0.021833869,0.00031290707,0.20478928
0,4,SINGLE,BB,0.04143796,0.27398762,0.028234297,0.122222126,0.31709763,0.08836215,0.009143832,0.1195144
0,3,SINGLE,HR,0.13438584,0.16643377,0.0054322495,0.26971638,0.101069726,0.06759066,0.016413696,0.2389577
5,0,SO,SINGLE,0.29705945,0.059646588,0.08201481,0.020471642,0.089271545,0.16774207,0.10479446,0.17899951
4,5,BB,SO,0.12433044,0.011836951,0.0020793376,0.00045087887,0.025806064,0.7866085,0.0047102463,0.044177644
0,5,SINGLE,SO,0.082532376,0.018859448,0.004707583,0.018716156,0.29753736,0.41620815,0.061173964,0.10026489
5,5,SO,SO,0.1430372,0.023700992,0.00035389216,0.009599501,0.30113894,0.30778474,0.0025345003,0.21185018
1,1,DOUBLE,DOUBLE,0.10166217,0.41699913,0.00048187142,0.04750172,0.022106417,0.037699588,0.040046368,0.33350268
0,3,SINGLE,HR,0.040843643,0.00017643123,0.03399112,0.82134426,0.011560132,0.04948226,0.010045853,0.032556288
0,7,SINGLE,OUT,0.22262684,0.010943867,0.060199454,0.12976639,0.16953184,0.10695641,0.019933028,0.28004226
5,7,SO,OUT,0.13757375,0.013378548,0.00057149725,0.0005398089,0.035922218,0.035795983,0.0027389259,0.7734792
0,7,SINGLE,OUT,0.01431044,8.426677e-05,4.3017215e-07,1.5082229e-05,0.007407221,0.033315953,3.948103e-07,0.9448662
4,0,BB,SINGLE,0.5718644,0.017497532,0.028166547,0.055699147,0.03979868,0.14687568,0.0006346799,0.13946325
7,7,OUT,OUT,0.08005711,0.09886772,0.0009786733,0.06704695,0.036592457,0.06359951,0.0012124195,0.65164524
1,1,DOUBLE,DOUBLE,0.13845597,0.25187656,0.0003083767,0.0296816,0.1981619,0.17990021,0.0013437958,0.20027168
0,1,SINGLE,DOUBLE,0.066145435,0.48100865,0.00036349593,0.11480902,0.02808024,0.026126161,0.0025592519,0.28090772
0,1,SINGLE,DOUBLE,0.034066662,0.67764026,0.00052182964,0.07041465,0.025474474,0.027994398,0.0024728647,0.16141483
4,3,BB,HR,0.040572803,0.031050617,0.0009089689,0.41953567,0.042222884,0.12862687,0.0013999486,0.3356822
7,4,OUT,BB,0.16895221,0.089090735,0.02701161,0.060531415,0.25257927,0.17604977,0.008647116,0.21713795
5,7,SO,OUT,0.15620522,0.1120004,0.00036047114,0.0005413628,0.18503883,0.13290626,0.022608127,0.3903394
0,1,SINGLE,DOUBLE,0.20395418,0.21126619,0.0076114284,0.08691888,0.08577184,0.06484763,0.14178829,0.19784158
0,0,SINGLE,SINGLE,0.53056973,0.023066226,0.0103970915,0.0026905867,0.10746532,0.053865418,0.0037096438,0.26823583
4,5,BB,SO,0.14962095,0.03757836,0.0010268472,0.0052281776,0.07971488,0.42023373,0.0018307092,0.3047664
0,4,SINGLE,BB,0.0148462,0.046996176,0.0004428965,0.2246061,0.45656115,0.13242924,0.022783654,0.10133455
1,7,DOUBLE,OUT,0.089708686,0.031534802,0.0014776551,0.0019997153,0.021527942,0.1647218,0.0028364607,0.68619287
7,5,OUT,SO,0.14071773,0.10533533,0.0055251294,0.14123492,0.014664659,0.35554892,0.0071065133,0.22986682
5,5,SO,SO,0.030065728,5.670671e-05,1.3720184e-05,1.6340131e-05,0.00039218372,0.80471,1.8764492e-06,0.16474338
7,7,OUT,OUT,0.12031333,0.007847936,0.00015931395,0.008361944,0.0041518174,0.062472124,0.00021908927,0.7964745
0,1,SINGLE,DOUBLE,0.06596122,0.54896307,0.029454814,0.03505869,0.014447282,0.13879395,0.0068827686,0.16043821
0,7,SINGLE,OUT,0.19740552,0.19802311,0.0049537662,0.0021191037,0.15997134,0.13249542,0.0029654263,0.30206633
7,7,OUT,OUT,0.01054865,0.44844088,0.0011775361,0.0013210954,0.0069988426,0.008632026,0.00019593781,0.52268505
7,7,OUT,OUT,0.13400085,0.007829116,9.714848e-05,0.0068153716,0.09499516,0.06268964,0.020990558,0.67258215
7,4,OUT,BB,0.046182875,0.11956749,1.2003394e-05,0.0025697858,0.44317856,0.13773061,0.0004142028,0.2503445
4,7,BB,OUT,0.24657494,0.21559015,1.1087367e-05,0.0008737027,0.0018930146,0.009412454,0.0004908648,0.5251539
7,1,OUT,DOUBLE,0.3208126,0.36932218,6.9988244e-05,0.002699322,0.008355608,0.12683125,0.0020590404,0.16985
0,7,SINGLE,OUT,0.18059811,0.0039949697,0.00084713835,0.10693841,0.013112501,0.23967223,0.0022802607,0.4525564
0,7,SINGLE,OUT,0.22525014,0.03298947,0.0018913576,0.123265006,0.032129347,0.1910449,0.08650121,0.30692858
7,0,OUT,SINGLE,0.42826748,0.05640526,0.0008369958,0.050736908,0.064444005,0.09493642,0.0012973216,0.3030756
0,7,SINGLE,OUT,0.19297421,0.16195452,0.00053917896,0.02621876,0.1349754,0.09209248,0.004573069,0.38667238
2,1,TRIPLE,DOUBLE,0.058022305,0.7997396,0.0022808383,0.019891536,0.018409207,0.026599476,0.03782836,0.037228674
7,5,OUT,SO,0.057028785,0.19051668,0.0043655327,0.020340487,0.13780655,0.48292515,0.0028827619,0.10413406
5,5,SO,SO,0.25681958,0.011233946,0.044505008,0.0033754397,0.02284769,0.41517928,0.0031871796,0.24285188
7,7,OUT,OUT,0.0374021,0.03843495,0.00010170206,0.040134195,0.03279337,0.013901476,0.0031838145,0.83404845
7,5,OUT,SO,0.19676127,0.106601596,0.0039332234,0.0048789294,0.072877385,0.31954688,0.01615377,0.27924687
7,1,OUT,DOUBLE,0.20637196,0.3655145,0.00020631253,0.0011125656,0.02613056,0.03380467,0.0014052415,0.3654542
7,7,OUT,OUT,0.1767429,0.13431165,0.0011056543,0.018244745,0.076553345,0.09017174,0.017976835,0.48489317
5,7,SO,OUT,0.20207645,0.06899416,0.0013695112,0.062019244,0.2823316,0.071852945,0.0017084331,0.30964774
5,7,SO,OUT,0.07086707,0.072056115,0.0007704323,0.058489118,0.17878518,0.071508616,0.027960744,0.5195628
3,1,HR,DOUBLE,0.14441946,0.32247612,0.000943388,0.164928,0.04616374,0.051505696,0.07548805,0.19407551
0,7,SINGLE,OUT,0.26776373,0.07809025,8.142103e-05,0.05138364,0.14225075,0.12262273,0.0025274132,0.33528
2,5,TRIPLE,SO,0.040516894,0.08462124,0.0071976385,0.062158465,0.025891108,0.6233625,0.0011236705,0.15512854
7,5,OUT,SO,0.29629576,0.1147649,0.0058330144,0.11263706,0.079231344,0.32514635,0.005727142,0.060364414
4,3,BB,HR,0.014884096,0.043299742,0.03859316,0.6891508,0.013100871,0.114932485,0.00078630156,0.08525253
7,0,OUT,SINGLE,0.37631798,0.031766564,0.0013479915,0.024071014,0.06269704,0.32791904,0.00943624,0.16644411
4,5,BB,SO,0.10538707,0.10417349,0.01655593,0.16352126,0.06510251,0.21551785,0.18271352,0.14702848
0,5,SINGLE,SO,0.0867102,0.007715579,0.00013855723,1.1767428e-05,0.19985136,0.67909473,0.00018650925,0.026291339
7,3,OUT,HR,0.068210274,0.078919604,0.00072424504,0.60586303,0.017757006,0.06633232,0.0016388906,0.16055472
4,7,BB,OUT,0.13618404,0.05937774,0.0012486866,0.0101147145,0.044549577,0.2560523,0.0033274628,0.48914552
7,7,OUT,OUT,0.15760094,0.13892564,0.0073656905,0.012473966,0.05527317,0.1019989,0.0012074537,0.5251542
7,5,OUT,SO,0.10758103,0.035278656,9.704103e-05,0.002965071,0.030955851,0.7790703,0.00033406646,0.043717954
0,5,SINGLE,SO,0.12659405,0.14768454,0.001549156,0.039614186,0.05506888,0.35200372,0.0028905536,0.2745948
7,1,OUT,DOUBLE,0.19374382,0.2668461,0.00068770547,0.019607447,0.13913114,0.1568125,0.0012368497,0.22193445
7,7,OUT,OUT,0.08304096,0.05937286,0.00058017473,0.09944212,0.013015291,0.08748918,0.0032694174,0.65379
7,5,OUT,SO,0.19546594,0.1618362,0.02134792,0.11257106,0.050652508,0.2621815,0.04191351,0.1540313
0,0,SINGLE,SINGLE,0.31192094,0.25953525,0.0012933356,0.107115716,0.017818859,0.087396204,0.0023647754,0.21255496
4,3,BB,HR,0.068352856,0.28556934,0.003647348,0.39860463,0.0526005,0.06331317,0.005025812,0.12288637
7,7,OUT,OUT,0.17711234,0.025381349,0.0021723167,0.011693027,0.0011240254,0.06651972,0.00030623388,0.71569103
5,5,SO,SO,0.21733592,0.015289083,0.008713687,0.00015757237,0.0018366445,0.43741047,0.00040488646,0.31885174
7,5,OUT,SO,0.028771037,0.2286353,0.0017944338,0.03603988,0.01712369,0.44425884,0.0767976,0.16657928
7,0,OUT,SINGLE,0.49171767,0.017867928,0.0010975805,0.0011010114,0.050327327,0.14522617,0.0036685665,0.28899378
0,0,SINGLE,SINGLE,0.4003701,0.053698767,0.00089222245,0.0018869374,0.015961273,0.37118903,0.0014277023,0.15457396
7,7,OUT,OUT,0.062022585,0.28927428,0.025274655,0.0006960957,0.11939811,0.1968386,0.00049149425,0.30600417
7,0,OUT,SINGLE,0.5075483,0.02189662,0.0008675069,0.002259665,0.015483807,0.13229115,0.008925645,0.3107273
2,7,TRIPLE,OUT,0.05801849,0.002433678,0.0016255038,0.0022977777,0.0014766009,0.27067173,0.0023246172,0.6611516
7,0,OUT,SINGLE,0.28673017,0.02915455,0.00028082088,0.03732906,0.1337259,0.22753285,0.09577554,0.18947098
0,0,SINGLE,SINGLE,0.5016985,0.050636865,0.010706162,0.020353975,0.05954511,0.093314104,0.0011526691,0.26259252
5,7,SO,OUT,0.1388021,0.0005573066,0.0007252639,0.0001652216,0.046791762,0.3704582,0.0011970171,0.4413031
7,0,OUT,SINGLE,0.40367618,0.0158953,0.003220037,0.0004694588,0.09902529,0.3004652,0.018577516,0.15867105
7,5,OUT,SO,0.24712723,0.04108427,0.010540618,0.018947436,0.12866502,0.26610324,0.022660594,0.26487166
7,0,OUT,SINGLE,0.34601718,0.12856932,0.005612007,0.032298993,0.12600106,0.26366442,0.017166894,0.0806702
7,5,OUT,SO,0.15663166,0.09227723,0.00614797,0.047725126,0.11759513,0.30218336,0.017889101,0.2595504
7,5,OUT,SO,0.07298951,0.0009022117,0.00065416953,0.007454851,0.031972148,0.735657,0.000347373,0.15002282
0,5,SINGLE,SO,0.020419538,0.069501825,0.016583651,0.0004524619,0.095189825,0.62722373,0.0026513957,0.16797757
7,7,OUT,OUT,0.08249841,0.1996125,0.005728512,0.012624078,0.11819394,0.21021049,0.020127552,0.35100445
1,1,DOUBLE,DOUBLE,0.031886797,0.3272864,0.00072520063,0.0029122184,0.27137387,0.16125898,0.03373051,0.170826
7,3,OUT,HR,0.037187696,0.14274234,0.003954768,0.4632179,0.14180832,0.13939503,0.011014819,0.060679074
7,5,OUT,SO,0.13615341,0.0056058415,0.00090945495,0.008445969,0.013184682,0.4971462,0.024533592,0.31402093
5,5,SO,SO,0.049056873,0.001272553,1.515205e-07,0.00031116957,7.197279e-05,0.8180872,6.6766625e-05,0.13113321
7,5,OUT,SO,0.15536141,0.038791303,0.014302838,0.027483856,0.024125626,0.4002275,0.003631173,0.33607626
5,4,SO,BB,0.07341941,0.016918687,0.00011358107,0.01882537,0.4469611,0.2134535,0.0062151677,0.22409315
7,0,OUT,SINGLE,0.46116328,0.03346292,0.0011477143,0.06482578,0.011926655,0.10159501,0.0013988131,0.32447973
0,1,SINGLE,DOUBLE,0.2397482,0.27749664,0.02874812,0.065086715,0.16714028,0.14225812,0.00045962838,0.07906243
7,5,OUT,SO,0.22417392,0.006719042,0.006199791,0.00077727693,0.051687475,0.56103843,0.0018923195,0.14751172
7,0,OUT,SINGLE,0.33012307,0.24059252,0.0023013381,0.00075577915,0.02905299,0.15635124,0.001996776,0.23882623
7,3,OUT,HR,0.08091524,0.183708,0.0016612612,0.5386718,0.050726645,0.08923312,6.121042e-05,0.055022646
5,0,SO,SINGLE,0.67789775,0.00617947,0.00054693216,0.0030692054,0.0356139,0.15513308,0.039727468,0.081832096
7,5,OUT,SO,0.34012556,0.08664036,0.0027477387,0.000983036,0.07125964,0.3608156,0.0011823936,0.13624556
7,4,OUT,BB,0.18781842,0.10444853,0.0005601597,0.00074490835,0.33322915,0.17597981,0.00422361,0.19299541
7,7,OUT,OUT,0.20209154,0.100566804,0.008523463,0.025133904,0.17753696,0.15302046,0.0016836349,0.33144316
7,1,OUT,DOUBLE,0.3424274,0.37680832,0.007637306,0.011065653,0.028092263,0.04616457,0.00073938083,0.18706505
7,5,OUT,SO,0.1319554,0.01495737,0.0024869784,0.04286568,0.10313511,0.45479637,0.0035353766,0.24626768
5,4,SO,BB,0.12301337,0.031285666,0.00022374929,0.0034611402,0.5259403,0.042938184,7.1114664e-05,0.2730664
5,7,SO,OUT,0.38789874,0.00017159223,2.982578e-05,0.08219545,0.04046618,0.032827187,0.0012455333,0.45516554
7,4,OUT,BB,0.07266838,0.014559901,0.00016238762,0.0054773586,0.56108856,0.3047618,0.00062786724,0.040653814
7,0,OUT,SINGLE,0.30488434,0.004631937,0.00031183806,0.00084168935,0.15123747,0.24622895,0.00064367254,0.29122013
7,4,OUT,BB,0.23983435,0.009825047,0.0011127775,0.00046375504,0.48247486,0.07958934,0.00014938557,0.18655048
7,7,OUT,OUT,0.31900045,0.02624372,0.0010820007,0.005023634,0.25165215,0.055031143,0.004110101,0.33785677
7,0,OUT,SINGLE,0.50598663,0.010293657,0.0011182725,0.0010237384,0.014967687,0.049895562,0.0012353708,0.41547897
0,7,SINGLE,OUT,0.14171398,0.16787806,0.0061613233,0.0019241106,0.10771014,0.25745815,0.0043627587,0.31279153
5,0,SO,SINGLE,0.3395047,0.00070208265,0.0004948878,0.00022659992,0.1791133,0.21476837,2.4383983e-06,0.26518774
0,4,SINGLE,BB,0.2840877,0.007123347,0.0037719528,0.19145426,0.34849682,0.04185493,0.0013126538,0.12189842
0,7,SINGLE,OUT,0.02231887,0.00028598026,0.012714915,0.0033958212,0.00095152727,0.30859727,0.000978176,0.6507575
7,7,OUT,OUT,0.28320298,0.006992647,0.0005304201,0.0066411206,0.12600742,0.121350095,0.00057472376,0.45470056
0,0,SINGLE,SINGLE,0.4015826,0.04016069,0.0038613575,0.008653785,0.14542922,0.104319476,0.005838591,0.29015425
5,0,SO,SINGLE,0.37110984,0.041527055,0.011330992,0.01107221,0.091985635,0.22484483,0.0068468843,0.24128246
7,7,OUT,OUT,0.28875244,0.007635324,0.001078148,0.021101613,0.102202885,0.2768105,0.00089033786,0.30152866
5,6,SO,HBP,0.0008671289,0.00013067888,5.2507315e-10,3.3802874e-06,0.00039302738,0.049982052,0.9451603,0.003463468
5,4,SO,BB,0.22864933,0.006711415,0.00042222955,0.029083623,0.4230694,0.11031002,0.002439671,0.19931433
4,0,BB,SINGLE,0.39537424,0.0043035913,0.00024206606,0.01063433,0.07105983,0.22362018,0.00036368423,0.29440215
7,3,OUT,HR,0.13709691,0.08304824,0.0011543664,0.25614646,0.21028826,0.09386574,0.0033113107,0.21508871
0,0,SINGLE,SINGLE,0.36943775,0.22925058,0.0151319085,0.01905721,0.026444582,0.24415888,0.0039726007,0.092546456
5,7,SO,OUT,0.2951314,0.06407126,0.0013829526,0.008967851,0.13164315,0.17303538,0.0011739715,0.32459402
7,0,OUT,SINGLE,0.35093245,0.053847153,0.029782213,0.12097739,0.008593208,0.13986425,0.012508812,0.28349453
5,7,SO,OUT,0.15194364,0.09510421,0.0005545953,0.01264348,0.14623217,0.059292335,0.00046215885,0.53376746
7,4,OUT,BB,0.053044397,0.0057803155,0.0014134949,0.0059151007,0.6293765,0.13362037,0.00015719915,0.17069268
7,7,OUT,OUT,0.14727369,0.070704,0.04707367,0.033756156,0.10227987,0.11696151,0.01945635,0.46249476
0,7,SINGLE,OUT,0.29452193,0.08155127,0.0007265518,0.0006370111,0.10047447,0.07486893,0.0030142462,0.44420552
7,7,OUT,OUT,0.13658692,0.0074606887,0.0006148999,0.06161701,0.05785114,0.3020939,0.010682765,0.42309263
7,7,OUT,OUT,0.15727796,0.12988599,0.00082674023,0.0022631478,0.07584707,0.12665573,0.0057204207,0.50152296
0,3,SINGLE,HR,0.27357796,0.008511555,0.0007522502,0.34663692,0.0765402,0.068240814,0.010275251,0.21546505
7,4,OUT,BB,0.10544516,0.038965322,0.0008361212,0.038622145,0.4870459,0.20266156,0.0036309094,0.1227928
5,7,SO,OUT,0.22493495,0.027983611,0.004411966,0.086021334,0.023369724,0.13491665,0.0020657782,0.49629605
7,3,OUT,HR,0.08282056,0.0646711,0.0006826735,0.6710768,0.050871555,0.055120885,0.015215874,0.05954052
7,0,OUT,SINGLE,0.36106485,0.27429622,0.0027328338,0.035548653,0.12973352,0.035438187,0.011893155,0.14929247
0,6,SINGLE,HBP,0.27887395,0.16058455,0.0022602307,0.063184984,0.088328816,0.06679867,0.29873568,0.041233074
0,4,SINGLE,BB,0.04319424,0.02476996,0.002742233,0.0081949,0.54414254,0.09925174,0.036574233,0.24113013
5,7,SO,OUT,0.16002992,0.07283705,0.0023995496,0.003971953,0.1997038,0.07027674,0.0011481402,0.48963282
7,1,OUT,DOUBLE,0.18493775,0.28689134,0.12616196,0.0030860465,0.10630597,0.052727986,0.08081344,0.15907551
0,1,SINGLE,DOUBLE,0.09304386,0.5843562,0.00032153048,0.002160436,0.1024382,0.035338834,0.031910006,0.15043084
5,7,SO,OUT,0.1690123,0.012388001,0.00034789604,0.029645903,0.00085198623,0.08727747,0.0079072835,0.69256914
7,5,OUT,SO,0.06986895,0.0107165035,0.0019167247,0.015394465,0.111953266,0.5996547,0.009718182,0.18077725
7,0,OUT,SINGLE,0.2886439,0.005070503,0.0009014145,0.0010974231,0.18657641,0.21960269,0.01582507,0.28228262
0,7,SINGLE,OUT,0.22290681,0.14012283,0.00028141274,0.00244614,0.17271632,0.19696936,0.001808832,0.2627483
4,4,BB,BB,0.070764005,0.004272969,0.029707022,0.0022568884,0.42339793,0.19694443,0.018318886,0.2543379
5,7,SO,OUT,0.101986475,0.0070625804,0.21456435,0.002922085,0.049753353,0.1467033,0.00040995848,0.47659785
0,7,SINGLE,OUT,0.079675205,0.004790765,0.0013263613,0.001489013,0.13360398,0.14324847,0.0017933709,0.63407284
5,5,SO,SO,0.027952189,0.045686126,0.00968458,0.010664965,0.2715204,0.3970868,0.001083329,0.23632157
0,5,SINGLE,SO,0.026043197,0.09064985,0.0021458087,0.009172295,0.10417992,0.665325,0.0019482956,0.100535646
5,3,SO,HR,0.030432455,0.0072729127,0.00065254705,0.7951668,0.02353871,0.11108688,0.0046367557,0.027213084
5,5,SO,SO,0.057684034,0.04181093,0.010938566,0.02663281,0.031896785,0.7645616,0.0007938934,0.06568137
3,5,HR,SO,0.08970127,0.043805882,0.0017452582,0.06288446,0.14090621,0.33044177,0.0027443194,0.32777083
5,4,SO,BB,0.18217224,0.07768379,0.0003647079,0.030590206,0.40350646,0.18464783,0.0101309875,0.11090384
7,4,OUT,BB,0.08328732,0.03948131,0.0010563814,0.22640333,0.3054127,0.23981585,0.004307149,0.10023587
5,5,SO,SO,0.24340807,0.061541304,0.0031053717,0.016325403,0.07316311,0.5145574,0.036507625,0.05139179
7,5,OUT,SO,0.15430808,0.13385019,0.004054514,0.028984226,0.19163598,0.292019,0.0068105557,0.18833745
0,5,SINGLE,SO,0.101326935,0.05439944,0.009395507,0.015074141,0.063278966,0.39545342,0.00467628,0.35639527
5,4,SO,BB,0.04839681,0.0051955483,0.010167885,0.08666039,0.6043996,0.17243607,0.015604537,0.05713914
5,0,SO,SINGLE,0.34409097,0.070093274,0.017031293,0.15422602,0.13249576,0.1578006,0.0023835062,0.12187855
5,4,SO,BB,0.08315639,0.040890288,0.0006328922,0.012968592,0.26987323,0.18049343,0.14426528,0.26771995
7,5,OUT,SO,0.13767855,0.009199499,0.00055698137,0.01711849,0.02857033,0.50033045,0.02543886,0.2811069
4,0,BB,SINGLE,0.29973143,0.034723915,0.021960897,0.001966927,0.2816438,0.17811538,0.043152183,0.13870545
5,0,SO,SINGLE,0.30180705,0.21278054,0.00017054495,0.02357278,0.11580488,0.24989825,0.01718784,0.07877809
7,0,OUT,SINGLE,0.36597008,0.016864656,0.00046718284,0.11239477,0.10561966,0.0831741,0.02190662,0.29360285
7,7,OUT,OUT,0.0509728,0.036605686,0.00023839739,0.03541277,0.0068934667,0.021318153,0.018379807,0.83017886
5,7,SO,OUT,0.09295758,0.05779637,0.0032103667,0.040285256,0.15428104,0.27105534,0.07489887,0.30551523
5,5,SO,SO,0.03104166,0.022613313,0.055231817,0.16480543,0.13600378,0.5020354,0.02729178,0.060976766
7,7,OUT,OUT,0.16229251,0.018173797,0.00034823376,0.011942521,0.053186458,0.08814039,0.0076749166,0.65824115
1,3,DOUBLE,HR,0.08138166,0.021506768,0.0020160414,0.5417227,0.2001601,0.054219898,0.012914172,0.0860786
7,0,OUT,SINGLE,0.40472856,0.16789585,0.02711142,0.057760186,0.15091257,0.06406761,0.0009320406,0.12659179
0,7,SINGLE,OUT,0.20195946,0.11184535,0.0013773442,0.010680099,0.2874869,0.06440941,0.0049186046,0.31732288
0,0,SINGLE,SINGLE,0.43060228,0.008727804,0.0010489002,0.0011888146,0.14521587,0.15586698,0.0030678844,0.25428146
1,7,DOUBLE,OUT,0.18355037,0.08453783,0.0013015091,0.0027725147,0.0177756,0.101095445,0.004968395,0.60399836
7,2,OUT,TRIPLE,0.13619655,0.0024243107,0.42662418,0.020572642,0.13334362,0.07110369,0.015065378,0.19466956
5,3,SO,HR,0.063725956,0.059370562,0.0025652691,0.42910302,0.16632958,0.042758107,0.0038036,0.23234396
7,7,OUT,OUT,0.1049157,0.06312837,0.031056713,0.040764924,0.06306324,0.10615272,0.018592637,0.5723257
0,4,SINGLE,BB,0.28502864,0.06369418,0.0036045306,0.016249128,0.37037173,0.09836388,0.026882034,0.13580596
7,5,OUT,SO,0.09943747,0.0057052216,0.0011732769,0.0012407507,0.27050865,0.36934844,0.00064301223,0.25194317
1,5,DOUBLE,SO,0.15278962,0.08987758,0.00096540025,0.0035750635,0.10942149,0.3820997,0.002884937,0.25838622
0,5,SINGLE,SO,0.10638256,0.057982046,0.00065026135,0.05718712,0.06183682,0.6370229,6.2362844e-05,0.07887596
7,5,OUT,SO,0.15863964,0.04393417,0.00041151678,0.1866122,0.12646098,0.3968023,0.0016651973,0.08547398
5,5,SO,SO,0.2524239,0.09167404,0.000204158,0.00024467742,0.14351343,0.32111964,0.00051631586,0.19030382
0,1,SINGLE,DOUBLE,0.33114147,0.4570913,0.0030712923,0.0056717377,0.012743134,0.055756256,0.0007379985,0.13378681
0,1,SINGLE,DOUBLE,0.3664178,0.4303357,0.003080215,0.00069885585,0.007527057,0.027591359,0.0015531715,0.16279587
0,0,SINGLE,SINGLE,0.6711871,0.0051219235,0.0016611081,0.044067085,0.04199017,0.12711783,0.0042409142,0.104613766
5,7,SO,OUT,0.1981145,0.02004526,0.006904823,0.0023213113,0.028176056,0.1385157,0.011546473,0.59437585
5,5,SO,SO,0.0907709,0.02619829,0.003138955,0.001742087,0.0367248,0.6432523,0.001384076,0.1967886
7,5,OUT,SO,0.09647844,0.05657705,0.00091015076,0.012887245,0.030050145,0.7184224,0.0023952539,0.082279325
0,1,SINGLE,DOUBLE,0.07740608,0.46181372,0.0058042915,0.0042240513,0.05559511,0.15852654,0.004062823,0.23256736
7,7,OUT,OUT,0.14253181,0.032533914,0.0016624538,0.0058720917,0.3109783,0.09174358,0.0001730473,0.41450477
7,0,OUT,SINGLE,0.3599841,0.08752754,0.1663977,0.022051036,0.0459253,0.019171938,0.10393972,0.19500266
7,6,OUT,HBP,0.008188502,0.011181447,0.0005514579,0.0015736303,0.01568747,0.0128205465,0.8764358,0.07356111
7,7,OUT,OUT,0.18326935,0.020699657,0.038622607,0.010341511,0.014357596,0.032140788,0.25588337,0.44468513
0,5,SINGLE,SO,0.10722893,0.21007113,0.00047518153,0.014315141,0.016331207,0.3500548,0.04697778,0.25454584
0,4,SINGLE,BB,0.09119901,0.0040790136,0.028992407,0.0049195867,0.4432952,0.17585249,0.04527302,0.2063893
7,7,OUT,OUT,0.19866163,0.0030823126,0.0050532473,0.004787614,0.08584999,0.2981812,0.0006489652,0.40373504
7,7,OUT,OUT,0.17976657,0.060421098,0.0071279234,0.0075805113,0.16099952,0.05480826,0.0029836558,0.5263125
7,0,OUT,SINGLE,0.49329454,0.036092993,0.0016121628,0.003719712,0.16377343,0.026953971,0.062413305,0.21213987
7,7,OUT,OUT,0.21945313,0.036219828,0.025940044,0.029453365,0.19043444,0.15108576,0.033730995,0.31368244
5,4,SO,BB,0.12556913,0.004073573,0.00029931826,0.012659642,0.5229678,0.14234181,0.0015137099,0.1905751
4,7,BB,OUT,0.14341523,0.015917351,0.0042843507,0.22281714,0.17920558,0.13903828,0.0062746275,0.28904742
5,4,SO,BB,0.12909149,0.06614119,0.0027996036,0.048719764,0.33763936,0.08663033,0.002897138,0.3260811
4,4,BB,BB,0.06057884,0.07211918,0.006957873,0.029682387,0.46352744,0.02326749,0.014136424,0.32973048
7,1,OUT,DOUBLE,0.10609808,0.60929424,0.00085311825,0.01802739,0.063315324,0.02859815,0.039051443,0.13476223
7,7,OUT,OUT,0.12904899,0.092780985,0.008141919,0.0032044281,0.116837874,0.29264504,0.0141146425,0.3432261
1,6,DOUBLE,HBP,0.044104762,0.034169164,0.0012804676,0.03211313,0.042267226,0.21574347,0.5117418,0.118579976
7,0,OUT,SINGLE,0.39111194,0.15720375,0.040822405,0.10121935,0.033569813,0.078240044,0.015868707,0.18196386
7,4,OUT,BB,0.07040635,0.012637244,0.07774654,0.06515088,0.6049678,0.11728406,0.006606877,0.045200314
7,7,OUT,OUT,0.18946673,0.01963638,0.019475413,0.09352445,0.039577004,0.0968845,0.009958571,0.531477
7,0,OUT,SINGLE,0.27650574,0.1063321,0.001245877,0.17207558,0.04609389,0.18262702,0.029140288,0.1859795
7,3,OUT,HR,0.095511205,0.002462303,0.04011434,0.44711334,0.12671527,0.018649168,0.16757739,0.10185694
4,0,BB,SINGLE,0.50628394,0.013692485,7.980611e-05,0.0005375458,0.059411965,0.13917784,0.003849954,0.27696642
7,7,OUT,OUT,0.26436535,0.012961797,0.006481715,0.039154533,0.10779723,0.0828316,0.064536825,0.421871
5,4,SO,BB,0.22080141,0.008385713,0.0012398097,0.120408274,0.38670102,0.07433308,0.005847548,0.18228312
5,7,SO,OUT,0.22667952,0.22833699,0.0019603632,0.0072940597,0.07583471,0.17458071,0.002187815,0.28312582
7,5,OUT,SO,0.15432623,0.037845295,0.00068867474,0.04282114,0.09140127,0.43639305,0.0014366505,0.23508766
5,4,SO,BB,0.123411,0.041212346,0.0038908233,0.024749296,0.43188164,0.089964665,0.0019303855,0.2829598
5,5,SO,SO,0.13084444,0.07784064,0.014697942,0.041771,0.046645515,0.40136257,0.006166266,0.28067154
0,3,SINGLE,HR,0.21661524,0.14257874,0.0020882494,0.22609809,0.15172923,0.06304148,0.108815216,0.08903372
0,6,SINGLE,HBP,0.16603239,0.076274,0.0017214473,0.00036196611,0.05553481,0.1511396,0.36042917,0.18850665
7,5,OUT,SO,0.057144344,0.026397271,0.0022841366,0.07578432,0.123264596,0.3527825,0.09309959,0.2692433
7,7,OUT,OUT,0.07781368,0.19562256,0.013637488,0.2258642,0.015270553,0.05216257,0.003967787,0.41566116
0,4,SINGLE,BB,0.07807622,0.020829352,0.004422235,0.017902333,0.69964653,0.07169983,0.042101525,0.06532199
7,0,OUT,SINGLE,0.4890151,0.242743,0.0017782196,0.055648107,0.012559976,0.045881577,0.0020412193,0.15033275
7,7,OUT,OUT,0.19448118,0.032896258,0.120489605,0.04868781,0.0627224,0.1256147,0.036728982,0.3783791
7,6,OUT,HBP,0.046446238,0.033341832,0.23349307,0.005660667,0.01743207,0.026150445,0.46762255,0.16985314
7,6,OUT,HBP,0.09419063,0.035188697,0.00015840706,0.048424922,0.15062067,0.033633318,0.53191656,0.10586679
7,4,OUT,BB,0.1899402,0.0658219,0.0010105128,0.0029485433,0.2693848,0.036817588,0.21848504,0.2155914
0,0,SINGLE,SINGLE,0.2754869,0.27483281,0.002423219,0.027127108,0.20964514,0.06755054,0.009027704,0.13390647
5,5,SO,SO,0.02315665,0.015395732,0.12072741,0.0019596634,0.014112435,0.48992825,0.0028585722,0.33186135
5,3,SO,HR,0.14280525,0.15479957,0.0025692321,0.34484878,0.063083805,0.075394996,0.0052517755,0.21124664
1,7,DOUBLE,OUT,0.08435087,0.21874759,0.063227534,0.021137139,0.058565296,0.093473285,0.0039070738,0.45659116
5,6,SO,HBP,0.12720467,0.027350035,0.010790985,0.01221209,0.017734954,0.0285094,0.71110934,0.06508849
7,5,OUT,SO,0.17404564,0.023599606,0.0023130912,0.020816512,0.10343844,0.44719633,0.025694907,0.20289548
0,0,SINGLE,SINGLE,0.26496717,0.121720456,0.009802818,0.0075347032,0.07993963,0.14082427,0.23198667,0.14322425
1,0,DOUBLE,SINGLE,0.28934348,0.2034989,0.00045547582,0.030288896,0.11669838,0.1501702,0.0098716235,0.19967298
7,7,OUT,OUT,0.21409865,0.116380155,0.00025797132,0.022005744,0.117577985,0.12563537,0.03964216,0.3644019
7,1,OUT,DOUBLE,0.120919846,0.5907403,0.0014646144,0.008157123,0.061931048,0.017278917,0.15064873,0.04885953
5,1,SO,DOUBLE,0.0913149,0.3816192,0.0043647434,0.04315913,0.0949957,0.20151809,0.08281151,0.100216724
5,7,SO,OUT,0.14111091,0.2199488,0.0018295282,0.020338457,0.051823027,0.21945815,0.02666632,0.31882477
7,0,OUT,SINGLE,0.5166445,0.12751931,0.035926092,0.014364068,0.12991454,0.056261245,0.014965705,0.10440456
5,5,SO,SO,0.023772882,0.11125215,0.00022802912,0.012869272,0.004308605,0.60505897,0.0006409002,0.24186921
7,7,OUT,OUT,0.20286265,0.05325006,0.0019895996,0.07774631,0.21421334,0.09745045,0.033866413,0.31862116
7,3,OUT,HR,0.17462687,0.115845084,0.0026873234,0.32572764,0.07319248,0.04743465,0.11049189,0.149994
7,5,OUT,SO,0.17060342,0.023240807,0.20556423,0.031731725,0.042083655,0.3547259,0.052299324,0.11975088
5,0,SO,SINGLE,0.44741648,0.13630645,0.007939943,0.002751106,0.1251425,0.086795464,0.005928068,0.18772006
5,7,SO,OUT,0.2424088,0.012403755,0.034395244,0.02876223,0.047321703,0.20746735,0.038146667,0.38909423
7,7,OUT,OUT,0.22589058,0.060589615,0.0002068753,0.00085564936,0.17776589,0.17093968,0.0032421702,0.36050957
5,7,SO,OUT,0.3001505,0.007767418,0.0068108696,0.035644025,0.06450365,0.18755208,0.071279466,0.3262921
7,7,OUT,OUT,0.24781127,0.14779653,0.00634629,0.0011254846,0.06602338,0.07540074,0.10023009,0.35526612
0,5,SINGLE,SO,0.2225124,0.06402476,0.0003686168,0.062499747,0.06394038,0.25956294,0.19991498,0.12717625
7,4,OUT,BB,0.051008936,0.015602386,0.00011646889,0.05282028,0.5566495,0.106747985,0.025454525,0.19159986
6,7,HBP,OUT,0.14062738,0.25404733,0.0015121945,0.004012993,0.18871903,0.09655769,0.007148226,0.30737513
3,7,HR,OUT,0.19151452,0.05912835,0.00091182167,0.024347441,0.03491605,0.100103565,0.22294617,0.3661321
0,2,SINGLE,TRIPLE,0.20510605,0.039758798,0.32363898,0.008659355,0.028539604,0.19340393,0.0061352584,0.19475806
7,7,OUT,OUT,0.23224883,0.021592507,0.0012802241,0.0004103182,0.047787823,0.31061623,0.0011249739,0.38493907
7,4,OUT,BB,0.11397247,0.15259689,0.0022567138,0.001522703,0.3944013,0.15046506,0.0016995105,0.18308535
5,4,SO,BB,0.00317477,0.0021993956,2.4525174e-05,3.076624e-05,0.7607896,0.22996005,5.5156124e-05,0.0037658652
5,5,SO,SO,0.07038248,0.014724759,0.0012254491,0.010955446,0.026186319,0.76420724,0.0018106232,0.11050763
7,5,OUT,SO,0.10329584,0.0077933,0.0004404367,0.0012633515,0.26916754,0.4613126,0.0026408394,0.154086
4,0,BB,SINGLE,0.3396768,0.14380296,0.0006003473,0.026423931,0.071244754,0.1604785,0.13667557,0.121097095
4,6,BB,HBP,0.03424141,0.009540354,0.0009887273,0.004421384,0.07881603,0.017486313,0.7700287,0.08447704
7,5,OUT,SO,0.026741222,0.013454219,0.0011727539,0.00041161093,0.029710144,0.748014,0.00020496667,0.18029113
7,0,OUT,SINGLE,0.46633753,0.016912453,0.0011873876,0.03837327,0.042023346,0.20812365,0.00013195687,0.22691038
5,0,SO,SINGLE,0.43126088,0.054563425,0.12553295,0.012083045,0.06680258,0.03496938,0.00019895291,0.27458876
4,0,BB,SINGLE,0.43686453,0.039118923,0.0005226621,0.043777246,0.13245828,0.034341138,0.043937657,0.26897964
7,0,OUT,SINGLE,0.40808073,0.01718222,0.00058607163,0.056534305,0.026793322,0.24791111,0.000962174,0.24195005
7,7,OUT,OUT,0.19201957,0.21506402,0.0029315029,0.07337671,0.07085489,0.13072984,0.0073305015,0.307693
7,0,OUT,SINGLE,0.45072225,0.023903862,0.0050450144,0.015113755,0.016625157,0.18442665,0.0021264495,0.30203685
7,4,OUT,BB,0.19311184,0.09974834,0.034459516,0.018442474,0.25450483,0.13824067,0.013402422,0.24808995
7,4,OUT,BB,0.08470122,0.012292951,0.00054528407,0.008159056,0.5482581,0.04242673,0.008311481,0.29530507
7,3,OUT,HR,0.024778364,0.06717247,0.0058073117,0.24720809,0.15038791,0.06613075,0.24554807,0.19296701
0,1,SINGLE,DOUBLE,0.16473186,0.5424468,0.00795463,0.017253544,0.061704095,0.042190187,0.07927863,0.08444033
7,0,OUT,SINGLE,0.51820517,0.0064811483,0.006075141,0.06593449,0.036689505,0.20643142,0.014569191,0.145614
0,7,SINGLE,OUT,0.19092114,0.031068044,0.09358101,0.0088820765,0.25775278,0.15313783,0.006217411,0.2584397
5,7,SO,OUT,0.18142755,0.0071423585,0.007083647,0.07780176,0.05412547,0.2303949,0.00916612,0.43285823
7,0,OUT,SINGLE,0.83381337,0.02747109,0.0061807577,0.010679376,0.0063704858,0.018085489,0.0062765167,0.09112286
1,0,DOUBLE,SINGLE,0.31452405,0.07996407,0.007060914,0.14008282,0.105645485,0.26809862,0.0012375303,0.08338651
7,5,OUT,SO,0.12982242,0.16587315,0.005402174,0.093953624,0.14367166,0.25661927,0.026062079,0.17859557
5,7,SO,OUT,0.058787096,0.10525421,0.0016675526,0.0013645908,0.05033416,0.311742,0.0476243,0.42322612
5,7,SO,OUT,0.22885346,0.20979969,0.024981331,0.01155231,0.033955447,0.07836132,0.03747941,0.37501705
4,0,BB,SINGLE,0.2676008,0.23556931,0.025941743,0.005996332,0.19402045,0.04848398,0.057651218,0.16473614
1,4,DOUBLE,BB,0.028920243,0.02996216,0.00059643225,0.0051006675,0.4348433,0.28074685,0.0010683314,0.21876204
7,5,OUT,SO,0.049413476,0.044498052,0.00043454507,0.04245742,0.22288863,0.53355974,0.0031379191,0.10361012
7,4,OUT,BB,0.22227155,0.02321629,0.000677689,0.040968403,0.2574652,0.20979592,0.0063613527,0.23924358
7,7,OUT,OUT,0.22853929,0.2036843,0.0010381694,0.05401356,0.15587749,0.064548515,0.009130729,0.2831679
7,4,OUT,BB,0.2228137,0.013559688,0.057419468,0.06730815,0.24803957,0.15004985,0.016824747,0.22398482
7,0,OUT,SINGLE,0.3677699,0.010568028,0.19778909,0.016465012,0.25208563,0.055176046,0.00975207,0.09039422
7,5,OUT,SO,0.07006823,0.0012985306,0.00050173246,0.001084696,0.0218384,0.56210244,0.00094453985,0.34216148
7,7,OUT,OUT,0.17364801,0.016647806,0.0074907653,0.007003932,0.1602916,0.0991846,0.01387841,0.5218549
7,5,OUT,SO,0.06358982,0.06182727,0.000642118,0.115767896,0.051227737,0.54098505,0.0072290585,0.15873103
0,5,SINGLE,SO,0.16590707,0.030559324,0.034786053,0.07022618,0.015014505,0.39397722,0.009209357,0.2803203
5,5,SO,SO,0.11755959,0.046005066,0.00033346275,0.0075839763,0.071343325,0.6090112,0.005639024,0.14252444
5,7,SO,OUT,0.019291619,0.0056608333,0.0010299085,0.014833969,0.33913118,0.2484294,0.0042039626,0.36741912
7,0,OUT,SINGLE,0.4366734,0.014178427,0.0047407863,0.0016515296,0.06610778,0.31185168,0.0039707157,0.1608257
7,7,OUT,OUT,0.09397128,0.020031858,0.05019797,0.0035665908,0.16570032,0.24623276,0.00071162055,0.41958758
7,4,OUT,BB,0.02616637,0.10453839,0.0014860625,0.28434727,0.28560373,0.08701422,0.017747158,0.19309676
7,7,OUT,OUT,0.046223152,0.22289017,0.0029617776,0.0067891194,0.32838055,0.040238526,0.02010213,0.33241463
7,7,OUT,OUT,0.22176723,0.031559423,0.0006854969,0.07350319,0.11409692,0.267368,0.012873124,0.27814662
7,5,OUT,SO,0.11863664,0.043558385,0.0027281917,0.027362578,0.3341027,0.3596635,0.0004858113,0.11346225
5,4,SO,BB,0.05496454,0.017720504,0.0008587626,0.022003865,0.61505157,0.11175163,0.003510591,0.17413867
7,5,OUT,SO,0.03369377,0.023821408,0.0018258502,0.05932208,0.072067305,0.718983,0.000750106,0.089536496
7,4,OUT,BB,0.013659839,0.031891137,0.00013241245,0.09416136,0.5746896,0.19388802,0.00040220338,0.09117545
7,5,OUT,SO,0.2858571,0.054950733,0.0019605833,0.03580986,0.071378894,0.2994485,0.0064074686,0.2441869
1,0,DOUBLE,SINGLE,0.28694102,0.049278446,0.0005791635,0.006288214,0.14821778,0.22056618,0.033063754,0.25506544
0,4,SINGLE,BB,0.22039041,0.016440742,0.0058848057,0.0032066337,0.4445638,0.092086405,0.017791266,0.19963586
5,4,SO,BB,0.10878028,0.034268584,0.061999757,0.024089545,0.3017137,0.0737094,0.14569445,0.24974419
5,7,SO,OUT,0.02893718,0.04886455,0.020602059,0.2557875,0.2104488,0.055730432,0.024772175,0.3548573
7,4,OUT,BB,0.07362108,0.31116992,0.00011559544,0.018674735,0.32551476,0.08874012,0.0065742945,0.17558956
7,0,OUT,SINGLE,0.27606136,0.16100746,0.0022139437,0.07971094,0.08729654,0.22941308,0.047104575,0.117192134
7,0,OUT,SINGLE,0.2963239,0.058048923,0.0046164193,0.0023646099,0.2280003,0.08481725,0.03016373,0.2956649
1,0,DOUBLE,SINGLE,0.3662751,0.040666725,0.0008700468,0.0067664795,0.15529421,0.13775891,0.05325182,0.23911673
5,6,SO,HBP,0.34322974,0.025540406,0.00055164826,0.010586842,0.040744774,0.08475374,0.3463902,0.14820272
0,6,SINGLE,HBP,0.19695236,0.1199503,0.001013212,0.0022423689,0.03917747,0.043188605,0.4717602,0.12571551
7,7,OUT,OUT,0.18125911,0.22030655,0.00085826823,0.0022330955,0.020339994,0.06496174,0.026125843,0.48391542
7,0,OUT,SINGLE,0.30619657,0.14419498,0.009773852,0.013212033,0.086379535,0.230462,0.016487231,0.19329378
7,1,OUT,DOUBLE,0.27260548,0.38024345,0.03709257,0.09662328,0.06661101,0.08375919,0.00573187,0.057333123
5,7,SO,OUT,0.21857212,0.06468082,0.30830756,0.013132638,0.01267859,0.032422423,0.0039729355,0.34623295
7,7,OUT,OUT,0.020585388,0.09666487,0.00031735204,0.016671136,0.19827592,0.25227985,0.005112128,0.4100933
7,5,OUT,SO,0.033185523,0.002614005,0.0008938924,0.0010798499,0.28273463,0.46802568,0.0005342722,0.21093217
7,5,OUT,SO,0.026154628,0.013193333,0.0002855613,0.04486456,0.03673817,0.7335095,0.025841605,0.119412705
4,5,BB,SO,0.14613591,0.04702731,0.026292961,0.0960314,0.14013658,0.2748066,0.00057404675,0.2689952
7,7,OUT,OUT,0.2289317,0.044401452,0.014981643,0.15119387,0.1754274,0.14299446,0.0012833853,0.24078606
5,2,SO,TRIPLE,0.2278184,0.007486331,0.3682728,0.007264047,0.27189255,0.028815577,0.038072586,0.050377768
7,4,OUT,BB,0.063881785,0.0098189805,0.0012495224,0.012057327,0.70561713,0.180036,0.00035383168,0.02698547
7,7,OUT,OUT,0.1939004,0.23716697,0.0006730146,0.027687972,0.06843485,0.09482604,0.002078235,0.37523246
7,5,OUT,SO,0.029022453,0.025092803,0.0010927406,0.15768656,0.22548625,0.47729084,0.0004663051,0.08386199
5,5,SO,SO,0.16167825,0.0123803485,0.00014789532,0.013007909,0.10631721,0.5533739,0.03802774,0.11506674
5,4,SO,BB,0.062694885,0.051494665,0.013018832,0.044950742,0.46320412,0.1532014,0.0071584103,0.20427698
7,4,OUT,BB,0.091802604,0.039453052,0.017185388,0.0085574845,0.41323757,0.106936574,0.11278778,0.21003954
5,5,SO,SO,0.024684744,0.005661815,5.2099276e-05,0.00045726867,0.00623679,0.7889281,1.7311519e-05,0.17396182
5,7,SO,OUT,0.075386025,0.023081832,0.0027497679,0.0006106896,0.03973803,0.2472895,0.00040218906,0.61074203
7,5,OUT,SO,0.19031708,0.15538527,0.051427945,0.009949972,0.07625994,0.3274705,0.023749195,0.16544013
5,4,SO,BB,0.029585097,0.003253594,0.00012764208,0.0075690118,0.46477824,0.15067552,0.08387206,0.26013878
7,4,OUT,BB,0.12426731,0.09156522,0.018901624,0.014421706,0.41797277,0.16379939,0.023740074,0.14533192
7,1,OUT,DOUBLE,0.037594277,0.31816238,0.0710419,0.0005578321,0.1013177,0.29122263,0.05848926,0.12161401
5,7,SO,OUT,0.10957712,0.027414436,0.0005212369,0.0026975877,0.2869814,0.13284601,0.0019271907,0.43803507
4,3,BB,HR,0.029465219,0.013641018,0.0010393189,0.831517,0.062296543,0.027340341,0.00015579854,0.0345448
0,7,SINGLE,OUT,0.059169635,0.122754246,0.00039514445,0.0138201,0.12481679,0.1382192,0.0011282649,0.53969663
4,7,BB,OUT,0.18318725,0.23350282,0.017852312,0.009008463,0.13227756,0.107111715,0.004786693,0.31227317
7,5,OUT,SO,0.1819382,0.01367434,0.0022443498,0.0009908826,0.14087175,0.3727873,0.093124725,0.19436853
0,5,SINGLE,SO,0.018971974,0.050381012,0.007278505,0.0049704225,0.025442192,0.48552832,0.1321468,0.2752807
7,1,OUT,DOUBLE,0.074893415,0.5578687,0.006248864,0.0039381916,0.04318818,0.10689646,0.058018047,0.14894815
0,5,SINGLE,SO,0.17888035,0.089141585,0.003515594,0.0014448072,0.21054447,0.30410138,0.06771911,0.14465265
7,0,OUT,SINGLE,0.407848,0.23446313,0.0036500746,0.12396872,0.046817865,0.038553484,0.035942912,0.108755805
7,4,OUT,BB,0.20998551,0.11160606,0.003175346,0.057870794,0.33777505,0.17375913,0.020930525,0.08489759
7,7,OUT,OUT,0.20068817,0.07909399,0.01615737,0.0820762,0.11743041,0.18133739,0.028483372,0.2947331
7,5,OUT,SO,0.061494708,0.0022548505,0.0024228855,0.007033223,0.052059267,0.65359986,0.0008123843,0.22032273
5,5,SO,SO,0.064461306,0.011198971,0.0013370041,0.0090519,0.011137319,0.8204653,0.008738435,0.07360975
7,2,OUT,TRIPLE,0.11687663,0.03229017,0.28474015,0.14932312,0.039292946,0.13135044,0.026115013,0.22001146
7,3,OUT,HR,0.022081636,0.08873497,0.001541587,0.62829995,0.023492936,0.17906202,0.015102753,0.041684125
7,7,OUT,OUT,0.26150078,0.000192809,2.0298452e-07,0.0011826036,0.02972389,0.27486894,0.07860241,0.35392833
0,3,SINGLE,HR,1.249771e-05,0.0014745856,1.3846756e-07,0.99722147,3.9953593e-05,0.0010525562,2.7714702e-06,0.00019610561
4,0,BB,SINGLE,0.61854774,0.035162818,0.0005748821,0.017967612,0.11137531,0.050614096,0.003506536,0.16225114
5,0,SO,SINGLE,0.44087008,0.0033090396,0.008362412,0.00010105532,0.33066028,0.05932883,0.00042771257,0.15694055
5,4,SO,BB,0.3139544,0.00048394172,0.0002326677,0.0074148336,0.371242,0.15954916,0.03172649,0.11539643
7,0,OUT,SINGLE,0.5349712,0.007217387,0.00052659656,0.0014454329,0.15770565,0.11541264,0.0067021907,0.176019
5,4,SO,BB,0.17827797,0.03258163,0.0065880558,0.0012735344,0.47346753,0.12800859,0.07171509,0.10808757
7,1,OUT,DOUBLE,0.08786017,0.28520617,0.0015844409,0.0015056193,0.2695415,0.06943014,0.07683569,0.20803629
7,5,OUT,SO,0.13428721,0.018413043,0.004768409,0.0014987595,0.06614844,0.38181084,0.05448901,0.3385842
1,0,DOUBLE,SINGLE,0.6246756,0.15963097,0.015057643,0.007956421,0.122074105,0.017024947,0.0123322755,0.041248076
7,5,OUT,SO,0.17755309,0.0025553675,0.0012852369,0.0020523637,0.08167446,0.54387623,0.001323308,0.18967995
0,1,SINGLE,DOUBLE,0.061318487,0.47021365,0.0008041952,0.10203496,0.13108554,0.015902435,0.011105747,0.20753497
4,4,BB,BB,0.06546255,0.09699521,0.0019438945,0.15970816,0.4279977,0.050895773,0.0050924695,0.19190419
7,5,OUT,SO,0.15962091,0.03829763,0.0004993809,0.020055003,0.291184,0.30312872,0.04883719,0.13837714
5,0,SO,SINGLE,0.38279048,0.09327799,0.00036277677,0.018300362,0.020086518,0.30392337,0.0030220519,0.17823642
0,7,SINGLE,OUT,0.22181827,0.27619976,0.016059762,0.0057975263,0.05050264,0.07659059,0.033170458,0.31986097
1,7,DOUBLE,OUT,0.26040608,0.057903223,0.006279076,0.02707002,0.040112585,0.058116086,0.077877834,0.47223517
7,7,OUT,OUT,0.23975395,0.024080941,0.00038530942,0.0745771,0.075157546,0.17448373,0.1039275,0.30763394
7,5,OUT,SO,0.09097085,0.06070303,0.0012952435,0.07082739,0.05314154,0.42393285,0.26207086,0.037058137
7,7,OUT,OUT,0.08909946,0.1599015,0.003817394,0.007895963,0.08173679,0.10513471,0.035115227,0.5172989
1,3,DOUBLE,HR,0.15646318,0.1201886,0.002404494,0.34757844,0.20278257,0.027229652,0.05067627,0.09267691
5,5,SO,SO,0.040433493,0.031088917,0.011025804,0.22143121,0.166656,0.3921032,0.0010041253,0.13625729
7,1,OUT,DOUBLE,0.025056735,0.59940976,0.0027298043,0.003102898,0.053499974,0.048978698,0.040332004,0.2268901
0,1,SINGLE,DOUBLE,0.01805836,0.52617645,0.0016633333,0.101486795,0.23241346,0.08159264,0.0018552939,0.036753654
6,3,HBP,HR,0.123655014,0.1946687,0.003185251,0.3676513,0.017361956,0.068515204,0.0041882,0.22077428
7,5,OUT,SO,0.094527625,0.05167614,0.0025308134,0.12027969,0.056029804,0.5661166,0.056958526,0.051880836
3,0,HR,SINGLE,0.51789385,0.26601875,0.0019739915,0.027507337,0.015280153,0.056599393,0.0018126202,0.11291397
5,0,SO,SINGLE,0.4102998,0.12600785,0.018226696,0.08176126,0.16282095,0.05714963,0.023147592,0.1205862
7,1,OUT,DOUBLE,0.091617964,0.666822,0.0005411477,0.0323533,0.031595122,0.038009718,0.0071096513,0.13195099
3,5,HR,SO,0.1033837,0.21909025,0.0025638673,0.043614116,0.012737516,0.2891582,0.27054077,0.058911625
5,4,SO,BB,0.14793266,0.18216328,0.017033039,0.045304332,0.24544318,0.13039838,0.0029589103,0.22876622
7,5,OUT,SO,0.0039426484,0.006274168,0.00036307925,0.00041109716,0.010142409,0.863215,0.000294686,0.11535681
7,4,OUT,BB,0.068314634,0.075411014,0.0029277802,0.0012874219,0.5267402,0.16825059,0.0137023395,0.14336598
7,4,OUT,BB,0.090151355,0.17846006,0.011986076,0.00043417083,0.29095516,0.27226692,0.0007895238,0.15495676
3,7,HR,OUT,0.13808177,0.092512526,0.02204345,0.0027661806,0.11035879,0.16117224,0.15735248,0.3157126
4,7,BB,OUT,0.2036953,0.09095008,0.013043561,0.0062330267,0.1268074,0.0845964,0.018319832,0.4563545
7,7,OUT,OUT,0.20120168,0.08793215,0.0004790237,0.0019549842,0.029109936,0.058691632,0.008640491,0.61199015
7,6,OUT,HBP,0.13570103,0.016320158,0.0005089588,0.032788128,0.107697405,0.18449801,0.367623,0.15486328
7,7,OUT,OUT,0.08454104,0.13588774,0.010321794,0.1857029,0.15163293,0.16696778,0.0647884,0.20015733
7,7,OUT,OUT,0.20410156,0.016825901,0.00066919747,0.0050369124,0.04299769,0.15476398,0.0019601723,0.5736445
4,5,BB,SO,0.22264412,0.05724504,0.01248163,0.050158788,0.12655804,0.343223,0.00079715555,0.18689217
0,7,SINGLE,OUT,0.30954313,0.02595191,0.0024959622,0.02877033,0.030843737,0.10750195,0.0018146222,0.4930783
7,7,OUT,OUT,0.0006638824,0.0013716631,6.329852e-05,0.0011948977,0.0034714811,0.21160366,0.0007332173,0.78089786
4,1,BB,DOUBLE,0.07532852,0.3822023,0.02670506,0.00092910056,0.25339726,0.14991206,0.012035609,0.09949014
5,7,SO,OUT,0.1396739,0.089478165,0.0005298322,0.069976166,0.1626092,0.07354725,0.15433542,0.3098501
3,5,HR,SO,0.04681382,0.14308809,0.025633994,0.042853527,0.152633,0.37184745,0.004909655,0.21222036
7,7,OUT,OUT,0.07299585,0.03214002,0.003787415,0.0022089204,0.013484452,0.011418749,0.0009151857,0.8630494
4,0,BB,SINGLE,0.31145075,0.27985603,0.02080608,0.05084073,0.02226593,0.14494275,0.022784702,0.14705315
7,5,OUT,SO,0.09941792,0.2409779,0.0015173504,0.0011711575,0.010511237,0.50446916,0.00492632,0.13700895
5,7,SO,OUT,0.12036931,0.20054603,0.00023157704,0.004076081,0.0555682,0.1271989,0.08874168,0.4032683
4,7,BB,OUT,0.027028628,4.176579e-05,0.0065807654,0.00021457515,0.3690613,0.06286634,0.00042698643,0.5337797
7,7,OUT,OUT,0.21614556,0.108749114,0.00067237095,0.0065773823,0.033659123,0.12658429,0.009513735,0.49809843
0,3,SINGLE,HR,0.110875994,0.07992456,0.0007174993,0.5891217,0.03243537,0.072613664,0.00015414665,0.11415701
7,1,OUT,DOUBLE,0.1321931,0.30531275,0.001597286,0.09789367,0.06173725,0.13619019,0.054910507,0.21016522
4,3,BB,HR,0.19061057,0.045104098,0.007256523,0.6185551,0.0046134414,0.055802435,0.008228715,0.06982917
3,3,HR,HR,0.011885214,0.07427627,0.010694418,0.67510504,0.06796601,0.08740879,0.0005451347,0.072119094
4,1,BB,DOUBLE,0.21001247,0.4600062,0.0019320375,0.1478653,0.01307426,0.04019247,0.0013940331,0.12552331
7,7,OUT,OUT,0.19354355,0.21889849,0.08459466,0.0031837309,0.027842822,0.03725388,0.014741271,0.41994163
7,7,OUT,OUT,0.06861759,0.033808444,0.007916305,0.26080662,0.035626832,0.11889396,0.13247241,0.3418578
7,6,OUT,HBP,0.077659935,0.064816505,0.0050606346,0.00583548,0.046788804,0.07645433,0.698832,0.024552304
0,0,SINGLE,SINGLE,0.7302782,0.008348664,0.0043339655,0.0014128211,0.03655305,0.072335556,0.00063241454,0.14610529
7,0,OUT,SINGLE,0.2981255,0.15254602,0.0012042086,0.0018378367,0.1007273,0.19991691,0.0066035655,0.23903863
0,7,SINGLE,OUT,0.21218222,0.06459227,0.0014364747,0.033044025,0.091560446,0.14484024,0.0045487843,0.44779548
5,5,SO,SO,0.045371056,0.022054143,0.00055708445,0.30215126,0.0082119275,0.55350435,0.00037823024,0.067771964
1,7,DOUBLE,OUT,0.22496577,0.023643168,0.055514514,0.13077201,0.09260964,0.091621704,0.006798918,0.37407428
3,4,HR,BB,0.058838837,0.020950727,0.003000261,0.101405084,0.64495945,0.07382569,0.003742011,0.093278
7,1,OUT,DOUBLE,0.0727464,0.662704,0.0014821895,0.009487456,0.12215278,0.052559663,0.0018969828,0.076970465
4,1,BB,DOUBLE,0.02120892,0.5657363,0.00073694106,0.0059515536,0.020001154,0.026544526,0.10191747,0.2579031
5,5,SO,SO,0.29937577,0.047221273,0.0046429615,0.008857032,0.025553722,0.37765378,0.040457703,0.1962378
5,0,SO,SINGLE,0.38466057,0.09002504,0.020489927,0.08792704,0.08455331,0.068130344,0.008852227,0.2553615
7,7,OUT,OUT,0.23214236,0.13258852,0.0016773723,0.0025829214,0.06724806,0.061853502,0.071176186,0.43073106
7,7,OUT,OUT,0.07995013,0.032968353,0.014478452,0.2426307,0.088546306,0.07374692,0.107417494,0.36026168
5,4,SO,BB,0.22131276,0.08992787,0.0009394978,0.0074376944,0.42361876,0.08462043,0.049984485,0.1221585
0,5,SINGLE,SO,0.061764106,0.025820503,0.0030401265,0.03875828,0.03313152,0.6856266,0.01295669,0.1389022
7,7,OUT,OUT,0.053536315,0.006070713,0.00041365827,0.0016856152,0.13589022,0.26793852,0.001604146,0.5328609
7,3,OUT,HR,0.07715347,0.1319371,0.0024016271,0.3152454,0.2878611,0.003975911,0.16567989,0.015745472
7,0,OUT,SINGLE,0.34018442,0.025934318,0.0060824645,0.13140401,0.18922277,0.13931449,0.00028742437,0.1675701
5,7,SO,OUT,0.1829262,0.21847415,0.0061952556,0.12644555,0.10205173,0.061422303,0.00290949,0.29957527
7,5,OUT,SO,0.0924047,0.05214936,0.06744016,0.00038147025,0.16752599,0.32139367,0.012706685,0.28599796
7,0,OUT,SINGLE,0.4000361,0.05859675,0.00049679057,0.023671107,0.006362519,0.21010093,0.0055234362,0.2952124
7,0,OUT,SINGLE,0.5011647,0.013492607,0.00012132679,0.060737148,0.21036825,0.08418621,0.0008729283,0.12905684
5,6,SO,HBP,0.22768608,0.061483312,0.005258065,0.0068510096,0.11253494,0.16119283,0.36708823,0.057905488
7,7,OUT,OUT,0.13905112,0.032181095,0.0044890093,0.050952617,0.19819878,0.16762067,0.0045145606,0.4029921
1,7,DOUBLE,OUT,0.0076369583,0.00671348,4.2639665e-05,0.0052584093,0.11332143,0.19863187,7.249711e-05,0.6683227
7,5,OUT,SO,0.04013765,0.14171259,0.02313526,0.0058527975,0.12732449,0.38790622,0.07609947,0.1978315
7,1,OUT,DOUBLE,0.05760432,0.56189734,0.0053649913,0.008939201,0.048525106,0.13291334,0.10420223,0.08055355
7,4,OUT,BB,0.019688789,0.1902784,0.013345668,0.0024517798,0.41978964,0.16699643,0.02051074,0.16693857
7,5,OUT,SO,0.06945362,0.011862506,0.0028918972,0.0064740097,0.012165493,0.79033464,0.0019400786,0.104877755
0,5,SINGLE,SO,0.12096647,0.08654526,0.0020641645,0.109181754,0.0056466,0.39669412,0.046055123,0.2328465
7,7,OUT,OUT,0.0033450376,3.754739e-06,1.8541725e-07,3.7667394e-06,0.0011827545,0.10726586,2.0612392e-08,0.8881986
7,7,OUT,OUT,0.21307106,0.057486966,0.0018274576,0.047968887,0.031915914,0.22355334,0.092512496,0.33166385
5,4,SO,BB,0.026003387,0.15405852,0.0015288446,0.009292055,0.7618395,0.013387056,0.000101186095,0.033789452
5,4,SO,BB,0.042843644,0.15690885,0.008967682,0.08741041,0.4362893,0.11391424,0.0028903892,0.15077548
4,4,BB,BB,0.11495671,0.14582005,0.016249835,0.20983735,0.2384861,0.07088937,6.264359e-05,0.20369792
1,3,DOUBLE,HR,0.10376083,0.036637902,0.010203075,0.6734604,0.018196797,0.0813875,0.0012630611,0.07509038
7,1,OUT,DOUBLE,0.1517405,0.6419772,1.8041466e-05,0.0013442688,0.07119098,0.023365293,0.00014210174,0.11022162
7,3,OUT,HR,0.012298999,0.00022096498,0.0011027943,0.78068805,0.0031300075,0.109790176,0.00042486013,0.0923441
1,5,DOUBLE,SO,0.10536075,0.32023323,0.0065310984,0.036189523,0.030767808,0.4150867,0.018560592,0.067270294
4,0,BB,SINGLE,0.37173444,0.039135113,0.002398695,0.0006197169,0.01594582,0.14552063,0.2924306,0.13221495
7,7,OUT,OUT,0.18007632,0.26181585,0.011588127,0.004677798,0.055258386,0.117954575,0.0012104206,0.36741856
7,5,OUT,SO,0.19830254,0.058896277,0.0066141784,0.006396492,0.11949839,0.46130592,0.0005491227,0.14843702
7,0,OUT,SINGLE,0.5714716,0.07066431,0.003584039,0.0031317193,0.05280352,0.1342535,0.0011100193,0.16298123
5,7,SO,OUT,0.14252254,0.067959376,0.1694228,0.15105866,0.050893325,0.06440433,0.119587734,0.23415121
5,7,SO,OUT,0.30102313,0.032041136,0.00041081273,0.015484621,0.046386883,0.11768928,0.05554688,0.43141732
0,7,SINGLE,OUT,0.18654615,0.040249404,0.0021777144,0.016395384,0.09807553,0.06116124,0.015565594,0.57982904
7,4,OUT,BB,0.17126697,0.071942374,0.009379898,0.11585713,0.4595619,0.1292135,0.00016098935,0.04261732
5,4,SO,BB,0.12743573,0.017023105,0.018618856,0.20765921,0.41044304,0.053326115,0.12598643,0.039507482
7,7,OUT,OUT,0.27656755,0.031421546,0.008452318,0.0010491317,0.16307066,0.14751346,0.007946202,0.36397907
0,7,SINGLE,OUT,0.28702962,0.019102804,0.010491911,0.015139402,0.13216919,0.18949775,0.002726632,0.34384272
7,7,OUT,OUT,0.035118982,0.0001889218,0.0018510295,0.002254822,0.021873282,0.13658181,0.00030078113,0.80183035
7,0,OUT,SINGLE,0.4488639,0.0005242131,0.0012333902,0.08206097,0.03719573,0.10770237,0.002153124,0.32026634
0,7,SINGLE,OUT,0.09330751,0.005343184,0.00068259495,0.05885385,0.015910257,0.01887443,0.050603233,0.756425
7,5,OUT,SO,0.05452773,0.0062271906,3.6223202e-05,0.0004189037,0.00413453,0.69482756,0.00015421935,0.23967361
5,7,SO,OUT,0.087488495,0.046455882,0.018541845,0.03566376,0.12213357,0.3002854,0.011036487,0.37839463
5,0,SO,SINGLE,0.50802463,0.16791472,0.018334854,0.0017839738,0.108435094,0.104588985,0.026126375,0.06479145
0,5,SINGLE,SO,0.19313589,0.24067965,0.0016742724,0.004591371,0.022763731,0.35748377,0.0097934045,0.1698779
0,5,SINGLE,SO,0.26138481,0.003129493,0.00017836322,0.00096898776,0.14017294,0.5111316,0.0008046778,0.08222903
7,7,OUT,OUT,0.15461934,0.00020395042,0.00026455667,1.1802145e-05,6.864761e-05,0.0038850096,0.33961296,0.5013337
7,1,OUT,DOUBLE,0.11662829,0.5665793,0.0062957425,0.01612431,0.013244936,0.094233714,0.008585827,0.17830792
5,7,SO,OUT,0.042410586,0.028831007,0.0014949483,0.0015568725,0.0170308,0.07812945,0.03963728,0.7909091
7,1,OUT,DOUBLE,0.011756839,0.6075915,0.0012952102,0.29691914,0.005486232,0.06280152,0.00050366396,0.013645842
0,7,SINGLE,OUT,0.25040257,0.023354096,0.0014926919,0.012004908,0.06375996,0.13837409,0.093262024,0.41734967
4,0,BB,SINGLE,0.86624247,0.0072213514,8.8180066e-05,0.0008033375,0.0013838442,0.08008585,0.000886578,0.043288287
5,7,SO,OUT,0.04822149,0.008688801,0.0028406652,0.0126353325,0.0062965383,0.059113473,0.12729472,0.73490894
7,7,OUT,OUT,0.17636304,0.0026392285,0.000719791,0.009447822,0.0007120099,0.04645297,0.07366506,0.69000006
4,0,BB,SINGLE,0.27965826,0.09290624,0.015149725,0.19937561,0.0850701,0.10820928,0.00100026,0.21863046
5,7,SO,OUT,0.14481916,0.016497927,0.0022931674,0.0016834148,0.021762803,0.2197523,0.026488407,0.56670284
7,7,OUT,OUT,0.1338227,0.039186727,0.012038653,0.0061776633,0.07648276,0.23904325,0.0043114377,0.48893678
1,5,DOUBLE,SO,0.16095799,0.12890945,0.003039005,0.007197342,0.19211687,0.26229662,0.0017347984,0.24374793
7,7,OUT,OUT,0.029142337,0.00047165493,0.0064494116,0.06910084,0.05193609,0.094684884,0.00016691211,0.7480479
1,3,DOUBLE,HR,0.21355061,0.0003167406,0.0009956848,0.36143175,0.105080046,0.15079309,0.0029952042,0.16483691
0,7,SINGLE,OUT,0.07235393,0.038609836,0.023953903,0.044970885,0.029746903,0.05069616,0.2040958,0.5355726
5,7,SO,OUT,0.31622267,0.0009796219,0.009087063,0.0035173297,0.004881578,0.020821542,0.012333997,0.6321562
7,5,OUT,SO,0.31980655,0.14611918,0.016684549,0.009627024,0.028013647,0.34775683,0.031170193,0.100822054
5,5,SO,SO,0.097958766,0.0021928533,0.00072537136,0.00018714737,0.0016873077,0.77385676,0.0015409605,0.12185083
7,0,OUT,SINGLE,0.37460977,0.011437074,0.003036568,0.04647734,0.18187714,0.119870834,0.114067934,0.14862333
5,3,SO,HR,0.094806865,0.11694083,0.09267539,0.27676725,0.052248407,0.21479604,0.029528491,0.122236714
4,0,BB,SINGLE,0.3983598,0.06607915,0.005878377,0.00036906646,0.029303303,0.33390215,0.017895538,0.14821258
7,7,OUT,OUT,0.029119972,0.0007762964,0.00034955604,0.013391888,0.14735089,0.12655798,0.0004357331,0.68201774
3,7,HR,OUT,0.23224548,0.009244703,0.008116256,0.084438756,0.011944771,0.09192484,0.20330542,0.3587798
7,6,OUT,HBP,0.067999,0.006010398,0.0011502802,0.005994238,0.013889601,0.072227664,0.54190886,0.29081997
7,0,OUT,SINGLE,0.5542973,0.01558033,0.034305718,0.07401878,0.058006946,0.04797263,0.054614786,0.16120337
3,6,HR,HBP,0.2048151,0.020632882,0.0007767568,0.022534298,0.1690877,0.06628943,0.2682024,0.24766149
0,0,SINGLE,SINGLE,0.64839715,0.004358464,0.0042376434,0.0041776597,0.014669971,0.07217228,0.0054919776,0.24649501
7,7,OUT,OUT,0.07808074,0.31238845,0.0030145159,0.0018264097,0.018440591,0.14285098,0.10627497,0.33712333
4,0,BB,SINGLE,0.36881348,0.008368103,0.0007564324,0.009201317,0.09699021,0.22645164,0.004352362,0.28506643
5,7,SO,OUT,0.10838265,0.07465742,0.069986545,0.07279691,0.17562173,0.17269535,0.0008100814,0.32504928
7,0,OUT,SINGLE,0.31276357,0.036524482,0.006808146,0.017769584,0.15284085,0.27016708,0.026095577,0.17703068
7,5,OUT,SO,0.13930653,0.0109934285,0.00058771315,0.000898227,0.29684013,0.45374328,0.0012433644,0.09638723
0,7,SINGLE,OUT,0.33303988,0.012728329,0.005780447,0.0008168495,0.10043769,0.20532982,0.0010940197,0.340773
7,0,OUT,SINGLE,0.41326976,0.069569595,0.030374207,0.0010795086,0.100311436,0.08035083,0.0056800884,0.29936463
7,0,OUT,SINGLE,0.3188788,0.26680025,0.0039422526,0.039499074,0.056494772,0.09844906,0.13495967,0.08097615
7,0,OUT,SINGLE,0.60261625,0.020907585,0.009370171,0.0015565334,0.024995405,0.035708044,0.054455277,0.25039074
0,0,SINGLE,SINGLE,0.28968355,0.05822807,0.0047364347,0.014334057,0.096989,0.2555992,0.009111508,0.27131814
4,7,BB,OUT,0.14784655,0.22537746,0.0027396716,0.039841685,0.08279661,0.06075274,0.011847563,0.42879775
5,0,SO,SINGLE,0.4748094,0.06595449,0.00019349132,0.0020289226,0.03395288,0.18175389,0.00092469505,0.24038224
5,0,SO,SINGLE,0.32422763,0.10331464,0.0009435876,0.0155998105,0.07681653,0.20050807,0.023233905,0.25535572
7,0,OUT,SINGLE,0.26144072,0.023744179,0.003591462,0.0038284382,0.23714331,0.20340379,0.044897206,0.22195086
4,4,BB,BB,0.0308351,0.10242099,0.0014503248,0.017506916,0.44621694,0.052168205,0.076158024,0.27324346
4,7,BB,OUT,0.08677623,0.039762523,8.76698e-05,0.13873696,0.24820368,0.15478708,0.028490683,0.3031551
0,5,SINGLE,SO,0.21617849,0.013062688,0.00019668463,0.004457369,0.06090848,0.56226826,0.0026208279,0.14030714
0,5,SINGLE,SO,0.08186472,0.035421815,0.0009196119,7.988062e-05,0.17035712,0.5330258,0.0025889925,0.17574196
7,4,OUT,BB,0.030392997,0.017820481,0.00175275,0.031923216,0.41127634,0.077589855,0.055686403,0.3735579
1,4,DOUBLE,BB,0.009107195,0.068022795,0.0049481317,0.008406847,0.42629212,0.31639472,0.002065428,0.16476281
5,4,SO,BB,0.08452202,0.098010905,0.0019142396,0.025034396,0.3920647,0.14985153,0.0069143167,0.24168791
7,7,OUT,OUT,0.055260397,0.085811794,0.0003819749,0.003091795,0.13693321,0.034413427,0.046506718,0.6376007
7,7,OUT,OUT,0.14761749,0.044949964,0.00036069163,0.00085914036,0.01791045,0.119336665,0.0095976945,0.65936786
0,4,SINGLE,BB,0.05133982,0.008568023,0.0003625726,0.025341757,0.5797299,0.058666024,0.014646769,0.26134512
4,4,BB,BB,0.012449837,0.002275099,0.008020953,0.36794448,0.43756118,0.14155026,8.550967e-05,0.0301127
1,4,DOUBLE,BB,0.0069706216,0.015990507,0.00018633582,0.017422616,0.9382225,0.0040653152,0.0020318474,0.015110277
5,4,SO,BB,0.011745735,0.010952988,0.0062463116,0.0030613714,0.4526052,0.37176117,0.0009474981,0.1426797
7,3,OUT,HR,0.022612618,0.0575898,0.0040204637,0.37706932,0.17672296,0.072576106,0.10013244,0.18927628
5,7,SO,OUT,0.0547878,0.007169144,0.00039731164,0.008422484,0.24962632,0.30820054,0.00532499,0.36607146
7,5,OUT,SO,0.046218574,0.02903204,0.0021006884,0.00044122673,0.23827428,0.38058078,0.00046480502,0.30288756
5,7,SO,OUT,0.17357954,0.0011858644,0.0006846651,0.0003888852,0.17560954,0.07671258,0.004557349,0.5672816
0,0,SINGLE,SINGLE,0.50909144,0.11734448,0.002279708,0.0036212152,0.091547035,0.10573346,0.022631928,0.14775077
5,0,SO,SINGLE,0.411576,0.024421794,0.00042683593,0.052448507,0.16814992,0.11321705,0.019582089,0.21017778
5,5,SO,SO,0.034864336,0.0012497404,0.0026446672,0.07660324,0.0109357005,0.84359455,0.009968014,0.020139731
0,1,SINGLE,DOUBLE,0.12699163,0.23952481,0.00029121892,0.12941702,0.08932741,0.2244205,0.0005681771,0.18945922
7,4,OUT,BB,0.016406791,0.01725278,0.00068876485,0.0019068157,0.66290796,0.1462065,0.0051719695,0.1494585
7,0,OUT,SINGLE,0.37433642,0.18295099,0.0005384386,0.01508351,0.020103857,0.17125875,0.003601036,0.23212697
5,7,SO,OUT,0.25045288,0.110668086,0.003192987,0.020760644,0.11219923,0.15808909,0.027528405,0.31710863
7,7,OUT,OUT,0.13416612,0.14542009,0.03693072,0.010363811,0.094708145,0.0598083,0.08182394,0.4367788
7,4,OUT,BB,0.19455689,0.0075896597,0.0024888124,0.0127003705,0.5271673,0.10753728,0.0057503674,0.14220929
5,7,SO,OUT,0.08076823,0.020475864,0.015312885,0.015728226,0.02185364,0.2074097,0.0012124145,0.6372391
1,7,DOUBLE,OUT,0.012276155,0.0106073,0.00021288401,0.0005474833,0.050188135,0.42741433,6.606916e-05,0.49868774
7,7,OUT,OUT,0.08555644,0.0539558,0.0013748483,0.11272618,0.15720026,0.21376681,0.00091686536,0.3745028
7,7,OUT,OUT,0.08493325,0.13738781,0.00012043107,0.0017160788,0.082327686,0.22003433,0.00043938946,0.473041
5,1,SO,DOUBLE,0.03569893,0.56182796,0.0014323543,0.13749921,0.20959659,0.03684693,0.0010464977,0.016051503
0,5,SINGLE,SO,0.20528594,0.031055238,9.598416e-05,0.00022615072,0.13736908,0.34939885,0.00012381311,0.27644494
4,4,BB,BB,0.014524247,0.036494788,9.018559e-05,0.0016750172,0.5239471,0.11789381,0.0007103855,0.3046645
0,7,SINGLE,OUT,0.12121696,0.16072649,0.00013080305,0.0035720302,0.05751576,0.25190935,0.0016341831,0.40329447
5,0,SO,SINGLE,0.34071517,0.014573693,0.0038814899,0.004388705,0.10146325,0.332449,0.01285189,0.18967678
4,7,BB,OUT,0.3551556,0.029164026,0.00022793339,0.04033315,0.0062964563,0.102395065,0.00046784128,0.46596006
4,1,BB,DOUBLE,0.2749237,0.3736799,0.0065413835,0.010125625,0.20011647,0.02424974,0.0027097964,0.10765337
0,0,SINGLE,SINGLE,0.34288046,0.032737434,0.0015739314,0.261628,0.09382622,0.101874545,0.0010450578,0.16443439
0,1,SINGLE,DOUBLE,0.2068564,0.3247133,0.00015763615,0.19637391,0.041459125,0.106410205,0.0082244035,0.115805075
0,5,SINGLE,SO,0.04268176,0.020921206,0.00015915839,0.0055847717,0.0617782,0.7857572,0.002705192,0.08041249
7,5,OUT,SO,0.26139227,0.02778422,0.00014257191,0.09018584,0.07794009,0.32245848,0.008185446,0.21191102
0,5,SINGLE,SO,0.12316149,0.046716515,0.0031394335,0.0016298159,0.16421984,0.4320012,8.199474e-05,0.22904971
7,7,OUT,OUT,0.25609994,0.13189489,0.0029034598,0.0042173536,0.013604705,0.24759753,0.0036531603,0.34002897
7,5,OUT,SO,0.049855683,0.07677533,0.0020585917,0.024489453,0.0077760783,0.6391708,0.0041641146,0.19570991
7,0,OUT,SINGLE,0.54449755,0.050138015,0.0025456278,0.0062227524,0.017121017,0.18287721,0.0113537535,0.18524398
3,0,HR,SINGLE,0.5779467,0.05782077,0.0018948325,0.025058072,0.02518965,0.17857422,0.019966446,0.11354931
7,5,OUT,SO,0.02394051,0.022319261,0.0023963384,0.00047861156,0.017471425,0.67584974,0.0001666906,0.25737736
7,1,OUT,DOUBLE,0.28601408,0.37822115,9.362223e-05,0.00026302264,0.0016189188,0.15209873,0.0010844012,0.180606
7,3,OUT,HR,0.03171376,0.027127879,0.017212132,0.5492464,0.10653218,0.16821747,0.004740445,0.095209725
1,7,DOUBLE,OUT,0.23640333,0.08018513,0.022108601,0.029831685,0.17426768,0.12636845,0.004461467,0.32637367
7,7,OUT,OUT,0.16975494,0.013283193,0.0003579732,0.20107847,0.11202293,0.10102661,0.0011328236,0.40134308
7,4,OUT,BB,0.22245486,0.018254748,0.000930125,0.0068825646,0.3506635,0.31559357,0.013614177,0.071606494
7,6,OUT,HBP,0.085078165,0.14608401,0.015104142,0.012059018,0.038601387,0.20649646,0.31326044,0.18331629
5,5,SO,SO,0.14207244,0.16458675,0.0023097994,0.020280577,0.05900489,0.48190516,0.0014440219,0.1283964
7,5,OUT,SO,0.05167521,0.008851813,0.04554709,0.007353669,0.017026262,0.45858356,0.054054152,0.35690817
7,7,OUT,OUT,0.2887516,0.13026677,0.00034095364,0.043158557,0.014032025,0.1617329,0.053389598,0.30832767
7,7,OUT,OUT,0.3761215,0.045487374,0.007466227,0.0019218273,0.02095914,0.11364349,0.008188578,0.4262118
2,5,TRIPLE,SO,0.19932252,0.05860702,0.004541377,0.15427023,0.07762108,0.397217,0.00022021684,0.10820063
0,3,SINGLE,HR,0.18548162,0.04659946,0.0005423628,0.3583663,0.07752359,0.13018024,0.006456102,0.19485027
5,1,SO,DOUBLE,0.114421465,0.44208005,0.004128203,0.13338809,0.048828106,0.083191074,0.005626866,0.1683361
5,1,SO,DOUBLE,0.09043285,0.5197997,0.0018809332,0.045613844,0.03779558,0.15535705,0.008613129,0.14050686
3,5,HR,SO,0.071164176,0.0060628676,0.07258527,0.06932336,0.080954395,0.49219486,0.0045746705,0.20314041
7,1,OUT,DOUBLE,0.1057953,0.5067188,0.004299269,0.0046127504,0.031559892,0.28051433,0.0030068327,0.06349284
4,0,BB,SINGLE,0.29096466,0.020206641,0.0022402266,0.0012433253,0.23153885,0.2906822,0.0045883884,0.15853587
7,5,OUT,SO,0.1882543,0.20151085,0.009984696,0.008734596,0.07505017,0.3677569,0.0010509205,0.14765757
0,5,SINGLE,SO,0.2606212,0.08306224,0.0003110983,0.008630251,0.17350997,0.35956362,0.0017338659,0.11256767
7,5,OUT,SO,0.037170626,0.03642508,0.006123627,0.027731955,0.041486807,0.5283699,0.00097049325,0.3217215
7,4,OUT,BB,0.1123583,0.032396823,0.00021957292,0.15628077,0.32311517,0.16973752,0.00085436564,0.20503756
5,0,SO,SINGLE,0.5097387,0.019167311,8.545088e-06,0.3881824,0.0014501084,0.021500777,0.0012738855,0.05867828
7,5,OUT,SO,0.041561026,0.006375696,0.00088171544,0.018739205,0.114069164,0.50638866,0.0003572182,0.3116273
4,7,BB,OUT,0.2602982,0.0076646395,0.00030312646,0.00045796557,0.010483706,0.21756206,5.3840726e-05,0.5031764
7,0,OUT,SINGLE,0.35459664,0.019647978,0.013038225,0.07081319,0.12089819,0.15139155,0.032933805,0.23668028
5,5,SO,SO,0.21136631,0.1314608,0.0012792569,0.0042461255,0.061325327,0.35566396,0.0022463105,0.23241201
0,6,SINGLE,HBP,0.021487892,0.021757597,0.0056674504,0.0007824818,0.044795662,0.08020311,0.581038,0.24426787
5,7,SO,OUT,0.14844503,0.11184715,0.0010651487,0.01613437,0.093545616,0.10206951,0.009461373,0.51743186
7,0,OUT,SINGLE,0.39278427,0.018023876,4.2527205e-05,0.0024968672,0.15615198,0.12644047,0.0009813011,0.30307877
7,5,OUT,SO,0.041340325,0.03130007,0.01621661,0.09319949,0.06802003,0.4015304,0.007338256,0.34105477
7,4,OUT,BB,0.13112733,0.05638797,0.00060607225,0.008176958,0.3060256,0.2256325,0.015324675,0.2567188
7,5,OUT,SO,0.21544302,0.109192096,0.008197999,0.016444229,0.06999154,0.45421642,0.009124587,0.117390044
0,5,SINGLE,SO,0.124362804,0.02156662,0.0052462444,0.00872454,0.031560868,0.41568372,0.08260639,0.31024882
5,7,SO,OUT,0.09478195,0.08450405,0.0024453967,0.00049756235,0.0719261,0.25114536,0.0011861689,0.49351338
7,7,OUT,OUT,0.07692309,0.0043317894,0.0054195463,0.06701338,0.034832757,0.33460107,0.10535782,0.37152052
7,7,OUT,OUT,0.053197686,0.049678348,0.0018881649,0.05577989,0.067781605,0.09990017,0.010406694,0.6613674
4,1,BB,DOUBLE,0.19309402,0.23167017,0.012470178,0.17227383,0.08780692,0.20584883,0.0003121763,0.09652388
0,4,SINGLE,BB,0.20093139,0.011276675,0.000731629,0.013682461,0.28549558,0.20568903,0.00034661966,0.28184664
7,5,OUT,SO,0.0027535094,0.00014035351,2.5726891e-05,1.0037212e-05,0.00023135683,0.77321213,0.0004182196,0.22320865
7,7,OUT,OUT,0.024675544,0.0004926164,9.563429e-05,0.0035129155,0.009307017,0.34025738,0.000111466485,0.62154746
0,5,SINGLE,SO,0.050916668,0.0028108368,0.00045739397,0.2505568,0.009622904,0.5742825,0.00207866,0.10927427
0,0,SINGLE,SINGLE,0.3968003,0.016602429,0.09326729,0.0045262887,0.013744536,0.20125735,0.012823556,0.26097825
7,5,OUT,SO,0.22811332,0.04877466,0.0013719456,0.10996897,0.12819311,0.2978118,0.035891928,0.14987417
4,7,BB,OUT,0.1912283,0.0182395,0.0005996423,0.12657684,0.10145807,0.24591112,0.02138372,0.2946028
7,7,OUT,OUT,0.059954442,0.02458904,0.029118346,0.0759217,0.08555632,0.2980668,0.05360266,0.3731907
7,2,OUT,TRIPLE,0.04217831,0.028254144,0.36090192,0.009896217,0.15690781,0.16734116,0.13755569,0.09696469
0,7,SINGLE,OUT,0.085844435,0.009749479,0.0037148262,0.013037811,0.10922017,0.19396676,0.020850174,0.5636163
2,7,TRIPLE,OUT,0.105188146,0.025698662,0.00048288025,0.0059391833,0.25374854,0.24641189,0.00096282776,0.36156785
5,7,SO,OUT,0.06306163,0.023177221,0.0011700995,0.3614007,0.044068877,0.059590694,0.00402394,0.44350687
7,5,OUT,SO,0.087885775,0.10012755,0.0070824027,0.07982253,0.0702654,0.3521532,0.19836299,0.10430019
7,6,OUT,HBP,0.2926509,0.035538092,0.0046571754,0.01828517,0.060124088,0.17482032,0.29970503,0.114219196
5,5,SO,SO,0.28689846,0.11841221,0.005862767,0.0040454324,0.01423249,0.42721808,0.018257808,0.12507273
7,4,OUT,BB,0.16882817,0.07171564,0.0009419434,0.020276042,0.5122569,0.052611765,0.021083115,0.15228635
7,3,OUT,HR,0.23125035,0.05690056,0.0026261779,0.4386196,0.14727089,0.0235278,5.9080998e-05,0.09974554
5,7,SO,OUT,0.234729,0.027860729,0.003014077,0.04739988,0.2290973,0.1393189,0.00032405846,0.31825602
5,5,SO,SO,0.010784748,0.023970198,8.5098225e-05,2.9176428e-05,0.0009468357,0.62399065,2.1271595e-05,0.34017196
1,5,DOUBLE,SO,0.046044193,0.08820495,0.0018839497,0.09572891,0.13291667,0.2963417,0.10952983,0.2293499
0,3,SINGLE,HR,0.04254769,0.006064726,0.0022591702,0.54133576,0.01589566,0.27678564,0.002909182,0.112202086
0,5,SINGLE,SO,0.24204412,0.05690877,0.07921698,0.0035403192,0.038966373,0.38762307,0.006489174,0.18521121
5,7,SO,OUT,0.1237816,0.10132353,0.0014661396,0.04534084,0.11328161,0.23850805,0.031121844,0.34517646
7,7,OUT,OUT,0.09998861,0.15923989,0.011787491,0.027290437,0.054209523,0.2644792,0.08929061,0.29371426
7,5,OUT,SO,0.033143405,0.012914245,0.0006761853,0.027436092,0.020747645,0.68508613,0.04535568,0.17464061
4,0,BB,SINGLE,0.26283744,0.06299544,0.0013736575,0.0017528126,0.25967327,0.19659877,0.10872282,0.10604579
7,0,OUT,SINGLE,0.6315006,0.034466688,0.00015915427,0.0035417082,0.0050979294,0.13427709,0.009383935,0.18157287
7,5,OUT,SO,0.018747237,0.13759013,0.00821904,9.339171e-05,0.06305276,0.6828476,0.00070482213,0.08874493
1,0,DOUBLE,SINGLE,0.5053146,0.0028726365,0.0027376427,0.00037576203,0.0041795895,0.16112234,0.00022546205,0.32317194
5,5,SO,SO,0.20685458,0.009596936,0.0027194119,0.022362027,0.072761014,0.42526186,0.005924769,0.2545194
0,7,SINGLE,OUT,0.24567454,0.052897055,0.0040000947,0.003578573,0.049647357,0.22034167,0.0009481117,0.42291266
5,5,SO,SO,0.15356632,0.04896315,0.00083074946,0.18574105,0.05641281,0.3273037,0.008771172,0.21841109
5,3,SO,HR,0.19379567,0.027386257,0.0020320967,0.35454124,0.197344,0.061735887,0.010108646,0.15305613
7,7,OUT,OUT,0.12718272,0.009166728,0.00018742363,0.0062003653,0.033159785,0.24193412,0.0010821722,0.5810867
4,7,BB,OUT,0.15339866,0.21155465,0.0011910509,0.18661268,0.02509785,0.076576956,0.09031177,0.2552564
3,7,HR,OUT,0.2277147,0.02164139,0.00014202042,0.14194414,0.13642523,0.026926726,0.04569984,0.399506
5,7,SO,OUT,0.30686486,0.018494828,0.012360711,0.0013971223,0.06614121,0.15145144,0.0012958827,0.441994
7,5,OUT,SO,0.21278107,0.11396018,0.00075804064,0.03870031,0.023892628,0.31231406,0.024011282,0.27358234
7,5,OUT,SO,0.09230946,0.06900692,0.00073693716,0.020654675,0.030333199,0.57831836,0.0023182025,0.20632231
7,0,OUT,SINGLE,0.21116969,0.12501404,0.0027919253,0.14701219,0.20151731,0.062653616,0.05866358,0.19117765
7,7,OUT,OUT,0.18780826,0.05996535,0.00025630975,0.0075065796,0.08277583,0.21295261,0.007943589,0.44079152
5,0,SO,SINGLE,0.5651099,0.15411489,0.001389306,0.015127106,0.008160769,0.022100896,0.03205969,0.20193744
5,5,SO,SO,0.124248795,0.010940394,0.0024531274,0.0045646117,0.07167185,0.6421549,0.002479697,0.1414866
7,5,OUT,SO,0.21595426,0.030641712,0.0031906127,0.0031910234,0.13733631,0.40721786,0.003908044,0.1985601
5,5,SO,SO,0.054975666,0.018025415,0.00034677,0.01756534,0.067434564,0.6986883,0.005469761,0.13749418
5,5,SO,SO,0.033903718,0.423998,0.0007037807,0.016467905,0.019307455,0.46729225,0.00020290099,0.038124032
0,4,SINGLE,BB,0.10973976,0.06772578,0.002207817,0.0020959964,0.40280896,0.2281635,0.00028824763,0.18696995
5,5,SO,SO,0.063909166,0.17508762,2.4627296e-05,0.00030011675,0.012973027,0.51452965,0.0001589784,0.23301685
1,0,DOUBLE,SINGLE,0.62654096,0.028500678,0.032755055,0.08292111,0.009234207,0.086726956,0.0007560312,0.13256493
7,5,OUT,SO,0.12086281,0.10091187,0.009995063,0.021611353,0.090282924,0.31404048,0.07585948,0.266436
0,4,SINGLE,BB,0.043068804,0.14298593,0.20662469,0.002497316,0.32808998,0.08212451,0.0014874559,0.1931213
7,1,OUT,DOUBLE,0.111211345,0.22820874,0.0028948106,0.024405995,0.22384478,0.18603384,0.01987707,0.20352338
7,6,OUT,HBP,0.25055775,0.014012033,0.00081068004,0.0025661436,0.014998466,0.22580574,0.28349862,0.20775062
5,0,SO,SINGLE,0.5256713,0.013656429,0.00016668033,0.16877896,0.099812046,0.025587363,0.0004366702,0.16589057
4,4,BB,BB,0.07209262,0.10786136,0.00033767207,0.0044374433,0.5580516,0.09272108,0.04546995,0.11902831
7,5,OUT,SO,0.101349935,0.0132288225,2.427395e-05,0.0094672525,0.040515173,0.5957737,0.041368753,0.19827208
5,4,SO,BB,0.08548982,0.00992648,0.0015432378,0.2077006,0.26819077,0.16285138,0.07978462,0.18451309
1,0,DOUBLE,SINGLE,0.34570488,0.18126337,0.0047432305,0.0007058791,0.017792154,0.32312882,0.0011578177,0.12550387
5,7,SO,OUT,0.05123716,0.0004829599,0.00067313306,0.0025667488,0.12926732,0.073725484,4.174473e-05,0.74200547
0,5,SINGLE,SO,0.09999331,0.00524023,0.00482286,0.023553554,0.10877048,0.5497135,0.005251003,0.20265517
7,2,OUT,TRIPLE,0.16619204,0.05384016,0.4585282,0.00491099,0.03569751,0.14940612,0.0010881743,0.13033676
4,0,BB,SINGLE,0.35963577,0.029691273,0.0019069888,0.008196932,0.09441939,0.28261098,0.007978392,0.21556029
0,0,SINGLE,SINGLE,0.41707203,0.030911418,0.004125539,0.016119273,0.08212171,0.1774865,0.0025451286,0.26961857
5,5,SO,SO,0.17317693,0.045820437,0.0009612606,0.014595015,0.23709549,0.3120734,0.010669592,0.20560788
4,7,BB,OUT,0.13950416,0.001515501,0.00027446888,0.014190436,0.012155116,0.25732616,0.24619724,0.32883683
5,0,SO,SINGLE,0.3517629,0.0032386112,0.00022890345,0.0008930684,0.11837956,0.14674056,0.040833335,0.33792314
5,7,SO,OUT,0.15800177,0.0057190754,0.000117962,0.00025381293,0.014249293,0.14723141,0.12875335,0.54567325
5,7,SO,OUT,0.13209946,0.013806677,0.002311653,0.019733358,0.04658507,0.17919727,0.22253712,0.38372937
0,7,SINGLE,OUT,0.13180734,0.046297908,0.0018815172,0.0363195,0.053892124,0.20539616,0.0047224397,0.519683
0,0,SINGLE,SINGLE,0.4825955,0.011967042,0.0015037635,0.006462329,0.044466425,0.18019137,0.00080749154,0.27200606
7,0,OUT,SINGLE,0.42404258,0.010017806,0.0009351775,0.007044417,0.073405646,0.22127385,0.0058821915,0.25739837
7,5,OUT,SO,0.13426101,0.0071871243,0.019857066,0.027725844,0.109310046,0.4751564,0.0006173497,0.22588511
7,7,OUT,OUT,0.25687736,0.013851594,0.000119169636,0.19994876,0.2317149,0.027388534,0.00047650834,0.2696232
7,0,OUT,SINGLE,0.43660092,0.013043106,0.00037031845,0.044603392,0.29042062,0.07420762,0.0014176626,0.13933636
7,7,OUT,OUT,0.112612456,0.039076768,0.00044918843,0.0055049765,0.035466775,0.096713826,0.0007683093,0.70940775
1,3,DOUBLE,HR,0.29955396,0.024450481,0.0005768356,0.30749884,0.04135146,0.0772466,0.018442674,0.23087904
5,5,SO,SO,0.05961255,0.014925333,0.0073195365,0.004935215,0.0536786,0.6580786,0.00019977387,0.20125037
0,0,SINGLE,SINGLE,0.56901026,0.003196569,0.0022479158,0.0017367076,0.014499718,0.06169476,0.00026664202,0.3473475
0,5,SINGLE,SO,0.09676665,0.013496374,0.019406531,0.01699176,0.026151234,0.62817305,0.0024199272,0.19659439
5,5,SO,SO,0.16038524,0.19166642,0.00096680445,0.105447784,0.07054524,0.30478626,0.009698816,0.15650348
7,0,OUT,SINGLE,0.4264756,0.005135185,0.00012356802,0.13898762,0.31539902,0.010034364,0.0010459609,0.10279872
7,4,OUT,BB,0.2559074,0.11891253,0.0014568701,0.09262135,0.26582512,0.0892055,0.030116603,0.14595467
5,7,SO,OUT,0.38484162,0.0094118025,8.67186e-06,0.000248004,0.10270033,0.016620826,0.0031797811,0.48298895
5,0,SO,SINGLE,0.39262298,0.02654109,0.0011448328,0.00052977464,0.015884861,0.3422958,0.001964541,0.21901612
5,5,SO,SO,0.09196712,0.013906349,0.005876472,0.1764535,0.093997605,0.41925925,0.0025548174,0.19598487
7,5,OUT,SO,0.11207461,0.1180705,0.06273016,0.03442361,0.06101246,0.47089574,0.033979338,0.1068136
4,0,BB,SINGLE,0.31101674,0.1703022,0.009638653,0.0008637627,0.08772929,0.18618962,0.0009537877,0.2333059
0,7,SINGLE,OUT,0.03458119,0.007314402,0.00013299679,0.0058950316,0.40263116,0.023127249,0.0009092331,0.5254087
7,5,OUT,SO,0.017408093,0.014145846,0.004413078,0.014917345,0.105994955,0.48492086,0.009779396,0.34842047
7,7,OUT,OUT,0.18760632,0.03028496,0.0012331435,0.022198765,0.083592325,0.14710118,0.013680318,0.514303
5,0,SO,SINGLE,0.24473044,0.06355165,0.00605646,0.0040013622,0.23894536,0.23600781,0.009506072,0.19720085
7,1,OUT,DOUBLE,0.20194107,0.22802357,0.042850345,0.028642148,0.14310046,0.19035871,0.031285886,0.13379782
1,3,DOUBLE,HR,0.039089393,0.037905946,0.01129197,0.36524644,0.0345989,0.32538953,0.0003536533,0.18612415
5,7,SO,OUT,0.35002202,0.026734455,0.0004532514,0.00064897997,0.01886239,0.051634304,0.00021887528,0.55142576
0,5,SINGLE,SO,0.03675788,0.053503722,0.00051723927,0.00036249013,0.049440093,0.78717,0.0037888077,0.06845975
7,4,OUT,BB,0.09628365,0.13991596,0.0038998355,0.15686128,0.30515957,0.16513844,0.016209418,0.116531916
0,0,SINGLE,SINGLE,0.3913743,0.054119293,0.0032885154,0.17674729,0.05289212,0.11001027,0.022305332,0.18926288
4,5,BB,SO,0.22935735,0.011186671,0.0013085579,0.017322307,0.019769385,0.36095697,0.009318775,0.35077998
5,5,SO,SO,0.14333175,0.20292884,0.0032454764,0.033392668,0.018823069,0.31043896,0.024655316,0.26318398
7,7,OUT,OUT,0.2708418,0.012660305,0.00024578444,0.0025976838,0.018771134,0.31375122,0.005128138,0.37600395
5,7,SO,OUT,0.03867526,0.037241895,0.00020224844,0.00085370574,0.07428911,0.20385493,0.00014234272,0.64474046
4,4,BB,BB,0.2839909,0.000823672,0.0006165901,0.0013232287,0.3950117,0.060894594,0.00034363894,0.25699568
0,4,SINGLE,BB,0.2870626,0.009960039,0.002404062,0.0012071886,0.39885584,0.17573762,0.005719768,0.11905296
0,5,SINGLE,SO,0.21606995,0.088482,0.024988519,0.02808855,0.15147977,0.27082926,0.002498371,0.21756357
7,5,OUT,SO,0.09801217,0.266392,0.0010258538,0.14101657,0.12684529,0.31872436,0.006037632,0.041946072
7,4,OUT,BB,0.1774524,0.1548841,0.0109894145,0.12561946,0.22543651,0.16697842,0.00021953131,0.13842016
7,5,OUT,SO,0.27967736,0.091717824,0.0023724118,0.0009981489,0.043848164,0.34893188,0.014807622,0.21764658
5,5,SO,SO,0.0129071055,0.1196428,0.0029219321,0.005036573,0.19633238,0.5517637,0.033891104,0.077504486
7,7,OUT,OUT,0.13413002,0.032647133,0.00085509324,0.021053737,0.25908676,0.26329538,0.02533559,0.26359636
7,4,OUT,BB,0.16639572,0.06097845,0.0027645077,0.011092051,0.3595033,0.16685145,0.100686625,0.13172796
0,3,SINGLE,HR,0.16057658,0.019739822,0.0074970084,0.35687098,0.030892998,0.24253498,0.013254699,0.16863284
0,5,SINGLE,SO,0.23951119,0.01036773,0.0010666769,0.013018328,0.08694785,0.32928064,0.01716228,0.30264536
4,4,BB,BB,0.22728409,0.05432947,0.048413727,0.0102641415,0.5740164,0.026894886,0.007377186,0.051420156
5,7,SO,OUT,0.27021113,0.0037907518,4.5838053e-05,0.0009298159,0.062895626,0.03824495,0.00026136238,0.62362057
4,4,BB,BB,0.11345606,0.06147871,0.0018388209,0.030458692,0.39953828,0.16694489,0.0008723414,0.22541225
5,5,SO,SO,0.005471552,0.00319972,0.0038027414,0.00024675767,0.010227349,0.90333885,0.00014594721,0.07356716
0,7,SINGLE,OUT,0.046441764,0.00010556793,0.00074655615,0.00040724254,0.04052056,0.002998813,1.5575205e-07,0.9087794
4,0,BB,SINGLE,0.5159225,0.00029237362,0.00040214276,0.15960357,0.2688697,0.00015957044,0.006622033,0.048128065
6,1,HBP,DOUBLE,0.13173436,0.23804474,0.020625737,0.02799236,0.106518276,0.043860182,0.2373121,0.19391231
7,7,OUT,OUT,0.054845292,0.020755088,0.26894337,0.002195198,0.03478781,0.18742149,0.004319715,0.4267321
0,0,SINGLE,SINGLE,0.46880725,0.004547809,0.0030352513,0.025238674,0.15259522,0.15961948,0.009759164,0.17639723
4,4,BB,BB,0.04288595,0.09648353,0.0347992,0.23331726,0.26548535,0.2619523,0.009057207,0.056019235
7,3,OUT,HR,0.083991796,0.02447889,0.016236287,0.6861089,0.013253116,0.12126176,0.013596086,0.0410732
0,2,SINGLE,TRIPLE,0.19633974,0.013894184,0.47596252,0.121213615,0.029386159,0.0339519,0.00021101812,0.12904082
0,3,SINGLE,HR,0.14055258,0.13883302,0.12862813,0.31661594,0.029818494,0.062280793,0.0033987826,0.17987223
4,0,BB,SINGLE,0.46141627,0.046282608,0.029454833,0.09253073,0.16839296,0.15725702,0.0056864037,0.038979113
5,0,SO,SINGLE,0.3386716,0.003929912,0.058495253,0.007713337,0.1187721,0.13378567,0.009398588,0.32923353
4,0,BB,SINGLE,0.7445438,0.0051046405,0.00024492122,0.00071472616,0.062847264,0.021491677,0.0007508836,0.16430207
5,5,SO,SO,0.33219835,0.01741652,0.00052239693,0.0034508465,0.006874484,0.40556192,0.002069723,0.23190574
5,0,SO,SINGLE,0.66295755,0.0050321617,0.0015841257,0.0035479502,0.022945851,0.053709615,0.0001595881,0.25006324
4,7,BB,OUT,0.049272526,0.05282911,0.003168827,0.0006755678,0.123985,0.29743418,0.00072453,0.47191033
2,1,TRIPLE,DOUBLE,0.10327892,0.50980645,0.0026941355,0.006314179,0.057643205,0.093858555,0.0008182402,0.2255863
7,7,OUT,OUT,0.0479418,0.013387968,0.00020867123,0.00040515137,0.33678508,0.26316103,2.101676e-05,0.33808935
7,0,OUT,SINGLE,0.4577253,0.017551716,0.0002774038,0.008830587,0.18272698,0.089774884,0.0003445337,0.24276859
0,7,SINGLE,OUT,0.155883,0.041658726,0.0013907208,0.013953187,0.1788958,0.21936132,0.003700708,0.38515663
0,0,SINGLE,SINGLE,0.35936505,0.003685236,0.00823071,0.08741392,0.10579003,0.24495445,0.0039770417,0.18658358
0,7,SINGLE,OUT,0.29768983,0.018351857,0.0010962284,0.01077097,0.052382454,0.16740292,0.0012155512,0.45109016
5,7,SO,OUT,0.31303877,0.09206944,0.01929538,0.0037150923,0.056515925,0.11744031,0.0005852204,0.39733973
7,0,OUT,SINGLE,0.36009368,0.020485757,0.0035541188,0.009873047,0.1310291,0.16896644,0.0028361764,0.30316162
7,5,OUT,SO,0.10675213,0.035476137,0.0010061162,0.00925134,0.003818859,0.7190468,2.8500112e-05,0.12462022
7,0,OUT,SINGLE,0.4239257,0.025066886,0.0002077953,0.0011783004,0.121551216,0.19276597,0.0050958823,0.23020813
7,2,OUT,TRIPLE,0.045963164,0.10830886,0.30270687,0.00038626493,0.15692994,0.18916698,0.0015577243,0.19498017
5,0,SO,SINGLE,0.46053904,0.031683248,0.019805592,0.009689472,0.033659525,0.14711152,0.0053395648,0.29217207
7,2,OUT,TRIPLE,0.12905185,0.021953478,0.62432826,0.0074586673,0.010839151,0.074309886,5.6575904e-05,0.13200225
5,1,SO,DOUBLE,0.21138312,0.42369348,0.021256542,0.0010448808,0.036879927,0.18795843,0.0048130066,0.11297054
5,0,SO,SINGLE,0.39284983,0.050084956,0.0016184128,0.0044186586,0.034354713,0.30184492,0.0018292313,0.2129993
7,6,OUT,HBP,0.2762591,0.07268536,0.0023618701,0.0810858,0.013096655,0.13961588,0.36309895,0.05179638
7,5,OUT,SO,0.036848594,0.018246632,0.0004177598,0.027331006,0.015133712,0.8459124,0.0033877112,0.052722123
7,7,OUT,OUT,0.0531548,0.06526591,0.004138761,0.0068311905,0.25197142,0.06768712,0.0037729663,0.5471779
1,7,DOUBLE,OUT,0.13051312,0.06174777,0.011072603,0.053000357,0.082764864,0.16419998,0.0014150616,0.49528614
7,0,OUT,SINGLE,0.6114365,0.07517667,0.00017848004,0.0044856146,0.018863605,0.25444305,0.004854342,0.03056175
7,0,OUT,SINGLE,0.54566467,0.017463982,0.00038437598,0.021923484,0.1534678,0.1694228,0.0004021783,0.09127067
7,7,OUT,OUT,0.13709149,0.01511509,0.0008750225,0.14027734,0.022093767,0.3337921,0.0002365399,0.35051858
7,7,OUT,OUT,0.164899,0.007483133,0.008604838,0.008832184,0.19747867,0.21210067,0.0020873689,0.39851415
7,7,OUT,OUT,0.086687334,0.06438393,0.0006380765,0.021923406,0.26231652,0.18901074,0.008401149,0.36663887
7,7,OUT,OUT,0.094669774,0.011615698,0.00071061356,0.18038191,0.119938605,0.14466387,0.0064449087,0.4415746
7,7,OUT,OUT,0.23190741,0.0028778538,0.0027464863,0.002393661,0.06357147,0.059955694,0.0045802062,0.63196725
7,0,OUT,SINGLE,0.483323,0.0026339334,0.031765636,0.00044924283,0.014004486,0.2530382,0.085236885,0.12954867
4,5,BB,SO,0.14470136,0.062106445,0.119846225,0.0023941481,0.08974631,0.3402985,0.14087081,0.10003622
7,7,OUT,OUT,0.05660946,0.0040872353,0.027543563,0.03821963,0.03706706,0.10246254,0.021533376,0.7124772
0,7,SINGLE,OUT,0.090777785,0.054861177,0.002215255,0.015259815,0.078502074,0.20711213,0.0012105076,0.55006135
0,0,SINGLE,SINGLE,0.35106188,0.04889398,0.18179734,0.039589074,0.15695773,0.0932064,0.017463738,0.11102983
4,0,BB,SINGLE,0.4321931,0.015620447,0.0038987233,0.00067277445,0.21396686,0.10454973,0.0011797487,0.22791868
7,5,OUT,SO,0.1419447,0.06383241,0.001559676,0.17443837,0.060551897,0.30037278,0.009584498,0.24771564
7,0,OUT,SINGLE,0.29730392,0.07151046,0.010429484,0.011921265,0.21763192,0.08685975,0.02157647,0.2827668
7,7,OUT,OUT,0.21877368,0.00896957,0.00046934368,0.0023234119,0.013035522,0.092931226,0.0012573345,0.66223997
0,0,SINGLE,SINGLE,0.35915092,0.08042799,0.0034403547,0.0064870794,0.19369386,0.09937056,0.0044683754,0.2529609
7,4,OUT,BB,0.23582295,0.012776169,0.008063477,0.023512112,0.41641912,0.0652056,0.0010188904,0.23718165
4,4,BB,BB,0.20570493,0.019734807,0.006427479,0.017966446,0.35083184,0.10955216,0.10701486,0.18276753
7,0,OUT,SINGLE,0.36696592,0.0037001232,0.0046236683,0.008333324,0.01357524,0.28777587,0.06418037,0.25084567
7,5,OUT,SO,0.16906403,0.01404955,0.0009516288,0.0527571,0.2529248,0.36460847,7.953336e-05,0.14556493
0,7,SINGLE,OUT,0.17801794,0.011242316,0.00041383144,0.0025132017,0.066374004,0.07441819,0.00031276955,0.66670775
5,5,SO,SO,0.09009246,0.0055164006,0.003288919,0.17948633,0.065533705,0.4715061,0.002125296,0.1824508
7,7,OUT,OUT,0.17301181,0.046551056,0.010218164,0.003524058,0.06215796,0.17881878,0.009337001,0.51638126
5,5,SO,SO,0.088098004,0.03788438,0.011510196,0.007112482,0.026511973,0.5268651,0.0149831,0.28703475
5,5,SO,SO,0.17953296,0.012855149,0.04832141,0.0018683367,0.2207412,0.46206072,0.0053896946,0.06923061
7,7,OUT,OUT,0.12120818,0.22916456,0.024218427,0.033690285,0.047024317,0.06971676,0.035429824,0.43954772
7,5,OUT,SO,0.22540544,0.049401876,0.0017878114,0.012863767,0.17062446,0.36454174,0.022866234,0.15250863
0,7,SINGLE,OUT,0.23638098,0.04634969,0.0016867826,0.022614604,0.04284073,0.21869388,0.00075326907,0.43068
7,7,OUT,OUT,0.13919552,0.11803881,0.00055938016,0.09334803,0.09761756,0.21530372,0.006412493,0.32952452
4,5,BB,SO,0.23603372,0.16474715,0.0010249551,0.0055045527,0.05679005,0.30384234,0.0051269555,0.22693029
0,5,SINGLE,SO,0.143249,0.07923151,0.0009401833,0.041116465,0.20240706,0.3035783,0.0028489712,0.22662853
7,0,OUT,SINGLE,0.37640756,0.047971804,0.028614772,0.0186386,0.262508,0.060653303,0.00047783204,0.20472819
7,5,OUT,SO,0.13961013,0.023958473,0.005103532,0.0066106208,0.06571237,0.66580135,0.013602302,0.07960122
5,5,SO,SO,0.03199405,0.011003762,0.0007503123,0.0025870719,0.015562538,0.60883117,0.0036112117,0.3256599
7,0,OUT,SINGLE,0.45970184,0.1621002,0.005579026,0.005562822,0.023048868,0.19862926,0.020068914,0.125309
7,0,OUT,SINGLE,0.43485522,0.021911843,0.0027866426,0.004897847,0.025420003,0.18256468,0.010418455,0.31714532
0,7,SINGLE,OUT,0.1028985,0.13005422,0.016475722,0.0047908695,0.19862272,0.25264746,0.033132464,0.2613781
0,0,SINGLE,SINGLE,0.54845464,0.0047069015,0.0011202721,0.00032741632,0.046289433,0.10955502,0.00033983303,0.2892065
7,7,OUT,OUT,0.038334236,0.03409935,0.018855136,0.13770604,0.06919293,0.21296866,0.021449137,0.4673944
1,7,DOUBLE,OUT,0.041223392,0.019035434,0.0013327268,0.04299486,0.024863841,0.044383373,0.26660433,0.5595621
5,7,SO,OUT,0.16668302,0.2090705,0.0099135665,0.0112542035,0.21274091,0.11680312,0.013415105,0.26011962
0,7,SINGLE,OUT,0.18482241,0.23490314,0.0036337439,0.025826406,0.03279963,0.135846,0.00023246233,0.38193622
7,1,OUT,DOUBLE,0.05195602,0.36263826,0.0034928566,0.038887147,0.019408673,0.16677089,0.010141624,0.34670448
7,7,OUT,OUT,0.23267499,0.13891229,0.00043418328,0.034447126,0.17240287,0.13452862,0.034879427,0.25172052
0,4,SINGLE,BB,0.09066568,0.16885057,0.020678518,0.019401073,0.37367728,0.09033982,0.0010938868,0.23529325
7,5,OUT,SO,0.019062445,0.22887443,0.001396567,0.012731857,0.08594106,0.5587747,0.0058870246,0.08733185
0,5,SINGLE,SO,0.2458754,0.04622956,0.00048301433,0.0139666395,0.13493949,0.4008305,0.0031785748,0.15449671
7,1,OUT,DOUBLE,0.061216008,0.521966,0.0067864833,0.011041273,0.18372089,0.10644298,0.047057446,0.06176894
0,7,SINGLE,OUT,0.08489588,0.121836506,0.016358126,0.0032612982,0.054405008,0.22387035,0.14033106,0.3550418
7,7,OUT,OUT,0.043250855,0.09552889,0.016977299,0.022095231,0.13473795,0.11039604,0.0037515224,0.5732622
7,7,OUT,OUT,0.06435548,0.0025865997,0.007642238,0.0075256503,0.19881025,0.06953082,0.00013552657,0.6494134
0,1,SINGLE,DOUBLE,0.15136226,0.50766104,0.0010255547,0.03496608,0.09343232,0.07750154,0.038085382,0.09596588
7,7,OUT,OUT,0.14747328,0.184893,0.00063382724,0.19541077,0.100105286,0.075412795,0.012507155,0.2835639
0,0,SINGLE,SINGLE,0.51994,0.043390244,0.02331163,0.06212724,0.12829462,0.04294324,0.002071553,0.17792143
5,5,SO,SO,0.25496078,0.005987561,0.00025880526,0.016476633,0.044018015,0.4563471,0.018701907,0.2032492
7,5,OUT,SO,0.120927565,0.13562024,0.0040211766,0.011160046,0.06969012,0.3208852,0.116395004,0.22130063
7,0,OUT,SINGLE,0.53351957,0.013001859,0.0029978496,0.0076625952,0.055898905,0.15216538,0.033674918,0.20107895
7,5,OUT,SO,0.09437604,0.027930496,0.00031692308,0.0001230699,0.07264247,0.626675,0.0044488753,0.17348708
0,1,SINGLE,DOUBLE,0.022468757,0.8520462,0.000475145,0.00041420796,0.044085935,0.041655816,0.0024235237,0.036430355
2,5,TRIPLE,SO,0.04219757,0.009378554,0.003741504,0.20381285,0.025977131,0.47194812,0.0014529227,0.24149136
4,7,BB,OUT,0.117203884,0.102844365,0.19036679,0.0037423403,0.08866241,0.124435276,0.00023862685,0.37250638
7,7,OUT,OUT,0.057510316,0.021207435,0.02527508,0.064495645,0.15255,0.17031641,0.13126974,0.3773754
7,6,OUT,HBP,0.07396708,0.11892129,0.0031006625,0.02144822,0.039765332,0.1334339,0.4887352,0.12062838
5,5,SO,SO,0.07376143,0.012140539,0.00015804783,0.012402143,0.16488181,0.487602,0.0014143186,0.24763966
7,7,OUT,OUT,0.006689718,0.047221407,4.0333063e-05,0.0007149094,0.039630167,0.089742914,0.000897763,0.81506276
7,7,OUT,OUT,0.030301413,0.050814822,0.004157487,0.020508962,0.19538406,0.24926367,0.0038385435,0.44573092
7,3,OUT,HR,0.025378896,0.015997566,0.00034798615,0.76523024,0.04582548,0.09899274,8.6726985e-05,0.048140325
0,4,SINGLE,BB,0.02005978,0.12601984,9.358606e-05,0.021482686,0.66332024,0.073446035,0.000111075155,0.09546679
5,7,SO,OUT,0.076235875,0.018429996,0.0006396698,0.0017717266,0.01792282,0.3700713,0.02486882,0.49005982
7,3,OUT,HR,0.23797868,0.004007568,0.0010118891,0.3771043,0.040376674,0.026459252,0.027841443,0.28522012
7,7,OUT,OUT,0.3500322,0.14512718,0.0023946755,0.005901146,0.02673017,0.095900275,0.009772083,0.3641422
0,6,SINGLE,HBP,0.11434463,0.047535446,0.0045013777,0.04969955,0.100865565,0.17280947,0.37769943,0.13254455
4,4,BB,BB,0.2687749,0.066424266,0.00031605223,0.028279454,0.5322618,0.023047326,0.03293076,0.047965422
1,3,DOUBLE,HR,0.0534591,0.14846274,0.0012704616,0.63391584,0.055896346,0.05053309,0.000831113,0.055631336
7,0,OUT,SINGLE,0.35847336,0.052535925,0.0046698437,0.00086311286,0.09953902,0.35579318,0.005820079,0.12230539
7,4,OUT,BB,0.18596177,0.040585104,0.06335233,0.0046283305,0.3373344,0.12915203,0.036492445,0.20249346
7,7,OUT,OUT,0.09508769,0.04918657,0.14021337,0.040740754,0.0747371,0.119093314,0.0040111705,0.47692993
0,3,SINGLE,HR,0.02266349,0.014385853,0.00056810747,0.83064944,0.020413648,0.070478916,0.00018705158,0.040653624
4,0,BB,SINGLE,0.41438764,0.2646525,0.0033755659,0.0031080241,0.07595142,0.10489947,0.027080156,0.10654521
7,4,OUT,BB,0.18321267,0.006717823,0.0036116142,0.011738661,0.4865366,0.08088352,0.022811217,0.20448792
7,4,OUT,BB,0.10116957,0.021095017,0.00045466365,0.04254031,0.33230343,0.24790803,0.1290621,0.12546691
7,7,OUT,OUT,0.3935143,0.010053273,0.0020013293,0.001276476,0.070124425,0.054600973,0.0007578957,0.46767136
5,7,SO,OUT,0.017510759,0.005767658,0.0011367919,0.006623918,0.045154177,0.1433471,0.009802437,0.7706572
7,4,OUT,BB,0.16490372,0.19215141,0.004969774,0.0039020572,0.30755848,0.12060793,0.034050185,0.17185642
4,3,BB,HR,0.06956286,0.022099737,0.0021452773,0.6278553,0.082449816,0.14020129,0.0017852334,0.053900465
7,5,OUT,SO,0.05232047,0.0030174789,0.0010083469,0.003289915,0.07725948,0.66241646,0.0011820607,0.19950582
0,7,SINGLE,OUT,0.14879645,0.101624966,0.0002611437,0.0037860689,0.025494415,0.35059363,0.0019245642,0.36751875
5,5,SO,SO,0.1003557,0.03253912,0.0012969378,0.0049210796,0.016887637,0.43001372,0.006983923,0.40700185
7,5,OUT,SO,0.10690936,0.03140251,0.005596352,0.03772784,0.030270964,0.5439151,0.004069472,0.24010837
0,7,SINGLE,OUT,0.23288676,0.0025825864,0.00019697775,0.0003179604,0.108578674,0.20133431,0.007517981,0.4465847
7,7,OUT,OUT,0.23639733,0.013265873,0.0016127927,0.0017498854,0.004072719,0.36425456,0.0010374197,0.3776094
7,5,OUT,SO,0.07749377,0.0038060579,5.377556e-05,0.1376955,0.22607543,0.40664384,0.002341134,0.1458905
7,7,OUT,OUT,0.10013875,0.033405934,0.004200648,0.1262112,0.056087352,0.1844345,0.023061663,0.47245985
7,5,OUT,SO,0.10195519,0.21603888,0.002524944,0.017054344,0.048867166,0.383896,0.0038204684,0.2258431
7,5,OUT,SO,0.025219936,0.0005141683,6.50937e-05,6.9810245e-05,0.0009058567,0.73986423,1.9637906e-05,0.23334129
0,7,SINGLE,OUT,0.052403167,0.008202388,0.004499752,0.32884476,0.005716833,0.19699809,0.054371815,0.34896314
7,0,OUT,SINGLE,0.34049636,0.017043201,0.0028794552,0.020964086,0.06683899,0.2956193,0.016767267,0.23939131
7,5,OUT,SO,0.072749525,0.00844715,0.00071688695,0.27269095,0.031202475,0.3240269,0.0026398175,0.28752622
4,7,BB,OUT,0.16461906,0.20502163,0.00028408566,0.0017257613,0.04803447,0.13696463,7.198288e-05,0.44327837
7,7,OUT,OUT,0.06532097,0.0061790254,0.0007439532,0.0021161789,0.039668955,0.26608893,0.010641806,0.6092402
0,5,SINGLE,SO,0.008252438,0.008287989,0.0002730258,0.0011093813,0.009423371,0.8495318,0.004625833,0.118496135
7,7,OUT,OUT,0.03435186,0.24937855,0.0019069756,0.04142238,0.004039365,0.067374855,0.013808289,0.5877177
4,1,BB,DOUBLE,0.17215367,0.27081707,0.0021804874,0.0065839337,0.12893568,0.17337173,0.009964809,0.23599268
7,1,OUT,DOUBLE,0.20625833,0.41418618,0.0012406935,0.011084064,0.08864487,0.15129036,0.01996683,0.107328765
4,1,BB,DOUBLE,0.22638404,0.41406107,0.0013115514,0.011380024,0.15251587,0.08090192,0.04352135,0.06992416
7,7,OUT,OUT,0.13504305,0.027693968,0.000115909155,0.0065072128,0.00888876,0.1704959,0.0018908852,0.6493643
0,7,SINGLE,OUT,0.015355292,0.03139042,0.00060199946,0.018897392,0.069638506,0.34331384,0.002302906,0.5184997
7,7,OUT,OUT,0.09979508,0.052151803,0.0092936475,0.0031046183,0.049092118,0.19191487,0.03315572,0.5614922
0,0,SINGLE,SINGLE,0.34663528,0.007822611,0.011185226,0.12833065,0.16629545,0.18006565,0.0015798985,0.1580852
7,7,OUT,OUT,0.18264633,0.029276395,0.0026366408,0.055245284,0.16710344,0.04789557,0.030804632,0.4843918
7,5,OUT,SO,0.021876138,0.034196105,0.00020501339,0.0076079774,0.005522736,0.7582358,0.00789472,0.16446142
0,5,SINGLE,SO,0.02313424,0.008713569,0.008180751,0.055778645,0.027597709,0.5612137,0.008319411,0.30706206
5,7,SO,OUT,0.17001228,0.15432172,0.0023108914,0.059584383,0.056040928,0.11714463,0.02856539,0.41201988
4,1,BB,DOUBLE,0.20388684,0.47123432,0.0004974704,0.0034623852,0.099971496,0.125438,0.0019777694,0.09353169
7,5,OUT,SO,0.012994777,0.021290062,0.0007191282,0.008743155,0.038131323,0.9024952,8.2446124e-05,0.015543994
5,5,SO,SO,0.05109515,0.011393667,0.0007142828,0.020889338,0.017264688,0.62239957,0.00023119201,0.2760121
7,7,OUT,OUT,0.120632425,0.051233537,0.034741946,0.00042954696,0.016364938,0.026323747,0.0013234467,0.74895036
7,5,OUT,SO,0.08659511,0.00038470555,0.00022778413,0.21484755,0.054407395,0.48341623,0.0075361137,0.15258513
7,7,OUT,OUT,0.15959871,0.0071107214,1.688025e-05,0.19495891,0.006731157,0.30646312,0.004572041,0.3205485
0,3,SINGLE,HR,0.06736001,0.2841702,0.0010116268,0.49459743,0.015325267,0.05980989,0.0017645877,0.075960994
0,0,SINGLE,SINGLE,0.25985777,0.06526279,0.0002882058,0.17202146,0.22079621,0.19398986,0.0015632737,0.08622045
5,5,SO,SO,0.056231156,0.028702416,0.0020094828,0.083533145,0.09593189,0.5275594,0.05117818,0.15485431
1,7,DOUBLE,OUT,0.015093624,0.3041243,0.004557557,0.061877828,0.23733588,0.034202743,0.003267845,0.33954024
6,7,HBP,OUT,0.055243123,0.17824104,0.021726444,0.08984236,0.17628035,0.03830995,0.0036313778,0.43672538
3,4,HR,BB,0.15648183,0.019081185,0.0010944975,0.013588868,0.39873502,0.18622382,0.006273111,0.21852168
5,4,SO,BB,0.055549666,0.06644086,0.0005113245,0.26299378,0.4743209,0.06482388,0.0022516071,0.07310788
1,5,DOUBLE,SO,0.079385154,0.059168,0.054953042,0.0033236768,0.08529144,0.37491223,0.0004793844,0.34248707
5,5,SO,SO,0.17619495,0.23581065,0.003924955,0.058075514,0.08002547,0.30233768,0.0013187153,0.14231205
7,3,OUT,HR,0.38453695,0.0049896445,0.00183186,0.45161483,0.017623909,0.046052653,0.0015526924,0.09179753
7,7,OUT,OUT,0.116945535,0.17232594,0.00095926947,0.0027004322,0.024265446,0.08914962,0.017441895,0.576212
5,5,SO,SO,0.0073607434,0.0001906473,4.2423337e-05,0.00045768663,0.00055605004,0.78858846,0.00072748767,0.20207645
7,0,OUT,SINGLE,0.35469297,0.0041321525,0.00050761335,0.016710227,0.01398803,0.3257883,0.0010065526,0.28317416
7,3,OUT,HR,0.22220582,0.010712782,0.0008938738,0.33799464,0.045001354,0.2530644,0.024635086,0.10549197
5,5,SO,SO,0.005460887,0.00070737134,0.0012223586,0.028285086,0.00035794044,0.827612,0.0018746236,0.13447978
7,7,OUT,OUT,0.016321922,0.16478112,0.0012493767,0.0012361831,0.22856484,0.0851736,0.0007944124,0.5018785
7,0,OUT,SINGLE,0.33512443,0.13123961,0.00070716173,0.23342825,0.045746278,0.044456925,0.0017860777,0.20751132
7,3,OUT,HR,0.060998276,0.03390255,0.00020559337,0.38498265,0.036105603,0.31326133,0.0012293359,0.16931473
7,5,OUT,SO,0.028898152,0.047673192,0.0005228768,0.05601934,0.030147348,0.7577875,0.006892989,0.072058596
7,1,OUT,DOUBLE,0.08445128,0.2444185,0.0019664504,0.08587835,0.11795051,0.099065,0.12788561,0.23838425
7,7,OUT,OUT,0.046644635,0.01157154,0.0003847409,0.08470831,0.034534212,0.13399866,0.034631226,0.6535268
1,7,DOUBLE,OUT,0.09055477,0.0023338655,2.6842137e-05,0.006759317,0.009920641,0.19378342,0.005047035,0.6915741
7,4,OUT,BB,0.06256074,0.007091541,0.00016785828,0.003390014,0.6730125,0.08608547,0.00021821288,0.16747373
0,7,SINGLE,OUT,0.21313086,0.005147002,0.011219369,0.16845226,0.10078692,0.19231251,0.011196098,0.297755
7,5,OUT,SO,0.038043905,0.011717097,0.0005208951,0.0829064,0.11046919,0.49395952,0.03573303,0.22665001
0,7,SINGLE,OUT,0.054001108,0.025907349,0.0023063347,0.0038212263,0.0077527906,0.15101598,0.014866113,0.7403291
0,7,SINGLE,OUT,0.23622422,0.1128442,0.000507688,0.059546024,0.025110759,0.022719767,0.00236135,0.540686
7,1,OUT,DOUBLE,0.16462506,0.5023279,0.00065520994,0.029807279,0.058267094,0.09660068,0.008967499,0.13874921
5,5,SO,SO,0.114874244,0.1564729,0.0025458876,0.0074695935,0.12556086,0.442134,0.0019374457,0.14900517
7,7,OUT,OUT,0.18557464,0.03141106,0.024714146,0.0061092833,0.13312079,0.12985434,0.0004969198,0.48871893
7,1,OUT,DOUBLE,0.23621432,0.27268437,0.020263636,0.013574181,0.10694715,0.1089611,0.00014453767,0.24121062
0,0,SINGLE,SINGLE,0.35906208,0.14270388,0.009431298,0.012418442,0.044655878,0.26542667,0.04150731,0.1247945
7,0,OUT,SINGLE,0.25338078,0.10388495,0.00065177714,0.07059291,0.14232092,0.20360795,0.0070220158,0.21853878
7,0,OUT,SINGLE,0.30551922,0.02186132,0.0053941207,0.15939333,0.035619758,0.22555962,0.0052631567,0.2413895
7,0,OUT,SINGLE,0.3641511,0.16809364,0.0013087634,0.11982057,0.019816004,0.041458365,0.024292719,0.2610587
7,1,OUT,DOUBLE,0.059866652,0.77286136,4.8252423e-05,0.005502996,0.0057047387,0.025538549,0.00044499277,0.13003246
5,5,SO,SO,0.035300836,0.012909061,0.00061715953,0.28784388,0.04248527,0.29915312,0.024669468,0.29702127
7,7,OUT,OUT,0.03500127,0.11210326,0.002158363,0.021231707,0.045274206,0.3132961,0.018041711,0.45289344
7,7,OUT,OUT,0.0004304855,0.031139852,1.8048938e-15,1.3017838e-10,0.0045020645,0.22929852,1.3506843e-08,0.73462903
5,5,SO,SO,0.3277985,0.0016376916,0.00044471055,0.0058708237,0.054452848,0.55967754,0.0010643027,0.04905363
5,0,SO,SINGLE,0.44172096,0.0048903725,0.00027503216,0.022027025,0.07457188,0.31683695,0.070779525,0.068898305
5,0,SO,SINGLE,0.45873734,0.053244084,0.070699275,0.0058325077,0.04724817,0.16925646,0.00017938577,0.19480284
7,7,OUT,OUT,0.19390714,0.03854492,0.03553879,0.10344769,0.06858098,0.23679292,0.064802185,0.2583854
5,0,SO,SINGLE,0.3933615,0.023771748,0.005435724,0.077660955,0.12821706,0.21411444,0.005572116,0.15186636
5,0,SO,SINGLE,0.36614946,0.091548584,0.002046371,0.017219376,0.1782327,0.12625535,0.014058743,0.20448945
7,7,OUT,OUT,0.061973415,0.003503163,0.0015664283,0.0010779332,0.06042439,0.17584367,0.0019558556,0.69365513
1,7,DOUBLE,OUT,0.093638755,0.03574801,0.0003634366,0.014634768,0.09230983,0.1917568,0.00032845302,0.57122
0,0,SINGLE,SINGLE,0.2050499,0.19936742,0.012865643,0.08321624,0.12142176,0.1990811,0.0072810384,0.17171685
0,5,SINGLE,SO,0.16357444,0.046690516,0.0013990393,0.013794444,0.07009869,0.58289003,0.03179932,0.08975347
7,5,OUT,SO,0.15233643,0.026453078,0.038806964,0.17623791,0.043490946,0.4127237,0.04904143,0.100909665
0,7,SINGLE,OUT,0.20954669,0.12692815,0.00013854186,0.014268659,0.27023178,0.09383404,0.0015038053,0.2835483
5,3,SO,HR,0.005557775,0.00270092,0.0003974281,0.8900224,0.034730066,0.052313607,0.00026030227,0.014017563
5,5,SO,SO,0.21292998,0.15085441,0.0021653061,0.002345676,0.031159297,0.3975891,0.004286967,0.19866928
7,7,OUT,OUT,0.24657956,0.021665806,0.053987738,0.005416875,0.068167984,0.19454256,0.017526707,0.39211285
5,0,SO,SINGLE,0.67602783,0.003958993,0.0013375238,0.012825481,0.013610176,0.03471568,0.1556473,0.10187697
5,7,SO,OUT,0.240338,0.0067887357,0.0025730669,0.0022405765,0.14010619,0.048385248,0.0026988331,0.5568693
5,7,SO,OUT,0.065119326,0.24513298,0.0036921857,0.09127454,0.07736039,0.11988244,0.0023084956,0.3952296
0,0,SINGLE,SINGLE,0.32590586,0.06686624,0.07060478,0.053377043,0.07890244,0.11920675,0.00060377625,0.28453323
0,4,SINGLE,BB,0.1198118,0.1539388,0.0027381426,0.2647959,0.28479457,0.07723927,0.008289807,0.08839174
3,7,HR,OUT,0.13513939,0.3054301,0.0016285728,0.0019297039,0.12641412,0.05146397,0.008221677,0.36977246
7,3,OUT,HR,0.057528574,0.0026850766,0.0011101278,0.40612486,0.016756117,0.14244911,0.121848814,0.25149727
5,7,SO,OUT,0.17280176,0.009344365,0.00022982006,0.055300187,0.02875883,0.12473521,0.001785906,0.6070439
0,4,SINGLE,BB,0.30900857,0.062769175,0.0004108326,0.041556522,0.34845158,0.106479995,0.0058560707,0.12546733
7,1,OUT,DOUBLE,0.033295467,0.7077689,0.0015855682,0.08252404,0.0691141,0.031204397,0.00044204856,0.074065566
7,7,OUT,OUT,0.08695266,0.1422965,0.08730874,0.009862793,0.055723764,0.12533832,0.16201381,0.33050343
7,2,OUT,TRIPLE,0.123533435,0.044848237,0.251952,0.0024203795,0.15250249,0.1730817,0.003202967,0.24845874
5,0,SO,SINGLE,0.43183982,0.012508063,0.022834081,0.0031099138,0.0726035,0.36773333,0.0012762026,0.088095084
0,7,SINGLE,OUT,0.09737021,0.18995082,0.010317498,0.005805111,0.12753262,0.16192348,0.0005736267,0.4065265
7,5,OUT,SO,0.021706248,0.00059375115,2.8138831e-05,0.00016905082,0.0006324285,0.93080837,0.00023180268,0.04583027
0,5,SINGLE,SO,0.16351959,0.0029673046,0.0069771474,0.00077449327,0.01132728,0.5990194,0.036882963,0.17853181
7,5,OUT,SO,0.16996175,0.069125235,0.00031679566,0.0018638978,0.09125879,0.53812885,0.026248062,0.10309669
5,5,SO,SO,0.040597033,0.009236322,0.00040206301,0.03938643,0.016808907,0.62789863,0.0016005605,0.2640701
5,5,SO,SO,0.08569485,0.0031325326,0.0016257023,0.0016163348,0.008132013,0.5765982,0.0030254442,0.3201749
5,7,SO,OUT,0.26311785,0.020471679,0.0067773103,0.025905037,0.04039716,0.12661572,0.013793039,0.50292224
7,4,OUT,BB,0.13008665,0.015175039,0.0031868282,0.0012874525,0.347133,0.17586662,0.004758031,0.3225064
7,4,OUT,BB,0.033241343,0.0073293075,0.0013603469,0.004678294,0.47877187,0.42606634,0.009349036,0.03920337
7,5,OUT,SO,0.09890653,0.15151323,0.0056453897,0.02128196,0.13275702,0.4631765,0.0054480336,0.12127122
0,7,SINGLE,OUT,0.19265309,0.095691964,0.0020416556,0.057397604,0.08431815,0.17513683,0.008756623,0.38400412
7,0,OUT,SINGLE,0.46404713,0.019016355,0.0008377786,0.000698042,0.05838426,0.25946823,0.07048318,0.12706485
5,4,SO,BB,0.045565937,0.037029453,0.00043164458,0.0038881518,0.557311,0.1296196,0.14587326,0.080280915
7,7,OUT,OUT,0.13392201,0.037567165,0.002858899,0.00408059,0.2540312,0.09812515,0.0012287942,0.46818608
7,7,OUT,OUT,0.059794653,0.0005627284,0.00053528167,0.0008589954,0.007341571,0.456952,0.00026945086,0.47368526
0,0,SINGLE,SINGLE,0.7206448,0.0093909865,3.216523e-05,0.00013709489,0.0031151557,0.18236625,0.0003456717,0.083967835
7,0,OUT,SINGLE,0.44297972,0.013779721,0.066772945,0.002724012,0.007801407,0.18376546,0.0036520653,0.27852458
0,5,SINGLE,SO,0.2676946,0.17282705,0.0011448783,0.002421083,0.030316155,0.42437997,0.0064661545,0.09475003
7,5,OUT,SO,0.09527349,0.06841815,0.0005521466,0.013103742,0.021473767,0.44056478,0.0022108834,0.3584031
7,0,OUT,SINGLE,0.6268474,0.04207144,0.00059389503,0.007854876,0.066502966,0.12715493,0.0082176225,0.1207568
5,5,SO,SO,0.0010294875,1.194035e-05,0.000113653296,8.4154235e-06,0.0003038812,0.7656287,5.4851776e-06,0.23289843
7,5,OUT,SO,0.18730454,0.10437308,0.002684427,0.0014679324,0.0416836,0.41066545,0.0018448214,0.24997607
7,7,OUT,OUT,0.1965199,0.019788712,0.08750454,0.0008268499,0.3138335,0.05930059,0.0021321322,0.32009372
5,5,SO,SO,0.1617363,0.05635397,0.021156888,0.018155983,0.24772587,0.3095433,0.07253035,0.11279733
7,5,OUT,SO,0.041622713,0.18256609,0.00022852927,0.01641839,0.12345232,0.59938663,0.0008560911,0.035469227
7,0,OUT,SINGLE,0.26560378,0.0048742946,0.00028787632,0.07716813,0.13092002,0.15842403,0.24785945,0.114862375
0,7,SINGLE,OUT,0.32089642,0.034626827,0.0010815915,0.002484473,0.032710116,0.23179175,0.008271698,0.36813712
7,5,OUT,SO,0.018658537,0.0027553546,0.0002820087,0.00069923775,0.029583164,0.628374,0.00011617072,0.31953153
0,7,SINGLE,OUT,0.085011214,0.12876515,0.00090149255,0.0038950606,0.061056577,0.08502759,0.005427335,0.62991554
7,7,OUT,OUT,0.17303067,0.009040189,0.0004983243,0.0015388324,0.011070152,0.2549619,0.0006162851,0.5492436
7,5,OUT,SO,0.13346829,0.068792455,0.0015064,0.0031435094,0.13587637,0.3465751,0.095389426,0.2152485
7,5,OUT,SO,0.28275928,0.07514054,0.01486737,0.0011620908,0.028716937,0.4677435,0.06663434,0.06297594
5,1,SO,DOUBLE,0.08612378,0.2563748,0.06727969,0.004246093,0.17944586,0.17457466,0.018661903,0.21329315
7,7,OUT,OUT,0.13194512,0.012099712,0.00019373055,0.034221277,0.024394276,0.071023814,0.0018343265,0.72428775
0,7,SINGLE,OUT,0.23265466,0.011224834,0.0002465879,0.0085018715,0.1020458,0.31636816,0.00029921343,0.32865882
7,7,OUT,OUT,0.26335758,0.029706977,0.048563343,0.0035616378,0.03444688,0.12880436,0.004617487,0.4869417
7,7,OUT,OUT,0.41695952,0.008664053,0.0006550881,0.0021469395,0.018413115,0.044823617,0.008023496,0.5003142
0,7,SINGLE,OUT,0.03653497,0.00059106544,4.4509357e-05,0.0007041785,0.0010547297,0.16080447,0.0008621438,0.79940397
0,7,SINGLE,OUT,0.05488155,0.011676937,0.005611639,0.00033726505,0.11255252,0.08493101,0.0018373263,0.7281717
5,1,SO,DOUBLE,0.078721195,0.5771561,0.0010907655,0.0019216413,0.16503029,0.12387811,0.001040207,0.051161546
7,3,OUT,HR,0.021425655,0.007767922,0.0005746634,0.88203174,0.011537833,0.0664138,0.00062120677,0.00962723
1,5,DOUBLE,SO,0.29491612,0.04673753,0.0013187254,0.03321087,0.07087205,0.39232802,0.006888648,0.15372801
7,0,OUT,SINGLE,0.5171948,0.036311537,0.0006065751,0.0011599791,0.083567105,0.23104897,0.025578057,0.104532965
5,5,SO,SO,0.07911716,0.01842033,0.00052717444,0.10036598,0.040511835,0.55333203,0.003059204,0.2046662
5,5,SO,SO,0.042783353,0.0020322602,0.00038755932,0.0019743661,0.032505628,0.7162806,0.003938946,0.20009732
5,7,SO,OUT,0.05860438,0.097513996,0.00030112691,0.032411553,0.05264361,0.20173979,0.15143493,0.40535071
0,5,SINGLE,SO,0.13750339,0.062230818,0.00044639217,0.00014890578,0.04285177,0.51318437,0.004603521,0.23903078
7,5,OUT,SO,0.12971614,0.0014217679,0.0036727441,0.0026535739,0.0039698523,0.47660497,0.0031298215,0.37883115
7,5,OUT,SO,0.23125887,0.16623262,0.0018530305,0.1759761,0.07015905,0.23718123,0.028699491,0.08863961
0,7,SINGLE,OUT,0.045024157,0.027304871,0.00012353907,0.011167411,0.028328912,0.33990735,0.0138851395,0.53425866
7,0,OUT,SINGLE,0.3190868,0.06565123,0.00074427616,0.007840248,0.15663254,0.15621781,0.045311898,0.24851517
5,5,SO,SO,0.1547639,0.021450665,0.0017254201,0.0037019942,0.12167511,0.36382902,0.044601586,0.28825223
7,4,OUT,BB,0.23081315,0.036705825,0.0003346506,0.0053085983,0.58531857,0.05865413,0.010037135,0.072828025
7,7,OUT,OUT,0.3277758,0.026817558,0.0020483995,0.00032206016,0.09198203,0.02055378,0.00028637165,0.530214
7,5,OUT,SO,0.12836663,0.12658544,0.0078782635,0.022951474,0.2491159,0.31296086,0.014964105,0.13717735
0,5,SINGLE,SO,0.083841875,0.28735632,0.0025696538,0.02981813,0.059179153,0.43890488,0.0010733098,0.09725662
0,5,SINGLE,SO,0.14232193,0.21397556,0.008173711,0.032103673,0.1932742,0.25767604,0.014249693,0.13822517
7,0,OUT,SINGLE,0.44452876,0.08247895,0.00084665854,0.001976407,0.024662554,0.33343464,0.07489196,0.03718013
7,7,OUT,OUT,0.078272104,0.04151488,0.0043563643,0.021440456,0.11749759,0.042444292,0.019816518,0.67465776
5,7,SO,OUT,0.07592906,0.0285227,0.000551537,0.006321233,0.005572726,0.19023702,0.0071019973,0.6857637
5,5,SO,SO,0.000108254964,1.2967158e-05,8.67564e-05,1.1950116e-06,4.946546e-05,0.89606786,5.382837e-07,0.10367304
0,7,SINGLE,OUT,0.08694896,0.03162629,0.0014043752,0.0012172193,0.094303906,0.01619447,0.071929745,0.6963751
0,7,SINGLE,OUT,0.100471035,0.083168395,0.013576004,0.012502693,0.15830989,0.27273917,0.003454274,0.3557785
4,7,BB,OUT,0.26424012,0.075286366,0.06201991,0.0068853986,0.041923776,0.1951344,0.011055742,0.3434543
7,7,OUT,OUT,0.077914156,0.030102514,0.0119029535,0.023801526,0.13077809,0.34736168,0.02135613,0.35678294
7,3,OUT,HR,0.028866235,0.030416513,0.002828422,0.63070166,0.010641339,0.234485,0.0010945881,0.060966294
0,0,SINGLE,SINGLE,0.41097504,0.056508843,0.010266774,0.044702515,0.2735302,0.055106714,0.01951624,0.12939367
7,7,OUT,OUT,0.26419243,0.05074564,0.035553645,0.025958087,0.076841496,0.05035225,0.14622137,0.35013515
5,7,SO,OUT,0.14312746,0.00894144,0.0006015323,0.004478292,0.014586958,0.19808024,0.008122774,0.6220613
7,7,OUT,OUT,0.07056124,0.031068288,0.00060762867,0.16941455,0.17545189,0.2279938,0.003925889,0.3209767
7,5,OUT,SO,0.11628087,0.14243923,0.0019114757,0.0037821133,0.14700185,0.31771988,0.10761095,0.1632536
7,5,OUT,SO,0.07846324,0.029945089,0.01241123,0.0046548555,0.054750893,0.36540422,0.32990167,0.12446881
7,5,OUT,SO,0.29838964,0.011137142,0.0008998002,0.011323182,0.13486871,0.37583807,0.027346672,0.14019682
7,7,OUT,OUT,0.010538168,0.018168448,0.00020323497,0.0062332284,0.027121989,0.4225422,0.009982786,0.5052099
4,5,BB,SO,0.022475414,0.004398143,0.011519697,0.0040295552,0.33284634,0.54194236,0.0008334099,0.08195503
7,4,OUT,BB,0.039862648,0.009108541,0.007523488,0.14621581,0.5736421,0.060880687,0.021760043,0.1410067
7,7,OUT,OUT,0.13386123,0.013642578,0.0019807636,0.0072230687,0.33561373,0.16933821,0.0008804493,0.3374599
0,7,SINGLE,OUT,0.1489403,0.103666544,0.010328833,0.009711396,0.039489016,0.27560657,0.03226384,0.3799935
7,5,OUT,SO,0.05153418,0.054159977,0.020085284,0.015539713,0.13766879,0.43610084,0.0072230203,0.2776882
7,1,OUT,DOUBLE,0.23648514,0.32997513,0.06502122,0.012708627,0.05041189,0.03897682,0.07112184,0.19529936
7,7,OUT,OUT,0.18573701,0.13354924,0.004436085,0.011109776,0.104445346,0.14128695,0.113201626,0.30623397
5,5,SO,SO,0.026658313,0.0005983681,0.00043646756,0.10472822,0.014289863,0.7350473,0.00013152059,0.11810998
7,7,OUT,OUT,0.21550934,0.010910798,0.0042734854,0.002068226,0.0173968,0.16528358,0.0015703054,0.58298737
7,0,OUT,SINGLE,0.41304284,0.037032507,0.00085352035,0.059823096,0.059947502,0.30439302,0.0011130475,0.1237945
5,5,SO,SO,0.008851532,0.003448776,5.9800084e-05,0.006894576,0.007326206,0.61580545,0.1259566,0.23165704
7,5,OUT,SO,0.07334975,0.02245832,0.0020182522,0.0013642027,0.028002024,0.6621571,0.0056750188,0.20497535
7,7,OUT,OUT,0.08171294,0.019458463,0.0064428695,0.014593533,0.084880546,0.26684007,0.047329765,0.47874182
7,7,OUT,OUT,0.1896372,0.027563112,0.0036832367,0.008451202,0.0036486725,0.09801566,0.01101332,0.65798765
7,7,OUT,OUT,0.026662506,0.00788587,0.0004283465,0.00645409,0.068569,0.1454783,0.0011425843,0.7433793
7,7,OUT,OUT,0.19348383,0.11210802,0.009512402,0.1873064,0.09679748,0.09662299,0.006739785,0.2974292
7,0,OUT,SINGLE,0.6510479,0.0071022687,0.0020647808,0.006853822,0.10971181,0.104767576,0.035707258,0.082744695
7,1,OUT,DOUBLE,0.19957235,0.23706241,0.0024126843,0.081515625,0.03605554,0.20609795,0.019658603,0.21762487
7,0,OUT,SINGLE,0.4146145,0.010542556,0.012275826,0.027517078,0.23820454,0.16609307,0.0012791643,0.12947334
7,7,OUT,OUT,0.18101935,0.031114468,0.00084554945,0.0037502286,0.0043291613,0.13052073,0.001235837,0.6471847
0,5,SINGLE,SO,0.09158059,0.005166776,0.00044770679,0.029407917,0.20730351,0.5579115,0.0006056851,0.10757629
0,5,SINGLE,SO,0.23437247,0.008146236,0.00087957026,0.0011283872,0.02065583,0.36980245,0.00025937328,0.36475575
0,0,SINGLE,SINGLE,0.39796057,0.02146912,0.0031605493,0.0084478995,0.10606502,0.08785695,0.007265431,0.36777443
7,1,OUT,DOUBLE,0.028424991,0.6699359,0.00044557877,0.0065968563,0.016787346,0.13448939,0.00053179485,0.14278817
7,7,OUT,OUT,0.07224054,0.13780868,0.00055603054,0.08513745,0.015453244,0.26653096,0.0101234075,0.4121498
5,7,SO,OUT,0.01509479,0.013945914,0.00012212923,0.00640372,0.20121253,0.19014165,0.0021528113,0.5709264
5,0,SO,SINGLE,0.64246726,0.0027987903,0.0004784413,0.04013043,0.045835864,0.09536885,0.001876833,0.17104347
5,0,SO,SINGLE,0.4060459,0.11359664,0.002616262,0.26471478,0.064148925,0.060916245,0.005476961,0.082484275
4,4,BB,BB,0.08188154,0.035071462,0.0001251652,0.0017781369,0.657695,0.17613323,0.0046035694,0.04271195
7,7,OUT,OUT,0.23042832,0.074607514,0.00095758884,0.00090205815,0.0009766116,0.05980432,0.00054383534,0.63177973
7,7,OUT,OUT,0.06306405,0.21717782,0.00042298366,0.031160954,0.03219861,0.31313628,0.0020827006,0.34075665
7,4,OUT,BB,0.105407014,0.023730012,0.0003366033,0.0004245936,0.3788377,0.24662991,0.00076228706,0.24387193
2,5,TRIPLE,SO,0.0071081384,0.003404822,6.6064145e-05,0.0011407249,0.00073618465,0.9217645,0.0035306597,0.062249016
7,0,OUT,SINGLE,0.47394836,0.014670772,0.0003010874,4.4668774e-05,0.22338086,0.16615576,0.00013036146,0.12136818
0,5,SINGLE,SO,0.07665923,0.05848897,0.008590605,0.15306093,0.080404714,0.41035342,0.011179311,0.20126282
0,7,SINGLE,OUT,0.06472345,0.036759518,0.0084523475,0.0027582434,0.010824907,0.22341709,0.004728125,0.6483363
0,7,SINGLE,OUT,0.29584768,0.0037329877,0.00035517532,0.023281896,0.0025027534,0.1596488,0.002714351,0.51191634
0,7,SINGLE,OUT,0.11687202,0.02031691,0.035037674,0.001905623,0.06379564,0.25450897,2.0016794e-06,0.5075612
1,0,DOUBLE,SINGLE,0.27845412,0.23097931,0.01939474,0.0009819113,0.006763432,0.090923436,0.16439353,0.20810945
0,7,SINGLE,OUT,0.098184675,0.033559784,0.00049326825,0.0012816534,0.1311649,0.06446524,0.00942129,0.6614292
7,7,OUT,OUT,0.23735096,0.01969735,0.009168857,0.13859577,0.16526845,0.127624,0.031528607,0.270766
1,5,DOUBLE,SO,0.047931142,0.040932097,0.019982655,0.030337589,0.028519405,0.40921372,0.016922927,0.40616047
6,7,HBP,OUT,0.076341815,0.21108812,0.0008260919,0.0027507157,0.034965713,0.14178121,0.008816005,0.52343035
7,0,OUT,SINGLE,0.25969124,0.17283645,0.007308305,0.031835474,0.056551717,0.24192826,0.051166944,0.17868158
6,0,HBP,SINGLE,0.27779526,0.13823543,0.009161855,0.08280429,0.12097842,0.14569208,0.107757606,0.11757513
4,0,BB,SINGLE,0.60473055,0.10000675,0.00017368028,0.02139312,0.108837016,0.09617002,0.030081507,0.0386074
5,1,SO,DOUBLE,0.09714145,0.30038604,0.0030320198,0.013564249,0.16787103,0.15857819,0.0038723708,0.25555462
7,0,OUT,SINGLE,0.34808448,0.03341964,0.009042916,0.16967693,0.20306605,0.09593769,0.002239503,0.1385329
1,0,DOUBLE,SINGLE,0.5021099,0.007969144,0.037691545,0.0067589693,0.02376003,0.088545546,0.00079753826,0.33236745
3,7,HR,OUT,0.21671513,0.12197618,0.042407267,0.00031031662,0.08463117,0.17191361,0.0030982532,0.3589481
5,5,SO,SO,0.070964076,0.011193874,0.013970243,0.0029422008,0.18105768,0.38400498,0.00075287157,0.33511403
7,0,OUT,SINGLE,0.5480476,0.019643353,8.452694e-05,0.006748713,0.17998423,0.06654955,0.0014782847,0.1774637
4,4,BB,BB,0.14314574,0.08227953,0.03969933,0.0005674969,0.5703248,0.06227943,0.011413481,0.090290226
7,7,OUT,OUT,0.32434344,0.010704705,0.0062565133,0.0065475283,0.046751324,0.109763116,0.002932724,0.4927006
7,7,OUT,OUT,0.20839188,0.068646215,0.0012487439,0.005966547,0.1296337,0.14411865,0.00018169126,0.44181263
5,0,SO,SINGLE,0.43213287,0.2972108,0.0035760622,0.0038061398,0.072457515,0.03671237,0.0024715397,0.15163267
4,4,BB,BB,0.09336356,0.04490888,0.0058825086,0.16213064,0.25160474,0.22908607,0.011650564,0.20137301
7,7,OUT,OUT,0.1714816,0.1602835,0.005838484,0.13564222,0.15792252,0.10464569,0.012345342,0.25184065
7,1,OUT,DOUBLE,0.25613588,0.26608923,0.0063137873,0.0077500413,0.09022098,0.15037549,0.0047322954,0.21838227
7,7,OUT,OUT,0.0364364,0.011758805,0.0002290237,0.00094062206,0.20247832,0.256957,2.1294945e-05,0.49117845
7,7,OUT,OUT,0.28746277,0.015950864,0.00023117845,0.00021313166,0.011833011,0.020666393,0.00028307483,0.6633596
4,0,BB,SINGLE,0.4768847,0.067523085,0.007374359,0.00076251494,0.20105004,0.12328796,0.0064590303,0.11665837
7,5,OUT,SO,0.0756429,0.2102126,0.01144176,0.007039078,0.09068071,0.40553114,0.0034278287,0.196024
7,7,OUT,OUT,0.40333214,0.012659731,0.0011930972,0.00038716357,0.014727952,0.056687724,0.012284658,0.49872747
4,0,BB,SINGLE,0.4067073,0.058934346,0.023476817,0.00081608695,0.028715547,0.33769962,0.0014073226,0.1422431
7,0,OUT,SINGLE,0.4972992,0.024471994,0.21529883,0.004827091,0.08202507,0.09902249,0.00023684157,0.0768185
7,0,OUT,SINGLE,0.3337821,0.15506782,0.016656276,0.016048072,0.10571612,0.15691048,0.007435652,0.20838347
4,5,BB,SO,0.1992585,0.06806921,0.0066564498,0.08967755,0.13758306,0.29667747,0.00987563,0.19220206
4,7,BB,OUT,0.18993212,0.13207936,0.0051628863,0.18107326,0.07763436,0.15604503,0.025756624,0.23231643
7,1,OUT,DOUBLE,0.16196933,0.5756421,0.02627639,0.012268056,0.02072563,0.09135849,0.0017717915,0.10998808
6,4,HBP,BB,0.08996941,0.007508363,0.00019446184,0.036763117,0.6879261,0.08562551,0.0022472166,0.08976578
7,7,OUT,OUT,0.19074824,0.013834133,0.0010549063,0.16283715,0.11849225,0.23611788,0.0039104484,0.27300504
1,0,DOUBLE,SINGLE,0.37033784,0.04067476,0.013290206,0.0035262036,0.05988151,0.3001593,0.013054973,0.1990751
0,5,SINGLE,SO,0.21997996,0.09892033,0.0022003322,0.0089036655,0.09132619,0.49162135,0.007699222,0.07934898
7,0,OUT,SINGLE,0.27273616,0.06522051,0.022524491,0.026943339,0.16753076,0.17444147,0.014410274,0.25619304
7,0,OUT,SINGLE,0.61558753,0.11780712,0.017207658,0.0025833878,0.033935618,0.15219063,0.008759452,0.051928535
7,0,OUT,SINGLE,0.4087818,0.07724831,0.0005848153,0.013717906,0.058827072,0.19784851,0.0037432234,0.2392483
7,5,OUT,SO,0.19829006,0.10284928,0.005419544,0.0025035087,0.03317356,0.49099907,0.00031254132,0.16645242
7,5,OUT,SO,0.3474457,0.036712717,0.0026734592,0.0041118823,0.083271585,0.4004027,0.00034811182,0.12503377
7,1,OUT,DOUBLE,0.059061196,0.47199258,0.0024956965,0.08964103,0.11194655,0.021433247,0.00011709478,0.2433126
5,0,SO,SINGLE,0.36594683,0.034038745,0.022092517,0.1938523,0.029216161,0.0893667,0.008959093,0.25652766
7,6,OUT,HBP,0.1988405,0.03583085,0.0005487097,0.0002759053,0.014570069,0.14445338,0.5155745,0.089906126
7,5,OUT,SO,0.13927123,0.1023764,0.038404334,0.03387825,0.11715632,0.34141916,0.025359852,0.20213442
7,1,OUT,DOUBLE,0.18128282,0.3605797,0.0029553196,0.034151286,0.10276573,0.1537449,0.0043552215,0.16016516
4,4,BB,BB,0.11654667,0.014670391,0.0006736477,0.12522154,0.39359403,0.052259326,0.088306956,0.20872745
5,7,SO,OUT,0.08168212,0.03472647,0.025804492,0.00327368,0.21853699,0.055449195,0.0024309927,0.57809603
0,7,SINGLE,OUT,0.22836956,0.11374608,0.00013509116,0.0043905075,0.1559029,0.053941317,0.031052142,0.4124624
7,7,OUT,OUT,0.022849467,0.0010967121,0.0047139907,0.00035391262,0.014701103,0.07374088,0.005398842,0.8771451
5,4,SO,BB,0.12354973,0.03552937,0.014386874,0.013601523,0.48343012,0.14412965,0.0034480726,0.18192464
7,0,OUT,SINGLE,0.50029296,0.025045387,0.0006495199,0.002605532,0.06653003,0.2936987,0.0019077593,0.10927005
0,7,SINGLE,OUT,0.26055276,0.025456743,0.013111524,0.013194897,0.08560036,0.04824856,0.0011138147,0.5527213
7,1,OUT,DOUBLE,0.03658885,0.79324436,0.0011574847,0.0003088216,0.0029438091,0.023697523,0.007617731,0.13444147
7,7,OUT,OUT,0.1186456,0.1729174,0.0024703294,0.00660483,0.23577558,0.13394263,0.0024432403,0.3272004
5,4,SO,BB,0.09855373,0.16003263,0.027874945,0.018497374,0.40014157,0.041332755,0.00015737099,0.25340962
5,5,SO,SO,0.2550569,0.0011995907,0.0018420425,0.0006552252,0.00847463,0.40040073,0.002228473,0.33014244
7,5,OUT,SO,0.09791522,0.0064860713,0.36524093,0.010162438,0.043846197,0.3746565,0.0009728039,0.10071971
5,5,SO,SO,0.10138154,0.0016988611,0.00011049035,0.00014724651,0.013877229,0.8029687,0.00044475155,0.07937126
5,5,SO,SO,0.27963153,0.12666321,0.0029654587,0.009402859,0.18637124,0.2997989,0.0005123068,0.09465455
7,5,OUT,SO,0.21203178,0.09180275,0.016331876,0.024816044,0.054503962,0.33569825,0.055568423,0.20924689
7,7,OUT,OUT,0.09081635,0.030761143,0.004480343,0.08336834,0.122550756,0.15721177,0.0040256097,0.50678575
7,4,OUT,BB,0.06520996,0.044235554,0.0017344583,0.0041459017,0.53455734,0.10814674,0.046556335,0.19541371
7,7,OUT,OUT,0.048484292,0.17054276,0.0013582184,0.044984307,0.17064403,0.21663138,0.011270769,0.33608425
7,4,OUT,BB,0.08054935,0.013309952,0.00333947,0.010169778,0.8213697,0.025355563,0.00032410864,0.045582
6,4,HBP,BB,0.2787654,0.07716802,0.002288464,0.0044679176,0.2982674,0.25063166,0.008317752,0.0800934
7,5,OUT,SO,0.06359751,0.18584475,0.03599692,0.02067678,0.07858945,0.39190346,0.00083331,0.22255784
1,7,DOUBLE,OUT,0.1649918,0.05048675,0.02254669,0.007592928,0.20005144,0.19400254,0.003787044,0.35654074
5,5,SO,SO,0.3392763,0.17078355,0.00024908828,0.01760175,0.033894703,0.33990777,0.0016063595,0.09668046
7,7,OUT,OUT,0.26408193,0.02812229,0.09445782,0.026948433,0.08606128,0.20908001,0.0009929576,0.2902552
1,6,DOUBLE,HBP,0.10356293,0.014642619,0.24862362,0.0003214117,0.25028342,0.056743428,0.26415837,0.061664227
7,5,OUT,SO,0.21321337,0.006861142,0.008723011,0.0005998241,0.05298978,0.420787,0.0007341129,0.2960917
7,0,OUT,SINGLE,0.5026399,0.008522001,0.0003652771,0.004463904,0.08233122,0.20079458,0.0017846567,0.19909851
7,0,OUT,SINGLE,0.39936978,0.12829225,0.03431006,0.0087729255,0.054886606,0.123527125,0.0045929975,0.24624828
5,5,SO,SO,0.10950623,0.040668063,0.00046548614,0.0022330447,0.12037455,0.5332244,0.0037103528,0.1898178
7,0,OUT,SINGLE,0.35092703,0.022494037,0.175819,0.004625884,0.046615805,0.053199466,0.14379402,0.20252475
7,5,OUT,SO,0.22553226,0.014459804,0.0002536228,0.012440784,0.032088414,0.39540702,0.0023039726,0.31751415
7,4,OUT,BB,0.18918277,0.008984821,0.09649339,0.0047762105,0.32008812,0.1569398,0.042036466,0.18149836
7,7,OUT,OUT,0.082673006,0.017252548,0.03287888,0.103276975,0.2522982,0.06506785,0.0070322407,0.43952036
5,0,SO,SINGLE,0.510529,0.044859666,0.00021223306,0.14033389,0.051304255,0.025998987,0.005930469,0.2208316
4,2,BB,TRIPLE,0.010269119,0.03192463,0.85474986,0.0020359235,0.011458916,0.03383449,0.0040873513,0.05163969
7,1,OUT,DOUBLE,0.044383705,0.5986908,0.00057518535,0.001281278,0.10064113,0.11147967,0.0066742715,0.13627394
7,5,OUT,SO,0.1209777,0.020517493,0.000988297,0.0053358064,0.106598854,0.500986,0.00966914,0.23492679
7,4,OUT,BB,0.041887365,0.051601138,0.00031583162,0.010538438,0.7047479,0.019107409,0.005562852,0.16623904
0,7,SINGLE,OUT,0.2388038,0.016543768,0.0068137525,0.0135705415,0.07376813,0.2328465,0.10026629,0.31738722
7,7,OUT,OUT,0.26055667,0.057779443,0.0024050004,0.081542835,0.13003196,0.09251365,0.00037559608,0.3747948
7,7,OUT,OUT,0.30129662,0.024779202,0.0027544776,0.0013416252,0.20314324,0.13894217,0.010745355,0.31699732
7,7,OUT,OUT,0.1571207,0.21823323,0.21451148,0.009878189,0.08398175,0.07380623,0.01521708,0.22725132
0,4,SINGLE,BB,0.11646503,0.102449715,0.0004941548,0.0001801629,0.39552394,0.03288618,0.2672245,0.08477628
7,7,OUT,OUT,0.21271627,0.02462219,0.24771398,0.005391901,0.10001629,0.11074043,0.0204219,0.27837703
7,1,OUT,DOUBLE,0.12694721,0.45733497,0.0048223007,0.011954508,0.14313063,0.12052997,0.028184967,0.107095495
7,7,OUT,OUT,0.35140568,0.059295807,0.01019087,0.018804753,0.097126715,0.10270503,9.4174204e-05,0.360377
7,1,OUT,DOUBLE,0.10793507,0.26607957,0.117675535,0.011245014,0.122380055,0.11090942,0.006642352,0.257133
3,7,HR,OUT,0.066600196,0.08672631,0.007536249,0.06223099,0.19661623,0.058919292,0.15041055,0.37096027
7,0,OUT,SINGLE,0.32484242,0.0632707,0.0012950959,0.0065389797,0.0104818,0.2668305,0.045735415,0.28100505
4,4,BB,BB,0.2493386,0.1603228,0.005612943,0.08046002,0.26466107,0.06306913,0.021879174,0.1546563
7,1,OUT,DOUBLE,0.026955519,0.7313582,0.0010698154,0.007674178,0.034411825,0.094385885,0.006282715,0.09786194
4,5,BB,SO,0.23594375,0.083910376,0.015063183,0.015849512,0.1519528,0.32062823,0.0063276277,0.17032447
7,7,OUT,OUT,0.075374365,0.046003662,0.001251848,0.035361435,0.23298348,0.18639232,0.01159968,0.41103315
7,5,OUT,SO,0.0909236,0.04263081,0.21905865,0.10978386,0.16723876,0.2392305,0.0028204978,0.12831336
0,0,SINGLE,SINGLE,0.3923033,0.025684778,0.0005430821,0.0015034656,0.3666515,0.046523698,0.0033851857,0.16340493
7,1,OUT,DOUBLE,0.12405064,0.26590416,0.015406059,0.044360556,0.12925698,0.09230437,0.0712672,0.25744998
7,0,OUT,SINGLE,0.39115608,0.06672094,0.013540106,0.001291799,0.17030048,0.060735792,0.0075184586,0.28873634
7,7,OUT,OUT,0.10555633,0.117306255,0.0006350118,0.009029117,0.14815956,0.28320837,0.033042252,0.3030631
7,4,OUT,BB,0.0800987,0.09320407,0.05913165,0.0029345066,0.495928,0.12754032,0.042157214,0.09900557
7,6,OUT,HBP,0.12900312,0.2214844,0.00023846321,0.0009161625,0.0880711,0.1320844,0.2785806,0.14962174
7,1,OUT,DOUBLE,0.10282774,0.4234183,0.039897926,0.032119233,0.08634531,0.2012295,0.020538565,0.09362349
7,0,OUT,SINGLE,0.31681237,0.09204131,0.0030394646,0.015545323,0.077201955,0.22641194,0.02204383,0.24690378
7,1,OUT,DOUBLE,0.11458753,0.34384546,0.00034042192,0.0034914664,0.06861571,0.26818997,0.0047635455,0.19616584
7,7,OUT,OUT,0.06750028,0.0050827786,0.00013068764,0.00065327936,0.00600402,0.09489327,0.014515175,0.8112206
7,4,OUT,BB,0.13049144,0.021682413,0.021852808,0.061618745,0.34859216,0.07553852,0.00079483504,0.3394291
0,7,SINGLE,OUT,0.054209862,0.07809715,0.0075261085,0.004451963,0.020859506,0.28295746,0.020469628,0.53142834
7,0,OUT,SINGLE,0.4221912,0.19452971,0.0013906443,0.10686108,0.0830167,0.05536717,0.01851912,0.11812439
7,0,OUT,SINGLE,0.3682084,0.059651725,0.00044687235,0.0037717824,0.25005716,0.14776875,0.006594034,0.16350123
5,5,SO,SO,0.08488494,0.03638816,3.9244154e-05,0.006493566,0.1225751,0.5585422,0.057038806,0.13403803
0,7,SINGLE,OUT,0.06492758,0.08984083,0.0028957257,0.010978836,0.049735073,0.19156782,0.049846053,0.54020816
1,5,DOUBLE,SO,0.2631094,0.0038139075,0.00064426137,0.0010690973,0.07337441,0.32827654,0.09025395,0.2394585
5,5,SO,SO,0.19445771,0.06434579,0.014259893,0.08554574,0.20088838,0.22447975,0.07252002,0.1435027
5,0,SO,SINGLE,0.31772852,0.0032702256,0.00043458995,0.000106461695,0.23673019,0.12559152,0.2169987,0.099139795
7,7,OUT,OUT,0.0060345116,0.0007547935,1.9131985e-05,4.3227818e-05,0.0031453841,0.14394563,0.022986066,0.82307124
0,7,SINGLE,OUT,0.15027516,0.06821163,0.0014641157,0.014826891,0.044616435,0.1980143,0.009197602,0.5133938
0,4,SINGLE,BB,0.12249153,0.004759048,0.0005318419,0.02338985,0.6236352,0.110617265,0.003885246,0.110690005
0,7,SINGLE,OUT,0.057734437,0.0044525214,0.00021991503,0.00042310168,0.03955535,0.026370768,0.0025096158,0.8687343
7,5,OUT,SO,0.22103249,0.0050673042,0.00069450965,0.032454908,0.08007438,0.47610092,0.004566643,0.18000886
7,0,OUT,SINGLE,0.44012514,0.020197779,0.014061852,0.0044224355,0.17488737,0.18628244,0.0155034885,0.1445195
7,0,OUT,SINGLE,0.39416727,0.07996728,0.0052745836,0.023437943,0.09456882,0.17149599,0.0005276427,0.2305605
7,1,OUT,DOUBLE,0.26207298,0.3537588,0.00061021437,0.009891978,0.069313645,0.105590224,0.00808096,0.19068111
7,5,OUT,SO,0.14824022,0.00079485564,0.00806284,0.0027993638,0.08079658,0.5619802,0.00031828415,0.19700766
2,7,TRIPLE,OUT,0.23593737,0.010188925,0.010899226,0.01144517,0.1288724,0.23123334,0.0011618509,0.37026176
5,7,SO,OUT,0.11898425,0.023125608,0.00025621607,0.037419934,0.20228691,0.15729147,0.00011496355,0.46052068
4,3,BB,HR,0.20383078,0.03205447,0.007891082,0.2582558,0.18529646,0.075166695,0.0044295657,0.23307522
7,4,OUT,BB,0.124481715,0.050256718,0.009519137,0.029296447,0.31332538,0.10534661,0.07022141,0.2975526
7,0,OUT,SINGLE,0.43786883,0.036682345,0.00027301736,0.00050607685,0.09630221,0.17443703,0.0016120058,0.25231847
7,7,OUT,OUT,0.051706597,0.0444983,0.0030413228,0.054243643,0.15290377,0.15999387,0.18491973,0.34869272
0,7,SINGLE,OUT,0.19110909,0.06711987,0.00072190317,0.03296865,0.14651848,0.06505814,0.1285214,0.36798248
0,2,SINGLE,TRIPLE,0.11387366,0.013024753,0.41570967,0.016894506,0.13673866,0.045815017,0.0071953307,0.2507484
7,7,OUT,OUT,0.31059828,0.06359731,0.0014551631,0.04316807,0.03532895,0.06508094,0.0010240065,0.4797473
0,5,SINGLE,SO,0.37649468,0.002198947,0.00039563817,0.0007697836,0.006958522,0.5997889,0.00013222708,0.013261297
5,5,SO,SO,0.29688084,0.036451127,0.00018054215,0.00086803,0.17032489,0.42572555,0.00016070437,0.06940834
0,4,SINGLE,BB,0.16072208,0.1704348,0.021661248,0.08754273,0.20980817,0.13832858,0.015885292,0.19561706
7,7,OUT,OUT,0.13294227,0.10872072,0.02979972,0.0044804723,0.1299076,0.08916766,0.035836052,0.4691455
7,1,OUT,DOUBLE,0.052533478,0.6425932,0.0005329197,0.058187023,0.02684191,0.043080457,0.0023070385,0.17392401
1,0,DOUBLE,SINGLE,0.5038366,0.14286956,0.0021839854,0.064397454,0.03909952,0.13713837,0.002004866,0.10846966
5,0,SO,SINGLE,0.48813957,0.026082698,0.0033431167,0.011190322,0.013159083,0.12649718,0.12088412,0.21070401
7,5,OUT,SO,0.016026903,0.0009027858,0.00050333235,0.0016175403,0.009724354,0.8081326,0.00013732148,0.16295527
7,0,OUT,SINGLE,0.35053632,0.019999107,0.0010534889,0.032517992,0.18306391,0.19928393,0.004519522,0.20902579
7,7,OUT,OUT,0.118445635,0.097556196,0.0040167947,0.12215355,0.12356756,0.22246587,0.024091313,0.2877031
7,5,OUT,SO,0.18818527,0.0022996222,0.00012747565,0.0037076839,0.021790031,0.41056255,0.00024277756,0.37308466
7,7,OUT,OUT,0.21179232,0.0040405765,0.0026337807,0.0026260233,0.03971963,0.07893182,0.0027163415,0.6575394
5,0,SO,SINGLE,0.38194326,0.0218574,0.001339555,0.15749328,0.053335752,0.09970149,0.021361873,0.26296744
7,7,OUT,OUT,0.17697765,0.059698537,0.00093196763,0.025578896,0.112501346,0.1688812,0.007836426,0.4475939
5,7,SO,OUT,0.14403933,0.22668253,0.102139324,0.053353347,0.045074914,0.12623163,0.0045184973,0.29796046
1,0,DOUBLE,SINGLE,0.27822644,0.15814397,0.010001485,0.029624585,0.2304807,0.07363336,0.0072012953,0.21268816
7,0,OUT,SINGLE,0.38252968,0.046738904,0.028872484,0.008967322,0.06943629,0.16854475,0.009385613,0.285525
7,7,OUT,OUT,0.20945871,0.03889774,0.00039939137,0.0027234477,0.08445601,0.30866072,0.0046612388,0.3507427
0,5,SINGLE,SO,0.18583415,0.032569405,0.008040689,0.0014308626,0.00408926,0.39678186,0.0013821773,0.3698717
0,5,SINGLE,SO,0.29342532,0.0051637916,0.00039608893,0.019080194,0.13607238,0.4433772,0.01142062,0.091064386
5,5,SO,SO,0.16811222,0.025143526,0.0148666315,0.004525636,0.16462226,0.5202606,0.0053664846,0.09710269
5,7,SO,OUT,0.0341422,0.023152694,0.0019956967,0.00081658096,0.0048249066,0.030263243,0.0029918198,0.90181285
7,7,OUT,OUT,0.10385091,0.0839028,0.00056105346,0.0013072755,0.031885672,0.12902465,0.01423762,0.63522995
5,0,SO,SINGLE,0.26543972,0.081983045,0.0029135435,0.0052570147,0.2603769,0.14810559,0.0019748653,0.23394927
5,4,SO,BB,0.075348526,0.0072206915,0.001916474,0.0030523029,0.5936363,0.21418834,0.0019084335,0.102728955
4,0,BB,SINGLE,0.3513312,0.0047426294,0.0007971408,0.00502896,0.25487232,0.27076343,0.01061734,0.101847
5,5,SO,SO,0.2232017,0.00107694,0.0018515795,0.00086593255,0.26885542,0.29831287,0.0009764707,0.20485917
7,7,OUT,OUT,0.13592003,0.11442244,0.002784387,0.0011062896,0.2231497,0.12305686,0.04935149,0.3502088
7,7,OUT,OUT,0.13284512,0.0053477134,0.0006203172,0.0017003873,0.082247436,0.20827202,0.015472424,0.5534947
7,0,OUT,SINGLE,0.40390623,0.014761704,0.0002862862,0.002759349,0.24153665,0.1852285,0.015200247,0.13632095
5,5,SO,SO,0.09482783,0.09409823,0.0025568353,0.0001986853,0.077022366,0.4966368,0.0002970119,0.23436221
4,5,BB,SO,0.20638351,0.14983015,0.002372516,0.15410402,0.11394314,0.24279428,0.0082058925,0.12236655
7,1,OUT,DOUBLE,0.086109385,0.2519707,0.003602783,0.0073662195,0.22965105,0.21624668,0.041345194,0.16370791
5,7,SO,OUT,0.35490495,0.028530823,0.0014236202,0.004696491,0.03994129,0.14593278,0.00088338245,0.4236867
7,7,OUT,OUT,0.17673343,0.12991819,0.015762737,0.042620927,0.08627026,0.18944862,0.101560436,0.2576854
7,5,OUT,SO,0.017488573,0.028124096,0.000103750186,0.0026994662,0.03571006,0.72384566,0.00016664165,0.19186176
4,7,BB,OUT,0.2760211,0.04300425,0.0029278165,0.036947396,0.040687896,0.28182787,0.0039445185,0.3146391
1,4,DOUBLE,BB,0.28330615,0.029335015,0.00013749844,0.0014506985,0.4980415,0.11113845,0.00049822795,0.07609239
3,5,HR,SO,0.18161151,0.042855274,0.002790882,0.20777205,0.13089737,0.21602371,0.010093801,0.20795535
7,7,OUT,OUT,0.05659966,0.111462295,0.00081754057,0.0023041184,0.112219945,0.21913584,0.001061799,0.49639884
7,3,OUT,HR,0.012550998,0.014263391,0.0016952476,0.75589514,0.015191494,0.15972394,0.008790277,0.03188956
4,7,BB,OUT,0.13990805,0.04097273,0.16546305,0.017859103,0.15182118,0.20126279,0.007345743,0.2753674
5,4,SO,BB,0.06837035,0.07262603,0.12010538,0.21375634,0.26453313,0.135006,0.034721896,0.09088086
0,4,SINGLE,BB,0.24815245,0.007894123,0.104766235,0.024187652,0.37074333,0.071376614,0.0016633843,0.17121619
7,3,OUT,HR,0.038180623,0.047136668,0.0013438177,0.8462677,0.03195672,0.008121756,0.0023212235,0.024671495
7,7,OUT,OUT,0.055314846,0.2992841,0.007895246,0.011134846,0.09607396,0.16990751,0.010731976,0.3496575
7,0,OUT,SINGLE,0.4207452,0.04878557,0.00063666725,0.019491142,0.13932167,0.10785737,0.0045931633,0.25856918
0,4,SINGLE,BB,0.08888032,0.098229825,0.00030908597,0.03551375,0.42235065,0.06269752,0.002112573,0.2899062
7,7,OUT,OUT,0.30886337,0.024018086,0.0011399448,0.005850921,0.29735526,0.009668522,0.008469331,0.34463462
7,5,OUT,SO,0.26115945,0.08987714,0.017175723,0.003123734,0.09190599,0.39605615,0.086168826,0.054532904
5,7,SO,OUT,0.016958699,0.0038018536,0.00085655914,0.22999154,0.0141050005,0.2030326,0.017154414,0.51409924
5,7,SO,OUT,0.018324878,0.00020565688,1.3101964e-06,0.00012057555,0.025292069,0.027986357,0.0002349531,0.92783415
0,7,SINGLE,OUT,0.097861394,0.019301986,0.007857622,0.0037334468,0.20933154,0.050636794,0.04438968,0.56688756
5,7,SO,OUT,0.09985626,0.011654267,0.042490706,0.0024338216,0.115255475,0.0724252,0.010047771,0.64583653
5,6,SO,HBP,0.19534864,0.011894358,0.012677956,0.063846976,0.070598125,0.042536836,0.44485685,0.15824023
7,5,OUT,SO,0.14877178,0.05370236,0.0046784007,0.0030266233,0.25745517,0.36616945,0.028301157,0.13789503
5,5,SO,SO,0.099779196,0.17763598,0.009342146,0.030123543,0.09069448,0.2753375,0.09597624,0.22111093
7,0,OUT,SINGLE,0.26151186,0.16797316,0.00685145,0.0034906657,0.0428082,0.2592804,0.0033357006,0.25474858
7,3,OUT,HR,0.21471933,0.09360664,0.007982471,0.25324875,0.0458042,0.1612066,0.025914423,0.19751751
7,5,OUT,SO,0.03698027,0.0031530743,0.0411449,0.0022511058,0.04483285,0.45710683,0.10965305,0.3048779
7,5,OUT,SO,0.017222147,0.15841506,0.0037143277,0.0072449297,0.10282897,0.43442124,0.120552815,0.15560044
7,7,OUT,OUT,0.042229943,0.0022065686,0.002217012,0.0003498441,0.31866434,0.23689988,0.0018464794,0.39558598
3,4,HR,BB,0.025416503,0.0020112046,0.00034624297,0.0024677964,0.57974535,0.09893286,0.0013444793,0.2897356
0,7,SINGLE,OUT,0.00642234,0.00044144894,0.0017210363,0.0001548116,0.3687579,0.05956743,0.0012630036,0.56167203
7,5,OUT,SO,0.07804365,0.0071382956,0.002925141,0.21051589,0.07423729,0.45743272,0.008673242,0.16103373
7,2,OUT,TRIPLE,0.29898575,0.04609375,0.41826892,0.016003137,0.027359514,0.059366383,0.005520544,0.1284019
5,3,SO,HR,0.19588405,0.021939365,0.0072422503,0.28306493,0.114749186,0.14567219,0.012043535,0.2194044
4,4,BB,BB,0.022397319,0.007483787,0.00967872,0.002019276,0.7870061,0.07500168,0.021116324,0.075296916
7,7,OUT,OUT,0.059728764,0.0014251895,0.0039274674,0.000816641,0.2624592,0.12101983,0.003958805,0.54666406
7,7,OUT,OUT,0.03466493,0.017734172,0.0007285424,0.0026416536,0.0042156074,0.43147683,0.07190275,0.4366355
7,7,OUT,OUT,0.04094423,0.0072867004,0.0004656384,0.0053247507,0.34616885,0.1665076,0.0023647384,0.43093747
7,1,OUT,DOUBLE,0.154867,0.36598113,0.003955528,0.037086066,0.10425367,0.10843541,0.0038929554,0.22152828
7,7,OUT,OUT,0.43721282,0.0017321405,0.0016945623,0.00070179766,0.0098579945,0.08901019,0.00048232145,0.45930812
7,5,OUT,SO,0.18352425,0.0061353673,0.0011326944,0.0017062284,0.012844054,0.5302849,0.05775864,0.2066139
7,5,OUT,SO,0.094971046,0.018344715,0.00058049394,0.12725438,0.28041652,0.3048228,0.04842107,0.12518892
7,5,OUT,SO,0.12349278,0.08389906,0.0015157735,0.0013507784,0.048454326,0.50581956,0.0067975805,0.2286702
7,5,OUT,SO,0.09051116,0.07321408,0.001473446,0.0021920996,0.21105036,0.4181454,0.0047159963,0.19869743
0,7,SINGLE,OUT,0.08176592,0.032255873,0.00032522433,0.0022720108,0.011958774,0.09413638,0.0049431548,0.7723426
5,0,SO,SINGLE,0.816686,0.042574514,9.747213e-05,0.00046648955,0.022667695,0.04426109,0.019133886,0.054112807
7,7,OUT,OUT,0.11837981,0.014772769,0.00030285,0.0014078281,0.022396153,0.13202983,0.00502347,0.7056873
5,5,SO,SO,0.013371151,0.05140034,0.001415426,0.0070911148,0.090287484,0.47505632,0.0025479281,0.35883018
7,3,OUT,HR,0.052632246,0.01866565,0.00033342987,0.43534386,0.105350785,0.31383133,0.0023533758,0.07148923
1,0,DOUBLE,SINGLE,0.5620604,0.025844391,3.8048136e-05,0.0060642515,0.0136377085,0.26759407,0.027242694,0.09751855
7,5,OUT,SO,0.04145798,0.04835147,0.0014150986,0.013778861,0.24405594,0.30632564,0.18558882,0.15902619
7,7,OUT,OUT,0.26312685,0.028270198,0.026289264,0.010660421,0.1681042,0.064133465,0.029562676,0.40985295
0,0,SINGLE,SINGLE,0.54788405,0.10892692,0.0005742243,0.06504237,0.019956894,0.058986336,0.00193862,0.1966907
5,7,SO,OUT,0.08100649,0.0317589,0.0032206774,0.0038797264,0.095647104,0.24938993,0.004593003,0.53050417
7,4,OUT,BB,0.15674189,0.039300393,0.00555779,0.08158046,0.33941433,0.14819631,0.006228907,0.22297995
4,5,BB,SO,0.12816556,0.15642524,0.00020660151,0.0038172673,0.27681607,0.37830415,0.0017433924,0.05452176
7,4,OUT,BB,0.02705927,0.43040067,0.0014764735,0.0023295407,0.47668153,0.02930255,0.0028851337,0.029864859
7,4,OUT,BB,0.017692741,0.019666934,0.00052659435,0.05093659,0.78642315,0.031129856,0.00086245296,0.09276165
7,7,OUT,OUT,0.19151446,0.15091653,0.026645204,0.058742445,0.077300765,0.21297838,0.024921225,0.25698105
0,5,SINGLE,SO,0.053215813,0.014132134,0.0005303797,0.000847428,0.048021685,0.8166772,0.0012913406,0.065283924
0,7,SINGLE,OUT,0.08453325,0.12883943,8.0271864e-05,0.001914877,0.13720417,0.10888267,0.015223978,0.52332133
0,7,SINGLE,OUT,0.08777942,0.09683994,0.013114063,0.03830591,0.24565867,0.20616072,0.028261375,0.28387982
7,4,OUT,BB,0.11201841,0.04123389,0.0009533583,0.07117716,0.32239458,0.2458393,0.023654718,0.18272857
0,5,SINGLE,SO,0.0683137,0.012771735,0.002072868,0.0030367784,0.19273783,0.6052949,0.008927359,0.10684487
7,4,OUT,BB,0.11482079,0.09429192,0.0068215146,0.004738627,0.34637094,0.24541141,0.0018933739,0.18565144
0,5,SINGLE,SO,0.1642144,0.06010398,0.009659278,0.036553796,0.063876435,0.34433848,0.0069243275,0.31432933
7,7,OUT,OUT,0.14548549,0.0006027726,0.021733893,0.009241357,0.03349279,0.074200265,0.008468972,0.7067745
7,7,OUT,OUT,0.25557184,0.09076726,0.0029682664,0.022667725,0.026732814,0.19374986,0.020693384,0.38684875
5,5,SO,SO,0.28303123,0.007192765,0.034443308,0.005054773,0.14088963,0.3118456,0.012713683,0.204829
0,7,SINGLE,OUT,0.06701135,0.037854027,0.012719937,0.0010173848,0.17360263,0.23915832,0.0077657076,0.4608706
7,4,OUT,BB,0.12816872,0.004352023,0.0038962872,0.0054020924,0.5724452,0.23639728,0.00021458475,0.049123827
7,4,OUT,BB,0.029640699,0.05110558,4.6619658e-05,0.00023619397,0.6139112,0.18864833,0.0001548444,0.116256535
7,5,OUT,SO,0.044217635,0.0050254893,0.0003037736,9.0074085e-05,0.08727559,0.7444197,0.0004760824,0.11819169
4,0,BB,SINGLE,0.28159562,0.20437734,0.0035072556,0.047723893,0.07096846,0.12185696,0.07134522,0.19862534
7,7,OUT,OUT,0.26186028,0.020175265,0.00022483894,0.006526441,0.093079686,0.1112254,0.002325397,0.50458264
7,7,OUT,OUT,0.18233955,0.011018523,0.18184328,0.0025864285,0.11856455,0.06076417,0.000294788,0.44258857
7,5,OUT,SO,0.07170712,0.09381439,0.0008481136,0.17539667,0.21938911,0.29494122,0.014881477,0.12902194
7,1,OUT,DOUBLE,0.16059053,0.2574956,0.019519724,0.1609413,0.07083372,0.086981535,0.0024136058,0.24122392
7,4,OUT,BB,0.18801634,0.01945203,0.023762772,0.095567636,0.25862253,0.17325498,0.11796584,0.12335791
7,7,OUT,OUT,0.08218479,0.06790575,0.013390082,0.022263452,0.0460383,0.08343911,0.022179035,0.66259944
7,7,OUT,OUT,0.32541126,0.08132833,0.00036785653,0.00055791164,0.15057693,0.070363864,0.012745011,0.3586489
7,1,OUT,DOUBLE,0.23809439,0.34220332,0.00021343642,0.017144753,0.023739813,0.062459037,0.0044850293,0.3116602
5,1,SO,DOUBLE,0.03252974,0.3451346,0.008101418,0.016633166,0.128068,0.1863282,0.0060487166,0.27715614
7,0,OUT,SINGLE,0.39953572,0.047308728,0.0010922605,0.38926077,0.033897325,0.06621646,0.0010550136,0.061633818
4,5,BB,SO,0.048294988,0.0723953,0.0038645498,0.040158898,0.20667635,0.35742727,0.10309833,0.16808422
7,5,OUT,SO,0.10901729,0.018980894,0.0009651297,0.010598363,0.14028896,0.5578407,0.00034315328,0.1619655
7,5,OUT,SO,0.10688686,0.058106244,0.00082989864,0.007607509,0.2886058,0.2979613,0.012122478,0.22787997
7,3,OUT,HR,0.08139945,0.010836997,0.00025541201,0.54169697,0.010915574,0.030368404,0.03653998,0.28798714
0,4,SINGLE,BB,0.09096589,0.18150017,0.007869882,0.0022396774,0.2982892,0.18486115,0.026935162,0.20733881
7,4,OUT,BB,0.017246218,0.08084193,0.00032223435,0.0022886945,0.75339776,0.039553504,0.00022405722,0.10612566
7,0,OUT,SINGLE,0.53450596,0.04258864,0.00040677455,0.005868546,0.07706009,0.123521894,0.00043161164,0.2156165
5,4,SO,BB,0.26007596,0.018923186,0.0050297286,0.0058413213,0.38112637,0.09273363,0.023691002,0.21257886
7,5,OUT,SO,0.1512774,0.05379675,0.000393055,0.0014011748,0.20061105,0.46919653,0.005684234,0.11763985
0,5,SINGLE,SO,0.08019708,0.01238214,0.009057567,0.038704604,0.040171236,0.49364895,0.000683756,0.32515475
7,4,OUT,BB,0.17677522,0.0831494,0.0018013128,0.1105219,0.30911273,0.14411758,0.01727297,0.15724887
7,7,OUT,OUT,0.22782518,0.17087096,0.02310115,0.028715912,0.09226592,0.1998339,0.023266684,0.23412035
7,6,OUT,HBP,0.14009576,0.18921123,0.0027711166,0.020141173,0.18984827,0.06263148,0.20140319,0.19389784
7,3,OUT,HR,0.13293125,0.0644246,0.00017118234,0.29413062,0.17238836,0.07281816,0.0062961793,0.25683966
0,4,SINGLE,BB,0.06210118,0.10971052,0.0031955629,0.09157004,0.41307345,0.10590341,0.00898564,0.2054602
7,4,OUT,BB,0.037966456,0.018785266,0.0009740257,0.04914145,0.72680026,0.12252699,0.0067776795,0.03702786
7,7,OUT,OUT,0.060908068,0.013731498,0.030165305,0.015859477,0.0074599995,0.118717425,0.00467936,0.74847883
7,7,OUT,OUT,0.08842883,0.07580188,0.0011543839,0.03490673,0.10093002,0.24267898,0.015563185,0.44053605
1,4,DOUBLE,BB,0.051491637,0.24258131,0.0028907303,0.12845844,0.24827746,0.10385959,0.017708642,0.2047322
7,3,OUT,HR,0.10145019,0.0021059075,0.0003725644,0.44707283,0.027588876,0.22364107,0.009974254,0.18779433
5,4,SO,BB,0.058888856,0.062439717,0.0008455593,0.01336801,0.5126227,0.20516507,0.0037592133,0.14291088
5,4,SO,BB,0.0434973,0.044926163,0.0012391871,0.043743882,0.3877107,0.3603918,0.013671994,0.10481896
7,3,OUT,HR,0.09947616,0.09675866,0.0006580762,0.4738002,0.11933371,0.13630088,0.005017407,0.06865498
7,4,OUT,BB,0.04400039,0.019863417,0.0003432966,0.0099449735,0.4588814,0.10499436,0.004032995,0.35793924
7,3,OUT,HR,0.015453147,0.022834154,0.0036651955,0.61051565,0.072983004,0.07362916,0.01089884,0.19002087
0,5,SINGLE,SO,0.09399419,0.02431171,0.0096010845,0.05701784,0.016276507,0.50697124,7.5685515e-05,0.2917518
7,7,OUT,OUT,0.093899816,0.12928365,0.0010901617,0.016312717,0.039838087,0.10815316,0.024643246,0.5867792
0,0,SINGLE,SINGLE,0.5080958,0.014897897,0.0042542946,0.002277149,0.033543367,0.06851085,0.0716533,0.29676738
7,1,OUT,DOUBLE,0.015963685,0.37596446,0.0062843235,0.10925975,0.05413143,0.06810491,0.21812777,0.15216367
1,0,DOUBLE,SINGLE,0.54906595,0.19983731,0.0014821449,0.001554509,0.07387945,0.030673953,0.0037053963,0.1398013
0,7,SINGLE,OUT,0.026061825,0.334752,0.012444445,0.0049687214,0.10131299,0.09713272,0.012590428,0.41073683
5,6,SO,HBP,0.018625401,0.003255426,0.0028463316,0.051860105,0.007888255,0.0072619743,0.886971,0.021291485
5,7,SO,OUT,0.1936741,0.10629811,0.0019617449,0.010211422,0.076079555,0.08955113,0.25630802,0.26591584
7,7,OUT,OUT,0.24005376,0.04852944,0.00046277966,0.21663846,0.021073112,0.10534632,0.06658909,0.301307
4,7,BB,OUT,0.18591224,0.07409986,0.006038138,0.0077804476,0.07486169,0.23223716,0.12658133,0.2924892
7,4,OUT,BB,0.23400478,0.09370993,0.004477136,0.019797288,0.4048592,0.06965784,0.13872187,0.034771957
7,4,OUT,BB,0.19855952,0.31490993,0.0022544018,0.0068756947,0.32964203,0.05382245,0.005868792,0.088067174
4,0,BB,SINGLE,0.4239587,0.030819362,0.002627442,0.021787338,0.008873035,0.36218378,0.0011480557,0.14860225
7,0,OUT,SINGLE,0.41264236,0.38204756,0.0011308352,0.0024009459,0.079523146,0.015102336,0.0035313352,0.10362152
0,0,SINGLE,SINGLE,0.62404704,0.047413774,0.00045570167,0.17567001,0.013991684,0.037204124,0.0032774853,0.097940184
7,0,OUT,SINGLE,0.5279474,0.030745894,0.000410443,0.0029730338,0.033598937,0.20154747,0.0003464872,0.2024303
0,1,SINGLE,DOUBLE,0.19637847,0.2742782,0.00028097723,0.049788587,0.25761256,0.10851853,0.008763726,0.104379036
5,5,SO,SO,0.00866159,0.003298938,0.00016646834,1.9686378e-05,0.0061045056,0.9224239,0.0005040364,0.05882081
7,4,OUT,BB,0.34463474,0.032961573,0.00073822215,0.003209198,0.38374016,0.09837905,0.002876435,0.13346066
4,4,BB,BB,0.37489733,0.031426355,0.0009775754,0.00096307695,0.37874582,0.05514101,0.00029875332,0.15755008
7,6,OUT,HBP,0.062548734,0.017739598,0.0028316684,0.04763106,0.028588168,0.041918278,0.7646023,0.0341402
0,5,SINGLE,SO,0.024852578,0.2673778,0.00041105,0.04135323,0.0039824243,0.62635607,0.00066940964,0.034997493
7,5,OUT,SO,0.24845356,0.14629056,0.0023785045,0.04499324,0.039754037,0.35582837,0.00064500736,0.1616567
5,5,SO,SO,0.00915953,0.01849575,0.008158261,0.0012051403,0.0019910662,0.8413076,7.941113e-05,0.11960322
7,5,OUT,SO,0.07191799,0.018289944,0.0012148557,0.015946887,0.0056547597,0.4619724,0.000476213,0.42452705
5,1,SO,DOUBLE,0.0777813,0.41301143,0.0010223701,0.00092454907,0.1521385,0.07582687,0.14702828,0.13226685
7,0,OUT,SINGLE,0.8681549,0.016693167,8.1561e-06,0.0015981712,0.020470614,0.06412019,0.007973466,0.020981386
7,7,OUT,OUT,0.11773578,0.1603246,0.0022536968,0.031412777,0.073107414,0.11739419,0.012656675,0.48511484
7,5,OUT,SO,0.02039186,0.02739968,0.014668356,0.057489224,0.012375576,0.69235075,0.005302694,0.17002197
5,6,SO,HBP,0.008298201,0.009201692,0.0054400484,0.010011479,0.02950055,0.030276401,0.7707147,0.13655695
7,5,OUT,SO,0.32251945,0.049643796,0.008090741,0.003404308,0.02507507,0.38518372,0.00020775307,0.20587523
5,7,SO,OUT,0.03842627,0.0023089477,0.0061196075,0.089736365,0.22969277,0.0903854,0.037383962,0.50594664
0,7,SINGLE,OUT,0.09591327,0.006456445,0.00032561834,0.016882816,0.033182345,0.06471888,0.00019097113,0.7823297
5,4,SO,BB,0.020998968,0.0017400474,0.0041286256,0.2328515,0.551011,0.16708003,0.00019727474,0.021992525
6,3,HBP,HR,0.09232665,0.0054720347,0.044845633,0.39109015,0.07109422,0.0070766234,0.00039928965,0.38769537
7,7,OUT,OUT,0.05498736,0.010978552,0.00035145454,0.0035993836,0.004840402,0.06870001,0.0001849759,0.8563578
7,7,OUT,OUT,0.16064633,0.057037268,0.0053251376,0.0033449724,0.03765591,0.31946704,0.014124706,0.4023986
0,5,SINGLE,SO,0.23405676,0.025831621,0.003461234,0.0016507576,0.034363404,0.47700298,0.0005154866,0.22311775
4,5,BB,SO,0.026432434,0.005950236,0.0010058131,0.008032983,0.046494037,0.6533446,0.08382597,0.17491394
5,1,SO,DOUBLE,0.24125692,0.2598048,0.0017178254,0.070376284,0.043908086,0.21341123,0.00044490932,0.16907988
7,0,OUT,SINGLE,0.2549471,0.10412951,0.0014058913,0.0062971464,0.21876618,0.19944178,0.020571893,0.19444056
7,3,OUT,HR,0.091888644,0.032887693,0.0005727552,0.57950944,0.02300616,0.033053715,0.03034958,0.20873213
5,5,SO,SO,0.024617558,0.26739126,0.00015686001,0.0024816387,0.015358275,0.6646358,0.0002223871,0.025136251
7,5,OUT,SO,0.22395724,0.055990152,0.004420015,0.0028339576,0.030635353,0.35985294,0.03590184,0.28640857
7,0,OUT,SINGLE,0.48457837,0.019598762,0.00061270373,0.009034477,0.20208368,0.22789662,0.02180483,0.03439052
1,1,DOUBLE,DOUBLE,0.12173889,0.5715788,0.003280999,0.0006084978,0.0043428694,0.06760855,0.012856562,0.21798474
0,5,SINGLE,SO,0.066652946,0.01810218,0.0019825292,0.10091157,0.2000044,0.523267,0.029100766,0.059978724
7,5,OUT,SO,0.124841146,0.018466432,0.0001552114,0.0044440515,0.18617275,0.35715207,0.044868734,0.26389953
7,0,OUT,SINGLE,0.5861277,0.018797956,0.00020304846,0.01141383,0.101129815,0.13661908,0.006192298,0.13951619
7,7,OUT,OUT,0.22453004,0.011487048,0.00012971874,0.0036366875,0.06407125,0.29669163,0.07404098,0.32541266
0,7,SINGLE,OUT,0.116286464,0.058050647,0.0038861008,0.01592994,0.16519643,0.18960641,0.021709498,0.42933455
7,1,OUT,DOUBLE,0.049413178,0.35248396,0.00063209276,0.00086102326,0.3298908,0.078369595,0.0011630527,0.18718639
7,0,OUT,SINGLE,0.48745742,0.0992287,0.02377674,0.07797424,0.18447897,0.01818483,0.0017007316,0.107198365
7,5,OUT,SO,0.05490283,0.17971425,0.0042181234,0.012800225,0.15866306,0.50388515,0.0007512439,0.08506517
0,4,SINGLE,BB,0.22763686,0.13785763,0.00030770554,0.00895476,0.3468575,0.034734383,0.00906291,0.23458844
5,7,SO,OUT,0.055617526,0.34097496,0.011650795,0.012213314,0.018171348,0.09659088,0.003509873,0.46127132
0,1,SINGLE,DOUBLE,0.0785666,0.5272474,0.0001800767,0.08201191,0.1731811,0.08950227,0.0028843519,0.046426244
7,0,OUT,SINGLE,0.31466454,0.06465441,0.00079281034,0.27002928,0.022242945,0.22363172,0.007881608,0.09610271
7,5,OUT,SO,0.20396282,0.011681106,0.0008091439,0.025710499,0.11442876,0.47911718,0.0003518668,0.16393855
0,4,SINGLE,BB,0.11627621,0.09984633,0.011646688,0.0025091877,0.530375,0.07080179,0.0012111164,0.1673338
7,7,OUT,OUT,0.22987121,0.0500102,0.00022389574,0.011462457,0.1793294,0.24793826,0.017948713,0.2632158
7,0,OUT,SINGLE,0.29999736,0.2377369,0.0020188002,0.0020220885,0.012964526,0.24342088,0.0015458041,0.2002936
7,0,OUT,SINGLE,0.34473103,0.057981808,0.00092360255,0.008243607,0.03074364,0.33466724,0.00017578085,0.22253327
7,0,OUT,SINGLE,0.39313528,0.057660975,0.007051936,0.0068922807,0.11175506,0.12906423,0.024890114,0.26955017
7,0,OUT,SINGLE,0.23984523,0.07195503,0.0012667952,0.04716721,0.1803475,0.21980678,0.030490553,0.20912093
0,4,SINGLE,BB,0.028220193,0.014060864,0.0061795097,0.3441741,0.45013458,0.012651019,0.10193654,0.042643253
5,5,SO,SO,0.011584143,0.05363639,0.0002710272,0.0021605939,0.0024661277,0.8337895,0.0004360586,0.095656134
7,7,OUT,OUT,0.3732481,0.019196168,0.00037794016,0.002937704,0.042964187,0.13577943,0.0024561475,0.4230403
5,5,SO,SO,0.15689299,0.008939135,5.1601637e-05,7.887062e-05,0.019582085,0.6393714,0.0003677984,0.17471607
7,7,OUT,OUT,0.29106548,0.08353089,0.008831871,0.0007365863,0.022506505,0.19490774,0.0032886479,0.3951322
5,4,SO,BB,0.31720793,0.16965519,0.00036766785,0.0025152343,0.34562382,0.07899992,0.00196589,0.08366431
0,0,SINGLE,SINGLE,0.31963724,0.124832936,0.0014341993,0.057999417,0.19455305,0.09323876,0.0064180265,0.20188643
4,1,BB,DOUBLE,0.093773834,0.7133764,0.00063791533,0.0031155567,0.046236966,0.038018193,0.028876044,0.07596518
3,4,HR,BB,0.18331361,0.08731513,0.00054689794,0.015964743,0.42123687,0.14877814,0.0014722267,0.14137237
0,4,SINGLE,BB,0.12754747,0.19818784,0.00015402901,0.10156681,0.3047122,0.20276746,0.0028685716,0.062195692
5,5,SO,SO,0.2983563,0.02174394,0.00448348,0.0075395214,0.006899072,0.36794752,0.0025648787,0.2904653
7,4,OUT,BB,0.24855147,0.11553293,0.0005085978,0.030735094,0.39285958,0.117971845,0.028161736,0.06567887
7,7,OUT,OUT,0.26419222,0.03876538,0.0049336352,0.0023930524,0.028885603,0.096349485,0.0065925745,0.55788803
5,5,SO,SO,0.19932355,0.08881022,0.0025383744,0.044276655,0.092103586,0.31393653,0.123669766,0.1353413
5,3,SO,HR,0.122891106,0.1738988,0.006982352,0.26681137,0.10109306,0.055423222,0.012337374,0.26056266
7,5,OUT,SO,0.038868975,0.018152855,0.00173085,0.16049059,0.05633381,0.43301514,0.025756728,0.26565108
0,7,SINGLE,OUT,0.031979457,0.17300013,0.00067116827,0.008660243,0.19462514,0.20189176,0.0027590108,0.38641307
7,5,OUT,SO,0.009229026,0.019560182,0.0021049713,0.00050095725,0.02314257,0.7871493,7.310929e-05,0.15823993
7,7,OUT,OUT,0.2513257,0.15004255,0.0034301651,0.013583244,0.046906523,0.06570902,0.08446538,0.38453746
4,7,BB,OUT,0.05642439,0.05901452,0.004829989,0.036417406,0.056275982,0.16325149,0.27415308,0.3496331
7,6,OUT,HBP,0.0190548,0.2917452,0.013421823,0.016252771,0.015674941,0.01601646,0.55426836,0.073565654
7,7,OUT,OUT,0.118289255,0.21075647,0.005179049,0.0030638778,0.018532133,0.15003635,0.08057369,0.41356912
0,7,SINGLE,OUT,0.20406559,0.058630276,0.004643498,0.045259975,0.023598732,0.034015123,0.017352842,0.612434
7,0,OUT,SINGLE,0.5799743,0.19326317,0.0007935466,0.010967278,0.05992064,0.01842297,0.01907953,0.117578536
7,0,OUT,SINGLE,0.3344899,0.2680394,0.00047387715,0.003241219,0.23618199,0.0625948,0.025533488,0.06944529
4,7,BB,OUT,0.00483628,0.010560385,1.20285995e-05,0.00545663,0.04734257,0.40851578,3.117403e-05,0.5232451
5,1,SO,DOUBLE,0.015512655,0.31955898,0.0006545459,0.0054005887,0.31267312,0.04316152,0.26608443,0.0369542
0,4,SINGLE,BB,0.09824768,0.19939813,0.009010994,0.0061532673,0.46210462,0.060374614,0.057901222,0.10680957
7,4,OUT,BB,0.22107756,0.07496007,0.001385663,0.0043295966,0.27509782,0.16936563,0.0044992566,0.24928443
7,7,OUT,OUT,0.14414243,0.021001812,0.0029150106,0.0006048714,0.028074738,0.26579228,0.051491737,0.48597714
0,0,SINGLE,SINGLE,0.38404775,0.02282381,0.018604737,0.05804871,0.08492838,0.22584476,0.021718604,0.18398327
5,7,SO,OUT,0.07797357,0.022167541,0.0043343264,0.18361966,0.16255985,0.03026536,0.21001573,0.30906397
5,5,SO,SO,0.22859372,0.007367108,0.0014193851,0.007486459,0.13719478,0.31520483,0.20487979,0.09785394
7,7,OUT,OUT,0.120538875,0.015490124,0.000562484,0.019545712,0.30709857,0.2031253,0.00462576,0.32901323
5,0,SO,SINGLE,0.30109358,0.014823108,0.00016266125,0.0002737826,0.20342597,0.17660142,0.008519866,0.2950996
3,3,HR,HR,0.0076544397,0.0037901148,0.0008476923,0.6568497,0.17292717,0.06864843,0.0015232734,0.087759204
0,4,SINGLE,BB,0.14541183,0.028545026,0.00042700095,0.03910341,0.54460955,0.029648958,0.002019091,0.21023522
0,1,SINGLE,DOUBLE,0.00670891,0.44426432,0.0043559624,0.0068318304,0.15722394,0.016614534,0.32775825,0.036242165
5,5,SO,SO,0.11113911,0.0029464236,0.0040962393,0.011351591,0.047073144,0.5569457,0.0006751918,0.26577264
0,7,SINGLE,OUT,0.10329235,0.016034069,0.0006375529,0.09859574,0.1602832,0.09484648,0.124059364,0.4022513
7,4,OUT,BB,0.08665991,0.018727347,0.001261217,0.011727466,0.59719086,0.11094465,0.0007092976,0.17277928
7,7,OUT,OUT,0.20124288,0.01611175,0.0033794793,0.05719458,0.27054587,0.1550198,0.0009552343,0.29555047
5,5,SO,SO,0.10409906,0.047053255,0.0079232175,0.025668288,0.090539366,0.404683,0.020586649,0.29944724
5,7,SO,OUT,0.032455247,0.14925697,0.00028803386,0.0025496848,0.05512699,0.3362145,0.015301166,0.40880737
7,7,OUT,OUT,0.043046907,0.043051463,9.2321316e-05,0.00047112093,0.02130281,0.087179005,0.11480475,0.6900516
5,5,SO,SO,0.1964441,0.13508853,0.005352913,0.0023650052,0.036897726,0.46161282,7.958682e-05,0.16215937
1,4,DOUBLE,BB,0.050938018,0.057612747,0.009349215,0.026417213,0.4098897,0.025502568,0.353721,0.0665696
7,1,OUT,DOUBLE,0.108538955,0.36746395,0.0015712162,0.00023971255,0.012958402,0.23901376,0.0011433647,0.2690707
1,5,DOUBLE,SO,0.21684867,0.042225964,0.001666685,0.12570634,0.025718885,0.44987988,0.0011665969,0.13678692
7,1,OUT,DOUBLE,0.11165035,0.45997488,0.009022576,0.12590519,0.020987373,0.13634035,0.03639263,0.099726565
7,7,OUT,OUT,0.008510714,0.099827774,6.463548e-05,4.7066427e-05,0.0002958064,0.04384303,2.2811926e-05,0.84738815
7,7,OUT,OUT,0.03080025,0.016061122,0.00047221547,0.0029421505,0.012353329,0.052137785,0.007063595,0.8781696
4,7,BB,OUT,0.06741215,0.04619346,0.00034742337,0.001953078,0.20217173,0.08748674,0.014077888,0.5803575
4,4,BB,BB,0.02446264,0.019041186,0.00033843648,0.03194447,0.51820356,0.054282255,0.0034231534,0.3483043
4,1,BB,DOUBLE,0.1320559,0.36141828,0.0010789143,0.024914196,0.08664925,0.06042642,0.005847334,0.32760963
5,1,SO,DOUBLE,0.08248834,0.3215604,0.0025325231,0.12610629,0.101370946,0.14532995,0.006590562,0.21402094
5,3,SO,HR,0.053168293,0.022920746,0.003929429,0.63921535,0.08685061,0.025708882,0.008007408,0.16019917
0,7,SINGLE,OUT,0.2512676,0.13095146,0.0025331706,0.025325872,0.016855158,0.036292862,0.005294051,0.5314797
7,0,OUT,SINGLE,0.3749402,0.118468955,0.0056448304,0.023050431,0.10388191,0.03990129,0.08654276,0.24756962
3,7,HR,OUT,0.11367575,0.24585171,0.033000737,0.050562233,0.08534811,0.10416343,0.07792719,0.28947082
7,5,OUT,SO,0.19191079,0.06704242,0.0033117381,0.038113404,0.033957504,0.33504325,0.0006927023,0.32992816
5,5,SO,SO,0.12089245,0.033462726,0.024320297,0.0035515833,0.25021753,0.33420485,0.0015782911,0.23177229
4,4,BB,BB,0.0989522,0.21231236,0.0011272698,0.07483907,0.30517116,0.06269793,0.024475101,0.22042486
5,6,SO,HBP,0.31633848,0.0069349688,0.00027115064,0.0013415042,0.014171372,0.037708163,0.4340066,0.1892278
0,5,SINGLE,SO,0.095447004,0.20266604,0.00016396347,0.0007912104,0.03131162,0.40881932,0.00059709256,0.2602037
7,7,OUT,OUT,0.2477278,0.09688715,0.0024804254,0.0021095593,0.006387634,0.06709139,0.0035873556,0.57372874
7,7,OUT,OUT,0.3249694,0.081439465,0.016471813,0.028920181,0.10695852,0.11154392,0.0033615076,0.32633513
0,1,SINGLE,DOUBLE,0.20457478,0.4230018,0.0015802141,0.038278326,0.02210122,0.10149596,0.0052738395,0.20369393
5,5,SO,SO,0.0026752034,0.0064719124,0.011003535,1.2866453e-05,0.0018002016,0.9382017,0.0004992119,0.039335284
7,1,OUT,DOUBLE,0.10827841,0.37668392,0.17863752,0.0015764543,0.046830676,0.020888466,0.011747594,0.255357
7,5,OUT,SO,0.016320145,0.0038749352,0.0001524727,0.00074474496,0.06120686,0.56312084,0.013238825,0.34134117
7,7,OUT,OUT,0.11184987,0.107311614,0.00064156024,0.005445788,0.067351446,0.33752987,0.0022476178,0.3676223
7,7,OUT,OUT,0.055238847,0.028985774,0.0027659968,0.007065464,0.27699026,0.23446883,0.0024371375,0.39204767
7,7,OUT,OUT,0.19997376,0.051909063,0.0071944967,0.058216475,0.02170462,0.10602091,0.017874932,0.53710574
7,6,OUT,HBP,0.010754139,0.042993367,0.018874364,0.0010105027,0.013603923,0.008564652,0.783574,0.120625004
7,1,OUT,DOUBLE,0.008028323,0.4893364,0.0031156065,0.00035815383,0.1178811,0.15524313,0.03893322,0.18710402
0,0,SINGLE,SINGLE,0.22293796,0.04952838,0.08942624,0.0004501525,0.11379055,0.2134329,0.091434516,0.21899933
0,0,SINGLE,SINGLE,0.38393825,0.11944713,0.0038766717,0.0109977,0.071342014,0.037176277,0.012767714,0.36045417
5,1,SO,DOUBLE,0.010839656,0.5894986,0.000108570224,8.513043e-05,0.08978974,0.0056820344,0.2737466,0.030249769
3,1,HR,DOUBLE,0.044862904,0.25165644,0.04612205,0.237007,0.100858815,0.22545134,0.008214745,0.08582677
7,0,OUT,SINGLE,0.28472984,0.09687623,0.0048937495,0.08957063,0.22192372,0.048808243,0.020291701,0.23290601
7,7,OUT,OUT,0.04938849,0.015377409,0.00043662547,0.0007439063,0.063247174,0.066189244,0.33891842,0.46569878
7,0,OUT,SINGLE,0.2715212,0.0670439,0.091828994,0.00910178,0.25288305,0.032797765,0.18097155,0.09385171
0,0,SINGLE,SINGLE,0.42132458,0.042562116,0.004001457,0.28068402,0.020861927,0.09535208,0.0018690709,0.13334484
7,4,OUT,BB,0.08323166,0.055691365,0.0009819597,0.04241047,0.62559444,0.070853755,0.0095320055,0.111704364
0,0,SINGLE,SINGLE,0.5551871,0.026842857,0.32769272,0.00660304,0.06274853,0.005749999,0.010516787,0.0046588364
7,0,OUT,SINGLE,0.4228661,0.1812724,0.021096904,0.00011002517,0.24186347,0.034943275,6.878111e-05,0.09777898
7,7,OUT,OUT,0.14983492,0.010219939,0.010692727,0.0005244816,0.14929949,0.087310515,0.0008678576,0.5912501
7,1,OUT,DOUBLE,0.020571375,0.7875946,0.0002657242,0.018146275,0.04250979,0.06901892,7.651806e-05,0.061816838
7,7,OUT,OUT,0.06231942,0.08712837,0.00050304836,0.047055144,0.32373795,0.09534999,0.00018962634,0.38371646
0,3,SINGLE,HR,0.010161751,1.140343e-05,1.686012e-07,0.7936284,0.07307173,0.07592535,0.0033065435,0.043894686
7,7,OUT,OUT,0.14329864,0.07123323,0.00622033,0.007516597,0.21767566,0.19655226,0.028924221,0.32857913
7,0,OUT,SINGLE,0.6068181,0.008082659,0.00020889512,0.0015277351,0.15784845,0.08354317,0.007552297,0.13441887
0,4,SINGLE,BB,0.24809551,0.009052113,0.00044471768,0.013897022,0.45278397,0.12010915,0.0052965423,0.150321
0,7,SINGLE,OUT,0.045968782,0.006872861,0.0036994768,0.020509936,0.40404114,0.06102426,0.004673844,0.45320976
1,0,DOUBLE,SINGLE,0.48199362,0.026815575,0.01127956,0.041138276,0.14220694,0.07900943,0.0016788666,0.21587773
7,0,OUT,SINGLE,0.6389959,0.026754651,0.00024778413,0.009256232,0.029449392,0.09784316,0.050966244,0.14648667
0,4,SINGLE,BB,0.12397652,0.04261022,0.026144024,0.14652248,0.29014972,0.049645517,0.1565022,0.16444927
1,7,DOUBLE,OUT,0.23395847,0.02383178,0.0025130105,0.06994968,0.10593037,0.14983204,0.03030829,0.38367638
0,3,SINGLE,HR,0.061993115,0.19540845,0.0017116618,0.50861627,0.08520745,0.08760633,0.0038216694,0.055635117
7,7,OUT,OUT,0.1466523,0.05412727,0.0050769257,0.18126553,0.13895947,0.06287811,0.0077550686,0.40328535
0,1,SINGLE,DOUBLE,0.031446695,0.39620203,0.0007928953,0.009885007,0.0024874888,0.21792182,0.07067353,0.2705905
7,7,OUT,OUT,0.039008997,0.02170981,0.0004696271,0.21957561,0.123674735,0.09450223,0.028571174,0.47248787
5,0,SO,SINGLE,0.36125055,0.30410156,0.001022982,0.0001233177,0.005182023,0.03466764,0.0017562069,0.2918956
7,0,OUT,SINGLE,0.37733087,0.09504223,0.05300322,0.05383873,0.15845886,0.117269225,0.014695892,0.13036096
7,5,OUT,SO,0.005877673,0.07012875,0.0014006152,0.0005718587,0.0039452496,0.82882005,0.00095616287,0.0882997
7,4,OUT,BB,0.08621423,0.17572258,0.008234217,0.0051474967,0.31131652,0.20847607,0.0008427719,0.20404613
5,0,SO,SINGLE,0.36673427,0.022513071,0.018031962,0.0578055,0.061407324,0.18453887,0.0009624266,0.2880065
7,0,OUT,SINGLE,0.31094936,0.036457647,0.0028124312,0.23809117,0.0228652,0.2584368,0.0433536,0.08703371
5,5,SO,SO,0.1027027,0.23916475,0.05688924,0.04398878,0.061215173,0.26906317,0.0025767803,0.22439949
0,5,SINGLE,SO,0.048428234,0.02544921,0.00014594592,0.067517996,0.018608633,0.7088094,0.04861431,0.08242627
7,7,OUT,OUT,0.0024877114,0.00233712,0.003341687,0.004047309,0.025726175,0.19234397,9.418243e-05,0.76962185
4,5,BB,SO,0.09209637,0.034893773,0.02253817,0.0014995292,0.102801785,0.48867372,0.005456329,0.25204024
1,0,DOUBLE,SINGLE,0.3175359,0.052473027,0.0140944375,0.010844957,0.110324726,0.24686947,0.011220884,0.23663667
7,7,OUT,OUT,0.13614447,0.12551865,0.00436145,0.012288143,0.14437889,0.035896868,0.006337309,0.5350742
0,7,SINGLE,OUT,0.19652797,0.10969287,0.0037876093,0.11384545,0.18597153,0.025807,0.007704916,0.35666266
0,4,SINGLE,BB,0.14603108,0.079045966,0.017009946,0.0011858915,0.40729994,0.07430906,0.0058824895,0.26923552
7,7,OUT,OUT,0.22228976,0.13549793,0.001425179,0.14893109,0.16385904,0.07358938,0.01229806,0.24210949
7,1,OUT,DOUBLE,0.10366719,0.6958549,0.0037720893,0.0016487056,0.03934745,0.039952774,0.002429357,0.11332755
7,4,OUT,BB,0.044123422,0.17476791,0.00039353457,0.0040802695,0.32146877,0.30704537,0.0064681415,0.1416526
0,7,SINGLE,OUT,0.12373644,0.2441356,0.0032174254,0.0015461148,0.10404562,0.07912399,0.086959325,0.35723543
7,1,OUT,DOUBLE,0.1091013,0.52206016,2.6056854e-05,0.08220548,0.033202853,0.05729552,0.009398216,0.18671042
7,5,OUT,SO,0.1347814,0.11277566,0.051408105,0.094023064,0.10144657,0.40097132,0.009347092,0.09524677
0,5,SINGLE,SO,0.119216636,0.028925648,0.018315645,0.16524686,0.027013002,0.36878586,0.0019459574,0.2705504
7,3,OUT,HR,0.11949543,0.21235357,0.0023212337,0.27723014,0.037141837,0.12241408,0.10932855,0.11971525
4,5,BB,SO,0.28245327,0.0025617948,0.0016351078,0.014170175,0.034413464,0.3975998,0.10950754,0.15765893
7,5,OUT,SO,0.04647379,0.0032721641,0.0002578674,0.000534558,0.08675784,0.6183679,0.00010314916,0.24423279
5,0,SO,SINGLE,0.37993336,0.0056448225,0.00024778474,0.051071823,0.009745643,0.1923564,0.0039179563,0.35708222
0,7,SINGLE,OUT,0.05799797,0.06934377,0.012625064,0.04396764,0.23155187,0.26521558,0.003213658,0.31608447
7,5,OUT,SO,0.031824227,0.119496986,0.00013132712,0.055552505,0.025655169,0.6015651,0.00067865767,0.165096
0,7,SINGLE,OUT,0.37956336,0.021471074,0.00037857966,0.0013482508,0.07165957,0.023920536,0.012141759,0.48951688
7,7,OUT,OUT,0.10656326,0.062899664,0.00025055502,0.25258955,0.13399483,0.11678669,0.010524719,0.31639072
0,3,SINGLE,HR,0.229918,0.14803016,0.0010477008,0.35049784,0.025683405,0.16603664,0.029300204,0.049486004
5,7,SO,OUT,0.14138417,0.05341891,0.0023188768,0.045937262,0.21292284,0.13038011,0.0014359152,0.41220194
7,0,OUT,SINGLE,0.27681008,0.039200354,0.009860544,0.08851281,0.17698704,0.115556024,0.024264868,0.26880825
1,0,DOUBLE,SINGLE,0.25675088,0.15060009,0.016415251,0.011884048,0.19296588,0.052214414,0.17345026,0.14571911
7,7,OUT,OUT,1.6981012e-05,0.0150523735,1.831872e-18,6.6070065e-08,7.183965e-07,4.480055e-06,3.926014e-12,0.98492545
5,0,SO,SINGLE,0.48335674,0.18019888,0.001896313,0.015184089,0.124018416,0.01359907,0.0008266593,0.18091977
3,3,HR,HR,0.098265745,0.009098953,6.985496e-05,0.59417593,0.0037372222,0.081308745,0.0033776578,0.2099659
7,0,OUT,SINGLE,0.36056006,0.013554673,0.00092980516,0.008727611,0.30026582,0.028741201,0.0012348251,0.285986
5,0,SO,SINGLE,0.56789243,0.018278085,0.0006638565,0.017721832,0.1291246,0.20847028,0.003847244,0.054001726
7,0,OUT,SINGLE,0.4884299,0.048270464,0.049312584,0.05087376,0.09604193,0.12988938,0.0012354883,0.13594636
7,4,OUT,BB,0.020425593,0.007084642,0.06683464,0.00012365317,0.6769564,0.13433503,0.023403328,0.070836626
7,0,OUT,SINGLE,0.6560856,0.023854444,0.0005090349,0.006996711,0.080984436,0.06532393,0.00029405506,0.16595186
7,0,OUT,SINGLE,0.70647657,0.016713386,0.0007390192,0.028631905,0.03758463,0.10522309,9.7525095e-05,0.104533985
5,7,SO,OUT,0.051945016,0.153943,0.001154634,0.17386532,0.1790786,0.14159499,0.020506762,0.27791157
7,5,OUT,SO,0.20433842,0.0035852862,0.0004322561,0.0003261484,0.07243533,0.48986506,0.0043326854,0.22468486
0,1,SINGLE,DOUBLE,0.13467915,0.7351584,0.0022635586,0.009218902,0.014742456,0.033721626,0.011026912,0.059188996
5,5,SO,SO,0.08676506,0.083338216,0.004400403,0.009046273,0.020343345,0.73113817,0.0008541657,0.064114355
5,1,SO,DOUBLE,0.041866444,0.77097726,0.005398798,0.088459045,0.04708424,0.015273126,0.004519656,0.026421493
0,2,SINGLE,TRIPLE,0.080550715,0.0015500092,0.3513205,0.022614632,0.2278893,0.014118308,0.00010364181,0.30185288
5,7,SO,OUT,0.29224932,0.0406354,0.002070739,0.042813156,0.138904,0.15527543,0.034781773,0.2932702
0,7,SINGLE,OUT,0.15804091,0.04716038,0.017456336,0.004750135,0.0164529,0.11721491,0.11462251,0.5243019
7,7,OUT,OUT,0.15962517,0.0028840294,0.00084425963,0.0037390764,0.013730176,0.012176332,0.00964154,0.79735935
0,4,SINGLE,BB,0.031967174,0.011276284,0.051663287,0.03430052,0.6632787,0.12881468,0.016064987,0.062634334
7,0,OUT,SINGLE,0.2928793,0.27440688,0.003084837,0.081617825,0.019256353,0.12458266,0.0004380306,0.20373419
7,7,OUT,OUT,0.330276,0.0067024077,0.0076540755,0.005269052,0.019445434,0.051064294,0.00094782125,0.5786409
7,1,OUT,DOUBLE,0.03975504,0.34434697,0.0075860317,0.06422922,0.2412102,0.10062129,5.6144967e-05,0.20219512
5,4,SO,BB,0.056193538,0.007638702,0.0007219003,0.011901284,0.6176069,0.08857107,3.0328596e-05,0.21733631
4,0,BB,SINGLE,0.31777173,0.034699198,0.00012964194,0.05243135,0.2036195,0.27673918,0.0021652856,0.11244416
7,4,OUT,BB,0.13195024,0.011978169,0.0012253545,0.005509299,0.39527178,0.14269125,0.0023439554,0.3090299
1,0,DOUBLE,SINGLE,0.43257996,0.040191486,0.018647335,0.02729329,0.15992835,0.06671469,0.09496809,0.15967676
5,4,SO,BB,0.19019671,0.0005354002,0.00095056614,0.0043423353,0.6990218,0.044406135,0.0023562608,0.058190797
7,2,OUT,TRIPLE,0.07160832,0.028163508,0.70044374,0.008740997,0.074325085,0.039942723,0.0048438637,0.071931824
7,5,OUT,SO,0.11553132,0.053470872,0.032767143,0.00010297692,0.28457642,0.3394899,0.001891584,0.17216982
0,0,SINGLE,SINGLE,0.6773824,0.0128340665,0.10399243,0.021997817,0.04700423,0.092465535,0.030054081,0.014269437
4,0,BB,SINGLE,0.3549319,0.033884346,0.11117679,0.005575665,0.2984978,0.13598354,0.0061753513,0.05377452
7,4,OUT,BB,0.14501467,0.030790774,0.0030102648,0.004882006,0.3804831,0.05494176,0.025811218,0.3550662
4,1,BB,DOUBLE,0.1816105,0.31276286,0.005058514,0.0038512736,0.14501707,0.08288021,0.00013668979,0.26868296
5,4,SO,BB,0.16141973,0.06473982,0.06981661,0.0106046675,0.4239754,0.17542969,0.0011160962,0.09289796
5,7,SO,OUT,0.15465613,0.01114507,0.012802195,0.002693231,0.07028002,0.05652138,0.01077667,0.68112534
7,7,OUT,OUT,0.1679139,0.014168228,0.0013392728,0.191179,0.13460465,0.08743823,0.0033772625,0.39997947
7,7,OUT,OUT,0.04850554,0.17314138,0.004059851,0.0008757958,0.06406858,0.28677133,0.0071054567,0.41547212
5,3,SO,HR,0.07119102,0.035577282,0.061778493,0.36257502,0.15628645,0.14749144,0.044977684,0.12012263
7,0,OUT,SINGLE,0.3508874,0.11787919,0.073827334,0.0067341533,0.054434095,0.045794114,0.011196412,0.33924732
7,4,OUT,BB,0.19023521,0.01699501,0.0021268972,0.024954475,0.4449446,0.07264212,0.001710006,0.24639174
0,7,SINGLE,OUT,0.12440404,0.010120598,0.000438653,0.018564597,0.09397935,0.16398932,0.002908837,0.5855946
0,7,SINGLE,OUT,0.034271196,0.001203202,6.654366e-05,0.0012471507,0.0084957015,0.10015465,0.0023049032,0.85225666
0,7,SINGLE,OUT,0.017548913,0.006635886,0.0065730307,0.044921745,0.009339261,0.17845055,0.0026991838,0.73383147
1,5,DOUBLE,SO,0.17540458,0.01750644,0.00041737972,0.00077488716,0.070479825,0.53269845,0.0043391855,0.19837926
7,4,OUT,BB,0.17655323,0.004693603,0.0066264984,0.06400791,0.31200892,0.12682873,0.029967219,0.2793139
7,4,OUT,BB,0.04213549,0.0036450909,0.00012729116,0.004251632,0.7853573,0.08807747,0.0005763193,0.07582931
7,7,OUT,OUT,0.012225039,0.00039110778,5.1942367e-05,2.8624576e-05,0.02313363,0.24794644,0.0002055805,0.71601766
7,0,OUT,SINGLE,0.51133376,0.077085204,0.009613521,0.015552488,0.07041041,0.09410333,0.00182398,0.22007735
3,1,HR,DOUBLE,0.2641742,0.41442806,0.0006672429,0.009781397,0.11156961,0.06943122,0.012518272,0.11743009
7,0,OUT,SINGLE,0.47544742,0.018552568,0.0028574832,0.023184123,0.10198578,0.059475463,0.021113368,0.29738373
0,7,SINGLE,OUT,0.17614597,0.06318711,0.015449585,0.06239444,0.048223663,0.26885712,0.036424313,0.32931787
7,6,OUT,HBP,0.12978917,0.04910603,0.01247998,0.034951307,0.07620098,0.05189969,0.41794965,0.22762315
0,0,SINGLE,SINGLE,0.35444885,0.0051635536,0.008547255,0.010374041,0.25209284,0.14181383,0.0035770165,0.2239826
7,0,OUT,SINGLE,0.42821553,0.0030395968,0.0008976176,0.0006255644,0.11709793,0.36262897,0.0022149906,0.08527976
5,5,SO,SO,0.17712447,0.019873446,0.03430796,0.034347136,0.07971305,0.40827164,0.006807561,0.23955476
7,5,OUT,SO,0.087039076,0.002842798,0.0021217994,0.0155497305,0.1997502,0.36350217,0.00016568616,0.32902852
0,0,SINGLE,SINGLE,0.56448317,0.08540203,0.030998807,0.0013670182,0.13225073,0.07571352,0.004220061,0.10556464
5,0,SO,SINGLE,0.23617204,0.13736832,0.061270438,0.018732807,0.18786521,0.16679995,0.0017470657,0.19004415
4,0,BB,SINGLE,0.70888543,0.0076865647,0.0017791963,0.02581257,0.015359243,0.043883312,7.4708165e-05,0.19651899
1,5,DOUBLE,SO,0.10789412,0.11338354,0.011906695,0.1607156,0.21373354,0.23319292,0.049376722,0.10979693
1,4,DOUBLE,BB,0.008156552,0.0019936792,0.0004567905,0.008889366,0.70559865,0.018348873,0.00091313984,0.25564286
3,4,HR,BB,0.069308236,0.031739734,0.0005982828,0.01646408,0.51869684,0.110872656,0.0037716497,0.24854851
7,0,OUT,SINGLE,0.4942605,0.099841624,0.02400377,0.025049191,0.031616263,0.094798215,0.09594792,0.13448247
7,7,OUT,OUT,0.137559,0.35137945,0.0045357537,5.4185362e-05,0.046993554,0.061471727,0.0077230507,0.39028332
7,1,OUT,DOUBLE,0.10064972,0.5006647,0.0014481376,0.009380619,0.13428122,0.1221031,0.009644427,0.121828035
7,7,OUT,OUT,0.243666,0.055512175,0.001632957,0.04363392,0.1127132,0.16353905,0.020026067,0.35927662
0,7,SINGLE,OUT,0.263309,0.13971014,0.0071913395,0.012379179,0.23134714,0.046762742,0.0046760286,0.29462448
5,7,SO,OUT,0.13350295,0.004706003,8.3542196e-05,0.00028402085,0.012758503,0.18903184,0.00019468021,0.65943843
7,5,OUT,SO,0.036852285,0.00040723468,0.00039905595,0.00030247387,0.006616375,0.9267346,0.00036691356,0.028321078
5,7,SO,OUT,0.26779443,0.09300069,0.012840322,0.024414334,0.0075816265,0.092489496,0.0018997426,0.49997932
1,7,DOUBLE,OUT,0.044546798,0.24433297,0.019346185,0.19794811,0.17958327,0.05389282,0.0001128583,0.26023704
5,3,SO,HR,0.05918989,0.07266904,0.0014155249,0.57298756,0.14979659,0.08391411,0.0025843596,0.05744303
0,7,SINGLE,OUT,0.084343925,0.020873738,5.055624e-05,0.00010282379,0.26740658,0.10990096,0.008089157,0.5092323
4,7,BB,OUT,0.23493762,0.019152168,0.0052877553,0.0098337885,0.31342587,0.082173,0.00011371007,0.33507612
7,5,OUT,SO,0.049700014,0.045880202,0.0016084095,0.01301465,0.20712027,0.4249023,0.0048302654,0.25294387
7,7,OUT,OUT,0.1765299,0.007008856,0.00015586797,0.0012303184,0.1396302,0.12482764,0.0017491538,0.548868
0,4,SINGLE,BB,0.11552708,0.029815238,0.0066198437,0.072984114,0.41312873,0.08150855,0.0011982273,0.27921817
4,5,BB,SO,0.033812787,0.041211937,0.0019425224,0.0013340827,0.062740594,0.789259,0.0010744126,0.068624675
7,7,OUT,OUT,0.11952777,0.060593277,0.006354815,0.1025435,0.066531874,0.200454,0.005527391,0.43846738
1,7,DOUBLE,OUT,0.11743818,0.023275025,0.0010390725,0.04090979,0.19477217,0.2936735,0.026017226,0.30287513
7,2,OUT,TRIPLE,0.030382236,0.11770918,0.7364038,0.0005833909,0.047868524,0.018938283,0.00058035966,0.047534205
5,4,SO,BB,0.08603976,0.30438557,0.003368701,0.0003605754,0.32325533,0.12982607,0.006731057,0.14603291
7,4,OUT,BB,0.046175897,0.008237535,0.027813377,0.00035369425,0.6343845,0.0015627258,1.0685577e-06,0.28147125
7,4,OUT,BB,0.00080692995,0.010254337,0.054598678,0.00020406062,0.9215628,0.001678986,1.5391432e-05,0.0108789215
7,1,OUT,DOUBLE,0.21201967,0.6238972,0.014242986,0.0061186813,0.10566942,0.003679621,0.01856318,0.015809251
1,4,DOUBLE,BB,0.22986734,0.08229729,0.0002642927,0.09362707,0.2949186,0.17691179,0.00164057,0.12047303
7,5,OUT,SO,0.24426222,0.025297008,0.00013154995,0.0018410028,0.0147416545,0.3916641,0.0035850091,0.3184775
5,5,SO,SO,0.13260457,0.0043347813,0.00082982786,0.000102219405,0.022109758,0.646156,0.0025003785,0.19136244
7,7,OUT,OUT,0.38912007,0.014561189,0.008133559,0.00058739644,0.0059168935,0.1864891,0.0040016826,0.39119023
0,4,SINGLE,BB,0.17128955,0.013395806,9.558287e-05,0.05738941,0.5721455,0.116199955,0.0016452697,0.067839004
4,4,BB,BB,0.0115659665,0.001744907,3.3497083e-05,0.00040183048,0.9768529,0.0022733973,0.00038693903,0.006740448
5,4,SO,BB,0.008983268,0.01823349,0.011735129,0.3707331,0.42130673,0.053251516,0.0012897026,0.114467
5,4,SO,BB,0.010301098,0.015642963,0.0054379916,0.0027368465,0.81428427,0.02359434,0.054083545,0.073918894
7,5,OUT,SO,0.09593274,0.00014673264,3.381471e-05,0.05660145,0.04885242,0.51075643,0.0020900758,0.28558636
5,5,SO,SO,0.016407108,0.030753795,8.051962e-05,0.00029417986,0.0010533414,0.7549669,0.00014451545,0.19629955
5,4,SO,BB,0.00076531945,0.0003808959,2.5617974e-10,0.009097737,0.53684026,0.056151427,9.610224e-07,0.39676335
7,7,OUT,OUT,0.28233072,0.066669874,0.0007611941,0.0005101098,0.0066313786,0.029250853,0.008007155,0.60583866
0,7,SINGLE,OUT,0.1371091,0.058069594,0.0040610717,0.0033982187,0.04537541,0.28558052,0.01685449,0.4495516
7,7,OUT,OUT,0.069031484,0.07851365,0.0035137562,0.029171254,0.080961764,0.28682813,0.0140440585,0.43793592
4,7,BB,OUT,0.13846593,0.11423487,0.0013210453,0.0053732465,0.10629952,0.10163161,0.010064624,0.5226092
7,1,OUT,DOUBLE,0.15633525,0.24098423,0.00041970194,0.13915148,0.09455711,0.11796327,0.017989697,0.23259926
7,0,OUT,SINGLE,0.3399547,0.2554695,0.00067830965,0.01661931,0.06766626,0.045801736,0.0018442043,0.271966
1,5,DOUBLE,SO,0.1423287,0.094163336,0.06643717,0.11124345,0.1512548,0.22079286,0.0012908871,0.2124888
7,4,OUT,BB,0.07931152,0.017062392,1.939566e-10,8.150816e-06,0.7265548,0.013137513,2.9164084e-06,0.16392264
4,7,BB,OUT,0.020792091,0.002442662,3.1965046e-05,0.000813545,0.1275551,0.046148807,0.00028202342,0.8019338
7,7,OUT,OUT,0.06462125,0.2792795,9.830768e-05,0.0053028646,0.01902962,0.073865674,0.0008053104,0.5569975
6,4,HBP,BB,0.01360866,0.010049427,0.00040944625,0.20402178,0.5944676,0.0824577,0.037540346,0.05744504
0,5,SINGLE,SO,0.15053585,0.23860745,7.207532e-05,0.012193294,0.1769654,0.39772207,0.003740945,0.020162994
1,7,DOUBLE,OUT,0.029720994,0.009198112,0.00013742225,6.429332e-05,0.00038046733,0.27037,1.2685097e-05,0.6901161
0,7,SINGLE,OUT,0.026452182,0.13961253,0.0041189347,0.013777507,0.003865042,0.21124998,0.20982201,0.3911018
0,5,SINGLE,SO,0.05332594,0.00021740294,7.974273e-07,0.00014226447,0.0015250675,0.8301832,8.9701556e-05,0.114515625
7,5,OUT,SO,0.012948241,0.17715563,0.00048050124,0.0043429174,0.20381398,0.31173056,2.6846314e-05,0.28950146
7,5,OUT,SO,0.120792575,0.0032817435,0.0014360938,0.00053373084,0.0054820245,0.7205113,0.0073438343,0.14061867
7,5,OUT,SO,0.31603047,0.016066466,0.0007128809,0.00023845104,0.0017789175,0.5422134,0.0007014149,0.12225806
0,0,SINGLE,SINGLE,0.35001114,0.010179822,0.00016333637,0.0037765007,0.08713493,0.26257306,0.22476614,0.061395016
5,5,SO,SO,0.026415978,0.012904123,0.0012398364,0.034510788,0.021137597,0.6615101,0.0008774711,0.24140403
5,4,SO,BB,0.014608187,0.03214906,0.000252695,0.08191057,0.34833804,0.34596,0.11762134,0.0591602
1,7,DOUBLE,OUT,0.033390675,0.0057010096,7.2596695e-06,0.00012040572,0.02797681,0.28600982,0.005352355,0.64144164
7,7,OUT,OUT,0.019261373,0.19512422,0.0012052263,0.00079177297,0.023473078,0.27065784,0.103726104,0.38576034
5,4,SO,BB,0.21201389,0.043092877,0.0008797188,0.093791686,0.27039823,0.09300095,0.1022398,0.18458286
7,6,OUT,HBP,0.012361533,0.018599788,5.2864976e-05,0.0045703356,0.07779843,0.058150176,0.7855569,0.042909976
7,5,OUT,SO,0.070768006,0.063775994,0.00015090105,0.00090391294,0.059521895,0.59061426,0.0010118403,0.21325319
7,5,OUT,SO,0.061310317,0.005094017,0.0008902315,0.12821975,0.071976714,0.55796206,0.0069528157,0.16759412
7,0,OUT,SINGLE,0.54802567,0.061736763,0.006744219,0.013405223,0.027890103,0.10173324,0.013657165,0.22680755
5,4,SO,BB,0.102968335,0.0024592648,0.00041292555,0.00075491285,0.47352067,0.03709875,0.0015597127,0.3812255
5,7,SO,OUT,0.14123295,0.036264427,0.0031819683,0.030751362,0.16184574,0.08641963,0.00019892311,0.540105
0,0,SINGLE,SINGLE,0.2929202,0.07991442,0.0033095595,0.00089067465,0.14043918,0.23828867,0.009790786,0.23444644
5,5,SO,SO,0.26680276,0.16326036,0.078375675,0.029195558,0.03577974,0.34377432,0.017402168,0.065409526
0,0,SINGLE,SINGLE,0.4827255,0.023358233,0.0017554447,0.0008245891,0.030680832,0.08595696,0.0051607843,0.36953768
4,4,BB,BB,0.1082533,0.02594203,0.0091984775,0.1027864,0.42337734,0.06540182,0.032386392,0.23265429
5,7,SO,OUT,0.0034770567,0.00042122073,3.7561518e-10,1.0685409e-06,0.05733264,0.035818838,0.00022243116,0.9027267
1,5,DOUBLE,SO,0.10391164,0.045437112,0.0011540147,0.0030037498,0.0041358005,0.6856126,0.0011429655,0.15560208
7,7,OUT,OUT,0.013201297,0.050208338,0.0021640381,0.00011170817,0.00025469216,0.43621948,3.1143576e-05,0.49780926
7,0,OUT,SINGLE,0.27615702,0.053350348,0.08667532,0.07093996,0.15751106,0.10479198,0.049240537,0.20133384
0,0,SINGLE,SINGLE,0.35102797,0.25484717,0.00414209,0.0047153677,0.11895577,0.13609247,0.003662546,0.12655668
5,0,SO,SINGLE,0.39271596,0.01674313,0.0142905135,0.023735406,0.12291156,0.08986186,0.01305236,0.32668915
7,7,OUT,OUT,0.08805915,0.0017525249,0.001988358,0.0004887877,0.006195292,0.35926694,0.00027704996,0.5419719
7,4,OUT,BB,0.02353679,0.060688872,0.008607351,0.10316492,0.48447976,0.13213712,0.013271892,0.17411327
4,5,BB,SO,0.06817409,0.13390222,0.003058289,0.083510414,0.25208366,0.37534964,0.0010258004,0.08289592
7,0,OUT,SINGLE,0.6184631,0.03539094,0.0076310006,0.13763915,0.025868662,0.04765986,0.0022554873,0.12509184
4,0,BB,SINGLE,0.30759555,0.06209382,0.007673566,0.028369138,0.074362025,0.2313042,0.0070833573,0.2815183
7,1,OUT,DOUBLE,0.085232645,0.4253895,0.0027538778,0.041950475,0.21988194,0.031441215,0.0009202084,0.19243015
0,0,SINGLE,SINGLE,0.28840822,0.10745644,0.0060900515,0.10329372,0.18119897,0.09140499,0.0039446056,0.21820302
7,3,OUT,HR,0.092631,0.04622526,0.00033990247,0.6400545,0.08975764,0.08228695,0.0024285458,0.046276182
0,1,SINGLE,DOUBLE,0.1806431,0.18900532,0.001737859,0.13614485,0.08919452,0.037127096,0.17989753,0.18624969
7,7,OUT,OUT,0.15472393,0.057613127,0.0027207779,0.0039060302,0.24163944,0.26164818,0.0154686775,0.26227975
5,7,SO,OUT,0.19371831,0.21941309,0.0007625095,0.005061773,0.14289744,0.18253861,0.0012975574,0.25431073
7,2,OUT,TRIPLE,0.042904563,0.012341156,0.6399617,0.0033060801,0.043033663,0.044896346,0.016841555,0.19671485
7,5,OUT,SO,0.0527851,0.010785282,0.0076549076,0.041246247,0.019824162,0.8225458,0.011523889,0.03363443
5,7,SO,OUT,0.0010294494,7.325526e-05,7.98941e-05,0.0003018856,0.00013304329,0.14162777,0.00013991274,0.8566148
7,7,OUT,OUT,0.15359665,0.08399392,0.032082275,0.031555302,0.10902584,0.13999853,0.02567342,0.42407405
0,4,SINGLE,BB,0.06611653,0.20011237,0.009500962,0.06346331,0.47911632,0.05441231,0.0031026741,0.124175556
4,3,BB,HR,0.13787006,0.049331136,0.0024909165,0.5860992,0.044805404,0.06526773,0.026872406,0.08726317
7,0,OUT,SINGLE,0.700833,0.043845538,0.00015625182,0.06631357,0.02065762,0.08491485,0.0005677608,0.08271143
5,0,SO,SINGLE,0.4365815,0.23218738,0.006981883,0.030304853,0.02898136,0.15707725,0.017999372,0.089886256
0,5,SINGLE,SO,0.12534574,0.16061674,0.0025733027,0.049899336,0.15756865,0.33686775,0.002558908,0.16456953
7,3,OUT,HR,0.10932543,0.09231333,0.00093458773,0.41273835,0.13670874,0.10283221,0.010352691,0.13479479
0,7,SINGLE,OUT,0.15923779,0.07464683,0.06780313,0.030377243,0.26820248,0.088814765,0.036844213,0.27407354
7,7,OUT,OUT,0.108718485,0.23132308,0.024530796,0.011040127,0.16324738,0.11064965,0.008393113,0.3420974
1,7,DOUBLE,OUT,0.3022027,0.009208027,0.00249384,0.0013961584,0.03165,0.14668438,0.0048335334,0.50153136
5,4,SO,BB,0.0024040893,0.07419902,0.0006351416,1.3171965e-05,0.9091284,0.0043612034,1.9338284e-05,0.009239613
0,7,SINGLE,OUT,0.01875545,0.007756206,0.0069169546,0.000293771,0.27182275,0.06471783,0.00012463331,0.6296125
7,4,OUT,BB,0.016390711,0.0120138535,0.017276146,0.021314621,0.69999045,0.047825653,0.0070435717,0.17814502
4,7,BB,OUT,0.050993357,0.009632951,0.0045716036,0.008576855,0.20954713,0.053847563,0.025548803,0.6372818
5,5,SO,SO,0.09525864,0.027378274,0.001572563,0.043266617,0.05777379,0.70841676,0.0023812775,0.06395198
5,5,SO,SO,0.14432314,0.0033923865,0.006104718,0.008104948,0.011453372,0.6493099,0.024595093,0.15271649
7,5,OUT,SO,0.13138206,0.0014809391,0.021767939,0.0044519147,0.018999392,0.46879032,0.0033389092,0.34978852
4,5,BB,SO,0.117014736,0.1292195,0.0017792992,0.0308739,0.10500018,0.56432563,0.0051620444,0.046624716
5,0,SO,SINGLE,0.4007088,0.007215816,0.00016116393,0.00090521114,0.36696962,0.15743208,0.0031002758,0.06350702
5,5,SO,SO,0.12170126,0.0034293523,0.010404566,0.0047074766,0.18965633,0.4051525,0.0007157322,0.26423272
4,5,BB,SO,0.15725058,0.01334495,0.0014393775,0.00046831107,0.2785976,0.30188048,0.0016220803,0.24539664
7,4,OUT,BB,0.1279217,0.03810031,0.019301616,0.0024725804,0.438821,0.053202722,0.010051093,0.31012905
0,5,SINGLE,SO,0.09153339,0.030316964,0.007279958,0.08469511,0.018775683,0.629784,0.012338341,0.1252766
7,0,OUT,SINGLE,0.36672685,0.10392773,0.009700525,0.055240933,0.06849029,0.07916476,0.016100781,0.30064815
0,5,SINGLE,SO,0.00472808,0.003556323,0.000113501774,7.419835e-05,0.0007232916,0.93151194,0.00022203206,0.059070654
5,0,SO,SINGLE,0.4474507,0.042339846,0.0016228262,0.00095882255,0.0155789,0.19487227,0.00017701101,0.29699957
7,5,OUT,SO,0.02089054,0.024928031,0.008387799,0.014751963,0.0051859953,0.8262312,0.0044616247,0.09516286
3,1,HR,DOUBLE,0.11879567,0.6822102,0.0004040181,0.0014122498,0.018321766,0.066589415,0.07243511,0.03983162
7,0,OUT,SINGLE,0.44467664,0.010246803,0.074830614,0.0051248805,0.18151273,0.082394324,0.031020187,0.17019375
7,3,OUT,HR,0.03864375,0.06707041,0.0015574537,0.47131205,0.31548235,0.017660799,0.00081215345,0.087461054
7,4,OUT,BB,0.019158227,0.17997575,0.0056344867,0.022113493,0.4672379,0.25075972,0.01741379,0.03770673
1,7,DOUBLE,OUT,0.08946301,0.20874809,0.009308843,0.0139777195,0.23481251,0.049457077,0.1341775,0.26005512
0,4,SINGLE,BB,0.15103252,0.06428145,0.0009529418,0.16610013,0.52511317,0.028529106,0.0050329003,0.05895777
3,7,HR,OUT,0.1349711,0.049550027,0.0001968372,0.01897674,0.22294536,0.07037353,0.0023664352,0.50062
7,3,OUT,HR,0.08663153,0.059662215,0.0029944729,0.41128993,0.16080478,0.015955336,0.0012920625,0.26136965
7,7,OUT,OUT,0.29792055,0.012347392,0.00045134092,0.004167348,0.08682043,0.17229165,0.0026341905,0.4233671
7,1,OUT,DOUBLE,0.12330351,0.27222574,0.010516937,0.052935876,0.09564732,0.19334629,0.17733917,0.07468523
7,0,OUT,SINGLE,0.46525916,0.08523561,0.003451607,0.006914982,0.04897783,0.300034,0.00079684064,0.08933004
6,5,HBP,SO,0.15040179,0.26654807,0.002128082,0.013955668,0.020258268,0.48753577,0.003191694,0.055980697
5,0,SO,SINGLE,0.35076967,0.035540722,0.0031232259,0.002099672,0.08142363,0.19999987,0.020898832,0.30614442
7,4,OUT,BB,0.15988086,0.15224156,0.00066735473,0.004754743,0.42405695,0.10091455,0.00028794346,0.15719599
7,0,OUT,SINGLE,0.28329685,0.1637782,0.021117764,0.00061288744,0.06554274,0.27012673,0.0009093783,0.19461545
4,5,BB,SO,0.050057005,0.0055177095,0.00039417497,0.0028078954,0.026510566,0.8769341,0.012725399,0.02505315
7,6,OUT,HBP,0.29875728,0.0061014653,0.0021921236,0.0027794435,0.0034584221,0.17192763,0.40598232,0.10880135
1,0,DOUBLE,SINGLE,0.42256823,0.053582054,0.018926768,0.013025622,0.104067825,0.14926492,0.05200504,0.1865596
5,7,SO,OUT,0.31344274,0.009352623,0.0015645727,0.0009780393,0.13874103,0.11714088,0.0072080726,0.4115721
0,7,SINGLE,OUT,0.1236377,0.10873179,0.08158814,0.007004251,0.0715857,0.26092914,0.06996847,0.27655482
7,0,OUT,SINGLE,0.3818171,0.07263808,0.0041024233,0.0018452589,0.20846544,0.15590179,0.0029757817,0.17225416
5,5,SO,SO,0.2239864,0.022076922,0.0029544306,0.013531269,0.0920614,0.31378943,0.10079389,0.23080634
0,5,SINGLE,SO,0.03655536,0.0013979218,2.6917614e-05,6.0197304e-05,0.006156546,0.87154543,0.00020117158,0.08405653
2,4,TRIPLE,BB,0.15338702,0.016388237,0.024338057,0.0006976029,0.47016343,0.22139011,0.0026544682,0.11098111
5,0,SO,SINGLE,0.4795545,0.10834576,0.0008202285,0.017764768,0.037373886,0.25845703,0.0005946511,0.09708921
7,7,OUT,OUT,0.26207048,0.031184353,0.0014035638,0.010530314,0.17117073,0.22857374,0.023589255,0.27147758
0,0,SINGLE,SINGLE,0.39655873,0.015540388,0.0056193615,0.0024508773,0.18357253,0.16880645,0.0005652338,0.22688635
5,5,SO,SO,0.06669014,0.02739739,0.07568449,0.0137763,0.123253584,0.4169251,0.031046368,0.24522668
7,5,OUT,SO,0.20167543,0.1420511,0.001062928,0.0044899234,0.08822732,0.34265828,0.031743266,0.1880917
7,4,OUT,BB,0.0401126,0.116202556,0.012740811,0.03501978,0.36919433,0.05529754,0.12581925,0.24561325
0,5,SINGLE,SO,0.12906154,0.15157206,0.0010446238,0.013258151,0.09734822,0.390871,0.019482084,0.19736233
5,7,SO,OUT,0.086909994,0.006680042,0.01446721,0.1881199,0.08284772,0.2967258,0.024090191,0.30015904
7,0,OUT,SINGLE,0.55039716,0.09255872,0.002408406,0.0040455987,0.03401538,0.0654408,0.15735699,0.093776904
4,4,BB,BB,0.16813752,0.005110298,0.102112986,0.008002091,0.30359527,0.25900862,0.009485964,0.14454722
4,1,BB,DOUBLE,0.031565525,0.42475495,0.0016015666,0.006211008,0.28894755,0.10461654,0.0028576537,0.13944523
0,4,SINGLE,BB,0.059653457,0.052711885,0.00019088996,0.00016537677,0.7009509,0.026583316,0.0069635585,0.15278058
0,1,SINGLE,DOUBLE,0.060966317,0.91480756,2.7882921e-05,0.00018534827,0.0054343403,0.004340413,0.0008273595,0.01341062
7,1,OUT,DOUBLE,0.27957687,0.3473312,0.0014966491,0.005256151,0.03304955,0.277943,0.0012788456,0.054067753
7,7,OUT,OUT,0.19784766,0.12221571,0.045619264,0.020328835,0.03787692,0.050044972,0.15574668,0.37031996
0,5,SINGLE,SO,0.02281813,0.11446567,0.00464992,0.0015231284,0.007498012,0.7909577,0.02716275,0.03092466
0,7,SINGLE,OUT,0.1754377,0.12535337,0.005290683,0.06314644,0.020620344,0.17949003,0.062625825,0.3680356
1,0,DOUBLE,SINGLE,0.70746577,0.0075643533,0.00081066263,0.002713424,0.04151597,0.18927407,0.0045496975,0.04610593
5,5,SO,SO,0.026772328,0.06331679,0.008834355,0.0019227772,0.041776024,0.7746886,0.012988472,0.06970056
7,2,OUT,TRIPLE,0.14758031,0.0038923237,0.35621566,0.015046885,0.17294522,0.07414963,0.03192652,0.19824344
7,4,OUT,BB,0.1294856,0.01183163,0.00036854856,0.0010111601,0.489054,0.2018544,0.009438177,0.15695657
7,7,OUT,OUT,0.17892106,0.13039252,0.004180278,0.0031251682,0.18868276,0.14740722,0.00062730163,0.3466637
7,0,OUT,SINGLE,0.33967635,0.03671322,0.0040478683,0.0012546189,0.09730478,0.28707606,0.005908392,0.22801867
7,5,OUT,SO,0.065008216,0.016715808,0.00077943807,0.014075887,0.100497834,0.43812695,5.22442e-05,0.3647436
6,7,HBP,OUT,0.07895437,0.014779006,0.0022273206,0.05725471,0.2192327,0.071340926,0.19937782,0.35683313
4,7,BB,OUT,0.19731848,0.0053687776,0.0026799522,0.015430187,0.09587572,0.14373165,0.07215297,0.46744233
7,7,OUT,OUT,0.019938603,0.0296511,4.636414e-05,0.0042529213,0.030938642,0.11455233,0.0047022714,0.79591775
7,0,OUT,SINGLE,0.5472249,0.007060808,0.0015724659,0.0021052477,0.12145419,0.114395626,0.0006876805,0.20549913
5,0,SO,SINGLE,0.24925672,0.014446854,0.0017919871,0.0810269,0.15230344,0.19857249,0.17655602,0.12604554
5,7,SO,OUT,0.259619,0.004567564,0.0019553902,0.0017046966,0.11386132,0.21711498,0.003808331,0.39736873
7,5,OUT,SO,0.06257874,0.01797788,0.0062031234,0.121874936,0.0048208353,0.38891968,0.16381268,0.23381203
7,5,OUT,SO,0.33633643,0.03180061,0.0009700686,0.003050866,0.06431935,0.4107175,0.0009800416,0.15182519
4,5,BB,SO,0.19168846,0.03667575,0.016886277,0.00043057415,0.11990047,0.5050009,0.04768727,0.08173028
7,4,OUT,BB,0.041068036,0.07214049,0.0001672978,0.002326581,0.48928905,0.3675377,0.0022767957,0.025194068
7,5,OUT,SO,0.19975728,0.0404608,0.0031951312,0.010213562,0.19783853,0.23294008,0.1820643,0.13353035
7,7,OUT,OUT,0.027403865,0.015549072,0.006651355,0.002720321,0.057141803,0.115518555,0.14042303,0.634592
7,5,OUT,SO,0.14676127,0.09773656,0.022963788,0.017300097,0.048076756,0.35673562,0.13489543,0.17553048
7,0,OUT,SINGLE,0.36682275,0.018823344,0.0042669703,0.056442864,0.12965435,0.17820695,0.0016407988,0.24414198
5,5,SO,SO,0.07215297,0.0037961528,0.006668879,0.0049727773,0.03870992,0.5633418,0.023750637,0.28660688
7,7,OUT,OUT,0.1988985,0.052360866,0.0011610546,0.071425796,0.110338844,0.18625334,0.00028088773,0.37928078
7,0,OUT,SINGLE,0.5889716,0.024822833,0.02412012,0.015331028,0.1211765,0.1718292,0.0018954907,0.05185322
7,5,OUT,SO,0.01953069,0.1250299,0.0010702639,0.0076288744,0.04978621,0.66853046,0.07384804,0.05457559
5,5,SO,SO,0.19642374,0.0031910094,0.11261522,0.00065373024,0.09423012,0.48999205,0.00057345803,0.10232061
7,0,OUT,SINGLE,0.5117921,0.07807442,0.043123797,0.048439585,0.050337143,0.06159119,0.0030233397,0.20361835
7,0,OUT,SINGLE,0.7124375,0.016217802,0.002705996,0.0013755824,0.024750598,0.10237663,0.00086494023,0.1392709
4,7,BB,OUT,0.1379676,0.033248838,0.0050147614,0.019208005,0.008110461,0.3869839,0.00045488653,0.40901157
0,0,SINGLE,SINGLE,0.23428164,0.04134371,0.032282863,0.005723854,0.15730886,0.13744842,0.16624963,0.2253611
5,7,SO,OUT,0.2337747,0.004793318,0.002134892,0.0080789765,0.19282071,0.07139735,0.10293908,0.38406092
0,7,SINGLE,OUT,0.20849799,0.066621535,0.0004010356,0.0033841464,0.09769175,0.23446201,0.035933092,0.35300848
5,5,SO,SO,0.16864417,0.005773369,0.0003442416,0.014154869,0.04243947,0.39126706,0.005940068,0.3714367
1,5,DOUBLE,SO,0.020300671,0.23422353,0.07527886,0.0038221623,0.019306831,0.3589295,0.11184031,0.17629816
7,5,OUT,SO,0.02835025,0.13659538,0.009422472,0.0013898723,0.014558373,0.6421638,0.0076030632,0.15991682
7,7,OUT,OUT,0.10149513,0.009336364,0.0019943018,0.06342894,0.006786736,0.22031474,0.01850537,0.5781385
7,5,OUT,SO,0.12174157,0.016429415,0.0057058525,0.075247385,0.091435716,0.44254655,0.0014786953,0.24541487
6,4,HBP,BB,0.1799675,0.11354242,0.010302864,0.017641282,0.32176438,0.12111019,0.00539783,0.23027354
4,0,BB,SINGLE,0.46822435,0.04118193,0.0010739344,0.010033581,0.08576695,0.07434651,0.011419689,0.307953
5,5,SO,SO,0.2276017,0.012820805,0.0009620457,0.0006530163,0.13858023,0.23878671,0.23016872,0.1504267
7,7,OUT,OUT,0.1886436,0.121369295,0.0024737038,0.02466177,0.051131062,0.24292268,0.02250537,0.3462926
5,5,SO,SO,0.0356615,0.013696783,0.0006260217,0.002556414,0.001035644,0.940285,0.0015692884,0.004569412
7,0,OUT,SINGLE,0.29276818,0.1260489,0.022801928,0.0073966016,0.28103417,0.09191763,0.0007463548,0.17728622
7,0,OUT,SINGLE,0.29287142,0.24109699,0.04935222,0.0004245855,0.18328795,0.092381,0.011508721,0.12907714
0,7,SINGLE,OUT,0.05144863,0.021734083,0.00828736,0.007327976,0.012215667,0.40809596,0.00019732359,0.49069294
4,5,BB,SO,0.12595558,0.116488904,0.016258467,0.018650781,0.25811997,0.26220998,0.006460652,0.19585569
3,0,HR,SINGLE,0.6440339,0.10608582,0.028397713,0.0019267874,0.010160509,0.10386582,0.00049070327,0.10503869
7,0,OUT,SINGLE,0.55294603,0.082074106,0.00064756814,0.0027614716,0.08390748,0.06478879,0.026527287,0.18634719
7,0,OUT,SINGLE,0.37868717,0.027103173,0.002398657,0.05223668,0.10870999,0.10856711,0.009568412,0.3127288
7,0,OUT,SINGLE,0.45012647,0.05956686,0.0008165671,0.046221614,0.0666612,0.0873404,0.0022585478,0.2870083
3,5,HR,SO,0.07058767,0.02112879,0.0005845351,0.09543528,0.0454732,0.6361735,0.0061252243,0.12449179
7,5,OUT,SO,0.24078189,0.17153971,0.0020300464,0.012374214,0.06854214,0.3205462,0.0007317348,0.18345402
7,5,OUT,SO,0.24488442,0.020196447,0.0006920815,0.036500104,0.06726317,0.38847888,0.00024445553,0.24174036
7,7,OUT,OUT,0.178521,0.10028956,0.056849748,0.0006157694,0.085094444,0.27876237,0.0051614386,0.29470578
5,5,SO,SO,0.22877283,0.00025526216,0.00040250242,0.0031902464,0.0075855544,0.6560429,0.017943395,0.085807346
5,7,SO,OUT,0.25009018,0.13216782,0.010496804,0.0066440864,0.017836535,0.046179816,0.004751046,0.5318337
7,1,OUT,DOUBLE,0.12372802,0.61707056,0.020807257,0.019792184,0.08231947,0.05932254,0.012931292,0.0640287
7,0,OUT,SINGLE,0.39387664,0.017728532,0.011876486,0.0022364855,0.17701155,0.13155897,0.0035440666,0.2621673
5,5,SO,SO,0.29193348,0.026122615,0.048395365,0.001805861,0.033657055,0.39576605,0.015654828,0.18666472
7,4,OUT,BB,0.24896483,0.10263108,0.024590958,0.018375635,0.39674532,0.09996333,0.002997125,0.105731696
7,0,OUT,SINGLE,0.44189447,0.01835659,0.009842831,0.0033781847,0.25655803,0.032254014,0.0072088563,0.23050705
0,7,SINGLE,OUT,0.4144593,0.027550042,0.031459853,0.025526768,0.031516038,0.034123905,0.018483594,0.41688058
7,7,OUT,OUT,0.12354284,0.010009864,0.0010784866,0.12326151,0.25172916,0.1947656,0.0022335725,0.29337898
5,5,SO,SO,0.14769149,0.05410258,0.0018745473,0.009213708,0.036425497,0.70834774,0.00022611853,0.04211833
1,0,DOUBLE,SINGLE,0.40753287,0.0989132,0.003349289,0.0714491,0.114574336,0.05239127,0.0024992428,0.24929056
7,5,OUT,SO,0.22763917,0.002230231,0.0024671026,0.0019477007,0.017501237,0.5736153,0.019088818,0.15551038
7,7,OUT,OUT,0.2759384,0.037786223,0.1308533,0.0012581634,0.030277565,0.21205911,0.001339237,0.31048808
0,0,SINGLE,SINGLE,0.43913615,0.05883621,0.0028685166,0.014686426,0.27698678,0.045273326,0.023511844,0.13870077
7,7,OUT,OUT,0.046271827,0.0061221784,0.00033686563,0.010555855,0.3932116,0.058634106,0.0009927582,0.4838749
5,7,SO,OUT,0.09324115,0.057858426,0.00025702975,0.031196825,0.089227825,0.10035071,0.0009825637,0.6268855
7,7,OUT,OUT,0.15163381,0.09677644,0.00089980575,0.008882209,0.18812068,0.042655118,0.009168942,0.501863
7,5,OUT,SO,0.17417808,0.19853723,0.0025966647,0.00319893,0.026534837,0.26629815,0.10546187,0.22319427
7,5,OUT,SO,0.12691388,0.058626693,0.00015921135,0.0011073662,0.018468907,0.49655196,0.0002630989,0.29790887
4,4,BB,BB,0.07815023,0.10150885,0.010739466,0.0132957,0.5044119,0.20500636,0.0041309632,0.08275649
5,5,SO,SO,0.13993661,0.062891245,0.0037067984,0.0018916979,0.04796017,0.3765912,0.17673145,0.19029088
7,5,OUT,SO,0.13559626,0.13039105,0.0019583923,0.016521355,0.02398813,0.34605315,0.0034769939,0.34201473
5,0,SO,SINGLE,0.41340515,0.015444157,0.0023281688,0.23687892,0.010412995,0.0057693226,0.010130938,0.30563042
0,7,SINGLE,OUT,0.10016317,0.06227132,0.0048971716,0.044515435,0.08225994,0.26969337,5.2094187e-05,0.4361475
7,5,OUT,SO,0.026863612,0.033584848,3.2815282e-05,0.00017719486,0.009591171,0.7094561,0.00020014953,0.22009407
7,0,OUT,SINGLE,0.5478871,0.020890078,0.0771274,0.0011103827,0.1463467,0.06263613,0.0011889179,0.14281334
7,5,OUT,SO,0.21056253,0.18765648,0.08050234,0.0015724138,0.10450892,0.25818923,0.0044356133,0.15257253
7,0,OUT,SINGLE,0.5268914,0.023315689,0.048941616,0.0037935185,0.053507965,0.19715862,0.0029081823,0.14348304
7,0,OUT,SINGLE,0.7316968,0.029726375,0.00025521644,0.00019343957,0.027249957,0.1163653,0.00020275135,0.09431015
7,5,OUT,SO,0.15197481,0.0065954626,0.001512608,0.0013537483,0.22863892,0.47675148,0.0018211472,0.13135177
7,4,OUT,BB,0.16928446,0.086269,0.008096106,0.015604381,0.39239794,0.18183891,0.0055418094,0.14096725
0,4,SINGLE,BB,0.14215678,0.04888948,0.00031067582,0.0008231835,0.6515633,0.07720596,0.0005800547,0.078470595
4,7,BB,OUT,0.10857598,0.036583357,0.00015712135,0.007555042,0.19750348,0.09541892,0.00047783816,0.5537282
7,5,OUT,SO,0.10288596,0.043070357,0.055203103,0.050181326,0.04898732,0.34917697,0.20650446,0.14399052
7,5,OUT,SO,0.015048582,0.03158759,0.010530954,0.10989832,0.06776011,0.702428,0.0049540987,0.057792343
0,7,SINGLE,OUT,0.3096574,0.10477113,0.0016105165,0.0067831893,0.00890504,0.053742357,0.0018144448,0.5127159
5,7,SO,OUT,0.18861713,0.03885461,0.0073135914,0.15577662,0.08749832,0.1446723,0.03662094,0.34064645
0,0,SINGLE,SINGLE,0.6503766,0.048698623,0.00025486897,0.00017954766,0.08400086,0.11282018,0.00012783337,0.10354141
7,4,OUT,BB,0.19908454,0.004407219,0.004927997,0.0023322671,0.45797685,0.059217565,9.886169e-05,0.27195475
5,0,SO,SINGLE,0.572923,0.009973765,0.009074174,0.001948251,0.060413707,0.24687861,0.0011957035,0.09759274
7,7,OUT,OUT,0.18719395,0.049783617,0.03302003,0.03348552,0.046289798,0.1949998,0.097964995,0.35726225
7,7,OUT,OUT,0.18878716,0.07967663,0.0016940981,0.0029404066,0.02935669,0.07071443,0.028136984,0.5986936
7,0,OUT,SINGLE,0.3652896,0.023584682,0.063861236,0.015285022,0.124708444,0.21862186,0.010386877,0.17826225
3,5,HR,SO,0.01970108,0.0077347406,0.006754511,0.1272801,0.060579848,0.63721764,1.837649e-05,0.14071362
1,0,DOUBLE,SINGLE,0.6245825,0.020848148,0.0031999608,0.0029018372,0.045319144,0.12413479,0.015598369,0.16341518
7,0,OUT,SINGLE,0.67495877,0.07666514,0.0005313211,0.0006631391,0.056563694,0.01183581,0.0018723176,0.17690988
5,0,SO,SINGLE,0.49870583,0.006736732,0.013617311,0.0008799923,0.12809719,0.22584039,0.09764298,0.028479643
5,7,SO,OUT,0.14591387,0.0023774547,0.011467218,0.0024152028,0.35379222,0.0603282,0.0048446055,0.41886124
4,7,BB,OUT,0.14674455,0.060694497,0.0043792957,0.0068907174,0.17007555,0.2500553,0.004317119,0.35684296
5,7,SO,OUT,0.08718246,0.015426493,0.00088361336,0.05920838,0.10855973,0.33920178,0.0028377485,0.38669974
7,0,OUT,SINGLE,0.51969993,0.025426943,0.0018230521,0.003139925,0.010271016,0.15253238,0.00017040627,0.2869363
7,0,OUT,SINGLE,0.33574128,0.11820138,0.001781706,0.0006140678,0.104910724,0.27146128,0.075166754,0.09212285
5,5,SO,SO,0.43191066,0.0017205026,0.00076788245,0.00068177114,0.024841258,0.47182098,0.0048131864,0.06344372
1,5,DOUBLE,SO,0.10183175,0.15308438,0.00035442147,0.08603854,0.010677489,0.553232,0.0033381518,0.09144327
1,7,DOUBLE,OUT,0.45807573,0.042113863,0.0005123629,0.009571869,0.0050245654,0.020759176,0.0030523115,0.46089014
7,7,OUT,OUT,0.29859865,0.05709442,0.011983679,0.0021792513,0.059835766,0.029079843,0.0041583884,0.5370701
7,0,OUT,SINGLE,0.3403168,0.14106922,0.0072422465,0.0464793,0.12447615,0.026666699,0.0055255014,0.3082241
7,0,OUT,SINGLE,0.38961363,0.033437222,0.0012451813,0.044022918,0.036926426,0.20063664,0.000951618,0.2931664
7,0,OUT,SINGLE,0.54123265,0.01699784,0.0014907791,0.0035408316,0.0610134,0.04935741,0.0045863297,0.32178068
0,3,SINGLE,HR,0.06610848,0.15516312,0.005658975,0.52159005,0.08394815,0.025198933,0.023391597,0.118940696
7,0,OUT,SINGLE,0.3373266,0.06729999,0.0694893,0.032051187,0.041807942,0.11376584,0.097725704,0.24053343
5,6,SO,HBP,0.03373537,0.013437127,0.0003286362,0.013909868,0.008649456,0.013634095,0.86042035,0.055885088
0,7,SINGLE,OUT,0.13106935,0.090563096,0.003788438,0.16562833,0.051476404,0.09177079,0.0054604937,0.46024305
7,6,OUT,HBP,0.09331259,0.018349836,0.0310066,0.020195823,0.024610737,0.041561633,0.699023,0.07193982
7,5,OUT,SO,0.1528917,0.03835854,0.0007195877,0.04314129,0.058447257,0.45183948,0.008762988,0.24583909
4,0,BB,SINGLE,0.6344834,0.010628135,0.00037291707,0.00089111464,0.04275065,0.052534923,0.008983457,0.24935542
7,6,OUT,HBP,0.23112765,0.0527429,0.00631833,0.06836585,0.08868264,0.036671553,0.39867267,0.117418356
5,7,SO,OUT,0.23171516,0.11183534,0.0032710368,0.10317259,0.008404965,0.044273973,0.066127576,0.43119937
5,1,SO,DOUBLE,0.10422624,0.5094518,0.00847289,0.050730474,0.0063726977,0.11493088,0.028384395,0.17743064
0,7,SINGLE,OUT,0.10565478,0.07271033,0.0023746039,0.028943928,0.1510591,0.050979223,0.010003302,0.57827467
0,1,SINGLE,DOUBLE,0.14028493,0.54244846,0.0032885037,0.050201517,0.03899181,0.07235373,0.053793073,0.09863794
4,7,BB,OUT,0.2062349,0.067607194,0.010844383,0.080497086,0.009803706,0.11635962,0.10498793,0.40366513
4,2,BB,TRIPLE,0.08755702,0.16397893,0.41786286,0.09519804,0.049775854,0.05346215,0.01204362,0.12012149
7,3,OUT,HR,0.11626424,0.0051766424,0.00015055135,0.6056517,0.01539423,0.016118474,0.060928244,0.1803158
7,0,OUT,SINGLE,0.3506664,0.02615086,0.001408516,0.045016002,0.31057063,0.03311426,0.18645033,0.046623077
7,7,OUT,OUT,0.100442804,0.012274455,0.012236627,0.04842159,0.060609564,0.11740281,0.276065,0.37254712
7,7,OUT,OUT,0.2572415,0.14907219,0.001538189,0.106530026,0.05468167,0.11319594,0.0022895278,0.315451
5,0,SO,SINGLE,0.29512027,0.07727511,0.21430933,0.016662281,0.059770748,0.08296092,0.07307972,0.18082166
5,7,SO,OUT,0.05727877,0.13532329,0.0064920764,0.00791705,0.2920412,0.054477733,0.0029651897,0.44350463
7,0,OUT,SINGLE,0.35483634,0.020013161,0.011203484,0.16965166,0.012243685,0.06277837,0.0641252,0.30514807
7,5,OUT,SO,0.12876798,0.05917587,0.0002938534,0.034731522,0.14159621,0.5145169,0.031857852,0.089059755
5,5,SO,SO,0.19734733,0.0072453734,0.049561862,0.012450424,0.13775949,0.31083125,0.0392375,0.24556676
7,4,OUT,BB,0.0953309,0.043839306,0.0035895659,0.019126307,0.49141988,0.19155474,0.0015990174,0.15354024
7,7,OUT,OUT,0.12789486,0.04749301,0.0018026107,0.003704902,0.03984207,0.20226526,0.009524422,0.5674729
7,3,OUT,HR,0.09351366,0.0038466905,0.0020210834,0.47866905,0.012226512,0.21768261,0.00020665578,0.19183373
5,4,SO,BB,0.079866715,0.19445744,0.004626514,0.005372821,0.4813599,0.103011504,0.024022983,0.107282065
7,7,OUT,OUT,0.012925176,0.01078136,0.040797085,0.011990198,0.19656377,0.1513972,0.030677918,0.5448674
0,5,SINGLE,SO,0.31988555,0.04778577,0.00036563727,0.0033791745,0.019486997,0.3729504,0.011443151,0.22470336
7,0,OUT,SINGLE,0.28554705,0.04374716,0.0004836783,0.042349566,0.13494252,0.24716675,0.018641993,0.22712132
7,0,OUT,SINGLE,0.37762538,0.03794951,0.00037121138,0.091371164,0.06605611,0.18659392,0.0016539723,0.23837878
7,0,OUT,SINGLE,0.2873859,0.035070643,0.0022225853,0.0052056336,0.13673256,0.2385932,0.20707148,0.08771804
3,4,HR,BB,0.0990106,0.04216851,0.046468444,0.13690504,0.51361275,0.08207254,0.00068796385,0.07907418
7,2,OUT,TRIPLE,0.08742912,0.05587919,0.49899927,0.026578657,0.11362075,0.16755748,0.005450079,0.044485446
7,0,OUT,SINGLE,0.30005762,0.055094928,0.120589204,0.010974703,0.28050947,0.15703091,0.001677929,0.07406524
0,5,SINGLE,SO,0.22187045,0.0042887,0.0047962912,0.0677755,0.0829359,0.5354966,0.0037391242,0.07909735
7,4,OUT,BB,0.14826822,0.17377917,0.0032326854,0.089061625,0.38502604,0.1044388,0.002678046,0.09351545
5,4,SO,BB,0.08354568,0.020192377,0.0075538396,0.26114592,0.3517842,0.1264916,0.00025577677,0.1490305
7,4,OUT,BB,0.17422457,0.029460026,0.1437912,0.0071345945,0.28577352,0.032606572,0.060336605,0.266673
7,4,OUT,BB,0.029194904,0.009691574,2.8345594e-05,0.00012266483,0.8811748,0.04713957,0.0015056639,0.03114247
5,5,SO,SO,0.0076644737,0.0005819205,0.0003587244,0.044939898,0.0074589327,0.7262345,0.09562474,0.11713684
7,7,OUT,OUT,0.17404221,0.023856273,0.0010236203,0.00065664557,0.017930588,0.17921567,2.4868834e-05,0.60325015
5,5,SO,SO,0.16903462,0.022328507,0.003001808,0.0003819737,0.04122046,0.48705733,0.00065915723,0.27631608
7,0,OUT,SINGLE,0.7010185,0.0042808,0.0002237375,0.0052623367,0.11651961,0.06806512,0.019462947,0.08516697
0,0,SINGLE,SINGLE,0.5265885,0.018709213,0.00060461357,0.013605979,0.0118887015,0.29593405,0.0030681847,0.12960075
3,5,HR,SO,0.13960168,0.0022305327,0.0006177097,0.0013361834,0.1413153,0.6032236,0.0059328442,0.10574213
0,0,SINGLE,SINGLE,0.5360529,0.037627902,0.00023338207,0.034361385,0.11857224,0.11771542,0.058912616,0.09652422
7,6,OUT,HBP,0.046636634,0.004045112,0.0004049964,0.0037456779,0.04889707,0.24724406,0.61927885,0.029747672
7,5,OUT,SO,0.017606715,0.017522806,0.0005154758,0.00078686286,0.020300692,0.9194159,0.0035254492,0.02032603
0,5,SINGLE,SO,0.11897549,0.005212711,0.0015096115,0.00031684304,0.18620448,0.57090116,0.00026385247,0.116615854
7,1,OUT,DOUBLE,0.005930098,0.65739185,0.0011291334,0.00029704944,0.28746724,0.03031645,0.00015116831,0.017317003
1,4,DOUBLE,BB,0.012749296,0.015360331,0.013776569,0.00036101477,0.8969973,0.02775734,0.00010975303,0.03288845
4,4,BB,BB,0.10871817,0.17597279,0.000227597,0.0027472859,0.44739068,0.17073189,0.003070449,0.09114107
5,0,SO,SINGLE,0.3727801,0.33749357,0.00809132,0.004761434,0.07090773,0.103236765,0.0049066907,0.09782234
7,7,OUT,OUT,0.101501115,0.2864659,0.0016793923,0.0063044033,0.059933096,0.08797524,0.047340374,0.4088005
7,1,OUT,DOUBLE,0.14560981,0.32826602,0.0038680441,0.017849335,0.17466058,0.034908213,0.016147505,0.27869058
7,7,OUT,OUT,0.29102996,0.08366878,0.007350493,0.012077569,0.061810445,0.0582699,0.016851034,0.46894178
4,7,BB,OUT,0.15602085,0.049281143,0.0015986471,0.017833935,0.27908683,0.07251592,0.009742332,0.41392028
7,7,OUT,OUT,0.1296277,0.00906422,0.0005297052,0.00023075975,0.22837925,0.08074077,0.00035345688,0.551074
4,0,BB,SINGLE,0.342137,0.106376074,0.0018025269,0.0041043204,0.14387235,0.10161532,0.00062503014,0.2994674
0,7,SINGLE,OUT,0.2523531,0.010169898,0.024112595,0.059519578,0.1957876,0.07551641,0.034161966,0.3483788
4,1,BB,DOUBLE,0.15060443,0.5655808,0.0006713777,0.0007776276,0.08062866,0.0637895,0.0003125297,0.13763504
2,4,TRIPLE,BB,0.0028275428,0.002000013,0.0023724923,0.001766413,0.38205573,0.2955047,2.0872387e-05,0.31345227
7,7,OUT,OUT,0.21486971,0.0004219556,0.0012882384,0.040099166,0.03434246,0.29534885,0.00015863437,0.41347104
5,3,SO,HR,0.075840905,0.0030432043,0.000247635,0.85033107,0.020899227,0.020198211,1.830315e-06,0.029437931
0,0,SINGLE,SINGLE,0.6982796,0.1198728,0.000363783,0.0005596509,0.013600461,0.07458615,0.0010033228,0.09173431
0,7,SINGLE,OUT,0.21161921,0.19443475,0.01747368,0.0006780339,0.122608006,0.15070975,0.0014998699,0.30097663
0,0,SINGLE,SINGLE,0.56093735,0.0071090753,0.004247025,0.0038788924,0.09701913,0.13603052,0.020642688,0.17013523
7,5,OUT,SO,0.16575523,0.017059615,0.003941853,0.002630931,0.09350034,0.3825895,0.00036504067,0.33415756
4,4,BB,BB,0.23331635,0.18626368,0.016912311,0.006809131,0.4495542,0.07948791,0.0006144088,0.027041905
4,7,BB,OUT,0.043430604,0.0039634295,0.020546194,0.0017565578,0.02331655,0.05571251,0.0010278717,0.85024625
0,4,SINGLE,BB,0.0248685,0.0084796,0.004530206,0.12670298,0.67280716,0.05225241,0.01584121,0.09451798
5,7,SO,OUT,0.088284135,0.0016858908,0.00031259275,0.0018968923,0.12924725,0.179674,0.00020093584,0.5986983
5,0,SO,SINGLE,0.24890186,0.23283151,0.033502128,0.037793905,0.038916416,0.1771828,0.03539814,0.19547325
5,0,SO,SINGLE,0.37751436,0.23302467,9.91492e-06,0.00012983302,0.06873775,0.0014141486,0.08382842,0.23534095
7,0,OUT,SINGLE,0.8513845,0.0031012255,0.00056623935,0.00034001426,0.0029308586,0.025132064,0.004279695,0.112265505
4,7,BB,OUT,0.31747139,0.16170807,0.010820444,0.01540582,0.01006738,0.072636284,0.007292556,0.404598
0,5,SINGLE,SO,0.12138345,0.04059316,0.00022327807,0.0051904796,0.049402446,0.51207024,0.12672818,0.1444088
4,7,BB,OUT,0.10520192,0.044046164,0.0011401064,0.010231888,0.14391252,0.3066663,0.009280239,0.37952083
0,5,SINGLE,SO,0.13572513,0.058721833,0.00030378348,0.00092928443,0.07329459,0.61202776,0.0053578825,0.11363979
7,5,OUT,SO,0.09045997,0.06189261,0.0037468693,0.008284504,0.04260153,0.5701673,0.009048959,0.21379825
5,1,SO,DOUBLE,0.09411751,0.49909434,0.027861487,9.7228214e-05,0.015142651,0.10966555,0.0036308705,0.25039047
4,5,BB,SO,0.24730407,0.027139543,0.0006304092,0.10345191,0.15020257,0.28292078,0.0023311877,0.18601963
5,7,SO,OUT,0.15689419,0.025648743,0.0013003512,0.0031832657,0.25255492,0.091267265,0.032678936,0.43647233
7,5,OUT,SO,0.10261615,0.0077175642,0.001552893,0.00076327345,0.30614042,0.48503318,0.00082260644,0.095353864
0,5,SINGLE,SO,0.20392607,0.0038139145,0.00018521557,0.00033626953,0.14838314,0.6153248,0.00022262252,0.027807921
7,7,OUT,OUT,0.19422369,0.014499002,0.0028504434,0.015730092,0.02969142,0.14023758,0.21803212,0.38473558
5,0,SO,SINGLE,0.5924,0.0062283664,0.019569466,0.022824047,0.033535205,0.057641912,0.048717957,0.2190831
7,6,OUT,HBP,0.058283772,0.14094211,0.007993587,0.02623669,0.034944627,0.06643216,0.34581056,0.3193565
0,7,SINGLE,OUT,0.28568152,0.16140345,0.0016621262,0.0655835,0.10907883,0.023858625,0.032827925,0.31990403
7,0,OUT,SINGLE,0.7061742,0.022050703,0.0011019381,0.0024472992,0.018764177,0.021510417,0.020187948,0.20776333
7,7,OUT,OUT,0.13428988,0.10111661,0.014374293,0.20264277,0.052751485,0.08028242,0.16306344,0.2514791
4,0,BB,SINGLE,0.57287455,0.021519229,0.0040571373,0.031839494,0.09921533,0.037577473,0.06546539,0.16745144
7,0,OUT,SINGLE,0.34415802,0.0024594327,0.0045921747,0.16867238,0.28806204,0.009950076,0.0006977047,0.18140823
7,6,OUT,HBP,0.14692396,0.013974257,0.01647277,0.1518592,0.017161163,0.02500151,0.52774596,0.100861125
7,7,OUT,OUT,0.09284273,0.018997759,0.040157594,0.0113518955,0.18328671,0.22137468,0.10666925,0.3253194
5,7,SO,OUT,0.043508027,0.013528578,0.0011944553,0.0018650964,0.053880285,0.08933306,0.0008389309,0.7958515
5,0,SO,SINGLE,0.8812839,0.007088514,0.00058710156,0.0021429886,0.0009970256,0.040952973,0.020412203,0.046535447
7,7,OUT,OUT,0.078092515,0.15691693,0.00010295694,0.113732025,0.08853901,0.028932285,0.0015903645,0.5320939
5,0,SO,SINGLE,0.50081146,0.04448158,0.0041401293,0.025663732,0.11328787,0.058961462,0.0021704948,0.25048333
7,6,OUT,HBP,0.18847337,0.034277823,0.0008039213,0.018023703,0.03914764,0.15843138,0.324675,0.2361671
7,4,OUT,BB,0.1320032,0.032101825,0.13680708,0.009908786,0.36256105,0.05117884,0.017554691,0.2578845
7,6,OUT,HBP,0.14511058,0.025438339,0.007932115,0.024109032,0.146901,0.14997533,0.34739155,0.15314202
0,0,SINGLE,SINGLE,0.56926775,0.03608512,0.030038537,0.07668991,0.058628574,0.0272048,0.09031564,0.11176969
6,0,HBP,SINGLE,0.32498184,0.112195045,4.3526743e-05,0.29030222,0.038547184,0.03882764,0.14696836,0.048134208
0,5,SINGLE,SO,0.036560934,0.0030558424,0.0010574223,0.015454284,0.30469763,0.35368767,0.0027338278,0.2827524
5,0,SO,SINGLE,0.74759567,0.03392446,0.0017615474,0.0015487181,0.00959536,0.10514343,0.019265544,0.081165254
0,7,SINGLE,OUT,0.14203125,0.048387382,0.00047927178,0.0005954472,0.0034805906,0.16690473,0.12344685,0.5146745
0,0,SINGLE,SINGLE,0.62728965,0.029432917,3.180914e-05,0.002141465,0.004706986,0.02059299,0.04567223,0.27013198
7,0,OUT,SINGLE,0.93031734,0.00090024614,0.00013264164,9.2846654e-05,0.011709616,0.006393154,0.0004028731,0.05005123
7,0,OUT,SINGLE,0.7081439,0.030735493,0.008800218,0.010597489,0.07467521,0.08035436,0.0008552339,0.08583807
4,4,BB,BB,0.06882375,0.011142029,0.00083231914,0.030893331,0.5625143,0.09568674,0.011302714,0.21880475
4,7,BB,OUT,0.28527576,0.017062955,0.0030256687,0.04197017,0.060386125,0.08643437,0.11472802,0.39111698
7,5,OUT,SO,0.28669518,0.0006852048,8.143883e-05,0.0004520444,0.0038567998,0.36029145,4.4086693e-05,0.34789377
5,0,SO,SINGLE,0.3616916,0.123381585,0.0019699282,0.0058062305,0.124717176,0.08226459,0.0046172068,0.2955517
3,5,HR,SO,0.05467333,0.029645173,5.9755574e-05,0.0011886217,0.022891998,0.71168417,0.034676827,0.1451801
0,0,SINGLE,SINGLE,0.39380822,0.3372237,0.005130754,0.003638282,0.050223082,0.041885767,0.019484669,0.14860557
7,7,OUT,OUT,0.18838955,0.1422874,0.011928062,0.002614468,0.046057414,0.2541968,0.054597802,0.29992843
5,5,SO,SO,0.08109443,0.005348567,0.0010249421,0.0108404625,0.24087837,0.37013006,0.00470931,0.2859738
7,5,OUT,SO,0.14486197,0.08380685,0.002174529,0.023578653,0.015069114,0.5675071,0.09224202,0.070759706
0,5,SINGLE,SO,0.16910265,0.0070935,0.0075042997,0.0016958546,0.032243893,0.5380654,0.0006800369,0.24361435
7,0,OUT,SINGLE,0.4652854,0.0114663625,0.0012121972,0.033801764,0.10597872,0.15576136,0.1375942,0.08890001
4,7,BB,OUT,0.12891047,0.01069768,0.0050767465,0.0019728735,0.17087205,0.21453454,0.0020520363,0.46588355
1,1,DOUBLE,DOUBLE,0.11115971,0.6352032,3.9465074e-05,0.011559445,0.046300545,0.055161417,0.0037480223,0.13682827
1,7,DOUBLE,OUT,0.008932392,0.16545862,7.61042e-05,0.00055303477,0.13789316,0.022118133,0.0022183058,0.6627503
7,0,OUT,SINGLE,0.4829429,0.026335876,0.00047200237,0.00031984033,0.032457624,0.19041543,0.008653629,0.25840268
5,1,SO,DOUBLE,0.11774462,0.43380275,0.24896199,0.0007118575,0.0020214384,0.019576387,0.12354462,0.053636372
7,0,OUT,SINGLE,0.49097997,0.064826414,0.010128298,0.026673503,0.050781716,0.10920482,0.069136344,0.17826891
5,7,SO,OUT,0.34130192,0.021941056,0.006165852,0.016379874,0.03551102,0.18016635,0.034611437,0.3639225
7,7,OUT,OUT,0.1271377,0.05241278,0.04919858,0.00022019503,0.020009315,0.0202662,0.00045510053,0.73030007
5,5,SO,SO,0.13951485,0.0008860473,0.00016245386,0.0025326484,0.24930911,0.40712085,0.0022483487,0.19822572
5,5,SO,SO,0.10007158,0.0018572024,0.0003016471,1.2710381e-05,0.003351615,0.8570477,9.492144e-07,0.03735665
7,0,OUT,SINGLE,0.42948002,0.03793151,0.0030514086,0.083314806,0.012021372,0.19553763,0.009570509,0.22909267
1,7,DOUBLE,OUT,0.051170275,0.013924607,6.7836e-05,0.011764753,0.02556582,0.029600034,0.006781543,0.8611251
0,7,SINGLE,OUT,0.14061321,0.020734202,0.010959565,0.004823632,0.040780958,0.375703,0.011909896,0.3944755
0,7,SINGLE,OUT,0.3371376,0.003900757,0.00639631,0.003325682,0.0057143923,0.2606555,0.0017661738,0.38110358
7,7,OUT,OUT,0.06043321,0.0033228695,0.015779922,0.16701376,0.022088079,0.12280514,0.027693747,0.5808633
7,0,OUT,SINGLE,0.36479142,0.019708812,0.009822198,0.04025635,0.03587681,0.32887384,0.023277195,0.1773933
7,0,OUT,SINGLE,0.45202935,0.085591964,0.0015974249,0.0014140864,0.054966234,0.266413,0.0077109993,0.13027696
7,4,OUT,BB,0.06637977,0.2925908,0.0008707469,0.0041496763,0.55927247,0.009425306,0.0011696665,0.06614155
7,7,OUT,OUT,0.25060108,0.06675517,0.042359345,0.0089278305,0.1402191,0.04590764,0.012364573,0.43286532
5,5,SO,SO,0.012229611,2.3392655e-05,1.6503693e-05,9.562574e-05,0.00026140196,0.934768,6.678377e-05,0.05253862
7,1,OUT,DOUBLE,0.3902342,0.40259755,0.0010637904,0.01638755,0.033056006,0.057460822,0.020077506,0.07912249
7,7,OUT,OUT,0.055141885,0.0003439863,0.00014266417,0.023986796,0.0008628986,0.01108787,6.360058e-05,0.9083703
3,7,HR,OUT,0.22981323,0.10226916,0.010629421,0.0058938363,0.12158385,0.18540652,0.01860425,0.32579976
3,7,HR,OUT,0.2606964,0.025062114,0.06963685,0.019411977,0.005299003,0.24801761,0.0066795507,0.36519647
1,0,DOUBLE,SINGLE,0.3807305,0.03037793,0.005865533,0.013010387,0.0469325,0.35056177,0.019343467,0.15317789
5,5,SO,SO,0.14686446,0.029944867,0.0010333649,0.0033302105,0.022474987,0.42788082,0.29421514,0.07425608
4,7,BB,OUT,0.12541425,0.025697423,5.789347e-05,0.0033255776,0.04593074,0.07741829,0.0019751946,0.72018063
7,3,OUT,HR,0.069893606,0.025719024,0.0008277888,0.38786826,0.04569341,0.21805355,0.0010547902,0.2508896
0,0,SINGLE,SINGLE,0.5499106,0.00085652684,6.591203e-05,0.0018689221,0.018929128,0.16452587,0.0011292588,0.26271382
0,1,SINGLE,DOUBLE,0.0420537,0.8992506,0.008026074,0.022868054,0.0014848089,0.005937746,0.004837741,0.015541175
7,4,OUT,BB,0.24506338,0.07220774,0.003317934,0.02696012,0.3744781,0.06964364,0.0030907497,0.20523833
0,0,SINGLE,SINGLE,0.45772335,0.09179141,0.0019375846,0.0024457022,0.08166561,0.15824908,0.045465793,0.16072148
7,7,OUT,OUT,0.09889393,0.011555643,0.0013030645,0.037276458,0.049448688,0.30149737,0.0033611204,0.49666375
7,3,OUT,HR,0.26551938,0.0004936273,0.0015744454,0.46047577,0.0127230575,0.14298296,0.014905083,0.10132564
0,5,SINGLE,SO,0.03643611,0.001531022,0.0015795788,0.0043780035,0.120980024,0.78158414,0.00013068551,0.05338044
7,0,OUT,SINGLE,0.51345384,0.005005512,0.011034781,0.0012956498,0.017641902,0.049019087,0.36603948,0.03650971
0,5,SINGLE,SO,0.26222855,0.028386278,0.0317397,0.0006112887,0.01218436,0.55596936,0.016585117,0.09229542
7,7,OUT,OUT,0.20021307,2.2922666e-05,1.1200085e-09,0.012881201,0.10418604,0.043097988,0.003951276,0.6356475
5,5,SO,SO,0.0011370212,1.7835795e-05,6.195528e-06,2.13578e-06,4.696994e-06,0.96347624,5.303236e-07,0.035355367
7,0,OUT,SINGLE,0.39986593,0.094566375,0.0007638131,0.0023007293,0.26042798,0.06942122,0.003588351,0.16906567
5,6,SO,HBP,0.31653774,0.2118133,0.002162035,0.032557193,0.0049877083,0.037105422,0.34034047,0.05449606
7,5,OUT,SO,0.23525089,0.03971814,0.024409076,0.017868668,0.05135623,0.36408314,0.014394065,0.2529198
7,7,OUT,OUT,0.3695496,0.067182474,0.0010852192,0.008418397,0.06243364,0.090184726,0.023926925,0.37721893
5,5,SO,SO,0.09953011,0.032598525,0.0035343845,0.00757934,0.04492586,0.593159,0.0010169761,0.21765573
7,5,OUT,SO,0.07960149,0.045477357,0.0012031225,0.013250407,0.07899064,0.43542087,0.00040043073,0.34565568
7,0,OUT,SINGLE,0.39415765,0.14688927,0.0011177696,0.008893272,0.23856138,0.060366966,0.0060394346,0.14397424
5,5,SO,SO,0.2093688,0.15343688,0.025186438,0.07895152,0.08016574,0.27699193,0.006501937,0.16939674
5,5,SO,SO,0.088082604,0.02991739,0.03850837,0.007015922,0.03726375,0.5014427,0.0028705345,0.29489887
7,0,OUT,SINGLE,0.55699265,0.050435636,0.045264464,0.0014672064,0.018811768,0.20743133,0.0005696559,0.11902737
7,5,OUT,SO,0.11478931,0.22721353,0.017816389,0.085122995,0.17946592,0.22942576,0.00648641,0.13967964
7,1,OUT,DOUBLE,0.009348254,0.48872933,3.1185114e-05,0.00014675946,0.016615877,0.05190334,0.007750278,0.42547497
6,5,HBP,SO,0.15108663,0.10117671,0.010775961,0.06986609,0.0074106283,0.44277987,0.0066428254,0.2102613
0,3,SINGLE,HR,0.20722383,0.012425289,0.0012489698,0.62044,0.014301525,0.086874954,0.00771673,0.049768746
0,0,SINGLE,SINGLE,0.53376335,0.12336394,0.00042357712,0.0026907565,0.20970963,0.02930079,0.00036334692,0.100384645
7,7,OUT,OUT,0.04589914,0.010201431,0.0005006892,0.35534313,0.067640275,0.11647898,0.00058104564,0.40335527
0,5,SINGLE,SO,0.061556913,0.03718294,0.011627904,0.031941094,0.262668,0.33953083,0.005673734,0.2498186
7,5,OUT,SO,0.066198446,0.097412944,0.0076493896,0.032031644,0.032491837,0.4483559,0.0015750506,0.31428486
4,1,BB,DOUBLE,0.06040572,0.46479,0.0007592511,0.0027755399,0.066566534,0.20029642,0.001702957,0.20270364
7,0,OUT,SINGLE,0.6755966,0.07347688,0.029783662,0.053313196,0.008717808,0.10746951,0.0037444334,0.047897927
5,5,SO,SO,0.17141424,0.11012568,0.016145302,0.21299621,0.020379154,0.29834735,0.0137200225,0.15687202
5,5,SO,SO,0.27959886,0.049652357,0.0010582939,0.007209086,0.09388878,0.32665077,0.012312526,0.22962931
5,0,SO,SINGLE,0.42814246,0.027098894,0.004211206,0.03718313,0.116094105,0.08196508,0.004521576,0.30078366
7,0,OUT,SINGLE,0.34831595,0.06912751,0.0006285222,0.18225113,0.034725044,0.1986918,0.008111415,0.15814854
5,5,SO,SO,0.21006794,0.034281325,0.0029364368,0.21422382,0.040662713,0.30299586,0.040783495,0.15404838
7,0,OUT,SINGLE,0.39143395,0.34869274,0.0054882327,0.00849098,0.004367103,0.07746857,0.03694635,0.12711214
7,0,OUT,SINGLE,0.6535507,0.0011481021,0.0019399489,0.002328655,0.0039841854,0.07202844,0.00083743554,0.2641826
5,5,SO,SO,0.31080493,0.030465312,0.0033367553,0.0003349213,0.009981141,0.5237235,0.0006319525,0.12072155
5,4,SO,BB,0.17446035,0.073043354,0.00044955526,0.0071902783,0.4446983,0.13810387,0.0005541069,0.16150029
5,7,SO,OUT,0.18669161,0.03176964,0.0009883922,0.04327405,0.13669118,0.15345366,0.008753997,0.43837747
7,7,OUT,OUT,0.08844853,0.014914011,0.001635258,0.025314705,0.28241813,0.124531925,0.0022837205,0.46045375
0,5,SINGLE,SO,0.07814601,0.024357367,0.000829279,0.26357317,0.0796247,0.37795076,0.0021554173,0.17336324
0,5,SINGLE,SO,0.065637864,0.15796512,0.0012094876,0.0076087653,0.016727004,0.53619885,6.829826e-05,0.2145846
0,5,SINGLE,SO,0.20354575,0.03693008,0.009232113,0.08628548,0.011763573,0.3586873,0.015522794,0.27803287
7,0,OUT,SINGLE,0.35940644,0.31321296,0.00083081913,0.0062419,0.046478022,0.07100715,0.028215447,0.17460716
0,0,SINGLE,SINGLE,0.6670604,0.025245313,0.012410135,0.019563954,0.04279103,0.070036046,0.038101766,0.12479144
4,0,BB,SINGLE,0.4559355,0.034464687,0.0007792998,0.05782261,0.0047654,0.059106432,0.0033179582,0.38380817
7,7,OUT,OUT,0.18405366,0.00901841,0.001267792,0.0012590571,0.016905002,0.36689836,0.0078478865,0.41274983
7,7,OUT,OUT,0.1490017,0.038027506,0.0057113683,0.0007324183,0.00706667,0.15466376,0.00571886,0.6390777
7,0,OUT,SINGLE,0.7507327,0.041649282,0.0006062102,0.0019749794,0.020402262,0.074631505,0.0020588622,0.10794397
0,7,SINGLE,OUT,0.2141342,0.028527342,0.0061120875,0.0118209515,0.23245583,0.21522076,0.04014791,0.25158095
5,7,SO,OUT,0.11311404,0.01145105,0.027919998,0.011721178,0.19912833,0.18015105,0.00210681,0.4544075
7,5,OUT,SO,0.02040628,0.000715386,0.0006196664,0.0010374635,0.0005271448,0.95826745,3.1874445e-06,0.018423386
7,5,OUT,SO,0.25801995,0.021126566,0.0014059437,0.11537379,0.016207425,0.34138948,0.001315104,0.24516174
7,5,OUT,SO,0.27929884,0.022250546,0.001031116,0.2203337,0.13688415,0.3024232,0.0038437338,0.033934664
4,7,BB,OUT,0.056963563,0.0076144184,0.00016838156,0.0046477877,0.0035204217,0.04490139,4.7580335e-05,0.88213646
5,7,SO,OUT,0.030128444,0.0025190974,0.0001145875,0.0011551817,0.06475091,0.30856246,0.15288275,0.43988657
7,7,OUT,OUT,0.11271775,0.0018094954,0.0028806357,0.0021510394,0.038147468,0.39943868,0.0003303588,0.44252452
5,7,SO,OUT,0.031829365,0.0073221643,0.0015717935,0.0089181885,0.048992623,0.22790216,0.0020738575,0.6713899
5,5,SO,SO,0.060592104,0.07479144,0.06632206,0.0071190777,0.064495124,0.34957352,0.1157608,0.26134586
5,0,SO,SINGLE,0.7663866,0.16949773,4.189617e-06,0.029697819,0.0035060807,0.00038236097,0.026831279,0.0036939867
7,7,OUT,OUT,0.090596184,0.0006592898,0.0004810914,0.005219701,0.052119017,0.05138745,0.0026207438,0.79691654
7,0,OUT,SINGLE,0.3440011,0.01769718,0.0031602224,0.002715942,0.27390918,0.23722702,0.006305675,0.11498377
0,0,SINGLE,SINGLE,0.38153508,0.033000454,0.0033996494,0.020144572,0.08487686,0.3352344,0.0057485383,0.1360605
0,7,SINGLE,OUT,0.1370907,0.03988865,0.001912108,0.017854232,0.06004429,0.10358463,0.013219063,0.6264063
7,1,OUT,DOUBLE,0.216269,0.4447398,0.0020047196,0.0020095606,0.1499328,0.048884347,0.0007359701,0.13542382
5,5,SO,SO,0.16929115,0.067662686,0.0009322065,0.03418135,0.030943686,0.33415216,0.20128539,0.1615513
5,7,SO,OUT,0.15898885,0.098524846,0.0016645321,0.08751078,0.10123159,0.18526195,0.058002304,0.30881518
7,1,OUT,DOUBLE,0.29023963,0.40328383,0.008515012,0.040767606,0.01420593,0.17447415,0.007306574,0.061207246
5,7,SO,OUT,0.3008972,0.00057621,5.8642516e-05,3.6181684e-06,0.0006241377,0.02313806,7.6004385e-06,0.67469454
0,0,SINGLE,SINGLE,0.45264226,0.012724094,0.003449187,0.19249241,0.010158079,0.1063089,0.008777911,0.21344717
0,0,SINGLE,SINGLE,0.6563944,0.0756134,0.0018183402,0.025001964,0.011300935,0.13626811,0.0016476631,0.09195515
4,1,BB,DOUBLE,0.03934268,0.8340341,0.0020219458,0.01614949,0.013460775,0.04878916,0.002888974,0.043312795
5,0,SO,SINGLE,0.46501106,0.016204128,0.0015182099,0.3249811,0.0023122167,0.044269145,9.472212e-05,0.1456094
0,5,SINGLE,SO,0.18000941,0.07124186,0.033205528,0.18883537,0.013659728,0.41918325,0.0062903576,0.08757448
3,0,HR,SINGLE,0.51226735,0.14933756,0.0025326998,0.07945385,0.008710355,0.17675959,0.0041673975,0.06677121
0,0,SINGLE,SINGLE,0.40590867,0.014555558,0.007493947,0.07436113,0.08055243,0.130911,0.0017011772,0.28451604
4,0,BB,SINGLE,0.5364588,0.07247837,0.0062235915,0.04772804,0.00972617,0.10450735,0.0051826104,0.21769516
7,7,OUT,OUT,0.3862224,0.045904994,0.0017546063,0.043398365,0.020704696,0.052200187,0.02687701,0.42293778
7,0,OUT,SINGLE,0.38687095,0.0053316494,0.0028673848,0.011247484,0.07987372,0.18554448,0.013968953,0.31429538
0,7,SINGLE,OUT,0.12353892,0.007337741,0.039287396,0.041441016,0.14738828,0.18825932,0.09623987,0.35650748
0,6,SINGLE,HBP,0.017661838,0.03048544,0.00021878537,0.000785145,0.0074588237,0.020095523,0.89780784,0.025486719
7,7,OUT,OUT,0.0749657,0.017703678,0.006661787,0.0022134357,0.13974869,0.30755565,0.00038757562,0.4507634
7,4,OUT,BB,0.12990932,0.18560965,0.017471576,0.00094665965,0.2274253,0.21867113,0.023537615,0.19642872
0,0,SINGLE,SINGLE,0.3642115,0.11902213,0.0005585063,0.0017706071,0.014618457,0.24870427,0.0011225197,0.24999201
7,5,OUT,SO,0.16080387,0.02530704,0.0010321332,0.18812275,0.061343525,0.5202547,0.0030230356,0.040113036
0,1,SINGLE,DOUBLE,0.10731305,0.34431395,0.0007456167,0.0120342495,0.03502812,0.08196577,0.3179255,0.10067371
5,0,SO,SINGLE,0.447115,0.017281896,0.002206007,0.019949429,0.10486209,0.27645713,0.00047085187,0.13165765
7,7,OUT,OUT,0.120109364,0.1848635,0.00124065,0.049992044,0.15030451,0.12705818,0.010169388,0.35626245
7,3,OUT,HR,0.24679063,0.0012859012,0.0020628162,0.5623725,0.031138167,0.098370105,0.0074458495,0.05053404
4,4,BB,BB,0.1153293,0.011119328,0.0005216192,0.022062855,0.603062,0.12276332,0.00029948645,0.12484216
0,1,SINGLE,DOUBLE,0.15290889,0.31059495,0.004595063,0.007593124,0.16900086,0.215461,0.06757732,0.07226878
7,7,OUT,OUT,0.093594275,0.018530702,0.004031173,0.0050619193,0.28613296,0.14612082,0.09742902,0.3490991
5,6,SO,HBP,0.13302693,0.06239215,0.027736165,0.028363211,0.11756359,0.085978314,0.3517677,0.19317201
7,7,OUT,OUT,0.31391436,0.089354634,0.08686685,0.0013770264,0.08850778,0.089979194,0.015357814,0.3146423
5,4,SO,BB,0.10978161,0.17224066,0.01963355,0.05959997,0.31715983,0.19865677,0.0034649312,0.11946274
7,5,OUT,SO,0.035176143,0.040991195,0.013333595,0.008105511,0.064734995,0.6853164,0.08477572,0.06756645
5,5,SO,SO,0.18532614,0.021466084,0.0010622768,0.0040075,0.090527296,0.5377264,0.021200517,0.13868384
0,0,SINGLE,SINGLE,0.64298266,0.07493646,0.03173857,0.009892695,0.08709032,0.049747035,0.008587774,0.09502441
0,7,SINGLE,OUT,0.095089115,0.017188163,0.0041534356,0.06013323,0.07701797,0.31534383,0.011853988,0.41922024
5,5,SO,SO,0.09006362,0.028707005,0.0026882133,0.028334385,0.080347665,0.4982766,0.0012955464,0.27028695
7,5,OUT,SO,0.23488814,0.057094358,0.036604475,0.025411824,0.01353551,0.4430982,0.025045596,0.16432197
5,4,SO,BB,0.30587634,0.07209691,0.019333994,0.02171541,0.34142324,0.08892206,0.004497358,0.14613478
7,7,OUT,OUT,0.07561135,0.0093024345,0.0005435449,0.06564747,0.15598728,0.10847743,0.0002094794,0.584221
7,0,OUT,SINGLE,0.4928843,0.035353456,0.0011910022,0.00910375,0.09661299,0.24135403,0.018422326,0.10507809
7,7,OUT,OUT,0.22385462,0.09348484,0.0026952205,0.17978935,0.042774428,0.19207704,0.03634973,0.2289747
7,0,OUT,SINGLE,0.35185033,0.08293562,0.0253401,0.02703773,0.051473092,0.21227625,0.037890837,0.21119598
5,7,SO,OUT,0.18130948,0.08769789,0.00858858,0.11188321,0.062249914,0.13232188,0.0027872366,0.41316187
7,0,OUT,SINGLE,0.32293376,0.052215796,0.00042865388,0.0045229364,0.05117,0.1703837,0.28361598,0.1147292
7,0,OUT,SINGLE,0.43911207,0.03111355,0.011401529,0.0472674,0.05488655,0.2532658,0.014046547,0.1489066
0,4,SINGLE,BB,0.093512066,0.08498595,0.0075407727,0.0102523025,0.4695767,0.17876303,0.023746964,0.13162221
7,7,OUT,OUT,0.1281438,0.14130455,0.0020429823,0.038103595,0.01722906,0.10166908,0.009110736,0.56239617
0,7,SINGLE,OUT,0.09506198,0.009659789,0.00049091363,0.1832846,0.10088743,0.10909062,0.006414453,0.4951102
0,0,SINGLE,SINGLE,0.2439633,0.043434538,0.16513251,0.096234016,0.047733147,0.17642511,0.009365287,0.21771218
7,5,OUT,SO,0.2812725,0.009664778,0.051108163,0.023865275,0.09852366,0.3509031,0.0037394338,0.18092315
7,0,OUT,SINGLE,0.5246193,0.008169557,0.0002635677,0.00039756333,0.09309884,0.10784387,0.0002475139,0.26535985
7,7,OUT,OUT,0.17016977,0.17106871,0.0031315691,0.015796492,0.17384091,0.17550072,0.033050973,0.2574409
7,7,OUT,OUT,0.1656486,0.20687905,0.00080039207,0.030304898,0.062373485,0.07882575,0.0038675433,0.45130023
7,0,OUT,SINGLE,0.5246061,0.061331995,0.0062670475,0.16668084,0.070601135,0.09875725,0.0091729555,0.062582724
7,7,OUT,OUT,0.124802835,0.008261786,0.004001251,0.009379225,0.079256274,0.33527204,0.00040076763,0.4386258
4,0,BB,SINGLE,0.83976865,0.01901093,0.0011891702,0.043284584,0.023643283,0.024757162,0.0012046688,0.047141433
7,0,OUT,SINGLE,0.59058607,0.008693438,0.007114044,0.0028739471,0.053722523,0.18916312,0.003343204,0.1445037
7,1,OUT,DOUBLE,0.15017973,0.2518405,0.015639592,0.19838172,0.016003646,0.18107282,0.087629296,0.09925279
0,7,SINGLE,OUT,0.15225933,0.011291135,0.04803717,0.0003626273,0.076176174,0.20234047,0.0040233135,0.50550985
7,7,OUT,OUT,0.2118706,0.007731613,8.215841e-05,0.00036984563,0.19961211,0.24642155,0.00129792,0.3326142
3,7,HR,OUT,0.24189346,0.06302758,0.014304908,0.14019372,0.06850056,0.12709117,0.001058489,0.3439301
0,6,SINGLE,HBP,0.102839336,0.010223333,0.00041000266,0.036148533,0.16446769,0.09659051,0.35619324,0.23312737
7,1,OUT,DOUBLE,0.10613439,0.4040506,0.000763109,0.08555558,0.032545015,0.17666294,0.001389768,0.19289866
7,0,OUT,SINGLE,0.38441947,0.02974811,0.012151815,0.0025807433,0.009965482,0.30741397,0.0035485409,0.25017187
5,5,SO,SO,0.10150277,0.056004167,0.0031050553,0.007958883,0.048967805,0.42752698,0.0076657687,0.34726858
7,5,OUT,SO,0.067291595,0.033011768,0.006899809,0.01723788,0.14771508,0.3651383,0.011748405,0.3509572
7,0,OUT,SINGLE,0.40443847,0.0061678025,0.026334167,0.020126494,0.07701042,0.33152324,0.02004333,0.11435596
0,5,SINGLE,SO,0.1747481,0.0072793392,0.003978121,0.09391208,0.06298124,0.5981281,0.008585063,0.05038795
5,5,SO,SO,0.05435892,0.022386635,0.0062142783,0.0067893993,0.05491538,0.5388804,0.02032487,0.29613003
7,7,OUT,OUT,0.061661765,0.0010545488,0.00024796947,0.05115581,0.053671665,0.36627424,0.002176608,0.46375734
5,5,SO,SO,0.031350166,0.11322467,0.0008415065,0.11378995,0.13204573,0.3324128,0.060505603,0.21582957
5,5,SO,SO,0.25565612,0.064976335,0.003844437,0.020256873,0.15850313,0.335599,0.0130611835,0.14810297
5,7,SO,OUT,0.21245444,0.054569058,0.0029534458,0.15472806,0.018068677,0.24707077,0.008598855,0.30155674
1,5,DOUBLE,SO,0.0551635,0.023215698,0.00026190717,0.006988472,0.0251155,0.76495874,0.0012497293,0.123046406
4,5,BB,SO,0.09540103,0.012108006,0.00015312077,0.033502657,0.17983551,0.35351166,0.0054245684,0.32006347
7,7,OUT,OUT,0.27473143,0.059297055,0.0031066115,0.041577697,0.058842126,0.18106605,0.0054653445,0.37591365
7,5,OUT,SO,0.2534593,0.021816961,0.00080531015,0.104774155,0.06535879,0.32507527,0.0017285985,0.2269816
5,4,SO,BB,0.026780365,0.028313223,0.00054425653,0.0009181671,0.70758796,0.08694956,0.0066722194,0.14223422
0,7,SINGLE,OUT,0.18124521,0.05491655,0.1759923,0.013324499,0.14431131,0.16798504,0.022736417,0.23948872
7,0,OUT,SINGLE,0.24507496,0.031979162,0.05401071,0.0114038205,0.094849,0.22260766,0.14036523,0.19970946
2,0,TRIPLE,SINGLE,0.33470225,0.026280059,0.029050248,0.012364474,0.075369745,0.1701695,0.035661392,0.31640235
7,5,OUT,SO,0.1570823,0.0054672384,0.00040868527,0.017550604,0.26536018,0.402392,0.0028918986,0.14884712
7,5,OUT,SO,0.15160829,0.012600532,0.0033230493,0.0011219629,0.035951898,0.5993986,0.0030370855,0.19295855
5,2,SO,TRIPLE,0.14822339,0.0032142904,0.24820164,0.03257942,0.11541683,0.24386092,0.039592866,0.1689107
5,5,SO,SO,0.17659763,0.0029553482,0.19310786,0.0165325,0.090049945,0.28746018,0.0017087237,0.23158792
5,7,SO,OUT,0.027130708,0.0067643584,0.00096176227,0.015370045,0.0038899255,0.076413535,0.008860955,0.86060876
7,3,OUT,HR,0.1426485,0.13733472,0.0033645139,0.47382954,0.023753345,0.040279523,0.022981439,0.1558084
5,5,SO,SO,0.05419143,0.32557133,0.00033988975,0.0063207005,0.01490313,0.51130176,0.0059802374,0.08139151
7,5,OUT,SO,0.22155774,0.024726784,0.0117601445,0.0046054497,0.13240802,0.4125711,0.0032425518,0.18912815
4,5,BB,SO,0.21556875,0.013665002,0.0023366483,0.012295273,0.08053545,0.58936363,0.0059581287,0.08027707
7,7,OUT,OUT,0.20965983,0.012103927,0.00035661383,0.21185344,0.01635352,0.07004269,0.0016532817,0.47797662
5,5,SO,SO,0.13618734,0.15738727,0.12112022,0.029057963,0.043601,0.2512214,0.054912534,0.20651223
0,7,SINGLE,OUT,0.17632101,0.04098975,0.004907193,0.07152685,0.21809931,0.16034347,0.07647731,0.25133502
7,5,OUT,SO,0.0576832,0.13261227,0.0018292196,0.07049131,0.039433863,0.457769,0.014691135,0.2254899
7,7,OUT,OUT,0.04198281,0.0047473046,0.0061798575,0.0008946826,0.01831218,0.34591076,0.016712967,0.5652595
7,4,OUT,BB,0.14116323,0.015324124,0.00021361589,0.002860876,0.5280854,0.09312432,0.00064874976,0.21857972
5,1,SO,DOUBLE,0.07398574,0.5890933,0.0030696152,0.018709691,0.068402216,0.06549837,0.01365849,0.1675826
4,7,BB,OUT,0.30157182,0.03880828,0.0056635113,0.0021407485,0.063894175,0.12124129,0.0024910716,0.46418914
7,4,OUT,BB,0.049799483,0.01237865,0.01613918,0.008834102,0.4732036,0.25545081,0.0013469392,0.18284722
1,0,DOUBLE,SINGLE,0.2593936,0.079607956,0.013045237,0.012471446,0.093612164,0.24032596,0.10668982,0.19485375
7,7,OUT,OUT,0.17934564,0.0040331334,0.010686638,0.0072643524,0.04565339,0.25950775,0.004210833,0.4892984
7,5,OUT,SO,0.21421927,0.017387362,0.0018606363,0.016647156,0.10276305,0.34730747,0.004884894,0.29493007
4,5,BB,SO,0.11115833,0.041093737,0.0061836126,0.055740584,0.18408087,0.55717415,0.00081172056,0.043756995
0,5,SINGLE,SO,0.08505636,0.04914282,0.00026870993,0.019661196,0.0168525,0.6856229,0.0039121686,0.13948344
7,5,OUT,SO,0.06317653,0.01989002,0.014865608,0.021222273,0.16600305,0.47728938,0.0007703405,0.23678279
5,4,SO,BB,0.13031699,0.028978111,0.033917163,0.0026744734,0.26648906,0.19718528,0.24367087,0.09676806
7,5,OUT,SO,0.17833686,0.043678466,0.0008593671,0.01924712,0.10281938,0.5237586,0.034174513,0.09712569
7,7,OUT,OUT,0.053064935,0.049489148,0.000958414,0.027269065,0.16179752,0.26058644,0.012533815,0.43430078
7,7,OUT,OUT,0.2378088,0.110729605,0.028480988,0.014268219,0.024960747,0.2451681,0.04097219,0.29761142
5,5,SO,SO,0.19498892,0.011844103,0.15303378,0.022973854,0.113521054,0.3181167,0.014581544,0.17094009
0,5,SINGLE,SO,0.14789017,0.094732985,0.0010670656,0.06391146,0.034219254,0.38979006,0.02942235,0.2389666
7,5,OUT,SO,0.018933935,0.00076710107,3.980315e-05,0.00040841885,0.013150872,0.7204019,0.0008200249,0.24547797
0,0,SINGLE,SINGLE,0.38765174,0.014249741,0.01905109,0.014595086,0.10337213,0.07974422,0.0015034853,0.37983245
0,5,SINGLE,SO,0.24530345,0.010979038,0.0008298092,0.009768424,0.14466701,0.42885172,0.0003434773,0.15925704
5,0,SO,SINGLE,0.53588015,0.03543262,0.0005231533,0.024238707,0.08088332,0.033682592,0.02104592,0.26831365
7,7,OUT,OUT,0.08591745,0.019444518,0.07827499,0.0043587675,0.08273042,0.21381095,0.017958159,0.49750477
5,7,SO,OUT,0.03174464,0.007899282,0.05146094,0.0010251746,0.014904427,0.3596617,0.013362826,0.519941
7,0,OUT,SINGLE,0.4138694,0.040885482,0.009206812,0.010627705,0.032363556,0.19783416,0.008216146,0.28699675
0,4,SINGLE,BB,0.017761808,0.0044443347,0.00020291691,0.00019848382,0.66580397,0.071480185,0.025620317,0.21448801
5,7,SO,OUT,0.000463464,0.0046426714,0.0011286665,8.1473496e-05,0.011352141,0.013227393,0.0008365049,0.9682676
0,7,SINGLE,OUT,0.32486466,0.06666474,0.00021914538,0.008602203,0.0064685787,0.052110616,0.001178074,0.539892
0,7,SINGLE,OUT,0.25494763,0.23166476,0.0037202374,0.107306,0.02002147,0.040940646,0.052859247,0.28853995
7,7,OUT,OUT,0.15666932,0.029190157,0.0052533625,0.008436225,0.014769043,0.08987853,0.009724933,0.6860785
7,7,OUT,OUT,0.1205701,0.35063103,0.0043786233,0.009682869,0.04533881,0.028607484,0.0074678278,0.43332317
0,7,SINGLE,OUT,0.16404074,0.016680807,0.00069381157,0.022958957,0.08365012,0.30032763,0.00431455,0.4073334
5,7,SO,OUT,0.02128762,0.018274272,0.0021947594,0.0031712109,0.0734186,0.2620523,0.0032898134,0.6163115
7,1,OUT,DOUBLE,0.042265028,0.5515428,0.0029895573,0.010347389,0.13112414,0.11194158,0.018929718,0.13085975
7,1,OUT,DOUBLE,0.113311246,0.30034468,0.040099174,0.0024801616,0.10119209,0.26255417,0.007062,0.1729565
4,7,BB,OUT,0.002763788,0.007574564,2.0945386e-05,2.2741988e-05,0.020585235,0.012750867,8.836289e-08,0.9562818
7,7,OUT,OUT,0.034575712,0.03810378,0.00020605765,0.0037886088,0.075544216,0.0863419,0.00047830402,0.7609614
7,1,OUT,DOUBLE,0.09986705,0.39932498,0.0050684465,0.0026382871,0.013142432,0.15077652,0.013891843,0.31529042
6,7,HBP,OUT,0.135612,0.038867045,0.0007858635,0.008779843,0.00920648,0.22480401,0.0009339154,0.5810108
0,3,SINGLE,HR,0.076159984,0.19977835,0.001551255,0.31876042,0.119347654,0.15635988,0.0018774448,0.12616499
0,1,SINGLE,DOUBLE,0.037264742,0.8222128,0.0012718714,0.008009591,0.033078983,0.032252826,0.0022406047,0.06366848
4,6,BB,HBP,0.011054039,0.08690006,2.6223368e-05,0.0036501866,0.3465699,0.036282506,0.42771977,0.087797344
7,6,OUT,HBP,0.120742485,0.01083906,0.00020749637,0.0024719853,0.013914264,0.043558758,0.45064571,0.35762027
7,7,OUT,OUT,0.10655082,0.39795557,7.2858835e-05,0.0010452719,0.0040636566,0.012133231,0.012130999,0.46604764
7,7,OUT,OUT,0.0029791887,2.9553319e-06,8.024218e-05,7.267059e-07,0.0066943904,0.024770748,0.000118819036,0.96535295
4,1,BB,DOUBLE,0.23237458,0.36933354,0.003228615,0.0060280487,0.035113696,0.1569642,0.0136274565,0.18332992
7,0,OUT,SINGLE,0.7813142,0.00800229,0.0050376323,0.010697319,0.0016726729,0.035336137,0.0024306965,0.15550904
5,7,SO,OUT,0.1157174,0.018249812,0.0007551031,0.01038606,0.103749305,0.21365823,0.0877223,0.4497617
7,7,OUT,OUT,0.38531524,0.024224468,0.028450808,0.010141472,0.056516267,0.052908123,0.008132537,0.43431106
7,1,OUT,DOUBLE,0.012918483,0.7726716,0.00015461986,0.00080435554,0.029526329,0.026179206,0.022178743,0.13556664
5,5,SO,SO,0.042143468,0.06484957,0.0069377203,0.008796796,0.19107866,0.45650283,0.0010602439,0.22863066
5,5,SO,SO,0.11020391,0.06299171,0.027440373,0.21315521,0.021607192,0.35100445,0.029085383,0.18451168
7,4,OUT,BB,0.030316379,0.08185168,0.0015034813,0.0028737604,0.6571322,0.10437765,0.021582833,0.10036203
7,5,OUT,SO,0.23521614,0.14099646,0.026618907,0.0037706501,0.03204585,0.2967783,0.017614078,0.24695964
7,4,OUT,BB,0.024781218,0.13631839,0.0011120235,0.0057683075,0.6133092,0.032241233,3.366392e-05,0.18643607
7,7,OUT,OUT,0.077925816,0.06746583,0.009542721,0.022806885,0.039242286,0.20748448,0.055661276,0.51987064
7,7,OUT,OUT,0.10849192,0.11157346,0.00067774666,0.05867781,0.019998726,0.24821182,0.0015729645,0.4507956
7,7,OUT,OUT,0.347964,0.031420648,0.0014244673,0.011295605,0.005029976,0.12329226,0.0012610673,0.47831205
5,5,SO,SO,0.016638074,0.073430926,0.0021560949,0.0008936551,0.19255571,0.559405,0.0012157928,0.15370466
7,7,OUT,OUT,0.17271194,0.06732282,0.0066313483,0.025866585,0.22207947,0.055074938,0.0051332205,0.44517967
5,7,SO,OUT,0.024937501,0.005704055,0.0021218597,0.0051976466,0.12133492,0.26981708,0.104186594,0.46670032
0,7,SINGLE,OUT,0.22077551,0.15106502,0.0007023652,0.021160455,0.09298431,0.097349726,0.0011553331,0.4148073
5,7,SO,OUT,0.30189124,0.21935812,0.005016742,0.0050597186,0.050434686,0.045185335,0.013186194,0.35986793
7,4,OUT,BB,0.0688049,0.07419455,0.002301502,0.004901912,0.36259162,0.2045283,0.0153277125,0.26734948
3,7,HR,OUT,0.091639064,0.064832024,0.0018694375,0.0047506974,0.23720315,0.08656869,0.001627928,0.51150906
7,7,OUT,OUT,0.06975048,0.16623953,0.00073890126,0.00061529316,0.29420578,0.11692642,0.0070375255,0.3444861
7,7,OUT,OUT,0.0018856005,0.00028179263,0.0005555315,4.116592e-06,0.07962366,0.08418071,1.7463435e-05,0.8334511
7,7,OUT,OUT,0.22338527,0.012716237,0.0011679468,0.014013541,0.24921457,0.1609095,0.004794101,0.3337988
5,5,SO,SO,0.012351659,0.12542693,0.0029639013,0.0076778224,0.00909882,0.55856735,0.00097368634,0.28293982
4,7,BB,OUT,0.028254673,0.25269932,0.0007216983,0.010732331,0.006299701,0.121027075,0.12649463,0.45377058
7,7,OUT,OUT,0.11680221,0.15471506,0.0024280536,0.0029785882,0.0074329935,0.12084072,0.0009832317,0.5938192
0,7,SINGLE,OUT,0.24531296,0.15443856,0.010900052,0.00024910172,0.07397506,0.1760807,0.0011983243,0.3378453
4,1,BB,DOUBLE,0.064378016,0.35274744,0.0022102396,0.0022344077,0.17097169,0.09612199,0.0025231105,0.3088131
7,1,OUT,DOUBLE,0.030021654,0.4158823,0.00027088064,0.0016558564,0.037557315,0.40085194,0.0069862506,0.10677367
5,7,SO,OUT,0.18228997,0.0055313664,0.01269262,0.09140896,0.24374734,0.062566556,0.0007896346,0.4009736
7,1,OUT,DOUBLE,0.23147325,0.2949617,0.0028817807,0.009963935,0.01153528,0.15257154,0.0059891148,0.2906234
7,7,OUT,OUT,0.19068225,0.061352476,0.002073832,0.0012740123,0.012299025,0.19698654,0.0008910183,0.53444076
7,0,OUT,SINGLE,0.25863364,0.18478659,0.0052394033,0.009873947,0.060757488,0.06997731,0.22081701,0.18991454
7,5,OUT,SO,0.15764622,0.004297019,0.001981124,0.0017791211,0.04300348,0.5814832,0.0014391289,0.20837073
6,6,HBP,HBP,0.08388588,0.024325684,0.00037261265,0.034816433,0.017778318,0.048942402,0.7570443,0.032834366
7,0,OUT,SINGLE,0.43121183,0.014691058,0.00307954,0.07047958,0.0078038895,0.090269715,0.002600452,0.37986398
5,7,SO,OUT,0.2174989,0.07505083,0.017900225,0.01599828,0.052078817,0.100735605,0.0031564098,0.51758087
7,5,OUT,SO,0.048253182,0.07185859,0.007580711,0.09050246,0.028505594,0.4144076,0.009220834,0.32967097
4,7,BB,OUT,0.1537162,0.08047108,0.0010877213,0.051237058,0.061747402,0.21489108,0.035206422,0.40164295
0,7,SINGLE,OUT,0.22452748,0.15640362,0.0022484434,0.0010669854,0.057328705,0.27297404,0.009662825,0.2757879
0,5,SINGLE,SO,0.16962945,0.16195005,0.04258703,0.026916558,0.044427946,0.28733703,0.14500572,0.12214622
5,7,SO,OUT,0.10547743,0.19732293,5.541331e-05,0.003950468,0.03894608,0.27337006,2.9604542e-05,0.380848
5,0,SO,SINGLE,0.68043965,0.030396547,0.0009148438,0.004562667,0.068474025,0.05389023,0.0040652687,0.1572567
7,7,OUT,OUT,0.29061204,0.11957751,0.0015777146,0.0047589703,0.088028476,0.14734907,0.012194326,0.3359019
7,0,OUT,SINGLE,0.45171964,0.03147467,0.107650675,0.069220304,0.027493777,0.12155245,0.03585172,0.15503673
7,0,OUT,SINGLE,0.39445806,0.06956022,0.0006383106,0.02802894,0.03249713,0.19806439,0.054109924,0.22264306
7,4,OUT,BB,0.13612644,0.0075927875,0.0013309405,0.0013130975,0.5859932,0.061226323,0.001190112,0.20522705
7,0,OUT,SINGLE,0.282803,0.018555447,0.016813092,0.037581317,0.048679378,0.11980878,0.2336628,0.24209622
4,5,BB,SO,0.2763012,0.025877943,0.14420837,0.0021639164,0.12771611,0.2803183,0.014146725,0.12926741
7,7,OUT,OUT,0.03240371,0.048374787,0.023937445,0.045521084,0.0652226,0.35036576,0.07616677,0.3580078
5,7,SO,OUT,0.05658581,0.0057836426,0.0002815388,0.00019552595,0.006953781,0.013637402,0.00091921573,0.91564304
7,0,OUT,SINGLE,0.58835477,0.18611297,0.0005795688,0.035556905,0.0059466194,0.09568282,0.0015798426,0.08618655
7,1,OUT,DOUBLE,0.15885913,0.29648802,0.0026088455,0.035659797,0.16936606,0.08796943,0.018238671,0.23081009
7,5,OUT,SO,0.10454433,0.003245617,0.0013943856,0.0008000421,0.012591394,0.45420477,0.0001323083,0.4230871
5,5,SO,SO,0.009004038,0.007647919,2.171455e-05,1.834916e-05,0.013288019,0.92620265,0.00011802479,0.0436993
7,0,OUT,SINGLE,0.8443987,0.005747627,0.005335461,0.0038949256,0.016653165,0.030828953,0.001239468,0.09190172
1,7,DOUBLE,OUT,0.23212187,0.05030998,0.0036838164,0.12626946,0.05293752,0.13004433,0.06197734,0.3426557
7,5,OUT,SO,0.3099568,0.009505984,0.054264285,0.022747789,0.017780302,0.41929293,0.009151304,0.1573006
7,4,OUT,BB,0.19520347,0.08701808,0.00042197123,0.0018734426,0.28458163,0.16176583,0.05337505,0.21576057
5,7,SO,OUT,0.21209984,0.022857375,0.0026723118,0.0690235,0.037282694,0.17329471,0.0083811255,0.4743884
7,7,OUT,OUT,0.13986306,0.25260928,0.002047504,0.046024017,0.19293074,0.0987966,0.0019404974,0.26578835
7,7,OUT,OUT,0.15723523,0.06447255,0.0032109458,0.00011191142,0.1390115,0.24224386,0.0005178392,0.39319617
1,7,DOUBLE,OUT,0.067207605,0.08083284,0.0004355443,0.00048690592,0.009746146,0.092031114,0.00049095624,0.7487689
5,3,SO,HR,0.06718591,0.013204552,0.0005688943,0.8440379,0.012024028,0.03138801,1.4822728e-05,0.03157592
7,0,OUT,SINGLE,0.70680463,0.037388418,0.0016505006,0.040355925,0.046823405,0.060989637,0.0015953216,0.104392126
7,7,OUT,OUT,0.057989363,0.065888785,0.00097468117,0.18223278,0.12727252,0.06601741,0.008017682,0.4916067
7,5,OUT,SO,0.08225427,0.050157513,0.00058849086,0.00036121276,0.08077124,0.43376136,0.007648632,0.34445727
5,4,SO,BB,0.024828285,0.0055462853,0.00022281488,3.8395287e-05,0.7750398,0.07820534,0.00013829139,0.11598078
7,0,OUT,SINGLE,0.35400605,0.03871948,0.0054617277,0.08887995,0.05331126,0.105390005,0.0028307561,0.35140076
7,5,OUT,SO,0.05729779,0.043171868,0.0012172958,0.0010087426,0.064637646,0.7547396,0.0006039618,0.07732318
7,7,OUT,OUT,0.13378282,0.015845703,0.02637148,0.0068972753,0.018392755,0.12585424,0.27178624,0.40106952
5,5,SO,SO,0.23497967,0.09687889,0.0166108,0.17363,0.12913495,0.23625961,0.015654068,0.09685201
0,5,SINGLE,SO,0.26239994,0.003658355,6.794301e-05,0.010089507,0.04211065,0.6055426,0.00058342656,0.0755476
7,5,OUT,SO,0.06861157,0.033828966,0.0017841654,0.010763729,0.16428782,0.6067294,0.03143338,0.082561
7,0,OUT,SINGLE,0.35262224,0.02893248,0.16215263,0.10923123,0.06168174,0.1577832,0.004225547,0.12337089
7,0,OUT,SINGLE,0.5989783,0.040529624,0.00060280017,0.041611765,0.09889815,0.020437296,0.049797844,0.14914423
0,7,SINGLE,OUT,0.26342928,0.0745274,0.0041390257,0.000488823,0.21619558,0.089774065,0.0016317402,0.34981415
7,5,OUT,SO,0.021528054,0.00803546,0.3088737,0.0012772124,0.007703267,0.39905223,0.0447607,0.20876932
7,7,OUT,OUT,0.3204549,0.027240062,0.012578801,0.069782175,0.021886485,0.14512557,0.00091218954,0.40201986
7,0,OUT,SINGLE,0.43181077,0.029060714,0.0056074806,0.026814826,0.036373515,0.3266165,0.010512603,0.13320372
0,0,SINGLE,SINGLE,0.36025363,0.21975587,0.0012115542,0.023536084,0.044750452,0.09311728,0.0008047158,0.25657043
7,4,OUT,BB,0.27781624,0.036327798,0.00031618396,0.019777685,0.45071065,0.09809125,0.012078096,0.10488205
0,4,SINGLE,BB,0.28483537,0.030394018,0.0003307773,0.0013080699,0.3251397,0.15342818,0.034864902,0.16969903
5,5,SO,SO,0.04116945,0.09538114,0.003336475,0.098505534,0.1563909,0.275406,0.079541765,0.25026876
6,0,HBP,SINGLE,0.36352578,0.045770302,0.006119778,0.009302381,0.11912114,0.14067262,0.007787784,0.3077003
7,7,OUT,OUT,0.19557503,0.0024536178,0.0004603331,0.033886172,0.029350575,0.040913876,0.0044492837,0.69291115
7,4,OUT,BB,0.12154717,0.08655233,0.0019809532,0.2230083,0.24381202,0.032816753,0.18504336,0.105239116
7,4,OUT,BB,0.35673434,0.02151334,0.001382248,0.00030395715,0.46056533,0.06341086,0.006186184,0.0899037
7,0,OUT,SINGLE,0.53161305,0.009591712,0.0013490248,0.000528639,0.1806645,0.17916705,0.0017377756,0.09534822
7,0,OUT,SINGLE,0.33032182,0.006785424,0.10108187,0.1650115,0.091791004,0.051904123,0.012049701,0.24105455
7,7,OUT,OUT,0.050618164,0.020532358,0.0008646609,0.115091205,0.16704768,0.07159999,0.1273314,0.44691446
7,7,OUT,OUT,0.29544884,0.043698248,0.06569318,0.018324263,0.16937262,0.045063306,0.0599709,0.30242866
0,0,SINGLE,SINGLE,0.374666,0.028176462,0.00051481824,0.050493605,0.14229254,0.0745649,0.036016144,0.29327542
7,4,OUT,BB,0.12547435,0.01164551,0.0041969516,0.11352008,0.39171562,0.22707058,0.012632596,0.11374427
0,7,SINGLE,OUT,0.3316829,0.014670611,0.001592626,0.0022455277,0.083636865,0.09987895,0.0017164219,0.4645761
0,0,SINGLE,SINGLE,0.35529676,0.064122185,0.0007797744,0.059863407,0.24239084,0.030665169,0.00030596525,0.24657579
7,7,OUT,OUT,0.10525184,0.024839707,0.005129568,0.06311562,0.15304014,0.20203334,0.009004973,0.43758494
7,1,OUT,DOUBLE,0.10071251,0.656281,0.00061763497,0.07967011,0.011520325,0.082218304,0.00038292995,0.06859719
7,7,OUT,OUT,0.12745346,0.023934655,0.0051100054,0.009190969,0.18967244,0.24076705,0.013292121,0.39057928
7,7,OUT,OUT,0.12581947,0.037390485,0.008160156,0.0024024737,0.14482068,0.18896309,0.004080411,0.48836315
7,4,OUT,BB,0.227517,0.07383455,0.016829671,0.0007660513,0.36373058,0.16013806,0.00043923932,0.15674484
7,4,OUT,BB,0.07683076,0.04358898,0.07053352,0.009426851,0.43149558,0.11135501,0.010577925,0.24619141
5,0,SO,SINGLE,0.50851625,0.04185204,0.0026581744,0.033776138,0.072302766,0.12716204,0.00082218455,0.2129105
5,7,SO,OUT,0.03280482,8.455134e-05,2.834775e-10,3.6297795e-05,0.21561365,0.23465744,4.115719e-09,0.51680326
3,7,HR,OUT,0.031286195,0.023068316,0.0026869245,0.02258812,0.040607866,0.3671319,0.0008253956,0.5118053
0,4,SINGLE,BB,0.0816578,0.047673643,0.00027961508,0.10818288,0.45073566,0.06224384,0.018583708,0.23064277
4,7,BB,OUT,0.2911472,0.006998131,0.0014114614,0.0093864305,0.039009556,0.17996776,0.00066525454,0.47141418
7,7,OUT,OUT,0.13059162,0.02310828,0.0015110726,0.036591597,0.22885436,0.25088108,0.044032633,0.28442937
5,7,SO,OUT,0.08529667,0.011997021,0.001586677,0.18677978,0.14350505,0.07169855,0.025485404,0.47365093
0,0,SINGLE,SINGLE,0.49134353,0.026811827,0.003923802,0.00037527457,0.13270392,0.06936756,0.0028434882,0.27263066
5,0,SO,SINGLE,0.7606817,0.009912122,0.011482992,0.013265372,0.1505346,0.028386902,0.00465812,0.021078214
0,7,SINGLE,OUT,0.23853487,0.0337666,0.016984992,0.011169628,0.23286043,0.06412975,0.0019677568,0.40058604
0,6,SINGLE,HBP,0.107867725,0.0052813157,0.0009230383,0.24574454,0.0881326,0.10665471,0.32422295,0.12117311
7,7,OUT,OUT,0.25965327,0.038214177,0.055533323,0.00056581123,0.10146748,0.059422243,0.0027023996,0.48244128
7,3,OUT,HR,0.22593735,0.066349275,0.07073551,0.2432136,0.06320147,0.119835265,0.0070646424,0.20366296
7,7,OUT,OUT,0.120209605,0.014356107,0.0023418933,0.037854493,0.08165373,0.039535623,0.13731277,0.5667358
7,1,OUT,DOUBLE,0.21965444,0.47569558,0.002906768,0.020067088,0.055001687,0.033836693,0.0073190937,0.18551865
0,5,SINGLE,SO,0.043196533,0.012627067,0.029060256,0.020957343,0.17320728,0.48541737,0.0049288454,0.23060533
5,5,SO,SO,0.102310054,0.18156382,0.028272921,0.07699613,0.115782246,0.28319147,0.05311418,0.1587691
7,4,OUT,BB,0.071324885,0.057062212,0.0028899373,0.016376065,0.71319026,0.06069035,0.0018080833,0.07665819
5,5,SO,SO,0.13844621,0.039187912,0.020355929,0.26178637,0.18657616,0.28466764,0.00060588313,0.06837382
7,0,OUT,SINGLE,0.3112982,0.029702332,0.002728662,0.022420598,0.1993146,0.1776051,0.0026198102,0.2543108
7,4,OUT,BB,0.041097246,0.027505418,0.00087227346,0.025486328,0.63735455,0.19437122,3.8574126e-05,0.07327443
5,5,SO,SO,0.021126825,0.034468915,0.0012400735,0.00038056946,0.018623006,0.8304593,0.00031385093,0.0933875
5,5,SO,SO,0.117131546,0.006860151,0.00010026605,0.020352928,0.0038435839,0.36134773,0.13726975,0.35309404
2,7,TRIPLE,OUT,0.096124366,0.0018830838,0.000728876,0.009508973,0.003785945,0.3025005,0.0033829082,0.58208543
5,7,SO,OUT,0.05445126,0.004713796,0.0017490701,0.00068035536,0.040919915,0.41659027,0.0041425037,0.47675288
4,7,BB,OUT,0.13260303,0.008653782,0.00056215323,0.009159217,0.14869666,0.33417603,0.00010089426,0.36604825
6,7,HBP,OUT,0.10988345,0.01536118,0.0013380238,0.045102477,0.3214877,0.06269555,0.047210585,0.396921
0,5,SINGLE,SO,0.15517321,0.015112864,0.002679224,0.022887394,0.2502485,0.40406224,0.032747135,0.117089465
7,0,OUT,SINGLE,0.34008983,0.021027433,0.00046044547,0.009646272,0.031284876,0.33781818,0.0042829737,0.25538993
5,5,SO,SO,0.08303524,0.20632555,0.0002611647,0.03665939,0.20303504,0.22331288,0.060593694,0.1867771
5,0,SO,SINGLE,0.30781806,0.0220811,0.011362,0.033366747,0.15187556,0.23201005,0.07053431,0.17095219
0,0,SINGLE,SINGLE,0.5352795,0.017618537,0.0071127377,0.0013577344,0.077432126,0.21394539,0.042319294,0.10493463
7,0,OUT,SINGLE,0.3798386,0.05399667,0.00029142166,0.017410435,0.041804865,0.25886935,0.17716248,0.07062631
5,1,SO,DOUBLE,0.13081078,0.2375591,0.00065785233,0.015741713,0.08970824,0.19086134,0.13851969,0.19614127
5,5,SO,SO,0.16719559,0.001655739,0.00014817927,0.0016846417,0.11667692,0.51226634,1.8478679e-05,0.20035411
5,5,SO,SO,0.08591071,0.0008069478,0.003659915,0.021619452,0.31821367,0.5211332,0.0055666524,0.043089405
6,7,HBP,OUT,0.118062004,0.014483039,0.0005857685,0.038541686,0.1811577,0.11114044,0.003314442,0.5327149
7,3,OUT,HR,0.3023355,0.025033725,0.0043017124,0.33353233,0.12677526,0.09769221,0.0139123835,0.09641689
7,4,OUT,BB,0.14993592,0.016734436,0.0036110978,0.001821039,0.46650174,0.06795321,0.009371093,0.28407156
5,7,SO,OUT,0.25030804,0.10748143,0.0011340706,0.0021712992,0.049777754,0.23305361,0.052682005,0.30339175
7,0,OUT,SINGLE,0.60815024,0.12381149,0.0009767821,0.00047538747,0.06293193,0.08217358,0.008368735,0.11311191
5,5,SO,SO,0.02801826,0.002407057,0.0006299778,0.00013535983,0.012029198,0.66887957,0.0020627032,0.2858379
7,7,OUT,OUT,0.04832552,0.013560163,0.004212672,0.031152815,0.20513959,0.20051433,0.012007224,0.48508763
7,4,OUT,BB,0.28016093,0.020163916,0.0014446235,0.086838074,0.30162746,0.14764401,0.0029499915,0.15917112
4,7,BB,OUT,0.27477515,0.1339328,0.01027553,0.04392838,0.075425945,0.13278131,0.02553203,0.30334887
5,4,SO,BB,0.17078505,0.0058795493,0.0009852333,0.011397592,0.38043678,0.22929437,0.010361667,0.19085975
5,7,SO,OUT,0.16253828,0.015696175,0.020126715,0.0018189951,0.029337104,0.096898444,0.001956296,0.671628
7,4,OUT,BB,0.26356104,0.018734053,0.016901484,0.008256602,0.3528754,0.115463145,0.021224454,0.20298381
5,5,SO,SO,0.08708269,0.083184764,0.0017925214,0.16041805,0.109316655,0.47533777,0.0015310185,0.08133655
7,4,OUT,BB,0.03322938,0.20992123,0.009680252,0.030099312,0.5106798,0.061488308,0.04503584,0.099865824
0,5,SINGLE,SO,0.10345785,0.01654764,0.00030863297,0.05916975,0.2997329,0.35750142,0.01035302,0.15292872
4,4,BB,BB,0.18184404,0.08408261,0.00020106464,0.0003067193,0.5929754,0.07540763,7.41333e-05,0.06510843
3,3,HR,HR,0.09268565,0.029246107,0.00036756866,0.5960183,0.013590187,0.21542251,0.00012368031,0.052546002
7,5,OUT,SO,0.0520788,0.0022235536,1.6325866e-05,0.0023184703,0.18853974,0.532428,0.0005782131,0.22181687
7,5,OUT,SO,0.12513453,0.056713074,0.0004620362,3.3530155e-06,0.04674442,0.47804928,3.0473602e-05,0.2928629
6,5,HBP,SO,0.14126913,0.001719642,0.0039216,0.00027171953,0.012471476,0.80154794,0.010466705,0.028331837
5,7,SO,OUT,0.14885785,0.005978965,0.01599192,0.009236761,0.22288457,0.22505927,0.00077023037,0.37122044
7,0,OUT,SINGLE,0.61406946,0.0060804496,0.00012503812,0.0014110341,0.09840251,0.12133492,2.3993745e-05,0.15855262
5,1,SO,DOUBLE,0.18968832,0.42502716,0.0011511757,0.064084485,0.008822769,0.08403322,0.0042559784,0.22293699
3,0,HR,SINGLE,0.51250595,0.011629667,2.8668699e-05,0.0013508766,0.15447375,0.12673406,0.0010069618,0.19227003
7,0,OUT,SINGLE,0.31046778,0.110022314,0.00025775182,0.024903161,0.0900524,0.18844599,0.13336022,0.14249037
7,0,OUT,SINGLE,0.22364187,0.18046473,0.0033971213,0.0117267575,0.1941025,0.17172046,0.022278111,0.19266847
5,0,SO,SINGLE,0.57608545,0.016534546,0.005880794,0.039142493,0.037008077,0.10718315,0.007186188,0.2109793
7,0,OUT,SINGLE,0.4356919,0.080611296,0.00027818923,0.02894785,0.03978714,0.1053723,0.0054680086,0.30384335
4,7,BB,OUT,0.12951283,0.020707272,0.0024253684,0.08235044,0.24285151,0.056084797,0.0013200819,0.46474773
0,4,SINGLE,BB,0.07534737,0.06850045,0.011555958,0.05318756,0.52822256,0.02440034,0.11447804,0.124307804
5,5,SO,SO,0.08693956,0.104654774,0.010766528,0.07971189,0.117798954,0.39360714,0.0059017367,0.20061943
7,7,OUT,OUT,0.19060788,0.010642068,0.0013875625,0.104511835,0.29561418,0.10029958,0.000998077,0.29593882
7,7,OUT,OUT,0.15642321,0.24528694,0.0026761638,0.04469328,0.02053644,0.06047922,0.0044365185,0.46546823
7,0,OUT,SINGLE,0.3660206,0.050193552,0.14214173,0.0064479024,0.04167669,0.089976765,0.003352123,0.30019066
7,6,OUT,HBP,0.208907,0.052795637,0.06610107,0.010246823,0.20802204,0.062225215,0.2299881,0.16171417
6,5,HBP,SO,0.0549271,0.0037021963,0.011946871,0.0048623146,0.05612995,0.51432174,0.00221608,0.35189384
7,7,OUT,OUT,0.058131486,0.0033837487,0.036442436,0.00088117237,0.0224877,0.19699718,0.0027739129,0.6789024
7,1,OUT,DOUBLE,0.1115721,0.43199587,0.0010696482,0.054154042,0.114468165,0.090365715,0.0018469053,0.19452755
7,4,OUT,BB,0.1363561,0.13212508,0.0028824024,0.1067831,0.2280179,0.12215937,0.15312245,0.118553616
7,7,OUT,OUT,0.083181076,0.009347596,0.00014012652,0.0014973229,0.0047296104,0.294504,0.000113603295,0.6064867
7,7,OUT,OUT,0.20892297,0.07833001,0.0012753713,0.03277178,0.19908361,0.0848651,0.0185615,0.37618974
1,0,DOUBLE,SINGLE,0.36894295,0.04882212,0.005297453,0.030521158,0.11908513,0.105746225,0.023373226,0.2982117
7,7,OUT,OUT,0.06485778,0.0056493212,0.004502138,0.00030556167,0.016181387,0.2975174,0.0010874122,0.609899
7,4,OUT,BB,0.06325729,0.05538531,0.036026284,0.0063341362,0.33176216,0.18791981,0.0024192831,0.31689566
7,7,OUT,OUT,0.061928455,0.07006471,0.00047705774,0.014315423,0.13905631,0.14695175,0.023881694,0.5433246
0,0,SINGLE,SINGLE,0.26926008,0.2310602,0.00084932364,0.06481625,0.12821242,0.15649393,0.0065761046,0.14273165
7,0,OUT,SINGLE,0.5899758,0.0902364,0.0007331895,0.10318117,0.011751725,0.09627654,0.0257317,0.08211348
7,0,OUT,SINGLE,0.31834033,0.23157802,0.0011783075,0.0028362959,0.043364156,0.07127155,0.12333552,0.20809585
7,7,OUT,OUT,0.23880298,0.0123173725,0.03766347,0.0096107675,0.023025326,0.081354216,0.004497623,0.59272826
7,4,OUT,BB,0.34157208,0.021073684,0.00062195805,0.012961183,0.40135708,0.0809625,0.01654135,0.12491012
4,0,BB,SINGLE,0.8615573,0.0004688458,0.00016213882,0.0017446227,0.060896803,0.03178316,0.0024444053,0.040942527
0,5,SINGLE,SO,0.04649782,0.025343677,0.011912543,0.00016307099,0.20343041,0.56645346,0.0019373508,0.14426167
7,5,OUT,SO,0.14077084,0.18362094,0.0012444775,0.21038431,0.20041874,0.24610901,0.006268882,0.011182829
4,7,BB,OUT,0.13795932,0.047925245,0.008997602,0.03799004,0.09896484,0.10123545,0.14461863,0.42230886
0,7,SINGLE,OUT,0.07859012,0.028193401,0.0006027179,0.020849688,0.03491479,0.36346692,0.039290458,0.4340919
7,0,OUT,SINGLE,0.45849085,0.025613997,0.00046077522,0.0047481027,0.14068437,0.11112989,0.04163847,0.2172336
7,5,OUT,SO,0.26007277,0.08296523,0.00039256038,0.0056885188,0.011948354,0.37226805,0.0025109155,0.26415354
7,5,OUT,SO,0.008239881,0.007949649,8.903379e-05,0.000104416555,0.011078423,0.69540185,0.00025319154,0.2768836
1,5,DOUBLE,SO,0.07618192,0.22956812,0.0014331858,0.011401741,0.17107955,0.30391005,0.02716087,0.17926458
5,0,SO,SINGLE,0.5536716,0.014461979,0.0147464005,0.0037333716,0.022156252,0.27388728,0.0028171323,0.114525884
0,7,SINGLE,OUT,0.14591348,0.18412364,0.004369103,0.10184789,0.031723965,0.1161532,0.0053285635,0.41054007
0,0,SINGLE,SINGLE,0.5900031,0.006903363,0.011608944,0.012445666,0.008618729,0.14588852,0.0036604332,0.22087134
7,0,OUT,SINGLE,0.44881758,0.011358106,0.00033447045,0.0067783454,0.0068983915,0.21110442,0.09164161,0.22306716
5,2,SO,TRIPLE,0.0850558,0.005629497,0.51584166,0.20881224,0.052508336,0.08786561,0.0052264966,0.03906033
7,4,OUT,BB,0.08405036,0.04921529,0.0029341653,0.005021266,0.3918081,0.29327747,0.020359993,0.15333334
7,7,OUT,OUT,0.12743965,0.087903485,0.12780815,0.02085164,0.10709121,0.17333485,0.00050694065,0.35506406
7,1,OUT,DOUBLE,0.06981642,0.47730356,0.00087658287,0.19598415,0.042940363,0.024338255,0.00042571063,0.18831497
0,7,SINGLE,OUT,0.12642612,0.07163781,0.0016324916,0.09658567,0.17552207,0.10540886,0.0031454212,0.41964155
7,1,OUT,DOUBLE,0.2619319,0.57794034,8.4985426e-05,0.002131278,0.0076932227,0.059987105,0.007814672,0.08241648
7,5,OUT,SO,0.079547755,0.055024054,0.00065367797,0.0025481486,0.11163597,0.7064437,0.00235233,0.041794278
7,1,OUT,DOUBLE,0.023565833,0.46238682,0.0010674803,0.43714198,0.0069053955,0.020795118,0.00021496708,0.047922388
5,5,SO,SO,0.04958874,0.01475551,0.0070760148,0.013653574,0.14284638,0.61145484,0.008106878,0.1525181
7,7,OUT,OUT,0.16481337,0.044723887,0.005442741,0.00090996147,0.15876706,0.1409423,0.00036658318,0.4840341
5,5,SO,SO,0.21094611,0.050629724,0.017919548,0.0225244,0.16459323,0.4701259,0.00011981569,0.063141234
7,7,OUT,OUT,0.106663816,0.10428268,0.0015324085,0.0041632727,0.02173693,0.14928083,0.001834144,0.61050594
7,5,OUT,SO,0.05840655,0.14679912,0.00029884523,0.0022078755,0.10001371,0.37904862,0.0014545689,0.3117707
5,5,SO,SO,0.19795768,0.026716853,0.009987189,0.017050685,0.07550786,0.28771198,0.1372098,0.24785797
7,5,OUT,SO,0.25848585,0.01480634,0.00079463574,0.0037446904,0.093805514,0.38030934,0.014286818,0.23376675
0,4,SINGLE,BB,0.27873415,0.13098426,0.0017846815,0.0053333845,0.29210356,0.25110164,0.006276999,0.03368131
7,4,OUT,BB,0.26765415,0.00933275,0.0002698456,0.018315665,0.51675546,0.068818145,0.088904254,0.02994966
5,5,SO,SO,0.009473006,0.0039139558,0.0019415726,0.00033245087,0.27116013,0.48992547,0.0008496756,0.2224038
7,7,OUT,OUT,0.23644352,0.020352535,0.0011566238,0.022591433,0.16311646,0.09933126,0.0014661868,0.45554203
7,0,OUT,SINGLE,0.32989094,0.025083786,0.00039921125,0.045693155,0.16798668,0.0953304,0.039169353,0.29644644
5,4,SO,BB,0.25132418,0.039364304,0.00089098915,0.059021812,0.29508,0.16692746,0.0058204914,0.18157078
4,0,BB,SINGLE,0.417208,0.010593458,0.027273457,0.2465895,0.026981989,0.06115356,0.13273384,0.07746626
7,5,OUT,SO,0.047848657,0.061527718,0.05496061,0.040035404,0.051097106,0.44498888,0.017101139,0.28244054
7,0,OUT,SINGLE,0.25296494,0.13755064,0.00014397022,0.056911442,0.15392652,0.11315305,0.06413362,0.22121584
0,0,SINGLE,SINGLE,0.3955303,0.092779204,0.00067144696,0.0072968896,0.09330048,0.08642748,0.019996515,0.30399767
4,7,BB,OUT,0.18066157,0.02179929,0.0006577427,0.12566829,0.09276717,0.17301194,0.0040788,0.4013552
7,7,OUT,OUT,0.0804249,0.042248722,0.00072074845,0.010406965,0.062193766,0.037916232,0.0048010806,0.76128757
5,4,SO,BB,0.19557226,0.06473005,0.00012493994,0.011406529,0.31721207,0.254208,0.08937574,0.06737046
5,0,SO,SINGLE,0.34189397,0.11705648,0.008935485,0.032996804,0.25885826,0.07352075,0.009223446,0.1575147
0,5,SINGLE,SO,0.24999894,0.0665832,0.010130702,0.122295275,0.022145476,0.3432809,0.026817273,0.15874824
5,7,SO,OUT,0.20745592,0.19866066,0.046794616,0.032044616,0.067191906,0.17889826,0.018606808,0.25034726
5,7,SO,OUT,0.00273786,0.0016697152,0.00093386037,0.00013303087,0.0017068003,0.43475372,0.00014123462,0.55792373
7,0,OUT,SINGLE,0.50226885,0.025231348,0.009065752,0.10657077,0.09538421,0.15085588,0.023260685,0.08736239
7,0,OUT,SINGLE,0.3226289,0.06484359,0.0013497614,0.007191972,0.21422859,0.09115892,0.042069566,0.2565287
5,5,SO,SO,0.064731725,0.07593483,0.00034659132,0.001010116,0.036624838,0.62879765,0.016185006,0.17636925
7,1,OUT,DOUBLE,0.18327849,0.43276697,0.034561746,0.0015902935,0.04257789,0.10793804,0.0025264435,0.19476013
7,5,OUT,SO,0.34219843,0.012973039,0.0036397723,0.0060788887,0.016164001,0.45323974,0.0066654524,0.15904067
5,0,SO,SINGLE,0.2730868,0.22043121,0.04101897,0.02987037,0.058677092,0.12943795,0.002931574,0.24454604
7,0,OUT,SINGLE,0.51646036,0.011254186,0.000150198,0.00015462036,0.09059499,0.029886058,0.00012255086,0.3513771
6,5,HBP,SO,0.40804562,0.0193745,0.0014449726,0.0067838016,0.07656416,0.41245058,0.008688464,0.06664787
