true_id,pred_id,true_label,pred_label,prob_SINGLE,prob_DOUBLE,prob_TRIPLE,prob_HR,prob_BB,prob_SO,prob_HBP,prob_OUT
1,7,DOUBLE,OUT,0.17039181222680852,0.026662760176399763,0.0028609802360055453,0.00966858483252715,0.09604372461013987,0.2157994218148276,0.005235473074383832,0.4733372430289076
7,7,OUT,OUT,0.12498807806836203,0.05274873701938447,0.0019806972342941414,0.017356346712371906,0.047920930720994244,0.1704195938386932,0.005462200034793338,0.5791234163711066
7,7,OUT,OUT,0.10970112380144574,0.04091293075187586,0.0020110155090766343,0.02554868393417895,0.09490467852258119,0.22495835827775867,0.004847844323403227,0.49711536487967967
6,7,HBP,OUT,0.20502836784227157,0.04117592987504405,0.002375564239027624,0.009459801157970413,0.08726030459669641,0.13350436380413166,0.007461975046208863,0.5137336934386494
0,7,SINGLE,OUT,0.15175684348598353,0.04843949916216825,0.0028863737043683165,0.012084638852891306,0.07304624149964378,0.20557131759232128,0.009818979281311441,0.4963961064213122
5,7,SO,OUT,0.1547050033876044,0.05142733676391918,0.0020454934322938195,0.024819420833806456,0.11662009614527062,0.1606809298024464,0.008514542826325395,0.4811871768083337
0,7,SINGLE,OUT,0.1275120087629704,0.05734468648165615,0.001977553530582263,0.010216452419774267,0.08999541940847008,0.2577668476549186,0.005062978634356647,0.4501240531072716
3,7,HR,OUT,0.11946945981363044,0.03789862357763334,0.0023112872506651514,0.020687685926010932,0.0897587178841676,0.14714071611617277,0.009122548648310105,0.5736109607834097
7,7,OUT,OUT,0.15250952063265658,0.03757228996104897,0.0019996155020871437,0.010063351419506346,0.11732418755065536,0.2075936603048806,0.01132576702020512,0.4616116076089598
7,7,OUT,OUT,0.17752037641688015,0.030840310913351397,0.0027482306959760584,0.010387969817517776,0.0522813616241099,0.1362374789089737,0.006445617288243133,0.5835386543349479
7,7,OUT,OUT,0.16700361216766257,0.0481093660975895,0.0022877834741285184,0.016241528869578737,0.08284777074022162,0.15525649121683535,0.005645496993370269,0.5226079504406134
7,7,OUT,OUT,0.12749255383543776,0.0297578271596755,0.0020063711317411348,0.01389910706354148,0.09852593993156826,0.11380544552620167,0.0043184541498276635,0.6101943012020066
7,7,OUT,OUT,0.14867110306582995,0.03710104924273231,0.0026546529870916493,0.009874041847508471,0.08010693560387237,0.1987766225585023,0.005727362427843237,0.5170882322666197
7,7,OUT,OUT,0.08747303626391409,0.02290282297904227,0.0019906885694762903,0.009527811655594205,0.05339902941646552,0.30665573766139426,0.005464382322530269,0.512586491131583
4,7,BB,OUT,0.11045105071432611,0.0406951939230698,0.0025563431533515402,0.013516103078664223,0.10099843269005007,0.23342202499187908,0.006007161277725172,0.49235369017093394
7,7,OUT,OUT,0.12581947986805977,0.028088090895498453,0.002254863186763062,0.01076459261028479,0.05790523525017701,0.2729004212222191,0.0056877986458349,0.4965795183211628
1,7,DOUBLE,OUT,0.1925640540441603,0.03553824314488218,0.0024028683411202404,0.010344561441355702,0.07933359658178807,0.1373962246552078,0.007090708537765296,0.5353297432537204
0,7,SINGLE,OUT,0.1646125891374044,0.046437353567350494,0.0018644503268023095,0.00948259292592561,0.06296464849350433,0.20813895990483378,0.005063647598248953,0.50143575804593
7,7,OUT,OUT,0.17177766113746587,0.03534645121700501,0.002022261800382809,0.010704562324613004,0.1628079212379199,0.1619837784581782,0.0149745168437155,0.44038284698071967
5,7,SO,OUT,0.14319539669005818,0.02923542885826632,0.002652375473291596,0.010259937023165997,0.09297521092523195,0.24854840357206057,0.0061193166263175496,0.4670139308316078
4,7,BB,OUT,0.1475870140931287,0.03363518007230822,0.0019467172888173602,0.009480374388967054,0.1067151473547796,0.18239766586075082,0.0072658141160037125,0.5109720868252445
5,7,SO,OUT,0.12631144468318242,0.05116375980133652,0.002699785942402823,0.016297871131230796,0.12139415193606021,0.2484260521901981,0.007007690960218952,0.4266992433553702
5,7,SO,OUT,0.17271236131577103,0.0683888212044704,0.002588172150611393,0.009262306384158788,0.062379817207973386,0.12856532713748794,0.006202648621936058,0.549900545977591
5,7,SO,OUT,0.11534933760320985,0.03470854522724119,0.002011206230653395,0.023473383208778887,0.11037061098877286,0.22469706109057205,0.004774230903453798,0.4846156247473181
7,7,OUT,OUT,0.13571168303797762,0.03019204228872509,0.0021396152139280017,0.011158046672528402,0.07647885105221597,0.20672216871069105,0.006586483749526449,0.5310111092744074
5,7,SO,OUT,0.2240879142630393,0.03959145751808189,0.0023985388557134623,0.0115551927287632,0.07046387128029331,0.2065500008158916,0.00756950447620525,0.437783520062012
5,7,SO,OUT,0.19382914063375342,0.027814673848415378,0.002196128197606151,0.011020033851113555,0.06864611811701744,0.13305069172653042,0.004108375474609365,0.5593348381509542
7,7,OUT,OUT,0.17816273806332394,0.03292037507237754,0.0020564166784444527,0.019386833868238217,0.07730310321965099,0.11778401313355236,0.006942909567984651,0.5654436103964279
7,7,OUT,OUT,0.17579132105982173,0.028535819672583174,0.002567081488263034,0.010101470177874381,0.07958721124175627,0.2038324372594274,0.0050568704226758646,0.4945277886775983
7,7,OUT,OUT,0.12679554416612326,0.029414289121162666,0.0018428596493466323,0.009412813627311292,0.07955231462667887,0.2664216236364544,0.004490983622182886,0.48206957155073976
0,7,SINGLE,OUT,0.13915607046741016,0.03158699026278396,0.0021721868265585213,0.011453414508018409,0.061053466126321274,0.12856212219626376,0.004734471911670383,0.6212812777009734
7,7,OUT,OUT,0.15999471722329622,0.02845600137050444,0.0019193960958946322,0.010534734860073284,0.0644376027781452,0.13825752939185484,0.005698786691598732,0.5907012315886326
5,7,SO,OUT,0.13114530490262624,0.05781870715900162,0.0033038341456640137,0.01343966249187946,0.09954952943856388,0.16419810047824243,0.010354203077356043,0.5201906583066663
0,7,SINGLE,OUT,0.1544963105363559,0.03775977217963981,0.0032767977313831746,0.012313283151991079,0.08959114310096777,0.2204052022482091,0.0068050250414788925,0.4753524660099744
7,7,OUT,OUT,0.12572588702577175,0.0479021881957875,0.0020616007232262356,0.01337807256572497,0.050180197464335226,0.18501740059334626,0.004940984171241894,0.5707936692605661
4,7,BB,OUT,0.16358986214200713,0.04668278968227228,0.0019124436250813454,0.009889482271624155,0.08446975882053549,0.14672002516394678,0.006726191351693234,0.5400094469428397
0,7,SINGLE,OUT,0.13648393736058137,0.028330698484737786,0.0020627096621712,0.009630673456150826,0.07651373477363789,0.15914747044752325,0.004645651229561309,0.5831851245856364
7,7,OUT,OUT,0.17893606430960277,0.02817752594349554,0.0018947819960300565,0.010097383353596875,0.07925234794802566,0.11781460486419762,0.005111733032383781,0.5787155585526677
7,7,OUT,OUT,0.1374079924453993,0.030173021190010238,0.0038392019071123687,0.024228351788141124,0.09736469797454676,0.13270696467455617,0.019898102747196833,0.5543816672730373
5,7,SO,OUT,0.18181812420721585,0.03501274242989187,0.002364267286638818,0.009318736215344256,0.07952064471327377,0.1599667966199952,0.010094123108467547,0.5219045654191727
7,7,OUT,OUT,0.20243468729089567,0.02885290228136314,0.0020781376254241308,0.008834667464776989,0.09368867200868021,0.1222925374828067,0.006129820285466264,0.5356885755605869
7,7,OUT,OUT,0.11887923159313223,0.055826521735267594,0.0019214504897305173,0.033061277815238946,0.12639721746561378,0.2121723561172095,0.004795082398784933,0.44694686238502246
5,7,SO,OUT,0.12240865108216313,0.0291553694115291,0.0019679771041176465,0.010164531683395858,0.0898304895498038,0.26122871585923424,0.0047791915440969,0.48046507376565945
0,7,SINGLE,OUT,0.17882371430530278,0.03403853956835495,0.0024044262957742617,0.010122880685743348,0.07880300837835895,0.1312499308649525,0.011257294964941931,0.5533002049365714
5,7,SO,OUT,0.14911286945558075,0.025529506012656324,0.0019372580788639968,0.009241552232068535,0.04688733060792721,0.19363370482064526,0.004916276794176088,0.5687415019980818
7,7,OUT,OUT,0.12525944529741034,0.026549275581899765,0.002225605515942832,0.008908698414914032,0.054453474147040035,0.19315560705359783,0.004609107109927279,0.5848387868792679
5,7,SO,OUT,0.17271878315788183,0.04398228421829119,0.001973537804092417,0.013557456839609018,0.12961225051259762,0.21961291236531966,0.00494319696566788,0.4135995781365403
5,7,SO,OUT,0.13935400294047975,0.02524171827177659,0.0017946367814291274,0.009002215466243163,0.09377547735526638,0.22956272230175231,0.004327899708109057,0.4969413271749437
7,7,OUT,OUT,0.1782011545268939,0.036614531834192575,0.0019372482063410867,0.017640149935787247,0.04254941255963081,0.1907436353687257,0.00494288065495615,0.5273709869134726
5,7,SO,OUT,0.16641192397947896,0.029500932824335073,0.002078824903195384,0.01134194398563748,0.08612234291388883,0.13510006767013044,0.004988748123731751,0.5644552155996021
0,7,SINGLE,OUT,0.14261146591359078,0.04078139422380082,0.002488461145267209,0.011361623179883467,0.08314652793303261,0.19800365614381632,0.008895375616387204,0.5127114958442216
7,7,OUT,OUT,0.14816923968893558,0.03793731860711042,0.0036424585698007794,0.00925699271993861,0.06026809330049004,0.16731843510367786,0.06774785760722711,0.5056596044028195
5,7,SO,OUT,0.15614632228080214,0.04783874970533241,0.002558730410535823,0.010360181936687076,0.07470028152904469,0.19112800144859624,0.005155630102495515,0.5121121025865061
4,7,BB,OUT,0.1577887940887726,0.036959214637235935,0.0019569389497890856,0.010215302424015834,0.07126058773538335,0.14621181616752219,0.006624472178309474,0.5689828738189715
7,7,OUT,OUT,0.11220861143055921,0.0553486315660668,0.0027399761258081654,0.041668138865226884,0.10883899084469258,0.23991039743832068,0.005690767782319714,0.43359448594700606
0,7,SINGLE,OUT,0.14631476736200155,0.03724525399527131,0.003105026692541325,0.04053154917421423,0.06815524098609914,0.13676644156967777,0.017088696140945388,0.5507930240792493
7,7,OUT,OUT,0.15525903022118764,0.04090722016272431,0.0019009209166174097,0.012284358234587272,0.05864572053507983,0.1180898905978892,0.005072893069946388,0.6078399662619679
7,7,OUT,OUT,0.12056194077642787,0.03612740774978748,0.0018592295396548824,0.016166798030250035,0.049376121674830076,0.19644898750093567,0.0048034655811177805,0.5746560491469962
0,7,SINGLE,OUT,0.12411539383613848,0.04136579802059846,0.0024640032015658935,0.022807393090074082,0.10074000861175553,0.2278638813455427,0.004934368671867291,0.47570915322245755
7,7,OUT,OUT,0.08674688524301602,0.022151913928695758,0.001963422855934308,0.009349879903835337,0.0534493451249846,0.3048217211013264,0.005509481589155222,0.5160073502530523
7,7,OUT,OUT,0.1285063443068264,0.049280658897320403,0.0028729493168019008,0.03720179071554065,0.0965934311013786,0.2563464613712514,0.005592830708338897,0.4236055335825417
0,7,SINGLE,OUT,0.1626896144724507,0.032656901175404374,0.0018966094315660616,0.010030766106207102,0.08160752890370518,0.18493971663058037,0.006584242792727668,0.5195946204873584
7,7,OUT,OUT,0.180568251603916,0.02695013845179814,0.004969381863348364,0.00845231310866305,0.0781142259777085,0.12733540401363763,0.008954531478167238,0.5646557535027611
4,7,BB,OUT,0.20606994920482094,0.02713677346550867,0.003277575957093514,0.008811156581010319,0.10081938298251159,0.12105363173522989,0.006521727130167112,0.5263098029436579
5,5,SO,SO,0.08228472684214733,0.021530715320150298,0.0020518763694433104,0.014669263063508759,0.06059013087600684,0.42653515352111393,0.004574517932266024,0.3877636160753635
7,7,OUT,OUT,0.1490813804300342,0.0297489732441208,0.002591687870922352,0.00998063847297115,0.07300642483790984,0.1298640765174127,0.008243921113251305,0.5974828975133777
7,7,OUT,OUT,0.15843164130441803,0.04658432269275075,0.0026848635414740757,0.012081491907426134,0.06818023491632606,0.21195777497193002,0.010934475176989276,0.48914519548868557
5,7,SO,OUT,0.1407498949877383,0.04491577886750817,0.002541535287735322,0.008420658205556956,0.06508744363250585,0.17681781429600663,0.04549988777062441,0.5159669869523243
5,7,SO,OUT,0.1496777084514026,0.02869997341722001,0.0020628580917616364,0.009886170682742605,0.08808708121575502,0.2540432360746683,0.007102852455733665,0.46044011961071624
7,7,OUT,OUT,0.1501626837845557,0.027721485393880106,0.0030211460463363607,0.011072036398039482,0.05977476299877369,0.22097897281996717,0.005366203757643925,0.5219027088008035
5,7,SO,OUT,0.09266713423514691,0.026653076841036173,0.0027493272435162855,0.009633748698320482,0.08612157226283831,0.31553980314975005,0.0048198965022602114,0.46181544106713146
7,7,OUT,OUT,0.16079745769899442,0.03187921776639903,0.0018888032916081407,0.009313303775910555,0.05420424470911373,0.16722243486596028,0.0072429149159218215,0.5674516229760921
1,7,DOUBLE,OUT,0.28477851730331527,0.0253924324131659,0.0023807855526050436,0.01083176144247357,0.09775074945132861,0.15331240911298094,0.004307980114365317,0.42124536460976547
0,7,SINGLE,OUT,0.20687713392027435,0.023026207005052465,0.0037322605023370984,0.011190913659427886,0.07435318739582601,0.2151481871383058,0.009587355176102224,0.4560847552026741
7,7,OUT,OUT,0.17061453370732652,0.02340095363038301,0.002410394565197216,0.011362725181583965,0.08862045486939389,0.21961889790477127,0.005452506875461937,0.47851953326588215
0,7,SINGLE,OUT,0.16173748851890807,0.020889433539604187,0.002944549443855739,0.010365133417014063,0.06388013363310015,0.21024506865004527,0.00824135803750593,0.5216968347599668
5,7,SO,OUT,0.27673327893311034,0.031398979344248845,0.007637117529991776,0.01097471846098155,0.041921281038988005,0.16460878957396513,0.004855885614897161,0.4618699495038172
0,7,SINGLE,OUT,0.2229508894339417,0.036842773727854154,0.0019487968193351924,0.020904784261860248,0.07441929728534809,0.1343926964540404,0.01211536992535569,0.49642539209226466
7,7,OUT,OUT,0.15650147217722085,0.02762158977923147,0.002988533074505817,0.009706049032950154,0.06433050938404403,0.2118269249763921,0.00751513460789988,0.5195097869677556
7,7,OUT,OUT,0.17363973795176643,0.03351700425142256,0.001974002635854047,0.010721107831453768,0.056783990944852175,0.16513210286167598,0.007607407875805533,0.5506246456471695
7,7,OUT,OUT,0.190326808755031,0.03817029852911266,0.001960848471457688,0.013350189941290882,0.06196718762191176,0.17610749763673686,0.005930812616347671,0.5121863564281114
0,7,SINGLE,OUT,0.14223926763669828,0.029215267561896702,0.00203792060107214,0.026815371543200905,0.10172482004537012,0.20923446358347492,0.013747783570474107,0.47498510545781275
7,7,OUT,OUT,0.18710232773641278,0.0349012291687195,0.011709884733358267,0.01057718519244041,0.059485347174829464,0.17021812531185268,0.009609824179943726,0.5163960765024432
5,7,SO,OUT,0.1804868863391712,0.028423730576090316,0.0018839487122821036,0.008966589169779065,0.09838263836460318,0.17986469564520532,0.005155132261307039,0.49683637893156196
5,7,SO,OUT,0.21918192643070752,0.02071710468251635,0.0019239146757704549,0.008976447290732542,0.06422445998397389,0.15868782610030896,0.005046337899063721,0.5212419829369265
7,7,OUT,OUT,0.1614451908601108,0.04407431309794969,0.0019375139267572763,0.010586142443355203,0.05373849048035634,0.16370603762034916,0.007120027510248543,0.5573922840608729
5,7,SO,OUT,0.14392754309906197,0.03354223377344176,0.0019106176644977148,0.01151509188240184,0.13224921325760067,0.18437749381420956,0.006038117322422101,0.4864396891863644
4,7,BB,OUT,0.26226917273318706,0.04045186699552214,0.0041197896731208754,0.00819863010514825,0.05339587879125954,0.15540359366045475,0.004336990929714923,0.4718240771115925
7,7,OUT,OUT,0.17275885825708692,0.023579294590146613,0.002249137459439013,0.010727223337188774,0.0792310269424768,0.23188348825131205,0.008535979763590648,0.47103499139875926
5,7,SO,OUT,0.20184436995175925,0.03534925266962486,0.008085004476713386,0.031153152970072366,0.10116399792242779,0.19068495123247822,0.004658185590272422,0.4270610851866517
7,7,OUT,OUT,0.15216691097840107,0.031472856090281186,0.00209827427540179,0.037111938515713566,0.15074312713127097,0.14729086899845187,0.006520129090191923,0.4725958949202876
5,7,SO,OUT,0.20837920933575121,0.03171131156049307,0.002077588892948207,0.009410568938683334,0.0777296046129361,0.233547272566355,0.005643466987502281,0.43150097710533086
5,7,SO,OUT,0.1403588888767342,0.030737683316724437,0.002157975496450326,0.010209685969302799,0.07619550390381855,0.2605197634797409,0.03403703421150679,0.44578346474572217
0,7,SINGLE,OUT,0.15028011329507618,0.030166076136019942,0.003797602199487854,0.009227994741301801,0.05331645663225283,0.20851346139858276,0.03743805680299796,0.5072602387942807
7,7,OUT,OUT,0.1397094539977487,0.034780341670044936,0.0021657581897584263,0.011328302239432717,0.10427570725442425,0.21404256574680938,0.009252131118965803,0.48444573978281574
0,7,SINGLE,OUT,0.1876150173183924,0.03770043301489601,0.002014916835473795,0.010848491417488315,0.07827413908761735,0.20476156942374044,0.004924284488179612,0.47386114841421195
7,7,OUT,OUT,0.19062267314360817,0.02240829475721145,0.003930403211872953,0.011027991832027401,0.07263643278427,0.15285757185605187,0.005047199767004689,0.5414694326479536
5,7,SO,OUT,0.16134411192065842,0.024621190168391753,0.001973768753745784,0.016376496311851733,0.09305104925233344,0.1771836949428665,0.004619182754840515,0.5208305058953119
7,7,OUT,OUT,0.18993142414809017,0.025708899187622574,0.004590998746201512,0.023005577704442094,0.06919384208950638,0.1683453111839743,0.004913870209625383,0.5143100767305376
5,7,SO,OUT,0.1467148364936968,0.03240950450622379,0.0020285374908270695,0.01901333529950834,0.15217465294406962,0.20724760769735476,0.015473911231941528,0.4249376143363782
0,7,SINGLE,OUT,0.15894062563947822,0.025169640403201198,0.002376922601311234,0.015355576480151307,0.10315905831693063,0.19387807860375825,0.01038868280805334,0.490731415147116
7,7,OUT,OUT,0.16883415863413664,0.024737175373524514,0.0021052198826793504,0.013837448375388132,0.08458605883858776,0.1736976698562557,0.009540947805998633,0.5226613212334293
7,7,OUT,OUT,0.15846265808838256,0.020141882355359807,0.006019663969462061,0.02238960664713064,0.07403828122392364,0.17367561305205143,0.026733269024318825,0.5185390256393709
5,7,SO,OUT,0.23516792094482572,0.039280721388837536,0.00227799976270368,0.03511182459025572,0.0879516548461925,0.12302348750178338,0.009197040371557422,0.46798935059384406
7,7,OUT,OUT,0.1758524908916908,0.02053734858428197,0.004649332366086602,0.011904157274040763,0.07120425516973514,0.19625872337387537,0.0050228676859232655,0.5145708246543661
4,7,BB,OUT,0.16311603968174251,0.028050759456320393,0.0036748737319701693,0.00916729457873829,0.09775526201036724,0.1588669888236389,0.018253011289701738,0.5211157704275207
7,7,OUT,OUT,0.17452877185209056,0.02996212763901465,0.010533897563585365,0.00979078490018256,0.04995039575864378,0.14098485927457813,0.01875572997102947,0.5654934330408755
0,7,SINGLE,OUT,0.14319178723313367,0.043400105273964366,0.00203873661326768,0.01358086589330104,0.12848553533525042,0.21013885225773238,0.007059973592471376,0.45210414380087904
7,7,OUT,OUT,0.14544239089897615,0.0266386536373116,0.010497248388961943,0.01032606499397441,0.05953763638207952,0.1484653464011697,0.010361158308676486,0.5887315009888502
7,7,OUT,OUT,0.1311738360726595,0.053082466588581685,0.0019528025985430244,0.010554862788367023,0.11091124091038693,0.18732331583110495,0.011869513754796801,0.4931319614555602
0,7,SINGLE,OUT,0.2118061286678721,0.028788372756353712,0.001859038215480097,0.010493682217440658,0.06322386654123188,0.1549848398711546,0.008600702052051325,0.5202433696784157
5,7,SO,OUT,0.14926405883764066,0.03556423746436434,0.0019041724777018997,0.021985139176100964,0.08616767448496986,0.20747819504617715,0.018816676435530828,0.4788198460775143
7,7,OUT,OUT,0.2114307772110363,0.04064544391409352,0.005282979426156104,0.008574845290454342,0.04809510133531789,0.15714907303488587,0.00490044943222097,0.5239213303558351
0,7,SINGLE,OUT,0.18381490986023533,0.02277346291710084,0.0019070718833710263,0.009167261091383007,0.06856612948207477,0.19904281157342657,0.004592052219479071,0.5101363009729294
7,7,OUT,OUT,0.17676927745522208,0.042144733929621266,0.0019960734796327984,0.009858488354839056,0.053690234101217454,0.17633652724023866,0.007464270807819499,0.5317403946314092
5,7,SO,OUT,0.19062268354471892,0.02133877454127403,0.0028053424980270234,0.009487344339102506,0.04805973824854965,0.17106059215059355,0.005178948081263231,0.5514465765964711
7,7,OUT,OUT,0.20093334278707775,0.026323950716690185,0.0038308323715489333,0.010807859074606187,0.056894920302418585,0.15769734566429738,0.00887304093830015,0.5346387081450608
5,7,SO,OUT,0.16703465939193624,0.04338345002705431,0.002182920180440329,0.008665763969025209,0.036971061089574236,0.1444020321915458,0.006113102892033717,0.5912470102583902
7,7,OUT,OUT,0.18987045963368637,0.020029991699230733,0.002797032131854835,0.009200699724382736,0.03540429126008032,0.12012040621126886,0.007769887752162793,0.6148072315873334
7,7,OUT,OUT,0.20817805910130927,0.03214048878773726,0.0018763361144362764,0.015371725974604126,0.0589797090903135,0.14400163045622624,0.011938519743246877,0.5275135307321265
4,7,BB,OUT,0.1828765046722597,0.03401246684691086,0.0018157627525564417,0.00905157985376596,0.07204031137418111,0.16052673987213112,0.004881445085635503,0.5347951895425593
7,7,OUT,OUT,0.22324090372244296,0.019866461722463914,0.001904869757038818,0.00911866443383164,0.07213577057349917,0.16589612312186786,0.0053142116390013875,0.5025229950298543
7,7,OUT,OUT,0.16861773054671897,0.030528834939213118,0.007843452352911662,0.011747677781447623,0.0446794446245029,0.15976433684876384,0.005555947522910233,0.5712625753835316
7,7,OUT,OUT,0.22022135108215407,0.023655110347514958,0.0018289320456699688,0.008690827655502864,0.05876845995953654,0.16111312419955537,0.005332934048026168,0.52038926066204
7,7,OUT,OUT,0.1235243383540394,0.03015747861487034,0.0022614716196092373,0.015239196273575705,0.07928358373099324,0.1921364565321968,0.005433018900853811,0.5519644559738613
7,7,OUT,OUT,0.1725788956831906,0.023611034813713686,0.0035942390304419367,0.010682261429899155,0.03787717686113825,0.1377079727298782,0.008383608415802447,0.6055648110359357
7,7,OUT,OUT,0.18403138540609806,0.03548392016449524,0.0023610707303467707,0.008754287719761581,0.036554413526583,0.13926087159859057,0.005039995459933203,0.5885140553941915
7,7,OUT,OUT,0.21873494872578056,0.025423884727355378,0.005101535198229267,0.00984552423168248,0.03747260502424284,0.13763104219021316,0.005958369870281563,0.5598320900322147
7,7,OUT,OUT,0.11255495055437327,0.03222065061906713,0.003333805329095124,0.015983782396948174,0.08803684054717309,0.18317895609135995,0.005050055816511934,0.5596409586454714
7,7,OUT,OUT,0.184645887039582,0.022609758407256927,0.007762360021167564,0.00902733682959017,0.054659822501994075,0.16747031850411326,0.005202786060360574,0.5486217306359354
3,7,HR,OUT,0.1918853889176389,0.02556646155256819,0.002031646299671996,0.00955916893648888,0.059145040808300554,0.23847768687567208,0.005066037726221044,0.4682685688834383
7,7,OUT,OUT,0.19002181955191283,0.021216085280329883,0.0026223116324660825,0.009541292031015612,0.0455682196614486,0.16852721138015142,0.005249965795678064,0.5572530946669975
5,7,SO,OUT,0.1900687288787199,0.026246983167773432,0.0018049109654062828,0.011073292755243033,0.06470962641489268,0.1511455862628738,0.005980661581302292,0.5489702099737886
3,7,HR,OUT,0.14406740461127024,0.033704188199884716,0.0019876628022286605,0.026647219279100746,0.10630021588020175,0.210344959975571,0.013208542806848874,0.46373980644489404
7,7,OUT,OUT,0.20938278499078022,0.029283144554146812,0.00395449106890145,0.010862934841471371,0.06019701499792597,0.15617741039949548,0.008060946722968294,0.5220812724243103
5,7,SO,OUT,0.17392847896773336,0.03121924383420311,0.00210813636446967,0.008667445928343717,0.03630058095574059,0.12844419364153073,0.004881979651540864,0.6144499406564381
7,7,OUT,OUT,0.26579605607745477,0.03500604804237712,0.007068531872235896,0.013662402302696159,0.04301806250715622,0.15919386822861714,0.0054330137412281826,0.4708220172282346
7,7,OUT,OUT,0.24433744261326132,0.039486204546665855,0.0020417448430528934,0.023023326466531817,0.06794133187781386,0.13360501301538913,0.014208551596080614,0.4753563850412045
7,7,OUT,OUT,0.1533512888016264,0.026817122921354155,0.0018019650258860325,0.008602481745018908,0.07971594881339944,0.18918768291051116,0.0052492913716366395,0.5352742184105672
7,7,OUT,OUT,0.08943591722442751,0.03990033194532604,0.0048391032453221575,0.009593295854656332,0.06086315141354062,0.217186754499564,0.005323253550302443,0.5728581922668607
4,7,BB,OUT,0.09722594507103235,0.045184932168765735,0.0046911733678476055,0.009589758357385528,0.0955527527517834,0.16438381258788254,0.01413253208328759,0.5692390936120152
7,7,OUT,OUT,0.167959444542244,0.04715443396074207,0.002463380933285135,0.010784511257520482,0.05844911952634448,0.1847673562741291,0.004510918123576259,0.5239108353821584
4,7,BB,OUT,0.1625742984405725,0.04699457379456639,0.0022702246042908695,0.012937440062997052,0.11135808637478167,0.14978474149384757,0.00614438032365367,0.5079362549052903
0,7,SINGLE,OUT,0.23265632423814997,0.03744980559167463,0.0020862864078322464,0.00929117003563334,0.0918999346617362,0.11920710442265096,0.004244767219213515,0.5031646074231092
1,7,DOUBLE,OUT,0.14138754617269597,0.04464661246756567,0.008679680697805208,0.02148224563386199,0.05277435376815932,0.17530089072697966,0.005025650658868229,0.5507030198740639
0,7,SINGLE,OUT,0.18361499815136115,0.023856331678272214,0.0021976822530847028,0.015786055596231426,0.059697401511252766,0.15060806445489394,0.004838760877187465,0.5594007054777164
7,7,OUT,OUT,0.2202937925431651,0.022122339915743663,0.0021176870942723534,0.01926908091674518,0.053170697326632904,0.1490376490169771,0.004898919913449446,0.5290898332730142
7,7,OUT,OUT,0.17478695172142542,0.03316859335968819,0.0035409312538995275,0.013420384001079914,0.06114940366044137,0.1685656641536982,0.0340824256070105,0.511285646242757
7,7,OUT,OUT,0.12716322319798298,0.04076249877564854,0.0020048634335415438,0.009423069402676407,0.08604554478430401,0.1653099808676951,0.0068752475054817035,0.5624155720326697
0,7,SINGLE,OUT,0.12674864944081585,0.025925776572980005,0.002523798331520017,0.008614901334219995,0.044244082758129466,0.1736081094820981,0.0045219745770221165,0.6138127075032144
5,7,SO,OUT,0.13676160428041387,0.043585258317831325,0.002144810009791477,0.012078955484132015,0.14624100807609994,0.22471439830798878,0.007389341184659827,0.4270846243390828
7,7,OUT,OUT,0.11087237023865225,0.025770334412526897,0.0022802883621426775,0.02766771349625971,0.059671969580575225,0.24271662183788453,0.00554874309542439,0.5254719589765343
7,7,OUT,OUT,0.13342712008069868,0.036430589121449475,0.0023485333546206947,0.015653971164976976,0.06075944983173235,0.22511383740302837,0.005168780418292712,0.5210977186252007
7,7,OUT,OUT,0.2207189634725722,0.029583397207310003,0.0020128147739411047,0.009884119179514329,0.06735495908288883,0.12458798059892934,0.004919222687657782,0.5409385429971865
7,7,OUT,OUT,0.15211104025844102,0.04762089923245892,0.002018059885904353,0.040326920919813505,0.07484707110370489,0.22344346967427972,0.0062265210076175815,0.4534060179177801
5,7,SO,OUT,0.08356620856314079,0.03096351858117337,0.0018579333502920837,0.009126268651143713,0.049721605477970075,0.36618814167077485,0.005149329691968556,0.4534269940135365
7,7,OUT,OUT,0.14142997807068194,0.0325243961267848,0.003093232498153731,0.009905828509254698,0.05684272538724768,0.11981431482656998,0.0052235818939329525,0.6311659426873742
0,7,SINGLE,OUT,0.1754059910545045,0.04624997746218902,0.001912901634711024,0.021162314663684047,0.03944065430035996,0.14850528706083294,0.006301103597780981,0.5610217702259376
7,7,OUT,OUT,0.1699526052289086,0.05743432869057189,0.003868453463774993,0.017949985254568805,0.040872312379998485,0.16752464577132137,0.005926964982288713,0.5364707042285672
7,7,OUT,OUT,0.15814584221128405,0.037825198692832886,0.002016453359252334,0.02656249198020897,0.07677974552018242,0.11855576972790895,0.004678490608243644,0.5754360079000868
1,7,DOUBLE,OUT,0.3103160240339559,0.020101517785158864,0.0014906672427377919,0.007517724592674953,0.04062052642071975,0.14335954174653281,0.0035016707447694233,0.4730923274334504
1,7,DOUBLE,OUT,0.2641091205440232,0.027147021776652347,0.0019293915203818868,0.008420426190943667,0.043990517208626706,0.14852710028955096,0.007037273566597705,0.4988391489032238
5,7,SO,OUT,0.17470299311288465,0.05587696512129519,0.003033983107683945,0.019666102533113905,0.041815855307299026,0.16751583051352434,0.005665091547952215,0.5317231787562468
5,5,SO,SO,0.1033173319331921,0.03247980062800827,0.001891314014724031,0.02208515979549867,0.0870098110827447,0.37277205414560577,0.008850016059931444,0.37159451234029495
1,7,DOUBLE,OUT,0.11668472165045041,0.027835698593253765,0.0017909335539141385,0.009728915746000048,0.07756664727189545,0.2777319947776296,0.006792227290376193,0.48186886111648053
7,7,OUT,OUT,0.11254821704148718,0.034892765656079676,0.004139202037216416,0.010603666499426194,0.08188331999392855,0.2243983248837817,0.007188308300558558,0.5243461955875218
7,7,OUT,OUT,0.14312642349500068,0.02082848606971798,0.005271164389501416,0.009803809987344592,0.053817578219161895,0.20455444312147364,0.007569031934221975,0.5550290627835778
7,7,OUT,OUT,0.15581986446529342,0.05154181634199967,0.002299955444626414,0.011087182398640894,0.07742245155807338,0.18407068480308117,0.010090344404307556,0.5076677005839776
5,7,SO,OUT,0.14919476601999082,0.0263239847415123,0.0037812474359275082,0.012618222749824205,0.08975890549617635,0.21907950413700356,0.01121287587480912,0.4880304935447562
1,7,DOUBLE,OUT,0.26260578919467875,0.01652819855185796,0.001569030788709394,0.007381409623150554,0.039408753694602526,0.14664142497733962,0.0037897245132691563,0.5220756686563921
7,7,OUT,OUT,0.14506258477538722,0.02873104544753538,0.002140342396182953,0.016550148847148515,0.07855787656516254,0.2579077015375685,0.0054100234593033245,0.46564027697171173
7,7,OUT,OUT,0.16405392120977047,0.032032551802838385,0.002509749235279682,0.011250755835293355,0.09213588997371762,0.14676114202208165,0.006432806421724095,0.5448231834992947
7,5,OUT,SO,0.1306993416501095,0.03866755840649536,0.0020754756812171623,0.03909463563874956,0.06945042298560047,0.3618053813537713,0.00575938930312144,0.35244779498093526
0,7,SINGLE,OUT,0.3096380846406682,0.03286159661089309,0.0030760979541472415,0.009623982505674282,0.05481683832562547,0.16672628684596877,0.005257568059535564,0.41799954505748743
5,7,SO,OUT,0.12870234003880723,0.02953497589483522,0.0020581600499648333,0.009920902048340808,0.07098511696842456,0.22578065343480008,0.02531335967260048,0.5077044918922268
7,7,OUT,OUT,0.15727974291856583,0.045238860758754613,0.003103725892798711,0.010562733773091717,0.06261900075459795,0.12302878906454838,0.005337940600494562,0.5928292062371482
3,7,HR,OUT,0.18139527014810577,0.07387243647510307,0.0019001511490180935,0.026522192316921395,0.038794449448736744,0.1858081502749692,0.0073949342489013255,0.4843124159382442
0,7,SINGLE,OUT,0.14482484099690476,0.04944934859752415,0.002474080261963935,0.07106238476779107,0.09966469384655274,0.15287370353814012,0.006649729057677194,0.4730012189334459
6,7,HBP,OUT,0.10407945599983964,0.020995208352242403,0.0017902502183239847,0.008678370196692963,0.0726829168704767,0.23396443613811813,0.004433835059032889,0.5533755271652733
4,7,BB,OUT,0.25277370119860915,0.019930960828581756,0.0017008357029610495,0.008471290309210894,0.045413473343841215,0.17401762206767826,0.0040416665935276794,0.49365044995559004
0,7,SINGLE,OUT,0.18232379321042255,0.03228445588891107,0.0021608020445457203,0.014730647316866219,0.05199470372018783,0.13478996431709458,0.004861189562358372,0.5768544439396136
7,7,OUT,OUT,0.07831395711032196,0.02913191402796993,0.0017833215278298335,0.008648829161638422,0.04331641969730082,0.3148877742478051,0.004999456186328338,0.5189183280408056
4,7,BB,OUT,0.11856040084291253,0.03050741691577349,0.0020300883798581516,0.011039963733633067,0.07417536972314688,0.28395927438774526,0.029977367291777003,0.44975011872515375
5,7,SO,OUT,0.11491680261363335,0.051817091085332674,0.0019339845493543339,0.009320794686473323,0.07976079927727497,0.19284278726283302,0.006540671920874289,0.5428670686042241
5,7,SO,OUT,0.16179505636764524,0.04118738026972261,0.0022267023982302857,0.013781573367966685,0.038512950228039244,0.1567544519331522,0.005629522796648146,0.5801123626385957
7,7,OUT,OUT,0.2249779812689955,0.026066632919870752,0.0019199970830663083,0.01026209891161012,0.05820242149084444,0.1171843442510402,0.004643257215718937,0.5567432668588537
5,7,SO,OUT,0.16150515864263162,0.07067715904141193,0.00205796398989489,0.022973703849618353,0.06302587794497105,0.2271552783713015,0.005571683695776488,0.447033174464394
3,7,HR,OUT,0.15013062135824967,0.036953272713437235,0.002287272119802837,0.025732262084734496,0.08203182229032584,0.11553785959311956,0.004816721487862486,0.5825101683524678
7,7,OUT,OUT,0.18841865620930429,0.03759865339837049,0.005886906025456351,0.013826159239527553,0.05803480586926932,0.16317436217576461,0.012376802129836594,0.5206836549524708
1,7,DOUBLE,OUT,0.12454025875612988,0.0446705614348332,0.0018864374288122703,0.010559395338526819,0.11864690199474691,0.19455882761812096,0.005897863480304397,0.4992397539485255
4,7,BB,OUT,0.13618042855876994,0.02877291289829215,0.0024032147779019276,0.013719070978877047,0.0827441482364144,0.21901874275799998,0.005874055780354097,0.5112874260113904
0,7,SINGLE,OUT,0.17336482353616986,0.036975973795555145,0.002332382520671738,0.0112707813120559,0.07272095062540462,0.12118924818537005,0.005607712424141551,0.5765381276006312
7,7,OUT,OUT,0.1960827445906539,0.05820920720114683,0.0020801822815558865,0.021316274568631468,0.043890921854553955,0.17103301730370757,0.007905938876715752,0.4994817133230346
7,7,OUT,OUT,0.14964823854917422,0.06467761151734713,0.0025056965746228293,0.015044104787013783,0.041126699502993073,0.1492283690592535,0.006424451012419111,0.5713448289971764
7,7,OUT,OUT,0.10086953936535176,0.03107999806511916,0.0023331147546815914,0.015996395920221066,0.07238219587811835,0.18091800643319847,0.004896435343234493,0.5915243142400752
7,7,OUT,OUT,0.1523947084814336,0.02795596298617306,0.0023735852358466904,0.008689564121384202,0.05233412563661462,0.17466235724426393,0.005973269745745317,0.5756164265485385
5,7,SO,OUT,0.11718979132426845,0.025195957187919227,0.0020140246556133133,0.051489261880146686,0.06262596612894465,0.24302775382570296,0.005388026761735891,0.49306921823566874
5,7,SO,OUT,0.2528091943961854,0.02264520828167509,0.001835369768570739,0.01962141417186119,0.05012682789777187,0.12435893350159287,0.004358208515438701,0.5242448434669043
0,7,SINGLE,OUT,0.11168151127070373,0.02752371536985218,0.0022585442579669416,0.04342385090658853,0.0599130829893517,0.27047071357853525,0.005531192970751116,0.47919738865625056
5,7,SO,OUT,0.22020281798470517,0.024354415861512855,0.0026669831206075057,0.01584998214532171,0.06819675565397038,0.14767597297061985,0.005100047042150093,0.5159530252211125
3,7,HR,OUT,0.1460480923579262,0.03578684808135247,0.004515795982322627,0.026235886990735514,0.0650644226600221,0.12010973061474184,0.0049632964039929145,0.5972759269089063
7,7,OUT,OUT,0.17966691508692595,0.029676283784956337,0.004622989876118059,0.013760196247332292,0.060234716872840426,0.16941382935752336,0.01452296317516189,0.5281021055991418
7,7,OUT,OUT,0.130971675778854,0.02761329949058791,0.002098916086957493,0.010345159642750937,0.07643868193988139,0.23482688856216505,0.018533666469506722,0.4991717120292965
7,7,OUT,OUT,0.12498667358134226,0.036680850443097636,0.0020007978726958773,0.009556222283213765,0.07665195107523368,0.18364596499054203,0.007190955376765585,0.5592865843771091
5,7,SO,OUT,0.12725644483290963,0.027425513615011086,0.0022052152761713366,0.009889212268805046,0.049520668211138576,0.18157983008459916,0.004687316071634647,0.5974357996397306
7,7,OUT,OUT,0.16664971693063774,0.027686429007308305,0.0020837138876445335,0.014686658250033388,0.05051682909531944,0.13076124314302032,0.0048071561030919975,0.6028082535829442
7,7,OUT,OUT,0.19696415003434115,0.027151791555671958,0.0027309685920875594,0.008408130826874957,0.06079356828835791,0.10964358796358237,0.004574823542507389,0.5897329791965766
5,7,SO,OUT,0.17868588825066095,0.04316246640303209,0.006119022876084422,0.012209015099810875,0.0629019849171679,0.16916020300004705,0.02004505910640412,0.5077163603467925
7,7,OUT,OUT,0.1280490856160117,0.04415238294515433,0.0020485003326101855,0.011605234300078865,0.10483169136631093,0.21703860125568186,0.006009569532360494,0.48626493465179155
7,7,OUT,OUT,0.14229545956648446,0.03475093770003172,0.0029905396820516373,0.017491603932250174,0.06922100234824724,0.21600630436532314,0.004906743786639572,0.5123374086189721
0,7,SINGLE,OUT,0.1541585443374135,0.032564546901935956,0.0029208806516570866,0.010626966307850708,0.05672395591849338,0.1251207814537743,0.005465587898627224,0.6124187365302479
5,7,SO,OUT,0.20273998748858338,0.06335346141152161,0.0019990869678004823,0.02088521882755717,0.04147768097354721,0.1560086248959963,0.0072196336953266015,0.5063163057396672
7,7,OUT,OUT,0.07615983020191042,0.020177145925389335,0.0018676773015959694,0.008951419545390311,0.04188208878756807,0.25780552599794704,0.004161918127777016,0.5889943941124218
0,7,SINGLE,OUT,0.15230429504759252,0.07017341415478343,0.0019331274094832988,0.04040149931093868,0.0672892081703593,0.23775221069357955,0.006297098748145302,0.42384914646511784
7,7,OUT,OUT,0.11481317491320225,0.03460042903402751,0.004610319504550177,0.011690690458184405,0.12166570425730149,0.1985247850521502,0.005095886262449091,0.5089990105181348
0,7,SINGLE,OUT,0.15672647378642984,0.02652000674049231,0.001777650824205881,0.008908392762935114,0.04600037198305064,0.18998588618447892,0.003968261813319908,0.5661129559050874
7,7,OUT,OUT,0.12757876196017623,0.01975705583103647,0.003332902534099182,0.010205910269705049,0.04445881207288241,0.3528997533763028,0.004740264361942457,0.43702653959385557
5,7,SO,OUT,0.1841954379154606,0.030760416509986933,0.0025454442423910066,0.02427017394367074,0.03888185213336084,0.1674071483279411,0.004778304737871972,0.5471612221893168
7,7,OUT,OUT,0.15226172261471663,0.023582837786206838,0.0021086675911954375,0.011437519775340015,0.0425353943946321,0.24103284085557486,0.004696319057040316,0.5223446979252937
7,7,OUT,OUT,0.1427865977018138,0.030580553725835884,0.0024102136755381255,0.01643813015252147,0.05239196240380223,0.12306836043576173,0.004416527938254292,0.6279076539664724
7,7,OUT,OUT,0.08999552561061307,0.024393434289787998,0.0015943075075783475,0.007588051807117798,0.05051645493808973,0.280201340758867,0.004978712983939878,0.5407321721040063
0,7,SINGLE,OUT,0.21049807118360545,0.021947718316185527,0.004709273508883005,0.008735238376332057,0.09357162511565381,0.11733840664687951,0.02478814535266048,0.5184115214998002
7,7,OUT,OUT,0.2042158202169246,0.02828363411335425,0.001720804262604609,0.008400076843274642,0.0458503893082774,0.11110360279750676,0.011662637972954516,0.5887630344851033
7,7,OUT,OUT,0.13695754503507912,0.04971862166503585,0.0019309247569088681,0.017979960054443443,0.06405595365011862,0.12349996903125662,0.009923732965650316,0.5959332928415071
7,7,OUT,OUT,0.11916329671004584,0.040099066124834284,0.0017139153080744094,0.009478302126725215,0.08856354047465693,0.17483293462389066,0.006168395265795275,0.5599805493659773
7,7,OUT,OUT,0.09264612440239153,0.03123661709272629,0.0020846199467567683,0.011407948502341544,0.04779424656448418,0.3101718156362552,0.004622370349289335,0.5000362575057551
7,7,OUT,OUT,0.14187898116690734,0.03491104253533276,0.002164477317711745,0.01831322794816141,0.048738655259202804,0.1831774510323232,0.004961262119742638,0.5658549026206182
7,7,OUT,OUT,0.15289718842555958,0.03367334643172324,0.0022172282501717534,0.04517021425798379,0.03848118319078663,0.15748125895402793,0.0045557966620093,0.5655237838277377
5,7,SO,OUT,0.14508626957111906,0.05371120818545544,0.0022808546112664065,0.01354356848594682,0.10611656250966328,0.2762239544996431,0.006815048051404871,0.396222534085501
5,7,SO,OUT,0.13448740245070434,0.0651898824056513,0.001977430635109914,0.01793560635327635,0.07831451252322218,0.13387643337360575,0.011451894960545442,0.5567668372978847
7,7,OUT,OUT,0.127919158711494,0.06637773472625184,0.0025430379784252967,0.009188620530597569,0.046231391044949256,0.12147082902271,0.006633712925481042,0.6196355150600911
0,7,SINGLE,OUT,0.11765647618677422,0.04923156762461114,0.0019422915200704863,0.01867249339988528,0.07339678332180263,0.12265731456042166,0.005700073228225537,0.6107430001582091
7,7,OUT,OUT,0.16281754263273765,0.032529959663415924,0.003092004677879122,0.038196165137257994,0.05152148720486891,0.20116563639253723,0.015041484684904342,0.4956357196063987
0,7,SINGLE,OUT,0.1317296141090467,0.05774082080037013,0.0024218108687630567,0.009116031024377455,0.05075562015755208,0.12399593064406653,0.006162897636768562,0.6180772747590554
5,7,SO,OUT,0.1620053806532932,0.026228433389919724,0.0021472720818735895,0.014607292923271965,0.07430120756370173,0.15963205153279608,0.018321205605228114,0.5427571562499157
7,7,OUT,OUT,0.09915253385236253,0.025330748656478205,0.0024747963172586395,0.008707195320733335,0.06073304605894053,0.2625843197634875,0.0044382586016953225,0.536579101429044
7,7,OUT,OUT,0.16274410544405135,0.043895081844862016,0.00277400619257406,0.01017437258580597,0.03769784795074122,0.2651266485998166,0.004727102782435296,0.4728608345997135
5,7,SO,OUT,0.11766631999938343,0.046344547804018484,0.022670024422223687,0.008616899939629115,0.08487142056750722,0.11473041855359468,0.004374772141551916,0.6007255965720913
0,7,SINGLE,OUT,0.18200080760811058,0.024920189581030344,0.0034192892631213392,0.011937233371010303,0.07377653969783234,0.11224859111700294,0.006874657353334167,0.584822692008558
7,7,OUT,OUT,0.1300511439467519,0.024874126538882387,0.0016633444791602212,0.04549796337158445,0.048676485553033354,0.11015625663610809,0.004448905317205683,0.6346317741572738
4,7,BB,OUT,0.12927291069513208,0.027387303580088358,0.0019314025769937137,0.05300093004125392,0.07131975903589544,0.17433961797865602,0.004656746839324712,0.5380913292526558
1,7,DOUBLE,OUT,0.13622559295757,0.057508072905998256,0.001980361584271164,0.018709848042399807,0.0912596444307814,0.13130277122519438,0.013129744219221277,0.5498839646345638
5,7,SO,OUT,0.17772350492532876,0.05833204121168514,0.0022711522662761776,0.015964975929849072,0.058034516264205784,0.11816905199480472,0.004825429354781957,0.5646793280530684
5,7,SO,OUT,0.13475951667008876,0.04277883044067761,0.002322844861478668,0.01213352123943666,0.05712836318136213,0.22941857583456726,0.00918929426069911,0.5122690535116898
7,7,OUT,OUT,0.16453202831516903,0.031970954798869765,0.00235291020193777,0.017666209068419418,0.050956480999406396,0.24691015468150962,0.00549823580387432,0.4801130261308138
0,7,SINGLE,OUT,0.17548294493619532,0.026194905666799894,0.0026294353087654054,0.04785311632832176,0.050742782469758635,0.20113414938553134,0.010533905916165036,0.4854287599884626
1,7,DOUBLE,OUT,0.14061219891505258,0.041622984399749985,0.002464991117081776,0.044059059286143315,0.09889100659314537,0.1859579370470708,0.00492326052918005,0.48146856211257605
1,7,DOUBLE,OUT,0.15169527135390481,0.031766441481757224,0.003468266800906099,0.0474561161382815,0.053709067566223644,0.17329263843886986,0.0057481154511217925,0.532864082768935
5,7,SO,OUT,0.16453275631778003,0.03299639959521841,0.0022053010170588806,0.012030682546112762,0.09796199698525924,0.17088112947091352,0.005227720063386849,0.5141640140042703
7,7,OUT,OUT,0.13401936629480257,0.04054609934510314,0.0021306412274038748,0.018959618405601546,0.053327949256179404,0.13159597603320822,0.007117305919379794,0.6123030435183214
4,7,BB,OUT,0.17180856984818582,0.030860007584977037,0.0023755914192624223,0.02545489027588058,0.10062196888179263,0.21279694634167653,0.005837801146105321,0.4502442245021196
7,7,OUT,OUT,0.13223695306021127,0.032319330348649006,0.002159510506155873,0.049091421347708594,0.03961002590603071,0.16137493440701356,0.005117466148346926,0.578090358275884
7,7,OUT,OUT,0.1981026422949405,0.022705987470273404,0.002405505875434479,0.02481137977315957,0.03877366246258029,0.1691231280946395,0.004464875201946355,0.539612818827026
2,7,TRIPLE,OUT,0.13848933664164226,0.046594985148642395,0.002850181762599633,0.008529817631326148,0.04363771055961169,0.1153235025579587,0.005411501172957994,0.6391629645252612
0,7,SINGLE,OUT,0.1311276678810574,0.04035065223893579,0.0019070099813523987,0.017161650756263552,0.06086746258364554,0.12037326141314225,0.013240291850563864,0.6149720032950392
5,7,SO,OUT,0.14064282709080247,0.036165609528242215,0.002060759017910285,0.016276956066403274,0.06109056735340473,0.1750907709688993,0.004537856963000723,0.5641346530113369
0,7,SINGLE,OUT,0.20708302421283403,0.02524048237904416,0.0022846745708920216,0.03563017224450068,0.03887119598487911,0.15208788904195567,0.004300169458106626,0.5345023921077877
7,7,OUT,OUT,0.15325500225010333,0.026273068823005404,0.002225167624763533,0.01208201987375817,0.045017473436346905,0.23886312702077722,0.004952778175542389,0.5173313627957031
7,7,OUT,OUT,0.15164198157908895,0.03822213147905034,0.002090320563173981,0.01300641372751055,0.05858396049622889,0.12114398096601164,0.00434872074345688,0.6109624904454788
5,7,SO,OUT,0.12463123769556253,0.054479489809184024,0.002089028788310899,0.015510714580415894,0.08623766600873133,0.13246654903938182,0.00975173901863423,0.5748335750597793
7,7,OUT,OUT,0.13615659222736795,0.053437112238853196,0.001755090506431278,0.010001217585188401,0.0870593959699568,0.16753383124131893,0.0055718271843676285,0.5384849330465158
0,7,SINGLE,OUT,0.13133787755181242,0.04793851392540719,0.0019264009316464403,0.014405565418274752,0.08057371488951706,0.12434523082645879,0.01198878931026221,0.5874839071466211
4,7,BB,OUT,0.12909080263607783,0.04183658884337046,0.0036474735862328947,0.008952707654327458,0.04574274714277433,0.12589564086332156,0.006472662029551011,0.6383613772443445
7,7,OUT,OUT,0.12244103913366655,0.034421485779568536,0.0018520527325913754,0.018544827484496325,0.059221568085057,0.12256616225664971,0.009169660026841197,0.6317832045011293
0,7,SINGLE,OUT,0.2088741945876588,0.03707609843283768,0.002407845430911353,0.037439077993562386,0.05352380436579729,0.1886699029681643,0.007090833745757147,0.4649182424753111
7,7,OUT,OUT,0.13749035353024666,0.02963475872476153,0.03428496785103991,0.013190383474601731,0.04789664333253826,0.2501550060263633,0.005704849866095382,0.4816430371943533
0,7,SINGLE,OUT,0.19987921266365288,0.04948161458805389,0.0018363551951834651,0.02100861503153895,0.0426025822111215,0.2620087732977604,0.004290249942680519,0.4188925970700084
7,7,OUT,OUT,0.14248848331852967,0.053893763020519236,0.002281906455214618,0.013192897617957156,0.08583413787124793,0.2802672478722993,0.006400036252666978,0.41564152759156503
4,7,BB,OUT,0.20750203675287743,0.03134596452194594,0.0017428836563250628,0.008446866269609651,0.04934605831064905,0.11228626654911568,0.011845345189451911,0.5774845787500252
4,7,BB,OUT,0.13376844513070021,0.052443926856372704,0.0018939305320686674,0.01639695809001063,0.08843825460797773,0.12411337028144119,0.0059288754918227675,0.5770162390096061
5,7,SO,OUT,0.1417765517085349,0.02617259631080852,0.002041028948849955,0.015934353910214548,0.04621617340774076,0.19499353744870943,0.004666232762137712,0.5681995255030042
5,7,SO,OUT,0.1962999396196152,0.02336222805627249,0.0029594021138351204,0.009225123902508585,0.08813216546506121,0.1293164150888824,0.014808125804393136,0.535896599949432
7,7,OUT,OUT,0.13424665297159763,0.02719129906508457,0.002299882635074697,0.012487700879270489,0.04761771319853698,0.21633919705636978,0.0050934394989758484,0.5547241146950901
5,7,SO,OUT,0.11621091278643446,0.03307644955943806,0.001828373069978876,0.019278954094649338,0.057442133426338554,0.11264149334948086,0.011156379183519331,0.6483653045301606
7,7,OUT,OUT,0.09089879406930512,0.026924454344127675,0.0020968743228150914,0.011526351676237945,0.04892713461088892,0.3152600588566704,0.004694091481033932,0.499672240638921
7,7,OUT,OUT,0.18339527755350493,0.022680104025698547,0.004384020765902149,0.008947985109621304,0.06666428425575684,0.11897631429156179,0.029011801510812125,0.5659402124871423
7,7,OUT,OUT,0.16020285846727758,0.033299395958335726,0.0025971305223837886,0.014136747543623311,0.05751364637910908,0.1201534864057987,0.004474984358045635,0.6076217503654263
7,7,OUT,OUT,0.21682342648191502,0.028805744956269037,0.0017829759581515685,0.008537433737664224,0.05272433423721903,0.11204013336079267,0.01437095002766393,0.5649150012403246
5,7,SO,OUT,0.08779635051575439,0.023310721546862343,0.0017318637140205787,0.007502112570657987,0.046070518693280126,0.32456869061033256,0.00450197846217391,0.504517763886918
7,7,OUT,OUT,0.13765817461901297,0.036322373029795726,0.0019407338463875178,0.020534855691693985,0.07769605809849948,0.12376045773256462,0.006605162244542098,0.5954821847375037
4,7,BB,OUT,0.14809003958107828,0.04770058611809558,0.002269791330383223,0.017962045131264304,0.09162151234243568,0.2695234829137801,0.007012594217744045,0.41581994836521885
7,7,OUT,OUT,0.18155730041988005,0.03009141644031169,0.0024228595963994783,0.03800006055283955,0.044276962284527925,0.16717007227301206,0.004929111826315695,0.5315522166067136
7,7,OUT,OUT,0.13870786177918693,0.020978956891839044,0.0047534483974417735,0.04584205523798674,0.04571038755795532,0.17308513099926892,0.011553997662672233,0.5593681614736491
7,7,OUT,OUT,0.14473832368431042,0.03759639905725962,0.0022249461880482248,0.023246847112245957,0.08224523661259212,0.1834653245217696,0.005275245056573506,0.5212076777672006
0,7,SINGLE,OUT,0.13089560391657787,0.05089430897521872,0.0017732030887198675,0.01015804364792516,0.08043165231804802,0.19997210001858892,0.004965113289981381,0.5209099747449402
5,7,SO,OUT,0.0941959882162414,0.02422346999242633,0.0016525238045683249,0.007820703386539913,0.0580567694958435,0.30840686685585283,0.0047671329521846075,0.5008765452963431
0,7,SINGLE,OUT,0.173547388923537,0.03528230705983755,0.0020823844330014204,0.009436206338960815,0.07533387997271887,0.15699201210337177,0.005588839993459655,0.541736981175113
7,7,OUT,OUT,0.18136146590576346,0.045244910837798115,0.004481441652573258,0.01031841502684614,0.0686727623627416,0.1342364200691883,0.005326363369271568,0.5503582207758175
7,7,OUT,OUT,0.1734812501851261,0.034669516726836345,0.002102738831191576,0.0441261559212869,0.08557514035365081,0.19608931898728824,0.005965076986935151,0.45799080200768477
7,7,OUT,OUT,0.15561728607405173,0.033688078311313215,0.0023559117740126123,0.009266783748026568,0.06319744784960059,0.22117200910830043,0.007523365057901898,0.507179118076793
5,7,SO,OUT,0.11339595491463661,0.04424525354164929,0.0023238925302974133,0.01009903191622093,0.042568346828762045,0.240770576184937,0.00577549262101888,0.5408214514624778
5,7,SO,OUT,0.1504630702816167,0.09377565251375211,0.0025644697033995146,0.008582470006017171,0.03699817500995913,0.13132694125489383,0.004760216149166637,0.5715290050811949
7,7,OUT,OUT,0.20702304062294083,0.02984633008940728,0.005599564250793537,0.009183103787152938,0.03878141240153203,0.12759360302115108,0.006151198027912457,0.57582174779911
7,7,OUT,OUT,0.16839023777299178,0.02815297671250039,0.0022617320289815388,0.010717865758798103,0.10335264157611015,0.17685128466932037,0.012364403929095902,0.49790885755220166
7,7,OUT,OUT,0.14898185225741084,0.024624798232193615,0.002861066609390463,0.009836768641140527,0.05561530306628397,0.22140325939265032,0.009602445120475303,0.527074506680455
7,7,OUT,OUT,0.1396448193622213,0.02921884683102108,0.0019918724041277946,0.014273244767681378,0.09225862296702494,0.2242492518472789,0.005611125381334488,0.4927522164393103
1,7,DOUBLE,OUT,0.11284110245294973,0.02197891890110439,0.002306581726500887,0.013464061151891948,0.057251106811599506,0.21705440628986042,0.005998503956614184,0.569105318709479
5,7,SO,OUT,0.1886994607178583,0.025983073558554795,0.0026272724951035085,0.013995097449890269,0.03758992956407529,0.23403181281087918,0.021348427515755455,0.4757249258878831
5,7,SO,OUT,0.15963295293357396,0.024898789482085727,0.00197216766010846,0.009590302796095263,0.06429922316030338,0.26347878271883884,0.005554889135654981,0.47057289211333925
0,7,SINGLE,OUT,0.15479813818923607,0.03117927903966204,0.0020388915119226103,0.009644985631905292,0.08325385674868337,0.21031654861156754,0.01972457361466788,0.4890437266523553
4,7,BB,OUT,0.19907128333081425,0.023916558013475014,0.0019681271846969414,0.009583025284482106,0.06560681769267673,0.16692994484669485,0.012240167971479279,0.5206840756756809
5,7,SO,OUT,0.17198193278717142,0.04002325913600001,0.002178666742371392,0.012069856874235538,0.0690787532381663,0.17259015697449345,0.008930032209555582,0.5231473420380064
1,7,DOUBLE,OUT,0.13758466821423782,0.032495385960153673,0.0024970244550504878,0.00895467816721406,0.03995589511930024,0.15833803789526243,0.007500213115404825,0.6126740970733764
7,7,OUT,OUT,0.11217865015717406,0.019723589445489006,0.001986867851296867,0.00872689028885405,0.0498588726174889,0.21516743568147295,0.005507099832381615,0.5868505941258426
7,7,OUT,OUT,0.13376441144467413,0.023523791400167186,0.002941955135682655,0.01317672790917469,0.07843876990089509,0.1489475803370166,0.006952627894560524,0.5922541359778292
7,7,OUT,OUT,0.199006041783985,0.03096244265260334,0.002006425045228298,0.00965563286260787,0.05061360725820836,0.2062152767487375,0.007763768067532983,0.4937768055810966
5,7,SO,OUT,0.17532457157353415,0.044488277560365476,0.0020746475333076084,0.011757795678807713,0.06275896281966262,0.1639389768092798,0.009467599831075951,0.5301891681939667
7,7,OUT,OUT,0.116901964953313,0.03808301510468831,0.0020494798161977993,0.02291436928052991,0.058549462602694696,0.2769727811364087,0.006191053931507717,0.47833787317465987
0,7,SINGLE,OUT,0.1894117262666763,0.02608074312381729,0.003097189104573223,0.011726976777383586,0.04217053244721074,0.1634310374215056,0.005602157043913478,0.5584796378149197
0,7,SINGLE,OUT,0.19449391095308047,0.020618858185698086,0.001968471828726407,0.009387680258620112,0.07191041885483669,0.1603369642237231,0.011376156948930656,0.5299075387463844
7,7,OUT,OUT,0.10463956710835991,0.024366034817438327,0.00211551691821326,0.010916945090848389,0.09425920013844227,0.22277886535424776,0.00585818453088774,0.5350656860415623
6,7,HBP,OUT,0.15961905146377214,0.027691632991313164,0.0020603928014654924,0.01045309038802354,0.0629274251228907,0.23088634178781664,0.0058411847061669445,0.5005208807385514
0,7,SINGLE,OUT,0.24425301761973667,0.04241789798811206,0.003369377267517704,0.01072531100148834,0.08122216826571142,0.14418098750310407,0.005612542177793638,0.46821869817653605
7,7,OUT,OUT,0.14935159946136997,0.04065970402618659,0.0022804409881606027,0.01188047729399268,0.09941613383035536,0.21116963389496388,0.011585488268732243,0.4736565222362387
7,7,OUT,OUT,0.1446576983270163,0.037201019118766665,0.0020185919658815875,0.010318406706502586,0.060352778190251186,0.24800828635297917,0.0056004007849458515,0.49184281855365664
5,7,SO,OUT,0.15023134634729748,0.030961509147331104,0.0020521782066608906,0.009757087256772004,0.0901650280522375,0.1851169889848167,0.014994954945816286,0.516720907059068
0,7,SINGLE,OUT,0.1759983835927461,0.023323859226335453,0.0019854410995614733,0.009487587530398406,0.07279356174652872,0.18223963039537475,0.006891027149267444,0.5272805092597878
7,7,OUT,OUT,0.1983009054570891,0.040480334824723574,0.0021316482651184384,0.01223116519024616,0.06738254934851501,0.1727848914831048,0.01085014728449639,0.4958383581467066
5,7,SO,OUT,0.08691369381066655,0.058646161856375015,0.006179774151060427,0.009013040921864285,0.08757264845582868,0.15898009292199777,0.0059478265436852425,0.586746761338522
0,7,SINGLE,OUT,0.15001606227444447,0.037197596173609626,0.013167230675385121,0.010574851805456673,0.06558503422338112,0.2134583283984513,0.005548183934553756,0.504452712514718
7,7,OUT,OUT,0.2015184643020236,0.026290568002239115,0.0036796204992060513,0.009208841977994662,0.036988646803434964,0.135886737311923,0.0064997307628475,0.579927390340331
7,7,OUT,OUT,0.21149266921793491,0.0394186330093667,0.0019991054014006017,0.009335877763033693,0.07948786434354582,0.16125297928225613,0.004666918486269658,0.4923459524961927
0,7,SINGLE,OUT,0.16175895024134046,0.02734318224277885,0.003764250159697746,0.01047351735396231,0.04373571243540257,0.15715649201271395,0.005219072199958335,0.5905488233541458
7,7,OUT,OUT,0.13720070129160644,0.03048475993735671,0.0020570383954953116,0.009644534603419214,0.09975050470048094,0.19833326682359317,0.015692459826067536,0.5068367344219807
7,7,OUT,OUT,0.0953348468398915,0.04174485063618107,0.0019883668188538364,0.009492353633878618,0.04156779519258764,0.23980680811258728,0.005467462546842809,0.5645975162191772
3,7,HR,OUT,0.15323700216093006,0.029942211655389107,0.002450986659474023,0.009566574934032823,0.07801408483895445,0.20718274374330725,0.008239971661754115,0.5113664243461582
4,7,BB,OUT,0.16008223770121807,0.04081765534907467,0.009448140371172774,0.009468273248746576,0.0953115009147073,0.13939018103579884,0.007207843187093796,0.538274168192188
7,7,OUT,OUT,0.1260693041718528,0.04319923221655317,0.012669817509936142,0.00877507611565005,0.0628486047061103,0.17766768585857637,0.00539979782063963,0.5633704816006816
7,7,OUT,OUT,0.14421264030375822,0.0316730758236134,0.001995876766358663,0.011259052994176585,0.12358587582148621,0.21523907902986014,0.009964223523177138,0.4620701757375697
0,7,SINGLE,OUT,0.1660062020389834,0.08250498684379903,0.0023665133418026736,0.007979628444852203,0.03439938496844183,0.11255605444133349,0.0048081731399379464,0.5893790567808495
0,7,SINGLE,OUT,0.18384498081496775,0.03512566508641143,0.002065493570807162,0.0339103167496465,0.08176435567042611,0.18517986569090875,0.005922391926590198,0.47218693049024196
0,7,SINGLE,OUT,0.21103813956816303,0.03682104734176977,0.003447813845094427,0.01007998397860579,0.06994837976746858,0.14105993342565656,0.005835975489643228,0.5217687265835986
0,7,SINGLE,OUT,0.19157839384481157,0.03682520413305992,0.0022910706900818693,0.009099346899043067,0.07904583397711341,0.16415585345813943,0.005221694758061329,0.5117826022396894
7,7,OUT,OUT,0.19238892764975032,0.026182195852043757,0.012695444195556783,0.012826765019313615,0.03999823946515597,0.14483714339183776,0.005171456265104529,0.5658998281612373
0,7,SINGLE,OUT,0.36626304505609436,0.020985979075483267,0.0016644189621631076,0.008713049969230361,0.08063310622962391,0.12926407540455506,0.005876271024496756,0.38660005427835326
7,7,OUT,OUT,0.1754789470205794,0.0346754152874371,0.002720065877408062,0.009719951684201276,0.038494187379855715,0.2392650252882904,0.022585294838195533,0.47706111262403245
7,7,OUT,OUT,0.21232240035229274,0.020935000175320795,0.0026160455517029867,0.009874779500008394,0.049578532773182526,0.1878380924680731,0.011406967997699692,0.5054281811817197
7,7,OUT,OUT,0.14271339477672718,0.04093547622903531,0.002061024711906385,0.04133664556491406,0.05744798208545074,0.2912648504259365,0.007508839636174191,0.4167317865698558
1,7,DOUBLE,OUT,0.1755872179574415,0.05267842952962999,0.0029203709012878736,0.012575157794797426,0.04351954784774508,0.22844771146080103,0.005524932986919214,0.47874663152137786
7,7,OUT,OUT,0.10884848690378818,0.022360960439781735,0.0020900136750992247,0.010010589696895097,0.06425738384365844,0.18039205291329274,0.005594842435494386,0.6064456700919902
5,7,SO,OUT,0.09533323488241585,0.026632467758169916,0.0018833432158958596,0.019457812159124167,0.06468720740128842,0.30726426112260985,0.0051124641960773095,0.4796292092644186
5,7,SO,OUT,0.1247982713855028,0.03454270063901439,0.001963546316393162,0.024942356598183894,0.06271631061288668,0.2748905183885911,0.004416458548109367,0.47172983751131864
7,7,OUT,OUT,0.14849861920380106,0.02696045201896493,0.0031771008164640396,0.011106204117553368,0.04385873196581872,0.19281360969882486,0.004600201127022376,0.5689850810515505
5,7,SO,OUT,0.09292085077436585,0.026845356975949117,0.005675400864678025,0.032620070256526246,0.09383557468685913,0.199693910929612,0.0097569829255035,0.5386518525865063
7,7,OUT,OUT,0.11524158532463281,0.0373075252691856,0.00204405542639265,0.02168733908725322,0.08433011726334917,0.17665109440780755,0.008500467421406352,0.5542378157999727
4,7,BB,OUT,0.11525576338431305,0.031853642120333356,0.002874907520651896,0.021355293823662636,0.08953327179966689,0.2377613047927669,0.005601583681285658,0.4957642328773198
0,7,SINGLE,OUT,0.12209277889112334,0.0462791822278879,0.002050056541526093,0.026220452299410037,0.1052382968097338,0.16724485065998912,0.007266632568245809,0.5236077500020838
1,7,DOUBLE,OUT,0.13566529325845622,0.032911849528574226,0.0018741470492458915,0.039282303296488914,0.10618989912249889,0.13904279766173822,0.005388970262038386,0.5396447398209594
4,7,BB,OUT,0.12636166663013304,0.032885292617016545,0.002270075902442052,0.03584553469235933,0.10878521117841265,0.2292894525383099,0.008776407527951387,0.45578635891337504
7,7,OUT,OUT,0.13801966823376385,0.050392480140902286,0.0020983965500808253,0.032411238642178056,0.10708819189021512,0.20010326183269497,0.00783184138261357,0.46205492132755116
0,7,SINGLE,OUT,0.12696391084922448,0.028702378048267307,0.002097646476834484,0.019705555044978455,0.11369543641755131,0.20968907069803525,0.0061179384025756385,0.4930280640625329
0,7,SINGLE,OUT,0.10035808299173145,0.04368412859311132,0.0019684624397417368,0.024578353105495047,0.06975159442764725,0.26833458402800836,0.010358502940425241,0.4809662914738396
7,7,OUT,OUT,0.11204262323502952,0.03309451164982756,0.0020453177929537244,0.01964255231878076,0.06342343997295456,0.21706288241844435,0.006284807073737315,0.5464038655382722
3,7,HR,OUT,0.1105601510357083,0.04860134116468427,0.001962855870924463,0.009970085383174397,0.07017738781665807,0.29281489686279166,0.004761191123228085,0.46115209074283087
7,7,OUT,OUT,0.16053069468787462,0.026209512032210742,0.002869710977591163,0.01283135067705911,0.04320551753121876,0.20982931082713233,0.005405246352153002,0.5391186569147602
7,7,OUT,OUT,0.12713360050397854,0.028158254523716543,0.002525925523322534,0.021514198278024282,0.0603242664427286,0.3322473030110798,0.005078916956696665,0.4230175347604532
0,7,SINGLE,OUT,0.116582916113812,0.027976168629850386,0.0018701873242423525,0.025721288983056492,0.051678420779350004,0.2686628904876292,0.00437374453230797,0.5031343831497516
5,7,SO,OUT,0.12319475471190426,0.030605290322550244,0.0020200834103558246,0.021177351375074253,0.08637587463129076,0.18652562344527646,0.007561691573177312,0.5425393305303708
0,7,SINGLE,OUT,0.10861242615714431,0.049463662839130014,0.002668430878262153,0.015894758942399126,0.0755933858786272,0.2598920258757607,0.006786708475428799,0.48108860095324774
7,7,OUT,OUT,0.12108640916416233,0.05555009512276404,0.0019486661409346996,0.04829573191049627,0.11478006875596757,0.15543908632568193,0.008554781375077446,0.49434516120491573
0,7,SINGLE,OUT,0.13714196683173685,0.03280029374695753,0.0017027101793581725,0.03895609656621497,0.10676728675467473,0.13007118001102774,0.005598418649235717,0.5469620472607943
7,7,OUT,OUT,0.1298105929453329,0.04491547004165244,0.0020087716325223777,0.03852313916104716,0.12274370575905715,0.18451277671505595,0.01180081347384185,0.4656847302714904
7,7,OUT,OUT,0.13450453514037047,0.0465617250148937,0.0021382944228326268,0.03088525063671352,0.10059801081194973,0.22334396811381763,0.006321105058966026,0.4556471108004562
1,7,DOUBLE,OUT,0.22969263457806494,0.024261636600210974,0.037603285578184445,0.011997282329651129,0.04146047785611315,0.11581370497145729,0.004519055177082513,0.5346519229092356
0,7,SINGLE,OUT,0.22591837511388072,0.0278811178500244,0.0016868921822154532,0.008891327913185669,0.04322572691237726,0.2098654390986154,0.003919041578721133,0.4786120793509799
7,7,OUT,OUT,0.1122814782056627,0.03443778202376592,0.001955524889874613,0.035160028360548386,0.10954081806998044,0.25273654652057687,0.004847235772839796,0.44904058615675135
1,7,DOUBLE,OUT,0.1256188165083252,0.02715000905165728,0.0020693458508128626,0.06295205139857521,0.1455517245988358,0.2232050326075356,0.004969666688490466,0.4084833532957676
7,7,OUT,OUT,0.17466717503412119,0.02327060085574486,0.0028371163537229626,0.009169008678700435,0.040331920801647166,0.1695851906092324,0.005177915526675606,0.5749610721401553
7,7,OUT,OUT,0.21460654919844127,0.029465791240495438,0.0025024691328815424,0.01016691877013392,0.04432345119217431,0.22926044514272742,0.013950664482515905,0.4557237108406302
0,7,SINGLE,OUT,0.09853151617899776,0.05579720829289307,0.003949723102062371,0.00990860219630176,0.10392559485068384,0.20210470976057315,0.015033053126409403,0.5107495924920786
5,7,SO,OUT,0.13373573622416285,0.027569216561221337,0.0019593277513510693,0.010587454274797622,0.0953894791383364,0.1718817749030221,0.007931004369027713,0.5509460067780809
2,7,TRIPLE,OUT,0.13190426268962355,0.05482164000300585,0.0028395439806908054,0.009783085991073576,0.09920745903356676,0.2202094596978353,0.006469670348304064,0.4747648782559002
7,7,OUT,OUT,0.11883144288012512,0.03912118148994173,0.0018449871051925619,0.032084992261031994,0.0756333430766058,0.23447109071065173,0.005073911545786518,0.4929390509306644
7,7,OUT,OUT,0.1580091196092013,0.054059759779678064,0.002054742685812924,0.009697502476479604,0.13904874000780024,0.19624961710089192,0.004977473255509671,0.43590304508462613
0,7,SINGLE,OUT,0.13247635139949065,0.030240993389797948,0.0022183767255176765,0.01354895728497135,0.1002735290534341,0.17733802228941034,0.008476724303125878,0.535427045554252
7,7,OUT,OUT,0.17260920929636564,0.07431253270401635,0.0021501479684905666,0.010553708813262409,0.09837325287859822,0.1720151712491792,0.0055470230579995755,0.46443895403208807
7,7,OUT,OUT,0.22282823454634498,0.02967391607904254,0.002194715980498463,0.010926085311455266,0.04640838574129246,0.1748712131104903,0.013451493054637697,0.4996459561762382
5,7,SO,OUT,0.12880677970269394,0.02637152320529399,0.0021126981433745064,0.07539591475513198,0.0576621472628572,0.26707471554403284,0.006353795105598914,0.4362224262810165
5,7,SO,OUT,0.11910656778037722,0.03529073561996232,0.0017760379338285707,0.078906501444048,0.06750612427055391,0.24330931148676727,0.005983057055089279,0.44812166440937345
5,7,SO,OUT,0.13209516424181597,0.03489236502115585,0.0019923005387120366,0.054279923883370516,0.07805249512323492,0.20722526029809094,0.0050191483183241415,0.4864433425752955
7,7,OUT,OUT,0.11709788123021413,0.039089951074832666,0.0016882098466322124,0.038392118580250406,0.09698426702086656,0.17761666513217986,0.004070790425810214,0.5250601166892139
7,7,OUT,OUT,0.1453066361237673,0.04775483658481563,0.001978238900349612,0.07747021501546345,0.1285783857482646,0.1594185208425799,0.006773951678382472,0.43271921510637695
7,7,OUT,OUT,0.1051684171515508,0.02389766002055799,0.0032409264408157184,0.01107019954578897,0.07355666631800695,0.19756770236782728,0.005555412365203743,0.5799430157902485
7,7,OUT,OUT,0.3138356013025164,0.026156425560935156,0.0038114476005732065,0.00872876080837753,0.04713233008957435,0.11263250199829643,0.005401041260874699,0.4823018913788522
7,7,OUT,OUT,0.14439184722990875,0.0307157223835291,0.004773938410851727,0.010139743859015784,0.10858570151556592,0.16816884256714063,0.006666653082907805,0.5265575509510803
0,7,SINGLE,OUT,0.16975336624314533,0.05641944086798735,0.00248216290755142,0.009329256962992208,0.09641784456644228,0.15091729866064882,0.00499613193062884,0.5096844978606037
0,7,SINGLE,OUT,0.18758012431281343,0.040894346289506625,0.0023508130322108427,0.009430299366884509,0.08481302132955763,0.15324548986593936,0.009866356885283542,0.511819548917804
7,7,OUT,OUT,0.1778211139332136,0.02769155891207108,0.004085313982878791,0.00931574874675094,0.08478420744525475,0.1388484510185758,0.004630196449231654,0.5528234095120234
7,7,OUT,OUT,0.16377130933283837,0.035801223999033044,0.0034792137342960845,0.009492580551119147,0.09748630898261701,0.2285461974766064,0.0069954174484194095,0.4544277484750705
7,7,OUT,OUT,0.09310965939094872,0.026328685959498263,0.0029979665770558704,0.04098093772444006,0.10019054391478886,0.20476740361644707,0.013087994030848185,0.5185368087859731
7,7,OUT,OUT,0.12934312614458215,0.04611498644409823,0.0020101770032182375,0.05513534714693598,0.10403559431179467,0.201259108294846,0.004990740975557683,0.45711091967896705
7,7,OUT,OUT,0.11897138221924754,0.039675512645326455,0.002077272578310785,0.03838426769363534,0.11387618602780773,0.1888506781726058,0.005383023637065263,0.492781677026001
5,7,SO,OUT,0.16797128903726039,0.06082687848411501,0.0031370597635713366,0.008361929428890915,0.03688346791108586,0.1301372456963132,0.0047938630345743085,0.587888266644189
7,7,OUT,OUT,0.13464699873030353,0.041146802050650515,0.002203343698737273,0.012240042643018333,0.1144669255599535,0.1954493310139093,0.005027910708021199,0.49481864559540645
7,7,OUT,OUT,0.1598025389019234,0.030188694335501545,0.0026855531325563403,0.009986931322617139,0.07522873199573021,0.22229888529820993,0.007225539221669094,0.49258312579179225
0,7,SINGLE,OUT,0.15327204956553325,0.019905475907985908,0.004854013796986224,0.010915034618705528,0.08664072976264137,0.12767749061497666,0.004334442140178128,0.5924007635929929
5,7,SO,OUT,0.16766358855893243,0.02361160507130306,0.001983184461089772,0.018298277365392152,0.07462971777596496,0.11265602465481392,0.01059631148313553,0.5905612906293681
5,7,SO,OUT,0.11870336404478478,0.03631222491197271,0.0021715526212341693,0.034296391381576516,0.04867175107968295,0.13002610522485908,0.004788550383299665,0.6250300603525902
7,7,OUT,OUT,0.11548995835176656,0.045338704706469196,0.002047711244619232,0.04535080651383068,0.10022763589418082,0.2237436814065975,0.005507151770973636,0.4622943501115622
5,7,SO,OUT,0.11748161884010856,0.05300815660412434,0.0024787159118434764,0.010999070617483477,0.04578251437789963,0.24107018303740482,0.00540635377889659,0.5237733868322391
0,7,SINGLE,OUT,0.16571937407603773,0.05863085246084118,0.0028403132601983712,0.011670347935029185,0.05742451599695473,0.16593562390379035,0.0052682071441098365,0.5325107652230385
0,7,SINGLE,OUT,0.22402635239301796,0.034262174222317664,0.0030565397731936814,0.014433729653511418,0.042889697828764374,0.1313134970523945,0.004966231666422505,0.5450517774103778
5,7,SO,OUT,0.13218275264211868,0.038048188057879344,0.0019329926977453727,0.014036596837837194,0.1433917847988033,0.16688789361289993,0.004622728935548045,0.498897062417168
7,7,OUT,OUT,0.20384034059681194,0.035670020667123555,0.004100568434212113,0.014464094812310209,0.043896705925964244,0.1676865130570494,0.011607823584042302,0.5187339329224862
7,7,OUT,OUT,0.1521928095468277,0.0207154424450149,0.004380201040784506,0.023894569899034403,0.05657930316704235,0.1151638028584574,0.004699518709989507,0.6223743523328493
7,7,OUT,OUT,0.16354673650758014,0.02239878035924872,0.0033081958027478004,0.009584655750235902,0.08543037090444114,0.1313729053713577,0.005721894081885565,0.578636461222503
3,7,HR,OUT,0.15958813839949854,0.0654024564589624,0.00198810268686399,0.019898856342766964,0.13682037050865972,0.12582594493141286,0.004926690817236454,0.485549439854599
5,7,SO,OUT,0.22843946827353323,0.027670547695043582,0.0018446644443232774,0.010914035507120818,0.08752013469012297,0.21504658887147143,0.020342932308031622,0.4082216282103531
7,7,OUT,OUT,0.19368265833274398,0.04734427730706437,0.002847034721877191,0.010401716069286084,0.06946389367103227,0.16597184947649554,0.005690806548048004,0.5045977638734526
5,7,SO,OUT,0.09775057739548149,0.028521786758096423,0.0033338955929911296,0.022704371400789524,0.06661907407566439,0.2668305477078723,0.004735703716496209,0.5095040433526086
7,7,OUT,OUT,0.15196861972907377,0.021345296913497198,0.004624825399042168,0.010726426153717574,0.08880007707482752,0.13535361882494865,0.004978280894712588,0.5822028550101805
7,7,OUT,OUT,0.21929368416069767,0.029772238559767267,0.0018161504635456301,0.02692312853632884,0.07510051957267307,0.1990080579384409,0.004600941707511519,0.44348527906103513
4,7,BB,OUT,0.17999661161094188,0.04117943907698042,0.002826900285260935,0.025191741824505356,0.05106345236937914,0.15326555845534057,0.005012832005802544,0.5414634643717892
7,7,OUT,OUT,0.1060261962063181,0.026109930717840343,0.004011429423877502,0.00880751208183091,0.05275967789607301,0.17578557301877293,0.00477517696164713,0.62172450369364
7,7,OUT,OUT,0.1335499086455825,0.03270566701879127,0.0029791087570614095,0.009763581592721934,0.04436797481327567,0.23259092347318058,0.005216083496879697,0.5388267522025069
7,7,OUT,OUT,0.1549553382288363,0.04424857768745512,0.004026982668571853,0.008532461751726093,0.05962756800511553,0.19931998753438837,0.004343639364558713,0.524945444759348
5,7,SO,OUT,0.13605053491494978,0.04369715833856953,0.00196678673663918,0.016380339656131542,0.07326829087656898,0.10280662681436685,0.06550211869088148,0.5603281439718927
7,7,OUT,OUT,0.1621952190658856,0.03334311070511414,0.002030332554139155,0.03665418966354415,0.05399543598366936,0.13951140301094656,0.005203888468917258,0.5670664205477839
7,7,OUT,OUT,0.10201993816668423,0.033111584219799026,0.0032660072151377813,0.023966527713696718,0.05659646768401654,0.22682057242283923,0.0048567619214047,0.5493621406564217
3,7,HR,OUT,0.16445553260510865,0.028575189859792956,0.008727663526605103,0.015567312826075931,0.05057947039876531,0.142045790424564,0.015659989360598033,0.57438905099849
7,7,OUT,OUT,0.21798211203375098,0.04880017410818424,0.007236962444858826,0.010166406878307156,0.056143647167227036,0.19095898687033155,0.005193926716410635,0.4635177837809295
0,7,SINGLE,OUT,0.17206332101757923,0.05407412929483586,0.0021944802989591413,0.02380097558183259,0.09429307841837643,0.19770108887247634,0.0052902609867675225,0.4505826655291727
0,7,SINGLE,OUT,0.12390169909499199,0.039448030666435395,0.0019956270619357003,0.02464636395165715,0.09917672286577435,0.19926259873138616,0.007169318154937717,0.5043996394728816
7,7,OUT,OUT,0.13520781975249255,0.0193181357247897,0.0026988457011756528,0.01139481415545069,0.13700685095884682,0.20183917263276885,0.0048833228993941736,0.48765103817508165
4,7,BB,OUT,0.15899454250949158,0.019317630084806255,0.00405509681117996,0.008939827552039845,0.11183290631819844,0.2008342394033177,0.00463704689074293,0.4913887104302234
3,7,HR,OUT,0.18747111310447553,0.026772663820101045,0.0025442584379687084,0.01762107707720281,0.14431053823147835,0.19937448426222143,0.004981973061292489,0.4169238920052595
7,7,OUT,OUT,0.1479858501487841,0.022822360424582182,0.0024236582840723823,0.010061223126153896,0.14651639465574678,0.2240744493941491,0.005480299423291964,0.44063576454321945
0,7,SINGLE,OUT,0.318300918906468,0.02617371617857544,0.003221358126076146,0.009127001702809385,0.06686219053962694,0.20942642170318237,0.00581076771842655,0.36107762512483504
4,7,BB,OUT,0.18961639005856076,0.021761388434816082,0.00174417382618412,0.011311866528748132,0.06536804941315269,0.2093760291696644,0.012889514096549736,0.4879325884723242
7,7,OUT,OUT,0.1466206104273657,0.02026753056336551,0.0019447745163253813,0.009918605350286026,0.10492399279417056,0.32426539037894453,0.006892939537605605,0.3851661564319367
6,7,HBP,OUT,0.19546183786958057,0.026990864138714037,0.0019904160804245837,0.02109735242888683,0.05829033497752977,0.23768556205144786,0.006624661289153552,0.45185897116426277
4,7,BB,OUT,0.1756780477381135,0.027630359544824828,0.006772297587664728,0.011300816124287983,0.07522090689971796,0.20455935184748783,0.028161071766099614,0.47067714849180364
5,7,SO,OUT,0.2176465808282844,0.02330310977379436,0.0021994429214806724,0.014041508984786576,0.10043289454893241,0.20945803498725904,0.026448449894452466,0.40646997806101004
7,5,OUT,SO,0.148574324474833,0.04434151632129376,0.0021131521228042365,0.019626832499692222,0.06291550113903986,0.36483842764419044,0.028674351352783314,0.3289158944453631
7,7,OUT,OUT,0.2858908246644577,0.029189114256261372,0.0023469834499313716,0.018031179756103664,0.08313065457945717,0.19486746500157892,0.021952008419567872,0.364591769872642
5,7,SO,OUT,0.13781138243377014,0.039089272346679936,0.003354784982777108,0.014685251566800535,0.05036985554512295,0.2872642911649556,0.006498247180533895,0.4609269147793598
4,7,BB,OUT,0.14705186456139177,0.03523161991900004,0.004824515020443086,0.017597559863250734,0.08370880304583402,0.20735679336047047,0.008770235061672653,0.4954586091679374
7,7,OUT,OUT,0.23439428356657363,0.030113301589783623,0.0034227921518887442,0.00844559228379566,0.0368913248081239,0.1616786581827201,0.004251289379959951,0.5208027580371544
1,7,DOUBLE,OUT,0.16200843519634583,0.026339428085007856,0.0019558206138224356,0.010735735453016494,0.07958624852992176,0.1474795750916895,0.00470061702705521,0.5671941400031408
5,7,SO,OUT,0.19581523031464845,0.03666514901458301,0.0034817010226325064,0.008877135101563996,0.059670519358092866,0.13958550450207716,0.004401584878299253,0.5515031758081028
5,7,SO,OUT,0.12689086464131316,0.021926604571675088,0.0027342638734080232,0.010968893340627844,0.058767499472282485,0.17798534117464068,0.005656657666636228,0.5950698752594165
4,7,BB,OUT,0.14575598823734884,0.030779279824171932,0.0021178508277373874,0.01078010693988517,0.07705957490344117,0.2317755395769185,0.016241352176011917,0.485490307514485
5,7,SO,OUT,0.15763712392289816,0.027489206386059967,0.0020270461371145955,0.0126507874719587,0.11178224818445481,0.1919585125640968,0.01688731805983854,0.4795677572735784
7,7,OUT,OUT,0.13497663643339308,0.02437480019116451,0.0041099351726931665,0.01520999274308178,0.0625333294863583,0.33661141358618146,0.008090300351620382,0.4140935920355073
7,7,OUT,OUT,0.14506334218241015,0.0287604574528053,0.0023111790751654798,0.010376060976415793,0.06253301964462969,0.1684471928574083,0.004929086497798012,0.5775796613133674
5,7,SO,OUT,0.18730748233059732,0.027273534087632608,0.0019223020753301645,0.009348052349794479,0.06608255792215116,0.21197179506871727,0.00516500629900874,0.49092926986676827
0,7,SINGLE,OUT,0.13564291575975482,0.02040999942239396,0.004454646564794476,0.024244593666834128,0.07050579192421023,0.1149173289638032,0.004835281740214875,0.6249894419579942
7,7,OUT,OUT,0.12942002967209,0.03873707482455044,0.0023554073145284305,0.01173550159942216,0.11131887072876441,0.18896585420380219,0.0050261002624294735,0.5124411613944129
0,7,SINGLE,OUT,0.19980542499045273,0.028740823382482926,0.00241242706067351,0.03730986199089874,0.0771894439286773,0.18939069041254003,0.004504291489687184,0.46064703674458757
7,7,OUT,OUT,0.1355460806498038,0.030719181970066425,0.0033902621904537073,0.015609352921094756,0.08435351357732479,0.25093059302628107,0.005863113853740001,0.4735879018112353
7,7,OUT,OUT,0.20083723152357383,0.03232416046398082,0.004206382222379165,0.00936557181658442,0.08636975807388261,0.145567074260888,0.007243963644490671,0.5140858579942205
5,7,SO,OUT,0.10748947450356304,0.030571218149486285,0.004198291916654629,0.008833864653847286,0.06564398492478267,0.21104215138760193,0.006057120518587515,0.5661638939454766
7,7,OUT,OUT,0.1042873056639325,0.02589192231738038,0.005039455656595333,0.00840840617004624,0.07606268682587886,0.1897601684794395,0.005292170760622156,0.585257884126105
0,7,SINGLE,OUT,0.16717622552836076,0.028336881456229146,0.0020687637850249083,0.021591251918605933,0.13313605131961812,0.1904951432090667,0.0060447758211738915,0.4511509069619206
0,7,SINGLE,OUT,0.19227987688954346,0.03910192415614853,0.0023662870655221688,0.008850641186446186,0.03893659118996151,0.14726307964596605,0.007030403135282071,0.56417119673113
7,7,OUT,OUT,0.21106951919311873,0.023378740210360217,0.0033086764490876507,0.015125235873492637,0.04114243561499235,0.14042994099403344,0.012891925707360457,0.5526535259575545
7,7,OUT,OUT,0.17221677425528928,0.03430379133705463,0.0035287537329621436,0.012817596244230145,0.052249669788518506,0.2760804460646374,0.012561205907879302,0.43624176266942855
5,7,SO,OUT,0.1591150566032359,0.02277664544833231,0.0019937820572894205,0.009312066920077395,0.09019679854605447,0.2964162727813233,0.0069589637925285336,0.4132304138511585
5,7,SO,OUT,0.11575559286113997,0.02396158030312372,0.0020459000141649156,0.010451800236311072,0.13500489167972213,0.1835944551635579,0.021512209721702518,0.5076735700202777
5,7,SO,OUT,0.13418202717731348,0.03987972227368017,0.002025062271291081,0.040273875186711675,0.11184335307840544,0.23881123739746885,0.0088334877095539,0.42415123490557544
5,7,SO,OUT,0.21133320192403363,0.02404255613682866,0.002624434571246868,0.04155384712846978,0.0775714773331969,0.21978567426200787,0.004919990819360135,0.4181688178248562
7,7,OUT,OUT,0.20876029085910447,0.038174050278736466,0.001999429534512919,0.012188860531959451,0.0589142669239563,0.216181281116915,0.004866558845682879,0.4589152619091325
4,0,BB,SINGLE,0.3580612795573542,0.022630230262911253,0.0018425138665669168,0.00902563387903254,0.07775024412764908,0.19521275877133556,0.003951355867693964,0.3315259836674565
7,7,OUT,OUT,0.15785415316164847,0.05689008102504386,0.005087841211927068,0.012499067163161477,0.10021636872993425,0.16286657525804427,0.005282654455224016,0.4993032589950166
7,7,OUT,OUT,0.16850949076120167,0.020986133178489984,0.002515781234387641,0.010542085541920517,0.09466144864366965,0.2559920725038616,0.004743654888439901,0.4420493332480291
5,7,SO,OUT,0.17507636299520965,0.04623581536516933,0.003179118936344495,0.02022130732198435,0.09627392449348739,0.21169515347440915,0.005318791996841915,0.44199952541655374
4,7,BB,OUT,0.16473006114683278,0.05477583962296998,0.004989995554910529,0.009314496284781586,0.13417496284642175,0.15479571149896468,0.019600395059409793,0.4576185379857088
1,7,DOUBLE,OUT,0.21488189677541455,0.050223369085413486,0.01757323051257501,0.008702459890126428,0.07017175081273729,0.1593442047281018,0.004806376068459655,0.4742967121271717
5,7,SO,OUT,0.2264268171501079,0.029012088575023614,0.00382800366108634,0.009278560325144692,0.04079137555075553,0.12850623820571475,0.005696718608338804,0.5564601979238284
7,7,OUT,OUT,0.17532304126458134,0.030159156770472987,0.0031043812014961416,0.011053073660285913,0.10752163495591036,0.1880936911040988,0.012569056816866923,0.47217596422628755
7,7,OUT,OUT,0.22509931224359686,0.027566340586887755,0.010826877992829468,0.017914168188362205,0.0426748230147706,0.14082250136427296,0.005202521355403752,0.5298934552538763
7,7,OUT,OUT,0.14878914315057393,0.02071710587385003,0.002441939079365248,0.00936823178024183,0.056237194770665265,0.19896978094566817,0.009332910122760897,0.5541436942768746
5,7,SO,OUT,0.1603511578892182,0.022299078417679807,0.002975560119543174,0.013901496904106855,0.04900198735964176,0.196662572605133,0.005731216823413234,0.549076929881264
5,7,SO,OUT,0.1482816671012169,0.03327979999955534,0.004229276683457625,0.010272730804103777,0.05397994603333331,0.256275873647563,0.004552590217094064,0.4891281155136761
7,7,OUT,OUT,0.19259700880989206,0.04512352077590089,0.0023699744670357048,0.028318269455573197,0.04470283323113123,0.1358532721929127,0.00493905407498833,0.546096066992566
5,7,SO,OUT,0.1797317358004397,0.024780967594708877,0.0019749680435780645,0.02690572746183533,0.09821920854004434,0.22537258008426078,0.005221032023196149,0.4377937804519368
5,7,SO,OUT,0.2051049573466965,0.0372639531575562,0.0035751256906312247,0.009306192451711751,0.0430365597636134,0.14372323591420208,0.004993285464202382,0.5529966902113863
0,7,SINGLE,OUT,0.1446091583871745,0.025882636576574303,0.0018251651367657833,0.009920511496369515,0.17102148709703446,0.14212645627975418,0.006223866527465769,0.4983907184988617
7,7,OUT,OUT,0.17816125501997102,0.022809476230149762,0.0020830017096356533,0.009564597010807658,0.09813600807780262,0.12383338194911085,0.008458029449103887,0.5569542505534185
5,7,SO,OUT,0.16008580264606742,0.05228036559905962,0.0019602238639931098,0.02046895324488727,0.12612353945996163,0.1269633614717389,0.004647668249496894,0.5074700854647952
5,7,SO,OUT,0.09720002960848115,0.03185465623398256,0.00287391466604053,0.02486615254561609,0.07389265035502061,0.2875092615404553,0.005036980619223965,0.4767663544311796
5,7,SO,OUT,0.13030365338487793,0.02023901582049553,0.0070663838496681855,0.009817646775495124,0.09807867280115373,0.13348479867154273,0.004555697860153226,0.5964541308366136
7,7,OUT,OUT,0.21101340732260424,0.043392573703359985,0.0025667746135309005,0.028389421599111436,0.05189331613688958,0.14643844460053812,0.005508013463576332,0.5107980485603895
5,7,SO,OUT,0.10413111820451344,0.026753538312738023,0.0025704278051531877,0.009470567916069787,0.05907197982221999,0.15380403606848403,0.006165868804574371,0.6380324630662472
7,7,OUT,OUT,0.14216523379857154,0.042481691026145574,0.0023704124376679077,0.009361124874949006,0.041069345024009614,0.19524540590129488,0.008518517979601976,0.5587882689577596
7,7,OUT,OUT,0.19043987605455576,0.029157184987557618,0.0019222271493261702,0.009387171333861306,0.1236197415003457,0.1879468029307042,0.0211267703008734,0.43640022574277604
6,7,HBP,OUT,0.16630094427217193,0.035568530295983385,0.0026587210269863747,0.009195178486069362,0.05639055866052372,0.15953073817339927,0.00493664841459058,0.5654186806702753
5,7,SO,OUT,0.1428452867719182,0.030154013508711552,0.0028144993710859023,0.011163152705287652,0.045036825786044364,0.22898762832312386,0.03294704957744484,0.5060515439563836
7,7,OUT,OUT,0.13909720675504575,0.030595356376227404,0.0019256041983874113,0.015391374901645364,0.0799413301043502,0.12624049391099773,0.040219870889566973,0.5665887628637791
7,7,OUT,OUT,0.1840810745059419,0.0358595230886376,0.008802908858288503,0.01570754787050482,0.050864088262573284,0.1466673398344761,0.011755866466573447,0.5462616511130044
0,7,SINGLE,OUT,0.1143983015424022,0.02779519395854315,0.003922194038716711,0.03309462054354949,0.06789269297051626,0.13802438600732636,0.006606128269614952,0.6082664826693309
7,7,OUT,OUT,0.1769217468021644,0.033327313252080625,0.002536805967069083,0.009616674045351567,0.0567278800134634,0.17687632931101382,0.007451779423110481,0.5365414711857467
0,7,SINGLE,OUT,0.17540467911008656,0.04225185204868786,0.0028487563257224963,0.009803271036478083,0.040889053305432285,0.14156366253843897,0.005356884857177315,0.5818818407779764
7,7,OUT,OUT,0.1735482563113174,0.02748373027404457,0.012407173556227821,0.010081393965152795,0.05311871532960843,0.17932355862353103,0.004946188391263153,0.5390909835488548
5,7,SO,OUT,0.18082073645897048,0.029032195913174103,0.0021320498044870725,0.01249531050525749,0.15673614702614883,0.15251516074530272,0.006889978518146098,0.45937842102851306
7,7,OUT,OUT,0.16199474625629076,0.02426914984431344,0.0032600379361819357,0.009929630193870354,0.090145476834001,0.12962894153278134,0.006255006284428991,0.5745170111181321
0,7,SINGLE,OUT,0.17883900804914657,0.04773858659375373,0.0020057688309663914,0.022437138249738264,0.10631480966239655,0.12669010942202655,0.004809327203496324,0.5111652519884756
0,7,SINGLE,OUT,0.18757732561951232,0.02720777197039165,0.001882136177761475,0.009140391501889661,0.09574866656753928,0.22108257096596837,0.02084490871478768,0.43651622848214955
0,7,SINGLE,OUT,0.23251033339855653,0.025852153371703934,0.0030264812062498116,0.0093700765368436,0.06772435748364526,0.1821871986574793,0.005097040314234223,0.47423235903128735
7,7,OUT,OUT,0.15591192638612927,0.028418762184494364,0.002035909686721788,0.010180145049524605,0.12093647681046768,0.17782819909612277,0.0048611035896001485,0.49982747719693915
7,7,OUT,OUT,0.15045854399862604,0.03281708517935141,0.0022583113955459075,0.0417716385046289,0.04673377250479698,0.13428978332800137,0.005377682557068144,0.5862931825319813
0,7,SINGLE,OUT,0.09141672976520575,0.025086632781810166,0.0017508070743689152,0.008301872428351285,0.053300447218994275,0.3173417528880151,0.0039438105314163995,0.4988579473118381
0,7,SINGLE,OUT,0.14846760737709536,0.031623161925961915,0.001979382956935379,0.027389137473975072,0.06446523667728518,0.14445585157066804,0.02994263541560568,0.5516769866024734
7,7,OUT,OUT,0.1569800644968245,0.0619513938277802,0.0023919552181635014,0.0130579280355075,0.04418852228726015,0.22864253083617725,0.005933377497579406,0.4868542278007075
5,7,SO,OUT,0.1517928186310976,0.028196197250735373,0.0019555931868757512,0.01471226969483681,0.055612200983872435,0.1554583063335357,0.009686639973206275,0.5825859739458401
7,7,OUT,OUT,0.16383676963074936,0.032805008959194776,0.0021066955529330045,0.010779159989832037,0.058214064033334824,0.17445666969414111,0.005074304816591253,0.5527273273232236
7,7,OUT,OUT,0.1816762342201032,0.04533719979571267,0.009719336987073522,0.009494839540851032,0.05096311646512156,0.14751279414803958,0.004914909420185959,0.5503815694229126
7,7,OUT,OUT,0.2014857639576993,0.022203457696834825,0.0026481294008746568,0.009317543678645516,0.0761859934982696,0.1379349351367381,0.011552078594318668,0.5386720980366194
0,7,SINGLE,OUT,0.12908213959415996,0.02507088549652246,0.001757443278672023,0.008467232124160088,0.09511959074974305,0.16440629475244536,0.02046590062711734,0.5556305133771797
7,7,OUT,OUT,0.13810460296530477,0.03826774012994463,0.002370821095211327,0.00939764871874207,0.05123866274947647,0.17340039189361184,0.004797153010878386,0.5824229794368304
7,7,OUT,OUT,0.19874065306802668,0.05507184040770359,0.0020648290019428853,0.01726215417130399,0.07550988990646884,0.14590402851909054,0.009928166833991942,0.4955184380914716
7,7,OUT,OUT,0.1490838114540738,0.038819646478372494,0.002682917504051358,0.028651438270221898,0.07439307264039573,0.184323748348119,0.006427907225888613,0.5156174580788772
7,7,OUT,OUT,0.19166321334933883,0.04098750318237494,0.0030547199986187194,0.021702012887634025,0.04007470048121853,0.1478798387928651,0.005350249325799475,0.5492877619821505
0,7,SINGLE,OUT,0.1934345161749943,0.03258257706784782,0.0019354759662583005,0.009891257724843172,0.056662855264091046,0.1504677344249448,0.004695610846456138,0.5503299725305646
0,7,SINGLE,OUT,0.1662371885543254,0.0330827825916035,0.0027870175657853224,0.012374901575826778,0.04754543183698259,0.1299320068668548,0.004117189102311894,0.6039234819063097
5,7,SO,OUT,0.16564700328667514,0.024170076486125198,0.001814928218471739,0.014548423661025444,0.08463232167838151,0.12378556927770791,0.004486458590956446,0.5809152188006566
4,7,BB,OUT,0.15904140480663628,0.052614993268669065,0.001899530010803984,0.016949885005713334,0.05221185278087158,0.1641889127375069,0.004566076209760581,0.5485273451800383
7,7,OUT,OUT,0.12454294234564232,0.02857490044606793,0.0032768380410973827,0.008467061651956655,0.03569814649430687,0.11471848719993818,0.01853172203891494,0.6661899017820757
5,7,SO,OUT,0.12788653579102816,0.04752971171750678,0.0018529581263778078,0.033555122161446106,0.08503287808808155,0.2889745519055506,0.004932926007280539,0.41023531620272846
5,7,SO,OUT,0.11132751685077713,0.046878885241476424,0.002247868560165083,0.009675690375864111,0.06046432205069319,0.30295839674824226,0.004343753126591324,0.4621035670461906
7,7,OUT,OUT,0.14619952783442972,0.050342737574406556,0.0026459764488399656,0.010541469621882089,0.05685825255247135,0.24151885424311817,0.005830338985049463,0.4860628427398026
7,7,OUT,OUT,0.1751784355319038,0.043255384423322045,0.0019834952798264117,0.03187418786208013,0.04282379930112217,0.23162217219981981,0.005208278138813519,0.46805424726311196
4,7,BB,OUT,0.154968651713785,0.03866685854654168,0.0023723187962920965,0.012339229900281794,0.03808234733686069,0.23761161502574685,0.004498163957370116,0.5114608147231218
7,7,OUT,OUT,0.141511160638502,0.021633441062750842,0.0032212293449497553,0.013308767174734745,0.057647815171829625,0.1395235029303019,0.006119949684238362,0.6170341339926927
7,7,OUT,OUT,0.1282239551953189,0.03632758305694161,0.010729521043772405,0.05990061962361725,0.06092181913875596,0.1585005965063109,0.01216990778492645,0.5332259976503566
7,7,OUT,OUT,0.16418605529914002,0.028330546129366873,0.002324696208400482,0.008594468610009284,0.07511172805250918,0.16277748094360125,0.004798311638502823,0.5538767131184701
7,7,OUT,OUT,0.1582507359209078,0.022417876635417004,0.013562240160079085,0.01024199044811193,0.05901807719539495,0.19669632012334626,0.007661368906139984,0.5321513906106029
5,7,SO,OUT,0.12832738848452008,0.026610530671376854,0.001763233461306924,0.01532245415031366,0.04794558188607461,0.11388690006899907,0.06542815927806028,0.6007157519993486
0,7,SINGLE,OUT,0.14518969893069414,0.021349452456801508,0.008006020744453158,0.009432091241792522,0.048941993431795915,0.20161408935971015,0.008081089271853876,0.5573855645628988
7,7,OUT,OUT,0.1509054625273881,0.03559406811546618,0.003774954721717662,0.008378566852758992,0.03699792102182411,0.11549393213025456,0.014244821202138517,0.6346102734284519
4,7,BB,OUT,0.1945193876026176,0.03601980483603252,0.00426027099497002,0.014955969562541457,0.04486989007982601,0.12557747186806856,0.004169774391084035,0.5756274306648598
4,7,BB,OUT,0.15320297226444343,0.043373026885430994,0.00216248705955629,0.020539116220810175,0.07580213682235941,0.2156488825025235,0.00628536407207198,0.48298601417280423
1,7,DOUBLE,OUT,0.16850778858300045,0.04058187940586242,0.0027530531084752593,0.028667097711912972,0.042872405845840546,0.15169817296978444,0.004727286470543799,0.5601923159045802
5,7,SO,OUT,0.08068205676616466,0.033341850069306476,0.0017965474739088175,0.009052481994966673,0.046789440423062004,0.2620782759703446,0.004608950311020754,0.561650396991226
5,7,SO,OUT,0.14582841502063174,0.06019055585007487,0.002024047707650867,0.015732099956810602,0.08212941768377847,0.1506985094155668,0.005790705592569489,0.5376062487729172
0,7,SINGLE,OUT,0.1498537028817989,0.03915170492822991,0.0035803733238510735,0.008302055037576578,0.03832445117715405,0.11272728537921198,0.01182857318288982,0.6362318540892876
5,7,SO,OUT,0.12699655155813455,0.0273963039329624,0.001753792468219147,0.015130202119913097,0.051565848508122555,0.1137772575786511,0.019486954006037893,0.6438930898279592
7,7,OUT,OUT,0.10580416241998367,0.037357769613083014,0.0033047219506874303,0.011955508212228962,0.057052565457480706,0.22664884175653174,0.005719397376204534,0.5521570332137998
7,7,OUT,OUT,0.17853608128451973,0.02371510524255836,0.001927284493801169,0.013077390567474588,0.058990402641707275,0.16426491885959416,0.008015009841996488,0.5514738070683483
0,7,SINGLE,OUT,0.18075920843810744,0.053721948552519876,0.0024415420277393925,0.009792276729711172,0.05163302243471416,0.12303330888318893,0.004020835712357257,0.5745978572216618
7,7,OUT,OUT,0.1832196485586333,0.021667338849837372,0.0028899643488823857,0.010098393258466324,0.08461743340072754,0.1354622371621955,0.00978743830917572,0.5522575461120818
7,7,OUT,OUT,0.13613038414671558,0.029803228376367782,0.0018633919133195331,0.008845343359514429,0.08891098054759153,0.14406670024418988,0.01661014130487751,0.5737698301074238
5,7,SO,OUT,0.14699127284434813,0.049634072209798874,0.0020069154449918656,0.00935276955057225,0.052776195188218224,0.17707791561322217,0.005566768075129878,0.5565940910737186
7,7,OUT,OUT,0.16545769670678984,0.03144585196363048,0.0020511518143221273,0.020244700556729483,0.04957870650479365,0.16214616940436793,0.006856906775840758,0.5622188162735258
5,7,SO,OUT,0.17150382115040158,0.035575147856937245,0.0021905199911395833,0.011407894568535339,0.05305345672028841,0.19362133085380767,0.0054842784768391875,0.527163550382051
7,7,OUT,OUT,0.19188539941027238,0.03460268834161068,0.01344026913713031,0.009595943552706014,0.06349451996918899,0.14390022728755036,0.004672094359885039,0.5384088579416562
5,7,SO,OUT,0.16208989296671283,0.039382620739371196,0.0020942200140820814,0.04036701910091365,0.07607957389612327,0.145504985900728,0.04664405800075766,0.48783762938131126
5,7,SO,OUT,0.16931349218921615,0.024084299871485096,0.0019278487017169996,0.015517561031811905,0.0805857686660436,0.13162288933199115,0.004665516291419521,0.5722826239163156
7,7,OUT,OUT,0.17257881478207562,0.05643764586810244,0.0018896780619354799,0.013628571195321244,0.06864826521166832,0.15521436831934554,0.004810826322351902,0.5267918302391995
7,7,OUT,OUT,0.32813473556667927,0.025358119856180923,0.0016360291984102522,0.008293860535902973,0.04074431252964513,0.12795452149185527,0.004081902016191541,0.4637965188051347
5,7,SO,OUT,0.15777898969396442,0.07799590411156546,0.001944891360105991,0.017630152750205907,0.08456795921589781,0.13620171227023592,0.012818838042808454,0.5110615525552161
7,7,OUT,OUT,0.15305417009200892,0.039937940941433166,0.002276856908402022,0.023213827695272696,0.07851410337085558,0.23635621710564073,0.006934597300751201,0.45971228658563557
7,7,OUT,OUT,0.17855257241085562,0.04111251353344436,0.0037770433632203127,0.023817901584671345,0.04843721171025088,0.1495942196938481,0.006199280949337778,0.5485092567543717
0,7,SINGLE,OUT,0.1944590904942708,0.03597830103999073,0.0019768171430731294,0.013471235243726678,0.050998010936079516,0.1771834575860627,0.004698743575266492,0.52123434398153
7,7,OUT,OUT,0.07520603648715142,0.03480496078894483,0.0016889588858187419,0.00803854178994058,0.043719177807924336,0.29627094984294994,0.004175417244577639,0.5360959571526925
7,7,OUT,OUT,0.17762631718965138,0.04839957974761502,0.0034379050032010924,0.0181515956158572,0.061587538555302565,0.15485125089380136,0.014854828670712467,0.5210909843238589
5,7,SO,OUT,0.15901914507521356,0.027822884349723475,0.0020215695321954908,0.009164966456978525,0.05370658936897608,0.19668467779316462,0.00608702045321751,0.5454931469705308
5,5,SO,SO,0.16210381756275755,0.05114717209723616,0.0019014756736314782,0.036578377816665515,0.06658374983308799,0.35492459837192863,0.0060366388666651906,0.32072416977802753
0,7,SINGLE,OUT,0.12574465773579258,0.024335839251097387,0.0023491449800117706,0.008895590147735558,0.05924241852806245,0.13033373503866558,0.005177969755608441,0.6439206445630261
7,7,OUT,OUT,0.1865254958603205,0.049304910712109615,0.0020431151135917864,0.04197252292919513,0.04462348423666621,0.15865265965497716,0.006776884857894495,0.510100926635245
3,7,HR,OUT,0.2237226171618796,0.05356129729646879,0.0036359599421936337,0.012662811450687823,0.042434517291295236,0.13771777426315726,0.006027327910839528,0.5202376946834781
7,7,OUT,OUT,0.09018993148782188,0.02636720967021513,0.0020536691650261877,0.012277508570350324,0.05127679345520938,0.3614931760546479,0.006142735361718268,0.45019897623501076
7,7,OUT,OUT,0.11881878830228021,0.02263655403556996,0.0018607358768215902,0.009874830339608873,0.040636409586389546,0.22897674088334774,0.004674886454502221,0.5725210545214798
5,7,SO,OUT,0.19103432578735094,0.04955543674382582,0.005015147741377674,0.013316288838647071,0.09154861985072978,0.14383635947528844,0.005796559389001349,0.49989726217377894
5,7,SO,OUT,0.10555222102360706,0.01916541586818689,0.0017375696541852793,0.008225529896766979,0.03963077374719287,0.36362890795525776,0.0049993565612341745,0.457060225293569
7,7,OUT,OUT,0.13133367112751654,0.02356009413424084,0.0017639406407537889,0.00842867937153184,0.036546359069936564,0.22923027796629947,0.007324604712400859,0.5618123729773201
7,7,OUT,OUT,0.14997940580024804,0.021435678284342466,0.0026992263595629665,0.010318163250440215,0.04837870025242577,0.15273140481177888,0.005139971955918326,0.6093174492852833
5,7,SO,OUT,0.11067638496162542,0.030918528634638214,0.0020317152521166382,0.0489344072088623,0.0495414273070645,0.32753027383540884,0.012481747998192093,0.417885514802092
5,7,SO,OUT,0.1627530932743687,0.03640098611261288,0.002108630630085987,0.018133074782423944,0.04640151242233825,0.13140106929777723,0.006780275504667089,0.5960213579757259
7,7,OUT,OUT,0.194759150028778,0.0252635019910114,0.002102825550462091,0.02517081416922502,0.0575865478144613,0.15257524858844215,0.004940421560080885,0.5376014902975391
3,7,HR,OUT,0.1380929828804391,0.035830585436012634,0.002279718874630874,0.04265682866391527,0.10942833564352818,0.1276142863343297,0.005317732142217414,0.538779530024927
7,7,OUT,OUT,0.16850375958189043,0.023509291622593867,0.0018093542350963374,0.00861162604489307,0.03805215705076561,0.14832024694041507,0.005192746774279688,0.6060008177500659
7,7,OUT,OUT,0.1730778994559132,0.04089331549025618,0.0018796016938302318,0.015400345500952014,0.04879589013016713,0.24519916663965077,0.006378258117858038,0.46837552297137247
7,7,OUT,OUT,0.16161620359575163,0.021808033585805648,0.003353772435361145,0.015310857994166092,0.05792029659076069,0.1894089385013795,0.005070164814355769,0.5455117324824196
7,7,OUT,OUT,0.1655812694683071,0.033222931020582096,0.002154007243133671,0.011198868974579404,0.0891871614551233,0.13229266656127484,0.005418555146978961,0.5609445401300207
7,7,OUT,OUT,0.13337348490179796,0.05241289446110787,0.002054464054828366,0.0619838187270396,0.08262310660103055,0.284051835168011,0.006790582705610905,0.3767098133805737
7,7,OUT,OUT,0.22623238426348255,0.03451335065072194,0.0041834418989282855,0.015250765737896563,0.08288286809960359,0.13058133772514288,0.005239256462017464,0.5011165951622067
7,7,OUT,OUT,0.12119959829023115,0.026844789806282007,0.0033033557134434523,0.00963242595160035,0.07252970245644551,0.12804144796829192,0.006156781783467363,0.6322918980302381
0,7,SINGLE,OUT,0.1764521624860874,0.05076429899720702,0.002060033747528971,0.052083796477215824,0.04525900346632125,0.16351015274116434,0.00723737276794464,0.5026331793165305
7,7,OUT,OUT,0.21001557927532352,0.03060354058033196,0.0027791204204399233,0.010333528462674633,0.038922727908227345,0.12235707809193302,0.005525614704511934,0.5794628105565577
7,7,OUT,OUT,0.11364152208110123,0.02632043006809577,0.0033295623188609722,0.009749285062683985,0.041861064959661305,0.18141743514850478,0.004508961487476446,0.6191717388736155
5,7,SO,OUT,0.19611882012598283,0.028487192275027315,0.002418643137023272,0.011380779022023347,0.062143604245290265,0.18915951197855363,0.005565172500473465,0.5047262767156259
0,7,SINGLE,OUT,0.1248833042699109,0.026460344785962334,0.0018478886665079686,0.008905214481424525,0.04704664042495341,0.23833356786524496,0.004292384999114563,0.5482306545068814
7,7,OUT,OUT,0.18215815331139626,0.030707859970808417,0.0019521093033467829,0.015086762740169306,0.04862985118930164,0.2303627849173497,0.006385879073958577,0.4847165994936693
0,7,SINGLE,OUT,0.18563845169651214,0.03590816824781158,0.0024529705162772523,0.011660838325948867,0.0868961586240347,0.14178890799756777,0.005860975656955499,0.5297935289348923
7,7,OUT,OUT,0.19159758864832072,0.03564149784975899,0.0031404094595358354,0.013154866198623138,0.1447383063356546,0.18994270288201318,0.005328892872640973,0.41645573575345246
7,7,OUT,OUT,0.15869563787602234,0.05488150857960826,0.002108207369338035,0.03632428807190376,0.07128283251285569,0.22627808142532357,0.007608575659996258,0.4428208685049521
7,7,OUT,OUT,0.15043546186145831,0.026736966125118715,0.0030348568014740905,0.025000826934835022,0.07113965261803898,0.21558523145673394,0.005542721175682382,0.5025242830266586
7,7,OUT,OUT,0.14743184901713727,0.035080766388595926,0.003951543849172595,0.013293426590547582,0.08217781773187241,0.18402898709477142,0.005130182373958773,0.5289054269539439
7,5,OUT,SO,0.11610877879885274,0.04879847762392004,0.0020222122721034186,0.0363238682060289,0.06363055178075437,0.36899691771307463,0.011479599547494302,0.3526395940577716
7,7,OUT,OUT,0.2146231335127359,0.03476519897813572,0.0023749150665496586,0.014219944518617193,0.056158494608252674,0.15582562645994696,0.010434598961799796,0.511598087893962
4,7,BB,OUT,0.17598278901109354,0.03659412878535914,0.0020096114572540195,0.012906086421163466,0.07016610760355892,0.2031319058510641,0.012071100823915297,0.4871382700465916
7,7,OUT,OUT,0.16833490573322935,0.047475133246021164,0.002498765988551807,0.023604299001201468,0.08658787819303833,0.190703153413371,0.012431177111522964,0.4683646873130639
7,7,OUT,OUT,0.1799605273707441,0.0424821528188993,0.002133319511298646,0.009992861316627981,0.06377633351144438,0.1635111563983514,0.020977070210029345,0.5171665788626049
7,7,OUT,OUT,0.14594207125221623,0.028011824737428685,0.0020751029737077703,0.01206583560717639,0.04563187469629121,0.15348605861163092,0.010444090708257811,0.6023431414132909
7,7,OUT,OUT,0.20604992803488967,0.03220950916764964,0.011065356244229673,0.015691151471853973,0.046268846032941895,0.1657395018340455,0.005666700637520773,0.5173090065768688
7,7,OUT,OUT,0.1683763494345108,0.02635708569232916,0.0024331362908235257,0.010042383195694036,0.0995721306248249,0.15514090181104367,0.005353563630244187,0.5327244493205296
7,7,OUT,OUT,0.14646633453957889,0.047163665871562926,0.002125106681715037,0.05731771195023028,0.08161520083004727,0.2584907741238047,0.0057763412172004815,0.40104486478586027
7,7,OUT,OUT,0.23571984427747258,0.03704003588630325,0.005242668418924961,0.015672151394819058,0.10438921523986723,0.13043437500275554,0.006366218682979111,0.4651354910968784
7,7,OUT,OUT,0.14291907774491716,0.0274986529179574,0.0017906431246506437,0.008531718336501867,0.03830807504871324,0.20639025416883958,0.006386767287169498,0.5681748113712506
7,7,OUT,OUT,0.14361337722154902,0.018043830508966956,0.002352748876186512,0.009193850342973733,0.04637841553081699,0.15084304020532213,0.005795238456327945,0.6237794988578568
7,7,OUT,OUT,0.169210656995238,0.027550579385533607,0.0018280592528576352,0.008785208326837457,0.039299296821839726,0.1583006889626908,0.005360554836029335,0.5896649554189735
5,7,SO,OUT,0.08042074496893337,0.033661733126423767,0.0018498266462230633,0.009503894952777911,0.04205255526542796,0.3067647691483032,0.004664671815193677,0.521081804076717
0,7,SINGLE,OUT,0.11147017320030633,0.02218993249366865,0.0020154553544114015,0.009125836029969237,0.045257048382162,0.2564478030100177,0.0046911649364847815,0.5488025865929799
6,5,HBP,SO,0.1135772212623142,0.0268083031428234,0.002173737206540729,0.0476993988598493,0.050563686206873674,0.37820597730407784,0.011053189016980894,0.36991848700053986
0,7,SINGLE,OUT,0.17323704085371616,0.03968080218301612,0.0022117526516575938,0.01845971027068851,0.04882592250514942,0.14028854956589343,0.009492201614132596,0.5678040203557463
7,7,OUT,OUT,0.16657710942954987,0.02869952565856247,0.0020844576511397793,0.023197649203033795,0.05888462773155194,0.15972643210428972,0.005327777855001683,0.5555024203668708
7,7,OUT,OUT,0.13129630384993862,0.04264066586765296,0.0027265033377816095,0.02971932202191849,0.10570840829850608,0.14751990737762255,0.00529240628600969,0.5350964829605701
0,7,SINGLE,OUT,0.13142569584018546,0.04521351479957744,0.0020677494813273645,0.06757414422329533,0.07153167931803808,0.26968018261096804,0.0061827264366302445,0.4063243072899781
7,7,OUT,OUT,0.16742316865878004,0.03731911202014366,0.006923992257799794,0.010018812848404035,0.05914075471514372,0.16721769576375545,0.005122530483585039,0.5468339332523883
5,7,SO,OUT,0.1322210943866805,0.030496016959859835,0.002109405715707279,0.010006793475872015,0.05318832457751927,0.34320916946875735,0.005043525736125182,0.42372566967947856
7,7,OUT,OUT,0.12666090028233665,0.030370667068642578,0.001958863675001803,0.03967985586904754,0.05593174140144508,0.142965378295274,0.02730558870873608,0.5751270046995164
5,7,SO,OUT,0.16097797005145323,0.02902326145613437,0.0022609569318432004,0.012826834600932997,0.06451553057165318,0.17821134085775706,0.007165512996888771,0.5450185925333372
7,7,OUT,OUT,0.1689773646540753,0.028865379433085155,0.0022149883178416035,0.0191594779124544,0.06378041980255154,0.1331392865218265,0.005149813220323586,0.5787132701378418
7,7,OUT,OUT,0.18301896118972233,0.04070647224489653,0.0024149014299199847,0.008917854935428297,0.045435406855237476,0.12487677317899061,0.011888182144790605,0.5827414480210142
3,7,HR,OUT,0.14369069004109117,0.030562383680584868,0.0018945314755147492,0.020686528703508088,0.11272161691367197,0.16949042573705161,0.004970710602531192,0.5159831128460464
5,7,SO,OUT,0.112380868712745,0.03793856636608261,0.001981500882795916,0.018507666007348388,0.09086622226553853,0.198848899890044,0.005009690624131618,0.5344665852513139
0,7,SINGLE,OUT,0.19963701667141598,0.036966365130043616,0.0022729923379598287,0.009099306296779455,0.0638525476668013,0.12909713372765996,0.010286732189611113,0.5487879059797287
7,7,OUT,OUT,0.12902001381907724,0.024767705716778044,0.0019229044887210912,0.009620602668475853,0.06014749107130803,0.21875740575653232,0.0046449537002699395,0.5511189227788375
7,7,OUT,OUT,0.13989353431972443,0.02738127768316788,0.002000110956876736,0.009906849414155391,0.10520197292105626,0.2403688229896264,0.005056911819120332,0.4701905198962726
3,7,HR,OUT,0.13762542272364842,0.026833162334733394,0.0018605768460091263,0.009768392863391524,0.12946060586181288,0.15523464048631488,0.004511376935456796,0.534705821948633
5,7,SO,OUT,0.12136895560894569,0.040073447836045474,0.0023818238333191935,0.053906752777129,0.1085058554184035,0.2727439102803591,0.005477714843756238,0.39554153940204184
7,7,OUT,OUT,0.08422047378343674,0.02065463545987807,0.0018182294428827593,0.008699233710233406,0.03981228984310178,0.25202245113788996,0.004594310475710791,0.5881783761468665
7,7,OUT,OUT,0.10765140209812264,0.02333831453539932,0.0018978614407586586,0.00916487823164164,0.044916847349812855,0.22743107120765035,0.004764366394596585,0.580835258742018
7,7,OUT,OUT,0.16906324755726662,0.04025326828790307,0.002405547592153207,0.019965641123218695,0.052791264401693495,0.16700977121215493,0.00787563133739839,0.5406356284882115
7,7,OUT,OUT,0.13332715437283005,0.02626257588482903,0.0026111220802529415,0.020513826835969532,0.07939965122989569,0.14144506815993382,0.006407056325809523,0.5900335451104795
7,7,OUT,OUT,0.2090896959673931,0.020808602565015863,0.0019927780272122335,0.008758487437309186,0.06953403475956813,0.12201894603168378,0.004462622421511457,0.5633348327903062
7,7,OUT,OUT,0.22614462935979146,0.024093827514621774,0.0022831538809206906,0.009591679595224896,0.09205546384958006,0.14497611664852597,0.004978993966169475,0.49587613518516577
7,7,OUT,OUT,0.1323035605222646,0.05567337683650355,0.002027202293823442,0.010482640685135606,0.09151609059908704,0.2579240754125404,0.005401234782663672,0.4446718188679816
0,7,SINGLE,OUT,0.1329049382730877,0.028660364464695744,0.002049243336363485,0.009218278239597512,0.0915515420570932,0.12723393450462528,0.004489738191990383,0.6038919609325468
4,7,BB,OUT,0.18496653917260156,0.06640787954183536,0.0022816024436065944,0.012177033921675415,0.05579665866251743,0.13136275515993084,0.005948383405701612,0.5410591476921311
7,7,OUT,OUT,0.14634703548320196,0.029756699675580308,0.0021593274588654577,0.029387594131808935,0.14926004809244744,0.1858150552715835,0.005257632085425133,0.4520166078010872
7,7,OUT,OUT,0.12154801206088049,0.034345316358209727,0.0021640680043542083,0.029461858322824896,0.08283008684250957,0.22736845256461433,0.005250192392395837,0.4970320134542109
5,7,SO,OUT,0.10735740056235128,0.021254340615039745,0.001924850478130696,0.009257009960387832,0.04910084498283284,0.27270903152126036,0.004567015138240003,0.5338295067417572
7,7,OUT,OUT,0.12057611211592492,0.021572490821835825,0.0019050218358086406,0.009028084023936149,0.06657285456339174,0.20963497181734844,0.005470430608832461,0.5652400342129218
5,7,SO,OUT,0.1548028075562847,0.0389991971103572,0.001917081765590875,0.010441120232265826,0.07026813273467328,0.23942600763847957,0.005356959342828741,0.47878869361951987
7,7,OUT,OUT,0.12199949400934366,0.020756880087062515,0.0018237838155990913,0.009045796862161634,0.05067005006642336,0.19510914326245396,0.0043746489586435336,0.5962202029383122
7,7,OUT,OUT,0.1177782247207046,0.03351096500264153,0.0019191831460714987,0.009587877840033737,0.08047199780501169,0.24806418204670364,0.004606349303023793,0.5040612201358096
4,7,BB,OUT,0.13143069406412944,0.03472829002427247,0.0019029119278842156,0.013490391410144735,0.06442224938526894,0.1602357066281107,0.005166120389334215,0.5886236361708552
0,7,SINGLE,OUT,0.08646472373748465,0.028357617542115736,0.0028762102940473244,0.024718743719373194,0.09777190745803761,0.18209529975218827,0.04714871012962484,0.5305667873671284
7,7,OUT,OUT,0.16304812616159212,0.029069282928522577,0.001895773619571421,0.01462820075669067,0.07765999427263715,0.12554433643046037,0.004557046624261009,0.5835972392062648
5,7,SO,OUT,0.12833183782370317,0.035560172003260046,0.0024310583036368225,0.018265303622675547,0.09278836517624627,0.17886696893844153,0.007373382233660354,0.5363829118983764
0,7,SINGLE,OUT,0.12246715994043962,0.04025895683832857,0.0025498107559458407,0.012123297533600244,0.0729925901225005,0.22905882089452423,0.00635048803811842,0.5141988758765426
6,7,HBP,OUT,0.11964408484809248,0.03450084961892488,0.002052328998471306,0.026966485474148243,0.11823591836750227,0.1715671608432085,0.006901361956787967,0.5201318098928644
7,7,OUT,OUT,0.13312073763811272,0.030921286265153128,0.0021140161594787005,0.026046841851812094,0.12673874322769038,0.2341613459378083,0.006184456134794925,0.4407125727851499
4,7,BB,OUT,0.09983799222246115,0.05257997478628714,0.0019837093488796306,0.019917932562273075,0.07933648327338604,0.25461358460829325,0.006045679812477462,0.48568464338594214
5,7,SO,OUT,0.11710465196460301,0.029218759922625518,0.006056300782909444,0.012024947165179043,0.04345920591685518,0.14844381143960053,0.004693287966657583,0.6389990348415698
5,7,SO,OUT,0.11662561421504193,0.033400761963629164,0.0020472372039454364,0.01731988750424368,0.06337334815033567,0.22311791152539875,0.005905432703543651,0.5382098067338618
7,7,OUT,OUT,0.1201355998794941,0.05866516244916109,0.002624228523460405,0.009924784902104349,0.06332218454538886,0.2514074861301812,0.004670515341418053,0.4892500382287918
5,7,SO,OUT,0.14244418388335292,0.03712410028103834,0.0017177920606912993,0.033018380461836486,0.09622585581934333,0.1295160524914119,0.005050326427494818,0.554903308574831
5,7,SO,OUT,0.12595233493127284,0.038827687190046443,0.00214170027525184,0.04191233924899661,0.09991280227797344,0.1969934929281778,0.022214185056618825,0.47204545809166226
0,7,SINGLE,OUT,0.14522722948315275,0.04026521834232253,0.002021346704923926,0.019661394152137357,0.11918806335010637,0.1736564790100784,0.008320975124591665,0.491659293832687
7,7,OUT,OUT,0.12923646785459209,0.02877675622285355,0.0019991346177494,0.018668804676422436,0.13440672694482325,0.22222445734453494,0.006426142917244237,0.4582615094217802
1,7,DOUBLE,OUT,0.10396115548784204,0.04572440813447742,0.0020117704587581807,0.01842776745296684,0.08677268922307667,0.24894038346975655,0.006324535405888256,0.487837290367234
7,7,OUT,OUT,0.14662107492345341,0.027754693886921093,0.0020664696095075256,0.012908519969443633,0.04259471201591116,0.21825034797164342,0.0051772224232090255,0.5446269591999107
4,7,BB,OUT,0.1123423478948947,0.03909143256002266,0.0019423686331218545,0.03093943773152138,0.05289544649693387,0.3373928330723033,0.005629320911036566,0.41976681270016575
0,7,SINGLE,OUT,0.12287117220768116,0.031492710690969754,0.0018685010101090304,0.024881630982042238,0.05711624556398787,0.3034514539705563,0.00435433698583964,0.45396394858881406
7,7,OUT,OUT,0.1079858154835025,0.03369066069838412,0.0033839428930765234,0.009432666186682957,0.038799879676883905,0.21411223209098104,0.004273991100137473,0.5883208118703516
7,7,OUT,OUT,0.15744842816689888,0.04554485820777036,0.0026864181761322363,0.009811392087838457,0.04474782950478456,0.2298722867533488,0.005745529537329683,0.5041432575658971
5,7,SO,OUT,0.12452354805229826,0.03898131845421918,0.002547748897416383,0.033936303542164106,0.0996135613887019,0.322452144621399,0.00497019145812241,0.3729751835856788
7,7,OUT,OUT,0.13744020351477623,0.04005131183589422,0.00291514756521135,0.018112305408652923,0.08916308468356843,0.20506811240059925,0.0074661604035248935,0.49978367418777286
5,7,SO,OUT,0.20690716039968995,0.023492042980386516,0.0021380601218564475,0.009782337853253179,0.07505753123694536,0.1664152448458583,0.004551165448391018,0.5116564571136192
5,7,SO,OUT,0.1314533935990563,0.028256974609025303,0.001926995155315876,0.009438836640523859,0.05405989708720477,0.2255415684380537,0.004675035758703958,0.5446472987121163
7,7,OUT,OUT,0.09187790637334188,0.024696209806575286,0.002014618251096304,0.009588506350386466,0.08316608305181682,0.27302088782338624,0.004868574009142353,0.5107672143342546
7,7,OUT,OUT,0.14660353496095432,0.027049749850566247,0.001825010887499474,0.009825676588162418,0.06828017284194283,0.29254866065257357,0.0051725441750411745,0.4486946500432599
0,7,SINGLE,OUT,0.1467785851683546,0.03799876562132486,0.0019553705982175,0.014046403705087652,0.06610603481265959,0.2805289832163611,0.004764839940155632,0.447821016937839
0,7,SINGLE,OUT,0.14154122539271716,0.026388344063330862,0.0024151484063607968,0.024618251246749538,0.09042844070375236,0.15273173759282732,0.008507965028586023,0.5533688875656759
5,7,SO,OUT,0.1530735589365971,0.021971686106846425,0.0024370330634233004,0.008598415656815624,0.08455876080280393,0.11677645253797429,0.0045860203713716866,0.6079980725241677
7,7,OUT,OUT,0.20024896648153848,0.027377734518730806,0.0025009804639618692,0.009876582725637155,0.10600159290278752,0.14663967671778372,0.0051854668066044695,0.5021689993829559
7,7,OUT,OUT,0.14103409484292695,0.03143575485753575,0.004971394447635795,0.009482018782990374,0.05686060698004684,0.14011074616913924,0.009860311931588034,0.606245071988137
5,7,SO,OUT,0.16897328774376494,0.043348070409934686,0.00302710936673288,0.01512111403779493,0.054074970512576356,0.18266131069068337,0.014344034417551948,0.518450102820961
7,7,OUT,OUT,0.14709568216604402,0.030085522845014222,0.0020704787621773696,0.010608166624154671,0.09430497389296241,0.18788803360774078,0.005450974555305688,0.5224961675466008
5,7,SO,OUT,0.10006163213449545,0.02484276185542994,0.0019241858561330778,0.015884145010349796,0.04551511358322853,0.3477321834250718,0.009013130138258626,0.45502684799703286
1,7,DOUBLE,OUT,0.13042655907042178,0.029380905254374645,0.002169517475682641,0.017515985793989317,0.06996928260601296,0.2907919938024491,0.006345874290394298,0.45339988170667533
5,7,SO,OUT,0.16141886651202406,0.02677066793608944,0.002057553733728166,0.014819126135088855,0.06479495567371638,0.24596090192031217,0.007135278532294292,0.47704264955674675
7,7,OUT,OUT,0.1572790762660392,0.04812976234706105,0.0020373124947317316,0.013730485341266705,0.10240232687479599,0.21815546193648477,0.011914300633020876,0.44635127410659975
7,7,OUT,OUT,0.13913073468956152,0.042993415050660226,0.0021218988210157034,0.018346114352255683,0.12908325813863739,0.23330870046784621,0.007243681150572728,0.42777219732945043
7,7,OUT,OUT,0.11139855601317884,0.032293631259321366,0.0025107040675584912,0.03429342550407894,0.1038931565141233,0.2805031630083457,0.004774748556347656,0.4303326150770458
5,7,SO,OUT,0.1913469096458988,0.028074702896814314,0.0029141954699155423,0.017802689235987816,0.04799988463741103,0.19664396326326294,0.013588982406746003,0.5016286724439635
0,7,SINGLE,OUT,0.261556537342269,0.023789793013075884,0.008030594286204853,0.009908686498055423,0.0798264507328372,0.15059626357398812,0.006335378903568444,0.4599562956500011
0,7,SINGLE,OUT,0.18005856466163267,0.02421203652225466,0.0023344842049549033,0.010075024634448803,0.11235556836953951,0.1937851309982904,0.012268015836529658,0.4649111747723494
7,7,OUT,OUT,0.1832565789309221,0.027204697005650834,0.0035324286812247864,0.010114331060679929,0.05547101749646283,0.15583112041596625,0.005561056842200121,0.5590287695668932
7,7,OUT,OUT,0.1740506810731287,0.041369689909728995,0.0021784008179024273,0.013777882584744806,0.15324764828664372,0.1396030681790916,0.00672226664238347,0.46905036250637633
7,7,OUT,OUT,0.11776662273696888,0.017924006436740077,0.0017061365309457082,0.008971797706921131,0.03747171185755075,0.2153899117436857,0.0051614406531929205,0.5956083723339949
7,7,OUT,OUT,0.10022366373466418,0.020505053537639678,0.0019135938683312733,0.011633418419578889,0.045010690554347234,0.29941979593937834,0.005422697702599955,0.5158710862434603
4,7,BB,OUT,0.11402542591518679,0.020023929236612937,0.0018517278151248368,0.010317666971478684,0.044393170407987285,0.32798613964530765,0.005810625939095722,0.47559131406920613
5,7,SO,OUT,0.09866729055875051,0.020313099477322193,0.001960720240998979,0.009839949443995176,0.04445957642050924,0.25219109406262735,0.005296290481719939,0.5672719793140766
0,7,SINGLE,OUT,0.14238812208186738,0.024096197846347988,0.001920803320816622,0.0092213715209142,0.0421615632056792,0.2543557771535453,0.005030137778566521,0.5208260270922627
0,7,SINGLE,OUT,0.1173815422709059,0.026913792296205108,0.0026912851656105824,0.017989660062908724,0.04910237393069513,0.16971987681348655,0.005183144174115175,0.6110183252860728
5,7,SO,OUT,0.13973821126416555,0.03762888650049133,0.0019256061692740723,0.009222329030031277,0.05327345223181857,0.17693230783206032,0.0046147825117626344,0.5766644244603962
0,7,SINGLE,OUT,0.2667515944187928,0.033530317465848655,0.0017829886547534074,0.008293926396226212,0.07936615466889871,0.17530011489359532,0.008543425036328206,0.4264314784655567
4,7,BB,OUT,0.13696930714420721,0.04036638045112991,0.0019919315964889916,0.02994051947918555,0.09729649533913114,0.1869929227547679,0.005059744011197562,0.5013826992238918
5,7,SO,OUT,0.09969074823657663,0.051491329955519624,0.0019326311692486604,0.038202460911201816,0.0696821491099283,0.2282735157857041,0.0047721978143074354,0.5059549670175134
5,7,SO,OUT,0.16993800227696146,0.033422573713141716,0.0026046162174730727,0.009670530417717083,0.05017732631194996,0.12292697369079263,0.011454306769153814,0.5998056706028103
5,7,SO,OUT,0.117197178505689,0.02844600991020531,0.0035508771835456093,0.01042663624803166,0.06810624435501203,0.2654249910600471,0.004962135820681269,0.5018859269167879
7,7,OUT,OUT,0.1851658634879371,0.036793689782434504,0.008012156599739076,0.010204058018611486,0.052037239725067616,0.13778238484042457,0.00781753052610794,0.5621870770196776
0,7,SINGLE,OUT,0.16463304915903626,0.04198116112041587,0.003662242287575251,0.012329204634098919,0.053743921797841626,0.18494971653884276,0.015198321011617683,0.5235023834505717
7,7,OUT,OUT,0.11532638666697412,0.024341564310451265,0.001787411757534241,0.008623004414064397,0.1312842489166236,0.2394141833602714,0.004366906098424642,0.4748562944756563
5,7,SO,OUT,0.14975861166588283,0.027797041422183158,0.002087236382186383,0.010774122007052507,0.10881766733258422,0.17802435055690483,0.005685925615643462,0.5170550450175626
7,7,OUT,OUT,0.12302880368614577,0.04409812814738403,0.0031197219539125932,0.03139959816938157,0.08136634974980347,0.3013883790718838,0.005493603153529236,0.4101054160679596
7,7,OUT,OUT,0.13199209295958142,0.030361764660900147,0.002073459890875409,0.009261410503263517,0.057323062499899484,0.12117964210672068,0.006015657765954112,0.6417929096128053
0,7,SINGLE,OUT,0.18152782927698244,0.034456655022110004,0.0032874820140017724,0.009171471287230563,0.04392205487334056,0.1260028116466508,0.008940413952568038,0.5926912819271158
7,7,OUT,OUT,0.1255263718086883,0.04044975695922892,0.0019229283893496085,0.04114268878082465,0.08275836763938126,0.2151881750484459,0.005036984906647313,0.48797472646743395
0,7,SINGLE,OUT,0.18217259550646683,0.03715633468385662,0.011727460846231809,0.010200577595239629,0.06052502622530923,0.13852546655553677,0.009702844701726422,0.5499896938856327
7,7,OUT,OUT,0.1336357454823233,0.027249628137188384,0.003504391150334441,0.025881891671195964,0.06709928726635768,0.1570497697134515,0.008807789584857588,0.5767714969942912
7,7,OUT,OUT,0.18773357902658153,0.020975946599254454,0.001937931103815254,0.008505716904652717,0.06185852871394345,0.11823956019430272,0.004746850927696257,0.5960018865297536
7,7,OUT,OUT,0.11288730024109282,0.030824101330254046,0.001980776273666671,0.021848386486472464,0.10004864889945102,0.18200852557414215,0.00511876874150622,0.5452834924534147
5,7,SO,OUT,0.08553486648628088,0.023985804797023582,0.001930695789294078,0.009638876817889679,0.04255873268390355,0.23782717715174528,0.004880275584853966,0.5936435706890089
7,7,OUT,OUT,0.12786351905015056,0.034807285534101555,0.0023297817591703416,0.01004065343861117,0.07291920532448944,0.13189238004761483,0.0049209342129914735,0.6152262406328707
4,7,BB,OUT,0.15217386680479908,0.02798865283424062,0.0019811292363115713,0.010292314934615287,0.10422707572730605,0.18402961724682698,0.0053347768400123915,0.513972566375888
7,7,OUT,OUT,0.23845908259787146,0.022752344692785597,0.0024193077780731258,0.008911996237000524,0.09667647036371833,0.13763769961807082,0.0045661517492614065,0.4885769469632186
7,7,OUT,OUT,0.12240281909849321,0.021822677504639038,0.0018669616591541736,0.009521176772598129,0.06335910834988281,0.1968841923178941,0.004503844751187221,0.5796392195461513
5,7,SO,OUT,0.11880933036699112,0.024338623786503418,0.0018663506134479957,0.008916133444600053,0.06056964148178985,0.21255504142273815,0.005257972675780064,0.5676869062081493
0,7,SINGLE,OUT,0.14492173652424692,0.034818494928495515,0.0018950256601654165,0.009394390891334594,0.12490333351243467,0.2102531709155854,0.00530729783259338,0.4685065497351441
5,7,SO,OUT,0.15955904668429105,0.04385137460524535,0.003452335241292163,0.011829564707779742,0.053120945777428014,0.16842299291067808,0.01528209706132394,0.5444816430119618
7,7,OUT,OUT,0.11873891825497591,0.03695032524588593,0.001934852987537737,0.013299852981473634,0.05886882212047714,0.263806488377388,0.005598562513719254,0.5008021775185423
0,7,SINGLE,OUT,0.1313756927788072,0.0262615337770571,0.0020549073675410214,0.009780261015902585,0.050816266249485494,0.3096029627141738,0.00551116126731014,0.4645972148297228
7,7,OUT,OUT,0.08264926602617725,0.020863989305675533,0.0020188907303781258,0.009123336077593708,0.04781721105132729,0.33273511016801466,0.0044761791374512555,0.5003160175033822
1,7,DOUBLE,OUT,0.15379674433029042,0.026191297931244837,0.0033653910597816585,0.010777640673424705,0.07476758821932061,0.1394716726252528,0.016862887233874364,0.5747667779268106
0,7,SINGLE,OUT,0.17247530910583247,0.033786880127946485,0.002300550142392099,0.01549312395176434,0.06378886251992646,0.11435907724430519,0.011587327349375622,0.5862088695584574
5,7,SO,OUT,0.1394956374165044,0.027077357820022237,0.0020617626957684988,0.010950166764898274,0.07988041483927266,0.16885130317675337,0.005973753627441684,0.565709603659339
7,7,OUT,OUT,0.16874977822615683,0.03010682973350978,0.002095941096701034,0.01750713724776688,0.07663656651914931,0.12790063411818964,0.009739914434093833,0.5672631986244326
0,7,SINGLE,OUT,0.21102253202622917,0.04740019804238646,0.004337540748256976,0.01573822832929892,0.04302563086782599,0.14119451908852804,0.012641276619493338,0.524640074277981
5,7,SO,OUT,0.15072799959038005,0.030416998209599352,0.0019497760403974255,0.036384576119906774,0.07914785405802459,0.2545805594993963,0.007844717749625701,0.43894751873266974
7,7,OUT,OUT,0.21032376122252702,0.03523455845313453,0.00241936204250574,0.009901856301460286,0.07784082248694747,0.18916828221203952,0.004737928846299549,0.4703734284350859
7,7,OUT,OUT,0.218122138973824,0.021303316714709294,0.001770162972316081,0.008395253948927057,0.03776340031211338,0.20737111624008123,0.004305159562769033,0.5009694512752599
0,7,SINGLE,OUT,0.21341779695455265,0.024082151070342065,0.003730335884317306,0.011130008174797937,0.038382597381830454,0.16056152543054422,0.006809895673042011,0.5418856894305734
7,7,OUT,OUT,0.13679342547051435,0.027121732324017187,0.002061021900808511,0.013476327859009374,0.09014988009133999,0.12971570118076697,0.012071029427457263,0.5886108817460864
7,7,OUT,OUT,0.17930730869213488,0.017866017679819206,0.0018752495396075004,0.008604902326798732,0.07877757338713558,0.10880303669960742,0.008984161104673125,0.5957817505702235
7,7,OUT,OUT,0.1393609987805556,0.035211879942805946,0.001980038903311705,0.019424140051426998,0.04955518791366679,0.17486467073784911,0.005576281656018047,0.5740268020143658
0,7,SINGLE,OUT,0.18881321776206633,0.026275637627897086,0.00250907903166391,0.010663856439582176,0.08050654617573128,0.22508076260153265,0.005161823891090474,0.4609890764704361
7,7,OUT,OUT,0.15842837248521657,0.050759163404711316,0.0020481771366375784,0.0123319308211796,0.06895515888015885,0.17482793086592704,0.005079440978784499,0.5275698254273845
7,7,OUT,OUT,0.15516027174176236,0.022752198943596712,0.0025346754286464305,0.018673857183481635,0.038656682184998396,0.16113078455840107,0.009576130486741765,0.5915153994723715
5,7,SO,OUT,0.20877924190138658,0.024995975058161056,0.004417208347344152,0.029471228517307168,0.072114451937761,0.18695100692831737,0.04800241668315935,0.42526847062656337
5,7,SO,OUT,0.2207210393845704,0.024874334366626616,0.006231253101451042,0.010207140183513225,0.07372535385049254,0.15186730524922956,0.0830813676531197,0.4292922062109968
7,7,OUT,OUT,0.14917176034359592,0.02539773213692727,0.002621165828570771,0.009456217766030627,0.06826110772178089,0.15219639170725127,0.014056510069017059,0.5788391144268262
7,7,OUT,OUT,0.17895957819490868,0.04764720654065922,0.0033171979742929658,0.009257825761285586,0.07431185467217953,0.1683474429715827,0.004836725379837768,0.5133221685052535
7,7,OUT,OUT,0.15635872571806173,0.027677236502460966,0.0032402555640975664,0.019974526877225215,0.052537930998717675,0.22114736203734256,0.00560130469505366,0.5134626576070406
7,7,OUT,OUT,0.18209452328317158,0.04594164410375403,0.0017978419070412378,0.023782266156220266,0.07108172224657511,0.12437614174991755,0.004315196648808315,0.5466106639045119
7,7,OUT,OUT,0.1755440027643641,0.03742614535539875,0.0019712466030511505,0.08730337897643442,0.11339383614141575,0.1626097604133696,0.006126815882795219,0.41562481386317096
0,7,SINGLE,OUT,0.1325390258311452,0.03650347112638381,0.004398740856012527,0.014143585696828003,0.10109979181528854,0.1282750132329769,0.008491959874844503,0.5745484115665205
0,7,SINGLE,OUT,0.14947562796575242,0.03184441477970669,0.0027577452218448617,0.009754208189812636,0.05464906409721383,0.32417723664021597,0.006574623774215082,0.42076707933123847
0,7,SINGLE,OUT,0.156304299760944,0.050166284877889496,0.0019479504151338916,0.01744416217672093,0.09278628893525177,0.19187833301997662,0.004671127934413345,0.48480155287967
7,7,OUT,OUT,0.16601757144978385,0.02963144133151276,0.01435529802617396,0.007967910655676112,0.06804230282962809,0.10072510880045477,0.006954637613760806,0.6063057292930097
5,7,SO,OUT,0.1748523775993891,0.028072225445107242,0.0035262212557486136,0.010065411344775753,0.04823108709616226,0.1635027223831445,0.011766017373781591,0.559983937501891
7,7,OUT,OUT,0.14240548177892084,0.031125950521211494,0.0020916019467475937,0.013475581766194606,0.07053979309551915,0.2576480030764735,0.007424320123214308,0.4752892676917186
7,7,OUT,OUT,0.15074491527580972,0.03753811956064494,0.002092653329233517,0.033317101879734336,0.06731451157261746,0.21764840470814198,0.005091622119006495,0.4862526715548117
0,7,SINGLE,OUT,0.15210591604984242,0.034515752262626535,0.0039222315875382125,0.016893964859407525,0.06128569056736013,0.20754122403049474,0.0049443066150203436,0.51879091402771
7,7,OUT,OUT,0.20034512620260012,0.024935374324044288,0.0018718987101236202,0.012086316898991591,0.06445753886607417,0.17871462300029786,0.004730454037501521,0.5128586679603668
7,7,OUT,OUT,0.15139576053119216,0.0392250948764679,0.002193837209277186,0.012097356695749106,0.07891158696701425,0.24339199537947678,0.008340047847127977,0.4644443204936946
7,7,OUT,OUT,0.12398839658514461,0.02889993796128336,0.0025314245871702664,0.016669021083357157,0.10798007134570024,0.18070717120105395,0.004958949480409567,0.5342650277558808
4,7,BB,OUT,0.16308242919417157,0.030881485798185827,0.00666677471899055,0.010253911039317233,0.05943703228239465,0.17429757704136667,0.004969299662463618,0.5504114902631099
7,7,OUT,OUT,0.1957212137341137,0.03438289028791308,0.0031516278676507613,0.012559793466289325,0.05526592241138208,0.19014791451468696,0.004950262298877316,0.5038203754190868
6,7,HBP,OUT,0.1978719925289023,0.034659689848832456,0.004467071683754035,0.03942906930545577,0.10645708553853112,0.17969101105943294,0.004583737884328154,0.4328403421507632
7,7,OUT,OUT,0.21858405992043597,0.023915978250843364,0.0029037403928968987,0.011796566282575634,0.06583741426589437,0.16015779192379775,0.005144313721707999,0.511660135241848
6,7,HBP,OUT,0.16465235442328224,0.04287246230136108,0.002517358498190391,0.031577093191390924,0.07514791546862754,0.1343858686153563,0.005893718844522543,0.542953228657269
7,7,OUT,OUT,0.133402542979469,0.03620049669787596,0.002313430733906948,0.03404441356415166,0.07928906129401184,0.2283664974624447,0.006621081892530151,0.47976247537560973
0,7,SINGLE,OUT,0.27689369025123783,0.026781230759898685,0.0018135523703167538,0.019761685914473446,0.09056097740232498,0.12681722583948787,0.006163510629234986,0.4512081268330254
0,7,SINGLE,OUT,0.21417164709113326,0.035124590515963415,0.0024891732853760504,0.009651945248813912,0.07577094941259498,0.1879423994805458,0.004767517762700455,0.470081777202872
7,7,OUT,OUT,0.18241203249473065,0.021755985047632848,0.008223418990633264,0.011274025283671708,0.04077576022026134,0.15550318437054556,0.0072804756893288585,0.5727751179031959
7,7,OUT,OUT,0.22688985889321137,0.029335573886842062,0.006203510858494362,0.01120313500967755,0.0924661331651965,0.1340031849225389,0.0050494116865123185,0.4948491915775271
7,7,OUT,OUT,0.21237899035448404,0.03417579221374815,0.0033724126129046263,0.011817801038497971,0.07621477498523904,0.17057332538656178,0.005321823223257682,0.4861450801853068
0,7,SINGLE,OUT,0.2760783141013121,0.032112289570171045,0.005166795578617811,0.013691416602519518,0.046369981166521655,0.1624111662840808,0.004744815640575961,0.4594252210562011
0,7,SINGLE,OUT,0.1976683090745488,0.03239875346044913,0.0030300793731893364,0.0130388451955387,0.05186518717757424,0.2123229247370238,0.004875773958945776,0.48480012702273034
7,7,OUT,OUT,0.15763375282264186,0.042303247113468924,0.005202251190247501,0.04910962801187958,0.08087748156989197,0.20381900106532264,0.004658777077622269,0.45639586114892516
0,7,SINGLE,OUT,0.15593541785357776,0.018959061319086676,0.0018702865252611086,0.009549460048597705,0.08874479838423134,0.11831293169399082,0.008261372693376545,0.5983666714818779
5,7,SO,OUT,0.07584962179312149,0.028779643406749617,0.0038751184114833373,0.008578318792516745,0.07296622994093055,0.26482461595069506,0.0042166786869011754,0.540909773017602
7,7,OUT,OUT,0.10512035039836612,0.04196183782686982,0.0036553980161171964,0.010485010100709794,0.05699964915530766,0.2252936867457541,0.02223682071113061,0.5342472470457448
4,7,BB,OUT,0.19844255232472965,0.028977303779726044,0.006076525618758258,0.010534177831489818,0.048054704136670096,0.16335341601710812,0.008140120450902061,0.536421199840616
1,7,DOUBLE,OUT,0.20550308120385677,0.02456116036132296,0.0018937703849477812,0.011920319807661806,0.06575302142095575,0.19922439913971987,0.00472643864012869,0.48641780904140636
5,7,SO,OUT,0.21912875515375224,0.023060900384712993,0.0018975431703722398,0.00892768890248801,0.0436698786095872,0.23990239069836342,0.004961990733885821,0.45845085234683813
5,7,SO,OUT,0.1895350542459514,0.03318549531592863,0.002226544923580959,0.010489916835808074,0.05633929867871232,0.17922603987233762,0.004834178411333492,0.5241634717163475
4,7,BB,OUT,0.1469093234879878,0.02655695642819312,0.0022296687420013386,0.06950418372270149,0.07028067929472827,0.23423869602700695,0.005869774497174276,0.44441071780020686
7,7,OUT,OUT,0.2085874552768805,0.03927510585422944,0.0070185330647593675,0.008828818406604235,0.0413100141484027,0.16251602836567952,0.005089601177036852,0.5273744437064074
0,7,SINGLE,OUT,0.19414130472780006,0.028238853350243162,0.016484371238864794,0.01119489107507474,0.0647984788486171,0.17774144271868314,0.004940727290815119,0.5024599307499019
7,7,OUT,OUT,0.2560270838825256,0.026348571883903455,0.0032801717172902325,0.030349484109641278,0.06521501950459047,0.1321856924791317,0.005512155695005668,0.4810818207279115
7,7,OUT,OUT,0.15653135284590308,0.03342261425942838,0.0020455725990576575,0.022676773855934525,0.1301724088933236,0.1281845329980909,0.005476840752774247,0.5214899037954875
3,7,HR,OUT,0.16142689430140506,0.02754797911920328,0.0021343941818473874,0.023021073630909692,0.08818185140818395,0.16365888641925924,0.0066327436984707335,0.5273961772407206
7,7,OUT,OUT,0.13234060679514068,0.04212168879290087,0.0022927611893147778,0.042326318002147166,0.07396023315053601,0.1780053207614533,0.005830942273438289,0.5231221290350689
1,7,DOUBLE,OUT,0.14364700012798515,0.03135405985389779,0.0024298366467302786,0.06571862284817233,0.07793546592815716,0.25553005014403435,0.006052244524000043,0.4173327199270228
5,7,SO,OUT,0.13768947861336064,0.04465476517245718,0.0021416427438590638,0.04411794061330573,0.08278335643893323,0.20500496693136563,0.005636543284772916,0.47797130620194545
0,7,SINGLE,OUT,0.10279909974394229,0.024849547879320793,0.002367974900885542,0.010921110646070212,0.06995757599510667,0.21769365883732827,0.006765890636751467,0.5646451413605947
5,7,SO,OUT,0.131017235662057,0.02683714735937881,0.002517924321546866,0.026611131580968634,0.055476692316158455,0.2447198986613638,0.03663169742548507,0.47618827267304137
7,7,OUT,OUT,0.15831839194741743,0.04660658988119752,0.004351031921008885,0.012131223984786029,0.06805607640953769,0.20240218793885242,0.00885121080691498,0.4992832871102849
7,7,OUT,OUT,0.1160646057382905,0.02274469568553997,0.0023412576108022623,0.011844866609990977,0.05433406320681298,0.14846690005762786,0.005051020452108776,0.6391525906388266
4,7,BB,OUT,0.17356363758174187,0.03108782981658382,0.0025854493346519625,0.014195219015750781,0.06616168764390096,0.22839941314982984,0.009152830181902584,0.47485393327563824
5,7,SO,OUT,0.17084092768611192,0.042441303496906314,0.004151568227379692,0.020002557535022406,0.08423143180760205,0.14788855423431954,0.006667936315504535,0.5237757206971535
7,7,OUT,OUT,0.1306446636037769,0.03199023780871708,0.002713862386799802,0.01350925723439715,0.08543026158368337,0.20187947949368562,0.025099018917770284,0.5087332189711699
4,7,BB,OUT,0.14019718761969108,0.03465814121844254,0.0023647712005417693,0.0186872945334312,0.06736567593335034,0.18782963672596278,0.035487709632748096,0.5134095831358323
0,7,SINGLE,OUT,0.13754830351830583,0.039457100454107205,0.003909930463260245,0.013600792246957141,0.10194820915874814,0.210088552478912,0.00511706004329733,0.4883300516364122
7,7,OUT,OUT,0.12581508105734918,0.055915222514241775,0.00252402995702076,0.010943287330904678,0.09005834165768695,0.2417295434292807,0.005238709087118295,0.4677757849663978
7,7,OUT,OUT,0.17721349097705028,0.02585840606805942,0.0028724960118949082,0.017299810849858894,0.07105217052528977,0.22223383746096792,0.007001317504254336,0.4764684706026245
5,7,SO,OUT,0.14368591461865127,0.038585589501392514,0.0020711710230523735,0.030049202475575326,0.08252683550681628,0.13046677858598435,0.004666609997671716,0.5679478982908562
7,7,OUT,OUT,0.1533035582641115,0.02817976277101721,0.002067769837127881,0.027764839620614132,0.11941676388696955,0.1660697350752506,0.008114526937539356,0.4950830436073698
3,7,HR,OUT,0.14769710974499264,0.033670850751659744,0.0021679388234662313,0.05099358156620637,0.07161950132289004,0.18107999814597794,0.006366107183950682,0.5064049124608563
7,7,OUT,OUT,0.14701385157025687,0.035204420166312145,0.0021118870114554,0.05298443415967743,0.11145322663648989,0.1960213345552882,0.008957176121649474,0.44625366977887065
5,7,SO,OUT,0.17973807432252964,0.028023051954503,0.013458546557846564,0.01145403123316554,0.06481788404844278,0.1935977553669455,0.005685176339183145,0.5032254801773838
7,7,OUT,OUT,0.17079878595942607,0.048670114250921735,0.003987983127121592,0.01179735689228389,0.08659027666397535,0.1276953829242563,0.004802522001954593,0.5456575781800604
0,7,SINGLE,OUT,0.18288937903134683,0.03073292048844182,0.001987515202671097,0.04601796856006696,0.07029673173780508,0.15158698201398335,0.006569212034756281,0.5099192909309286
7,7,OUT,OUT,0.11394405728378885,0.02206029079335488,0.002045400092896923,0.034618522019393375,0.07027350110348246,0.1754922062385255,0.008751847700797224,0.5728141747677608
7,7,OUT,OUT,0.15933146224058842,0.042572845881345286,0.0027043556376697905,0.01060994961692705,0.07711670771914098,0.22515674547053827,0.00507230008330584,0.4774356333504842
0,7,SINGLE,OUT,0.1393172256016481,0.030863702077066613,0.0023924975911469287,0.015103808143355353,0.0679898890372984,0.19726642089103053,0.030030496715011408,0.5170359599434426
4,7,BB,OUT,0.31134240517164935,0.024012459029842004,0.0023508981265221904,0.03616781348393817,0.06833952463002982,0.14951342134843906,0.00467180162836378,0.4036016765812157
7,7,OUT,OUT,0.1325471817606074,0.024459740053341037,0.002371970684532831,0.010451817609037238,0.05905288497891244,0.1362976618960771,0.006724768394830031,0.6280939746226619
7,7,OUT,OUT,0.15349451855825572,0.04872783271546129,0.007052530574297872,0.02375889011626933,0.05997070696883842,0.19575633880208906,0.005119477732025915,0.5061197045327624
0,7,SINGLE,OUT,0.14363966302232312,0.047259795404343295,0.002551147466251303,0.04518418745934032,0.09175522264755773,0.19380281703683183,0.0073093568267210635,0.46849781013663133
0,7,SINGLE,OUT,0.1222015236683832,0.035571443431661985,0.0034879383053380538,0.0270009954706392,0.07772899105721827,0.1360540219791007,0.004831015373739899,0.5931240707139187
4,7,BB,OUT,0.14554776176358616,0.026350427815212563,0.002112438889111255,0.03462819724614961,0.09318476107140058,0.1619075936669524,0.008723875675252506,0.527544943872335
7,7,OUT,OUT,0.1927756102217702,0.0240889219259126,0.002163994222247281,0.08073537369184501,0.10412675527568002,0.22380211984004397,0.0055089893148074325,0.36679823550769336
4,7,BB,OUT,0.13965570417291637,0.037013387260374814,0.0023410354572814267,0.048367092122849766,0.09651624160213838,0.19224291652177017,0.005211352220643679,0.4786522706420255
7,7,OUT,OUT,0.15889157429345818,0.03902520905490892,0.0019664564285568737,0.011863821295055317,0.05760544243594734,0.2052557437722383,0.009314276541659193,0.5160774761781759
7,7,OUT,OUT,0.18063335319736104,0.03612586072409792,0.0019578661653960124,0.00951941132020851,0.07294985906861166,0.244331203876986,0.004955232043065458,0.4495272136042735
5,7,SO,OUT,0.11185691407850101,0.036497499154501456,0.001964461646539393,0.011527250254208612,0.08161438966117283,0.22922805886140857,0.004932325879928131,0.52237910046374
7,7,OUT,OUT,0.1889734303661849,0.033917122656932246,0.0036602314564256853,0.011848129549135718,0.10345912404551398,0.18862293054170387,0.005025347541748143,0.4644936838423554
5,7,SO,OUT,0.1324535554498507,0.03933133402197349,0.0021979219220650357,0.05393743289062483,0.09646407432915304,0.18044965534135987,0.005778326743064754,0.4893876993019082
5,7,SO,OUT,0.1377329732506499,0.03446542960095281,0.0022998420595859046,0.03863491376203317,0.09263609345758737,0.1971939640803299,0.005793894030424245,0.49124288975843655
7,7,OUT,OUT,0.1842490957736573,0.028426317900348972,0.0022144295917562997,0.015913810621676027,0.06328465799337928,0.216992981583529,0.008084459939908894,0.48083424659574414
7,7,OUT,OUT,0.18589153408306427,0.03175620093333405,0.00788610726494245,0.012820366236368633,0.06789092645101563,0.19240481387546984,0.005124608690150777,0.4962254424656543
4,7,BB,OUT,0.12436136980670584,0.030346775039823203,0.0027247141325249173,0.03488979702049509,0.05756258559680773,0.24354476122096155,0.035557849254683055,0.4710121479279985
7,7,OUT,OUT,0.16293504566381867,0.04572449009768211,0.004102886616884489,0.011665237853250899,0.06758811980349505,0.22121572522964353,0.01180381754038333,0.4749646771948421
7,7,OUT,OUT,0.1221781008369463,0.022983031335161233,0.0022522620671222124,0.035380884673606366,0.06298167482556642,0.15702079805669433,0.005615145168648463,0.5915881030362548
5,7,SO,OUT,0.1245964058950257,0.025528098274817206,0.0026501767997940285,0.010974155881279113,0.053920192064744396,0.1422379395588712,0.009255270367363356,0.630837761158105
7,7,OUT,OUT,0.19247322368547873,0.04003739077969012,0.006282389362407282,0.013705780245708904,0.058075377574093416,0.1822904035618332,0.0055827781647444785,0.501552656626044
0,7,SINGLE,OUT,0.20823922372870948,0.037513390922094596,0.002177738126351951,0.04236632353501233,0.0774163397824996,0.16328907737574017,0.007668979345301195,0.46132892718429075
7,7,OUT,OUT,0.1001661323177072,0.021179495876764157,0.002349427390714684,0.010793446451535658,0.06996316651621995,0.21348955015688614,0.005356790509472993,0.5767019907806992
0,7,SINGLE,OUT,0.13240832532564165,0.02979418669259368,0.002833014493942375,0.012892436199430413,0.08748548359590937,0.21608753757227583,0.032460240161543086,0.4860387759586636
7,7,OUT,OUT,0.1496211472389043,0.026477882399049538,0.0024728675192538575,0.05391198915213506,0.12082215604643531,0.22312341956718681,0.005425712925710713,0.41814482515132456
7,7,OUT,OUT,0.137448242246046,0.031959803083336985,0.006179380689360479,0.009362692374367555,0.06013424831051191,0.15927002428921222,0.005361627892250779,0.5902839811149141
5,7,SO,OUT,0.19185147779190317,0.03469561356857885,0.002204690430911638,0.014367027763515405,0.0705847407524765,0.20099407969080818,0.026674706633064853,0.45862766336874145
7,7,OUT,OUT,0.22634467292734134,0.024110105495665935,0.006464919749672462,0.01042287491557516,0.037743956037715465,0.14993274348174485,0.004519951321223615,0.5404607760710611
7,7,OUT,OUT,0.14970199255776348,0.020402670940410813,0.0022958982365273383,0.008686396907212688,0.09975708234685879,0.12315315750980434,0.004678247862264029,0.5913245536391585
7,7,OUT,OUT,0.17613914514574008,0.03360515127111746,0.0028019829892248836,0.024340562789068914,0.11836535017865482,0.1384989998036427,0.005071071842901387,0.5011777359796499
7,7,OUT,OUT,0.18501870288774197,0.02236291929987047,0.0020204530731721543,0.009742253945646574,0.13621775787251048,0.2579999981641692,0.006179151087347797,0.38045876366954134
7,7,OUT,OUT,0.11469617867287557,0.04675799670770367,0.0021649998279531894,0.024195115005583172,0.06640886440549852,0.15728780142088924,0.005201035526933681,0.583288008432563
1,7,DOUBLE,OUT,0.1817108059961446,0.042083439658116964,0.002040272195886358,0.017911026580475952,0.044634650985470065,0.1344329336521269,0.008881013735664401,0.5683058571961148
3,7,HR,OUT,0.17198418349961592,0.03838965604988415,0.0020518338558756337,0.011865893141264544,0.05498256459756775,0.13901445492672324,0.01869242693328818,0.5630189869957806
5,7,SO,OUT,0.2001119577420311,0.058852140148990054,0.0020629450478706433,0.00858106667330075,0.10938757220304429,0.15006943626063657,0.004382014861143532,0.46655286706298316
7,7,OUT,OUT,0.18541590460340177,0.031276352481678454,0.003469984204979385,0.019484973476813553,0.06222338244628717,0.15177869782052883,0.005118549229218364,0.5412321557370925
0,0,SINGLE,SINGLE,0.33040910704276705,0.02078503442701074,0.0031160572357096404,0.010222059275360691,0.04854495768960087,0.2659247273537167,0.004163423664765673,0.3168346333110684
5,7,SO,OUT,0.13507014756907537,0.028724699317150854,0.002411148178085832,0.009921616058422525,0.04487793905566797,0.2971456569522941,0.004889908163415539,0.4769588847058879
1,7,DOUBLE,OUT,0.16966685908124937,0.0529202205171999,0.0022334567794319265,0.018246867629568647,0.09751481309526755,0.20850055143397042,0.005799782779557595,0.44511744868375475
7,7,OUT,OUT,0.19106866056469873,0.03254277184183371,0.002541136437338501,0.010273696402558966,0.07529601794669943,0.16917044418871252,0.004704297189671803,0.5144029754284865
7,7,OUT,OUT,0.1532373463276155,0.0347218559626961,0.0019616067543914294,0.03889491106596166,0.061428765190098183,0.22015606043617364,0.005155077937802905,0.48444437632526055
7,7,OUT,OUT,0.19165429799716055,0.0385585102166744,0.004291031685373318,0.00970398327484044,0.05930666391242031,0.13939266174281809,0.008037789970765439,0.5490550611999475
7,7,OUT,OUT,0.17263834362105626,0.031253090279898546,0.0031783354730853777,0.013875400679665438,0.04955093317135615,0.13843197280485964,0.005444689847453568,0.5856272341226251
7,7,OUT,OUT,0.20848347062988187,0.036419157293193956,0.0029071019827697137,0.009631679782609365,0.046847498824444195,0.13872561955093804,0.0046858975236572075,0.5522995744125057
4,7,BB,OUT,0.1674734937616574,0.020801637388549392,0.001993267053326851,0.012471351017735145,0.15005691251446426,0.15137432157760397,0.0046609328583954715,0.49116808382826754
0,7,SINGLE,OUT,0.14323612331808946,0.020960128921658397,0.0021750462202652105,0.009530713847394566,0.08992096103302005,0.1265025637874193,0.004876485942658632,0.6027979769294942
7,7,OUT,OUT,0.19375984493176676,0.04932766553104989,0.002172697236592065,0.02755606039744652,0.13152837976455906,0.14038843337908635,0.007498636550400395,0.4477682822090989
0,7,SINGLE,OUT,0.21548807852657786,0.030143690338139895,0.0020285081130043538,0.010601097492094003,0.12798689569371532,0.20593270186459098,0.00545806447416306,0.4023609634977144
5,7,SO,OUT,0.18215225131500004,0.032213762131884344,0.00201880359181882,0.0319668429121483,0.10730666692684526,0.22519305239629211,0.005392306373659332,0.41375631435235183
7,7,OUT,OUT,0.1374687897684875,0.033914229752607494,0.002757416238189702,0.010845755073528009,0.07278361855145966,0.19980801109508173,0.005022535695132696,0.5373996438255132
7,7,OUT,OUT,0.1668940189768534,0.04872861430518266,0.001966493109597344,0.009097866325270848,0.09184745789747303,0.16123708337552645,0.00466955258203212,0.515558913428064
5,7,SO,OUT,0.18954862096624317,0.03774635412836953,0.004308363755483299,0.018503399850318614,0.06318822916142496,0.14340063238142198,0.005068691369174833,0.5382357083875636
7,7,OUT,OUT,0.16209913762557196,0.03541969406562853,0.0020620115645612292,0.016217625682859275,0.08708141055068652,0.13337640728601532,0.008189419892012557,0.5555542933326645
5,5,SO,SO,0.09201320198624285,0.029072982016408996,0.004219517149855239,0.011250381928191258,0.05900178828079199,0.40789068447338656,0.004735341840926635,0.3918161023241964
7,7,OUT,OUT,0.20661903787136543,0.030501437757131464,0.0030290880080238495,0.014004751661487706,0.049407227118437966,0.13310969020509064,0.006792096165273256,0.5565366712131896
7,7,OUT,OUT,0.17550490305259175,0.0285526433838581,0.001848942135372619,0.01756480027106074,0.08126835033171928,0.12119439342295611,0.006449865799939411,0.567616101602502
5,7,SO,OUT,0.13827808881907205,0.029913428973152544,0.0027905696544673056,0.028908168130611447,0.06735725635554037,0.2396842453944162,0.03038166993569148,0.4626865727370486
1,7,DOUBLE,OUT,0.1726337306012638,0.0384223026196856,0.00573217331953106,0.010884292765558641,0.0690023241960025,0.24886058710351994,0.007254362106131793,0.44721022728830656
7,7,OUT,OUT,0.21018144959238685,0.030576502193556652,0.0031644481139115744,0.0110400762964723,0.09813753437427376,0.24814220145593624,0.00825304032966932,0.3905047476437933
5,7,SO,OUT,0.15959055234408856,0.03628900846913981,0.0024894898765888372,0.011962570196740801,0.08094179423560446,0.3031284984809663,0.010946434215217595,0.3946516521816535
7,7,OUT,OUT,0.16116848340528467,0.02987812969621336,0.0032301568317135484,0.0093910931706389,0.05030547873892584,0.22704246047582324,0.06956495892745625,0.4494192387539443
7,7,OUT,OUT,0.1517892904320705,0.02519571530548589,0.003065513446338413,0.009453294371172809,0.05826358342176207,0.11716248843165884,0.00637855241810695,0.6286915621734046
5,7,SO,OUT,0.1437163558033221,0.023197693029115354,0.002723045369692902,0.020633584654990902,0.10989267906776021,0.2456574281315385,0.03863390900904423,0.4155453049345358
7,7,OUT,OUT,0.18791236259317964,0.03375623961822221,0.007712574088656987,0.019613772396834525,0.04091060559324219,0.12873047826987885,0.02679215514211616,0.5545718122978696
5,7,SO,OUT,0.16479821970398903,0.023427626175257944,0.002848451265382176,0.014676325439076189,0.1561746476290188,0.1766560973100492,0.022818741692255954,0.4385998907849706
4,7,BB,OUT,0.1721553955536075,0.02909617928637053,0.0030219012146217297,0.011286934776493292,0.06525681260528002,0.16319924743973202,0.004672078573674105,0.5513114505502208
1,7,DOUBLE,OUT,0.20555761340801934,0.056712983912682445,0.0022401517152974755,0.01755275916194363,0.07589961096545102,0.1972298248881335,0.005496360444238257,0.43931069550423446
0,7,SINGLE,OUT,0.1860870899454175,0.04218803519714996,0.006064483569984822,0.011252755546279048,0.05748945459927193,0.16163801246820195,0.007401355776234328,0.5278788128974605
4,7,BB,OUT,0.19983254577569007,0.030306232087052482,0.0019772211489995977,0.009661690867180456,0.06331898721324361,0.25595052737197327,0.005284269819962467,0.43366852571589803
5,7,SO,OUT,0.17550936926952904,0.04427074001177272,0.0018854754916136844,0.008857466402117195,0.11271533205362187,0.1523815787442837,0.004522383446479094,0.4998576545805827
7,7,OUT,OUT,0.1935707102482866,0.037393396978710206,0.008064107483871359,0.019430909180444347,0.06189888487496648,0.18185800318948195,0.005243170238145214,0.4925408178060939
7,7,OUT,OUT,0.15168496510842122,0.034701205927883415,0.0034567178078447136,0.009317949910259698,0.04897563480088445,0.2335694434268208,0.004913873105087445,0.5133802099127982
5,7,SO,OUT,0.14694319936943384,0.040769390627278246,0.003011521622051084,0.01007206294999119,0.06236656193267328,0.22197173052839828,0.006303697185036761,0.5085618357851374
7,7,OUT,OUT,0.20135283718023544,0.05113026987422472,0.0023058661202954443,0.02715282909355914,0.06430213966171593,0.2311300284663401,0.005963842858545143,0.41666218674508404
7,7,OUT,OUT,0.10989337443218265,0.04252955933469222,0.001896550196551921,0.024082943564471593,0.062444230575985714,0.12950380351757024,0.004991403911254789,0.6246581344672909
7,7,OUT,OUT,0.1439255379223264,0.03451852546352244,0.002062071777188606,0.014441937125936147,0.04657939078921844,0.1382491624672944,0.009328812790308127,0.6108945616642054
5,7,SO,OUT,0.1771097858308722,0.04573699641702505,0.0022356788957429556,0.011927661303639316,0.055166064144748894,0.14131991623529164,0.011044798790504809,0.5554590983821752
5,7,SO,OUT,0.16137414134141417,0.0624205072821621,0.0022850482443336536,0.030017715475766458,0.09071496024298385,0.22125035467445914,0.005876073239041797,0.4260611994998389
7,7,OUT,OUT,0.17143177224451306,0.04057763789389039,0.0028547012208222492,0.014077704267834909,0.04794092716353878,0.15336861498145846,0.0052243386655082295,0.564524303562434
7,7,OUT,OUT,0.1482975465690333,0.04935071136131741,0.0021542668829463594,0.013436152459270562,0.13125011753660695,0.160311248170882,0.005977580263847502,0.48922237675609587
7,7,OUT,OUT,0.15490535734053434,0.038559196222688524,0.00270513138684179,0.01292259221564484,0.07755773632694982,0.19060281576580415,0.004748570554214747,0.5179986001873218
5,7,SO,OUT,0.09980580577192077,0.025326527294104388,0.0025036539226635612,0.030258600058133203,0.09095563077789055,0.19998147159185478,0.005366052947404066,0.5458022576360285
5,7,SO,OUT,0.11886203887983514,0.032394929266578526,0.002487107687402182,0.009943939222951817,0.04536718494605556,0.27561399325511965,0.004985641575051284,0.5103451651670058
7,7,OUT,OUT,0.11263350236108488,0.04985220083226416,0.0020945198575743067,0.030247530092802326,0.06315654556215124,0.14115328797417284,0.00790223419968641,0.5929601791202637
0,7,SINGLE,OUT,0.1683712307913693,0.020847790548361257,0.003161582117844876,0.010367788834649817,0.07898332424287471,0.16610411637228606,0.0049308669784295985,0.5472333001141845
7,7,OUT,OUT,0.15935388089699903,0.01999771033388618,0.0021213130235667307,0.012135188523800487,0.09461748739061805,0.12517592036480146,0.004459033984092561,0.5821394654822356
0,7,SINGLE,OUT,0.1604093094539974,0.0324793947287368,0.0022105409816766254,0.03541220401894691,0.07698577716667639,0.121862664168322,0.005313037734279869,0.5653270717473641
4,7,BB,OUT,0.33145502007679467,0.02003301251143928,0.003836118758941341,0.009686274874968271,0.08585129300564288,0.1529977802966997,0.007781352892000793,0.38835914758351314
5,7,SO,OUT,0.16184296093905837,0.020501822555122135,0.0029435228611594355,0.02282418693224119,0.07299740521023076,0.16341459598436764,0.009736384851671475,0.545739120666149
7,7,OUT,OUT,0.17046963234683277,0.021720753168741176,0.0019926050101957624,0.013567277767585683,0.07155625287466075,0.18964330564151188,0.02361311405911083,0.5074370591313612
7,7,OUT,OUT,0.12912835675425463,0.018607752475566026,0.005325569616586327,0.02821016838572584,0.0734712884641206,0.17207375215655282,0.020424669472198686,0.5527584426749951
7,7,OUT,OUT,0.09283432169991086,0.024077456279289786,0.0018627846047466555,0.010305489662345273,0.08973698933485771,0.16788849305769715,0.004747437598721662,0.6085470277624309
7,7,OUT,OUT,0.15131766053229678,0.04071893461515833,0.005926649052810213,0.008968327924803834,0.06197809094705252,0.15607031224244874,0.004735619088049192,0.5702844055973804
7,7,OUT,OUT,0.14304899772612706,0.03739093934784955,0.003318263021720251,0.010207434810472961,0.10983649118514377,0.1323663806505584,0.005028289769029691,0.5588032034890983
1,7,DOUBLE,OUT,0.16751032928898202,0.026540985016219987,0.002738789708932593,0.010313218078064628,0.08200831869542137,0.18952284768595357,0.00558617700064156,0.5157793345257843
4,7,BB,OUT,0.1732935538094144,0.02325102327251215,0.002179693815497174,0.01933853890630632,0.07522924176772931,0.19550735042225623,0.004373790814000586,0.5068268071922838
7,7,OUT,OUT,0.1906227433359698,0.029724292103950365,0.003850004258361984,0.009894747927588416,0.04532553817983916,0.1591575768625493,0.00794574863627509,0.5534793486954659
3,7,HR,OUT,0.17628284782512588,0.031477366912611826,0.002119394052678499,0.011887019263124661,0.08031930862395922,0.20553534804978235,0.008668152164821849,0.4837105631078956
5,7,SO,OUT,0.13438838934983455,0.04177912096428614,0.002078222696106241,0.025600042993540628,0.06426530403304857,0.24429262786630548,0.008258567501230591,0.4793377245956477
7,7,OUT,OUT,0.1855021203464237,0.039381120269023163,0.006580450049052507,0.016286833105062265,0.06163801756457263,0.2203346924606298,0.0047685320586172905,0.4655082341466186
0,7,SINGLE,OUT,0.15885465764496962,0.02237081631112664,0.0020062278866719153,0.010246672067414362,0.06693439444645803,0.24971000109568153,0.004709090322861089,0.4851681402248168
7,7,OUT,OUT,0.1978814999601205,0.023408702900552428,0.0041802388370103345,0.011482744980809364,0.05827376063438535,0.20086361376456727,0.005720126168393485,0.49818931275416145
0,7,SINGLE,OUT,0.21157399233661722,0.02262583409308223,0.002265416414575408,0.010598239172231922,0.1028796603591277,0.1522221589285836,0.004955723248892121,0.4928789754468899
7,7,OUT,OUT,0.17805325920469275,0.040423789157235615,0.002742569438948988,0.011138601758697311,0.06439939075371542,0.14111105221073988,0.005140117654149786,0.5569912198218202
4,7,BB,OUT,0.31074519043804094,0.03703548990654791,0.00663410871597272,0.008250722505920991,0.07065541662380927,0.1850497399761223,0.004157959701596606,0.3774713721319892
7,7,OUT,OUT,0.13221425821615532,0.028721171242102588,0.005106100143983429,0.010554393008631091,0.061416630176555756,0.23508458094729676,0.018486453539838146,0.5084164127254369
5,7,SO,OUT,0.20792780030668728,0.03719434307520767,0.004437569960502855,0.01042611248893212,0.07684400234417448,0.19760113916265687,0.005376204759643932,0.4601928279021947
0,7,SINGLE,OUT,0.21072040008637466,0.027978001481189667,0.0019354222870886645,0.009113167884648589,0.04375653259666998,0.19775322840053514,0.005088519925332375,0.503654727338161
7,7,OUT,OUT,0.2132876589536859,0.03552830574315286,0.0025665927959920786,0.01121179507226329,0.06939798992575086,0.2183352882438107,0.004821228297124809,0.44485114096821937
7,7,OUT,OUT,0.1479279420615983,0.050898147865408985,0.0021999030089521767,0.01600075908379138,0.10152013008267313,0.1998348074811029,0.005904699457034006,0.4757136109594391
4,7,BB,OUT,0.2055048803783702,0.02662369503815413,0.0053305123562362895,0.02055531237582478,0.06152092414591923,0.13890234542218957,0.004596460643092876,0.536965869640213
7,7,OUT,OUT,0.19437989525230484,0.03397996046703111,0.00542025175580112,0.018245793842760035,0.08782103704842742,0.12013530214460164,0.004430719259473362,0.5355870402296004
0,7,SINGLE,OUT,0.13894441715962647,0.037287312358395254,0.0019836690363292555,0.013807840002101954,0.04352580296318924,0.1311309820856115,0.010401834768530852,0.6229181416262155
0,7,SINGLE,OUT,0.1802440210614272,0.03603786065475052,0.001971558881256458,0.012419119482254522,0.056296067830873674,0.1268530021614467,0.010234309759206098,0.5759440601687849
3,7,HR,OUT,0.17136544742079915,0.032588003219286,0.002024260962507942,0.013674278046921517,0.06994480453624434,0.13299111215420223,0.00735274998200679,0.570059343678032
7,7,OUT,OUT,0.19006506662527295,0.037102025284024474,0.007932428564311327,0.0125991625709437,0.05643402441909525,0.12900709476351968,0.011785724786530161,0.5550744729863025
5,7,SO,OUT,0.22391726334298562,0.04150232602039483,0.0024516359173457603,0.010128794434289856,0.04188167621030312,0.1359072645083183,0.0049481399267430086,0.5392628996396195
4,7,BB,OUT,0.14706966226486648,0.022003733086603243,0.0020170004177126654,0.014018272544357164,0.176954113222591,0.15921046410441583,0.004990711445027666,0.4737360429144259
7,7,OUT,OUT,0.167977490432493,0.024948318712838948,0.002023115482793442,0.009088781252953246,0.08652568651935484,0.13152668369304746,0.005160603177488567,0.5727493207290305
4,7,BB,OUT,0.17033491067871662,0.04676090712602358,0.0020288347568611924,0.04106483507062577,0.1374153374725568,0.12928891065837048,0.004986889757304849,0.4681193744795408
5,7,SO,OUT,0.1931697874167085,0.026027596196095144,0.0020823381326504995,0.011098393430105566,0.11106974948413754,0.23979676766583624,0.005683776169557345,0.4110715915049091
0,7,SINGLE,OUT,0.15839751127000304,0.027266269585224722,0.002035345637760583,0.03154672346276723,0.08068119245635752,0.2413278320199295,0.005031664159603862,0.4537134614083536
7,7,OUT,OUT,0.2075414273593669,0.03020171615866751,0.0026561807515210786,0.012683293855057015,0.04778602074896451,0.13460556413421051,0.008853156251318278,0.5556726407408942
7,7,OUT,OUT,0.16824343406251077,0.02558006071464135,0.0031462697980807618,0.014961731394174336,0.09238270954940198,0.14677326518867326,0.004964947055292173,0.5439475822372254
0,7,SINGLE,OUT,0.165174573882227,0.03780585736945949,0.002531635316180618,0.013515642378242631,0.08059680033783946,0.1993902016650162,0.004919977022291739,0.4960653120287428
5,7,SO,OUT,0.20897822151475748,0.028803619183974394,0.0030232070194061407,0.020411557330251524,0.058620303415809524,0.17730511932053095,0.005075127789874319,0.49778284442539555
7,7,OUT,OUT,0.12462763749914336,0.024598367402925744,0.0027580488903761855,0.014629747394941365,0.08761752729752427,0.21070465309282607,0.005279195248071827,0.5297848231741912
7,7,OUT,OUT,0.11837405790902683,0.026860265828784025,0.003621909884381844,0.022734745025635248,0.04181585049038936,0.1716470590308645,0.0054182096502476415,0.6095279021806705
5,7,SO,OUT,0.14823082723418554,0.0388556243190508,0.002725084859800931,0.015151185223356768,0.04376731493193123,0.14433421610736413,0.004866814401812919,0.6020689329224976
7,7,OUT,OUT,0.09889711713433927,0.021664391778089157,0.0022527184111784198,0.026658986867883216,0.1022357098306709,0.22360047138843722,0.00501785758030816,0.5196727470090936
7,7,OUT,OUT,0.13821610295896092,0.021988685335810217,0.0036437960447545025,0.009319066672077892,0.08860652808301923,0.1762961375629082,0.005745184008239329,0.5561844993342298
7,7,OUT,OUT,0.2047266379141627,0.028291633965831252,0.003049186028111906,0.011651380942978667,0.08850030708184821,0.13906505168844965,0.009060647894092007,0.5156551544845257
7,7,OUT,OUT,0.1586899907346242,0.04689007711725917,0.002104366331984739,0.01141338093144306,0.07548623907200375,0.20521854617695753,0.005016865742867023,0.4951805338928605
7,7,OUT,OUT,0.14025335716588916,0.03990292403047633,0.002103471377498527,0.01095303098832872,0.12225478625568288,0.2394384528961002,0.005378913798685814,0.43971506348733835
4,7,BB,OUT,0.1628521442079426,0.0462600540835192,0.002134093210963106,0.01715279158862969,0.1389824382703,0.2170757363026849,0.00802047423854354,0.4075222680974171
7,7,OUT,OUT,0.23910254950748835,0.03570736834564584,0.002810634744502377,0.010173517084189409,0.11303764589939988,0.20346431211747512,0.005074211451645419,0.39062976084965356
7,7,OUT,OUT,0.18690391836372794,0.06064996140060762,0.002019788696799753,0.0094467936831073,0.08510275857731049,0.15797498696828205,0.004648224623213575,0.4932535676869513
7,7,OUT,OUT,0.17602170667840783,0.07127152208372678,0.0036651444071808524,0.0112843256037585,0.06301705115062213,0.25027479154851273,0.007865783989285599,0.41659967453850544
7,7,OUT,OUT,0.22238621686883178,0.057717980562650206,0.0023650952642083373,0.009426550913591264,0.07938009943232811,0.12293807920193395,0.005316407184996177,0.5004695705714601
7,7,OUT,OUT,0.10008938491266392,0.020897883430341945,0.0019136325417030064,0.009133200516543904,0.04636802664506671,0.3260085088809181,0.004395568151150915,0.4911937949216115
7,7,OUT,OUT,0.16351148134365548,0.029660166626498254,0.0018837763077861644,0.011951915672592493,0.06094112685232261,0.2455527654116294,0.004536790379328431,0.48196197740618707
7,7,OUT,OUT,0.16047297036531785,0.025555459477131403,0.004774161216792579,0.011917346807828019,0.05809985245264302,0.17931861886440462,0.005541449728966381,0.5543201410869161
7,7,OUT,OUT,0.2060819926191421,0.026778518329360183,0.004607048250110124,0.008633444435908019,0.07683923773127242,0.11203731205997078,0.015418823044527435,0.549603623529709
0,7,SINGLE,OUT,0.17032182693545173,0.03609687034132873,0.0019506062834625613,0.009879756703268289,0.0508796528773276,0.13796425800480785,0.007983668990487055,0.5849233598638661
5,7,SO,OUT,0.1073039887060131,0.05468811746457101,0.0031634783720015675,0.01149793748375061,0.06250683375131624,0.20922003346919787,0.007113037438042928,0.5445065733151067
7,7,OUT,OUT,0.1650176145033441,0.042305890376338244,0.009838314315324613,0.009458489049679226,0.0729156787170206,0.18164598110975158,0.005829219454816817,0.5129888124737249
7,7,OUT,OUT,0.1416830662938664,0.026172460503457506,0.0019350460637900344,0.013674595123010681,0.054042469029286895,0.24825765467792846,0.005105104991043809,0.5091296033176163
7,7,OUT,OUT,0.147401404975876,0.02069981315026206,0.0019634797008587323,0.01569412612414237,0.06376970482358649,0.19708125981969418,0.004925514995537751,0.5484646964100424
0,7,SINGLE,OUT,0.12347627041171276,0.039472558385571815,0.0032423485209561714,0.13141723051585666,0.08335240320062912,0.22196538005784658,0.004745456098499821,0.392328352808927
7,7,OUT,OUT,0.12898719654011567,0.032589997634317636,0.003570010177545567,0.03446224636830103,0.0871625024070546,0.1447194059367007,0.00806412180586346,0.5604445191301013
0,7,SINGLE,OUT,0.11755029801523166,0.04324567824769767,0.0020852465615697493,0.016883776703887608,0.06437115125005836,0.19998457382610724,0.004945992545763245,0.5509332828496845
1,7,DOUBLE,OUT,0.2013053075375448,0.03434619761268357,0.002022373543815312,0.017126482011624082,0.08923207423945245,0.1195716680741475,0.004370228400797043,0.5320256685799353
7,7,OUT,OUT,0.156347636886096,0.030098072758607323,0.0020586660690604924,0.04805745682973276,0.07100735258293989,0.14021700539372575,0.006768087007762455,0.5454457224720753
7,7,OUT,OUT,0.16302316307436088,0.07483232187618993,0.0020372781821644675,0.011374690466916122,0.06837548438442878,0.1469159337529487,0.004808323063321625,0.5286328051996694
7,7,OUT,OUT,0.16457508893587525,0.04282629843255668,0.002674912034270859,0.010377225702323438,0.04020443827084985,0.12399861254035861,0.005075578713002769,0.6102678453707625
7,7,OUT,OUT,0.1199339084710991,0.026561339292048167,0.002515176716614756,0.010324993820190228,0.050603841183175055,0.3056958086954375,0.005712609463593624,0.4786523223578417
0,7,SINGLE,OUT,0.1476942919966121,0.029043340556993126,0.001994730581380435,0.012327848855690087,0.056497305933363606,0.2594468102808178,0.00676779957553681,0.48622787221960617
7,7,OUT,OUT,0.21992732948972157,0.03008055679499674,0.0046142908419618805,0.011446233994890682,0.06070398425992778,0.16835358501364814,0.005720633173849221,0.4991533864310039
0,7,SINGLE,OUT,0.1652179947017821,0.031256781853516734,0.0019334218343652575,0.01580151770247918,0.052091604864487176,0.21035800742047545,0.0052809661282032,0.5180597054946908
7,0,OUT,SINGLE,0.3849655661067448,0.018130020127813236,0.001740406579824859,0.007785191513512666,0.05808714119606557,0.17724596706851267,0.003952580161660687,0.34809312724586544
4,7,BB,OUT,0.18586543037233305,0.048747323635689115,0.0018320657921536798,0.008662750874295128,0.0425322847109685,0.11396703764220384,0.005164629802250491,0.5932284771701062
7,7,OUT,OUT,0.11700243584876238,0.026385066709041977,0.003371310320634922,0.01183218589873497,0.07878173516020154,0.2550590155025315,0.005431836643883609,0.5021364139162091
7,7,OUT,OUT,0.13592421884060796,0.026227197479825944,0.0019366001642736044,0.012835631635385014,0.047298337417205016,0.12463890552565632,0.0060971027831175015,0.6450420061539286
7,7,OUT,OUT,0.13386043620025795,0.0382272225989747,0.0026355026627269402,0.010134790531381868,0.07620409169472246,0.2158637335074328,0.005011617418672406,0.5180626053858309
7,7,OUT,OUT,0.2115926902416971,0.0424043743153883,0.0031451961608111156,0.019910739946071187,0.042036772071993786,0.1750693519729724,0.02824751320055747,0.4775933620905086
7,7,OUT,OUT,0.17581045193965134,0.05777262572244058,0.002628284891259497,0.03297440738680588,0.041538369086467956,0.1895725945770763,0.010528191553692992,0.4891750748426054
7,7,OUT,OUT,0.19824358886821503,0.05788775354204488,0.0033349555585699938,0.011592919098967612,0.06755037328118703,0.12956269872103637,0.00590635518481169,0.5259213557451674
5,7,SO,OUT,0.1509839462840787,0.03563243454925384,0.002899477420721152,0.013835759041905345,0.05842780325746996,0.19146504002757112,0.009150709377347344,0.5376048300416525
3,7,HR,OUT,0.12196488953108825,0.05871200642632173,0.0019049918135340986,0.011820049110501038,0.08969004820361545,0.28590443957606176,0.005602288563831986,0.42440128677504557
7,7,OUT,OUT,0.16684965280356504,0.056752212254581685,0.0033477553674078303,0.012343426473943429,0.04835011716323986,0.12801593531317162,0.010499636098264105,0.5738412645258265
0,7,SINGLE,OUT,0.1833534992128128,0.0445483788648102,0.002061890738624291,0.017198775129689294,0.05763435678409923,0.14352961416061166,0.017302701515484336,0.5343707835938682
1,7,DOUBLE,OUT,0.1260938624917142,0.06309120526539788,0.0020904107089797187,0.046280671458268946,0.1274121178042236,0.1954973058071184,0.01638504263870087,0.4231493838255964
7,7,OUT,OUT,0.15744852930871997,0.049146711212793764,0.001967375127454331,0.033467819814938495,0.05185746616794768,0.20350291636590728,0.009723884330022933,0.4928852976722154
5,7,SO,OUT,0.07888656827847254,0.021879379769113503,0.001785939603873386,0.009920211045958152,0.0400300003215926,0.30961168183403226,0.0045692370946452555,0.5333169820523123
7,7,OUT,OUT,0.10520607758880289,0.025813382884211332,0.0020316733357051632,0.010175331446291699,0.04435381446198232,0.27848078019344213,0.005128706672793807,0.5288102334167707
7,7,OUT,OUT,0.18758038353765702,0.049055974589999295,0.0081923208713114,0.013625033192970868,0.04086287300154263,0.1475519728295143,0.027454553612517817,0.5256768883644867
5,7,SO,OUT,0.07374963092258612,0.036955504294433596,0.0016830445920394234,0.008449690152272274,0.03586614415854553,0.36183083750086537,0.005332866189380614,0.4761322821898769
0,7,SINGLE,OUT,0.15160032646613672,0.02620339912832197,0.003498489944502881,0.013086353067884181,0.05504115579166719,0.18978674748929156,0.0078551401902163,0.5529283879219792
7,7,OUT,OUT,0.13770419471972314,0.05822315569475532,0.0020103892949836087,0.01567193775729914,0.07397731443622788,0.17754291597498473,0.008801690625869456,0.5260684014961567
6,7,HBP,OUT,0.11407095873152581,0.04516602370904381,0.0019091438413554652,0.011151963831404687,0.08092615014660913,0.2851624344973761,0.006267289383544789,0.45534603585914024
0,7,SINGLE,OUT,0.17322923383997935,0.06720763299849011,0.002060514647515164,0.01697470124947871,0.053208442632281645,0.13555222204535314,0.027225843308366218,0.5245414092785357
7,7,OUT,OUT,0.12046178778564587,0.09988217254706623,0.0019286806416728413,0.04704202698755123,0.07790768775237092,0.1830341059831962,0.013468357210993803,0.45627518109150295
7,7,OUT,OUT,0.23751151251272723,0.030444902361876115,0.0029253439795130453,0.012690657761512753,0.058137657081200535,0.12954664420495302,0.011189213150056958,0.5175540689481604
0,7,SINGLE,OUT,0.1835534807537192,0.063145667084367,0.002594743625564538,0.012107018159237908,0.05280971691456356,0.1996948271303781,0.01603223365038843,0.4700623126817812
7,7,OUT,OUT,0.12979900285045423,0.02694438836646328,0.002531596076464681,0.013535220314036535,0.0682557481317136,0.21544632901704044,0.006267110997133635,0.5372206042466936
4,7,BB,OUT,0.1166853243245956,0.04611845082666083,0.0020352654835334256,0.012488715987279205,0.08911461317624383,0.18914847802666737,0.005619323266835921,0.5387898289081837
7,7,OUT,OUT,0.16492168350241304,0.031955153966381475,0.002743486713804562,0.020538526946735344,0.05274137147346663,0.2609790093829101,0.005912610002513217,0.4602081580117755
7,7,OUT,OUT,0.20284639328014767,0.0203451064625932,0.0026263438740653454,0.016049252296921786,0.05156934127975189,0.20462556417393024,0.004723602412659912,0.49721439621993
5,7,SO,OUT,0.12348300288036568,0.05434925439381012,0.0021565331078323546,0.03151033142545539,0.05795227663542788,0.2486884174477581,0.010151994549417969,0.4717081895599325
5,7,SO,OUT,0.1505947530948205,0.02987387847593364,0.002575423290079964,0.014272486772390456,0.06354808398978494,0.1446454015337673,0.011301943893188459,0.5831880289500346
7,7,OUT,OUT,0.181130017518606,0.08556785474832251,0.003920512790714555,0.010701376610362504,0.049704561789432826,0.16946954010254947,0.014749670717855016,0.48475646572215725
0,7,SINGLE,OUT,0.1614113663555685,0.063954619892625,0.0031162146571451412,0.010047106397108313,0.0455302782123688,0.13050901594411396,0.012863295278329691,0.5725681032627407
5,7,SO,OUT,0.11837106584478126,0.038178205309589916,0.002671016444134191,0.09124843423362039,0.08194856477961895,0.2600965283318912,0.005465397880503014,0.40202078717586126
0,7,SINGLE,OUT,0.12334848426834674,0.028551215409239335,0.0041561698571227585,0.0845229295337073,0.09212718569036314,0.1445572564042701,0.007034624853935862,0.5157021339830148
7,7,OUT,OUT,0.20589674710626796,0.03523362395774108,0.0025685673891941946,0.011191531955516625,0.06804648181800986,0.12414628279031445,0.005672015718915702,0.5472447492640401
7,7,OUT,OUT,0.12910797147379152,0.03644656837661694,0.003833405180799046,0.0629210370799823,0.06780946730264588,0.13910737299173442,0.00667543569894123,0.5540987418954886
5,7,SO,OUT,0.2135914231440151,0.02883813327023102,0.002002454891712749,0.010935267976425385,0.07051581131760322,0.12688315480480256,0.005409435349276131,0.5418243192459338
0,7,SINGLE,OUT,0.21428757092238837,0.029626335165315442,0.0025213564525809655,0.01083331492185116,0.07958046534631884,0.11468683789075794,0.007952727917713105,0.5405113913830742
0,7,SINGLE,OUT,0.30855465154287537,0.016516424053019087,0.0015185007652145906,0.007166143375586121,0.033564727134430525,0.15298603707118757,0.0036526304255623176,0.47604088563212427
7,7,OUT,OUT,0.18423680117360594,0.02616125985104167,0.0032156297762967923,0.00868877928708866,0.0457906204366484,0.1334066423364637,0.005859216777641508,0.5926410503612133
0,7,SINGLE,OUT,0.21744439223023915,0.020104178422714326,0.001700497223040715,0.008135228302136838,0.037253520968834726,0.1077999961031559,0.0043731363232026805,0.6031890504266756
3,7,HR,OUT,0.13735515226460415,0.033106299459183,0.0018850667045909994,0.02363709312800649,0.07938593281083553,0.1875693118310696,0.004493890487881731,0.5325672533138285
7,7,OUT,OUT,0.11783361234925299,0.04319771520053087,0.0017232155169922196,0.011840813374651519,0.04406953826489129,0.11662619548369081,0.005357630732571921,0.6593512790774183
7,7,OUT,OUT,0.1502618186683331,0.03716931944073714,0.002962449772892918,0.009933263976013577,0.0370233694139485,0.1189674206413209,0.00479156893124616,0.6388907891555076
0,7,SINGLE,OUT,0.14782121901945341,0.03035330471006603,0.001908251237928993,0.014596194808523076,0.04320051242008218,0.1211353424628491,0.005407834061654619,0.6355773412794425
5,7,SO,OUT,0.14623312297156782,0.04684728064547236,0.00230637134896942,0.010350913923922372,0.0671594546047898,0.23293965835125988,0.006214589043093507,0.4879486091109248
5,7,SO,OUT,0.08600232019826168,0.025673935601174938,0.002586423136327197,0.010669489629352002,0.051108963454528956,0.2603180706610656,0.006678912937325566,0.556961884381964
0,7,SINGLE,OUT,0.22856296406894794,0.02827578172378923,0.006047539125331366,0.011444715083760085,0.052960565036676524,0.1722518740283039,0.005669309326946117,0.4947872516062448
7,7,OUT,OUT,0.16659167643284647,0.03972670291542885,0.001861356225863516,0.010208479991390743,0.05498475448565496,0.15818727753668288,0.006916116197777403,0.5615236362143552
7,7,OUT,OUT,0.14434232678833478,0.024515354961228676,0.0018498951924837217,0.01021549748596736,0.0608676658137068,0.11896708424920067,0.00448920074825187,0.6347529747608263
4,7,BB,OUT,0.1322957680617568,0.023669356220919258,0.0019283217151134637,0.03744066225250159,0.0550016894454419,0.12435629556161883,0.005081541642783387,0.6202263650998648
7,7,OUT,OUT,0.12438251994383831,0.03804214794606684,0.0018161314155326108,0.012087571750495716,0.04467025339023048,0.1226266702681953,0.004356059087888763,0.6520186461977518
0,7,SINGLE,OUT,0.13500294638549348,0.0357690982848754,0.0036371386504515757,0.009596892542618682,0.0395088038576067,0.1246705439318203,0.0051872494213390866,0.6466273269257948
5,7,SO,OUT,0.14330963165624575,0.02797744126756847,0.0018870833443642699,0.01478508184987817,0.042461340228584735,0.11846188772512709,0.0056581182975661,0.6454594156306656
5,7,SO,OUT,0.11253705646317559,0.06414615801112591,0.0026641418022701605,0.06442800363409952,0.06495751361731698,0.26909685514102233,0.005925291898661591,0.4162449794323279
1,7,DOUBLE,OUT,0.11407061698781477,0.02946675216242426,0.0028323589740536226,0.08657755046130096,0.06893580965812916,0.14073234659578365,0.007855102587993943,0.5495294625724996
5,7,SO,OUT,0.21628380664621005,0.026843428652565313,0.002220370574913411,0.010860881939749937,0.08291864186743633,0.12416608504841899,0.005597682950687072,0.5311091023200188
5,7,SO,OUT,0.21440878283740034,0.034931538687479835,0.0023978544446457933,0.011952541119016908,0.08238140501400848,0.12068138627096307,0.005657708749776029,0.5275887828767095
5,7,SO,OUT,0.13292083264516624,0.05668256863338033,0.0020673827066581946,0.017877496443007346,0.05435801570514478,0.2831205136538033,0.0049789166114237995,0.4479942736014161
5,7,SO,OUT,0.1417022555434199,0.0422277216920021,0.0019278610680311685,0.02352506395348881,0.06492211252592313,0.23918236815242735,0.007037694819919401,0.47947492224478816
7,7,OUT,OUT,0.16620775423524364,0.06153770527818712,0.001967999587681059,0.062221241409395944,0.03890332298321133,0.19356863036697047,0.007621327316899126,0.46797201882241124
7,7,OUT,OUT,0.1510879858660993,0.028779408955331556,0.001985222818086326,0.03893288045822113,0.05711536753868114,0.13163797881885683,0.005197607429973339,0.5852635481147503
1,7,DOUBLE,OUT,0.12081373093314501,0.03223084177406693,0.0018514348331124654,0.01544517323053834,0.06359934394705052,0.1807068012767983,0.0043810876097004165,0.5809715863955882
7,7,OUT,OUT,0.15208003635758235,0.03193590132550195,0.0020178324571338865,0.010692557155792556,0.09683261510369441,0.13877404076979197,0.004843219986573086,0.5628237968439298
6,7,HBP,OUT,0.12610350255990113,0.03681074953004113,0.0020819683555521645,0.02580427541784093,0.14536901263604796,0.13857450975532884,0.005594948446480983,0.5196610332988068
4,7,BB,OUT,0.16378215364737175,0.049420690299103134,0.0022830772776129176,0.01090960828624896,0.10081610311779565,0.14319294707180863,0.004888509012742706,0.5247069112873162
7,7,OUT,OUT,0.08736554632090819,0.020874633382893606,0.0018020096486827898,0.008410381370890082,0.039213598963013706,0.2390923859107748,0.00440572015521529,0.5988357242476214
0,7,SINGLE,OUT,0.1522105878868454,0.022782905720880743,0.007776442674688847,0.008136595428532194,0.04121576098019966,0.1057176968529301,0.005543419690697936,0.6566165907652252
1,7,DOUBLE,OUT,0.21837838290046785,0.022554027482733406,0.0016862636353018059,0.008099898636893251,0.03467978702973169,0.11208513051779703,0.004486978909433111,0.5980295308876419
1,7,DOUBLE,OUT,0.13248460981679094,0.026791266793406824,0.0019609704576485725,0.020051802093868278,0.07197724905963279,0.20137752710043563,0.004556821159989571,0.5407997535182274
0,7,SINGLE,OUT,0.1444277280629433,0.0239536620102074,0.002382001194556035,0.011208893507180248,0.05703938499775267,0.12459696240620427,0.004621657282239932,0.6317697105389162
7,7,OUT,OUT,0.1437109694296506,0.022127610381496847,0.0019372769215441263,0.027299241001091944,0.06616454661237786,0.1281048661342514,0.00511062373577793,0.6055448657838093
0,7,SINGLE,OUT,0.1303071407493703,0.0420450600660789,0.001765822636537796,0.01021256957529749,0.043320617586300014,0.1185244264006891,0.004308337222062266,0.6495160257636641
0,7,SINGLE,OUT,0.16863234757947654,0.03662097496092169,0.0034280224610850913,0.008558688873415737,0.03624947472395971,0.11237569006668094,0.00465609538915013,0.6294787059453103
7,7,OUT,OUT,0.13257544720688988,0.023825520813308344,0.0018748179092198094,0.011676355915691437,0.057401111517120657,0.12601328792755365,0.004597343950987107,0.6420361147592291
0,7,SINGLE,OUT,0.13603363441879124,0.024232520147649674,0.0018925722062379754,0.01311031477982726,0.04280331900010988,0.12772977054474127,0.00549925475383519,0.6486986141488075
7,7,OUT,OUT,0.12471707149943595,0.050800573164431206,0.0020236996598441636,0.010223856636103845,0.0604198563375067,0.2494957805393111,0.006702719290769973,0.49561644287259704
7,7,OUT,OUT,0.24666887930300277,0.03371518563373455,0.002800273130480532,0.012032935795486354,0.08878691173162322,0.12502718964420426,0.005626954549975317,0.4853416702114931
7,7,OUT,OUT,0.0776659500355057,0.01991919480202205,0.0017541823886801774,0.008386378773607189,0.04078924052193337,0.2510539838185841,0.004256043248632567,0.5961750264110349
0,7,SINGLE,OUT,0.21117377375457522,0.024166541331764418,0.004483678483002597,0.008350277816589733,0.03913760869309817,0.12110266425346836,0.00570955760673348,0.5858758980607679
7,7,OUT,OUT,0.1486105162210927,0.04037264776209599,0.005198510200019879,0.009129380952229914,0.03866840762905427,0.12167997330204709,0.004987450099618146,0.631353113833842
7,7,OUT,OUT,0.1427645651687243,0.027540712728350226,0.0020115156510989826,0.016165953385573684,0.0473448243708685,0.13120248914605484,0.005719776930298001,0.6272501626190315
7,7,OUT,OUT,0.20442211159706036,0.03030716210538895,0.007611281318602564,0.01137496303856825,0.04940052667341937,0.18941252513120777,0.007938880487439943,0.49953254964831284
7,7,OUT,OUT,0.14064524984551943,0.029321213930044672,0.0018826357668671745,0.018075481752102142,0.0718168719086052,0.24532287410982,0.007795340742052232,0.485140331944989
0,7,SINGLE,OUT,0.15517974824768885,0.044850454861034686,0.0022003471025018864,0.01741115422092042,0.07860364060781005,0.18808732332241682,0.006244976804757731,0.5074223548328696
7,7,OUT,OUT,0.14886509536980447,0.038571756752846305,0.0026497216888939222,0.08506281153939071,0.06588232975326784,0.23856924077762698,0.006055465341735076,0.4143435787764347
7,7,OUT,OUT,0.18396321566371207,0.02579696461579094,0.001768460722035903,0.008333998540826462,0.03805491998123794,0.11122870650028206,0.004826771362833752,0.6260269626132808
5,7,SO,OUT,0.08301951144218121,0.025555192547185916,0.0020605498718946616,0.010238369781675971,0.05591804538672448,0.29716935920409665,0.005560602091701473,0.5204783696745396
7,7,OUT,OUT,0.20413776238939724,0.03485035091619072,0.0025444162432508156,0.011349375415233188,0.07081712538287131,0.12625620072449806,0.005389157248283682,0.544655611680275
7,7,OUT,OUT,0.14490436934072312,0.018165875258810502,0.010186666721281542,0.008823152493084354,0.09151715670262572,0.11436687659632122,0.005945891303127469,0.6060900115840261
0,7,SINGLE,OUT,0.15542654001616943,0.03292647283273624,0.0033906750950984926,0.023777532591895956,0.06695488226328215,0.26732678088148243,0.00549295545746401,0.4447041608618712
0,7,SINGLE,OUT,0.19861186168368264,0.030963042200237406,0.0037511267843542,0.009471008138913781,0.08021746133114403,0.12239144782560148,0.0067297369625667946,0.5478643150734996
5,7,SO,OUT,0.17915228714566483,0.03441772991251617,0.002326006149287829,0.038487883404498935,0.062380456958475224,0.19354886185090314,0.0075450810233226116,0.4821416935553312
1,7,DOUBLE,OUT,0.18718537194202084,0.020467367193293912,0.006880946125621404,0.00943816503759845,0.08372472531879095,0.11125810009246544,0.004311168220386313,0.5767341560698227
5,7,SO,OUT,0.19151152215622338,0.0408233396221489,0.0021373298003425282,0.01017254775305563,0.08822161060333036,0.24544847211551696,0.005612191531345434,0.41607298641803697
7,7,OUT,OUT,0.15557940569064682,0.0337173275797086,0.0020170841104723614,0.00962235665283009,0.06635786682945778,0.24185715214324216,0.005301320269925546,0.4855474867237167
5,7,SO,OUT,0.18726227072590312,0.04298254771190923,0.0020120279887795244,0.012317814940852314,0.0768227530599551,0.17804154674706207,0.010982184669203384,0.4895788541563352
7,7,OUT,OUT,0.07643380139856427,0.01871364063608911,0.00236936168004763,0.008529665312385507,0.04298340264194803,0.27111925585898117,0.004751185453019079,0.5750996870189653
5,7,SO,OUT,0.11017666911399693,0.020621288103602396,0.0026198649063085473,0.009818148177337364,0.050496446950227744,0.19653337497510268,0.005672204684121878,0.6040620030893025
7,7,OUT,OUT,0.1552329827569399,0.024542305351290965,0.002429177543026163,0.03793015738654608,0.05584053222549865,0.23964475185581482,0.009692587548603127,0.4746875053322804
5,7,SO,OUT,0.229605321098979,0.04934628210604298,0.0019992876072357823,0.01144970896840795,0.09784909795289383,0.19032045908391865,0.024044406211632657,0.3953854369708893
7,7,OUT,OUT,0.1867874499586306,0.05486091416799627,0.0026427988524096975,0.01578927014521446,0.09060744507138768,0.1766940476488961,0.007487141032345461,0.46513093312311965
7,7,OUT,OUT,0.12246870721024626,0.033877063927185584,0.0023413185379790764,0.04269834337321259,0.08806902205137022,0.11584243632090113,0.009485637631471625,0.5852174709476335
7,7,OUT,OUT,0.18125395833249738,0.044602848349684907,0.0019544659323149265,0.008736867529796688,0.055477110041631354,0.11864242980817746,0.009746114997915578,0.5795862050079817
0,7,SINGLE,OUT,0.15265067436402643,0.019047846569743124,0.001966368078525669,0.015738211061311836,0.05216206890598963,0.1239817294550955,0.0058559046583222035,0.6285971969069857
7,7,OUT,OUT,0.13478995008349365,0.03498074371201606,0.0023798161196160734,0.02438745228294805,0.05573175478128803,0.14096387658570367,0.006372252054089423,0.600394154380845
7,7,OUT,OUT,0.17259391518463105,0.028842945144815457,0.0040124193083654145,0.009339105340543096,0.10287275244290155,0.12398342551117901,0.012610626133898226,0.5457448109336661
5,5,SO,SO,0.07714697910102651,0.026721208273145787,0.001746640089985204,0.008637183112474484,0.05149818924061094,0.4502351973783119,0.004998878740631806,0.37901572406381334
3,7,HR,OUT,0.178206510516284,0.039445476897584986,0.002016741152426015,0.009905584143897585,0.07761961667389235,0.20031439339714213,0.005200298384636312,0.48729137883413676
7,7,OUT,OUT,0.19849036587885233,0.04350946194590244,0.0020095043028534225,0.009612925558701817,0.06319781925474298,0.22522609793020443,0.007238201599329033,0.4507156235294135
4,7,BB,OUT,0.1618775599633748,0.036067489915341394,0.002090525757422308,0.011026435914845086,0.07599938923104578,0.2168054662373222,0.005317723682694419,0.49081540929795403
7,7,OUT,OUT,0.2353588140283155,0.05831084375134311,0.002720860407748475,0.008653829017206063,0.08245930080991722,0.1127524191244791,0.004870172503667676,0.494873760357323
5,7,SO,OUT,0.07764782563076188,0.018969887053233537,0.0023335738735386796,0.008577624149084445,0.04191322487105,0.2586967567465042,0.005063395663189923,0.5867977120126374
5,7,SO,OUT,0.14687261321340742,0.04117999980416149,0.002539205631516786,0.042648657766246725,0.062452470314622116,0.2054079779681894,0.006142165892502445,0.49275690940935357
7,7,OUT,OUT,0.1890030710923315,0.020098943579263943,0.004171279164209842,0.009998412826094389,0.09079762866222231,0.12160482628753892,0.005005714402008757,0.5593201239863304
7,7,OUT,OUT,0.1498613756372018,0.019641307650729186,0.0021539874549153944,0.009699952008606249,0.06311858406823936,0.1192950548794062,0.0070899422385832436,0.6291397960623184
1,7,DOUBLE,OUT,0.2309182156450797,0.04464584338339417,0.001958995925721662,0.012077725482438429,0.09233061233050789,0.1614562050230358,0.013417526019759199,0.44319487619006326
7,7,OUT,OUT,0.20343951217727538,0.0590693270050966,0.002830363468781779,0.009165276170188193,0.06897508119223848,0.11814961640884832,0.0048865105725613735,0.5334843130050099
7,5,OUT,SO,0.07386915778404378,0.027192626724750892,0.0016719876180103293,0.007957767623883807,0.044042954934252074,0.42463111768981043,0.00442440224387385,0.416209985381375
5,5,SO,SO,0.10458047012159925,0.024108017184373595,0.0018710298859007828,0.015540258195457825,0.05379926449395796,0.40542215259285946,0.005077383853827372,0.38960142367202377
7,7,OUT,OUT,0.1381905340254914,0.0744790222056566,0.002593350162880103,0.02716720286387628,0.07683431005414394,0.21131091199429602,0.005939978507003454,0.46348469018665217
7,7,OUT,OUT,0.1389511928614973,0.03987341818350351,0.0036410242723266943,0.023953355144991004,0.05443644226798612,0.18725463211550053,0.004562738837769905,0.547327196316425
0,7,SINGLE,OUT,0.1755133859217201,0.020915868807310157,0.002465868877014014,0.010581468672370413,0.04514980146086685,0.16853491933875298,0.00477792146426304,0.5720607654577025
0,7,SINGLE,OUT,0.18760826596708052,0.044101261942197385,0.006141534620872241,0.028564158954496842,0.05687791449272659,0.13158909503317895,0.004795321859513357,0.540322447129934
7,7,OUT,OUT,0.15967824626934732,0.02898449814350026,0.0018813446746081925,0.023935074330325816,0.0591447129457956,0.12670009542625174,0.005385927230796661,0.5942901009793744
5,7,SO,OUT,0.14053550860589395,0.028784335777156885,0.0016354202493462763,0.03950823563937662,0.07018198228872877,0.1389714958564499,0.00391801179437153,0.576465009788676
7,7,OUT,OUT,0.12389829814211274,0.036933656823325244,0.002573836387122101,0.029158032786391352,0.07126600312530906,0.1272724101854217,0.004952029438985271,0.6039457331113326
0,7,SINGLE,OUT,0.1279169976513083,0.030505003024806528,0.0019302883868854924,0.021076683129933105,0.0692626288443027,0.12209636286943072,0.004553276195189544,0.6226587598981436
7,7,OUT,OUT,0.13564545280773221,0.045246056019495356,0.0025355461086709846,0.011592062411233573,0.0603363463627621,0.27663697275416194,0.009813214605138466,0.4581943489308053
7,7,OUT,OUT,0.1340710342297528,0.06251991347170538,0.0023540955192199913,0.02214288588127346,0.05538305515545844,0.17762934786153925,0.005266138766542817,0.5406335291145079
7,7,OUT,OUT,0.13601388716186796,0.04110919394684818,0.0020151465793755586,0.010821615411603636,0.07946028966490108,0.20644233093504594,0.005976911626664356,0.5181606246736934
5,7,SO,OUT,0.20727408438551778,0.04484354400775651,0.0022422225950650652,0.010920389009844645,0.0527185036309874,0.19050162690057643,0.005752300963232205,0.48574732850702007
5,7,SO,OUT,0.12127513698812455,0.05017924953841601,0.0023312465075009483,0.017890088849667623,0.13678966615691396,0.2561582274193649,0.019259111023892654,0.39611727351611936
0,7,SINGLE,OUT,0.13775998643849713,0.03109654884350329,0.0031576355453857776,0.011697700192602663,0.1237769358459086,0.19718301694991347,0.006789123510636792,0.4885390526735524
7,7,OUT,OUT,0.10815568921082329,0.02616624069215159,0.002116057389216039,0.009844249733489253,0.06887632083926574,0.29224638510492523,0.004933736005532728,0.4876613210245962
7,7,OUT,OUT,0.12323641936951012,0.03917645753804305,0.0022151562578466106,0.01964861346686266,0.12591392868485776,0.22476168812650635,0.005852667311864722,0.4591950692445087
2,7,TRIPLE,OUT,0.1754178350143309,0.03650731998294708,0.002026429267711689,0.010418424126122712,0.12613680387541185,0.1833959244954144,0.01721169088605188,0.4488855723520095
0,7,SINGLE,OUT,0.1896609470740469,0.07122996753272909,0.002726436619028095,0.013010604573280267,0.1097596770024757,0.1577255878333014,0.008768208768616021,0.44711857059652255
7,7,OUT,OUT,0.1821032280063213,0.058857362374810374,0.002109826604386046,0.009383586923169913,0.06814185727206719,0.12365351209726376,0.009402800539241316,0.54634782618274
5,7,SO,OUT,0.1298269912751423,0.017472381897300514,0.0023289961309317965,0.008330910884059751,0.057669462539606406,0.17581897975150074,0.00429936305739362,0.6042529144640648
1,7,DOUBLE,OUT,0.14822181227897827,0.029171596354332342,0.002479253665383669,0.024002634616051344,0.07607419344913638,0.2736241265380535,0.007421157250811028,0.4390052258472534
7,7,OUT,OUT,0.15889422621730032,0.02251521737376054,0.0021204027265476154,0.00987404059382932,0.051088587361183393,0.11922942983287543,0.005627080660237702,0.6306510152342657
7,7,OUT,OUT,0.18808251127065745,0.01830746846929866,0.0021197677392857392,0.018823547354880035,0.05649691794968479,0.10816957560556822,0.004567934459361252,0.6034322771512638
5,7,SO,OUT,0.17700009045989623,0.03241207067269297,0.0028777932422080856,0.010834721493574588,0.0632468242635407,0.24926191829430683,0.020196931759715975,0.44416964981406465
4,7,BB,OUT,0.1985032446362648,0.04086071501336663,0.0018879871110617486,0.010501449147504074,0.08864341148826688,0.201840633178504,0.016065965010094115,0.4416965944149377
7,7,OUT,OUT,0.18611878332090603,0.050845563125405925,0.002193371188766461,0.012139037523704228,0.05628234096244366,0.1355111972940705,0.004614435464224798,0.5522952711204784
7,7,OUT,OUT,0.19464722827350855,0.04454830359094729,0.0020517629903930626,0.008944797363889203,0.06116733437584352,0.12070515263767541,0.009803308278403903,0.558132112489339
4,7,BB,OUT,0.13291289277702092,0.04418980450195531,0.002308311460513104,0.02550717906714554,0.09333982372671926,0.17374370913708043,0.009779524251101483,0.5182187550784639
7,7,OUT,OUT,0.16758474234188336,0.03419104741099777,0.0024007263819748933,0.008989119295431568,0.06930234253763491,0.1304829336898492,0.030466541993737835,0.5565825463484904
0,7,SINGLE,OUT,0.13060886802622226,0.04145350821377277,0.0021640627417996044,0.00986176256771655,0.05058495969880966,0.12653313213221615,0.02432067786175418,0.6144730287577089
5,7,SO,OUT,0.11395678049288757,0.028942352976310617,0.002160864833524685,0.011013343575323704,0.04693451877173096,0.27764111123064183,0.005065286617430419,0.5142857415021501
7,7,OUT,OUT,0.12202280906422737,0.028445264182102924,0.002386462477305445,0.0132358040751142,0.0721252552296606,0.21531856216269052,0.0060267083198983894,0.5404391344890006
1,7,DOUBLE,OUT,0.13175629790886656,0.049137679298132675,0.002067484860456533,0.011942339118130002,0.09259902960655202,0.21003956581253883,0.00698633288041191,0.49547127051491147
0,7,SINGLE,OUT,0.15012065359671636,0.03551276029309601,0.003219110804679252,0.020516820058235973,0.0594791603239025,0.2388410127053749,0.005516815056855225,0.48679366716113975
7,7,OUT,OUT,0.20402534124685698,0.020128492178098954,0.0030326679854557957,0.010797622068963854,0.05623420848040544,0.19541242392198557,0.005784474053128368,0.504584770065105
5,7,SO,OUT,0.1650562947483229,0.04319175806826402,0.003077553004117546,0.009845901612959892,0.08399960090970726,0.19364235319551432,0.005546198675418654,0.4956403397856955
4,7,BB,OUT,0.12690501057959508,0.04052840196690477,0.0028560429631857348,0.011720867630117322,0.08453503266505313,0.2765736153931048,0.005036784852630675,0.45184424394940853
7,7,OUT,OUT,0.16543650638457957,0.033664698935130764,0.010666612088639787,0.009913043828260686,0.08417273625084495,0.1301375729898348,0.007773210106976515,0.5582356194157329
5,7,SO,OUT,0.11365977148870447,0.027571895083862517,0.0019093015387142331,0.01960947345944556,0.09155232906528817,0.15022322468724625,0.006477363733070132,0.5889966409436688
0,7,SINGLE,OUT,0.21795641708630467,0.034066051015843965,0.002716031927497324,0.022949772655527362,0.07781697690554126,0.14219889111437542,0.006602202158894897,0.4956936571360151
4,7,BB,OUT,0.10665362474450935,0.03665428385585759,0.004900922810891851,0.04410509971703089,0.07293473030665325,0.21690081574818088,0.004933144587817874,0.5129173782290584
0,7,SINGLE,OUT,0.27078982795477574,0.02581472759671402,0.0026335920513174084,0.011833978968277866,0.06257904364639656,0.15479708376201282,0.008778491281263043,0.46277325473924263
1,7,DOUBLE,OUT,0.2720133416923614,0.02155099279266997,0.002418474778176899,0.0092559413377308,0.03958475080083764,0.1919248767044486,0.004522821610142762,0.45872880028363194
7,7,OUT,OUT,0.1286149280749849,0.024072179225053482,0.002216656982303198,0.013244272540223118,0.0805370029500162,0.19749224818144825,0.005567691336821376,0.5482550207091494
7,7,OUT,OUT,0.23510357766985315,0.032294589021861636,0.002613286430903004,0.01152963782907649,0.0607997827174477,0.1216919950301019,0.0052157310596781595,0.530751400241078
4,7,BB,OUT,0.16587125021396087,0.05742452582280353,0.001928342306601265,0.05816096435950916,0.038491456095805114,0.18776486544946255,0.008789514892913831,0.48156908085894373
7,7,OUT,OUT,0.19264727796086648,0.0527306983020351,0.005100529035850062,0.014938319376787306,0.039923289689526895,0.1758643063009074,0.022846771608346198,0.4959488077256807
7,5,OUT,SO,0.08153189688038441,0.03685904905239998,0.0017098886556741828,0.008451525731618241,0.03614103663139661,0.43045554485328924,0.00698666108706832,0.3978643971081691
7,7,OUT,OUT,0.17208341264578855,0.06170235272260491,0.0030354135239541685,0.011208458332380938,0.0538758401830885,0.19114413804991456,0.016431837738901868,0.49051854680336665
7,7,OUT,OUT,0.12055890069718515,0.06231934450192253,0.0021568309339343042,0.015514464950248765,0.08490088160919232,0.20959163715774343,0.00588573184259786,0.4990722083071755
3,7,HR,OUT,0.20105823215234767,0.066941403675122,0.002566199857070756,0.01340045591164524,0.09248529047103904,0.16550391247086646,0.011193345650825557,0.4468511598110832
7,7,OUT,OUT,0.12441382842995996,0.04045343240817523,0.002812639018301,0.024453280620900377,0.11152489521606634,0.17484837993257543,0.004857288788779243,0.5166362555852424
5,7,SO,OUT,0.138587087692929,0.036189296491763945,0.00176261781786617,0.010951512659678527,0.06868022168932539,0.13455772989485631,0.01442882065244001,0.5948427131011407
7,7,OUT,OUT,0.13678816757888976,0.03657919456050227,0.0029064979048837513,0.012407348615623797,0.06852626402323558,0.14822463372947894,0.011615250992357239,0.5829526425950287
7,7,OUT,OUT,0.1798979737105406,0.05563501696561831,0.002008140766034027,0.03070389716320976,0.04094915998247506,0.18689276657137832,0.005608658006768306,0.49830438683397565
7,7,OUT,OUT,0.18664590669798456,0.046554541919856494,0.003317284927080142,0.011441275084919886,0.04137384981360663,0.13411833011524554,0.005203651335938733,0.571345160105368
6,7,HBP,OUT,0.13702971679512252,0.020870653526478305,0.0023767555341682894,0.040087534804743225,0.0759895267947151,0.2637642595339313,0.006289665653662441,0.4535918873571788
7,7,OUT,OUT,0.18372614478707727,0.02145163359725585,0.0019321366353607283,0.015219640491086638,0.06557600816334529,0.11521675310050246,0.005629277477010508,0.5912484057483613
1,7,DOUBLE,OUT,0.1562246526284648,0.03875337323067483,0.002323143552738476,0.01690381345969321,0.07207316786312193,0.11253893027519962,0.008087952934678481,0.5930949660554287
0,7,SINGLE,OUT,0.23386709098459205,0.026996912517753196,0.002111826016885121,0.008562582165172784,0.06510779890171786,0.10653509193538524,0.011094197946572387,0.5457244995319215
0,7,SINGLE,OUT,0.18316035645619422,0.031116715079723387,0.002325042072449172,0.03227449403863042,0.08195978114282852,0.19946644069844027,0.008809078973092412,0.4608880915386417
0,7,SINGLE,OUT,0.19425823930855998,0.019537331722396408,0.008609743874476071,0.009976647802520533,0.06944065259815234,0.12093640965201095,0.004587844985427703,0.572653130056456
5,7,SO,OUT,0.13201407806824716,0.04492165183326544,0.002050867243506051,0.016287835564831786,0.0717688220417008,0.17067445951134091,0.004801854474200709,0.5574804312629071
7,7,OUT,OUT,0.10785550349850147,0.024589589674699357,0.0021848078809609942,0.011397056561567954,0.06165613555303742,0.31736774048172917,0.0051372834921839155,0.46981188285731973
5,7,SO,OUT,0.11556254189736591,0.024201581752494674,0.0019315026692541268,0.025746880108625008,0.07187938824869808,0.2103507358030791,0.0070940372473064185,0.5432333322731767
4,7,BB,OUT,0.17019120839634402,0.04404107161556736,0.0028620912812871518,0.021448277004297252,0.04691567864033269,0.24562508540391234,0.005489899070973808,0.46342668858728536
7,7,OUT,OUT,0.1596367451097126,0.02194987839735604,0.002718351885877546,0.010266159803295496,0.0549402121409695,0.11832305625591075,0.005971481828718865,0.6261941145781591
5,7,SO,OUT,0.19032546745126386,0.037173615405917376,0.005038870447366701,0.01226240720466574,0.08498171191374145,0.20711699514212653,0.01101897304470463,0.45208195939021373
7,7,OUT,OUT,0.12203437382174848,0.03073655927043391,0.0019191324978679873,0.009305238323357353,0.040966579187822816,0.17874874664298593,0.0046078200764549096,0.6116815501793287
5,7,SO,OUT,0.1273599346753311,0.051183601233309894,0.001973850506608922,0.0807026123431159,0.06724751470903642,0.3041929766623002,0.005011168596794437,0.36232834127350316
0,7,SINGLE,OUT,0.1491371623980441,0.025796536846846838,0.001682018305108949,0.012717820915747144,0.0425987934035761,0.12309119875033918,0.005395086152059541,0.6395813832282781
7,7,OUT,OUT,0.1303943679797092,0.032835564712465536,0.0021881879501373085,0.00775313723599306,0.04465150710008033,0.12055926774894522,0.020768083448081995,0.6408498838245872
5,7,SO,OUT,0.12138888574342552,0.04679826033794275,0.0020388663199235385,0.01088501720966369,0.09108943091131728,0.1811629540806988,0.007710911329648441,0.53892567406738
7,7,OUT,OUT,0.1255647928878661,0.01930739665018973,0.0033938171948781643,0.00900160465914751,0.05995829990296411,0.18827891782170558,0.004272544015318355,0.5902226268679304
7,7,OUT,OUT,0.1582739326317075,0.04307187165605141,0.002337456094882752,0.00926998035667499,0.082577942736386,0.12253153909868164,0.004749651799094501,0.5771876256265212
0,7,SINGLE,OUT,0.13059143475909676,0.0272016821381523,0.002270934948719856,0.008623910251182117,0.06376414285952865,0.19437228279451066,0.004493634217624602,0.568681978031185
7,7,OUT,OUT,0.1941308888532149,0.03372508424792139,0.0025958371503349165,0.011493676477264975,0.08984910318979338,0.2508440695001248,0.005088875381774175,0.4122724651995715
5,7,SO,OUT,0.14301108036277166,0.04257627179759576,0.0021127166042649785,0.010460424611180071,0.11126307859692341,0.1848603778692676,0.0051351021258149035,0.5005809480321816
7,7,OUT,OUT,0.1543314560696797,0.04619069377738076,0.002392321547853449,0.013661204922416712,0.06742613500216027,0.25008479837251063,0.009382574110438385,0.45653081619756025
7,7,OUT,OUT,0.13105103645791838,0.030183678536617273,0.0031113491052308716,0.008702820493460453,0.07699824382349595,0.11631229388113491,0.0094170270840463,0.6242235506180959
7,7,OUT,OUT,0.14264643812235253,0.024622818569544194,0.0036358862883458004,0.009719052671812651,0.0735392590154062,0.14290504970054452,0.005674141658285765,0.5972573539737083
4,7,BB,OUT,0.13989444827785785,0.03444676796062669,0.0021778158528892835,0.012408955839304299,0.08973591860655407,0.19532621718263904,0.009479597488462846,0.5165302787916659
7,7,OUT,OUT,0.1180624256850235,0.02361759415235536,0.002225499910664292,0.010439490614185504,0.06452532417601915,0.1785688500903751,0.005616781980759357,0.5969440333906179
7,7,OUT,OUT,0.14994935993457115,0.018901044534819094,0.0023133468186623844,0.05595198560590569,0.07577096586014048,0.2181902828282334,0.005573179258085011,0.4733498351595827
7,7,OUT,OUT,0.19117801865626127,0.027283818016932523,0.0024822162000873718,0.011184978516040483,0.0874012530386425,0.20391757120640994,0.010593166234092453,0.4659589781315336
7,7,OUT,OUT,0.13476549457582432,0.02408973805424459,0.005016057302225116,0.021673514314496933,0.07335834470035074,0.15728331389403186,0.006668878565485926,0.5771446585933404
7,7,OUT,OUT,0.17415161096696982,0.020452881188663983,0.033122389409784396,0.008976961201295555,0.04949934536234841,0.23683863251586046,0.013341565644281005,0.4636166137107966
7,7,OUT,OUT,0.20207313775824154,0.02448708929493561,0.0019889436703862304,0.019291844819548282,0.093488673941329,0.13087197037630763,0.00457558925283122,0.5232227508864205
5,7,SO,OUT,0.19769740184347487,0.02223950193665556,0.0024584697285353935,0.01477905832746023,0.052806091398967796,0.10861385897173441,0.0043053711610468995,0.5971002466321249
7,7,OUT,OUT,0.2213343939061999,0.024906512375755238,0.001956752263660162,0.01685460031972947,0.0504014040756612,0.18246718353624763,0.007058204233838311,0.49502094928890794
5,7,SO,OUT,0.16805109359291373,0.030555940510488724,0.0024303591454001095,0.012734067446311228,0.06766261644491593,0.19310518188315662,0.007429591655789381,0.5180311493210242
7,7,OUT,OUT,0.18954687800219747,0.038299010368492876,0.002481035468553331,0.010433385213724085,0.11911433436661305,0.2574084317598976,0.011504414271796276,0.3712125105487253
7,7,OUT,OUT,0.1354924878127135,0.027016108030202123,0.0018063289539229236,0.030113782675698406,0.06681363990003898,0.1085532214757001,0.004745908297027156,0.6254585228546968
5,7,SO,OUT,0.1959606060098768,0.028473161767405816,0.0017795551420339353,0.017516583950024704,0.05863089507864153,0.11263441347890363,0.008132223133180287,0.5768725614399334
0,7,SINGLE,OUT,0.1409412744463301,0.049233965545941755,0.0024355634182299177,0.015049265327777308,0.11260469354199733,0.13117897715927637,0.0068380570712668655,0.5417182034891803
7,7,OUT,OUT,0.1504780224864683,0.0248182190464002,0.002628608494859658,0.012213793452903505,0.10005887028936637,0.12931403500833685,0.006211566128042964,0.5742768850936222
4,7,BB,OUT,0.15378662899794054,0.022400200873089523,0.002272756020543647,0.013993019913884878,0.09719988889041367,0.1583705455692863,0.012398513497168846,0.5395784462376726
5,7,SO,OUT,0.1904825693951518,0.03484936926834717,0.0025552513526036335,0.009619450913514738,0.04478318615329455,0.1964220479960725,0.017295365726269964,0.5039927591947456
0,7,SINGLE,OUT,0.14255114370599797,0.03224231175142786,0.0020547671039316414,0.010422420172325291,0.08525100351867618,0.26719623504955825,0.004931769271887137,0.45535034942619573
5,7,SO,OUT,0.15383817849593476,0.049993372514127964,0.0025225481288147747,0.009078033064212648,0.04027748201373292,0.2553552013499232,0.010184748519661993,0.4787504359135917
5,7,SO,OUT,0.1757380020771649,0.027584276633340163,0.0018164837924862804,0.03806653378949251,0.07880279500171677,0.1624083121327475,0.019435759234686226,0.49614783733836565
7,7,OUT,OUT,0.1883170918277999,0.0373589160517774,0.002377581781854847,0.014674417608029044,0.0775357858529007,0.28082927711163774,0.010567285000132891,0.3883396447658675
5,7,SO,OUT,0.1689947189008256,0.03186090259572033,0.001920330764973824,0.01055512992926167,0.0768660280965013,0.16775760273422788,0.006156102278563916,0.5358891846999254
5,7,SO,OUT,0.16339675635588696,0.042169053486986005,0.0018892873915693992,0.015373983473642055,0.08050000966238725,0.1275119038411964,0.004551691038845482,0.5646073147494864
5,7,SO,OUT,0.1394166019992586,0.02949563298487309,0.002116460016090173,0.01477744059082992,0.06360620161553295,0.22675983441914643,0.005631257172883319,0.5181965712013855
7,7,OUT,OUT,0.14624210336745283,0.023975549228588012,0.0020498607221269907,0.01131410273985387,0.07597124621628554,0.1930962170454553,0.004848659639189138,0.5425022610410485
5,7,SO,OUT,0.13256493202563935,0.02739384729135212,0.0022369071635526677,0.025428251370196202,0.04887804656846204,0.11787031902165289,0.018996998547556,0.6266306980115888
0,7,SINGLE,OUT,0.16894246035059146,0.02645695699669009,0.008664589909932146,0.009892950367578188,0.038088833121716174,0.19975189373690277,0.005056219128432576,0.5431460963881566
5,7,SO,OUT,0.14879607914545415,0.02949034641123707,0.0021200164004667576,0.013282755910499803,0.03660948068893612,0.22609273148743092,0.04481981996090912,0.49878876999506594
7,7,OUT,OUT,0.1627700934834682,0.03518621095348805,0.002290489712695256,0.029006302721721586,0.050548449234094746,0.29566962943036035,0.005491458469278113,0.4190373659948938
7,7,OUT,OUT,0.1390794985747494,0.05093422165051567,0.002279182099603857,0.01046522751381128,0.04780802721967379,0.2930404321292935,0.004945825852374491,0.45144758495997794
7,7,OUT,OUT,0.14911306887618492,0.045552080826987494,0.0023002922880739577,0.0536824234572985,0.07267140856489294,0.20798751580786357,0.006104555653514917,0.4625886545251839
5,7,SO,OUT,0.12325708277591232,0.026823854668357048,0.0019231438166909536,0.009723585782305796,0.1542439565284185,0.18920620517742648,0.004743434241712195,0.4900787370091767
7,7,OUT,OUT,0.13397123122602173,0.02330225988725021,0.0019683373194366023,0.060081146518411774,0.08352242516563121,0.2376847517287438,0.004724323983059581,0.45474552417144526
7,7,OUT,OUT,0.14548717904699907,0.05406573481562465,0.002535875924030377,0.01110213035317439,0.06409070119843419,0.2185309887523073,0.006292304294282232,0.49789508561514767
7,7,OUT,OUT,0.11125576853534248,0.02695019443367322,0.002358246176274468,0.02043520331744689,0.0735108663575702,0.23383686976913468,0.009325919453962224,0.5223269319565959
5,7,SO,OUT,0.07717560944059709,0.01690812823810657,0.0018694104523630183,0.007803048163048856,0.038571610864496626,0.3405872608026153,0.004754862656584816,0.5123300693821877
0,7,SINGLE,OUT,0.2084150883374055,0.05932591920361736,0.0021801006116020146,0.012440202632957816,0.10428279071618834,0.1806339952876465,0.007211800761735638,0.4255101024488468
5,7,SO,OUT,0.16125517072214665,0.055586082450285006,0.00205517556718564,0.012294362249961078,0.09542005514610737,0.199443125427995,0.005543024120096341,0.46840300431622295
5,7,SO,OUT,0.1562400741839614,0.04118225421032964,0.0028851284648953386,0.009463457542070803,0.07061145759952936,0.2282575955008136,0.004858736961844903,0.48650129553655486
7,7,OUT,OUT,0.1816470823739937,0.04725321968530977,0.0026319446231988478,0.010033675062633087,0.05015223315905155,0.2693403180930072,0.011566257723667156,0.4273752692791386
6,7,HBP,OUT,0.175894785383345,0.033699356069708516,0.001877228671956947,0.009242344306824437,0.0786778725877996,0.241170879509221,0.004837628047247514,0.454599905423897
7,7,OUT,OUT,0.20101729630137052,0.027181247194972002,0.002329025578948813,0.00928506721595391,0.04957112157694455,0.219990496753001,0.004873818702261826,0.4857519266765475
0,7,SINGLE,OUT,0.22496230626640304,0.030762631273257866,0.0020471544368015297,0.010425805916171958,0.048735631768419045,0.21876762197380376,0.010500699570718162,0.4537981487944244
5,7,SO,OUT,0.15567847458370132,0.025986037139105935,0.0018944876319561732,0.025982252358942692,0.0659796497124874,0.304900448304851,0.004842708939305806,0.4147359413296496
0,7,SINGLE,OUT,0.13172579932869646,0.039031438411700155,0.0018238881384215848,0.04077150021009377,0.067221590393956,0.29874160574098335,0.007401685208158274,0.4132824925679903
7,7,OUT,OUT,0.12377166051067055,0.025987432924254348,0.001979798056997526,0.014428900300934015,0.062340095983778085,0.2510080416925464,0.005844886135389416,0.5146391843954297
5,7,SO,OUT,0.10355236924234458,0.04169998685964903,0.0019226979909069933,0.04281477571386785,0.06889459151930062,0.32065841654725447,0.005626800501292859,0.4148303616253835
7,7,OUT,OUT,0.20116008409633976,0.05046088069938401,0.002614092003016294,0.010983187859265463,0.04972960544665136,0.24988207440756632,0.009082410059121382,0.42608766542865545
7,7,OUT,OUT,0.1460189887258127,0.04479919877987886,0.002047798703380886,0.04590472052217724,0.04782887327934417,0.1400188749940713,0.006552761034208944,0.5668287839611259
7,7,OUT,OUT,0.15337602345564824,0.026421748955725036,0.003118333147164366,0.010054409993250637,0.11847866133302085,0.13372765412168874,0.00757898780977938,0.5472441811837228
5,7,SO,OUT,0.19198304131458646,0.036703106032918806,0.0028398531707895308,0.012597747980398807,0.06511599101221303,0.2241767900623231,0.006437039057794173,0.460146431368976
7,7,OUT,OUT,0.09808790206127531,0.036669930264739116,0.00253891928195957,0.009217229343461907,0.08097625730620213,0.26303095710983326,0.012233794445244873,0.4972450101872837
5,7,SO,OUT,0.16199911255050614,0.026851246810489792,0.0022490447421925166,0.012941795948768473,0.08625153153249558,0.2965201169491355,0.007976180074296062,0.40521097139211604
7,7,OUT,OUT,0.15647874229304098,0.026711474081518728,0.004748834899915946,0.010272794244918157,0.07744432320496117,0.23503670589584935,0.008574426321233428,0.48073269905856225
5,7,SO,OUT,0.163383451773374,0.027195270992792123,0.0025070896826453718,0.010960858182694128,0.08860526738479778,0.2668942366557314,0.006128985728686833,0.43432483959927837
7,7,OUT,OUT,0.19093815032274322,0.0296963603787084,0.0020960578555407447,0.03303671561204091,0.0689901119450319,0.24209928792240723,0.00516891000758346,0.42797440595594416
7,7,OUT,OUT,0.1720092228621162,0.03038575926940698,0.0022117901290455402,0.019590120311421932,0.07531054036715329,0.19994526812097813,0.0051995011337410395,0.4953477978061369
7,7,OUT,OUT,0.18264814566918391,0.025716337547138944,0.0020334565062356397,0.010779608478550213,0.12709967257764324,0.2389196543122057,0.00533002813802311,0.40747309677101934
7,7,OUT,OUT,0.16450962623189314,0.028468612076615576,0.002376856198133276,0.012813072926563515,0.05305348126168624,0.29603642213071385,0.004954385142878286,0.43778754403151604
3,5,HR,SO,0.1201419937229916,0.03021538262477238,0.001947161172003007,0.023260056146682497,0.06432089313322806,0.3957920205868943,0.00694049554264481,0.3573819970707834
7,7,OUT,OUT,0.1435732156657218,0.025727252437396566,0.00191655909587898,0.010963270389275833,0.06847129471120733,0.17422009635007057,0.008481691149764539,0.5666466202006845
5,7,SO,OUT,0.12285647379686968,0.036759707922912485,0.0024580412355835767,0.008871169210558973,0.04156039283564558,0.22715794620854185,0.01010779446153664,0.5502284743283512
0,7,SINGLE,OUT,0.2837438563675028,0.04048093131785404,0.0018372054317076522,0.028890240673837865,0.05843253045456769,0.17102225745710384,0.004851793029670297,0.4107411852677558
7,7,OUT,OUT,0.19701850292241094,0.026392087558962565,0.00578700645166818,0.010216790933468998,0.10311039861197646,0.13944747028097507,0.006158697336805094,0.5118690459037327
7,7,OUT,OUT,0.1767949226232095,0.034135341055271266,0.0027167560805926297,0.011308024262222062,0.1288523841647568,0.16736946188199053,0.006616755082127642,0.4722063548498297
7,7,OUT,OUT,0.17109455126914694,0.026893322297527833,0.002902697379747533,0.010053987733904512,0.07224132966609825,0.12268174086957827,0.007081595198515112,0.5870507755854815
7,7,OUT,OUT,0.20458859136230328,0.04417311786816699,0.0021686701317130347,0.010765069643266366,0.07170330749410311,0.2241269042394453,0.020265106764410446,0.42220923249659137
5,7,SO,OUT,0.21040063545941828,0.040158693563469905,0.002240255030288477,0.012526103725085941,0.0615320074219671,0.20264836954628965,0.012354731965488643,0.458139203287992
5,7,SO,OUT,0.13815312885091977,0.02121037139576771,0.002623183147974443,0.027919660084507636,0.09690593468499817,0.26160330300383133,0.005124191470479409,0.44646022736152147
5,7,SO,OUT,0.16020208711964484,0.026626627891637954,0.010831294881732192,0.01015277387980553,0.04839556341400062,0.18872750220884574,0.005085256206593721,0.5499788943977394
7,7,OUT,OUT,0.14560719731987218,0.02432934291456323,0.0033002783921966773,0.009329243333487378,0.059947876156790196,0.27959448878066556,0.00481524661186943,0.4730763264905553
7,7,OUT,OUT,0.333344098467496,0.029967275179572456,0.002785647843820832,0.008686023266864535,0.11590885057533801,0.14367708489455744,0.004289874782959181,0.36134114498939157
7,7,OUT,OUT,0.1888261838018903,0.043635518896530036,0.0024632470815244382,0.010794153262071745,0.057100620334837586,0.2288221600097482,0.00631117562464005,0.4620469409887576
5,7,SO,OUT,0.19458814332601107,0.058127701355450825,0.004176953851691831,0.024989810450575394,0.1451288114571208,0.13225134564126453,0.005598758961194181,0.4351384749566912
4,7,BB,OUT,0.21200619084381983,0.028484610437445917,0.002571695627046839,0.008943564701132023,0.04091260842516977,0.181462167738446,0.024240837653177232,0.5013783245737624
0,7,SINGLE,OUT,0.16422140782175237,0.02272870914251173,0.00222125673037469,0.013972341414238042,0.1209114341146029,0.16748696497188292,0.008767466001408075,0.4996904198032293
0,7,SINGLE,OUT,0.1415512829391474,0.1056373871597997,0.002344508578707887,0.016128693220740196,0.14148178704893802,0.13165574510454764,0.0053527022518951185,0.4558478936962241
7,7,OUT,OUT,0.1769415429450979,0.03459481012804763,0.00392224762907035,0.013423212551812712,0.12309355953953212,0.24898655999257932,0.010267498228965694,0.38877056898489415
4,7,BB,OUT,0.35180475677348005,0.03831732833230573,0.0024203263301114516,0.008416872394732842,0.058836184445721126,0.16852445149423093,0.005917944279418369,0.36576213594999946
7,7,OUT,OUT,0.19212611068447336,0.030830276224937506,0.002125582184955568,0.015345889651458033,0.0988881870465581,0.132615655845522,0.004692435582368078,0.5233758627797273
7,7,OUT,OUT,0.2202721479873155,0.02150696822006558,0.002584894741375602,0.017156002390165136,0.054114729099672375,0.10696451159137171,0.004607281773080841,0.5727934641969533
7,7,OUT,OUT,0.22548000964590328,0.027446814584113327,0.0018671633351593944,0.015622575801193018,0.050726237061471315,0.1748259862407467,0.004896771035324915,0.4991344422960881
7,7,OUT,OUT,0.1510123124167182,0.046093290398536595,0.0025931034407418083,0.016060656621910613,0.14041876264732633,0.1452620054039099,0.00588176000118445,0.49267810906967197
5,7,SO,OUT,0.15938353166244953,0.02407541502366235,0.0034658223644688894,0.010481922753377417,0.09945436751212,0.1326430330311191,0.009058075098989593,0.5614378325538132
5,7,SO,OUT,0.14957931693979407,0.0212525235822361,0.0021663358445505095,0.01381366896730788,0.10216386197680719,0.17111909372721792,0.00868667656428352,0.5312185223978028
1,7,DOUBLE,OUT,0.13012457764109023,0.038759257635104134,0.0019204183810809618,0.021845692240450406,0.06826143522493577,0.12662500463028104,0.005210263967542725,0.6072533502795148
7,7,OUT,OUT,0.16342548779729107,0.031044133578002734,0.0018702082981047025,0.02138012801638352,0.057351012377893466,0.1253238513796184,0.006273425410809582,0.5933317531418966
7,7,OUT,OUT,0.2052923220830466,0.04344556166302112,0.0021009546887153833,0.011348626579060184,0.09019664788274534,0.1608560839243486,0.008439821112643022,0.4783199820664198
7,7,OUT,OUT,0.1676036265622282,0.027150770063498565,0.0019254183138335873,0.023653464013606053,0.08036708909564298,0.16336953348678684,0.028126197073878857,0.5078039013905249
4,7,BB,OUT,0.19269797638883795,0.035263885773611836,0.0022282993812869053,0.012187057179618757,0.06476455995613566,0.2770806631882441,0.007045878048728725,0.4087316800835361
4,7,BB,OUT,0.17608144127265857,0.039420847238858095,0.0025333328999062373,0.012974727177404378,0.07016244415832901,0.21547828854130785,0.008545665360899892,0.474803253350636
7,7,OUT,OUT,0.18730734805257607,0.028303624404824413,0.0035142527108292763,0.010234510023064563,0.12344317781127788,0.26158834233226697,0.010214528593545219,0.37539421607161555
0,7,SINGLE,OUT,0.18935777297939996,0.033007006462909785,0.0026653249489162734,0.009551736930435869,0.04061464585098371,0.18748459444392337,0.02147803408710942,0.5158408842963216
7,7,OUT,OUT,0.12721590293520696,0.043399689474148774,0.002496538502379247,0.00898443078718475,0.03986218676169226,0.2527222710523353,0.010079735060727256,0.5152392454263255
7,7,OUT,OUT,0.0965282957826592,0.035490788822549496,0.002708722394927271,0.009251868610742018,0.07594220423472073,0.21935918153812314,0.007332262900509351,0.5533866757157688
0,7,SINGLE,OUT,0.22202466678907135,0.027118628139846553,0.0020633247726229696,0.01501793359031352,0.07998240323112775,0.14096903445246523,0.005030862257168647,0.507793146767384
0,7,SINGLE,OUT,0.18232517649785412,0.02210034123147937,0.004586381250847686,0.01930977792295566,0.059800236364709665,0.11101917235395388,0.004666436686400382,0.5961924776917993
7,7,OUT,OUT,0.2071142292749029,0.028461237117761575,0.0021190125766755085,0.018407495205281087,0.054507066943409545,0.19970086682573,0.005575671710256151,0.4841144203459832
7,7,OUT,OUT,0.1293941259777652,0.030357353233985893,0.001770413562734288,0.026205169274157048,0.046528924443533945,0.11298748077788817,0.01941589518916689,0.6333406375407686
7,7,OUT,OUT,0.15695251702038154,0.04848865225136548,0.002006226896123453,0.024247590720595735,0.047782225450457946,0.14813398520754104,0.005196658252484236,0.5671921442010505
7,7,OUT,OUT,0.2211835530683,0.039298755488399645,0.0022539225323714544,0.015691926695224474,0.06887653560313049,0.25841034566400933,0.007691485538594826,0.3865934754099697
7,7,OUT,OUT,0.1763046920869589,0.060031060409665035,0.0020766567304232714,0.01506278544497487,0.06621003386143536,0.16613101099612165,0.005606833158603381,0.5085769273118176
1,7,DOUBLE,OUT,0.14042728473594104,0.026065683554373033,0.003278086613946028,0.010305193544536342,0.06375580047118715,0.1999879627977533,0.012935832806069686,0.5432441554761934
5,7,SO,OUT,0.1106401722032445,0.0229934115408963,0.002207061654061689,0.03819937336090815,0.03782581928296909,0.36750195388953794,0.008451420577753008,0.4121807874906293
5,7,SO,OUT,0.07536885689236004,0.019889359493125182,0.002252178415958429,0.009599478261456766,0.048598045935884966,0.3852453910778579,0.0045222162512233745,0.4545244736721334
0,7,SINGLE,OUT,0.15471002381885174,0.0458104725748481,0.004155364279198746,0.008273459989171554,0.045788452938266146,0.10900187182581851,0.005358752242528296,0.626901602331317
5,7,SO,OUT,0.13951083707016687,0.04745523178970413,0.002039716355916825,0.01804627636607914,0.07097934146018668,0.1436472155197103,0.0051246307177414355,0.5731967507204946
5,7,SO,OUT,0.134733553357107,0.03072015869709863,0.0021394472301290886,0.038983891679755814,0.07441423231828462,0.14318004507009835,0.006013259625143295,0.5698154120223832
7,7,OUT,OUT,0.14560207314180815,0.043875110645402206,0.0018424981975997774,0.015388805683907736,0.07495727586732247,0.12142102560287121,0.004352232255105224,0.5925609786059832
5,7,SO,OUT,0.19086206644478465,0.031001496953358458,0.0021951963660074686,0.009436225266479834,0.10185509690462302,0.14275299640227432,0.004627752170820379,0.5172691694916518
7,7,OUT,OUT,0.26530326762977363,0.02772141003450327,0.003104220395185264,0.009958982806673,0.06382990665371016,0.12750558293699726,0.0051507029120219,0.49742592663113533
7,7,OUT,OUT,0.17001536757383662,0.021306514825290074,0.002069060974643814,0.010176051211351955,0.06894449398116155,0.19392032578912705,0.0048202771444293266,0.5287479085001597
7,7,OUT,OUT,0.12514990697797465,0.05034768858909127,0.0018990643372717379,0.009094238210181219,0.05847064203073113,0.22232265661937095,0.0056348788879419034,0.5270809243474371
7,7,OUT,OUT,0.1417302773639909,0.04619381420468802,0.0026203599852004933,0.008915151557806046,0.047305413174788466,0.13153398383935425,0.004918167512428287,0.6167828323617435
7,7,OUT,OUT,0.14463944090377165,0.033197044352146,0.0022446381090639525,0.010544717618646943,0.13198838704018592,0.2445801651376488,0.00612694580200119,0.4266786610365355
1,7,DOUBLE,OUT,0.14116387841370426,0.03462469767937377,0.0018881548888489113,0.014955152265108278,0.06690667230924248,0.17846052725878006,0.004524087854690487,0.5574768293302518
7,7,OUT,OUT,0.16135151916989748,0.02700091591985125,0.002518951042502903,0.008897724117370864,0.07909892061317284,0.13312252049033735,0.004862522154860669,0.5831469264920067
5,7,SO,OUT,0.19427594209169996,0.0547552173799903,0.00204949226619285,0.017881624676312692,0.051425149171387824,0.12875522321151256,0.005955920707167895,0.544901430495736
7,7,OUT,OUT,0.17306112846554722,0.0471385974101737,0.0024860330490973476,0.028220372685778244,0.08652189461765923,0.22876909340618196,0.006136272251701193,0.4276666081138611
7,7,OUT,OUT,0.1494613687319691,0.0438596479223585,0.0024958477593763715,0.009497123848376244,0.05562254206518712,0.16851801538846242,0.018986593023700874,0.5515588612605695
7,7,OUT,OUT,0.15358858429828073,0.039064622762501014,0.002080889489808932,0.011416368457032162,0.11892869617678731,0.21519416265600716,0.008192056095158464,0.45153462006442424
1,7,DOUBLE,OUT,0.14594475377483246,0.05632973677933154,0.001992608042580948,0.01973155495894855,0.07241379326449297,0.12748708247812873,0.004835821549817801,0.5712646491518669
7,7,OUT,OUT,0.11254330887665803,0.03438164264218873,0.0020797318840170753,0.024248713877260315,0.061669551305582396,0.1462439544347228,0.0064131658436881855,0.6124199311358824
7,7,OUT,OUT,0.15849470176387492,0.02428749813848668,0.0018502527052886037,0.010069785216963101,0.08866214791083908,0.12281396966231375,0.004412465683918025,0.5894091789183158
7,7,OUT,OUT,0.15242054931519597,0.031288449901857585,0.0025833940824884017,0.021343513620912285,0.10537179301892179,0.1878264856668099,0.006402562295764557,0.4927632520980496
0,7,SINGLE,OUT,0.19384930420147656,0.02585456592883864,0.003547226709003087,0.009415123103549734,0.0731820708648899,0.15488295520920473,0.005063111588837251,0.5342056423942001
0,7,SINGLE,OUT,0.13670772956745972,0.03499543244688986,0.001806114687174938,0.008402981929234062,0.06373716268841638,0.14151489720569513,0.005501546897004216,0.6073341345781257
7,7,OUT,OUT,0.17633527813220767,0.026840108401384313,0.002332571065901982,0.011443055605120366,0.10044342248802202,0.24029394595032277,0.005368936718090706,0.4369426816389502
1,7,DOUBLE,OUT,0.15947999501059928,0.09355166500447548,0.002511067744186749,0.009852468346127246,0.04941543869962989,0.15726922591738954,0.00760416183611472,0.5203159774414772
4,7,BB,OUT,0.11741333818214267,0.05080662485699867,0.0031257364198740327,0.04151193437370358,0.0854626412913011,0.2361105995592252,0.004962310876246972,0.4606068144405078
0,7,SINGLE,OUT,0.08445966026069535,0.01908674277874783,0.0020737903768688446,0.009028581771235321,0.04832988932485552,0.3445228913498829,0.005421811354841565,0.48707663278287283
7,7,OUT,OUT,0.18623490125814587,0.023193239204473273,0.002607171790215311,0.008220610037652001,0.0897644799900147,0.1154235906898605,0.004413782671896703,0.5701422243577416
0,7,SINGLE,OUT,0.2264124832651172,0.0251309354894462,0.002234164997509695,0.00981649648183746,0.06883033117476328,0.12416347500587174,0.00472573949102053,0.538686374094434
7,7,OUT,OUT,0.17391011620077182,0.028511376966137387,0.0031222000540365976,0.03719294236038797,0.08874615058517708,0.15102029343491427,0.013572675372259983,0.5039242450263148
7,7,OUT,OUT,0.1270373004664049,0.03911619481564066,0.0020407440538637396,0.009596242055921,0.05904734114697021,0.24441984965877925,0.005820660434604262,0.512921667367816
7,7,OUT,OUT,0.14447047722055167,0.04773801468077507,0.0041479200208257285,0.009575210778752624,0.04721822261639339,0.11693043668208061,0.004814589493511863,0.625105128507109
2,7,TRIPLE,OUT,0.16701674171406097,0.04727861270186231,0.0019726978115512956,0.020617929932166535,0.07148289890936757,0.12974034003359444,0.004777921110351132,0.5571128577870457
5,7,SO,OUT,0.13369995035812818,0.03471823032948497,0.0021058475155050346,0.04463597295144661,0.0633901052497062,0.1406413091603396,0.005850182909513667,0.5749584015258756
3,7,HR,OUT,0.1210206224661558,0.053012252848865946,0.0026323148502918237,0.085682397141959,0.10846131375124281,0.23173202656283828,0.005076076255115442,0.3923829961235309
7,7,OUT,OUT,0.19377847926123723,0.03950259040144509,0.0023239247343921857,0.009384671745720783,0.05723985475526062,0.13514333434702508,0.006693008877090474,0.5559341358778285
7,7,OUT,OUT,0.17012486060471804,0.034878993305503314,0.0020517608778688125,0.009794233666983003,0.12723936068634453,0.19389652425780737,0.0050305955069425996,0.4569836710938323
1,7,DOUBLE,OUT,0.15655523747938568,0.03037094541907892,0.002058616588281469,0.011687736784504365,0.07024692423585353,0.19246774110978943,0.004981769174285029,0.5316310292088217
7,7,OUT,OUT,0.1558378517120577,0.031433513520120006,0.002147403242927923,0.010609400801362653,0.10568150415720791,0.270564305083853,0.006098357148600692,0.41762766433387033
7,7,OUT,OUT,0.11683613099674375,0.039920020572326124,0.0018304454489170604,0.015674947996056454,0.06742737854818445,0.11358015208835469,0.0044126776400795495,0.6403182467093379
7,7,OUT,OUT,0.1322724315191538,0.024213067779819488,0.0019457181277370316,0.016997120262656606,0.07259081484128535,0.1680654605498106,0.0054656523461665924,0.5784497345733706
7,7,OUT,OUT,0.1292753437114296,0.03469404893612171,0.0018161389000728835,0.009365598969217868,0.06813704957749975,0.14537270407529426,0.004941741014212487,0.6063973748161515
4,7,BB,OUT,0.18966937649801022,0.03152567550618562,0.0022020848657151046,0.009598771338775932,0.1152846116076565,0.1274726255368172,0.0047172611373930105,0.5195295935094465
7,7,OUT,OUT,0.2295645025762774,0.023815855044643258,0.0025770813657836535,0.009882391643285,0.08543354096797638,0.12283320567930207,0.005885873421347641,0.5200075493013847
5,7,SO,OUT,0.13174018704406507,0.02232429783582015,0.0043341808710433164,0.02929394820841616,0.11903975719688314,0.1346088926423664,0.009686055424020755,0.548972680777385
5,7,SO,OUT,0.07276145834347854,0.02003103400613265,0.001640627357898247,0.008276246621331598,0.046358995167347455,0.4080314606624607,0.0039734343251303875,0.4389267435162204
7,7,OUT,OUT,0.1347838139448632,0.04904527952769896,0.0019004053545291875,0.009070664216578657,0.06725212285907757,0.19672432442851867,0.006322644131667524,0.5349007455370663
7,7,OUT,OUT,0.1342011047945038,0.02691484153875802,0.003522755524301886,0.008904590159822721,0.08863871098367086,0.12149568133458766,0.005649632843184676,0.6106726828211703
5,7,SO,OUT,0.07660217808758289,0.021051718020458254,0.0018266121460063086,0.0096425995403178,0.04753505974498004,0.41769520776451213,0.004354538185834646,0.421292086510308
7,7,OUT,OUT,0.18066102029295228,0.02398253526330666,0.002022145243385676,0.008973097013862489,0.06447799925561197,0.12516076328206074,0.00461554646666086,0.5901068931821594
5,7,SO,OUT,0.15410878727966904,0.02799840321351859,0.0018280910042504032,0.011899604687309186,0.05663889319062677,0.16803263064047416,0.0045479029319336894,0.5749456870522182
6,7,HBP,OUT,0.15082837687989037,0.024820094886432005,0.0019964570423399875,0.01210366831712213,0.06088194694163164,0.2146060590568084,0.004940276049071842,0.5298231208267037
7,7,OUT,OUT,0.14243116876928943,0.03466834411185487,0.0019711890682059348,0.010012748703836734,0.14578725182479177,0.15669331015454174,0.005247463102749836,0.5031885242647297
5,7,SO,OUT,0.1181715193179118,0.022622946425399415,0.0022054997642881437,0.03708590783217478,0.042077210909517666,0.3730340427231719,0.011128539147539118,0.39367433387999723
3,7,HR,OUT,0.1397877398199752,0.0326528650677022,0.0020637382421470076,0.030777675840701072,0.04820517191352396,0.33657182757971327,0.005432056308959876,0.4045089252272774
0,7,SINGLE,OUT,0.15145949964243793,0.04760100508804197,0.002433836504244817,0.010595378966179382,0.05310275864932908,0.2906233396904937,0.005298383441618163,0.4388857980176548
0,7,SINGLE,OUT,0.16692609348629192,0.02531559816325383,0.0022717241517596415,0.009761540964373608,0.05329745267860238,0.20453979142111298,0.005485680451492517,0.5324021186831132
0,7,SINGLE,OUT,0.12586395759164687,0.026797158603624364,0.002059845484410752,0.022096703732560608,0.07786555509792556,0.2098147489167811,0.009764835054315413,0.5257371955187354
7,7,OUT,OUT,0.08562753233894589,0.018253002584495623,0.002024172496610496,0.008410568653340764,0.04098551997298997,0.370434224370969,0.004831358073384766,0.46943362150926343
7,7,OUT,OUT,0.13320821267704,0.04976430370952784,0.00192847750418929,0.010428492806809747,0.085416922346428,0.12748995425737747,0.004776419179045539,0.5869872175195822
7,7,OUT,OUT,0.15210531746961933,0.06375827812007717,0.00221443061712748,0.017518905952129377,0.07287429305919972,0.2201297664043376,0.005741111618864106,0.46565789675864533
4,7,BB,OUT,0.13636652966967738,0.04209116065537173,0.0023754821325122468,0.011556204558945215,0.05957446577340319,0.26428600559491755,0.004511917317133069,0.4792382342980397
7,7,OUT,OUT,0.1919136975637936,0.026386741514196142,0.004150778123670359,0.011952270036869812,0.03788441143015504,0.17895464227117058,0.005679538551896352,0.543077920508248
7,7,OUT,OUT,0.1731954275085847,0.03296067673768541,0.002119846524682161,0.012830481105866487,0.03687892769370137,0.2205652804078054,0.03023970639846291,0.49120965362321156
5,7,SO,OUT,0.15823285046766672,0.03259558681598296,0.0022777901272389967,0.031141899993924964,0.04935393653487678,0.30325899794927896,0.006178385413811778,0.4169605526972188
7,7,OUT,OUT,0.1436754298244448,0.04094766223612449,0.00211683905453755,0.038916824684080496,0.10118606870883828,0.22449172499824638,0.005082511762454093,0.44358293873127386
7,7,OUT,OUT,0.12923727958602588,0.024401834491300962,0.001934822533059173,0.015281220980102544,0.11069412212445379,0.18839268550670407,0.0045059892730741295,0.5255520455052795
7,7,OUT,OUT,0.15081444984815914,0.02887580844282461,0.0022007836077374485,0.014305319102385096,0.06247976274377286,0.19520728814901367,0.006050952714650243,0.5400656353914569
7,7,OUT,OUT,0.14269825037825826,0.05785215842523474,0.0021150770982274474,0.00926600855697409,0.048671969615107155,0.2749278304567508,0.005141467998068258,0.4593272374713792
7,7,OUT,OUT,0.1952768864409863,0.028332805433965012,0.0028796451565330904,0.011591617631151093,0.05209133819871908,0.22824103492037112,0.005901555729950156,0.4756851164883241
7,7,OUT,OUT,0.1376719402241915,0.03273406556609439,0.0021558422247809073,0.026276864906759137,0.07432087468461515,0.22218924694820105,0.008194486578046471,0.4964566788673114
7,7,OUT,OUT,0.18103247640403913,0.02529608007404776,0.0020524171570271417,0.04631572512259854,0.09274298394269039,0.20739478187401372,0.004856490780493024,0.4403090446450903
7,7,OUT,OUT,0.19491291084298135,0.037713303752708593,0.0020516379336532374,0.011383337649271739,0.12761312334592312,0.17197948278189804,0.007524357521112742,0.4468218461724513
5,7,SO,OUT,0.18424509329967273,0.057114201744364594,0.00198870551837519,0.011332692676405725,0.07875356406030642,0.1364444235550597,0.005123152631016904,0.5249981665147987
0,7,SINGLE,OUT,0.14223119765232922,0.041985693694939756,0.002027113564520345,0.009592089896194358,0.10214684492345344,0.268376171918101,0.005542466487720547,0.4280984218627414
5,7,SO,OUT,0.17439199800354468,0.03500207222606145,0.01907879161877267,0.010581836219973202,0.04270454707866983,0.24825482780567507,0.019824461710568533,0.4501614653367345
7,7,OUT,OUT,0.1752661504017913,0.03888732074278544,0.01691965160481127,0.010645821815359785,0.046786288541306696,0.22429481082710678,0.038933096125934145,0.44826685994090437
7,7,OUT,OUT,0.1922244873145074,0.046596186790708045,0.0020803035513843673,0.011431867933631896,0.1096849021697819,0.15434132313760898,0.007000003763949951,0.4766409253384274
7,7,OUT,OUT,0.14988832347497338,0.024824912978479125,0.005173678278341006,0.010026853465720834,0.0589159945968388,0.19248551306353462,0.01192580454443297,0.5467589195976792
7,7,OUT,OUT,0.1468088854394858,0.028452093364685762,0.002190624831011722,0.062055817261361175,0.09929963707415448,0.24989367122613731,0.005461834485041199,0.4058374363181225
5,7,SO,OUT,0.13481003036829736,0.036724090246761536,0.002040915753344296,0.009681428678183415,0.06350186770666474,0.2418216353232408,0.0062501879693065065,0.5051698439542013
7,7,OUT,OUT,0.10457256261605066,0.030471782799826947,0.0024159427088170553,0.009395839319716628,0.044270971632302654,0.1250098821981685,0.005465050626384447,0.678397968098733
0,7,SINGLE,OUT,0.13433623237104317,0.019361541807472734,0.0017688251116875055,0.008455031278584442,0.08200428320655215,0.1557575211885843,0.004979541108942705,0.5933370239271331
7,7,OUT,OUT,0.15462673216863793,0.022793126478713677,0.0040530434091286685,0.009654119894951447,0.08865287702679825,0.12922287551575842,0.008070701054041455,0.5829265244519701
0,7,SINGLE,OUT,0.23613747016986564,0.025213029881483818,0.0024509259590796925,0.00926741525854477,0.06534118023911326,0.21111714432392611,0.00503577986717717,0.44543705430080954
7,7,OUT,OUT,0.1356991698168059,0.021552862216279518,0.001965320686104534,0.010294950972982006,0.0934416210126275,0.2646413213476711,0.005250530049167083,0.46715422389836225
7,5,OUT,SO,0.10686697402090481,0.024550291547408662,0.0022800704290042643,0.05294485592938875,0.12114969470997741,0.38291824323129126,0.005440019353748556,0.30384985077827625
7,7,OUT,OUT,0.23724681062941255,0.06645288045492877,0.0020675049395319175,0.012454447931634428,0.07375276295235689,0.15063758197507812,0.005952160705024864,0.4514358504120323
7,7,OUT,OUT,0.13625649689382557,0.03681902750060193,0.002098361345069334,0.05477530157036005,0.08108871511292186,0.16222309574128627,0.006718964367245882,0.5200200374686891
3,7,HR,OUT,0.16559382797781197,0.024582757230258094,0.0018444727715209756,0.011114907006894976,0.07791889755370253,0.1327270112088466,0.004385540889077106,0.5818325853618878
4,7,BB,OUT,0.14349911743260121,0.031115226233577424,0.001998851976934166,0.014176855650379254,0.08777714801854172,0.1664071070942951,0.004773973290124582,0.5502517203035466
5,7,SO,OUT,0.1348874541080382,0.022765101276174073,0.00262008074799515,0.009420077824050245,0.059573627691068685,0.2109291319676321,0.01809962672348036,0.5417048996615612
5,7,SO,OUT,0.1143405113849396,0.03509338317836792,0.0029862109232683086,0.009790065687427841,0.08309179711612681,0.22877902417740686,0.005492841083477727,0.520426166448985
0,7,SINGLE,OUT,0.1468763501670098,0.0340392744979134,0.002700207872822645,0.016748179740534944,0.09277973052018497,0.22165923435318327,0.005346255244775194,0.47985076760357576
5,7,SO,OUT,0.14662411542120246,0.030158839697867996,0.006867111191303252,0.01354109079157959,0.08063844912974377,0.21953353097392894,0.00583423014796788,0.49680263264640623
7,7,OUT,OUT,0.1424299312970636,0.03246092715848786,0.002683897113695901,0.013757149985125965,0.0776139564500717,0.22617718842441883,0.007363460220121673,0.4975134893510144
5,7,SO,OUT,0.15888943808209963,0.03700148098028182,0.015693545180601162,0.010537297986538156,0.0422902263601895,0.24756664983688775,0.03152288401233671,0.45649847756106526
5,7,SO,OUT,0.12169405068258925,0.027555848634863274,0.002100837026266729,0.028419790023927048,0.04071022184174301,0.355846998126536,0.007282475831704182,0.41638977783237063
0,7,SINGLE,OUT,0.23914381022372974,0.026455497396287123,0.010475046859370844,0.013723082664453259,0.03766583774462186,0.1965082985144411,0.004811632654504868,0.47121679394259136
7,7,OUT,OUT,0.1751816040100838,0.02520290901598166,0.002141365850355089,0.016139689654054396,0.03813241637336503,0.23030666788606982,0.012500254283285673,0.5003950929268045
7,7,OUT,OUT,0.13632842008578386,0.02638164886978331,0.0017878078654968148,0.008699893095174736,0.08570487293446333,0.1624413886938697,0.004765782341608886,0.5738901861138194
7,7,OUT,OUT,0.14670035086176658,0.042172519640211355,0.0021643083276166614,0.033231999439488055,0.0863087958144072,0.202101335545904,0.005171201965338933,0.48214948840526717
4,7,BB,OUT,0.1209788872307297,0.02337078017509603,0.0019671571542173856,0.010769054164918836,0.11107147090501289,0.19374777407668795,0.004650574583288185,0.5334443017100491
0,7,SINGLE,OUT,0.20674945139049739,0.038033705018082266,0.004257855975574456,0.012211877173623162,0.07811504469524326,0.19376192928320454,0.00524592565554424,0.4616242108082308
7,7,OUT,OUT,0.16210725930023392,0.033681308073236854,0.002095747592087898,0.03021489671557149,0.07408782014703831,0.2825202279475853,0.01121285258955026,0.4040798876346961
3,7,HR,OUT,0.17332249920048826,0.0280039825498763,0.002103636778017479,0.01905269173112804,0.11599466375587655,0.2139211995381752,0.005781707152120612,0.44181961929431757
4,7,BB,OUT,0.16371020208727668,0.03158735254494863,0.0020874643542044555,0.008344822817739248,0.06375800548413653,0.15828794368875634,0.004305800634030352,0.5679184083889077
0,7,SINGLE,OUT,0.14921709859514576,0.02777974555885626,0.0049204164798882875,0.010252064729123895,0.06006033086287349,0.20271577924556186,0.009984071691177347,0.5350704928373732
5,7,SO,OUT,0.14408199666386612,0.039259456900230916,0.002036378672392456,0.060648419387200996,0.08314781376099137,0.1988155962822156,0.004961519734378444,0.4670488185987241
7,7,OUT,OUT,0.18863675557097992,0.024741626431921206,0.0037566685967662617,0.011033229881186867,0.07086441490577898,0.18622483977429488,0.005303484153987059,0.5094389806850848
7,7,OUT,OUT,0.2160328065339902,0.022287196710540212,0.0018571936157725218,0.009015828396404961,0.04442045988261592,0.2380165277678362,0.004685066262910376,0.4636849208299297
7,7,OUT,OUT,0.14046256990588976,0.028119777157336663,0.0021273534976071723,0.01840237944002904,0.0566561364520406,0.18771143469113438,0.005181143152982448,0.5613392057029799
5,7,SO,OUT,0.10473743647560527,0.02269088945145307,0.002630237090599289,0.009075442824521184,0.06108693415705488,0.29171517532785896,0.004676934703641125,0.5033869499692663
7,7,OUT,OUT,0.14206949860280504,0.05785213100256322,0.001974567811818886,0.012904181621003395,0.09175853329910395,0.2907541144027986,0.005036091487567516,0.3976508817723393
5,7,SO,OUT,0.17009058678300654,0.022387604806478664,0.010988879988573947,0.009822424081134557,0.06233045031947838,0.19912965952216058,0.008607662641978995,0.5166427318571885
4,7,BB,OUT,0.18500180767262298,0.0383887509182494,0.0019331559071061014,0.009913939572220195,0.06245818071637225,0.17471274160884565,0.007101687289329788,0.5204897363152536
5,7,SO,OUT,0.20623406991548932,0.026340848138193006,0.002480307588372793,0.016098620737247948,0.07502994600665223,0.22263742446259732,0.0050606375089530765,0.4461181456424943
0,7,SINGLE,OUT,0.13937572834606862,0.047063870216611715,0.0033812666683776505,0.012459504121042473,0.07339290024620468,0.23057740256921336,0.004739798292332434,0.4890095295401491
7,7,OUT,OUT,0.0745544554665578,0.019408317774463647,0.00491809697677895,0.00821002284740091,0.07019913294173491,0.2864762439267837,0.004136853692044647,0.5320968763742354
7,7,OUT,OUT,0.10118046859025749,0.03335615916557283,0.005023033821266462,0.010431423993232294,0.05365434806433791,0.20816276705810563,0.009066699890308654,0.5791250994169188
0,7,SINGLE,OUT,0.1142268297954498,0.022849709243382258,0.005530854352001584,0.009659788929409063,0.06249298406582929,0.2911602702871732,0.005093754823141341,0.48898580850361345
7,7,OUT,OUT,0.19610723446703274,0.020516617351935676,0.010462780912438808,0.010773615452634321,0.07495180340021075,0.15522486327897406,0.004716029913312149,0.5272470552234615
5,7,SO,OUT,0.14042040925204213,0.02778038805446168,0.0028999168582358177,0.01636028660149829,0.05946227627615551,0.1989383012572346,0.00489810775853411,0.5492403139418378
7,7,OUT,OUT,0.16219358296790842,0.03885076834617069,0.00600814062288571,0.011221524381243375,0.06887502604781146,0.17419172754206838,0.004671849632214638,0.5339873804596973
7,7,OUT,OUT,0.14638456839251496,0.03939835165026047,0.0023997199343474196,0.018161992527553957,0.07271403591196596,0.18379831080588607,0.005048285840644826,0.5320947349368265
7,7,OUT,OUT,0.2262333391131372,0.02316895187792744,0.0074219695281312024,0.01821910120470766,0.041788934261324434,0.14327055969733937,0.004826613058355323,0.5350705312590773
5,7,SO,OUT,0.1456046190608515,0.03466358108913277,0.0020098219276803884,0.015733685924516298,0.08839190437460769,0.2721429117837799,0.0045063586989979075,0.43694711714043355
5,7,SO,OUT,0.09208913091048715,0.026159249893579494,0.0032229271567302876,0.01253833359418288,0.09181245845719103,0.20429097036661426,0.008546933432879416,0.5613399961883355
7,7,OUT,OUT,0.18196744778008228,0.022559680068009114,0.008903078584172809,0.009137384530500586,0.07614402337398211,0.15739191397272592,0.00494985646776078,0.5389466152227663
7,7,OUT,OUT,0.15044328628478082,0.038658111567029495,0.0032753870564363875,0.015386428940025555,0.07840941724765525,0.18547210262996933,0.004657281029896861,0.5236979852442063
4,7,BB,OUT,0.1630844142732339,0.04337379779094676,0.00708226524386463,0.01296488249217153,0.0955218116718404,0.2000298643515385,0.005771246990394775,0.4721717171860097
4,7,BB,OUT,0.14353580313496506,0.03900275518017282,0.004219815881963533,0.011438925768345152,0.037105337797473194,0.11038138722678831,0.027671693786177648,0.6266442812241142
0,7,SINGLE,OUT,0.29472444080237337,0.019050011651172916,0.0017078417215866805,0.008744012050292835,0.07075915258871675,0.1265347271587277,0.004080487247371995,0.47439932677975755
7,7,OUT,OUT,0.16974889565586296,0.0384963475830825,0.004214864548583958,0.010917056173440973,0.047330955712489985,0.152906709636621,0.005395347218369898,0.5709898234715487
7,7,OUT,OUT,0.19791288696382556,0.020421714259912422,0.001959971156031765,0.00970058829468489,0.08635822881968423,0.14386712655532644,0.004698783344486377,0.5350807006060484
0,7,SINGLE,OUT,0.15554654673285204,0.04367832695879531,0.001920787791842494,0.009639255443774135,0.07523275816302298,0.15328916669217593,0.004924165403676066,0.555768992813861
7,7,OUT,OUT,0.10813938073254385,0.022141123022594918,0.001945112362363304,0.011380951134202956,0.0408461338593474,0.1670969431754024,0.0073496059557575395,0.6411007497577876
7,7,OUT,OUT,0.1328057549404176,0.03780410707695068,0.0018324018709513412,0.01493738643360314,0.041695150280180844,0.14549819386463658,0.01184716762612127,0.6135798379071385
4,7,BB,OUT,0.1567345004292715,0.02556619040148571,0.0018672348059875427,0.01287666328460614,0.04496998069932359,0.20275831510576187,0.013183063848700946,0.5420440514248628
0,7,SINGLE,OUT,0.1510005158760131,0.032226660137774796,0.0018424229388225154,0.020419550275887204,0.04154577688646958,0.11639282469129973,0.006238791759342083,0.630333457434391
7,7,OUT,OUT,0.154082362363129,0.0439674591190779,0.0032291781094593492,0.009488174760616128,0.07715302380483573,0.13174655871576949,0.004774963772477698,0.5755582793546348
0,7,SINGLE,OUT,0.14353169670528104,0.023782907132074548,0.0019757663275504025,0.01027796507771126,0.05477528462037004,0.2107149803802531,0.00476989929952727,0.5501715004572324
7,7,OUT,OUT,0.1785278713167042,0.02755324853028076,0.0027363786648626474,0.011416736930815305,0.07872851750191429,0.18070868381113658,0.005830575528146496,0.5144979877161396
7,7,OUT,OUT,0.16541421193575442,0.038016365876843004,0.002153149890350503,0.022835196107055415,0.0716755932999077,0.1390409766219963,0.020307091283168627,0.5405574149849239
7,7,OUT,OUT,0.12732943540460162,0.046107064671433454,0.0019661422372934108,0.014141571946667679,0.048952187041281896,0.1402408095967032,0.010512815937546733,0.610749973164472
7,7,OUT,OUT,0.1695437418023062,0.02527596479588155,0.0025128880441892547,0.012464923969654918,0.041223884376004605,0.11673480909544438,0.03449753410468817,0.5977462538118309
0,7,SINGLE,OUT,0.16847293606681238,0.024067334356223893,0.0017957468931280643,0.02938879926966137,0.0391929637403419,0.10762883611186311,0.05164256052680767,0.5778108230351616
7,7,OUT,OUT,0.15803038391031313,0.04092668312849257,0.004608629311294046,0.012119117824475454,0.03502684911331486,0.1051876783630786,0.016894789524642913,0.6272058688243883
7,7,OUT,OUT,0.20495056922821195,0.03254438606488063,0.003807025464551386,0.010937659093054839,0.04151875724006692,0.16750132599129003,0.005006242558168816,0.5337340343597754
5,7,SO,OUT,0.19654926888358473,0.022524641646634137,0.002042363154622416,0.010183045620471436,0.07211737400244043,0.16662882600047704,0.004961222139737775,0.524993258552032
5,7,SO,OUT,0.18199042499035925,0.042171388658500376,0.0021491470942545028,0.011794619462576924,0.06960531324678153,0.14188642077528463,0.006306001515708573,0.5440966842565342
7,7,OUT,OUT,0.22370263961645406,0.04842953215106957,0.002054873008462856,0.018110622235747324,0.08898257706568079,0.15908482304380595,0.005177074975878584,0.454457857902901
7,7,OUT,OUT,0.21523823701720823,0.03145033132294909,0.002016344065885513,0.02100494669012928,0.14915733815929796,0.11889424639010389,0.004487208897086663,0.4577513474573395
4,7,BB,OUT,0.21271068569313964,0.034020836232195595,0.0022567094658787223,0.03090080395040922,0.11749165390667078,0.14834836127070242,0.00689376018791073,0.447377189293093
7,7,OUT,OUT,0.20421873104649904,0.03098484660406145,0.002109881840643072,0.017354301662912963,0.11095844562728889,0.22217903851410095,0.004734799716972282,0.40745995498752136
7,7,OUT,OUT,0.08412738752769504,0.027487151086286268,0.006913105360113578,0.01679605707504037,0.06601118162364714,0.3211692169252681,0.004616041589027192,0.4728798588129222
0,7,SINGLE,OUT,0.15759945494879385,0.026806901548960354,0.0032779729546350968,0.02395914100604387,0.1039612788784159,0.23410840268744082,0.012423509941736955,0.4378633380339732
7,7,OUT,OUT,0.10393793322724533,0.027840563612205084,0.001992876730513983,0.009323183630650728,0.05185674863537941,0.316387784701653,0.004684349042313646,0.48397656042003884
7,7,OUT,OUT,0.19426976946151855,0.03449341339477429,0.003989892964101665,0.009609507812432189,0.05336943889787979,0.18781024635560117,0.0052015955873010505,0.5112561355263914
7,7,OUT,OUT,0.15959191856407254,0.0411190762519136,0.002020981003098279,0.009420002392559279,0.07963595246297366,0.17699583066539593,0.006842800111264527,0.5243734385487222
4,7,BB,OUT,0.22232197135282136,0.030183315923066445,0.0024054748188520473,0.007875486444553645,0.05127347602290766,0.1657146211024554,0.0040826294062986,0.5161430249290448
7,7,OUT,OUT,0.09810234266163396,0.025801759470708875,0.0027929856140265327,0.009892611369931085,0.07492527899751138,0.19724900535142728,0.02737432813687997,0.563861688397881
4,7,BB,OUT,0.1457682570612041,0.026713139482847766,0.0029855636420881475,0.010839963230702122,0.05250077844076492,0.15010034353869617,0.011248776215091866,0.599843178388605
0,7,SINGLE,OUT,0.14624860926238187,0.04411878580009446,0.0022704731238249766,0.009211399735568688,0.03894730740627892,0.1440588512352438,0.004718902938680024,0.6104256704979272
5,7,SO,OUT,0.21473475811404194,0.025721157146077298,0.0019997097587233477,0.01154532069289925,0.0487993337479194,0.16099896510442524,0.004863262646728577,0.531337492789185
7,7,OUT,OUT,0.1829258439312253,0.02234958468777097,0.007091108212493971,0.009928596882033161,0.0385724674251894,0.1285524923599481,0.004728589437310772,0.6058513170640282
7,7,OUT,OUT,0.22752716657473507,0.030312196196024876,0.002227502990216729,0.015405771698367455,0.09135236692979146,0.2469629417465585,0.004900335811024997,0.3813117180532808
7,7,OUT,OUT,0.15289694479581128,0.054350104224398725,0.0036647843807328336,0.010255044077197307,0.07512652682006672,0.2472755848597673,0.005128649303387081,0.45130236153863873
7,7,OUT,OUT,0.13628037975289836,0.04514454240219423,0.002541156934854719,0.01572888366921312,0.06787645459536751,0.2225055453317282,0.004658290699548657,0.5052647466141953
5,7,SO,OUT,0.1444601825576586,0.034297904557664384,0.002100975896833038,0.012306324607324056,0.11635480852146149,0.21125063716564219,0.005343483696722703,0.4738856829966936
5,7,SO,OUT,0.13891476683777415,0.029057461863387632,0.0020982577888763415,0.029439463724292153,0.09271024209975592,0.23925097189293526,0.01646705889263624,0.4520617769003423
3,7,HR,OUT,0.21204795745419594,0.027767344219312918,0.002496993382586382,0.012259049947036846,0.06386952823252481,0.16105371962737333,0.006438205449958543,0.5140672016870113
7,7,OUT,OUT,0.2201149415667546,0.023478882666741793,0.0019460639035389312,0.009932225895406023,0.0461085494817069,0.1761578294799054,0.0046843616376314534,0.5175771453683149
1,7,DOUBLE,OUT,0.20894627866964105,0.02117444766599358,0.004772888277112638,0.010464758460060276,0.045242319348754126,0.144736741845346,0.004826044110607397,0.559836521622485
5,7,SO,OUT,0.16867774226791088,0.03738908997236905,0.002168297203108032,0.01196610811679311,0.06434410789813692,0.24371436361916604,0.0055201291639170045,0.4662201617585989
7,5,OUT,SO,0.10435736373251925,0.0264386945318382,0.0019248304228422016,0.022323473116958842,0.07424374463491251,0.4082698791359965,0.005190924775907541,0.35725108964902497
7,7,OUT,OUT,0.17755495770958768,0.031399825774060676,0.00209791310704422,0.014135290594563636,0.05968214184829027,0.15085259507320065,0.007724319779273082,0.5565529561139798
5,7,SO,OUT,0.10299452504603926,0.02640930175783576,0.0018885521692816036,0.008849583102851253,0.04732138327000154,0.3463700489469485,0.004514525077185563,0.4616520806298565
1,7,DOUBLE,OUT,0.12438044216642216,0.04350542818213063,0.0019511457173512973,0.009288073757731696,0.05337115693938902,0.2267690814236646,0.005047588347715706,0.5356870834655949
7,7,OUT,OUT,0.20522559284625555,0.030508180840325725,0.0018711503853910017,0.023027923816059993,0.04078646295455911,0.10723783905882735,0.027047525531892568,0.5642953245666887
0,7,SINGLE,OUT,0.14231588929471617,0.02126428426308281,0.0023227846933719983,0.008908756845334377,0.0695791579204774,0.2322402095363385,0.004418454680993114,0.5189504627656856
5,7,SO,OUT,0.1394631015997127,0.036650532836776106,0.002141349995933909,0.009966136660772238,0.09100026032158726,0.2274099943717991,0.00540346966226183,0.48796515455115685
7,7,OUT,OUT,0.10224383468475086,0.022605670724537865,0.0017496177345554657,0.010430123683891377,0.07509783049371,0.28432240681335297,0.006260262615765323,0.49729025324943615
7,7,OUT,OUT,0.13792880647074465,0.06220108075218716,0.002438539567111233,0.0214147373837735,0.11142974688912571,0.14686359819673975,0.006606776321269404,0.5111167144190486
7,7,OUT,OUT,0.21346620675255745,0.031546484888720326,0.002528378740002136,0.013810147053252496,0.0648708745751419,0.15523507573023132,0.004630872326022981,0.5139119599340715
4,7,BB,OUT,0.1930430802352273,0.027537646579406216,0.0039569824840246836,0.010801615884444149,0.06797343721860324,0.2145349731124969,0.006240671138601842,0.4759115933471957
5,7,SO,OUT,0.17261228490901134,0.051684453266002905,0.0023471671972938564,0.011153187254399273,0.061855848459662806,0.17498094238443204,0.004677455565010052,0.5206886609641878
7,7,OUT,OUT,0.1389650552824162,0.041916710405962045,0.002176951404046523,0.04198244534304353,0.0688103315128432,0.20013065048081727,0.006312871702508915,0.4997049838683621
0,7,SINGLE,OUT,0.14688517194509432,0.022835990384185986,0.07468292170627275,0.01064517843722202,0.07261781230543071,0.16479432510746586,0.004639804351184958,0.5028987957631434
7,7,OUT,OUT,0.20469143287777208,0.02188967569986587,0.015695508658713362,0.01036332881840492,0.06645645835296586,0.17166131070599502,0.004970777446750109,0.5042715074395328
7,7,OUT,OUT,0.17813690679878175,0.055161624353092464,0.0023840779227449773,0.011863098496782956,0.06062604794735999,0.18914322576040346,0.0051690202849772335,0.4975159984358572
7,7,OUT,OUT,0.1770378790044252,0.03881953822896664,0.0022478976222185757,0.013566125637497428,0.07442839925040595,0.1416991569469981,0.004515643842586151,0.5476853594669019
5,7,SO,OUT,0.0794915791385201,0.02618601742013064,0.024791181823097398,0.009070241963270132,0.07700028288362852,0.22672843421173328,0.005388037678678355,0.5513442248809415
6,7,HBP,OUT,0.1003838121611123,0.02182070535757161,0.04723625126562752,0.009723245642184141,0.06231775604565142,0.1936038343175267,0.019583393065214127,0.5453310021451121
7,7,OUT,OUT,0.1894586550721078,0.03139677180426067,0.0024592461782243155,0.012080230779717498,0.08284719352442749,0.18551834485546048,0.004621814040851393,0.4916177437449505
4,7,BB,OUT,0.18003072592973174,0.0342272248811533,0.00517699851089351,0.008380913836480956,0.08391762053535581,0.13331259582713703,0.004305215441863384,0.5506487050373843
5,7,SO,OUT,0.14812772152871112,0.04486660124936758,0.0026278429452414372,0.021108194529734246,0.06538091444281428,0.191046564414095,0.010164713082592388,0.516677447807444
4,7,BB,OUT,0.12932500478099035,0.030284953444509988,0.0021115464768849297,0.03513646506996154,0.07415080954565925,0.20327662549637154,0.006216259373909894,0.5194983358117126
0,7,SINGLE,OUT,0.17113843658035616,0.03208862889170158,0.0029654048671660443,0.008938146149092765,0.08133184250308287,0.1569009781248087,0.004253782397939648,0.5423827804858522
7,7,OUT,OUT,0.1767380708023064,0.03321415351986664,0.0019010777173580043,0.01085583639433619,0.07435189530870494,0.17008592032604525,0.007130638118164495,0.5257224078132181
5,7,SO,OUT,0.22418592408956386,0.027221558599372246,0.0021813317897848798,0.02014289949727517,0.08101014328441626,0.23782058786545487,0.004858799252586359,0.4025787556215465
0,7,SINGLE,OUT,0.14942968631496487,0.03862767281538068,0.002846084989840965,0.009959060697928969,0.06453675605180523,0.2657935378151876,0.005123035754796473,0.46368416556009523
7,7,OUT,OUT,0.13953008807675912,0.05022698921684151,0.0023669639669774032,0.01592563079356333,0.06463231559298338,0.1974565986424618,0.0048144913533519325,0.5250469223570615
7,7,OUT,OUT,0.07980108665494949,0.037863275681260244,0.021838410836785206,0.008198767117042026,0.07979892633394126,0.1862902568333346,0.0042165495350885976,0.5819927270075985
0,7,SINGLE,OUT,0.11106961314635286,0.026217484071782288,0.019682160601621992,0.010939382575322893,0.050528045588059504,0.2123087039813636,0.0051941787862136435,0.5640604312492833
7,7,OUT,OUT,0.2575652793521187,0.02339965445242577,0.002349003060163642,0.009278067688908256,0.04075335097755141,0.18226554141169465,0.004613350384481663,0.4797757526726558
7,7,OUT,OUT,0.16841420929043002,0.020957545242582615,0.1837221138685811,0.009750979650158318,0.03533914247461278,0.1379551966213356,0.003907692396174365,0.43995312045612517
7,7,OUT,OUT,0.13911613286703262,0.03341389779390951,0.002190945332777301,0.011860019631016454,0.05807101452185867,0.22016255030604515,0.00535805596858925,0.5298273835787709
7,7,OUT,OUT,0.15346081216166593,0.025099766460451662,0.0076199622672092305,0.010595824074257253,0.07421342501700573,0.21371200571479218,0.009386385121818077,0.5059118191827998
7,7,OUT,OUT,0.15399102271571266,0.02163682132022511,0.007053555871233352,0.009244331668240796,0.054318295463771246,0.2109317075126997,0.004558466739796867,0.5382657987083203
7,7,OUT,OUT,0.18028650773443924,0.026615095608092616,0.022189210754234537,0.009071838798147444,0.0430319001319239,0.13953018990520732,0.00729143367869574,0.5719838233892591
7,7,OUT,OUT,0.18950199673414697,0.02850698550298211,0.009491006262937196,0.0093503290414055,0.03725170881077035,0.15840665335459128,0.005433707684311222,0.5620576126088555
0,7,SINGLE,OUT,0.15018214432141988,0.03482696943676847,0.0025581042255739834,0.0210405483236131,0.06852364222547043,0.19215471811127163,0.007642498749394845,0.5230713746064877
0,7,SINGLE,OUT,0.20701594411975044,0.028291815797975337,0.005396021939564722,0.008621698550952524,0.06693189364194177,0.1523977450843591,0.004134053794101267,0.5272108270713548
7,7,OUT,OUT,0.17465754916788168,0.026729868152873194,0.0026974543421711887,0.014136482828307668,0.04293041206889998,0.12419337819813929,0.026161478529251457,0.5884933767124756
7,7,OUT,OUT,0.17889098299190523,0.027618089814835968,0.0019132386653519676,0.016427963817275938,0.09981882283896944,0.2705825389560286,0.008110968204380268,0.39663739471125253
0,7,SINGLE,OUT,0.30413084847728006,0.024449857307456496,0.003072905610778129,0.010945225865110535,0.049865124627627225,0.1024834224617594,0.010282876756247415,0.4947697388937406
4,7,BB,OUT,0.12767982387929963,0.036732493714217024,0.0038645115020285075,0.04714835265078562,0.07103101702532888,0.20946846981817485,0.0052552905230924705,0.49882004088707305
5,7,SO,OUT,0.2394066596320225,0.022391028800399986,0.003387082938458151,0.009714983444294108,0.05975806011876821,0.1906840714127334,0.005145292857734805,0.4695128207955888
7,7,OUT,OUT,0.17793040794621576,0.022352640047690057,0.002253106026373684,0.04531600062738348,0.053157000622669835,0.2113903325354362,0.004797497505852436,0.48280301468837855
7,7,OUT,OUT,0.14237562619528363,0.032881070480401564,0.002201993414658698,0.037210495198259495,0.06854792780066656,0.20279054276210728,0.005278785636689237,0.5087135585119336
0,7,SINGLE,OUT,0.35693967299279233,0.04172285201576996,0.0017288443256101827,0.019599303992100525,0.06718274467504397,0.10795408739978186,0.005221290884302256,0.39965120371459883
7,7,OUT,OUT,0.15555899521920713,0.04230396354207486,0.0020311222345096077,0.01959386009998725,0.08689429794272299,0.14919629225531159,0.005648748212597181,0.5387727204935894
4,7,BB,OUT,0.20801654239080375,0.05343372458842137,0.0020387249014992078,0.02168458238074247,0.06121082915600982,0.25693312653354833,0.005454838546692794,0.3912276315022821
5,7,SO,OUT,0.14855802900576717,0.027971753038892204,0.002575053710942972,0.02654691930453536,0.05942979865858881,0.12816014548808982,0.005092037971980447,0.6016662628212032
7,7,OUT,OUT,0.1853848650107398,0.0423767861510799,0.0021574001091543868,0.030220152253823705,0.10158896100470115,0.21105882710006502,0.004902046787921596,0.42231096158251447
5,7,SO,OUT,0.10538768138351534,0.03403874664768288,0.004613453367692723,0.010059726667119103,0.06448556324588987,0.20846586686801738,0.005010556318487353,0.5679384055015952
7,7,OUT,OUT,0.13609525997217556,0.028432805491009593,0.0021054163806797357,0.0639258470547663,0.03760676306424528,0.15847278318885535,0.005980567551575628,0.5673805572966926
7,7,OUT,OUT,0.19431977301046757,0.030534865927109814,0.002584741319342494,0.03434181739487189,0.06126010553932878,0.21984055679849546,0.0062048364163023745,0.4509133035940816
0,7,SINGLE,OUT,0.2519058396164892,0.02965443281275916,0.0035074653009526313,0.009925275437708256,0.04188520618796942,0.13617718203828622,0.004815517253526794,0.5221290813523083
7,7,OUT,OUT,0.16155613896372598,0.02075332404233335,0.00231052434249211,0.06174425121818343,0.06989135638107581,0.16672148681788407,0.004935950981693526,0.5120869672526117
7,7,OUT,OUT,0.1469419376884873,0.033794088357329374,0.0019626157787468,0.013987059210002813,0.04840011778677555,0.20598676976860314,0.011918346628459751,0.5370090647815953
7,7,OUT,OUT,0.18655648680507467,0.033777390350827566,0.0019930582569972627,0.015117966053748643,0.11424632044133183,0.26778073790504286,0.007951057837362724,0.37257698234961445
7,7,OUT,OUT,0.2057835966127072,0.036502202677991286,0.009592014720042086,0.012219199033142752,0.042076803049720106,0.1527534034259878,0.00865444759206652,0.5324183328883422
0,7,SINGLE,OUT,0.24552211894840298,0.048536846612612136,0.0017959010072907727,0.014242277599572433,0.0413401746460259,0.19745051356266302,0.004970181390057924,0.4461419862333749
7,7,OUT,OUT,0.1856895575703999,0.043017073688708905,0.002481543565265238,0.03070033024460395,0.07694979520236371,0.1378881630962156,0.005282117315477836,0.5179914193169649
4,7,BB,OUT,0.22262212516164456,0.024144272341952145,0.003397803248607758,0.00947527521789428,0.059156430390400264,0.17972063052140214,0.005221403547089103,0.4962620595710098
7,7,OUT,OUT,0.19289903593508817,0.026526432816517082,0.0023452604963622157,0.04495662607000186,0.05259416758051479,0.18896647587382673,0.0048849804173805465,0.48682702081030854
7,7,OUT,OUT,0.1540178171185426,0.028922257080393376,0.0022681683892735857,0.041112756226609586,0.07531214763957916,0.18234823584288293,0.0051839572875605425,0.5108346604151583
4,7,BB,OUT,0.31746663508895934,0.022344389060229227,0.0017877268256071082,0.024050698835364925,0.04857401917470626,0.20681317393905851,0.006071715549144183,0.3728916415269305
7,7,OUT,OUT,0.16133217603963618,0.02972001318574243,0.002007261748706897,0.0103354034439603,0.04531222647911791,0.19137104598452181,0.015447883318651765,0.5444739897996627
0,7,SINGLE,OUT,0.18222782113619135,0.024491027830869164,0.002585428000735527,0.03373155765159333,0.08478728076100914,0.1937855004987101,0.005581600215480337,0.4728097839054111
5,7,SO,OUT,0.11534692513070395,0.04007006438477708,0.0026480936152092805,0.050714149002283014,0.08064248007856953,0.33595527846828516,0.006477391614273647,0.3681456177058983
7,7,OUT,OUT,0.18048137372662115,0.03925955780622854,0.0038699324856513225,0.020173791089581505,0.07339666875154827,0.2179431673711986,0.00809747961308944,0.4567780291560811
7,7,OUT,OUT,0.16364107071983647,0.03652153659928698,0.0025840531172225335,0.028400345534418718,0.08057888640294647,0.14016127558098979,0.005337679189316046,0.542775152855983
7,7,OUT,OUT,0.17855240668060066,0.03117900117986692,0.0020012546278627887,0.009755243888688859,0.10020549688138476,0.13439946640927478,0.004726216647603575,0.5391809136847177
5,7,SO,OUT,0.11865651752978638,0.03231021118867592,0.004914053490030192,0.011102100634935816,0.08280587424787611,0.23879277126602017,0.01035085657372856,0.5010676150689469
5,7,SO,OUT,0.19409574048911077,0.03058680279782668,0.0021381716413728705,0.012672004540033343,0.07692103785392841,0.30561865872106464,0.012051361044860414,0.36591622291180276
5,7,SO,OUT,0.2042689772557215,0.0305029643985351,0.003745687556624113,0.009016038960778919,0.04419978801487432,0.18407034527632696,0.018070164112343346,0.5061260344247958
5,7,SO,OUT,0.11478776423921916,0.02934982329413272,0.002112918451502162,0.011235675449545414,0.08425280638684829,0.14346592731443183,0.0059040895156172255,0.6088909953487033
7,7,OUT,OUT,0.13788947988447878,0.03037164013742549,0.0019504677782435044,0.010368878937208236,0.06144649421789118,0.12311857047086872,0.014350713368197697,0.6205037552056863
0,7,SINGLE,OUT,0.1703944940703109,0.02913857665003044,0.001915504807889383,0.026456002284838256,0.09925227186607535,0.2593202931865057,0.00746224743271651,0.4060606097016335
5,7,SO,OUT,0.1641016813648376,0.056617277621934116,0.0026951523968167385,0.011126576675022115,0.04914812669244439,0.1557893508779513,0.009338983240627322,0.5511828511303664
7,7,OUT,OUT,0.13309168767284127,0.02317362379103347,0.002581203800177635,0.018455550070589844,0.11185132671044418,0.24106296754971265,0.03131220997040576,0.43847143043479525
0,7,SINGLE,OUT,0.16636082722136708,0.025020469549580312,0.0028996566332667286,0.01629125745324711,0.11729525350440992,0.20630341638662972,0.014985725224064298,0.4508433940274348
7,7,OUT,OUT,0.14177387511554554,0.054368307422652924,0.0028485039299292326,0.027291425533331668,0.1276960246495811,0.14699274342157329,0.006916493808055231,0.49211262611933104
7,7,OUT,OUT,0.17264948785481316,0.0263942079014544,0.002810657340546459,0.01592876727537174,0.1325778463340703,0.21576965567477716,0.006591832231716338,0.4272775453872503
7,7,OUT,OUT,0.1923175605255021,0.0693073526136328,0.002008694434227392,0.026358940901531423,0.04634140023333495,0.1333071374510267,0.005046223451644596,0.5253126903891
7,7,OUT,OUT,0.19973803704330612,0.026283894483087086,0.0020798393152216396,0.012404337617549877,0.08191566227764722,0.14852568683709885,0.0058260254616955,0.5232265169643937
7,7,OUT,OUT,0.24146506320147054,0.023516622357955885,0.002018642732412151,0.013390776956257691,0.06092708853906279,0.23256599909404907,0.0056734861688749316,0.42044232094991707
7,7,OUT,OUT,0.11911564063218066,0.0497084656052191,0.0031605910514179675,0.013693482528340767,0.0718329510231432,0.19527250982326924,0.0055853007915676834,0.5416310585448613
5,7,SO,OUT,0.15743484471253716,0.04719707490724269,0.002566505145979567,0.020811944766056474,0.04476043265793726,0.1678866939658932,0.010625407224813801,0.5487170966195398
0,7,SINGLE,OUT,0.1996349786314484,0.0399387317546246,0.0035593569759498,0.013574772532245573,0.049245820486716635,0.13787961259698803,0.004959046119037794,0.5512076809029892
7,7,OUT,OUT,0.18098835392916282,0.04869037529330147,0.0020340956936559847,0.015849065584814026,0.06720221443980669,0.16809699822888907,0.005123613103377311,0.5120152837269926
4,7,BB,OUT,0.1490622182175664,0.03776937980615223,0.0023184815167395824,0.014290120914685865,0.11032570859411323,0.1362348314344211,0.005363276406073824,0.5446359831102476
7,7,OUT,OUT,0.09476463642499096,0.047384114551612594,0.00416852312507446,0.021640934324150065,0.07447334089636869,0.227708663746452,0.005251584871031641,0.5246082020603196
7,7,OUT,OUT,0.12484358539789732,0.03253076428805359,0.0028400524409915497,0.02138324231163108,0.07317249234716067,0.17228107061311868,0.005201486451468992,0.5677473061496782
7,7,OUT,OUT,0.15947489953865218,0.05736689815222394,0.002460687737585919,0.03866429319790347,0.07073922568791056,0.24070175387898157,0.00475807803281242,0.42583416377393013
7,7,OUT,OUT,0.1736312203666192,0.021879149339148012,0.00250891715351022,0.039573564344256774,0.09617122551357549,0.23729094069506973,0.005341570517402046,0.4236034120704184
7,7,OUT,OUT,0.15465481092590114,0.01941365773312919,0.0020984071663524184,0.04977459547796297,0.06259424873944915,0.17333630637428166,0.004518680980422784,0.5336092926025007
7,7,OUT,OUT,0.1888256893186756,0.03444528602857364,0.002345184496043601,0.014787078508659745,0.07975462181842904,0.19493999879548715,0.00894648419553893,0.47595565683859214
0,7,SINGLE,OUT,0.18143167110052794,0.024359239033004257,0.002021264978606603,0.023209247965140564,0.04821446870631782,0.24942950796052057,0.010487063147438334,0.46084753710844395
4,7,BB,OUT,0.22604495721584894,0.022202831832853587,0.0027102909215843633,0.009641007349391417,0.06505164870014095,0.18231006870785965,0.005175797505360529,0.4868633977669605
5,7,SO,OUT,0.21130188866711452,0.028757798686120953,0.0031640138990376484,0.012941180487175059,0.10347062546948818,0.19383248488012722,0.007642838847748807,0.4388891690631877
7,7,OUT,OUT,0.11610687484816898,0.02321903521155535,0.002011481541795893,0.012498866289721675,0.04363937681850182,0.17572647142993328,0.006374849599786118,0.6204230442605368
7,7,OUT,OUT,0.12026277687854628,0.03799276331066206,0.0018365004415724444,0.012965858372886474,0.041357986712730034,0.1466845283408103,0.007166164792956838,0.6317334211498356
7,7,OUT,OUT,0.16010790551593068,0.02741404616516473,0.00199777605515936,0.009285423373122423,0.07861842130971458,0.21447962945952675,0.00519154601699276,0.5029052521043886
7,7,OUT,OUT,0.17765904224489934,0.028180289385248476,0.0027773712753582903,0.010350621383891053,0.06646440608524466,0.1976802063742222,0.005967878738506781,0.5109201845126292
7,7,OUT,OUT,0.15586492513654826,0.03563625222087232,0.002092671375826364,0.019506775458209284,0.09842545292800867,0.13337780859296286,0.012460119812310495,0.5426359944752618
7,7,OUT,OUT,0.14694522551943584,0.031209877358566656,0.0019670372196877446,0.011897674640058333,0.05085874622913064,0.17504155562183168,0.013845076171825003,0.5682348072394641
4,7,BB,OUT,0.12823530612404596,0.030798768167062552,0.0017646221385129008,0.03252079475787565,0.040891904611949866,0.10823843581251891,0.011287462827948127,0.646262705560086
7,7,OUT,OUT,0.11154090986594146,0.03752376120463214,0.0019856760048691784,0.014219702899415487,0.050351819773313364,0.12920905124097712,0.010835711260420353,0.6443333677504308
7,7,OUT,OUT,0.19009758908295069,0.02873069005556759,0.003337308296050355,0.012137621927134771,0.04149065140719459,0.11689380771374194,0.02925583991784064,0.5780564915995194
5,7,SO,OUT,0.217892390605756,0.03597519303986239,0.003101108587767817,0.013129394018520611,0.04419277370196945,0.17847211712073568,0.005410139508800147,0.501826883416588
7,7,OUT,OUT,0.17690955957923032,0.021535820010318736,0.00201476567903051,0.010963087546134384,0.06688904334334252,0.15211646537931992,0.0051715011317527305,0.564399757330871
7,7,OUT,OUT,0.18416925352196267,0.031716757633104616,0.0021172972792654374,0.014168867885684978,0.06867960734904442,0.1444592825664748,0.005431460979934952,0.5492574727845282
7,7,OUT,OUT,0.0937238947217791,0.02764114768524185,0.0033246297403623027,0.013681766197802165,0.05405249568139135,0.12996237178962794,0.010438249323979576,0.6671754448598157
5,7,SO,OUT,0.17557714900417898,0.0405940494889223,0.0021173788444782773,0.02765918784803383,0.043788812197341105,0.1274296112831842,0.021169557156368275,0.5616642541774931
7,7,OUT,OUT,0.13574559944355705,0.04747866393376217,0.0026384376902202386,0.011821642877986975,0.035766308728125744,0.10144523681264671,0.0230494083504203,0.6420547021632809
5,7,SO,OUT,0.10719620224865867,0.02917280462447197,0.0022516045329922063,0.01168321866719099,0.1017365380385553,0.18791957608293777,0.0051692992529473935,0.5548707565522457
7,7,OUT,OUT,0.1775566743441973,0.029584897092506238,0.018391665939838337,0.010252911832653705,0.06809775022285486,0.15334361636233915,0.005153240003843236,0.5376192442017672
5,7,SO,OUT,0.14527628707195148,0.027712893587119154,0.003619039801619788,0.009550184002111384,0.08525775166870786,0.13085080020886702,0.004556955608324786,0.5931760880512986
7,7,OUT,OUT,0.11474678467234668,0.02176581219643206,0.0019327846753735625,0.011949243012816487,0.04184768752490099,0.15581196700950425,0.007062184549870623,0.6448835363587553
7,7,OUT,OUT,0.1147217762718229,0.039561119368278476,0.0019057369752304057,0.012178122162292799,0.043878885879489474,0.15876248911299193,0.011012621869542922,0.617979248360351
1,7,DOUBLE,OUT,0.14263286282656634,0.03532065655707789,0.0020565173331566827,0.013270426427476908,0.052746038220680413,0.20467022517715597,0.015615618539752922,0.533687654918133
7,7,OUT,OUT,0.1373468680741919,0.03548223795803791,0.0018122410710014667,0.03475364725940688,0.04014727093096222,0.11199296117351008,0.008786139570215248,0.6296786339626742
7,7,OUT,OUT,0.1747636486510377,0.027929024330141158,0.0020920956584829964,0.00900415811015773,0.0698179474260557,0.19337697047109112,0.0045791071138602014,0.5184370482391735
7,7,OUT,OUT,0.1585341113076602,0.027251263142359858,0.002628860842673643,0.010055110269117633,0.0797770455702963,0.20019581845795256,0.006225223674926966,0.5153325667350128
7,7,OUT,OUT,0.14518999849818884,0.04192147438412232,0.002026559154052157,0.02269769265946996,0.08776059703062898,0.12840254262020642,0.018199117632369477,0.5538020180209619
5,7,SO,OUT,0.09953188326058501,0.03413408282490738,0.0031715427960901234,0.018356056292881437,0.0730283910551169,0.13722938698126938,0.011475146829093875,0.623073509960056
7,7,OUT,OUT,0.12038790510201619,0.04088398838131797,0.0018041777212293765,0.015036781504542306,0.04715882195464965,0.13450291109741622,0.009710028400751884,0.6305153858380764
7,7,OUT,OUT,0.17394575948531646,0.02719677341301207,0.001883252284349259,0.010729618790505158,0.07186235546536525,0.16798566075693827,0.005154539534342166,0.5412420402701714
7,7,OUT,OUT,0.21007985236666563,0.02085060657252855,0.003422635694075775,0.01130121122513119,0.06389262233275579,0.17816306970701484,0.004760509452558205,0.5075294926492699
5,7,SO,OUT,0.09317425222865812,0.027223080377825986,0.003143258570684422,0.010080326826932514,0.06369904293463415,0.2048059431913029,0.004633948785139032,0.5932401470848229
7,7,OUT,OUT,0.13112060068018824,0.022079589321239868,0.002733480725597461,0.07694235940989039,0.042002628120487676,0.15333592542889318,0.006328668515587491,0.5654567477981157
7,7,OUT,OUT,0.22626800549778325,0.025077130803779345,0.0024029463813810175,0.009341631624476853,0.04016613659565266,0.12254685302858996,0.004254025329856319,0.5699432707384806
4,7,BB,OUT,0.1624260026110372,0.02155500135886048,0.0024132930352070096,0.048403691070393315,0.0818524297114452,0.18751585886692826,0.005103227940563823,0.4907304954055648
2,7,TRIPLE,OUT,0.15135839808069382,0.02033841812785057,0.0022719272027530474,0.06181877624057792,0.0673662689980322,0.18475607533836744,0.004934614756835065,0.5071555212548899
7,7,OUT,OUT,0.19553197113939846,0.0517661100890661,0.006796459395007626,0.01181593362951778,0.04397506046959177,0.17169017031473507,0.008450943634434268,0.5099733513282491
0,7,SINGLE,OUT,0.23720614870912862,0.041731189658420605,0.0019130105566749031,0.012787334751227505,0.047283595758995475,0.2239016230073229,0.005089032984672127,0.4300880645735578
7,7,OUT,OUT,0.20004618900378837,0.029155799721202972,0.0020806454585420233,0.012580946582324618,0.07445471732743171,0.18173819491406326,0.010179150222737984,0.4897643567699089
5,7,SO,OUT,0.19209739111500246,0.04588559232283693,0.002568188867803456,0.029881244833988463,0.08073879641231403,0.13504548083751844,0.005446744587902885,0.5083365610226332
5,7,SO,OUT,0.2347088548668698,0.025716433971740248,0.0023558698330313835,0.009841196916553734,0.06024023179460159,0.20827657722071552,0.00561146345132881,0.4532493719451589
7,7,OUT,OUT,0.17259093078059481,0.022490615969736182,0.004521730820265529,0.04385444726014303,0.06315124467489398,0.19279648918293074,0.004777675152480851,0.49581686615895487
1,7,DOUBLE,OUT,0.1561442270901134,0.03477987548074529,0.0022657062466169323,0.0416218147160981,0.06732620878427772,0.18514588267653848,0.005419005409917508,0.5072972795956926
5,7,SO,OUT,0.19265276414379248,0.024611928917875364,0.0020998215856650837,0.02124365038827367,0.05277718815574199,0.26369707710794366,0.010075876093945862,0.43284169360676195
7,7,OUT,OUT,0.20354765525544175,0.02181316148673144,0.0032710171234670003,0.00965875911085859,0.058792529981380785,0.1728465444423941,0.005740538067846475,0.5243297945318798
7,7,OUT,OUT,0.2146119059609981,0.02806316555293573,0.0028337407735635005,0.01417051748522559,0.08702547281772226,0.21061299344012413,0.006628815675309583,0.436053388294121
7,7,OUT,OUT,0.12942343607727272,0.019723233160876773,0.011073640157460863,0.009203751214716662,0.05833396677729058,0.19115598556418137,0.008227509369740317,0.5728584776784607
5,7,SO,OUT,0.14281679090344138,0.026472233901355866,0.001981870095659845,0.009550533247796983,0.07011460202047855,0.2080643483799884,0.005610343452501818,0.5353892779987771
7,7,OUT,OUT,0.1288455153807618,0.019821646662276093,0.0043004514690793425,0.011204626693455014,0.06460002635249103,0.16635644593598356,0.005469608302888195,0.599401679203065
4,7,BB,OUT,0.13900147061471185,0.02284627419780259,0.0020200447025814972,0.014980977182915979,0.08427367488202327,0.15900422784297136,0.011921808900645857,0.5659515216763475
4,7,BB,OUT,0.13273101844950147,0.021041682259264418,0.018771332501710928,0.011566633227615785,0.04405498448830533,0.21377316880826752,0.06345728148402215,0.49460389878131233
0,7,SINGLE,OUT,0.1626387212368377,0.018758460719094854,0.0026955828103598267,0.00864424710103136,0.0767335926466395,0.14780343804531823,0.010743580589181062,0.5719823768515375
7,7,OUT,OUT,0.13211372549529743,0.03630779835713079,0.0020991421482176977,0.021926252775550683,0.04992593672712591,0.11973246119100074,0.010224285696711003,0.6276703976089657
7,7,OUT,OUT,0.16328808785127644,0.030043523344647168,0.0019063300384376967,0.06104739659023697,0.041487874042068454,0.1126722296444881,0.04600273085706385,0.5435518276317814
7,7,OUT,OUT,0.1483265599527013,0.0361070949870671,0.002308269867507634,0.012179108850258443,0.03726307528232032,0.10657260453431955,0.0251682543314144,0.6320750321944113
4,7,BB,OUT,0.37546428537539406,0.01801801755655775,0.001530472490255791,0.020748885492773286,0.05565434356616443,0.1400512928712514,0.003768521851536788,0.38476418079606645
7,7,OUT,OUT,0.1437498454215872,0.023601498813915066,0.002896642564875423,0.011325631171878296,0.07792391726274576,0.1912383289967393,0.004883901519551655,0.5443802342487074
5,7,SO,OUT,0.1113152759559987,0.023494407531669644,0.0023579440127304125,0.010623133490769612,0.051931512194052946,0.3288159219762371,0.0045521495754671255,0.46690965526307426
7,7,OUT,OUT,0.14213283505563046,0.02937524219191921,0.0018898795777435868,0.00900368062257678,0.06633974946823754,0.14674151786063339,0.005361949291251243,0.5991551459320077
7,7,OUT,OUT,0.10326518321179667,0.026423659439923388,0.0035654357615916166,0.020164952861746317,0.07105407842618029,0.24371021146641783,0.0077821957256861305,0.5240342831066577
7,7,OUT,OUT,0.13842417966383355,0.021269356798881252,0.0026090123754035624,0.009077370474862897,0.06930017829168,0.22001858252925788,0.0048989837290374025,0.5344023361370434
4,7,BB,OUT,0.15222004311242956,0.022487843232546944,0.001849424894218791,0.011363792765169353,0.07343685781625309,0.176874115870391,0.004561110289275467,0.5572068120197159
7,7,OUT,OUT,0.19005312679936184,0.03388140232131699,0.003535468073730043,0.014471581939979614,0.06635572006721538,0.1593152318952644,0.004799909797229039,0.5275875591059026
0,7,SINGLE,OUT,0.170162665658193,0.040292955623983905,0.004230453584702186,0.01059294074598878,0.0655885714897543,0.166999041834476,0.008186211652221663,0.5339471594106802
7,7,OUT,OUT,0.13449990252894614,0.034430351277559675,0.005999158029335295,0.011684433151547666,0.06242000673907884,0.23006316901628462,0.009345885983092907,0.5115570932741549
5,7,SO,OUT,0.12590869484756112,0.03248796132032314,0.003317307644758131,0.03489596667639896,0.08084443418932542,0.26314458379202665,0.006114221202650731,0.45328683032695594
0,7,SINGLE,OUT,0.13206297719136734,0.02778204875937368,0.002314888222223802,0.00862323386018317,0.04863166345403674,0.15610596098329552,0.005232813475575403,0.6192464140539443
7,7,OUT,OUT,0.1863059522688239,0.01935807026802138,0.0024117301528591255,0.008410891893307695,0.06433185409725188,0.11216064143434545,0.004244459627483775,0.6027764002579067
7,7,OUT,OUT,0.1452430115958808,0.021962922220869062,0.002882604845914412,0.009509165063723016,0.06883323607454382,0.1295566429672965,0.004641607317301283,0.6173708099144711
7,7,OUT,OUT,0.12182990240443767,0.0222388871642255,0.0018567366174073868,0.009047955018508245,0.10405575114160336,0.3405067455108351,0.004726776937979802,0.395737245205003
5,7,SO,OUT,0.1252728271309411,0.02071562726153815,0.0055098053802085266,0.010870494907796874,0.05614588814530275,0.26245441734875635,0.006618878479766871,0.5124120613456894
5,7,SO,OUT,0.13704049778845845,0.027732623484091588,0.0019566576151504697,0.00946820061255,0.06994037024694139,0.1757363320869063,0.004779965768747793,0.573345352397154
5,7,SO,OUT,0.1492834699846433,0.03771998642955102,0.0020749078268048537,0.009914554661624402,0.060308719221515636,0.2638144231589582,0.007709368093340425,0.46917457062356205
5,7,SO,OUT,0.15276856683032966,0.03608671450722851,0.0018384252295789113,0.009037177042090446,0.05798623232050803,0.24937037434009643,0.0062701056214189985,0.486642404108749
7,7,OUT,OUT,0.22379864011994596,0.07001283389350137,0.0031980354947269453,0.00979061310949927,0.05940197249493387,0.25155641814343954,0.008294011387870132,0.373947475356083
0,7,SINGLE,OUT,0.1958412711512212,0.02821232710839833,0.00208841738299281,0.009596357329411094,0.04403034875625266,0.1966137301761798,0.007967843723603703,0.5156497043719402
1,7,DOUBLE,OUT,0.2164322857524959,0.07879226724929397,0.0019118934848721028,0.016229519637740376,0.05210560985148685,0.20412375053888177,0.0049319771946327445,0.4254726962905962
3,7,HR,OUT,0.19655313724420578,0.0453270421300468,0.001926632743591696,0.024301968718477826,0.11823143365829766,0.2381768659293566,0.012919376776677467,0.36256354279934616
5,7,SO,OUT,0.12464115368265359,0.02475417270173592,0.0016413797116580722,0.136266150393946,0.048919732789709305,0.10521726967255628,0.004324113559387989,0.5542360274883528
7,7,OUT,OUT,0.13541849916168036,0.03212951785174512,0.001990710433256609,0.06802845910673867,0.07420783839217408,0.16767723836654044,0.005594249605791648,0.5149534870820731
5,7,SO,OUT,0.11512136306853284,0.03663939283587737,0.001984969896572562,0.027411908668960715,0.0983550126098214,0.13212784465306232,0.0047374390176769384,0.5836220692494959
0,7,SINGLE,OUT,0.1161060872753486,0.03026688998428383,0.0021882223203555616,0.028276303120601375,0.07219826098752301,0.14714783380450094,0.006836578567855882,0.5969798239395308
5,7,SO,OUT,0.16640798497536893,0.03876090126742789,0.0030258766048744173,0.010766778956110125,0.06288041824567762,0.20555817355238606,0.00822225013052507,0.5043776162676298
7,7,OUT,OUT,0.1512210987083007,0.03229848781069829,0.002300600873193998,0.016683287902181574,0.039813969338475565,0.2797501534964063,0.014269791682064395,0.46366261018867927
5,7,SO,OUT,0.18349067513142905,0.03148643777712789,0.002629527313017269,0.00986177202008889,0.05477845250271089,0.23383121168077112,0.005667402626037106,0.47825452094881776
7,7,OUT,OUT,0.1516599679687276,0.02712378185406274,0.0020552131965796837,0.009735205399365232,0.0838248219291978,0.24533694478605528,0.007450334146331533,0.4728137307196802
3,7,HR,OUT,0.12546953683058534,0.04629992435647191,0.002372857675925748,0.029830785760102382,0.10012472187123209,0.21457582305579545,0.004272348221454146,0.4770540022284331
5,7,SO,OUT,0.14650720995851982,0.04219217670512416,0.005815302403741765,0.011048560096058927,0.06289920333493215,0.15079443291510633,0.007148017232152786,0.5735950973543641
4,7,BB,OUT,0.30918753280524425,0.018735067487162423,0.0016879224252846358,0.007991857762635918,0.043704833859715325,0.1816567988385817,0.004028025061522933,0.43300796175985273
1,7,DOUBLE,OUT,0.291102476537817,0.02460145821002983,0.0023773470351699496,0.008565999853168494,0.07923742527408348,0.14759594660764558,0.005730496557471305,0.44078884992461437
5,7,SO,OUT,0.15066511282891498,0.026048544425990347,0.002276247620243937,0.014184491234182636,0.10012010918700585,0.2188252945026826,0.004994691440811072,0.48288550876016867
7,7,OUT,OUT,0.14000823509701144,0.034337137253915816,0.002814913205846032,0.05370950517520815,0.056582217682607086,0.25825548102437595,0.004880040300901292,0.4494124702601341
0,7,SINGLE,OUT,0.13571757505686624,0.024310140626548616,0.0025005555598326995,0.009274699880397308,0.04985373648813168,0.15525511893778146,0.005576108195920262,0.6175120652545217
7,7,OUT,OUT,0.170802840628439,0.02270695384610974,0.0021790313257290927,0.009828082564228317,0.09502737787410397,0.12834597560586572,0.004843645425244466,0.5662660927302797
0,7,SINGLE,OUT,0.18365323223639363,0.024122413262806366,0.0023518976448800013,0.00859527261060351,0.06329579113558811,0.11443429499507968,0.004339090433519093,0.5992080076811297
5,7,SO,OUT,0.14063286031831645,0.03820884517228736,0.002529642254284723,0.014642819795377984,0.09370160510890198,0.22928247449660166,0.004733413536755615,0.4762683393174743
7,7,OUT,OUT,0.17456387331182008,0.05580889469986585,0.005526518755479126,0.01075314093833338,0.08808799707134421,0.1421324508762496,0.004862161935085869,0.5182649624118219
7,7,OUT,OUT,0.16027819078615826,0.03758478992934384,0.004990785071927417,0.011649172784618902,0.06785123900625603,0.17741650725400093,0.006268741253045468,0.533960573914649
4,7,BB,OUT,0.13218843405468658,0.047345694724806084,0.002558624984367096,0.04497158831203215,0.07756981152998804,0.22071274007807956,0.004619568174393791,0.4700335381416465
7,7,OUT,OUT,0.16504528605157573,0.0259836748100722,0.002754021012017783,0.009007645211258205,0.07819963747735248,0.2190992994516476,0.005058103180380229,0.49485233280569585
5,7,SO,OUT,0.16288642320338267,0.023737169393004503,0.002415133802041151,0.012908647279634025,0.11316998201843473,0.19267666622970706,0.005159715725709515,0.4870462623480864
5,7,SO,OUT,0.1268197128723919,0.03135050070544353,0.0028484581911159476,0.037518109375586375,0.08925638686875308,0.266963000330257,0.004799041642751368,0.4404447900137007
5,7,SO,OUT,0.09136160250659948,0.026968816517833758,0.002387124904683397,0.008396025516241697,0.05810706244509389,0.30092069738879595,0.004326382401462578,0.5075322883192893
7,7,OUT,OUT,0.17746435745204509,0.03838933538561206,0.002872902538882369,0.0139624113714917,0.07377759072342988,0.1533205870528494,0.004915000810198726,0.5352978146654908
4,7,BB,OUT,0.1554304536661451,0.043061927700442405,0.003045324647771647,0.010401590308730745,0.08405620848636036,0.1593977919382591,0.006811354375613954,0.5377953488766768
7,7,OUT,OUT,0.1424357616098469,0.03479495301683805,0.0034051879206829353,0.01193713521240513,0.07517332077169357,0.2121489836676371,0.009330566240328016,0.5107740915605683
7,7,OUT,OUT,0.08364366440043523,0.021021306988937827,0.0019819074200651946,0.009431601365183184,0.048015772250695775,0.3625888792493196,0.0047536790315348965,0.4685631892938283
5,7,SO,OUT,0.14008964547145034,0.02500358797065315,0.0024826746252726204,0.009082598878474804,0.046777227981120294,0.14789414076871377,0.0059562550227472725,0.6227138692815677
0,7,SINGLE,OUT,0.17937398751375358,0.030536512658679626,0.002779296432121248,0.01001102152937115,0.10084713755926585,0.1280896298409424,0.005857419513878611,0.5425049949519876
7,7,OUT,OUT,0.18018681520265162,0.023021929884845728,0.0025576037545081446,0.009011205373256405,0.08319500320871884,0.15066337229509055,0.004562901985028094,0.5468011682959006
7,7,OUT,OUT,0.17339602891967087,0.03831430575671716,0.003140129276019643,0.009729213943548492,0.08771603603964669,0.2025080056310757,0.005111449757772461,0.480084830675549
0,7,SINGLE,OUT,0.15576508046408646,0.04505224678824524,0.0025688208029218127,0.009839170121952321,0.09983773385787745,0.24003285802415983,0.004656561258175027,0.44224752868258177
7,7,OUT,OUT,0.1499326763453432,0.03574785095219762,0.0060099699847187,0.012252733736279525,0.08080563440587117,0.12178254977299897,0.0042557075275172235,0.5892128772750734
0,7,SINGLE,OUT,0.09431486245139506,0.02384881541313869,0.0018847879336582668,0.009778511249496047,0.04042083814475996,0.17107659379839982,0.02889662421039164,0.6297789667987606
7,7,OUT,OUT,0.1439752199797342,0.04416090342272883,0.003622226255588719,0.011673447276400293,0.0686859170085857,0.2282722543039731,0.007283862302493987,0.49232616945049523
5,7,SO,OUT,0.1097756058386683,0.022805596130562718,0.005103863987596766,0.028934059302237962,0.04497192966324174,0.16193845467238652,0.006697564152487231,0.6197729262528188
7,7,OUT,OUT,0.11486440581283397,0.08667917611748488,0.0055439987937884235,0.014106867445177381,0.12061927045162232,0.15564926869982446,0.011000813245419001,0.49153619943384963
5,7,SO,OUT,0.16222850482296436,0.03977344281300873,0.00241756739586696,0.03891938052932972,0.11174992652791066,0.21907344943486834,0.005167929868287392,0.4206697986077637
3,7,HR,OUT,0.14528677457530245,0.03767765313910664,0.002722900526826532,0.041958351365331305,0.07655569354602738,0.1816103640359596,0.004744606327872489,0.5094436564835736
4,7,BB,OUT,0.1625746183385574,0.03562302400567064,0.0020302595757365604,0.010227041107761934,0.05079739002438545,0.11939619668455285,0.005219955461740542,0.6141315148015946
7,7,OUT,OUT,0.19169619869210527,0.04063064146966259,0.0027284589545263104,0.009601064816016778,0.05603567807119558,0.12322184118564229,0.004677330173646352,0.5714087866372048
7,7,OUT,OUT,0.0920433012646107,0.02034408345218678,0.001788325294571446,0.00831146541701471,0.04297580225886496,0.3994891173335977,0.00430674061526358,0.43074116436389004
7,7,OUT,OUT,0.16205596507760062,0.04796683746933324,0.003595745769832165,0.010499569605802993,0.07343207029065597,0.12630025354833907,0.006826339067548722,0.5693232191708871
7,7,OUT,OUT,0.19852632687152932,0.02626296868730252,0.0026909724656257864,0.00948037525181902,0.07164235564155656,0.17446718063447075,0.009452362780227493,0.5074774576674685
7,7,OUT,OUT,0.07373928593121416,0.025332273482310562,0.001667707334868761,0.008973600877745699,0.04231836433086141,0.2677968113371939,0.005708980172580387,0.5744629765332251
7,7,OUT,OUT,0.27248599914669824,0.028857785153670434,0.0017491718770847793,0.010232025853624524,0.04230504757970052,0.13805627056448694,0.0042942361909910146,0.5020194636337435
6,7,HBP,OUT,0.13585443404016737,0.03242937611618704,0.0017226736738143445,0.008623547929259855,0.040875948065542504,0.17717871056714463,0.00419672788366313,0.5991185817242212
7,7,OUT,OUT,0.18534695273137888,0.022928121986543416,0.003435975234542158,0.010696166605764992,0.08201687941851965,0.13670117587157748,0.011604798497945544,0.5472699296537279
0,7,SINGLE,OUT,0.12578801662662573,0.03890643583236807,0.0016824378235671474,0.02142166310858018,0.056719721190222165,0.1593815484180646,0.004727731301457963,0.5913724456991141
7,7,OUT,OUT,0.18207400083686567,0.030616696744504793,0.002014363997692381,0.009811468167066704,0.06810493706192726,0.12682741813342355,0.010285872426415028,0.5702652426321045
5,7,SO,OUT,0.14523985206442666,0.02612524501853002,0.0016866424394707533,0.009889029414424473,0.07274951327341288,0.1498431981948796,0.003996713194171088,0.5904698064006846
7,7,OUT,OUT,0.14624548456204053,0.047756616809792894,0.0019465620554942786,0.025539930583126966,0.05506065391453337,0.18652809157907696,0.005169368245692989,0.531753292250242
7,7,OUT,OUT,0.12914138022631283,0.04472903451540554,0.002089473492228937,0.03191940653524479,0.0962089519334656,0.2546471404977674,0.006932880700425965,0.434331732099149
7,7,OUT,OUT,0.18727365759411216,0.044720901874432575,0.0018684404829120503,0.015606253485210487,0.07503436420508858,0.12840513750068686,0.0048217627620796445,0.5422694820954777
4,7,BB,OUT,0.1858644973066476,0.033245205792788286,0.0021329489039430957,0.03514094091608159,0.0693887628556999,0.1402074299076762,0.011206458746770714,0.5228137555703927
0,7,SINGLE,OUT,0.19006832050377426,0.0334650794298015,0.0019283537467638923,0.016153160664752714,0.06594420264035379,0.1629479705564074,0.007436549716087604,0.5220563627420588
7,7,OUT,OUT,0.15851836878008682,0.0551038880443052,0.0033489535125201474,0.009309918080567761,0.07075702952856298,0.11932429051960144,0.006002018147694252,0.5776355333866614
7,7,OUT,OUT,0.19440517058078266,0.02836372073623949,0.002922755661217516,0.010344873126210907,0.07105655891456909,0.19038533398838706,0.01006052073797633,0.49246106625461683
7,7,OUT,OUT,0.1750008471579888,0.05053291093976743,0.0024715870441624353,0.025890157347538554,0.0812996350195116,0.1567279173718256,0.004924138363241877,0.5031528067559636
4,7,BB,OUT,0.15321802934827744,0.02416312066450168,0.001973615370298023,0.009036982533855655,0.0560796503136524,0.12107745390900079,0.005101548729993626,0.6293495991304204
5,7,SO,OUT,0.18105828530650228,0.02585870612891812,0.0025244598455598137,0.009267531176121892,0.05321463892034596,0.11873391066846173,0.004315201569267294,0.6050272663848228
7,7,OUT,OUT,0.1476266385728506,0.04126881664779955,0.0020499086799380143,0.01831107877212619,0.0812369988365855,0.17593220798371345,0.005215630164690057,0.5283587203422966
7,7,OUT,OUT,0.12615484090793136,0.026882922984843644,0.0017060062411079246,0.008679712420697424,0.0655218519893196,0.14564115986458462,0.004495093655479454,0.6209184119360359
5,7,SO,OUT,0.18517211615373005,0.044559348860014,0.0020719605683104632,0.019322819637093865,0.07545720637657996,0.1780620054791936,0.005642296490814001,0.4897122464342639
7,7,OUT,OUT,0.17879637099771103,0.03274618547080536,0.0020227216934308196,0.045065419174298946,0.06087006500088937,0.14156216058346854,0.012890363212234286,0.5260467138671616
7,7,OUT,OUT,0.1023159431771642,0.02911852794665152,0.0066927435251202495,0.008884610397833554,0.09722346898017033,0.12335948681808136,0.005258122443945915,0.627147096711033
7,7,OUT,OUT,0.17109913575703278,0.029713453338445963,0.0029932950345613846,0.01052633045389165,0.08944155327393155,0.1911535640228172,0.006912165433185303,0.49816050268613415
7,7,OUT,OUT,0.1466199973735401,0.04017435006099818,0.0019939282831958156,0.012122976753950207,0.058998349687521774,0.20409339857067046,0.004813155930148382,0.531183843339975
7,7,OUT,OUT,0.1454604186948749,0.026733076144838396,0.0018785193543867258,0.008710936356805346,0.05050409009328713,0.23850136121549556,0.004395553518023506,0.5238160446222884
4,7,BB,OUT,0.13007620032432937,0.052663804545298745,0.0019331332893749618,0.015572728989733085,0.060292186632839806,0.1771077227177898,0.007675484487122758,0.5546787390135115
7,7,OUT,OUT,0.1418188861128293,0.021201629252592304,0.00265844298910539,0.00911269106373736,0.06507679026516348,0.1474203281374854,0.040538493215108655,0.5721727389639781
0,7,SINGLE,OUT,0.16924366854151704,0.02294737579402878,0.0016182176960236108,0.03733462812524352,0.05083617968126547,0.13495531822975387,0.026345156054927314,0.5567194558772405
7,7,OUT,OUT,0.15578845698755614,0.027930631563496438,0.0020564874028853363,0.03374240644367467,0.08533857093048001,0.17206586332618778,0.008048207493660961,0.5150293758520587
0,7,SINGLE,OUT,0.2086166381684865,0.037628799495293776,0.0019182492774452438,0.020899490819355413,0.06883694424695525,0.14145632522749405,0.005511345629409353,0.5151322071355603
7,7,OUT,OUT,0.17360385576841114,0.030627814126798762,0.0021505040839364113,0.045576449964361804,0.07252894743313425,0.1438814839716675,0.008319057240766462,0.5233118874109236
7,7,OUT,OUT,0.14661212848035154,0.03677801548565667,0.0020380812751914523,0.03297721424622321,0.13751367810595264,0.20171475611685233,0.005433598157128496,0.43693252813264366
5,7,SO,OUT,0.1435224473011472,0.03756882446712399,0.0024530872186370517,0.028982208981810427,0.07832378809214076,0.20294553542930407,0.004796675681489208,0.5014074328283473
5,7,SO,OUT,0.135443919953093,0.03450898091463309,0.001910912175105077,0.01015331231507314,0.04756747804063327,0.11611420698620477,0.004635928321427196,0.6496652612938305
5,7,SO,OUT,0.09267922909096091,0.02600557424953005,0.0019026466964188165,0.009488628818632784,0.056481284779453404,0.3865627668841378,0.004673324560604901,0.42220654492026133
7,7,OUT,OUT,0.19507553180437617,0.04390903933821096,0.0021188798774669005,0.02070290523366934,0.07510154582456519,0.1763013793627005,0.00839257308424931,0.47839814547476156
0,7,SINGLE,OUT,0.15420814925643483,0.04990788584352127,0.002366615389758549,0.009818838256585381,0.07255404684891646,0.12338317265475603,0.0067772444114489495,0.5809840473385786
7,7,OUT,OUT,0.18611978318970113,0.026842009234521614,0.004049135060011073,0.009864524453940371,0.06693353581916182,0.20237699452159713,0.008241673862504333,0.49557234385856247
7,7,OUT,OUT,0.07538274818830386,0.02067571122511779,0.0016539642576609466,0.008933019777379224,0.03919943221463464,0.3054003581104229,0.005821395967241257,0.5429333702592394
7,7,OUT,OUT,0.12789402184881163,0.027967730223967115,0.0019445603099351606,0.010959359353693632,0.04714015585373715,0.20134709659268196,0.004704672922447262,0.5780424028947261
0,7,SINGLE,OUT,0.14889378707205111,0.02516153684124182,0.001778638994866235,0.008884908320600966,0.04070867189598488,0.21066329045981214,0.004174254518161053,0.5597349118972818
5,7,SO,OUT,0.19630524653740808,0.03093136119179897,0.007345645983396637,0.008323458639426903,0.050476482624788085,0.10594054917764874,0.004076751605454925,0.5966005042400776
7,7,OUT,OUT,0.18631599295280188,0.02331352405281013,0.0027055852211525836,0.010203271179156035,0.07716816363331917,0.1398909889076994,0.014095048419487643,0.5463074256335732
4,7,BB,OUT,0.1901727209834042,0.03206986274319551,0.0018427821570408817,0.009086951869240287,0.056994921201025894,0.1160287172653996,0.01362332113348568,0.580180722647208
0,7,SINGLE,OUT,0.188924927138919,0.04357670145318103,0.0020035922295194774,0.01580978744290246,0.07560922402153403,0.18045935350904238,0.005475697594937544,0.488140716609964
0,7,SINGLE,OUT,0.2001044030856061,0.029034686931001693,0.0017849337532978786,0.014395047651905676,0.06635664156579262,0.12191936349754609,0.004409117395542389,0.5619958061193076
0,7,SINGLE,OUT,0.14676468400614798,0.030429682081476336,0.0019275111793148354,0.014539499771659548,0.05569549720135621,0.1278873596602887,0.005651478230598856,0.6171042878691575
0,7,SINGLE,OUT,0.1701064708138059,0.04167683443161398,0.005390846433404179,0.009147046776291511,0.07113776757972316,0.15093570674045628,0.010320475154983728,0.5412848520697212
5,7,SO,OUT,0.14269814616597853,0.04437532333456175,0.0027865981548625086,0.026751028358283156,0.06379589019046018,0.24927320116248555,0.004835664872423503,0.46548414776094477
0,7,SINGLE,OUT,0.1671159291452166,0.040539465548438985,0.004930396556357377,0.010074459873579583,0.1007190860211642,0.1999509196690922,0.0048078074753596526,0.4718619357107914
7,7,OUT,OUT,0.1512598437839889,0.042604173482167516,0.002949741044198109,0.028724130339687078,0.07619050249605254,0.2314478284660584,0.005157051658463777,0.46166672872938364
7,7,OUT,OUT,0.18514737126006475,0.019694919965602388,0.010457971720418196,0.008553237311739818,0.051171580605346566,0.1646038572591912,0.004256865909118007,0.5561141959685191
7,7,OUT,OUT,0.19878753509598346,0.05526451999355729,0.002447438927742985,0.009400770188474296,0.059606360868827084,0.12233505372614527,0.004488564949723018,0.5476697562495466
5,7,SO,OUT,0.1695845617894149,0.043850856085547146,0.0022812975706317405,0.010174210369836857,0.04816378331488286,0.13907581457989188,0.0064699790315825055,0.5803994972582122
7,7,OUT,OUT,0.1550008407750679,0.032663905239460764,0.0022133120890611016,0.02811663283361452,0.04652252587109549,0.31396282427891564,0.006045294221120594,0.41547466469166394
0,7,SINGLE,OUT,0.19516777753422512,0.05438777096711094,0.06406553102098508,0.008599012405984159,0.039126315213104064,0.20164564593618836,0.007875843512211192,0.42913210341019103
0,7,SINGLE,OUT,0.33014552344382947,0.028008181437542506,0.0018953743502530909,0.009055909966967066,0.05755510719877322,0.2266140449597344,0.004435736758191318,0.3422901218847089
5,7,SO,OUT,0.17126912379072262,0.025877802863871396,0.0021551314801164074,0.010310167089385902,0.06114030116756642,0.26924876754024635,0.005007332754150712,0.45499137331394013
7,7,OUT,OUT,0.11537840501802518,0.023705219478013174,0.0018824692545714441,0.00906805648854951,0.05115624781621591,0.27256247088930585,0.004354315248861028,0.5218928158064579
7,7,OUT,OUT,0.2031484333638681,0.06326568892641384,0.0020272616532539555,0.020651075304365142,0.05969273099690043,0.13000488470414234,0.0060126002703977536,0.5151973247806585
3,7,HR,OUT,0.19716590457097177,0.06159075573787286,0.002554004540385692,0.03469057029123284,0.06968099289940471,0.1352480954440742,0.007600141073813993,0.491469535442244
5,7,SO,OUT,0.2164160596949723,0.03075002375351471,0.007061136070763023,0.01797954170224326,0.0622331212998307,0.13436176159015029,0.007247145295113472,0.5239512105934123
7,7,OUT,OUT,0.09347876535162905,0.02515333246812175,0.0021928005171779575,0.00768759889867932,0.03778260199619449,0.3696000077369999,0.004130276061509644,0.4599746169696879
7,7,OUT,OUT,0.156733946417802,0.037168155608092376,0.002230223485243121,0.015778463775407186,0.04180774734124102,0.30216674212850636,0.00922340703293519,0.4348913142107727
0,7,SINGLE,OUT,0.222369356760704,0.044997610668900484,0.005118140092080423,0.01458696081100991,0.04634341702884971,0.14092681031484552,0.006990571863246345,0.5186671324603637
5,7,SO,OUT,0.1693484727679077,0.03117011276137998,0.0019478622954693541,0.04440726436910596,0.05583745384388354,0.2836369016346101,0.004712184392867791,0.40893974793477544
1,7,DOUBLE,OUT,0.16046945432125487,0.05250984462104644,0.0031760780509803572,0.020837363790177286,0.08419151596338921,0.1984667034216798,0.004931551000201262,0.47541748883127105
7,7,OUT,OUT,0.1730537964479198,0.019821068246106542,0.00929173949723975,0.009484085768877805,0.0663503382669339,0.16780161771409433,0.004985597086340055,0.5492117569724878
6,7,HBP,OUT,0.18793132120524716,0.04330246834694022,0.0024031253841851523,0.009149039175972424,0.064131723021466,0.11195275497880137,0.004427280899821646,0.5767022869875661
7,7,OUT,OUT,0.21557888950304335,0.055937488314830176,0.0020490597214087385,0.022529002169732037,0.060712485017527074,0.13099396423442006,0.006271092358914984,0.5059280186801235
1,7,DOUBLE,OUT,0.22475420956045272,0.049001431317667765,0.0026443602233856616,0.020947950374791267,0.06655430106891803,0.14857275407957468,0.006597579734095018,0.48092741364111496
7,7,OUT,OUT,0.1696008535227133,0.035210028223772664,0.0024466201057350904,0.015104823148592775,0.06320378312221146,0.15026836630536966,0.00638832685551665,0.5577771987160884
7,7,OUT,OUT,0.22675803607408965,0.038561445637851514,0.007136930431522003,0.01664414507202841,0.06236060287664293,0.13751485929268276,0.009893079306258894,0.5011309013089239
0,7,SINGLE,OUT,0.16371299791119776,0.049568721126943854,0.002513283139394863,0.009720198783871417,0.04714028339135045,0.13564778133656522,0.00870178888442239,0.582994945426254
7,7,OUT,OUT,0.1340558024498356,0.02621621913508609,0.002190664102132567,0.00911347310461356,0.039873578327192814,0.20874764522309108,0.005282892715452987,0.5745197249425954
7,7,OUT,OUT,0.16647329930447394,0.03458921600884424,0.0024765231715967004,0.016753559064522413,0.062490199090287406,0.15338984760221802,0.006413012390079405,0.5574143433679778
7,7,OUT,OUT,0.22908172691634077,0.035438741275346845,0.004765111031373656,0.014088954773234042,0.044303965156580284,0.14652562841836622,0.00598479491939942,0.5198110775093588
0,7,SINGLE,OUT,0.1661768964173657,0.027950049363276056,0.0018936633637527671,0.05782912984960486,0.060714857529971425,0.2393543722904759,0.004399825567088961,0.4416812056184643
5,7,SO,OUT,0.18699220859746155,0.048921554933051635,0.003722812886458527,0.009884122820794107,0.06683701391716224,0.19983319382747156,0.04075255390291105,0.4430565391146894
7,7,OUT,OUT,0.17240117682842274,0.05529717557379801,0.0019341074819066754,0.01044258744829249,0.058115285991635166,0.3073409416342032,0.006894283976230675,0.38757444106551114
5,7,SO,OUT,0.13207517682795739,0.05223991135726407,0.00205082717216745,0.020417007521165723,0.08374322163803916,0.33479058437442666,0.007921289638482803,0.36676198147049677
0,7,SINGLE,OUT,0.1694507876926624,0.04503353468481621,0.006097649766447013,0.009717498255226855,0.06881319815368848,0.1816280459511449,0.007075707413478071,0.512183578082536
7,7,OUT,OUT,0.13394254974513797,0.02942433782757761,0.0021242680342641266,0.010104131052512285,0.06114189386906133,0.3155364953417112,0.005057456617897745,0.44266886751183776
7,7,OUT,OUT,0.13042822476161356,0.022304932202346403,0.002018025803481474,0.00956190018414211,0.054539740563616435,0.34789809927639653,0.004821988339010259,0.4284270888693933
5,7,SO,OUT,0.17391817706541332,0.023896553110260024,0.002069068062054165,0.020883860601368563,0.0540008091588827,0.27719213158950146,0.00496412783333075,0.44307527257918894
7,7,OUT,OUT,0.133861565621665,0.03778961859329252,0.0022157373308364595,0.020098991242283586,0.04255428252584032,0.3378136463104242,0.005808351088683333,0.41985780728697447
7,7,OUT,OUT,0.2060095454058077,0.03634241848185237,0.0028736820405515727,0.013112422606322944,0.042146479872993636,0.13247305041492471,0.006921091616814935,0.5601213095607321
1,7,DOUBLE,OUT,0.1617747927920377,0.028136860811797542,0.002484797766811185,0.015123643164121696,0.061346346491420886,0.1432481022270047,0.005231301133620753,0.5826541556131856
7,7,OUT,OUT,0.22466936023777248,0.04687840657919906,0.006191197108454063,0.01921459200797928,0.051285368319810815,0.14336529138046186,0.006901665715131984,0.5014941186511905
7,7,OUT,OUT,0.16870250513608262,0.026346061392635536,0.0030913775025354505,0.0135900868670246,0.08649222393019537,0.17665424776842328,0.005010136110325098,0.520113361292778
0,7,SINGLE,OUT,0.1891944825513085,0.02084687395855774,0.003869112672819566,0.009556031431035375,0.06009822212990795,0.17529809865776763,0.005108811300284653,0.5360283672983186
4,7,BB,OUT,0.21045818069651143,0.06243655303967048,0.003769518189508573,0.008626553911828563,0.07647936657494742,0.11656159747545436,0.004689411924913402,0.5169788181871658
7,7,OUT,OUT,0.17709353104476222,0.03266073298074365,0.001966079711919542,0.021498823686311994,0.04673239497783674,0.14620248020864854,0.005273578918938968,0.5685723784708383
0,7,SINGLE,OUT,0.17240547711748164,0.0549648644136703,0.003696991348789904,0.012332044880576898,0.04647695114062271,0.14678019451116067,0.005294178255963025,0.5580492983317348
0,7,SINGLE,OUT,0.2684810915806528,0.022446382315763434,0.0029195066671459046,0.009194638463660589,0.04346109296022504,0.21492777808878719,0.0048250134731641255,0.4337444964506008
7,7,OUT,OUT,0.1546274511227196,0.03205326537387363,0.002162730365757643,0.008560790949709596,0.03723368033761758,0.21229984356934017,0.0046191590707485046,0.5484430792102332
7,7,OUT,OUT,0.1425829345685821,0.04978770484362665,0.002211350664465401,0.013552581872296668,0.0458377215860827,0.30618597319229257,0.006558711384036206,0.4332830218886177
7,7,OUT,OUT,0.19794008562436244,0.03927930819493288,0.0032884447138535056,0.01391171640378948,0.0664011961608442,0.16286342990511826,0.005127308843139988,0.5111885101539593
4,7,BB,OUT,0.15296190354221234,0.036803213300578765,0.0020874990734282787,0.020354566029241596,0.045932189154662836,0.272861472457958,0.006608313502957715,0.46239084293896066
0,7,SINGLE,OUT,0.1815088167613183,0.051336835494185086,0.01383882561666767,0.008726444239894188,0.040762049490801554,0.21750074342740564,0.009009908604303556,0.4773163763654239
5,5,SO,SO,0.09172949730734484,0.02417567563374242,0.0020230032731347386,0.009101779454262118,0.06197189663578845,0.4494417546586575,0.004339976195328264,0.35721641684174177
5,7,SO,OUT,0.12519314911641588,0.02572772318130718,0.0020271193965805865,0.010045027681849604,0.07028855544574708,0.24107565570196038,0.004737664260891338,0.520905105215248
7,7,OUT,OUT,0.1829973169644851,0.025519509979891886,0.001887285971931746,0.008914178635757232,0.05223775876587112,0.21740799609833028,0.004358325525510772,0.5066776280582218
0,7,SINGLE,OUT,0.1850801777360051,0.03626025215946982,0.0024130808158054798,0.01921147987443576,0.04333230184472705,0.27668653783370467,0.0073300472559903905,0.4296861224798616
7,7,OUT,OUT,0.18645752739093438,0.059998915843269045,0.005647042986878417,0.008840818402673667,0.04033489795471335,0.22389253075293158,0.00788135756681734,0.4669469091017821
5,7,SO,OUT,0.1397826058672237,0.04376926458545578,0.0023683474905400923,0.009453710274904674,0.04343299408259084,0.1332047955105215,0.005917142256662944,0.6220711399321003
4,7,BB,OUT,0.15719298048542138,0.03462045825130443,0.0017895818802117457,0.00956121127958332,0.06670175630352806,0.16788150919109135,0.00457055147504011,0.5576819511338196
7,7,OUT,OUT,0.12612831064034255,0.03290578017317239,0.0033933698461368557,0.017589857628088727,0.09459004459887883,0.20006272820356233,0.007197073347115445,0.518132835562703
7,7,OUT,OUT,0.1463275991005512,0.03954106049440674,0.002321844034096455,0.012485653967971412,0.13014248360607458,0.24547004341354575,0.0062917203562770155,0.4174195950270769
7,7,OUT,OUT,0.12463165807436392,0.026988126483452318,0.0018943756399073734,0.02815596173809755,0.07147099915665113,0.2326549690844371,0.004476323847930738,0.5097275859751599
7,7,OUT,OUT,0.09911876932630966,0.05143613921556922,0.0019230370231663877,0.0270379187456012,0.10035490188732914,0.2039746985478552,0.005972462947123712,0.5101820723070455
7,7,OUT,OUT,0.17833238046137861,0.04743750322858385,0.002000919079105476,0.014244362344485532,0.05743747909749737,0.1239498861537125,0.016722931448380968,0.5598745381868556
0,7,SINGLE,OUT,0.14469048587285782,0.02895096775122709,0.0022824128463442878,0.009217319970148121,0.06587716292624154,0.12289437630729061,0.00814995649842078,0.6179373178274697
7,7,OUT,OUT,0.17725436118981597,0.026459278542655146,0.0018277430625138998,0.010100054573264959,0.05239975285245738,0.26522299182838205,0.00635753633608924,0.46037828161482136
7,7,OUT,OUT,0.12236235027236406,0.02583914653873184,0.0018764307410345181,0.010807414437142391,0.09195199765526897,0.2811149289498408,0.02459900091001403,0.4414487304956033
4,5,BB,SO,0.10161035612296523,0.04343903352430007,0.0032814419954109975,0.023629181811534776,0.05839565468447245,0.42186091523818176,0.005040254745544799,0.3427431618775898
0,7,SINGLE,OUT,0.13071330974924028,0.038474253435077536,0.004053374740869678,0.010746379309737928,0.08379706215680714,0.2041741357157721,0.01576481066919772,0.5122766742232976
7,7,OUT,OUT,0.16313504469372442,0.03212197129253821,0.001888254508719008,0.019362967273996282,0.08632071289542065,0.11959479948229355,0.005396998723093057,0.5721792511302147
5,7,SO,OUT,0.12017057366046596,0.03993723629008998,0.0036391600185173454,0.014362185814875706,0.09152889239940198,0.18245209089537592,0.0045586650583332045,0.5433511958629399
7,7,OUT,OUT,0.16270495944195126,0.029815872352443634,0.0024578905650559754,0.01772084017065043,0.09081659733276914,0.23746811910009774,0.007036435460964764,0.4519792855760671
7,7,OUT,OUT,0.1316067838240464,0.03446505412541618,0.00254875366937473,0.033756125707312123,0.07632885738326393,0.145550980684323,0.009701658547154959,0.5660417860591087
7,7,OUT,OUT,0.1660794270827918,0.034934317398303,0.002229704467220149,0.00953586807851285,0.05934289990525677,0.13326464413984299,0.004915508925896999,0.5896976300021755
5,7,SO,OUT,0.12796407264038256,0.04063220331548113,0.0018908617674573242,0.010608915035411458,0.08569267791825472,0.2585478058971213,0.004557993895887135,0.47010546953000437
0,7,SINGLE,OUT,0.145765246610845,0.025296513193221588,0.0022001611764525288,0.010131347881244642,0.06236557252994962,0.13243539545010247,0.004411243908228239,0.6173945192499558
7,7,OUT,OUT,0.18844616994924468,0.04856316442386807,0.002405239753099064,0.010091022025115534,0.05478459339633805,0.1240242147697659,0.005591890257042656,0.5660937054255261
7,7,OUT,OUT,0.11507718568605374,0.04565127237275585,0.0020008939742723287,0.04050238877521362,0.07542887966100062,0.19586325417527586,0.004851659398970384,0.5206244659564576
5,7,SO,OUT,0.14258344148816673,0.03089822208129038,0.0021427663131978526,0.009570209699930372,0.12213965824940823,0.24516007117711208,0.008241018122650953,0.4392646128682433
7,7,OUT,OUT,0.1484353005092723,0.023300176813951096,0.0028022352582288963,0.011136865178404195,0.07146327572966601,0.19967538930271134,0.004963549180086381,0.5382232080276796
5,7,SO,OUT,0.16353977050769486,0.02212282865894381,0.006301457203339352,0.010128247351811838,0.06467801336298114,0.25236594354925085,0.005220928728479001,0.47564281063749925
3,7,HR,OUT,0.12493534715871275,0.02250223182628055,0.0018173211854599696,0.01160128021374739,0.1069313937508986,0.18403443807238912,0.00458756897805717,0.5435904188144546
7,7,OUT,OUT,0.09199803137178911,0.025500269668756154,0.0032382606304462627,0.009011398128090278,0.05065204582380645,0.29666954457013955,0.004579501338989244,0.5183509484679829
7,7,OUT,OUT,0.17642171725243233,0.036457936797104906,0.0023787240922752933,0.011357747963487225,0.040645152412009965,0.11946587054200306,0.010339215027101426,0.6029336359135857
7,7,OUT,OUT,0.142079099566114,0.07872320368914419,0.002477458402199431,0.013049526522761168,0.056248427691902955,0.12009682151883432,0.006565909417769349,0.5807595531912747
7,7,OUT,OUT,0.16264541409921096,0.040558215267346716,0.0021124384102365664,0.008932059312953636,0.08832496821806413,0.11382449808496468,0.004812507621156597,0.5787898989860668
5,7,SO,OUT,0.174147000885529,0.06365348022318072,0.002183210778309122,0.009011092686929902,0.06763158192532102,0.13120229047783163,0.004624688137865982,0.5475466548850326
5,7,SO,OUT,0.20236700078266184,0.030640939926166927,0.0022535089528605166,0.011481585720172374,0.0670316690349709,0.1658567111785717,0.0046424060124918365,0.515726178392104
7,7,OUT,OUT,0.166046091912869,0.034802292216413,0.0018589644926789559,0.018298618417474953,0.051005067538691794,0.12123325883177914,0.0055215934097801725,0.601234113180313
7,7,OUT,OUT,0.12296570692997613,0.044412452973142315,0.002027920963799282,0.011042429439191589,0.09024503103027082,0.25474678885540436,0.00577103163597788,0.4687886381722376
7,7,OUT,OUT,0.16805133060886043,0.03165793248627622,0.002508751957225244,0.013224209656723086,0.06077640321079646,0.11760882440732738,0.012581257957509907,0.5935912897152813
0,7,SINGLE,OUT,0.1645101034757492,0.05029240945911484,0.002393279529311424,0.02107463953679816,0.04873664445619255,0.16617692791411293,0.00798382836532751,0.5388321672633933
0,7,SINGLE,OUT,0.19318412344409477,0.04704494071742995,0.0030506630665395177,0.015883776551992804,0.08640434371994052,0.15915017354330616,0.009827839683281063,0.4854541392734151
4,7,BB,OUT,0.15363969031542607,0.02975479427274843,0.001799454208803913,0.08351162538007925,0.062495329102707144,0.18004768269188323,0.004129356471202597,0.4846220675571494
7,7,OUT,OUT,0.219996169658171,0.03007787009971926,0.0020028315603385517,0.010753059804456329,0.08988684435022809,0.1298198677428772,0.0045608803474692546,0.5129024764367404
7,7,OUT,OUT,0.1802739519540469,0.033608495411269944,0.003359953602159323,0.02000649291502498,0.07545739490443291,0.12842692884768583,0.004644878954522963,0.5542219034108571
5,7,SO,OUT,0.1793812902265551,0.026974103417873495,0.001936356709592314,0.00991632157613616,0.04485387415470829,0.25727414333736054,0.004651130407154955,0.47501278017061915
5,7,SO,OUT,0.14951198566262544,0.037809117659943055,0.001971431307818115,0.016456615882739552,0.042867667927123286,0.22715020997433627,0.005257417224479003,0.5189755543609352
4,7,BB,OUT,0.1539722258866233,0.05080325561355351,0.002082281513558985,0.022571424125338236,0.08948016606382707,0.2037774405689248,0.005113746807059604,0.4721994594211146
7,7,OUT,OUT,0.13901379405048228,0.04132269857470045,0.0023643502794556104,0.010585230461038346,0.06534666344966217,0.18678167081213795,0.005154603535896287,0.549430988836627
7,7,OUT,OUT,0.12837723482905958,0.030685320388663447,0.0020769470479817605,0.019107331517552978,0.12056760017067296,0.2531146903334215,0.008453675194231859,0.4376172005184159
4,7,BB,OUT,0.12583399808556112,0.035839882373651016,0.0018466563867002201,0.021467271985388614,0.06009354915745904,0.21763422470881466,0.004436328352867123,0.5328480889495582
5,7,SO,OUT,0.11954583869936555,0.024200676156909635,0.0019671765637849967,0.010630640446731364,0.05719972209009839,0.304424111905012,0.00476877080795157,0.4772630633301464
0,7,SINGLE,OUT,0.1851848257063955,0.02659847981666189,0.0021416437952409824,0.010786176146501441,0.07918654438305306,0.17738302469432968,0.004891724521916286,0.5138275809359012
7,7,OUT,OUT,0.16040327332338422,0.04487940066294263,0.002554178594754913,0.008903150397301872,0.04598719879300138,0.1596224673487668,0.005466120583905451,0.5721842102959427
5,7,SO,OUT,0.1488856158713059,0.04979511937045984,0.0025542703168138,0.011510059320206328,0.08285177482690491,0.19919512907474438,0.008895050526090152,0.49631298069347457
4,7,BB,OUT,0.15927798063377596,0.03534693619912891,0.0027251361887687285,0.010970077892387381,0.08387269166520117,0.14299153310530663,0.008786731023535353,0.556028913291896
7,7,OUT,OUT,0.17422151540145006,0.03849020978999852,0.002064764509086984,0.015000487823888724,0.05992767352618371,0.13302305241699167,0.005012128230788149,0.5722601683016121
7,7,OUT,OUT,0.10972733993767636,0.02500756402738969,0.0019680746853836637,0.01033807859284652,0.08209922152585655,0.20802965975358226,0.004671419395550632,0.5581586420817144
7,7,OUT,OUT,0.101681598757035,0.056499353920639976,0.0024373359537091916,0.012570048030454042,0.12313760437892549,0.2327521104220741,0.004353432599149382,0.46656851593801274
4,7,BB,OUT,0.15704826984765738,0.043687876914713375,0.002009373471823429,0.00992688816642293,0.14608793166259082,0.18613243402602644,0.0052180328260989905,0.4498891930846665
5,7,SO,OUT,0.12978463555971284,0.0331400217454551,0.002015365401582031,0.009606401343927188,0.07387064024374108,0.30235363651706304,0.004843458154975994,0.4443858410335428
0,7,SINGLE,OUT,0.14168432879978796,0.05820541743185341,0.002816289095919458,0.009370818458828136,0.09120868769728539,0.21669052275061193,0.005307286312612438,0.4747166494531012
7,7,OUT,OUT,0.2003723056199954,0.032800919022728456,0.002289463377418019,0.018987931735372995,0.04439133941020951,0.15211509670561568,0.0059215588071947,0.5431213853214653
5,7,SO,OUT,0.11178291139742297,0.040481344523245075,0.002283288050745902,0.011099062474222083,0.15648411733698342,0.17751382876420255,0.004565394144196205,0.49579005330898185
7,7,OUT,OUT,0.14975015410331424,0.018443657585190624,0.002258116146115056,0.009069153750900305,0.052446083290440156,0.12042227728690995,0.004320629801781401,0.6432899280353483
0,7,SINGLE,OUT,0.09840802786714471,0.03021504149573753,0.0039474331572401196,0.01478704940763294,0.08202481548001679,0.15325332732434702,0.005313420132465116,0.6120508851354157
5,7,SO,OUT,0.16704318198948365,0.041513661495882086,0.001984927877710983,0.013931782570839369,0.07013971282439894,0.13835304516431246,0.006659597440573497,0.560374090636799
1,7,DOUBLE,OUT,0.16373392663570704,0.039847547516326944,0.007358797483053077,0.011775553971647252,0.0517044701686475,0.20133314799361787,0.009733516132502637,0.5145130400984977
5,7,SO,OUT,0.15321810468293545,0.03389030087920499,0.002584471545355208,0.012136845219790733,0.04355422721868852,0.1750781791705813,0.006090946157815022,0.5734469251256289
7,7,OUT,OUT,0.11503897965182137,0.030813554540346007,0.0021437787718786554,0.030541985554352856,0.08080119973470823,0.24076507374999315,0.005717887516033451,0.49417754048086626
0,7,SINGLE,OUT,0.12252484367724033,0.03364347234017626,0.002059535281454203,0.02436327776606603,0.06570436250211836,0.17409264588692716,0.006699765373954657,0.5709120971720629
0,7,SINGLE,OUT,0.13696104989390342,0.03449521944193352,0.002103395671431459,0.016444707987657767,0.08286177531305396,0.18346578376935077,0.006863975670669907,0.5368040922519991
5,7,SO,OUT,0.1302096389407535,0.03362412675124787,0.002237999158721815,0.02732967395887157,0.06456263402022613,0.16600316659314887,0.010796044964286437,0.5652367156127439
7,7,OUT,OUT,0.13335060137106775,0.02122845721284879,0.002793468941456084,0.01093139077638113,0.05117627490818249,0.16666341583866334,0.007654707467850239,0.6062016834835502
7,7,OUT,OUT,0.13077485709306844,0.023143013537221806,0.001946851138252048,0.008753201419318258,0.0468703121801161,0.18362284914176785,0.004099854789792106,0.6007890607004633
7,7,OUT,OUT,0.10298410704660449,0.026880227310642494,0.0018993168314855775,0.010890184567620018,0.05268675452491685,0.1543721986907731,0.012790341674125006,0.6374968693538324
0,7,SINGLE,OUT,0.16839822239868263,0.06001648718613686,0.01080811568449642,0.011925393038909538,0.05834816276797509,0.191494662432392,0.007943272451018253,0.4910656840403893
5,7,SO,OUT,0.14336100731760562,0.03429204345866144,0.0020445101889812935,0.026272165296632965,0.07928439924933413,0.344016839358931,0.004741422555134313,0.3659876125747193
7,7,OUT,OUT,0.1166157847497485,0.026341504539229434,0.001940961014272867,0.010574781862852016,0.06415859685548678,0.23217132825440126,0.005443007939051497,0.5427540347849577
5,7,SO,OUT,0.1466180645681905,0.05636609521955597,0.0031907108040586645,0.012092336560369388,0.05573561442088898,0.2545035882627873,0.007937070072999158,0.46355652009115
7,7,OUT,OUT,0.12739952333056634,0.028313800352637336,0.0025748176619215953,0.011565229231041883,0.05538908216205044,0.2607866150054949,0.007514861126106856,0.5064560711301808
4,7,BB,OUT,0.1802992925313089,0.030109694842485053,0.0021837018418152877,0.014017564666721835,0.04137066368670298,0.14742267935726353,0.005415118275552974,0.5791812847981495
0,7,SINGLE,OUT,0.18713168133791255,0.03883757621355678,0.002312285915876862,0.011218580443684066,0.06468768671561043,0.2350136400513135,0.007239570934084494,0.45355897838796133
7,7,OUT,OUT,0.11703406695243487,0.04129567270109843,0.004533578023726496,0.014278048999020115,0.11351755269611118,0.252299728720937,0.012758051811413434,0.44428330009525835
7,7,OUT,OUT,0.14618242443213258,0.040849036244932434,0.0018394972091156636,0.015450111355753885,0.0605694540702463,0.1356891638366594,0.006491844599534741,0.5929284682516249
5,7,SO,OUT,0.1417377310029743,0.017999809640597067,0.0017310757768085755,0.008917990299295717,0.05811030260647007,0.12522119698083153,0.004577106754586209,0.6417047869384364
7,7,OUT,OUT,0.14848381838344352,0.034004938116271984,0.0024180514888041587,0.011500125678088136,0.03804828350864744,0.180971467015962,0.00498835411958566,0.5795849616891969
7,7,OUT,OUT,0.1737583873968074,0.03519619866274257,0.002581041173085906,0.02504310889150529,0.04651346701047334,0.161999081131583,0.007052865791841864,0.5478558499419607
0,7,SINGLE,OUT,0.11815651253610117,0.03600210100498154,0.0022862230111733036,0.011791374189366424,0.15903962159946858,0.18472415507194306,0.004793961575783576,0.48320605101118236
7,7,OUT,OUT,0.157577585857196,0.02808398509649438,0.0021328423270408,0.03380740897134779,0.07512832161352989,0.31058402419350567,0.005046593104125377,0.3876392388367601
5,7,SO,OUT,0.12308105231195877,0.03597407982703482,0.001899201483739137,0.031083351577879788,0.08043561111191269,0.16510203862870504,0.012393431026939506,0.5500312340318303
7,7,OUT,OUT,0.12443258333656981,0.024846696988579563,0.003367674723960843,0.011898350194321524,0.0574941620088132,0.17163132078222987,0.008471083483925721,0.5978581284815995
7,7,OUT,OUT,0.13758124859865378,0.023165043745028858,0.001813970458396548,0.010112397057114924,0.05535533935504431,0.19802891870663572,0.004398130288331179,0.5695449517907948
3,7,HR,OUT,0.12149875278386925,0.03729388357520162,0.002135224817771215,0.025790103723357785,0.06720855463314589,0.16384954512525843,0.0052089771121899215,0.5770149582292059
7,7,OUT,OUT,0.13437724875664,0.036437213501886626,0.002094268602822028,0.020612735536439886,0.0898507269295547,0.15547786704599445,0.007468265517303289,0.553681674109359
5,7,SO,OUT,0.1323227677859281,0.025342340813062796,0.0020810556824504027,0.02597026388906083,0.07324682779423805,0.25801450553923105,0.00549058888909581,0.47753164960693295
7,7,OUT,OUT,0.1002778894927722,0.04102775726834424,0.001768042094373091,0.009210499502889541,0.03673624926512177,0.15204838267494117,0.005657426128799732,0.6532737535727583
0,7,SINGLE,OUT,0.12798385173105836,0.04774105211421915,0.0020274379512765454,0.015762482569181255,0.15548776690841826,0.1667890346666148,0.004714012883733723,0.47949436117549793
7,7,OUT,OUT,0.09280820073604502,0.050007939497721046,0.0020865460176872856,0.010164749791205916,0.03978867839271991,0.15383407293853657,0.006008490986867134,0.645301321639217
5,7,SO,OUT,0.12766864917813767,0.04088617528902906,0.0019719834862774246,0.02461815750634973,0.06318096241752424,0.16091910744652121,0.005121860429214222,0.5756331042469465
7,7,OUT,OUT,0.171097969841061,0.0283649671895825,0.002125845060664178,0.01708443385859116,0.08011236010692632,0.19338615037442833,0.005716936938815593,0.5021113366299309
5,7,SO,OUT,0.12072840073360287,0.024245112385657193,0.0023377332347392565,0.011407263634428318,0.0502701829967381,0.31261889757070915,0.009369581617424566,0.46902282782670063
7,7,OUT,OUT,0.09063982032521166,0.028707391769179788,0.0031789094131611873,0.01717262060126493,0.05730220992011344,0.13238621332220019,0.0052018973545999705,0.6654109372942688
7,7,OUT,OUT,0.12372402318882911,0.02556232768902097,0.007242163146641513,0.010661300796762817,0.05454252561726171,0.1481829534871025,0.007288759304557684,0.6227959467698236
4,7,BB,OUT,0.1304837856315568,0.025994538788928268,0.00217180791871534,0.00991364508381851,0.05126961165448493,0.2042138930303455,0.005057421443858966,0.5708952964482917
1,7,DOUBLE,OUT,0.14593869041203278,0.02285110751938511,0.02520193488634464,0.011405539848678559,0.05796870172659746,0.17376380217360896,0.005969720489255188,0.5569005029440972
7,7,OUT,OUT,0.110809647868165,0.029702411728845555,0.002136616755693208,0.01052790778846752,0.05958319293713831,0.14645603689463707,0.01605527076664827,0.6247289152604051
7,7,OUT,OUT,0.24313555971706932,0.07762582617356459,0.0027093394462280583,0.010207413826637134,0.05215575202833929,0.21004320279200914,0.008094544085240738,0.3960283619309116
7,7,OUT,OUT,0.17749534999657754,0.05157654134592965,0.001959809350940215,0.009393643947393237,0.040420567071227494,0.1651419874821211,0.010656495074462468,0.5433556057313483
7,7,OUT,OUT,0.1657116019827518,0.03193936674295874,0.0034858832596117648,0.010466754522486993,0.04889582549566206,0.1794284366513596,0.005006490739544375,0.5550656406056246
7,7,OUT,OUT,0.1604853010886451,0.03462655449502727,0.0037773075321624727,0.016207649368975962,0.07026469823773443,0.1464712192603836,0.006783179665265645,0.5613840903518055
7,7,OUT,OUT,0.1597330358080896,0.01863634533340149,0.0017564479998165134,0.009148526625132445,0.05414703621610186,0.12866964236254175,0.004749707948292953,0.6231592577066234
0,7,SINGLE,OUT,0.15292247363056374,0.029630891619912725,0.0022835533428178564,0.015891697373207583,0.03816416788015278,0.17689822852693593,0.006315446784208441,0.5778935408422009
7,7,OUT,OUT,0.15552065496479692,0.032445407466712824,0.0018709079865273858,0.022726202595756268,0.07534647260301529,0.1633847484221385,0.012819522802584036,0.5358860831584689
7,7,OUT,OUT,0.1438783968735579,0.05524263606958867,0.008044948987011954,0.019947691956304792,0.06902408213505863,0.2647063552032352,0.00540127052964108,0.4337546182456017
4,7,BB,OUT,0.1425418516675857,0.02460263760608666,0.0019181871565647993,0.011976684132228844,0.07233314788697712,0.17787139843512925,0.007348121522693275,0.5614079715927344
5,7,SO,OUT,0.14327482015387016,0.026903419843229123,0.0020371406352880103,0.020737342363692995,0.08647167938388205,0.32048213574257006,0.004862526028615284,0.39523093584885227
0,7,SINGLE,OUT,0.14322273054709855,0.04253912858870765,0.0019531229477093377,0.025363973663365662,0.0473210605551635,0.1818642727519385,0.005998938456634337,0.5517367724893825
5,7,SO,OUT,0.14126592647126288,0.029878854551483917,0.002603919034388031,0.012143792111345267,0.037213414380203404,0.1718371376147459,0.004804968188759749,0.6002519876478108
7,7,OUT,OUT,0.11658270998969446,0.0336608749655609,0.0026871924620889887,0.011078199917119521,0.05132852809290997,0.258441707476941,0.007302989632392463,0.5189177974632926
0,7,SINGLE,OUT,0.2732771009918823,0.022058846355766014,0.005255291453380314,0.012722220006650391,0.07370351719591013,0.12057010548197793,0.004680184880483198,0.48773273363394987
7,7,OUT,OUT,0.10347105653777997,0.06019052237277686,0.001827395114952872,0.009668083555325923,0.03860065537607996,0.15288679462394017,0.004459973111172301,0.6288955193079719
5,7,SO,OUT,0.11060761778235899,0.024159649930885117,0.0018956634865002634,0.01034185216994407,0.05314103607092826,0.2462453976676848,0.004465939058216663,0.5491428438334818
7,7,OUT,OUT,0.10975828219840278,0.023798291062107957,0.0019223582157893175,0.009961121338898232,0.05958864173106386,0.1484776154936106,0.012007654623642321,0.6344860353364848
1,7,DOUBLE,OUT,0.16692567416496187,0.04878482370331715,0.004894490831422421,0.011726405227188636,0.05294629891645273,0.2534061566421916,0.007592760960656494,0.45372338955380914
7,7,OUT,OUT,0.1736925280766454,0.03258058790631315,0.0021521584084551863,0.01991827019292108,0.044703818991599496,0.16313278176399493,0.00572966615255975,0.5580901885075109
6,7,HBP,OUT,0.13272549197796532,0.034554152697563366,0.0022760042837322776,0.01127923208490645,0.21211273155843893,0.1856870319350537,0.004752488060853973,0.4166128674014859
7,7,OUT,OUT,0.12816390529856286,0.026967451713683258,0.001929136637308214,0.01923470155823909,0.08196681853503654,0.330210145360115,0.0045884975429253735,0.40693934335412973
1,7,DOUBLE,OUT,0.12454421868039194,0.0357454727154466,0.002003224180123753,0.015183312621872034,0.0704861421886144,0.23468916714939977,0.008701324766088675,0.5086471376980628
0,7,SINGLE,OUT,0.10540917168331898,0.027651719905727318,0.0018300640143838825,0.047525408397440926,0.05005971103436113,0.3105447715115883,0.004752650015120976,0.4522265034380585
7,7,OUT,OUT,0.1349025422421087,0.02760836899345403,0.0019153099974826874,0.011065226507316483,0.041836885464276906,0.29535402387775167,0.013558816858054538,0.47375882605955494
0,7,SINGLE,OUT,0.3048778685588491,0.043175997233654916,0.0024452142738587974,0.023215096399038505,0.04807342776249723,0.1209457073610936,0.004172355170739153,0.4530943332402687
7,7,OUT,OUT,0.14570023308111404,0.04063638767584074,0.001982203923471018,0.0156393675387147,0.057130617030809745,0.1388915124623481,0.006717178870320307,0.5933024994173812
0,7,SINGLE,OUT,0.1819387618932323,0.01943248547978672,0.0019655662210365946,0.009591056706727445,0.05124107723407033,0.12278003067918002,0.004849140215741875,0.6082018815702248
7,7,OUT,OUT,0.14976544751022067,0.03428706858127967,0.0019088607734645696,0.03680905930831446,0.0777955530395092,0.18764750742926503,0.012314886285595848,0.4994716170723506
0,7,SINGLE,OUT,0.13266541291973896,0.029302549934875275,0.0038792585941918216,0.021829038308454913,0.12791327087720805,0.2136095588853593,0.005412861045016036,0.46538804943515566
7,7,OUT,OUT,0.16954746856109398,0.023525389220392056,0.0021980095761606794,0.01904891484152406,0.13297287268949642,0.16868186369471866,0.0046094585520554945,0.47941602286455864
0,7,SINGLE,OUT,0.1967124948594829,0.031960720432005464,0.003646667189371086,0.02531845032738188,0.09620999177549261,0.21943835472907344,0.005334258346393653,0.42137906234079914
7,7,OUT,OUT,0.22432409013575752,0.017879211853608724,0.002414338237902804,0.009135695681062636,0.03807149369892976,0.17954774344052551,0.004329682483446205,0.5242977444687669
7,7,OUT,OUT,0.1541365437544149,0.02922356744987109,0.002830410836508344,0.01040915732548575,0.05977775898560198,0.2509202580513495,0.015357143617783361,0.47734515997898497
1,7,DOUBLE,OUT,0.13809486827658538,0.02252905842601031,0.002897389318444965,0.008425532466014065,0.08332811391275909,0.26305779924204115,0.02915885688200238,0.4525083814761427
5,7,SO,OUT,0.10087026365003228,0.025826932070203108,0.003923403099572394,0.010330854647907749,0.06505704461632583,0.30749668632347776,0.005211570390918346,0.48128324520156235
7,7,OUT,OUT,0.17656878941999835,0.030792227189610347,0.002242971479389094,0.0146095852097191,0.08247550102502627,0.1583226411668685,0.006980088787907216,0.5280081957214812
7,7,OUT,OUT,0.18966332874512,0.04936888681650683,0.0021807741397047013,0.015513878598703519,0.11810959903771286,0.132823519679583,0.007546590732878637,0.48479342224979055
7,7,OUT,OUT,0.22003688386917733,0.034408767588719316,0.002325229894664388,0.009795896202119207,0.10286573570181058,0.1554128777074093,0.009238307574749131,0.4659163014613507
5,7,SO,OUT,0.15640652786607437,0.02986387142519682,0.001937512541878172,0.010542814056425364,0.09999952608871172,0.147167665531783,0.0077380067877002474,0.5463440757022303
0,7,SINGLE,OUT,0.19818407179758296,0.04473293773768751,0.002631351197419068,0.032119615974548696,0.06827101856339508,0.23393623076618908,0.005380576781421442,0.4147441971817561
7,7,OUT,OUT,0.24811376714424185,0.040013875933758575,0.003705055189902998,0.011146289479078938,0.04160905813470954,0.14797842166291952,0.0047198693460097545,0.5027136631093787
0,7,SINGLE,OUT,0.12722414228134343,0.043112638506823744,0.0034066814639546663,0.03795366072975318,0.058587005916481125,0.18341704333713837,0.00521655865651961,0.5410822691079858
7,7,OUT,OUT,0.20771300577338703,0.02146614703595052,0.0018904921582742055,0.00881618601806517,0.05239080109116488,0.22234348859548028,0.005284768376073042,0.4800951109516048
7,7,OUT,OUT,0.19866415091866202,0.025719608821293725,0.002442462266232078,0.009601784172913316,0.05707208457633852,0.29051305995573645,0.005281140902619171,0.4107057083862047
5,7,SO,OUT,0.15318862992859408,0.028120984519665146,0.002141790765225969,0.013053276517255645,0.12185836114561092,0.1968127985727988,0.010928941276611382,0.4738952172742379
6,7,HBP,OUT,0.26255574997290493,0.040438632053616065,0.003359082639968004,0.01566055991695457,0.04319858179256956,0.13939285338543295,0.0053812228229666815,0.4900133174155873
7,7,OUT,OUT,0.15153020219269406,0.031114217137530754,0.0029793541328380514,0.008945701567785612,0.08996898253688143,0.1175829318819744,0.009779554291781357,0.5880990562585144
5,7,SO,OUT,0.13959722032811347,0.028423143632317613,0.0019823413884430107,0.01033767474332601,0.0944759551038331,0.15587160314422285,0.007032527958699463,0.5622795337010446
5,7,SO,OUT,0.1666167258603519,0.0275019927038253,0.002023095699993113,0.01248537013658164,0.06245791811655476,0.2693884579616962,0.0053335369750422985,0.4541929025459548
1,7,DOUBLE,OUT,0.1786248544809328,0.03361251936091201,0.0020253627957960933,0.011347088306784563,0.08211161579307927,0.14315115696864283,0.007040467078184528,0.5420869352156679
0,7,SINGLE,OUT,0.17730800318124953,0.04992014851139705,0.002126801732401134,0.014116241908946506,0.11129785303901679,0.13379383458082192,0.0075272168716877625,0.5039099001744793
0,7,SINGLE,OUT,0.1573048602790105,0.02793432713320533,0.0018841481284362605,0.01244494812770071,0.07772593602693895,0.13686081971305705,0.00668450216696424,0.579160458424687
7,7,OUT,OUT,0.1865616620884977,0.0330216762268922,0.002504673561268745,0.009343175579033521,0.08289589078590837,0.11946341790202923,0.007975237831503437,0.5582342660248668
7,7,OUT,OUT,0.2550767465470447,0.029938135140562008,0.002473038475728349,0.010174546032712952,0.09316153581277387,0.1668270221163526,0.008996073398924009,0.4333529024759014
7,7,OUT,OUT,0.20386756939248016,0.03175369470844469,0.0024442967514745244,0.008506633683050909,0.04528974597149552,0.1189224057206129,0.008840760682605425,0.5803748930898359
7,7,OUT,OUT,0.18730142914198317,0.018818078027657385,0.002435545884685743,0.010523633100162846,0.040855079660939486,0.1958296822385354,0.004459673388204371,0.5397768785578316
5,7,SO,OUT,0.2455831473797791,0.02082659257531199,0.0018496115190582113,0.008700505821920959,0.05306039008409657,0.2272241994067058,0.005048250995467578,0.43770730221765985
5,7,SO,OUT,0.18877887289793358,0.022374707387937644,0.0023529061554038205,0.009645670890095168,0.07468313686061316,0.2248273326181715,0.004115248930319906,0.47322212425952526
7,7,OUT,OUT,0.18881020927295272,0.04690780456615393,0.0028199977431287637,0.013977939302646607,0.11292967141887812,0.1354859019575539,0.007314665890200792,0.49175380984848516
1,7,DOUBLE,OUT,0.21000845826367118,0.039320051568638735,0.0020928411627892246,0.016680174113910772,0.08806848075587588,0.18341392133246393,0.007888282554065115,0.4525277902485852
7,7,OUT,OUT,0.14913601894240922,0.03456298633675783,0.003266802015326246,0.009380715713836908,0.047897882536362894,0.1570036952725982,0.008866249051719755,0.5898856501309889
0,7,SINGLE,OUT,0.3179793989773877,0.04343113319986174,0.0029208402084609313,0.0077547390811394026,0.06541291173515357,0.10614161657028372,0.007564349876960005,0.44879501035075303
7,7,OUT,OUT,0.14577025904190705,0.03263796138200381,0.0021636735275978977,0.013419435155430667,0.10547248962356537,0.20482361360214182,0.018750146976122924,0.47696242069123035
7,7,OUT,OUT,0.13391678217185132,0.03631925313242236,0.0020930530883007926,0.012533367581751944,0.08450731176269227,0.23414398886657495,0.007476495254287399,0.489009748142119
7,7,OUT,OUT,0.1802070869666979,0.027652269932451616,0.0031877827079983146,0.020885461963594976,0.10662328157096901,0.13943086864251913,0.005532996011960192,0.5164802522038089
0,7,SINGLE,OUT,0.21593804807784495,0.03410006642183605,0.0025116690112565168,0.02106735493512398,0.10832070075483091,0.22338151826748834,0.005584550302719783,0.3890960922288995
7,7,OUT,OUT,0.17400457885803278,0.0282162756868573,0.002078643157238736,0.011947467919256695,0.08375821585666961,0.153554824534158,0.006569383206594374,0.5398706107811925
7,7,OUT,OUT,0.23559727238247524,0.029434698332054463,0.002580197581828263,0.034857174478672336,0.07322779537016623,0.23813455936935904,0.004895818365078346,0.3812724841203662
7,7,OUT,OUT,0.12017935095734499,0.029736396098284486,0.002052883766077771,0.012579002724955785,0.0743225158875919,0.2799062566892374,0.009220944760465423,0.47200264911604234
5,7,SO,OUT,0.17918608813616985,0.026124647178440628,0.0019724867872581956,0.01226400392071285,0.055271142369519834,0.27798187352450354,0.0048878595186585645,0.4423118985647367
7,7,OUT,OUT,0.17428893920179447,0.025253298977446176,0.005095576224484855,0.009926934858508275,0.05494455647775814,0.25956511970122775,0.009716672837013633,0.4612089017217667
5,7,SO,OUT,0.1676360782159238,0.024781130062972265,0.0035081525491705914,0.008725052856622702,0.043260831634115655,0.12055221582729499,0.004442038560670719,0.6270945002932292
0,7,SINGLE,OUT,0.1922393538835279,0.05310339150325923,0.0022052159359136855,0.024258297675447217,0.13727825819584316,0.13566040900722057,0.005351270581545824,0.4499038032172423
7,7,OUT,OUT,0.15524099140005332,0.02292920936694207,0.002575426778265951,0.011869053271956633,0.11354443610453935,0.20284429928452358,0.005148725933171718,0.48584785786054735
5,7,SO,OUT,0.0990773318941436,0.03466199359988241,0.0026419452955009815,0.009636289051151952,0.06263060570481475,0.1911690411982332,0.004729694939048658,0.5954530983172244
5,7,SO,OUT,0.17456171988201302,0.02949615823882468,0.0049262993867133075,0.05357849607039581,0.04163549311638519,0.1637366485381967,0.004912685055190364,0.5271524997122808
7,7,OUT,OUT,0.23525347412179098,0.04142672644300275,0.0022439673005709665,0.014615996047636897,0.07753924594692961,0.20430635701166974,0.005315804832939264,0.4192984282954598
7,7,OUT,OUT,0.0871604086448915,0.032793267164236015,0.004606918983335626,0.011051741530048937,0.06493824930605692,0.31052565812305044,0.005468086534457667,0.483455669713923
0,7,SINGLE,OUT,0.1782497290160151,0.02214399238109204,0.0022442058111023836,0.009876066112665496,0.12554434256122404,0.13064512638806447,0.0059786444997892985,0.5253178932300471
5,7,SO,OUT,0.17118503156098208,0.026402855689542887,0.001990347488191842,0.01043680255435584,0.1302125457619515,0.22783344138109748,0.005407015629252553,0.42653195993462584
5,7,SO,OUT,0.20155944662336137,0.0380036241062161,0.0026793153150509526,0.00997964254575852,0.04388487648463132,0.13705668340404428,0.005089068059259243,0.5617473434616781
5,7,SO,OUT,0.16039649859257918,0.029908876292529998,0.001946646719043106,0.02835891456380448,0.08767956940714601,0.22348823824463773,0.005360575438025464,0.4628606807422341
0,7,SINGLE,OUT,0.22559306303681473,0.037766025333946816,0.003045356537741195,0.015584252815216791,0.04664428374137447,0.1447466704438142,0.004992352923468698,0.521627995167623
7,7,OUT,OUT,0.14493891195631428,0.021249636895662394,0.0025918098822417233,0.009933226743217765,0.0936894995291066,0.22136324905351087,0.005228677542259883,0.5010049883976864
5,7,SO,OUT,0.1581051095188444,0.032891296888422974,0.001976180781687414,0.011124510033006758,0.06344096768392771,0.2562598820104433,0.0067841893241351175,0.4694178637595324
0,7,SINGLE,OUT,0.10541249621780092,0.035273805985390864,0.0027169655990552945,0.01255432315359684,0.09783780581206539,0.21978148489806246,0.010513313904722855,0.5159098044293055
7,7,OUT,OUT,0.15295551172870062,0.02650945871251237,0.0020772909231529042,0.014024783357647962,0.13897267773257424,0.18418856874356127,0.009243275160609453,0.47202843364124114
7,7,OUT,OUT,0.18267492538910696,0.022315135330569502,0.002554652663901222,0.009092919629069923,0.03752264343024937,0.16760787122985726,0.005107540997772863,0.5731243113294731
7,7,OUT,OUT,0.20190574746331014,0.02263359556775802,0.0031309454972011487,0.01001859180139754,0.10340201183250254,0.14271930379909564,0.004638091609945199,0.5115517124287898
0,7,SINGLE,OUT,0.13813336424666525,0.031959990671249966,0.0020716376480581686,0.012918460073467228,0.0717949686455991,0.2760937837679927,0.006425257567435798,0.46060253737953166
7,7,OUT,OUT,0.155865980924779,0.02516891207411563,0.001964434902561795,0.012196080565156787,0.06886143498536437,0.2713391985991766,0.004813009304901938,0.4597909486439438
0,7,SINGLE,OUT,0.13736468216661474,0.01946263074202209,0.004233892537858419,0.008638237722840007,0.08197529290259618,0.3110849617409216,0.01389331890780932,0.4233469832793376
7,7,OUT,OUT,0.0944707485879082,0.024296512581987693,0.006737032990417526,0.009937997812673818,0.06694020314033175,0.28376014200257693,0.004910077910326592,0.5089472849737775
0,7,SINGLE,OUT,0.2013625346904749,0.026922431183476748,0.0026515618682954605,0.01876407008074097,0.07618221370194161,0.1904317298991608,0.005034719979031519,0.4786507385968779
1,7,DOUBLE,OUT,0.18644903483610348,0.04246115760220942,0.0022717187618341013,0.02859110049902115,0.1457337647310624,0.13515004103396003,0.005008731185647424,0.4543344513501619
0,7,SINGLE,OUT,0.17794583750189882,0.031351472095377544,0.003193373280967069,0.009756008466650874,0.05911071188830762,0.27865696102215665,0.008856947010591717,0.4311286887340497
7,7,OUT,OUT,0.212681615710133,0.02678933813013255,0.0025138851032569963,0.009481867202608029,0.06536656480104217,0.2434048444570396,0.004666331713341039,0.4350955528824467
7,7,OUT,OUT,0.18847347925907737,0.021346170453163667,0.002858626581854759,0.012837277722033679,0.11670967278043912,0.12562950292693245,0.0049378937070902965,0.5272073765694087
7,7,OUT,OUT,0.17109184253071333,0.02979878178791653,0.002821195371739149,0.011576765284284229,0.14031753280984666,0.22281504150688558,0.005584689086239823,0.41599415162237474
4,7,BB,OUT,0.28815481032154366,0.0269710956678684,0.00278347339202929,0.01013023558696606,0.052213580031904745,0.19275505127546963,0.004613267800532685,0.42237848592368554
0,7,SINGLE,OUT,0.2984799629617051,0.03161908542715618,0.003348658990532629,0.010419003362829998,0.0555281962257609,0.15119140744531984,0.003998572286505495,0.44541511330018985
7,7,OUT,OUT,0.1358388818748815,0.035086096392620086,0.0023351636702540458,0.04371024253722586,0.0728371739661514,0.28893464182773,0.008126555260066887,0.41313124447107025
7,7,OUT,OUT,0.2547105328005337,0.022020256576180078,0.0019444285548037299,0.009623682019968932,0.056249403498584975,0.209819735754894,0.004666939128824973,0.44096502166620977
7,7,OUT,OUT,0.10311583383083196,0.02863269895421613,0.002020141001145204,0.017053720131426166,0.06766096516798042,0.2339331950663114,0.005419756326696625,0.542163689521392
0,7,SINGLE,OUT,0.14646031845903362,0.05735250245338001,0.00203148463626567,0.011054088691264416,0.08752851511316055,0.2062777747092261,0.0119466208606953,0.4773486950769743
1,7,DOUBLE,OUT,0.15605832490172175,0.04616518258954466,0.002170420166101327,0.0248398880767652,0.06734107052879244,0.23064308994180074,0.013829152221698678,0.4589528715735752
6,7,HBP,OUT,0.14138622286264607,0.0575389624304365,0.002395278731903258,0.01040829049381474,0.07957823867239332,0.22341792883314915,0.013442618948533885,0.47183245902712295
0,7,SINGLE,OUT,0.1863098343714048,0.06632290802951367,0.0020136978533075675,0.01326265860956592,0.04152610617612328,0.16572524865741273,0.017389450193834137,0.5074500961088378
7,7,OUT,OUT,0.15757797404008592,0.04975582639917274,0.001977943460525966,0.010887521753917348,0.08757525541293926,0.22915788886339536,0.009578096444500611,0.45348949362546276
4,7,BB,OUT,0.13136397360533714,0.02606933364915955,0.0020592787519759068,0.008979870517458148,0.09645205129109843,0.20007218437086446,0.03828759839692019,0.4967157094171861
7,7,OUT,OUT,0.13897255576215115,0.03924142868258542,0.0019087395049208198,0.010647603729315294,0.0846561948844706,0.23506280860189768,0.005482790581516225,0.48402787825314286
7,7,OUT,OUT,0.14450581262328258,0.07532645562534096,0.0019889592503109193,0.010737885162296313,0.04385319571987149,0.1781687538212367,0.008217692455927812,0.5372012453417332
0,7,SINGLE,OUT,0.18673555497705893,0.04861661625783418,0.002093691719952612,0.011205422050185446,0.10233184625057194,0.22587280684020744,0.010527092668131803,0.4126169692360577
0,7,SINGLE,OUT,0.17606881636886254,0.06061118567581811,0.003084351166635564,0.010862402741636457,0.04862737280011067,0.22345522982725732,0.016964283640569452,0.46032635777910996
7,7,OUT,OUT,0.1537413566127134,0.04369605280567185,0.002866498808453981,0.009848540800555416,0.07242138437283378,0.1951904784245353,0.005184758927893955,0.5170509292473424
0,7,SINGLE,OUT,0.25869921748460806,0.0491059470385894,0.011040137594445481,0.00842912621443937,0.049205763165257814,0.1263057628923766,0.007120423720502889,0.4900936218897804
7,7,OUT,OUT,0.17092079752205655,0.029597950037051,0.004060528404800353,0.013769253798030765,0.043807518264632195,0.11531139565594872,0.015639601646467046,0.6068929546710133
5,7,SO,OUT,0.17661658272183417,0.04144901735570451,0.0021675887126407826,0.018407006436517076,0.06487961952647939,0.12968153751813177,0.009545477525778997,0.5572531702029133
7,7,OUT,OUT,0.15617813717383497,0.047779126423626105,0.003979060625846018,0.009860781914844373,0.044190319526473676,0.26088653422220015,0.012487144029299863,0.46463889608387476
7,7,OUT,OUT,0.15471414596817556,0.05832008852231989,0.00214081400456754,0.02491850556209841,0.06631765994916246,0.1860219879062998,0.01973235655916088,0.4878344415282155
0,7,SINGLE,OUT,0.28979850208321817,0.04865863264478608,0.003123518186845474,0.010424996024749158,0.041731625662232444,0.13076502913855387,0.008237265656969313,0.46726043060264555
0,7,SINGLE,OUT,0.13911990763829285,0.04384068969608572,0.0020211518262702836,0.017662902589881815,0.04506362343038104,0.12878731332392562,0.008582013452673575,0.614922398042489
7,7,OUT,OUT,0.15740777369389494,0.03841755712303956,0.0020857488625406475,0.015954348327547364,0.047968936138746046,0.12190226135394104,0.014258519468478933,0.6020048550318114
7,7,OUT,OUT,0.15993471296222309,0.04386772019298449,0.0022480022487002833,0.016919068465758802,0.06332591053709198,0.27321629617425824,0.01204761095634285,0.42844067846264045
7,7,OUT,OUT,0.18599486275902333,0.06009324597644534,0.0020013126280395313,0.010712945505709268,0.04223351795091945,0.18895158440350754,0.01742069570081548,0.4925918350755401
0,7,SINGLE,OUT,0.18618584661609536,0.04427250234319536,0.002828053223322065,0.010061792820219354,0.062338335572431826,0.23314278043376027,0.005345752347335612,0.45582493664364016
2,7,TRIPLE,OUT,0.1521385417812812,0.05310085464727127,0.0019904526036432944,0.010086015571371404,0.10470106267264964,0.19576319125048955,0.011299650475285972,0.4709202309980076
0,7,SINGLE,OUT,0.21963533171323021,0.04341448267548056,0.002582418579767706,0.0155068005809591,0.04630445200028425,0.21474743108397024,0.010204009765683588,0.44760507360062435
7,7,OUT,OUT,0.1594621436046103,0.027336123242339968,0.0019105961444751214,0.009172369020655899,0.05857226136349636,0.23929821844017538,0.004812906034128238,0.49943538215011873
5,7,SO,OUT,0.15826476487573196,0.06301706649955045,0.002105909368351052,0.017253272116961968,0.07748036251432691,0.1538769588407457,0.023322072163534612,0.5046795936207973
5,7,SO,OUT,0.15594361353444167,0.02719360092283396,0.002041320586291746,0.022357760209479934,0.08291181851604836,0.23183248343324575,0.005039253914329334,0.4726801488833292
7,7,OUT,OUT,0.159477713430642,0.05879896475852982,0.002566621125464326,0.024581193104210804,0.061379435382300195,0.24109796805517697,0.01349168004849197,0.4386064240951841
7,7,OUT,OUT,0.17020773292618327,0.03441259152973259,0.0018983364417499643,0.012953716694619522,0.05821848857548474,0.2322960287820631,0.01109492987511258,0.47891817517505403
7,7,OUT,OUT,0.13795409286000934,0.023220627123031783,0.0017827963943528376,0.009323415479165608,0.06263319835015496,0.26936328933365483,0.0043164435706394885,0.49140613688899126
7,7,OUT,OUT,0.10909876016482987,0.04899242694218684,0.0016341532303997383,0.008397143375387493,0.033984903399395215,0.2046820409694104,0.004737847593075524,0.588472724325315
4,7,BB,OUT,0.35427542504296844,0.021738673999404132,0.0017302917587871235,0.013008869958598242,0.08533104345944546,0.15206806216578284,0.004836362433214089,0.3670112711817995
7,7,OUT,OUT,0.19261820194373688,0.0418627954173717,0.002152649442431284,0.011257930220645002,0.12823555679021578,0.20251120020976845,0.0067859368400157785,0.4145757291358151
7,7,OUT,OUT,0.20672003616890125,0.033049430960471436,0.0021433317289943615,0.010796308204186008,0.11163167970042454,0.14489500386288712,0.004854381030433467,0.48590982834370183
5,7,SO,OUT,0.1467351740909481,0.024495709512738037,0.002048998707036556,0.009927549024389451,0.13029143929085812,0.20380266942329733,0.004849011099866067,0.47784944885086633
0,7,SINGLE,OUT,0.1787211213301604,0.021657415709559223,0.0019276134578850507,0.01047688671139237,0.058192898384554284,0.19255184770758527,0.005825746915233825,0.5306464697836295
5,7,SO,OUT,0.12936338639134567,0.03435055309958612,0.00233406487808863,0.018279747248432156,0.04156999679557705,0.23356987012598673,0.006936820358511334,0.5335955611024723
0,7,SINGLE,OUT,0.13318653880942397,0.026230510388440945,0.002526635761419481,0.010924451855261967,0.0610868568224836,0.25175489461475065,0.0061344404874338525,0.5081556712607856
5,7,SO,OUT,0.1504673502941612,0.02071123606289119,0.00284492096616553,0.010229274406799693,0.05099572167746111,0.22743177370245501,0.005848294966741931,0.5314714279233244
7,7,OUT,OUT,0.16552699425714412,0.028614978310474663,0.002568811263945224,0.011183869928801665,0.06377941767694695,0.19086881200122408,0.006195309118707146,0.5312618074427561
5,7,SO,OUT,0.15194817923396536,0.026772255366125857,0.006496380684881781,0.008860888720606752,0.0620478556181881,0.18370247809518442,0.007657739397992657,0.5525142228830552
7,7,OUT,OUT,0.09676561932279794,0.024256566491162045,0.005435307564480776,0.010623229648799753,0.08740291527158935,0.22349641131874443,0.006874366797135836,0.54514558358529
7,7,OUT,OUT,0.1759980194765208,0.029918291953773744,0.001831408511469044,0.012226154241564107,0.05637235368628286,0.2130386454425668,0.006890674610126745,0.5037244520776959
1,7,DOUBLE,OUT,0.15504035283181228,0.02079572020416927,0.002002124700587568,0.010212747879650005,0.06582285481543443,0.2198592604627516,0.006172676476849385,0.5200942626287455
4,7,BB,OUT,0.14965747522805561,0.03762729929990298,0.0026006658121574358,0.02281895392658196,0.04167441103688091,0.2799053867476599,0.005370032979623475,0.46034577496913753
3,7,HR,OUT,0.16050183825156678,0.04189305620538551,0.0021205006361390043,0.015945282482424723,0.11852204563735325,0.1514779032421296,0.018030506463136826,0.4915088670818643
5,7,SO,OUT,0.14953072738414439,0.025370756487898636,0.002511698317207055,0.01078466159134914,0.06537935717919678,0.22928990382819345,0.007031083389618583,0.5101018118223919
0,7,SINGLE,OUT,0.15692915667439783,0.025298354025224706,0.001849037734803995,0.010124737162052031,0.046404241176396015,0.267785148153564,0.005344669707968312,0.48626465536559305
7,7,OUT,OUT,0.10926454697103506,0.03854530166195583,0.002039105575429779,0.009769731571650434,0.04605516835516777,0.19958958951302247,0.004944837242115312,0.5897917191096234
7,7,OUT,OUT,0.3733023167141264,0.019075707611551352,0.0016681819547382597,0.009492537080227938,0.07516744101613354,0.1382267900103066,0.004817365745026418,0.3782496598678894
7,7,OUT,OUT,0.15895399601054638,0.02439277109564482,0.0034747734596362995,0.010212387707495722,0.09573779360498696,0.23466085063513753,0.009924445169317234,0.46264298231723505
7,7,OUT,OUT,0.2532955920206315,0.025680287996597575,0.00201073522412837,0.013383053093396335,0.06194937224092858,0.1917407436126128,0.005063122809999375,0.4468770930017056
7,7,OUT,OUT,0.12514808885400638,0.04413112168228822,0.003054444638173512,0.009752255031269582,0.07746981008292889,0.15978846872315838,0.004896433499205264,0.5757593774889698
1,7,DOUBLE,OUT,0.1621146930798018,0.04613615795116328,0.001937811266070854,0.009983589080566832,0.10423239474571011,0.1951955742338207,0.012069107533990023,0.4683306721088763
7,7,OUT,OUT,0.20461669258538953,0.05223635600137361,0.004663277408721215,0.01254873657529613,0.0727476488812673,0.2038846785021127,0.010534982613588432,0.4387676274322511
7,7,OUT,OUT,0.15773801563711506,0.031757734804016544,0.0018212055280497092,0.008326755274526301,0.07877378804798764,0.16378226713106053,0.010176670939419473,0.5476235626378247
7,7,OUT,OUT,0.18280952588062035,0.04738015723468744,0.0020247566882469446,0.015535527363215325,0.06378144904883462,0.18839441903619708,0.007461741722760493,0.49261242302543784
7,7,OUT,OUT,0.15042809678428257,0.048988558743185015,0.0019301544483963753,0.009640777626005683,0.10577276505257441,0.17122861981973617,0.006554612012392536,0.5054564155134272
7,7,OUT,OUT,0.14472759586601103,0.057128137069568236,0.0020311640757371945,0.009886496228340164,0.0570549561459495,0.18670718865720554,0.008905265216305091,0.5335591967408833
7,7,OUT,OUT,0.19016864411481263,0.02550727176361983,0.0022993876784614974,0.01766476635828359,0.0696158450939513,0.1543152956187155,0.009089789708380081,0.5313389996637755
0,7,SINGLE,OUT,0.19790441752686744,0.034890080802050034,0.0023223247400056793,0.03414589607116495,0.09876485505405692,0.23957581614825452,0.03691879993374453,0.35547780972385584
3,7,HR,OUT,0.20983384495240762,0.03454177332322139,0.011463605540882585,0.0106138926038224,0.07273280785570782,0.1987151824352024,0.01190723068849975,0.45019166260025617
7,7,OUT,OUT,0.10641393318617223,0.038095530308233386,0.0027562707090096257,0.020306155493374826,0.06706612187331407,0.19234467208960074,0.04498353622939095,0.5280337801109041
7,7,OUT,OUT,0.20252028363509195,0.08169375196898483,0.0029930805190689757,0.009548988826912231,0.04172494691789538,0.16730977774453296,0.011917077688941909,0.4822920926985718
7,7,OUT,OUT,0.13910442311239304,0.031292114210120285,0.0019154073333210464,0.010390483503195727,0.06406329430997897,0.16523267308297596,0.058146980593321906,0.529854623854693
7,7,OUT,OUT,0.22690260431135786,0.030200926086816193,0.002596803586788089,0.010688220324547965,0.043843667782618764,0.15101738299631373,0.006468978002454445,0.5282814169091028
1,7,DOUBLE,OUT,0.3031507848638344,0.021559076483816764,0.0030510460847716905,0.008056836150480974,0.05200764534709055,0.12618769253769285,0.006141986230442619,0.47984493230187014
0,7,SINGLE,OUT,0.19475569753752114,0.030907818283838387,0.002152355582041016,0.009820739441432181,0.11807142375306998,0.2051948011849646,0.005256010930087381,0.43384115328704526
5,7,SO,OUT,0.24159411729477032,0.027559477548986546,0.0018968019609940767,0.010481591816211026,0.0691553072643832,0.24062851244229305,0.023214611131878334,0.3854695805404834
7,7,OUT,OUT,0.18608234550385455,0.024652031024087837,0.002160017858249862,0.009192487952182358,0.08246022634129435,0.1568925820854853,0.01372311575453683,0.5248371934803089
5,7,SO,OUT,0.1753703219415816,0.03477228689459433,0.00203115411314035,0.011580271619152116,0.06887419044257562,0.18165716418030833,0.008823603911107505,0.5168910068975402
5,7,SO,OUT,0.21174000396574466,0.03346234642057583,0.0023658901509875144,0.009968400907517182,0.046438762286099895,0.16312916557146565,0.008065986921466057,0.5248294437761433
1,7,DOUBLE,OUT,0.13480838275004797,0.029931838267761666,0.0021564613212347932,0.010664598169263392,0.061455761522864034,0.3014740063854501,0.005109678024793698,0.4543992735585842
7,7,OUT,OUT,0.14397896159608745,0.03485176297976614,0.0021435923524120055,0.022164606382293024,0.09304325804484129,0.26749579488205855,0.005050987143552223,0.43127103661898936
7,7,OUT,OUT,0.14136036888262768,0.029310588332969078,0.002747554016811712,0.05206710955767367,0.08456308789416028,0.17377819024450503,0.004843254706027561,0.5113298463652249
7,7,OUT,OUT,0.20914077809339243,0.025043767290572252,0.0019287080176863256,0.0578910967970642,0.062045196090662426,0.1963695043417585,0.005288299642228079,0.44229264972663584
1,7,DOUBLE,OUT,0.15156586402784403,0.05496543562103378,0.0020576892950130024,0.02838886334454544,0.059652540657481955,0.1640838146320567,0.005016609585034391,0.5342691828369908
0,7,SINGLE,OUT,0.14796635334878996,0.02728488280697484,0.001830392431618615,0.01839333014603752,0.08573097300881738,0.1377558646596726,0.004938795689812526,0.5760994079082765
0,7,SINGLE,OUT,0.13253292083979387,0.028866640129844502,0.002962411504866153,0.03791760042823533,0.0888925940594853,0.26262958426412775,0.012422023352811944,0.43377622542083516
3,7,HR,OUT,0.15272964188262086,0.023969234547180557,0.0036041594892966605,0.009281326346839522,0.05797421895079416,0.17700163644078065,0.0075082075181097056,0.5679315748243778
7,7,OUT,OUT,0.09787055970283765,0.02038497137759623,0.002851183218331958,0.022049827598609732,0.0692389563523005,0.1655616403175352,0.019803707668570505,0.6022391537642182
7,7,OUT,OUT,0.19853724215410973,0.04739546134185498,0.0019216688097470423,0.016020427907159875,0.043018505186042076,0.12290350911559127,0.005189916172198529,0.5650132693132964
7,7,OUT,OUT,0.16043911350875453,0.06121700733202937,0.0021172287175450165,0.011358653518889093,0.04141410126626585,0.18772931441491558,0.008077142434933064,0.5276474388066674
1,7,DOUBLE,OUT,0.15686749506438175,0.03489140496692912,0.0025094359148436583,0.017791895881920212,0.06625094121008901,0.1418835187932706,0.011750745792791159,0.5680545623757745
0,7,SINGLE,OUT,0.22789104988155715,0.04106805907525886,0.0021658012992102505,0.01340950543980007,0.04452235120368627,0.24954091069072884,0.010735762881265555,0.41066655952849307
7,7,OUT,OUT,0.09805510318521626,0.06521724041811143,0.0023565311131921213,0.02768001921108577,0.04247311603328042,0.12911490972631182,0.02219195710632431,0.6129111232064778
0,7,SINGLE,OUT,0.16204427197764518,0.03772907020240418,0.004441898261317463,0.009920386696791574,0.04945910529253852,0.15296910263019545,0.035070646074097246,0.5483655188650104
7,7,OUT,OUT,0.18157946611738976,0.06913328398193218,0.001911579576190391,0.009254835435399554,0.05956919625560009,0.15767012800006153,0.04428342557591006,0.47659808505751644
7,7,OUT,OUT,0.17729518280122455,0.04373424810070929,0.0020712410239196385,0.010224525836408508,0.09257093409224222,0.16952393280529965,0.006590244854854221,0.49798969048534175
4,7,BB,OUT,0.16261964664452613,0.05019471334520536,0.00210842928163267,0.011569511779101205,0.07414123016992584,0.1868469549111967,0.009538538481190633,0.5029809753872214
0,7,SINGLE,OUT,0.21074006915253413,0.030876275772281653,0.003121250420972867,0.009119983112253361,0.0616942373046784,0.1248037837980413,0.008476806743921582,0.5511675936953166
7,7,OUT,OUT,0.09958280572527335,0.03975351650256364,0.012447158529207079,0.009429755740831781,0.05404994941759896,0.13401826035496628,0.006953373388961516,0.6437651803405975
0,7,SINGLE,OUT,0.2169205052637833,0.03533887342892418,0.002469219826363707,0.016797735163898424,0.04837823835359255,0.21627014885661153,0.011786106254299983,0.45203917285252637
7,7,OUT,OUT,0.1367442819020254,0.02813109929987313,0.005133874663827748,0.015228559488971876,0.04343481656073975,0.1181655822481359,0.012024724478863269,0.641137061357563
7,7,OUT,OUT,0.186246829769312,0.04203216192371679,0.0022064986039434507,0.020800196173200215,0.06432727962205664,0.1528688320604426,0.010505801137146008,0.5210124007101824
7,7,OUT,OUT,0.19366229051203965,0.05037705759076424,0.001943040020996342,0.016156433233218317,0.0660689760540096,0.19660665292734125,0.007729252740404443,0.4674562969212262
0,7,SINGLE,OUT,0.18668875334097257,0.04395645653424429,0.0019725901550422817,0.009388475071165527,0.10214201155237619,0.16134137487311564,0.006674873868366104,0.4878354646047172
7,7,OUT,OUT,0.1439475578094276,0.05077839595756345,0.0019563519666367106,0.00954348069113267,0.05613239390794142,0.17467163682674247,0.007039383025727229,0.5559307998148284
7,7,OUT,OUT,0.16226156471577066,0.04476845839303207,0.0020069525979715323,0.01238864794908815,0.06672299154482947,0.17159250625384564,0.013488452665422238,0.5267704258800403
7,7,OUT,OUT,0.14388307562856717,0.059793884796494425,0.0018868953562976574,0.020006271221685818,0.04288500528206939,0.11929493485397237,0.006020215274568006,0.6062297175863451
4,7,BB,OUT,0.18337523608520434,0.041427925283364454,0.001967433923445867,0.014657959340875005,0.04800846088871025,0.12177809004227186,0.016862839969977606,0.5719220544661506
4,7,BB,OUT,0.15906153728747396,0.035571939716424396,0.0019383202922374566,0.0228874393369378,0.055822868134502636,0.24086127440712402,0.0203527244304085,0.4635038963948913
7,7,OUT,OUT,0.13500528148345403,0.03397932872715693,0.002115108579298048,0.008612723292253311,0.07865566156462286,0.1659940809573468,0.010245031773913522,0.5653927836219546
5,7,SO,OUT,0.09694081536612377,0.057888873372418326,0.0021046292011838072,0.025957998701130636,0.04240825696596076,0.12539890361656889,0.03689709467567475,0.612403428100939
7,7,OUT,OUT,0.19205456968504037,0.04767876382322357,0.0025226058432827113,0.008738247459270126,0.06251939670554786,0.1731327966635141,0.03484226059538903,0.4785113592247322
4,7,BB,OUT,0.17709927768764538,0.07655869710591517,0.0017920800466682608,0.00858290372668084,0.055088688404675276,0.14142541144489693,0.03509180739703425,0.5043611341864838
7,7,OUT,OUT,0.17042456700494488,0.030622383338997184,0.002107994918930079,0.00994152022261922,0.05342572873133327,0.23413640674595407,0.007227595455516083,0.49211380358170526
1,7,DOUBLE,OUT,0.18937112598744096,0.028210858603009092,0.004140715360497968,0.008664890027737387,0.05105185791979448,0.13487784121642815,0.005678286196065138,0.5780044246890268
7,7,OUT,OUT,0.09165516736746962,0.047351183591794924,0.00872660783109015,0.008830010363794587,0.05152585183666468,0.1282222061864558,0.008680595326663963,0.6550083774960663
7,7,OUT,OUT,0.1849430499522383,0.034697921821855535,0.003127310681054005,0.00998691128559478,0.064935425767397,0.19547090147764604,0.006645227675661199,0.5001932513385531
7,7,OUT,OUT,0.1701782414478307,0.03759644910083846,0.004019031114285367,0.013200086740406338,0.044669863106988394,0.1187534021335419,0.013247827855479484,0.5983350985006294
5,7,SO,OUT,0.15544061047957988,0.02687599054094989,0.0024274606290635293,0.018415952288156692,0.08830200260376743,0.31780224140360125,0.005909649193081157,0.3848260928618001
7,7,OUT,OUT,0.14998126263513942,0.03623237718485707,0.0027336496151197888,0.008965079523790918,0.06747515095960788,0.21181932671184706,0.00565003308297698,0.5171431202866609
5,7,SO,OUT,0.12657249691948683,0.0491165196272305,0.0020560052742830156,0.014539816934715379,0.07640338846446078,0.3478092011217637,0.006416203090774647,0.3770863685672853
5,7,SO,OUT,0.174713048113942,0.03944077739026952,0.011191038915999131,0.008832534063435607,0.03782823509993654,0.13983983415273357,0.005714164414298615,0.582440367849385
6,7,HBP,OUT,0.17425785939702854,0.03476013226560922,0.002353753404058882,0.052450728705500584,0.05607430108694309,0.1957182576435569,0.00844345099638384,0.475941516500919
7,7,OUT,OUT,0.14215827314856314,0.030373582671315045,0.002392932450580526,0.024447818030524083,0.041445180484763526,0.14583491586027242,0.015333668033819874,0.5980136293201613
7,7,OUT,OUT,0.11145623489576781,0.029503165129015956,0.004175444253446531,0.010536915908184168,0.05031878116719212,0.16776068550040313,0.012625941370777377,0.6136228317752128
7,7,OUT,OUT,0.09828145177409055,0.025491366740778766,0.0019033963871381565,0.009668684059341837,0.05032779426923966,0.2748435638839292,0.005923130596640401,0.5335606122888414
7,7,OUT,OUT,0.08616092740409892,0.026485681421740317,0.0050517742585986115,0.00900290506348505,0.06456912712751275,0.2590253455677432,0.0043462373577435,0.5453580017990777
7,7,OUT,OUT,0.1232455870233584,0.043480168613210454,0.0022956365783626553,0.029503933272374164,0.057921360227252576,0.15096392029414943,0.00549736104797331,0.5870920329433189
6,7,HBP,OUT,0.17450151168115452,0.04445728500945635,0.002508148792553498,0.028778053576486707,0.11890518057466966,0.12789711474378812,0.007560858166250338,0.4953918474556408
5,7,SO,OUT,0.14365513740158067,0.026594608710414167,0.0022614592489228246,0.027375540651821104,0.10167689401027294,0.14686876934949597,0.006413819033379503,0.5451537715941128
7,7,OUT,OUT,0.09371129351805768,0.040129060287949825,0.003938741935211981,0.010052947684345082,0.05498104129437798,0.12565301047509886,0.01086578783851646,0.6606681169664421
5,7,SO,OUT,0.1671198816766391,0.023378205716290585,0.022589958544313317,0.012209032410524432,0.03813357722339439,0.15172926479898483,0.005448756087034533,0.5793913235428189
7,7,OUT,OUT,0.13630397654489618,0.03213712339653884,0.002083927830317763,0.010961664846336143,0.11866797201363635,0.2061700514000121,0.023010561422329087,0.47066472254593356
0,7,SINGLE,OUT,0.16633570343466936,0.025419247448194706,0.0027509962753391407,0.01057768077870858,0.06326788437450351,0.13248749750759709,0.0046259234859952186,0.5945350666949925
7,7,OUT,OUT,0.1449937220302034,0.03178364089499504,0.0022721307437817517,0.020515071455773207,0.09202681286068433,0.226057050383795,0.0150702438230699,0.4672813278076972
5,7,SO,OUT,0.1245153887648901,0.028996393270343895,0.002323051177212741,0.03701099247734088,0.08094672996733054,0.18204469614175015,0.008325268741886407,0.5358374794592453
0,7,SINGLE,OUT,0.17189349572350085,0.034451861558964715,0.0032465455687381538,0.011354537928974858,0.11856160273892037,0.18925801065773998,0.016309112700790877,0.45492483312237025
7,7,OUT,OUT,0.17968996963175216,0.033693101242444214,0.015855846355756046,0.008575739869555978,0.037165076303874486,0.1261275598549482,0.006305056838783771,0.5925876499028853
7,7,OUT,OUT,0.16991218602282132,0.031244409851029168,0.0022584257668496546,0.038640866726431765,0.06346139230658412,0.19349975744107764,0.006240942414332764,0.4947420194708737
7,7,OUT,OUT,0.12846558787010667,0.04969195745219056,0.0025394734862691235,0.011741210995754436,0.0464157264209046,0.1497178229860845,0.00544851154041254,0.6059797092482775
7,7,OUT,OUT,0.11087093156079154,0.023096320821153885,0.0016967930331695865,0.012499380624204864,0.06924718953786081,0.14417290540489064,0.00451694586624887,0.6338995331516799
7,7,OUT,OUT,0.11015584862113113,0.03268137964293091,0.0049955685529736475,0.011023052795876849,0.051656435775532875,0.15975058271466577,0.013352541401027923,0.6163845904958609
0,7,SINGLE,OUT,0.16180620292587325,0.032138999161235575,0.0022900707888064407,0.012967486707885726,0.08333553647829393,0.28881842884068576,0.004761202482772058,0.41388207261444737
7,7,OUT,OUT,0.17387245011705402,0.06992773780323963,0.0022390840183725102,0.01474347854461584,0.1048126456028546,0.15260069505419177,0.00540861496887789,0.47639529389079377
0,7,SINGLE,OUT,0.15242550942550565,0.02217533907318342,0.0021606500144789624,0.013174600253869089,0.10339074759534302,0.2679596519657197,0.00494952771951429,0.43376397395238586
5,7,SO,OUT,0.13172163941383488,0.020974364827163854,0.0020030622497017353,0.012127125173535478,0.0719409920143461,0.3495977626664518,0.004637433661625012,0.4069976199933411
0,7,SINGLE,OUT,0.19097592045591374,0.029509313344148913,0.0035928900180657313,0.01663584717725758,0.10190518337886852,0.20212878172715193,0.014825800583888172,0.44042626331470547
7,7,OUT,OUT,0.14875364491450055,0.03563001754966044,0.0027549833022429203,0.013142041423339487,0.10339566980311335,0.2570486842063784,0.00533658688049931,0.43393837192026546
7,7,OUT,OUT,0.12518203244082077,0.028959004839655134,0.002505707686738039,0.04402321454669724,0.06557722390278459,0.17941580361691975,0.007790927247143008,0.5465460857192416
7,7,OUT,OUT,0.1122880221052973,0.03290143118935245,0.0016808845488727126,0.01152726067354936,0.05971476710669567,0.14325735895326144,0.004536234460991805,0.6340940409619792
7,7,OUT,OUT,0.16457625477936222,0.03456931492894674,0.0024646892064560497,0.01851792908488051,0.06446693363965632,0.19274008580836097,0.006251389437621889,0.5164134031147154
5,7,SO,OUT,0.12779248484171116,0.03315364589285077,0.0020018249277009036,0.032516917884837813,0.0578582291175415,0.16494608057637447,0.005706701172882632,0.5760241155861008
4,7,BB,OUT,0.17831685602504327,0.046316797428083374,0.0024589551416720644,0.0359057414500086,0.09792185446077104,0.1303013872082068,0.007450724069615203,0.5013276842165997
7,7,OUT,OUT,0.1530660491956573,0.0297849475289865,0.002119036666226,0.02203638038730422,0.09656978988910091,0.12654136198788818,0.00881202279984523,0.5610704115449915
0,7,SINGLE,OUT,0.19523904010697768,0.03057994780422186,0.0025199260526632713,0.041687157360389575,0.09140116213441798,0.17615728562587152,0.006927796000654214,0.455487684914804
7,7,OUT,OUT,0.16336319388894346,0.03449899501792652,0.002785654400656635,0.011293281013987206,0.09840142814076419,0.17283636387792697,0.024170646411148373,0.4926504372486466
7,7,OUT,OUT,0.17752077546535996,0.029407889001876006,0.0031857733206410994,0.01213169359213973,0.0446535888930905,0.19646973737890358,0.008493126442060527,0.5281374159059286
7,7,OUT,OUT,0.135815190616889,0.0317343306985534,0.0020345001648933965,0.01242549540928614,0.10176585077115156,0.23715160852328832,0.02629639835942518,0.45277662545651315
4,7,BB,OUT,0.1568386711579785,0.026631938394263095,0.002684189661946696,0.010127592223445834,0.05745171579078268,0.13864685272483712,0.004491526779169009,0.6031275132675771
0,7,SINGLE,OUT,0.14500821290807048,0.027265762203930077,0.002029297096186353,0.024723942499986534,0.07003141665672304,0.20613032558670236,0.012524400210122976,0.5122866428382781
4,7,BB,OUT,0.1587826394474946,0.039679685589311946,0.002457892073418806,0.012823022820860376,0.04393652480245389,0.14909052077350068,0.006051213311793538,0.5871785011811662
7,7,OUT,OUT,0.16041246611288604,0.03161219015384216,0.004820714807997798,0.009727810693215024,0.03711641267122461,0.12079262227839536,0.006428899895855025,0.629088883386584
5,7,SO,OUT,0.15994997787267737,0.03172243005382597,0.002357345346946456,0.04704789309919412,0.0734208825863242,0.2026781850767807,0.007883315105107988,0.47493997085914297
7,7,OUT,OUT,0.1512912478126978,0.02756997701541398,0.0021992254023308114,0.022817726042983707,0.038611129864240736,0.1398381509731624,0.013041333040743577,0.604631209848427
5,7,SO,OUT,0.199243717178098,0.025417165450860226,0.0036130210180501283,0.011833412301120082,0.04184957457338811,0.16171729637623083,0.00518603996636656,0.5511397731358861
0,7,SINGLE,OUT,0.12034186878776142,0.03255276992939302,0.0033925588557165926,0.010007809577545497,0.04921310999005869,0.16026515553899331,0.018904714504808393,0.6053220128157231
7,7,OUT,OUT,0.0864422485317616,0.02676335253405339,0.0016768697375090231,0.00863779827024535,0.041797562759241194,0.2705962692461924,0.004945589367796931,0.5591403095532
7,7,OUT,OUT,0.0850827668275391,0.027772584807389533,0.004544130936725148,0.009165547032192568,0.0613237591477211,0.2135743323633419,0.005750951574995818,0.5927859273100949
7,7,OUT,OUT,0.13968353150995882,0.03169227174758832,0.002036770333399404,0.02744527408416261,0.06456189685200839,0.15239206852725368,0.006560139279120233,0.5756280476665087
5,7,SO,OUT,0.1650409866313565,0.047512420662771414,0.0026306022018243867,0.026848161885844983,0.11825774834637928,0.12525986672310646,0.006955101178596596,0.5074951123701205
7,7,OUT,OUT,0.09415402705775953,0.03969137834124872,0.005345813838820156,0.011676834462902665,0.05648939355732034,0.13815482638692367,0.0066905881208204395,0.6477971382342045
5,7,SO,OUT,0.1204894147742148,0.03594333583508056,0.0020715810692524908,0.011682275463301603,0.10673519093729411,0.20623648098394765,0.021850669651550927,0.49499105128535786
7,7,OUT,OUT,0.17042718369564386,0.02589930772173552,0.0027446116698162195,0.009960803945909797,0.05612862334833621,0.12946358698732777,0.008027387573766186,0.5973484950574645
0,7,SINGLE,OUT,0.14671698034970465,0.029379662804143877,0.002211890417114798,0.026715471264861,0.06652666292764942,0.21844754586351758,0.015329516339641587,0.49467227003336717
0,7,SINGLE,OUT,0.13560784588090957,0.054562751581590074,0.002210940351579124,0.011110238197493648,0.03994573423441065,0.1374524519465034,0.005169920856123766,0.6139401169513897
1,7,DOUBLE,OUT,0.13683467899279672,0.02646537467204991,0.0021372130603670015,0.02045906954644299,0.10182561907585351,0.13572450887679388,0.008805629593919456,0.5677479061817765
5,7,SO,OUT,0.242722988110962,0.030076980371867467,0.0020149969274128065,0.027869821015401884,0.049009737152974346,0.1846334381125582,0.014190793651936656,0.4494812446568867
7,7,OUT,OUT,0.12003551978499782,0.024563680292690203,0.0016640505441641903,0.012421613980116087,0.06162321166062713,0.12564019509262866,0.004910059064024033,0.6491416695807518
7,7,OUT,OUT,0.13943796800758415,0.0328824129866545,0.008704658918756875,0.0106354153448376,0.06353161007291444,0.2730669613663707,0.006073728322242334,0.4656672449806393
0,7,SINGLE,OUT,0.13453796291256317,0.032774323545709666,0.002405578492071105,0.01099460983512957,0.08955888815032305,0.27162829695246593,0.014206527316916824,0.44389381279482076
3,7,HR,OUT,0.12653018679569097,0.028559320152398697,0.0018095457194437828,0.013279476294889785,0.08368401552317287,0.23892936429515854,0.005298458897819868,0.5019096323214255
5,7,SO,OUT,0.12862881841621923,0.027933874981617108,0.002019094061740196,0.01412317243760131,0.08028032002264562,0.2265255115024822,0.005809384921487967,0.5146798236562063
7,7,OUT,OUT,0.12220929791872567,0.042443753842688114,0.0059170887299320905,0.010770898051258639,0.05358019993160149,0.27208014176629186,0.00637675519984906,0.48662186455965317
7,7,OUT,OUT,0.11477395404787603,0.018910805968074592,0.0033245521980368453,0.008920352618279564,0.08676077263499701,0.31091149745641605,0.004738570350811755,0.45165949472550815
7,7,OUT,OUT,0.14634982073207012,0.05551703639352503,0.0020692253467138205,0.02031976154871144,0.07285909079053421,0.15322004157801272,0.017842929362465135,0.5318220942479674
0,7,SINGLE,OUT,0.139013634029148,0.03666464898537994,0.00250470240286892,0.011700369079557047,0.05957564489244565,0.24775423415375836,0.005958385932429239,0.49682838052441286
5,7,SO,OUT,0.1652556546810201,0.020092335931128243,0.0026691657253268652,0.009719299891975987,0.045498625413522696,0.22435461195308057,0.006068139543103116,0.5263421668608425
6,7,HBP,OUT,0.12959683408376135,0.033692548908087594,0.002146880811781667,0.01468715155510036,0.06483309892129237,0.3341971507555873,0.007064615458396334,0.413781719505993
7,7,OUT,OUT,0.1444049844409482,0.030710423721507715,0.002196612744491105,0.022299030964928638,0.06173893242655414,0.1734801683916374,0.00646070524444028,0.5587091420654925
0,7,SINGLE,OUT,0.15204154836056893,0.031362799498930054,0.002134299534162989,0.016434276990121073,0.07920776872839562,0.3362988836453412,0.005825779336708711,0.3766946439057715
7,7,OUT,OUT,0.13283504515900338,0.03915343238613056,0.002084380475801303,0.013048399018919188,0.09357629250470402,0.2524440030337188,0.013549030322224192,0.45330941709949873
7,7,OUT,OUT,0.09935573625013856,0.028081318593307033,0.005462993906746486,0.010455582357131059,0.055439918633198026,0.20946713285798618,0.014502806329813246,0.5772345110716794
7,7,OUT,OUT,0.15879090733890017,0.026211685407673727,0.0018639679113401494,0.012954870980436722,0.05168670340415378,0.21424702136108761,0.006762336586658931,0.527482507009749
7,7,OUT,OUT,0.09046855346748492,0.05802822320323731,0.0017133336565718204,0.009680544472040064,0.03676966430115313,0.22868626099169925,0.004133233673196802,0.5705201862346168
5,7,SO,OUT,0.09829325003262805,0.02534274228149594,0.002019919268844764,0.020023283153155488,0.07474706378841652,0.2080006258386059,0.005085289777873318,0.56648782585898
4,7,BB,OUT,0.1362739680461009,0.031217350195599698,0.0019048820801926389,0.013463498908791874,0.08149511346370292,0.2332782452544733,0.005402577348886749,0.49696436470225197
7,7,OUT,OUT,0.1187136714293944,0.024387994369809516,0.0020265756687258218,0.014489432727057772,0.11179397568980998,0.22264516857381522,0.0055058797812904126,0.5004373017600969
5,7,SO,OUT,0.10479673984105588,0.01779900818866282,0.005799473531826742,0.008322062918858416,0.06612700210474624,0.3223360009410832,0.005182117349879508,0.46963759512388736
7,7,OUT,OUT,0.17012479476233933,0.019098247364121364,0.0018430553184510669,0.009460945263754805,0.06845762422289552,0.18842505194386314,0.00570283631711121,0.5368874448074636
5,7,SO,OUT,0.1449609722197953,0.029276130182727744,0.0022932051337767765,0.021321507796555898,0.04025155507930067,0.2721437236228876,0.005235725792165239,0.48451718017279083
4,7,BB,OUT,0.15006253167943318,0.04385196485641854,0.0020832877126255806,0.019393522615423205,0.07809069920929007,0.1499898892938298,0.017910622860182933,0.5386174817727967
0,7,SINGLE,OUT,0.15095917397724729,0.024898842760782375,0.0025515955280262484,0.010134613341660902,0.06655524466663863,0.2472499197012605,0.006067712395763258,0.4915828976286208
5,7,SO,OUT,0.15799888621542268,0.020309098005336708,0.0024577793781071383,0.01056566308751788,0.049954914832765165,0.2108554830638393,0.007490179409961263,0.5403679960070499
0,7,SINGLE,OUT,0.11541693602894565,0.03517964267630205,0.006869463231963539,0.011145237489034275,0.09762113708126095,0.22052227071279587,0.011329890957516495,0.5019154218221812
5,7,SO,OUT,0.15791780523071428,0.03384405199129678,0.0023411322788485433,0.023157093409680727,0.04202025481091256,0.272839273775581,0.005102711754021369,0.4627776767489449
7,7,OUT,OUT,0.16406895801119076,0.021512908131279256,0.002009651783074789,0.010688183661863833,0.07182526086135181,0.22035289998339097,0.005979962598499256,0.5035621749693493
7,7,OUT,OUT,0.1335959679784305,0.023977378118646916,0.001785988446632482,0.011399695656955746,0.05041552230011325,0.28614569317487815,0.004466975174595735,0.48821277914974703
7,5,OUT,SO,0.13889847997907895,0.023622760894148068,0.002304131933440668,0.01639948400045784,0.06934146518316296,0.37219877335437135,0.005567752502882074,0.37166715215245794
7,7,OUT,OUT,0.17820100792109334,0.025981247490741117,0.0039793402760894235,0.011674450316927404,0.044358500960397604,0.16972228649084872,0.005484357402110021,0.5605988091417923
7,7,OUT,OUT,0.17628521841621533,0.052786371845201414,0.0021062986556433525,0.01066045185416135,0.07010629459756093,0.18835262775402487,0.0055552575323053995,0.49414747934488734
7,7,OUT,OUT,0.0975840962053875,0.04145850033646873,0.002450357592662486,0.008941440555183955,0.04389215137398545,0.20924123496490904,0.010806906113341138,0.5856253128580617
7,7,OUT,OUT,0.1569914712460529,0.035186033937391975,0.0022338262940157683,0.019043507812996956,0.0900096200058866,0.19005732418078655,0.005364677014663131,0.5011135395082061
7,7,OUT,OUT,0.24735463959599072,0.035321492757311126,0.004800038911289036,0.00992502147814929,0.04564447361571884,0.1514872370981526,0.005043457716950757,0.5004236388264376
7,7,OUT,OUT,0.16659910540504413,0.0407918391269509,0.0021296487113437027,0.017781204786490732,0.0612492936524483,0.22186892618127307,0.007017080615307357,0.48256290152114184
7,7,OUT,OUT,0.18898909960102955,0.025618079513992805,0.0020884852668828563,0.015998380111647132,0.04710260205648914,0.15432169046657707,0.00852727347205625,0.5573543895113252
0,7,SINGLE,OUT,0.3440024145856656,0.025740684575290787,0.002851984540917398,0.008656586416095971,0.05535791865490095,0.13478583981901224,0.0043876955488257,0.4242168758592914
5,7,SO,OUT,0.1436432344878533,0.024127339992655924,0.00202897084817494,0.012714780193843842,0.07722978326812875,0.2836072659981608,0.041061178943901856,0.4155874462672806
7,7,OUT,OUT,0.14837159124574634,0.02830275591544376,0.0023504625860897355,0.01065879088931196,0.0767273776268779,0.26945171695733966,0.006109916529871766,0.4580273882493189
7,7,OUT,OUT,0.15546030252436838,0.03605910881933754,0.0021830154194920253,0.05974690710834661,0.07756073891149193,0.20894598192889277,0.007472435693827344,0.45257150959424325
7,7,OUT,OUT,0.18187569754698651,0.03082873047879373,0.0023028588684402,0.015868575667546795,0.11055309109291163,0.1692472179954192,0.005104515355852481,0.48421931299404947
1,7,DOUBLE,OUT,0.17773888066924245,0.04962684837984509,0.0023597035529981905,0.016385229099943856,0.15786309405733984,0.13153743806276055,0.004850444951420605,0.45963836122644947
4,7,BB,OUT,0.18409899497092425,0.03037190425601345,0.0020979348724711796,0.029349183382688316,0.08009122097321955,0.28246449881186114,0.005241927875463974,0.3862843348573583
4,7,BB,OUT,0.2034575359710624,0.020701701008068427,0.002190028312689235,0.015821167409204535,0.0912244578262486,0.1833060146362694,0.00495932143669151,0.47833977339976597
7,7,OUT,OUT,0.17405161623105703,0.041791920478141134,0.0022395149021240696,0.02400817606857568,0.06715955329362246,0.1860563910273185,0.0071131488800903215,0.4975796791190708
5,7,SO,OUT,0.16613373184739944,0.020724466749991788,0.002549535193070198,0.013975950070328168,0.1698110436688769,0.1457041751670939,0.00497063678416668,0.47613046051907304
7,7,OUT,OUT,0.15114529104806806,0.038588681800653474,0.005196495855416067,0.009861300048292783,0.05888072793256909,0.2265900403283395,0.09747902850730444,0.4122584344793565
5,7,SO,OUT,0.1832634592419315,0.030790865251876687,0.002179667186242885,0.010315290659633028,0.075348150174491,0.14995370745121034,0.006856536891329672,0.5412923231432848
7,7,OUT,OUT,0.18773004286532655,0.055060274046596525,0.002467304353746766,0.00959557727457735,0.04249959701134841,0.2506563971232284,0.013976599903762198,0.43801420742141395
0,7,SINGLE,OUT,0.2579913848790748,0.046018069947397995,0.0024076034421940348,0.026356220536543677,0.04696047234319065,0.15735341463864572,0.00457873972464234,0.4583340944883109
7,7,OUT,OUT,0.13806884338176625,0.038230431595109186,0.001902667770786866,0.01667198756950156,0.05904837994527175,0.3450456189378197,0.0058943589355731725,0.39513771186417146
1,7,DOUBLE,OUT,0.23721992651804652,0.030441369677503303,0.002328466311853763,0.019579298628634115,0.0697477549468808,0.22218576205391938,0.005609603976170507,0.4128878178869916
7,7,OUT,OUT,0.20037476655282854,0.03486618132820977,0.005068484117928921,0.015234835863824096,0.04618301362845481,0.12764873775294563,0.005193963211735877,0.5654300175440725
6,7,HBP,OUT,0.18907067095452554,0.0294036804777192,0.002411754985784847,0.017305531694395103,0.16659485529480225,0.19572587496607238,0.005527454799682946,0.3939601768270178
0,7,SINGLE,OUT,0.1685504182562579,0.026403582388873508,0.0030229890857397784,0.010884501937158637,0.05273036199982132,0.18725879612965027,0.004619165037644612,0.5465301851648539
5,7,SO,OUT,0.09553705666448305,0.02639576669543287,0.002604812619090328,0.010091447262751328,0.07388514638976502,0.1371643811598926,0.010506936132004195,0.6438144530765806
0,7,SINGLE,OUT,0.19045024929636384,0.03160441510665777,0.0019276518616077318,0.012101020928468535,0.05372994839048667,0.17776488559660503,0.004934385695991506,0.5274874431238189
7,7,OUT,OUT,0.13425044386102217,0.025270827983623446,0.005000972804469808,0.009837733908065258,0.048023143562742905,0.253702080495647,0.006829016648182996,0.5170857807362464
7,7,OUT,OUT,0.15182917896516832,0.03368059541798384,0.0022122499376193323,0.012474469397636533,0.05190348021742257,0.11457264739288449,0.007211025474143184,0.6261163531971418
7,7,OUT,OUT,0.16667466391607508,0.04005977949501117,0.002703584547928868,0.034386682980009416,0.06606120708633519,0.13689351699049981,0.006966348856515402,0.5462542161276249
3,7,HR,OUT,0.19543783571092063,0.0521525228171596,0.002050583100448139,0.02264300471461298,0.03688976391442407,0.12131173579102046,0.004738433014615038,0.5647761209367991
5,7,SO,OUT,0.15210290641648763,0.024707526564246518,0.0017610730513325454,0.010513711763429084,0.05415238517129204,0.11713300314618773,0.004186204851912867,0.6354431890351117
7,7,OUT,OUT,0.1180827011927954,0.041274315110514305,0.0024338918834789394,0.009675896146274045,0.0954704945338763,0.13911873708355774,0.010721372847499308,0.5832225912020039
5,7,SO,OUT,0.1677414003367379,0.02484357493060319,0.002194551069145057,0.01353933099550572,0.08256105841886453,0.18238298049685397,0.0055562278220313436,0.5211808759302582
4,7,BB,OUT,0.1755211350191409,0.025102396773503288,0.006477825434917186,0.010548929912976967,0.08518844932715641,0.21858080904798918,0.00907883753067593,0.46950161695364023
0,7,SINGLE,OUT,0.15655822614418746,0.04867085988711812,0.0018808307214822852,0.011067282185634662,0.10659982822392255,0.1408231168704027,0.004524321896728124,0.5298755340705241
5,7,SO,OUT,0.18591605897233,0.03990534099482484,0.002057755666093194,0.010399404107885531,0.09273099807662716,0.17168951644257774,0.011597670984125561,0.48570325475553594
0,7,SINGLE,OUT,0.19017140285296769,0.031111467143225827,0.0022413739444938825,0.03617304865803853,0.08159071720878334,0.22151721047477196,0.0054258019722400784,0.4317689777454788
0,7,SINGLE,OUT,0.14639039748215524,0.04577442570866162,0.0021350628684303,0.02851553455591043,0.0835782949012219,0.1909350518951852,0.005396897647862958,0.49727433494057227
0,7,SINGLE,OUT,0.17897157747502762,0.025390393720412855,0.004881058615031536,0.009497135958368465,0.06722994438975599,0.1883332306442219,0.01196428970655003,0.5137323694906316
7,7,OUT,OUT,0.09380805650604582,0.031020044717964525,0.0022646691117433914,0.02605442537192535,0.04311386192801476,0.11930765112076681,0.004329118256703334,0.680102172986836
7,7,OUT,OUT,0.1811641668617456,0.026940761371454187,0.003024948702692569,0.012488133720832238,0.04802819990655968,0.1310666768232498,0.00606603732926574,0.5912210752842002
7,7,OUT,OUT,0.16108369498450478,0.026267703009530678,0.0017353820601382814,0.01720056740044056,0.04092349589905811,0.10566451858246995,0.005488033059516435,0.6416366050043412
7,7,OUT,OUT,0.15310451167684455,0.04840655642003862,0.0019711644316349947,0.02291323937828184,0.05517070237446113,0.33776329550614076,0.004618773836282308,0.3760517563763157
0,7,SINGLE,OUT,0.18793926549599252,0.04044689732839385,0.0028113587222441828,0.009995197544022155,0.05317763084750124,0.2693466642267162,0.004926050749043311,0.43135693508608647
7,7,OUT,OUT,0.15619731785415358,0.033626363878561064,0.0021223054805229453,0.04166053626394523,0.08155656616095688,0.26777517845881293,0.005013464473751143,0.41204826742929623
7,7,OUT,OUT,0.14855731023140883,0.03555735951491856,0.002143720739141073,0.01910482834784157,0.06930605860848806,0.13412293013692925,0.005049700954686611,0.5861580914665862
7,7,OUT,OUT,0.1906717013565124,0.03149658552031328,0.001991790298604231,0.01980018250826062,0.05316428170971338,0.14883583672262246,0.005068903019168276,0.5489707188648054
1,7,DOUBLE,OUT,0.1563770054405021,0.02426084288607671,0.0019843504495022615,0.00930098664869987,0.060507449017225434,0.2191719329530689,0.004885095015919486,0.5235123375890053
0,7,SINGLE,OUT,0.14655323655077784,0.03256932062728596,0.003245329341497185,0.01008361483188625,0.07288724429183899,0.21158966517619154,0.011575111720441704,0.5114964774600806
5,7,SO,OUT,0.16460289811755527,0.027896006536429385,0.002748596803335003,0.01078374212026639,0.07699229240420485,0.18135400734256615,0.006117759864369305,0.5295046968112737
3,7,HR,OUT,0.19802521253177302,0.047635463532797385,0.002231583621119186,0.025010189372835064,0.08254483562789601,0.14168036868641568,0.008289385823306059,0.4945829608038577
7,7,OUT,OUT,0.13373486666621376,0.040307458960137536,0.002752529042812078,0.012381520191657718,0.049297077418574496,0.16781651099053205,0.005187874239372597,0.5885221624906998
7,7,OUT,OUT,0.14219075399493197,0.04617929619068542,0.0026712057108807916,0.01027056722746078,0.0655798314839818,0.2623225073964663,0.004910113469323222,0.46587572452626963
7,7,OUT,OUT,0.1603534370712778,0.050323090987178076,0.001907598614063782,0.010523817475469268,0.09392916925216868,0.1464577581703588,0.00460620008554576,0.5318989283439378
4,7,BB,OUT,0.1801732402335657,0.047355650660291085,0.0020560820470462804,0.010252309706743444,0.13242629971223394,0.22264016551205557,0.007467398851439592,0.39762885327662434
7,7,OUT,OUT,0.21462578008813618,0.04144555264591653,0.0021080132679797735,0.022017853243471896,0.13309014859668553,0.2028047393089882,0.005119899613900163,0.3787880132349217
0,7,SINGLE,OUT,0.16230336492806982,0.045155593669634154,0.0021575993914181393,0.024793380241539077,0.08679891495144462,0.21799004981098546,0.005247724865288324,0.4555533721416204
1,7,DOUBLE,OUT,0.1892026372061651,0.027270304877984607,0.0038586311646773694,0.008744298961812428,0.053083125337560544,0.214319648892809,0.009051485339288215,0.49446986821970274
7,7,OUT,OUT,0.09410504687053414,0.023388665386303034,0.0027373631991622228,0.03951747832135466,0.038783411905680173,0.11714989335986187,0.004337984099573189,0.6799801568575307
7,7,OUT,OUT,0.15011773567202966,0.023689974211406995,0.0019443439307576453,0.00946568211310115,0.050575916515248655,0.10393277987700698,0.0040722067933152755,0.6562013608871338
7,7,OUT,OUT,0.1766539217306981,0.02764599352802052,0.0017938178166328794,0.017366033353401627,0.04473675430256586,0.11344957123425485,0.005996631266166448,0.6123572767682596
7,7,OUT,OUT,0.09811415124994494,0.0360534649700641,0.0034428104278879028,0.012051652388502004,0.0764828123840696,0.1621792140770122,0.009266399865965858,0.6024094946365535
7,7,OUT,OUT,0.18143298575821748,0.02435362933699784,0.001886448959330532,0.02191805809447366,0.05447158847277105,0.16940462683319152,0.00477647299727708,0.5417561895477409
3,7,HR,OUT,0.14365791990826712,0.036943476161408424,0.003509034461933844,0.0695052345205407,0.055852110749115634,0.19773614826954225,0.009325519374204543,0.4834705565549876
7,7,OUT,OUT,0.18398448566391162,0.03796624593539511,0.002431111657520777,0.02304852385775642,0.05593493283250599,0.24825146994148933,0.004595058413613454,0.4437881716978072
0,7,SINGLE,OUT,0.1383793261427506,0.051184435424382495,0.0019556503478762926,0.020040665777459943,0.07298735615912473,0.21710888541614393,0.004786727542777684,0.4935569531894842
0,7,SINGLE,OUT,0.17975407845623348,0.041841075237833224,0.0018580798795126796,0.029868437019571058,0.08364495676197364,0.24157783953958742,0.007067488976458902,0.4143880441288295
5,7,SO,OUT,0.18326158663545514,0.02660636405323202,0.004184717169071469,0.012039350898432343,0.043268907016052446,0.1286170483057306,0.005265635914972751,0.5967563900070533
0,7,SINGLE,OUT,0.13650153268219126,0.025030852541154797,0.0017327338016363064,0.02524187018812548,0.04462912235023068,0.14936114360824876,0.004335856832629262,0.6131668879957834
7,7,OUT,OUT,0.1503636097187889,0.06580568450394411,0.002643046341883601,0.009571017825951425,0.06024500579128062,0.285415684756413,0.005009658007674369,0.420946293054064
0,7,SINGLE,OUT,0.1553799929051411,0.03429717427303525,0.003793511775112798,0.011906898274097825,0.07435601286912055,0.21923063191451808,0.0050245992613143385,0.49601117872766015
5,7,SO,OUT,0.181608547650583,0.031010407250395527,0.0021212295562960982,0.011266721138265438,0.1184949635832232,0.16936637132029597,0.006709571288020908,0.4794221882129199
7,7,OUT,OUT,0.1463030703582542,0.03948976481699599,0.00217689877082763,0.01880785996317473,0.05864438757670709,0.18570282686871628,0.005565174358323632,0.5433100172870005
5,7,SO,OUT,0.16416970733194844,0.05686739860775255,0.0030388138357657682,0.01124023058826509,0.07015423904151744,0.26950238990918574,0.004850870196478639,0.4201763504890862
6,7,HBP,OUT,0.186974761659505,0.03173905130611663,0.0032244976654249306,0.019877617461096755,0.06636525714443194,0.19390019578648188,0.004878817479609108,0.4930398014973337
0,7,SINGLE,OUT,0.1743107133996593,0.0522774472693142,0.0038008435706036172,0.012405152398133007,0.05695587930447909,0.20102048273050527,0.006020231187632394,0.49320925013967315
0,7,SINGLE,OUT,0.14354563786179667,0.03889264763299036,0.0020480162220694697,0.03129464106217333,0.09257693370034635,0.2221837097814832,0.0047910181397328565,0.46466739559940784
4,7,BB,OUT,0.13939055350541807,0.03852465083163958,0.0026143115920030688,0.04100847927498099,0.07703815654945301,0.2814022514983317,0.004632088726791902,0.4153895080213817
7,7,OUT,OUT,0.09875746642357384,0.033393095329072656,0.0017827687107324793,0.01208065115446421,0.06765826330796837,0.34557777898234815,0.004799848249364291,0.43595012784247594
7,7,OUT,OUT,0.12766599093222658,0.0499849365012769,0.005592557841369099,0.01013357856637298,0.08366963450053272,0.25179133694015043,0.005459737331796891,0.4657022273862743
0,7,SINGLE,OUT,0.1431755735127132,0.03678490948793527,0.0019880794102415814,0.010774691300902358,0.08268113560050937,0.18710079246841735,0.004827220594644059,0.5326675976246368
7,7,OUT,OUT,0.1719785918900165,0.04794544526940552,0.0023407950664504425,0.011839478443674724,0.13430818887479273,0.14537146485029911,0.005333567229872047,0.4808824683754889
7,7,OUT,OUT,0.11968198280795145,0.029475920642478254,0.0021820915229409463,0.020699127001923147,0.06300494582452751,0.14645541766147882,0.005024992203515488,0.6134755223351843
7,7,OUT,OUT,0.21598605448050778,0.03212654707688654,0.0024893953954699182,0.02469827922980303,0.0797248241307427,0.15360171455662364,0.010868905856217574,0.4805042792737487
6,7,HBP,OUT,0.14972999704846005,0.04868850313365826,0.0024347772924359907,0.026696205639334267,0.06600442081681814,0.21031398361313886,0.01162084531847199,0.48451126713768256
5,7,SO,OUT,0.21575502480590786,0.03128964771029108,0.00204194697702635,0.012538595452501165,0.06823997445008845,0.20105526733631843,0.013582532493338448,0.4554970107745283
5,7,SO,OUT,0.16660466255816006,0.04235209010548158,0.0023810745047041495,0.031932084941335585,0.11884478098378533,0.13615806366076047,0.00828921685128304,0.49343802639448975
4,7,BB,OUT,0.20436503200126155,0.03532164633141647,0.0020263667996764253,0.009843734964005152,0.10012869092841628,0.13003469297533438,0.00814196491480544,0.5101378710850843
4,7,BB,OUT,0.13505832614025548,0.04504319237026685,0.0020112742639525473,0.022150705560273484,0.10370622779835273,0.2633806422971223,0.010940666757056362,0.4177089648127202
7,7,OUT,OUT,0.18949787959629658,0.03654129449526046,0.0035472625151151548,0.010851896438301055,0.11265056844656496,0.14282724909150687,0.005841057262023668,0.4982427921549314
7,7,OUT,OUT,0.12118145592411887,0.049304553576260846,0.0019930486967564207,0.009923464608877088,0.08527031173433487,0.2796709773458512,0.004801599139291345,0.44785458897450947
7,7,OUT,OUT,0.1514825673362897,0.024987477593939083,0.0020181309246006906,0.0096052247992466,0.054127071684604865,0.27805740794414047,0.004918928653818745,0.4748031910633599
5,7,SO,OUT,0.12840887377342206,0.04276767057214173,0.002599059819588634,0.019740150630367468,0.06936114594011615,0.1905573084429768,0.005401775631069206,0.541164015190318
0,7,SINGLE,OUT,0.1590846738455802,0.04320706134810597,0.001871217393115101,0.010054900330193912,0.08005918797996903,0.1292259207281526,0.0045692256279280695,0.5719278127469551
5,7,SO,OUT,0.12078204310342323,0.05655724897803915,0.0018934057543503458,0.04081873124467939,0.04863600727938755,0.33153516537127997,0.006859834068180265,0.39291756420066004
7,7,OUT,OUT,0.16222482111809364,0.03287751243259741,0.0029727800183032894,0.011768865442615595,0.06398465339861464,0.24005253953887676,0.005202164922285279,0.48091666312861336
7,7,OUT,OUT,0.1596920003498309,0.03208998040597055,0.0020389804412366533,0.018377668263094837,0.05057902269307001,0.15868389908418112,0.004935701981524075,0.5736027467810918
0,7,SINGLE,OUT,0.16304387321750682,0.025336036727917396,0.0016972833538115534,0.018902097188521077,0.04420964867904289,0.15377085477453306,0.00437867082543604,0.5886615352332311
7,7,OUT,OUT,0.14860693228809504,0.029980100754492964,0.002000186035287049,0.015616788297672301,0.05080064857367282,0.1117780804161077,0.007128919567212997,0.6340883440674592
1,7,DOUBLE,OUT,0.17888924367833878,0.03148264499135137,0.0018561695567672312,0.03743848395740735,0.06117139772262221,0.13809701972997343,0.006017655865388405,0.5450473844981513
4,7,BB,OUT,0.19380689602104267,0.04236941610417849,0.0019066665946136105,0.03672477365940393,0.034409847195114654,0.11964369482493976,0.005027702285037018,0.5661110033156698
7,7,OUT,OUT,0.14846633885762295,0.023872625024590102,0.0017234769160468606,0.010509892130714493,0.04763116373301749,0.10761977982120341,0.004288699027969514,0.6558880244888352
7,7,OUT,OUT,0.16336373491289657,0.02543932463145719,0.0019916976301058405,0.009840407593172068,0.06877249327100658,0.2528551807815099,0.008111036846214729,0.4696261243336371
2,7,TRIPLE,OUT,0.1918697941953922,0.031485127237339275,0.0019301261059154712,0.02290476325240514,0.04098170201390856,0.11602549533623792,0.007432538398957657,0.5873704534598438
7,7,OUT,OUT,0.16274307106640223,0.02909242134754581,0.002276773462607651,0.029518174380272138,0.0878026236071193,0.21963608460832226,0.005499543414770962,0.46343130811295963
0,7,SINGLE,OUT,0.1097048163040558,0.030591619399358054,0.0016854135239508673,0.00889614334883014,0.03560230901204724,0.22477620273028226,0.0039839182266381825,0.5847595774548374
7,7,OUT,OUT,0.1694775958291217,0.05108212306442294,0.002229037550838157,0.03165363523942922,0.06987021821577367,0.18760061977265702,0.0058894686457645375,0.4821973016819928
7,7,OUT,OUT,0.1096247211956186,0.025032610425968247,0.0020422436227956926,0.02187394542851646,0.06490879599470907,0.375270970092829,0.00584752704243248,0.3953991861971303
7,7,OUT,OUT,0.11955442926868731,0.04061727121138712,0.0020393213524645916,0.020554699828068575,0.06828780840076333,0.2671923969836595,0.004950309490202367,0.47680376346476716
7,7,OUT,OUT,0.1324841320841122,0.042266360975195316,0.0019270173167477774,0.010877198929631172,0.06045122943878489,0.2599860165472914,0.004735537651997721,0.4872725070562395
6,7,HBP,OUT,0.1331795503970077,0.030491097202128586,0.0023839876159924096,0.023269340503930817,0.11498189124070578,0.19003516628473766,0.005119001204009737,0.5005399655514873
0,7,SINGLE,OUT,0.19387608336236542,0.0328747257304824,0.0018259382129049578,0.011190608956431687,0.08617716437256218,0.18468191770881592,0.0044983081379805735,0.48487525351845684
7,7,OUT,OUT,0.15150071022467798,0.029752341962522633,0.002068310385355871,0.011500546313770555,0.06940491970137522,0.20662823065771402,0.009541569626598873,0.5196033711279849
4,7,BB,OUT,0.11499279780063076,0.044645203667552064,0.002144864973297349,0.01072759359821653,0.10074085862349579,0.2153080358546956,0.004815345252161774,0.5066253002299502
7,7,OUT,OUT,0.17620884556154046,0.02824990136837379,0.004945787135431635,0.008633071882614432,0.08954140892556504,0.17693714863500878,0.0115048301843974,0.5039790063070685
4,7,BB,OUT,0.16137430893644844,0.04296238524504535,0.0029477158403852163,0.011629157577890608,0.11335645490645344,0.15810442880297676,0.0111196091665634,0.49850593952423694
7,7,OUT,OUT,0.18722647691383032,0.036471861081046525,0.0027549783395096152,0.010289168814795763,0.06249800092918685,0.20062057473408249,0.0123980992474079,0.48774083994014056
5,7,SO,OUT,0.12734910245978978,0.029896175554262733,0.00392517741226597,0.010921590225514035,0.06444536899469214,0.3120744821234802,0.021751288120846254,0.4296368151091489
7,7,OUT,OUT,0.15813937528498523,0.05095010341269693,0.0021418913454395046,0.02220343738222721,0.0914610945639432,0.15139614471547974,0.005511366978507313,0.5181965863167208
0,7,SINGLE,OUT,0.12843453140460367,0.028300456282215294,0.002091992069309528,0.010100024884574796,0.07261959279350012,0.27613474126001375,0.00767475467023862,0.4746439066355442
7,7,OUT,OUT,0.15321839018574374,0.04116177715287672,0.0031167254029108274,0.025846167044503144,0.03501958277438535,0.12836965105693793,0.004647330021932511,0.6086203763607098
7,7,OUT,OUT,0.1336791119326242,0.03180487971909379,0.03610033378505552,0.012010431335859667,0.05698926676641791,0.1435002330753475,0.030860745941573328,0.555054997444028
7,7,OUT,OUT,0.10785986003353353,0.02629504449770178,0.0019971895126535935,0.018429813543366758,0.11915912345065724,0.2313173279164824,0.007056078284697963,0.4878855627609066
7,7,OUT,OUT,0.15947656339910868,0.029803250466816356,0.002459395693176848,0.009485957103963666,0.0420486065878765,0.23569822454484177,0.0050361465921037836,0.5159918556121125
7,7,OUT,OUT,0.1822121676006238,0.027305918078010846,0.001994069874493871,0.04650199415896372,0.07677071198072757,0.23257731734323508,0.004881835633062898,0.4277559853308821
0,7,SINGLE,OUT,0.23519887573463183,0.03513582993748723,0.004259463971624723,0.012279980257875208,0.046432963629305345,0.13499113447286631,0.004880121017038523,0.5268216309791709
3,7,HR,OUT,0.1836275144939591,0.025110686146586816,0.0019143625191863252,0.009799593694485853,0.12079678230937411,0.19495342518672334,0.0052573344407408126,0.4585403012089435
5,7,SO,OUT,0.13666185298228095,0.022500935236660788,0.0021210420359422375,0.034176249384254315,0.11143076187363683,0.23945398780171429,0.0055917079709075996,0.4480634627146031
0,7,SINGLE,OUT,0.1746600620650929,0.022229982138916995,0.001982566461549738,0.011971762314366394,0.0830273298472288,0.153987501934548,0.00513161677325399,0.5470091784650432
5,7,SO,OUT,0.11354193590596592,0.029323833998823982,0.0020303655217388567,0.02370585545212551,0.06452792503826053,0.26962952737563306,0.006241413129563109,0.4909991435778889
7,7,OUT,OUT,0.14378025179777232,0.037232786264883,0.002032720519088009,0.03735273912873892,0.07976547210786658,0.19407868949865067,0.021211103318266412,0.4845462373647342
7,7,OUT,OUT,0.13884605766626631,0.021905107432225037,0.006836132679212784,0.020225583929537536,0.11916122242614588,0.2019693779873507,0.0051096513704784316,0.4859468665087834
7,7,OUT,OUT,0.09978100003754226,0.03135786114116128,0.0039068500643031235,0.009402475935752243,0.06064240955335101,0.19293405971008173,0.004917901170772136,0.5970574423870363
5,7,SO,OUT,0.16807387932493725,0.031103393895859168,0.003577811444634634,0.009124655776383394,0.042433443075091906,0.1953690497820386,0.004662383539574166,0.5456553831614809
1,7,DOUBLE,OUT,0.15108526820903895,0.024956816970664885,0.00204479586135883,0.021535661739030362,0.06036175192403689,0.18346727717372582,0.005286528597982929,0.5512618995241614
7,7,OUT,OUT,0.0925066776998136,0.037574960354142935,0.005032655584716293,0.012420854540851869,0.0640004891268953,0.24051757894852077,0.004966379299286364,0.5429804044457729
7,7,OUT,OUT,0.0995126010408453,0.029228229966238,0.0069110480234055496,0.011033369143487372,0.07201232875792629,0.1817258222006019,0.03289640800106403,0.5666801928664315
0,7,SINGLE,OUT,0.1424703101086101,0.02758993433579316,0.002906973737573966,0.020763248363348655,0.04544777554855841,0.1494116377143229,0.00466462525836294,0.6067454949334299
0,7,SINGLE,OUT,0.1542689558591767,0.03526978899796774,0.013930036320779613,0.01171413063553004,0.05507921963724979,0.12985496324531373,0.03241086450473075,0.5674720407992516
5,7,SO,OUT,0.19439014107362024,0.018338863848640294,0.006056122631597902,0.02357042699330526,0.03940035587057354,0.12164355207325442,0.004703284521819972,0.5918972529871885
7,7,OUT,OUT,0.16993112313332628,0.036720275078124066,0.008598531223962686,0.0185746778184094,0.07706825483321851,0.1545647144892478,0.005372888986344702,0.5291695344373666
5,7,SO,OUT,0.1994502719727033,0.02550309097685308,0.0018849267397363127,0.04283520585159282,0.0672814860436208,0.21345714110603972,0.004871765151592506,0.44471611215786155
2,7,TRIPLE,OUT,0.14330520198407515,0.05277977170953814,0.001974064994286905,0.019825967172287812,0.1380927025778599,0.17102188486860842,0.0076879776263510825,0.4653124290669926
5,7,SO,OUT,0.1409535910060498,0.029172889872006044,0.001944597013413107,0.027596028575483045,0.08306603616114316,0.2883244070532051,0.019448715428210948,0.40949373489048885
7,7,OUT,OUT,0.13783724162021962,0.04632251616035612,0.003231977555119181,0.010155499453718384,0.06806495697432605,0.1382325894920728,0.0064959134415138635,0.5896593053026741
7,7,OUT,OUT,0.16496037056993912,0.02853575503991483,0.0026680420537427826,0.01263984014516844,0.053217808929368976,0.33593675805139034,0.00791281163473918,0.3941286135757364
7,7,OUT,OUT,0.2029046317570933,0.027188514281890622,0.010831008802750218,0.010610085042193594,0.05886489176188216,0.2339129729776336,0.05648464399233076,0.3992032513842257
5,5,SO,SO,0.1251372321067348,0.020615350309207643,0.0019438505413373987,0.01920178229206704,0.07704951084336707,0.39254417810086367,0.004754320700316225,0.35875377510610607
4,7,BB,OUT,0.12787640056964983,0.023059291791393023,0.0020061529894690186,0.0205232405411444,0.16455744165889688,0.20983714876687531,0.004765017356563745,0.4473753063260078
7,7,OUT,OUT,0.11946409036782892,0.06133828822408507,0.0019725281750164352,0.018509718942112376,0.08600453812746289,0.3250478445102115,0.005109597842537339,0.38255339381074555
7,7,OUT,OUT,0.1210306047119046,0.02721309618965456,0.0020826689968946495,0.01572654143601954,0.07937304508306595,0.32417046880422445,0.004919042428264484,0.42548453234997186
7,7,OUT,OUT,0.15285193683078085,0.028614687245423022,0.002336896886004334,0.016278216487209417,0.08418431518559256,0.28060958767806055,0.018387066565894127,0.41673729312103514
7,7,OUT,OUT,0.1649935355224216,0.03189480490580121,0.0023346161502843703,0.04376209368148296,0.08073790550906383,0.2003649134923573,0.010313125689136471,0.4655990050494523
1,7,DOUBLE,OUT,0.15561821455463756,0.02645879988189667,0.0020203743529300733,0.017389498640669163,0.17458189366824786,0.18414008788620503,0.015657345744433254,0.4241337852709802
1,7,DOUBLE,OUT,0.15072424903645656,0.030562718044305822,0.002669909909152197,0.009548889174477075,0.07379238707837948,0.3007173323143833,0.00487064215538305,0.42711387228746245
5,7,SO,OUT,0.10127284329826063,0.03451659100026321,0.002702708223042282,0.009645766331060332,0.05959317914668802,0.19538058289098054,0.006026643581170675,0.5908616855285344
4,7,BB,OUT,0.1303716064561031,0.027571824927257474,0.004300986106351303,0.00967383916376222,0.043394230045017676,0.25378938653206273,0.006965145500450026,0.5239329812689955
5,7,SO,OUT,0.18758059626904286,0.026334516208931152,0.0019738763153772827,0.04723537904139067,0.09621924585735352,0.23498472523999978,0.004862080832826446,0.40080958023507834
5,7,SO,OUT,0.2180670618942025,0.031821764371401856,0.00551654923894593,0.009879010417901336,0.044791796630037316,0.13793449875629352,0.004938272804560565,0.547051045886657
0,7,SINGLE,OUT,0.18956867627548302,0.026170108106160054,0.0020548248460355244,0.010034606846198113,0.1566116659725855,0.21182475485556637,0.005433559581788924,0.39830180351618255
5,7,SO,OUT,0.09736654929929331,0.028618637215958295,0.0026609791752104737,0.0106353758601948,0.06966878376327594,0.25814487747753884,0.0053052095169332045,0.5275995876915952
7,7,OUT,OUT,0.15254085860673997,0.021601363898909515,0.005158725033819498,0.01348029638686401,0.06165862114383983,0.20268295462233757,0.004714284283712041,0.5381628960237774
5,7,SO,OUT,0.19664862429540692,0.019795240616935498,0.0083842606386417,0.021526639318120152,0.037512570936124194,0.1305775607385998,0.004431527277861638,0.5811235761783101
4,7,BB,OUT,0.11283874526075219,0.037072798934449605,0.010170793879109574,0.011018210030317969,0.09886025498012939,0.20904048065744868,0.012372285096385412,0.5086264311614073
5,7,SO,OUT,0.1838423443125971,0.025271954382125636,0.0021801146757819295,0.01178928764999823,0.07371230913503952,0.22333812807948986,0.008065821349897796,0.47180004041507
7,7,OUT,OUT,0.11511746949821684,0.03118313287339297,0.0037342145707771122,0.012161117228108614,0.09034520746854988,0.23864186397790227,0.01894582490831551,0.48987116947473675
7,7,OUT,OUT,0.24557244621622917,0.03239727396641415,0.0039558319944253606,0.00934159522529784,0.040084088346355656,0.17744356410499426,0.004845118216508727,0.48636008192977487
4,7,BB,OUT,0.17425971872643334,0.025555287758762965,0.0020879477923136914,0.03641983754036357,0.0761039895421311,0.19903838190759493,0.005375101997203315,0.4811597347351971
6,7,HBP,OUT,0.21169712406995067,0.060333383611408824,0.002100811799872455,0.036382189154000225,0.09975481841583397,0.13569413979266015,0.005018060347898093,0.4490194728083756
7,7,OUT,OUT,0.1637510795952732,0.028083601416219517,0.002175438964641057,0.01784487446773582,0.05332000853367426,0.21969889879759452,0.005186859882273324,0.5099392383425884
7,7,OUT,OUT,0.15361546962948502,0.026408387173382022,0.004522025891705919,0.008999905951268256,0.057174495135521725,0.22493616082575335,0.005027692372560449,0.5193158630203233
7,7,OUT,OUT,0.12358127907786375,0.020609099031319623,0.0018501743071506578,0.00876645659900772,0.05448176561541398,0.3434120735036893,0.004607090824830636,0.4426920610407242
7,7,OUT,OUT,0.12914153406288317,0.025060609806209104,0.002123339884644743,0.010209601156407051,0.071469275627619,0.23610611182072663,0.008650419533407498,0.5172391081081028
7,7,OUT,OUT,0.1387907433815988,0.023816771419410684,0.002025953919613783,0.016365609033726147,0.08555822670343029,0.16491149628358598,0.005274836787426156,0.5632563624712081
5,7,SO,OUT,0.1135357718027023,0.026104464839851488,0.0029110355966587157,0.021291277807966545,0.0977386961341685,0.22937424201633527,0.008347997501819592,0.5006965143004976
0,7,SINGLE,OUT,0.16702835923131837,0.0348201503342486,0.0034164647352790535,0.01692256424253864,0.07202873454159495,0.23157687636609658,0.004813273277318399,0.4693935772716054
7,7,OUT,OUT,0.12997426322375458,0.030463685771598234,0.0027236860174587826,0.012985183454876197,0.09087939481285996,0.14893363747645705,0.004577576350564962,0.5794625728924302
7,7,OUT,OUT,0.20191830561409313,0.02235858688072869,0.0024507234020773104,0.0117561368949048,0.0879295587654009,0.1733224558259848,0.005389022116877931,0.49487521049993244
7,7,OUT,OUT,0.14953306037036018,0.02535427191084168,0.0027839423353602927,0.010148960011884785,0.08073166914037132,0.23339149391880354,0.005508576458678174,0.4925480258537
7,7,OUT,OUT,0.13269459381773016,0.028182659919942687,0.003597282303287957,0.010291991304423804,0.04872933178576788,0.22467565422319824,0.0049950401470603735,0.5468334464985888
5,7,SO,OUT,0.1799408707350127,0.04733956876768072,0.0018696845197732031,0.02059154782506905,0.13059747224500795,0.16637254400129178,0.006169482329990362,0.4471188295761743
5,7,SO,OUT,0.15494798798593054,0.02744455511956269,0.002030031845583511,0.02116503163667381,0.1491958664586198,0.23310440475133046,0.0049727293292558886,0.4071393928730434
5,7,SO,OUT,0.14130047628402692,0.033842543986180806,0.002132357304962202,0.022685725817546288,0.11184560590879675,0.2146349041883947,0.005167865642027893,0.4683905208680643
7,7,OUT,OUT,0.10071416043569661,0.0314303512010371,0.014463598234938181,0.010764610377594224,0.07639147388919058,0.15144533469909507,0.005744574824981329,0.609045896337467
5,7,SO,OUT,0.13560186365882992,0.027060354629399628,0.010517645249010802,0.008586377615580176,0.04496058509032833,0.16426844387652417,0.004580754828038108,0.6044239750522888
7,7,OUT,OUT,0.1475774978615291,0.021463471434939513,0.002645770752705416,0.009925015213962,0.060586674562516304,0.17334448241196418,0.0060430418377468206,0.5784140459246366
4,7,BB,OUT,0.13869022309583945,0.031921499563338195,0.002849622151123501,0.013872121702845198,0.05399485344286509,0.1569914612535213,0.005562529032213092,0.5961176897582542
7,7,OUT,OUT,0.11500645758189466,0.028735313753404098,0.0031983270455935393,0.01109128757681682,0.09620866514285445,0.19780484027947978,0.02056764059041602,0.5273874680295406
7,7,OUT,OUT,0.148759167088103,0.03274034433940476,0.0021653280592295178,0.013522551692354251,0.09147532422433377,0.13804578967590583,0.012077069996541217,0.5612144249241277
5,7,SO,OUT,0.204078531970516,0.028717706886889578,0.0021421660634501506,0.010696152565511853,0.10731354331139431,0.193200737897104,0.008223279132457344,0.4456278821726768
1,7,DOUBLE,OUT,0.2081434015472168,0.02088437267033661,0.003888734501240407,0.024775435084124813,0.041108497577759175,0.12158126721079292,0.0044899891308719,0.5751283022776573
7,7,OUT,OUT,0.2390387934116938,0.030058866518545134,0.004095651575899332,0.015112365181121606,0.07425336001394975,0.1627119607549906,0.004743991401418683,0.469985011142381
5,7,SO,OUT,0.13228625145783926,0.027248294909296734,0.001954565281601812,0.015238930850890457,0.13823410783887913,0.19360328357755352,0.01008925898657125,0.48134530709736795
7,7,OUT,OUT,0.14058573239451908,0.029488995725209525,0.0020405923205320535,0.03344125395911564,0.06692953146791437,0.21745163800648312,0.01737989479382618,0.4926823613323999
5,7,SO,OUT,0.1847863250841093,0.02561661022777918,0.005847056047310255,0.015391902541812863,0.0757318657013748,0.16535858330913772,0.004939920139431713,0.5223277369490441
7,7,OUT,OUT,0.10833418341385831,0.038370949054405724,0.0032987209495433,0.010153760858193988,0.05955276660793975,0.19444354311069567,0.005168991981806314,0.580677084023557
7,7,OUT,OUT,0.1835463061209185,0.023129549029300787,0.0020616936882670127,0.012735411141573044,0.08868893371295575,0.15984174363376366,0.0054624993399523935,0.5245338633332688
7,7,OUT,OUT,0.166501202556332,0.07266197807713631,0.002223302612888063,0.01757884833493567,0.09001440370937727,0.15832016591982725,0.005471981773858828,0.4872281170156446
0,7,SINGLE,OUT,0.14926826916611083,0.02552037491394431,0.002013848745524865,0.020640627059489984,0.0538951408198531,0.19558257021467504,0.005106181294111471,0.5479729877862903
0,7,SINGLE,OUT,0.1752603930216892,0.03447576707977161,0.0030697336757195656,0.011517808505165282,0.07236604907173218,0.21914218036028724,0.004824371508582063,0.4793436967770529
5,7,SO,OUT,0.11950711038530282,0.038253282997483894,0.004107386072125712,0.011634797580053511,0.06207698554314795,0.17872778629553504,0.022934554920290607,0.5627580962060605
7,7,OUT,OUT,0.13133063403964143,0.021581588782028982,0.005629200321891424,0.023301310931999584,0.09976517699757809,0.1824122660741398,0.004690020823768112,0.5312898020289526
0,7,SINGLE,OUT,0.16596703895847834,0.029693901515018717,0.002695094740552898,0.018380015741378597,0.03875632400663524,0.14013902139372678,0.004312870368226111,0.6000557332759833
7,7,OUT,OUT,0.17754444935545904,0.020619845114296296,0.005733691282320555,0.022511383222583684,0.040851038783042026,0.11824640460387169,0.0053574805979995565,0.6091357070404272
7,7,OUT,OUT,0.213446803371798,0.02446032951065085,0.002329157224750371,0.009165636014620209,0.042486198855611085,0.2190614121872375,0.004661562214455909,0.48438890062087603
5,7,SO,OUT,0.2132805118621011,0.024363640250849094,0.0019368716731518098,0.027977695790253162,0.054646573890497326,0.23054891248575826,0.004765632299151947,0.44248016174823734
7,7,OUT,OUT,0.2404967045955489,0.029963373604179236,0.005650396516649506,0.009543711736449157,0.04027177291450608,0.1823834983315232,0.005035746172579746,0.4866547961285642
0,7,SINGLE,OUT,0.19512684792619395,0.030116671825052264,0.0019497038961224617,0.009805134670362195,0.09050865800063553,0.18350301077621797,0.008252543054174092,0.4807374298512416
4,7,BB,OUT,0.1582065050450057,0.025083012331670873,0.002050840386675396,0.0452661458530952,0.06841279531915795,0.1999680164174755,0.005427841542307553,0.49558484310461176
5,7,SO,OUT,0.1703582815385766,0.030731374000134804,0.008489811624329366,0.01054785542229165,0.05486454755276369,0.13699015647149138,0.03655759792900677,0.5514603754614057
1,7,DOUBLE,OUT,0.13382776083641063,0.02757538101398287,0.0022772138309561877,0.018101897321723643,0.12935720484539756,0.19903557638141692,0.0068971425088807554,0.48292782326123157
0,7,SINGLE,OUT,0.1604432747969385,0.03429006603695004,0.0020802720856206774,0.029850741295466398,0.082121802511452,0.19657277599856193,0.013976207195335094,0.48066486007967535
5,7,SO,OUT,0.15314956817879355,0.02062582762475605,0.005927689535962899,0.01964036570137218,0.11810703573538994,0.17531360915930466,0.004484220777216468,0.5027516832872042
7,7,OUT,OUT,0.13801200525888727,0.02041002544401987,0.0025779535495850385,0.009156264173844198,0.03667408083018464,0.1904104057281688,0.004811035752542128,0.597948229262768
6,7,HBP,OUT,0.1742161713245564,0.035491679578496325,0.0023604061413787184,0.01283424359261261,0.05740975044153981,0.20220044383957095,0.010472671968426732,0.5050146331134184
7,7,OUT,OUT,0.19288168489800422,0.0319835099082912,0.008344740049882468,0.012002598659964156,0.047240668131745954,0.23099942502383694,0.006493631002457066,0.4700537423258179
5,7,SO,OUT,0.16036889792585027,0.043607506422171365,0.001972427872821221,0.012902018685629875,0.04287673993463975,0.13594807164539632,0.017225832337142814,0.5850985051763484
5,7,SO,OUT,0.14144728253662617,0.032750053398820214,0.0026499592117574387,0.012798324908846763,0.09100386365781728,0.15500212951312986,0.007395243124008807,0.5569531436489935
7,7,OUT,OUT,0.1967273120658048,0.019732932843943958,0.003947902873035954,0.01107248814235863,0.0708567487147397,0.1381795935280351,0.007100862728636106,0.5523821591034459
0,7,SINGLE,OUT,0.1453181011975963,0.02380938297316588,0.0033591614357786426,0.011650986862107407,0.0823642546094658,0.1675431658305953,0.006443805718906002,0.5595111413723848
7,7,OUT,OUT,0.11079959447706536,0.03998911669055956,0.0020142829287362065,0.056982730393089896,0.08240287098817048,0.31358915751832117,0.0050472624930883074,0.389174984510969
7,7,OUT,OUT,0.17512209339868914,0.019256053063354213,0.0042260483942533665,0.00908486534468066,0.07236285272398169,0.12405960585344872,0.007967478136220897,0.5879210030853713
7,7,OUT,OUT,0.18853852420413658,0.028895565393815333,0.0017253850072020253,0.008233292770819698,0.0485119166661748,0.11939279308585912,0.004836594435262497,0.5998659284367298
7,7,OUT,OUT,0.08940925611441612,0.022603245365847183,0.0033176450218803124,0.008136118586855898,0.054291569639185,0.23557055463253762,0.0040559554262317625,0.5826156552130461
4,7,BB,OUT,0.10382402948992425,0.030553724509980135,0.002232902377928769,0.008755941241135146,0.04334085139021904,0.2407126161219538,0.0050047256624186146,0.5655752092064402
1,7,DOUBLE,OUT,0.13718913335178268,0.060487212638365026,0.0026446153398558573,0.013001519929909234,0.04427007178936398,0.1415026620844367,0.010245720114310455,0.5906590647519759
5,7,SO,OUT,0.13903576675204873,0.03997450528165018,0.003930686829300783,0.010353227289778335,0.04193469059322554,0.15742347873928092,0.004765848104515422,0.6025817964102
7,7,OUT,OUT,0.17705735914545026,0.035311807699538594,0.0019590159476999985,0.010353837889420556,0.08817993332637514,0.12755287180641725,0.004720988098538679,0.5548641860865595
5,7,SO,OUT,0.14027302468096123,0.030796303350641506,0.0020871949335501596,0.02949261963066799,0.08764544917051457,0.14577803858184274,0.005459571991185985,0.5584677976606357
7,7,OUT,OUT,0.11705465106035474,0.019910137011511068,0.0022713973004157223,0.008780845228611934,0.05064756735402243,0.2760369880072223,0.0052563816855099275,0.5200420323523519
5,7,SO,OUT,0.13842067924996906,0.020443228591866768,0.0024396046371986824,0.00933352427375832,0.08784537134548424,0.18670378819751773,0.012966242878625257,0.5418475608255799
7,7,OUT,OUT,0.14063451614864061,0.020007612656282103,0.0024050547426541554,0.04711180172724802,0.055810836890924795,0.22751822106384773,0.0051946642098626705,0.5013172925605398
5,7,SO,OUT,0.1628001875543615,0.043301143749686896,0.002049476788906574,0.010757391024989082,0.1178738399944457,0.13714757361224375,0.004941915548499171,0.5211284717268673
7,7,OUT,OUT,0.14448551400272422,0.05525410320867975,0.003140704900955677,0.008624528299763252,0.03948456392521167,0.11506537646839668,0.005402935422697629,0.6285422737715711
7,7,OUT,OUT,0.11666772240033536,0.030367042496461306,0.0018661619200984587,0.01143932602899791,0.05564525746781748,0.1183833630084884,0.007080825933879811,0.6585503007439213
5,7,SO,OUT,0.13227097708092436,0.030445434376752047,0.005233467507150206,0.01996347232603283,0.08593409623315418,0.2090911879393062,0.005304382134329701,0.5117569824023505
7,7,OUT,OUT,0.13802453981104204,0.02655077097773017,0.0019727820902184267,0.01990923441447409,0.07345110765104035,0.15379470153985297,0.005113314233786818,0.5811835492818552
7,7,OUT,OUT,0.15148282400915541,0.018622224358742126,0.007715566110776344,0.009419248090964767,0.06514085109262381,0.17308619106073525,0.004699570807183034,0.5698335244698193
7,7,OUT,OUT,0.141365991178963,0.05774796471943027,0.002039969130255273,0.01450484591144855,0.05482673540694752,0.14191567442298555,0.014442294399861404,0.5731565248301084
7,7,OUT,OUT,0.14685113297394917,0.06620335542892986,0.0020194382931461976,0.016547952417395456,0.05975914289097805,0.13748218919095245,0.013578902658226212,0.5575578861464225
7,7,OUT,OUT,0.1509819990017349,0.0243987015905504,0.0019745099970137985,0.008523731614855999,0.03588535207804162,0.15044509512394624,0.004662495170574754,0.6231281154232824
5,7,SO,OUT,0.1246176493283877,0.023041129834291643,0.0022464848038251783,0.009499768086830989,0.045473404367532305,0.25018419083595683,0.006592650974599661,0.5383447217685757
7,7,OUT,OUT,0.14173559596394594,0.027592159865953023,0.0022801976865057883,0.009699874969200982,0.047668751134110024,0.13663032189194063,0.008841276764822234,0.6255518217235213
0,7,SINGLE,OUT,0.11658380799322925,0.04318221960865213,0.001885549133916273,0.01564566486407127,0.04314660781651029,0.20605013615205603,0.011129571169615523,0.5623764432619494
7,7,OUT,OUT,0.18788685552227605,0.029851635731011232,0.001972861939312125,0.009525516894069943,0.07789040032074275,0.1890187562337997,0.008059262979859271,0.4957947103789289
7,7,OUT,OUT,0.18333458227319863,0.028344685218831732,0.004967793903353096,0.009099120659018578,0.053767759259648905,0.22938402286865522,0.005442416020304243,0.4856596197969896
1,7,DOUBLE,OUT,0.14597360785387714,0.03409427554373991,0.0022023908468377833,0.010367856507841248,0.10277677833483677,0.23160859984919815,0.019606912076845204,0.4533695789868238
6,7,HBP,OUT,0.12219187303612924,0.04436805307821676,0.002581084158670845,0.009745507370768815,0.0647893394060475,0.17085481374023737,0.01673310375131867,0.5687362254586108
4,7,BB,OUT,0.13222701721485017,0.050017280821051585,0.002074409348375646,0.012192039571717852,0.11145744322009121,0.15912249245201265,0.01575114373959699,0.5171581736323039
1,7,DOUBLE,OUT,0.14524009867487547,0.07021770774532166,0.0021819530807717135,0.022406744242498878,0.06077115227513668,0.15506688751934833,0.008750634006197265,0.53536482245585
0,7,SINGLE,OUT,0.12114833285523915,0.042885628253286366,0.0024209152345749945,0.012537577077639925,0.12520708565764965,0.33152490275063046,0.006084862539980227,0.35819069563099915
7,7,OUT,OUT,0.19626348897873805,0.031235369078877452,0.0022326674858143825,0.008573752916791284,0.0834529648356467,0.115783066273564,0.01806718190174005,0.5443915085288281
0,7,SINGLE,OUT,0.19078602607344414,0.0408763527270974,0.0022186773265337736,0.009232899888594666,0.09576805865539197,0.1250360788738657,0.006253914411324368,0.529827992043748
5,7,SO,OUT,0.16931187737010722,0.030257434541808237,0.003945632049215808,0.020522047956339527,0.04236984419041763,0.2156900071910824,0.008038566508603101,0.5098645901924261
5,7,SO,OUT,0.1271278878853314,0.036447262767505165,0.0019272989619686695,0.031016510815682,0.060705763540289,0.2729927858567077,0.01198399505106331,0.4577984951214529
7,7,OUT,OUT,0.17350835667826794,0.026962206887410838,0.008541162454635327,0.008750988729110119,0.046278355148595074,0.11618677816386158,0.006434411323555912,0.6133377406145631
7,7,OUT,OUT,0.09278340407629893,0.01815597772645723,0.0017376862610560106,0.010140314895387562,0.03974647991709316,0.35019989393155504,0.004684245994124087,0.4825519971980281
5,7,SO,OUT,0.1395925001110113,0.02011947746996927,0.002105896386108916,0.02390200646521978,0.042353997062673426,0.1978848970728237,0.013309046156177746,0.5607321792760159
7,7,OUT,OUT,0.09819020867091137,0.020219652102680445,0.0018467803659156074,0.01603828812484807,0.03987502612302224,0.28062345048182524,0.004978226234076239,0.5382283678967208
7,7,OUT,OUT,0.19003353251047123,0.04562955468259142,0.002027820458112252,0.016627418839397497,0.050123668062975996,0.18536292971858637,0.029950017536050193,0.48024505819181507
7,7,OUT,OUT,0.1315516339637806,0.03940396327356917,0.00261160112550885,0.012940591368614855,0.0845781486625816,0.14427736584827905,0.011272765186110138,0.5733639305715558
7,7,OUT,OUT,0.22530682712910435,0.04490795713063757,0.0023145710617503133,0.009453672432334338,0.08485218489746449,0.1234258053560799,0.006043644687567218,0.5036953373050618
1,7,DOUBLE,OUT,0.13098782332548528,0.02365005518700747,0.004886118668770567,0.010520073261839295,0.05965524078607335,0.3290192457642692,0.005038908693284764,0.4362425343132701
5,7,SO,OUT,0.07547880899622655,0.023317715611205613,0.0023826475188539254,0.00980343840126419,0.05784127533024513,0.30649645339424225,0.004391174002901718,0.5202884867450607
7,7,OUT,OUT,0.17156342727863091,0.03843764176341401,0.023439113876640858,0.016851206967236278,0.06759588752873505,0.19315209306466977,0.006002647804214915,0.48295798171645815
4,7,BB,OUT,0.14917501891098392,0.032201173931298795,0.010897197564104523,0.013457216501165464,0.059015560034416326,0.16725508202512446,0.009295045408187552,0.558703705624719
7,7,OUT,OUT,0.0891721060082644,0.023292925561054282,0.002320350922799198,0.009837558410637087,0.048612389130818126,0.24506649666028385,0.004922944787500584,0.5767752285186425
7,7,OUT,OUT,0.13600470011141455,0.025181158355381175,0.0022929917132865126,0.008855509246155155,0.05222622337515748,0.11154499757474715,0.011718548652929341,0.6521758709709287
0,7,SINGLE,OUT,0.1474204313333797,0.02779950205949978,0.0016924695936694635,0.008277186430518406,0.036597916584910545,0.10376081542166062,0.00790322466562809,0.6665484539107335
0,7,SINGLE,OUT,0.1258281408988103,0.034716779812497794,0.001912232233834107,0.023793357491996334,0.0608010962376756,0.14878115760564906,0.005486438356336245,0.5986807973632005
7,7,OUT,OUT,0.135867155190242,0.036697665954305306,0.003169783308664589,0.02504067729185254,0.05398813671768925,0.12658068069630726,0.008034401564365677,0.6106214992765734
7,7,OUT,OUT,0.1153094984401018,0.019652919765747123,0.0024062432163764937,0.0086769354248915,0.05669690458743051,0.2795601223244985,0.005196544713828958,0.5125008315271251
7,7,OUT,OUT,0.13387303115192323,0.01925897367272331,0.002261777531422355,0.008730047587981292,0.0760070704922257,0.22787404585669796,0.009994233054220255,0.5220008206528058
7,7,OUT,OUT,0.10656813919278334,0.023144509341186344,0.0022105920465296065,0.010771708381963209,0.0544435087318222,0.2409940499324844,0.006546310163226095,0.5553211822100049
5,7,SO,OUT,0.14373099860123265,0.02077227584524194,0.0023372867484437684,0.04305446458693667,0.055393936042497795,0.246064085110969,0.005322476637318604,0.48332447642735954
5,7,SO,OUT,0.14488406416773908,0.03080573948700022,0.002021480900272416,0.0246725979679906,0.05382344753801699,0.1452982259176335,0.006785466377284129,0.5917089776440629
0,7,SINGLE,OUT,0.1255204460607518,0.045266717040149874,0.001982610712823953,0.012587408658217204,0.043176763886724125,0.11077335597882143,0.0037879783850214527,0.6569047192774902
7,7,OUT,OUT,0.1592137229047583,0.055509946441751924,0.010965761663261233,0.00901313228942551,0.03658956543220407,0.1115470534357096,0.014011884452391567,0.6031489333804978
0,7,SINGLE,OUT,0.1326248494057557,0.034712211897110906,0.001930078611271172,0.024240266125509412,0.05219312081085477,0.12411764377339042,0.006336592189187717,0.6238452371869199
7,7,OUT,OUT,0.1428928366863388,0.032768343410667436,0.003989425871735478,0.015962082678720194,0.07971094347348502,0.21321086968323777,0.0048822648759871195,0.5065832333198281
5,7,SO,OUT,0.18644417459353343,0.01846841587844673,0.004277129480491187,0.009010276979258642,0.06518751906487427,0.16807809884147187,0.005182523639898528,0.5433518615220253
7,7,OUT,OUT,0.1724356353567534,0.02509480201339393,0.00901965596796417,0.016686440600676426,0.06305614927889946,0.20359370071318783,0.0057995243225235525,0.5043140917466012
0,7,SINGLE,OUT,0.16981593962796268,0.02796886729630751,0.005607010169191156,0.018660334806276484,0.05849011055979002,0.18223138943662331,0.007017141050269394,0.5302092070535794
4,7,BB,OUT,0.10779897233271196,0.02966674962356458,0.0018579131524850258,0.046956276746904974,0.04227255112374565,0.36296938096982867,0.014118574340703701,0.3943595817100556
0,7,SINGLE,OUT,0.1707662142099327,0.03622318475664222,0.001977975073318043,0.02566550961244101,0.07910696638352764,0.15908112246861789,0.004867917292130508,0.52231111020339
7,7,OUT,OUT,0.15675422063407532,0.03831812286991984,0.010802232392535843,0.018258753513121735,0.06099814611480628,0.18030596854077835,0.010063781084369087,0.5244987748503935
7,7,OUT,OUT,0.10620994538310956,0.02728603551831285,0.002899861174083279,0.01047878755820183,0.06404811809322358,0.2818266219388471,0.006170928385393792,0.5010797019488281
4,7,BB,OUT,0.17376690356790098,0.0338151250052366,0.019529177943893614,0.008880368579365602,0.03464501954352109,0.10352780137750121,0.018350827111744652,0.6074847768708362
0,7,SINGLE,OUT,0.17315338154262627,0.024239997665681873,0.005276960000047904,0.010032486387190084,0.08093210159681148,0.1308194426975839,0.01236312722665322,0.5631825028834053
7,7,OUT,OUT,0.13795895034040806,0.033666510898602384,0.002181440225704135,0.009288509648074171,0.05056110417175318,0.12420200506793665,0.004994459251728913,0.6371470203957926
7,7,OUT,OUT,0.14786319956740365,0.046004713722415304,0.0024427492952689895,0.024596317767174587,0.08301373894876117,0.18385966310336282,0.009613741767335404,0.502605875828278
0,7,SINGLE,OUT,0.16288869856966942,0.046431191636775865,0.003125165928666077,0.014161749144097936,0.11080634040789546,0.1464964159575205,0.00541879618793013,0.5106716421674447
0,7,SINGLE,OUT,0.14637223898289253,0.04188091741023111,0.0025877509560184486,0.01228802844269295,0.072491780859573,0.16755066146050207,0.005319692035533419,0.5515089298525564
5,7,SO,OUT,0.1311821771487951,0.022046158980036246,0.0022907496376132594,0.009641400943727771,0.06898996404079073,0.2721670937937703,0.005741795157526861,0.4879406602977397
4,7,BB,OUT,0.14379560403031852,0.021313256212387086,0.00207764817766696,0.009683393121413118,0.05303572491217701,0.278383422514874,0.005741782547960712,0.48596916848320254
0,7,SINGLE,OUT,0.11685722595603958,0.020834424256430232,0.0022391359199803256,0.009964026738603594,0.05304650027578917,0.26767588984267104,0.005157326488029613,0.5242254705224566
5,7,SO,OUT,0.15148177646351893,0.02094093024741465,0.002514768115069198,0.010145845765511119,0.0837918594559091,0.2029036596238227,0.014331871049932589,0.5138892892788218
1,7,DOUBLE,OUT,0.1398979600032146,0.029467903871872814,0.0019256299880988687,0.020845438968219013,0.05474034897063939,0.12259128945226522,0.006239238614973632,0.6242921901307165
0,7,SINGLE,OUT,0.13458531045084285,0.02148965108849543,0.002485183254338783,0.035369052307981486,0.0591476442934984,0.2692559036202212,0.005252572756542023,0.47241468222808
0,7,SINGLE,OUT,0.2015789185507616,0.019448520904483367,0.006159425752291204,0.010299726811197125,0.06684475077022194,0.16888758190659833,0.007106488095903293,0.5196745872085432
5,7,SO,OUT,0.14283251518877013,0.03792263895265592,0.0033415858284400516,0.008628523188036549,0.03893199261790045,0.11077887791734359,0.004562981424391701,0.6530008848824616
0,7,SINGLE,OUT,0.09248658814703567,0.029802949710573536,0.0020555517095942463,0.009607986793193631,0.05370827125059753,0.24979899010629752,0.00525480103069491,0.5572848612520129
4,7,BB,OUT,0.14285391877241074,0.03321156917160246,0.004453599902110675,0.009277416882468605,0.04852827669814027,0.11831488137487484,0.023101563053883476,0.6202587741445089
7,7,OUT,OUT,0.17653955871971622,0.026713436050655237,0.0017131536493674945,0.008555097194338097,0.03808504485760461,0.10998323885054621,0.007861259674725386,0.6305492110030467
1,7,DOUBLE,OUT,0.12887863108797318,0.042793617896376486,0.0019302053135188707,0.023959738716965013,0.07410559059147245,0.14759461381662978,0.004998025877190314,0.575739576699874
0,7,SINGLE,OUT,0.15105510348395998,0.027390491515774076,0.0022295626421980426,0.027210310030183756,0.07066012737143311,0.12092065530720623,0.004352826138266568,0.5961809235109783
0,7,SINGLE,OUT,0.1331276152890086,0.0267763017143614,0.0019197834795050069,0.030628572071735215,0.053903368862778446,0.13322412208543746,0.005403913224302564,0.6150163232728713
4,7,BB,OUT,0.12152181002223125,0.04632971062317216,0.0016332263303512591,0.01684256416441168,0.045480652676427535,0.12099099222059598,0.00386450954428968,0.6433365344185205
7,7,OUT,OUT,0.15088382087809338,0.03378190310780881,0.00753761352957238,0.01713935336650328,0.07529151178437941,0.19609822763923498,0.004654594914299573,0.5146129747801081
5,7,SO,OUT,0.21195003032612403,0.03203456067840334,0.002211201593101763,0.008822582766092588,0.10217808335076461,0.11879322234650458,0.017183999176916823,0.5068263197620922
0,7,SINGLE,OUT,0.14919455917864452,0.04040667805142505,0.0023930440052942373,0.058494789774575805,0.06442317683321863,0.13671544825768095,0.005970527594771038,0.5424017763043898
0,7,SINGLE,OUT,0.17687588036463936,0.02587698326443523,0.010163416160172028,0.009047663479990364,0.04953317975203796,0.12182244359260405,0.005003747335265614,0.6016766860508553
4,7,BB,OUT,0.12648103909947428,0.03722108079848715,0.002090779755647861,0.014580528691302101,0.10890256060298525,0.18871487029009265,0.005711476526470773,0.5162976642355399
0,7,SINGLE,OUT,0.10887092806478037,0.03661016885363532,0.0018465151346218182,0.02586362806061444,0.08177893734798394,0.24940334537006634,0.004966416390579864,0.4906600607777179
1,7,DOUBLE,OUT,0.14642494912417928,0.03907547671561947,0.0023254153350020074,0.011073808686986257,0.05329742320005244,0.1436439634962815,0.010348459920369224,0.5938105035215098
7,7,OUT,OUT,0.17477975982919863,0.048418741637940965,0.0029759530858840897,0.014812863967056606,0.0538180993254516,0.1965134316322537,0.011074568415468016,0.4976065821067464
5,7,SO,OUT,0.08091925922016535,0.023358220338566812,0.0017447624912046934,0.00887346887554786,0.038840845254360365,0.3460963899652507,0.004879351473992483,0.4952877023809117
7,7,OUT,OUT,0.10180995761717287,0.02548285769672292,0.0016743288618692254,0.008239888877059441,0.04103948923853617,0.19242702299801387,0.004909328970602731,0.6244171257400228
0,7,SINGLE,OUT,0.11380077846073257,0.0309914456463012,0.001871884783937029,0.03995908149138032,0.04711946256966811,0.3293177692884959,0.01472969079246976,0.4222098869670152
0,7,SINGLE,OUT,0.18356758915392998,0.034842627001905706,0.004483244019364114,0.010776617718781054,0.04285497908145913,0.21629530710280767,0.005906635695625864,0.5012730002261265
7,7,OUT,OUT,0.15655428191335924,0.04347356219661085,0.0036006434446600763,0.018950709532582388,0.05192339392599245,0.15835834269555848,0.005102167090533225,0.5620368992007033
7,7,OUT,OUT,0.17669075974113538,0.05091094571512685,0.002163115307325014,0.009714474645969568,0.060762151799823465,0.12688239329430862,0.01165017593716434,0.5612259835591468
7,7,OUT,OUT,0.13336158047163418,0.050483920339638125,0.002031977820692148,0.011857525424252516,0.0633562394392559,0.25533604404453086,0.005880620332920699,0.4776920921270756
4,7,BB,OUT,0.17970328643456,0.04984781750877713,0.002437581468649837,0.011120040316544424,0.05061858546540875,0.13193507312655292,0.019352696112122186,0.5549849195673848
7,7,OUT,OUT,0.12979823676278993,0.04234735702271593,0.0018880026516362076,0.016690253090050185,0.09015882235544839,0.17052127746286203,0.0050347654584619265,0.5435612851960353
0,7,SINGLE,OUT,0.10895468189845622,0.05419514458416046,0.0019816076743143464,0.016389429002219912,0.07134876768967266,0.2296177462365263,0.00523449969637709,0.5122781232182729
0,7,SINGLE,OUT,0.20355665275693152,0.032022484296138416,0.0021617375903063714,0.01051798238723664,0.05327082063069926,0.13495213147225005,0.008062131619418662,0.555456059247019
7,7,OUT,OUT,0.15710136299184568,0.0332905561074319,0.0019406389435342095,0.03519030456765864,0.059617380668731214,0.14936604535176545,0.0051911509448104255,0.5583025604242224
0,7,SINGLE,OUT,0.1784584858323685,0.056309079941766524,0.0023527843035181413,0.053134374726007426,0.05518012482747923,0.13924547691167533,0.006343069327907649,0.5089766041292773
2,7,TRIPLE,OUT,0.1673270953869432,0.047270002185390105,0.0020366211677326665,0.011262039981585306,0.044635984965313506,0.12502426196902808,0.005306681372485399,0.5971373129715218
7,7,OUT,OUT,0.1517782289766706,0.05081272518345901,0.0019871479352153794,0.03006723752662763,0.052513616177263495,0.28108636316905533,0.008542524414876839,0.42321215661683176
5,7,SO,OUT,0.1722178689106417,0.0456094129500987,0.003812489160589223,0.01835178521248763,0.056666351120762966,0.17968486166400713,0.0054794683620111835,0.5181777626194014
7,7,OUT,OUT,0.20329424754024228,0.04100027610768886,0.0020650809682251016,0.015613421497678456,0.05237995321196819,0.13372975552172847,0.005614982690647832,0.5463022824618209
7,7,OUT,OUT,0.1389687563306594,0.04654751816678838,0.0034518655328565455,0.010581434597852869,0.05308401691864061,0.25322621894369757,0.009636987277192796,0.484503202232312
7,7,OUT,OUT,0.11887717138191112,0.04057050788684477,0.002239287322585544,0.010451387514571643,0.07242280748238528,0.1810414399532083,0.005725094849320929,0.5686723036091725
7,7,OUT,OUT,0.16090001921355326,0.041641314957927444,0.0020126940276629893,0.013048994049148662,0.04889923769077717,0.1302149529372439,0.005929876506912955,0.5973529106167735
5,7,SO,OUT,0.15595136784821792,0.033858192630743855,0.0019880464129201796,0.033569128089759315,0.06314507301666807,0.15757126402067775,0.005010968752822569,0.5489059592281904
5,7,SO,OUT,0.13255206809213899,0.034689044988341,0.002842125696594781,0.012063166898788188,0.09519008766503827,0.13758817993515102,0.010673030582836095,0.5744022961411117
3,7,HR,OUT,0.152992677967632,0.05845632038089327,0.002423174434885514,0.09049947391154244,0.064682645025516,0.1332444194536273,0.010442929901939412,0.48725835892396396
0,7,SINGLE,OUT,0.14419885858999942,0.04321091136007099,0.001949431943637819,0.01045465749579162,0.046070761278062936,0.1264575935330264,0.007033992249506617,0.6206237935499042
2,7,TRIPLE,OUT,0.11921973190775362,0.059533989639588863,0.0020700293420621396,0.035573729756219384,0.04536194533699634,0.28808991140939105,0.006918728786723696,0.4432319338212649
7,7,OUT,OUT,0.13589694638127262,0.029599485699108922,0.00212294007544343,0.03173347751441219,0.128371630043409,0.17495454944504338,0.012374346330147307,0.484946624511163
4,7,BB,OUT,0.10782832928311738,0.04018501462479555,0.0019357542407289657,0.0659190867722264,0.06952585051648451,0.2635750963277802,0.005332232857651352,0.44569863537721555
7,7,OUT,OUT,0.19072051939822598,0.03565651195080983,0.004670574508074376,0.010534794528714435,0.10299387811328528,0.13805411841776222,0.011969893096037543,0.5053997099870904
4,7,BB,OUT,0.15447338936303368,0.04175118488907386,0.0025927881550776495,0.013425317840192394,0.08232451072358198,0.20797329808121,0.016426291819930824,0.4810332191278995
0,7,SINGLE,OUT,0.28220595041207863,0.027623823232856174,0.001775932931846021,0.008824890080731933,0.06919921461664752,0.22525953155228787,0.004939662951758528,0.38017099422179335
7,7,OUT,OUT,0.1336496340728894,0.022602277939952377,0.0018411831098365985,0.009203492985441568,0.042839508476193014,0.2541977180155364,0.005333414018123499,0.5303327713820271
4,7,BB,OUT,0.10644762234635885,0.03186085973841474,0.0019084930203579426,0.03799113930102834,0.046268165209586376,0.3201558913826606,0.011940024705733297,0.44342780429585993
7,7,OUT,OUT,0.18805587013263847,0.042907696480547305,0.0032613889758034468,0.018449685444175478,0.055988701341197954,0.15338313937235323,0.005538066616610475,0.5324154516366736
7,7,OUT,OUT,0.07816620166043904,0.02858219941545271,0.0019021059907645178,0.009536346006847794,0.07964856333412355,0.24138281548046783,0.0048099977053581685,0.5559717704065464
0,7,SINGLE,OUT,0.15469714226585188,0.04439989658574012,0.0029282804371498065,0.011253108211129034,0.07426623534428611,0.19788609680919755,0.006446797547767607,0.508122442798878
7,7,OUT,OUT,0.1300877850326024,0.049615917242426394,0.0020505123664465194,0.011423322213998457,0.06887225116926866,0.25625177524394466,0.005667804459610313,0.4760306322717027
7,7,OUT,OUT,0.207869081998664,0.040640838278500964,0.0019435798684499478,0.017907569205595213,0.05011626598685183,0.12647413706871766,0.005430777133313745,0.5496177504599066
7,7,OUT,OUT,0.21755311683210773,0.02948286111843811,0.004821746173942268,0.012649104501290753,0.044890775903591286,0.2419500335154389,0.005882011288963888,0.44277035066622705
0,7,SINGLE,OUT,0.17357873998738504,0.035617885378399675,0.0021413342832639444,0.03530509018763742,0.0710815056375597,0.16989965329112944,0.0059187402089211074,0.5064570510257036
4,7,BB,OUT,0.15222526092218233,0.05559347244212607,0.0023681160288845813,0.08860546314306637,0.054070198317315236,0.134098177714125,0.007279214531064787,0.5057600969012356
7,7,OUT,OUT,0.09544844576822167,0.02534470385662848,0.0016724768943914867,0.009155592386593452,0.03544845303643483,0.19730412086703605,0.00442505413395027,0.6312011530567437
5,7,SO,OUT,0.1388028377517939,0.01812291112831978,0.002436580745527365,0.008236877760846835,0.03827845056344045,0.2159734636123698,0.004133039850283437,0.5740158385874186
7,7,OUT,OUT,0.12763889443017587,0.05986502208632603,0.004421917777175418,0.03311599027143435,0.047566606048994806,0.27810744134159027,0.006641077487722465,0.44264305055658076
7,7,OUT,OUT,0.11930073251487909,0.04493209340661634,0.0019841042102037285,0.01081455456367735,0.07109229479030625,0.2218225291795726,0.00805411650351205,0.5219995748312325
0,7,SINGLE,OUT,0.27678516569924766,0.019351728722057596,0.0016815538252060204,0.007915251597838378,0.03568376044880421,0.17691922754355963,0.004380990248252423,0.477282321915034
7,7,OUT,OUT,0.11007687479370701,0.022158112823379792,0.0022577365237713295,0.008870922778818683,0.039953799896085995,0.30861128793873316,0.004613576167116446,0.5034576890783876
7,7,OUT,OUT,0.15671546218871243,0.027869803663706404,0.0021180573712587473,0.008779432527342005,0.04086188180989784,0.16432057476891068,0.005433233303164446,0.5939015543670074
2,7,TRIPLE,OUT,0.13861234563706368,0.022740832698493422,0.001727698232038831,0.00868828915176267,0.03891810796640548,0.25995934986853736,0.004292365267395875,0.5250610111783027
7,7,OUT,OUT,0.1155264539729779,0.03135864295730305,0.0019972852463503096,0.03935538914369102,0.07567211950486853,0.254765181890986,0.011386288902617347,0.4699386383812058
0,7,SINGLE,OUT,0.15169507795238127,0.03562180379896763,0.004349999088652552,0.009438920415006172,0.05114290325614662,0.12854457051087656,0.007082700746175252,0.6121240242317939
5,5,SO,SO,0.08581113857595586,0.02156510966182462,0.0018857680323200803,0.009188839400882505,0.07085591054259306,0.42821094045344943,0.00460772530471334,0.3778745680282612
7,7,OUT,OUT,0.1949401714182391,0.03520785174804357,0.0026411583850296204,0.009266212351078993,0.14707189675061622,0.13550313766294458,0.004657755705912161,0.4707118159781356
7,7,OUT,OUT,0.16509373236040878,0.035341595949917856,0.0025382478830725625,0.00967646355970766,0.04736364837317291,0.12783584947864926,0.012235613123301419,0.5999148492717694
7,7,OUT,OUT,0.2046983681029139,0.024772558627181893,0.002990434905947658,0.027929031634977834,0.10113966409360532,0.14760751966656016,0.008362458469715995,0.48249996449909716
7,7,OUT,OUT,0.13988416457522862,0.04032335773418216,0.0018764659625497993,0.01545069249087165,0.04818443490283019,0.2033673526848376,0.011541479626793224,0.5393720520227068
7,7,OUT,OUT,0.20980914652654883,0.029748878455934075,0.009394672287350494,0.008600633550162296,0.04470988318979286,0.24435208350514392,0.005053034662698253,0.44833166782236916
0,7,SINGLE,OUT,0.13120116933384537,0.043414461264999586,0.0020399768688710014,0.009715597967292194,0.0997270580927699,0.22226893235046558,0.025799520067306268,0.46583328405445024
7,7,OUT,OUT,0.12271155905152145,0.041707580257797625,0.002880457412369514,0.009342757403119043,0.07254350397727455,0.16277029330664802,0.014962447843511011,0.5730814007477588
1,7,DOUBLE,OUT,0.12947701890923702,0.06549660838995845,0.0019768280882088577,0.01123772218431129,0.10897690744544186,0.14343732675971532,0.0258200663056338,0.5135775219174935
7,7,OUT,OUT,0.12178819105252046,0.06222638118178001,0.002505159444434792,0.01406245062749191,0.10762646728647518,0.31359590522369796,0.006945109509151741,0.371250335674448
7,7,OUT,OUT,0.07373977037518892,0.019532915056333665,0.0017201348500012511,0.007769086064993719,0.03705683556374022,0.35427047270996265,0.004335974681604561,0.501574810698175
5,7,SO,OUT,0.1190037332340944,0.02059620866095884,0.0020640146610899405,0.011249984847737957,0.05533557824430928,0.24168398292556134,0.004618779831289613,0.5454477175949587
7,7,OUT,OUT,0.09291456117737916,0.02152181268469415,0.002230238502993862,0.008367156196045392,0.03801511199440808,0.3119954611030462,0.0043515780009705275,0.5206040803404626
5,7,SO,OUT,0.12147244269408347,0.03436373211781902,0.0021528766952055712,0.035332280756873856,0.08130781199204276,0.23856752386724137,0.010072384884986185,0.4767309469917479
7,7,OUT,OUT,0.1634265075352185,0.03345436436380028,0.00354359249857476,0.032972240437269214,0.04484203774349142,0.19245224577327066,0.00557616069998807,0.523732850948387
0,7,SINGLE,OUT,0.10996440773489541,0.11237181525167494,0.002339255040848099,0.039216103802716666,0.11835957746648038,0.26106930094154474,0.004769296760876631,0.3519102430009633
7,7,OUT,OUT,0.22798092641274978,0.02638418076304235,0.0028237283530010105,0.00913361503059909,0.13218060490867103,0.16784146990656576,0.005016633410313348,0.42863884121505763
7,7,OUT,OUT,0.19062250753328205,0.03794761081787068,0.0030163643317185685,0.009618224937107778,0.08025407295956248,0.14111648055386533,0.007884540226315502,0.5295401986402777
7,7,OUT,OUT,0.11102783950115254,0.054501389986418125,0.0026531047954810897,0.018573240372734723,0.07799555572868316,0.22494587514351805,0.006876778090512663,0.5034262163814995
5,7,SO,OUT,0.11973457912707901,0.024140768420779005,0.0018385043240877162,0.032164305235227134,0.10237304708022281,0.1415212174585774,0.08231379072838255,0.49591378762564453
7,7,OUT,OUT,0.1632215233163183,0.04132676399799942,0.002307559034286373,0.00992895905370405,0.054282290388286934,0.17859079247668794,0.0054780740379059105,0.5448640376948111
7,7,OUT,OUT,0.16678581753338195,0.043343554771423744,0.0023773423403663637,0.010422479779291914,0.1725592514417654,0.14952438266828197,0.0058412711975658555,0.4491459002679228
7,7,OUT,OUT,0.17304687742294247,0.054983214231854,0.0020256878988814796,0.016548963819025438,0.05930638066185434,0.2190261693994768,0.013467230066237594,0.4615954764997279
7,7,OUT,OUT,0.23032445587536327,0.05401809033504895,0.003121294844145531,0.024292293401613874,0.043813307241814106,0.181819157357586,0.004848398307651177,0.45776300263677716
7,7,OUT,OUT,0.16642319990676355,0.04698942513943236,0.002781052817742524,0.01626745415662738,0.11947831668722854,0.13900992344031676,0.007223181950831173,0.5018274459010578
5,7,SO,OUT,0.22002824890561615,0.03372215630624363,0.002215977194606199,0.010457547877071718,0.12828722037078774,0.13124322668826618,0.005029826300537389,0.4690157963568709
5,7,SO,OUT,0.14153838352302328,0.025963991271752567,0.001920040040078363,0.00911090451959085,0.051337095792613766,0.2896928758793435,0.004594554900725998,0.4758421540728715
7,7,OUT,OUT,0.1408912994431437,0.039263358932103073,0.002014540087837386,0.015104268122408133,0.1120517530362743,0.24795392176218423,0.005181890919973265,0.437538967696076
7,7,OUT,OUT,0.22378759306051155,0.02611246957710477,0.0026841505477810594,0.008854319623178217,0.07568475720735686,0.12391919788394505,0.004508777929395401,0.5344487341707271
7,7,OUT,OUT,0.2117869381029586,0.025394006659732633,0.002421165029870789,0.010310980631660024,0.14877188465939115,0.1337212662854631,0.004824554910800228,0.46276920372012365
7,7,OUT,OUT,0.13362332767774387,0.027749812717626117,0.002209368665880047,0.01079992721097028,0.14380675187317937,0.19200720904865629,0.005791561380811447,0.4840120414251326
7,7,OUT,OUT,0.281127971720764,0.02224894455013465,0.017829185723816608,0.008877356886573519,0.050897579600377635,0.13373872195768532,0.005207816986334046,0.4800724225743141
0,7,SINGLE,OUT,0.13008568114001443,0.02816007196577366,0.0022260114923641494,0.009493088152796187,0.1428125247901765,0.24512039106996106,0.005665245361492266,0.4364369860274219
5,7,SO,OUT,0.1445999762305387,0.022817047445537808,0.0020240323410515935,0.009749600650123523,0.05779600968516722,0.2753216866466463,0.004846738306000471,0.48284490869493435
0,7,SINGLE,OUT,0.14198883689477357,0.025601719103543866,0.0019040982358785562,0.009403433771459602,0.06505681968943446,0.15669189477145573,0.004418293042490582,0.5949349044909636
0,7,SINGLE,OUT,0.14648307653568468,0.02337412813060712,0.00192310632430477,0.0095097538829663,0.05400155258733282,0.21981419081243897,0.004573560103820754,0.5403206316228446
7,7,OUT,OUT,0.161040722917393,0.03262190991072389,0.0027740528962450534,0.02003237071850674,0.06385852646726348,0.1589493024159337,0.004562614333825511,0.5561605003401087
0,7,SINGLE,OUT,0.1697801948782941,0.024806007288539517,0.0019224714301730274,0.008759081548588413,0.05553231781531161,0.12380358409160117,0.0042675807884700115,0.6111287621590221
5,7,SO,OUT,0.1565144460696074,0.08352697446317997,0.0018657811233142893,0.015533796154106917,0.06816977898075441,0.18348258608684206,0.005170771675393009,0.48573586544680186
7,7,OUT,OUT,0.14674223387235052,0.033151406861931555,0.0029548108661911145,0.010453419267689938,0.06826882923637373,0.21511686606545627,0.005240525013020329,0.5180719088169866
5,7,SO,OUT,0.14768775826247493,0.062323783481355956,0.002034435206273184,0.013651465515977469,0.12278069512977495,0.18687204558538173,0.00551624169001216,0.4591335751287496
5,7,SO,OUT,0.1353323738628556,0.01889401085773496,0.0018203815760397142,0.029513970262236237,0.13520681258135675,0.20656384020748278,0.004275668486612698,0.46839294216568134
4,7,BB,OUT,0.19128702282727886,0.02303551398770207,0.002090377811597428,0.009460706617141724,0.09322513146131761,0.14998881476924647,0.004937858395791058,0.5259745741299248
7,7,OUT,OUT,0.14909551029247753,0.027583803457030945,0.0018491714028061636,0.012642152815632893,0.10210146414395449,0.14449922891316502,0.00446409091025047,0.5577645780646825
0,7,SINGLE,OUT,0.21225961377503286,0.0331700917047111,0.0028857958514007655,0.009795898724120544,0.04192230301618926,0.13878082650370982,0.0052027143145221685,0.5559827561103136
5,7,SO,OUT,0.1415786515415775,0.03273352291601565,0.0020209049378543836,0.020644640239371424,0.053737193016205616,0.22587488273364803,0.00478302567884017,0.5186271789364872
7,7,OUT,OUT,0.08475420310807225,0.029878131215728836,0.0020171258796189795,0.009542023208642317,0.04236934929259387,0.32588046467034665,0.004808711957620919,0.5007499906673762
5,7,SO,OUT,0.15458719193031623,0.02734677555446022,0.0019215333815601307,0.009089822458919192,0.054095184139488814,0.18550471666942564,0.004619886430006312,0.5628348894358235
7,7,OUT,OUT,0.20774020989492692,0.0230329829104046,0.0018547017223310262,0.009823026761525189,0.1407422426492886,0.1958052303709241,0.004959842714887749,0.41604176297571177
7,7,OUT,OUT,0.18651978500954375,0.030864525038681485,0.010440892049738902,0.010998842078855865,0.06606064839251054,0.18421729579982055,0.0063679037487404735,0.5045301078821085
0,7,SINGLE,OUT,0.18926278427157434,0.022967767535460197,0.002019615217489022,0.00950551056988613,0.06852573055418905,0.1401875773146462,0.005578407046545123,0.5619526074902099
7,7,OUT,OUT,0.11391359732334531,0.026037089701675217,0.002081552156835574,0.02407473308596128,0.06476701073682882,0.25273760826254793,0.009056469869781095,0.5073319388630249
7,7,OUT,OUT,0.14380345587170115,0.02574736124411098,0.002321840969223451,0.00898345364226689,0.04197922529849462,0.19799362820910185,0.0077196228346939144,0.5714514119304072
0,7,SINGLE,OUT,0.14490132947086234,0.02866394112353814,0.0019606504648533017,0.03974033531594904,0.09390557727916161,0.18378978272872762,0.00727991374292496,0.4997584698739829
7,7,OUT,OUT,0.16164926783284492,0.03194771251625245,0.002036018477402574,0.01636937628770054,0.07236337725762709,0.18301884475206254,0.006476780451212109,0.5261386224248978
5,7,SO,OUT,0.08104966670611902,0.026221625498831762,0.0019316518935290905,0.009137688126114426,0.04189859252114848,0.29482044027253923,0.004604946896090098,0.5403353880856279
7,7,OUT,OUT,0.17969971877600718,0.05013287749796588,0.0023462190999549615,0.01895692543495204,0.07236654738407432,0.16820047447182476,0.00485099675908914,0.5034462405761317
7,7,OUT,OUT,0.17884938332545502,0.044759529562532686,0.002144313012554947,0.011280899599608943,0.05595035107066418,0.13863117362202068,0.00724979373533822,0.5611345560718254
0,7,SINGLE,OUT,0.3120757286265437,0.02919211448390103,0.0018032564990144457,0.02826798913353629,0.06425237087508255,0.1636026718358417,0.0050235312521030775,0.39578233729397716
0,7,SINGLE,OUT,0.19600609113327272,0.028958137993794174,0.0018795681591612613,0.009347266959664171,0.1216300990711144,0.18303898725777978,0.0056232636892366746,0.4535165857359768
5,7,SO,OUT,0.12491004104790492,0.03664330807635196,0.002362515510895197,0.009170924269861307,0.04871256995292303,0.2126281531498455,0.00467299296312029,0.5608994950290977
7,7,OUT,OUT,0.2149575415370048,0.031430987621295224,0.003293533126316196,0.009692168195329864,0.041199756623081195,0.13721055882648278,0.00673002939446179,0.555485424676028
0,7,SINGLE,OUT,0.1587187778154284,0.05197469736424885,0.0020604600414665174,0.016104035039485664,0.0709568284663243,0.13400538436963413,0.012318757529405349,0.5538610593740068
5,7,SO,OUT,0.11771381971489137,0.03605844003424937,0.002159515572365205,0.022764876311423664,0.09696893062429,0.2744363715065522,0.005339842052554143,0.4445582041836741
7,7,OUT,OUT,0.1544292349017252,0.04143566155108113,0.0027525498219955033,0.00978417241613311,0.043815461897061196,0.2531934277117716,0.006199604485600055,0.48838988721463206
7,7,OUT,OUT,0.1784318012548402,0.02077132407299291,0.0024830535527475424,0.00958201420152865,0.08092576336275964,0.22678079161131212,0.006779032499540232,0.4742462194442786
0,7,SINGLE,OUT,0.2401357701090832,0.024892013701974122,0.0016599516161692868,0.008344954203080958,0.05001870800447585,0.21793394121757412,0.003933278125394139,0.4530813830222482
4,7,BB,OUT,0.16639477920334894,0.028288674098929795,0.003127776734225541,0.009773077105610118,0.08951879186639715,0.12439881896749104,0.006046428784159433,0.5724516532398379
5,7,SO,OUT,0.12262258744050626,0.028145020099359645,0.018168409994637414,0.013801546840760332,0.051140983721173185,0.1545735840088436,0.004671558040315891,0.6068763098544037
0,7,SINGLE,OUT,0.12526300053670558,0.02951937382116549,0.0031182924731161126,0.009921361431775305,0.04388068961585237,0.18335141862626678,0.004575299798066081,0.6003705636970523
5,7,SO,OUT,0.1143846063216752,0.029827776310621106,0.002075418502577029,0.014630897266504319,0.06130824771606373,0.24358247601983626,0.006686054659730807,0.5275045232029915
0,7,SINGLE,OUT,0.09778967244721962,0.06085054881831496,0.0018127782832689167,0.009112287947140661,0.05488165972673864,0.25796044274299684,0.004598363537389852,0.5129942464969305
5,7,SO,OUT,0.14026879134959033,0.042693725498177584,0.002304833339468201,0.02665914633400312,0.0679458022892568,0.2229154505474281,0.005616079575994272,0.4915961710660816
5,7,SO,OUT,0.17047572823437512,0.03404238269032963,0.003916772188561526,0.013837582329718384,0.05503843739093337,0.27282180257352207,0.005162318912518926,0.444704975680041
3,7,HR,OUT,0.14976285538753903,0.03175611915586098,0.0024644150343370087,0.01772855045092134,0.08496951463876203,0.15040189128037043,0.005571944274119982,0.5573447097780891
5,7,SO,OUT,0.20562613015157793,0.0448760026174739,0.0018693619078444079,0.01789147400693476,0.11962483187586634,0.1780111119565925,0.013892046991784918,0.4182090404919253
7,7,OUT,OUT,0.1265682597981303,0.035180392591261066,0.0018283375103497173,0.027607304277411194,0.058082296053895165,0.27091855436329226,0.004676870905811815,0.47513798449984845
5,7,SO,OUT,0.1907640743244823,0.026468123519337347,0.002245564604263193,0.010135956815404426,0.11332843326158662,0.2565563800490217,0.008671264948029306,0.39183020247787514
7,7,OUT,OUT,0.1248992570279537,0.041606608225874815,0.0020537213429290013,0.014304231238809606,0.058853477966305225,0.23743438567036815,0.004616571002221251,0.5162317475255384
0,7,SINGLE,OUT,0.1491946754912637,0.037951145937447715,0.002646378915248434,0.010307043965063198,0.046645248884879864,0.2337043485961106,0.005747280765201442,0.5138038774447851
5,7,SO,OUT,0.13887370427492748,0.02948846461561589,0.0026929815462299724,0.017622801295996644,0.0737660743320768,0.24443222568585077,0.03954868345877292,0.45357506479052945
5,7,SO,OUT,0.17020216295074472,0.022172004803203416,0.00274157929241234,0.012361650617663094,0.06126479484302819,0.2427787015901123,0.00926434391369254,0.47921476198914353
5,7,SO,OUT,0.14843040793014453,0.027934492063209186,0.00342450897299673,0.010930075599006087,0.051904093359460224,0.20628899605124154,0.027072710139734564,0.5240147158842071
7,7,OUT,OUT,0.16798378655117785,0.030072239768124853,0.002063104717588478,0.012053197404891669,0.05981266913116231,0.26388195664085407,0.015544623161574535,0.44858842262462617
4,7,BB,OUT,0.15467328717029563,0.02445678772600887,0.005416192024630898,0.01136034019544192,0.06960854827473982,0.2545197841386306,0.06007823286757027,0.4198868276026821
5,7,SO,OUT,0.17202742458358602,0.026836767943203377,0.002112062406507804,0.015007493909523975,0.07678363349685816,0.28817903843344145,0.02191283503228838,0.3971407441945909
7,7,OUT,OUT,0.16103671010483023,0.021307922873991705,0.0020281357767258173,0.011464742811254163,0.1638937784942836,0.15908307843540925,0.004875059462008421,0.47631057204149685
7,7,OUT,OUT,0.17059801807444427,0.03227861210230032,0.0026220668731723514,0.009623914343620473,0.06457589415228306,0.17340848241603782,0.005162309119596593,0.5417307029185451
5,7,SO,OUT,0.16987563903207792,0.036247606348699,0.0021288265465081286,0.01575109974628352,0.10610904232262584,0.18449152741637778,0.0052920762767061915,0.4801041823107216
5,7,SO,OUT,0.16924956646666972,0.022999270195923936,0.0033210126815528236,0.012215809399937065,0.04581780602074059,0.2725965710158004,0.005418520878232629,0.46838144334114284
7,7,OUT,OUT,0.1610895162160561,0.025319586573764524,0.002010624721463755,0.011619786283284604,0.03965652543503919,0.19904096277567565,0.005115548013815902,0.5561474499809003
1,7,DOUBLE,OUT,0.15925502485210577,0.02462393460417514,0.002124243543823673,0.031075413957221583,0.12244991577131384,0.15386633445099113,0.0068458695758007275,0.49975926324456826
7,7,OUT,OUT,0.2172173531224766,0.041362636624444594,0.0024530454694279163,0.00907733839711598,0.07446685291795076,0.11952683365173451,0.004625083286191466,0.5312708565306582
0,7,SINGLE,OUT,0.153826533951062,0.028127340339261047,0.0019270987085151952,0.027911669145538342,0.05577509387745477,0.17557588964841941,0.00480847133160565,0.5520479029981437
0,7,SINGLE,OUT,0.21121187750327275,0.022646357684660293,0.0020251347150819624,0.009593968333648348,0.07010077763703687,0.14686892986151737,0.005537711078554185,0.5320152431862283
1,7,DOUBLE,OUT,0.18931077745922853,0.04548758913257844,0.0018931781682236329,0.01013525031676616,0.047307926131651155,0.12911382424137247,0.006241114697804515,0.570510339852375
7,7,OUT,OUT,0.14117285597928772,0.025113283504493225,0.002831069140705856,0.008281879164952016,0.09288092279044124,0.11489966547349192,0.004973578668801564,0.6098467452778265
5,7,SO,OUT,0.16497314533622334,0.022264667591638587,0.001925342278737813,0.025129332542607907,0.09098251251802884,0.16087791617675562,0.0064943586238349026,0.527352724932173
7,7,OUT,OUT,0.1593555587761908,0.040268588884058674,0.0047582433935901116,0.008795030668761776,0.05486927471904379,0.17237951712860997,0.011517439388728377,0.5480563470410166
0,7,SINGLE,OUT,0.18207644582141952,0.03533305486694418,0.002043608921833845,0.02087382252195947,0.05404650643548694,0.1738778527657395,0.005119668414131601,0.5266290402524849
7,7,OUT,OUT,0.15511445888837555,0.05709776934492667,0.002652430809474048,0.010419010615035905,0.06149354796427244,0.22010675610716154,0.01047117392045399,0.4826448523502999
1,7,DOUBLE,OUT,0.13723779311852138,0.036057240065804935,0.0020520932486693907,0.013211028650921617,0.0885992965009529,0.2879617813618424,0.005103440985536997,0.4297773260677504
0,5,SINGLE,SO,0.10602791151474761,0.03333767743507535,0.0021598651974111065,0.013915855982549125,0.06584026672604613,0.44508131006515633,0.004443273809454885,0.3291938392695596
7,7,OUT,OUT,0.13671053622828203,0.02975180588853248,0.0031839007933107955,0.018610967373063683,0.07730173788680868,0.3112247056328829,0.007377213483575626,0.4158391327135439
5,7,SO,OUT,0.15132384048302905,0.027514341580929164,0.002378386435723881,0.010697413149509833,0.07692935749678169,0.2549951738062759,0.006041007625418912,0.4701204794223316
0,7,SINGLE,OUT,0.14508842179864362,0.045518135804670415,0.002412037276445657,0.02254726040891074,0.08256439315505215,0.1686958140620832,0.005578553120312017,0.5275953843738822
0,7,SINGLE,OUT,0.29170184907088215,0.04220189223204198,0.002637190227540969,0.014534025177953915,0.04199342843088557,0.13027340305162322,0.016713571307145993,0.4599446405019263
0,7,SINGLE,OUT,0.16142034685398934,0.03519503639675038,0.002352246049350676,0.009847967513248937,0.04998062272562374,0.15944271333042825,0.005038372823063709,0.5767226943075449
5,7,SO,OUT,0.1618992192295228,0.035640993422337605,0.0022934308928616127,0.012974356562876915,0.05737233055716065,0.26581041129537164,0.006115670360490806,0.45789358767937793
5,7,SO,OUT,0.16264037893501204,0.03245841850827527,0.0020217159239912697,0.01331604144687311,0.054820276659375146,0.19288130907777296,0.00503844604854232,0.5368234134001578
7,7,OUT,OUT,0.1215834653039952,0.03456077230603598,0.0019045637598209036,0.02796932136974228,0.1265198429243418,0.16889069243166815,0.007213290164006512,0.5113580517403892
0,7,SINGLE,OUT,0.13055163819266438,0.056484966162386185,0.002323011727439079,0.010833955494609204,0.06514535581629216,0.14242056972517206,0.004772383169515856,0.5874681197119209
7,7,OUT,OUT,0.14665469389972374,0.028574033206939218,0.0038068197221047847,0.02273167638040633,0.08128090059852974,0.14458301328710768,0.005426101098933116,0.5669427618062552
7,7,OUT,OUT,0.1352007785530129,0.034273914474642196,0.001991354300710831,0.008529270920587402,0.038583295692211236,0.10730117217890368,0.008242725309919187,0.6658774885700126
7,7,OUT,OUT,0.1450987119307267,0.0363706721018879,0.0018511811503218198,0.012884766946235911,0.04284998762323264,0.136320951248595,0.01089116055787589,0.6137325684411241
7,7,OUT,OUT,0.22240364022639564,0.04421599263947461,0.005584692997050298,0.017329132061729934,0.05314049564964409,0.1600799722266375,0.011330895458372039,0.48591517874069595
0,7,SINGLE,OUT,0.15638152024338342,0.040227066487353115,0.0020573777266175374,0.016035399382317655,0.07808151722108181,0.2517558340211804,0.012833009620721534,0.4426282752973446
0,7,SINGLE,OUT,0.17882012639761408,0.024668735622471332,0.008269014701266439,0.010110832138993765,0.05891513521125131,0.21947499199502737,0.02407857921941409,0.47566258471396167
7,7,OUT,OUT,0.15381156658792502,0.02784651862045957,0.0020110333494282955,0.010230177717367108,0.061960775767900586,0.1772290324721113,0.005126768259820539,0.5617841272249876
7,7,OUT,OUT,0.17411773235646183,0.03725375954098241,0.0039861756520192726,0.009319020913187528,0.05712347554902676,0.17907108563374835,0.012732209737725996,0.5263965406168479
7,7,OUT,OUT,0.1775039526568786,0.056493387258020014,0.001970125482344329,0.017271476747460202,0.07936631250655386,0.1248461643728911,0.018330867061489484,0.5242177139143623
7,7,OUT,OUT,0.15563805218544427,0.024861775336191404,0.0027961578428105636,0.02493683210361913,0.058103550161372836,0.18114173006535803,0.005293442033190763,0.547228460272013
5,7,SO,OUT,0.17008404999704893,0.03810601513394101,0.002102030538552263,0.02407257930200669,0.05199465089646046,0.17016137138229365,0.004763085881183915,0.538716216868513
4,7,BB,OUT,0.14125485796612444,0.030040006739979197,0.0017571332715079946,0.014905894782982156,0.11893483287462184,0.1320124678941372,0.004413999168241035,0.5566808073024061
5,7,SO,OUT,0.16997408885565085,0.026312054384656,0.001942998112661774,0.01177983176285352,0.059583928041745025,0.18913644082049066,0.004624231823432563,0.5366464261985096
4,7,BB,OUT,0.14931264395726757,0.029668271683386573,0.0028796074474441804,0.010818125187907984,0.07239971198582246,0.18990626005340402,0.006266035516865931,0.5387493441679013
7,7,OUT,OUT,0.17236644028951734,0.0393200564965069,0.0019440920418767602,0.01714075795453754,0.06681938103903122,0.1260479100177482,0.024674647637325534,0.5516867145234564
7,7,OUT,OUT,0.13918464672345265,0.04518540322065461,0.004317850010337569,0.00932569704908672,0.043183646976527115,0.20284912459890508,0.006832033397441814,0.5491215980235945
1,7,DOUBLE,OUT,0.12270195821224059,0.02487385410816872,0.002098934939151793,0.03382485032825013,0.08605696175867052,0.2237042480824472,0.0074068332445385915,0.4993323593265323
7,7,OUT,OUT,0.18467991839462544,0.03722442539609969,0.0027979906655038285,0.009107178165443569,0.03904707303993603,0.12874728202847405,0.005670189639362954,0.5927259426705545
7,7,OUT,OUT,0.17934228467612368,0.027075600063024126,0.0022341331826320745,0.009946474442933145,0.1226828170930461,0.19388216394746738,0.0053826446792476735,0.4594538819155259
7,7,OUT,OUT,0.0789722331939283,0.02688391260034345,0.0018915262249380052,0.008962514219263987,0.040221590184711185,0.3149290973385887,0.0045166678338706785,0.5236224584043557
7,7,OUT,OUT,0.16909726592267968,0.04457601525334176,0.0024701078281653722,0.014908942987416624,0.08154232067966798,0.17459899798983355,0.004904190605419107,0.507902158733476
7,7,OUT,OUT,0.1509412961816738,0.028249935201853423,0.002860123481472341,0.010785421304437931,0.07555308795074003,0.19546360316246977,0.009516860391466325,0.5266296723258863
4,7,BB,OUT,0.19265702576718086,0.02254793576494759,0.001994394489118869,0.00951130592786562,0.06445733658006927,0.1380109388178742,0.005314146817638378,0.5655069158353052
7,7,OUT,OUT,0.1658165923231571,0.03005099603341848,0.002811064047309358,0.00900413849119456,0.10054925966921481,0.11854544043219076,0.006033726839046787,0.5671887821644683
5,7,SO,OUT,0.15075632746477452,0.021840066054224803,0.001833214566651205,0.030679863971146797,0.10353672212961164,0.1471635974248713,0.005504679681973729,0.5386855287067461
5,7,SO,OUT,0.1635815190113158,0.03930485231293177,0.00376402855059705,0.008937165567583297,0.05120868887892939,0.17724313935989125,0.0067522148720156145,0.5492083914467358
7,7,OUT,OUT,0.17782755648754056,0.03009085018142373,0.001988085001984552,0.021220548619794697,0.054488648812630165,0.2030519773384469,0.004778747930933335,0.5065535856272461
5,7,SO,OUT,0.1554732781335611,0.02963707519896629,0.0019446520267431564,0.01399088364254908,0.10216761825676522,0.15497860215368744,0.0047929568895007406,0.5370149336982271
5,7,SO,OUT,0.1229179409351799,0.023797859071619756,0.0019422982496693658,0.009967880225174024,0.05231859302638637,0.17689537519371307,0.004868516263040965,0.6072915370352165
0,7,SINGLE,OUT,0.3120172152911237,0.028153095546471427,0.0017168837764158142,0.02662083170670344,0.07457807736149569,0.15528307012983952,0.005528610468868227,0.3961022157190823
0,7,SINGLE,OUT,0.25584101560635386,0.05741635628038875,0.003925596160779819,0.008123958360409177,0.03531775493612832,0.18149787746215024,0.0075769188453115475,0.4503005223484785
7,7,OUT,OUT,0.12628910289313644,0.026057970722059447,0.0021334900574914955,0.030580374220632655,0.08398714089444251,0.21632404162565416,0.009289401415756278,0.505338478170827
7,7,OUT,OUT,0.18900491499868594,0.038429375252472475,0.0026659641983732482,0.009539082159624117,0.03997139968776981,0.131317482014424,0.00691228360612603,0.5821594980825245
0,7,SINGLE,OUT,0.16430367880862923,0.029372543143015,0.0018593514605800062,0.009049698797305807,0.10205046662901059,0.21401126147638283,0.005198992279741875,0.47415400740533475
7,7,OUT,OUT,0.17700730087825878,0.055932166859352414,0.0019364252635524187,0.010045924529994182,0.0466254997573862,0.1331324321948749,0.005908799261200876,0.5694114512553803
7,7,OUT,OUT,0.19400273560005862,0.020493172155314248,0.0030851849776603415,0.010646803783236885,0.05637721156897628,0.2322236601258123,0.006856413256477421,0.476314818532464
7,7,OUT,OUT,0.18027989881871592,0.029498786261371694,0.004842854032322609,0.010941869620645276,0.0593133504397839,0.15381190139018108,0.013408229785883534,0.547903109651096
7,7,OUT,OUT,0.1660564235239782,0.034645819653623317,0.0018798844826335872,0.01665864362746063,0.10464622677435982,0.19795095558574707,0.024500635766752474,0.45366141058544507
7,7,OUT,OUT,0.1644096188345814,0.042938882985993215,0.0019830853817482254,0.010318179688870496,0.06522107364396439,0.12141841975833353,0.01356494159873411,0.5801457981077747
0,7,SINGLE,OUT,0.18992709214801243,0.045567182845239404,0.0022510882745792066,0.021234213181099016,0.05518260919652656,0.13423568481515327,0.006394053554008396,0.5452080759853818
5,7,SO,OUT,0.08407680894795463,0.029565825669917632,0.0024186607675036166,0.008952762708713886,0.07666653707598291,0.2708524178217084,0.005012375712343358,0.5224546112958756
5,7,SO,OUT,0.2164869424697418,0.02418368045176261,0.0020889625833515886,0.010794211350288952,0.07095257512828503,0.18503593090016424,0.005322794732116782,0.485134902384289
1,7,DOUBLE,OUT,0.20372620553798568,0.04700173728935893,0.0026069192294493624,0.008646815556576396,0.03814461552852872,0.15482113274649437,0.0045170411818595815,0.540535532929747
5,7,SO,OUT,0.20154063952023427,0.03168960075567972,0.004389624166549469,0.010924895461765685,0.06320315270906969,0.15329634111383336,0.014114748018490605,0.5208409982543772
7,7,OUT,OUT,0.14157468206509316,0.027746382349603003,0.0018464109868417424,0.017771521241191128,0.07651083160248741,0.2395466425285272,0.022243002436989116,0.47276052678926717
0,7,SINGLE,OUT,0.19314508726404017,0.031248437833075102,0.0024449758273652877,0.009457631396666236,0.049035252699606874,0.19273447944347577,0.009948615577067724,0.5119855199587029
1,7,DOUBLE,OUT,0.1962984523445534,0.033099566911407884,0.0020195937227771767,0.014368903071492925,0.06610039860193999,0.15942136953139663,0.011746281723766345,0.5169454340926657
7,7,OUT,OUT,0.20141068811398202,0.029076409372582056,0.0019531129937088718,0.009947396020270937,0.05675156615550468,0.20668861504494526,0.022534826079855356,0.4716373862191508
7,7,OUT,OUT,0.15757178202714534,0.04738173902020826,0.002099699455797189,0.010673524607461446,0.0630894327470784,0.127440421258522,0.019016848840153158,0.5727265520436343
5,7,SO,OUT,0.14556276301324086,0.028784715502426846,0.0021657165135604045,0.011149159677154638,0.13860943061076128,0.21727373649607729,0.0059195668609156515,0.45053491132586304
5,7,SO,OUT,0.1341291406269325,0.03079507254765455,0.0021137474136380847,0.03359678576144606,0.085636032070613,0.25241352407710593,0.011348964095637603,0.4499667334069721
7,7,OUT,OUT,0.20667326493640137,0.03034676379160969,0.002960641618600288,0.010763859744942707,0.07925183148649881,0.1715261918512672,0.0053989390794179715,0.493078507491262
5,7,SO,OUT,0.10866862257260977,0.029058863203409727,0.0023022649869563778,0.010454771755604612,0.07234086631708576,0.3039904303324989,0.005732468966153675,0.46745171186568113
7,7,OUT,OUT,0.1570103686077368,0.0338396131447959,0.00242142578780762,0.011706287602080001,0.06984131546787699,0.13951852144258478,0.009729762109978082,0.5759327058371398
7,7,OUT,OUT,0.14708903563164136,0.03400466425044168,0.0020548991446206867,0.023411740144775983,0.04955988946501422,0.12825722588602192,0.00617792863843136,0.6094446168390527
7,7,OUT,OUT,0.09359679476733514,0.03262935308344687,0.00242532090439196,0.0119403488178787,0.1054588873926726,0.26028388169178485,0.005224193261539704,0.48844122008095037
5,7,SO,OUT,0.21008536667529173,0.02252225249717981,0.0026252939422013546,0.009645093463367373,0.13542081880058895,0.20037332074783676,0.005098578935641288,0.41422927493789274
5,7,SO,OUT,0.20707318774414676,0.0254850077055298,0.0071290078146587724,0.011875947399609782,0.04561250112108491,0.1502318544090825,0.005510826260071469,0.547081667545816
7,7,OUT,OUT,0.15428393158794454,0.038643429427975204,0.002010676406754863,0.011579635654445674,0.11163032135077436,0.20938813756268673,0.0077598345021055466,0.46470403350731304
5,7,SO,OUT,0.12714143392298868,0.04021346809969751,0.0018457325838997158,0.02201128347189489,0.07220355368814238,0.24009407006488007,0.01708309350040679,0.47940736466808975
7,7,OUT,OUT,0.196215685546351,0.03745497456301121,0.0023372708621182225,0.009172454482582361,0.041263326788820644,0.165231405730451,0.007972951609335324,0.5403519304173302
0,7,SINGLE,OUT,0.19191600867079806,0.02887024214076187,0.002078152121877758,0.009547597779649789,0.04709165535768014,0.23370831822543414,0.018449471876792408,0.46833855382700584
7,7,OUT,OUT,0.17794314961230634,0.028593268263657937,0.0021525777919400814,0.011321298240385838,0.08784246076855813,0.15890077373521336,0.009046679802698706,0.5241997917852396
6,7,HBP,OUT,0.177107827639276,0.04686266381161579,0.0020525789510672508,0.009753566271240938,0.10888104831080207,0.18932752389540702,0.008193804671445537,0.4578209864491453
3,7,HR,OUT,0.264523938074508,0.029169510613480835,0.0018977834322700716,0.009485024213028381,0.0721385512563292,0.11535735916281341,0.008330560753515761,0.49909727249405433
0,7,SINGLE,OUT,0.22727801381393364,0.03173343288044267,0.007591244011995823,0.00903581897131476,0.043853776837199585,0.11203607137591969,0.006935612783747571,0.5615360293254463
7,7,OUT,OUT,0.1984258155531707,0.038350437794949906,0.004248919792678449,0.013557509654447353,0.07530485385823768,0.2348720790369478,0.009204105135248154,0.4260362791743201
7,7,OUT,OUT,0.18586725399041903,0.029095445580013556,0.002641600828088515,0.008840915395537751,0.07718536069498796,0.21906815703275465,0.0061841951753738075,0.4711170713028248
5,5,SO,SO,0.11964047433246848,0.03392380445340085,0.0020991835760754067,0.012481741489713904,0.10569285212956181,0.38354637964637195,0.007016443565690102,0.33559912080671744
5,7,SO,OUT,0.16944190032033737,0.030687339094866567,0.0032239260175208543,0.010981102838403966,0.07102556682658605,0.20460760420116486,0.008988916415160876,0.5010436442859594
7,7,OUT,OUT,0.1624682174857541,0.027371566762786122,0.0020845126959054064,0.010542121558165618,0.09129760865133911,0.2971879659102252,0.008292466557855743,0.4007555403779687
4,7,BB,OUT,0.20658696285213132,0.033465509440301806,0.0019468184779863932,0.009901952400056984,0.059265623614236054,0.23135807573222122,0.018569074868394972,0.4389059826146712
4,7,BB,OUT,0.16518194508177012,0.03300621494548928,0.001982539241508632,0.012519830582292125,0.05812847695544214,0.1297553769604331,0.015502439335251942,0.5839231768978127
7,7,OUT,OUT,0.09042101065726307,0.038426704341538345,0.0030161023868534305,0.009324951401189453,0.06214164444695472,0.307768138505116,0.004927950311720228,0.48397349794936473
7,7,OUT,OUT,0.228874618605143,0.029125442439775738,0.0021073918748516518,0.009744701568418179,0.05068714504293376,0.1893071458228734,0.004945375947971077,0.485208178698033
5,7,SO,OUT,0.22674963035544118,0.024987898614768363,0.002805305652399025,0.008959638838290322,0.034381630037366114,0.1412256003480518,0.004140432603620688,0.5567498635500626
4,7,BB,OUT,0.17952509692798102,0.028309228764633505,0.0020637592534664497,0.012723452940122622,0.07877805843390495,0.14952018430088374,0.006458557788356076,0.5426216615906516
7,7,OUT,OUT,0.09478728866127194,0.02975860394014852,0.0021178066473298003,0.010336399835590338,0.09584738333845623,0.29798667006573015,0.005656696119959317,0.46350915139151366
7,7,OUT,OUT,0.14618633783731041,0.03481035267103276,0.002398567297854844,0.02062187395923042,0.05092630873100554,0.13444156004256824,0.006401578357529541,0.6042134211034682
7,7,OUT,OUT,0.21255929311118318,0.03641622621166406,0.0024886800051997946,0.009354615081405343,0.03921196490053425,0.18316718712676622,0.004613482116388852,0.5121885514468583
7,7,OUT,OUT,0.14696305491343134,0.029639002141695913,0.0022010844916192846,0.011145372343824598,0.13256319520953527,0.2107825784161045,0.005805640493076894,0.46090007199071226
7,7,OUT,OUT,0.16824356646891023,0.02492460659431464,0.0024394931699825667,0.010633448702010707,0.0733343991294824,0.1237621567799679,0.008321939022925816,0.5883403901324057
7,7,OUT,OUT,0.13631337743825706,0.0282279410646481,0.0017284315124248954,0.025228309267096433,0.07205124052101441,0.24247781903443022,0.020129505089318177,0.4738433760728108
0,7,SINGLE,OUT,0.20822990590832166,0.04078413471043406,0.00260863473213714,0.010569488253780025,0.04847385817068437,0.1835641380124436,0.009197216592391888,0.4965726236198075
7,7,OUT,OUT,0.16810555299982236,0.025700749248107207,0.0020070190733439968,0.016720432191278386,0.09941241357625312,0.21730862687127678,0.008038569750660222,0.4627066362892578
0,7,SINGLE,OUT,0.21976529786955404,0.03465545671601895,0.0031475970860952106,0.01125106124145096,0.07843257159769398,0.19769171065644095,0.005577536707884622,0.44947876812486137
5,7,SO,OUT,0.13466463668989342,0.023713494334901466,0.0019629178196770907,0.00908545654260036,0.06568095866392026,0.29189121778368704,0.004606032719121253,0.4683952854461989
7,7,OUT,OUT,0.23222671272841489,0.02342918961947616,0.00495808203856681,0.010489000583803667,0.04020347971658531,0.15377380859197567,0.0050284925740220745,0.5298912341471553
1,7,DOUBLE,OUT,0.3398228850658967,0.02188452392533782,0.0018651332547972653,0.010956171935666009,0.06705639260104183,0.18044188957560026,0.004570447790840666,0.37340255585081933
7,7,OUT,OUT,0.1571772803980333,0.03260035492900939,0.002193710800123714,0.01537656887051536,0.08409413703939989,0.1415103967969285,0.00822243201263397,0.5588251191533559
5,7,SO,OUT,0.11872323358698204,0.024870613752558897,0.003852115503044854,0.009830739892311223,0.11812812756101071,0.1966139838918708,0.013781276138252552,0.5141999096739689
5,7,SO,OUT,0.1804486806763363,0.034976288198423765,0.003029118090390216,0.009369951432566697,0.04470459225156919,0.1469020737097233,0.005203215244622024,0.5753660803963685
4,7,BB,OUT,0.1714009937498019,0.032479402408410935,0.00498270388555865,0.010891786666196557,0.06807921153628678,0.16517692201415318,0.01717482506928108,0.529814154670311
1,7,DOUBLE,OUT,0.09824503245221132,0.04450829602324824,0.0018659774334238131,0.009706626008829568,0.06519956011010296,0.27919537306326003,0.004521478942683919,0.49675765596623994
7,7,OUT,OUT,0.12504751823143664,0.028452048027149356,0.0017418024809121324,0.03846818237663412,0.057327857448226244,0.30366135004981964,0.004339754537316962,0.4409614868485048
7,7,OUT,OUT,0.1322288187924173,0.05069433305892159,0.0019251878226493094,0.010357452651576069,0.0555490514566449,0.21395078534017073,0.004396669831741131,0.530897701045879
7,7,OUT,OUT,0.18040533889170515,0.03749023173182745,0.001962042758787408,0.015121355185788707,0.10803413260880294,0.21584575956940708,0.012562881090065469,0.42857825816361583
7,7,OUT,OUT,0.13645995904904276,0.03216275386113194,0.0032196451829081627,0.018692958509085925,0.05697501559888607,0.23581491666160828,0.029520169648945195,0.4871545814883917
7,7,OUT,OUT,0.194410153856236,0.02180868278955446,0.0033010619251696398,0.011812120835436273,0.06023603789952958,0.20512540590281284,0.007100543439206967,0.49620599335205434
7,7,OUT,OUT,0.08753158979575623,0.027350266535973115,0.0016341261302154078,0.008191012672778,0.04552795811546365,0.3025849076420056,0.003848492881576876,0.5233316462262313
7,7,OUT,OUT,0.10552503738099268,0.02485091673343152,0.010341192674576088,0.011460055598337895,0.04576856607546816,0.12651945867523515,0.004417261829980435,0.6711175110319781
7,7,OUT,OUT,0.1763995806867548,0.028508702978564584,0.00393996880353919,0.012603369275267267,0.044519784227364155,0.23735240263202467,0.005492762578135969,0.4911834288183494
0,7,SINGLE,OUT,0.14987780629240774,0.05307258245563961,0.004052397979938789,0.010234253009477763,0.04671862607378878,0.23080342313821955,0.00571082141790884,0.49953008963261886
5,7,SO,OUT,0.11538411016154175,0.023763022197819325,0.0022520186884449557,0.0142458858399709,0.08238283250526068,0.3434288184933409,0.009618566156047503,0.40892474595757417
5,7,SO,OUT,0.1086100973685137,0.027804455955146665,0.002017662423863419,0.014062160461989305,0.060255650356423406,0.24039617522450668,0.006486859795470492,0.5403669384140865
7,7,OUT,OUT,0.17081649668328477,0.03266102671283437,0.002719488107136083,0.013882182225143785,0.08209624230876812,0.24708796953758685,0.007573444281118514,0.44316315014412755
7,7,OUT,OUT,0.12068954434079446,0.02586556166912505,0.00303400220257998,0.010187561024561571,0.042425358591445354,0.22155106268587849,0.0046419598130343145,0.5716049496725808
7,7,OUT,OUT,0.11286580606948099,0.03731365479347133,0.0021090286160686963,0.019273052840972495,0.06469536757035453,0.22671229762721845,0.006570302971158532,0.530460489511275
7,7,OUT,OUT,0.11219702946354995,0.05572285300202554,0.0024131814509548333,0.011655828283405176,0.06669124378671147,0.2402357613259538,0.004609353443140452,0.5064747492442587
7,7,OUT,OUT,0.14226293291800937,0.044160537669821455,0.0020965671006328403,0.029132107351268907,0.07530357949725967,0.2449131138949678,0.005232246758017018,0.4568989148100228
7,7,OUT,OUT,0.17570220576266635,0.03593431123145728,0.0032712281224427458,0.01170044398973793,0.06422876716284245,0.2718110259789102,0.006100994526476857,0.43125102322546605
5,7,SO,OUT,0.1310278431909633,0.02796293103054481,0.00247201351174026,0.017745575244275523,0.10165990424855374,0.12797457596688427,0.004683817439743048,0.5864733393672951
7,7,OUT,OUT,0.13108679423952618,0.031392545272667854,0.0018588178611921688,0.0249674704956573,0.054860821796240355,0.3082493980266818,0.004384282608599981,0.4431998696994343
7,7,OUT,OUT,0.13070908723465918,0.04657893936813829,0.0020929812520752546,0.015721340791761875,0.06583263529119189,0.26286736093461105,0.0047278729801941005,0.4714697821473684
7,7,OUT,OUT,0.16718812382661888,0.024586286318107428,0.0020644585081279455,0.011381565030843508,0.039426158513080276,0.23090534206815003,0.005746925222008219,0.5187011405130637
1,7,DOUBLE,OUT,0.3055929936462385,0.019015329604954022,0.0018503716425952383,0.010308484847333826,0.05430757799266441,0.20607848246771304,0.006900809165341492,0.3959459506331595
0,7,SINGLE,OUT,0.2775181223063881,0.03033126774453608,0.0020858849115441575,0.010426008986802432,0.06873153080589332,0.20704581261692032,0.006093946498907731,0.3977674261290079
5,7,SO,OUT,0.15331211242224393,0.030679944773224773,0.004211723383518629,0.015870806816018334,0.06392363247396478,0.20063731109634894,0.02263449807069892,0.5087299709639816
5,7,SO,OUT,0.13146057739691294,0.029427254427187542,0.003618762028380495,0.021401979633424512,0.06232968554894757,0.21171225720686615,0.03170276098778103,0.5083467227704997
7,7,OUT,OUT,0.1525633497721009,0.03754776979359606,0.002222947875934743,0.017243258724803548,0.09194770934387025,0.14425852219479868,0.006159157229717386,0.5480572850651785
7,7,OUT,OUT,0.13883073149847194,0.052743538666048126,0.0020876983508924685,0.037837620494478405,0.07589996852566487,0.24396205459605524,0.005644416253734583,0.44299397161465437
7,7,OUT,OUT,0.14856394960711136,0.038406563114748805,0.002246097160166123,0.011616083616181732,0.12517786900259267,0.2143392892180487,0.005872456744123157,0.45377769153702746
1,7,DOUBLE,OUT,0.14619427144343186,0.026680724041286075,0.0020541969584566256,0.021655659982099965,0.10682175667251408,0.24712031872630255,0.010139156507088938,0.4393339156688198
5,7,SO,OUT,0.21700115135772377,0.02853269321113038,0.001916466624670515,0.010092524054115516,0.06574621149572474,0.1980733421164828,0.017754242314003386,0.46088336882614894
0,7,SINGLE,OUT,0.18529440776204606,0.033947138775371484,0.0024733807725871434,0.010409129454198661,0.0561818858118144,0.13535323541988833,0.018482236500713175,0.5578585855033806
7,7,OUT,OUT,0.15328004269405346,0.03491486098122514,0.0020225702855830668,0.021363252610570236,0.04977602047976541,0.1320872556925396,0.005697685978708322,0.600858311277555
7,7,OUT,OUT,0.2631506671565297,0.03850733528950301,0.0026949549137848775,0.011299381859904194,0.06981859311922331,0.17350219676543058,0.00541098893789082,0.43561588195773365
7,7,OUT,OUT,0.1734141533222344,0.023583943532896143,0.003953598493890669,0.010332602369703103,0.11994197001840386,0.1950310267070732,0.005264665084884304,0.46847804047091446
5,7,SO,OUT,0.22075190717992266,0.026963350956651956,0.003812440117125824,0.010199474944970232,0.04105114754494316,0.14210332373262952,0.004755830812406297,0.5503625247113503
7,7,OUT,OUT,0.10913688216724683,0.036985954013847286,0.0020471375432789683,0.015463768620858586,0.06284373874981673,0.23922146344746348,0.006630341289181302,0.5276707141683068
7,7,OUT,OUT,0.10404619150960782,0.038468185335088396,0.00182209437822532,0.009747181544418069,0.06671542984787912,0.2698533904638764,0.004629022113764955,0.5047185048071399
7,7,OUT,OUT,0.11611717686735348,0.027410627405843564,0.0017885479631130229,0.03339534263813207,0.056592522962349366,0.29501162530029645,0.00430370349808101,0.465380453364831
4,7,BB,OUT,0.18009066209041225,0.03499479321775385,0.006826327176812753,0.01426819377319056,0.06958601265775571,0.2559593108397336,0.005095262657411953,0.4331794375869294
7,7,OUT,OUT,0.14423145747124647,0.03501546270751273,0.0025453021877479584,0.026970619332346013,0.08538415714286955,0.16102128578143646,0.006277599822133017,0.5385541155547078
5,7,SO,OUT,0.18521401998005785,0.025401917278459182,0.003175897118242102,0.019526023984090805,0.05486717027544514,0.20936238300378635,0.03710581242908407,0.4653467759308346
7,7,OUT,OUT,0.133290361987938,0.04896806420950512,0.0018811788845908258,0.010561849270858407,0.06156520953454019,0.23598549226149207,0.00439895612892872,0.5033488877221467
7,7,OUT,OUT,0.17099488393938514,0.03060207459742868,0.002257903278304431,0.01277744340135148,0.047059379434210076,0.231314811006001,0.006305001211468434,0.4986885031318508
7,7,OUT,OUT,0.13804527930899022,0.04464722918770463,0.002787476486513221,0.011982096078440165,0.04577518045950249,0.24959070469402309,0.005327645207618152,0.501844388577208
5,7,SO,OUT,0.12973390429468915,0.0226732106704707,0.0021837732691854968,0.013052201666813564,0.0700176450175786,0.33441621154039614,0.00667841878641054,0.42124463475445584
5,7,SO,OUT,0.18826856723322158,0.021480742541758576,0.0028318324862696043,0.010874360084215507,0.06151008709873313,0.2196453282266804,0.005339214176838116,0.49004986815228313
7,7,OUT,OUT,0.155925847114815,0.027745511141352326,0.0033424663067755595,0.010478551148359922,0.07581526021529385,0.19472657091824253,0.03837664191441934,0.4935891512407415
5,7,SO,OUT,0.0816112927620936,0.02368910528404557,0.0015907008412001946,0.008071269129471884,0.04254608817148371,0.300512206776855,0.0037850164858243512,0.5381943205490257
5,7,SO,OUT,0.10562493223867585,0.02477176393182418,0.01130783838917742,0.012804968321468966,0.04783992873153015,0.14323101203218752,0.004352330919035039,0.6500672254361008
7,7,OUT,OUT,0.15056607048724616,0.03018368308019953,0.004416212958098622,0.01035379956778986,0.04532844623155928,0.20091549901125672,0.0048569455859431825,0.5533793430779066
5,7,SO,OUT,0.1359722835962466,0.025595974421885277,0.0019930090485673533,0.010712035229095179,0.05659268186234573,0.29528583184711177,0.0058588117500071885,0.4679893722447409
7,7,OUT,OUT,0.1798886560842004,0.03576500826544097,0.002683981948147986,0.03391855344776522,0.07576628783117348,0.2090325093915391,0.005834090037293669,0.45711091299443923
7,7,OUT,OUT,0.11292769114307478,0.039582719942175854,0.0036933670252256895,0.009324608859578098,0.07690465436514203,0.16152640320078465,0.018709123697812944,0.5773314317662059
5,7,SO,OUT,0.11589118128907584,0.025506203787199914,0.0019034167524210174,0.009315582955177903,0.07438635513830898,0.29895581334542753,0.004911239495098653,0.46913020723729015
4,7,BB,OUT,0.11733850013367703,0.06246780550426849,0.0039593293407616855,0.04617581703746472,0.0789246657838672,0.2795227084903646,0.005179142939789873,0.4064320307698065
0,7,SINGLE,OUT,0.1446343485015478,0.02837376809175977,0.004783519574116735,0.00945401213402152,0.04195482667290506,0.19535793240785304,0.028590760045271658,0.5468508325725244
4,7,BB,OUT,0.21314343379717296,0.03215785538059323,0.0041514068331201925,0.012907281803454466,0.053778094536796175,0.17607099136928933,0.005505885125065813,0.5022850511545078
7,7,OUT,OUT,0.11818387465105823,0.03406261617849575,0.0035008103554756255,0.012924873284848905,0.05707804750593541,0.21384564681893523,0.005859685747995553,0.5545444454572552
0,7,SINGLE,OUT,0.11129734286149215,0.025327805834291804,0.0027174687883380908,0.01263861082235274,0.05882289820029974,0.28195833193594,0.006322359817816999,0.5009151817394685
7,7,OUT,OUT,0.15960082120006908,0.032836268504638944,0.013723458952204368,0.009490427174886408,0.05175696599269715,0.20475262227940763,0.009991111012448959,0.5178483248836475
0,7,SINGLE,OUT,0.13150082688271145,0.028011815030608317,0.0028906089944311106,0.010706811003341012,0.04954575795923761,0.23545582707241877,0.013687636298844338,0.5282007167584074
7,7,OUT,OUT,0.21139626124168298,0.03403645787201739,0.001817571249967673,0.008447970737585162,0.08280079072074575,0.11913044282925048,0.005607317526391563,0.5367631878223589
7,7,OUT,OUT,0.16992842116870352,0.05834654551027054,0.0019683297202876694,0.02786995545763493,0.06700652574280763,0.2585411970066682,0.006519600098481619,0.40981942529514603
7,7,OUT,OUT,0.17657732556384326,0.04012869363521569,0.0025584774947298443,0.0120005732166906,0.07577847043828166,0.13220089937100318,0.006977279883905009,0.5537782803963307
7,7,OUT,OUT,0.14880724250738497,0.025274695513142764,0.003783817761748352,0.021380702189827454,0.07557040918592496,0.2528679261751995,0.004878253286051204,0.4674369533807209
5,7,SO,OUT,0.11813733281611806,0.024795444300329334,0.002194586942563973,0.00931543565531738,0.0754646690483763,0.28103432028402286,0.005151778064985299,0.48390643288828683
7,7,OUT,OUT,0.11732311274667567,0.04500878398503351,0.005444528430160431,0.014556978609479474,0.0704073664704733,0.2137363615554719,0.005156342459269838,0.528366525743436
7,7,OUT,OUT,0.14115104597682196,0.03128964193584251,0.002131126467199198,0.04323593369501223,0.09445659853767947,0.14076032850472506,0.0063970871729861255,0.5405782377097335
7,7,OUT,OUT,0.18405826900052177,0.029543692011135755,0.002044207782623158,0.01333767640302937,0.1114102884123897,0.13020065167547565,0.004838456459981505,0.5245667582548431
0,7,SINGLE,OUT,0.13304943859966836,0.04711008951413225,0.002012537347537027,0.06520207772967529,0.10106746245426135,0.23821964894751937,0.0051915099944045105,0.4081472354128018
4,7,BB,OUT,0.1704738003498684,0.05278119198278899,0.002206102217699539,0.012421014368197389,0.09393703044338639,0.14993827884511385,0.006037965071090405,0.512204616721855
5,7,SO,OUT,0.12266605987246482,0.02389713723824578,0.0019395404289489536,0.009101045516039751,0.06355989144614761,0.24427064132212506,0.0046478744762602775,0.5299178096997678
5,7,SO,OUT,0.11112559310906084,0.022367622611650463,0.0019879060654257883,0.00945616665097107,0.06976420739812338,0.36274844330833744,0.00560724267182685,0.4169428181846041
7,7,OUT,OUT,0.13808464953979355,0.02204720821911021,0.0017860517214799208,0.009036835623876608,0.06381895115022149,0.2844066175209811,0.00477805722545137,0.4760416289990858
5,7,SO,OUT,0.17601433241820308,0.01650323238345473,0.014248994800585904,0.007347655330056565,0.06187867342095442,0.11826620342862999,0.04985858696822193,0.5558823212498933
7,7,OUT,OUT,0.12078979085221353,0.03279966691955894,0.0017914694021588474,0.008441453314819283,0.1184941353787687,0.18053600231660702,0.02075253731808209,0.5163949444977917
7,7,OUT,OUT,0.17042279174775185,0.03568317052956902,0.002951525454630961,0.008760548405192066,0.03872520883829939,0.1318882686436704,0.0083005386386463,0.6032679477422399
1,7,DOUBLE,OUT,0.14617065960080255,0.021753373195811714,0.0019088061658112426,0.008968577798266692,0.0425639398483027,0.1492943380984555,0.005359614380167144,0.6239806909123824
7,7,OUT,OUT,0.13431240707940031,0.03938567044290258,0.0028673596206660237,0.010727334726998031,0.07991794898799075,0.2272884534694759,0.006014273053221108,0.49948655261934527
0,7,SINGLE,OUT,0.13101858362741792,0.061548879169449,0.0021404663210527262,0.03654507102361141,0.1071796982583353,0.1213664315630019,0.007586979016502553,0.5326138910206292
4,7,BB,OUT,0.2105278714881161,0.02843336089162419,0.001969860195949797,0.023217586348237597,0.10250468496710403,0.14997423138272026,0.009070497537673208,0.47430190718857484
7,7,OUT,OUT,0.10540515840413069,0.03189995161637401,0.0019655826390552,0.02806462898178107,0.10848682011562596,0.3016541523126483,0.020262307387245715,0.4022613985431391
5,7,SO,OUT,0.12671945402586196,0.04158231306007261,0.0023080671558339087,0.033365382887774776,0.056323477542848055,0.19279487919126614,0.004814817465276783,0.5420916086710658
0,7,SINGLE,OUT,0.18944026515007786,0.030519309727014787,0.003172434502854506,0.01240999292551105,0.06121886500293112,0.1436107227343462,0.006794221089560103,0.5528341888677043
1,7,DOUBLE,OUT,0.1812212950456396,0.06396995740316656,0.003157018810000259,0.013661297295671612,0.05663512027572005,0.1897557755609893,0.009956423805401642,0.48164311180341113
7,7,OUT,OUT,0.19628486329541422,0.03356615316863311,0.002027894068320729,0.014766146652867978,0.07466414541431492,0.13767646784480417,0.014363274719143008,0.5266510548365018
7,7,OUT,OUT,0.10416922603641521,0.03133956409569855,0.0018386117217566655,0.0330182368853285,0.07486435561026289,0.30978131528584074,0.02933509358273308,0.41565359678196434
7,7,OUT,OUT,0.12569512978857791,0.03570429537733303,0.004279141649866687,0.009822847237163649,0.08099828917477982,0.18421611578343947,0.006978209273425988,0.5523059717154135
1,7,DOUBLE,OUT,0.12774323595037734,0.043419937557371946,0.002145840992795598,0.054313906393729676,0.10013801033658308,0.12607616067444463,0.011133229905781776,0.535029678188916
5,7,SO,OUT,0.07791212228088873,0.033675112382679576,0.0022600880791774393,0.01384788157982735,0.04380787328871647,0.40979745740027196,0.004810553568087947,0.4138889114203505
7,7,OUT,OUT,0.1600505806803439,0.03932395872020476,0.0037357777885891315,0.01290846457615798,0.06338706413482884,0.17149679680255672,0.005713690779607789,0.543383666517711
0,7,SINGLE,OUT,0.11420006781400195,0.03261157985796169,0.002174577996008035,0.011686393020348382,0.06116825808615512,0.30368531193220977,0.004760273842253452,0.46971353745106165
6,7,HBP,OUT,0.1565304058937348,0.056418283847139095,0.0025187432465273796,0.012567438772522819,0.05957065719571765,0.13545074430244047,0.0072068304342877585,0.56973689630763
7,7,OUT,OUT,0.1414162112320384,0.028836901305723306,0.0022887560655004088,0.03605522158830413,0.04359148434439498,0.20829719346712114,0.004728009298042271,0.5347862226988754
3,7,HR,OUT,0.16908100838156792,0.07802095804573746,0.0019862052194261895,0.0165137027344939,0.06142865788735204,0.15895775648442245,0.00484375584753559,0.5091679553994645
5,7,SO,OUT,0.13598180901802606,0.025565512508496032,0.0025042186776268577,0.009245393229596664,0.055215287285567544,0.23540573355088779,0.006199982020683482,0.5298820637091156
7,7,OUT,OUT,0.19579957635411013,0.027773066530290002,0.002112314116290219,0.009296654049827753,0.09266693649377276,0.11112744952942206,0.005683021524016843,0.5555409814022703
3,7,HR,OUT,0.14536401188530534,0.054195237818115284,0.0018857688252606982,0.0331134962658698,0.07849461082700918,0.2757453062929706,0.00858367279958351,0.4026178952858856
5,7,SO,OUT,0.16773362103334583,0.03489136343418937,0.0028338002830890084,0.01210852398521025,0.07923627922230685,0.1401965069882345,0.00550343594592643,0.5574964691076978
7,5,OUT,SO,0.08668483563770399,0.023701814283157846,0.0027669928673375245,0.010275731334597703,0.04533413013907416,0.4150100057797062,0.0194301950594306,0.39679629489899193
7,7,OUT,OUT,0.13063386771893873,0.02923938056558307,0.004483398715507572,0.01003274414393891,0.05986905278015434,0.22029281541510848,0.028517691632675174,0.5169310490280937
7,7,OUT,OUT,0.12402544520974523,0.02527923818043928,0.0028482325557891023,0.013787458812911383,0.06311303304395913,0.2895164117268785,0.007012122736421667,0.4744180577338556
3,7,HR,OUT,0.16076318561214153,0.028521456547846852,0.004901362806810817,0.0096698815034991,0.06380419520985611,0.20524822373057877,0.012344440967485451,0.5147472536217814
4,7,BB,OUT,0.12755401232297917,0.0296431321909188,0.0032876450800691814,0.011615681382804081,0.05701436652771974,0.22146977452789343,0.01129676068227919,0.5381186272853364
7,7,OUT,OUT,0.13419672451041445,0.03743913542359216,0.0018473472588832237,0.00983737167278797,0.054947377197388535,0.17272804897338637,0.005191611543432571,0.5838123834201148
7,7,OUT,OUT,0.15770196507656714,0.02823376856184585,0.002031014679123017,0.018982303225553752,0.07557810127481479,0.14700026027236043,0.01275077730282943,0.5577218096069055
7,7,OUT,OUT,0.19621020591296207,0.04396292271707017,0.0021370669804405768,0.022614742122451792,0.04923711593942309,0.1609102185246414,0.004769985481828624,0.5201577423211823
7,7,OUT,OUT,0.187949017690842,0.02196454367620193,0.003071237761561476,0.014246327934252633,0.04512930657919241,0.15101534273221956,0.004950935734422123,0.5716732878913079
4,7,BB,OUT,0.17329770694069177,0.02736388021115313,0.0034670429249951747,0.042391243291834454,0.048579085307729225,0.20230108484698758,0.004665448706960417,0.49793450776964837
0,7,SINGLE,OUT,0.15710339893502917,0.041924625847393523,0.0024842224112843125,0.01658561653042997,0.04070932041579602,0.1293683960965649,0.0119984720951448,0.5998259476683573
7,7,OUT,OUT,0.08014746093034159,0.01990210012816318,0.0024137522098822274,0.00891632352179995,0.038104775311292007,0.3131507765760845,0.004782928062043014,0.5325818832603936
4,7,BB,OUT,0.12137451896944981,0.02945879917963234,0.002078137147332077,0.010122036115897869,0.11674384733527039,0.18868956276519488,0.009641414215825827,0.5218916842713969
5,7,SO,OUT,0.1492870300328488,0.043349183405166164,0.00205051489316086,0.009385036216958747,0.046115369138671355,0.22729967931832776,0.01891879104578178,0.5035943959490845
3,7,HR,OUT,0.1401733717536449,0.0342865137516258,0.0019919682492805864,0.02285430484290182,0.05387677711277336,0.17044203088885304,0.004967970977499519,0.571407062423421
7,7,OUT,OUT,0.16483498253705942,0.043931040192388846,0.003870632259956247,0.009097634169036911,0.038490983880529205,0.11004800097471434,0.007264396168389418,0.6224623298179257
4,7,BB,OUT,0.15192457875539772,0.048140118275480745,0.0019219436720998703,0.016573181635792827,0.04706567705243406,0.1119245302507087,0.00927116899770797,0.6131788013603782
7,7,OUT,OUT,0.09335755268311446,0.02560946721846405,0.0021457431844859,0.01169487621257709,0.04250767228412816,0.3224736668413996,0.005090131871045305,0.4971208897047856
5,7,SO,OUT,0.13366999820879916,0.027215988102628593,0.0019181968152871122,0.01007045001533235,0.0397241028082341,0.18710998692521108,0.03839431079148389,0.5618969663330237
4,7,BB,OUT,0.15415024479712872,0.020052066400834116,0.002269597063876026,0.01414713156945515,0.05074397669643808,0.25109827767842574,0.004328124306570541,0.5032105814872715
7,7,OUT,OUT,0.15639748040357593,0.021448793205916306,0.002970352139539887,0.011114754159019531,0.05506928339105809,0.14320909210306335,0.004678564598354585,0.6051116799994724
0,7,SINGLE,OUT,0.16890388191302977,0.03700326405104694,0.0032203552322368784,0.02397082830191762,0.04867976434991283,0.19413480203876052,0.004631743829893705,0.5194553602832018
7,7,OUT,OUT,0.13151215921437784,0.02741446793770817,0.0021704426026397275,0.04017957084367618,0.04671504231900617,0.17920104290006378,0.005094855780047847,0.5677124184024803
4,7,BB,OUT,0.1594862675792303,0.0356079524574506,0.0029812518263518718,0.02594657674387551,0.04605379227598956,0.1323904900831864,0.0204892882465572,0.5770443807873585
3,5,HR,SO,0.11080324154871173,0.034774966116118175,0.0020430966311098695,0.053592101651480754,0.060827750927844336,0.3672291914300178,0.004880165058768013,0.36584948663594935
4,7,BB,OUT,0.16169572454138914,0.06552316932736268,0.002124226811099374,0.015302115135408401,0.05012412851355106,0.13183541984953764,0.005753885774656711,0.567641330046995
7,7,OUT,OUT,0.1326482543536163,0.047006039826131746,0.003887731013744559,0.008998845059965739,0.03686269519807964,0.11560393954115374,0.009642968419958672,0.6453495265873497
7,7,OUT,OUT,0.1444445131947316,0.02969034326605656,0.001938601776255552,0.016276491163064035,0.04628788067647388,0.11284786411883216,0.014020600816661493,0.6344937049879248
7,7,OUT,OUT,0.15300982100712418,0.02360793833475456,0.001966362722712423,0.010001860561958004,0.045136034918900086,0.21378589307325457,0.004729271390722081,0.547762817990574
0,7,SINGLE,OUT,0.17483303099095882,0.04937101905014212,0.002066836235855908,0.013009146168188039,0.042511714472983526,0.15445971286199622,0.0048389291673516955,0.5589096110525236
7,7,OUT,OUT,0.17086646279800724,0.028598900464373106,0.0020954826253834634,0.01958708141824651,0.04917349316612092,0.18251962494817975,0.00488432838772569,0.5422746261919633
0,7,SINGLE,OUT,0.19902473313363037,0.019739933804445407,0.0025635777224709577,0.013539252495226271,0.04490742321528026,0.1447067225354544,0.005043741676600863,0.5704746154168915
5,7,SO,OUT,0.15182532117525194,0.03327873081152972,0.005958741803541495,0.02075990527739244,0.044314056989042956,0.2203642494614469,0.004694041532340548,0.5188049529494541
1,7,DOUBLE,OUT,0.1441279038461008,0.03439763875547913,0.002422219307913653,0.01572525363916068,0.0429153992401809,0.12791628830549415,0.010361511768158268,0.6221337851375124
3,7,HR,OUT,0.13684589271316902,0.03326932779672638,0.0023716642164698424,0.010574117860159708,0.1803461787410069,0.15564694867809603,0.004785234170162616,0.47616063582420953
7,7,OUT,OUT,0.1346670578250055,0.032953806612450065,0.001900567708573842,0.01747869737648295,0.05783823875297326,0.11627751473535838,0.006761618867715872,0.6321224981214401
4,7,BB,OUT,0.13472618484496998,0.04930383214592983,0.002292320397925789,0.022114237309923623,0.05912855562133487,0.17434943963777244,0.005023451982225892,0.5530619780599176
5,7,SO,OUT,0.14877284637051608,0.04385282253273604,0.0024352167020136816,0.013828001750447402,0.04547505618575386,0.15482523028824208,0.0047065251521668915,0.5861043010181239
5,7,SO,OUT,0.1916870965359194,0.049298205954548875,0.0020411637025495558,0.01746782047716728,0.053607077521536435,0.12594279390890564,0.006487968916445902,0.553467872982927
7,7,OUT,OUT,0.14636815615373244,0.03233924983127999,0.0019751045419553028,0.009594740903313165,0.057194146816807845,0.14188716558856537,0.019717338154038557,0.5909240980103074
7,7,OUT,OUT,0.11433711853098691,0.02508570949178537,0.0018765233528121854,0.040608356911118276,0.05200835112973103,0.15011692215727301,0.04336415843747354,0.5726028599888197
5,7,SO,OUT,0.13868600776288864,0.030832255000211955,0.0020527040756538393,0.010926019338124046,0.08292962499557492,0.13039931570352783,0.006096671186461849,0.5980774019375569
0,7,SINGLE,OUT,0.1460346247863171,0.032627014680414686,0.002112821883509229,0.01167821748232914,0.03983588032718265,0.23094498528114132,0.045671070548878534,0.4910953850102273
7,7,OUT,OUT,0.17992755177358885,0.040964231912840474,0.003076637061950459,0.016948482922510458,0.04809107674671802,0.21202201531426343,0.004811550803433668,0.49415845346469456
7,7,OUT,OUT,0.12990638705828392,0.03158573414203235,0.0025217614583150976,0.011220092047579955,0.04542950555559826,0.2164650226309608,0.004825768171233107,0.5580457289359966
7,7,OUT,OUT,0.10946936397543838,0.04604139835794912,0.002101358684281568,0.086147746265221,0.06703614537431665,0.29601448499466876,0.005965656734634978,0.3872238456134894
5,7,SO,OUT,0.16217423477772488,0.04180243826986197,0.0025449053780219224,0.014954406453537896,0.04867888811860543,0.12414122531460241,0.007647766275556226,0.5980561354120892
7,7,OUT,OUT,0.16794137875002216,0.04768046217897305,0.003810092014831103,0.008647361599235915,0.03674874186552642,0.1124040980494024,0.006675018422113052,0.6160928471198959
7,7,OUT,OUT,0.1571993249842231,0.04522548453922643,0.0021215887101664744,0.014517809516625133,0.04262253444062158,0.14903162449009622,0.004658773335858969,0.5846228599831822
7,7,OUT,OUT,0.200813354696481,0.028229106460096846,0.0020982532877176483,0.024896486497804664,0.04988636929455612,0.1656867447354895,0.0055335886648385435,0.5228560963630157
5,7,SO,OUT,0.1492917248991475,0.03150792876732136,0.0025786838571909684,0.01227990866831344,0.05195601885342695,0.2597765454090928,0.0047758234282947445,0.48783336611721223
7,7,OUT,OUT,0.16638694332093798,0.021730411641799206,0.002780206805998619,0.01527554352625941,0.05120625426510457,0.16453737228044565,0.004716395851831103,0.5733668723076234
1,7,DOUBLE,OUT,0.1807757660745938,0.021589248654448254,0.0027043736424413357,0.009834520272638033,0.04610838218711339,0.21395597823192636,0.004964929904624096,0.5200668010322147
7,7,OUT,OUT,0.13161172286344436,0.03455743906946714,0.0018114394450955758,0.008974877490041472,0.09710927085096274,0.18289419834367945,0.01256373082976636,0.530477321107543
7,7,OUT,OUT,0.13401318035943124,0.04886941192866765,0.0018954465740774152,0.01010276848290779,0.04466962092390088,0.2767923370244145,0.02287485713360385,0.4607823775729968
7,7,OUT,OUT,0.1461468706658984,0.034392129017502666,0.0019882844102284873,0.016198350474141445,0.044427178188842016,0.11104173918409707,0.008252250806323287,0.6375531972529667
7,7,OUT,OUT,0.10031850217282,0.03021040778555733,0.0023135040223984707,0.011585693821320285,0.04312082178221779,0.33361109598993266,0.004650357399862431,0.47418961702589096
0,7,SINGLE,OUT,0.14268281283548592,0.0326399658328587,0.0019687084403235385,0.01026774170853709,0.03669433602364212,0.1897582143697194,0.03316086183106011,0.5528273589583731
7,7,OUT,OUT,0.18576609225598273,0.02593812644982271,0.0038014885709879015,0.012888084929117267,0.05905627651459057,0.23938126651354333,0.005235786834017364,0.467932877931938
7,7,OUT,OUT,0.15101264973695688,0.030307374642628192,0.0027134508921387635,0.02111187361402381,0.045416572217230625,0.12854022924391387,0.013055055242461616,0.6078427944106461
5,7,SO,OUT,0.1561201791054084,0.05862835276170483,0.0023360428549876657,0.028279030407344405,0.06300898679911972,0.16368310627502067,0.004893493889438633,0.5230508079069758
5,7,SO,OUT,0.15728665056780866,0.029313179975769137,0.00307502218876714,0.01291119439525596,0.06594594921254475,0.1246241998368052,0.005571752221309322,0.6012720516017399
4,7,BB,OUT,0.12019618556326694,0.04085748784753331,0.002220799375128932,0.07853838787400612,0.07290731136048442,0.2898683055539835,0.004787163587867799,0.39062435883772884
1,7,DOUBLE,OUT,0.15758066310856234,0.026262904495413023,0.0022934204884232615,0.030462052517100192,0.04108891197817598,0.22000144598228027,0.004280554479763555,0.5180300469502813
7,7,OUT,OUT,0.16290378982226172,0.05999473974711581,0.002198225508947499,0.017969196510625386,0.06653373886885192,0.13148236479872574,0.004878809542159632,0.5540391352013122
7,7,OUT,OUT,0.1312319855244069,0.02379584833648701,0.002089205926527207,0.016685281272662424,0.040579586417514434,0.23387957291167905,0.004482177766065578,0.5472563418446573
1,7,DOUBLE,OUT,0.13348476615009616,0.050045306173168644,0.0018997782217865928,0.03586479694101546,0.09505015472167101,0.2592620265822573,0.007197350401663683,0.4171958208083413
4,7,BB,OUT,0.17064090437826615,0.030485125129796186,0.0031944967684418273,0.009291209536511635,0.07299691373675292,0.17932503973635208,0.02100654581738683,0.5130597648964924
7,7,OUT,OUT,0.1652352041135432,0.05187298973738016,0.003994433011485059,0.009151489919516288,0.048703994667843226,0.16240968726417185,0.0075272871670563415,0.5511049141190039
7,7,OUT,OUT,0.15467827165981995,0.04349916590834048,0.002108355025853932,0.011918614016381971,0.11253898088279794,0.1756978825460318,0.006044070267660265,0.49351465969311376
7,7,OUT,OUT,0.18848646458387827,0.028237591733928584,0.0022820885971596046,0.009376588351646023,0.1077516346286639,0.13379641363400052,0.005173434122032719,0.5248957843486904
5,7,SO,OUT,0.19292807083115146,0.03814084189916884,0.023919168020123758,0.01859428623236434,0.05893686069059725,0.16903005880274405,0.017433418037437386,0.4810172954864128
5,7,SO,OUT,0.16670981974839436,0.03244368297590758,0.0020296659250232025,0.015736998940534704,0.07869190190437125,0.25130292823659606,0.014100997794165128,0.43898400447500774
0,7,SINGLE,OUT,0.21687350688166243,0.042993848252648105,0.009705214360084804,0.011751936752014134,0.04067147900064458,0.11783850817005585,0.006023905648933462,0.5541416009339566
7,7,OUT,OUT,0.12560800321445773,0.0579989913008347,0.002404224895765993,0.06350202039073716,0.08527971332566313,0.26569832280915817,0.004790196136420802,0.3947185279269624
5,7,SO,OUT,0.15786576025068455,0.023082916041349388,0.0024378112708818025,0.034939422990235766,0.06900521278870217,0.16162322897409545,0.008829908427226673,0.5422157392568242
7,7,OUT,OUT,0.13712883270392404,0.03282879657788705,0.0026822422359453874,0.00991002560650285,0.06607161959301262,0.13638931297940207,0.00509716812699967,0.6098920021763263
0,7,SINGLE,OUT,0.1519899529962569,0.03035336321512548,0.00234203767401576,0.009868986674263086,0.08888489769808798,0.14016302041482195,0.005424157709819471,0.5709735836176094
7,7,OUT,OUT,0.0900302890529839,0.025536776435126023,0.0019342342609116958,0.009308901868483745,0.040791049963202514,0.21507490710088434,0.005859241120456362,0.6114646001979513
7,7,OUT,OUT,0.2641902271812801,0.0202853786029742,0.0018956223024276997,0.013709553590735949,0.04015277831407993,0.12111189135452016,0.005501744018239549,0.5331528046357423
0,7,SINGLE,OUT,0.14463097597241475,0.02600443519490103,0.0019168497731003931,0.007997799437448418,0.03288995905588695,0.12907943557221285,0.00891689225439127,0.6485636527396443
7,7,OUT,OUT,0.08739699985961079,0.02155694510202152,0.0017188606599692917,0.008180858256682782,0.04095213560391644,0.2953954117985411,0.004208657577529392,0.5405901311417286
5,7,SO,OUT,0.11252870119972128,0.03868645438330323,0.0019420973136406847,0.009280465816783653,0.09615724292583012,0.24568726912895833,0.017504241612113357,0.47821352761964936
5,7,SO,OUT,0.14740415658743583,0.027768475666828944,0.0025739518964116625,0.008859054671695715,0.055932615266281155,0.20752000686851602,0.01660434771867308,0.5333373913241576
0,7,SINGLE,OUT,0.14480688360963756,0.04652976835920132,0.003748813740027026,0.008831083334479886,0.053992238641184416,0.14791977637504122,0.008313685205020472,0.5858577507354081
0,7,SINGLE,OUT,0.1703723720249785,0.03957695179171519,0.001986754267514615,0.011449850058858072,0.10422632775464791,0.18098775895834765,0.005045926336622465,0.48635405880731575
7,7,OUT,OUT,0.15233581827948858,0.02962314996230303,0.0019994772683952266,0.010427783654279515,0.04462973773894633,0.14607890896825595,0.006728953721064391,0.6081761704072669
7,7,OUT,OUT,0.13197102932752733,0.026927767042726418,0.001912085256841686,0.00938447586749391,0.042580534509890154,0.1490611781190541,0.005960213116228794,0.6322027167602375
5,7,SO,OUT,0.15339686077951814,0.03638891096267704,0.0020249652269410555,0.015461305697472397,0.04338213032538507,0.15350295429824723,0.02283058892487434,0.5730122837848847
7,7,OUT,OUT,0.10796349535934324,0.03450562348359501,0.002271583735327276,0.07606485603906148,0.08065710971114604,0.26319824621080995,0.005707487535194536,0.42963159792552236
0,7,SINGLE,OUT,0.2549123977983611,0.03878409307925869,0.0017836098252849754,0.008413596039566935,0.10264303232728524,0.16245604839894773,0.020541085028188074,0.4104661375031074
4,7,BB,OUT,0.3225517153977455,0.02260097033542582,0.0015738680199957756,0.007482960082072107,0.03791335244662068,0.187522111046389,0.003956951797722828,0.41639807087402825
5,7,SO,OUT,0.1431876830327647,0.028880979941612064,0.0017399929025500485,0.01394543253661338,0.03883852388413377,0.13111167062088844,0.011131291668374493,0.6311644254130632
7,7,OUT,OUT,0.14313785105574856,0.02567084675997278,0.0020741474513205696,0.010622888656858842,0.04690644843460727,0.1490207360324503,0.007328702160518313,0.6152383794485234
4,7,BB,OUT,0.17370869952673948,0.030537893093605488,0.0023595277231631723,0.011880181252734783,0.07170270334981779,0.1399314830164163,0.007668027783613478,0.5622114842539095
5,7,SO,OUT,0.16388772685697273,0.032989044105957585,0.0037250833380616383,0.02904296517207345,0.058202856956404564,0.1660211126814523,0.010396447920477917,0.5357347629685998
7,7,OUT,OUT,0.14588442730945683,0.036315149590318736,0.0020498556498048082,0.009221664483757058,0.05996225918855429,0.13293805466994904,0.004522537885142966,0.6091060512230162
1,7,DOUBLE,OUT,0.17379508088937987,0.030787563759622216,0.0020545774858769564,0.009232382752706566,0.08841250717660686,0.1258903354982736,0.004876537971157593,0.5649510144663763
7,7,OUT,OUT,0.08357986391655488,0.02278308069345003,0.0018525158152216772,0.009479943989831518,0.04184236256104756,0.21494663220350496,0.007453028812321449,0.6180625720080679
1,7,DOUBLE,OUT,0.1400060574361764,0.027815005259989343,0.002123483233306539,0.016145589664207566,0.0485987597114844,0.15704632259691834,0.008416341803167358,0.59984844029475
0,7,SINGLE,OUT,0.12572460507660135,0.038402132494545875,0.0020567337623737464,0.010953892898024212,0.03515273231289335,0.13302274336000913,0.012049055805136027,0.6426381042904162
5,7,SO,OUT,0.14922056114124194,0.030605395647808703,0.0020371670347338984,0.009803723834156572,0.0421037164464484,0.1506130270539243,0.007403074776440967,0.6082133340652452
7,7,OUT,OUT,0.1962035540237796,0.023279520880081485,0.0018191752277444506,0.008899928031350425,0.04170500380267969,0.13796344287621168,0.006935679805937029,0.5831936953522158
5,7,SO,OUT,0.08450795023463817,0.024090741478601147,0.0017582327441022162,0.00827034688056548,0.04417248433589144,0.30798164611429,0.004657121257893425,0.5245614769540181
7,7,OUT,OUT,0.21659806911387902,0.03739648745012132,0.0019022517103285098,0.00794603848685383,0.10819226974208232,0.1893203466833688,0.018115275919540735,0.4205292608938255
5,7,SO,OUT,0.15855709092010287,0.030559072011061724,0.0022901294817453785,0.034532406889122846,0.05879509055898765,0.1630126258190164,0.008003796369703742,0.5442497879502595
4,7,BB,OUT,0.15574054677660587,0.02744400522017922,0.003027690160749591,0.008897653009246402,0.05641005503306118,0.22930332171304565,0.017130249470427274,0.5020464786166847
7,7,OUT,OUT,0.1321724221331734,0.022857691979848462,0.0020501558507813526,0.015327722606389262,0.05125185412724599,0.15332156856645623,0.009199251846189329,0.613819332889916
3,7,HR,OUT,0.1275596820415352,0.038430646672682055,0.0018311343747538554,0.008127901947428268,0.033646384289741434,0.11866876625406521,0.011108127437147685,0.6606273569826462
7,7,OUT,OUT,0.1524099632982126,0.04235197647032748,0.001977553878773,0.018251379116583446,0.043372643118252285,0.14465341162659365,0.013296376162970658,0.5836866963282868
7,7,OUT,OUT,0.2530034081231285,0.04047094189406622,0.006327482324857781,0.016646044860670537,0.05008662160012161,0.15851371725945176,0.017928609792940912,0.45702317414476284
3,7,HR,OUT,0.16421501488767343,0.031140422187422693,0.0020117455073795747,0.01499096760299013,0.07919771223911262,0.21366951334867476,0.017847566882243395,0.4769270573445033
0,7,SINGLE,OUT,0.23709918429194154,0.039519201551596404,0.01616250788520899,0.008680667282143386,0.0406275045868259,0.1111927796493634,0.006873597857331279,0.5398445568955892
7,7,OUT,OUT,0.17114385795720774,0.044922870659617364,0.003915393157816093,0.00859036134380436,0.04798683778448679,0.15116147475116734,0.00910004664094692,0.5631791577049534
4,7,BB,OUT,0.1796412594246227,0.04290398369740352,0.002021888609961715,0.01179356699430115,0.11546382542152878,0.1630094489795973,0.0050635626400898645,0.48010246423249503
5,7,SO,OUT,0.12379840606020585,0.04717289630772922,0.0037136947665988153,0.0730055521260863,0.08797284160214262,0.261044475841643,0.004957425931496733,0.39833470736409754
7,7,OUT,OUT,0.16395586093439304,0.02948281912004172,0.003624724838655771,0.03183062724087703,0.06036216415213618,0.1759816253949624,0.00904337273379989,0.5257188055851338
7,7,OUT,OUT,0.16161685626563185,0.029146826679753997,0.002526617571361615,0.009395977279217123,0.06860175370581932,0.13897031074712593,0.005160134203035726,0.5845815235480545
0,7,SINGLE,OUT,0.2910165250768161,0.02170542745783408,0.0015641431534069068,0.007267986709610508,0.033372161556117136,0.12426883555905281,0.006049287243633829,0.5147556332435287
7,7,OUT,OUT,0.1493941170519521,0.02906395597549492,0.0023606422340551416,0.009710845630587108,0.0641813520224915,0.12820938249914104,0.004992002626773405,0.6120877019595048
7,7,OUT,OUT,0.13497513410219245,0.025127853175007854,0.002010564508547248,0.009730524694989697,0.04245427228058732,0.16001303222833477,0.006656909851416731,0.619031709158924
7,7,OUT,OUT,0.18971542040310588,0.0441289193318746,0.015418907472248288,0.015012849742482688,0.05547805268090434,0.1814065387328466,0.01395102849149881,0.4848882831450389
0,7,SINGLE,OUT,0.16130826077133306,0.020489967531543855,0.0030445343424861503,0.011543013277059007,0.05937800156503968,0.17791391975363807,0.004802399618336293,0.561519903140564
4,7,BB,OUT,0.1633928050871095,0.027802002447829755,0.001856432734505907,0.012341186971492462,0.06391507940706202,0.18527385810642505,0.006167757009214397,0.5392508782363609
5,7,SO,OUT,0.14624949476588828,0.040253365325260124,0.001967928535500168,0.031150615105425196,0.05940857445300884,0.14308389697502374,0.006218912852868335,0.5716672119870253
5,7,SO,OUT,0.10197823932457784,0.02384325794511574,0.001895472675105024,0.011673925932633531,0.08077151313936032,0.3720781562741402,0.005056407777642551,0.4027030269314248
7,7,OUT,OUT,0.15020203570433716,0.03524594205009175,0.0029481763380354823,0.009031296100605424,0.09864528905090011,0.16136010550978228,0.005976475492883383,0.5365906797533644
4,7,BB,OUT,0.17841941506858394,0.03833554614365589,0.002287579593994064,0.029573221661335008,0.1166235288387916,0.1310275455191988,0.007748589069199857,0.4959845741052408
4,7,BB,OUT,0.19178385592143168,0.036705763264791635,0.002053818677458936,0.009782245821766957,0.1001751623080678,0.12803328943040154,0.007534074521106333,0.523931790054975
0,7,SINGLE,OUT,0.11203516412876598,0.033130228046965124,0.0018049125913652498,0.012091717252329942,0.07350385178838617,0.298032278314061,0.004899615931954608,0.4645022319461719
0,7,SINGLE,OUT,0.12653131238633636,0.039025162345714105,0.005504157161770901,0.009559744654153286,0.07731329481954388,0.2705903848705903,0.0047851320177447546,0.4666908117441463
7,7,OUT,OUT,0.1533676928659225,0.03967015417689344,0.0022330862204460364,0.01442287308199043,0.08722545791689619,0.14497796348189917,0.005657201140652453,0.5524455711152998
1,7,DOUBLE,OUT,0.09859486532382808,0.06642458306752054,0.0019005436760103904,0.05043711611708766,0.09332150840824988,0.31439812723547317,0.004724009735156914,0.3701992464366735
5,7,SO,OUT,0.13474308622208445,0.028914680100139888,0.0016545173511156798,0.05258250715020603,0.06410909210579871,0.12204121831919844,0.00842115183948678,0.5875337469119701
7,7,OUT,OUT,0.13267496824632857,0.03612190566319653,0.0025007186611366475,0.009641331026403969,0.08825403542078186,0.16618994903829915,0.008689814117892724,0.5559272778259605
7,7,OUT,OUT,0.13399722130276615,0.029989474299473868,0.005111986482571873,0.009602401663767836,0.07338649124232512,0.16597347255085068,0.006197418599078084,0.5757415338591665
0,7,SINGLE,OUT,0.13399350910442648,0.03502453916640158,0.002761887034207224,0.052704571104769976,0.09717398041110163,0.1327369459657162,0.006850099911125893,0.5387544673022511
4,7,BB,OUT,0.12384680187544245,0.020123061484947493,0.0030381140448321278,0.01783251497168845,0.05537090321893665,0.32401008999902886,0.004885724795961934,0.4508927896091619
1,7,DOUBLE,OUT,0.2181353046354137,0.023859237725306973,0.004029275179062609,0.013394258077772347,0.10502439334311328,0.1967227571101745,0.0055989514335295434,0.43323582249562703
5,7,SO,OUT,0.14310013287943724,0.026896317097357722,0.003749357416967955,0.014069628532829526,0.08006540622347541,0.23872858317205015,0.005180510490984451,0.4882100641868976
7,7,OUT,OUT,0.11913453174620756,0.022692252914691242,0.002629909386637816,0.026992069733623975,0.059301322718008545,0.13395441623562923,0.007063397526660096,0.6282320997385417
5,7,SO,OUT,0.14808781260671908,0.02554698451353673,0.0030394582777287763,0.017081872999770337,0.07725388682496209,0.23388623198706907,0.008676842339740249,0.48642691045047354
7,7,OUT,OUT,0.16565756457081496,0.025039698572446346,0.005649759399655596,0.009161754154119307,0.057928237049183484,0.22807991343909345,0.006146346469294526,0.5023367263453923
5,7,SO,OUT,0.1171458257575892,0.02269459572480665,0.0018575844544327304,0.009066615704325431,0.0529938346561908,0.17410359272318696,0.004981981956014872,0.6171559690234534
0,7,SINGLE,OUT,0.14215207893610507,0.02736037082840279,0.0021643889245554953,0.008888394978236371,0.08115526036785421,0.13780015014763375,0.005149630325819689,0.5953297254913926
5,7,SO,OUT,0.20192122228678966,0.03555659443885986,0.0018079489597882894,0.00969831752777438,0.10907987982632995,0.11185644333446905,0.005380802415331212,0.5246987912106575
5,7,SO,OUT,0.10361759342756177,0.025378616059672857,0.0018207461688576187,0.03779280200070889,0.07216797186087284,0.34433114539783544,0.015591450992703914,0.3992996740917867
0,7,SINGLE,OUT,0.13179510842607772,0.04751343310849748,0.0019211386183531746,0.013120952160375945,0.09301456167283366,0.27307891003023055,0.004871490283004688,0.43468440570062683
7,7,OUT,OUT,0.09978300263772874,0.05156728634029256,0.0018152208164997205,0.012777426062712443,0.05108313273733937,0.23767608795121511,0.004915852427708662,0.5403819910265034
7,7,OUT,OUT,0.14897674420808854,0.0413959276954464,0.002097062172783281,0.01619170536496853,0.04576423924301292,0.1589700406476158,0.0052090783505022425,0.5813952023175823
5,7,SO,OUT,0.147637553949232,0.036347996076387265,0.002071004307663891,0.012987364739131577,0.07856552333523296,0.2814865383083665,0.009357616964281628,0.4315464023197042
7,7,OUT,OUT,0.23855684095105636,0.03936873711972394,0.006647875541678641,0.010091755484096441,0.044489574605719805,0.11405624516242899,0.006828225104471954,0.5399607460308238
7,7,OUT,OUT,0.14357042499066713,0.040713371100693334,0.0027393128676861606,0.015845507152471416,0.08158985457960152,0.19614438308430246,0.007636119655316334,0.5117610265692616
5,7,SO,OUT,0.1331855901825529,0.04805931297249626,0.002788329552461385,0.010126520145596183,0.049341592000036016,0.221828579366966,0.005867226035674422,0.5288028497442169
1,7,DOUBLE,OUT,0.15343101472274565,0.028116145758663624,0.002138236859839593,0.010725824456119078,0.10982672567259699,0.2589436927596057,0.005112961006197097,0.43170539876423214
7,7,OUT,OUT,0.10539623287309047,0.027009087822094865,0.0021828273775306804,0.010010054226601254,0.047055232712165045,0.1925901771787725,0.004689963683125651,0.6110664241266195
7,7,OUT,OUT,0.1753428903017745,0.02882172230432778,0.0019464358489860608,0.01877630952174838,0.05426960144840532,0.18056202456472822,0.00488756201398571,0.5353934539960441
5,7,SO,OUT,0.11600735784688998,0.04832056640557976,0.001828839817056363,0.03359211757675102,0.05685699966693432,0.34819719813736405,0.004794528755144372,0.39040239179428016
0,7,SINGLE,OUT,0.12796527197419102,0.03220999964374272,0.002578401600288273,0.01146940979396295,0.06056080432178458,0.24129018605711808,0.004841379490389558,0.5190845471185228
4,7,BB,OUT,0.10812522414389039,0.03938376836014605,0.001960957590289806,0.022950854995838526,0.08107095750068824,0.25318472033343825,0.004874310262940313,0.48844920681276854
0,7,SINGLE,OUT,0.13393370947002883,0.032116377201815434,0.0019829526674954735,0.016657879689080373,0.06616728747458894,0.19353921827896145,0.006010777106106439,0.549591798111923
5,7,SO,OUT,0.10747413144878026,0.022267205732955143,0.001900111635555938,0.020630326385981796,0.06313494492319831,0.37629492163021333,0.005584755361981679,0.4027136028813337
4,7,BB,OUT,0.13549662556850056,0.028823722784711504,0.0018260957405684915,0.015617745852914106,0.05864983330259791,0.25394481577588074,0.004402485568350902,0.5012386754064757
4,7,BB,OUT,0.12100841032830965,0.03598836739651587,0.004206689955107894,0.017180075073710187,0.06211615688408926,0.2542073521831743,0.010331363703537391,0.4949615844755553
0,7,SINGLE,OUT,0.14923330640988092,0.04934883924137334,0.0025990745821258296,0.02034335632056227,0.11122339695608285,0.20432825253832063,0.00524202532463615,0.45768174862701794
0,7,SINGLE,OUT,0.18548532826336653,0.0354901865431371,0.0019758878204523688,0.013155839151832743,0.07920605106548677,0.19975466471813094,0.00479586751755298,0.4801361749200405
0,7,SINGLE,OUT,0.13113983126282078,0.03525347084531155,0.0022834806623726425,0.020938745909585076,0.08196782169425712,0.3295710187477058,0.005488870416106462,0.39335676046184054
7,7,OUT,OUT,0.14208589788233503,0.05310887994872907,0.004862452849869342,0.012967075466271981,0.0694906981568712,0.19291884473008244,0.009004601978366328,0.5155615489874746
0,7,SINGLE,OUT,0.17955253163082496,0.02662944372344046,0.002131747495186086,0.010593712352776199,0.13816481414076848,0.23238163890026212,0.0053094099158409415,0.40523670184090066
7,7,OUT,OUT,0.14457174317828983,0.06016424348042828,0.002258911797379098,0.015662815944864603,0.05005070818787898,0.1715703863802802,0.0054157306516137505,0.5503054603792653
7,7,OUT,OUT,0.11875259425189756,0.03857255412004679,0.0021333603781420146,0.03251843027551338,0.07237445871238823,0.22378198050458548,0.005072945747047504,0.5067936760103791
7,7,OUT,OUT,0.2135549366231638,0.03069333884767445,0.0026935399405523305,0.011001137370567028,0.1037528403365981,0.1460719235697344,0.008784225735542304,0.48344805757616754
3,7,HR,OUT,0.1625586084729847,0.041016599030569895,0.0031096506255223802,0.01561519751193832,0.08920671262496907,0.1969530867198008,0.012506188597402509,0.4790339564168124
7,7,OUT,OUT,0.14934849388956956,0.02564384166814455,0.0036262575467490223,0.009748455452182374,0.04514334204123231,0.2542315145226929,0.004549979904796533,0.5077081149746328
7,7,OUT,OUT,0.09561626878540909,0.02894238503528911,0.0016261002888218496,0.007870700741208665,0.042115021272728335,0.2261129596386387,0.004254484180327644,0.5934620800575765
7,7,OUT,OUT,0.16887828893317913,0.04397820919145904,0.002891031613063801,0.020602120726485047,0.04463219060288999,0.2281061524707878,0.005781835233036871,0.48513017122909835
1,7,DOUBLE,OUT,0.1859140953001886,0.039833756006036954,0.0021579684819009013,0.024465803271555092,0.10064904895590354,0.12758971745792533,0.005999784600704697,0.5133898259257849
7,7,OUT,OUT,0.20302226284274227,0.030255499730465624,0.0023224037331666275,0.040930143346246915,0.08055170133528775,0.2189919043892391,0.005276365362731364,0.4186497192601203
7,7,OUT,OUT,0.14750480271524605,0.02655526232050109,0.00230181727899348,0.01760582739713499,0.09842684352003053,0.16011915000769308,0.005944058713239406,0.5415422380471614
7,7,OUT,OUT,0.14884030023764047,0.03019494235811175,0.005105870917687232,0.011697846709060149,0.05912654253441061,0.19341980986349033,0.008503402266631955,0.5431112851129675
5,7,SO,OUT,0.18007319352872359,0.040851283540820606,0.0021771294380051385,0.012846002156449095,0.05316399214782417,0.2780806332225919,0.005221970219168351,0.4275857957464171
7,7,OUT,OUT,0.15640355051439783,0.039426959079421925,0.0060178127879955785,0.011236302481451887,0.04281307264306467,0.22315151003092962,0.01567497831703838,0.5052758141457001
7,7,OUT,OUT,0.1960273019773178,0.03337593201345197,0.0021635982357406337,0.011354670039583703,0.03722155857589693,0.21872217050678328,0.02533779473834168,0.47579697391288395
7,7,OUT,OUT,0.18263917780000324,0.023801357859947945,0.002319921874013043,0.012698605890126275,0.05360580815185666,0.1532329328792024,0.008352480926960157,0.5633497146178903
2,7,TRIPLE,OUT,0.16068515982845977,0.03972419076710225,0.0022496618130552043,0.0456764550866572,0.06414094709850998,0.17732014120235295,0.00607333284771433,0.5041301113561484
0,7,SINGLE,OUT,0.19152638489130724,0.042125494343422776,0.0020438240908948,0.033299944907265185,0.09368700043002072,0.13627810554066636,0.007818790226625925,0.49322045556979693
5,7,SO,OUT,0.13994334553368365,0.04716746106005047,0.0022964447198793258,0.026993575105858123,0.05914233019322319,0.16395420131980465,0.0091075236192036,0.551395118448297
5,7,SO,OUT,0.16933460252909974,0.05658384852447351,0.002033226980889446,0.039032145778527004,0.06410441124942211,0.15520505669919027,0.005360646708583679,0.5083460615298141
3,7,HR,OUT,0.1320192720664184,0.02683213235655053,0.0032891138332692537,0.011780666040757235,0.054163785581655736,0.3416168026057307,0.004535819366433378,0.4257624081491847
7,7,OUT,OUT,0.21281556034292065,0.05086656577327231,0.0040302077175859066,0.01023569707179217,0.048129020878425834,0.15148824603788363,0.005348326772713375,0.5170863754054061
4,7,BB,OUT,0.18798564977523524,0.023156195868080015,0.0024052779277978207,0.014490453973070534,0.1437397570395502,0.16706550949695342,0.005105973156201103,0.45605118276311146
7,7,OUT,OUT,0.17259499793766875,0.04009882175710578,0.002635533558954072,0.01067089712499369,0.09108579414668738,0.18425255440118896,0.005895728018433949,0.49276567305496743
0,7,SINGLE,OUT,0.18729322979738555,0.028941600668587385,0.002345573144911996,0.047629301504627006,0.08219388459765653,0.23874753822412148,0.0052363332278304656,0.4076125388348795
7,7,OUT,OUT,0.15472893506662969,0.03424114620344538,0.002679063948759953,0.014165366267782475,0.06988352559809163,0.256541282444744,0.006103703841431849,0.46165697662911503
7,7,OUT,OUT,0.13860175103116393,0.03472610180525752,0.0026069671161638,0.018529201453939062,0.10288365955289061,0.19699257295883915,0.0055831293126184,0.5000766167691276
5,7,SO,OUT,0.14605039099244538,0.028050177021157627,0.002187192310683288,0.011834487362434313,0.06160738575110807,0.29819909409298934,0.0054806212622847215,0.4465906512068973
7,7,OUT,OUT,0.08642731676763249,0.02808289964170012,0.0019927359138212503,0.013471480343561678,0.05099589529298376,0.33286310071913333,0.004697067369950229,0.4814695039512172
4,7,BB,OUT,0.177473753784664,0.02609037607206416,0.002741135055128335,0.008255662605265229,0.047262025124372664,0.15908480939331587,0.004136152151900585,0.5749560858132892
7,7,OUT,OUT,0.18252716578999767,0.02482766960332607,0.0019626220880775763,0.01380932256389481,0.039326230758287714,0.20875766673360938,0.008235776710018393,0.5205535457527883
5,7,SO,OUT,0.14683025393859309,0.030395012743987686,0.0020077674688579253,0.01133903978226683,0.1493288327660113,0.23604723458092436,0.007405413864924073,0.4166464448544348
0,7,SINGLE,OUT,0.13256702888919264,0.025447006795117633,0.004700857938082546,0.020886968252966716,0.06661283047908556,0.16420724620432797,0.008179629395215035,0.5773984320460119
5,7,SO,OUT,0.13569334582992743,0.0414904360987051,0.0020841287419468154,0.015757234513877033,0.050160501349949725,0.2923014111861638,0.015198763072407341,0.4473141792070228
7,7,OUT,OUT,0.19063590466280578,0.022306631598764965,0.0021041957254222783,0.011049884755803402,0.07077583219101864,0.16882050703817142,0.005496543706844382,0.528810500321169
7,7,OUT,OUT,0.12305874922755942,0.02773849648639248,0.0022918374487681634,0.038023719295649905,0.05457175288916598,0.15350503289718964,0.00585988857656712,0.5949505231787072
7,7,OUT,OUT,0.17885494505789243,0.03547650712728759,0.00209340285931188,0.03006169082662391,0.09511306457699047,0.1607118059706273,0.00583890287942128,0.49184968070184526
7,7,OUT,OUT,0.14020317013583672,0.038169193914185634,0.0021208561056073223,0.010459779273121814,0.054488893290250924,0.26433195771931045,0.011108415526032419,0.47911773403565483
0,7,SINGLE,OUT,0.1682845840513204,0.03664509481287387,0.017414156010195296,0.011135956927628874,0.04543302899964357,0.22020996548277028,0.026465788616406388,0.47441142509916134
5,7,SO,OUT,0.1577663051451888,0.03433421806221275,0.0021251156528827894,0.010027992078790167,0.07968646148898575,0.273340289827669,0.006526619925826162,0.4361929978184447
7,7,OUT,OUT,0.12261938471059906,0.025401753747139384,0.002941118122947756,0.05023251943440182,0.06368108739202269,0.16336674699399553,0.006066224897780526,0.5656911647011131
7,7,OUT,OUT,0.14117217479576982,0.041583464841595155,0.0021944748846764598,0.03421276983479092,0.06688221111670677,0.1687337882632802,0.008794287610622219,0.5364268286525585
4,7,BB,OUT,0.22710427814440828,0.03083324707667405,0.0023299809217075082,0.04309734888751474,0.06985439533791434,0.21920812806041087,0.005708992907471123,0.40186362866389913
0,7,SINGLE,OUT,0.16537059587664552,0.033499340202204346,0.002063131001494922,0.030780964079602686,0.062122672643622874,0.12773763019699316,0.004576335717186365,0.57384933028225
7,7,OUT,OUT,0.08163828792929458,0.019946954252174968,0.002412362159798184,0.009334495363118261,0.04936422603800025,0.3460739699699959,0.005541314551330738,0.4856883897362872
7,7,OUT,OUT,0.12005030460986225,0.023422240759397164,0.0020673416418017145,0.029999881197255274,0.058616659609017414,0.21176688462668755,0.010897273716039149,0.5431794138399395
0,7,SINGLE,OUT,0.1316552363957277,0.023279132319890553,0.0022399108924472185,0.028219743477600367,0.045012683103121474,0.3058093600630235,0.0044697811849928,0.45931415256319635
0,7,SINGLE,OUT,0.18489316568343686,0.024395498763864994,0.004693489651765602,0.009439699436620055,0.037223230640734864,0.1981714782175411,0.0048789988912932335,0.5363044387147432
7,7,OUT,OUT,0.17626123694960283,0.040904621693349914,0.003416219517577521,0.010274591713412874,0.054821377172362594,0.24569313262334028,0.009552011712996116,0.4590768086173578
4,7,BB,OUT,0.1469000204812453,0.027047768865214324,0.002259833723750881,0.030650444225367047,0.0467137377518466,0.29629805076581683,0.007062659072664622,0.44306748511409444
7,7,OUT,OUT,0.14260834300352856,0.02673045710067735,0.0037916272924670784,0.01759089231043406,0.06585298152606701,0.1660736902646776,0.006344208786083011,0.5710077997160653
7,7,OUT,OUT,0.15612255773786096,0.03368214712676445,0.006229410988545693,0.01760169368863619,0.06532095867231968,0.18136703161551435,0.00695326996487056,0.5327229302054882
0,7,SINGLE,OUT,0.15503696873224473,0.026168886434271357,0.002116749413857885,0.011721825904620412,0.05523079389280898,0.15701840841506928,0.005340058860793867,0.5873663083463335
2,7,TRIPLE,OUT,0.12496494161492853,0.041975146368395645,0.002318820948900237,0.04505029092146955,0.0749853702053606,0.17687979549628122,0.00571620950241392,0.5281094249422503
5,7,SO,OUT,0.1835346064442495,0.03985887046636305,0.00209170658418478,0.031654269734976315,0.06009028070691662,0.16299175759989082,0.006961934053585923,0.512816574409833
7,7,OUT,OUT,0.14998043885835996,0.04745773865617037,0.002166698230716413,0.018026555350944717,0.05036124198275572,0.2837184589780043,0.006046090193649766,0.44224277774939885
7,7,OUT,OUT,0.21031793527498782,0.028612872915666658,0.0024104768896558494,0.01051839842290612,0.039198056686071424,0.2243352983785592,0.030103200104844855,0.45450376132730796
5,7,SO,OUT,0.1618707996116998,0.05300817961017532,0.008881004553292148,0.010801524694228737,0.05089048817455489,0.2404257151659615,0.032377295717200424,0.4417449924728871
7,7,OUT,OUT,0.14578638882485728,0.027558047733121063,0.0021128523180148264,0.019882630337847783,0.08867912376557346,0.16168845039525792,0.005893744272661487,0.5483987623526662
7,7,OUT,OUT,0.14803932607071663,0.03099862978892827,0.0023191014544911913,0.04952179902056665,0.08234922730887,0.2503279065594257,0.005459698579215352,0.4309843112177862
5,7,SO,OUT,0.18782830539364193,0.03347425327431342,0.0019469663738087184,0.027109309385154396,0.06333851568565918,0.136329525969617,0.004801431120542835,0.5451716927972625
5,7,SO,OUT,0.08657464384605179,0.023101251640585956,0.0021307733203350995,0.009790308927277204,0.04282316887909386,0.3579462843640768,0.0052784062440514,0.4723551627785277
1,7,DOUBLE,OUT,0.1156328835906206,0.028975976697448533,0.0019758769504976867,0.023203037498959703,0.06992687733331875,0.2338202266165842,0.008951643829359281,0.5175134774832112
0,7,SINGLE,OUT,0.12392468916987949,0.024931325038847443,0.0018457040840213956,0.03386104797972499,0.04404167696984492,0.3404686814920424,0.00441171100438356,0.42651516426125585
0,7,SINGLE,OUT,0.20205845100409425,0.024690163694054437,0.005018132068246898,0.00979460550933942,0.03793885978231554,0.22318245262382552,0.0048465099287307405,0.49247082538939313
5,7,SO,OUT,0.14051188032047238,0.034657116179749724,0.002063152720224435,0.028759764405648525,0.04816795817466212,0.27956381399086927,0.005497055076536642,0.46077925913183687
7,7,OUT,OUT,0.148381862743855,0.041965048530056524,0.003379246505410833,0.01353405267452353,0.04367236243105967,0.19648206711441757,0.01669564894534736,0.5358897110553296
7,7,OUT,OUT,0.13761891002768328,0.034688289652021954,0.0025640984249647183,0.014866643907731937,0.07515603369710266,0.2768191302143044,0.009465126468406415,0.4488217676077846
4,7,BB,OUT,0.1986658017255696,0.04653536197772549,0.0021224501241861194,0.01077837797279542,0.08065066020270985,0.1871250825490859,0.011403408811239484,0.4627188566366881
7,7,OUT,OUT,0.1989929479880824,0.024079123071728773,0.001971139807407769,0.010536441853423822,0.046374017657007625,0.18239353078761472,0.004743363553811042,0.5309094352809238
7,7,OUT,OUT,0.09674646926681817,0.025967378304014386,0.0018606766181909421,0.00978748449689251,0.046112824355562375,0.3407533743015422,0.00468976377961793,0.4740820288773615
1,7,DOUBLE,OUT,0.21538733779838043,0.022999173955171183,0.002699138127576459,0.008737967756101767,0.050087288936683294,0.157429353381011,0.005381470629680517,0.5372782694153954
5,7,SO,OUT,0.18395446121403328,0.025122396867744028,0.003935496072373351,0.014145283828501724,0.07190326483083384,0.21319780386710704,0.006562630714240273,0.48117866260516645
0,7,SINGLE,OUT,0.17241314913634756,0.029344207046241032,0.002573266868966255,0.009148005846733141,0.06988945524882231,0.20978275749936656,0.004817801956196098,0.5020313563973271
5,7,SO,OUT,0.14945432570101663,0.027637082871471878,0.0019596677301548663,0.0664395426689456,0.04477709160944866,0.27114734750936087,0.0047185019403967,0.43386643996920476
5,7,SO,OUT,0.16492881136716758,0.0357483115041548,0.0018626855632067195,0.015508825310687315,0.07806588388767587,0.1370189240235692,0.004649675980336536,0.5622168823632019
7,7,OUT,OUT,0.1446478474504525,0.02487059109324676,0.0019162262228224899,0.021066755034076214,0.048998154188138576,0.17329611837345202,0.005903911132460156,0.5793003965053514
4,7,BB,OUT,0.21059653733262265,0.027555732794808073,0.0025781175124997913,0.02947167636645978,0.04232067654150884,0.1436874570796521,0.005013519632372632,0.538776282740076
3,7,HR,OUT,0.19982798310975186,0.04390375037544232,0.0018393274128029784,0.031444381737519456,0.07124363590892528,0.11722142785981689,0.04492066516359061,0.4895988284321506
5,7,SO,OUT,0.1564578272908963,0.0292172449891114,0.0024604336080512506,0.009224961887789299,0.042469330890145256,0.29464660102339496,0.0046822763455816,0.46084132396503
7,7,OUT,OUT,0.13645673529461114,0.046819992877200456,0.002071445660591935,0.018522841861827493,0.05199081092828992,0.25424990014373144,0.022232614344954053,0.46765565888879357
7,7,OUT,OUT,0.17492600621483234,0.027581941732063235,0.0020353775639740993,0.00991194805507792,0.06143319414063633,0.2516464247143038,0.008520666570898358,0.4639444410082141
7,7,OUT,OUT,0.21507930390136187,0.028581466381274585,0.0020095234361106207,0.02656846735140801,0.06356565757661241,0.12633471562541268,0.009219279143721195,0.5286415865840988
7,7,OUT,OUT,0.17518084896902694,0.020694336525734255,0.0018822318651745657,0.010188485908286334,0.06108174897147518,0.12740590247698905,0.007002822022659791,0.5965636232606539
5,7,SO,OUT,0.1982389059183363,0.02636674681653756,0.002000114560805579,0.010705425404049508,0.045976673102478466,0.18849250595082348,0.004742864639613437,0.5234767636073556
5,7,SO,OUT,0.16634317069243046,0.022590696676923958,0.0021568234166426956,0.013760392082244211,0.07465426518332954,0.2469016202000421,0.006428928026067361,0.46716410372231965
7,7,OUT,OUT,0.1710791202751805,0.032988506445974265,0.003085332432252016,0.009561485212651044,0.07656376277444661,0.197442831782601,0.004819151507188931,0.5044598095697056
5,7,SO,OUT,0.16225734512373502,0.027887788577464805,0.001982612806336423,0.048803614504254175,0.04586995876225536,0.26249276251509907,0.005033296133838104,0.4456726215770169
5,5,SO,SO,0.10543971557861231,0.04412459482351406,0.0022936390117365294,0.015383917537597262,0.07670944565671259,0.4147890567390874,0.004751260210586412,0.3365083704421534
0,7,SINGLE,OUT,0.1462771953091569,0.028540888879879493,0.002504003854207653,0.010765498866489647,0.06165856222034156,0.25659097140899556,0.00538655876163523,0.48827632069929405
5,7,SO,OUT,0.1409820586849663,0.027468564452410655,0.0026151583246513898,0.00980856975578974,0.07026208817052532,0.307039503761521,0.004833443979053406,0.4369906128710821
1,7,DOUBLE,OUT,0.32071053224897716,0.04049997710063059,0.005072066966276383,0.029097422968538598,0.0481709066679764,0.1447264447326058,0.004820612429644003,0.40690203688535115
7,7,OUT,OUT,0.1636102172645136,0.036664821109786194,0.002203323392812348,0.01048664198909133,0.07045965351389562,0.17413119189280005,0.005387052425388142,0.5370570984117127
0,7,SINGLE,OUT,0.13086021224963457,0.024503552919083793,0.001922310713514388,0.00914917179665099,0.06991202192178286,0.2884619547706753,0.004641142983965835,0.47054963264469224
7,7,OUT,OUT,0.15637109907428104,0.037517037118748445,0.0022038518381300837,0.010146968227522372,0.045458304829261005,0.19263731205218537,0.005439469964568086,0.5502259568953036
7,7,OUT,OUT,0.16424695322540295,0.024558784852280552,0.0022822081036506557,0.010444391984203376,0.03796381210773917,0.22952937206776095,0.03588420770096388,0.49509026995799843
5,7,SO,OUT,0.15758448220239124,0.02448640369542802,0.00209683923955541,0.04682511161086604,0.09625237605843809,0.14814538163149574,0.004941730837123324,0.5196676747247021
4,7,BB,OUT,0.19100583813303726,0.05310051778585153,0.002309599006011596,0.01550990136440685,0.10442340580670098,0.14459483479269059,0.018622393733251474,0.47043350937804973
7,7,OUT,OUT,0.12686933977335255,0.027779121809203482,0.002135077325024921,0.011903965251060782,0.05188227083578323,0.2489766338088591,0.007067327289602386,0.5233862639071136
5,7,SO,OUT,0.15483361076809526,0.035801331955242564,0.002082460826989078,0.018046306075204695,0.05038223757310835,0.28149982420287556,0.013957019196569897,0.4433972094019146
1,7,DOUBLE,OUT,0.33437129416219497,0.02155269629799644,0.0016656043937852763,0.007883235664797456,0.043223663213273804,0.17338747892836093,0.003941259840953594,0.4139747674986374
5,7,SO,OUT,0.18409618353135448,0.02489192704485196,0.002639356420372005,0.008903839023164118,0.05208653809768516,0.16611418352859808,0.00437289695584555,0.5568950753981285
0,7,SINGLE,OUT,0.13853762978594392,0.02499970604061285,0.003961943913066878,0.011917019037101186,0.04933191686261427,0.34083991535715324,0.004563105172593437,0.4258487638309143
7,7,OUT,OUT,0.21779456873723077,0.03340971602145821,0.0034385435037351517,0.009557684980710107,0.04525629993439562,0.15395423887372311,0.004868276001446253,0.5317206719473008
4,7,BB,OUT,0.14722305151239076,0.021771897277646505,0.002086006960331922,0.013220034852177423,0.08149279950661613,0.23755087787153797,0.006336465690740673,0.49031886632855876
0,7,SINGLE,OUT,0.17043543421619817,0.025086381121748456,0.002676123456462978,0.009467018582641974,0.07988844365346555,0.2132721753349682,0.004978037400576539,0.4941963862339381
5,7,SO,OUT,0.15951875654222408,0.027001414133182786,0.0019801732988942848,0.04916795177398915,0.04274277692816934,0.26885331901606946,0.004766224448603632,0.44596938385886736
4,7,BB,OUT,0.08671516047752223,0.021090631716525882,0.0019008320603479303,0.00910723761248724,0.07266080983793319,0.36541170163937364,0.009878258216751243,0.4332353684390586
5,7,SO,OUT,0.13785403830445564,0.020638892737610045,0.0020034670363307107,0.009368072277784746,0.11483725631036967,0.15421868640212688,0.011026924617073594,0.5500526623142488
5,7,SO,OUT,0.12770855618717275,0.0218469461302491,0.0019097863629457873,0.009034253133582098,0.0965735482520924,0.28871684192874164,0.009529298484419161,0.4446807695207971
5,7,SO,OUT,0.15191770596175638,0.02469343381287172,0.001984255566063706,0.01621087909788085,0.0400425065289953,0.191342276567342,0.014156353182400591,0.5596525892826894
0,7,SINGLE,OUT,0.14336944381902175,0.04000753384595681,0.00208631215524358,0.02056428505325945,0.05026498958887236,0.29690205590870866,0.014215438739994205,0.43258994088894315
0,7,SINGLE,OUT,0.22500732813385932,0.03291064426989212,0.005563775360479002,0.010410031436389905,0.04492822511896497,0.16686941025336427,0.00527414245795118,0.5090364429690992
7,7,OUT,OUT,0.14508739525249692,0.02170051050938966,0.0020637636873976862,0.014974429944839667,0.07971710096446856,0.2165590419457104,0.006286694967268595,0.5136110627284285
7,7,OUT,OUT,0.14687999498838392,0.02826655992102623,0.0025648544681946914,0.009432696140674539,0.07959570462334331,0.20648559379734613,0.004797324491710371,0.5219772715693208
7,7,OUT,OUT,0.1757174679201717,0.024681378938384027,0.001970657811711774,0.03219114719572731,0.11457151318281507,0.1477847487882368,0.005870473344930949,0.4972126128180223
7,7,OUT,OUT,0.18009960062345567,0.032756745275055725,0.0017539174928694597,0.012911000643084019,0.07923688269216955,0.11661723623671931,0.005668761346816467,0.5709558556898298
7,7,OUT,OUT,0.15196135045510525,0.02834406990868745,0.0019257066712579096,0.01736225558367263,0.0524479734276053,0.16904789350613816,0.006012037575022108,0.5728987128725112
1,7,DOUBLE,OUT,0.18397069320380316,0.031662143757906096,0.002749951638626694,0.02494448367359293,0.04293475820721952,0.15471293247028267,0.005533905366518095,0.5534911316820508
5,7,SO,OUT,0.09120239368685672,0.025966216139191513,0.002874615412118768,0.010122040146765857,0.04906460505410756,0.3007504940166074,0.00499720898516176,0.5150224265591904
0,7,SINGLE,OUT,0.154234959043658,0.022414116045581318,0.002923140702133603,0.01025876991563103,0.04820183410095106,0.14975354036107866,0.004750269007059582,0.6074633708239069
0,7,SINGLE,OUT,0.13984946373307536,0.025418925317733813,0.0047905398702821796,0.01220697523116641,0.053726787351992565,0.35107136030793024,0.0047916911507778544,0.40814425703704155
5,7,SO,OUT,0.14862850147058146,0.02680454098730427,0.00194451582028879,0.05771142468219801,0.04373826605911621,0.2747199334114999,0.004680397846255257,0.44177241972275605
7,7,OUT,OUT,0.2101338558124211,0.03229094640019256,0.0018799686751690176,0.03780669158368052,0.07852258585456612,0.15576789394379453,0.017234222359630003,0.46636383537054615
7,7,OUT,OUT,0.22408266299460455,0.02838900006213018,0.0019625826131361903,0.021409453006283895,0.06097283557819188,0.11599278285268397,0.005381719249201913,0.5418089636437674
5,7,SO,OUT,0.18204949096501377,0.02218070187404008,0.0020156246271601876,0.012106669452905418,0.057702284122994586,0.13508370475992892,0.005214265721155982,0.583647258476801
5,7,SO,OUT,0.15471063437985919,0.03362087203810223,0.0029168926140983494,0.008995777103530106,0.043453844861995036,0.24429662147803133,0.004668433887273672,0.5073369236371101
5,7,SO,OUT,0.1748128402884029,0.0277926325719172,0.002208501463833455,0.010705102843773837,0.07578136745470514,0.26896118255623264,0.008533895253489642,0.43120447756764524
7,7,OUT,OUT,0.14261250841124293,0.04232200464899417,0.0021862681162851567,0.013557055849537437,0.04864109992466149,0.28605673866955494,0.005074255694227862,0.45955006868549614
4,7,BB,OUT,0.18000109054352964,0.028190801835920376,0.0046409333268127104,0.008438388226009647,0.05808734500311269,0.1674986511763249,0.004206880202845306,0.5489359096854447
0,7,SINGLE,OUT,0.13882282643091098,0.04288172884648745,0.0021105567053081153,0.06566577720760061,0.07570243871598402,0.1794330965925584,0.005583794767728492,0.4897997807334219
7,7,OUT,OUT,0.12484387952953324,0.039766137988091574,0.0027257016831778694,0.01205411759833199,0.07651651296512711,0.2243274355391545,0.00538175867122527,0.5143844560253585
7,7,OUT,OUT,0.17775228841680782,0.025532310686801812,0.0020492353788447563,0.010963755167710816,0.07619588884687487,0.18657447505956465,0.004932705230121697,0.5159993412132735
5,7,SO,OUT,0.21241680341092734,0.02684659572991631,0.001987825572737864,0.010080739193034734,0.07360869571089311,0.24653934295588645,0.004853650069594023,0.42366634735701025
7,7,OUT,OUT,0.188173979918746,0.0321284729765724,0.00289954668052616,0.020277860678374997,0.04776673375667177,0.17798146334027895,0.007353905803480014,0.5234180368453498
1,7,DOUBLE,OUT,0.19141662189919129,0.03441252897205577,0.004263263243192621,0.034999010244710235,0.050359072528636806,0.13633940366349898,0.0048551894936516805,0.5433549099550626
5,7,SO,OUT,0.16137205430606422,0.03280252940174613,0.005126321721574639,0.01567941157205235,0.08071368190445778,0.14022674489895026,0.005194724060289295,0.5588845321348652
0,7,SINGLE,OUT,0.18446600917015343,0.0364863919857216,0.00230194221376548,0.009888852694543248,0.06172706333928693,0.25798854792205517,0.019670903796202257,0.4274702888782721
7,7,OUT,OUT,0.14062017694958864,0.036013010050441614,0.0021441903962506463,0.01152495950916724,0.08092365996938333,0.2117091251671701,0.0100835785482003,0.5069812994097981
0,7,SINGLE,OUT,0.1539542334998176,0.028948411706115527,0.002021947232326452,0.02274441328716665,0.07363307687277494,0.28928234721177015,0.007512941523068315,0.4219026286669604
4,7,BB,OUT,0.21514089489161803,0.030837455996018222,0.002491427131491495,0.010253513687988776,0.06566500984175482,0.1990405141424817,0.005675256689599672,0.4708959276190472
5,7,SO,OUT,0.17033565859733654,0.03189418067987926,0.0023024804223362055,0.008959679109308994,0.03665222142536719,0.18848581348669508,0.007480301198255006,0.5538896650808218
7,7,OUT,OUT,0.2396098559078332,0.021447860160005505,0.0023578684550170587,0.010140412125225748,0.038909244304763044,0.18074211449766708,0.006982419861355991,0.4998102246881324
5,7,SO,OUT,0.11429753940715168,0.03031432348530216,0.023697810231207723,0.014245413634244366,0.07325514000956458,0.2651713039414605,0.005272981250213342,0.4737454880408558
4,7,BB,OUT,0.17813113794170743,0.022697100906076625,0.002229892397506177,0.011326862981700025,0.08412804818124815,0.2753181661004141,0.005001069326215168,0.4211677221651324
0,7,SINGLE,OUT,0.16009254786405577,0.035936944212128015,0.00205067448235242,0.0313727233449209,0.08161441509618488,0.1270379158981471,0.019651550124044598,0.5422432289781663
0,7,SINGLE,OUT,0.16364463524038794,0.02511663607699762,0.004288005697330772,0.011646138646096524,0.06620133401657526,0.11298987738937752,0.00433147877173749,0.6117818941614968
7,7,OUT,OUT,0.17265056079539592,0.026222515685666505,0.0020384829712699754,0.010721469172934735,0.09551678338631299,0.2838023029664228,0.0048125898458320155,0.4042352951761652
7,7,OUT,OUT,0.20385007821942996,0.02441612784209545,0.0022099294416999533,0.012903779084983271,0.07933301771776674,0.2503793939808729,0.004565817666067513,0.4223418560470841
7,7,OUT,OUT,0.29719510050977865,0.0256743327128828,0.0018854159603064892,0.008973572486341274,0.04309734141236409,0.2319875669272657,0.006930830131390754,0.3842558398596702
5,7,SO,OUT,0.13323407574525697,0.04277626980753898,0.0027820456834449295,0.011402946989969716,0.05431461799250264,0.25107312511669766,0.006680076965128913,0.4977368416994602
7,7,OUT,OUT,0.20519904412449097,0.03045946527603905,0.001929475281619328,0.0121335322771289,0.09364472864079562,0.18952880328459176,0.013686998311301707,0.45341795280403263
7,7,OUT,OUT,0.14084881527675697,0.03664148250556721,0.0022088157569584194,0.011261512119470653,0.08079373069027056,0.21631905543738536,0.010631574218384916,0.5012950139952059
0,7,SINGLE,OUT,0.13422932532667578,0.029884637853040578,0.0019527413027380057,0.02105402139541557,0.07038288744945752,0.30020075308913247,0.006474142789146474,0.43582149079439353
0,7,SINGLE,OUT,0.20182629053535836,0.031159525808395847,0.0026672075469581077,0.010269510469409214,0.07510787876291915,0.19794651298151597,0.007104708509493373,0.47391836538595
4,0,BB,SINGLE,0.37305823805351834,0.019985730036512727,0.011658033979930605,0.011026567520553613,0.07751056004621114,0.15407018181741844,0.004538025734724049,0.3481526628111311
5,7,SO,OUT,0.1612754774553445,0.021957157541463428,0.002525634362524863,0.010910356685937806,0.07649938280719033,0.2667438616342008,0.00505308060410392,0.4550350489092343
4,7,BB,OUT,0.15769192434868337,0.03408955968738275,0.002525855477069102,0.0242358348751342,0.13756472726104335,0.11563324379658746,0.007214399782418061,0.5210444547716817
5,7,SO,OUT,0.11155815772846008,0.03921959532712303,0.0031462030391040696,0.009219194427847882,0.07694184523279635,0.27369403939840486,0.004689851577723421,0.48153111326854026
0,7,SINGLE,OUT,0.16923939855532422,0.020691551447901208,0.003124008770975433,0.028951003932640093,0.11428389868106252,0.11051146733130321,0.005399027091217072,0.5477996441895762
4,7,BB,OUT,0.18093433138824616,0.027393771539306826,0.0024839944654188252,0.011094385045040862,0.09509766903883202,0.1619303631396935,0.005868849470459463,0.5151966359130024
6,7,HBP,OUT,0.1541672898614947,0.042742888033892305,0.0018664154278828647,0.012254272517429252,0.08021330072066317,0.13054077934773695,0.013888266939991987,0.5643267871509088
7,7,OUT,OUT,0.17856708762990597,0.038334474904835214,0.005903565836855355,0.014539572707333881,0.07143236617331049,0.18400123403463312,0.014310364939536161,0.4929113337735898
0,7,SINGLE,OUT,0.18366983204336693,0.02721983014149191,0.002606549739034316,0.11267241944347034,0.07196021666629167,0.17962699244165703,0.008686016362501617,0.41355814316218614
4,7,BB,OUT,0.13614914626751076,0.031958455116117244,0.015469641716071772,0.028291454884954565,0.14740668443119867,0.20155716985217548,0.017527995200915306,0.42163945253105634
7,7,OUT,OUT,0.14784313572387436,0.02843130710694737,0.002713575936106215,0.028939103435814618,0.1166355525816874,0.21749335642013326,0.011196802083064469,0.44674716671237236
0,7,SINGLE,OUT,0.2482889546122465,0.02593458654972393,0.005198739011543915,0.03427717897868107,0.09481750004442567,0.18098585037584716,0.0065917602501450725,0.40390543017738667
0,7,SINGLE,OUT,0.20377272397203247,0.04404624749045378,0.011009990450801976,0.026386451711591565,0.05006001127299581,0.1787969809860196,0.007683625499323526,0.4782439686167812
4,7,BB,OUT,0.34155961224871867,0.028007777781152668,0.00711266780846559,0.00972983760712325,0.0798337847920374,0.15508102633150297,0.0050010712122571565,0.3736742222187423
5,7,SO,OUT,0.18367601567202704,0.021541642636282853,0.003434527349212935,0.009372531085800603,0.09968187572917477,0.14092674425794435,0.0063790983687480205,0.5349875649008095
4,7,BB,OUT,0.16141154356413914,0.03516585927772926,0.0020845147551419346,0.015571993070581696,0.06721045462348314,0.13921067317121338,0.00894427682900557,0.570400684708706
5,7,SO,OUT,0.17839035403398276,0.036534814574884604,0.0020696114701177757,0.01027641839282789,0.05635369690062731,0.2501828609714674,0.006479922350222537,0.4597123213058696
5,7,SO,OUT,0.19582909690814132,0.02786721693506145,0.0020814748194979285,0.009871062984386317,0.07489473664883818,0.1864019692276747,0.004862084960520265,0.4981923575158799
4,7,BB,OUT,0.1520030344888061,0.029542302662767597,0.0031902617512519407,0.008969914848373353,0.07593103692592759,0.1449241811987951,0.004693833364946899,0.5807454347591314
2,7,TRIPLE,OUT,0.16391775511389114,0.05125766534818532,0.002066541067005343,0.01588349392287025,0.052657365465918815,0.23003368483566355,0.005381533204621383,0.47880196104184414
7,7,OUT,OUT,0.18814513172187522,0.029950275721845873,0.0023113841385102077,0.012244454340336325,0.09889915307840993,0.16167616286182357,0.004709724017807867,0.5020637141193909
7,7,OUT,OUT,0.15786444692532883,0.04414930533863023,0.0018807623592804086,0.010562665069381897,0.08275104488919957,0.15066416287570925,0.0045110788223989215,0.5476165337200709
0,7,SINGLE,OUT,0.17595961048483838,0.03500972481527384,0.0020542439807267492,0.010374125289675391,0.09116245964236325,0.176743635849414,0.005722806179901099,0.5029733937578074
0,7,SINGLE,OUT,0.16238424527778175,0.03684485513592268,0.001961116915079406,0.030088801973516845,0.08839570931969754,0.15615789251647536,0.006204992459602937,0.5179623864019235
0,7,SINGLE,OUT,0.23470653385037427,0.030440060305201085,0.002750163353713466,0.012458450857948132,0.0735310781151279,0.14183627876205723,0.004805998062166561,0.49947143669341126
5,7,SO,OUT,0.24076200360630642,0.025912477729287016,0.0031234861619507492,0.010907585234736705,0.038480026156931524,0.16198944054385497,0.005908165538269107,0.5129168150286634
7,7,OUT,OUT,0.2404218341243375,0.025911135336749234,0.00378988668509545,0.013759315461701865,0.07934678926370775,0.1718411844567415,0.005798234865322315,0.4591316198063444
7,7,OUT,OUT,0.18185682652867477,0.026755780929824596,0.0067204387323369415,0.014543079355989303,0.08365681297642809,0.1319412261133258,0.005225981225421442,0.5492998541379991
7,7,OUT,OUT,0.18876687704852924,0.023761551339925104,0.007493701030339908,0.024542408894717004,0.07055706807987731,0.12214930976580027,0.006592250622172174,0.556136833218639
7,7,OUT,OUT,0.09566923088968231,0.05865822387258779,0.008049897738091474,0.010051091210116958,0.07646836656945898,0.2027679610701826,0.005590106484219077,0.5427451221656607
5,7,SO,OUT,0.2023870212466056,0.052263227926130314,0.010006882562905566,0.009925979372223892,0.06754125030058844,0.15230767102334455,0.005450577772589206,0.5001173897956126
7,7,OUT,OUT,0.19595907574548355,0.03593027499448671,0.006801136666020825,0.010056950888447791,0.06159637243837139,0.15476539312099813,0.004768643930166994,0.5301221522160247
5,7,SO,OUT,0.13149091956504957,0.030837604382787157,0.005994212744305941,0.01200092597429662,0.10075590177292454,0.23561650341626345,0.005593078476787982,0.4777108536675849
5,7,SO,OUT,0.18596080703382797,0.02002866725861122,0.0019058317117363881,0.009067025727457208,0.06918869640204499,0.21961675696176594,0.004537403495062966,0.4896948114094933
7,7,OUT,OUT,0.23821499440462854,0.027305043305809906,0.002000426731256377,0.011862392058289501,0.08431273783161596,0.22864529775739734,0.006667541603908408,0.400991566307094
7,7,OUT,OUT,0.13251458926727183,0.04169116974354707,0.0023535692522961052,0.029054071676285657,0.04545310721255327,0.32435290181846405,0.006564766862723614,0.4180158241668584
7,7,OUT,OUT,0.16447628888807087,0.04109781677449762,0.0027377713880825725,0.02100676254484649,0.0633657239924981,0.14265734781746145,0.006229629056539883,0.558428659538003
1,7,DOUBLE,OUT,0.16279385047585754,0.029486413604295568,0.002104184759427659,0.016971572185754992,0.063340228386633,0.11979669233346428,0.005010478054720163,0.6004965801998468
7,7,OUT,OUT,0.1707725027489087,0.03890556257707794,0.0022239190602318074,0.013032262601256011,0.08695801881546135,0.2214174024133136,0.009601469369089278,0.45708886241466135
7,7,OUT,OUT,0.13914863830480567,0.042758248752349064,0.0018836615512795327,0.04193365949312907,0.06962624186918293,0.27038503678700965,0.005193106680586974,0.42907140656165704
7,7,OUT,OUT,0.13892509517808646,0.036041910132560986,0.0017726419676198926,0.011579034802624604,0.07170630378864126,0.2383814417220492,0.0051275281057185235,0.4964660443026991
7,7,OUT,OUT,0.1854517792937377,0.028456851842736716,0.002565043694519751,0.018353243557718918,0.05056085097919114,0.1502751744553292,0.004889000993287255,0.5594480551834793
7,7,OUT,OUT,0.1303344235316163,0.042795839618274045,0.002148073035971275,0.0152127730163826,0.08514570804952828,0.18265240083857626,0.0063362561697408535,0.5353745257399103
7,7,OUT,OUT,0.14790916678434898,0.03287437399498149,0.001984179686789564,0.03989237123546707,0.09763752029570152,0.2378380994868734,0.004789458264650293,0.4370748302511876
7,7,OUT,OUT,0.12199451985597229,0.02660424659450864,0.0030490422849510186,0.011966913034863951,0.06573147139449682,0.21233821932379537,0.0052829079038778,0.5530326796075342
7,7,OUT,OUT,0.15262240544642208,0.027681256772780216,0.0029341631428163105,0.016164878103380815,0.07701261832222,0.26245032209118213,0.03782427185436292,0.4233100842668354
4,7,BB,OUT,0.14215645801675464,0.03798507991623501,0.011480463337473677,0.010940883750422525,0.07022853140572456,0.18416004092745664,0.005942342002418771,0.5371062006435142
7,7,OUT,OUT,0.17241097230846944,0.02459973458074321,0.002174632934419435,0.010764664205278685,0.05215600682951575,0.12916831142576962,0.007854943135027131,0.6008707345807768
0,7,SINGLE,OUT,0.15408246500479011,0.03372008519482543,0.002733643114534914,0.06968853720755118,0.07809697858254955,0.1657363845462269,0.006386518913867768,0.48955538743565413
0,7,SINGLE,OUT,0.21178610784601717,0.038469361917113976,0.0022327560473244675,0.03397509426350759,0.06149282133008172,0.16985205381788815,0.007548573552964522,0.4746432312251024
4,7,BB,OUT,0.3296964014109104,0.01657177074480121,0.0016412722061685014,0.00982690833568581,0.03840324744079727,0.10588772442061337,0.0038764419864849575,0.49409623345453857
7,7,OUT,OUT,0.13305339902489358,0.02649511469103322,0.0018188945014912328,0.03498545317701693,0.04938734052586649,0.12513662216666144,0.005786870169761787,0.6233363057432754
7,7,OUT,OUT,0.16091958448818627,0.04153144375350084,0.0025483250248842892,0.011059538563126376,0.049665814525324634,0.12075376631927348,0.004604325914682623,0.6089172014110215
7,7,OUT,OUT,0.18693209166986782,0.02735810352471718,0.0017927024565934588,0.01092481577847859,0.035885961537505784,0.1111359206760611,0.008610111064516916,0.6173602932922592
0,7,SINGLE,OUT,0.17492612333392285,0.03075551964611076,0.0027478268799841074,0.011983423640379331,0.03818781999658347,0.11468421836209038,0.00695073123267694,0.6197643369082522
7,7,OUT,OUT,0.12248371419948681,0.02630038536139592,0.0025749852037553708,0.01344504500062163,0.058010383623026886,0.1900386686756467,0.005356377904137602,0.5817904400319289
4,7,BB,OUT,0.16034241650932549,0.028267628480336607,0.0030006541467759904,0.019593154315886683,0.0811482870291956,0.23680052489044656,0.02386038014937589,0.4469869544786572
7,7,OUT,OUT,0.14178020261557037,0.031234123485196448,0.0019777206387868963,0.025133192742503474,0.1030206928413933,0.1634822724219905,0.005326154678126684,0.5280456405764323
7,7,OUT,OUT,0.218209253320534,0.027856215349386173,0.002459492013353894,0.04237426457460204,0.06920817802713568,0.2172769790947944,0.006474098264127522,0.41614151935606636
0,7,SINGLE,OUT,0.1647665561649211,0.0298838027656371,0.0020569016329212834,0.01974480802906587,0.07396014324805202,0.1296816000072698,0.004500316038498964,0.5754058721136338
5,7,SO,OUT,0.1371463832478809,0.023910482224008555,0.002083117549789893,0.040026510025842475,0.04759557522139961,0.3019959539836207,0.004653763440934673,0.4425882143065231
7,7,OUT,OUT,0.17726703182184467,0.0236069048728523,0.006095816467477214,0.009103628059488441,0.03840777939471069,0.22606087559878257,0.005565566347483971,0.5138923974373601
5,7,SO,OUT,0.13406464440548407,0.04404186007818182,0.0031452144550269223,0.01095883271752395,0.05441229949675718,0.23212143097175372,0.009084383680347594,0.5121713341949247
5,7,SO,OUT,0.142784838128599,0.03195004070576122,0.007092407664176034,0.01142929367168904,0.06384797547612608,0.18645296757936802,0.005978626307543738,0.5504638504667368
7,7,OUT,OUT,0.18622849433296487,0.02373803739844127,0.0022016299736844812,0.009777774137060035,0.056687790819745565,0.13364636692966433,0.005598984089861983,0.5821209223185775
7,7,OUT,OUT,0.18068325911051267,0.04473188054013205,0.0025553678754517374,0.009042432204074729,0.05707393903842654,0.2410021744307008,0.012983348620160014,0.4519275981805415
0,7,SINGLE,OUT,0.21463521430306173,0.0371328921969168,0.0019800892235987155,0.026897639927860963,0.059520076051496236,0.11160383488454927,0.004275719725709619,0.5439545336868066
7,7,OUT,OUT,0.12351299448371203,0.02216623091363744,0.00201763371347596,0.010292267821070095,0.07011151215940535,0.28531743247543284,0.005152139776817069,0.4814297886564492
4,7,BB,OUT,0.16404994153813038,0.04027320754824764,0.0019070222084740542,0.009126189203878454,0.0950201348877499,0.22430540980171776,0.004819192566869985,0.4604989022449318
0,7,SINGLE,OUT,0.20459345383041114,0.03060506748686671,0.0022560487824725126,0.02508170216204015,0.07607733305395037,0.1870246671617025,0.007060083972694179,0.4673016435498625
7,7,OUT,OUT,0.17795146500274892,0.027576918414140436,0.0024691540012052164,0.026628773992544878,0.13415996186604984,0.15142183115815916,0.004953508404958236,0.4748383871601933
7,7,OUT,OUT,0.1769616834394529,0.03776967478754724,0.002208985388796204,0.009415018231205947,0.0600404084602297,0.25364856998089036,0.014818884088508056,0.44513677562336973
5,7,SO,OUT,0.13601423120000733,0.02690527181441028,0.0019711448412772104,0.009381596149956938,0.04452382186668476,0.2936003401215145,0.006186753395454552,0.48141684061069445
7,7,OUT,OUT,0.20024863890291777,0.03242883541566998,0.0023689387153119305,0.008709206788206211,0.038369825731353044,0.20486971880467814,0.007218327737435881,0.5057865079044269
7,7,OUT,OUT,0.2428139797164544,0.021762042402389357,0.002380648036696765,0.009676592536293266,0.038844513872097065,0.18046352233451565,0.008422167200755155,0.4956365339007983
0,7,SINGLE,OUT,0.11926212906574138,0.026511382476932372,0.006951449411462048,0.015583116172475998,0.11723557417524988,0.2514632733833789,0.0053952401411399235,0.45759783517361957
0,7,SINGLE,OUT,0.1915708896148142,0.022754538231064856,0.0021983602697401086,0.01060439519645329,0.07599688922447302,0.1562458751644846,0.006145809861723736,0.5344832424372463
7,7,OUT,OUT,0.13558240242915345,0.02895185811532849,0.001862489535354204,0.026181544019808857,0.07621050629797592,0.11634741555396846,0.02633284614841933,0.5885309378999913
1,7,DOUBLE,OUT,0.16431212181910976,0.02210064764743893,0.0042468051133017146,0.013469170208019833,0.08718424502526256,0.11470115178743584,0.006080499652749249,0.5879053587466821
5,7,SO,OUT,0.17949655551848168,0.04692325637163764,0.005911426318540751,0.01195618446922708,0.049410602703677406,0.13260619580757588,0.010182385119551138,0.5635133936913084
0,7,SINGLE,OUT,0.21633752999757302,0.04089665894419055,0.0017833579229249766,0.025728839018169893,0.04586799595396652,0.11670968615997969,0.004803364611643832,0.5478725673915514
7,7,OUT,OUT,0.15217266970523438,0.03322326641228482,0.001966893467482543,0.014578881112811162,0.08629098168956738,0.13037323917291938,0.01273867695620024,0.5686553914835
7,7,OUT,OUT,0.21480026307237823,0.029779560572370852,0.0019672554772063046,0.011929456735871279,0.09129702099670217,0.17291462215036602,0.01245877142765313,0.464853049567452
0,7,SINGLE,OUT,0.19664959980943134,0.025382917704096897,0.002418944462816039,0.014975850837674188,0.08682834388782544,0.13417753572648272,0.006712298214674083,0.5328545093569992
7,7,OUT,OUT,0.14225667599272915,0.036413669621550446,0.0031472958277766905,0.011745879199276194,0.050878268567637365,0.2351100797785677,0.006377962979715957,0.5140701680327464
0,7,SINGLE,OUT,0.19624515409798052,0.028904191689923944,0.002085595271333575,0.014729777940575159,0.08414483158067121,0.19499434636923083,0.008501526800535182,0.4703945762497495
7,7,OUT,OUT,0.1366203543302772,0.04914997778399144,0.0021448167719304778,0.01115150737996277,0.07102925494278688,0.21284254192180352,0.012192130772382483,0.5048694160968652
0,7,SINGLE,OUT,0.15040870869089196,0.03094402947520364,0.001971378126406479,0.02621859922067375,0.06502224743405097,0.24943181301868186,0.00795420160803661,0.4680490224260549
7,7,OUT,OUT,0.1625288554983041,0.038121753205371534,0.0038057755740640567,0.018879997915483032,0.04496180149425402,0.13129076755495175,0.01584985921200968,0.5845611895455619
7,7,OUT,OUT,0.19729311815260192,0.028306697155814742,0.001818850037387675,0.020165785241602004,0.050017475336954255,0.11057893661131254,0.00529211605547303,0.5865270214088539
0,7,SINGLE,OUT,0.1627068359111851,0.03253005866326182,0.0017334769419145417,0.012465838914105716,0.07674810816395274,0.10754043507202676,0.008322811589834217,0.5979524347437192
7,7,OUT,OUT,0.21843875279520228,0.027756565251936427,0.0019615322374776007,0.012868986359979741,0.07787641476578896,0.15728333881338402,0.0110007725288535,0.4928136372473774
0,7,SINGLE,OUT,0.1754004733807513,0.025208344981054863,0.0025867820757928036,0.019926360434429448,0.07924938552422897,0.12250141418222449,0.005444735620382116,0.569682503801136
5,7,SO,OUT,0.19984127958690076,0.0323539042648918,0.00247410425886518,0.010028121914905186,0.06872322124784797,0.19638612930742702,0.00627559173683083,0.48391764768233136
7,7,OUT,OUT,0.18028608965761522,0.029965567287211826,0.0025845248896708014,0.009474453704667674,0.040632821744023266,0.22755259569194453,0.00977726501793913,0.4997266820069275
7,7,OUT,OUT,0.24207073840442547,0.02225954164124847,0.0023849812482303317,0.01013952067598867,0.04026851251778735,0.17722193515469034,0.006403097910256335,0.49925167244737306
7,7,OUT,OUT,0.14204157027594536,0.03553312593782166,0.002062077832857235,0.01459724166259891,0.08660811501223871,0.20104603236932794,0.008870224219007518,0.5092416126902026
0,7,SINGLE,OUT,0.1455204299028145,0.0396370110684371,0.0020122666510653487,0.01599629715166659,0.0911908581531731,0.25083134332985,0.005061061262667483,0.4497507324803257
2,7,TRIPLE,OUT,0.126008980017497,0.025684966550011176,0.0037107708275534146,0.013133320274227615,0.04340464641269437,0.36468873691593634,0.0046916259011432196,0.4186769531009369
4,7,BB,OUT,0.16215416852376582,0.046598981441246454,0.002464105069903174,0.009125766057117816,0.05455573497490846,0.16805788057412582,0.004579090218323033,0.5524642731406094
7,7,OUT,OUT,0.12169650093749879,0.021695830148124415,0.0027532993092698505,0.00900060729792697,0.03799327230526646,0.27398006964676497,0.01154551522802548,0.521334905127123
7,7,OUT,OUT,0.1016212224799673,0.028699637479246486,0.0023558368610527096,0.02495470275395078,0.048793024353023975,0.24057500093363726,0.011255199878804198,0.5417453752603172
5,7,SO,OUT,0.11806834372987594,0.033276644784266236,0.0026253434752085063,0.010841221518398279,0.05092473148658617,0.25529681563105494,0.005869704432032829,0.5230971949425771
7,7,OUT,OUT,0.1368012349885621,0.06819969140364301,0.0021960862888428913,0.012983521821102644,0.07369172065797029,0.25698197711399945,0.0052600513276980735,0.4438857163981814
7,7,OUT,OUT,0.12712078162391366,0.034268158309466716,0.0035414697193640906,0.009860539801226365,0.07487961403491553,0.25571766574170723,0.005247647929081129,0.48936412284032527
7,7,OUT,OUT,0.1216561163526624,0.039677862924872014,0.0019964704084559073,0.04526949875043939,0.0688621336532661,0.33248280439464,0.004943455058995211,0.38511165845666895
0,7,SINGLE,OUT,0.10358309894804167,0.0444961162255814,0.0018517341106090634,0.00892945289197733,0.06674623013199805,0.28013820271347645,0.005329385312273126,0.4889257796660429
5,7,SO,OUT,0.146259837125955,0.04324250792064992,0.001975242287280867,0.012291170406647765,0.05906668554127815,0.2636885915970295,0.00995713130433879,0.46351883381682
7,7,OUT,OUT,0.18256519743873814,0.03158504834190095,0.0019375744400929142,0.010071516335585421,0.0825583736768748,0.14208837607288985,0.012941699491639978,0.5362522142022781
7,7,OUT,OUT,0.18305645636972168,0.026685215466040083,0.0019621257055099824,0.009445255170522221,0.06201782705203773,0.2507685272553168,0.00994844922286811,0.4561161437579833
0,7,SINGLE,OUT,0.12136949400282715,0.02457002122022192,0.0018316377899518736,0.01964494810080171,0.08343023522783702,0.3377914156402499,0.02371787614275709,0.3876443718753533
4,7,BB,OUT,0.17510972772104672,0.03880676621571954,0.0025639488765550134,0.02779004233021859,0.09367557387598671,0.11863375156808577,0.05457414185668688,0.48884604755570077
1,7,DOUBLE,OUT,0.2887297291866608,0.025965901351519997,0.002164193611489655,0.0622086437424248,0.05735805085644712,0.14308366711989565,0.005097302479004623,0.4153925116525575
7,7,OUT,OUT,0.16736024164983518,0.027888742654825938,0.0023289237059130993,0.010452549866073623,0.0760416472935966,0.172284274510253,0.0052357204246006915,0.5384078998949018
7,7,OUT,OUT,0.18391713475632007,0.02426515214208757,0.006667535230700811,0.01044908828971681,0.06820068704749731,0.1722706269517304,0.006384928112225371,0.5278448474697216
7,7,OUT,OUT,0.15665572558018778,0.04467713781157369,0.003212069132021249,0.010163575750408906,0.04286887933680623,0.1822152160780003,0.005633897798469733,0.554573498512532
0,7,SINGLE,OUT,0.1820667227807971,0.03853647554031826,0.002162949567575388,0.013070999356515645,0.04765524587012571,0.2697017237743942,0.006100447917597614,0.44070543519267613
4,7,BB,OUT,0.212280342924099,0.038941145466827976,0.01672574232124614,0.00903019112061176,0.08053538294033614,0.22463146694312694,0.010711948263892416,0.4071437800198597
7,7,OUT,OUT,0.19457989845181276,0.04003366647881929,0.0020652252186689796,0.009947813764825047,0.10989241236591905,0.130619127739436,0.008919247245827495,0.5039426087346913
7,7,OUT,OUT,0.14919745531314005,0.03640746445497507,0.0018950249499312248,0.022082287582154574,0.07898594239646124,0.29327389344879046,0.04578747848209421,0.3723704533724531
7,7,OUT,OUT,0.20229490770796846,0.02230380522364223,0.0025254280209210775,0.008523125132434377,0.05151439556393867,0.1550914983140387,0.009961748183523774,0.5477850918535327
5,7,SO,OUT,0.14561692685279243,0.029370913863744137,0.0026059023452699773,0.010705680720577499,0.06515120491082858,0.18462679932083403,0.010699900272383786,0.5512226717135696
7,7,OUT,OUT,0.15084352881611646,0.037916491179090336,0.0019984713009237446,0.010375235172206239,0.06285755161478865,0.19847491557456043,0.007151906313845764,0.5303819000284683
4,7,BB,OUT,0.12327745310985007,0.03264130833934596,0.0019225950325432587,0.06610072886212384,0.05566505181095363,0.28426819795424274,0.006120242989688938,0.4300044219012516
7,7,OUT,OUT,0.16536942335160829,0.026847756705470963,0.002068401912024669,0.009986767583632636,0.06472838159342295,0.20396767683937836,0.006905604008427344,0.5201259880060348
0,7,SINGLE,OUT,0.15163805567889868,0.02716303886140247,0.004781312632205041,0.008718489918621296,0.055911226687472844,0.18974532315270487,0.00574557943289746,0.5562969736357972
5,7,SO,OUT,0.16713564857225596,0.04136599360642602,0.0018069391118837898,0.011710040408086817,0.054893393197381915,0.2582937917734633,0.005920583105194216,0.45887361022530815
7,7,OUT,OUT,0.1409135003363637,0.024743609205968718,0.002049138000887116,0.011490686324901061,0.07708151080951585,0.21065036984965654,0.009114955954683892,0.523956229518023
0,7,SINGLE,OUT,0.21046878676766229,0.02889169434244255,0.0018918320202502214,0.01005827632688075,0.0649588651350848,0.16636478547183903,0.008899251020644405,0.5084665089151958
7,7,OUT,OUT,0.15256599507615198,0.03141192964829891,0.0018516101614512162,0.008849399519117968,0.0905185409790478,0.14481108134213758,0.00519370606853935,0.5647977372052552
7,7,OUT,OUT,0.1347935327004363,0.035132195623382656,0.0020469559004015945,0.018572485620436525,0.05055844808366351,0.19063928268682073,0.009457872926699647,0.558799226458159
7,7,OUT,OUT,0.11220966825105293,0.03512259428294676,0.001979039239454362,0.015104936517220573,0.043431456212710724,0.2143321586918168,0.0051813027913607404,0.5726388440134371
7,7,OUT,OUT,0.10653438040270717,0.04979574954962878,0.0019524022938241987,0.01946920457707111,0.06135109301455968,0.288874974088775,0.004719624132228244,0.4673025719412058
7,7,OUT,OUT,0.08895003846521483,0.020215112093175742,0.0018814492300630481,0.008954692970031526,0.052826627748731834,0.26335982734454305,0.004456630567054754,0.5593556215811852
0,7,SINGLE,OUT,0.11680453084005168,0.025829610532646593,0.0018212976549904789,0.009879570118631173,0.04784252774541895,0.2622203391148658,0.004417209694471658,0.5311849142989237
7,7,OUT,OUT,0.12680321858978452,0.021860083597581976,0.0020521559359401483,0.009317239843336766,0.06434969647489334,0.22128673220124995,0.005115745668854892,0.5492151276883585
7,7,OUT,OUT,0.1324008022347772,0.019894950809959074,0.0017524021449087839,0.015364652072426968,0.04847345665338334,0.24315945319820345,0.00425145993153011,0.5347028229548111
4,7,BB,OUT,0.18127318536079845,0.04327618736308284,0.0019421184377530992,0.011712177297950948,0.041394867007751995,0.20994869855691028,0.00431334516810995,0.5061394208076424
7,7,OUT,OUT,0.10515583890806716,0.032182767958443256,0.0026623509945928846,0.01281105501500091,0.05566480192727503,0.1852033027966154,0.004495857467148163,0.6018240249328571
0,7,SINGLE,OUT,0.14721534945993536,0.04517023028688202,0.00209012474690853,0.014998163224453392,0.06717153062872845,0.2731748922428485,0.004610265706774854,0.44556944370346885
7,7,OUT,OUT,0.10543528952359922,0.04514272865871578,0.0021540443905588877,0.013629533444877662,0.04307343556811553,0.12439939826302511,0.00598475315024362,0.6601808170008642
4,7,BB,OUT,0.11162939277918199,0.05614584426759866,0.0018118560295295213,0.018626611313460523,0.05808181489168128,0.11444868879428373,0.0045612186093441035,0.6346945733149202
7,7,OUT,OUT,0.15638960575742578,0.03078106121201102,0.0023934809896820346,0.012439785282679484,0.049988530981059,0.16779034492239792,0.008073011876557174,0.5721441789781876
4,7,BB,OUT,0.13913308592936163,0.06701269655297348,0.0021441393176219736,0.016436791098344287,0.0494950230757155,0.22431365455416782,0.0099143540210587,0.4915502554507567
7,7,OUT,OUT,0.12857801068272007,0.026462566447722484,0.001893883690798831,0.009243451204839964,0.05210245186611096,0.17813675703887705,0.00461686946359787,0.5989660096053326
0,7,SINGLE,OUT,0.1426746571365073,0.030225292175139078,0.001894170730196697,0.016544824708923062,0.055930977540658386,0.25032307911197316,0.004852098801529037,0.4975548997950734
7,7,OUT,OUT,0.17352974011337108,0.021257464818359464,0.002656466675277035,0.009480192883880325,0.05563220597896696,0.17741928870136012,0.004715218811341695,0.5553094220174434
0,7,SINGLE,OUT,0.15356970578647056,0.029950172130045315,0.002623267017341483,0.011144137889426897,0.0772656618119409,0.2354050179994543,0.004835655190312036,0.4852063821750084
7,7,OUT,OUT,0.1694031927773847,0.039263621208743126,0.0027420310411708695,0.012004897400059271,0.046573699545994336,0.14908289496358865,0.0053983131527160595,0.5755313499103429
7,7,OUT,OUT,0.10312915716304417,0.04008872423601114,0.0018639187159245816,0.016812845272256873,0.04114215657456814,0.21788885085134319,0.004711873862303689,0.5743624733245482
0,7,SINGLE,OUT,0.10186844080836999,0.04842701399723258,0.00217758822891704,0.013326736059278038,0.05921165878976413,0.287074482267654,0.004890975994543862,0.4830231038542403
5,7,SO,OUT,0.15193189753217723,0.025983712013570207,0.0022945898183223813,0.013755891084696588,0.048785902413828686,0.15524324608335732,0.006783669703939365,0.5952210913501083
4,7,BB,OUT,0.14360526102167337,0.05171022671472442,0.002057415332532476,0.014571151573718041,0.046810549689326006,0.2214202382206778,0.008571906630973389,0.5112532508163745
7,7,OUT,OUT,0.11178454257971801,0.025137211695799987,0.0020886729341526894,0.058564090379460865,0.05551420968670801,0.36288175161147856,0.005232562848373265,0.37879695826430854
5,7,SO,OUT,0.11210284786620907,0.029728220638994746,0.001865221520571628,0.009121974545083528,0.04023188402879084,0.31589399245479555,0.004253835337612453,0.48680202360794217
7,7,OUT,OUT,0.14890753708935991,0.03782969373657243,0.016218965252936365,0.008317254559176283,0.03379971915608455,0.1438452847179597,0.004419011098911345,0.6066625343889993
7,7,OUT,OUT,0.09567901295773872,0.021495351615152064,0.001885155168486282,0.023787884413409836,0.04254729922377468,0.39917812037430495,0.009002602460606416,0.406424573786527
7,7,OUT,OUT,0.11400405538895925,0.0440644258203538,0.002664378350641676,0.014366359643471441,0.05438476909735239,0.1967235168433232,0.008971583892225122,0.564820910963673
0,7,SINGLE,OUT,0.27936355189135764,0.026189259347920532,0.0018580953616052951,0.0367628533131037,0.061710258578663524,0.11485402874855792,0.0050696013114613445,0.4741923514473301
0,7,SINGLE,OUT,0.19255420289169173,0.026773589683785053,0.0021665887611197355,0.020353461494018635,0.06132984483428934,0.20590153673273356,0.00694760698830633,0.48397316861405554
5,5,SO,SO,0.11267746012339887,0.030023876072115672,0.0023539804855200503,0.03524797746760803,0.05638617949670335,0.39867311268946426,0.007429424727427995,0.35720798893776173
1,7,DOUBLE,OUT,0.20333201752750235,0.04097791189900998,0.002989676361587801,0.030386830426770744,0.1163274271971078,0.12992654506592474,0.00632961834905711,0.46972997317303933
6,7,HBP,OUT,0.1528915903950997,0.041571179184378734,0.0039880040000552204,0.044217633391859454,0.1120890535455307,0.12872002138038108,0.005652230720192446,0.5108702873825026
3,7,HR,OUT,0.19188808592723508,0.03536595408098442,0.0023861000867106317,0.010468552126877294,0.1162502576410265,0.130687318679968,0.005965047851972637,0.5069886836052254
5,7,SO,OUT,0.16757804268279886,0.04751178824484913,0.0027032919003588513,0.06161451110263561,0.08176950305705316,0.22422628011526444,0.00664286064744538,0.4079537222495946
1,7,DOUBLE,OUT,0.1669659519004814,0.025057382591891414,0.00530274021373331,0.009610259898950564,0.05820419796241098,0.1951697844461269,0.005518158286917434,0.534171524699488
5,7,SO,OUT,0.15341518110336105,0.028036615293848616,0.001925282336591427,0.02884644966021161,0.07290713148916159,0.24841441579225496,0.005199769022126734,0.46125515530244415
7,7,OUT,OUT,0.1712197809534876,0.02430246044330228,0.002060230823280925,0.01687402745683308,0.07922819493244641,0.1913830295755364,0.005696479131520882,0.5092357966835923
7,7,OUT,OUT,0.17400619084141306,0.022577951884473004,0.0022531217969892045,0.008426809473262794,0.0401575577250076,0.11273033201379963,0.005027419016032968,0.6348206172490218
5,7,SO,OUT,0.09342810648839571,0.03097520451581356,0.0026601597146148096,0.010468087169619354,0.05740994755908661,0.3566457449692582,0.0050889388710338495,0.44332381071217797
7,7,OUT,OUT,0.10509918124329133,0.02111043108467514,0.00173494316741485,0.008388557413750697,0.05454680295972728,0.22876930133752474,0.0042916569209119045,0.576059125872704
7,7,OUT,OUT,0.1502628673480739,0.040533574267729515,0.0021192722586723693,0.012606038334254931,0.0664115532051722,0.1893402249014414,0.008300925277686536,0.5304255444069692
5,7,SO,OUT,0.12473415094112718,0.023122020761966632,0.00229333231622667,0.010322688340389602,0.05264995483499151,0.2679572357855089,0.006515324157002122,0.5124052928627872
7,7,OUT,OUT,0.12772911865351994,0.024244452225455966,0.0017725431219496133,0.008480981999508454,0.07306986253626889,0.140484636303595,0.007041294844439678,0.6171771103152625
7,7,OUT,OUT,0.16244299464736925,0.025259864262644652,0.0019953356790400226,0.012741040115841767,0.05674864897520495,0.12640837186050458,0.006992801276494225,0.6074109431829006
7,7,OUT,OUT,0.18156904364877868,0.025529297595554806,0.002075632917814737,0.040337507039760925,0.06340319452247875,0.19659052303613958,0.0055476285533625665,0.48494717268611
7,7,OUT,OUT,0.10169622895498437,0.02230328333496282,0.0017658646446519722,0.06263438310067652,0.06803646981348456,0.28553622082407304,0.006674968106451829,0.45135258122071503
7,7,OUT,OUT,0.13658145553179687,0.03620064808643791,0.004324695519181788,0.03922762486065954,0.09106780358615073,0.1438209794369338,0.0064194469024480205,0.5423573460763914
7,7,OUT,OUT,0.13497836997699642,0.020690267664775542,0.0018162965691416741,0.010961765895306303,0.045528782941051636,0.15679687366656317,0.036436659805668514,0.5927909834804969
1,7,DOUBLE,OUT,0.17976355309445943,0.04375659240317187,0.0018975010168131288,0.01069844532380505,0.05716317167008049,0.12719771219720816,0.0062698995637242546,0.5732531247307376
7,7,OUT,OUT,0.22708597451392998,0.02162427985468057,0.0018152667015176275,0.011606156295922637,0.07478651676766752,0.11914779576420692,0.005588125712099495,0.5383458843899753
0,7,SINGLE,OUT,0.15848706639705812,0.024944545098877613,0.001876531329289661,0.04109073907056675,0.07101903918110553,0.2320989736044259,0.004886820205579452,0.46559628511309686
7,7,OUT,OUT,0.1337014233171351,0.02852914290114659,0.0019593289438942277,0.01706292051854761,0.06581502284639384,0.16698460792430783,0.006956108999647254,0.5789914445489276
0,7,SINGLE,OUT,0.17349076453086862,0.03289497777360598,0.0022793602561742834,0.008487366199975399,0.038465333838102515,0.11374083549006801,0.006927631758218714,0.6237137301529865
0,7,SINGLE,OUT,0.13334416636773425,0.02205173699584746,0.0016768724761936063,0.009219380053131712,0.04735192043335649,0.10331712229390885,0.006212479978966206,0.6768263214008615
7,7,OUT,OUT,0.20153844729854406,0.03602917980001701,0.002258437950828741,0.010873252319324067,0.09839245432889437,0.14079620761318118,0.005683235249849819,0.5044287854393608
5,7,SO,OUT,0.146641164151863,0.027288638111954776,0.0027603759908598337,0.03312673531367666,0.06510613189725911,0.23345029339881296,0.004464657105286128,0.48716200403028753
7,7,OUT,OUT,0.16209016432903559,0.024963929079813894,0.0031218510676406957,0.013615876516490408,0.05930200132281907,0.1921155262689086,0.005220002056532584,0.5395706493587591
7,7,OUT,OUT,0.1713939803496689,0.029898333058689244,0.009413443878785002,0.009637085286619015,0.04445807634028639,0.21405833595294324,0.004793439190531426,0.5163473059424768
0,7,SINGLE,OUT,0.14066385043207888,0.03675407479609771,0.0025065300401800735,0.06691692733895102,0.06128067698991465,0.26543579529815803,0.023332382296040722,0.40310976280857885
7,7,OUT,OUT,0.2107464658437346,0.03599248373871944,0.0020057336582556397,0.02094109567924519,0.05826584281466227,0.1544160661105598,0.004482347102029658,0.5131499650527934
7,7,OUT,OUT,0.18370389074122934,0.04056245744706894,0.0026708709692695887,0.017422931745356637,0.05456741362039891,0.16517969901994103,0.006275400012711802,0.5296173364440239
7,7,OUT,OUT,0.13707319800808027,0.022881389436960935,0.0017632386490033579,0.010262154281170855,0.04773831421591265,0.1083224368694341,0.008139383700319839,0.663819884839118
7,7,OUT,OUT,0.19239087148111714,0.11731707211344819,0.001858593355002172,0.008942799664192185,0.06374150532622944,0.11717286118843374,0.0063566211962593116,0.49221967567531766
5,7,SO,OUT,0.13760789403339949,0.03074374232584749,0.0021053015937398546,0.03957047298417791,0.09004198570595474,0.18347929238920016,0.013425921579512886,0.5030253893881673
7,7,OUT,OUT,0.12189799729291413,0.027066415018609038,0.0019319087937127494,0.018647297874709954,0.05484994042827947,0.19167971639733225,0.007688881976531439,0.576237842217911
7,7,OUT,OUT,0.14853188415586902,0.022191727787021175,0.0019025510475853926,0.015391758158810142,0.0586398972011766,0.24409000822961532,0.004451092504408902,0.5048010809155135
5,7,SO,OUT,0.13274761029782034,0.02369873412714955,0.003103452856368531,0.011729398794431424,0.1429630497841466,0.22928047359312084,0.00571003892873505,0.4507672416182278
5,5,SO,SO,0.13025102377230555,0.028215712764217107,0.0019171690248398713,0.028120121899567446,0.08196007883890895,0.39580275161042644,0.012245168134934944,0.3214879739547998
5,7,SO,OUT,0.1863497729594417,0.022443494452705298,0.016898134997694724,0.00990156047331869,0.05973534011576946,0.1765544446411552,0.004588011134386943,0.523529241225528
7,7,OUT,OUT,0.1461251594050549,0.027507002705932933,0.002410273669139267,0.019280583333245963,0.06431374534321765,0.1627267909125741,0.008885824318266112,0.5687506203125692
5,7,SO,OUT,0.1905276183692286,0.027778377135997505,0.002018427206803269,0.013236849663167122,0.07421427484241902,0.144785619800725,0.00504914531719904,0.5423896876644606
5,7,SO,OUT,0.19790663220640803,0.02868492976254474,0.0025209679316304423,0.014749629353245015,0.06455112700769644,0.17499668962297998,0.0052600496889275445,0.5113299744265679
7,7,OUT,OUT,0.1322828452816749,0.02351389816773476,0.002053632552135954,0.009195629440431443,0.045699401109088086,0.16860019177595442,0.004813582261451444,0.613840819411529
1,7,DOUBLE,OUT,0.18603668275653015,0.04227241887405977,0.002463209098653996,0.02097512424002516,0.05867680555615372,0.16741985057111378,0.006043799001069308,0.5161121099023941
0,7,SINGLE,OUT,0.1913587122922795,0.03261428187535897,0.0021390664059625633,0.016740310901299717,0.07389453871881421,0.18110172381216702,0.006968465321137523,0.4951829006729805
0,7,SINGLE,OUT,0.18584225482138483,0.041333060413170454,0.0027501890394132818,0.014561918766188137,0.0664986062915438,0.1327326466249203,0.006017183265135327,0.5502641407782439
7,7,OUT,OUT,0.14486387848489266,0.0310873697392218,0.0026946385188517715,0.05908713734933486,0.05425026191803107,0.2830087415578582,0.01155301622823877,0.41345495620357076
0,7,SINGLE,OUT,0.22371515758398955,0.03135406950991583,0.0021169205115969124,0.013685296402411892,0.11940846155910922,0.13522123732715474,0.006040913487222573,0.4684579436185993
5,7,SO,OUT,0.09177101910929235,0.0339918285020469,0.0019337748478453199,0.10221901905640123,0.07125098515477493,0.34212286073193426,0.004441060721362863,0.352269451876342
5,7,SO,OUT,0.09406549571952538,0.02117199605729823,0.002052607547386764,0.009299805542541912,0.043264611202647275,0.3559502876255806,0.004548122618802151,0.46964707368621766
7,7,OUT,OUT,0.11303925383512083,0.025606782835083556,0.006774353708803388,0.01079633839683492,0.07252289848012299,0.12264609962412894,0.009708511463025263,0.6389057616568802
5,7,SO,OUT,0.15861932942280174,0.027446157952127345,0.0025150381734845646,0.010175117123681956,0.05289958152209716,0.20482431797339262,0.005087321888776756,0.5384331359436378
5,7,SO,OUT,0.11667907089335418,0.026089806833690214,0.0023580378320955274,0.010539600718954205,0.054160125828813355,0.18871841267800277,0.0049211059361511005,0.5965338392789387
5,7,SO,OUT,0.18520759925698171,0.058926687021030315,0.0026732591799289336,0.03364737774341522,0.08223919051352219,0.2102351690162421,0.0063713675650144425,0.4206993497038652
0,7,SINGLE,OUT,0.18145955869546637,0.030434598801956456,0.0074376414301541675,0.009766364492002844,0.05873199334756546,0.18266342517294473,0.005635432359944004,0.523870985699966
0,7,SINGLE,OUT,0.24692248149962634,0.021434999320710343,0.0017957552817112663,0.027249017851554494,0.05728203063145423,0.11262531047969107,0.006208762643515788,0.5264816422917364
3,7,HR,OUT,0.2219183094143716,0.030292632984691852,0.0016183900180915807,0.007556506916060613,0.06153310330115875,0.12650850237584663,0.006967123610783937,0.5436054313789951
7,7,OUT,OUT,0.14202163274817647,0.021388411130613107,0.0018551175458865936,0.011243088630109177,0.05204749480549538,0.16586405612050945,0.02345968702873898,0.5821205119904709
5,7,SO,OUT,0.1887776952047359,0.043398886129637076,0.0019278388605436412,0.010622897366735325,0.06342184630581503,0.12527809690426805,0.006286112349585068,0.5602866268786799
0,7,SINGLE,OUT,0.24964266792152426,0.02068893319812339,0.0017937768769377615,0.01093697459195493,0.059094902924490794,0.1173075310702043,0.005278130333005686,0.5352570830837589
7,7,OUT,OUT,0.1441893585718927,0.04774749924694756,0.004368639427716392,0.05930802229901292,0.09587185451197862,0.12804480532799106,0.005412307423156324,0.5150575131913046
7,7,OUT,OUT,0.1838720773007077,0.04317650284420363,0.015311172662062451,0.010077582688317075,0.07005969442575619,0.13412735691287658,0.00954103794076134,0.5338345752253151
7,7,OUT,OUT,0.21041368201005203,0.021188536130493978,0.010483690503689646,0.009625361270881413,0.08830540392887039,0.1270862605126791,0.011680058013300028,0.5212170076300333
5,7,SO,OUT,0.14944495121376733,0.028400553917692486,0.0033447439550798614,0.009633647488172614,0.09854104068729405,0.2584279571186999,0.004709487088662609,0.4474976185306311
0,7,SINGLE,OUT,0.19201399227593893,0.04630915452104202,0.009607027116940758,0.008883691914666045,0.07064692584228044,0.11891984671929036,0.005142198287565438,0.548477163322276
7,7,OUT,OUT,0.08636076480937209,0.024379859822368986,0.0019088549497537127,0.011261686519371306,0.041837209147390635,0.279324507571326,0.0052265476597386056,0.5497005695206787
0,7,SINGLE,OUT,0.16716315747932406,0.024999619929077246,0.004706586607222525,0.011346308567247814,0.04209496698422803,0.18802531287985544,0.0068316090332608765,0.5548324385197841
7,7,OUT,OUT,0.13767471745680868,0.03660525227183635,0.0018411260144084265,0.015325211245669343,0.09691903705923778,0.2471522754495169,0.005230275091965503,0.4592521054105571
5,7,SO,OUT,0.12149149137060167,0.02236041044082216,0.001757559742101661,0.02737247538359666,0.046620585411822575,0.24697895022955269,0.005222244591846676,0.5281962828296559
5,7,SO,OUT,0.15620503251986867,0.031835071213256724,0.0020171507925138906,0.010481355161179373,0.04881371642045132,0.21979824220897393,0.00825424503247349,0.5225951866512827
5,7,SO,OUT,0.16009918908555476,0.032298412904386925,0.0019584134865362622,0.009487902845718873,0.04022397996512692,0.17054207890559595,0.004664988257239672,0.5807250345498407
7,7,OUT,OUT,0.16349084834134878,0.032047713664150934,0.0020128843471009673,0.016420762609645183,0.06433621840181847,0.17340695746309115,0.010344013644157123,0.5379406015286874
7,7,OUT,OUT,0.1348957154414973,0.03082961683300827,0.001850225850579526,0.029719819471406218,0.08493085858491606,0.21908896239637246,0.021579862134494084,0.477104939287726
7,7,OUT,OUT,0.1307602754035659,0.04469180613175643,0.0023375283075103407,0.04373980293326974,0.054971558904752506,0.2520734756547676,0.005767941453524426,0.4656576112108531
0,7,SINGLE,OUT,0.15618991636384116,0.03251537610564406,0.005011262740122714,0.03312078565018079,0.0705353699771556,0.20301698503294918,0.009771226908767873,0.48983907722133874
7,7,OUT,OUT,0.22238745178511246,0.03179038267054058,0.0022078738753754457,0.011847093272719749,0.04819999174507495,0.18556572537177818,0.010980486829713301,0.48702099444968533
5,7,SO,OUT,0.12594675023182794,0.038667620160268354,0.0020646640629810235,0.022535892384354838,0.1759390077700689,0.20658906220956094,0.00841627032191353,0.41984073285902446
7,7,OUT,OUT,0.14994505763412655,0.029222505409918498,0.0019762029021985015,0.009049015639738324,0.05904871224852374,0.12643256291700705,0.005598433487307871,0.6187275097611795
7,7,OUT,OUT,0.15522473869983355,0.0251380711318313,0.0018865207729478583,0.008937084897121372,0.04115685361027634,0.16004311023710324,0.00467725575875702,0.6029363648921293
0,7,SINGLE,OUT,0.28907995208186327,0.023819418691680094,0.001708908333263101,0.009812653420823063,0.03803695442560774,0.16735903657437481,0.004537219995182597,0.4656458564772052
7,7,OUT,OUT,0.18484088958286457,0.031532935747140355,0.004750764046454944,0.012575135301730957,0.04242345937575571,0.20124558953249932,0.009094698984969063,0.5135365274285851
0,7,SINGLE,OUT,0.15814095063336708,0.03691900897042875,0.0018918605452734546,0.01486467080424359,0.08654118285394484,0.26631668153521476,0.005973644578719832,0.42935200007880764
7,7,OUT,OUT,0.14452844143778038,0.02338815978395504,0.001783541833217238,0.02412611851264764,0.04490110881007536,0.27470385393266894,0.005655872944117958,0.48091290274553744
7,7,OUT,OUT,0.21747854640608827,0.03137404412136998,0.0024030497075099196,0.014064527714840154,0.06178785946514098,0.14701170341151515,0.005795260518419737,0.5200850086551158
5,5,SO,SO,0.06992348014795209,0.02018967478444217,0.0016868107447407844,0.0076968134067732525,0.039762882151510574,0.44509181466295444,0.004101739253964881,0.4115467848476618
7,7,OUT,OUT,0.1184833569239052,0.0316436059081966,0.001965279971978536,0.01035913111386737,0.04655735220531768,0.1762148262475721,0.005449619835732126,0.6093268277934303
7,7,OUT,OUT,0.20938904021950222,0.03519477458178342,0.00393798319732467,0.009073125414033179,0.07330426384923348,0.13056279319339448,0.005542437680272623,0.532995581864456
5,7,SO,OUT,0.1459694586184043,0.044053211267145904,0.002035147758260678,0.02685536795551753,0.09571571420623402,0.2348429962392089,0.01269552117724993,0.4378325827779789
7,7,OUT,OUT,0.13060307916103261,0.042922975444153896,0.0023164078078336805,0.04164625444283514,0.061807102380449015,0.25864211171106544,0.005363533606191371,0.4566985354464389
7,7,OUT,OUT,0.13822482874845984,0.027943023051988536,0.004978998918279181,0.03077093586938926,0.07535309468753208,0.20064894204945447,0.03296531275455178,0.4891148639203448
0,7,SINGLE,OUT,0.16499039074967953,0.03122158179054629,0.0028225231383768048,0.01244382586529565,0.055822263068261116,0.1563879441353177,0.01281152334031468,0.5634999479122083
7,7,OUT,OUT,0.1558182561777316,0.02762834663993556,0.002013493663321162,0.00981524292649744,0.04257780162348911,0.17765833513159338,0.0044515831459835675,0.5800369406914482
0,7,SINGLE,OUT,0.16359704864637908,0.02419739967073701,0.0023479387326660953,0.011923295638547856,0.058037998390980956,0.12616472171467633,0.006499425531916775,0.6072321716740958
7,7,OUT,OUT,0.11426512603127499,0.027297465373357654,0.00191523155383544,0.009098251724583303,0.04584043730543136,0.21861176630840548,0.004629199076042444,0.5783425226270693
7,7,OUT,OUT,0.23561356655798604,0.027273312653213623,0.0031103980032214694,0.01369771793646031,0.06412567887802931,0.14280227056444406,0.007911666656017537,0.5054653887506276
7,7,OUT,OUT,0.11935779854470824,0.02798365120171346,0.0023554178041643404,0.00973301940220535,0.10034148875901464,0.25071354499451215,0.006534973393466469,0.48298010590021534
5,7,SO,OUT,0.11937388331885442,0.045501010307158384,0.005257420736375036,0.010185963330038714,0.07113373858497851,0.1733639627222367,0.022400468280998325,0.55278355271936
7,7,OUT,OUT,0.16287178437428604,0.042228817907261185,0.0019700629309132222,0.012085751436963381,0.10956557293065895,0.24584727093533856,0.006063519350317247,0.4193672201342615
0,7,SINGLE,OUT,0.16408830921658676,0.029547579625502078,0.0022433834459094706,0.011241769172439716,0.1042436852142564,0.22389374305321225,0.005313285208380592,0.4594282450637128
7,7,OUT,OUT,0.13650154069647463,0.027185467620556618,0.0055625561175143235,0.013409342774867966,0.042947492486912174,0.25097699524157424,0.004908019032332784,0.5185085860297672
7,7,OUT,OUT,0.12846733702295307,0.028574363839185966,0.002072182243333916,0.008978982043491747,0.04817415619211695,0.1160303595449119,0.004584245307726569,0.6631183738062798
0,7,SINGLE,OUT,0.13302995820728494,0.021452385127188008,0.0019152901742617312,0.008811288358203787,0.03981962250725563,0.22054706832070453,0.00432248221415059,0.5701019050909508
0,7,SINGLE,OUT,0.14071480234586112,0.024710800554677188,0.008585175559447182,0.009055539144065657,0.06996973476432272,0.12371274923655254,0.004632056298953117,0.6186191420961205
5,7,SO,OUT,0.13997518657305824,0.038796653707785324,0.001870684080495403,0.03589351298763784,0.09771598553409246,0.20635502220630425,0.008646349458666915,0.47074660545195957
7,7,OUT,OUT,0.12503677140699432,0.04597744330851669,0.0036120636463045186,0.04148005733451922,0.059819575368341225,0.2755282746715624,0.005502746073671049,0.4430430681900905
1,7,DOUBLE,OUT,0.14081911992899582,0.02818179551472287,0.002717830600475071,0.02345222751639359,0.07508828895955878,0.19004146247080902,0.009714532638851962,0.5299847423701929
7,7,OUT,OUT,0.21089304467879022,0.031233270474671535,0.0024296483112952526,0.014293351114151795,0.054686755590011404,0.13811915001012295,0.017002481793933814,0.5313422980270229
5,7,SO,OUT,0.1264198169815381,0.027042578039420048,0.0019129539123695638,0.015215423301787634,0.07550355208848593,0.33130027438580223,0.006754834907311963,0.4158505663832844
5,7,SO,OUT,0.11420683852635821,0.02131882047895701,0.0020219491317163387,0.010057949638267664,0.06046684792575227,0.33926079336485154,0.005714129573875927,0.44695267136022104
5,7,SO,OUT,0.1322641201905699,0.023245017227224118,0.0022224844396714826,0.009742090819930407,0.04250425936043451,0.1916847749964767,0.008242875297035067,0.5900943776686578
0,7,SINGLE,OUT,0.25300632012028434,0.024028094631478775,0.001840284207714968,0.010504885403767992,0.045689422609563476,0.21470903119684048,0.0049312046122396,0.44529075721811034
7,7,OUT,OUT,0.18454332298317627,0.03968439924223596,0.004116614399407914,0.011059293236685561,0.04290460827783317,0.20258767002846595,0.005921568550337362,0.5091825232818579
7,7,OUT,OUT,0.14385426474099922,0.03439480643085762,0.0019228582356867773,0.012761283789653311,0.10171172042381794,0.24054432447841395,0.005466542362558827,0.45934419953801237
0,7,SINGLE,OUT,0.15007547012618624,0.02832416596182905,0.0018573530115025825,0.02674920263385231,0.04562178759701089,0.24555000851485498,0.005987544246089116,0.49583446790867486
7,7,OUT,OUT,0.20825418214671557,0.03704765900854315,0.004785295324954614,0.017785969408810744,0.07841477265313986,0.15508632322362367,0.009436572067325776,0.4891892261668866
5,7,SO,OUT,0.1588947972602956,0.033426711034591265,0.002025250316386326,0.0168215011132974,0.05934333675298827,0.19720687987299323,0.011040229617127573,0.5212412940323203
7,7,OUT,OUT,0.1324315341957698,0.04323753574704328,0.0019502770512023144,0.01630821635633863,0.1395169212781657,0.18349341583688594,0.007882971057758483,0.4751791284768359
7,7,OUT,OUT,0.18264370394550736,0.03322962881470928,0.00195649193169754,0.008888908566209284,0.05146559656832163,0.11771328957347985,0.005492711892398319,0.5986096687076767
7,7,OUT,OUT,0.1406298602379167,0.03206376939266907,0.0018664601219569048,0.07059266631283699,0.09990024376900151,0.21932804222659477,0.014490676544266112,0.421128281394758
0,7,SINGLE,OUT,0.1196746781656757,0.05697362918656201,0.004068274101114105,0.03366701950967796,0.05767049667881428,0.26133678780359276,0.005516807245512015,0.46109230730905115
0,7,SINGLE,OUT,0.1453197543791565,0.026854392735296096,0.0030697344141306466,0.03413490581136962,0.06680861848648714,0.1950399304591358,0.01065473999075688,0.5181179237236673
7,7,OUT,OUT,0.23203925479229984,0.034416296927720365,0.002627862021360294,0.01338878312869959,0.04983140259316569,0.13039994913378347,0.011921146144131449,0.5253753052588394
7,7,OUT,OUT,0.17458348116056435,0.039057344098184246,0.002877019558155408,0.014387806310777048,0.04523499141689243,0.1478590257248512,0.006523572920395554,0.5694767588101798
5,7,SO,OUT,0.14571309807561728,0.025962477471818388,0.001932545984761005,0.010511508997510874,0.04784861060647915,0.2181643153431127,0.009820169531074223,0.5400472739896264
5,7,SO,OUT,0.07086203168517717,0.022156385298151105,0.001756105733924647,0.00801832222181134,0.03992750492707614,0.4069830317659809,0.004086270596474997,0.44621034777140384
0,7,SINGLE,OUT,0.16140392634953538,0.04302023510348958,0.001980276571576928,0.013440470997884594,0.05195045981742355,0.16517280536530166,0.012684524427759686,0.5503473013670286
0,7,SINGLE,OUT,0.25962923762525175,0.023900768045775556,0.001839363385755241,0.008715353919962279,0.10430210111009955,0.16297358096980274,0.0044335453224078085,0.434206049620945
4,7,BB,OUT,0.29795282438232323,0.03849904007065484,0.002924226315399259,0.00877562857945141,0.06618958290892206,0.15334857807541927,0.0044397763685789585,0.42787034329925094
7,7,OUT,OUT,0.1336541890270403,0.037927368383468434,0.002049311286608698,0.010269354962996274,0.1269761046644942,0.2699395095668049,0.006951919603130574,0.41223224250545665
7,7,OUT,OUT,0.11218521163174376,0.03979360728081798,0.001982174599352294,0.05412888988292409,0.10557993616124196,0.24623572791944834,0.004896741000473156,0.43519771152399855
0,7,SINGLE,OUT,0.17743280578272536,0.035633625087362765,0.0027201444460596964,0.010477550099561887,0.09263408428206443,0.15969393198331922,0.010709046262223593,0.5106988120566831
7,7,OUT,OUT,0.1540359896426373,0.06426658324501444,0.0031287558416063566,0.012203217667255505,0.07558010272650639,0.20201230759062466,0.010086990487867528,0.47868605279848775
5,7,SO,OUT,0.1348847933586499,0.02580166733153234,0.0019030697702350316,0.009078459331144394,0.05833415304577392,0.17478854766483035,0.007942887808618102,0.5872664216892158
7,7,OUT,OUT,0.14629596579609896,0.04374040014629091,0.0018580320272860752,0.01684284408756748,0.05199191487934616,0.22669310629604048,0.004438586557123132,0.5081391502102468
7,7,OUT,OUT,0.1705654429222522,0.024114998648526554,0.003819969408534903,0.01065185744612219,0.06587398822078547,0.18838347975527928,0.005302851653105309,0.5312874119453941
7,7,OUT,OUT,0.21217606541287817,0.04093957917895811,0.0023034615747555254,0.011275527604278978,0.06193198966443093,0.1694078850537923,0.036279047339456985,0.46568644417144905
7,7,OUT,OUT,0.20128041940832458,0.03565443682078967,0.002046305325072479,0.012289179929457545,0.06901029202464352,0.17058634567481942,0.010538700115057467,0.49859432070183535
7,7,OUT,OUT,0.13671145626400855,0.03079883833409407,0.0027482548266124533,0.01124409701743735,0.08532885638305406,0.20322512124205167,0.004255577981360024,0.5256877979513819
4,7,BB,OUT,0.12214634692160817,0.02118152919097131,0.0018950744898562004,0.009123663861310092,0.07134163673669011,0.2750263643803622,0.004627180853150914,0.4946582035660511
7,7,OUT,OUT,0.12871712720533357,0.022195154891291233,0.0020880111799999367,0.00972904407431978,0.07080537529964892,0.22344447550744373,0.005154876061129823,0.5378659357808331
7,7,OUT,OUT,0.16902764146145707,0.027173472841249748,0.003071755959793997,0.010793054703798167,0.07548135231987627,0.22231578157003506,0.005091052739478796,0.48704588840431084
0,7,SINGLE,OUT,0.154920177723382,0.03440669485289496,0.0024167113592330727,0.012522051814503828,0.04085128141557813,0.1582635627732655,0.0049300053281706195,0.5916895147329719
7,7,OUT,OUT,0.11569611173540331,0.03903858973600695,0.00555751764624953,0.033771777588103166,0.07373100822572536,0.26416392372407377,0.006039514666347603,0.4620015566780904
7,7,OUT,OUT,0.1392470162333171,0.04626413180727633,0.004551096186866733,0.013377852745667725,0.0755469250767103,0.1516926310198175,0.014289271605290007,0.5550310753250544
7,7,OUT,OUT,0.12614087731962115,0.031069964088383004,0.0031499960437734093,0.010146178699152015,0.09250758498923801,0.1656071953981719,0.016282376002029468,0.555095827459631
5,7,SO,OUT,0.11536097356138118,0.021013204326753677,0.0017470414453467928,0.016633296870814787,0.0413085140509032,0.29929427597171393,0.004167663294489232,0.5004750304785972
7,7,OUT,OUT,0.12421535648453341,0.02387256934665572,0.0019810490562647788,0.009250209207252993,0.04838292205622914,0.19830664782633337,0.004868584015546764,0.5891226620071839
7,7,OUT,OUT,0.14343455167666344,0.040527367371160326,0.0018849295680521936,0.018912241908325664,0.05095779029705153,0.23576026841082182,0.004555470547856801,0.5039673802200683
5,7,SO,OUT,0.0930645839605911,0.027794861239481845,0.0029431687391909957,0.010252705117553136,0.060797799544497044,0.29108932476992505,0.004971098983185957,0.5090864576455748
7,7,OUT,OUT,0.14510798872616676,0.0340378795849388,0.003280987233492049,0.010005680635360737,0.0835671030966356,0.21847584155049632,0.005208361382213189,0.5003161577906965
7,7,OUT,OUT,0.12424405121769637,0.03022801231812108,0.0037997160306947426,0.00989762029757842,0.08947803240223912,0.23984738503048972,0.0066741029808885565,0.49583107972229196
7,7,OUT,OUT,0.14914488657936448,0.032456274849058615,0.0022101022834748385,0.009982101262488365,0.039372972176359766,0.15429033573242293,0.009883500795143168,0.6026598263216879
7,7,OUT,OUT,0.17567578472810402,0.01922372083574977,0.003149794861625376,0.00878047626178514,0.0666697215064767,0.1618844456413949,0.004536890247363436,0.5600791659175006
7,7,OUT,OUT,0.1792267844266214,0.042528945431976564,0.003324523242567733,0.012212921121854146,0.05110897938540535,0.17392408301158277,0.007380970195899799,0.5302927931840922
7,7,OUT,OUT,0.16848352143033796,0.02646144833347753,0.0024720296992996904,0.010572729283364824,0.07354429884610879,0.28505617405031775,0.006078545348812788,0.42733125300828073
7,7,OUT,OUT,0.15614760326735871,0.03810233772983895,0.0019196684641262355,0.014944053879511449,0.049155353399792094,0.21793817566098952,0.017503807710091558,0.5042889998882916
7,7,OUT,OUT,0.1402469660898526,0.03472299072318712,0.0021207262148060053,0.010978636581271172,0.11984663902133032,0.283428416192452,0.005190104945688444,0.4034655202314124
7,7,OUT,OUT,0.17216917356119893,0.034484109299663945,0.0019384037744770665,0.008654907749591977,0.056250164603081645,0.11444845649738546,0.007059129685569975,0.604995654829031
0,7,SINGLE,OUT,0.15327718037522328,0.02984722327423351,0.0021536827103461284,0.016308630317262127,0.05092491118167562,0.3224181774928944,0.0058788986970623,0.4191912959513028
0,7,SINGLE,OUT,0.15338887074340954,0.026377961029340154,0.0019768667116234527,0.008695753026862785,0.03897692572744033,0.16598690053749038,0.005124179054903081,0.5994725431689303
0,7,SINGLE,OUT,0.23485977279772535,0.031439888221007815,0.006602715819192084,0.008893087615608948,0.06212775317126885,0.11440365865384561,0.004705894185247706,0.5369672295361038
7,7,OUT,OUT,0.13408004150168978,0.035196319358248775,0.0019614681970626575,0.010509749431780064,0.047613511447020126,0.3155660748239148,0.004768944704132985,0.4503038905361508
7,7,OUT,OUT,0.16853468714363704,0.027998780742488207,0.0021746230855102713,0.01068296813245699,0.058900565364283994,0.26933325522832313,0.006135362761125277,0.4562397575421753
5,7,SO,OUT,0.11269179725604675,0.03404648541664853,0.0019012506063095043,0.009494481299634079,0.04782033002356754,0.28862699631542893,0.004560220648757246,0.5008584384336074
5,7,SO,OUT,0.16181225085110404,0.06081398850396382,0.0021443483372127754,0.010508491544716825,0.07780529598604058,0.24600977189641518,0.00572304640378654,0.43518280647676016
5,7,SO,OUT,0.16157055875348664,0.03627106090478743,0.0026413793032934374,0.011248198667085669,0.07005657259931082,0.2558189861603392,0.0057726702816511405,0.4566205733300456
4,7,BB,OUT,0.1372635642477064,0.057385182688877136,0.002094204138045843,0.01940400008962322,0.09874299638161858,0.21025072075880452,0.00764392606229596,0.4672154056330282
7,7,OUT,OUT,0.15916930385918127,0.04016588856462592,0.0023176587573265433,0.009770236386049846,0.04276105800666098,0.19389936259295742,0.0046102827393048485,0.5473062090938932
7,7,OUT,OUT,0.18334564633067132,0.04346746916670333,0.0022464677375149686,0.022733347311597787,0.053911193893396735,0.25588742030446454,0.004790082167197661,0.4336183730884535
7,7,OUT,OUT,0.14603380425765025,0.02650276916125266,0.003001255775039414,0.009846416951595481,0.05429346156957373,0.2068178894520913,0.0051109437829829855,0.5483934590498142
2,7,TRIPLE,OUT,0.15556494717502406,0.044711149308825346,0.0034569432809055238,0.012031054965868341,0.06712360504126572,0.23391009528423606,0.007098453977505433,0.4761037509663694
7,7,OUT,OUT,0.1903558838078676,0.04127511386777506,0.0024636686741478326,0.009421774288340207,0.04965789031903801,0.12518389685327255,0.005984145574024466,0.5756576266155342
0,7,SINGLE,OUT,0.14497197073952942,0.044688704426433384,0.0030908292332068807,0.015790801795140818,0.0667742274294822,0.15760590366159827,0.012037033427181605,0.5550405292874274
0,7,SINGLE,OUT,0.12453552080170073,0.044462279555307335,0.0024592196686306104,0.01499442190749999,0.052655244468209524,0.13854112915749095,0.00932823349513829,0.6130239509460226
0,7,SINGLE,OUT,0.15248808252081716,0.03695821112884908,0.002512539284985212,0.014245396834196214,0.06438653059560091,0.2326336625654709,0.012521367866889658,0.48425420920319096
0,7,SINGLE,OUT,0.12263583059244319,0.05191725101429831,0.002089001740510997,0.016084165448788157,0.11869685344816037,0.27010799564355265,0.006666203142795584,0.41180269896945065
1,7,DOUBLE,OUT,0.16780429064122104,0.05514419660389034,0.0023916049961608195,0.011946064524951713,0.04428968525426425,0.13178984641580044,0.008017606343835929,0.5786167052198754
0,7,SINGLE,OUT,0.18560288577880582,0.04646165374473687,0.0019424635203813235,0.01859743370958122,0.04881076860564425,0.13072253328794162,0.022437559654006577,0.5454247016989023
7,7,OUT,OUT,0.12779641220135826,0.059420125431075534,0.0020477178253394583,0.016901494873987045,0.04222779898936452,0.1782478025268478,0.007549868945073427,0.5658087792069539
1,7,DOUBLE,OUT,0.10653213782352569,0.0652429356591337,0.0018568969020692871,0.02425579736340797,0.05692678358073294,0.21263117573420176,0.00678169213698563,0.5257725807999432
6,7,HBP,OUT,0.1368405018681102,0.049354141665633504,0.0020825003506084096,0.020011905454832935,0.055854340467983286,0.18580381695511072,0.008495433977578301,0.5415573592601426
7,7,OUT,OUT,0.1752894795189642,0.06843330134061959,0.002404721962784775,0.011574709948865544,0.06318048625678133,0.18410953486828258,0.011538482763112581,0.4834692833405895
6,7,HBP,OUT,0.1639045506924148,0.02188597106336289,0.001983199915189347,0.009403634410977763,0.09116230901313337,0.216108080542186,0.012066841446832413,0.48348541291590336
4,7,BB,OUT,0.2844377117459825,0.028539673966570492,0.0019456761666930514,0.009593112187033782,0.07781624663596877,0.18005359256982162,0.0053650154932658005,0.412248971234664
5,7,SO,OUT,0.11817510651493383,0.03647327113166408,0.0019618597854981507,0.0109035010067542,0.06458207822243052,0.24687129847340808,0.005396550493156292,0.5156363343721548
7,7,OUT,OUT,0.2348301415856584,0.034015225182851265,0.0025867340244754206,0.00985113299681789,0.06541695900092467,0.1540174812481172,0.0052380023340461495,0.4940443236271089
1,7,DOUBLE,OUT,0.2244101258682258,0.02372724807935168,0.0049293168194987375,0.011103953840060176,0.03917203311232509,0.14105683261847424,0.0045204210525331846,0.5510800686095312
3,7,HR,OUT,0.18059884856678293,0.023138848869609104,0.004089878129335516,0.008382988835699053,0.07434349069991257,0.18310065325855507,0.0048913728576179955,0.5214539187824877
5,7,SO,OUT,0.13475855836866463,0.021523748066817446,0.0018370580255816474,0.008704430559205258,0.041394289829283816,0.32447689063656937,0.004420747557724145,0.46288427695615364
7,7,OUT,OUT,0.21812029067365074,0.030932159384687935,0.0019528703726228109,0.009313276612435233,0.050476710809382194,0.16031669745080745,0.004700745458638702,0.5241872492377749
4,7,BB,OUT,0.18151266247996461,0.043429958442804256,0.0073644553077561615,0.009327335639545744,0.09530685970734984,0.15398121073897683,0.006548844566405689,0.502528673117197
7,7,OUT,OUT,0.21834360595369667,0.02572605261648857,0.003971901274500869,0.015602433879081062,0.03899104598949077,0.13772661652274742,0.004964038378390744,0.5546743053856039
7,7,OUT,OUT,0.24013606562488862,0.04057169073763637,0.0026390343441123217,0.010917253674678171,0.05425509224603425,0.13066440989422715,0.004401193138827088,0.5164152603395961
5,7,SO,OUT,0.18395699572748647,0.03407668649278568,0.0023400876437637084,0.010874779532029574,0.07967653184663796,0.14376378970678869,0.004770154659805135,0.5405409743907028
4,7,BB,OUT,0.1689623245822179,0.03455075914301173,0.0020430731815790698,0.01978135237964073,0.10013281630924814,0.2023321597011417,0.008454179174583428,0.4637433355285771
7,7,OUT,OUT,0.1799054652529639,0.03459348225434386,0.001913561851700336,0.01176768216246741,0.1149300502127775,0.17530376821273072,0.01123873813777406,0.4703472519152421
7,7,OUT,OUT,0.20501252151103827,0.059791425296036385,0.0030223879705950423,0.008958072658819887,0.04099965270038655,0.13863433023018093,0.004549565598695427,0.5390320440342474
7,7,OUT,OUT,0.11833608770051743,0.021930876394072363,0.0019413090738460287,0.009255494235281606,0.043252721282293516,0.30565125826160416,0.004683193699431847,0.49494905935295314
7,7,OUT,OUT,0.14418769687451463,0.02404603636723318,0.002395196789205937,0.01347160061325416,0.07328208147431026,0.15421641420294419,0.006074541141724199,0.5823264325368135
4,7,BB,OUT,0.2680426720691463,0.020797032038667375,0.003766891592441255,0.00864125274792957,0.06744754433676878,0.12693220869459723,0.00456137386697888,0.49981102465347066
7,7,OUT,OUT,0.161938271917808,0.031012279066133453,0.002829630987617248,0.011162237037377074,0.06736590941655736,0.18313010540878102,0.004549031590138427,0.5380125345755875
7,7,OUT,OUT,0.14417344286273914,0.02408137322843889,0.002488527261089892,0.011135817571986291,0.07531210307716084,0.21252310405575955,0.005298871814557372,0.5249867601282681
4,7,BB,OUT,0.17898373398778758,0.03543858160586248,0.0032298877909660026,0.010649846351419646,0.057604101136207654,0.19417446645111677,0.004739331290595324,0.5151800513860445
7,7,OUT,OUT,0.11093400587509236,0.02255465975521721,0.001883875152269531,0.00892626156430221,0.04230370471796514,0.32657479684697466,0.00453340959429732,0.48228928649388164
7,7,OUT,OUT,0.16683512637741751,0.0634274484358348,0.003837953241556518,0.009314209648114028,0.040264653726384006,0.1374630412193935,0.004723818544954388,0.5741337488063452
4,7,BB,OUT,0.179591235702188,0.03459235517441662,0.002004906229112427,0.011941266723590924,0.11103568267906927,0.1957597907634269,0.007853017497282812,0.457221745230913
4,7,BB,OUT,0.1667572021306582,0.03585713913598305,0.002055161825554398,0.03425126917277318,0.10467050209081524,0.1993285225164417,0.006916161942050109,0.45016404118572406
7,7,OUT,OUT,0.13172294757287673,0.03532921677440346,0.0036191213838994837,0.009721680203878905,0.0459343029239684,0.1564234763799257,0.009469609955006095,0.6077796448060412
6,7,HBP,OUT,0.16318815343782742,0.02689607209265648,0.0028338789777319646,0.010995782782392967,0.08983563160100125,0.14455996455367257,0.0050805286645167974,0.5566099878902006
7,7,OUT,OUT,0.23185086155375392,0.0580923632947709,0.0026320120085544523,0.011598931386024797,0.04861734663157529,0.12860851237740628,0.004611977242057965,0.5139879955058564
1,7,DOUBLE,OUT,0.19599089071653156,0.03238860707272178,0.002931898945191664,0.01191966389736284,0.08242622438787842,0.13083371436344637,0.0047780096220471436,0.5387309909948202
0,7,SINGLE,OUT,0.15258215614443235,0.033607193914815446,0.002793581244622784,0.011193651757054725,0.074325079112385,0.23531373626111265,0.005703527291497768,0.48448107427407927
7,7,OUT,OUT,0.2115193873246209,0.02736796345828657,0.002699437039092921,0.010415188797166844,0.06783268309838622,0.16471312376461597,0.0053986985141488055,0.5100535180036818
7,7,OUT,OUT,0.1496844732595454,0.03482555544001135,0.0046345060371552225,0.013216256065241612,0.05093435653311379,0.17357577846124259,0.007066227062050271,0.5660628471416397
7,7,OUT,OUT,0.2343030076559706,0.025149645466954695,0.001938688377593051,0.009184433393453068,0.04626233497821539,0.1570661714293925,0.005150568258300697,0.52094515044012
7,7,OUT,OUT,0.17605666947851262,0.030495750638275632,0.0021356799885473374,0.00958566721508897,0.05324069683363541,0.20897488842117032,0.004281516025494178,0.5152291313992754
7,7,OUT,OUT,0.19981158121673992,0.029047233066548946,0.0030271627016343118,0.031292063548813684,0.06328350808202389,0.21457233412407878,0.004888203267515656,0.4540779139926447
7,7,OUT,OUT,0.2220893345319039,0.07572408176278649,0.0020141815564914587,0.0337934680585505,0.047833141538190245,0.13504966488141598,0.004870133122025086,0.4786259945486364
5,7,SO,OUT,0.17252238788439353,0.02327073686888012,0.0047311104262442736,0.012776981335738184,0.03863821101727168,0.14988886135436325,0.00438174768862675,0.5937899634244821
7,7,OUT,OUT,0.13044303449886402,0.03378543851421933,0.0032754221117977335,0.009859948058085845,0.065831820922251,0.20282274695651561,0.006354113854461479,0.547627475083805
7,7,OUT,OUT,0.17136623611053495,0.07569635794063094,0.003910667714475125,0.009831510198383284,0.042088385992891816,0.15299735802365083,0.006367457559378106,0.537742026460055
7,7,OUT,OUT,0.17202310327391038,0.026902690350483094,0.0019529098590818942,0.013337477446665654,0.09966367988393586,0.17501184671202502,0.01285898715975609,0.49824930531414197
4,7,BB,OUT,0.15044948093378152,0.04363512967962595,0.001972833061503653,0.0313630329767264,0.12116985998412166,0.1954798363328901,0.005612652961226359,0.4503171740701243
5,7,SO,OUT,0.17950488362349362,0.023720878312689517,0.002014304502662104,0.016617728354015832,0.09745846417674636,0.12254896616207503,0.005556817446037986,0.5525779574222796
0,7,SINGLE,OUT,0.21047764193815113,0.0237902681042094,0.0019883786595727092,0.010745856856918642,0.08700288634807467,0.23394208693119375,0.005873997384722742,0.426178883777157
7,7,OUT,OUT,0.08430948977285409,0.027963948630377974,0.005211491242801901,0.009379075488136357,0.08664385347977985,0.18972570167380173,0.006092512930172796,0.5906739267820753
5,7,SO,OUT,0.22685963754120778,0.03344173149077161,0.0031313933782914486,0.010381942492006222,0.07481769896552319,0.16792107611275986,0.005909203182566092,0.4775373168368737
7,7,OUT,OUT,0.2344018931437024,0.026634201620714053,0.0019330231611943548,0.009253435561472123,0.0500141575037304,0.1745722209431909,0.005311373665945469,0.49787969440005025
0,7,SINGLE,OUT,0.21585481767235323,0.02441172524989427,0.004350308450257387,0.011590767861558616,0.03798869210785227,0.1417061855648349,0.00436372837135976,0.5597337747218895
7,7,OUT,OUT,0.0892522632862518,0.030142087690318415,0.002937042083229681,0.010095963586901171,0.08647137766610268,0.24794900698728672,0.005671819176650161,0.5274804395232594
7,7,OUT,OUT,0.16155866542189048,0.02010913400124891,0.0027638250409712448,0.009340348947188213,0.11916865217208343,0.13379019325162336,0.004646728189052388,0.5486224529759419
5,7,SO,OUT,0.18127480564589782,0.02608524188287183,0.0020226857810422003,0.01007621696455186,0.15509230071274602,0.17348105484793536,0.0045857738207717835,0.4473819203441832
5,7,SO,OUT,0.13616113802798097,0.021365860073521432,0.0019362267284871665,0.009159329403828794,0.043096866642271955,0.3100880872936108,0.004587877428654859,0.473604614401644
7,7,OUT,OUT,0.1875734245832971,0.022610352673962796,0.0027125069658577115,0.01104268471646473,0.08845773666531795,0.13255111796516317,0.004840253542615371,0.5502119228873211
5,7,SO,OUT,0.12121789196501494,0.02252474618962311,0.001940400079682491,0.009225637826704549,0.0560071297657907,0.31714532456026434,0.004694655058291013,0.46724421455462883
5,7,SO,OUT,0.23096124869198442,0.04217570330891067,0.0027570782240235775,0.024791381344499562,0.07780861194081659,0.22320094889655787,0.0048587958114544045,0.39344623178175286
7,7,OUT,OUT,0.2017394745013238,0.03121244686571546,0.002753699412119012,0.019418097094028332,0.04940945411603521,0.16025865548639978,0.006768820528539751,0.5284393519958387
7,7,OUT,OUT,0.16709107126057188,0.04095666356672404,0.0026494803398253966,0.015575842680345958,0.08374980811522235,0.14982586763373773,0.005214241105666857,0.5349370252979058
7,7,OUT,OUT,0.14891773591807617,0.034209364067645284,0.0019583775700679437,0.010971620605392276,0.1096079780704645,0.20558756244933474,0.009212455679841823,0.4795349056391773
7,7,OUT,OUT,0.16089911492127332,0.042156817269177985,0.002093169228442095,0.02568717161707901,0.13127896508932788,0.20583855860587558,0.006295050683859605,0.42575115258496443
7,7,OUT,OUT,0.22274770203856725,0.02896366971409563,0.003138014475546193,0.01339064330513261,0.08280331125066823,0.16761608746174889,0.0053630747144490735,0.4759774970397921
6,7,HBP,OUT,0.21663191091066236,0.029230517070267196,0.014731750139028603,0.011334320303306241,0.08193558084599098,0.18961894632449022,0.00558230883711558,0.45093466556913886
7,7,OUT,OUT,0.21141231200370184,0.03672073586186689,0.003339800012651024,0.027111387103054645,0.05422255435486351,0.14084852254829625,0.005204951425160593,0.5211397366904053
1,7,DOUBLE,OUT,0.21165780154569844,0.03576394141134783,0.008323179686091671,0.014184158184704622,0.0836701515356839,0.11528285122880662,0.004753676386133546,0.5263642400215333
5,7,SO,OUT,0.21099142948427396,0.030295908234313426,0.0025989774583340536,0.01566989453956563,0.06718888292932963,0.20499245265622415,0.005736177251939598,0.4625262774460197
7,7,OUT,OUT,0.21151741018927517,0.03298440828227751,0.0027603234662525113,0.020978286577282484,0.10121551589277201,0.18667854778456752,0.005235084601609713,0.4386304232059631
1,7,DOUBLE,OUT,0.19378929701813927,0.0292276507802939,0.004906554136648133,0.009754200361179771,0.08297417506582119,0.1690061713466187,0.00739222560817241,0.5029497256831265
7,7,OUT,OUT,0.13331482546236578,0.021474436639940624,0.0019264725570701882,0.009113187251282783,0.04292216097453472,0.2984799889714593,0.00463743227623215,0.48813149586711463
7,7,OUT,OUT,0.2295461218364283,0.02726092713378628,0.0019051836920152675,0.00901629554602118,0.04592953371697618,0.1469510044512625,0.005564171501537664,0.5338267621219727
7,7,OUT,OUT,0.16261906659293332,0.07476282946393116,0.0035275833929355716,0.011026908889468862,0.039295033631054806,0.1262693325815375,0.005694789692765745,0.576804455755373
5,7,SO,OUT,0.13641457982995472,0.033776071268116103,0.0019243519913526512,0.010594020301642639,0.05601378638234097,0.2231759121128539,0.042498091499739044,0.4956031866139999
7,7,OUT,OUT,0.15055097562535003,0.028486246562441333,0.006681484340766341,0.010962543029620105,0.06030157180276248,0.20893259930367009,0.009558117093856568,0.5245264622415331
7,7,OUT,OUT,0.12163817661056903,0.028140033808706104,0.002101993516187526,0.010585942269328137,0.0756927793372248,0.27508267645308954,0.006585864830581525,0.48017253317431324
7,7,OUT,OUT,0.13519288841665258,0.02686210828875805,0.004131225870410386,0.009318580017787617,0.06596524040129452,0.20179856124169293,0.008592912601753712,0.5481384831616501
7,7,OUT,OUT,0.1732828053071976,0.02604617631620436,0.0034023725515557523,0.011800850762167034,0.07792750474895443,0.15811257444896537,0.007526395955863473,0.541901319909092
5,7,SO,OUT,0.1484501035865702,0.06323399446689684,0.0023282894581404816,0.027064809032511315,0.11894136085507682,0.12440016298302913,0.009243637540819728,0.5063376420769553
4,7,BB,OUT,0.15415691491855843,0.031583729535936966,0.005578238598364603,0.014512527454285202,0.07183457298505418,0.14349766260761054,0.005515194127266179,0.573321159772924
7,7,OUT,OUT,0.21963751696554487,0.044547533827261454,0.001999272664118432,0.010778493434384015,0.0641610518984378,0.167424835392441,0.005509092617896334,0.485942203199916
7,7,OUT,OUT,0.16644626982950766,0.038058740791715145,0.0022590303063053205,0.019904632541913235,0.06583721587485716,0.28115095288372793,0.006240966723424244,0.42010219104854946
7,7,OUT,OUT,0.13499644008743045,0.044606350886042534,0.00200258382551153,0.010076777048802112,0.07763828718457612,0.13265757721511612,0.011055055575655883,0.5869669281768654
0,7,SINGLE,OUT,0.3251004522642565,0.022922384352472618,0.005307228707400564,0.0084536957335998,0.06725016605177188,0.09647063845101876,0.004154781299278236,0.4703406531402017
7,7,OUT,OUT,0.14997716292012012,0.03014745710152789,0.0027378804341890105,0.012370982435514532,0.0907338588039821,0.2016111596975714,0.005295753139124082,0.5071257454679708
7,7,OUT,OUT,0.20154503003752117,0.031230305161370854,0.0031517566408051914,0.00974219057397231,0.09714634323244829,0.12889377703017713,0.005620355793558968,0.5226702415301461
7,7,OUT,OUT,0.17028457693771565,0.03598446137790341,0.0051330468066693785,0.01174199925563064,0.08186200554050906,0.1148054131758543,0.010122945114793237,0.5700655517909243
0,7,SINGLE,OUT,0.31064663225144107,0.022926424947404486,0.0025227472920700193,0.007814849643944527,0.058397555031390574,0.11712977434013548,0.005192146217158639,0.4753698702764552
7,7,OUT,OUT,0.17026209280177845,0.035884780030081075,0.003582777544415287,0.009212018778614297,0.04364847038160904,0.14885534346016122,0.005057024232287304,0.5834974927710533
7,7,OUT,OUT,0.19958218848758474,0.0665453888546232,0.0033104578713355755,0.009716249964099921,0.045232465455202014,0.1770159453795263,0.007138315915389431,0.49145898807223887
7,7,OUT,OUT,0.1494827289541892,0.025402929500587576,0.0025289013476635074,0.0108970979282252,0.06743771120976384,0.21017783979692975,0.00492990061505598,0.5291428906475849
7,7,OUT,OUT,0.18360457962390414,0.03453487595412742,0.0038618134983796214,0.010709509262863924,0.08803382687803749,0.14782835407367176,0.007825995689047762,0.523601045019968
3,7,HR,OUT,0.14033553222448628,0.04766605855701183,0.0022358702168615257,0.023377523815371337,0.11906663185746769,0.11917157859592543,0.010010088011062552,0.5381367167218134
7,7,OUT,OUT,0.15602814193998438,0.034720579052023366,0.0020380392198513318,0.009182205453660131,0.04542240041071463,0.23442134154377953,0.007051812361550576,0.511135480018436
4,7,BB,OUT,0.16969754765893127,0.04612759621660769,0.002024245526026968,0.01358624466824243,0.08033493705030553,0.15359270436969247,0.014972730678555365,0.5196639938316382
7,7,OUT,OUT,0.21278235313901048,0.04433461943465176,0.002347486298079885,0.011347825662052242,0.07673215019799934,0.1845845745216596,0.010004409339883332,0.4578665814066636
4,7,BB,OUT,0.1657350300630101,0.04215110605853241,0.0021041700761723807,0.039431006003785254,0.07673127340244583,0.2647985894757784,0.0050256266293116116,0.404023198290964
7,7,OUT,OUT,0.17140057474836154,0.046420449653047514,0.0021682388648614497,0.01012907813950519,0.07516310639063402,0.14313884203923471,0.012545162758170735,0.5390345474061847
7,7,OUT,OUT,0.1885350762558136,0.03604699708767728,0.0052001206689788835,0.013427445636065181,0.07589311813980065,0.14637691052507654,0.005746987137250919,0.5287733445493369
0,7,SINGLE,OUT,0.2169918328726492,0.03178084265213937,0.0029957323824748292,0.011545519012313522,0.10681482523143873,0.1415174018640642,0.006280198824816827,0.48207364716010337
7,7,OUT,OUT,0.15091397473537788,0.031405047390295156,0.004133704487435457,0.012630580772403912,0.09158591555989437,0.11291462326724543,0.01007197816349659,0.5863441756238512
7,7,OUT,OUT,0.17540827910343748,0.04069607049272143,0.0031182157447670646,0.009070028439569762,0.04006914343076096,0.1479308997582411,0.0047502006138002845,0.5789571624167019
7,7,OUT,OUT,0.19833973992619738,0.049520112842405664,0.002186536853825843,0.01050149519006159,0.04476619791621532,0.16037890989005615,0.0063334474348267925,0.5279735599464113
7,7,OUT,OUT,0.19995284121930468,0.07146181501087939,0.004987983886797593,0.009805096064260865,0.04622518154675079,0.18289486162471927,0.006560123975850416,0.478112096671437
7,7,OUT,OUT,0.1524363296281636,0.037878146852548915,0.0018805195044515625,0.009890485180544707,0.05521480019351732,0.2290001377042114,0.028361911469617116,0.4853376694669453
7,7,OUT,OUT,0.2093221181059202,0.05934140509021411,0.0038691507134076242,0.009935864901143744,0.053988440466628186,0.19341706001211068,0.00781316272530193,0.4623127979852734
7,7,OUT,OUT,0.15964731885960645,0.03476338309205288,0.0020895204875296725,0.012100337055014072,0.0891607560193626,0.16936702192426953,0.014948418127656371,0.5179232444345084
7,7,OUT,OUT,0.21130468820736475,0.0575996105064323,0.0019899018107520238,0.008946259058933452,0.03932196052856088,0.16404940201511578,0.00543297737824753,0.5113552004945933
7,7,OUT,OUT,0.09606063679578958,0.025166837320139933,0.0021819994307957892,0.009332635663423707,0.055591581511054956,0.1518706465251565,0.00493975487405586,0.6548559078795836
7,7,OUT,OUT,0.18549021407362784,0.027307139207396313,0.0029553532933728113,0.01335916464314565,0.08718118678267144,0.18287309435751345,0.0058195719098594395,0.4950142757324131
0,7,SINGLE,OUT,0.1341135226830332,0.030805421697307135,0.001970841333365571,0.009096799460068488,0.045610612343041326,0.24204373967625603,0.005344586900880131,0.5310144759060481
7,7,OUT,OUT,0.13170471186636226,0.030967797825661388,0.002125022937830164,0.026793873015542143,0.07034016071854556,0.16789667762499869,0.0070980035986595,0.5630737524124003
7,7,OUT,OUT,0.156620112437111,0.023676919850620596,0.0019329533337949106,0.017270607404279176,0.1332636033144788,0.17491287875351255,0.013763867485976076,0.47855905742022675
5,7,SO,OUT,0.1271489489076664,0.027745156932171843,0.001998923292637522,0.011541253686383101,0.10119321475021022,0.1669854435221026,0.008418695901522007,0.5549683630073063
0,7,SINGLE,OUT,0.12839972427202812,0.020351622631898787,0.003034313861241546,0.010707651995808152,0.10011106395479692,0.16123296077980245,0.006503953903968751,0.5696587086004552
1,7,DOUBLE,OUT,0.1526789681479523,0.028984724687635435,0.0020270628112188825,0.012847166745592963,0.08052517583118905,0.19455459938909578,0.01577208893362195,0.5126102134536937
5,7,SO,OUT,0.20571370357961083,0.03712836003529507,0.003329667100050994,0.011384554560272883,0.06621277615316885,0.16701771473053803,0.012309812985952774,0.4969034108551107
5,7,SO,OUT,0.21701995085202003,0.022105637029719825,0.00203273203799265,0.009426613296700987,0.078646361092199,0.1736945845503798,0.007142470065579392,0.48993165107540815
7,7,OUT,OUT,0.10467762659632933,0.03100584246811584,0.0021135956711328127,0.010014733608530065,0.06211763547347962,0.1573850974274849,0.006807319401926923,0.6258781493530005
0,7,SINGLE,OUT,0.16012491744995028,0.036880405140490846,0.001840722197790953,0.00881924015464757,0.08741273085775195,0.18913735338813292,0.006464608032633138,0.5093200227786023
0,7,SINGLE,OUT,0.1384623102534446,0.023583672415368913,0.0019448371656437138,0.0268293049734523,0.06036585777080998,0.20756792505460298,0.006306539323861179,0.5349395530428164
0,7,SINGLE,OUT,0.16810048780222556,0.027648301440093066,0.0023153228637566876,0.009640109950150601,0.08041774932920681,0.16845299282962128,0.009100800217814198,0.5343242355671318
7,7,OUT,OUT,0.1600630087154399,0.030006260121339123,0.002099893926735093,0.01935586524992554,0.08233114809064582,0.28972463544656785,0.006000891490631936,0.4104182969587149
7,7,OUT,OUT,0.17895040599197812,0.04066695338116086,0.002756783908587004,0.00952462055989853,0.05125557597217847,0.19025423295830657,0.010746589011839306,0.5158448382160511
7,7,OUT,OUT,0.1907567472019884,0.036373066235844104,0.0019504695156677416,0.01016284306928012,0.07685239955058143,0.15742958715925578,0.0192100683987219,0.5072648188686605
7,7,OUT,OUT,0.2038834088338075,0.05372964484742025,0.0021045244969975924,0.009858776248067738,0.04566740437132447,0.14498421882394882,0.005918626392116465,0.5338533959863171
7,7,OUT,OUT,0.1576659222525842,0.060916489204290325,0.0056892450158700925,0.012453993198056916,0.07298432112341241,0.18979161325623053,0.007385978662397893,0.4931124372871576
2,7,TRIPLE,OUT,0.1700579645084207,0.023085505653939624,0.0025150098742415896,0.010683203466279299,0.05944590384970609,0.21289768277598425,0.005755491541626903,0.5155592383298014
5,7,SO,OUT,0.15668005246396918,0.024853973718075562,0.0026799220530641715,0.01170427816356155,0.09435589667611034,0.19148838670117083,0.009221853657339912,0.5090156365667085
4,7,BB,OUT,0.3353330691330828,0.031225531495333178,0.00818221822826484,0.009991711466147265,0.0767488848518696,0.10803999710687257,0.004333962016796199,0.4261446257016336
7,7,OUT,OUT,0.17440930467951335,0.03504548515959717,0.005737368916867216,0.0088513067988782,0.047309772441593234,0.1443901564037396,0.005022680497738222,0.5792339251020729
7,7,OUT,OUT,0.18066825732507288,0.03200742244788346,0.0026608191847993234,0.010126212538265704,0.1077137364081938,0.13396150938178347,0.007791132664419414,0.5250709100495821
7,7,OUT,OUT,0.15020955947962344,0.06206106909228746,0.0019937188093358993,0.008993962212067039,0.08645747352798362,0.12947849237613687,0.013915484253642882,0.5468902402489227
0,7,SINGLE,OUT,0.13929875274506945,0.07085060987198859,0.0022838829669068915,0.024070646362783745,0.12395849605007495,0.12197201817295623,0.010850339394424414,0.5067152544357957
0,7,SINGLE,OUT,0.18695381774315953,0.03655077818745789,0.004184606334413479,0.01014937616211133,0.07708098360228864,0.14738182928556792,0.00791767334436953,0.5297809353406318
7,7,OUT,OUT,0.18226764116696667,0.028458113611698848,0.0031975456244481763,0.01737496703645063,0.08616264422811676,0.13405837582366664,0.005285753191135263,0.5431949593175169
0,7,SINGLE,OUT,0.1757698773888924,0.027969510646551714,0.002919076154976321,0.01286540901663758,0.08432555838362128,0.2149520021496666,0.006059644013691405,0.4751389222459627
5,7,SO,OUT,0.19710072451216512,0.02413060964438496,0.0026811711645334437,0.017700367852370495,0.09963677028188356,0.21371283870611313,0.007947347208973506,0.43709017062957584
0,7,SINGLE,OUT,0.1329127792161427,0.03173700313458036,0.0054447946061590615,0.014602376259047724,0.0677548065974114,0.14085498892383158,0.005330787848267796,0.6013624634145592
7,7,OUT,OUT,0.16854889851345248,0.03805540050148054,0.008445488628724063,0.011566634846607644,0.08881191318612947,0.12511447500127493,0.011018409117341749,0.5484387802049892
7,7,OUT,OUT,0.10189953029697567,0.04819723537764227,0.00181034948223755,0.02135917727914515,0.06391109733247778,0.16722116464928458,0.004923718134580364,0.5906777274476567
1,7,DOUBLE,OUT,0.17428245552639157,0.0363424561474797,0.0027028272400480067,0.008040044628552257,0.03841298791203311,0.11359609904803533,0.004109704256006068,0.6225134252414539
5,7,SO,OUT,0.1422229470532291,0.028506987990489757,0.0017618243977613715,0.01745031811197256,0.03750258176660701,0.15351643713398777,0.005305912398950121,0.6137329911470023
7,7,OUT,OUT,0.11270397685256173,0.02436201816533991,0.0020252090593126317,0.010475295138485845,0.055628479960726014,0.28935629802951324,0.0047889769959314375,0.5006597457981291
7,7,OUT,OUT,0.12355807714951383,0.029647434175534722,0.002307565859435749,0.009241426494366257,0.08496379153634058,0.16753709888401455,0.005153327225562356,0.577591278675232
7,7,OUT,OUT,0.18826280065360926,0.07501967056398581,0.0019439048788713646,0.010588667561112878,0.10112845137597788,0.17655118554861501,0.0051384747670665835,0.44136684465076104
7,7,OUT,OUT,0.112816855962863,0.022303120180811865,0.0018771150473940554,0.00900668915751002,0.06372208336425858,0.21523749727436856,0.005269348027534529,0.5697672909852595
7,7,OUT,OUT,0.12279799291264572,0.03565712403933587,0.0019544635106743973,0.009881213697983273,0.0920860245298971,0.1412623834070565,0.004810191022288233,0.5915506068801188
5,7,SO,OUT,0.10825469037367484,0.028980614463565983,0.002233002527171779,0.07583663960921358,0.05446458297730294,0.19021822036119876,0.005569921536115399,0.5344423281517569
7,7,OUT,OUT,0.14733292431251754,0.061836269822744656,0.002289665387182847,0.024425268987234308,0.0663651033138995,0.18145507033636366,0.005961280420968881,0.5103344174190886
5,7,SO,OUT,0.14004706816298607,0.03653913247082888,0.0030093764077121924,0.010279240369976296,0.06360837419960472,0.12939064651763768,0.004398137347450476,0.6127280245238037
1,7,DOUBLE,OUT,0.2845338201334195,0.047557644085167605,0.0022423779419188986,0.013620289136029343,0.05864321036003601,0.11998158285356231,0.005583499670975918,0.4678375758188904
7,7,OUT,OUT,0.16056517581476207,0.023787669535917273,0.0027369792616277495,0.010058867135778275,0.06006754730789126,0.18310989975786182,0.01239392737263392,0.5472799338135277
7,7,OUT,OUT,0.20775204262105904,0.03760799406029862,0.0020419771288765925,0.01078070229094772,0.13246132378204248,0.15004437391796235,0.006110840201297809,0.4532007459975154
0,7,SINGLE,OUT,0.15301342263194612,0.02265928786232325,0.002262731701280192,0.009298058923840231,0.040952305043241426,0.15932242877427302,0.00521505206629882,0.6072767129967969
0,0,SINGLE,SINGLE,0.36998084737438874,0.030095878434808463,0.001738335415905853,0.024643033482164785,0.07492568955080596,0.15953421840246626,0.00442334518537751,0.33465865215408236
5,7,SO,OUT,0.10553050093342356,0.03104055644546545,0.0027671021240105796,0.009507588169790969,0.060911395127070944,0.2836303197724747,0.006445119966408013,0.5001674174613558
5,7,SO,OUT,0.1306141239892645,0.0429599654239082,0.0019179499246894335,0.01154526370885043,0.05218644601226052,0.14674447595498447,0.006961152621138341,0.6070706223649042
7,7,OUT,OUT,0.1479144930381465,0.04680818799670863,0.0020603497896527806,0.012428220383052692,0.07205046519191043,0.29382506247513845,0.00827297805272026,0.4166402430726702
5,7,SO,OUT,0.11335302280211859,0.04773657061845712,0.001797967565766246,0.011917593979549659,0.06637748242077676,0.28105031411310144,0.004504065126981195,0.47326298337324907
5,7,SO,OUT,0.129043063221249,0.022616362866713362,0.0020001042042114077,0.009550795380752236,0.051147449113660606,0.28312061889446005,0.0051090904964478795,0.49741251582250545
4,7,BB,OUT,0.220126122633842,0.022152598024476187,0.0019706304901999606,0.009559787765435184,0.09882200156618105,0.23266053739304177,0.0053869403107980615,0.40932138181602573
5,7,SO,OUT,0.2007852918020159,0.022729553893037383,0.00289937725329905,0.00965984679802651,0.044378971794177276,0.1471818236030557,0.005113477590935816,0.5672516572654523
7,7,OUT,OUT,0.12809187851915713,0.03192505713526617,0.0021476398560125354,0.010849277146656048,0.1376772174323452,0.2320629588107688,0.007619913744629326,0.4496260573551647
7,7,OUT,OUT,0.17606052510547524,0.02621788681929673,0.0021112958631071214,0.013307630700753722,0.07217247365110914,0.22742605542047736,0.005154797392787232,0.4775493350469935
7,7,OUT,OUT,0.18863874892002516,0.052767003432910846,0.0021296572828325843,0.013155752999550794,0.10222944781142115,0.24038687488346455,0.014497555904357615,0.38619495876543736
5,7,SO,OUT,0.16592190730684245,0.04191895051840286,0.0019371057573044346,0.010873730813419184,0.08701740280555427,0.2621020090510203,0.00671785138270767,0.42351104236474874
4,7,BB,OUT,0.17428447224655147,0.08652447382268494,0.0021179161242600676,0.011107513354573901,0.08181831665612001,0.2197578474086978,0.009438292519107001,0.41495116786800473
7,7,OUT,OUT,0.1735748218695648,0.028754649932214386,0.0026270856731575912,0.01026303951466649,0.05588512924671868,0.17508950028413,0.005139142762663269,0.5486666307168847
5,7,SO,OUT,0.14660766416932058,0.028138396000566106,0.0021855544378459745,0.011434854531948405,0.06355789987500075,0.22094352929966055,0.005452970567401059,0.5216791311182566
7,7,OUT,OUT,0.15362354632624167,0.022756027683341173,0.0021291842304031147,0.02749458641560507,0.09718410334977258,0.23713748582721406,0.005368151211890508,0.45430691495553194
7,7,OUT,OUT,0.13049517463360988,0.03810616495513437,0.0020191855540098043,0.01184789876625343,0.06260390726484338,0.3438217780163521,0.006720743103107908,0.4043851477066891
4,7,BB,OUT,0.14665800409897695,0.039997533130787064,0.001937064371406628,0.011602995936851112,0.07791631788544691,0.11683240887091913,0.0053423843635714485,0.5997132913420407
1,7,DOUBLE,OUT,0.14613950756673147,0.0406051661120183,0.0025607136378786844,0.009723293094997918,0.07882289198258853,0.21416883749079413,0.004661134356822927,0.503318455758168
3,7,HR,OUT,0.13860193925237413,0.02337334672440362,0.002142547808633811,0.037787661074081234,0.05336566240096908,0.15789654192486557,0.005464476954434802,0.5813678238602377
7,7,OUT,OUT,0.11179863991251608,0.028268935678843303,0.0018301223921962833,0.008637391218435068,0.05786876727609069,0.26038252472062956,0.004416391611271183,0.5267972271900178
7,7,OUT,OUT,0.16803549716223232,0.023481525833829987,0.00260493575708688,0.03410299305611494,0.08702368694176116,0.2642852792821173,0.006021153300869302,0.4144449286659882
4,7,BB,OUT,0.14466657595008986,0.024326999085751966,0.0027757417206891425,0.013630750195982587,0.1002247573120022,0.1632172659818674,0.005845632813315637,0.5453122769403013
5,7,SO,OUT,0.18357303809606612,0.0267487439063997,0.0029428291367385676,0.014970964956355734,0.11077794653500679,0.18729271631381492,0.01984708773980055,0.4538466733158176
0,7,SINGLE,OUT,0.17515111498758196,0.029777635389838592,0.003003857735815086,0.017518950400647392,0.06389598744763621,0.21750951707962077,0.005704179432388614,0.48743875752647153
7,7,OUT,OUT,0.1680811259312965,0.029095941163470286,0.0025325236437830656,0.014658348508996269,0.09200187217336582,0.21598718249157334,0.005416142499265014,0.4722268635882498
7,7,OUT,OUT,0.1334575026796817,0.033999328848198264,0.0018972798796766425,0.03576161454553731,0.07715158167306413,0.2606900685098599,0.004526158564476592,0.4525164652995055
7,7,OUT,OUT,0.20613711296347825,0.03209268147922914,0.0020074888054703493,0.011424364109210296,0.11929889582649866,0.17719401847904065,0.00958379765356246,0.4422616406835101
0,7,SINGLE,OUT,0.1436534137861711,0.06295676662564256,0.0020429425184042976,0.012855350948639052,0.11086008930512171,0.14760411048955405,0.0050981647525899535,0.5149291615738772
7,7,OUT,OUT,0.18244658452728707,0.04756943823432636,0.002444243967180258,0.017505754030032586,0.06969608805239948,0.13864919507942078,0.0071300440979752515,0.5345586520113782
7,7,OUT,OUT,0.20188837675756877,0.05761096515497617,0.016199603665282163,0.01046358703991834,0.06668723235648849,0.2691048551211708,0.015687932229011447,0.3623574476755838
5,7,SO,OUT,0.10373311753531896,0.03916956409007706,0.0028927776078956306,0.016247472173155933,0.06922035904122407,0.28202401600471144,0.004670344664502063,0.48204234888311487
5,7,SO,OUT,0.12242454800265225,0.022827704104897612,0.0026314394985391706,0.009554221329868107,0.07245293569290807,0.23679589609701296,0.005808122302404917,0.527505132971717
0,7,SINGLE,OUT,0.17216987714322446,0.030436087854328563,0.003932508517006765,0.015954080446738243,0.08788520997332161,0.14416899376671283,0.013945655467387241,0.5315075868312803
5,7,SO,OUT,0.12721630709147333,0.02646133866937961,0.001871480929081655,0.009612524099546715,0.06189830390839934,0.26015522053766116,0.0047495840396229025,0.5080352407248353
5,7,SO,OUT,0.17821676079006732,0.025352206030724432,0.00493538412338187,0.010530569812548575,0.062372231643561205,0.21100632167609576,0.01543556293418002,0.49215096298944083
7,7,OUT,OUT,0.15814737494202258,0.03347473133135309,0.0024531916235363484,0.011231917185843977,0.059849639026673486,0.20069943231683257,0.006033107748714284,0.5281106058250237
5,7,SO,OUT,0.16478822772832716,0.02683302795952441,0.0033116950900349924,0.018767799691685443,0.06477172017114532,0.19327226701587194,0.0058449503960001595,0.5224103119474106
7,7,OUT,OUT,0.16445596791633157,0.020951266008342077,0.0019279412811431126,0.010371586775908822,0.05008300554302469,0.10970670617500994,0.004802124001465141,0.6377014022987746
7,7,OUT,OUT,0.2164902058870455,0.027193320865808345,0.002017737945025325,0.013826887558828218,0.05879108465429897,0.14474742322441203,0.005440325332586121,0.5314930145319955
7,7,OUT,OUT,0.13647712401887355,0.02747731476960403,0.00477303771267618,0.009421896107205752,0.10312359528178709,0.23748213000941412,0.016183650126491318,0.465061251973948
7,7,OUT,OUT,0.13002429642091895,0.04139110697899703,0.0019420215013132708,0.019058929469148778,0.0904390279215866,0.2734188538412046,0.021165496506116377,0.4225602673607144
7,7,OUT,OUT,0.10380106405418346,0.02418962412608047,0.0018450880489355324,0.00895304403128477,0.08631070599014808,0.284686659836293,0.008612711589743813,0.48160110232333075
3,7,HR,OUT,0.13602129715228545,0.03306809547278164,0.0019382692681911172,0.010131717302927674,0.11569960404635349,0.20928166472329496,0.011862338838691248,0.4819970131954744
0,7,SINGLE,OUT,0.09316392784426096,0.021130664632155138,0.0016678469917494063,0.009648280219047348,0.09153159641290842,0.23080737746228203,0.0062266439995248835,0.5458236624380718
7,7,OUT,OUT,0.10292462030841235,0.026342151118405946,0.0028921346211307677,0.031161098229137877,0.09140497563807214,0.25790572447714655,0.005593669408618053,0.4817756261990762
7,7,OUT,OUT,0.17944649277291522,0.025914742652740505,0.003309857365380249,0.016595126904533006,0.05806129724620525,0.170617190124313,0.005363694535080391,0.5406915983988324
5,7,SO,OUT,0.1911560894184566,0.02932370012710887,0.002730146582639862,0.01474082408673633,0.08245116790831337,0.20618487749810221,0.00570130503179828,0.4677118893468445
4,7,BB,OUT,0.23506600376357006,0.0455353247917965,0.003321004611061922,0.00932129941813364,0.09159736215152418,0.22415206877676347,0.007319110264813271,0.3836878262223369
7,7,OUT,OUT,0.11092460176918227,0.020343341036145882,0.0018126644219615816,0.00927268910010921,0.14383919169047535,0.21739371281219627,0.005868265476545456,0.49054553369338394
7,7,OUT,OUT,0.11295479154698809,0.024506302607666623,0.00198247907625305,0.009584964849869983,0.06479947363606735,0.17404092476459326,0.007395748433907632,0.604735315084654
7,7,OUT,OUT,0.1333286965157569,0.04106067067688632,0.0017685923516160076,0.009082365808334075,0.10944442714141524,0.1618621366287267,0.008417519747638083,0.5350355911296267
7,7,OUT,OUT,0.13481265870195466,0.05653902178422622,0.002277993263352867,0.017529601771319705,0.07761080842411976,0.19387568881497402,0.0714007461569061,0.4459534810831468
7,7,OUT,OUT,0.14081980592209958,0.026566734369058077,0.0020768778338598735,0.010225299312479938,0.05247818736284315,0.1498583001493365,0.004995761174384716,0.6129790338759382
7,7,OUT,OUT,0.13135153182275186,0.027103828134121287,0.0020474152532680865,0.01288440156439068,0.0654851623911887,0.22173404873703165,0.00905663883130958,0.5303369732659382
7,7,OUT,OUT,0.13095419922930865,0.04209015403016987,0.0021329050105989046,0.016467753066740434,0.08875085772650773,0.20741496255652844,0.02968102852893611,0.4825081398512099
7,7,OUT,OUT,0.15888966577584027,0.023388937380476087,0.002081025543079536,0.009506398083827042,0.05613869661157612,0.30548365402146876,0.00519055302559688,0.4393210695581355
7,7,OUT,OUT,0.12751857669330635,0.03989650125940427,0.0019337028774472486,0.011726555878428429,0.05583303882833996,0.22265390875912486,0.006184417841564708,0.5342532978623841
0,7,SINGLE,OUT,0.12749320816082566,0.024407746025877638,0.002514269559289567,0.010662208976447398,0.04872065100248762,0.13462894049143626,0.004857066960759892,0.646715908822876
5,7,SO,OUT,0.18764304952752495,0.036071966565706,0.00289145915449219,0.011149425754459092,0.08321377913590482,0.17492926836833408,0.005157392142966018,0.49894365935061286
7,7,OUT,OUT,0.15176469246390958,0.02862770219036248,0.002141914698683089,0.011581330945965595,0.050064784301939086,0.18146699654017434,0.005986942071124663,0.5683656367878412
5,7,SO,OUT,0.10268554014609081,0.03541192963799488,0.002620000746195024,0.012903024126493436,0.1543434926577811,0.24652019010552476,0.011794837629176816,0.43372098495074335
7,7,OUT,OUT,0.12304117892978589,0.03281160765756343,0.0019936916287217003,0.09943451080513148,0.08193012748271634,0.1957133200659762,0.00932624995987966,0.4557493134702251
1,7,DOUBLE,OUT,0.20698560757354542,0.04948739718468229,0.0020555444201147306,0.009847506911147216,0.05600169611821862,0.2256269296849195,0.0065381834427427135,0.4434571346646296
7,7,OUT,OUT,0.12851309479175277,0.041409870485591034,0.0021281556468349745,0.0198262231389016,0.0846777271654104,0.2060812167511312,0.02378252748113901,0.49358118453923894
7,7,OUT,OUT,0.19804032338755548,0.03391038576135933,0.0026365054362914066,0.011484668916495971,0.03939938625247674,0.10668890823007664,0.004261154052066683,0.6035786679636778
0,7,SINGLE,OUT,0.24456834094200053,0.060980878737292375,0.0017915649109522393,0.01477881727426066,0.03661655051321906,0.11543492964501309,0.006373230828225441,0.5194556871490367
5,7,SO,OUT,0.08962856697322168,0.02491036723166758,0.0019212841836206,0.010904698709436791,0.07633232097704253,0.2699997885280798,0.005061389477377045,0.5212415839195539
7,7,OUT,OUT,0.18760999244652446,0.035954832359658906,0.0029408832029015853,0.01686206599752018,0.12189629307791491,0.19035008107946116,0.006799473289244807,0.437586378546774
4,7,BB,OUT,0.17513037821472066,0.030858733940257475,0.0019812801058213363,0.014630277151356171,0.09172777183378648,0.19531757557534304,0.008105979879633692,0.4822480032990812
7,7,OUT,OUT,0.11395065803610421,0.03770801383996002,0.0019252188069315162,0.014908104332762044,0.1196674376441432,0.17451093540851798,0.028505278486736882,0.5088243534448442
7,7,OUT,OUT,0.1481871730271459,0.03961742903331901,0.002477250872729181,0.022252195278361097,0.09030684626802574,0.17484916427149727,0.005327818679688601,0.5169821225692333
7,7,OUT,OUT,0.10183050109452833,0.036009933141587964,0.0020930147605825065,0.012617136025751192,0.05470948696787854,0.18506324227051926,0.005403659102240131,0.6022730266369121
0,7,SINGLE,OUT,0.20087283286168964,0.03729982112705558,0.00259090133968256,0.010276569967691752,0.06268726818955238,0.26137725832618053,0.0053990562949464155,0.41949629189320115
0,7,SINGLE,OUT,0.1186060288408372,0.02698106735037857,0.0022736817220529748,0.009958690274950914,0.05714935509479304,0.3335840508796829,0.007349332809809447,0.44409779302749486
0,7,SINGLE,OUT,0.11836428910328924,0.03935616080368536,0.003058369503120926,0.013383650446189258,0.05493357707242353,0.2133471525058677,0.010919244401081473,0.5466375561643425
7,7,OUT,OUT,0.1379454708622182,0.03626407726865513,0.0019429063701639205,0.018254640222596055,0.052649988212580275,0.2496009633703071,0.005165316753476464,0.4981766369400028
0,7,SINGLE,OUT,0.13977536654030548,0.01897849786890423,0.0017885429813745872,0.01033048450505947,0.04753726697533687,0.31544266258984544,0.004293060059468175,0.46185411847970576
7,7,OUT,OUT,0.13142788602399125,0.03304392331348619,0.003120586205737422,0.014827389202780152,0.05339725706438923,0.22319349925023474,0.005037999038505831,0.5359514599008751
0,7,SINGLE,OUT,0.12694972153413062,0.04292498297221866,0.0019089987811338794,0.026355544273506892,0.05643501337204349,0.25955815289376133,0.006421093352404603,0.4794464928208004
7,7,OUT,OUT,0.16422588368200242,0.01926113673857248,0.010081132636270406,0.015743719455584608,0.03852726662808943,0.14665187301387786,0.022186144694048966,0.5833228431515539
7,7,OUT,OUT,0.14796460277280807,0.030540269363728126,0.0018621250296790518,0.030609177155236145,0.07934712575077107,0.25311725817869773,0.008472339522892666,0.44808710222618714
5,7,SO,OUT,0.10401120155496445,0.021531860045206023,0.006390578198153107,0.00899453562924822,0.0621145695445572,0.2632908525066892,0.006762579113747877,0.526903823407434
0,7,SINGLE,OUT,0.10810946029742972,0.0205415947342285,0.006159635026274316,0.009012423881381113,0.09884747460354995,0.16341354992057294,0.023074869172482443,0.5708409923640809
7,7,OUT,OUT,0.1791094674910712,0.023099384943023604,0.00417616191975361,0.009561270681243947,0.08256387783479446,0.2866216153315974,0.005021861444184086,0.40984636035433175
7,7,OUT,OUT,0.13797341838580404,0.03022091788504529,0.0022066118266961146,0.010414259557541028,0.13146776097280155,0.2859851910021669,0.0053185701509897996,0.3964132702189551
7,7,OUT,OUT,0.16739603645760762,0.03994065946534066,0.0027521405100263394,0.010020277456234659,0.07603653551250647,0.29130955214803245,0.007551997610590091,0.4049928008396617
4,7,BB,OUT,0.20757519566942867,0.040017468615083485,0.0026683058375165003,0.0103705007758268,0.06571855746947505,0.2293930922373171,0.01022536292455786,0.4340315164707945
7,7,OUT,OUT,0.19799957678640537,0.028358565199559593,0.0028186183493075943,0.009831203377540856,0.07063836191057746,0.18443471926562657,0.0053703341025732884,0.5005486210084092
7,7,OUT,OUT,0.14501917913728934,0.01878764435987295,0.011527450670794723,0.012258632492392587,0.07331007378788516,0.17662652844659074,0.007244046640520957,0.5552264444646536
7,7,OUT,OUT,0.10297568972862761,0.02171033658339781,0.0019158688496708817,0.02999296197130105,0.06913349567777974,0.345801603972356,0.005110999351111095,0.4233590438657558
7,7,OUT,OUT,0.13461446501472887,0.03036032440711766,0.0021636233222948166,0.012751321888237634,0.05131512855024634,0.19002853206948606,0.005189423672388391,0.5735771810755002
7,7,OUT,OUT,0.29728408796938943,0.025257561282710606,0.002687573161485141,0.015347877679680925,0.059238344085281454,0.15223182001882132,0.005898094815494293,0.4420546409871369
7,7,OUT,OUT,0.13323461971058131,0.041438179941818636,0.0024838453131734513,0.011885530635520801,0.048112425667901255,0.12080061896325185,0.005732162104557088,0.6363126176631956
7,7,OUT,OUT,0.14650994619579905,0.04478816837085673,0.001812740653497775,0.011538289726405157,0.065764834994536,0.19003196383141485,0.006353116498531016,0.5332009397289594
7,7,OUT,OUT,0.19194330991434386,0.038761189406634936,0.0022132112158460174,0.019431724945927167,0.04555653502434739,0.12917840181440826,0.00486132291163338,0.568054304766859
5,7,SO,OUT,0.11126720547460105,0.03800342972849345,0.00687174965221399,0.01378807552871842,0.12468712371189257,0.25912993850726806,0.010024932817627695,0.4362275445791848
7,7,OUT,OUT,0.12304227689746373,0.04200519270274231,0.0021148002828013383,0.06423551155061197,0.06571432064532406,0.22039532836698209,0.006368051801669377,0.4761245177524052
4,7,BB,OUT,0.1351403811193525,0.030594934595923814,0.002220321770038744,0.01631546926549785,0.07798496800886652,0.22421118176437463,0.027076635484632752,0.48645610799131317
7,7,OUT,OUT,0.11254990899901048,0.023757690006112615,0.002073125134976685,0.012515962760156778,0.1018091473437683,0.26613768999839693,0.005834424137995562,0.4753220516195824
7,7,OUT,OUT,0.13966646347168574,0.04768027009105224,0.0019401829740134922,0.02202026095847898,0.1114297423557849,0.18049748660587633,0.004838739922351431,0.49192685362075683
7,7,OUT,OUT,0.23758528472279875,0.04650106976143055,0.0019216369694724097,0.017397214882376007,0.039490297466343874,0.11472528765889,0.009152911715442115,0.5332262968232464
0,7,SINGLE,OUT,0.23419082000334768,0.06508901304764686,0.0026829116641057266,0.01316614918897075,0.044827645574168094,0.14281764698361246,0.012197324210137157,0.48502848932801135
7,7,OUT,OUT,0.12172582586824818,0.03198839525817454,0.0025430858707022742,0.009874942361753162,0.18798284398966447,0.15489796046832424,0.012930832320197748,0.4780561138629354
7,7,OUT,OUT,0.15553214378085922,0.027790203098679408,0.0022181646946221544,0.010542672037677166,0.08358365712756956,0.20223429125508166,0.023185390157915754,0.49491347784759504
5,7,SO,OUT,0.14344217221691394,0.025835946497338867,0.002125513393194922,0.01072404438353116,0.10961373303203537,0.24152345339751854,0.005644016063696812,0.46109112101577027
7,7,OUT,OUT,0.15238417811152152,0.042868515745231275,0.0027806720369458,0.010197267512967803,0.06826310735737942,0.18866569030242278,0.004910145230528471,0.5299304237030029
0,7,SINGLE,OUT,0.1665335492794574,0.026649979923629587,0.002563902220865045,0.011956664615636386,0.042308862796488704,0.11810095391134415,0.004561426895047399,0.6273246603575312
7,7,OUT,OUT,0.24531636123000636,0.05630139139564576,0.0029660188469677676,0.014412371456680246,0.04518591829340763,0.13234348745752886,0.010052125936197939,0.4934223253835655
7,7,OUT,OUT,0.19570877150927854,0.02587291302697759,0.003314186000486709,0.012752857733330906,0.06182312617930264,0.16086915138637636,0.00705701974599052,0.5326019744182567
7,7,OUT,OUT,0.22153423497019015,0.06441119890097308,0.0027019382219164905,0.01400477755739115,0.04456632283158642,0.13015984444517267,0.008867533387613908,0.5137541496851561
7,7,OUT,OUT,0.11744872727575759,0.026988644495689156,0.00204360890801932,0.01264744406650143,0.07884729818805473,0.2602260272025923,0.0063440894950702,0.4954541603683154
0,7,SINGLE,OUT,0.1142019841571903,0.04370209623588111,0.003329439664440167,0.014023946110973965,0.14141702756446187,0.22505627034993395,0.00867848868615471,0.4495907472309639
7,7,OUT,OUT,0.12246873552773993,0.03822654117211346,0.0020418727743357454,0.087252877130522,0.07457402671410972,0.19738643874308445,0.007711521433771496,0.4703379865043233
7,7,OUT,OUT,0.13717277420234802,0.03294724611291596,0.002179603673585492,0.010215348972100266,0.042509394366051605,0.11870681705657729,0.005003929742348476,0.6512648858740729
7,7,OUT,OUT,0.16686578374700264,0.0677379191237313,0.0018496062211061498,0.01643664928599183,0.06458847982317725,0.19905542835933585,0.0057777619514013815,0.47768837148825377
1,7,DOUBLE,OUT,0.14700911976441608,0.037026846767163245,0.002019893197246579,0.01978082524829317,0.053194911899261905,0.13855356234022811,0.006529506269155302,0.5958853345142356
7,7,OUT,OUT,0.09549228940502218,0.026913116582396895,0.0021016979463996024,0.013224912687079666,0.08354788724251991,0.29859059253041825,0.006308926339219439,0.4738205772669439
5,7,SO,OUT,0.20685016860403135,0.045149803722825725,0.0018321272858762819,0.021069314252091294,0.09514421313221533,0.15262149687183785,0.0044999938944473945,0.4728328822366748
5,7,SO,OUT,0.19067727785399208,0.035038360830221466,0.002480368686880008,0.021066393759312338,0.12830452359426645,0.18832809460038874,0.008526735202589193,0.4255782454723497
7,7,OUT,OUT,0.18202035915650464,0.032563991748636674,0.001975076279675647,0.014129591658746204,0.0822637504799383,0.1914578760598993,0.008248859178137368,0.4873404954384618
7,7,OUT,OUT,0.11355806621556805,0.036564454827038934,0.0019795370603694425,0.01698598911468933,0.12378443150608821,0.1893899593307407,0.028413641983578437,0.48932391996192703
7,7,OUT,OUT,0.09516947954586434,0.029618948051426276,0.0020246930220297926,0.012529872310436086,0.04871863196880246,0.16836733045555374,0.005998147738906888,0.6375728969069805
0,7,SINGLE,OUT,0.17996214201667798,0.03299067650590263,0.002298532030830019,0.012783851463173986,0.06560983749127537,0.1903428100146945,0.005483274367424353,0.5105288761100213
7,7,OUT,OUT,0.20170490886066725,0.05539040273728645,0.001982200584198693,0.01530519672377796,0.039966622971336616,0.12288480045558114,0.008568189724345266,0.5541976779428066
0,7,SINGLE,OUT,0.2242991497147083,0.027584984455247447,0.0021732556619906643,0.00940112738323793,0.03553277659725925,0.10130471625767452,0.004067304116943414,0.5956366858129384
7,7,OUT,OUT,0.13330545052117684,0.028991142758149364,0.002183764979233285,0.05090787455797014,0.08921990344130389,0.15029327713028837,0.0056372107348747905,0.5394613758770033
1,7,DOUBLE,OUT,0.3395950226612097,0.029508593391083665,0.0018827117002499045,0.013721782035043826,0.08537013702858799,0.17164640915217458,0.007123049187834889,0.35115229484381527
0,7,SINGLE,OUT,0.15767747064290272,0.020645842897884313,0.0029156682429891403,0.008778627184729224,0.0747507939753012,0.11593088194605351,0.00904752570009761,0.6102531894100424
5,7,SO,OUT,0.10446810353156692,0.023479666754729216,0.002369488392408084,0.011897632645911165,0.0558380105574434,0.260828883868104,0.007099881442795295,0.5340183328070419
5,7,SO,OUT,0.11581535663972778,0.03390266888234147,0.0023985509852379877,0.013794121914125051,0.07871528313250103,0.19768872034973997,0.03446371464952742,0.5232215834467993
7,7,OUT,OUT,0.13313632700256595,0.022007076928328928,0.0018569975501985497,0.05990925986382041,0.06267235539257686,0.1879365266205817,0.03862999966903943,0.4938514569728881
4,7,BB,OUT,0.10066942757767748,0.02873956224331258,0.0018896869842207782,0.018211429044418217,0.06946794664319489,0.15692693873312732,0.038592843236544654,0.585502165537504
7,7,OUT,OUT,0.166878763754792,0.036785169404754854,0.0020797324006980385,0.010088411731732864,0.06472440956910472,0.2509511715500225,0.005108135515814452,0.4633842060730805
7,7,OUT,OUT,0.24573503738996605,0.04241769424435821,0.0020812960399253367,0.011709986681942723,0.08990699564371112,0.17707714731781887,0.011537526458655188,0.4195343162236226
4,7,BB,OUT,0.1648545887450327,0.026056571742518003,0.002518755508702334,0.011682643085440996,0.05426107658239458,0.2982916568811694,0.00518389549802505,0.43715081195671696
7,7,OUT,OUT,0.20206308088753458,0.105418269804315,0.0029830840698194306,0.012883410834100106,0.08805937387129215,0.13627294589797115,0.007496259687482532,0.444823574947485
0,7,SINGLE,OUT,0.19651062223946916,0.0367321884889149,0.002234857451316107,0.03682372653878434,0.08355115288557996,0.12914715782783787,0.0066347493832346624,0.508365545184863
7,7,OUT,OUT,0.12901593254436983,0.019415679271621137,0.0017201400770335464,0.008361592918063841,0.052407759265068216,0.24419719332752615,0.004596548631561079,0.5402851539647563
0,7,SINGLE,OUT,0.12485255277996855,0.028042705946102583,0.0019057325856987597,0.026835458499211477,0.08113116245903221,0.3000870620606737,0.0056778331055424925,0.43146749256377026
5,7,SO,OUT,0.08320315179824461,0.03252874648373995,0.001872039666697076,0.01041344670418102,0.048752327523454056,0.32190578380301504,0.006800790417546064,0.4945237136031222
7,7,OUT,OUT,0.1652914976278491,0.046369940147382785,0.0018870373930178598,0.015135393756785366,0.11432563981647517,0.18149454586557368,0.015913733563940352,0.4595822118289757
4,7,BB,OUT,0.21005382145430743,0.07226277240537536,0.0033890474111688525,0.010460654580281857,0.0810960458488634,0.12464590052433136,0.004955081584198309,0.4931366761914735
7,7,OUT,OUT,0.09784743991714823,0.02592198997890096,0.001749579467675048,0.020329121183085667,0.075257171839544,0.2856886979240544,0.026738068867765166,0.4664679308218266
0,7,SINGLE,OUT,0.09845684282258141,0.02508771855911313,0.001872006329043372,0.009258590172956271,0.04788869182827185,0.3409276583414972,0.005014857046526335,0.47149363490001045
7,7,OUT,OUT,0.14758149301259205,0.02883489806515868,0.0021443510713384023,0.009038881556179452,0.0639466091941227,0.2985833724918727,0.0045604097460620885,0.44530998486267376
5,7,SO,OUT,0.1759522859486108,0.024676339718805482,0.0023094529844342724,0.010167172196504969,0.06724725954252785,0.2094220642214112,0.0060791868004092696,0.5041462385872961
7,7,OUT,OUT,0.1677034326299863,0.027801485481657996,0.00189371724138721,0.008924895437856089,0.04096143811495976,0.2985417047978773,0.0043871909369685705,0.4497861353593067
5,7,SO,OUT,0.16062854835762022,0.041616436268720344,0.0033949452017848643,0.010606880395301187,0.08830527980226134,0.2086474531277369,0.005077102733845309,0.4817233541127298
7,7,OUT,OUT,0.19287022584760993,0.031886577133007916,0.0020257313250835107,0.010769144743694108,0.07100739290697626,0.26072631034311694,0.004962190199783625,0.4257524275007277
7,7,OUT,OUT,0.15606258926363736,0.03504622544078405,0.002174505282244548,0.013087133407336663,0.06269945656369072,0.1554044547437397,0.005437084170071545,0.5700885511284953
7,7,OUT,OUT,0.1467332371412471,0.02416621182335589,0.009229351696542733,0.009232843461059194,0.04124914462136383,0.32294091945789866,0.004707665307298631,0.4417406264912341
5,7,SO,OUT,0.13277302176801362,0.040461897593115644,0.002302134686791344,0.023498736946028855,0.0589602042799943,0.22237429631067607,0.011686610898497233,0.5079430975168829
7,7,OUT,OUT,0.12104965218227114,0.029213199255511916,0.0020085318837944326,0.00930404253053603,0.04158547441775259,0.23954902962166663,0.004149387843235671,0.5531406822652316
5,7,SO,OUT,0.14766451054013666,0.025412207154830457,0.005412104108175894,0.03671472999347739,0.061385974077499246,0.18664308616731934,0.012601499381853532,0.5241658885767075
0,7,SINGLE,OUT,0.1466338126523411,0.03344074617998983,0.006177279602422111,0.009480887864790724,0.07520234886540836,0.22358365070930628,0.006814798036333108,0.49866647608940856
5,7,SO,OUT,0.1098794140441231,0.025270466491139284,0.0019083801121572914,0.041162374453705415,0.09673197587054594,0.32225147492992784,0.005121744999022725,0.3976741690993784
6,7,HBP,OUT,0.1799881024719136,0.05980596662717881,0.002244314520878281,0.059199571724961854,0.11761539775639308,0.12768259345474464,0.005041519768537246,0.44842253367539264
7,7,OUT,OUT,0.11289630834462817,0.019819832232233593,0.0017822383491695613,0.008758579161109968,0.0849443728803756,0.20969961889772534,0.0038721721154964905,0.5582268780192613
7,7,OUT,OUT,0.12489014231545925,0.02978006814573876,0.005397612937196241,0.01287179507697505,0.1177410522269643,0.23478550824864097,0.0051934142661749175,0.46934040678285033
0,7,SINGLE,OUT,0.1613528892578715,0.036225604446928995,0.004377317632655203,0.011422263127611059,0.12442877105298085,0.16582560160612067,0.01044637157890124,0.48592118129693046
4,7,BB,OUT,0.11115066666705078,0.033144401520112395,0.001954178667836007,0.04552265946674426,0.07674177096544683,0.2616713831214982,0.012489448479610973,0.4573254911117006
5,7,SO,OUT,0.10227729597399517,0.01996957472828821,0.0018131462756813212,0.00888879622313803,0.039474919127168426,0.3452258570067735,0.004283894087297196,0.4780665165776581
7,7,OUT,OUT,0.29537813060380813,0.04366623544823335,0.0022635349388915,0.009050364180144528,0.06184409739664676,0.15189490759615307,0.007646582427061553,0.42825614740906104
7,7,OUT,OUT,0.168012643492312,0.03469145215884621,0.002068953386039002,0.016495118857289243,0.05921354163731635,0.17468094656781707,0.011398824577472818,0.5334385193229073
5,7,SO,OUT,0.1523587795793783,0.038054184452552556,0.002498407011001642,0.009422680707405567,0.07282260590328243,0.21462104430981851,0.00593526285084708,0.5042870351857139
7,7,OUT,OUT,0.18666655271551724,0.03861427483207818,0.0021054496164038265,0.0102576808095935,0.05666099393196587,0.24320211184719545,0.006606569619753189,0.4558863666274929
7,7,OUT,OUT,0.18154164954844546,0.03348415251332203,0.0021039167460981086,0.010426936303347047,0.07762624495243287,0.23074403457741488,0.005361338589332346,0.4587117267696072
1,7,DOUBLE,OUT,0.20124932559820308,0.04075953043422576,0.0019489830571301388,0.01655598084626812,0.061199053948809395,0.16378104471555976,0.008185978988198742,0.506320102411605
0,7,SINGLE,OUT,0.13414797545126117,0.037490906231686785,0.002102052231203135,0.03543093178020556,0.055865209226548,0.3061732783181187,0.007813522999745227,0.4209761237612315
7,7,OUT,OUT,0.19213142373553552,0.052912178483487074,0.0028208169446242476,0.027793869608375966,0.0843537349689272,0.1373292922832771,0.009803417337755263,0.4928552666380176
7,7,OUT,OUT,0.16336698628390767,0.03628138911050111,0.002626070710133078,0.011799116297195714,0.08919260146442322,0.1570852543840695,0.015755481378293256,0.5238931003714764
7,7,OUT,OUT,0.18891639851933464,0.03804539445336921,0.002121956013280622,0.012052511690766595,0.0925876181611405,0.1378680328809371,0.006435060854360669,0.5219730274268107
0,7,SINGLE,OUT,0.15776954599309279,0.05076765154480037,0.0025986990164183293,0.011057588270070756,0.0776042121677693,0.1543080134165973,0.018698622986863846,0.5271956666043872
7,7,OUT,OUT,0.21925937674647583,0.04755094856485351,0.0020866863068437773,0.011745663132307566,0.07963341546840812,0.1721197465034963,0.010670560356940013,0.45693360292067503
7,7,OUT,OUT,0.20086692997061156,0.06321882664422987,0.002647821208546363,0.01156108500569891,0.10191210120226091,0.16235306095656135,0.0079501317862365,0.44949004322585456
7,7,OUT,OUT,0.14961136377950612,0.045873233181200034,0.002049829154102741,0.014069910571354942,0.11148399256766821,0.19957858465454353,0.014285697738586971,0.4630473883530376
0,7,SINGLE,OUT,0.24320709283586886,0.0561766776138098,0.003371767752715562,0.01266521511345844,0.07369056985506474,0.11839535708518166,0.004484738154725493,0.4880085815891754
5,7,SO,OUT,0.17943787720151452,0.04884196039077183,0.0026030761844504503,0.009958444821567694,0.038623745177595085,0.11129873532467724,0.004693084665858474,0.6045430762335647
0,7,SINGLE,OUT,0.14329704128923293,0.036981424048225305,0.002059440011686836,0.029605996823746414,0.07562463447474799,0.2858763548059641,0.007625723727410731,0.4189293848189859
7,7,OUT,OUT,0.19919843356878417,0.03788914437755854,0.0019320879271398615,0.012858732955211435,0.05801685470046572,0.26558683940009986,0.004997126336914063,0.41952078073382637
7,7,OUT,OUT,0.141059402171887,0.04789462774271355,0.0030954862356706993,0.009319285930844039,0.0647421534344101,0.22204377126393762,0.007646249107005071,0.5041990241135319
0,7,SINGLE,OUT,0.2129577279915501,0.04434490860940159,0.003224309683052788,0.010090221843215511,0.08283934712272417,0.11703044518446727,0.004733568409637781,0.5247794711559508
7,7,OUT,OUT,0.16093446926058935,0.034551510548826804,0.0025243938389495077,0.010623522524746023,0.08708704104657614,0.1599884860945327,0.013414013157599484,0.5308765635281799
7,7,OUT,OUT,0.14412910096112555,0.035357975609304794,0.0018957440257092507,0.010359621641792719,0.05059414430099178,0.1643341560845448,0.004921846657022548,0.5884074107195085
7,7,OUT,OUT,0.1598662695742453,0.04037714367877515,0.0022578726961998497,0.012025637660486246,0.07194542076344256,0.19941464757513536,0.0067933894030015604,0.507319618648714
7,7,OUT,OUT,0.21327383816821577,0.039768522482732875,0.0020295001447172465,0.009887657498587431,0.059232694452156634,0.1989808225853295,0.006160542450226009,0.4706664222180345
7,7,OUT,OUT,0.12491357181944841,0.02688494194904236,0.0020375825220615438,0.03576279731075931,0.06472846005489573,0.3339884395377789,0.005922769155074569,0.40576143765093914
0,7,SINGLE,OUT,0.20400312600034173,0.03439682539452802,0.002389000191271794,0.02862813128587378,0.08678137816400959,0.13448755228815445,0.007443417258615666,0.5018705694172049
5,7,SO,OUT,0.10233722443291703,0.024133118563521665,0.0019236033214836514,0.010053718939042819,0.048306057883186926,0.3991468525152667,0.0052281794997612275,0.4088712448448199
7,7,OUT,OUT,0.1590390394837313,0.023631033772534,0.0018467151033716776,0.008710296742300904,0.06696993499919598,0.21445496474332781,0.004471127756359222,0.5208768873991791
5,7,SO,OUT,0.0904864622599153,0.030525163035336086,0.0019714118476421073,0.009495165304247202,0.058456597627506005,0.34823937792765036,0.009513465804611319,0.45131235619309157
7,7,OUT,OUT,0.12475664797638383,0.035896437007617375,0.001880274856693388,0.008850300406857324,0.05064819205993454,0.16449993685744382,0.005481711101121453,0.6079864997339482
5,7,SO,OUT,0.1729884257003005,0.02918478590800991,0.0019166822903917248,0.009179944976688417,0.06471653799729912,0.20777233846327317,0.004962890438129372,0.5092783942259077
0,7,SINGLE,OUT,0.21008483897016966,0.045263176495927586,0.0020746079717251327,0.01465931656908173,0.07676736525365394,0.17592346679145796,0.00996980517838477,0.46525742276959914
4,7,BB,OUT,0.2209709532122355,0.045011529856882615,0.0028627822384813366,0.01430784691888499,0.09105666498355354,0.1638465504181508,0.010663052172891489,0.4512806201989197
3,7,HR,OUT,0.15675798913510353,0.060282620522170614,0.002053787238718746,0.013660872858508371,0.10351624658176191,0.19636531778987232,0.016917283426666596,0.45044588244719785
0,7,SINGLE,OUT,0.13779963555311373,0.032139510481327835,0.0020476028312957422,0.028031805221820156,0.07893781432271534,0.3220895663568852,0.006487941278399884,0.3924661239544422
5,7,SO,OUT,0.10123113907160092,0.018358710919798987,0.001645094238573194,0.007802577005003188,0.03997852455267287,0.2443887229112729,0.003955070709060388,0.5826401605920175
7,7,OUT,OUT,0.19981320261764082,0.030053357658883027,0.0019706076981937386,0.013995574441854891,0.05193908190981815,0.24793992787444724,0.005411519634989455,0.44887672816417284
7,7,OUT,OUT,0.14358831284882675,0.028775301217739503,0.0022852017234842956,0.008871739949983156,0.03756159106671549,0.1154682744608693,0.0210876927066053,0.6423618860257762
5,7,SO,OUT,0.13512379591168,0.027649703358476854,0.0027284633689432323,0.013443937294313521,0.06075736373643707,0.2498379084436977,0.008948234198932871,0.5015105936875188
5,7,SO,OUT,0.10697333419149647,0.031503336064960995,0.002229848126880901,0.010214265772191653,0.054648175003356766,0.26078379053763084,0.0060904884426599545,0.5275567618608225
7,7,OUT,OUT,0.22751599542918477,0.029999962082874775,0.0033052077066221684,0.012053768413735726,0.05917593511702997,0.209273061293138,0.005565479466324743,0.45311059049109
0,7,SINGLE,OUT,0.13605974512120134,0.02668796678224398,0.0020262653632870655,0.009096232873303432,0.07907982713321055,0.2354854086654433,0.004878679600003398,0.506685874461307
7,7,OUT,OUT,0.0814957127812901,0.02571737971376925,0.0019256799435178995,0.009683619515676803,0.057360265310875284,0.2662845857459009,0.004561400840116507,0.5529713561488532
7,7,OUT,OUT,0.16022743388957184,0.033201023745519045,0.0018178533852121848,0.010923331626265357,0.04233371427931944,0.11560254338929112,0.004850732165325118,0.6310433675194959
4,7,BB,OUT,0.13544517612878829,0.02487424852804779,0.0019402516606865446,0.01241183079921497,0.05838781581620494,0.12057686059445297,0.011067391017666526,0.635296425454938
7,7,OUT,OUT,0.1878318648854168,0.022899373777332685,0.004743673688654585,0.009454249298912028,0.06267795674877805,0.1684745866070095,0.006309179497042281,0.537609115496854
7,7,OUT,OUT,0.1898144911400029,0.040142103179194824,0.003735508253694363,0.009320738200476264,0.07215145902194542,0.12543428193698375,0.005332009904632491,0.5540694083630701
0,7,SINGLE,OUT,0.14237852341930926,0.0320907454271683,0.00227514033206119,0.014180463611339593,0.06826240001015171,0.13163441052663744,0.007489119651409333,0.6016891970219231
7,7,OUT,OUT,0.19219634998905932,0.0371626146727107,0.00229658395343901,0.018065531277978043,0.07804867742549422,0.1578232583862273,0.006202762829164928,0.5082042214659264
7,7,OUT,OUT,0.17154845149851458,0.031080766541549794,0.0019208272869931187,0.010725345675522035,0.09662032650092153,0.12374451910932283,0.0045499062448576015,0.5598098571423186
4,7,BB,OUT,0.11946782626915045,0.05050088017445876,0.001990275392626265,0.0425497508193964,0.06989716208852698,0.269984594138447,0.00477576049840438,0.4408337506189899
5,7,SO,OUT,0.13653777740263118,0.045821494796415375,0.002090352500923755,0.03205409558344199,0.08075172124022181,0.1422060672066689,0.008101475296810346,0.5524370159728866
0,7,SINGLE,OUT,0.16469435536077973,0.040073571481629745,0.0020052687206777568,0.011090492843466648,0.0725035414311498,0.14194083958087067,0.005098931301757885,0.5625929992796678
7,7,OUT,OUT,0.1604665046415282,0.054163239056672106,0.0029649318595858097,0.010079057177139576,0.03991583575580505,0.12024478082411375,0.004996441590017594,0.6071692090951379
7,7,OUT,OUT,0.1673331031149282,0.03913242928412055,0.002343806472015573,0.008988884997948803,0.04066785078217635,0.11956987037149254,0.005487663274768112,0.6164763917025499
0,7,SINGLE,OUT,0.12379555128881668,0.02365373504668991,0.002057716729140997,0.00954485818630721,0.0584591086264696,0.3301010394610461,0.005506204344174694,0.4468817863173548
5,7,SO,OUT,0.12283730602660745,0.02222406747808905,0.00178819178516065,0.018804986520972587,0.054752906133574294,0.1099512403517052,0.007997406431864251,0.6616438952720266
5,7,SO,OUT,0.1366126066967097,0.025081297940692,0.0025048283571509023,0.009542355173320406,0.09042273519771812,0.3349680520822486,0.029522900566150492,0.37134522398600994
7,7,OUT,OUT,0.1222497463597227,0.025538398112003178,0.0020068239554503872,0.010620839013779882,0.052731752980906786,0.21508105972803251,0.005081542003744137,0.5666898378463605
5,7,SO,OUT,0.13628724612277715,0.02966662754497873,0.003141088934999994,0.01666320152740689,0.06609296251080203,0.20244290155550337,0.005439113151771261,0.5402668586517605
3,7,HR,OUT,0.15305480524202594,0.039163136970576884,0.001941898927742617,0.03426212076939005,0.08079792018575671,0.170411341018361,0.004793216836882627,0.5155755600492641
0,7,SINGLE,OUT,0.12808356144136773,0.027967315649226707,0.001908399685469294,0.015903974507876437,0.06219159319765274,0.1309186259502653,0.005032325681417147,0.6279942038867247
0,7,SINGLE,OUT,0.14970275800785598,0.03961434904800428,0.0022420372444094724,0.03201558119664998,0.09555677488471803,0.1682661392200695,0.014883923284747892,0.4977184371135448
5,7,SO,OUT,0.133642349326123,0.032415968728845966,0.002607051574833343,0.011857474626467556,0.10603150752210322,0.28503526968565246,0.014592663263809562,0.41381771527216477
0,7,SINGLE,OUT,0.15354449303084536,0.03224504380154434,0.002197033670992933,0.021135513069051415,0.07667298044382846,0.14564336847140158,0.005759467971091644,0.5628020995412443
7,7,OUT,OUT,0.15014667661851205,0.026100174670782416,0.001892788525936644,0.01290575302300751,0.09515699701038204,0.15120662137255791,0.004967163851166758,0.5576238249276546
7,7,OUT,OUT,0.12757378240075584,0.026819024282670214,0.002236719110536214,0.019220818414795598,0.11779274537036166,0.12503612840440975,0.0071587673628656185,0.5741620146536051
5,7,SO,OUT,0.11942903418795403,0.024811483520499583,0.0022954497884898136,0.017680777359833116,0.07598050705019303,0.18203548013502435,0.008320527704004082,0.5694467402540021
5,7,SO,OUT,0.1712454578545177,0.04634585811742862,0.001972588866334769,0.010516647209446168,0.09224981109972993,0.15876419002161318,0.006405882783205443,0.5124995640477241
7,7,OUT,OUT,0.16015568106040165,0.03518329560058613,0.001990250317662364,0.013125654016269585,0.12028544462488724,0.14009897311100622,0.007848484743686861,0.5213122165255
5,7,SO,OUT,0.14786923856014283,0.042540897510757084,0.017300500964868654,0.009665190886140769,0.08259574822342423,0.28298852340525316,0.004904924873887132,0.41213497557552625
1,7,DOUBLE,OUT,0.12148651432247326,0.039989053664512185,0.0018205187665220302,0.013411495087902051,0.04658561213469172,0.11449295591520352,0.007676982621711792,0.6545368674869833
7,7,OUT,OUT,0.18534854465563183,0.0345730363479003,0.002337412547408468,0.009570017255622437,0.06107575794283027,0.1643420295178806,0.005656962564810272,0.5370962391679158
1,7,DOUBLE,OUT,0.1507827874249749,0.04795972840340789,0.002935694252314789,0.013084312147498651,0.08416517341541276,0.20604606209388038,0.00566614237550428,0.48936009988700646
7,7,OUT,OUT,0.17688499234201077,0.05056450496559647,0.002316666826254604,0.015328321856632384,0.07692560657187697,0.18496261696293442,0.006658979067620482,0.48635831140707386
7,7,OUT,OUT,0.08086021846266819,0.01865233226567564,0.0017690063239556837,0.00912659624725266,0.0518196522219001,0.28973138368080875,0.005234527816975107,0.5428062829807638
7,7,OUT,OUT,0.15079253292158906,0.020408784460222373,0.0017018390980919024,0.008249062919661739,0.04792814116936723,0.10953716176760538,0.009019781690086827,0.6523626959733756
4,7,BB,OUT,0.14636239513471544,0.0287232288565784,0.005533796316408506,0.009355219454142912,0.08068707172715225,0.20641963893620865,0.005093797735135846,0.5178248518396579
4,7,BB,OUT,0.15125522153297333,0.02838572244064139,0.001991904144768557,0.016695786062998572,0.07074429420116207,0.14723540995188153,0.004791363857467096,0.5789002978081074
4,7,BB,OUT,0.16815069889545473,0.04126593565234157,0.0018958325375216958,0.024256103063695834,0.0768403180625886,0.1201532714939547,0.004981457449241817,0.562456382845201
5,7,SO,OUT,0.1074272445951679,0.026512219698957545,0.00198344363344684,0.01009502248933744,0.05920437625433559,0.2821962320865446,0.004928040234818316,0.5076534210073919
5,7,SO,OUT,0.10948714981926591,0.02186089576315658,0.001799655278659418,0.017678739330688423,0.047208325404069704,0.11167480546525181,0.007691905352166922,0.6825985235867412
0,7,SINGLE,OUT,0.13719757401504892,0.0474453988551587,0.0019516187217447898,0.03043923007729333,0.044425355174697125,0.21092447361842215,0.006653820161340354,0.5209625293762947
7,7,OUT,OUT,0.20411961866844938,0.03028830624179229,0.0022341252353927045,0.011265514900833395,0.05708150513131119,0.12473902135649277,0.005552584226761179,0.5647193242389671
3,7,HR,OUT,0.18186150581686217,0.03972632163271466,0.002339959036107234,0.017977093486538424,0.07847746691796076,0.19037462464944435,0.006629239858949936,0.4826137886014225
7,7,OUT,OUT,0.1308699393123033,0.046914204306661475,0.001953979167533664,0.02807478138555072,0.06267119434132803,0.2954327147924393,0.00484920134925681,0.4292339853449266
5,7,SO,OUT,0.08732651813501967,0.025551081607163413,0.002196860601534574,0.009932283790076737,0.04917073179138828,0.349505523794842,0.005495330976696368,0.47082166930327896
4,7,BB,OUT,0.15104449407571832,0.02780612544272992,0.0020043693768136434,0.026063937488215883,0.06210975214630929,0.13516684513275545,0.005377078862453172,0.5904273974750043
5,7,SO,OUT,0.15594265222064127,0.033076792503101464,0.003318714159298873,0.013616230825745819,0.0631480422046232,0.23780629569394637,0.007359684782376751,0.48573158761026614
0,7,SINGLE,OUT,0.13826760486974005,0.042555552090135,0.0022610393409469285,0.021365432636540786,0.060262676695191586,0.2825209170279665,0.006018107738980014,0.44674866960049914
7,7,OUT,OUT,0.20455687489081928,0.04217072727687068,0.0027166518351365012,0.010900254363268086,0.062599554780288,0.13443695579941126,0.005728982136289783,0.5368899989179164
7,7,OUT,OUT,0.125485433592303,0.02627751517923205,0.002259318751786115,0.010214664962950532,0.050568687106377096,0.31400894220867487,0.00565156674676967,0.4655338714519068
0,7,SINGLE,OUT,0.13546181910132832,0.043943352697909235,0.0024630284428107134,0.01154568857918308,0.06251524970051714,0.2061906430959908,0.005813221248222804,0.5320669971340379
5,7,SO,OUT,0.08900648160237513,0.02806974124343353,0.0019832094081025527,0.009748641550368005,0.059617823148603304,0.31096242729359735,0.004800362612548382,0.49581131314097154
7,7,OUT,OUT,0.16922532009488542,0.0312342383239228,0.0018742828148432544,0.009045858120003919,0.045509197679402376,0.12411463679578208,0.005015389359131555,0.6139810768120286
7,7,OUT,OUT,0.1623865409849236,0.031199311376582693,0.003390918163670986,0.011463381615055083,0.09508684639749827,0.22613817898504157,0.00894041773316147,0.4613944047440664
7,7,OUT,OUT,0.13119429962236515,0.029415336554648234,0.00215614014350041,0.010232660853883803,0.07303516783684783,0.2880347282797394,0.004989291252855935,0.46094237545615924
7,7,OUT,OUT,0.14157421389314093,0.03647143726342279,0.003196205497707007,0.019178437877197044,0.07388885006551518,0.25749417300293753,0.005830800314498615,0.46236588208558066
7,7,OUT,OUT,0.20204255093014425,0.04566025751615963,0.0028638970014443284,0.0100469981450585,0.06760916616836911,0.13185456714555388,0.00614654521157297,0.5337760178816973
7,7,OUT,OUT,0.21586644040159395,0.029972593577091578,0.0035320643696499553,0.010381707652495215,0.07056150153234123,0.17010413593500048,0.00620374381203077,0.4933778127197968
7,7,OUT,OUT,0.19418798590419692,0.057693714791867995,0.0019300921666272177,0.01010168011204421,0.059213311652473295,0.13404095215191913,0.004985762650719457,0.5378465005701518
0,7,SINGLE,OUT,0.1632496516414487,0.04956872913480633,0.0025835255933941165,0.0084553680405282,0.03765488908908742,0.11282267024562927,0.006004261678062434,0.6196609045770436
0,7,SINGLE,OUT,0.1976615068083076,0.03541800064364614,0.003097751000166317,0.01123837895009683,0.0668238606053004,0.11927350079417917,0.006917020266936298,0.5595699809313673
5,7,SO,OUT,0.13630774337097704,0.03617744832262169,0.0021097713970549075,0.03969676594617217,0.08035543896833154,0.14737928261779965,0.0061934604175392,0.5517800889595038
3,7,HR,OUT,0.1167758313874516,0.05642749951120825,0.0020785081762106088,0.051249720091722024,0.09243141051856554,0.26723377189357655,0.006470652346699052,0.4073326060745665
7,7,OUT,OUT,0.15890563829577964,0.025381840749323554,0.0019924654828177343,0.009573168360344381,0.058806390788692535,0.20876934822510937,0.0061204283742361506,0.5304507197236966
7,7,OUT,OUT,0.1586550713010164,0.041517906541515257,0.0019180759063392428,0.01236513358390042,0.07752155876092784,0.12748136733862245,0.005174639027855484,0.5753662475398228
7,7,OUT,OUT,0.3000973263579708,0.030005490721759592,0.003228311229042785,0.013717085423427753,0.10184764325648867,0.16125282936012675,0.01812972161614679,0.3717215920350367
0,7,SINGLE,OUT,0.13534881253652004,0.03482511843392584,0.003186283625012616,0.017771236742746263,0.08361502185621156,0.1360261704897427,0.00645229704798234,0.5827750592678588
7,7,OUT,OUT,0.14405929841693682,0.026627769923660154,0.005499403290656937,0.03404473436602381,0.1184351637330146,0.11004353169618333,0.0074739754576610825,0.5538161231158633
0,7,SINGLE,OUT,0.13428337850035507,0.02542389532257402,0.0041801509164716595,0.01203990303765461,0.10074998675586727,0.16741841236702534,0.009004061804242021,0.5469002112958101
7,7,OUT,OUT,0.16193373782225665,0.027135367935728932,0.004104254734730985,0.026172978165672205,0.09285400714308929,0.15023088574355728,0.016188259809086766,0.5213805086458779
7,7,OUT,OUT,0.16345486286812513,0.022170194985721446,0.00586548716824877,0.009819093908390218,0.06979278087386627,0.21996840331467776,0.005738190496483374,0.5031909863844871
7,7,OUT,OUT,0.2047645886969155,0.05881695110996517,0.002924003723866586,0.011658757915732135,0.06816996690641638,0.18916375133952568,0.005248059723341872,0.45925392058423653
7,7,OUT,OUT,0.17351703899145138,0.03219370551121183,0.0024181286249325045,0.044438085799007335,0.0622296473142111,0.18545739634921796,0.00604791450983643,0.4936980829001315
0,7,SINGLE,OUT,0.19686304309390915,0.026260164973186416,0.004464569552301278,0.010982571433496463,0.057602029523842774,0.3062673728665165,0.005286866439108394,0.392273382117639
7,7,OUT,OUT,0.18916666477188432,0.04283824595076574,0.003534009793859917,0.01043248833419361,0.0718357703271096,0.2038251414111956,0.013270534322593385,0.46509714508839795
7,7,OUT,OUT,0.22299202110638117,0.0205249386590227,0.002099820729160266,0.008624238408567969,0.05667457094945543,0.14920216482677393,0.007785864477056887,0.5320963808435817
0,7,SINGLE,OUT,0.15001303957257975,0.0356925582895672,0.003224374177017944,0.012206267956629798,0.13373868510182632,0.21967853966517004,0.009381340257078239,0.4360651949801307
0,7,SINGLE,OUT,0.15579084642857208,0.027982539884188255,0.0026712020459466945,0.00932758878119937,0.06559156693807174,0.12386139578161312,0.00460878894268693,0.6101660711977219
1,7,DOUBLE,OUT,0.19645052282298234,0.03406920375595969,0.002311080929929244,0.011068963903967341,0.10057444026033732,0.1892680812729721,0.005190615354423758,0.4610670916994282
7,7,OUT,OUT,0.21500524206681093,0.026008904901628504,0.002064716577346684,0.01028123591317365,0.07163890920911098,0.20290751638224652,0.005373238279358581,0.46672023667032414
0,7,SINGLE,OUT,0.20412012821998943,0.025754239853807356,0.0019754496156301486,0.010829218033112644,0.09025516317309626,0.1243594934718824,0.005120022733709833,0.5375862848987719
1,7,DOUBLE,OUT,0.19360540813239727,0.05079659495880748,0.0019439563635516726,0.04548148455763193,0.04443591278614476,0.1354744025606259,0.00466545834828846,0.5235967822925524
0,7,SINGLE,OUT,0.1926280431466171,0.0268470214746828,0.0019373185269553565,0.04880292823101014,0.1112032581371587,0.22871383134439388,0.008761383245409296,0.3811062158937726
7,7,OUT,OUT,0.1679690314134147,0.03517672845912126,0.002151113350777945,0.014689815095070268,0.0806595785443292,0.15563517844683694,0.005320500340056184,0.5383980543503933
0,7,SINGLE,OUT,0.16110589808003756,0.03967465851014084,0.0025563819124307793,0.01072172050345264,0.0506924719070055,0.16497739954089163,0.0059733930481359505,0.5642980764979051
7,7,OUT,OUT,0.09947292150305956,0.033094001693588504,0.0019738986639125976,0.01193333741834074,0.09081865114573104,0.13605300694353265,0.00826066332133422,0.6183935193105007
5,7,SO,OUT,0.14411199499626123,0.04335037676616577,0.0024889446713415356,0.009322802793990979,0.06504247840118871,0.17067347949420952,0.005297265157974388,0.5597126577188679
7,7,OUT,OUT,0.1735113927869301,0.05616750288765678,0.004578693674450487,0.009234210004517067,0.07730539422426504,0.16500559596468972,0.009491717613263844,0.504705492844227
7,7,OUT,OUT,0.158955302269451,0.03149438449789455,0.002134993918532501,0.010626694876623887,0.06392423601371494,0.23945004731149927,0.006042281226157913,0.48737205988612586
7,7,OUT,OUT,0.1623283235576039,0.047687119733928654,0.0026295505088696335,0.011148908264292682,0.08785620203436913,0.1586092777608258,0.006525309889918102,0.5232153082501921
5,7,SO,OUT,0.17348004848334192,0.037630931798160405,0.0021476029026473633,0.011029501780296073,0.09498922698668223,0.20133648985151983,0.005228314387889892,0.47415788380946233
7,7,OUT,OUT,0.2502097002115443,0.036830008340522566,0.0022522463094737655,0.011503491756842916,0.04021269582307238,0.20598809253162248,0.00920741525603601,0.44379634977088556
5,7,SO,OUT,0.1237104618284211,0.03696359599412136,0.0019177332935275447,0.0096997539722771,0.07211668877155097,0.2911800729705081,0.005151530072259054,0.45926016309733464
0,7,SINGLE,OUT,0.10042641724510115,0.01915610034356466,0.0017886052710301239,0.010272346336002961,0.03916421016789928,0.3142681145381151,0.005095597243509092,0.5098286088547778
7,7,OUT,OUT,0.12624726126966268,0.025130680825715557,0.002235260672878019,0.009372417104759547,0.09864224148277019,0.27048197987027717,0.004499812099060511,0.4633903466748763
4,7,BB,OUT,0.1231859408901789,0.04664021170958288,0.001955588706291829,0.018239353213774335,0.11596672239013915,0.26205581773336545,0.006336208151568062,0.4256201572050994
1,7,DOUBLE,OUT,0.19017246229020343,0.03536417745629997,0.0022389707865454658,0.010316308217342886,0.09442929726713482,0.13013901697407834,0.0050638168204349895,0.53227595018796
7,7,OUT,OUT,0.18940810297172023,0.025360129498347355,0.00195733068522125,0.010660378592241258,0.09560874619187137,0.12472338018634,0.007056251032707408,0.5452256808415511
0,7,SINGLE,OUT,0.14609757497732243,0.0371449223375865,0.0017526701162001268,0.015309216379080639,0.04872699220930528,0.12877371742483934,0.006767271854650502,0.6154276347010151
0,7,SINGLE,OUT,0.1931649680813139,0.03821677451276291,0.0030493424633092066,0.011105213403799292,0.06528800436763944,0.13746868063485992,0.004519795800406605,0.5471872207359086
7,7,OUT,OUT,0.15185159017957645,0.03831643015551134,0.001938772995224016,0.01487266037432542,0.0720186773979916,0.19013395888062523,0.004782496113927318,0.5260854139028187
7,7,OUT,OUT,0.16729240382854987,0.03456002995790137,0.0058476154200555784,0.0150306548760984,0.0713011643758416,0.14893871435493422,0.006247721158030347,0.5507816960285887
7,7,OUT,OUT,0.14923501079761672,0.03546675092604758,0.0019264356358883092,0.0102578743088629,0.06807792814543523,0.17246019140783356,0.004642473544080738,0.557933335234235
0,7,SINGLE,OUT,0.11037747660703882,0.039180217806136404,0.0017320891573287729,0.00843470943327088,0.08820391765304936,0.1322477965760689,0.0046464319778713355,0.6151773607892355
7,7,OUT,OUT,0.14515600999282394,0.023063162429505173,0.0020591881237911258,0.01006723288017347,0.05442045028231047,0.2778698057715316,0.004920343983520514,0.4824438065363438
7,7,OUT,OUT,0.11166997162597952,0.021617145758689046,0.002007955613814227,0.009777645115682198,0.08093367236197208,0.32167510020029577,0.004609922969309166,0.447708586354258
0,7,SINGLE,OUT,0.11041521290068125,0.023675273340100257,0.002060142528342709,0.009679635822585943,0.04659807452814178,0.3286589135528648,0.004922624493318998,0.4739901228339644
7,7,OUT,OUT,0.11738789817034195,0.04634515059628037,0.0019351449178716357,0.010985174717514716,0.08185131497267464,0.1766918068952961,0.008745775109269075,0.5560577346207516
4,7,BB,OUT,0.12906653287987127,0.024443162595503765,0.0020632553465694424,0.012604939774165175,0.045435421916883593,0.21572664546576747,0.007464486646721541,0.5631955553745177
7,7,OUT,OUT,0.11286433614253777,0.018638781051400332,0.001851309105275146,0.0099170556568576,0.06063557491982197,0.3005111951030799,0.004968524436246291,0.490613223584781
5,7,SO,OUT,0.09998530886371577,0.026502498209202918,0.00183181881106008,0.010713767228360533,0.03806689567259621,0.18638186747344654,0.004966555303403515,0.6315512884382145
0,7,SINGLE,OUT,0.10086438894507414,0.022176265920987367,0.0021698681913009574,0.011038195828126282,0.04838051315652929,0.2249512050086545,0.00535627322300609,0.5850632897263214
7,7,OUT,OUT,0.14765577399921634,0.0243568050181932,0.0022561189833614965,0.01301396901252691,0.08025186544225682,0.21890048545679885,0.005652176998089519,0.5079128050895568
0,7,SINGLE,OUT,0.15017744155773277,0.02122027498537942,0.0058305710020708605,0.012514809022883428,0.09299588092553067,0.1494363414604766,0.007644959978375398,0.5601797210675508
7,7,OUT,OUT,0.11235091323652102,0.02946916189679943,0.002018252234930606,0.01649832184279932,0.08057368971008406,0.15972159433653438,0.004839873785972643,0.5945281929563585
0,7,SINGLE,OUT,0.13738844374063197,0.030124026765441,0.0021950462454114294,0.017590695110435782,0.06825881432021237,0.16951127895695628,0.006904510387130489,0.5680271844737805
5,7,SO,OUT,0.10912824974508194,0.06392370557422941,0.0018668698149625768,0.012402981164074801,0.07102623842932683,0.17693420568273052,0.00582343883662901,0.5588943107529649
7,7,OUT,OUT,0.14541662259936453,0.025790706526742067,0.0035125773368551946,0.015640093150322838,0.08695180242540972,0.19322958514683228,0.016341805809891703,0.5131168070045816
1,7,DOUBLE,OUT,0.1620203573524233,0.040905744818316166,0.0026696809611473477,0.012700528489953322,0.06593215403208362,0.1900245699677118,0.010532464283304717,0.5152145000950598
7,7,OUT,OUT,0.1418655569016153,0.030356264689134365,0.0020725384756939136,0.00992711212055404,0.05791283116484002,0.2542462577178259,0.005051124089886807,0.49856831484044956
5,7,SO,OUT,0.16323957692898508,0.03594556163569354,0.002586091741701369,0.012794151383943249,0.1199488869495841,0.18853689228488613,0.005332435253197241,0.47161640382200914
3,7,HR,OUT,0.09687045584590985,0.025095255838132022,0.001692766949990779,0.010591457688135932,0.04758583174470939,0.14639292576621124,0.018599753424940062,0.6531715527419708
7,7,OUT,OUT,0.19787039659287622,0.04252112829790336,0.0019171574410713013,0.025471352068984453,0.046993530787991254,0.14470121751337253,0.004615909631140726,0.5359093076666601
5,7,SO,OUT,0.21413230668526317,0.023260566364797508,0.0020795033498624527,0.015387551803643743,0.09202875597109762,0.21958535332428217,0.0058974347293590775,0.42762852777169424
7,7,OUT,OUT,0.17379406557072097,0.05331855985542647,0.0025493882285023647,0.014434827242618273,0.09556635087081931,0.1737180383380878,0.005778251977412034,0.4808405179164128
7,7,OUT,OUT,0.1174807826913272,0.026712827674029514,0.003016017307189375,0.009529445763384851,0.05787062004285083,0.20988762230880195,0.007256129799993003,0.5682465544124233
7,7,OUT,OUT,0.19105205769289108,0.02457605129574224,0.0019913197040840195,0.011928726034647976,0.07502924216529244,0.12639987138916592,0.007772557227647056,0.5612501744905293
7,7,OUT,OUT,0.2258917457767292,0.04393019871370989,0.002038902308006996,0.02401197332812343,0.06571767650508606,0.1329726563694413,0.004784458670266348,0.5006523883286367
5,7,SO,OUT,0.18427636865199246,0.04210623315391823,0.002107173892773646,0.011953213971179072,0.07020274635381551,0.1664152609423443,0.007258813037939239,0.5156801899960376
7,7,OUT,OUT,0.21981868884428682,0.020770493617844842,0.0019839636424523704,0.010390420691620883,0.06896456033088179,0.16955348393613598,0.006469069770229144,0.5020493191665482
0,7,SINGLE,OUT,0.13234624519542132,0.023916712144030666,0.0027474558908037986,0.010287441603612222,0.05114836065498513,0.23546540176468103,0.004972562349373225,0.5391158203970927
5,7,SO,OUT,0.10780857355074754,0.029771358179182805,0.0023289726197772117,0.013702419505135689,0.07098635785140817,0.26445435658923433,0.005991078372606549,0.5049568833319077
5,7,SO,OUT,0.14270337182436685,0.03563721734325119,0.0020788520116731737,0.03623387493234255,0.11056502091531148,0.23654854378455206,0.01422338460835658,0.4220097345801461
0,7,SINGLE,OUT,0.19569380070275647,0.024722749928596282,0.003491574410538357,0.009753178896267416,0.06136399595980059,0.11339725550852414,0.004440092981140132,0.5871373516123767
5,7,SO,OUT,0.16826697777645572,0.026780327503966913,0.0028625991131863236,0.010733654444085612,0.06290795927748595,0.1397236367128032,0.006334272970638052,0.5823905722013782
0,7,SINGLE,OUT,0.1920964906194669,0.056242494402078756,0.003429424391932109,0.010334480335152964,0.05998876166525892,0.15770549891430374,0.007142512823911175,0.5130603368478955
7,7,OUT,OUT,0.10473282043776769,0.034398704292308305,0.0019451638619393944,0.010099920234277658,0.06016006401340025,0.13236365208771594,0.013932396221117194,0.6423672788514735
0,7,SINGLE,OUT,0.16072802975388903,0.03132977116049259,0.0030090968812445003,0.0121296509775312,0.10739762794282395,0.1604742751641629,0.00644466430793444,0.5184868838119215
7,7,OUT,OUT,0.2098548145725921,0.03859202646412737,0.0022705421771068448,0.012396896327818364,0.07619094946104965,0.13464330678066389,0.00461923582020587,0.5214322283964359
7,7,OUT,OUT,0.20213641812965896,0.03525394453396675,0.002529504393883818,0.015465474052176829,0.07692563678892483,0.13474609116185937,0.0063483206226157265,0.5265946103169137
7,7,OUT,OUT,0.18934618457583713,0.04153244019043435,0.0019703461494237078,0.01682598679552212,0.11212438640432042,0.1412018876133277,0.005156032922576693,0.4918427353485578
5,7,SO,OUT,0.18006415629768235,0.03093938159055062,0.0021648298523639095,0.0203511834205563,0.09001779615561675,0.20968000817812388,0.004958067110765786,0.4618245773943405
4,7,BB,OUT,0.1764581084462009,0.02687015379812091,0.001918523011606714,0.015187828248945046,0.10728033412152824,0.23876472922896336,0.005225280024617001,0.4282950431200178
7,7,OUT,OUT,0.18001902278757467,0.025052762337813388,0.0018170004850742339,0.013682300398461503,0.0926161205371984,0.11633274773662834,0.005186981089090753,0.5652930646281589
1,7,DOUBLE,OUT,0.1875869103845231,0.024009822211879694,0.0027803797801608664,0.01042449171319519,0.10501615267961281,0.19153745035591752,0.006066580711030432,0.47257821216368034
5,7,SO,OUT,0.19476721843804445,0.019481087857784688,0.0037333607914594616,0.008859640923339818,0.08588236169106914,0.18843530957134513,0.004743606764812659,0.49409741396214457
7,7,OUT,OUT,0.16134237823893244,0.03777400295717218,0.004258222426284006,0.010699680008010371,0.07404767366477479,0.20036781457817562,0.004694176798414781,0.5068160513282358
7,7,OUT,OUT,0.11479403759452755,0.021990141220182072,0.0024547186188212636,0.009219165370353905,0.10059172081044439,0.25376412960027633,0.006962421921452037,0.4902236648639424
0,7,SINGLE,OUT,0.16422149942412997,0.023994526393872853,0.0023110138867219504,0.010954205396525918,0.09432212144928276,0.2455630382735716,0.004909384452978571,0.45372421072291647
4,7,BB,OUT,0.29844859280295705,0.020109844653917196,0.0024989193916250966,0.009247434096566119,0.1071912908788842,0.16841056859821205,0.004116925714663995,0.38997642386317444
7,7,OUT,OUT,0.14130706281940156,0.02428384414573985,0.0019105997755114507,0.01961215151408938,0.09072305970069879,0.13448662671408315,0.00926782648192929,0.5784088288485466
4,7,BB,OUT,0.17870820387156183,0.028013477846529338,0.0022011574342805443,0.009734358571199482,0.06610604111563911,0.207616902780558,0.004888754344892967,0.5027311040353387
5,7,SO,OUT,0.1896621832762648,0.034975404032447976,0.00776982962929223,0.010471891981196899,0.07259504635892816,0.19070016236473059,0.005896440497740484,0.48792904185939884
5,7,SO,OUT,0.20051074810105599,0.028337821594348927,0.002595771539505436,0.01075081960392245,0.057923589258036916,0.16680137347662047,0.004843473657336829,0.5282364027691729
7,7,OUT,OUT,0.11999419354335937,0.03521257012410954,0.0022350547562002224,0.022082460923995142,0.05953956664094349,0.14427402498095548,0.00942125948830084,0.607240869542136
7,7,OUT,OUT,0.0991642521229632,0.0486950141437249,0.0025650901687654048,0.010263337172213578,0.055299403353326414,0.22634260192098604,0.005837050692050072,0.5518332504259703
5,7,SO,OUT,0.14506031819446505,0.028896460668082206,0.0020126736661045205,0.04373558305105919,0.08024159763724092,0.2716410473750769,0.009210408193208708,0.4192019112147627
7,7,OUT,OUT,0.16842348641494265,0.0293560583254431,0.0031436142673790584,0.010261333778792629,0.07153160088638572,0.13333025732568882,0.0049885192775158535,0.5789651297238522
7,7,OUT,OUT,0.2024312847835423,0.03373536951783907,0.0020532873802433026,0.010861144824337286,0.0772219575275968,0.14836781635357216,0.0053515388900631155,0.5199776007228059
0,7,SINGLE,OUT,0.2085251740519817,0.038031177105361795,0.0021304643223506144,0.011339303844235845,0.07161289355914091,0.15702941063329368,0.005641447702923315,0.5056901287807122
0,7,SINGLE,OUT,0.185550256522796,0.022528688547888736,0.0021155972943152166,0.01002253000615362,0.06907946571030732,0.1535406714928866,0.005207277218311646,0.5519555132073409
0,7,SINGLE,OUT,0.13131600107134683,0.030112174497691668,0.004422051363518643,0.012512357762898656,0.05046605311125841,0.17812544942479858,0.005299780268199924,0.5877461325002872
1,7,DOUBLE,OUT,0.1435908866545822,0.02701138496347696,0.0022405148529458024,0.012862248948344458,0.06812646792205723,0.2015166083896882,0.005472156884869074,0.539179731384036
7,7,OUT,OUT,0.15798811050855835,0.02710877399735779,0.003562985290133978,0.01054370381093339,0.10978897530579071,0.16002074301173164,0.005739939225547734,0.5252467688499465
7,7,OUT,OUT,0.19144931621952133,0.02220379407247514,0.002206060525515626,0.01385473367220716,0.08054745026014061,0.18718729015178456,0.004791666396145062,0.4977596887022105
7,7,OUT,OUT,0.11941798274052473,0.02208517018147057,0.002269385097170245,0.010234264881523533,0.07420514586388263,0.28661897941697473,0.0063713614177361485,0.4787977104007174
7,7,OUT,OUT,0.2062769691132758,0.028080416315043502,0.002277593114736586,0.011535755877960468,0.0814379150551478,0.21571231282926318,0.005307634903391455,0.44937140279118115
3,7,HR,OUT,0.25864725875014877,0.023097377636806853,0.0020172642726455398,0.010735537466369793,0.0906979679707323,0.18783776301402436,0.004985309241498557,0.42198152164777386
7,7,OUT,OUT,0.21954902645364635,0.02778141400586117,0.0020196624536062704,0.012111142042977962,0.08775987045027414,0.12753703442829475,0.00555210369781189,0.5176897464675274
0,7,SINGLE,OUT,0.17077756272420885,0.03249699099922495,0.0024727762806518905,0.009421241235455943,0.04852371359678123,0.1516248391162367,0.0059841292573696615,0.5786987467900708
7,7,OUT,OUT,0.09364479155137444,0.031018086312238714,0.0019853611373456892,0.01388149589042824,0.08106432087486111,0.1385072627725363,0.00977506078506613,0.6301236206761492
0,7,SINGLE,OUT,0.14231512387577988,0.025678680644702648,0.0020579576421218136,0.011539375292897312,0.1021988468343938,0.2382910112053184,0.004821520371439057,0.473097484133347
7,7,OUT,OUT,0.15459539936646347,0.020954300154209574,0.0024330203527798966,0.009700389286800044,0.08583438285712637,0.2047215871484245,0.00516577011972764,0.5165951507144685
5,7,SO,OUT,0.19717707036489995,0.023137325763683946,0.0037361848596068844,0.012158112990520076,0.08783800400330957,0.178853760537921,0.006754443174246359,0.4903450983058122
7,7,OUT,OUT,0.16876125668129435,0.020980537831073672,0.0022195136250031194,0.013195035738002256,0.12609731727708262,0.1748854638574696,0.004703950931586706,0.48915692405848776
0,7,SINGLE,OUT,0.2879605165012213,0.028331526153471773,0.002193468398463348,0.009145322233656297,0.051867933460735344,0.1788327601996378,0.005303136108424478,0.43636533694438956
5,7,SO,OUT,0.1780950901393262,0.030776185228387976,0.002227061336578113,0.010537733411134103,0.10155959214124541,0.18410716122037415,0.0049422312742115745,0.4877549452487425
4,7,BB,OUT,0.19239047526021966,0.04015204247005726,0.0021137184701917177,0.029214374070582912,0.05655019032046439,0.136748093852788,0.005212086767651533,0.5376190187880446
1,7,DOUBLE,OUT,0.17421345701260868,0.029701100228799588,0.002021476322819903,0.030797307996984755,0.09852309525859838,0.2624770860273389,0.007631694734090133,0.3946347824187596
1,7,DOUBLE,OUT,0.14858127001793764,0.02537696688098339,0.0034052179628187664,0.030864324477669916,0.05912570991383433,0.10944872109758595,0.004442746929652088,0.6187550427195178
3,7,HR,OUT,0.16914191218565594,0.036405527212895396,0.0018841892755823572,0.01894517644646777,0.08667034421847866,0.1925465968869001,0.005199815514301601,0.4892064382597181
7,7,OUT,OUT,0.14968245740441788,0.04070881033026671,0.002515661064258609,0.024006831159582485,0.04902657071621638,0.18877503427143266,0.00785017389962388,0.5374344611542015
7,7,OUT,OUT,0.11563230403769985,0.0434075692297105,0.001980120806750598,0.009580531384574969,0.061645465769112257,0.1802598258638207,0.011773826217112043,0.575720356691219
7,7,OUT,OUT,0.1672403367154763,0.04487864170671107,0.0020754778188709754,0.01172495011537342,0.097523606894521,0.14281168411598374,0.008803582642072295,0.5249417199909913
7,7,OUT,OUT,0.22920825670159298,0.029187066445795388,0.0018599024697138421,0.00977965779905909,0.07693822495804267,0.23136505663317858,0.004655426001703963,0.41700640899091346
0,7,SINGLE,OUT,0.17185486409241443,0.03831157791691602,0.0032937644482328226,0.015392066668220353,0.07284556989371924,0.13734214277538187,0.005950918812130347,0.555009095392985
5,7,SO,OUT,0.20109026148770526,0.03764524727820044,0.0021081491969105956,0.009829291955361742,0.06256684597210833,0.18918703417583846,0.004876332600221785,0.4926968373336533
7,7,OUT,OUT,0.1703326460504979,0.028195332166781894,0.0018779654375451432,0.00879831153042642,0.05602433388011235,0.26478483158192834,0.004381025480062037,0.46560555387264596
5,7,SO,OUT,0.14641612969799,0.03255383345485208,0.0024322337462530253,0.009042322346380048,0.06754213072244736,0.2006390122637461,0.004504182488241269,0.5368701552800901
1,7,DOUBLE,OUT,0.18018769896901413,0.035166166280233904,0.004204320485361401,0.011588119384519936,0.11506085156154951,0.14771981917098104,0.005438786447477235,0.5006342377008628
5,7,SO,OUT,0.11784271567170863,0.047435456900325794,0.0019591124956564675,0.027925943979245818,0.10732571854048548,0.26124232920622237,0.006306655135088151,0.4299620680712674
0,7,SINGLE,OUT,0.16028756253830656,0.027546727628618657,0.001950793348351927,0.009055018966865247,0.12390110474538296,0.12341519825263698,0.004649281737336714,0.549194312782501
4,7,BB,OUT,0.13131573028364996,0.04982262112837206,0.0027752648493360316,0.03779083649591687,0.125049625425473,0.13041954254416435,0.005657174140383338,0.5171692051327044
7,7,OUT,OUT,0.1127700326228603,0.030110254958980582,0.0020702932687474166,0.03720071666745815,0.12674549448411504,0.2858265613200716,0.006005844862408739,0.3992708018153581
7,7,OUT,OUT,0.1881973642822727,0.030576931421554838,0.0020387047592842,0.014641323017676375,0.06816486770441085,0.13389400424080475,0.005389967701350014,0.5570968368726463
0,7,SINGLE,OUT,0.1809214344934585,0.044667054535112535,0.002513788881596693,0.009836516416412696,0.09238281289342322,0.12011022308244827,0.00450684576481174,0.5450613239327364
4,7,BB,OUT,0.14922141274961298,0.043627663051208104,0.002136579360091224,0.023494362255968168,0.13170385776623586,0.21915380847228805,0.006262870861101601,0.42439944548349406
7,7,OUT,OUT,0.15041460752999977,0.04317801287498272,0.002167450418105389,0.008767490561992435,0.05812713746937138,0.11536155822682122,0.004627102291583766,0.6173566406271432
1,7,DOUBLE,OUT,0.15026866166964817,0.04802917314885736,0.0021658386500714327,0.018142111716535056,0.0721829162760874,0.18713952525939,0.0073485911868143225,0.5147231820925963
7,7,OUT,OUT,0.12706770247447177,0.029144614154799565,0.0021955355496733565,0.011305964898982229,0.057057785299207,0.2632078669355673,0.004716037980667193,0.5053044927066316
5,7,SO,OUT,0.15867152648591115,0.029988657651695203,0.0036908697511744467,0.009549482300167916,0.05929712399454556,0.17738434994018434,0.00664357914455911,0.5547744107317623
7,7,OUT,OUT,0.12063453293393755,0.023934455150454465,0.0023156777353561695,0.011465609009850301,0.05971590394656822,0.19313113575874033,0.004547739192016799,0.5842549462730762
7,7,OUT,OUT,0.13312750226441447,0.024489128913367422,0.0021682639266004692,0.010637969070595117,0.05002580665729501,0.33617454015728615,0.0051047625624365,0.4382720264480048
7,7,OUT,OUT,0.29592458902227187,0.04423383741421809,0.0024691018626200236,0.00990617980751746,0.06695258631576394,0.13185175526184717,0.013213660102796562,0.4354482902129649
1,7,DOUBLE,OUT,0.12916514832178808,0.07817456324972036,0.0020923429461085098,0.02734826219210618,0.12651262351474282,0.1921979056961081,0.006074574622003843,0.43843457945742215
7,7,OUT,OUT,0.1587908569017491,0.02440646378963702,0.001988959106906406,0.009388099563578728,0.09311210756620265,0.19300254301607955,0.006422536548550739,0.512888433507296
5,7,SO,OUT,0.132313673776212,0.025221935469789594,0.0019951398216938787,0.00950991086159801,0.09148906372600804,0.23264021087804732,0.005720421456318112,0.5011096440103331
7,7,OUT,OUT,0.10762828194010561,0.02915456604439644,0.0018978275174732797,0.008956930314292356,0.0825937867939872,0.16735376290178244,0.006984305323889453,0.5954305391640733
0,7,SINGLE,OUT,0.12483700278621339,0.04445446695513474,0.0022646915381780075,0.045321771811791305,0.08503700359547135,0.28944000562751376,0.00600981827107362,0.4026352394146238
4,7,BB,OUT,0.19369416923610944,0.02652266698521686,0.0029646540441948506,0.010698240248465178,0.11664004453284853,0.12720919903873973,0.004979811229368896,0.5172912146850566
5,7,SO,OUT,0.156556891418107,0.05467213575440773,0.0023855077346571127,0.030976491776504175,0.0944130068407749,0.14101070082089845,0.005307168609523286,0.5146780970451273
5,7,SO,OUT,0.1029076431557877,0.02901118098941917,0.0019109658949163228,0.03926890238082572,0.05612587184500815,0.3734931368746012,0.005227185638555746,0.3920551132208862
7,7,OUT,OUT,0.14214377674014803,0.026248390053278583,0.002047367305609234,0.009511110256465007,0.061391799153064225,0.27693907429195974,0.004756948457084704,0.47696153374239036
5,5,SO,SO,0.07236434572017655,0.020597052529025668,0.0016119520803010376,0.007911765895276578,0.04622049447072629,0.49776055912830347,0.004042531512236401,0.34949129866395395
5,7,SO,OUT,0.10286981428747434,0.022647060631334367,0.0020250185254049916,0.009209567541568391,0.04594297973890112,0.3265746709525522,0.004690524208932629,0.4860403641138319
7,7,OUT,OUT,0.12278579115006642,0.023577896147135374,0.0019337426544221306,0.008968282442406536,0.04126997002108645,0.1645235846495747,0.004370384720237372,0.632570348215071
0,7,SINGLE,OUT,0.1413019614653461,0.039059179790751804,0.002244098005233826,0.01106657857061944,0.06590810107537685,0.12504368117984813,0.005164391016447424,0.6102120088963764
7,7,OUT,OUT,0.11106172173631962,0.04318834447617612,0.0019493910805537583,0.019705717033920652,0.10129219116967025,0.23042469858977796,0.006061045731024931,0.48631689018255675
4,7,BB,OUT,0.14463269402246703,0.029444247089559807,0.001967513205331088,0.008976597428127106,0.04990073303041731,0.13320821491901672,0.005073433979655969,0.6267965663254249
7,7,OUT,OUT,0.13564947565453392,0.06112217518882771,0.002223500582477848,0.01976017492877059,0.08034910367542,0.20612432457867744,0.01114684867378229,0.4836243967175101
7,7,OUT,OUT,0.1485176328428702,0.030382386601545915,0.0021203306986074875,0.010341989664717473,0.04507218591281973,0.22817373202763386,0.005690788813982008,0.5297009534378233
1,7,DOUBLE,OUT,0.1835047432215543,0.033211524530144323,0.0034562494592253737,0.011395651948997592,0.10811869113246625,0.16472704802918578,0.005509883766986353,0.49007620791144013
7,7,OUT,OUT,0.13880421384496802,0.061781667580612126,0.002212449531214063,0.028751983657620803,0.09447369358846974,0.24750446764093983,0.007660238991123792,0.41881128516505156
4,7,BB,OUT,0.18712774697322773,0.033472090946506494,0.0020210577837026238,0.009865110152807464,0.10839804030266607,0.1311709140253327,0.005007649329168846,0.5229373904865879
7,7,OUT,OUT,0.14434034756825348,0.046078498277359735,0.002349421832829413,0.03093747136859754,0.10033242841773324,0.1368778325325368,0.006023890336607543,0.5330601096660822
6,7,HBP,OUT,0.11385220972083598,0.029109557202615835,0.0020695354374497318,0.06339581029121139,0.08556950863532395,0.27348469282045046,0.005871961874857223,0.42664672401725545
0,7,SINGLE,OUT,0.19070052258343426,0.035021760056897326,0.002054307751022017,0.011335785627453786,0.0712302547550864,0.14758402952774063,0.005465168626426368,0.5366081710719393
1,7,DOUBLE,OUT,0.11258722551209802,0.021516637570724147,0.001714602002076968,0.008023457972989227,0.03767340042319479,0.2228569687687076,0.0039196636287875015,0.5917080441214219
0,7,SINGLE,OUT,0.11728947107950544,0.02279158353226146,0.0019832468182556734,0.00931833923280076,0.0448587812606936,0.32987520666184716,0.004738885406970392,0.4691444860076655
0,7,SINGLE,OUT,0.09004287226033143,0.02302504014970287,0.002128510331568407,0.009595733833347659,0.06439251574999615,0.3257487911279546,0.005063435808068915,0.4800031007390299
7,7,OUT,OUT,0.1491812060521367,0.034795270460164535,0.004143089166685748,0.01236066830194596,0.10078354445735795,0.15746453836759142,0.005563720533040781,0.5357079626610769
7,7,OUT,OUT,0.17218714895866263,0.02176811497319318,0.0017550348083233815,0.008624536500141434,0.04404006982326524,0.26846740758721305,0.004727689560770389,0.4784299977884307
7,7,OUT,OUT,0.11400923001358261,0.029091459308059658,0.0017183290123934539,0.008529903190329861,0.03799696496052621,0.18991347976351344,0.004677391982908346,0.6140632417686864
0,7,SINGLE,OUT,0.13185610988781932,0.026612272116217882,0.00219561104711547,0.010738238565567387,0.05093301509674384,0.32423428436667173,0.005913333218512765,0.44751713570135176
5,7,SO,OUT,0.08273896676257482,0.023856474484468995,0.0019278045566262323,0.00936484713056333,0.04198492656818305,0.3926348351977606,0.00492788356425015,0.4425642617355729
5,7,SO,OUT,0.13161200704712955,0.03875166285690143,0.002034942247893815,0.05914269847975786,0.08562789174165705,0.25783046046697217,0.007045312069191204,0.417955025090497
1,7,DOUBLE,OUT,0.20178152502935381,0.04869253092702347,0.002278180652689493,0.012579955756724043,0.10074210358064108,0.14215752085364797,0.00548826904885532,0.486279914151065
7,7,OUT,OUT,0.15584659809415607,0.03994524254096239,0.002399376955746188,0.04660915864064621,0.13918475252941645,0.14646205314656785,0.005829596362543048,0.4637232217299618
5,7,SO,OUT,0.1066783230513437,0.03053093863502912,0.001927143208133608,0.08872855827715613,0.06384492341947404,0.2929296470548293,0.007043366255296493,0.4083171000987376
7,7,OUT,OUT,0.16626602116661798,0.02764500822408672,0.0021245813023174315,0.011436314155210488,0.08838247593958572,0.14608583825646224,0.0056035976274501865,0.5524561633282693
7,7,OUT,OUT,0.16826359802719426,0.03222737872074417,0.0019935043691721287,0.010133553841491961,0.06191178205111421,0.16037529182234678,0.004766710717390133,0.5603281804505463
7,7,OUT,OUT,0.14478288286551982,0.054116313029510484,0.002044003766271754,0.029650700937307314,0.09165760513207119,0.2804923649526344,0.008840511332289408,0.38841561798439556
7,7,OUT,OUT,0.15664399329998033,0.03401622734379087,0.0029424916053827225,0.009216182386326375,0.0615984680286265,0.15201179706664072,0.004958313999356424,0.5786125262698961
5,7,SO,OUT,0.20456559050184536,0.0307354225051477,0.002014943999397464,0.010319257777986812,0.0540371356266199,0.13500325510848582,0.005472927485375517,0.5578514669951414
5,7,SO,OUT,0.18007800112563688,0.054446134025375015,0.007294716891703174,0.017025050728734923,0.061946434798463124,0.1250926105774261,0.004256737509943082,0.5498603143427176
0,7,SINGLE,OUT,0.17961909664465592,0.044234840596303275,0.0036003861642230134,0.009796919306702094,0.0916717407931163,0.13260883583381114,0.004932633266110991,0.5335355473950774
5,7,SO,OUT,0.11576020216817327,0.03739589153813344,0.0023872299402787904,0.010399957071944958,0.04487971911042364,0.2527178620971879,0.004689081296622711,0.5317700567772353
0,7,SINGLE,OUT,0.1428928367888899,0.029196741479677754,0.0022557949920714022,0.04313315398830647,0.0945684890561558,0.1357998705838678,0.007853593376213266,0.5442995197348176
4,7,BB,OUT,0.1304234994066027,0.028202627602057048,0.0027448467448639336,0.010604728532297247,0.09263216874576706,0.176104238039364,0.00913589655449647,0.5501519943745515
5,7,SO,OUT,0.1209498727383683,0.025455949803370178,0.002715040372061052,0.01077414937498746,0.05876575902736189,0.329889398837415,0.004979663547341338,0.44647016629909486
1,7,DOUBLE,OUT,0.13978516980745195,0.025560530037357258,0.0025921014071066,0.011408610912682663,0.05370964754736109,0.3527782433822792,0.008563694529534416,0.4056020023762268
7,7,OUT,OUT,0.09163695567070623,0.023425227551930838,0.0020584737016284623,0.009213124754618697,0.043966073028945604,0.3597153715644664,0.0046264604900280604,0.46535831323767557
7,7,OUT,OUT,0.20808129724237767,0.03663888152525497,0.0030526191407703102,0.015426051911173026,0.06115027862905519,0.166911317532763,0.00869116365067822,0.5000483903679276
0,7,SINGLE,OUT,0.12174074830492194,0.0450595034602568,0.0019312618200935537,0.012271754440081857,0.0651199366995841,0.19284314560161897,0.004625679150687018,0.5564079705227557
5,7,SO,OUT,0.15021623780234414,0.03585610712496182,0.004047174304887406,0.014313656005338057,0.05910044773868193,0.14229902371109637,0.006151158714265857,0.5880161945984245
7,7,OUT,OUT,0.0830639063375912,0.021668023733918188,0.0017428867505451164,0.00943641125688736,0.040941394826523085,0.4005582132448869,0.004251979673717318,0.4383371841759309
7,7,OUT,OUT,0.14447294944725375,0.02885574197786547,0.0022635773310080674,0.04876702837759381,0.08195127958933998,0.14095626914523793,0.0058099778188464134,0.5469231763128546
4,7,BB,OUT,0.13332794084389715,0.04151559474385695,0.0024658124069888683,0.04288421176341015,0.11281345983444381,0.2641129881415005,0.006805506522905723,0.3960744857429967
7,7,OUT,OUT,0.14663065187373223,0.03208256470796342,0.00226269808075601,0.03711230676060712,0.096558601375038,0.1398548011703884,0.0049748970768785615,0.5405234789546361
4,7,BB,OUT,0.1427889835790024,0.046450399034512244,0.0028959550932506108,0.01045101134621152,0.07524646473259158,0.17530192326849378,0.005966099574177211,0.5408991633717606
7,7,OUT,OUT,0.1329278579797802,0.026851282191449184,0.002476795112125539,0.011450769256147422,0.0563373036002881,0.33923974190701117,0.00664896398858071,0.4240672859646178
0,7,SINGLE,OUT,0.200007573360409,0.03225925716887263,0.0019746363085393548,0.029419471145636065,0.05478689597052015,0.1408940128016258,0.004970499065933297,0.5356876541784638
7,7,OUT,OUT,0.12002029540782826,0.03474465758028888,0.0019479141393157172,0.023989087281764812,0.07387704921619738,0.19659973604151895,0.006488287920499791,0.5423329724125862
0,7,SINGLE,OUT,0.16770317493995468,0.03440229157181744,0.0019967216452054797,0.013068103172005801,0.06684590833167524,0.14165413585406517,0.008268962646473203,0.566060701838803
7,7,OUT,OUT,0.14162768723097258,0.03882501787626576,0.0022950300892895814,0.010836382391954636,0.05239884103518756,0.1594403094014217,0.004310104557255177,0.5902666274176529
5,7,SO,OUT,0.12591787956478961,0.038279277142281555,0.0020579581079495663,0.013884996872757651,0.06425598088788124,0.23343077994399938,0.004917547581744952,0.517255579898596
7,7,OUT,OUT,0.2163398323860951,0.020872718528845802,0.0056305046851549195,0.010107764038128976,0.05491330683635621,0.1181360690332085,0.00861658921595032,0.5653832152762602
7,7,OUT,OUT,0.10878784604816824,0.02374037428210386,0.0019216098396074906,0.01097418032333888,0.046742533427918606,0.29988018188486165,0.00666182603232528,0.5012914481616759
5,7,SO,OUT,0.08312550390523421,0.03292942406529369,0.001952962622715482,0.011450574554541747,0.04435059659903031,0.2673902671595447,0.0052482050502091464,0.5535524660434307
7,7,OUT,OUT,0.20050239606281006,0.03397498290224599,0.002515228901387355,0.01750835761316707,0.05488406631693051,0.15261500145852624,0.007055184722966787,0.530944782021966
0,7,SINGLE,OUT,0.17474225433017965,0.031192956783371483,0.004523683153228417,0.013678824768716078,0.06732234175724085,0.14428786291168177,0.007268845061514362,0.5569832312340673
4,7,BB,OUT,0.1449799855772485,0.03143950705121625,0.001841406152349281,0.019924334242777626,0.05187660285848365,0.14762061714621957,0.004360601274972672,0.5979569456967324
7,7,OUT,OUT,0.14316082021939983,0.023922406247123554,0.0024886559973210463,0.010338009844785686,0.06295687621776365,0.15338859750851053,0.004656565637212713,0.599088068327883
5,7,SO,OUT,0.10749596665523918,0.0344092635271836,0.0023560280201386395,0.01044892782023659,0.04965750971067089,0.27481962136715016,0.004615014644718837,0.5161976682546621
0,7,SINGLE,OUT,0.13316730189072598,0.05358168402517453,0.002256047942430231,0.0405603606622317,0.10825182469492738,0.27684931332943113,0.0051947426718234845,0.3801387247832556
7,7,OUT,OUT,0.16956995332260089,0.07466852485181721,0.003012385153516914,0.030830629737153645,0.07722046507377696,0.15476021155552722,0.005464786367037818,0.4844730439385693
0,7,SINGLE,OUT,0.16464166572469116,0.02854786768060187,0.0034879995142968836,0.01156904883490027,0.055724548972198064,0.11849409552131235,0.009498568750102583,0.6080362050018967
7,7,OUT,OUT,0.15650272590330638,0.041648627274238396,0.0023011975666112827,0.010532521466565728,0.05909649511166937,0.17132592570046282,0.004809282403280045,0.553783224573866
1,7,DOUBLE,OUT,0.21411477115851754,0.019707862529611507,0.007497899602053423,0.011221913037204684,0.0741716754708133,0.11909799080520851,0.013277546849381212,0.5409103405472098
5,7,SO,OUT,0.17708248588111994,0.029673299464363378,0.00408978619914251,0.010694416450969616,0.056762589455144404,0.1777647459531721,0.0059448862755062,0.5379877903205819
0,7,SINGLE,OUT,0.1200075571333994,0.0219545489099496,0.001816756237289876,0.009407832617186355,0.070867022838552,0.24964852330956203,0.004338567424051341,0.5219591915300094
7,7,OUT,OUT,0.11793113963859585,0.02450326319955634,0.0021642465270505272,0.012227950455072432,0.05643108618515063,0.3239403975546545,0.005194537375293378,0.4576073790646264
4,7,BB,OUT,0.12524848098042185,0.028166027172730833,0.0022478038568812322,0.012755404975555475,0.05466557108328121,0.25352760806551966,0.005344039663671358,0.5180450642019384
5,7,SO,OUT,0.13293058683722833,0.03845238992258921,0.0021784843461400906,0.02449134945697109,0.11896485895262189,0.21277897881937638,0.007051102157565455,0.4631522495075075
5,7,SO,OUT,0.17124540936936747,0.02784997298787831,0.0029312243568073476,0.010231144441992022,0.056062278600169886,0.22758328555901927,0.00572103635790476,0.49837564832686093
7,7,OUT,OUT,0.18455412763181114,0.03169113698411194,0.0022563469153195513,0.011182557655819197,0.049060745862263846,0.19987334930323752,0.005629598195325659,0.5157521374521112
4,7,BB,OUT,0.11014707838174334,0.050596993201099096,0.0018950719256838474,0.049865021600619765,0.11515200660052391,0.2763447973057788,0.005628208130953912,0.39037082285359725
5,7,SO,OUT,0.14430928044462832,0.0260069656597376,0.0021700777867684575,0.011340550720830832,0.104291033541665,0.2687587766947463,0.0052060756355531215,0.43791723951607014
5,7,SO,OUT,0.15755437162345104,0.05402749288082696,0.0026434662585216383,0.02579767501101024,0.14360993261037555,0.14753837696651986,0.005638622399224808,0.46319006225006987
4,7,BB,OUT,0.11910962980969832,0.06630983758617717,0.0020461177872100633,0.014219252960703303,0.0908876525170606,0.27401075865333,0.005732243356498773,0.42768450732932184
7,7,OUT,OUT,0.18577818818440647,0.03249632512682263,0.0021050083786923477,0.015037816550870223,0.10269873859678426,0.18500411716460577,0.006119227019928546,0.47076057897788975
0,7,SINGLE,OUT,0.14536946447042118,0.05320926840892434,0.0020717429119410744,0.02187179959331579,0.052491049117652316,0.208074569840552,0.005867089531587553,0.5110450161256058
7,7,OUT,OUT,0.19758309239376573,0.038706920386197524,0.003792621228484444,0.014068106133610436,0.05944617738222991,0.15858293782748079,0.007053699635622367,0.5207664450126089
0,7,SINGLE,OUT,0.11891162890204154,0.03822310551817403,0.0020380429757152806,0.01007811082608214,0.053361221744159804,0.36476037781630866,0.004861033358772734,0.40776647885874584
5,7,SO,OUT,0.09258433623116408,0.029594313916985766,0.0016627497095931874,0.007977322114047648,0.04225782228418814,0.2651950132672272,0.003973875352891387,0.5567545671239026
7,7,OUT,OUT,0.10750147263942773,0.032405078276403945,0.0019204192172126496,0.008959771558845126,0.050633554993441146,0.32547591412927496,0.004574699944350717,0.46852908924104375
3,7,HR,OUT,0.22487033909008206,0.03245298071371111,0.0020433279191780086,0.010440969589524016,0.060675163772230055,0.2737177851456507,0.005427629793198854,0.39037180397642507
7,7,OUT,OUT,0.18478913590651705,0.0206233161796407,0.008130927845433017,0.009838856337150308,0.06617748772359627,0.11976148356652645,0.015124353461440988,0.5755544389796952
7,7,OUT,OUT,0.16514447486987635,0.06219552935786534,0.002771192808782254,0.02828542203340456,0.08129255042636363,0.158194304297254,0.006102967752217909,0.496013558454236
7,7,OUT,OUT,0.13910429097989072,0.03078313584503234,0.0022991059489219146,0.04894493810734843,0.08237332851428311,0.14338496486896293,0.006306436769486399,0.5468037989660741
1,7,DOUBLE,OUT,0.147655583797608,0.03671800050005649,0.003577513835715616,0.012684728499914765,0.0761745868751265,0.13634265062978318,0.009117025310515602,0.5777299105512798
0,7,SINGLE,OUT,0.18429336450344938,0.0378954590515129,0.0019342750251389951,0.019503114048145163,0.058071475466652804,0.13838052911745732,0.004829046028841266,0.5550927367588022
3,7,HR,OUT,0.09978228763714231,0.0428779089794762,0.0019020252449566876,0.038469088511341155,0.07176064260823803,0.19432312707173666,0.004683611332709175,0.5462013086143996
7,7,OUT,OUT,0.1651390461532505,0.03781485103129602,0.001991434041888927,0.014653169118675312,0.05447518098139959,0.14009875971528796,0.006741369598169541,0.5790861893600321
7,7,OUT,OUT,0.1734511059016084,0.03566880225753697,0.003163241143984308,0.010859653001219017,0.10762852139408075,0.1252406527392696,0.0049504423228413155,0.5390375812394597
7,7,OUT,OUT,0.16647552465499832,0.03677139497518905,0.0022391853794933056,0.015837897072331898,0.06829492038607865,0.14824846296587746,0.010725049027193484,0.5514075655388377
7,7,OUT,OUT,0.18319678752606833,0.03143828915993082,0.0028274229894828078,0.01077450369686977,0.08947011617499515,0.25784884059805757,0.006927016964378849,0.41751702289021675
6,7,HBP,OUT,0.12863842227817956,0.02845136117504017,0.0019126944731398254,0.009383819536558263,0.05146898710051136,0.30029769634856573,0.0055593127535277535,0.47428770633447725
5,7,SO,OUT,0.13087565927924805,0.03156680088557718,0.002184852271027329,0.010562949223273442,0.06854903889252957,0.13316644166751243,0.008217443812552294,0.6148768139682798
7,7,OUT,OUT,0.14528273525495933,0.05756222211587238,0.0025810942418997736,0.015967331357105943,0.05217020172361114,0.20691361636403055,0.005983530387529303,0.5135392685549915
7,7,OUT,OUT,0.10541429530574818,0.03719169474549949,0.0021434080402799897,0.010559294344841246,0.04805694876464228,0.3055160501402123,0.005843483010118461,0.48527482564865804
4,7,BB,OUT,0.18150965484202675,0.025413050140660674,0.0023726235361378645,0.010250768186867338,0.06206674820246948,0.2826631942856125,0.005194504045744105,0.43052945676048116
7,7,OUT,OUT,0.17236628284108665,0.05828470449734005,0.007152625877113579,0.01102262626799549,0.06522799566727733,0.17729621706635204,0.00871106550110877,0.499938482281726
1,7,DOUBLE,OUT,0.17289148650560618,0.05029686472814459,0.002410779032127517,0.01493731024825968,0.05016773858509083,0.16196188461418898,0.010433754614427191,0.5369001816721551
5,7,SO,OUT,0.18815583423994442,0.02941743547154004,0.001981188302807934,0.009832791913977927,0.05912131444372129,0.16169110435850478,0.009423985365421392,0.5403763459040822
0,7,SINGLE,OUT,0.14857302779718226,0.04310657486655038,0.004723103037264721,0.018212750131117377,0.04342126897446089,0.2002816180097837,0.027449492160431205,0.5142321650232095
7,7,OUT,OUT,0.1504790866716262,0.037343565246552426,0.0020230557312037726,0.010319887687375186,0.05361426010153472,0.23460793564662288,0.005708276844428516,0.5059039320706562
5,7,SO,OUT,0.13602827324305602,0.02711715050721389,0.0018969022565951642,0.011174464507964482,0.0642417460005133,0.22131756702432867,0.0067869070854376535,0.5314369893748908
0,7,SINGLE,OUT,0.21406734158733065,0.04954290709408605,0.0020577117563325203,0.009751085800031128,0.047246734461952634,0.15450173712716714,0.006833385387662462,0.5159990967854374
2,7,TRIPLE,OUT,0.17485438758998514,0.01829795930249029,0.0068603934554330994,0.008494488462772074,0.06842391186951652,0.24936604240737706,0.005201539609016396,0.46850127730340946
5,7,SO,OUT,0.13005627819361776,0.04810280735577572,0.0020076370164971657,0.013984886414190422,0.09779952800968451,0.18986222135273773,0.006262088692259429,0.5119245529652373
7,7,OUT,OUT,0.17120236142582906,0.027928665218902488,0.0020502616162691436,0.010269045394507096,0.07826658823027775,0.1746408022196671,0.009050733268399667,0.5265915426261477
0,7,SINGLE,OUT,0.14073242398493835,0.044461408255963154,0.0022060052876823437,0.010963091035273606,0.06395576426896289,0.23059618423378103,0.006298054715043802,0.5007870682183548
5,7,SO,OUT,0.14230456785304404,0.02894233674402684,0.007954391536494809,0.009996885354514677,0.05215024881469274,0.18332335302647282,0.008483774491078858,0.5668444421796751
7,7,OUT,OUT,0.1453970870697889,0.030648829295054383,0.0019572244162345312,0.010434558782721814,0.07684587988357443,0.24345697827334206,0.006740955050119849,0.484518487229164
7,7,OUT,OUT,0.1434013318507505,0.0478160815573067,0.002597307942167373,0.012156868628739392,0.051342864805591304,0.15087558791971584,0.012088944971560614,0.5797210123241683
0,7,SINGLE,OUT,0.15695184695889666,0.04452168987891429,0.0021590311606656176,0.010760055400316496,0.05939180903668775,0.19612715708115683,0.008210887763556534,0.5218775227198058
5,7,SO,OUT,0.15898933597259618,0.03372562862677342,0.005411335916619493,0.010975253807806113,0.06383477731547038,0.19984648886047732,0.00714173092587506,0.520075448574382
7,7,OUT,OUT,0.1433087336717615,0.028371716999069905,0.0020466168563874495,0.01165546595133523,0.06769490616719025,0.14030198973700814,0.006753329811394662,0.599867240805853
4,7,BB,OUT,0.14444845746879056,0.03860453084604664,0.007372483821221342,0.010559263766716322,0.06532640842385379,0.23667216587767995,0.00961753648626382,0.4873991533094276
4,7,BB,OUT,0.16953651412316412,0.04760462579356771,0.002203064085576316,0.016171844937228844,0.08650660167901643,0.2077269401709203,0.006583693394895639,0.4636667158156307
0,7,SINGLE,OUT,0.28418498899434363,0.04808375557172637,0.0023198477343571093,0.016996425267231153,0.05487885895580265,0.15023092203584715,0.005885282238140196,0.4374199192025517
0,7,SINGLE,OUT,0.2888011853969968,0.03158701384462716,0.0024907420392386113,0.009064664608637292,0.04141730177153767,0.19545511647352934,0.0063557006046073596,0.4248282752608257
7,7,OUT,OUT,0.14072030692818052,0.03368409320223808,0.0020572469659324278,0.010104665262278085,0.06206561387977232,0.314699759625318,0.005048446137263785,0.4316198679990167
7,7,OUT,OUT,0.14111986259042442,0.030610094708685,0.011984357595778847,0.010773797654172888,0.04784869796542404,0.16771259218565787,0.016172176135130292,0.5737784211647265
0,7,SINGLE,OUT,0.14534641341523136,0.03126038688234672,0.007566826805053225,0.012513523664847002,0.058370882300888396,0.35096695834304564,0.006183199822327821,0.38779180876625974
0,7,SINGLE,OUT,0.1551438499664062,0.05490218138092676,0.003119066917826757,0.01728064051316161,0.03942832016885765,0.17577002482020584,0.02548811684937379,0.5288677993832414
1,7,DOUBLE,OUT,0.2144530798338075,0.04469178655381055,0.0020989231729488128,0.01077646655202089,0.05721489989263072,0.1652681422953683,0.006235665823403686,0.4992610358760098
5,7,SO,OUT,0.1471156758922414,0.028086413548473094,0.007827479383869854,0.013040674501344355,0.08623270512449084,0.334069592415329,0.006172050917100455,0.377455408217151
7,7,OUT,OUT,0.17763574182791622,0.027706290491877308,0.00352831683466788,0.05022997059280999,0.09542216973925426,0.14886281424072617,0.048941271219476785,0.44767342505327123
7,7,OUT,OUT,0.22117173373917828,0.04062923051012336,0.0021223024274443034,0.01121891742722135,0.05374461120142282,0.16210959173403205,0.006427755659575254,0.5025758573010026
7,7,OUT,OUT,0.15157459830811681,0.03949548159228767,0.0028890042862690173,0.016261230817854164,0.09967036439634376,0.17466465430503753,0.004811667992144172,0.510632998301947
7,7,OUT,OUT,0.2162179329387844,0.026037220466300536,0.004204538998822475,0.009373687815791813,0.09438461963394389,0.14426603832699864,0.005858473783629054,0.49965748803572924
7,7,OUT,OUT,0.1560123193811583,0.02397608593833955,0.0026816584609372944,0.014003979440876797,0.11566594411252772,0.1938832029477438,0.00505027728783005,0.4887265324305866
6,7,HBP,OUT,0.13505850887244292,0.023111797877101083,0.0018603727757054986,0.023355421404428707,0.07711529619157632,0.11861823964940152,0.015584322769445448,0.6052960404598986
4,7,BB,OUT,0.1347519345990579,0.02416076818870753,0.0018694150299107218,0.0195751798150532,0.07741396551655642,0.12473033348564229,0.01234817006636853,0.6051502332987034
7,7,OUT,OUT,0.15591201487706624,0.028047038445584888,0.0019025295713149385,0.018856354627217464,0.07657720692081399,0.17727829620847324,0.011226734870302003,0.5301998244792272
7,7,OUT,OUT,0.11157468280594174,0.03615321213677479,0.0029831154864403543,0.010508353940926396,0.1095856802458507,0.1610285701091385,0.006069332909888236,0.5620970523650393
5,7,SO,OUT,0.17550778805807574,0.021220047451777677,0.0019369189212571267,0.025647742397315005,0.07560996951278753,0.21031120031129005,0.010259186924554138,0.47950714642294284
5,7,SO,OUT,0.19211194404091217,0.02360689951286066,0.003446778462607889,0.012843014636651752,0.08888587431049201,0.16474077989374106,0.006291146294824861,0.5080735628479096
7,7,OUT,OUT,0.09851135701784129,0.027547062298686708,0.007556195752372118,0.013934545154677626,0.06099287630795685,0.33859968228804266,0.008609418571739726,0.44424886260868324
7,7,OUT,OUT,0.16581000563915463,0.0357511304820521,0.002052208619892043,0.009707237480478274,0.08688626028786679,0.23205334059053492,0.005552206262429001,0.4621876106375923
4,7,BB,OUT,0.14488549171153522,0.03658258218404746,0.005089102401649761,0.009425981236419387,0.06661267455481665,0.3275890332502643,0.006765751383616236,0.40304938327765105
7,7,OUT,OUT,0.11262235526632536,0.03160197316251319,0.0020166957892841326,0.0097456214452171,0.06357173777652635,0.2979983534513905,0.005333205116075686,0.47711005799266754
7,7,OUT,OUT,0.1520161807910985,0.04833288483877704,0.001913230060818667,0.013130587184384838,0.06393939171554264,0.3242432170776039,0.013200633608775013,0.3832238747229995
7,7,OUT,OUT,0.16051747259720844,0.025716085392880866,0.0031190566165944875,0.026591421379759533,0.07519956445370685,0.15484057760428227,0.016616934358294484,0.537398887597273
7,7,OUT,OUT,0.11868117505384118,0.024173926871442833,0.002199049055599821,0.0095624749115664,0.06692593490233428,0.19582990284257865,0.006442023992339933,0.5761855123702968
7,7,OUT,OUT,0.16298855760449835,0.021089800435391298,0.001842244834974255,0.008598699658699041,0.08767807373250515,0.1941627581366134,0.009604181458617871,0.5140356841387006
5,7,SO,OUT,0.1828432401495588,0.031176018297577948,0.002744313775525518,0.010911170713205189,0.08835041894935446,0.18535778746587372,0.006526469893043546,0.4920905807558607
7,7,OUT,OUT,0.1355822518792831,0.04334047910672247,0.002075185381891249,0.02106582137110376,0.053362272546350724,0.21670731779761884,0.006630014937742087,0.5212366569792877
7,7,OUT,OUT,0.18870369096441378,0.023499740619751047,0.00271392378306055,0.011621940587940392,0.11180296699974304,0.25568141956672835,0.006984985158548039,0.3989913323198147
7,7,OUT,OUT,0.10119645201659513,0.027054911687307816,0.001993111525303906,0.009796610578441379,0.053022150800461715,0.2750861375731898,0.00624541974701688,0.5256052060716834
5,7,SO,OUT,0.0923988827788467,0.020480670964215356,0.007074096899937593,0.009262210294506384,0.08063870532411241,0.2493920117468542,0.005239639107642011,0.5355137828838854
7,7,OUT,OUT,0.1556689922867296,0.04953489088272214,0.002216333423048456,0.010293207032119103,0.05517648166116889,0.13377191516191683,0.004961001306955394,0.5883771782453396
7,7,OUT,OUT,0.15895565445575147,0.020644154679662675,0.001863780395340871,0.008341939866855023,0.047074025670237135,0.12835066648483276,0.0043836826454142375,0.6303860958019059
4,7,BB,OUT,0.08991364947073029,0.04096322764192442,0.002109616103180086,0.009161976697558367,0.046630315962692126,0.17829923806432116,0.004643858726988992,0.6282781173326046
0,7,SINGLE,OUT,0.15496576262979958,0.029038295420328857,0.002200040024585952,0.011590049499543226,0.07449704367743794,0.14876588111692712,0.009705697725608536,0.5692372299057687
5,7,SO,OUT,0.12169820874449905,0.026296634282236747,0.0020971916332118397,0.011460498321216565,0.0628076080234178,0.1388733774222228,0.006333565351479081,0.6304329162217162
0,7,SINGLE,OUT,0.14993974098464283,0.031377719911477385,0.0019157610702221495,0.011899065969940795,0.07545689970190533,0.23356215087799748,0.005665859110872317,0.49018280237294176
5,7,SO,OUT,0.15481009367172155,0.021068902451117456,0.002141457887275965,0.009418655312107872,0.07056317506559417,0.2871645547503717,0.005490238399671776,0.4493429224621396
1,7,DOUBLE,OUT,0.14294866314992494,0.044222187978728775,0.00874060194206369,0.010378422388096003,0.047116425028485585,0.18057727734086573,0.014478594658821542,0.5515378275130137
7,7,OUT,OUT,0.12590124792089094,0.026822363507835373,0.01095210770707424,0.012809163442346706,0.0693209517975981,0.35894612700291534,0.006069605160670838,0.38917843346066866
7,7,OUT,OUT,0.1582581797319005,0.03964869541867715,0.0039630756107191575,0.01274268802358018,0.05021526892041772,0.19363153144574138,0.005475916878224831,0.536064643970739
7,7,OUT,OUT,0.1658753651166946,0.024788872562548612,0.0019949942899858703,0.009658487173006332,0.06340881618044367,0.23531004555370966,0.004890991166227865,0.49407242795738343
6,7,HBP,OUT,0.1356651088431178,0.05298628315737336,0.0024336706548751265,0.017898266919453912,0.11809092461302642,0.18735381663249118,0.005476076044690796,0.4800958531349714
4,7,BB,OUT,0.15667155229435356,0.026926202748220017,0.0020815677278891325,0.010864756662604539,0.056049084870832,0.13491420718869043,0.00800543627475801,0.6044871922326523
5,7,SO,OUT,0.18128214557006558,0.02873267054587949,0.002181785251295369,0.010914093653967073,0.07646776951882864,0.16409126036040708,0.010556516417476874,0.52577375868208
7,7,OUT,OUT,0.17677157321871267,0.046461501863613995,0.002468231092025877,0.01746742801436586,0.041874262573967286,0.19086475423745738,0.019275726577682197,0.5048165224221748
5,7,SO,OUT,0.07602715797093626,0.020385589875558895,0.002065365705313427,0.00849690140721682,0.03799729516736483,0.35484739836027235,0.004516838824611916,0.4956634526887254
7,7,OUT,OUT,0.19878700003284916,0.030860110279823216,0.0023385379142481693,0.00972218647837605,0.08392465558765105,0.13677868782160169,0.0048170449640632254,0.5327717769213874
7,7,OUT,OUT,0.2127109236549622,0.03862973336981529,0.003032038596277699,0.010863722875579187,0.07988179140311133,0.1439260944582872,0.005512318566800135,0.5054433770751671
0,7,SINGLE,OUT,0.11472596512090155,0.048778212505559804,0.0029238004639626793,0.041122348305932296,0.07968210537897738,0.23418026171894488,0.00489683625909387,0.4736904702466276
4,7,BB,OUT,0.17131179170219843,0.03499240214111507,0.0021407056582158097,0.010973273931462874,0.1180991190250991,0.16361327949510357,0.0056203944873257005,0.4932490335594796
3,7,HR,OUT,0.1470610028179726,0.04343684667834495,0.002607052600800976,0.010704382623880614,0.05298932560905785,0.175093246973183,0.008444495078934284,0.5596636476178258
7,7,OUT,OUT,0.18327653205483274,0.023903492552489827,0.002141775566152136,0.008666012513682158,0.038884788086249615,0.12059555653788019,0.011850572117418781,0.6106812705712945
7,7,OUT,OUT,0.165920330681564,0.04079630675155475,0.0021314097829158722,0.011263177607296433,0.12867909553121862,0.20749266984810757,0.005513211762961389,0.4382037980343814
7,7,OUT,OUT,0.16314605241337318,0.049975473943462884,0.0020519907316965255,0.018616754398120213,0.04622594984464123,0.14007811730569064,0.0045203317936120925,0.5753853295694031
3,7,HR,OUT,0.12045419530670334,0.03940581761424744,0.0019484134440564081,0.037776029073523225,0.06464876633736978,0.2946708067895469,0.004979168544893714,0.43611680288965937
7,7,OUT,OUT,0.1760848319035602,0.02356031113509918,0.001887805743054448,0.02482548136264105,0.060706989932121626,0.12478741531502449,0.004676916657124762,0.5834702479513743
7,7,OUT,OUT,0.11069066553231251,0.027122550857552358,0.001960763363152283,0.00938076559897942,0.07137058011676979,0.18340885315252042,0.004601276929426862,0.5914645444492863
7,7,OUT,OUT,0.12581723756602128,0.028434224867623877,0.002107256015405662,0.00992226759629522,0.1255821914669275,0.24533379675704597,0.006094464054774405,0.4567085616759061
5,7,SO,OUT,0.09264295715338797,0.02098821614715435,0.001853780597936321,0.008817551176229883,0.045881707819992804,0.3610244976753531,0.0044974117138988304,0.46429387771604674
5,7,SO,OUT,0.12574543465052335,0.05837197253296797,0.0038480082618765885,0.009632407200717232,0.04074141536887416,0.12685961340603039,0.006459345375422354,0.6283418032035879
7,7,OUT,OUT,0.12454744718846888,0.026956050881706262,0.0021042807142337442,0.030608981918231328,0.05794739850050342,0.14002086473219624,0.00913646305520437,0.6086785130094557
7,7,OUT,OUT,0.18813596497645882,0.022229576612977885,0.012370730857461766,0.009760432712452253,0.05625256131088234,0.13140415691746626,0.007009232896436678,0.5728373437158639
5,7,SO,OUT,0.13921055144388048,0.03418124795710678,0.002064642434839128,0.009770935195060022,0.10478145638680686,0.2683627233026162,0.00614376182146505,0.43548468145822555
7,7,OUT,OUT,0.1858637753225428,0.03092649495600476,0.002537879987950227,0.011350291066627015,0.10238652197441175,0.24927131552829285,0.005445237741259174,0.4122184834229115
7,7,OUT,OUT,0.18718709140004397,0.02366364612375959,0.021956518978863734,0.009918599503558778,0.05599414332070591,0.13493238930153695,0.0064080299477276064,0.5599395814238035
0,7,SINGLE,OUT,0.15589415476577315,0.03558980218199031,0.0030614066546103425,0.009037243959241463,0.03848905827471689,0.1231518327838943,0.010279513278288965,0.6244969881014846
7,7,OUT,OUT,0.1800724861611019,0.03930194034453898,0.001792788167238629,0.017769967105998596,0.04881596215296097,0.14811755462743095,0.008462045107965084,0.5556672563327649
5,7,SO,OUT,0.11448424433597217,0.04830191639005874,0.001919748829278706,0.020038878935735974,0.06578628562442106,0.29618995535079146,0.005377762912213668,0.4479012076215283
1,7,DOUBLE,OUT,0.1742389448182928,0.03388615146624801,0.0022040062835336134,0.009013618580366176,0.08556019695855192,0.12631585039160878,0.004570644458602266,0.5642105870427964
7,7,OUT,OUT,0.0881151864155973,0.0232449592828718,0.001800074777348941,0.008568807772351094,0.04084892951000514,0.3642452874305981,0.004421532341641959,0.4687552224695858
7,7,OUT,OUT,0.19488299357088884,0.027646229128944506,0.0024279743181588355,0.009683860068302493,0.06993270364412964,0.12617576694063456,0.004839824799054155,0.5644106475298869
0,7,SINGLE,OUT,0.16932164156391633,0.03295946951986608,0.0030348482619607904,0.00975172798132593,0.051347762541685486,0.1600381561161234,0.011607146227029248,0.5619392477880927
7,7,OUT,OUT,0.13802099076676394,0.02799247907126443,0.002090877032027871,0.01007364273533912,0.1316273771142569,0.21659414964957066,0.005410214304805286,0.4681902693259718
5,7,SO,OUT,0.12979633181763284,0.029231280057639305,0.002043193081053805,0.02635690827782275,0.06280546485485658,0.13360343843628658,0.005574815539303202,0.610588567935405
7,7,OUT,OUT,0.13766951374580283,0.03012502977866746,0.002085285796811153,0.027107931651793708,0.06708839130006769,0.14609845407663952,0.009337942686712088,0.5804874509635056
7,7,OUT,OUT,0.15365499547687614,0.05804905121424957,0.001918771918365903,0.00891757383120586,0.041954983337552654,0.19884872582933608,0.006741329433613339,0.5299145689588005
7,7,OUT,OUT,0.12513649625391957,0.022856701648483965,0.002435018358389299,0.010614721199131644,0.06368074520684978,0.18236772644157112,0.004976371500826606,0.5879322193908281
4,7,BB,OUT,0.16457479433961875,0.046531885590953316,0.002227905210207964,0.01294272618897499,0.14333790939102514,0.165883705685677,0.005709043083462525,0.4587920305100804
5,7,SO,OUT,0.14840493034508298,0.06090923738324623,0.0021901463248600824,0.008820719324007473,0.041631220629792555,0.20340299145488686,0.006994001811905027,0.5276467527262187
7,7,OUT,OUT,0.1333454602868117,0.0658406283591861,0.0031362905836463967,0.05145920794529371,0.07645981443176997,0.22270680784605004,0.005346528296550456,0.4417052622506916
5,7,SO,OUT,0.0772136135335653,0.02019966228987733,0.0018419604056183494,0.008419405078974075,0.03957288177960646,0.32950421429853777,0.004813464772513711,0.5184347978413071
0,7,SINGLE,OUT,0.14190769212075408,0.03735868382991728,0.010695862874362373,0.03760012553721982,0.16522244696860183,0.21041561038881962,0.0051492681732137,0.39165031010711127
7,7,OUT,OUT,0.16229622454470435,0.028636125267759247,0.001855195943885832,0.009054628468495116,0.05031784231744627,0.28043086692007774,0.005008076389720899,0.4624010401479106
7,7,OUT,OUT,0.19992258187161224,0.022772095190174337,0.003842994148454253,0.009996154260277341,0.09858667114225393,0.13138635138489463,0.00980207811875401,0.5236910738835793
7,7,OUT,OUT,0.14424449758774543,0.04475593050775255,0.0037146025722814236,0.009193345258967756,0.04184409257410614,0.1255538723289667,0.00538665117413541,0.6253070079960447
7,7,OUT,OUT,0.12647277985550226,0.026312018395228075,0.002116792921675911,0.010195408551644978,0.05251694884909703,0.31971752404313114,0.005258615176886387,0.4574099122068341
7,7,OUT,OUT,0.18148661219093787,0.04782118759332731,0.0025193768125088807,0.008938646015514069,0.057754065130706585,0.14969767031148057,0.007969085582464803,0.5438133563630599
7,7,OUT,OUT,0.190066691112818,0.029125420803078672,0.0025441734977959996,0.009628994466066923,0.1013525260087384,0.11151457976523026,0.005024190820449066,0.5507434235258227
7,7,OUT,OUT,0.14075946131609812,0.024772593003393635,0.004514984433065782,0.0126640765946866,0.07944407847416136,0.18303518342926103,0.00660832181249328,0.5482013009368403
0,7,SINGLE,OUT,0.15783699504548565,0.031142201577779336,0.0019328117602609883,0.009073168284810298,0.15138975845103042,0.2364384905196502,0.0062351717561388905,0.4059514026048443
4,7,BB,OUT,0.15514019445881383,0.05262753034915331,0.0019825044128484104,0.010983690695451291,0.06713427357691558,0.12939014802388407,0.004663620611761156,0.5780780378711724
7,7,OUT,OUT,0.1646818061836692,0.028001840941810928,0.0019475053643747248,0.010115138437559706,0.045455612096530346,0.27910120984115755,0.00510660025780936,0.4655902868770881
7,7,OUT,OUT,0.14911584720948676,0.026780873672557694,0.0021042622089002417,0.01291478643459503,0.054108845723979136,0.27242192266352167,0.006014377417637298,0.4765390846693223
0,7,SINGLE,OUT,0.16378754216647062,0.028355788686541684,0.002154654743019409,0.009345013401812912,0.04126847416758687,0.12335440366055382,0.014449675292473558,0.617284447881541
5,7,SO,OUT,0.14147139376791984,0.034871666268660985,0.0020486164531507796,0.011154827396362928,0.050502414701779026,0.14314297499255996,0.007477712575618923,0.6093303938439475
0,7,SINGLE,OUT,0.1669817918844683,0.03351245151419889,0.0018562775867300367,0.009307490923143915,0.05347436022863545,0.18367790750259883,0.004474951496418847,0.5467147688638057
7,7,OUT,OUT,0.14294491539755505,0.03274450764227752,0.0034137737521266957,0.010152244517503272,0.11848966222794988,0.11919545706448728,0.004851943784287412,0.5682074956138129
5,7,SO,OUT,0.18231369164088715,0.024280538748806132,0.011339261232567052,0.009874036176593128,0.048303646888861455,0.1821425594853535,0.005363244054030588,0.536383021772901
7,7,OUT,OUT,0.15365163366161977,0.05004203419864613,0.0019341256143399275,0.008633264025680118,0.04208494203613271,0.1898862851499758,0.006883208646513119,0.5468845066670924
7,7,OUT,OUT,0.21136353300467584,0.03191002172640801,0.002184528385838425,0.009092456039966435,0.04186036843273249,0.12313832484021428,0.011508101083445368,0.5689426664867191
7,7,OUT,OUT,0.20140167888504024,0.03644229466827081,0.0021968617288694375,0.009277518444537754,0.10294958750051253,0.13170005914444333,0.004956585339086107,0.5110754142892397
3,7,HR,OUT,0.1093303970475147,0.06280173062094435,0.002333214612902949,0.04425659784197388,0.09807535136449792,0.28740875118112585,0.004784255933368149,0.3910097013976723
1,7,DOUBLE,OUT,0.2037650523292518,0.03842744611930791,0.0022285579961974105,0.00934338187955084,0.07436088519881205,0.12579268366500113,0.004789019864878953,0.5412929729470001
7,7,OUT,OUT,0.1548819479802543,0.03363895636961762,0.002438639210492205,0.009676985727662945,0.067071869707015,0.14345249796847062,0.0316596196898653,0.557179483346622
5,7,SO,OUT,0.1513249716331018,0.025591788225837738,0.0028870660630291155,0.018215287245882512,0.12171356182425715,0.1470026330355665,0.036444380373416393,0.4968203115989089
5,7,SO,OUT,0.17916774146241995,0.020162632570326734,0.010242959995643293,0.009074451542564685,0.05058801062714234,0.1191977285087515,0.006696842535518794,0.6048696327576327
4,7,BB,OUT,0.1685221634557877,0.043803716290818306,0.002086253865353391,0.01042916644451044,0.12527815291602515,0.15627617011222467,0.00554175436838141,0.4880626225468989
5,7,SO,OUT,0.18412339413985856,0.04548822357482275,0.002468428524963102,0.021190663668557822,0.0513040689957859,0.14679759238897563,0.005947095768266041,0.5426805329387702
7,7,OUT,OUT,0.18677644083176614,0.03220936673343642,0.001937838628875041,0.011190932806085208,0.06468025652826687,0.18030005017592113,0.007324607141084146,0.515580507154565
7,7,OUT,OUT,0.13067974543877658,0.026586632948066194,0.002449944280496813,0.009447904362022922,0.12669425106117482,0.21794129862622974,0.026301579949749937,0.459898643333483
5,5,SO,SO,0.0998050858145302,0.021615867175385668,0.0018745361860878116,0.009045953297165897,0.047824140194227795,0.40986547591942046,0.008418906907257854,0.40155003450592436
1,7,DOUBLE,OUT,0.11453371555592905,0.034018326043220685,0.002045352929037915,0.02964986713411767,0.06261765648824018,0.3121826461036133,0.00593780974226033,0.43901462600358093
1,7,DOUBLE,OUT,0.12804522968337595,0.027689140716764232,0.002462233786558971,0.024986024789760492,0.06312769395773676,0.1254126311415618,0.0057789548773773255,0.6224980910468645
7,7,OUT,OUT,0.1611654837880584,0.046379062528770484,0.002901357824908475,0.009281496604848252,0.03921841353853326,0.12458233368052957,0.006734482981828325,0.6097373690525233
7,7,OUT,OUT,0.1228781985255624,0.025994485587002094,0.0021085255401790425,0.027351631269992644,0.05525682509620721,0.13977636341353392,0.011700102325251139,0.6149338682422715
7,7,OUT,OUT,0.17234112192173284,0.04120333451488178,0.0020667049395723318,0.030512273323922822,0.052179242561018524,0.14878959567573896,0.006690727627503279,0.5462169994356295
7,7,OUT,OUT,0.18946344542694485,0.018440732255713663,0.0035798926422187906,0.009126657373565874,0.0568939060911297,0.1197180168150103,0.005124535064213541,0.5976528143312032
0,7,SINGLE,OUT,0.20766394560983686,0.06314270920004358,0.004723418964931663,0.018068737660585636,0.06581227620641372,0.11260744873889378,0.00801276028028702,0.5199687033390077
7,7,OUT,OUT,0.18301595162011877,0.027648778012038733,0.002589000539226366,0.015322733765376777,0.06288667067966609,0.12124892781269131,0.0070022153655650106,0.5802857222053169
5,7,SO,OUT,0.21573990367047083,0.029848046221596595,0.002117014711488303,0.013904112536285476,0.04860731549151961,0.1600169283161055,0.024198364595362235,0.5055683144571714
0,7,SINGLE,OUT,0.1714171873334211,0.044913261089482306,0.004552342999010982,0.019953890655201326,0.04117189304329736,0.14547675712906136,0.005213555140918643,0.5673011126096069
7,7,OUT,OUT,0.15149185885316085,0.03072572757816945,0.004631932375590849,0.011281852602649627,0.05563068844106004,0.14282321007996238,0.007002606016910093,0.5964121240524967
7,7,OUT,OUT,0.16232693576771717,0.022695766974605285,0.0031576301371614044,0.015480730437374956,0.055762485276909496,0.18951659091401638,0.005296879273615681,0.5457629812185997
4,7,BB,OUT,0.17537754230879954,0.019966787513400964,0.0041667579470141694,0.010698940288703601,0.061214918952033695,0.11838609223696317,0.00470429964966065,0.6054846611034241
7,7,OUT,OUT,0.2346955723487721,0.040436814320061104,0.004311574744117318,0.01449788877862292,0.06999383119648862,0.12628343776085402,0.00792113022071251,0.5018597506303714
5,7,SO,OUT,0.17737298205730023,0.02124940774941544,0.004213631538603163,0.016038229493871427,0.04273120444931956,0.12115943662071157,0.0070967139522370845,0.6101383941385414
5,7,SO,OUT,0.1579039923111617,0.034261150459548535,0.0037105951516977556,0.026189939725292908,0.03902857829639346,0.13660682268353871,0.00477236448749536,0.5975265568848717
0,7,SINGLE,OUT,0.1521031457570049,0.026756143390542383,0.0021652746328918817,0.01728456755178637,0.03826709191159642,0.10743742393123812,0.006753177089198798,0.6492331757357411
0,7,SINGLE,OUT,0.12304090087309008,0.0313329714737098,0.0023700636511918803,0.014510230122940514,0.06800883060429523,0.190385366708471,0.008776269686341058,0.5615753668799603
4,7,BB,OUT,0.268474690441229,0.023883568773725012,0.0034926954208467135,0.01418988378062385,0.048689716629880364,0.1272653734529724,0.004486143551339552,0.5095179279493831
4,7,BB,OUT,0.27984092492546186,0.02445711737507608,0.0028177666542452216,0.008684442737656178,0.04492347292720544,0.11712535846048897,0.0053545722753285075,0.5167963446445376
7,7,OUT,OUT,0.14560063332484105,0.040725839116261306,0.002030546243420463,0.014528940156260326,0.061702001761091335,0.19209619961348334,0.023314133104767678,0.5200017066798744
7,7,OUT,OUT,0.15017565511682435,0.02991702332278791,0.002179743332276549,0.01534991607496831,0.07032075452744074,0.18592953430420206,0.014906980089761287,0.5312203932317389
7,7,OUT,OUT,0.14118289150141944,0.02543366725686188,0.008558225482420148,0.010252354154152828,0.042645472162396905,0.13432716931810995,0.054907641007989796,0.582692579116649
7,7,OUT,OUT,0.13118672367205314,0.024757184299173285,0.003179678202084218,0.013166686895634942,0.058362790874184736,0.189895340468319,0.00455102516662244,0.5749005704219282
5,7,SO,OUT,0.1447432271540489,0.03379473701582184,0.0030826239412461527,0.010383956714864707,0.05712032881158577,0.1360039378366006,0.006232219190306108,0.6086389693355261
5,7,SO,OUT,0.14225368149764478,0.03361822752469864,0.0025586806136465266,0.019306308804724517,0.10764734680506645,0.13326144687040042,0.0049550909040870575,0.5563992169797316
7,7,OUT,OUT,0.22591131381393775,0.0244211398061011,0.006289027508378118,0.01649571818639741,0.05049366527532946,0.12893712218401296,0.009509560720740488,0.5379424525051026
7,7,OUT,OUT,0.1505342941616844,0.039875418412666154,0.0022820790732046405,0.031735544690699835,0.08895819029654627,0.22237629298498637,0.005035241732140038,0.4592029386480723
5,7,SO,OUT,0.10352476068465949,0.035788152259651776,0.01419643662925387,0.011825741807190208,0.07606810392561508,0.1483513634111551,0.007404681677106192,0.6028407596053683
7,7,OUT,OUT,0.14316421833953696,0.03508653261927884,0.0028043118646005087,0.02040308509589727,0.11184027882446071,0.14895714783440214,0.005317882199291879,0.5324265432225317
7,7,OUT,OUT,0.14713617850033744,0.027137478937740274,0.0023862356482875764,0.03900944283092678,0.07514566776103511,0.11715520321521262,0.005120468388626088,0.5869093247178341
7,7,OUT,OUT,0.1521393630321842,0.03325033485451923,0.0043826540373696045,0.0149792979861498,0.06871948840707809,0.19687866877093121,0.005956994383572231,0.5236931985281956
5,7,SO,OUT,0.17461559753395264,0.023563785698033725,0.004333382683389383,0.012342912680388908,0.15190331963717146,0.16433081933147572,0.005207391020846268,0.46370279141474174
7,7,OUT,OUT,0.08472508444230414,0.026621726863936095,0.0040338679869086295,0.014250597239277763,0.045108827883977444,0.2201871733970901,0.041401002446959316,0.5636717197395464
0,7,SINGLE,OUT,0.3150155245286299,0.06614262870374155,0.002036790481579536,0.027096311012124976,0.07697978557551176,0.16626546683940532,0.009514760984813997,0.336948731874193
7,7,OUT,OUT,0.1770635603310991,0.021131564463398665,0.0017275366524448863,0.01773439967024066,0.053165931022914094,0.21217052688774893,0.005761594197221836,0.5112448867749317
7,7,OUT,OUT,0.21167895761360628,0.02287261949550647,0.0018917009140254001,0.020795964311795312,0.046570154299437894,0.24564280286483758,0.008502485918882524,0.44204531458190854
7,7,OUT,OUT,0.1707492528780642,0.03149439758045199,0.001928267647003357,0.02062615823696541,0.10332640032161411,0.2526474203845852,0.010400066418430637,0.4088280365328851
3,7,HR,OUT,0.14502581984281743,0.02494392245479615,0.002729052679122019,0.017131851461093715,0.11732454174541297,0.20800942241417128,0.0055340062777374,0.4793013831248491
7,7,OUT,OUT,0.1684031672769766,0.027347898824865977,0.003407360402931786,0.011392063456804557,0.10081079800079946,0.26454505287145935,0.006178362641258821,0.41791529652490333
7,7,OUT,OUT,0.1753765161208452,0.021789542816014276,0.0042556511517363995,0.01026503931870528,0.08309635242176709,0.188642363004862,0.00540253068709005,0.5111720044789797
0,7,SINGLE,OUT,0.1539997874417738,0.02044650429811271,0.002278636144670203,0.03902156610047154,0.09927349082736395,0.22770585794709325,0.005093899452947765,0.4521802577875667
7,7,OUT,OUT,0.16392727938959528,0.021582576396051618,0.0024686614572662874,0.012337326601579345,0.1087383074745804,0.19000204722750644,0.005035454755479215,0.49590834669794126
5,7,SO,OUT,0.32663421419921607,0.03168524566775316,0.0018693628108346798,0.03234573914005368,0.0647224604417142,0.17775154727296055,0.004077247644272698,0.360914182823195
7,7,OUT,OUT,0.1568150242230747,0.023071354673237548,0.007065971896553809,0.016672096871663017,0.04679476286989017,0.18255924971728757,0.005766069387224021,0.5612554703610693
7,7,OUT,OUT,0.17360531145342606,0.04187177959594674,0.004262704812731988,0.009845111834633194,0.10279688791568926,0.1757863481711998,0.005046066322727982,0.48678578989364507
5,7,SO,OUT,0.13340319665529948,0.021794768616934915,0.002430824502313594,0.010430113992791664,0.04389783612123118,0.23473718960473092,0.006731588498884172,0.5465744820078141
7,7,OUT,OUT,0.1787448855675504,0.030234508335809825,0.0020687793947401396,0.010112953450515216,0.05826015004457674,0.15918752775156572,0.004987232251487194,0.5564039632037548
5,7,SO,OUT,0.16006368523064227,0.03105152355837208,0.0031565903137231433,0.009025220587099099,0.07647610845948362,0.1638736040152616,0.004549261367484735,0.5518040064679335
7,7,OUT,OUT,0.15993071399213335,0.030220300333421612,0.0029373921666032547,0.009734405878682378,0.042904723685322735,0.22380321212553395,0.024537607682382948,0.5059316441359197
0,7,SINGLE,OUT,0.16716129727156737,0.041289722573047236,0.0021908936485162686,0.017427213277979275,0.07275341774685369,0.15535354268128795,0.0389274245309946,0.5048964882697536
3,7,HR,OUT,0.21425527438882513,0.03492982696719836,0.0019458122817633688,0.009954517308907673,0.06798966899005242,0.12954788737756492,0.019719071024542623,0.5216579416611455
0,7,SINGLE,OUT,0.21378389990371818,0.03337777100172074,0.0020957653653528143,0.011377664275933605,0.06757973715967341,0.25452806522875304,0.023880076683611733,0.3933770203812364
7,7,OUT,OUT,0.16371170653971193,0.0399552778220997,0.0020102852372101423,0.017802787841122342,0.07453975871729432,0.2856784331598669,0.028963518799234467,0.3873382318834603
7,7,OUT,OUT,0.11679518636204486,0.03194067001785707,0.003715157690616662,0.010624600310348401,0.07173767362684154,0.2979196243795812,0.01858369257448538,0.4486833950382251
0,7,SINGLE,OUT,0.13769400734021497,0.024674532401797587,0.0037134802221915914,0.009690583927451675,0.06253822226780097,0.24965272360838472,0.004764403064924659,0.5072720471672337
7,7,OUT,OUT,0.1679516132526032,0.026904616237296983,0.003207157605315592,0.010312145310101365,0.14743618710557763,0.22713936654234299,0.005272129615247419,0.4117767843315149
1,7,DOUBLE,OUT,0.15331452934444287,0.024964014047617424,0.003675393076117413,0.01014825967803401,0.09580763863783014,0.2192277127074735,0.004976680562194581,0.4878857719462902
4,7,BB,OUT,0.16931687376680246,0.02244639400959637,0.0035312184184426183,0.04807970450494294,0.10826895616011999,0.26365894153585534,0.0051799472216410005,0.3795179643825993
5,7,SO,OUT,0.18906428339652034,0.05317546698255264,0.00211864017552266,0.014913585445507903,0.09183068210219603,0.1578599176204096,0.005704337732377222,0.4853330865449135
7,7,OUT,OUT,0.12105017628294308,0.031695313631573394,0.0022170736416823856,0.01355387944691951,0.058599703338509994,0.17676935204144492,0.006051333879951457,0.5900631677369751
7,7,OUT,OUT,0.20572618165698758,0.03284822858911662,0.003805006446654368,0.012058840402230115,0.04586461890741312,0.18286259946100747,0.005017877861231418,0.5118166466753593
7,7,OUT,OUT,0.09557689581795084,0.025342013181366963,0.0038212426246217236,0.012085316943590886,0.06758394189526591,0.18439352786536198,0.005249958904578864,0.6059471027672629
4,7,BB,OUT,0.18264666467823384,0.03953782671685695,0.0020210251210389936,0.011730561751814686,0.07994158091110065,0.13998526432356267,0.005477212801195606,0.5386598636961966
7,7,OUT,OUT,0.2068603032863603,0.020994488492880558,0.001989506757320979,0.00928248158120435,0.08045476522882494,0.14885949814994215,0.004802128328161754,0.5267568281753049
4,7,BB,OUT,0.1809435635114644,0.029571121741353297,0.0019660087009636396,0.00935715086659551,0.06588470642735639,0.21011536760448452,0.004935046930062279,0.49722703421771985
0,7,SINGLE,OUT,0.1849237232754489,0.027602053354702335,0.0031951511920088925,0.014147858731319922,0.07599420772499578,0.17261420249661086,0.006406948423813409,0.5151158548010999
4,7,BB,OUT,0.14587936639467022,0.030003505853412583,0.0018683215798429612,0.010228058125249304,0.1148943471952273,0.143650315010583,0.004771621763243739,0.5487044640777708
2,7,TRIPLE,OUT,0.1099461608016187,0.02562314206869119,0.0027287684339890976,0.01015379233205659,0.08000526366861149,0.22577912453852905,0.007117232217284161,0.5386465159392197
7,7,OUT,OUT,0.18136007334075455,0.024667912978043677,0.0021119778279951396,0.012357294212892217,0.09126057838810128,0.13622899497933105,0.006681027823068311,0.5453321404498137
5,7,SO,OUT,0.19358708512755504,0.026613593078360528,0.002452832002655026,0.016527990986336453,0.09473519027113342,0.17700416289655124,0.006148034240470304,0.48293111139693795
0,7,SINGLE,OUT,0.26281890089392923,0.029038831245098776,0.002352847147230924,0.010512830623884873,0.06476570399632461,0.1667185791970276,0.005425671685378068,0.4583666352111258
0,7,SINGLE,OUT,0.20043084060841046,0.03382487478163063,0.00349293812187857,0.011086410812674195,0.09538588266092993,0.17993012338493056,0.006004311513391066,0.4698446181161547
0,7,SINGLE,OUT,0.18019091908402216,0.028464549936531622,0.0025522095211154136,0.026961506383357082,0.12576029242881404,0.2287103217012877,0.011686443655222402,0.3956737572896496
7,7,OUT,OUT,0.18555731141718315,0.03323510201172681,0.00319263786898869,0.010416129942016641,0.06780911104261866,0.2466445578816165,0.005723537169120837,0.44742161266672864
4,7,BB,OUT,0.2007022645951449,0.06424161128828705,0.0029222606538369935,0.009662073839847176,0.04457706371871779,0.13756520394182914,0.004934063059154253,0.5353954589031825
4,7,BB,OUT,0.19786604383875506,0.02629653625545292,0.013649510893219467,0.009762219742759707,0.06459545371562973,0.15233685064975636,0.00800527366765441,0.5274881112367723
0,7,SINGLE,OUT,0.12507729940133974,0.019674202885201147,0.0017661623498430852,0.008393785038247049,0.0535576756049541,0.22572281891936857,0.005478872994161673,0.5603291828068847
5,7,SO,OUT,0.13349040138336152,0.02295082324839894,0.0018911413605542898,0.009038415645669548,0.059472405980989,0.2254197384063223,0.005325043913982667,0.5424120300607217
5,7,SO,OUT,0.1517272866812146,0.035901876251551855,0.00300879691113213,0.013289834466198297,0.050626146190040876,0.18236573978235748,0.00568381778996974,0.557396501927535
5,7,SO,OUT,0.14001634695085954,0.034122756834535514,0.002013854757659115,0.009794960112163962,0.07514943439084469,0.19399537031592037,0.007387435663643354,0.5375198409743734
7,7,OUT,OUT,0.16586919823798843,0.02886637269093395,0.0031224813431850393,0.010852334213614794,0.07479078100227356,0.21855365068704932,0.005894227343586556,0.4920509544813684
4,7,BB,OUT,0.22843556193780806,0.02581852683454145,0.0027095243852399693,0.009252329154597623,0.07234799323009987,0.1862124498354795,0.006043951370818304,0.4691796632514152
0,7,SINGLE,OUT,0.21446599167927055,0.03214888734068691,0.002018945896607059,0.00970261831704602,0.06764463975273541,0.19781786989610647,0.01242526356608917,0.46377578355145826
4,7,BB,OUT,0.20538151076433023,0.03779307228342592,0.002697370949959426,0.011020267385239384,0.06565705042106801,0.2027870072595534,0.005575198750008119,0.4690885221864155
0,7,SINGLE,OUT,0.1301912391121966,0.03990018669112588,0.00208976306111704,0.011743998167303482,0.08163987047053284,0.2535300696214237,0.021464821586557107,0.4594400512897434
7,7,OUT,OUT,0.15469146296569636,0.0423554196933767,0.005300920022602491,0.009675317487732515,0.0554139842641721,0.22657049500942247,0.007652191156261372,0.49834020940073614
5,7,SO,OUT,0.16079042082960804,0.054760610806257784,0.002803203810218627,0.01018350683971634,0.04232760290847758,0.19729228594716985,0.01960657236876319,0.5122357964897886
4,7,BB,OUT,0.17561322072053556,0.02313208495524543,0.0020698559940939237,0.009806751576540066,0.062011233390809294,0.2759226248181143,0.004918289524732406,0.44652593901992915
5,7,SO,OUT,0.20427684540112465,0.028852591850024825,0.001994133651854097,0.012545735776947264,0.11046687602296897,0.2128325932141584,0.00473180548721901,0.4242994185957028
7,7,OUT,OUT,0.15996171436807147,0.030707976662913736,0.004030375076044149,0.010174111353550909,0.06978119903995993,0.2365301461911177,0.01291233161338456,0.47590214569495765
0,7,SINGLE,OUT,0.1772194481112251,0.03490800322671907,0.0022050190530498092,0.009156970583996076,0.07200861273729998,0.20836458195949012,0.004552798416393824,0.4915845659118259
7,7,OUT,OUT,0.18131978721244954,0.027206027144874557,0.0021700616199023283,0.01365926562211639,0.047980924728636354,0.16279670347061878,0.013169738047322436,0.5516974921540796
5,7,SO,OUT,0.16303939397711364,0.026290172877578472,0.0024721805114730853,0.016235662565449987,0.05943171478209448,0.11918018801063165,0.009209234019298105,0.6041414532563607
7,7,OUT,OUT,0.17256740526535086,0.028728159919638774,0.002025141953518232,0.014346944280188019,0.06366798915756908,0.1836832811784928,0.02419212291831081,0.5107889553269314
0,7,SINGLE,OUT,0.21263294194596208,0.032608365383100836,0.003958357420792023,0.01600728503755709,0.08213952111753198,0.12438925860868384,0.005907432162854433,0.5223568383235176
7,7,OUT,OUT,0.21552459533844776,0.019130191843204743,0.003539550555773181,0.010665335718526398,0.08008679706683725,0.1154813300345221,0.004497505681334877,0.5510746937613538
7,7,OUT,OUT,0.16253675621895694,0.046969762702707675,0.005871949334769058,0.018149878970678122,0.042298887424124486,0.13705683814004957,0.006443326702929433,0.5806726005057847
4,7,BB,OUT,0.15323564162345377,0.03303014537935307,0.0022805974848503193,0.01757819198080611,0.06409966615099662,0.19573069408425595,0.018780025481219532,0.5152650378150647
7,7,OUT,OUT,0.1549794747520938,0.03341350341630708,0.002428892330461379,0.01827438423434998,0.04206198151465906,0.10912380384161673,0.0056763709391726485,0.6340415889713393
7,7,OUT,OUT,0.1304863111221889,0.027103927554987414,0.014248329833550531,0.010931841873429259,0.04009025513378517,0.12691709814664648,0.0445111194194318,0.6057111169159806
7,7,OUT,OUT,0.10936414460361348,0.02762735329863707,0.01218008352404569,0.011517051906339294,0.0733295036573648,0.14477765831521722,0.006975497646879352,0.6142287070479031
5,7,SO,OUT,0.1523974810394896,0.025759233072706264,0.002164760040145337,0.009565073093670284,0.07305576236139434,0.1826867311710572,0.004810613918126207,0.5495603453034108
5,7,SO,OUT,0.18447541934313658,0.033967674997548186,0.0030526368484291894,0.012874254872137019,0.06908352359304534,0.2128276880658679,0.0075266628279680526,0.4761921394518677
7,7,OUT,OUT,0.11843846275149915,0.03384864188782055,0.004313725686262098,0.01299502130404929,0.059955012939886115,0.16829641749508864,0.005854916011698179,0.596297801923696
5,7,SO,OUT,0.19675127018566602,0.03778881143536214,0.0019523509167285263,0.010715025084352792,0.14614072426165756,0.1608200296218513,0.004653363513293274,0.44117842498108845
7,7,OUT,OUT,0.23249438367729244,0.02342182637316725,0.0018819047487500567,0.01262503172919033,0.04315066663526641,0.1574743056841245,0.022374586055963697,0.5065772950962454
7,7,OUT,OUT,0.14463438681473975,0.022395705702112766,0.0028044329194676404,0.019068709377654806,0.056786527466988916,0.11882412933445503,0.012002868764106736,0.6234832396204744
7,7,OUT,OUT,0.14242274598146187,0.026614968058291822,0.002042910690600379,0.013498017562920364,0.058942343755269855,0.18046904226220187,0.03183126598864518,0.5441787057006087
0,7,SINGLE,OUT,0.16573444929754758,0.021982388405404712,0.0019057735089924182,0.010799847961354228,0.04040790496356074,0.15337883038029423,0.005615146211255545,0.6001756592715906
6,7,HBP,OUT,0.16728024313123827,0.024711882749736108,0.0020481188039461703,0.010388495352788622,0.0808320687153011,0.14163884791959033,0.005226978892865055,0.5678733644345343
0,7,SINGLE,OUT,0.14758069244939662,0.040076061327315386,0.002168818768432943,0.00944939639513207,0.07777176496504405,0.22372669027314288,0.005546669406734117,0.493679906414802
5,7,SO,OUT,0.2123544344261251,0.02228477479367465,0.0021062707344106993,0.009967941422642505,0.08400613282203045,0.14965871837142913,0.005217792005060614,0.5144039354246269
0,7,SINGLE,OUT,0.11150728625278998,0.025323178982538316,0.0019928055796404913,0.009484689690004716,0.08011890551185746,0.27705813161419574,0.008495946718088317,0.4860190556508849
0,7,SINGLE,OUT,0.10204937946650856,0.021827617954440635,0.0017961867539969256,0.008500397936060838,0.0746219356781311,0.27939895634661727,0.006578204391927766,0.5052273214723169
7,7,OUT,OUT,0.09352922650390406,0.03842999220192141,0.002023782565160292,0.009632123588318104,0.07480991598270563,0.26971592253811316,0.004943943193286418,0.5069150934265909
7,7,OUT,OUT,0.18352550577191223,0.020031445032255717,0.0037917826395785816,0.00944339243223992,0.07706971546040783,0.18454028391557303,0.004790434274318814,0.516807440473714
4,7,BB,OUT,0.14144100287185132,0.03816516313866126,0.0019340683061659974,0.01097718804100519,0.1274987225261484,0.2152166862139101,0.0049474055725014345,0.45981976332975627
4,7,BB,OUT,0.25310646357904115,0.022134564637684685,0.00418675254556791,0.01577628943375756,0.04139996063709412,0.11579070432726045,0.0076012767440379395,0.5400039880955563
7,7,OUT,OUT,0.12127188920554986,0.024367315292005618,0.0020085257064785663,0.010224878178450964,0.05313162543732011,0.23965156207981766,0.005061883231100045,0.5442823208692772
5,7,SO,OUT,0.16106087525531376,0.051105403566996284,0.001909999005686202,0.01026310786506443,0.09280163877435381,0.12733421597317993,0.004719461949904995,0.5508052976095006
3,7,HR,OUT,0.14358725437965691,0.021105384726558308,0.0023928936911633654,0.010847227626260772,0.13902232371559733,0.17154861191742607,0.004988278835604505,0.5065080251077327
0,7,SINGLE,OUT,0.17340182271210666,0.03873297586482584,0.0035172556742646952,0.009468604804997506,0.07974379029574813,0.11944043490365135,0.005081235385525602,0.5706138803588803
7,7,OUT,OUT,0.17895026266301411,0.023191777798308374,0.0034442251344607455,0.010250396399953657,0.07186027140929055,0.16102763970683404,0.005686658702338444,0.5455887681858002
5,7,SO,OUT,0.1551501727996002,0.02516296440696712,0.001819623773267918,0.024614212494594473,0.04835095242409539,0.2894898791938334,0.004800628323577935,0.4506115665840636
7,7,OUT,OUT,0.1552711513514234,0.031102659808304817,0.002945149630145364,0.010421228989017305,0.06826963854592442,0.3038571114335571,0.007462656411749759,0.4206704038298777
0,7,SINGLE,OUT,0.14317191193480963,0.024251860904543104,0.0021565261251892134,0.010110988148355312,0.07042458268996182,0.22335092676469662,0.005105427617571467,0.5214277758148729
7,7,OUT,OUT,0.16000965203992662,0.025420511336889565,0.002113077475759364,0.010072366835604855,0.05196288441632929,0.22048565723923286,0.005275100731024348,0.5246607499252331
4,7,BB,OUT,0.11223512371663709,0.04806291521989948,0.0018762262553101972,0.037714691974955715,0.07849783691678179,0.30800028185036077,0.004528569882852915,0.4090843541832022
1,7,DOUBLE,OUT,0.2253274723334409,0.04654193251262104,0.0021088696942714153,0.016106892536999325,0.08753345394646032,0.15701945395686953,0.007014245605246846,0.45834767941409066
1,7,DOUBLE,OUT,0.15711394390461456,0.03339538505452283,0.002170671913100812,0.023553107360338353,0.06767386585308377,0.19185509192537908,0.01668907256391682,0.5075488614250437
7,7,OUT,OUT,0.14083561800337757,0.027995654522472036,0.002821626337207669,0.009953295958264545,0.06052909508113906,0.33532291582113066,0.005861448795503664,0.4166803454809047
5,7,SO,OUT,0.16019657502882798,0.03376427329766638,0.003153127964557694,0.009689673935585263,0.06121504664228737,0.22777278081756638,0.005522557433656862,0.4986859648798521
7,7,OUT,OUT,0.1335534231811638,0.029724399181869716,0.0019228267292992185,0.009257297156641153,0.059849150089818184,0.2460884260242975,0.0058864579150101695,0.5137180197219002
5,7,SO,OUT,0.14606140480275817,0.027664485505308326,0.002511404799807212,0.010632041592001411,0.06556634249266372,0.27676335653555634,0.006165698702827995,0.4646352655690769
7,7,OUT,OUT,0.1487082711588474,0.024649437782768326,0.0020365060186385764,0.009704877572495316,0.08693697645992468,0.23188037175970674,0.004900871267405636,0.4911826879802132
5,7,SO,OUT,0.12465264638782686,0.023820102600969978,0.0020967733177815473,0.009979520567694987,0.07678841438589433,0.28949949343389336,0.0050292882642860625,0.4681337610416527
5,5,SO,SO,0.0746712047542308,0.022344333866604095,0.0017967953896025487,0.008156055817095088,0.04336329214583516,0.5026781131332186,0.004016973911121528,0.34297323098229215
7,7,OUT,OUT,0.2039943672045143,0.048229328139761954,0.0031295419181475025,0.017995236895197782,0.04339907830094128,0.1281394936941048,0.012897722336109158,0.5422152315112232
1,7,DOUBLE,OUT,0.15116001471686116,0.026901743160095897,0.0029405759858669193,0.01011992841682519,0.05680395969735194,0.28356420990407405,0.005835127258871939,0.46267444086005294
0,7,SINGLE,OUT,0.17156295321340517,0.022146356471058188,0.0020394025453351894,0.009496254618231748,0.0865606837827781,0.19995837638031239,0.008091528207516328,0.5001444447813628
0,7,SINGLE,OUT,0.17962820644306118,0.023851716528963625,0.0025647620060139757,0.008934319713868367,0.06946653213629382,0.15948899375318704,0.006169143795183305,0.5498963256234286
7,7,OUT,OUT,0.14816106270883564,0.02305606702307954,0.0017384995008882216,0.02376570234196712,0.046102128818518585,0.2524193450739105,0.006011462210601939,0.49874573232219843
7,7,OUT,OUT,0.15316193950720294,0.04645068833482685,0.0023113758640361417,0.011241701090480415,0.06538220832350315,0.3147563296015416,0.007160049427758409,0.3995357078506505
7,7,OUT,OUT,0.1495342324526958,0.023467532499542393,0.002028899167885967,0.009945838682467432,0.05774379507889305,0.2731809281485687,0.00504440265749643,0.47905437131245004
7,7,OUT,OUT,0.187279124069098,0.0486143898191809,0.002027475512309493,0.01110551057776443,0.101645752185976,0.14403389495499064,0.005314388688972254,0.49997946419170836
7,7,OUT,OUT,0.21462257318242453,0.025857169002446678,0.006153727084877909,0.00928702304172024,0.07924125415480096,0.12483616451497484,0.010382091547212209,0.5296199974715428
5,5,SO,SO,0.06878153517530028,0.017768459788728055,0.0015115819354815162,0.0073215885436461155,0.035732104389961585,0.4892113228501121,0.003688925281009051,0.3759844820357613
7,7,OUT,OUT,0.12811982763750285,0.027441842388989886,0.0022207112719338858,0.01152392620173189,0.05995175997431788,0.20739137955232675,0.005344489240923738,0.5580060637322732
7,7,OUT,OUT,0.11243878709045489,0.024939602395916666,0.002168258134331464,0.011556280016497163,0.05776958013586751,0.328639595894833,0.005089035455928232,0.4573988608761711
3,7,HR,OUT,0.14280164475400847,0.02563183091134525,0.0020329306239092034,0.017978372632490167,0.08062099031025372,0.14157287124753917,0.006397215559252162,0.5829641439612018
3,7,HR,OUT,0.15168088586103842,0.062293379989570706,0.002510577458079846,0.01789215400458483,0.09098081992220648,0.224579483181153,0.006159772345113115,0.44390292723825353
1,7,DOUBLE,OUT,0.15654852840968358,0.02474651494327424,0.0020647874903445547,0.009767486676391109,0.08917158087162491,0.26216517776857,0.004997177376721939,0.45053874646338976
5,7,SO,OUT,0.14909329145908293,0.0319823644171129,0.0021305977600298213,0.010246634552555941,0.054185070713995184,0.24326695018181377,0.005378314444425712,0.5037167764709837
4,7,BB,OUT,0.17290092436947904,0.07367315313810305,0.002077835102237595,0.011272003205215538,0.06171987176541746,0.14940660272443557,0.005285479169395013,0.5236641305257167
7,7,OUT,OUT,0.11013360901694785,0.056910691281644464,0.0018496726430246688,0.05211354938081655,0.13004894212622983,0.28741954667040626,0.004895377845632786,0.3566286110352975
0,7,SINGLE,OUT,0.19833420022099416,0.025922676966449076,0.002155160124747903,0.011214547018326729,0.09059128801805053,0.13256084432658283,0.004919648754557697,0.5343016345702911
0,7,SINGLE,OUT,0.21054119219524245,0.07300534037296946,0.004920472526839062,0.017960364311387207,0.04079191887683069,0.127299831603423,0.010113808316327817,0.5153670717969803
7,7,OUT,OUT,0.18334930648350356,0.02868668989528988,0.002416319308988393,0.01215376827470695,0.06993641272205607,0.22710702121396195,0.005190046553871165,0.4711604355476219
0,7,SINGLE,OUT,0.16585800584009258,0.04216787569326304,0.004916131403443566,0.010194073376074761,0.06488592158457501,0.13479894268358994,0.0062468499334591915,0.5709321994855018
7,7,OUT,OUT,0.16071718242362107,0.02181104978736039,0.0025382986399315258,0.009484391578287128,0.06567443911278166,0.16842044336215548,0.006069639785354829,0.5652845553105079
7,7,OUT,OUT,0.1569830274003011,0.022223161987998518,0.0019777539156848848,0.028110663207716463,0.056146577971815964,0.28185572451345337,0.005274803446128443,0.44742828755690117
0,7,SINGLE,OUT,0.15663596464662852,0.02326667844858564,0.002109853145654687,0.010091852405267259,0.05876890958246995,0.27218571659209867,0.0052485391607624355,0.47169248601853275
7,7,OUT,OUT,0.15365780804058685,0.026613879490481787,0.0021405753673270017,0.010187994917611149,0.07337042422274746,0.26658249484177116,0.005591812274536623,0.4618550108449378
0,7,SINGLE,OUT,0.12570657490131107,0.02467410086003568,0.002057266680745001,0.009962674686226311,0.05088748857875804,0.34343078396482074,0.004955899977131901,0.4383252103509712
7,7,OUT,OUT,0.10852519228645927,0.02617341869684488,0.0021118565838841104,0.009833078398990752,0.0595550714029859,0.33450043839888083,0.0048916660802009685,0.4544092781517534
5,7,SO,OUT,0.07027537912834479,0.019025508147805282,0.0016201843369533248,0.007780896224086109,0.039051636124688226,0.3783923712166515,0.0039285652345001755,0.47992545958697075
7,7,OUT,OUT,0.1670877603641946,0.04185913066756675,0.002197509365993225,0.010532563433872835,0.06565768056148898,0.24778248216348134,0.006555640412688592,0.45832723303071365
5,7,SO,OUT,0.14829148094433792,0.023235802314921283,0.0022047612582444804,0.009187020365462154,0.04900922084743557,0.2794728289733126,0.006000158330589719,0.48259872696569633
7,7,OUT,OUT,0.1484814546966072,0.02670799299572741,0.001964586202286197,0.009457255462320156,0.06770514567472243,0.2790864278189917,0.005789098833808029,0.460808038315537
7,7,OUT,OUT,0.1646341266337099,0.04460281113339231,0.001995695881516805,0.01114139265149095,0.07402131175256361,0.13254038446176108,0.005417876108856259,0.5656464013767091
5,7,SO,OUT,0.11213582758945516,0.03925421343987674,0.0019587499640724404,0.05418432806244973,0.08308152334579134,0.32228534145537746,0.004700861578036529,0.38239915456494045
7,7,OUT,OUT,0.1698093303961111,0.025090453683177482,0.0020452160661560423,0.01037931032647188,0.09059957780191978,0.1293937686729315,0.004712414890192356,0.5679699281630399
7,7,OUT,OUT,0.18224338695814338,0.08994316786637471,0.0032748331579360982,0.019551990664574782,0.042565525004162164,0.14510249597383001,0.012432767888503723,0.5048858324864751
5,7,SO,OUT,0.17414696962908813,0.03483535120435193,0.00441785915019012,0.01274534317170987,0.06754211371396125,0.23751513921374895,0.005288570902504448,0.46350865301444544
5,7,SO,OUT,0.08535549765297563,0.02092109875921524,0.0018870337812327777,0.009044467937324113,0.04520579074630066,0.37852634502953403,0.004756521857335287,0.45430324423608226
7,7,OUT,OUT,0.160075796824576,0.024783398523072153,0.00217296152842892,0.010069299948441829,0.054912462275160376,0.2361379005354027,0.005143202048716612,0.5067049783162014
7,7,OUT,OUT,0.11666242219342317,0.03379027803753491,0.0020788551902781193,0.011935907683966254,0.06709649496834881,0.2624501454608852,0.005276995535205343,0.5007089009303582
7,7,OUT,OUT,0.1397555616459419,0.029459413672743184,0.0021192289907034367,0.03604136124179551,0.09651352028422508,0.14114402609468177,0.007229387899196379,0.5477375001707127
6,7,HBP,OUT,0.14364297648752314,0.028998432328458112,0.004532800795633511,0.009543134826775,0.07419046095507155,0.16462338091291995,0.005466080925532501,0.5690027327680862
0,7,SINGLE,OUT,0.28403531052737957,0.02455321278131644,0.001917948977409422,0.06020396884400887,0.0840451537374298,0.19497423494943705,0.004588922069663317,0.3456812481133555
0,7,SINGLE,OUT,0.14564293988063204,0.06017218434347632,0.0019431765669522564,0.009925688142224649,0.07516167365735157,0.18738301473746827,0.004736930322192814,0.515034392349702
7,7,OUT,OUT,0.16368418224891715,0.033635103876550186,0.0018796408675545956,0.039304365436675405,0.04970150099829496,0.13474012968975932,0.006807056376258689,0.5702480205059898
0,7,SINGLE,OUT,0.1364384070620806,0.029976451403257557,0.002083780022318466,0.037120753217433695,0.07271668922816124,0.1826042356247408,0.004881556388032732,0.5341781270539749
7,7,OUT,OUT,0.09406425635688662,0.02343593170097633,0.0017241441539005422,0.008897073257263875,0.03864866374312899,0.29105513226122676,0.004119770416482411,0.5380550281101345
4,7,BB,OUT,0.12271928956771837,0.03690947428755802,0.006167646323319533,0.013967388238732533,0.06285675221491355,0.21426188119547712,0.005422821228661469,0.5376947469436193
7,7,OUT,OUT,0.21672820791348602,0.042669828944514765,0.0028343686135157606,0.010500426778364968,0.045434571967434625,0.14820738649223167,0.004923994184256964,0.5287012151061953
5,7,SO,OUT,0.1446206944864474,0.021182272950194196,0.002015216903625205,0.04929000473079364,0.08800876359811399,0.2061096816561871,0.005451242866718772,0.4833221228079196
5,7,SO,OUT,0.14810162776377078,0.022148340226887265,0.0021242875172881367,0.011192171638597636,0.16726697391004067,0.1707146090384754,0.005130322406607007,0.47332166749833327
5,7,SO,OUT,0.16512541217193977,0.038147435460333425,0.0019504057188719994,0.016018119775935345,0.060756390034196674,0.13637141618231838,0.005561036087271251,0.5760697845691333
7,7,OUT,OUT,0.2027337113170395,0.02923400925655663,0.0018151806849082634,0.018130482816445116,0.04887011446367873,0.1956122907113636,0.004658138098532868,0.4989460726514753
5,7,SO,OUT,0.19541679198528308,0.03352193753668732,0.0019521513354935473,0.016439828705846177,0.0654117372249932,0.251972645412174,0.006260799531547563,0.42902410826797505
7,7,OUT,OUT,0.15338573064451005,0.06032632289068309,0.0021507143382971123,0.02115761872477786,0.08778433486329142,0.21085108845533723,0.005579778122202542,0.45876441196090056
7,7,OUT,OUT,0.13940195341273315,0.0227146218431444,0.001934821069818933,0.009152558421568372,0.0474758315650288,0.19640904452161828,0.004914968994622671,0.5779962001714654
5,7,SO,OUT,0.12934241358829057,0.027694860215991726,0.002533634555193008,0.00951340188710347,0.04571568915427933,0.26725905314319603,0.00468457394566059,0.5132563735102853
5,7,SO,OUT,0.14533333227151826,0.05179602175256097,0.0022397726404900166,0.010461549890745185,0.08105686889679298,0.185307654645546,0.004844997774632938,0.5189598021277136
5,7,SO,OUT,0.13116221671397116,0.033753430222020576,0.0018762211002414505,0.019938678827443466,0.05091960587545532,0.1388555053512745,0.01272697153819079,0.6107673703714028
7,7,OUT,OUT,0.1733884184305146,0.029526770498084588,0.002871883352554709,0.015394098945421554,0.057233814940708116,0.12195648592638972,0.004373847703840023,0.5952546802024866
0,7,SINGLE,OUT,0.18076577868423152,0.03035113867461906,0.0020894270387280295,0.02289636764717679,0.07980410976189559,0.20106786571727514,0.004810807334019949,0.478214505142054
0,7,SINGLE,OUT,0.26609915740713985,0.023210971665586243,0.0019193240267612783,0.009415909703775717,0.04658311552114903,0.2177231412580839,0.004794328615158104,0.4302540518023458
0,7,SINGLE,OUT,0.15583699289889885,0.02799581187592704,0.0020702275211241347,0.01514877848021888,0.07949597486182462,0.20505463147640016,0.005547873075702366,0.508849709809904
7,7,OUT,OUT,0.15185596940151347,0.02962986054634726,0.001979376316297524,0.009568409252484823,0.16917103129059421,0.19894006207355713,0.005403834009556141,0.43345145710964933
0,7,SINGLE,OUT,0.23464214399882738,0.04212210740130911,0.003159378769788337,0.011585512573216649,0.05034577670087337,0.14778129050944647,0.005237777076980318,0.5051260129695583
4,7,BB,OUT,0.12426309440288287,0.022062534892466523,0.0019501126135866992,0.037894046165324276,0.0873196613524374,0.2665628521479283,0.005118218954126232,0.45482947947124763
7,7,OUT,OUT,0.1207009226545826,0.04460111059024889,0.001954965667740426,0.010867649044806041,0.055211729693905795,0.148996735877539,0.0049116308098265445,0.6127552556613507
7,7,OUT,OUT,0.13752724828524593,0.03171178450104311,0.0028693533827197073,0.010577690294288608,0.045826102933247514,0.30968561916390347,0.005512351415587681,0.45628985002396394
7,7,OUT,OUT,0.20533182266393016,0.025730085668201803,0.0019392730850702113,0.009448659399131865,0.13771508750868863,0.20076993497476991,0.006378298054519465,0.412686838645688
0,7,SINGLE,OUT,0.33908932773653283,0.02404758330712837,0.004053307842577075,0.012272212434337366,0.05932518001825499,0.16330309565100323,0.005636812563101927,0.39227248044706425
5,7,SO,OUT,0.1341244463778642,0.023038338798813795,0.003974314669200203,0.022929592653497897,0.07915834028843231,0.11266079107653719,0.004444708573281644,0.6196694675623728
7,7,OUT,OUT,0.13781619758823843,0.02352464565268414,0.001943291374265963,0.009162493020685874,0.05679111447485367,0.2508619532078519,0.0048971329582200894,0.5150031717232001
7,7,OUT,OUT,0.17675838201266061,0.027644696750477794,0.0027256611272286815,0.016441079663903763,0.08037364203228725,0.19800952729478935,0.005862932698213453,0.4921840784204391
7,7,OUT,OUT,0.14162595052505136,0.025626794168515637,0.002009401998044813,0.009573463053161356,0.048336259809446884,0.24176641738281515,0.00491242139492846,0.5261492916680363
4,7,BB,OUT,0.11714257751207087,0.02755481192025337,0.002045391923298193,0.015395177977871348,0.07010518562310068,0.24955609500572865,0.004949118663963527,0.5132516413737134
5,7,SO,OUT,0.10661647114235163,0.02517072266833347,0.0020268545238257907,0.013807104418400386,0.07773957582048548,0.23097004242284086,0.005081644722044616,0.5385875842817177
7,7,OUT,OUT,0.17499437184612263,0.02336727515932413,0.0027776498764806273,0.009816631438210264,0.05743642403444347,0.15767989300278387,0.004313173397616235,0.5696145812450187
5,7,SO,OUT,0.11350807348424738,0.02522941006488664,0.0018071443653332382,0.012345636834449183,0.0467727062085235,0.2908462451929428,0.004502462786176303,0.504988321063441
5,7,SO,OUT,0.13770559729098725,0.027380324669663975,0.0021646013932431016,0.010623106003153074,0.08301993310264379,0.2159329766146699,0.005157112922888043,0.5180163480027509
5,7,SO,OUT,0.15710416115098974,0.02281667944205482,0.0020699325926298853,0.010004596972121539,0.05832134736941907,0.2829651312028077,0.0062517103520336155,0.4604664409179436
7,7,OUT,OUT,0.12135223153716658,0.02929184931835183,0.0020660523389506003,0.010973171607529125,0.057854950619411975,0.17027057389035027,0.00998245762612935,0.5982087130621102
7,7,OUT,OUT,0.1857883423432403,0.033470675046321154,0.0038181856214212165,0.010493311944846177,0.12417738336951259,0.2494270806701138,0.009969765762706185,0.38285525524183855
0,7,SINGLE,OUT,0.15707414236522985,0.04500535075627401,0.0026124050393281136,0.03215969946115455,0.14797865061909599,0.17856630066698037,0.012665797159285994,0.42393765393265104
0,7,SINGLE,OUT,0.1283611990626695,0.03309179938020638,0.003522179339932731,0.014428360131584314,0.06485102038196754,0.1400429599826946,0.005093821409864394,0.6106086603110805
7,7,OUT,OUT,0.12596960296927703,0.02848524738226971,0.0020406364572965155,0.011817927980533941,0.12232784162433168,0.19229095835468507,0.0050069391485294944,0.5120608460830766
5,7,SO,OUT,0.1172880205096315,0.047512187184008715,0.001980205847898278,0.03654695641014049,0.05879008195810905,0.2504001399555045,0.028509678190435227,0.4589727299442724
5,7,SO,OUT,0.19982185506180072,0.02923414154672052,0.0019159638436673483,0.026419377305574004,0.08438416782879596,0.214582399700882,0.005465247643367121,0.4381768470691924
7,7,OUT,OUT,0.1911055458871753,0.027038751779448908,0.0033750767400905894,0.025683389341024897,0.07633603812135027,0.1592543708145616,0.0174364291005199,0.49977039821582847
5,7,SO,OUT,0.13365605464243321,0.02468152993657723,0.0020250544571242613,0.010263057194226644,0.04667858743907146,0.24075436386296079,0.005211493254774519,0.5367298592128319
0,7,SINGLE,OUT,0.158918171713488,0.04916626236847574,0.0022621196576438083,0.02158544686268107,0.1119597441253092,0.2225382327875477,0.005573600901227714,0.42799642158362683
0,7,SINGLE,OUT,0.16263416035631328,0.022528955973653234,0.0021038094917862527,0.011455762103003394,0.12478728502652005,0.1539125334359564,0.005066313819602005,0.5175111797931654
4,7,BB,OUT,0.14380694751289166,0.027252951995305055,0.0020196994212024508,0.0362268809483953,0.07195056061811486,0.1289739597580965,0.005841869411211687,0.5839271303347825
5,7,SO,OUT,0.13567390026804968,0.021262041155700153,0.0019524403122128497,0.028956937880830477,0.09944032592873946,0.266468170585407,0.006128124742135113,0.44011805912692537
0,7,SINGLE,OUT,0.17788655588531693,0.033977721388291846,0.003011115078493795,0.010389667329494834,0.043551061142363706,0.13101035502516162,0.0049322644373006475,0.5952412597135767
3,7,HR,OUT,0.1966811333547125,0.026433891541715628,0.0028783764702318606,0.010990252181831483,0.10966398517332761,0.2120084418549268,0.0075147907866515255,0.43382912863660267
0,7,SINGLE,OUT,0.1436939633166972,0.026216981790604367,0.002100209341214367,0.017394501730144767,0.06657656489011554,0.11541202807819238,0.01331167703438923,0.6152940738186422
4,7,BB,OUT,0.15460134886353236,0.026891319718874568,0.002116995048088832,0.015733179525836177,0.06872367916400363,0.1830309112723853,0.0053326360266113,0.5435699303806678
7,7,OUT,OUT,0.15268184751851996,0.03651341677314831,0.002075099837095108,0.029479366251452574,0.07204126490748194,0.1288206195149783,0.005480080357674462,0.5729083048396494
7,7,OUT,OUT,0.22410392868755877,0.02948659395406151,0.002666545835226411,0.010496490567959867,0.0676294886033255,0.18028163006732953,0.005332333367497345,0.48000298891704124
0,7,SINGLE,OUT,0.1463706233507416,0.029413964083930443,0.0025856295262068245,0.024811935889362605,0.10711430204150864,0.22350195695590644,0.00813350637264086,0.45806808177970254
0,7,SINGLE,OUT,0.1405129010292734,0.03026192562958216,0.0019994672455202296,0.010164782247677537,0.14402998770583028,0.2141450565371661,0.005434291528827216,0.45345158807612307
7,7,OUT,OUT,0.20266767431475818,0.03162895161082021,0.0023508825368107706,0.009958162675728664,0.04925738717835418,0.16463223411931932,0.005253578416170677,0.534251129148038
7,7,OUT,OUT,0.12827352402555328,0.027829707758326917,0.002049547200501084,0.009784425404813772,0.05381634078684021,0.3049057746559673,0.004962114275811507,0.46837856589218585
0,7,SINGLE,OUT,0.15353995618696617,0.03645487992467072,0.002142822458901856,0.011520670667107736,0.06095690226257604,0.21675038490511425,0.0071645149155388855,0.5114698686791243
7,7,OUT,OUT,0.12890641508438147,0.02508537651756056,0.002113167561283439,0.01721206212447111,0.05175227078127652,0.33901899962338694,0.00503373066900781,0.4308779776386321
0,7,SINGLE,OUT,0.11407408012848769,0.02749321915862781,0.002012877353013939,0.017312609675424313,0.05659369155812903,0.3705112190366619,0.007165041899538154,0.40483726119011715
5,7,SO,OUT,0.09280935898230357,0.028034356061971546,0.0021231055403539154,0.011886231454561432,0.06625194960405019,0.3237338126510835,0.004978830426887334,0.47018235527878854
7,7,OUT,OUT,0.17908148271884555,0.040075169757264426,0.0019357704758239415,0.01662558022116022,0.10571679960941292,0.22414515028120852,0.009050473769160409,0.423369573167124
7,7,OUT,OUT,0.15592053076667486,0.03438211656698377,0.002288916358252135,0.010908996029802765,0.053452677045578635,0.2620642009560813,0.005151839449262691,0.47583072282736383
4,7,BB,OUT,0.12940240958198132,0.025295137181763058,0.002020482540330975,0.013346407851090121,0.1208865744205007,0.2315581097570822,0.005154198705489577,0.4723366799617622
0,7,SINGLE,OUT,0.16264933551248711,0.02873959155388835,0.0031275805512791716,0.02660673870741019,0.07042668026229498,0.22198173778485764,0.006139759369743666,0.480328576258039
7,7,OUT,OUT,0.12352629651775893,0.02617320228661688,0.001924685974272252,0.01289199856894142,0.066991824142308,0.25275121694769825,0.01012165467588578,0.5056191208865185
5,7,SO,OUT,0.1716803735393816,0.02875886497239603,0.007763986305576066,0.012017694991712081,0.04836615547323557,0.27951383461122054,0.011115204718138491,0.4407838853883397
7,7,OUT,OUT,0.18835735376902593,0.024340081013459487,0.011842851639850983,0.009042584434802357,0.03898840449959444,0.22823245408549786,0.007014743111530736,0.49218152744623817
5,7,SO,OUT,0.19529419473742043,0.03536989658049703,0.008387422185336214,0.01649436454058005,0.06584414432778882,0.22164668354972977,0.005359876928816822,0.4516034171498308
7,7,OUT,OUT,0.17169250166818303,0.03821460680203573,0.005128936402208883,0.010856509780685804,0.05568580399143247,0.22008000193681757,0.0324905059427035,0.46585113347593304
5,7,SO,OUT,0.1589648016313971,0.023021495378577703,0.0021363829919476187,0.011389973558303504,0.08461453424433113,0.3081110155022157,0.006789380759368409,0.4049724159338588
0,7,SINGLE,OUT,0.17846834503737072,0.023557241004389523,0.0019364922718395866,0.00917557435526751,0.043683334340883666,0.2538608791816394,0.004810366135965039,0.4845077676726446
0,7,SINGLE,OUT,0.1491408511378905,0.026783657555777187,0.002092082161632442,0.042594373968474,0.044685120528541324,0.2818054609153465,0.005333828597117881,0.4475646251352201
5,7,SO,OUT,0.16575750750734045,0.03419510550305475,0.002513820378930128,0.017491494760206953,0.08289205495955597,0.1420588226269903,0.005922394569543463,0.549168799694378
7,7,OUT,OUT,0.17904088450840805,0.04745801868878033,0.016446261034124842,0.010196662034048749,0.03987773157064212,0.24463780199022755,0.026772938964555546,0.4355697012092126
5,7,SO,OUT,0.19007437685021208,0.035999198684308904,0.002361682510941045,0.008608922680795834,0.037365705214149746,0.12840796684578576,0.004733450659693665,0.5924486965541129
7,7,OUT,OUT,0.1933929311393351,0.024079008999410317,0.0020411378124508745,0.009671410539480058,0.058431229979292176,0.19821989587873567,0.00492987533438678,0.509234510316909
7,7,OUT,OUT,0.18476084904884074,0.02218609268748476,0.002802244548687858,0.010125670628126535,0.10337353476111046,0.16816505094722395,0.005218540476449929,0.5033680169020758
7,7,OUT,OUT,0.13461666248819665,0.04330731022804253,0.002072609495365722,0.010561309555231616,0.05200699333045995,0.27744818443398417,0.01421772375966048,0.46576920670905897
7,7,OUT,OUT,0.09288483772190187,0.02603517286153431,0.0021009930549695122,0.009938757265611152,0.06130955220217115,0.30970879675544993,0.005288150534334032,0.49273373960402816
5,7,SO,OUT,0.1784913648044435,0.025980434676432577,0.002737390957307709,0.013667594564165605,0.03693110593772909,0.13155311045073165,0.005579753501346514,0.6050592451078433
7,7,OUT,OUT,0.20529115940752343,0.033484301864434206,0.0017453051939598514,0.008271181172650778,0.046935443524324896,0.1914338384810095,0.006950237236743091,0.5058885331193542
7,7,OUT,OUT,0.17265998984803996,0.03226971461712252,0.0053003511470241455,0.011791686532448822,0.06539329646676913,0.1794738462782706,0.008263635027940934,0.5248474800823839
0,7,SINGLE,OUT,0.17087879368789885,0.03441904839484747,0.0024279725069631646,0.010414245276411438,0.08796399125125873,0.1469824054584249,0.012340312739350798,0.5345732306848446
7,7,OUT,OUT,0.1761236061349583,0.03758059304512938,0.005189605451711943,0.0127251620622005,0.04291137173438362,0.15677646037662538,0.005003262460165428,0.5636899387348254
0,7,SINGLE,OUT,0.18899050558264616,0.023408814639829998,0.0019591005806095575,0.009324271905110718,0.05383329853617398,0.18456033174470315,0.005274573921549706,0.5326491030893767
0,7,SINGLE,OUT,0.16527574328049155,0.028167535715076374,0.0026474914673235016,0.010129906887457886,0.061601555763164714,0.178200443989327,0.006616163158538602,0.5473611597386204
7,7,OUT,OUT,0.17437372309020105,0.02665736320143885,0.002731832935080286,0.009658276726174364,0.0575230369077631,0.19278751072458059,0.005703001278253334,0.5305652551365083
7,7,OUT,OUT,0.23406044756876648,0.025491711472500417,0.0018837274360565418,0.012099160926463822,0.05716304022319503,0.16366822720443408,0.01000920501633156,0.49562448015225213
7,7,OUT,OUT,0.14251935842717853,0.05159889102940571,0.0018379317193758767,0.010071405773367565,0.12477110661753449,0.18405109296149869,0.008548779123680164,0.47660143434795904
7,7,OUT,OUT,0.17631111768568797,0.05146245738757696,0.001926285001730619,0.009435237963912473,0.06223907537358651,0.16727862079028458,0.006382181559222619,0.5249650242379983
7,7,OUT,OUT,0.1700746178355913,0.02867318031232774,0.0019788254722500308,0.009360842956230906,0.051637459305897776,0.2382382988926296,0.005416550591626684,0.49462022463344585
7,7,OUT,OUT,0.16578869138125246,0.022734362933787326,0.001964320610798577,0.009326437847693013,0.04910724355122558,0.20975433460023327,0.004851448017036069,0.5364731610579737
4,7,BB,OUT,0.37692433504719236,0.02469264451342294,0.0018770752335874254,0.00879527567237747,0.0452264129969251,0.14710896871917703,0.004564375455232504,0.3908109123620851
7,7,OUT,OUT,0.19593542768309696,0.026685759502719553,0.002576344666714627,0.009649411200915595,0.038457814768857325,0.14584306541954842,0.0060461801584110325,0.5748059965997364
7,7,OUT,OUT,0.12675226975415027,0.026975951670049937,0.0018602305449301364,0.008785476115852902,0.04509057893794215,0.21750188498105416,0.005181421847486332,0.5678521861485343
0,7,SINGLE,OUT,0.10465823832383958,0.04549294348475288,0.0067133264457187964,0.008397750428300788,0.06143848308573949,0.19548665794701184,0.0045184761919715,0.5732941240926652
7,7,OUT,OUT,0.19232317499721083,0.02165933722048667,0.0019869953752104865,0.009413285233275755,0.06400283393628212,0.1720264797577758,0.005084493967652689,0.5335033995121057
3,7,HR,OUT,0.21427794837675737,0.030741924551915135,0.006235911770338227,0.010117592940619171,0.038183156114875515,0.1431383555773949,0.004523591141316443,0.5527815195267832
0,7,SINGLE,OUT,0.14132048346149073,0.030128821936495555,0.0019564261477527842,0.03029608111234181,0.1089989655660327,0.19535169288254217,0.010576621670494552,0.4813709072228496
7,7,OUT,OUT,0.15086643054198962,0.03844986669613972,0.0026067643545522423,0.01598233170672363,0.09843382648975849,0.15156625087810277,0.006122625468080463,0.5359719038646531
7,7,OUT,OUT,0.22412374467941618,0.024665779333174088,0.0023929040642979857,0.01601051755875631,0.052265947754656,0.2540505102765214,0.005883803275904432,0.4206067930572735
5,7,SO,OUT,0.1418247586036534,0.025481307510747033,0.002484719039630573,0.018355079223882877,0.05718687849272994,0.2433265224627506,0.005277903739663376,0.5060628309269422
7,7,OUT,OUT,0.1605406527888536,0.04923315492698593,0.002132705389202737,0.011280746576932343,0.053098925980203986,0.2729265136768613,0.005255615015562456,0.4455316856453976
7,7,OUT,OUT,0.18414830125390957,0.022633257892998946,0.0033058331143177113,0.010769138606661245,0.06302314743586983,0.23266356127180338,0.009795224252296206,0.4736615361721431
0,7,SINGLE,OUT,0.1817014389277912,0.02841412834844044,0.004318187300736153,0.010573031845868412,0.04846590977774752,0.2586441021793613,0.007877178720629515,0.46000602289942555
5,7,SO,OUT,0.13141451705276902,0.03569695493319016,0.0019065830358202967,0.05017036025109724,0.07105690187931342,0.2877863182620497,0.004599963808177244,0.41736840077758286
7,7,OUT,OUT,0.11385235478439729,0.02726385144334603,0.001966052890145505,0.022804808821576893,0.05471328155955086,0.2040381512485102,0.004893070323661827,0.5704684289288113
5,7,SO,OUT,0.13738105284128746,0.03191529808816875,0.0025988108536107685,0.014662248653516301,0.041178651628261856,0.22522011854885307,0.011872284508392346,0.5351715348779095
5,7,SO,OUT,0.14965427040372453,0.028822053779817718,0.002273120551493021,0.01979315259679552,0.06956411637175465,0.23685173111679209,0.008981811626381724,0.48405974355324083
5,7,SO,OUT,0.11299656288408919,0.025429206597166548,0.002203140023333434,0.043699013307353984,0.045281925770404526,0.35280013526076365,0.007307321309694643,0.41028269484719404
1,7,DOUBLE,OUT,0.13624159979371311,0.03684795953722297,0.0017178281850619718,0.010358814487403632,0.058287803509373154,0.22496488000104276,0.0051831571580945035,0.5263979573280879
4,7,BB,OUT,0.13541941260903229,0.03237860787000053,0.0021792926816014274,0.011480266483500501,0.0776917145424577,0.23149797246471993,0.010829475564539361,0.4985232577841482
7,7,OUT,OUT,0.1522579726021314,0.030537541474554092,0.002341665321862579,0.028185276988084762,0.052112183526789466,0.3187133716457474,0.007584303231257448,0.40826768520957296
7,7,OUT,OUT,0.1259477492365934,0.029455017432479347,0.0020407357537046387,0.012652399973490897,0.06258687897910807,0.21577135791863641,0.005977852956770215,0.545568007749217
5,7,SO,OUT,0.11259123975056914,0.02431717688813741,0.001823175099029406,0.008920749448334916,0.06422211342198868,0.25432880144149606,0.005275317272585844,0.5285214266778586
0,7,SINGLE,OUT,0.1702553220364336,0.05742097114782162,0.013132303878170134,0.010969836004675116,0.04096405957666164,0.22806582579621823,0.031066443552941546,0.44812523800707815
7,7,OUT,OUT,0.1809891480500979,0.028101150879418068,0.017083794303843294,0.013343022222609484,0.048036344503237384,0.26462282015777594,0.008257213815869352,0.4395665060671487
2,7,TRIPLE,OUT,0.20700200568152405,0.030474350272720673,0.01037186308513984,0.010505669877970091,0.044248400769397504,0.23605032479591104,0.005479018314133836,0.4558683672032029
7,7,OUT,OUT,0.14614650015165978,0.03131869199067853,0.0025040887075179954,0.03610384035524698,0.04873849899999994,0.32793854897134544,0.00591265237271103,0.4013371784508402
7,7,OUT,OUT,0.16891404632294693,0.03884089107099022,0.0025646441571644334,0.012949856012828671,0.054826471137045106,0.2709115242138132,0.005986427776374837,0.44500613930883665
5,7,SO,OUT,0.14277221326738365,0.02021253457933608,0.008565618957056972,0.01114556391685361,0.06185411679050665,0.18931068012791055,0.018786693003617547,0.547352579357335
5,7,SO,OUT,0.10482289676530389,0.019862338294181808,0.0041555751846712174,0.009152037450264286,0.049779093167648183,0.27148147407639994,0.005378198027684282,0.5353683870338464
5,7,SO,OUT,0.1377291215395465,0.03660854054891696,0.0021277981556299536,0.01226464762587112,0.037831671159253545,0.1615056592107711,0.006730288951688762,0.6052022728083222
7,7,OUT,OUT,0.1733853871006764,0.04727505655587543,0.0020797395186757752,0.011424891284995792,0.07413577532719068,0.14012110380490383,0.005972639120147667,0.5456054072875344
5,7,SO,OUT,0.11638450561348708,0.05861100813702908,0.002011930969927322,0.013801640758109844,0.05943978229744363,0.2526625854508487,0.005717329535404417,0.49137121723775
7,7,OUT,OUT,0.19318391783728775,0.030489736788159544,0.007234642213767353,0.00994690211194691,0.041063476757917834,0.18582802292666456,0.0058001349093394884,0.5264531664549165
4,7,BB,OUT,0.22763985930819844,0.043833426852073996,0.0024571357979012087,0.013711266282063976,0.07623124542215293,0.21269700692327728,0.007761432032239204,0.41566862738209287
7,7,OUT,OUT,0.2331654099779567,0.02397319438674943,0.0042296592543934475,0.012032684276041124,0.07079397554737513,0.19004731099334166,0.008965697674556506,0.45679206788958615
5,7,SO,OUT,0.17413432763719572,0.04594641498195132,0.013348947175877512,0.009443690658591858,0.0402775613710229,0.2058701625661459,0.10408120662231823,0.4068976889868966
0,7,SINGLE,OUT,0.12474881563093247,0.024421280004732232,0.001963849506402493,0.027428785276741235,0.06289903058908548,0.20796853878303675,0.008931944655774572,0.5416377555532947
7,7,OUT,OUT,0.09504064287001797,0.028162170509613515,0.002081875579019578,0.04025349340807561,0.04503981487832606,0.3418958053760494,0.006322831614657935,0.44120336576424
7,7,OUT,OUT,0.0793850770854271,0.018009637922200745,0.0019643227638967238,0.009343072203593197,0.04178306220700746,0.3350218911659441,0.004578058909634746,0.509914877742296
7,7,OUT,OUT,0.1296287598323431,0.02587686401947093,0.0019710469403598266,0.010946147661198077,0.1076536636955528,0.21321256779780762,0.0052690999712628256,0.5054418500820048
5,7,SO,OUT,0.13619896460246586,0.04005735234193379,0.0027396863849448194,0.02627005337114416,0.07085978548586186,0.25031264073971954,0.0060471611699297175,0.4675143559040002
4,7,BB,OUT,0.12026761726179487,0.028430925051836132,0.001963948165019999,0.011113157468646304,0.06504824753494524,0.24581664858952407,0.005299160776643543,0.5220602951515899
7,7,OUT,OUT,0.17528771227231826,0.03874671712045955,0.0032843753348367963,0.014463173632093079,0.08035137074405103,0.2405657917345545,0.006592719036526194,0.4407081401251606
1,7,DOUBLE,OUT,0.1492773750098708,0.02345768223628098,0.014056142082693138,0.011721387298573525,0.0469796764768354,0.26205803828341145,0.006890766218124265,0.4855589323942104
7,7,OUT,OUT,0.1825811097214738,0.024136306045465898,0.005615638248400264,0.009177925038606208,0.03828091676551908,0.22127634855271025,0.0049733674593622264,0.5139583881684623
7,7,OUT,OUT,0.15279568941721977,0.026488865060258705,0.002386971163771552,0.029537498732158458,0.046058333973910216,0.3185554254502475,0.005308068032361518,0.41886914817007215
4,7,BB,OUT,0.18907118923112118,0.03938374118609431,0.002122825473619278,0.011459683498830659,0.04810237120039679,0.263810333031795,0.005217335977237103,0.44083252040090565
0,7,SINGLE,OUT,0.1390521823672296,0.05249492883849548,0.0024674569721496267,0.009865429473703887,0.052825621551454496,0.2745781177622972,0.011449821309302912,0.4572664417253668
7,7,OUT,OUT,0.12379525195150981,0.023700028094639,0.00224397889146292,0.023881227890411826,0.07095360120423409,0.1976080813175066,0.010130152563742296,0.5476876780864934
5,7,SO,OUT,0.1668530686104977,0.029443687644361432,0.004439290427623975,0.01070497432257148,0.05496254445459675,0.2064703721751797,0.05208191636105752,0.47504414600411143
7,7,OUT,OUT,0.14951885921300534,0.023068734612503142,0.002185831471404141,0.012594115178602271,0.0673752768618591,0.304775565551132,0.006806823444331314,0.43367479366716283
7,7,OUT,OUT,0.12681527157411684,0.02666122601770855,0.0021773450291924495,0.01826507107367894,0.06111987274379419,0.20500763430243216,0.0064198354598916825,0.5535337437991852
7,7,OUT,OUT,0.16726134340811719,0.04358466593000979,0.01557061182577261,0.011995756045635872,0.043412157469668436,0.23001692719503236,0.02090500811821358,0.46725353000755016
5,7,SO,OUT,0.19585970879819362,0.02483401675255529,0.005744637793407831,0.011116062788402768,0.04055034157040817,0.2574664483179063,0.006756800615598009,0.45767198336352793
0,7,SINGLE,OUT,0.1136862328612567,0.03238951592237115,0.0023213456705559223,0.025566689248747065,0.041040337258309155,0.3385403826984302,0.007860566325905524,0.43859493001442434
7,7,OUT,OUT,0.07929643536545178,0.019068533752902475,0.0019472622330509405,0.008092548318887588,0.03866295662867529,0.35601633238724745,0.005268671378361036,0.4916472599354235
0,7,SINGLE,OUT,0.22937273786005988,0.03429069853879292,0.0026980871076081134,0.015351558464014379,0.08604905025655499,0.15746786708815624,0.010881719199900474,0.46388828148491296
0,7,SINGLE,OUT,0.264183032407382,0.03702399804667981,0.0022146003311050043,0.019345251788344505,0.0739199147785266,0.17825718950112066,0.011554009108942073,0.4135020040378993
5,7,SO,OUT,0.189292265362486,0.04596853911314031,0.001966923114784978,0.01651865852800393,0.10071732203221646,0.20220685261343943,0.011345319043980813,0.43198412019194815
7,7,OUT,OUT,0.10605196415262833,0.044069135907966205,0.008490856755436798,0.008786825264290707,0.05352669982470149,0.221011249981215,0.006049775822401177,0.5520134922913603
5,7,SO,OUT,0.08910414048465631,0.02655260816024359,0.0034154168793424002,0.009037891661054946,0.0864909393124197,0.1743086556644275,0.011639010645311042,0.5994513371925445
7,7,OUT,OUT,0.1561847340923854,0.04894793533908503,0.0026914187368527035,0.008600055100287805,0.03719750096222592,0.12827235554379665,0.005258709868426034,0.6128472903569405
0,7,SINGLE,OUT,0.14398261272555796,0.029012057108795203,0.0018921668895583565,0.009034440539032448,0.07639561086610172,0.16180360457132664,0.005070859269594666,0.572808648030033
5,7,SO,OUT,0.09822209425163533,0.03844157412536446,0.0021190322108219062,0.010424284676093807,0.08747615764648468,0.20282522418054477,0.005156467529891955,0.5553351653791632
0,7,SINGLE,OUT,0.16105938947997703,0.03158819257626911,0.0017152067425661788,0.008423307433785263,0.06888253089668794,0.1316148849959115,0.004180246686909673,0.5925362411878933
0,7,SINGLE,OUT,0.15591428435123944,0.052800349753848855,0.0022953068531811113,0.012473576719591558,0.07603973713143884,0.12433718562387928,0.004550749614019001,0.5715888099528019
7,7,OUT,OUT,0.18404864356601525,0.022648165384612194,0.002642323323168957,0.009272734372592484,0.04728895624343823,0.15666867967372647,0.00503596785623161,0.5723945295802148
7,7,OUT,OUT,0.176680872119241,0.03151812757907981,0.0037974570359203433,0.013862498422096772,0.07390492976155201,0.1694646059095413,0.004941455439369473,0.5258300537331994
0,7,SINGLE,OUT,0.15118759468324763,0.03779422288952639,0.0019498437667719464,0.009298501089555095,0.0923235832255261,0.2936534403565804,0.00521763890469745,0.4085751750840949
5,7,SO,OUT,0.11379725523785296,0.026510269536677566,0.0018085449515845406,0.008746130127427533,0.05004598490331203,0.2324587929218243,0.00436110357714613,0.5622719187441748
7,7,OUT,OUT,0.10692759320181415,0.035495609949104584,0.0016387120390353243,0.00953215916377672,0.06919188161997004,0.16306781785882327,0.006452106848779102,0.6076941193186969
7,7,OUT,OUT,0.11904254724834258,0.036020817966328215,0.0024620703044173553,0.008458868680462046,0.0782845467035428,0.1567531748932064,0.004662406039223001,0.5943155681644775
4,7,BB,OUT,0.1097985305431752,0.03803587286267749,0.001848399000653518,0.010006444148011386,0.07928639847452154,0.15282608760708477,0.014210174214720197,0.5939880931491558
7,7,OUT,OUT,0.1595718129474925,0.07136261385520516,0.0019341863437192844,0.011990595313620362,0.09185701914134278,0.1310314371432793,0.004762596909599653,0.5274897383457409
7,7,OUT,OUT,0.1055990991417747,0.02564883165614538,0.0017700937154311177,0.009205049166324666,0.06874901228262266,0.21331808066633803,0.006390634167183564,0.56931919920418
6,7,HBP,OUT,0.16939235565977948,0.03598098623652145,0.0028102750944359782,0.008740364378273881,0.0658968347558917,0.11704743777732465,0.004358243618637092,0.5957735024791357
0,7,SINGLE,OUT,0.17520332894920612,0.045182765474038676,0.0022283406696996743,0.02380808206862374,0.06952413673622622,0.29720865816614706,0.006825445983899164,0.38001924195215936
0,7,SINGLE,OUT,0.21213710868392816,0.049254164389630796,0.0020597268395354594,0.010750607335291458,0.07285838911682127,0.14917342698243058,0.006852199110654091,0.49691437754170814
4,7,BB,OUT,0.17888063741916793,0.03810602669084012,0.0021767976659417755,0.018031119631470013,0.06972908381005578,0.17441412100811857,0.01313104594448386,0.505531167829922
7,7,OUT,OUT,0.11043629060030656,0.0322536788092442,0.0017532396860644693,0.010279170271248706,0.045924232719174875,0.133041436246967,0.043290191366810046,0.6230217603001841
7,7,OUT,OUT,0.22610904400785561,0.03199069270463158,0.001564219775971422,0.007758763804355336,0.03388955528773311,0.11414830696038436,0.010732503412921856,0.5738069140461468
7,7,OUT,OUT,0.0856300015089216,0.024068301538824135,0.0019729424410348793,0.010105773608237778,0.048625277268661886,0.15408356783017924,0.008969163033416066,0.6665449727707246
4,7,BB,OUT,0.1322353626144206,0.027690399354166235,0.0018908574547623564,0.009553015754997776,0.056398780108852825,0.17872838584661094,0.004703833859351992,0.5887993650068373
7,7,OUT,OUT,0.1519938023761566,0.053039899998222756,0.002391233813143967,0.012117173835070853,0.07548772286031787,0.13033544776697836,0.004738822715238479,0.5698958966348711
5,7,SO,OUT,0.14177150261300542,0.023393859130317024,0.0026722845361002506,0.009853490115121082,0.0898525479135726,0.14053469910434463,0.0052529459294134995,0.5866686706581256
7,7,OUT,OUT,0.2144565883274004,0.02181880993589075,0.002575544665150574,0.009045320522360734,0.04470243560737902,0.14366769282043895,0.004954338565735703,0.5587792695556438
7,7,OUT,OUT,0.1224270091456487,0.035565835201932,0.0018902962557329902,0.013632818456278206,0.12539881398402783,0.17022006901003042,0.006427426459055736,0.524437731487294
5,7,SO,OUT,0.11781337320889329,0.045801559448929566,0.002038464485048445,0.017781066429561232,0.14720775547130724,0.1862335971459351,0.004557823214627554,0.47856636059569746
5,7,SO,OUT,0.13460365869136537,0.023486577808914506,0.0018825579507487549,0.009234814314006962,0.04855299211134758,0.24412279387329433,0.004812699172686307,0.5333039060776362
7,7,OUT,OUT,0.10825762028756433,0.034858228449829526,0.0017499510527397614,0.010909970374138342,0.0886043714642339,0.16703995512461273,0.008979593096210364,0.579600310150671
7,7,OUT,OUT,0.14654005501457212,0.03603596893847106,0.003000897529985064,0.00802230091934886,0.07472345665945669,0.1550748998911471,0.00573296657930625,0.570869454467713
7,7,OUT,OUT,0.16404722444968442,0.06149993996010245,0.001999949164435385,0.011335845670038517,0.0786065257058532,0.13203556016371168,0.004811761543723288,0.5456631933424511
7,7,OUT,OUT,0.15641227934843707,0.03307569072327775,0.0019738865551370307,0.012656510976377277,0.09094098288951791,0.15488116769187807,0.0056945707490528566,0.544364911066322
7,7,OUT,OUT,0.1472375945321729,0.03645381050927503,0.0019957826312511804,0.010671695140754587,0.06843529119577292,0.135891925418179,0.004279352300894283,0.5950345482717001
7,7,OUT,OUT,0.14661729410533195,0.03875192886873648,0.002422303879167436,0.011174488670177255,0.07323241270514971,0.14767241096115868,0.004664130852261386,0.5754650299580172
5,7,SO,OUT,0.11572049495290467,0.04576635774707688,0.002049006467362173,0.01366727507114936,0.1201590353551857,0.20794403328149877,0.004895005491059678,0.4897987916337626
7,7,OUT,OUT,0.16021335085491847,0.0692176989666893,0.00211670566625546,0.010946180309344394,0.0906399536271662,0.15646753874184402,0.005022225306708996,0.5053763465270731
5,7,SO,OUT,0.12326891615756885,0.04015889711996058,0.0018858792250369008,0.015159296112177208,0.08887839999789028,0.18237340808525043,0.007908857127730942,0.5403663461743847
0,7,SINGLE,OUT,0.16970676468641008,0.05006884987335658,0.0019023393694676087,0.01198780593464883,0.08158073283752948,0.16783898556896182,0.004659029688426577,0.512255492041199
5,7,SO,OUT,0.22554438006534777,0.028147431587622194,0.0026350377245381255,0.009473401079596672,0.0525089486176786,0.16100646825994905,0.004810040720171696,0.5158742919450958
7,7,OUT,OUT,0.11802218801479339,0.03519630351053815,0.0016409591189580086,0.009924593662267996,0.08993877332199614,0.15899290785044898,0.005899147983585562,0.5803851265374118
3,7,HR,OUT,0.11475267474147967,0.04178452090371559,0.0020024879278918496,0.011689844287480499,0.08521625073316706,0.1460878123227972,0.01120021218074003,0.5872661969027282
7,7,OUT,OUT,0.12783042674090436,0.029718632590159878,0.002142885450684651,0.009480873212507913,0.09202744358730891,0.1604819242237062,0.005289230100243846,0.5730285840944843
7,7,OUT,OUT,0.09055855233746872,0.03451889877803991,0.002069940501688432,0.01018778903782243,0.08676347935719313,0.2178761735438126,0.004869709134448087,0.5531554573095266
7,7,OUT,OUT,0.1571080278795466,0.02437028717274001,0.0019109467585343902,0.012127443475638352,0.09400722768611776,0.15530194491092641,0.006371846707015217,0.5488022754094812
5,7,SO,OUT,0.13636353402265938,0.025645396534365043,0.0019027841134341055,0.009177548587243869,0.05206132644970848,0.24122889321877394,0.004729475153762004,0.5288910419200532
4,7,BB,OUT,0.11596530959537982,0.03022515694493324,0.0017058043908256325,0.00889077592775408,0.06973711887753767,0.21535126898426415,0.005067171637472173,0.5530573936418333
7,7,OUT,OUT,0.0750739059170893,0.02257353639151935,0.00166460741348955,0.008123966008082495,0.04006436951782779,0.30766132048759653,0.0040414458606864165,0.5407968484037087
0,7,SINGLE,OUT,0.15203363020712957,0.03819619061311977,0.003961956533170288,0.008514334508477949,0.08260065906623724,0.15527082812572862,0.004602792821919469,0.554819608124217
4,7,BB,OUT,0.16362051909014932,0.06907947027271827,0.0020013653887215486,0.010928326949889542,0.10445527633389484,0.13104813081747707,0.004819336653807133,0.5140475744933423
7,7,OUT,OUT,0.13275645683129148,0.05472623603364326,0.0017858515219208464,0.008848297932337858,0.09686179554901268,0.297699878526573,0.004577068815371072,0.4027444147898498
5,7,SO,OUT,0.1721631961520348,0.02244404955297209,0.0034543740885649944,0.012843206837759589,0.07563743483672859,0.15855858780136933,0.004309859572813346,0.5505892911577573
7,7,OUT,OUT,0.17268953743003373,0.03651609226297361,0.0027083345837119713,0.014847082820581866,0.07016012338120849,0.18000100561903418,0.004947102171101617,0.5181307217313545
7,7,OUT,OUT,0.1565898202579915,0.04541048948460039,0.002543662836362051,0.009489646447276883,0.042588151015703096,0.12612789023512827,0.00500052780700517,0.6122498119159326
7,7,OUT,OUT,0.12984784417794393,0.02728266020036085,0.001988427992053446,0.009492645671362902,0.06634498159629008,0.2803725523468859,0.004912283709526473,0.4797586043055766
7,7,OUT,OUT,0.14115852582051708,0.022572804093372728,0.0019939112207301843,0.009501893984358183,0.06105318736048135,0.30789605919366586,0.004808006324215978,0.4510156120026586
6,7,HBP,OUT,0.15803750067668978,0.04172827216079455,0.00196595423201248,0.025047488831879784,0.08946501032067068,0.19610731581229804,0.011294102278804244,0.4763543556868504
7,7,OUT,OUT,0.19917075761634845,0.03996123079273793,0.0018163596588755126,0.010206246262112141,0.06118863935591025,0.16687048761992018,0.005441826259837378,0.5153444524342582
5,7,SO,OUT,0.1689560946806233,0.04336608361945206,0.0022038423340039305,0.008496435365245539,0.03622358300310706,0.11988726272645277,0.0045091659115622,0.6163575323595532
7,7,OUT,OUT,0.12236855960470647,0.02660379696798617,0.001953209679194066,0.009286541104866779,0.050938065744900375,0.2575001754423262,0.004896333662074367,0.5264533177939457
4,7,BB,OUT,0.1743806306088296,0.034321892547864705,0.002000044181996832,0.010154356077085633,0.07204741902771371,0.14537533471344677,0.005646610878910686,0.5560737119641521
0,7,SINGLE,OUT,0.20395598063078868,0.022709072421693243,0.0021986504012263307,0.009358183328030928,0.07800696598326405,0.1600172878406179,0.0050042700780552184,0.5187495893163236
0,7,SINGLE,OUT,0.1417647059671903,0.03888556030334124,0.003995939684226016,0.013625665701854809,0.04969831065792431,0.18148841223930642,0.0063241712542730635,0.5642172341918837
5,7,SO,OUT,0.1573174282266774,0.025575559465842154,0.002038034109605974,0.012187884995586797,0.07746459673466827,0.2188565858468512,0.004891607412626258,0.5016683032081418
5,7,SO,OUT,0.17072776704758216,0.024829471243940696,0.00194241651834147,0.009562936803912224,0.07196983461779025,0.14025384383127446,0.006609315554688373,0.5741044143824705
7,7,OUT,OUT,0.16858977040557976,0.02852027868038659,0.0027753874838756147,0.010308149200200524,0.06635729996368801,0.1750258151861305,0.005576712121524966,0.5428465869586142
7,7,OUT,OUT,0.21064017585541267,0.027943425958938253,0.002627511333878963,0.009573106346562577,0.04009486853264471,0.12681233243231987,0.005986575723208743,0.5763220038170341
7,7,OUT,OUT,0.1760647999682483,0.035988779735001974,0.0019627346795201687,0.009326638938594277,0.06719078435037101,0.17868681796601452,0.008232383452522458,0.5225470609097272
7,7,OUT,OUT,0.2316167495944401,0.027969823364144265,0.004887012441790709,0.01048663062186102,0.07474827953426288,0.15216502167688245,0.007352712105380903,0.4907737706612376
7,7,OUT,OUT,0.203116232697039,0.027080769932701525,0.0029717796377518994,0.010435411243745965,0.05828106651409745,0.16215458075552402,0.005723709735006203,0.5302364494841338
4,7,BB,OUT,0.10067707384685397,0.0392475133223128,0.007871928142208707,0.009259715723850445,0.057495833736954445,0.22975993939645664,0.0061772568261642714,0.5495107390051988
7,7,OUT,OUT,0.08965306849563999,0.04648181990045668,0.005019834906767997,0.009668840876062243,0.09263902936888022,0.1763817432073787,0.010889748575104262,0.5692659146697099
5,7,SO,OUT,0.17856194838785408,0.024565745551642707,0.00202675069896716,0.009646250319196505,0.0647694434307082,0.14473903174797928,0.006634643789212556,0.5690561860744395
7,7,OUT,OUT,0.15438963859034735,0.027399951100174878,0.0020751194628840413,0.009876459789266072,0.0708367699272188,0.2877112182235434,0.004990700213151014,0.4427201426934144
7,7,OUT,OUT,0.1413703280833987,0.025749744786742176,0.0019218045822602167,0.01055341882587137,0.0597170180817828,0.1277718847037818,0.006588370324312904,0.6263274306118499
7,7,OUT,OUT,0.13659627785604175,0.027599621763258066,0.0021034179538312746,0.010011145484685664,0.06772432152581213,0.27702978667459877,0.005063127861790359,0.47387230087998217
5,7,SO,OUT,0.09733852385715956,0.029582793319190896,0.0020782647740874363,0.009891429789876003,0.06710422353882117,0.2935730311561771,0.005288345635233642,0.4951433879294541
7,7,OUT,OUT,0.23485295326784872,0.02714481185664284,0.004707879514153413,0.010369153631805844,0.06549626907399649,0.1563711218657689,0.007760035153592906,0.49329777563619104
1,7,DOUBLE,OUT,0.1582206261333944,0.028999693166520644,0.001929406036508452,0.029319132725757466,0.08058363630988796,0.2030165455770175,0.01025675720837664,0.48767420284253704
7,7,OUT,OUT,0.18146211356541028,0.025598736149413343,0.0023377803896492844,0.009525455094577034,0.039264279700121266,0.1259247330718133,0.006439134749127333,0.6094477672798881
7,7,OUT,OUT,0.173242484432527,0.03238151568496082,0.0020122323190755447,0.009467823548130111,0.11137888574420161,0.24061923292687132,0.005284663043806841,0.4256131623004269
5,7,SO,OUT,0.15033904602190024,0.030732642830715726,0.0019238316019879445,0.009239023362450277,0.07006945384383592,0.19599450892575646,0.006566402962246549,0.5351350904511069
7,7,OUT,OUT,0.15738013239631155,0.05574115352172484,0.001956102389333115,0.010717340301901763,0.08649819973011412,0.13634949269992433,0.00466555348698671,0.5466920254737035
7,7,OUT,OUT,0.13130910507929355,0.035844501626922966,0.0019012839340699968,0.01015120612715564,0.05618763793214462,0.18855148983914488,0.004527737429198445,0.5715270380320698
1,7,DOUBLE,OUT,0.11916648297188226,0.023888402734495943,0.0018084181528724153,0.009941931435904503,0.0395455650263297,0.2475048283059083,0.004772289151596514,0.5533720822210104
5,7,SO,OUT,0.14590067539613535,0.03917523792973572,0.00200744616226973,0.07197570504347363,0.08056765612806456,0.312733999636406,0.004896830684683707,0.3427424490192311
7,7,OUT,OUT,0.2181067492286596,0.0419174497993221,0.002286686637818614,0.013200478448896996,0.08584840966126578,0.17102033662171792,0.00568108643154855,0.4619388031707704
7,7,OUT,OUT,0.20172278503109714,0.049163845552458195,0.0024560908375734925,0.03645621466844842,0.07851879312369686,0.17190684830173733,0.008219668044347015,0.4515557544406416
7,7,OUT,OUT,0.18665321365298793,0.02791415327592108,0.002088179604564091,0.010293209067954659,0.12900746356325096,0.15689854231630093,0.007068232801760764,0.4800770057172596
5,7,SO,OUT,0.1621678544948998,0.03683645314259101,0.0020942202472080153,0.009645869845954261,0.07230647450910044,0.1784040581220221,0.012744438114564,0.5258006315236603
7,7,OUT,OUT,0.1740518778034363,0.052225469926994554,0.002945914582987591,0.014396461140526137,0.047060056240615995,0.1677814558505364,0.010128010999370642,0.5314107534555322
7,7,OUT,OUT,0.14816230660837754,0.04032451615764614,0.0034451317964112427,0.012613367900272518,0.09601734856145001,0.26832635755505213,0.007191067381856953,0.42391990403893337
7,7,OUT,OUT,0.1073272842282408,0.03282586763017046,0.002327899860218934,0.013602425725714861,0.07175855388654627,0.16850300982771008,0.02131620704163291,0.5823387517997657
5,7,SO,OUT,0.20732866687802307,0.030872074509276377,0.004253181072545037,0.011444981779008054,0.04412808347841717,0.1745324762644536,0.0051499243226421675,0.5222906116956345
0,7,SINGLE,OUT,0.21190546596927043,0.022081326606197226,0.0021179026206244087,0.009882757096946644,0.07395337158885391,0.18337191153347596,0.005052150839893821,0.4916351137447376
7,7,OUT,OUT,0.12480738531530036,0.03914330722162004,0.003663904125479058,0.009646001054170909,0.07122553112593093,0.3477648459251488,0.006000612836406228,0.3977484123959436
7,7,OUT,OUT,0.1364676951659609,0.02477018583033306,0.002896079633500797,0.0102456559537588,0.04807725150318874,0.27940029005058675,0.005018760236599382,0.4931240816260715
7,7,OUT,OUT,0.1514445555816433,0.027324676757616958,0.0018874486875356915,0.00990185191868355,0.07590555335177471,0.12769708690487602,0.004888716060563468,0.6009501107373063
0,7,SINGLE,OUT,0.15012089471089068,0.019700496693445965,0.0061236643165332,0.008789592111529262,0.05798587687422092,0.20409201436954658,0.004611219100998629,0.5485762418228347
7,7,OUT,OUT,0.13473132170708843,0.026151479439905322,0.0038295222619651455,0.010181744991741069,0.07013967421041623,0.27118200508642815,0.00518015837899755,0.47860409392345804
7,7,OUT,OUT,0.1277353084732035,0.02916668792128154,0.002189968140126012,0.008748573868317826,0.0433094880600018,0.12453391963163521,0.005365001251191935,0.6589510526542421
7,7,OUT,OUT,0.18648217491210212,0.0262722118081341,0.002775724304074465,0.011192246938551385,0.06807441264835534,0.1962621431271596,0.005874201854755682,0.5030668844068673
0,7,SINGLE,OUT,0.15824729678677368,0.025834476347733115,0.0021560949641993895,0.009483880873549757,0.05346398506257372,0.2002253123422518,0.004745971912904792,0.5458429817100137
7,7,OUT,OUT,0.1400323783136617,0.02290653241557905,0.0021761741814983002,0.05330107550757555,0.14615022373129627,0.15827263810500714,0.006427468237240317,0.47073350950814163
0,7,SINGLE,OUT,0.3735504920165131,0.01748461741815498,0.0016375444491771452,0.00802526359175539,0.042607673825263696,0.10109524814236635,0.004417247557544618,0.4511819129992249
5,7,SO,OUT,0.1247286114442505,0.021430201387341224,0.0021364711047693434,0.01638384184533009,0.10889881841279732,0.1556189689594938,0.005240325021900967,0.5655627618241168
6,7,HBP,OUT,0.17798245725927925,0.04336137725838528,0.002581342171419835,0.0095006309612175,0.06466695964459361,0.16560540601721865,0.022109056799001787,0.5141927698888842
7,7,OUT,OUT,0.21910520209143736,0.03206500129775065,0.0024878892026536387,0.00869282103109903,0.07338470244459418,0.1272031852388437,0.004418415636569103,0.5326427830570524
7,7,OUT,OUT,0.12318735847247926,0.04183003639589396,0.0018753489264319479,0.04419439273883489,0.05916875892269986,0.14282785714191262,0.00951971180335668,0.5773965355983908
7,7,OUT,OUT,0.1813153701204404,0.03801889899513225,0.0018238034016877,0.008671960600368449,0.05346509667142032,0.17391628414101717,0.005664182148710238,0.5371244039212235
7,7,OUT,OUT,0.12961027098307404,0.0319783916001824,0.005489139439662117,0.011381145918771467,0.05874984973448239,0.17557757160335966,0.005960404842543748,0.5812532258779242
7,7,OUT,OUT,0.14816414420745092,0.04699349932114239,0.0023233364043164415,0.03785043248548969,0.11000689141724705,0.19889467504612238,0.00836136799198992,0.44740565312624136
7,7,OUT,OUT,0.11271516545628922,0.03147979228542403,0.0018587474828783515,0.033134142987288284,0.057564510719542425,0.16351594066053268,0.009339161623016136,0.590392538785029
7,7,OUT,OUT,0.2313333631671965,0.030156332137808033,0.0028856537879312955,0.01049176565649739,0.04982517781547967,0.13909640780069896,0.0051014318218875546,0.5311098678125006
0,7,SINGLE,OUT,0.1618318862303836,0.057013056809026526,0.0019416906940883665,0.011183902171880117,0.07688808514977742,0.1440017326383431,0.010933896761860703,0.5362057495446402
7,7,OUT,OUT,0.16429104679278347,0.03565937208886192,0.0019071106110688082,0.00948304095518013,0.06977180338285537,0.2123587010776343,0.00500345624887371,0.5015254688427423
0,7,SINGLE,OUT,0.20480717199698983,0.029032287358747903,0.002238851661464819,0.015059476472866441,0.10349426376030933,0.21489956827525183,0.009581131557933456,0.42088724891643625
0,7,SINGLE,OUT,0.151428560332888,0.05058597964544432,0.0021168136459548854,0.011139069913904951,0.06918080530739856,0.157550921504508,0.006895531140516238,0.551102318509385
7,7,OUT,OUT,0.15297877426996917,0.02967017731640578,0.011039339168818253,0.011648375504723299,0.06074211328596806,0.16179038437494264,0.0059755700038485885,0.5661552660753243
7,7,OUT,OUT,0.19798062327255622,0.037692948513239975,0.002212518353517276,0.046265454238549567,0.0724215544116317,0.22556623535311476,0.005345870054230453,0.41251479580316003
7,7,OUT,OUT,0.17654746992659587,0.034024147382370196,0.002285460227742945,0.01126343162792306,0.07167581738225959,0.19415512262432383,0.015148023334819363,0.494900527493965
7,7,OUT,OUT,0.14641780851765596,0.043530757685290335,0.002092335262041031,0.009864626620448303,0.0708381823011473,0.15472110706838668,0.006666494863537119,0.5658686876814932
7,7,OUT,OUT,0.14366439284456345,0.02728192066203684,0.0033720325708745573,0.009376681733466416,0.09863987687922127,0.16929237226730487,0.0047921359882376145,0.543580587054295
7,7,OUT,OUT,0.16478358888870642,0.03029882265206928,0.002177976288910603,0.02583811142143752,0.06618236500135906,0.1438031533930527,0.006263797602990734,0.5606521847514737
5,7,SO,OUT,0.16154064222827372,0.06285782468894957,0.007781946323500678,0.009986542795652878,0.03873937363675465,0.13373235346714515,0.0070675155552073115,0.5782938013045161
5,7,SO,OUT,0.11587547433512783,0.04882792861176832,0.0026888781358292107,0.009457048241292865,0.04538764959557852,0.19723816768692506,0.004776194550633134,0.5757486588428451
3,7,HR,OUT,0.1634128812654347,0.03712845313633832,0.002138247888951514,0.02203937593646373,0.07675977575679828,0.16503940565492448,0.0050359090757496235,0.5284459512853393
0,7,SINGLE,OUT,0.18350970848807985,0.047610415774295006,0.002150127929195387,0.07315031767785837,0.06965437995819948,0.2183187996070093,0.006137212149453591,0.399469038415909
4,7,BB,OUT,0.20379601679283638,0.027613121426620365,0.0021798789134054525,0.014995853102833509,0.09217783811791047,0.2408460804732924,0.0056727683560564585,0.4127184428170449
7,7,OUT,OUT,0.1727663494288261,0.023542295771159266,0.002189353042724818,0.0429757001611332,0.10382461029593645,0.15749308301498033,0.00754836299558007,0.4896602452896598
5,7,SO,OUT,0.14280418447423465,0.021891048320576697,0.001977230648768549,0.018803091721071766,0.09932989689519096,0.14655045927431323,0.004992119538900591,0.5636519691269436
0,7,SINGLE,OUT,0.23922340882713794,0.026067098410831605,0.002481218535733151,0.009432946312871287,0.07247879147995458,0.14543714388070153,0.0049401896587411565,0.4999392028940286
5,7,SO,OUT,0.2276618999684939,0.030914336694510856,0.004005047935788673,0.010047540308219746,0.046646728899397374,0.19663009838894616,0.004956761037181149,0.47913758676746204
0,7,SINGLE,OUT,0.16011094248266997,0.03298813251630391,0.008023576544073457,0.010859249767956306,0.05377254969958711,0.15113163029018994,0.006770250160486435,0.5763436685387329
0,7,SINGLE,OUT,0.18710108868132405,0.05000336044800279,0.00215448662872646,0.03054961901651465,0.11955226594493283,0.16863201323353416,0.006600892497455421,0.43540627354950956
7,7,OUT,OUT,0.23560015177749005,0.032389520530513694,0.007930856442010139,0.010536725273339796,0.04962151598857963,0.1389488249486881,0.007846312490588562,0.51712609254879
7,7,OUT,OUT,0.10019852108343888,0.04201298224977387,0.006120419087232208,0.02492107387642886,0.07376141088992728,0.3026325858145636,0.00993848850776288,0.4404145184908725
7,7,OUT,OUT,0.18074723487397565,0.043757639214914615,0.0020045347714090257,0.012610497111090432,0.08011482952483015,0.15712255926764435,0.010615174882515763,0.51302753035362
7,7,OUT,OUT,0.1792338564163365,0.03996828109469136,0.002065519589046554,0.010723970456044077,0.06569200335284443,0.17715792483400034,0.004972005803837869,0.5201864384531988
0,7,SINGLE,OUT,0.14523116845461387,0.031078770619789316,0.0019424241761793928,0.02263463874251147,0.07156416435433091,0.16145062410489247,0.004690138113228108,0.5614080714344545
5,7,SO,OUT,0.14851541633936108,0.03198841489546894,0.0022815631354304532,0.054936724315016436,0.07693599499261619,0.26440495267066877,0.009190846743927289,0.4117460869075108
7,7,OUT,OUT,0.15810418242151844,0.050132697575266075,0.002025946376181952,0.009661881378505275,0.09792595243870278,0.22305068406920292,0.005223417687107508,0.45387523805351493
5,0,SO,SINGLE,0.3385121444127922,0.03598114779556182,0.0031094600963178084,0.018487946953731297,0.05960519629628942,0.22388662865063805,0.004391990575435627,0.31602548521923374
7,7,OUT,OUT,0.17269487068964423,0.03657811526532614,0.0025172084396077933,0.01336949186244719,0.07130011474593446,0.17933814504011927,0.004741878418221105,0.5194601755386998
7,7,OUT,OUT,0.15610085543483287,0.05062837359626217,0.002181663609052832,0.017388156538823,0.09720913401718517,0.2243354328583385,0.005706609395125124,0.4464497745503803
5,7,SO,OUT,0.18944042854370596,0.029973697258330614,0.002577412516140541,0.011090330593772417,0.06623611674608583,0.22478728386784325,0.00483730071435152,0.47105742975976983
5,7,SO,OUT,0.14550725919782612,0.028377185032627168,0.0021201658283737865,0.03112539837383942,0.05415808173781725,0.1939842482899755,0.007075414920110535,0.5376522466194302
2,7,TRIPLE,OUT,0.18186376730418635,0.02548149798802898,0.002552939129343858,0.009345508223862436,0.04018648552634635,0.13256022757338798,0.004567869358721014,0.603441704896123
5,7,SO,OUT,0.13630988611373412,0.023043918744732907,0.0022404379771149836,0.009364229176842811,0.05133312120542016,0.26852988345145073,0.004959043250864824,0.5042194800798395
4,7,BB,OUT,0.15742332386594282,0.030825395346418705,0.0021287136124234843,0.030196698473740652,0.07469253891499608,0.26630686622582705,0.005081251250559134,0.433345212310092
6,7,HBP,OUT,0.15853484432852197,0.036143302521906076,0.0020172622220797167,0.011513001785604203,0.05329227887663852,0.1898919142664686,0.006490353910506417,0.5421170420882745
0,7,SINGLE,OUT,0.15854954356296228,0.026472152382991047,0.0021447796243649012,0.013299677289425303,0.13378489812127334,0.2593630429772668,0.010655900055208105,0.39573000598650815
7,7,OUT,OUT,0.14653508830661405,0.028301881699758412,0.002207163777544693,0.010016095594885413,0.06091449968890245,0.22805497751383338,0.005652108836318996,0.5183181845821426
5,7,SO,OUT,0.11708307927557472,0.03147746354766601,0.0017791355534494163,0.04189156642644552,0.05524793761510058,0.3256742875467468,0.007975148732666415,0.41887138130235047
5,7,SO,OUT,0.1719479745186724,0.024178973037454476,0.002220183366562347,0.010175108436504291,0.06509683625616842,0.22139864737083786,0.009221378602758344,0.49576089841104176
0,7,SINGLE,OUT,0.15321347041372013,0.021372267579197565,0.0025250282339129614,0.00916798679031943,0.05962009059206273,0.23316562246523104,0.006156402905307707,0.5147791310202485
7,7,OUT,OUT,0.1546755792035579,0.020139958786640925,0.001737619643157207,0.019160692376349348,0.04235864248690148,0.36012183418483434,0.013542208345274222,0.3882634649732846
5,7,SO,OUT,0.13190630366541942,0.0277893837015286,0.002052154661895823,0.01767946835825539,0.06417840075436117,0.25590300190607995,0.026840032984155434,0.4736512539683041
5,7,SO,OUT,0.14820103677719157,0.022871480081486564,0.002047154020264929,0.010624341065449782,0.06975845280958994,0.34644718946641173,0.004835827991222813,0.3952145177883825
5,5,SO,SO,0.15465795503082858,0.02893993164673077,0.0021897116003181524,0.019435443238326036,0.07229870639027453,0.3625096375132611,0.007365813230393664,0.35260280134986716
6,7,HBP,OUT,0.12802292308134972,0.029655439088703044,0.0020709145464238325,0.01156033581790686,0.06629426875391077,0.21783704239251317,0.008755274057433425,0.5358038022617592
7,7,OUT,OUT,0.1443522229586245,0.032485733829158356,0.0018998775037595752,0.08018166303660272,0.06677920315878384,0.3310748713765462,0.004878238923300018,0.33834818921322485
7,7,OUT,OUT,0.16455659591342287,0.03591875550942725,0.0019806483170776955,0.009321246118117408,0.08470985556697226,0.2165886681468329,0.004749959410270251,0.4821742710178793
5,7,SO,OUT,0.20627140495803703,0.04354454134954635,0.0024569747187969987,0.011130630977343105,0.06935307349660286,0.1892235130347881,0.018648588857619483,0.45937127260726596
7,7,OUT,OUT,0.13293076594900796,0.03991236024420569,0.0019450857608556474,0.009903977410274612,0.05894164594802254,0.16740396843939825,0.00507173625539912,0.5838904599928363
5,7,SO,OUT,0.10698824908471283,0.021000645017684283,0.0019436862705672208,0.009163798782291557,0.044399182264405895,0.1508138824838919,0.004740828704455533,0.6609497273919909
7,7,OUT,OUT,0.1389329127136431,0.02172427143727957,0.0020498099722228384,0.02860142278199407,0.08459925230864242,0.2529814785921825,0.005156447576076555,0.46595440461795873
7,7,OUT,OUT,0.15325528326085225,0.0227836824666969,0.002151008478501251,0.01416148861411643,0.17689342944747094,0.16622732986371724,0.005138037926187633,0.4593897399424573
4,7,BB,OUT,0.17619649327409062,0.038851706986526686,0.0025919579527098756,0.009677421065131173,0.0554080268189366,0.19062552790688234,0.004605668701255744,0.5220431972944669
5,7,SO,OUT,0.1697268832975156,0.06138335098661782,0.0021807288326088007,0.021256166753551225,0.11012173648690109,0.21018431072639987,0.009790169194140044,0.4153566537222656
5,7,SO,OUT,0.22152393572762963,0.037188549534456175,0.0026064186336705237,0.008800630852276071,0.06765556676443693,0.13494229095687382,0.004396402176667241,0.5228862053539896
7,7,OUT,OUT,0.2023382964831332,0.03166443143642112,0.002818167916436548,0.00938821438174927,0.04522625102657436,0.17486122914121427,0.004821035705252524,0.5288823739092188
5,7,SO,OUT,0.17264343585265624,0.048075172834804114,0.0018911259123409504,0.028268901284060607,0.04765445735948702,0.23191382121468157,0.0045259815875251155,0.4650271039544444
7,7,OUT,OUT,0.15484262570335727,0.036852823289811286,0.00227096544635798,0.015472118098490228,0.0830389907337131,0.2154867249823105,0.0055520543998096,0.48648369734614993
0,7,SINGLE,OUT,0.19120724606860268,0.02442020075069508,0.00196934350791902,0.04515449953914185,0.07465273128064455,0.249529790547217,0.004760515156465591,0.4083056731493142
4,7,BB,OUT,0.18479701837320053,0.02575285567236363,0.00196846310167326,0.009515654198822021,0.1702424340154557,0.19209341126814972,0.00634887698430429,0.40928128638603095
3,7,HR,OUT,0.14014809595134164,0.026215978959922996,0.001867234937363611,0.05068857063564195,0.11143579717025792,0.25482236908744704,0.0045394925551619164,0.41028246070286295
7,7,OUT,OUT,0.15145395012333496,0.022068166092840097,0.002144491174167437,0.012024031842868422,0.12058262618143002,0.1886062618847499,0.004949141649708367,0.4981713310509009
7,7,OUT,OUT,0.15173383244488906,0.036563265664267444,0.0023652463720014896,0.009195135744050228,0.04181236802371171,0.24680386309796812,0.005712521041072456,0.5058137676120396
6,7,HBP,OUT,0.2838244766001073,0.029689688599510152,0.0020849311570605173,0.008973322854930812,0.05449114549643767,0.1867710358930698,0.0059202449183653775,0.4282451544805183
5,7,SO,OUT,0.14916256357911556,0.03334093618356855,0.0024120914531323835,0.01307041306132316,0.14520455808017207,0.21426015868674245,0.005820707762696751,0.436728571193249
7,7,OUT,OUT,0.1393224748353349,0.03222979576878697,0.002343679304726767,0.012312131112048071,0.0897332091400838,0.19548736962443308,0.005486072813677813,0.5230852674009085
5,7,SO,OUT,0.17822585579315928,0.02589880126941367,0.001911838990900957,0.010642778697880554,0.0786855249264102,0.1565842558041359,0.006725804735585486,0.5413251397825138
3,7,HR,OUT,0.22113128790084252,0.023867384172106577,0.002257991952408614,0.01140716256457765,0.06482454625721513,0.2424927748077071,0.007448718715092202,0.4265701336300501
7,7,OUT,OUT,0.20807665587850624,0.03094941945855035,0.0019694488632654022,0.0099159856799612,0.05966828772026886,0.1949444308431707,0.022131308463049112,0.4723444630932283
7,7,OUT,OUT,0.17828165642385693,0.02518694127785981,0.0019357488134770754,0.010005633336359598,0.07266135560227395,0.14786237975045424,0.007291015962423445,0.556775268833295
5,7,SO,OUT,0.23399220074525376,0.021748859431681797,0.0030102272789136447,0.010077097349633676,0.038726291987296685,0.17459399074462542,0.00549167282611289,0.5123596596364821
7,7,OUT,OUT,0.21434173804469542,0.03052199955179457,0.0019976986491178216,0.009463991425890298,0.04779971759791335,0.23710932071908977,0.007736915775509077,0.4510286182359897
4,7,BB,OUT,0.20386084583115716,0.029528846907464518,0.002627106179307382,0.011458685738679562,0.07549432418070876,0.21443000320835195,0.006863836055439339,0.4557363518988914
0,7,SINGLE,OUT,0.14088561668822272,0.030902540242990058,0.0019638654770356,0.02348312393976863,0.07440711491605376,0.2541646696023312,0.007088589486894096,0.467104479646704
5,7,SO,OUT,0.16321071137808035,0.03572359367091559,0.0021849085801331596,0.011208172393527038,0.08279419565735492,0.21083103643992765,0.01200144274991515,0.4820459391301461
7,7,OUT,OUT,0.16237530269855324,0.028969342954564208,0.0021441923378691065,0.010534054038922073,0.07208973720238195,0.23178392518658514,0.0055931946269918735,0.48651025095413236
7,7,OUT,OUT,0.15319297435361376,0.03592827658606263,0.0019609072542826882,0.02090746598917582,0.04483841724646108,0.12492407689953183,0.006362748281868194,0.611885133389004
7,7,OUT,OUT,0.1523965055741488,0.028782753962604532,0.0023334482315034545,0.008812157044523379,0.04119521886595395,0.14071218203656638,0.004837750770088493,0.620929983514611
7,7,OUT,OUT,0.19478654517705377,0.026614288159379367,0.008077966160231485,0.010538651860054746,0.060450441665768344,0.1641495082479462,0.01454495163566141,0.5208376470939047
6,7,HBP,OUT,0.11727243027281126,0.02967020957673344,0.003919296739080923,0.00937633112106943,0.07060808700339766,0.2565383526115668,0.004781304533628825,0.5078339881417117
7,7,OUT,OUT,0.09100288488519236,0.023167223364079607,0.0025910560474548183,0.009884743326946827,0.08303227009329926,0.19074182548982924,0.012260045887862545,0.5873199509053353
7,7,OUT,OUT,0.16572167704080346,0.03247171773331843,0.0021174724942313104,0.00980547396690248,0.08680621953554091,0.24549866716128016,0.006282001473760423,0.4512967705941629
7,7,OUT,OUT,0.12252553178390563,0.02971042198082155,0.0017605444550551216,0.031022124345309137,0.0809179922666375,0.26602974012717884,0.011524114931949875,0.4565095301091424
7,7,OUT,OUT,0.17063120865382944,0.03498831791477471,0.0020272869692392705,0.01076446430126474,0.05999789387990771,0.1321255285407246,0.0160471164317253,0.5734181833085342
7,7,OUT,OUT,0.15132045724313029,0.028223193999040837,0.002604430804287346,0.011054569187017315,0.07705028361473411,0.12593707247493086,0.0071001178112633625,0.5967098748655959
1,7,DOUBLE,OUT,0.33131914793973527,0.03397867870334309,0.0029025372110459526,0.009901432848268546,0.04464960645858785,0.1421805950804819,0.00921383672058935,0.42585416503794815
7,7,OUT,OUT,0.09400967192356895,0.03811236667346826,0.0038513541298900076,0.00973031610509414,0.05762236019155549,0.258489495683247,0.006627653250677664,0.5315567820424985
7,7,OUT,OUT,0.16586624587160223,0.025583796853967486,0.0030505407895030368,0.009344059070936805,0.04720627273148908,0.1976931175360949,0.007761088840409639,0.5434948783059967
7,7,OUT,OUT,0.14955298492898356,0.03427706178632201,0.002024244832857726,0.016083750880994403,0.06081684857976384,0.30640257087362216,0.01300913854056059,0.4178333995768958
0,7,SINGLE,OUT,0.17774375673264,0.026940297162355655,0.0021406967152447576,0.012861998506770167,0.0867218124495613,0.21020803286026504,0.005580385990131647,0.47780301958303145
7,7,OUT,OUT,0.2095728539623229,0.02751417184014807,0.0018234649287226143,0.009528004892488787,0.05456538266823946,0.23104780920914914,0.020951480429125667,0.44499683206980345
7,7,OUT,OUT,0.16652694400407841,0.03152664413962029,0.0021128772945333326,0.011877697616950964,0.07738203019763985,0.14738972335225164,0.017103648616619425,0.546080434778306
7,7,OUT,OUT,0.24392969406176468,0.023164891182410795,0.0030078653951364485,0.009864621039562265,0.041599454420678375,0.13066219553211733,0.004740655212051553,0.5430306231562787
7,7,OUT,OUT,0.2369164785393615,0.024512130362822144,0.002035734670845928,0.009515425471611362,0.05459326498816018,0.21045307805085636,0.0051865946641363484,0.45678729325220613
4,7,BB,OUT,0.24156105926173457,0.02843993054289478,0.002862156832093094,0.01158210240129972,0.061891167428981944,0.1738342696030261,0.00549721699571489,0.474332096934255
0,7,SINGLE,OUT,0.11184652639398529,0.038431115399474136,0.002578227787099816,0.009178235969980048,0.07996883156012975,0.2934171081479583,0.006474085537370202,0.45810586920400254
7,7,OUT,OUT,0.13866466227047422,0.048286907392831084,0.0021413292959525793,0.02414793857441624,0.09176832295368338,0.22719082027953702,0.008482171695233744,0.4593178475378718
4,7,BB,OUT,0.1593733157762352,0.026945425330902998,0.0031503191479894128,0.013192630539280747,0.0839045822297778,0.12622277199366116,0.007120845173120298,0.5800901098090324
0,7,SINGLE,OUT,0.17656491656375883,0.04308625484345251,0.002322285795025768,0.0132099977804368,0.0762348083299626,0.1561570204373655,0.01009492923878759,0.5223297870112104
7,7,OUT,OUT,0.13122706756444827,0.029934223257098852,0.001714231074867752,0.04377264233718594,0.07800714266467332,0.26139711637725666,0.024287014270797446,0.4296605624536718
7,7,OUT,OUT,0.1313954944167563,0.030912090525245725,0.0020147288052927304,0.010993400792705119,0.07035574431752384,0.1381952686071797,0.016454493272944383,0.5996787792623522
7,7,OUT,OUT,0.14147930284947868,0.051418222899227026,0.003114658973435085,0.010443163883677428,0.05288308557671215,0.21149954662224585,0.010235010301338597,0.5189270088938851
1,7,DOUBLE,OUT,0.15791242671213998,0.04448596864833209,0.002168626363306458,0.01115321598205459,0.07761108946670142,0.20852544027138697,0.011989176809211083,0.48615405574686743
5,7,SO,OUT,0.1549739594193787,0.04186260701489718,0.0023915929204967983,0.009871488735740331,0.04220211549422528,0.2257743626809281,0.007643141022339782,0.5152807327119939
0,7,SINGLE,OUT,0.15960063285485457,0.04351659747871296,0.0021324843970188458,0.017786759870466285,0.05072300642570802,0.14644778062926186,0.006078398820116955,0.5737143395238605
0,7,SINGLE,OUT,0.2409760254118976,0.02455415601022698,0.004515252155071591,0.011711685300699302,0.041097355684138685,0.14063360621516827,0.0051348189806590125,0.5313771002421385
7,7,OUT,OUT,0.2465624869223407,0.02230050702008266,0.001939788119401148,0.009189643361957142,0.050350345824179986,0.19489918423984323,0.006685772167597113,0.4680722723445981
5,7,SO,OUT,0.20598166875149335,0.03147309308759496,0.0025986669861487064,0.010463845045263103,0.08794930451718314,0.18291753401903155,0.007705141375853614,0.47091074621743173
7,7,OUT,OUT,0.14887432356543218,0.03433014884789095,0.004445331853858671,0.010583848137331157,0.13056790785052758,0.21324481766904807,0.005320009743608213,0.4526336123323031
7,7,OUT,OUT,0.1700952750879541,0.03127356834391115,0.01372172609938984,0.00888825433377617,0.07794993941953768,0.20457281765122048,0.0044476088713868355,0.48905081019282376
7,7,OUT,OUT,0.16043798163268788,0.048959881941526194,0.0023378458066899534,0.018264786592356357,0.045874264222485445,0.14449718234749107,0.006613039761903634,0.5730150176948595
0,7,SINGLE,OUT,0.14933991708767913,0.027458425985865693,0.00351215049646045,0.010067177747054477,0.06387622232524222,0.1282245771952957,0.0067454405071536196,0.6107760886552488
7,7,OUT,OUT,0.20498705881595983,0.03257870586666094,0.0020762816613471243,0.01218458417738579,0.06345812887277258,0.16719308779729766,0.00802714206378761,0.5094950107447885
7,7,OUT,OUT,0.19039840654891044,0.032816384718280266,0.00789626481592811,0.009826046665529402,0.06576386746286682,0.26188174108079876,0.009777172800006203,0.4216401159076801
7,7,OUT,OUT,0.20808203502746878,0.027018664032071014,0.0019146392507697716,0.00913459917365629,0.05414564520113535,0.14193768380704447,0.004709581039450085,0.5530571524684043
5,7,SO,OUT,0.1421814117328784,0.027475152157349747,0.0025353778993892203,0.019878739031811712,0.09395075837572729,0.25576988290361946,0.008028244656097864,0.4501804332431264
7,7,OUT,OUT,0.12954748997447108,0.03244539205842458,0.005816023854524604,0.01060625766159971,0.07432393917483339,0.17622637297922655,0.0054694651413236045,0.5655650591555964
5,7,SO,OUT,0.1392104343815731,0.03226258904550313,0.0020562118541175363,0.038346741683976476,0.0926519991308752,0.261912253672187,0.004524547661037386,0.4290352225707301
7,7,OUT,OUT,0.12862729906117124,0.03282083120225026,0.001982775942952929,0.019352129468999255,0.05491353522942274,0.16013040205165505,0.006049805541934502,0.596123221501614
7,7,OUT,OUT,0.13676814185671826,0.057592945159895104,0.0019331419163529076,0.01562718665355743,0.13110681092635298,0.21558164075482258,0.004748330223447226,0.43664180250885337
5,7,SO,OUT,0.22389478549365052,0.02479543273957257,0.004750855771922224,0.011269742807327584,0.042671138137558004,0.14676651334665905,0.009845110678963568,0.5360064210243465
7,7,OUT,OUT,0.21969580475385597,0.03614723707095014,0.001945627181062849,0.010642804000600114,0.06939083527934177,0.15553162444505508,0.006370844989920906,0.5002752222792132
0,7,SINGLE,OUT,0.19964799903546376,0.03417536200388182,0.0025056962887145973,0.011040391527828935,0.07216971593712376,0.16588807505114736,0.0059120780611634375,0.5086606820946764
7,7,OUT,OUT,0.17005317097970785,0.04074733741236404,0.002073117829452101,0.01552941395533868,0.07989711862952513,0.19314047134614992,0.022529170060546416,0.47603019978691596
5,7,SO,OUT,0.08550383734055286,0.025880956683293,0.0045378816722260636,0.00905365560022095,0.08239275592693099,0.2409287961587785,0.012193690531450333,0.5395084260865474
7,7,OUT,OUT,0.17272544676630855,0.027482856956645648,0.0020381663073031028,0.01205291146748812,0.09308228142168792,0.12781153505233245,0.008294259413010723,0.5565125426152235
7,7,OUT,OUT,0.18601582418264734,0.0331042091256198,0.002041246472128974,0.010285888103530472,0.06555764821125193,0.2049859089508473,0.025749453258724492,0.4722598216952497
5,7,SO,OUT,0.18935331851851994,0.02572781059619328,0.0021741105060277066,0.010027125596353855,0.06699397141608772,0.25184662119361917,0.005840384452183908,0.4480366577210144
4,7,BB,OUT,0.15733390151081178,0.03084081773814774,0.0019470360381221921,0.03849350537960941,0.10648956097075678,0.23393463816636315,0.008583071777149908,0.42237746841903895
7,7,OUT,OUT,0.15740698896146016,0.030879713399128997,0.002082959787583776,0.011641803422874259,0.13016138507162545,0.200089021041562,0.005203237475026333,0.4625348908407391
7,7,OUT,OUT,0.18168453888993039,0.03135552278747851,0.0020216687815126358,0.0102702745420318,0.06319131888428325,0.21173962223258283,0.02199447795547172,0.4777425759267088
0,7,SINGLE,OUT,0.16338019613437146,0.033282251843574466,0.002072348175641694,0.0112555980347369,0.07915335425133019,0.12972166861222714,0.018844613259568883,0.5622899696885493
4,7,BB,OUT,0.16718362740302764,0.03592785009618342,0.002236377718280582,0.02105494940332664,0.05021462763011952,0.1359621148092516,0.005808477489623342,0.5816119754501872
7,7,OUT,OUT,0.1673114920678402,0.024317169887808722,0.0027342921423490416,0.010515504469602576,0.07073436001401609,0.12165005449141475,0.006392116184459978,0.5963450107425087
5,7,SO,OUT,0.17654237289251565,0.03384088255545403,0.00208379530589757,0.014886037552652592,0.07865002491377934,0.16646089948916445,0.007151035534651461,0.520384951755885
5,7,SO,OUT,0.2170054585344751,0.037002756213544666,0.005329259821353527,0.017738984115301212,0.052301741200617646,0.17715771759689222,0.006786673246771412,0.48667740927104436
0,7,SINGLE,OUT,0.12671014670004163,0.026678572965955254,0.003149536333421888,0.013857436112324545,0.07834249670724058,0.2906134809660875,0.006222081191699214,0.4544262490232294
5,7,SO,OUT,0.12174718159526682,0.03945329563784823,0.005885770773810384,0.015977408199100516,0.07455231645768792,0.29382026290434854,0.0065439897256694395,0.4420197747062681
5,7,SO,OUT,0.09935181749006429,0.03310274046739859,0.007174937837549576,0.016461349322076865,0.11617359425391725,0.21479014422905032,0.0122352605163461,0.5007101558835969
7,7,OUT,OUT,0.12777630432601697,0.03614382565631364,0.0019119464564855305,0.023469810406493777,0.0690474998651731,0.24726089334503654,0.01659414800782825,0.4777955719366523
7,7,OUT,OUT,0.1552514758998803,0.026781163096061284,0.0021545581944193274,0.013776881755537325,0.06460416026540226,0.13460495108840165,0.022617061017942794,0.580209748682355
5,7,SO,OUT,0.12975587468554084,0.05302044465037888,0.00207312124261874,0.010162577983312597,0.10808067945762079,0.17653605442961717,0.008696359211792242,0.5116748883391188
7,7,OUT,OUT,0.2275211782818533,0.04457971962750295,0.00641116990166295,0.010639312163209283,0.06313875278220653,0.13285499867292788,0.0049082954353654555,0.5099465731352716
7,7,OUT,OUT,0.22250161620986236,0.039742486550154006,0.002774216804712864,0.00935199322588104,0.05079237774873356,0.2072474540785709,0.005402079347490737,0.4621877760345945
5,7,SO,OUT,0.20173150342470206,0.03926593597948528,0.004548136553271546,0.01141189928984059,0.0820006863709725,0.17467294613021594,0.006299862652624164,0.48006902959888786
7,7,OUT,OUT,0.14701763700656148,0.021830956248919807,0.00202257506939204,0.010318089438567055,0.07291806486984884,0.18762027207218623,0.0064605974236497925,0.5518118078708748
6,7,HBP,OUT,0.17558372980768083,0.02046278684738853,0.03432146143124748,0.009098201830217903,0.05462036124659696,0.21845446607954105,0.025406387827025048,0.46205260493030215
