true_id,pred_id,true_label,pred_label,prob_SINGLE,prob_XBH,prob_BB_HBP,prob_SO,prob_OTHER_OUT
1,4,XBH,OTHER_OUT,0.0,0.0,0.0,0.34502617,0.6549738
4,4,OTHER_OUT,OTHER_OUT,0.0,0.0,0.0,0.20922874,0.79077125
4,4,OTHER_OUT,OTHER_OUT,0.0,0.0,0.0,0.2991679,0.7008321
2,0,BB_HBP,SINGLE,0.52543306,0.224612,0.24995492,0.0,0.0
0,1,SINGLE,XBH,0.3437704,0.40234187,0.25388768,0.0,0.0
3,2,SO,BB_HBP,0.26985204,0.29838786,0.4317601,0.0,0.0
0,4,SINGLE,OTHER_OUT,0.0,0.0,0.0,0.16751967,0.8324803
1,4,XBH,OTHER_OUT,0.0,0.0,0.0,0.287248,0.71275204
4,4,OTHER_OUT,OTHER_OUT,0.0,0.0,0.0,0.28845412,0.7115459
4,4,OTHER_OUT,OTHER_OUT,0.0,0.0,0.0,0.29573938,0.7042606
4,0,OTHER_OUT,SINGLE,0.5524307,0.26502442,0.1825449,0.0,0.0
4,4,OTHER_OUT,OTHER_OUT,0.0,0.0,0.0,0.1246783,0.8753217
4,4,OTHER_OUT,OTHER_OUT,0.0,0.0,0.0,0.18574958,0.8142504
4,3,OTHER_OUT,SO,0.0,0.0,0.0,0.5743462,0.42565382
2,3,BB_HBP,SO,0.0,0.0,0.0,0.5718674,0.42813262
4,0,OTHER_OUT,SINGLE,0.5425969,0.1836665,0.2737366,0.0,0.0
1,4,XBH,OTHER_OUT,0.0,0.0,0.0,0.36842293,0.6315771
0,4,SINGLE,OTHER_OUT,0.0,0.0,0.0,0.38827875,0.6117212
4,4,OTHER_OUT,OTHER_OUT,0.0,0.0,0.0,0.3419919,0.6580081
3,3,SO,SO,0.0,0.0,0.0,0.5923144,0.40768558
2,4,BB_HBP,OTHER_OUT,0.0,0.0,0.0,0.24358101,0.756419
3,4,SO,OTHER_OUT,0.0,0.0,0.0,0.40631977,0.59368026
3,4,SO,OTHER_OUT,0.0,0.0,0.0,0.2593189,0.7406811
3,3,SO,SO,0.0,0.0,0.0,0.5329453,0.4670547
4,4,OTHER_OUT,OTHER_OUT,0.0,0.0,0.0,0.31820992,0.68179005
3,0,SO,SINGLE,0.6045803,0.23950994,0.1559098,0.0,0.0
3,0,SO,SINGLE,0.4778339,0.10742347,0.41474265,0.0,0.0
4,4,OTHER_OUT,OTHER_OUT,0.0,0.0,0.0,0.20782849,0.7921715
4,0,OTHER_OUT,SINGLE,0.6495877,0.10775409,0.2426582,0.0,0.0
4,3,OTHER_OUT,SO,0.0,0.0,0.0,0.5679971,0.4320029
0,4,SINGLE,OTHER_OUT,0.0,0.0,0.0,0.17151697,0.82848305
4,4,OTHER_OUT,OTHER_OUT,0.0,0.0,0.0,0.11071664,0.88928336
3,4,SO,OTHER_OUT,0.0,0.0,0.0,0.23705854,0.7629415
0,2,SINGLE,BB_HBP,0.28574693,0.08963563,0.6246174,0.0,0.0
4,4,OTHER_OUT,OTHER_OUT,0.0,0.0,0.0,0.23324451,0.76675546
2,4,BB_HBP,OTHER_OUT,0.0,0.0,0.0,0.312549,0.687451
0,0,SINGLE,SINGLE,0.5647126,0.17673159,0.25855586,0.0,0.0
4,4,OTHER_OUT,OTHER_OUT,0.0,0.0,0.0,0.07215929,0.9278407
4,4,OTHER_OUT,OTHER_OUT,0.0,0.0,0.0,0.2329418,0.7670582
3,0,SO,SINGLE,0.53452,0.25206158,0.21341844,0.0,0.0
4,4,OTHER_OUT,OTHER_OUT,0.0,0.0,0.0,0.14213663,0.85786337
4,2,OTHER_OUT,BB_HBP,0.22788191,0.37427464,0.39784345,0.0,0.0
3,3,SO,SO,0.0,0.0,0.0,0.5047618,0.49523816
0,4,SINGLE,OTHER_OUT,0.0,0.0,0.0,0.10496406,0.8950359
3,4,SO,OTHER_OUT,0.0,0.0,0.0,0.38386756,0.61613244
4,4,OTHER_OUT,OTHER_OUT,0.0,0.0,0.0,0.41970333,0.5802967
3,2,SO,BB_HBP,0.29182556,0.21863453,0.4895399,0.0,0.0
3,3,SO,SO,0.0,0.0,0.0,0.6073674,0.3926326
4,4,OTHER_OUT,OTHER_OUT,0.0,0.0,0.0,0.14851958,0.8514804
3,4,SO,OTHER_OUT,0.0,0.0,0.0,0.27519035,0.72480965
0,4,SINGLE,OTHER_OUT,0.0,0.0,0.0,0.27982774,0.7201722
4,0,OTHER_OUT,SINGLE,0.45406294,0.22795646,0.31798062,0.0,0.0
3,0,SO,SINGLE,0.3904716,0.34968102,0.25984737,0.0,0.0
2,4,BB_HBP,OTHER_OUT,0.0,0.0,0.0,0.30971318,0.6902868
4,4,OTHER_OUT,OTHER_OUT,0.0,0.0,0.0,0.47916391,0.5208361
0,4,SINGLE,OTHER_OUT,0.0,0.0,0.0,0.2457533,0.7542467
4,0,OTHER_OUT,SINGLE,0.63227475,0.16073383,0.20699143,0.0,0.0
4,4,OTHER_OUT,OTHER_OUT,0.0,0.0,0.0,0.14069957,0.85930043
0,1,SINGLE,XBH,0.29350823,0.4075623,0.29892945,0.0,0.0
4,4,OTHER_OUT,OTHER_OUT,0.0,0.0,0.0,0.40255055,0.5974495
4,4,OTHER_OUT,OTHER_OUT,0.0,0.0,0.0,0.30628988,0.69371015
0,4,SINGLE,OTHER_OUT,0.0,0.0,0.0,0.32781845,0.67218155
4,4,OTHER_OUT,OTHER_OUT,0.0,0.0,0.0,0.15422337,0.8457766
2,0,BB_HBP,SINGLE,0.5323131,0.06483665,0.40285024,0.0,0.0
3,3,SO,SO,0.0,0.0,0.0,0.86971545,0.13028452
4,4,OTHER_OUT,OTHER_OUT,0.0,0.0,0.0,0.08658766,0.91341233
4,4,OTHER_OUT,OTHER_OUT,0.0,0.0,0.0,0.32019246,0.67980754
3,4,SO,OTHER_OUT,0.0,0.0,0.0,0.14725426,0.8527458
3,4,SO,OTHER_OUT,0.0,0.0,0.0,0.16269897,0.837301
4,3,OTHER_OUT,SO,0.0,0.0,0.0,0.606906,0.393094
3,3,SO,SO,0.0,0.0,0.0,0.64716333,0.35283667
4,4,OTHER_OUT,OTHER_OUT,0.0,0.0,0.0,0.15960392,0.8403961
1,0,XBH,SINGLE,0.6530125,0.14972737,0.1972601,0.0,0.0
0,0,SINGLE,SINGLE,0.5548699,0.1219582,0.32317188,0.0,0.0
4,3,OTHER_OUT,SO,0.0,0.0,0.0,0.5774389,0.42256108
0,0,SINGLE,SINGLE,0.6695151,0.08066975,0.24981517,0.0,0.0
3,4,SO,OTHER_OUT,0.0,0.0,0.0,0.4413574,0.5586426
0,0,SINGLE,SINGLE,0.63808256,0.14673482,0.21518262,0.0,0.0
4,4,OTHER_OUT,OTHER_OUT,0.0,0.0,0.0,0.46460295,0.53539705
4,0,OTHER_OUT,SINGLE,0.5893122,0.17852862,0.23215918,0.0,0.0
4,4,OTHER_OUT,OTHER_OUT,0.0,0.0,0.0,0.28839824,0.7116018
0,0,SINGLE,SINGLE,0.4411195,0.22696193,0.3319186,0.0,0.0
4,0,OTHER_OUT,SINGLE,0.44823036,0.37882042,0.17294921,0.0,0.0
3,4,SO,OTHER_OUT,0.0,0.0,0.0,0.40506354,0.59493643
3,4,SO,OTHER_OUT,0.0,0.0,0.0,0.3576897,0.6423103
4,4,OTHER_OUT,OTHER_OUT,0.0,0.0,0.0,0.22249468,0.77750534
3,3,SO,SO,0.0,0.0,0.0,0.50647986,0.4935201
2,0,BB_HBP,SINGLE,0.4257721,0.32821453,0.24601337,0.0,0.0
4,4,OTHER_OUT,OTHER_OUT,0.0,0.0,0.0,0.48913926,0.51086074
3,0,SO,SINGLE,0.6517731,0.109467305,0.23875959,0.0,0.0
4,2,OTHER_OUT,BB_HBP,0.21867006,0.33681834,0.4445116,0.0,0.0
3,0,SO,SINGLE,0.6215198,0.076290645,0.30218956,0.0,0.0
3,2,SO,BB_HBP,0.38732624,0.11757483,0.49509892,0.0,0.0
0,4,SINGLE,OTHER_OUT,0.0,0.0,0.0,0.41130146,0.58869857
4,2,OTHER_OUT,BB_HBP,0.25088042,0.13870615,0.61041343,0.0,0.0
0,0,SINGLE,SINGLE,0.64392,0.16478097,0.191299,0.0,0.0
4,0,OTHER_OUT,SINGLE,0.8152869,0.033388887,0.15132423,0.0,0.0
3,4,SO,OTHER_OUT,0.0,0.0,0.0,0.30918983,0.69081014
4,0,OTHER_OUT,SINGLE,0.5769308,0.19917172,0.22389747,0.0,0.0
3,2,SO,BB_HBP,0.22619945,0.09413075,0.6796698,0.0,0.0
0,3,SINGLE,SO,0.0,0.0,0.0,0.5558568,0.44414318
4,4,OTHER_OUT,OTHER_OUT,0.0,0.0,0.0,0.4170853,0.5829147
4,4,OTHER_OUT,OTHER_OUT,0.0,0.0,0.0,0.38227788,0.61772215
3,0,SO,SINGLE,0.36082682,0.30698964,0.33218357,0.0,0.0
4,4,OTHER_OUT,OTHER_OUT,0.0,0.0,0.0,0.18921235,0.8107876
2,0,BB_HBP,SINGLE,0.40174374,0.20872247,0.3895338,0.0,0.0
4,4,OTHER_OUT,OTHER_OUT,0.0,0.0,0.0,0.22339016,0.77660984
0,2,SINGLE,BB_HBP,0.3130514,0.2855984,0.40135017,0.0,0.0
4,4,OTHER_OUT,OTHER_OUT,0.0,0.0,0.0,0.15596306,0.84403694
4,4,OTHER_OUT,OTHER_OUT,0.0,0.0,0.0,0.20383124,0.79616874
0,4,SINGLE,OTHER_OUT,0.0,0.0,0.0,0.28407657,0.7159234
3,4,SO,OTHER_OUT,0.0,0.0,0.0,0.33655688,0.66344315
4,0,OTHER_OUT,SINGLE,0.5579474,0.19540164,0.24665096,0.0,0.0
0,4,SINGLE,OTHER_OUT,0.0,0.0,0.0,0.47688457,0.5231154
4,0,OTHER_OUT,SINGLE,0.59867406,0.1770383,0.22428767,0.0,0.0
3,4,SO,OTHER_OUT,0.0,0.0,0.0,0.3258344,0.6741656
4,4,OTHER_OUT,OTHER_OUT,0.0,0.0,0.0,0.27840257,0.72159743
3,4,SO,OTHER_OUT,0.0,0.0,0.0,0.19037034,0.8096297
4,4,OTHER_OUT,OTHER_OUT,0.0,0.0,0.0,0.21866894,0.78133106
4,4,OTHER_OUT,OTHER_OUT,0.0,0.0,0.0,0.30705133,0.6929487
2,4,BB_HBP,OTHER_OUT,0.0,0.0,0.0,0.3228644,0.6771356
4,4,OTHER_OUT,OTHER_OUT,0.0,0.0,0.0,0.38126737,0.61873263
4,4,OTHER_OUT,OTHER_OUT,0.0,0.0,0.0,0.21794401,0.782056
4,4,OTHER_OUT,OTHER_OUT,0.0,0.0,0.0,0.17558219,0.8244178
4,3,OTHER_OUT,SO,0.0,0.0,0.0,0.5336598,0.4663402
4,0,OTHER_OUT,SINGLE,0.7780344,0.16981308,0.052152555,0.0,0.0
4,4,OTHER_OUT,OTHER_OUT,0.0,0.0,0.0,0.23243342,0.76756656
4,4,OTHER_OUT,OTHER_OUT,0.0,0.0,0.0,0.39374593,0.60625404
4,4,OTHER_OUT,OTHER_OUT,0.0,0.0,0.0,0.26482666,0.73517334
4,3,OTHER_OUT,SO,0.0,0.0,0.0,0.5358115,0.46418855
1,3,XBH,SO,0.0,0.0,0.0,0.51098305,0.48901692
4,4,OTHER_OUT,OTHER_OUT,0.0,0.0,0.0,0.19794425,0.8020557
3,0,SO,SINGLE,0.588913,0.18326184,0.22782513,0.0,0.0
1,2,XBH,BB_HBP,0.35248998,0.24918948,0.39832056,0.0,0.0
4,0,OTHER_OUT,SINGLE,0.70749134,0.14037721,0.15213148,0.0,0.0
3,4,SO,OTHER_OUT,0.0,0.0,0.0,0.1999747,0.8000253
4,4,OTHER_OUT,OTHER_OUT,0.0,0.0,0.0,0.28757787,0.71242213
4,0,OTHER_OUT,SINGLE,0.55555713,0.21169092,0.23275195,0.0,0.0
4,4,OTHER_OUT,OTHER_OUT,0.0,0.0,0.0,0.48578474,0.5142153
4,4,OTHER_OUT,OTHER_OUT,0.0,0.0,0.0,0.3765783,0.62342167
2,4,BB_HBP,OTHER_OUT,0.0,0.0,0.0,0.25512204,0.74487793
4,0,OTHER_OUT,SINGLE,0.70495033,0.1390281,0.15602155,0.0,0.0
2,0,BB_HBP,SINGLE,0.45360318,0.25905946,0.2873374,0.0,0.0
0,2,SINGLE,BB_HBP,0.3082373,0.21716705,0.47459564,0.0,0.0
1,4,XBH,OTHER_OUT,0.0,0.0,0.0,0.25484172,0.74515826
0,4,SINGLE,OTHER_OUT,0.0,0.0,0.0,0.32341868,0.6765813
4,4,OTHER_OUT,OTHER_OUT,0.0,0.0,0.0,0.09285798,0.90714204
4,0,OTHER_OUT,SINGLE,0.641931,0.18368989,0.17437913,0.0,0.0
4,2,OTHER_OUT,BB_HBP,0.38017693,0.22918889,0.39063418,0.0,0.0
0,4,SINGLE,OTHER_OUT,0.0,0.0,0.0,0.14057776,0.8594222
3,2,SO,BB_HBP,0.29852217,0.24615932,0.4553185,0.0,0.0
4,4,OTHER_OUT,OTHER_OUT,0.0,0.0,0.0,0.47875926,0.5212408
4,4,OTHER_OUT,OTHER_OUT,0.0,0.0,0.0,0.29696494,0.70303506
4,0,OTHER_OUT,SINGLE,0.53272814,0.18068501,0.28658688,0.0,0.0
4,4,OTHER_OUT,OTHER_OUT,0.0,0.0,0.0,0.38405746,0.61594254
3,3,SO,SO,0.0,0.0,0.0,0.7290765,0.2709235
4,4,OTHER_OUT,OTHER_OUT,0.0,0.0,0.0,0.15014255,0.84985745
0,4,SINGLE,OTHER_OUT,0.0,0.0,0.0,0.12983957,0.87016046
4,4,OTHER_OUT,OTHER_OUT,0.0,0.0,0.0,0.2427868,0.75721323
4,4,OTHER_OUT,OTHER_OUT,0.0,0.0,0.0,0.09159439,0.9084056
1,4,XBH,OTHER_OUT,0.0,0.0,0.0,0.27581558,0.72418445
1,0,XBH,SINGLE,0.57988274,0.19653827,0.22357897,0.0,0.0
3,4,SO,OTHER_OUT,0.0,0.0,0.0,0.32054728,0.6794527
3,3,SO,SO,0.0,0.0,0.0,0.57310194,0.42689806
1,4,XBH,OTHER_OUT,0.0,0.0,0.0,0.32976502,0.670235
4,4,OTHER_OUT,OTHER_OUT,0.0,0.0,0.0,0.3279016,0.6720984
4,4,OTHER_OUT,OTHER_OUT,0.0,0.0,0.0,0.41262895,0.58737105
4,0,OTHER_OUT,SINGLE,0.4172557,0.33273563,0.25000867,0.0,0.0
3,4,SO,OTHER_OUT,0.0,0.0,0.0,0.43855768,0.5614423
1,0,XBH,SINGLE,0.65662783,0.1687564,0.17461579,0.0,0.0
4,4,OTHER_OUT,OTHER_OUT,0.0,0.0,0.0,0.49376684,0.50623316
4,0,OTHER_OUT,SINGLE,0.35537666,0.30375168,0.34087163,0.0,0.0
4,3,OTHER_OUT,SO,0.0,0.0,0.0,0.88991296,0.110087045
0,0,SINGLE,SINGLE,0.5196565,0.2632911,0.21705242,0.0,0.0
3,3,SO,SO,0.0,0.0,0.0,0.5306429,0.4693571
4,4,OTHER_OUT,OTHER_OUT,0.0,0.0,0.0,0.19277012,0.8072299
1,1,XBH,XBH,0.38797182,0.4210877,0.19094045,0.0,0.0
0,1,SINGLE,XBH,0.20711343,0.49719954,0.29568705,0.0,0.0
2,3,BB_HBP,SO,0.0,0.0,0.0,0.53104615,0.46895385
2,0,BB_HBP,SINGLE,0.5045759,0.13286455,0.36255953,0.0,0.0
0,4,SINGLE,OTHER_OUT,0.0,0.0,0.0,0.15698835,0.8430116
4,3,OTHER_OUT,SO,0.0,0.0,0.0,0.5082049,0.49179515
2,3,BB_HBP,SO,0.0,0.0,0.0,0.68760055,0.31239945
3,1,SO,XBH,0.23325141,0.444724,0.3220246,0.0,0.0
3,4,SO,OTHER_OUT,0.0,0.0,0.0,0.34441096,0.65558904
4,4,OTHER_OUT,OTHER_OUT,0.0,0.0,0.0,0.49193,0.50807
3,4,SO,OTHER_OUT,0.0,0.0,0.0,0.4290327,0.57096726
1,4,XBH,OTHER_OUT,0.0,0.0,0.0,0.1438842,0.8561158
4,0,OTHER_OUT,SINGLE,0.534866,0.27842358,0.18671045,0.0,0.0
1,2,XBH,BB_HBP,0.24661742,0.30789432,0.44548824,0.0,0.0
2,4,BB_HBP,OTHER_OUT,0.0,0.0,0.0,0.17254673,0.82745326
0,0,SINGLE,SINGLE,0.43106475,0.34648672,0.22244854,0.0,0.0
4,4,OTHER_OUT,OTHER_OUT,0.0,0.0,0.0,0.35313252,0.64686745
4,4,OTHER_OUT,OTHER_OUT,0.0,0.0,0.0,0.33083153,0.6691685
4,4,OTHER_OUT,OTHER_OUT,0.0,0.0,0.0,0.3345614,0.6654386
4,4,OTHER_OUT,OTHER_OUT,0.0,0.0,0.0,0.22377864,0.7762214
3,3,SO,SO,0.0,0.0,0.0,0.62709314,0.3729069
3,4,SO,OTHER_OUT,0.0,0.0,0.0,0.3082236,0.6917764
0,3,SINGLE,SO,0.0,0.0,0.0,0.7385943,0.2614057
3,4,SO,OTHER_OUT,0.0,0.0,0.0,0.11005907,0.8899409
1,4,XBH,OTHER_OUT,0.0,0.0,0.0,0.13589168,0.8641083
4,0,OTHER_OUT,SINGLE,0.62257355,0.1593847,0.21804176,0.0,0.0
4,4,OTHER_OUT,OTHER_OUT,0.0,0.0,0.0,0.42866346,0.5713365
4,1,OTHER_OUT,XBH,0.36637834,0.42338938,0.21023229,0.0,0.0
3,4,SO,OTHER_OUT,0.0,0.0,0.0,0.35180345,0.6481965
4,4,OTHER_OUT,OTHER_OUT,0.0,0.0,0.0,0.105444945,0.89455503
4,4,OTHER_OUT,OTHER_OUT,0.0,0.0,0.0,0.1781025,0.8218975
3,0,SO,SINGLE,0.6219432,0.18323031,0.19482651,0.0,0.0
4,2,OTHER_OUT,BB_HBP,0.19241105,0.11291666,0.6946723,0.0,0.0
4,4,OTHER_OUT,OTHER_OUT,0.0,0.0,0.0,0.23494239,0.7650576
0,4,SINGLE,OTHER_OUT,0.0,0.0,0.0,0.109145485,0.89085454
3,1,SO,XBH,0.36178416,0.5175884,0.12062745,0.0,0.0
4,3,OTHER_OUT,SO,0.0,0.0,0.0,0.5900463,0.4099537
0,4,SINGLE,OTHER_OUT,0.0,0.0,0.0,0.30709127,0.6929087
4,4,OTHER_OUT,OTHER_OUT,0.0,0.0,0.0,0.46896866,0.5310313
0,4,SINGLE,OTHER_OUT,0.0,0.0,0.0,0.4415753,0.5584247
4,3,OTHER_OUT,SO,0.0,0.0,0.0,0.58542377,0.41457623
3,0,SO,SINGLE,0.49341753,0.410323,0.09625948,0.0,0.0
4,4,OTHER_OUT,OTHER_OUT,0.0,0.0,0.0,0.347655,0.652345
4,4,OTHER_OUT,OTHER_OUT,0.0,0.0,0.0,0.24881816,0.75118184
4,4,OTHER_OUT,OTHER_OUT,0.0,0.0,0.0,0.3501834,0.6498166
0,0,SINGLE,SINGLE,0.5127549,0.06787758,0.4193675,0.0,0.0
4,4,OTHER_OUT,OTHER_OUT,0.0,0.0,0.0,0.1435913,0.8564087
4,4,OTHER_OUT,OTHER_OUT,0.0,0.0,0.0,0.16510119,0.8348988
4,4,OTHER_OUT,OTHER_OUT,0.0,0.0,0.0,0.22713894,0.77286106
4,4,OTHER_OUT,OTHER_OUT,0.0,0.0,0.0,0.48774916,0.51225084
4,4,OTHER_OUT,OTHER_OUT,0.0,0.0,0.0,0.09483086,0.9051691
4,4,OTHER_OUT,OTHER_OUT,0.0,0.0,0.0,0.42596215,0.57403785
3,3,SO,SO,0.0,0.0,0.0,0.5790897,0.42091027
3,4,SO,OTHER_OUT,0.0,0.0,0.0,0.27982226,0.72017777
4,4,OTHER_OUT,OTHER_OUT,0.0,0.0,0.0,0.105754055,0.8942459
0,4,SINGLE,OTHER_OUT,0.0,0.0,0.0,0.21331355,0.7866864
4,4,OTHER_OUT,OTHER_OUT,0.0,0.0,0.0,0.49426478,0.5057352
0,4,SINGLE,OTHER_OUT,0.0,0.0,0.0,0.098308794,0.9016912
3,2,SO,BB_HBP,0.2665356,0.1367085,0.5967559,0.0,0.0
4,3,OTHER_OUT,SO,0.0,0.0,0.0,0.5547328,0.44526723
4,4,OTHER_OUT,OTHER_OUT,0.0,0.0,0.0,0.36370558,0.6362944
3,4,SO,OTHER_OUT,0.0,0.0,0.0,0.2091539,0.7908461
0,0,SINGLE,SINGLE,0.51759195,0.18974386,0.2926642,0.0,0.0
4,4,OTHER_OUT,OTHER_OUT,0.0,0.0,0.0,0.1696867,0.83031327
2,4,BB_HBP,OTHER_OUT,0.0,0.0,0.0,0.36938924,0.63061076
1,2,XBH,BB_HBP,0.32503873,0.28664446,0.38831678,0.0,0.0
3,4,SO,OTHER_OUT,0.0,0.0,0.0,0.08454618,0.91545385
3,4,SO,OTHER_OUT,0.0,0.0,0.0,0.38376936,0.6162306
4,4,OTHER_OUT,OTHER_OUT,0.0,0.0,0.0,0.11924761,0.8807524
0,4,SINGLE,OTHER_OUT,0.0,0.0,0.0,0.49390167,0.50609833
1,4,XBH,OTHER_OUT,0.0,0.0,0.0,0.41995692,0.5800431
1,3,XBH,SO,0.0,0.0,0.0,0.548446,0.45155397
3,4,SO,OTHER_OUT,0.0,0.0,0.0,0.27264023,0.7273598
4,4,OTHER_OUT,OTHER_OUT,0.0,0.0,0.0,0.08970167,0.91029835
2,2,BB_HBP,BB_HBP,0.3160285,0.20076554,0.48320597,0.0,0.0
4,3,OTHER_OUT,SO,0.0,0.0,0.0,0.568418,0.43158194
4,0,OTHER_OUT,SINGLE,0.5896018,0.3206348,0.08976337,0.0,0.0
1,4,XBH,OTHER_OUT,0.0,0.0,0.0,0.172393,0.827607
0,4,SINGLE,OTHER_OUT,0.0,0.0,0.0,0.1447176,0.8552824
3,4,SO,OTHER_OUT,0.0,0.0,0.0,0.2473703,0.7526297
0,0,SINGLE,SINGLE,0.58283925,0.3351953,0.08196541,0.0,0.0
4,4,OTHER_OUT,OTHER_OUT,0.0,0.0,0.0,0.2858318,0.7141682
4,0,OTHER_OUT,SINGLE,0.41605654,0.24678944,0.33715403,0.0,0.0
3,4,SO,OTHER_OUT,0.0,0.0,0.0,0.23140302,0.768597
4,3,OTHER_OUT,SO,0.0,0.0,0.0,0.54465014,0.45534986
0,4,SINGLE,OTHER_OUT,0.0,0.0,0.0,0.30049086,0.69950914
2,4,BB_HBP,OTHER_OUT,0.0,0.0,0.0,0.15429379,0.8457062
4,4,OTHER_OUT,OTHER_OUT,0.0,0.0,0.0,0.1227855,0.8772145
0,0,SINGLE,SINGLE,0.45454425,0.31421053,0.23124523,0.0,0.0
4,4,OTHER_OUT,OTHER_OUT,0.0,0.0,0.0,0.29021773,0.7097823
0,0,SINGLE,SINGLE,0.51186454,0.37714815,0.1109873,0.0,0.0
4,2,OTHER_OUT,BB_HBP,0.30083987,0.31126404,0.3878961,0.0,0.0
2,4,BB_HBP,OTHER_OUT,0.0,0.0,0.0,0.17362145,0.8263786
2,2,BB_HBP,BB_HBP,0.34460115,0.27641326,0.37898558,0.0,0.0
3,4,SO,OTHER_OUT,0.0,0.0,0.0,0.2701415,0.7298585
3,4,SO,OTHER_OUT,0.0,0.0,0.0,0.2732003,0.7267997
4,4,OTHER_OUT,OTHER_OUT,0.0,0.0,0.0,0.22985536,0.77014464
3,4,SO,OTHER_OUT,0.0,0.0,0.0,0.12049163,0.8795084
4,3,OTHER_OUT,SO,0.0,0.0,0.0,0.59563017,0.4043698
4,4,OTHER_OUT,OTHER_OUT,0.0,0.0,0.0,0.0817612,0.9182388
4,4,OTHER_OUT,OTHER_OUT,0.0,0.0,0.0,0.18193401,0.818066
4,4,OTHER_OUT,OTHER_OUT,0.0,0.0,0.0,0.21085113,0.78914887
3,3,SO,SO,0.0,0.0,0.0,0.69801474,0.3019853
4,4,OTHER_OUT,OTHER_OUT,0.0,0.0,0.0,0.2723227,0.7276773
2,1,BB_HBP,XBH,0.28976703,0.40176842,0.30846456,0.0,0.0
4,3,OTHER_OUT,SO,0.0,0.0,0.0,0.5096579,0.4903421
4,4,OTHER_OUT,OTHER_OUT,0.0,0.0,0.0,0.25765508,0.7423449
4,4,OTHER_OUT,OTHER_OUT,0.0,0.0,0.0,0.21224324,0.78775674
0,4,SINGLE,OTHER_OUT,0.0,0.0,0.0,0.4563063,0.5436937
3,4,SO,OTHER_OUT,0.0,0.0,0.0,0.45085213,0.54914784
0,4,SINGLE,OTHER_OUT,0.0,0.0,0.0,0.2273012,0.7726988
4,4,OTHER_OUT,OTHER_OUT,0.0,0.0,0.0,0.108710445,0.89128953
4,4,OTHER_OUT,OTHER_OUT,0.0,0.0,0.0,0.24840115,0.75159883
4,4,OTHER_OUT,OTHER_OUT,0.0,0.0,0.0,0.26846677,0.7315332
3,4,SO,OTHER_OUT,0.0,0.0,0.0,0.2645275,0.7354725
3,0,SO,SINGLE,0.49793446,0.39251095,0.109554596,0.0,0.0
4,4,OTHER_OUT,OTHER_OUT,0.0,0.0,0.0,0.22286868,0.7771313
4,4,OTHER_OUT,OTHER_OUT,0.0,0.0,0.0,0.15229759,0.8477024
4,4,OTHER_OUT,OTHER_OUT,0.0,0.0,0.0,0.28358528,0.7164147
4,4,OTHER_OUT,OTHER_OUT,0.0,0.0,0.0,0.44736296,0.55263704
1,4,XBH,OTHER_OUT,0.0,0.0,0.0,0.34452343,0.65547657
3,4,SO,OTHER_OUT,0.0,0.0,0.0,0.47146577,0.52853423
3,3,SO,SO,0.0,0.0,0.0,0.64459527,0.3554047
0,4,SINGLE,OTHER_OUT,0.0,0.0,0.0,0.30766806,0.69233197
2,4,BB_HBP,OTHER_OUT,0.0,0.0,0.0,0.4467688,0.55323124
3,0,SO,SINGLE,0.5290391,0.17094332,0.3000176,0.0,0.0
1,4,XBH,OTHER_OUT,0.0,0.0,0.0,0.37203842,0.6279616
4,3,OTHER_OUT,SO,0.0,0.0,0.0,0.55800754,0.44199246
4,4,OTHER_OUT,OTHER_OUT,0.0,0.0,0.0,0.20173839,0.79826164
4,0,OTHER_OUT,SINGLE,0.63528883,0.18531238,0.17939878,0.0,0.0
3,4,SO,OTHER_OUT,0.0,0.0,0.0,0.4799207,0.5200793
4,3,OTHER_OUT,SO,0.0,0.0,0.0,0.537799,0.462201
0,0,SINGLE,SINGLE,0.5886189,0.32744116,0.083939955,0.0,0.0
0,4,SINGLE,OTHER_OUT,0.0,0.0,0.0,0.2022954,0.7977046
4,4,OTHER_OUT,OTHER_OUT,0.0,0.0,0.0,0.4894778,0.5105222
2,3,BB_HBP,SO,0.0,0.0,0.0,0.55006284,0.4499372
0,0,SINGLE,SINGLE,0.60207516,0.16209188,0.23583297,0.0,0.0
4,3,OTHER_OUT,SO,0.0,0.0,0.0,0.5515969,0.44840312
4,3,OTHER_OUT,SO,0.0,0.0,0.0,0.53716177,0.46283826
3,4,SO,OTHER_OUT,0.0,0.0,0.0,0.3348955,0.6651045
0,4,SINGLE,OTHER_OUT,0.0,0.0,0.0,0.25874114,0.74125886
4,4,OTHER_OUT,OTHER_OUT,0.0,0.0,0.0,0.3091195,0.6908805
3,4,SO,OTHER_OUT,0.0,0.0,0.0,0.31776702,0.682233
0,4,SINGLE,OTHER_OUT,0.0,0.0,0.0,0.24368382,0.7563162
4,0,OTHER_OUT,SINGLE,0.48307303,0.43896914,0.07795784,0.0,0.0
4,4,OTHER_OUT,OTHER_OUT,0.0,0.0,0.0,0.37590957,0.62409043
0,4,SINGLE,OTHER_OUT,0.0,0.0,0.0,0.4405791,0.5594209
4,4,OTHER_OUT,OTHER_OUT,0.0,0.0,0.0,0.30427966,0.6957204
4,4,OTHER_OUT,OTHER_OUT,0.0,0.0,0.0,0.4211474,0.5788526
1,4,XBH,OTHER_OUT,0.0,0.0,0.0,0.36321607,0.63678396
2,2,BB_HBP,BB_HBP,0.35340446,0.2065607,0.44003484,0.0,0.0
4,4,OTHER_OUT,OTHER_OUT,0.0,0.0,0.0,0.24627073,0.7537293
4,3,OTHER_OUT,SO,0.0,0.0,0.0,0.5849293,0.4150707
0,4,SINGLE,OTHER_OUT,0.0,0.0,0.0,0.05619169,0.9438083
0,4,SINGLE,OTHER_OUT,0.0,0.0,0.0,0.22954972,0.7704503
0,0,SINGLE,SINGLE,0.62254566,0.16220112,0.21525323,0.0,0.0
0,0,SINGLE,SINGLE,0.528158,0.15465592,0.31718606,0.0,0.0
4,4,OTHER_OUT,OTHER_OUT,0.0,0.0,0.0,0.38994804,0.610052
0,0,SINGLE,SINGLE,0.47574556,0.100490786,0.42376366,0.0,0.0
4,4,OTHER_OUT,OTHER_OUT,0.0,0.0,0.0,0.28051284,0.71948713
4,0,OTHER_OUT,SINGLE,0.6152079,0.10809027,0.27670187,0.0,0.0
4,3,OTHER_OUT,SO,0.0,0.0,0.0,0.7256119,0.27438807
1,4,XBH,OTHER_OUT,0.0,0.0,0.0,0.46802434,0.5319757
4,4,OTHER_OUT,OTHER_OUT,0.0,0.0,0.0,0.3106058,0.6893942
3,3,SO,SO,0.0,0.0,0.0,0.66534024,0.33465979
3,4,SO,OTHER_OUT,0.0,0.0,0.0,0.41241926,0.58758074
4,4,OTHER_OUT,OTHER_OUT,0.0,0.0,0.0,0.19306475,0.80693525
3,4,SO,OTHER_OUT,0.0,0.0,0.0,0.1908621,0.8091379
4,4,OTHER_OUT,OTHER_OUT,0.0,0.0,0.0,0.10078961,0.8992104
2,4,BB_HBP,OTHER_OUT,0.0,0.0,0.0,0.48844495,0.5115551
0,4,SINGLE,OTHER_OUT,0.0,0.0,0.0,0.2246778,0.7753222
1,4,XBH,OTHER_OUT,0.0,0.0,0.0,0.055226963,0.944773
2,2,BB_HBP,BB_HBP,0.23516953,0.28144807,0.4833824,0.0,0.0
4,4,OTHER_OUT,OTHER_OUT,0.0,0.0,0.0,0.45846286,0.5415371
0,1,SINGLE,XBH,0.09972831,0.6292165,0.2710552,0.0,0.0
0,3,SINGLE,SO,0.0,0.0,0.0,0.5879463,0.4120537
4,3,OTHER_OUT,SO,0.0,0.0,0.0,0.56601614,0.43398386
1,3,XBH,SO,0.0,0.0,0.0,0.5198771,0.48012295
4,0,OTHER_OUT,SINGLE,0.6092779,0.2653774,0.12534468,0.0,0.0
4,3,OTHER_OUT,SO,0.0,0.0,0.0,0.6397542,0.36024582
0,4,SINGLE,OTHER_OUT,0.0,0.0,0.0,0.4860716,0.5139284
3,2,SO,BB_HBP,0.2977481,0.26713407,0.43511784,0.0,0.0
0,4,SINGLE,OTHER_OUT,0.0,0.0,0.0,0.42378932,0.5762107
4,4,OTHER_OUT,OTHER_OUT,0.0,0.0,0.0,0.24638635,0.75361365
0,4,SINGLE,OTHER_OUT,0.0,0.0,0.0,0.16757223,0.8324278
4,2,OTHER_OUT,BB_HBP,0.20773202,0.22286165,0.56940633,0.0,0.0
4,2,OTHER_OUT,BB_HBP,0.37409422,0.23220083,0.39370495,0.0,0.0
1,0,XBH,SINGLE,0.48361784,0.32672033,0.18966185,0.0,0.0
0,4,SINGLE,OTHER_OUT,0.0,0.0,0.0,0.2773437,0.7226563
4,4,OTHER_OUT,OTHER_OUT,0.0,0.0,0.0,0.44144383,0.5585562
1,4,XBH,OTHER_OUT,0.0,0.0,0.0,0.24680872,0.7531913
4,4,OTHER_OUT,OTHER_OUT,0.0,0.0,0.0,0.32321328,0.6767867
4,3,OTHER_OUT,SO,0.0,0.0,0.0,0.5350296,0.4649704
0,4,SINGLE,OTHER_OUT,0.0,0.0,0.0,0.24638797,0.75361204
3,4,SO,OTHER_OUT,0.0,0.0,0.0,0.3132079,0.68679214
1,3,XBH,SO,0.0,0.0,0.0,0.5669149,0.43308508
4,4,OTHER_OUT,OTHER_OUT,0.0,0.0,0.0,0.44732717,0.55267286
4,2,OTHER_OUT,BB_HBP,0.3743855,0.17056237,0.45505214,0.0,0.0
0,4,SINGLE,OTHER_OUT,0.0,0.0,0.0,0.21507959,0.7849204
4,0,OTHER_OUT,SINGLE,0.4163992,0.24435556,0.3392452,0.0,0.0
4,4,OTHER_OUT,OTHER_OUT,0.0,0.0,0.0,0.20510484,0.7948952
3,3,SO,SO,0.0,0.0,0.0,0.5089333,0.4910667
3,4,SO,OTHER_OUT,0.0,0.0,0.0,0.41456956,0.58543044
3,4,SO,OTHER_OUT,0.0,0.0,0.0,0.37816644,0.62183356
4,4,OTHER_OUT,OTHER_OUT,0.0,0.0,0.0,0.4986666,0.5013334
4,4,OTHER_OUT,OTHER_OUT,0.0,0.0,0.0,0.39891875,0.60108125
4,4,OTHER_OUT,OTHER_OUT,0.0,0.0,0.0,0.38589698,0.614103
4,0,OTHER_OUT,SINGLE,0.5491087,0.23254675,0.21834455,0.0,0.0
4,2,OTHER_OUT,BB_HBP,0.35981062,0.16370344,0.47648594,0.0,0.0
0,0,SINGLE,SINGLE,0.42189118,0.20371653,0.37439227,0.0,0.0
0,0,SINGLE,SINGLE,0.5020775,0.27465641,0.22326608,0.0,0.0
4,4,OTHER_OUT,OTHER_OUT,0.0,0.0,0.0,0.27119765,0.7288024
4,0,OTHER_OUT,SINGLE,0.6317137,0.1480282,0.22025815,0.0,0.0
4,4,OTHER_OUT,OTHER_OUT,0.0,0.0,0.0,0.19538534,0.80461466
4,4,OTHER_OUT,OTHER_OUT,0.0,0.0,0.0,0.28480923,0.71519077
4,1,OTHER_OUT,XBH,0.2938117,0.41763887,0.28854942,0.0,0.0
3,1,SO,XBH,0.30136377,0.53433895,0.1642973,0.0,0.0
4,3,OTHER_OUT,SO,0.0,0.0,0.0,0.55717015,0.44282982
4,4,OTHER_OUT,OTHER_OUT,0.0,0.0,0.0,0.29167524,0.70832473
0,4,SINGLE,OTHER_OUT,0.0,0.0,0.0,0.47778934,0.52221066
3,0,SO,SINGLE,0.4481476,0.34096202,0.21089038,0.0,0.0
3,4,SO,OTHER_OUT,0.0,0.0,0.0,0.25734755,0.7426524
4,2,OTHER_OUT,BB_HBP,0.24857038,0.31439343,0.43703622,0.0,0.0
3,4,SO,OTHER_OUT,0.0,0.0,0.0,0.11924865,0.8807514
0,1,SINGLE,XBH,0.22114283,0.57364005,0.2052171,0.0,0.0
0,4,SINGLE,OTHER_OUT,0.0,0.0,0.0,0.3209865,0.6790135
3,4,SO,OTHER_OUT,0.0,0.0,0.0,0.11367167,0.88632834
4,0,OTHER_OUT,SINGLE,0.52570975,0.24463174,0.22965854,0.0,0.0
4,4,OTHER_OUT,OTHER_OUT,0.0,0.0,0.0,0.12437478,0.8756252
4,4,OTHER_OUT,OTHER_OUT,0.0,0.0,0.0,0.486411,0.513589
1,2,XBH,BB_HBP,0.23483598,0.27936012,0.4858039,0.0,0.0
3,0,SO,SINGLE,0.5690729,0.11218185,0.31874523,0.0,0.0
4,3,OTHER_OUT,SO,0.0,0.0,0.0,0.5217084,0.47829157
3,4,SO,OTHER_OUT,0.0,0.0,0.0,0.3421381,0.6578619
4,4,OTHER_OUT,OTHER_OUT,0.0,0.0,0.0,0.17968404,0.82031596
4,0,OTHER_OUT,SINGLE,0.4761103,0.21440825,0.30948144,0.0,0.0
2,0,BB_HBP,SINGLE,0.54343647,0.19700041,0.25956312,0.0,0.0
4,4,OTHER_OUT,OTHER_OUT,0.0,0.0,0.0,0.28130743,0.7186926
4,4,OTHER_OUT,OTHER_OUT,0.0,0.0,0.0,0.47693995,0.5230601
4,4,OTHER_OUT,OTHER_OUT,0.0,0.0,0.0,0.38289344,0.61710656
3,4,SO,OTHER_OUT,0.0,0.0,0.0,0.14347515,0.8565248
4,4,OTHER_OUT,OTHER_OUT,0.0,0.0,0.0,0.15623099,0.843769
4,4,OTHER_OUT,OTHER_OUT,0.0,0.0,0.0,0.22521251,0.7747875
1,0,XBH,SINGLE,0.5325303,0.30260906,0.1648606,0.0,0.0
4,0,OTHER_OUT,SINGLE,0.4886379,0.35387078,0.15749133,0.0,0.0
0,2,SINGLE,BB_HBP,0.33553863,0.2660219,0.39843944,0.0,0.0
0,3,SINGLE,SO,0.0,0.0,0.0,0.5049351,0.49506488
4,4,OTHER_OUT,OTHER_OUT,0.0,0.0,0.0,0.37734348,0.6226565
2,4,BB_HBP,OTHER_OUT,0.0,0.0,0.0,0.3697369,0.6302631
1,2,XBH,BB_HBP,0.1491729,0.13603766,0.71478945,0.0,0.0
4,4,OTHER_OUT,OTHER_OUT,0.0,0.0,0.0,0.3747491,0.6252509
0,2,SINGLE,BB_HBP,0.42399368,0.1198956,0.45611075,0.0,0.0
2,4,BB_HBP,OTHER_OUT,0.0,0.0,0.0,0.48198244,0.51801753
4,3,OTHER_OUT,SO,0.0,0.0,0.0,0.7404667,0.25953332
2,0,BB_HBP,SINGLE,0.40822887,0.37623703,0.21553409,0.0,0.0
2,0,BB_HBP,SINGLE,0.50726825,0.13833168,0.35440004,0.0,0.0
3,0,SO,SINGLE,0.4989176,0.10373551,0.39734688,0.0,0.0
4,3,OTHER_OUT,SO,0.0,0.0,0.0,0.84808695,0.15191308
4,1,OTHER_OUT,XBH,0.3858466,0.40897548,0.2051779,0.0,0.0
3,4,SO,OTHER_OUT,0.0,0.0,0.0,0.48493615,0.5150638
2,2,BB_HBP,BB_HBP,0.23636685,0.21815085,0.5454823,0.0,0.0
4,4,OTHER_OUT,OTHER_OUT,0.0,0.0,0.0,0.18622048,0.81377953
1,0,XBH,SINGLE,0.6051014,0.08418468,0.31071395,0.0,0.0
3,4,SO,OTHER_OUT,0.0,0.0,0.0,0.15521382,0.84478617
3,4,SO,OTHER_OUT,0.0,0.0,0.0,0.23180851,0.7681915
2,3,BB_HBP,SO,0.0,0.0,0.0,0.55275387,0.4472461
3,3,SO,SO,0.0,0.0,0.0,0.5499007,0.4500993
4,0,OTHER_OUT,SINGLE,0.4813447,0.2543365,0.2643188,0.0,0.0
4,4,OTHER_OUT,OTHER_OUT,0.0,0.0,0.0,0.42538983,0.5746102
3,4,SO,OTHER_OUT,0.0,0.0,0.0,0.4716563,0.5283437
0,4,SINGLE,OTHER_OUT,0.0,0.0,0.0,0.09993146,0.9000685
4,3,OTHER_OUT,SO,0.0,0.0,0.0,0.54440624,0.4555938
0,0,SINGLE,SINGLE,0.5122203,0.27085644,0.21692327,0.0,0.0
4,4,OTHER_OUT,OTHER_OUT,0.0,0.0,0.0,0.4754377,0.5245623
4,2,OTHER_OUT,BB_HBP,0.3301789,0.18350506,0.48631606,0.0,0.0
3,4,SO,OTHER_OUT,0.0,0.0,0.0,0.3891308,0.61086917
4,4,OTHER_OUT,OTHER_OUT,0.0,0.0,0.0,0.24858686,0.7514131
0,3,SINGLE,SO,0.0,0.0,0.0,0.516603,0.48339698
0,4,SINGLE,OTHER_OUT,0.0,0.0,0.0,0.25918254,0.7408175
4,4,OTHER_OUT,OTHER_OUT,0.0,0.0,0.0,0.23497888,0.76502115
4,0,OTHER_OUT,SINGLE,0.4704031,0.14439851,0.38519838,0.0,0.0
3,0,SO,SINGLE,0.5563626,0.0877465,0.35589087,0.0,0.0
3,4,SO,OTHER_OUT,0.0,0.0,0.0,0.2755925,0.7244075
3,3,SO,SO,0.0,0.0,0.0,0.67182374,0.32817623
3,3,SO,SO,0.0,0.0,0.0,0.5204882,0.47951183
4,0,OTHER_OUT,SINGLE,0.59249395,0.16579589,0.24171013,0.0,0.0
2,2,BB_HBP,BB_HBP,0.31647554,0.20908289,0.47444156,0.0,0.0
4,2,OTHER_OUT,BB_HBP,0.35382062,0.19029681,0.45588255,0.0,0.0
4,4,OTHER_OUT,OTHER_OUT,0.0,0.0,0.0,0.35877523,0.6412248
3,3,SO,SO,0.0,0.0,0.0,0.59730506,0.4026949
2,2,BB_HBP,BB_HBP,0.23416571,0.24912883,0.51670545,0.0,0.0
1,2,XBH,BB_HBP,0.2642439,0.35144284,0.38431326,0.0,0.0
3,4,SO,OTHER_OUT,0.0,0.0,0.0,0.3391581,0.66084194
4,0,OTHER_OUT,SINGLE,0.49015808,0.12586012,0.3839818,0.0,0.0
4,1,OTHER_OUT,XBH,0.34254536,0.5438811,0.11357353,0.0,0.0
4,4,OTHER_OUT,OTHER_OUT,0.0,0.0,0.0,0.30587038,0.69412965
3,4,SO,OTHER_OUT,0.0,0.0,0.0,0.43685886,0.5631411
3,4,SO,OTHER_OUT,0.0,0.0,0.0,0.36858737,0.6314126
4,1,OTHER_OUT,XBH,0.42042947,0.4535936,0.1259769,0.0,0.0
3,0,SO,SINGLE,0.46487746,0.14246118,0.39266136,0.0,0.0
3,0,SO,SINGLE,0.6972839,0.20837156,0.09434452,0.0,0.0
0,4,SINGLE,OTHER_OUT,0.0,0.0,0.0,0.252449,0.747551
4,3,OTHER_OUT,SO,0.0,0.0,0.0,0.5585371,0.44146287
3,2,SO,BB_HBP,0.24703333,0.148464,0.6045027,0.0,0.0
3,3,SO,SO,0.0,0.0,0.0,0.70880336,0.29119664
3,4,SO,OTHER_OUT,0.0,0.0,0.0,0.24002984,0.7599701
4,0,OTHER_OUT,SINGLE,0.6639943,0.13397807,0.2020276,0.0,0.0
3,4,SO,OTHER_OUT,0.0,0.0,0.0,0.18953325,0.81046677
4,4,OTHER_OUT,OTHER_OUT,0.0,0.0,0.0,0.38297778,0.6170222
4,3,OTHER_OUT,SO,0.0,0.0,0.0,0.61723393,0.38276604
2,4,BB_HBP,OTHER_OUT,0.0,0.0,0.0,0.28996843,0.71003157
3,4,SO,OTHER_OUT,0.0,0.0,0.0,0.263451,0.73654896
4,4,OTHER_OUT,OTHER_OUT,0.0,0.0,0.0,0.23900343,0.7609966
4,0,OTHER_OUT,SINGLE,0.5845455,0.1635267,0.2519278,0.0,0.0
0,4,SINGLE,OTHER_OUT,0.0,0.0,0.0,0.14610624,0.85389376
4,0,OTHER_OUT,SINGLE,0.6374927,0.16215755,0.20034975,0.0,0.0
0,4,SINGLE,OTHER_OUT,0.0,0.0,0.0,0.06934247,0.9306575
4,0,OTHER_OUT,SINGLE,0.6942991,0.16564503,0.1400559,0.0,0.0
3,4,SO,OTHER_OUT,0.0,0.0,0.0,0.19184986,0.8081501
4,4,OTHER_OUT,OTHER_OUT,0.0,0.0,0.0,0.39845976,0.60154027
0,2,SINGLE,BB_HBP,0.31346515,0.16197357,0.5245613,0.0,0.0
0,3,SINGLE,SO,0.0,0.0,0.0,0.52128005,0.47871998
0,0,SINGLE,SINGLE,0.6287095,0.18353908,0.18775144,0.0,0.0
4,3,OTHER_OUT,SO,0.0,0.0,0.0,0.5565423,0.44345772
4,4,OTHER_OUT,OTHER_OUT,0.0,0.0,0.0,0.20976476,0.7902352
0,3,SINGLE,SO,0.0,0.0,0.0,0.6189646,0.38103542
0,2,SINGLE,BB_HBP,0.24477947,0.30830213,0.4469184,0.0,0.0
4,3,OTHER_OUT,SO,0.0,0.0,0.0,0.5681212,0.43187883
3,0,SO,SINGLE,0.47753114,0.34506536,0.1774035,0.0,0.0
4,4,OTHER_OUT,OTHER_OUT,0.0,0.0,0.0,0.2538568,0.74614316
4,4,OTHER_OUT,OTHER_OUT,0.0,0.0,0.0,0.26098698,0.739013
4,0,OTHER_OUT,SINGLE,0.5078617,0.18174976,0.31038857,0.0,0.0
0,4,SINGLE,OTHER_OUT,0.0,0.0,0.0,0.23618868,0.76381135
4,4,OTHER_OUT,OTHER_OUT,0.0,0.0,0.0,0.27561012,0.7243899
4,1,OTHER_OUT,XBH,0.29819006,0.51347667,0.1883333,0.0,0.0
4,4,OTHER_OUT,OTHER_OUT,0.0,0.0,0.0,0.20258476,0.79741526
4,4,OTHER_OUT,OTHER_OUT,0.0,0.0,0.0,0.15040289,0.8495971
0,4,SINGLE,OTHER_OUT,0.0,0.0,0.0,0.23544559,0.76455444
0,0,SINGLE,SINGLE,0.41530338,0.37523553,0.2094611,0.0,0.0
3,0,SO,SINGLE,0.48670414,0.139993,0.37330288,0.0,0.0
2,4,BB_HBP,OTHER_OUT,0.0,0.0,0.0,0.48376995,0.51623005
4,4,OTHER_OUT,OTHER_OUT,0.0,0.0,0.0,0.047314577,0.9526854
3,3,SO,SO,0.0,0.0,0.0,0.58792454,0.41207546
3,3,SO,SO,0.0,0.0,0.0,0.57541716,0.42458287
4,0,OTHER_OUT,SINGLE,0.45950487,0.20499964,0.3354955,0.0,0.0
4,4,OTHER_OUT,OTHER_OUT,0.0,0.0,0.0,0.46213472,0.5378653
2,4,BB_HBP,OTHER_OUT,0.0,0.0,0.0,0.47400078,0.5259992
4,0,OTHER_OUT,SINGLE,0.5252534,0.12993853,0.34480807,0.0,0.0
4,4,OTHER_OUT,OTHER_OUT,0.0,0.0,0.0,0.16671008,0.8332899
4,4,OTHER_OUT,OTHER_OUT,0.0,0.0,0.0,0.31683388,0.6831661
4,4,OTHER_OUT,OTHER_OUT,0.0,0.0,0.0,0.32465133,0.6753487
3,4,SO,OTHER_OUT,0.0,0.0,0.0,0.15950797,0.840492
0,4,SINGLE,OTHER_OUT,0.0,0.0,0.0,0.32243916,0.67756087
4,4,OTHER_OUT,OTHER_OUT,0.0,0.0,0.0,0.1317631,0.8682369
2,0,BB_HBP,SINGLE,0.49412224,0.28661954,0.21925822,0.0,0.0
2,4,BB_HBP,OTHER_OUT,0.0,0.0,0.0,0.27386773,0.7261323
1,0,XBH,SINGLE,0.49142104,0.45273817,0.055840805,0.0,0.0
3,4,SO,OTHER_OUT,0.0,0.0,0.0,0.39141133,0.6085887
3,0,SO,SINGLE,0.39466766,0.29019386,0.3151385,0.0,0.0
0,4,SINGLE,OTHER_OUT,0.0,0.0,0.0,0.13064769,0.8693523
3,4,SO,OTHER_OUT,0.0,0.0,0.0,0.10618196,0.893818
4,4,OTHER_OUT,OTHER_OUT,0.0,0.0,0.0,0.4397044,0.5602956
4,4,OTHER_OUT,OTHER_OUT,0.0,0.0,0.0,0.3255777,0.67442226
0,0,SINGLE,SINGLE,0.4288786,0.36083317,0.21028823,0.0,0.0
4,0,OTHER_OUT,SINGLE,0.43996108,0.12895484,0.43108407,0.0,0.0
4,4,OTHER_OUT,OTHER_OUT,0.0,0.0,0.0,0.18743402,0.812566
3,4,SO,OTHER_OUT,0.0,0.0,0.0,0.29787886,0.70212114
4,4,OTHER_OUT,OTHER_OUT,0.0,0.0,0.0,0.21930434,0.7806957
3,4,SO,OTHER_OUT,0.0,0.0,0.0,0.4729766,0.5270234
4,4,OTHER_OUT,OTHER_OUT,0.0,0.0,0.0,0.28483775,0.7151622
3,4,SO,OTHER_OUT,0.0,0.0,0.0,0.4221269,0.5778731
3,0,SO,SINGLE,0.5986493,0.12058778,0.2807629,0.0,0.0
4,0,OTHER_OUT,SINGLE,0.46162784,0.20216541,0.33620673,0.0,0.0
4,0,OTHER_OUT,SINGLE,0.66359764,0.21527858,0.1211238,0.0,0.0
3,1,SO,XBH,0.30613917,0.5047822,0.18907863,0.0,0.0
4,3,OTHER_OUT,SO,0.0,0.0,0.0,0.5274248,0.4725752
4,0,OTHER_OUT,SINGLE,0.4697041,0.40547976,0.12481616,0.0,0.0
0,4,SINGLE,OTHER_OUT,0.0,0.0,0.0,0.3929954,0.60700464
4,3,OTHER_OUT,SO,0.0,0.0,0.0,0.6873987,0.3126013
4,1,OTHER_OUT,XBH,0.35281378,0.45923904,0.18794718,0.0,0.0
3,4,SO,OTHER_OUT,0.0,0.0,0.0,0.41748354,0.5825165
3,0,SO,SINGLE,0.41554075,0.2981841,0.28627512,0.0,0.0
0,4,SINGLE,OTHER_OUT,0.0,0.0,0.0,0.0726392,0.9273608
4,4,OTHER_OUT,OTHER_OUT,0.0,0.0,0.0,0.29627472,0.7037253
1,4,XBH,OTHER_OUT,0.0,0.0,0.0,0.1707781,0.8292219
4,3,OTHER_OUT,SO,0.0,0.0,0.0,0.65782905,0.34217095
4,4,OTHER_OUT,OTHER_OUT,0.0,0.0,0.0,0.36343503,0.63656497
3,0,SO,SINGLE,0.4210472,0.24987815,0.32907465,0.0,0.0
3,3,SO,SO,0.0,0.0,0.0,0.8494078,0.15059222
4,4,OTHER_OUT,OTHER_OUT,0.0,0.0,0.0,0.41856292,0.5814371
4,4,OTHER_OUT,OTHER_OUT,0.0,0.0,0.0,0.20613205,0.79386795
3,3,SO,SO,0.0,0.0,0.0,0.7652987,0.23470126
3,4,SO,OTHER_OUT,0.0,0.0,0.0,0.13886759,0.86113244
4,0,OTHER_OUT,SINGLE,0.5328921,0.23910078,0.22800711,0.0,0.0
1,2,XBH,BB_HBP,0.14790003,0.39060557,0.4614944,0.0,0.0
4,4,OTHER_OUT,OTHER_OUT,0.0,0.0,0.0,0.30560145,0.6943985
4,3,OTHER_OUT,SO,0.0,0.0,0.0,0.51955265,0.48044735
4,4,OTHER_OUT,OTHER_OUT,0.0,0.0,0.0,0.24306948,0.75693053
4,4,OTHER_OUT,OTHER_OUT,0.0,0.0,0.0,0.18506546,0.81493455
4,1,OTHER_OUT,XBH,0.2946644,0.40932098,0.2960146,0.0,0.0
4,0,OTHER_OUT,SINGLE,0.36773232,0.31415924,0.31810844,0.0,0.0
4,0,OTHER_OUT,SINGLE,0.5658201,0.13668078,0.29749915,0.0,0.0
0,0,SINGLE,SINGLE,0.49198216,0.3841046,0.12391323,0.0,0.0
4,4,OTHER_OUT,OTHER_OUT,0.0,0.0,0.0,0.113342255,0.8866577
4,4,OTHER_OUT,OTHER_OUT,0.0,0.0,0.0,0.1575439,0.8424561
3,0,SO,SINGLE,0.5956517,0.14738171,0.25696662,0.0,0.0
0,3,SINGLE,SO,0.0,0.0,0.0,0.7472645,0.2527355
4,3,OTHER_OUT,SO,0.0,0.0,0.0,0.5911515,0.4088485
0,0,SINGLE,SINGLE,0.54097974,0.2530283,0.20599192,0.0,0.0
4,2,OTHER_OUT,BB_HBP,0.36827976,0.2620699,0.36965033,0.0,0.0
4,1,OTHER_OUT,XBH,0.2642372,0.43031362,0.30544922,0.0,0.0
4,3,OTHER_OUT,SO,0.0,0.0,0.0,0.51151055,0.48848948
4,4,OTHER_OUT,OTHER_OUT,0.0,0.0,0.0,0.122862495,0.8771375
4,1,OTHER_OUT,XBH,0.23203906,0.49483865,0.27312228,0.0,0.0
4,4,OTHER_OUT,OTHER_OUT,0.0,0.0,0.0,0.26987246,0.7301275
2,4,BB_HBP,OTHER_OUT,0.0,0.0,0.0,0.47106674,0.5289332
4,1,OTHER_OUT,XBH,0.3417468,0.43140963,0.22684357,0.0,0.0
4,4,OTHER_OUT,OTHER_OUT,0.0,0.0,0.0,0.36912823,0.6308718
4,4,OTHER_OUT,OTHER_OUT,0.0,0.0,0.0,0.28873444,0.71126556
4,3,OTHER_OUT,SO,0.0,0.0,0.0,0.51800764,0.4819924
4,4,OTHER_OUT,OTHER_OUT,0.0,0.0,0.0,0.2486718,0.7513282
4,1,OTHER_OUT,XBH,0.22081268,0.5481811,0.2310062,0.0,0.0
4,2,OTHER_OUT,BB_HBP,0.3783071,0.2401278,0.3815651,0.0,0.0
4,4,OTHER_OUT,OTHER_OUT,0.0,0.0,0.0,0.3373823,0.6626177
4,4,OTHER_OUT,OTHER_OUT,0.0,0.0,0.0,0.2001583,0.7998417
4,4,OTHER_OUT,OTHER_OUT,0.0,0.0,0.0,0.16788484,0.8321152
3,3,SO,SO,0.0,0.0,0.0,0.57881296,0.42118707
0,3,SINGLE,SO,0.0,0.0,0.0,0.6180277,0.38197234
2,1,BB_HBP,XBH,0.20238219,0.40691978,0.39069805,0.0,0.0
0,4,SINGLE,OTHER_OUT,0.0,0.0,0.0,0.15719992,0.8428001
4,0,OTHER_OUT,SINGLE,0.61970234,0.22599527,0.15430236,0.0,0.0
4,4,OTHER_OUT,OTHER_OUT,0.0,0.0,0.0,0.14086373,0.8591363
0,1,SINGLE,XBH,0.3672092,0.43052843,0.20226236,0.0,0.0
4,4,OTHER_OUT,OTHER_OUT,0.0,0.0,0.0,0.3071177,0.6928823
3,3,SO,SO,0.0,0.0,0.0,0.7872952,0.21270478
4,4,OTHER_OUT,OTHER_OUT,0.0,0.0,0.0,0.16741079,0.8325892
3,4,SO,OTHER_OUT,0.0,0.0,0.0,0.46197423,0.5380258
4,4,OTHER_OUT,OTHER_OUT,0.0,0.0,0.0,0.4297009,0.5702991
4,4,OTHER_OUT,OTHER_OUT,0.0,0.0,0.0,0.2972005,0.7027995
1,2,XBH,BB_HBP,0.31157026,0.08519479,0.60323495,0.0,0.0
3,4,SO,OTHER_OUT,0.0,0.0,0.0,0.29334012,0.70665985
0,0,SINGLE,SINGLE,0.6741742,0.07967835,0.24614745,0.0,0.0
4,4,OTHER_OUT,OTHER_OUT,0.0,0.0,0.0,0.47449926,0.5255008
4,4,OTHER_OUT,OTHER_OUT,0.0,0.0,0.0,0.41768607,0.58231395
1,4,XBH,OTHER_OUT,0.0,0.0,0.0,0.1416239,0.8583761
3,3,SO,SO,0.0,0.0,0.0,0.5429794,0.45702058
4,3,OTHER_OUT,SO,0.0,0.0,0.0,0.7175196,0.28248045
4,3,OTHER_OUT,SO,0.0,0.0,0.0,0.7108137,0.28918627
4,0,OTHER_OUT,SINGLE,0.5519357,0.1917313,0.256333,0.0,0.0
4,4,OTHER_OUT,OTHER_OUT,0.0,0.0,0.0,0.127776,0.87222403
4,4,OTHER_OUT,OTHER_OUT,0.0,0.0,0.0,0.10328078,0.8967192
4,4,OTHER_OUT,OTHER_OUT,0.0,0.0,0.0,0.17701408,0.8229859
4,2,OTHER_OUT,BB_HBP,0.32928014,0.31216556,0.3585543,0.0,0.0
0,4,SINGLE,OTHER_OUT,0.0,0.0,0.0,0.32493922,0.6750608
2,4,BB_HBP,OTHER_OUT,0.0,0.0,0.0,0.15752001,0.84248
4,4,OTHER_OUT,OTHER_OUT,0.0,0.0,0.0,0.3081988,0.6918012
4,4,OTHER_OUT,OTHER_OUT,0.0,0.0,0.0,0.33592412,0.66407585
3,3,SO,SO,0.0,0.0,0.0,0.7213903,0.27860966
4,4,OTHER_OUT,OTHER_OUT,0.0,0.0,0.0,0.22840393,0.7715961
3,3,SO,SO,0.0,0.0,0.0,0.74038494,0.25961506
4,4,OTHER_OUT,OTHER_OUT,0.0,0.0,0.0,0.26557785,0.73442215
4,4,OTHER_OUT,OTHER_OUT,0.0,0.0,0.0,0.40919077,0.5908092
2,4,BB_HBP,OTHER_OUT,0.0,0.0,0.0,0.18653302,0.81346697
0,4,SINGLE,OTHER_OUT,0.0,0.0,0.0,0.2761076,0.7238924
4,0,OTHER_OUT,SINGLE,0.53397715,0.15258731,0.3134355,0.0,0.0
3,4,SO,OTHER_OUT,0.0,0.0,0.0,0.18563512,0.8143649
0,2,SINGLE,BB_HBP,0.33143124,0.32635814,0.34221062,0.0,0.0
2,4,BB_HBP,OTHER_OUT,0.0,0.0,0.0,0.34160203,0.658398
4,1,OTHER_OUT,XBH,0.18880531,0.4431843,0.3680104,0.0,0.0
2,3,BB_HBP,SO,0.0,0.0,0.0,0.50877076,0.49122924
3,4,SO,OTHER_OUT,0.0,0.0,0.0,0.2137729,0.7862271
3,3,SO,SO,0.0,0.0,0.0,0.6142737,0.3857263
4,4,OTHER_OUT,OTHER_OUT,0.0,0.0,0.0,0.39903858,0.60096145
3,3,SO,SO,0.0,0.0,0.0,0.52536994,0.47463006
3,2,SO,BB_HBP,0.25719935,0.20253175,0.5402689,0.0,0.0
0,2,SINGLE,BB_HBP,0.14574647,0.33037323,0.5238803,0.0,0.0
4,2,OTHER_OUT,BB_HBP,0.14013743,0.34307966,0.5167829,0.0,0.0
1,4,XBH,OTHER_OUT,0.0,0.0,0.0,0.42687976,0.57312024
4,0,OTHER_OUT,SINGLE,0.48557472,0.36087075,0.15355451,0.0,0.0
2,3,BB_HBP,SO,0.0,0.0,0.0,0.5876429,0.41235706
0,3,SINGLE,SO,0.0,0.0,0.0,0.6350134,0.36498663
4,4,OTHER_OUT,OTHER_OUT,0.0,0.0,0.0,0.29810375,0.70189625
4,4,OTHER_OUT,OTHER_OUT,0.0,0.0,0.0,0.30278492,0.6972151
3,4,SO,OTHER_OUT,0.0,0.0,0.0,0.36679462,0.63320535
4,2,OTHER_OUT,BB_HBP,0.3063625,0.19941095,0.49422655,0.0,0.0
3,4,SO,OTHER_OUT,0.0,0.0,0.0,0.28165483,0.71834517
3,4,SO,OTHER_OUT,0.0,0.0,0.0,0.35385504,0.646145
4,4,OTHER_OUT,OTHER_OUT,0.0,0.0,0.0,0.3235484,0.67645156
4,3,OTHER_OUT,SO,0.0,0.0,0.0,0.605886,0.39411405
0,4,SINGLE,OTHER_OUT,0.0,0.0,0.0,0.47522864,0.5247714
0,4,SINGLE,OTHER_OUT,0.0,0.0,0.0,0.0839752,0.9160248
3,4,SO,OTHER_OUT,0.0,0.0,0.0,0.16045028,0.8395497
4,4,OTHER_OUT,OTHER_OUT,0.0,0.0,0.0,0.23340319,0.7665968
4,4,OTHER_OUT,OTHER_OUT,0.0,0.0,0.0,0.41656315,0.58343685
3,3,SO,SO,0.0,0.0,0.0,0.5108091,0.48919088
4,4,OTHER_OUT,OTHER_OUT,0.0,0.0,0.0,0.38177314,0.6182268
3,3,SO,SO,0.0,0.0,0.0,0.7074687,0.2925313
1,3,XBH,SO,0.0,0.0,0.0,0.720355,0.27964503
3,3,SO,SO,0.0,0.0,0.0,0.6406326,0.35936737
4,2,OTHER_OUT,BB_HBP,0.20913646,0.35663044,0.4342331,0.0,0.0
4,2,OTHER_OUT,BB_HBP,0.23327273,0.12624407,0.6404832,0.0,0.0
4,4,OTHER_OUT,OTHER_OUT,0.0,0.0,0.0,0.41364768,0.58635235
3,4,SO,OTHER_OUT,0.0,0.0,0.0,0.33866802,0.661332
0,4,SINGLE,OTHER_OUT,0.0,0.0,0.0,0.29049182,0.7095082
0,2,SINGLE,BB_HBP,0.3123414,0.058565453,0.62909317,0.0,0.0
4,4,OTHER_OUT,OTHER_OUT,0.0,0.0,0.0,0.21485688,0.78514314
4,0,OTHER_OUT,SINGLE,0.5827836,0.07625389,0.34096256,0.0,0.0
4,4,OTHER_OUT,OTHER_OUT,0.0,0.0,0.0,0.3912811,0.60871893
4,4,OTHER_OUT,OTHER_OUT,0.0,0.0,0.0,0.3677429,0.6322571
2,3,BB_HBP,SO,0.0,0.0,0.0,0.6969845,0.30301547
3,4,SO,OTHER_OUT,0.0,0.0,0.0,0.4608299,0.5391701
0,3,SINGLE,SO,0.0,0.0,0.0,0.5382387,0.46176133
0,4,SINGLE,OTHER_OUT,0.0,0.0,0.0,0.14577225,0.8542277
3,0,SO,SINGLE,0.4169894,0.32509327,0.25791734,0.0,0.0
0,0,SINGLE,SINGLE,0.5299498,0.067741156,0.40230906,0.0,0.0
2,4,BB_HBP,OTHER_OUT,0.0,0.0,0.0,0.33392003,0.66607994
3,3,SO,SO,0.0,0.0,0.0,0.5542014,0.44579858
3,4,SO,OTHER_OUT,0.0,0.0,0.0,0.11683815,0.88316184
3,3,SO,SO,0.0,0.0,0.0,0.6056819,0.39431813
4,4,OTHER_OUT,OTHER_OUT,0.0,0.0,0.0,0.43059126,0.5694088
0,0,SINGLE,SINGLE,0.61406434,0.21139595,0.17453972,0.0,0.0
4,3,OTHER_OUT,SO,0.0,0.0,0.0,0.5654919,0.4345081
3,4,SO,OTHER_OUT,0.0,0.0,0.0,0.36207566,0.6379244
4,3,OTHER_OUT,SO,0.0,0.0,0.0,0.5623759,0.4376241
4,4,OTHER_OUT,OTHER_OUT,0.0,0.0,0.0,0.14098205,0.85901797
0,4,SINGLE,OTHER_OUT,0.0,0.0,0.0,0.20262055,0.79737943
4,4,OTHER_OUT,OTHER_OUT,0.0,0.0,0.0,0.48002905,0.51997095
0,3,SINGLE,SO,0.0,0.0,0.0,0.5246287,0.4753713
4,4,OTHER_OUT,OTHER_OUT,0.0,0.0,0.0,0.20178568,0.7982143
4,4,OTHER_OUT,OTHER_OUT,0.0,0.0,0.0,0.07279853,0.92720145
4,4,OTHER_OUT,OTHER_OUT,0.0,0.0,0.0,0.1994259,0.80057406
3,4,SO,OTHER_OUT,0.0,0.0,0.0,0.16622846,0.8337715
4,4,OTHER_OUT,OTHER_OUT,0.0,0.0,0.0,0.1470718,0.8529282
2,0,BB_HBP,SINGLE,0.47491714,0.055655036,0.46942782,0.0,0.0
4,0,OTHER_OUT,SINGLE,0.63611275,0.09406351,0.26982373,0.0,0.0
4,4,OTHER_OUT,OTHER_OUT,0.0,0.0,0.0,0.17109767,0.8289023
3,4,SO,OTHER_OUT,0.0,0.0,0.0,0.16635871,0.8336413
0,4,SINGLE,OTHER_OUT,0.0,0.0,0.0,0.35480142,0.6451986
3,0,SO,SINGLE,0.60466945,0.24202366,0.15330692,0.0,0.0
4,3,OTHER_OUT,SO,0.0,0.0,0.0,0.5368665,0.46313348
0,4,SINGLE,OTHER_OUT,0.0,0.0,0.0,0.46533632,0.5346637
4,4,OTHER_OUT,OTHER_OUT,0.0,0.0,0.0,0.35426122,0.6457388
1,0,XBH,SINGLE,0.60322464,0.17470673,0.22206865,0.0,0.0
0,4,SINGLE,OTHER_OUT,0.0,0.0,0.0,0.0928014,0.9071986
3,4,SO,OTHER_OUT,0.0,0.0,0.0,0.20271225,0.79728776
4,0,OTHER_OUT,SINGLE,0.492732,0.2777594,0.22950861,0.0,0.0
0,4,SINGLE,OTHER_OUT,0.0,0.0,0.0,0.2815254,0.71847457
3,2,SO,BB_HBP,0.3641442,0.1404012,0.49545458,0.0,0.0
4,4,OTHER_OUT,OTHER_OUT,0.0,0.0,0.0,0.406008,0.593992
4,4,OTHER_OUT,OTHER_OUT,0.0,0.0,0.0,0.23881814,0.7611819
0,4,SINGLE,OTHER_OUT,0.0,0.0,0.0,0.2947837,0.7052163
4,0,OTHER_OUT,SINGLE,0.3715775,0.2636637,0.3647588,0.0,0.0
4,4,OTHER_OUT,OTHER_OUT,0.0,0.0,0.0,0.08958906,0.91041094
4,0,OTHER_OUT,SINGLE,0.40137294,0.36784536,0.2307817,0.0,0.0
0,4,SINGLE,OTHER_OUT,0.0,0.0,0.0,0.23120813,0.76879185
4,3,OTHER_OUT,SO,0.0,0.0,0.0,0.5281895,0.47181052
4,4,OTHER_OUT,OTHER_OUT,0.0,0.0,0.0,0.20112327,0.79887676
3,0,SO,SINGLE,0.40229535,0.3323835,0.26532114,0.0,0.0
3,0,SO,SINGLE,0.42828056,0.27639505,0.29532436,0.0,0.0
4,4,OTHER_OUT,OTHER_OUT,0.0,0.0,0.0,0.42296687,0.57703316
4,4,OTHER_OUT,OTHER_OUT,0.0,0.0,0.0,0.43409678,0.56590325
4,3,OTHER_OUT,SO,0.0,0.0,0.0,0.55000746,0.44999254
4,0,OTHER_OUT,SINGLE,0.4416333,0.2874982,0.27086848,0.0,0.0
4,1,OTHER_OUT,XBH,0.2659705,0.3873464,0.3466831,0.0,0.0
0,2,SINGLE,BB_HBP,0.324874,0.2213045,0.45382148,0.0,0.0
0,4,SINGLE,OTHER_OUT,0.0,0.0,0.0,0.36797577,0.6320242
0,1,SINGLE,XBH,0.27158597,0.3943286,0.33408543,0.0,0.0
4,0,OTHER_OUT,SINGLE,0.41293436,0.25187075,0.3351949,0.0,0.0
3,0,SO,SINGLE,0.4698422,0.19486722,0.33529058,0.0,0.0
4,3,OTHER_OUT,SO,0.0,0.0,0.0,0.56329006,0.43670997
4,4,OTHER_OUT,OTHER_OUT,0.0,0.0,0.0,0.35713443,0.64286554
0,4,SINGLE,OTHER_OUT,0.0,0.0,0.0,0.26153544,0.73846453
4,0,OTHER_OUT,SINGLE,0.4588423,0.24399601,0.29716167,0.0,0.0
4,3,OTHER_OUT,SO,0.0,0.0,0.0,0.6759352,0.32406476
4,4,OTHER_OUT,OTHER_OUT,0.0,0.0,0.0,0.35823575,0.6417643
2,0,BB_HBP,SINGLE,0.63098633,0.16891776,0.20009588,0.0,0.0
4,4,OTHER_OUT,OTHER_OUT,0.0,0.0,0.0,0.44823948,0.55176055
2,0,BB_HBP,SINGLE,0.64120525,0.122055,0.23673974,0.0,0.0
4,4,OTHER_OUT,OTHER_OUT,0.0,0.0,0.0,0.34510437,0.65489566
2,0,BB_HBP,SINGLE,0.5408444,0.2504819,0.20867373,0.0,0.0
4,0,OTHER_OUT,SINGLE,0.45153326,0.17113532,0.37733144,0.0,0.0
0,2,SINGLE,BB_HBP,0.35736713,0.21402547,0.4286074,0.0,0.0
0,4,SINGLE,OTHER_OUT,0.0,0.0,0.0,0.45870614,0.54129386
4,4,OTHER_OUT,OTHER_OUT,0.0,0.0,0.0,0.38276207,0.6172379
4,0,OTHER_OUT,SINGLE,0.5508167,0.21895412,0.23022915,0.0,0.0
4,0,OTHER_OUT,SINGLE,0.7531224,0.07565063,0.17122696,0.0,0.0
0,0,SINGLE,SINGLE,0.6136681,0.29202893,0.09430301,0.0,0.0
0,0,SINGLE,SINGLE,0.77163994,0.13142005,0.09693999,0.0,0.0
4,0,OTHER_OUT,SINGLE,0.6405424,0.12457153,0.23488605,0.0,0.0
0,4,SINGLE,OTHER_OUT,0.0,0.0,0.0,0.15672058,0.8432794
3,3,SO,SO,0.0,0.0,0.0,0.71305585,0.28694415
4,4,OTHER_OUT,OTHER_OUT,0.0,0.0,0.0,0.4480126,0.5519874
2,3,BB_HBP,SO,0.0,0.0,0.0,0.53576475,0.46423525
1,0,XBH,SINGLE,0.65784705,0.17456222,0.16759077,0.0,0.0
3,0,SO,SINGLE,0.7791416,0.090411484,0.1304469,0.0,0.0
3,0,SO,SINGLE,0.5780356,0.24387604,0.17808838,0.0,0.0
2,4,BB_HBP,OTHER_OUT,0.0,0.0,0.0,0.4961001,0.50389993
4,4,OTHER_OUT,OTHER_OUT,0.0,0.0,0.0,0.40907052,0.59092945
0,0,SINGLE,SINGLE,0.65931034,0.13182636,0.20886332,0.0,0.0
4,0,OTHER_OUT,SINGLE,0.71681243,0.13014305,0.15304455,0.0,0.0
4,0,OTHER_OUT,SINGLE,0.4467975,0.24424267,0.30895984,0.0,0.0
1,4,XBH,OTHER_OUT,0.0,0.0,0.0,0.25414392,0.74585605
4,4,OTHER_OUT,OTHER_OUT,0.0,0.0,0.0,0.38508052,0.6149195
1,3,XBH,SO,0.0,0.0,0.0,0.70046073,0.29953927
3,3,SO,SO,0.0,0.0,0.0,0.5361988,0.4638012
0,3,SINGLE,SO,0.0,0.0,0.0,0.5232936,0.47670636
3,3,SO,SO,0.0,0.0,0.0,0.75429004,0.24570999
4,0,OTHER_OUT,SINGLE,0.4522712,0.10100209,0.4467267,0.0,0.0
4,4,OTHER_OUT,OTHER_OUT,0.0,0.0,0.0,0.1907236,0.8092764
2,0,BB_HBP,SINGLE,0.509857,0.26893073,0.22121227,0.0,0.0
3,4,SO,OTHER_OUT,0.0,0.0,0.0,0.2650878,0.7349122
4,4,OTHER_OUT,OTHER_OUT,0.0,0.0,0.0,0.33187482,0.6681252
2,2,BB_HBP,BB_HBP,0.37081817,0.22224993,0.4069319,0.0,0.0
0,2,SINGLE,BB_HBP,0.22437072,0.19412771,0.58150154,0.0,0.0
4,4,OTHER_OUT,OTHER_OUT,0.0,0.0,0.0,0.44525012,0.55474985
4,0,OTHER_OUT,SINGLE,0.58519274,0.18480271,0.23000455,0.0,0.0
3,4,SO,OTHER_OUT,0.0,0.0,0.0,0.26456985,0.7354301
4,4,OTHER_OUT,OTHER_OUT,0.0,0.0,0.0,0.4919732,0.50802684
1,4,XBH,OTHER_OUT,0.0,0.0,0.0,0.302242,0.69775796
4,1,OTHER_OUT,XBH,0.17868465,0.55617464,0.26514068,0.0,0.0
3,4,SO,OTHER_OUT,0.0,0.0,0.0,0.37739387,0.62260616
4,4,OTHER_OUT,OTHER_OUT,0.0,0.0,0.0,0.22636773,0.7736323
0,4,SINGLE,OTHER_OUT,0.0,0.0,0.0,0.315391,0.684609
4,4,OTHER_OUT,OTHER_OUT,0.0,0.0,0.0,0.18690036,0.8130996
4,4,OTHER_OUT,OTHER_OUT,0.0,0.0,0.0,0.34640574,0.65359426
0,4,SINGLE,OTHER_OUT,0.0,0.0,0.0,0.47926742,0.5207326
2,0,BB_HBP,SINGLE,0.5501217,0.20414546,0.2457328,0.0,0.0
4,4,OTHER_OUT,OTHER_OUT,0.0,0.0,0.0,0.17680214,0.82319784
4,4,OTHER_OUT,OTHER_OUT,0.0,0.0,0.0,0.3068884,0.6931116
0,4,SINGLE,OTHER_OUT,0.0,0.0,0.0,0.4533213,0.5466787
0,4,SINGLE,OTHER_OUT,0.0,0.0,0.0,0.19473425,0.8052658
2,2,BB_HBP,BB_HBP,0.29407212,0.123326354,0.58260155,0.0,0.0
4,3,OTHER_OUT,SO,0.0,0.0,0.0,0.6536347,0.34636524
2,4,BB_HBP,OTHER_OUT,0.0,0.0,0.0,0.41450155,0.58549845
4,4,OTHER_OUT,OTHER_OUT,0.0,0.0,0.0,0.32401145,0.67598855
4,4,OTHER_OUT,OTHER_OUT,0.0,0.0,0.0,0.42753443,0.57246554
3,4,SO,OTHER_OUT,0.0,0.0,0.0,0.45653212,0.5434679
4,2,OTHER_OUT,BB_HBP,0.23028162,0.16153269,0.6081857,0.0,0.0
3,4,SO,OTHER_OUT,0.0,0.0,0.0,0.4677952,0.5322048
3,4,SO,OTHER_OUT,0.0,0.0,0.0,0.3370351,0.6629649
4,0,OTHER_OUT,SINGLE,0.4734528,0.25225785,0.27428934,0.0,0.0
4,4,OTHER_OUT,OTHER_OUT,0.0,0.0,0.0,0.16754185,0.83245814
2,3,BB_HBP,SO,0.0,0.0,0.0,0.6072937,0.39270627
4,2,OTHER_OUT,BB_HBP,0.33133307,0.32562688,0.34304005,0.0,0.0
4,4,OTHER_OUT,OTHER_OUT,0.0,0.0,0.0,0.3448836,0.6551164
3,4,SO,OTHER_OUT,0.0,0.0,0.0,0.3197033,0.68029666
4,4,OTHER_OUT,OTHER_OUT,0.0,0.0,0.0,0.20069161,0.7993084
0,4,SINGLE,OTHER_OUT,0.0,0.0,0.0,0.3390213,0.6609787
4,4,OTHER_OUT,OTHER_OUT,0.0,0.0,0.0,0.44901624,0.5509838
0,4,SINGLE,OTHER_OUT,0.0,0.0,0.0,0.447056,0.552944
4,3,OTHER_OUT,SO,0.0,0.0,0.0,0.5428744,0.4571256
4,4,OTHER_OUT,OTHER_OUT,0.0,0.0,0.0,0.3706212,0.6293788
3,2,SO,BB_HBP,0.33107218,0.22993709,0.4389907,0.0,0.0
4,4,OTHER_OUT,OTHER_OUT,0.0,0.0,0.0,0.30758402,0.69241595
4,4,OTHER_OUT,OTHER_OUT,0.0,0.0,0.0,0.16581511,0.8341849
4,4,OTHER_OUT,OTHER_OUT,0.0,0.0,0.0,0.13758719,0.8624128
4,0,OTHER_OUT,SINGLE,0.50720423,0.050111335,0.4426844,0.0,0.0
4,4,OTHER_OUT,OTHER_OUT,0.0,0.0,0.0,0.39745468,0.6025453
1,4,XBH,OTHER_OUT,0.0,0.0,0.0,0.32627073,0.6737293
1,4,XBH,OTHER_OUT,0.0,0.0,0.0,0.2383985,0.7616015
3,0,SO,SINGLE,0.453555,0.26688945,0.27955556,0.0,0.0
4,0,OTHER_OUT,SINGLE,0.5346137,0.22000718,0.24537906,0.0,0.0
0,0,SINGLE,SINGLE,0.5258311,0.20366018,0.2705087,0.0,0.0
3,0,SO,SINGLE,0.50744694,0.16867082,0.32388225,0.0,0.0
1,2,XBH,BB_HBP,0.18845013,0.3015785,0.5099714,0.0,0.0
4,0,OTHER_OUT,SINGLE,0.38077465,0.3005517,0.31867364,0.0,0.0
4,4,OTHER_OUT,OTHER_OUT,0.0,0.0,0.0,0.30755103,0.692449
4,4,OTHER_OUT,OTHER_OUT,0.0,0.0,0.0,0.1693214,0.8306786
4,4,OTHER_OUT,OTHER_OUT,0.0,0.0,0.0,0.14960875,0.85039127
4,0,OTHER_OUT,SINGLE,0.67804444,0.24865785,0.073297724,0.0,0.0
2,4,BB_HBP,OTHER_OUT,0.0,0.0,0.0,0.102229096,0.8977709
0,4,SINGLE,OTHER_OUT,0.0,0.0,0.0,0.14863686,0.8513631
4,2,OTHER_OUT,BB_HBP,0.22732612,0.28325748,0.4894164,0.0,0.0
0,0,SINGLE,SINGLE,0.49036896,0.098531574,0.41109946,0.0,0.0
3,4,SO,OTHER_OUT,0.0,0.0,0.0,0.43004698,0.569953
4,3,OTHER_OUT,SO,0.0,0.0,0.0,0.5314683,0.46853176
4,4,OTHER_OUT,OTHER_OUT,0.0,0.0,0.0,0.4738847,0.5261153
3,0,SO,SINGLE,0.5118871,0.35678333,0.13132963,0.0,0.0
4,4,OTHER_OUT,OTHER_OUT,0.0,0.0,0.0,0.21138565,0.78861433
3,3,SO,SO,0.0,0.0,0.0,0.8249275,0.17507249
4,4,OTHER_OUT,OTHER_OUT,0.0,0.0,0.0,0.23782453,0.7621755
4,0,OTHER_OUT,SINGLE,0.45203853,0.20744587,0.34051558,0.0,0.0
3,3,SO,SO,0.0,0.0,0.0,0.8099215,0.1900785
1,3,XBH,SO,0.0,0.0,0.0,0.61240435,0.38759568
4,0,OTHER_OUT,SINGLE,0.5317285,0.0829196,0.38535187,0.0,0.0
3,3,SO,SO,0.0,0.0,0.0,0.5759916,0.42400846
4,3,OTHER_OUT,SO,0.0,0.0,0.0,0.58821905,0.41178095
4,4,OTHER_OUT,OTHER_OUT,0.0,0.0,0.0,0.1357445,0.8642555
3,3,SO,SO,0.0,0.0,0.0,0.56977683,0.43022317
4,4,OTHER_OUT,OTHER_OUT,0.0,0.0,0.0,0.22846685,0.77153313
3,2,SO,BB_HBP,0.19820072,0.11111009,0.6906892,0.0,0.0
2,4,BB_HBP,OTHER_OUT,0.0,0.0,0.0,0.24330135,0.75669867
1,1,XBH,XBH,0.23972428,0.4778368,0.28243896,0.0,0.0
0,4,SINGLE,OTHER_OUT,0.0,0.0,0.0,0.37974343,0.62025654
2,4,BB_HBP,OTHER_OUT,0.0,0.0,0.0,0.33395356,0.66604644
3,0,SO,SINGLE,0.53961617,0.1901884,0.27019542,0.0,0.0
4,0,OTHER_OUT,SINGLE,0.5032752,0.2977692,0.1989556,0.0,0.0
4,4,OTHER_OUT,OTHER_OUT,0.0,0.0,0.0,0.4341321,0.5658679
3,4,SO,OTHER_OUT,0.0,0.0,0.0,0.39449292,0.6055071
4,4,OTHER_OUT,OTHER_OUT,0.0,0.0,0.0,0.37344658,0.6265534
4,4,OTHER_OUT,OTHER_OUT,0.0,0.0,0.0,0.20877613,0.7912239
4,4,OTHER_OUT,OTHER_OUT,0.0,0.0,0.0,0.33277807,0.6672219
3,4,SO,OTHER_OUT,0.0,0.0,0.0,0.23822376,0.7617762
3,1,SO,XBH,0.18107443,0.5317376,0.28718793,0.0,0.0
4,4,OTHER_OUT,OTHER_OUT,0.0,0.0,0.0,0.24073254,0.75926745
4,2,OTHER_OUT,BB_HBP,0.2520255,0.19904892,0.5489256,0.0,0.0
4,2,OTHER_OUT,BB_HBP,0.3156735,0.2340803,0.45024619,0.0,0.0
3,4,SO,OTHER_OUT,0.0,0.0,0.0,0.4086729,0.5913271
3,3,SO,SO,0.0,0.0,0.0,0.55498207,0.44501796
4,4,OTHER_OUT,OTHER_OUT,0.0,0.0,0.0,0.17767316,0.82232684
0,4,SINGLE,OTHER_OUT,0.0,0.0,0.0,0.15747836,0.84252167
4,4,OTHER_OUT,OTHER_OUT,0.0,0.0,0.0,0.077115424,0.9228846
0,0,SINGLE,SINGLE,0.48678434,0.16910107,0.3441146,0.0,0.0
2,2,BB_HBP,BB_HBP,0.2842272,0.18616623,0.5296066,0.0,0.0
3,4,SO,OTHER_OUT,0.0,0.0,0.0,0.21959597,0.78040403
4,0,OTHER_OUT,SINGLE,0.5688486,0.08130625,0.3498451,0.0,0.0
4,0,OTHER_OUT,SINGLE,0.53594244,0.26670504,0.19735254,0.0,0.0
4,4,OTHER_OUT,OTHER_OUT,0.0,0.0,0.0,0.25739458,0.74260545
4,4,OTHER_OUT,OTHER_OUT,0.0,0.0,0.0,0.46959367,0.5304063
4,2,OTHER_OUT,BB_HBP,0.3984935,0.114351176,0.48715532,0.0,0.0
1,4,XBH,OTHER_OUT,0.0,0.0,0.0,0.3837344,0.6162656
2,4,BB_HBP,OTHER_OUT,0.0,0.0,0.0,0.41082734,0.58917266
4,0,OTHER_OUT,SINGLE,0.5401173,0.21916522,0.24071747,0.0,0.0
1,3,XBH,SO,0.0,0.0,0.0,0.5464327,0.4535673
3,4,SO,OTHER_OUT,0.0,0.0,0.0,0.35603788,0.6439621
4,4,OTHER_OUT,OTHER_OUT,0.0,0.0,0.0,0.46260184,0.53739816
0,2,SINGLE,BB_HBP,0.40291917,0.16499501,0.4320858,0.0,0.0
4,3,OTHER_OUT,SO,0.0,0.0,0.0,0.5303387,0.4696613
0,0,SINGLE,SINGLE,0.5921723,0.047916558,0.35991114,0.0,0.0
4,4,OTHER_OUT,OTHER_OUT,0.0,0.0,0.0,0.34415188,0.6558481
2,0,BB_HBP,SINGLE,0.4900556,0.20540221,0.30454218,0.0,0.0
4,3,OTHER_OUT,SO,0.0,0.0,0.0,0.5972305,0.40276954
3,4,SO,OTHER_OUT,0.0,0.0,0.0,0.2879423,0.7120577
0,4,SINGLE,OTHER_OUT,0.0,0.0,0.0,0.4177752,0.5822248
4,0,OTHER_OUT,SINGLE,0.5615951,0.17367527,0.26472968,0.0,0.0
4,4,OTHER_OUT,OTHER_OUT,0.0,0.0,0.0,0.26543567,0.7345643
2,4,BB_HBP,OTHER_OUT,0.0,0.0,0.0,0.10999147,0.8900085
4,4,OTHER_OUT,OTHER_OUT,0.0,0.0,0.0,0.09930098,0.900699
0,4,SINGLE,OTHER_OUT,0.0,0.0,0.0,0.3113583,0.68864167
0,0,SINGLE,SINGLE,0.57369083,0.26876923,0.15753992,0.0,0.0
1,0,XBH,SINGLE,0.49308425,0.24634881,0.26056695,0.0,0.0
4,4,OTHER_OUT,OTHER_OUT,0.0,0.0,0.0,0.13563809,0.86436194
3,0,SO,SINGLE,0.6496635,0.27773154,0.07260494,0.0,0.0
2,4,BB_HBP,OTHER_OUT,0.0,0.0,0.0,0.2988277,0.7011723
4,0,OTHER_OUT,SINGLE,0.46485743,0.08258409,0.4525585,0.0,0.0
2,2,BB_HBP,BB_HBP,0.2147062,0.14137593,0.64391786,0.0,0.0
3,4,SO,OTHER_OUT,0.0,0.0,0.0,0.47826862,0.5217314
0,3,SINGLE,SO,0.0,0.0,0.0,0.63126284,0.36873713
4,4,OTHER_OUT,OTHER_OUT,0.0,0.0,0.0,0.17880724,0.82119274
4,4,OTHER_OUT,OTHER_OUT,0.0,0.0,0.0,0.1623065,0.8376935
0,2,SINGLE,BB_HBP,0.3328646,0.32550266,0.34163275,0.0,0.0
3,0,SO,SINGLE,0.63398004,0.18909803,0.17692192,0.0,0.0
4,4,OTHER_OUT,OTHER_OUT,0.0,0.0,0.0,0.3747174,0.6252826
4,4,OTHER_OUT,OTHER_OUT,0.0,0.0,0.0,0.1749336,0.8250664
3,4,SO,OTHER_OUT,0.0,0.0,0.0,0.16379404,0.83620596
4,3,OTHER_OUT,SO,0.0,0.0,0.0,0.50012463,0.4998754
4,4,OTHER_OUT,OTHER_OUT,0.0,0.0,0.0,0.25192055,0.7480795
4,4,OTHER_OUT,OTHER_OUT,0.0,0.0,0.0,0.22409046,0.77590954
4,4,OTHER_OUT,OTHER_OUT,0.0,0.0,0.0,0.26405656,0.73594344
4,2,OTHER_OUT,BB_HBP,0.24658012,0.2526053,0.5008146,0.0,0.0
2,3,BB_HBP,SO,0.0,0.0,0.0,0.6101551,0.3898449
4,0,OTHER_OUT,SINGLE,0.45205492,0.33031458,0.2176305,0.0,0.0
4,4,OTHER_OUT,OTHER_OUT,0.0,0.0,0.0,0.47535977,0.52464026
4,0,OTHER_OUT,SINGLE,0.43479282,0.30519167,0.26001552,0.0,0.0
4,0,OTHER_OUT,SINGLE,0.4902544,0.2276208,0.2821248,0.0,0.0
4,3,OTHER_OUT,SO,0.0,0.0,0.0,0.74162304,0.25837696
4,3,OTHER_OUT,SO,0.0,0.0,0.0,0.5140493,0.48595068
4,4,OTHER_OUT,OTHER_OUT,0.0,0.0,0.0,0.3520647,0.6479353
4,4,OTHER_OUT,OTHER_OUT,0.0,0.0,0.0,0.20176177,0.7982382
0,4,SINGLE,OTHER_OUT,0.0,0.0,0.0,0.1285171,0.8714829
3,4,SO,OTHER_OUT,0.0,0.0,0.0,0.438656,0.561344
4,4,OTHER_OUT,OTHER_OUT,0.0,0.0,0.0,0.30339998,0.6966
4,4,OTHER_OUT,OTHER_OUT,0.0,0.0,0.0,0.41266882,0.5873312
4,4,OTHER_OUT,OTHER_OUT,0.0,0.0,0.0,0.31843793,0.68156207
0,1,SINGLE,XBH,0.14367461,0.65818167,0.19814374,0.0,0.0
4,4,OTHER_OUT,OTHER_OUT,0.0,0.0,0.0,0.12537003,0.87463
0,4,SINGLE,OTHER_OUT,0.0,0.0,0.0,0.30520505,0.69479495
1,0,XBH,SINGLE,0.43772668,0.27047968,0.29179367,0.0,0.0
4,4,OTHER_OUT,OTHER_OUT,0.0,0.0,0.0,0.18314329,0.81685674
4,0,OTHER_OUT,SINGLE,0.45018944,0.3495906,0.20021994,0.0,0.0
4,4,OTHER_OUT,OTHER_OUT,0.0,0.0,0.0,0.15492426,0.8450757
4,3,OTHER_OUT,SO,0.0,0.0,0.0,0.6735745,0.32642546
0,4,SINGLE,OTHER_OUT,0.0,0.0,0.0,0.27706027,0.7229397
4,4,OTHER_OUT,OTHER_OUT,0.0,0.0,0.0,0.32835525,0.67164475
0,4,SINGLE,OTHER_OUT,0.0,0.0,0.0,0.3918758,0.6081242
4,0,OTHER_OUT,SINGLE,0.51804245,0.19716719,0.28479037,0.0,0.0
2,0,BB_HBP,SINGLE,0.53050387,0.29478484,0.17471127,0.0,0.0
4,2,OTHER_OUT,BB_HBP,0.2906686,0.32789472,0.38143668,0.0,0.0
4,4,OTHER_OUT,OTHER_OUT,0.0,0.0,0.0,0.13632078,0.86367923
4,4,OTHER_OUT,OTHER_OUT,0.0,0.0,0.0,0.40713513,0.5928649
4,1,OTHER_OUT,XBH,0.35996154,0.5613598,0.07867866,0.0,0.0
4,1,OTHER_OUT,XBH,0.2324025,0.6526416,0.11495591,0.0,0.0
4,4,OTHER_OUT,OTHER_OUT,0.0,0.0,0.0,0.07257879,0.9274212
3,1,SO,XBH,0.29857028,0.4172179,0.2842118,0.0,0.0
1,3,XBH,SO,0.0,0.0,0.0,0.7712282,0.22877182
4,4,OTHER_OUT,OTHER_OUT,0.0,0.0,0.0,0.12582289,0.8741771
0,4,SINGLE,OTHER_OUT,0.0,0.0,0.0,0.29900306,0.70099694
1,4,XBH,OTHER_OUT,0.0,0.0,0.0,0.42502525,0.5749747
4,4,OTHER_OUT,OTHER_OUT,0.0,0.0,0.0,0.16889036,0.83110964
3,3,SO,SO,0.0,0.0,0.0,0.61694586,0.38305414
4,3,OTHER_OUT,SO,0.0,0.0,0.0,0.54987824,0.45012176
4,1,OTHER_OUT,XBH,0.3287003,0.52575564,0.14554408,0.0,0.0
3,4,SO,OTHER_OUT,0.0,0.0,0.0,0.40003684,0.5999631
0,1,SINGLE,XBH,0.36428803,0.37067434,0.26503763,0.0,0.0
4,1,OTHER_OUT,XBH,0.2889843,0.36907062,0.34194508,0.0,0.0
2,3,BB_HBP,SO,0.0,0.0,0.0,0.8066744,0.19332561
0,0,SINGLE,SINGLE,0.49231043,0.33222935,0.1754602,0.0,0.0
4,4,OTHER_OUT,OTHER_OUT,0.0,0.0,0.0,0.44693914,0.5530609
4,4,OTHER_OUT,OTHER_OUT,0.0,0.0,0.0,0.14666712,0.8533329
0,1,SINGLE,XBH,0.33902168,0.4269752,0.23400311,0.0,0.0
4,3,OTHER_OUT,SO,0.0,0.0,0.0,0.6566133,0.34338674
2,1,BB_HBP,XBH,0.30866066,0.3941064,0.29723296,0.0,0.0
4,1,OTHER_OUT,XBH,0.43467206,0.45484963,0.11047831,0.0,0.0
4,4,OTHER_OUT,OTHER_OUT,0.0,0.0,0.0,0.30598947,0.6940105
3,3,SO,SO,0.0,0.0,0.0,0.65124804,0.348752
3,4,SO,OTHER_OUT,0.0,0.0,0.0,0.33284998,0.66715
4,1,OTHER_OUT,XBH,0.3466171,0.4480488,0.2053341,0.0,0.0
0,0,SINGLE,SINGLE,0.41663176,0.38352308,0.19984515,0.0,0.0
3,1,SO,XBH,0.16852751,0.68673396,0.14473854,0.0,0.0
0,4,SINGLE,OTHER_OUT,0.0,0.0,0.0,0.25683343,0.74316657
4,0,OTHER_OUT,SINGLE,0.7017128,0.15503433,0.14325291,0.0,0.0
4,4,OTHER_OUT,OTHER_OUT,0.0,0.0,0.0,0.35626587,0.6437341
3,4,SO,OTHER_OUT,0.0,0.0,0.0,0.08059687,0.91940314
0,4,SINGLE,OTHER_OUT,0.0,0.0,0.0,0.14602698,0.85397303
0,0,SINGLE,SINGLE,0.7059389,0.16548651,0.12857462,0.0,0.0
4,4,OTHER_OUT,OTHER_OUT,0.0,0.0,0.0,0.12392617,0.87607384
0,0,SINGLE,SINGLE,0.8127728,0.10282771,0.084399454,0.0,0.0
1,1,XBH,XBH,0.3979083,0.4019974,0.20009431,0.0,0.0
4,4,OTHER_OUT,OTHER_OUT,0.0,0.0,0.0,0.096836284,0.90316373
4,4,OTHER_OUT,OTHER_OUT,0.0,0.0,0.0,0.054730333,0.94526964
0,4,SINGLE,OTHER_OUT,0.0,0.0,0.0,0.061119106,0.9388809
3,0,SO,SINGLE,0.38483205,0.23196442,0.38320354,0.0,0.0
3,4,SO,OTHER_OUT,0.0,0.0,0.0,0.24285352,0.7571465
0,4,SINGLE,OTHER_OUT,0.0,0.0,0.0,0.24171,0.75829
4,4,OTHER_OUT,OTHER_OUT,0.0,0.0,0.0,0.31533304,0.684667
4,4,OTHER_OUT,OTHER_OUT,0.0,0.0,0.0,0.25352928,0.74647075
2,4,BB_HBP,OTHER_OUT,0.0,0.0,0.0,0.17232291,0.8276771
4,4,OTHER_OUT,OTHER_OUT,0.0,0.0,0.0,0.08202993,0.91797006
0,4,SINGLE,OTHER_OUT,0.0,0.0,0.0,0.14783965,0.85216033
3,4,SO,OTHER_OUT,0.0,0.0,0.0,0.12135481,0.8786452
3,3,SO,SO,0.0,0.0,0.0,0.67834616,0.32165384
1,4,XBH,OTHER_OUT,0.0,0.0,0.0,0.26425067,0.73574936
3,4,SO,OTHER_OUT,0.0,0.0,0.0,0.32077262,0.6792274
3,4,SO,OTHER_OUT,0.0,0.0,0.0,0.26560408,0.7343959
3,3,SO,SO,0.0,0.0,0.0,0.6405821,0.3594179
3,4,SO,OTHER_OUT,0.0,0.0,0.0,0.31890416,0.68109584
4,1,OTHER_OUT,XBH,0.26615068,0.67712224,0.0567271,0.0,0.0
4,4,OTHER_OUT,OTHER_OUT,0.0,0.0,0.0,0.12736124,0.87263876
1,4,XBH,OTHER_OUT,0.0,0.0,0.0,0.3916973,0.6083027
4,4,OTHER_OUT,OTHER_OUT,0.0,0.0,0.0,0.35923728,0.6407627
2,4,BB_HBP,OTHER_OUT,0.0,0.0,0.0,0.19037803,0.809622
2,4,BB_HBP,OTHER_OUT,0.0,0.0,0.0,0.21685116,0.7831488
4,4,OTHER_OUT,OTHER_OUT,0.0,0.0,0.0,0.30998522,0.6900148
0,4,SINGLE,OTHER_OUT,0.0,0.0,0.0,0.1262009,0.8737991
1,4,XBH,OTHER_OUT,0.0,0.0,0.0,0.16668889,0.83331114
1,4,XBH,OTHER_OUT,0.0,0.0,0.0,0.3489142,0.6510858
0,4,SINGLE,OTHER_OUT,0.0,0.0,0.0,0.23614092,0.7638591
4,4,OTHER_OUT,OTHER_OUT,0.0,0.0,0.0,0.098029085,0.9019709
0,4,SINGLE,OTHER_OUT,0.0,0.0,0.0,0.08325072,0.9167493
0,4,SINGLE,OTHER_OUT,0.0,0.0,0.0,0.07185244,0.92814755
4,4,OTHER_OUT,OTHER_OUT,0.0,0.0,0.0,0.28228137,0.7177186
0,4,SINGLE,OTHER_OUT,0.0,0.0,0.0,0.15706001,0.84294
4,4,OTHER_OUT,OTHER_OUT,0.0,0.0,0.0,0.35015264,0.6498473
4,0,OTHER_OUT,SINGLE,0.4865199,0.18637578,0.32710433,0.0,0.0
4,3,OTHER_OUT,SO,0.0,0.0,0.0,0.609679,0.39032102
0,4,SINGLE,OTHER_OUT,0.0,0.0,0.0,0.13513632,0.8648637
4,4,OTHER_OUT,OTHER_OUT,0.0,0.0,0.0,0.13144115,0.8685589
4,4,OTHER_OUT,OTHER_OUT,0.0,0.0,0.0,0.07959204,0.92040795
4,0,OTHER_OUT,SINGLE,0.5607958,0.24136575,0.19783844,0.0,0.0
4,4,OTHER_OUT,OTHER_OUT,0.0,0.0,0.0,0.39404076,0.60595924
0,2,SINGLE,BB_HBP,0.34242705,0.23549975,0.42207322,0.0,0.0
4,3,OTHER_OUT,SO,0.0,0.0,0.0,0.5983814,0.4016186
4,4,OTHER_OUT,OTHER_OUT,0.0,0.0,0.0,0.079325765,0.9206742
3,4,SO,OTHER_OUT,0.0,0.0,0.0,0.43155843,0.56844157
4,4,OTHER_OUT,OTHER_OUT,0.0,0.0,0.0,0.065204464,0.93479556
4,4,OTHER_OUT,OTHER_OUT,0.0,0.0,0.0,0.24195613,0.7580439
0,0,SINGLE,SINGLE,0.6193192,0.25204748,0.12863332,0.0,0.0
0,0,SINGLE,SINGLE,0.45904115,0.1534307,0.38752815,0.0,0.0
3,1,SO,XBH,0.3984191,0.40247017,0.1991107,0.0,0.0
1,0,XBH,SINGLE,0.61371404,0.12807752,0.25820845,0.0,0.0
3,0,SO,SINGLE,0.52999943,0.07713128,0.39286926,0.0,0.0
4,4,OTHER_OUT,OTHER_OUT,0.0,0.0,0.0,0.45900017,0.5409998
3,0,SO,SINGLE,0.4869826,0.19429891,0.3187185,0.0,0.0
4,4,OTHER_OUT,OTHER_OUT,0.0,0.0,0.0,0.35422993,0.6457701
3,4,SO,OTHER_OUT,0.0,0.0,0.0,0.22545984,0.7745402
4,4,OTHER_OUT,OTHER_OUT,0.0,0.0,0.0,0.48363116,0.5163688
3,3,SO,SO,0.0,0.0,0.0,0.66793865,0.33206132
4,0,OTHER_OUT,SINGLE,0.45675346,0.1831585,0.36008802,0.0,0.0
4,2,OTHER_OUT,BB_HBP,0.29046288,0.30587682,0.4036603,0.0,0.0
4,4,OTHER_OUT,OTHER_OUT,0.0,0.0,0.0,0.067215726,0.93278426
0,0,SINGLE,SINGLE,0.5125862,0.14168979,0.34572402,0.0,0.0
4,2,OTHER_OUT,BB_HBP,0.31424397,0.3012632,0.38449278,0.0,0.0
4,4,OTHER_OUT,OTHER_OUT,0.0,0.0,0.0,0.21520959,0.7847904
3,3,SO,SO,0.0,0.0,0.0,0.72705036,0.27294964
1,0,XBH,SINGLE,0.6134234,0.21749675,0.16907986,0.0,0.0
4,4,OTHER_OUT,OTHER_OUT,0.0,0.0,0.0,0.4568626,0.5431374
2,4,BB_HBP,OTHER_OUT,0.0,0.0,0.0,0.3648175,0.6351825
4,0,OTHER_OUT,SINGLE,0.5604455,0.17645638,0.26309815,0.0,0.0
3,4,SO,OTHER_OUT,0.0,0.0,0.0,0.29591998,0.70408005
3,1,SO,XBH,0.27354953,0.52496815,0.20148233,0.0,0.0
4,0,OTHER_OUT,SINGLE,0.4780265,0.07758919,0.4443843,0.0,0.0
4,4,OTHER_OUT,OTHER_OUT,0.0,0.0,0.0,0.2031116,0.7968884
1,0,XBH,SINGLE,0.43017742,0.23708029,0.33274227,0.0,0.0
4,0,OTHER_OUT,SINGLE,0.5506881,0.16408728,0.28522462,0.0,0.0
4,3,OTHER_OUT,SO,0.0,0.0,0.0,0.63705033,0.36294967
3,3,SO,SO,0.0,0.0,0.0,0.615215,0.384785
4,4,OTHER_OUT,OTHER_OUT,0.0,0.0,0.0,0.42062545,0.57937455
4,4,OTHER_OUT,OTHER_OUT,0.0,0.0,0.0,0.21231985,0.78768015
0,4,SINGLE,OTHER_OUT,0.0,0.0,0.0,0.3483212,0.6516788
0,1,SINGLE,XBH,0.3999557,0.40737656,0.19266774,0.0,0.0
4,2,OTHER_OUT,BB_HBP,0.2761175,0.2984791,0.42540336,0.0,0.0
3,4,SO,OTHER_OUT,0.0,0.0,0.0,0.19019659,0.8098034
4,4,OTHER_OUT,OTHER_OUT,0.0,0.0,0.0,0.12563626,0.8743637
0,0,SINGLE,SINGLE,0.46083057,0.30902386,0.23014557,0.0,0.0
4,3,OTHER_OUT,SO,0.0,0.0,0.0,0.70154697,0.29845303
4,3,OTHER_OUT,SO,0.0,0.0,0.0,0.61978495,0.38021508
4,4,OTHER_OUT,OTHER_OUT,0.0,0.0,0.0,0.2768326,0.72316736
3,3,SO,SO,0.0,0.0,0.0,0.5312777,0.46872225
3,4,SO,OTHER_OUT,0.0,0.0,0.0,0.4619945,0.5380055
0,2,SINGLE,BB_HBP,0.16078374,0.13312976,0.7060865,0.0,0.0
4,3,OTHER_OUT,SO,0.0,0.0,0.0,0.6213817,0.37861833
4,3,OTHER_OUT,SO,0.0,0.0,0.0,0.50741655,0.49258342
1,3,XBH,SO,0.0,0.0,0.0,0.5111204,0.4888796
0,0,SINGLE,SINGLE,0.47228527,0.24054663,0.2871681,0.0,0.0
4,4,OTHER_OUT,OTHER_OUT,0.0,0.0,0.0,0.117061384,0.8829386
3,4,SO,OTHER_OUT,0.0,0.0,0.0,0.122120336,0.8778797
1,3,XBH,SO,0.0,0.0,0.0,0.77348924,0.22651075
4,4,OTHER_OUT,OTHER_OUT,0.0,0.0,0.0,0.28212187,0.7178781
4,4,OTHER_OUT,OTHER_OUT,0.0,0.0,0.0,0.19593671,0.8040633
3,4,SO,OTHER_OUT,0.0,0.0,0.0,0.46497825,0.5350217
2,2,BB_HBP,BB_HBP,0.3517258,0.21182674,0.43644747,0.0,0.0
4,4,OTHER_OUT,OTHER_OUT,0.0,0.0,0.0,0.2040144,0.7959856
4,4,OTHER_OUT,OTHER_OUT,0.0,0.0,0.0,0.08512711,0.9148729
2,4,BB_HBP,OTHER_OUT,0.0,0.0,0.0,0.13715856,0.8628414
4,4,OTHER_OUT,OTHER_OUT,0.0,0.0,0.0,0.124868385,0.8751316
0,2,SINGLE,BB_HBP,0.33311543,0.2584873,0.40839726,0.0,0.0
3,3,SO,SO,0.0,0.0,0.0,0.5255253,0.47447476
4,4,OTHER_OUT,OTHER_OUT,0.0,0.0,0.0,0.4824033,0.5175967
1,0,XBH,SINGLE,0.38313642,0.31371987,0.3031437,0.0,0.0
0,3,SINGLE,SO,0.0,0.0,0.0,0.5966184,0.4033816
4,4,OTHER_OUT,OTHER_OUT,0.0,0.0,0.0,0.27749166,0.7225083
3,4,SO,OTHER_OUT,0.0,0.0,0.0,0.1889644,0.81103563
2,3,BB_HBP,SO,0.0,0.0,0.0,0.5068909,0.49310908
4,0,OTHER_OUT,SINGLE,0.4023343,0.24690036,0.35076535,0.0,0.0
3,4,SO,OTHER_OUT,0.0,0.0,0.0,0.19741665,0.80258334
0,0,SINGLE,SINGLE,0.4506847,0.2133144,0.3360009,0.0,0.0
2,4,BB_HBP,OTHER_OUT,0.0,0.0,0.0,0.24054983,0.75945014
0,4,SINGLE,OTHER_OUT,0.0,0.0,0.0,0.44790992,0.5520901
1,0,XBH,SINGLE,0.69402236,0.20487387,0.10110375,0.0,0.0
4,4,OTHER_OUT,OTHER_OUT,0.0,0.0,0.0,0.49139452,0.5086055
4,0,OTHER_OUT,SINGLE,0.42921266,0.4009812,0.16980615,0.0,0.0
2,1,BB_HBP,XBH,0.30077365,0.5951732,0.10405316,0.0,0.0
4,1,OTHER_OUT,XBH,0.3655464,0.51937723,0.11507636,0.0,0.0
4,3,OTHER_OUT,SO,0.0,0.0,0.0,0.6803738,0.31962618
4,4,OTHER_OUT,OTHER_OUT,0.0,0.0,0.0,0.4192581,0.5807419
4,4,OTHER_OUT,OTHER_OUT,0.0,0.0,0.0,0.31355178,0.6864482
1,1,XBH,XBH,0.3385965,0.37973106,0.28167248,0.0,0.0
4,4,OTHER_OUT,OTHER_OUT,0.0,0.0,0.0,0.28473744,0.71526253
3,4,SO,OTHER_OUT,0.0,0.0,0.0,0.032115698,0.9678843
4,4,OTHER_OUT,OTHER_OUT,0.0,0.0,0.0,0.14597487,0.8540251
4,1,OTHER_OUT,XBH,0.4506122,0.4689927,0.0803951,0.0,0.0
4,4,OTHER_OUT,OTHER_OUT,0.0,0.0,0.0,0.19336627,0.8066337
2,3,BB_HBP,SO,0.0,0.0,0.0,0.55307895,0.44692102
4,4,OTHER_OUT,OTHER_OUT,0.0,0.0,0.0,0.15290703,0.847093
1,4,XBH,OTHER_OUT,0.0,0.0,0.0,0.12024907,0.8797509
0,0,SINGLE,SINGLE,0.61492276,0.059177123,0.32590014,0.0,0.0
0,2,SINGLE,BB_HBP,0.31186286,0.34353963,0.34459752,0.0,0.0
0,0,SINGLE,SINGLE,0.63905215,0.101521246,0.2594266,0.0,0.0
3,4,SO,OTHER_OUT,0.0,0.0,0.0,0.45526767,0.54473233
4,3,OTHER_OUT,SO,0.0,0.0,0.0,0.8195262,0.18047379
3,3,SO,SO,0.0,0.0,0.0,0.5085536,0.4914464
2,1,BB_HBP,XBH,0.21640565,0.6542498,0.12934458,0.0,0.0
4,4,OTHER_OUT,OTHER_OUT,0.0,0.0,0.0,0.16188198,0.838118
3,0,SO,SINGLE,0.4754217,0.23132253,0.29325578,0.0,0.0
4,4,OTHER_OUT,OTHER_OUT,0.0,0.0,0.0,0.31373662,0.6862634
3,3,SO,SO,0.0,0.0,0.0,0.69247425,0.30752575
0,4,SINGLE,OTHER_OUT,0.0,0.0,0.0,0.0725125,0.9274875
4,4,OTHER_OUT,OTHER_OUT,0.0,0.0,0.0,0.06452867,0.93547136
3,4,SO,OTHER_OUT,0.0,0.0,0.0,0.24996878,0.75003123
4,4,OTHER_OUT,OTHER_OUT,0.0,0.0,0.0,0.22354193,0.7764581
4,4,OTHER_OUT,OTHER_OUT,0.0,0.0,0.0,0.17744114,0.8225589
0,4,SINGLE,OTHER_OUT,0.0,0.0,0.0,0.34616482,0.6538352
4,3,OTHER_OUT,SO,0.0,0.0,0.0,0.67354923,0.32645074
3,4,SO,OTHER_OUT,0.0,0.0,0.0,0.42682165,0.57317835
4,3,OTHER_OUT,SO,0.0,0.0,0.0,0.7160936,0.28390643
4,0,OTHER_OUT,SINGLE,0.43193105,0.22572863,0.3423403,0.0,0.0
4,4,OTHER_OUT,OTHER_OUT,0.0,0.0,0.0,0.121654816,0.8783452
2,4,BB_HBP,OTHER_OUT,0.0,0.0,0.0,0.3480023,0.6519977
4,4,OTHER_OUT,OTHER_OUT,0.0,0.0,0.0,0.1430753,0.8569247
4,4,OTHER_OUT,OTHER_OUT,0.0,0.0,0.0,0.4290376,0.57096237
4,3,OTHER_OUT,SO,0.0,0.0,0.0,0.5500071,0.4499929
4,0,OTHER_OUT,SINGLE,0.35066807,0.34340313,0.3059288,0.0,0.0
4,4,OTHER_OUT,OTHER_OUT,0.0,0.0,0.0,0.35547704,0.64452296
4,0,OTHER_OUT,SINGLE,0.52394515,0.15238741,0.32366744,0.0,0.0
3,4,SO,OTHER_OUT,0.0,0.0,0.0,0.03828963,0.9617104
4,4,OTHER_OUT,OTHER_OUT,0.0,0.0,0.0,0.44389346,0.55610657
3,4,SO,OTHER_OUT,0.0,0.0,0.0,0.43887904,0.561121
4,3,OTHER_OUT,SO,0.0,0.0,0.0,0.5991272,0.40087286
4,0,OTHER_OUT,SINGLE,0.5709929,0.22480837,0.20419875,0.0,0.0
3,4,SO,OTHER_OUT,0.0,0.0,0.0,0.13849556,0.86150444
0,4,SINGLE,OTHER_OUT,0.0,0.0,0.0,0.1617687,0.83823127
4,4,OTHER_OUT,OTHER_OUT,0.0,0.0,0.0,0.37486544,0.6251346
2,4,BB_HBP,OTHER_OUT,0.0,0.0,0.0,0.19409734,0.80590266
3,0,SO,SINGLE,0.71010625,0.1660651,0.123828635,0.0,0.0
0,3,SINGLE,SO,0.0,0.0,0.0,0.55323327,0.44676673
3,4,SO,OTHER_OUT,0.0,0.0,0.0,0.4520972,0.5479028
3,4,SO,OTHER_OUT,0.0,0.0,0.0,0.42085454,0.5791455
4,3,OTHER_OUT,SO,0.0,0.0,0.0,0.5699981,0.4300019
3,4,SO,OTHER_OUT,0.0,0.0,0.0,0.46245682,0.5375432
3,0,SO,SINGLE,0.37651807,0.35229355,0.27118838,0.0,0.0
3,4,SO,OTHER_OUT,0.0,0.0,0.0,0.48088527,0.51911473
4,4,OTHER_OUT,OTHER_OUT,0.0,0.0,0.0,0.35871527,0.6412847
3,4,SO,OTHER_OUT,0.0,0.0,0.0,0.056401316,0.9435987
0,0,SINGLE,SINGLE,0.64325166,0.26445666,0.09229169,0.0,0.0
3,4,SO,OTHER_OUT,0.0,0.0,0.0,0.30569097,0.694309
4,0,OTHER_OUT,SINGLE,0.4563332,0.21763882,0.326028,0.0,0.0
4,1,OTHER_OUT,XBH,0.28357098,0.4426001,0.27382895,0.0,0.0
4,4,OTHER_OUT,OTHER_OUT,0.0,0.0,0.0,0.21396947,0.78603053
3,4,SO,OTHER_OUT,0.0,0.0,0.0,0.25472215,0.7452779
4,3,OTHER_OUT,SO,0.0,0.0,0.0,0.61262274,0.38737726
4,3,OTHER_OUT,SO,0.0,0.0,0.0,0.57109785,0.42890212
4,4,OTHER_OUT,OTHER_OUT,0.0,0.0,0.0,0.48068243,0.51931757
3,3,SO,SO,0.0,0.0,0.0,0.6673422,0.33265784
0,2,SINGLE,BB_HBP,0.31219676,0.24910402,0.4386992,0.0,0.0
3,0,SO,SINGLE,0.4293524,0.29550612,0.27514145,0.0,0.0
3,0,SO,SINGLE,0.4953995,0.25797075,0.24662974,0.0,0.0
4,3,OTHER_OUT,SO,0.0,0.0,0.0,0.7352172,0.2647828
2,4,BB_HBP,OTHER_OUT,0.0,0.0,0.0,0.41960824,0.58039176
4,4,OTHER_OUT,OTHER_OUT,0.0,0.0,0.0,0.48380485,0.5161951
0,4,SINGLE,OTHER_OUT,0.0,0.0,0.0,0.48603484,0.51396513
3,3,SO,SO,0.0,0.0,0.0,0.7470686,0.25293142
0,1,SINGLE,XBH,0.28631753,0.50314903,0.21053346,0.0,0.0
4,4,OTHER_OUT,OTHER_OUT,0.0,0.0,0.0,0.43700576,0.56299424
3,3,SO,SO,0.0,0.0,0.0,0.53751993,0.4624801
4,0,OTHER_OUT,SINGLE,0.6559996,0.14476904,0.19923134,0.0,0.0
4,4,OTHER_OUT,OTHER_OUT,0.0,0.0,0.0,0.4232178,0.57678217
4,4,OTHER_OUT,OTHER_OUT,0.0,0.0,0.0,0.42562357,0.5743764
3,0,SO,SINGLE,0.514472,0.15807873,0.32744926,0.0,0.0
4,3,OTHER_OUT,SO,0.0,0.0,0.0,0.50907654,0.49092346
3,0,SO,SINGLE,0.513578,0.19040748,0.29601452,0.0,0.0
4,4,OTHER_OUT,OTHER_OUT,0.0,0.0,0.0,0.3710925,0.6289075
3,2,SO,BB_HBP,0.3605579,0.15214868,0.48729342,0.0,0.0
4,0,OTHER_OUT,SINGLE,0.61322486,0.25045577,0.13631932,0.0,0.0
4,0,OTHER_OUT,SINGLE,0.53758657,0.15698348,0.30542994,0.0,0.0
4,0,OTHER_OUT,SINGLE,0.4571956,0.10615944,0.43664494,0.0,0.0
4,0,OTHER_OUT,SINGLE,0.4033319,0.35766673,0.23900135,0.0,0.0
1,0,XBH,SINGLE,0.48249885,0.20249906,0.31500208,0.0,0.0
4,4,OTHER_OUT,OTHER_OUT,0.0,0.0,0.0,0.3518649,0.64813507
3,4,SO,OTHER_OUT,0.0,0.0,0.0,0.39322096,0.60677904
0,1,SINGLE,XBH,0.3170774,0.58358514,0.09933742,0.0,0.0
4,0,OTHER_OUT,SINGLE,0.57116556,0.12356501,0.30526942,0.0,0.0
4,4,OTHER_OUT,OTHER_OUT,0.0,0.0,0.0,0.28138506,0.71861494
4,4,OTHER_OUT,OTHER_OUT,0.0,0.0,0.0,0.16534428,0.8346557
4,0,OTHER_OUT,SINGLE,0.5918163,0.124692924,0.28349078,0.0,0.0
3,0,SO,SINGLE,0.41730747,0.20343469,0.37925786,0.0,0.0
3,2,SO,BB_HBP,0.23356695,0.14485942,0.6215736,0.0,0.0
3,4,SO,OTHER_OUT,0.0,0.0,0.0,0.29899585,0.70100415
4,4,OTHER_OUT,OTHER_OUT,0.0,0.0,0.0,0.39616787,0.6038321
4,2,OTHER_OUT,BB_HBP,0.26069057,0.105690874,0.63361853,0.0,0.0
4,4,OTHER_OUT,OTHER_OUT,0.0,0.0,0.0,0.45346105,0.54653895
3,4,SO,OTHER_OUT,0.0,0.0,0.0,0.1965467,0.80345327
2,0,BB_HBP,SINGLE,0.60740674,0.14202914,0.25056413,0.0,0.0
0,4,SINGLE,OTHER_OUT,0.0,0.0,0.0,0.21844292,0.7815571
0,4,SINGLE,OTHER_OUT,0.0,0.0,0.0,0.3014647,0.69853526
4,2,OTHER_OUT,BB_HBP,0.3460806,0.19456546,0.45935392,0.0,0.0
2,0,BB_HBP,SINGLE,0.5434687,0.19644767,0.2600836,0.0,0.0
4,0,OTHER_OUT,SINGLE,0.59125745,0.19308558,0.21565695,0.0,0.0
4,4,OTHER_OUT,OTHER_OUT,0.0,0.0,0.0,0.06747883,0.93252116
4,0,OTHER_OUT,SINGLE,0.570765,0.25148723,0.17774773,0.0,0.0
4,4,OTHER_OUT,OTHER_OUT,0.0,0.0,0.0,0.33224523,0.66775477
3,4,SO,OTHER_OUT,0.0,0.0,0.0,0.20661494,0.793385
3,4,SO,OTHER_OUT,0.0,0.0,0.0,0.29831228,0.70168775
1,4,XBH,OTHER_OUT,0.0,0.0,0.0,0.12224141,0.87775856
4,0,OTHER_OUT,SINGLE,0.5106785,0.11962049,0.369701,0.0,0.0
4,0,OTHER_OUT,SINGLE,0.50504845,0.18301958,0.31193194,0.0,0.0
4,0,OTHER_OUT,SINGLE,0.59672225,0.098221004,0.30505672,0.0,0.0
2,0,BB_HBP,SINGLE,0.53564095,0.24453935,0.21981968,0.0,0.0
2,4,BB_HBP,OTHER_OUT,0.0,0.0,0.0,0.27553722,0.72446275
4,0,OTHER_OUT,SINGLE,0.45981085,0.13892052,0.40126863,0.0,0.0
0,4,SINGLE,OTHER_OUT,0.0,0.0,0.0,0.2569977,0.7430023
4,4,OTHER_OUT,OTHER_OUT,0.0,0.0,0.0,0.15210353,0.84789646
4,4,OTHER_OUT,OTHER_OUT,0.0,0.0,0.0,0.3087808,0.6912192
0,0,SINGLE,SINGLE,0.48065135,0.14607029,0.37327835,0.0,0.0
0,4,SINGLE,OTHER_OUT,0.0,0.0,0.0,0.048573013,0.951427
4,0,OTHER_OUT,SINGLE,0.642043,0.20385706,0.15409993,0.0,0.0
4,4,OTHER_OUT,OTHER_OUT,0.0,0.0,0.0,0.047308274,0.95269173
4,4,OTHER_OUT,OTHER_OUT,0.0,0.0,0.0,0.17959175,0.8204082
4,3,OTHER_OUT,SO,0.0,0.0,0.0,0.5215086,0.4784914
4,4,OTHER_OUT,OTHER_OUT,0.0,0.0,0.0,0.47554144,0.5244585
1,4,XBH,OTHER_OUT,0.0,0.0,0.0,0.34995395,0.65004605
3,3,SO,SO,0.0,0.0,0.0,0.52864593,0.47135404
3,3,SO,SO,0.0,0.0,0.0,0.73356634,0.2664337
0,4,SINGLE,OTHER_OUT,0.0,0.0,0.0,0.12621051,0.8737895
3,4,SO,OTHER_OUT,0.0,0.0,0.0,0.1833232,0.8166768
3,4,SO,OTHER_OUT,0.0,0.0,0.0,0.0754498,0.9245502
4,4,OTHER_OUT,OTHER_OUT,0.0,0.0,0.0,0.3276544,0.6723456
3,4,SO,OTHER_OUT,0.0,0.0,0.0,0.4197539,0.5802461
4,0,OTHER_OUT,SINGLE,0.5794902,0.115414575,0.30509523,0.0,0.0
4,4,OTHER_OUT,OTHER_OUT,0.0,0.0,0.0,0.30858105,0.69141895
4,4,OTHER_OUT,OTHER_OUT,0.0,0.0,0.0,0.282199,0.71780103
4,4,OTHER_OUT,OTHER_OUT,0.0,0.0,0.0,0.1234867,0.8765133
4,4,OTHER_OUT,OTHER_OUT,0.0,0.0,0.0,0.43461812,0.5653819
1,4,XBH,OTHER_OUT,0.0,0.0,0.0,0.41695365,0.5830464
4,4,OTHER_OUT,OTHER_OUT,0.0,0.0,0.0,0.264483,0.73551697
3,0,SO,SINGLE,0.4871154,0.27163658,0.24124801,0.0,0.0
4,3,OTHER_OUT,SO,0.0,0.0,0.0,0.65953714,0.34046283
4,4,OTHER_OUT,OTHER_OUT,0.0,0.0,0.0,0.29108942,0.7089106
4,4,OTHER_OUT,OTHER_OUT,0.0,0.0,0.0,0.4616799,0.53832006
1,4,XBH,OTHER_OUT,0.0,0.0,0.0,0.13028179,0.8697182
4,4,OTHER_OUT,OTHER_OUT,0.0,0.0,0.0,0.12087013,0.8791299
4,2,OTHER_OUT,BB_HBP,0.24224839,0.15425071,0.6035009,0.0,0.0
4,4,OTHER_OUT,OTHER_OUT,0.0,0.0,0.0,0.29628503,0.70371497
0,0,SINGLE,SINGLE,0.52388424,0.16282906,0.31328672,0.0,0.0
0,4,SINGLE,OTHER_OUT,0.0,0.0,0.0,0.40045944,0.5995406
4,0,OTHER_OUT,SINGLE,0.41910666,0.28983766,0.29105568,0.0,0.0
1,4,XBH,OTHER_OUT,0.0,0.0,0.0,0.23494059,0.7650594
2,3,BB_HBP,SO,0.0,0.0,0.0,0.5582263,0.44177374
0,3,SINGLE,SO,0.0,0.0,0.0,0.65556437,0.34443563
4,4,OTHER_OUT,OTHER_OUT,0.0,0.0,0.0,0.14234608,0.8576539
0,0,SINGLE,SINGLE,0.5466968,0.17295949,0.2803437,0.0,0.0
4,1,OTHER_OUT,XBH,0.25075483,0.45042735,0.2988178,0.0,0.0
4,4,OTHER_OUT,OTHER_OUT,0.0,0.0,0.0,0.3161208,0.6838792
4,4,OTHER_OUT,OTHER_OUT,0.0,0.0,0.0,0.06690728,0.9330927
1,4,XBH,OTHER_OUT,0.0,0.0,0.0,0.2576664,0.7423336
3,4,SO,OTHER_OUT,0.0,0.0,0.0,0.23145151,0.7685485
1,3,XBH,SO,0.0,0.0,0.0,0.5205783,0.47942168
4,4,OTHER_OUT,OTHER_OUT,0.0,0.0,0.0,0.19063349,0.8093665
4,2,OTHER_OUT,BB_HBP,0.32436216,0.3147107,0.36092713,0.0,0.0
1,0,XBH,SINGLE,0.3932533,0.34347907,0.2632676,0.0,0.0
4,2,OTHER_OUT,BB_HBP,0.36332044,0.25071627,0.3859633,0.0,0.0
4,4,OTHER_OUT,OTHER_OUT,0.0,0.0,0.0,0.18664023,0.8133598
4,4,OTHER_OUT,OTHER_OUT,0.0,0.0,0.0,0.17855372,0.8214463
4,4,OTHER_OUT,OTHER_OUT,0.0,0.0,0.0,0.25182635,0.74817365
2,4,BB_HBP,OTHER_OUT,0.0,0.0,0.0,0.24272147,0.7572785
4,4,OTHER_OUT,OTHER_OUT,0.0,0.0,0.0,0.123090915,0.8769091
3,4,SO,OTHER_OUT,0.0,0.0,0.0,0.19625819,0.8037418
3,3,SO,SO,0.0,0.0,0.0,0.78443253,0.21556747
4,4,OTHER_OUT,OTHER_OUT,0.0,0.0,0.0,0.36269414,0.63730586
4,4,OTHER_OUT,OTHER_OUT,0.0,0.0,0.0,0.29778838,0.7022116
3,3,SO,SO,0.0,0.0,0.0,0.84936565,0.15063436
4,4,OTHER_OUT,OTHER_OUT,0.0,0.0,0.0,0.23763305,0.76236695
3,4,SO,OTHER_OUT,0.0,0.0,0.0,0.23588929,0.7641107
2,4,BB_HBP,OTHER_OUT,0.0,0.0,0.0,0.2517026,0.7482974
4,4,OTHER_OUT,OTHER_OUT,0.0,0.0,0.0,0.40204382,0.5979562
3,3,SO,SO,0.0,0.0,0.0,0.8150528,0.1849472
1,3,XBH,SO,0.0,0.0,0.0,0.6055377,0.39446226
0,1,SINGLE,XBH,0.39349982,0.41196716,0.19453304,0.0,0.0
0,4,SINGLE,OTHER_OUT,0.0,0.0,0.0,0.32861742,0.6713826
0,4,SINGLE,OTHER_OUT,0.0,0.0,0.0,0.27180272,0.7281973
4,4,OTHER_OUT,OTHER_OUT,0.0,0.0,0.0,0.47722512,0.5227749
4,4,OTHER_OUT,OTHER_OUT,0.0,0.0,0.0,0.1368151,0.86318487
4,3,OTHER_OUT,SO,0.0,0.0,0.0,0.5064379,0.49356207
2,4,BB_HBP,OTHER_OUT,0.0,0.0,0.0,0.48373532,0.5162647
4,0,OTHER_OUT,SINGLE,0.7807192,0.15606865,0.063212164,0.0,0.0
4,1,OTHER_OUT,XBH,0.44278127,0.45243558,0.10478313,0.0,0.0
3,3,SO,SO,0.0,0.0,0.0,0.55048627,0.4495137
4,4,OTHER_OUT,OTHER_OUT,0.0,0.0,0.0,0.15785411,0.84214586
4,4,OTHER_OUT,OTHER_OUT,0.0,0.0,0.0,0.3241192,0.6758808
4,4,OTHER_OUT,OTHER_OUT,0.0,0.0,0.0,0.45729885,0.5427011
4,4,OTHER_OUT,OTHER_OUT,0.0,0.0,0.0,0.29035655,0.7096435
4,4,OTHER_OUT,OTHER_OUT,0.0,0.0,0.0,0.44376892,0.5562311
4,3,OTHER_OUT,SO,0.0,0.0,0.0,0.6132156,0.38678437
4,2,OTHER_OUT,BB_HBP,0.3002342,0.32786155,0.37190425,0.0,0.0
4,4,OTHER_OUT,OTHER_OUT,0.0,0.0,0.0,0.36190358,0.6380964
3,1,SO,XBH,0.3420782,0.36271578,0.29520604,0.0,0.0
0,2,SINGLE,BB_HBP,0.22893149,0.13455269,0.6365158,0.0,0.0
3,4,SO,OTHER_OUT,0.0,0.0,0.0,0.48780805,0.51219195
4,4,OTHER_OUT,OTHER_OUT,0.0,0.0,0.0,0.4808854,0.5191146
4,2,OTHER_OUT,BB_HBP,0.30517226,0.12324297,0.57158476,0.0,0.0
4,2,OTHER_OUT,BB_HBP,0.3506226,0.16994157,0.47943583,0.0,0.0
4,1,OTHER_OUT,XBH,0.294587,0.36527976,0.34013325,0.0,0.0
3,4,SO,OTHER_OUT,0.0,0.0,0.0,0.37843838,0.62156165
4,4,OTHER_OUT,OTHER_OUT,0.0,0.0,0.0,0.07164213,0.9283579
0,4,SINGLE,OTHER_OUT,0.0,0.0,0.0,0.43768594,0.56231403
4,4,OTHER_OUT,OTHER_OUT,0.0,0.0,0.0,0.23790528,0.76209474
0,2,SINGLE,BB_HBP,0.32840842,0.3043464,0.36724514,0.0,0.0
4,3,OTHER_OUT,SO,0.0,0.0,0.0,0.7130372,0.28696284
4,3,OTHER_OUT,SO,0.0,0.0,0.0,0.6436966,0.3563034
4,4,OTHER_OUT,OTHER_OUT,0.0,0.0,0.0,0.4925865,0.5074135
4,1,OTHER_OUT,XBH,0.32276073,0.44420078,0.2330385,0.0,0.0
1,4,XBH,OTHER_OUT,0.0,0.0,0.0,0.30145437,0.69854563
2,4,BB_HBP,OTHER_OUT,0.0,0.0,0.0,0.30543932,0.6945607
3,4,SO,OTHER_OUT,0.0,0.0,0.0,0.40134346,0.59865654
3,3,SO,SO,0.0,0.0,0.0,0.50481707,0.49518296
0,2,SINGLE,BB_HBP,0.3470079,0.2597738,0.39321834,0.0,0.0
3,4,SO,OTHER_OUT,0.0,0.0,0.0,0.38059947,0.61940056
4,2,OTHER_OUT,BB_HBP,0.23127699,0.1903745,0.5783485,0.0,0.0
3,3,SO,SO,0.0,0.0,0.0,0.556932,0.443068
3,3,SO,SO,0.0,0.0,0.0,0.8060473,0.19395268
0,0,SINGLE,SINGLE,0.7322726,0.17393829,0.09378909,0.0,0.0
4,4,OTHER_OUT,OTHER_OUT,0.0,0.0,0.0,0.3868408,0.61315924
4,4,OTHER_OUT,OTHER_OUT,0.0,0.0,0.0,0.18464187,0.8153581
4,4,OTHER_OUT,OTHER_OUT,0.0,0.0,0.0,0.08506713,0.91493285
2,4,BB_HBP,OTHER_OUT,0.0,0.0,0.0,0.23963022,0.7603698
0,0,SINGLE,SINGLE,0.7492068,0.10103165,0.14976154,0.0,0.0
4,3,OTHER_OUT,SO,0.0,0.0,0.0,0.53489244,0.46510756
1,2,XBH,BB_HBP,0.30881187,0.19604702,0.4951411,0.0,0.0
2,4,BB_HBP,OTHER_OUT,0.0,0.0,0.0,0.26460868,0.7353913
0,4,SINGLE,OTHER_OUT,0.0,0.0,0.0,0.4805765,0.5194235
3,4,SO,OTHER_OUT,0.0,0.0,0.0,0.41515553,0.58484447
4,4,OTHER_OUT,OTHER_OUT,0.0,0.0,0.0,0.28359532,0.7164047
4,3,OTHER_OUT,SO,0.0,0.0,0.0,0.7182914,0.28170857
4,4,OTHER_OUT,OTHER_OUT,0.0,0.0,0.0,0.23855007,0.76144993
3,3,SO,SO,0.0,0.0,0.0,0.6177476,0.38225237
4,3,OTHER_OUT,SO,0.0,0.0,0.0,0.57153684,0.42846316
3,4,SO,OTHER_OUT,0.0,0.0,0.0,0.32041818,0.6795818
2,0,BB_HBP,SINGLE,0.5190491,0.135138,0.3458129,0.0,0.0
3,0,SO,SINGLE,0.3812322,0.33673334,0.28203446,0.0,0.0
0,4,SINGLE,OTHER_OUT,0.0,0.0,0.0,0.46086276,0.53913724
4,4,OTHER_OUT,OTHER_OUT,0.0,0.0,0.0,0.45211232,0.5478877
4,3,OTHER_OUT,SO,0.0,0.0,0.0,0.5196459,0.48035407
0,3,SINGLE,SO,0.0,0.0,0.0,0.6741733,0.3258267
4,4,OTHER_OUT,OTHER_OUT,0.0,0.0,0.0,0.20978563,0.79021436
3,4,SO,OTHER_OUT,0.0,0.0,0.0,0.33684975,0.66315025
4,4,OTHER_OUT,OTHER_OUT,0.0,0.0,0.0,0.25288188,0.7471181
4,4,OTHER_OUT,OTHER_OUT,0.0,0.0,0.0,0.48599416,0.51400584
4,4,OTHER_OUT,OTHER_OUT,0.0,0.0,0.0,0.3346204,0.66537964
3,0,SO,SINGLE,0.46475095,0.37090412,0.16434494,0.0,0.0
3,3,SO,SO,0.0,0.0,0.0,0.7022388,0.29776117
4,0,OTHER_OUT,SINGLE,0.40881926,0.24996106,0.3412197,0.0,0.0
4,0,OTHER_OUT,SINGLE,0.5799705,0.2034406,0.21658893,0.0,0.0
2,3,BB_HBP,SO,0.0,0.0,0.0,0.7107708,0.2892292
2,4,BB_HBP,OTHER_OUT,0.0,0.0,0.0,0.14690761,0.8530924
0,2,SINGLE,BB_HBP,0.41283175,0.16901822,0.41815,0.0,0.0
4,0,OTHER_OUT,SINGLE,0.4487801,0.33610404,0.21511588,0.0,0.0
4,4,OTHER_OUT,OTHER_OUT,0.0,0.0,0.0,0.06571704,0.93428296
0,4,SINGLE,OTHER_OUT,0.0,0.0,0.0,0.16171724,0.83828276
4,4,OTHER_OUT,OTHER_OUT,0.0,0.0,0.0,0.26017737,0.7398226
4,4,OTHER_OUT,OTHER_OUT,0.0,0.0,0.0,0.13083357,0.86916643
2,4,BB_HBP,OTHER_OUT,0.0,0.0,0.0,0.20002097,0.79997903
0,4,SINGLE,OTHER_OUT,0.0,0.0,0.0,0.13212062,0.8678794
4,4,OTHER_OUT,OTHER_OUT,0.0,0.0,0.0,0.25740185,0.7425981
0,4,SINGLE,OTHER_OUT,0.0,0.0,0.0,0.34510073,0.65489924
4,4,OTHER_OUT,OTHER_OUT,0.0,0.0,0.0,0.32132736,0.6786727
4,4,OTHER_OUT,OTHER_OUT,0.0,0.0,0.0,0.09841024,0.90158975
4,4,OTHER_OUT,OTHER_OUT,0.0,0.0,0.0,0.12046135,0.87953866
4,4,OTHER_OUT,OTHER_OUT,0.0,0.0,0.0,0.16595991,0.8340401
0,4,SINGLE,OTHER_OUT,0.0,0.0,0.0,0.08174883,0.91825116
4,0,OTHER_OUT,SINGLE,0.55294913,0.271065,0.17598584,0.0,0.0
4,4,OTHER_OUT,OTHER_OUT,0.0,0.0,0.0,0.28166312,0.7183369
3,4,SO,OTHER_OUT,0.0,0.0,0.0,0.27583876,0.7241612
3,0,SO,SINGLE,0.40699545,0.35559255,0.23741199,0.0,0.0
4,0,OTHER_OUT,SINGLE,0.5237197,0.3309185,0.14536177,0.0,0.0
4,0,OTHER_OUT,SINGLE,0.3710241,0.2637582,0.3652177,0.0,0.0
2,4,BB_HBP,OTHER_OUT,0.0,0.0,0.0,0.3720268,0.6279732
4,0,OTHER_OUT,SINGLE,0.4874994,0.2495259,0.2629747,0.0,0.0
4,3,OTHER_OUT,SO,0.0,0.0,0.0,0.6789835,0.3210165
0,0,SINGLE,SINGLE,0.4390681,0.17249614,0.38843575,0.0,0.0
4,3,OTHER_OUT,SO,0.0,0.0,0.0,0.5433139,0.45668605
4,0,OTHER_OUT,SINGLE,0.6718869,0.17667481,0.15143825,0.0,0.0
4,4,OTHER_OUT,OTHER_OUT,0.0,0.0,0.0,0.2519414,0.7480586
2,2,BB_HBP,BB_HBP,0.31914276,0.16069533,0.5201619,0.0,0.0
4,4,OTHER_OUT,OTHER_OUT,0.0,0.0,0.0,0.25994104,0.74005896
2,4,BB_HBP,OTHER_OUT,0.0,0.0,0.0,0.17397453,0.8260255
0,4,SINGLE,OTHER_OUT,0.0,0.0,0.0,0.13789044,0.86210954
3,0,SO,SINGLE,0.7979936,0.08589289,0.11611353,0.0,0.0
4,4,OTHER_OUT,OTHER_OUT,0.0,0.0,0.0,0.09174251,0.9082575
4,3,OTHER_OUT,SO,0.0,0.0,0.0,0.5323084,0.46769163
4,4,OTHER_OUT,OTHER_OUT,0.0,0.0,0.0,0.4940037,0.5059963
4,4,OTHER_OUT,OTHER_OUT,0.0,0.0,0.0,0.45266405,0.5473359
3,4,SO,OTHER_OUT,0.0,0.0,0.0,0.3887708,0.6112292
3,0,SO,SINGLE,0.44043076,0.16562945,0.39393982,0.0,0.0
1,4,XBH,OTHER_OUT,0.0,0.0,0.0,0.17101811,0.8289819
4,0,OTHER_OUT,SINGLE,0.7020371,0.1141756,0.1837873,0.0,0.0
1,4,XBH,OTHER_OUT,0.0,0.0,0.0,0.23037478,0.76962525
3,0,SO,SINGLE,0.5032164,0.26157892,0.23520471,0.0,0.0
4,3,OTHER_OUT,SO,0.0,0.0,0.0,0.78350705,0.21649292
4,4,OTHER_OUT,OTHER_OUT,0.0,0.0,0.0,0.26112664,0.73887336
3,3,SO,SO,0.0,0.0,0.0,0.6768666,0.32313338
1,4,XBH,OTHER_OUT,0.0,0.0,0.0,0.24760291,0.7523971
4,4,OTHER_OUT,OTHER_OUT,0.0,0.0,0.0,0.05657054,0.94342947
0,4,SINGLE,OTHER_OUT,0.0,0.0,0.0,0.24960256,0.75039744
3,3,SO,SO,0.0,0.0,0.0,0.52926487,0.47073513
4,3,OTHER_OUT,SO,0.0,0.0,0.0,0.54531056,0.4546894
4,4,OTHER_OUT,OTHER_OUT,0.0,0.0,0.0,0.32175094,0.67824906
4,0,OTHER_OUT,SINGLE,0.43656257,0.27037913,0.2930583,0.0,0.0
2,4,BB_HBP,OTHER_OUT,0.0,0.0,0.0,0.29837272,0.7016273
3,4,SO,OTHER_OUT,0.0,0.0,0.0,0.23775639,0.7622436
4,4,OTHER_OUT,OTHER_OUT,0.0,0.0,0.0,0.17601001,0.82399
0,4,SINGLE,OTHER_OUT,0.0,0.0,0.0,0.41884694,0.5811531
4,0,OTHER_OUT,SINGLE,0.65168345,0.17733935,0.17097718,0.0,0.0
4,1,OTHER_OUT,XBH,0.42152157,0.4240829,0.15439552,0.0,0.0
4,4,OTHER_OUT,OTHER_OUT,0.0,0.0,0.0,0.16307476,0.8369252
3,3,SO,SO,0.0,0.0,0.0,0.52744037,0.47255963
2,3,BB_HBP,SO,0.0,0.0,0.0,0.5279029,0.4720971
4,4,OTHER_OUT,OTHER_OUT,0.0,0.0,0.0,0.23838368,0.76161635
2,4,BB_HBP,OTHER_OUT,0.0,0.0,0.0,0.13227828,0.86772174
3,4,SO,OTHER_OUT,0.0,0.0,0.0,0.42333424,0.57666576
2,0,BB_HBP,SINGLE,0.39653695,0.31596646,0.2874966,0.0,0.0
0,0,SINGLE,SINGLE,0.6474145,0.12878466,0.22380085,0.0,0.0
4,4,OTHER_OUT,OTHER_OUT,0.0,0.0,0.0,0.40771204,0.59228796
3,1,SO,XBH,0.3921187,0.3960199,0.2118614,0.0,0.0
0,3,SINGLE,SO,0.0,0.0,0.0,0.57718813,0.42281187
4,4,OTHER_OUT,OTHER_OUT,0.0,0.0,0.0,0.4357747,0.56422526
4,4,OTHER_OUT,OTHER_OUT,0.0,0.0,0.0,0.31620562,0.6837944
0,3,SINGLE,SO,0.0,0.0,0.0,0.64399785,0.35600215
4,4,OTHER_OUT,OTHER_OUT,0.0,0.0,0.0,0.25780803,0.742192
4,4,OTHER_OUT,OTHER_OUT,0.0,0.0,0.0,0.22628586,0.7737141
4,4,OTHER_OUT,OTHER_OUT,0.0,0.0,0.0,0.45908588,0.5409141
4,4,OTHER_OUT,OTHER_OUT,0.0,0.0,0.0,0.28488022,0.7151198
4,4,OTHER_OUT,OTHER_OUT,0.0,0.0,0.0,0.34640196,0.65359807
4,4,OTHER_OUT,OTHER_OUT,0.0,0.0,0.0,0.22663553,0.7733645
4,4,OTHER_OUT,OTHER_OUT,0.0,0.0,0.0,0.1907695,0.8092305
0,4,SINGLE,OTHER_OUT,0.0,0.0,0.0,0.4126435,0.5873565
0,0,SINGLE,SINGLE,0.81036955,0.08101376,0.108616695,0.0,0.0
4,4,OTHER_OUT,OTHER_OUT,0.0,0.0,0.0,0.18419622,0.81580377
4,3,OTHER_OUT,SO,0.0,0.0,0.0,0.82267344,0.17732656
0,0,SINGLE,SINGLE,0.542386,0.21630463,0.2413094,0.0,0.0
2,1,BB_HBP,XBH,0.23780397,0.54012895,0.22206707,0.0,0.0
3,4,SO,OTHER_OUT,0.0,0.0,0.0,0.39572415,0.6042758
4,3,OTHER_OUT,SO,0.0,0.0,0.0,0.6510093,0.34899065
4,4,OTHER_OUT,OTHER_OUT,0.0,0.0,0.0,0.4557205,0.5442795
0,0,SINGLE,SINGLE,0.5524367,0.12812066,0.31944263,0.0,0.0
4,0,OTHER_OUT,SINGLE,0.363122,0.28175265,0.35512537,0.0,0.0
2,0,BB_HBP,SINGLE,0.46192855,0.34617263,0.19189882,0.0,0.0
3,4,SO,OTHER_OUT,0.0,0.0,0.0,0.14248985,0.85751015
4,2,OTHER_OUT,BB_HBP,0.3637167,0.15242828,0.48385504,0.0,0.0
3,4,SO,OTHER_OUT,0.0,0.0,0.0,0.16718474,0.83281523
4,0,OTHER_OUT,SINGLE,0.6933464,0.21053901,0.09611461,0.0,0.0
4,1,OTHER_OUT,XBH,0.29330677,0.5037648,0.20292847,0.0,0.0
0,0,SINGLE,SINGLE,0.6584532,0.25344345,0.088103324,0.0,0.0
4,4,OTHER_OUT,OTHER_OUT,0.0,0.0,0.0,0.20111744,0.79888254
4,4,OTHER_OUT,OTHER_OUT,0.0,0.0,0.0,0.37424564,0.62575436
4,3,OTHER_OUT,SO,0.0,0.0,0.0,0.6577891,0.3422109
4,0,OTHER_OUT,SINGLE,0.6524313,0.24418923,0.103379466,0.0,0.0
0,0,SINGLE,SINGLE,0.5701522,0.33009455,0.09975321,0.0,0.0
4,0,OTHER_OUT,SINGLE,0.4777432,0.19418052,0.32807627,0.0,0.0
2,4,BB_HBP,OTHER_OUT,0.0,0.0,0.0,0.34749588,0.6525041
4,4,OTHER_OUT,OTHER_OUT,0.0,0.0,0.0,0.42683664,0.57316333
4,4,OTHER_OUT,OTHER_OUT,0.0,0.0,0.0,0.4178826,0.58211744
2,0,BB_HBP,SINGLE,0.7395087,0.14161325,0.1188781,0.0,0.0
4,4,OTHER_OUT,OTHER_OUT,0.0,0.0,0.0,0.24305885,0.75694114
0,0,SINGLE,SINGLE,0.47918388,0.28341597,0.23740014,0.0,0.0
3,3,SO,SO,0.0,0.0,0.0,0.7774449,0.22255509
4,4,OTHER_OUT,OTHER_OUT,0.0,0.0,0.0,0.36603275,0.6339672
4,0,OTHER_OUT,SINGLE,0.40535116,0.30049273,0.2941561,0.0,0.0
4,4,OTHER_OUT,OTHER_OUT,0.0,0.0,0.0,0.32506502,0.674935
3,4,SO,OTHER_OUT,0.0,0.0,0.0,0.4700783,0.5299217
3,0,SO,SINGLE,0.6700073,0.13420875,0.19578394,0.0,0.0
3,4,SO,OTHER_OUT,0.0,0.0,0.0,0.3333847,0.6666153
3,4,SO,OTHER_OUT,0.0,0.0,0.0,0.111860044,0.88813996
4,4,OTHER_OUT,OTHER_OUT,0.0,0.0,0.0,0.13835399,0.861646
0,0,SINGLE,SINGLE,0.45143196,0.31498444,0.2335836,0.0,0.0
3,4,SO,OTHER_OUT,0.0,0.0,0.0,0.2692924,0.7307076
4,4,OTHER_OUT,OTHER_OUT,0.0,0.0,0.0,0.42345408,0.5765459
0,4,SINGLE,OTHER_OUT,0.0,0.0,0.0,0.41691875,0.58308125
4,2,OTHER_OUT,BB_HBP,0.1923152,0.2571153,0.5505695,0.0,0.0
4,0,OTHER_OUT,SINGLE,0.39934632,0.20545755,0.3951961,0.0,0.0
4,4,OTHER_OUT,OTHER_OUT,0.0,0.0,0.0,0.20600085,0.79399914
4,0,OTHER_OUT,SINGLE,0.5112769,0.32823884,0.16048428,0.0,0.0
4,3,OTHER_OUT,SO,0.0,0.0,0.0,0.59424525,0.40575472
4,4,OTHER_OUT,OTHER_OUT,0.0,0.0,0.0,0.26901013,0.7309899
3,4,SO,OTHER_OUT,0.0,0.0,0.0,0.13424993,0.8657501
0,4,SINGLE,OTHER_OUT,0.0,0.0,0.0,0.13426799,0.865732
4,0,OTHER_OUT,SINGLE,0.42695147,0.26974434,0.3033042,0.0,0.0
2,4,BB_HBP,OTHER_OUT,0.0,0.0,0.0,0.20650874,0.79349124
4,4,OTHER_OUT,OTHER_OUT,0.0,0.0,0.0,0.34415415,0.6558459
4,2,OTHER_OUT,BB_HBP,0.32067057,0.28931186,0.39001757,0.0,0.0
4,3,OTHER_OUT,SO,0.0,0.0,0.0,0.5327017,0.4672983
4,2,OTHER_OUT,BB_HBP,0.37903547,0.19721185,0.42375267,0.0,0.0
4,4,OTHER_OUT,OTHER_OUT,0.0,0.0,0.0,0.23089993,0.76910007
4,0,OTHER_OUT,SINGLE,0.37691322,0.2627731,0.36031368,0.0,0.0
0,0,SINGLE,SINGLE,0.5947764,0.20030047,0.20492315,0.0,0.0
2,4,BB_HBP,OTHER_OUT,0.0,0.0,0.0,0.12117935,0.87882066
3,0,SO,SINGLE,0.6106111,0.11020579,0.27918312,0.0,0.0
4,3,OTHER_OUT,SO,0.0,0.0,0.0,0.5836975,0.41630247
4,4,OTHER_OUT,OTHER_OUT,0.0,0.0,0.0,0.12820092,0.87179905
4,4,OTHER_OUT,OTHER_OUT,0.0,0.0,0.0,0.45511833,0.54488164
4,2,OTHER_OUT,BB_HBP,0.39610112,0.1860467,0.4178522,0.0,0.0
4,4,OTHER_OUT,OTHER_OUT,0.0,0.0,0.0,0.22334923,0.7766508
4,4,OTHER_OUT,OTHER_OUT,0.0,0.0,0.0,0.20771661,0.7922834
2,4,BB_HBP,OTHER_OUT,0.0,0.0,0.0,0.09948878,0.9005112
4,4,OTHER_OUT,OTHER_OUT,0.0,0.0,0.0,0.12867574,0.87132424
4,0,OTHER_OUT,SINGLE,0.5111169,0.28320476,0.20567833,0.0,0.0
3,0,SO,SINGLE,0.55299217,0.30437803,0.14262977,0.0,0.0
4,4,OTHER_OUT,OTHER_OUT,0.0,0.0,0.0,0.22583777,0.77416223
4,4,OTHER_OUT,OTHER_OUT,0.0,0.0,0.0,0.08878447,0.91121554
4,4,OTHER_OUT,OTHER_OUT,0.0,0.0,0.0,0.09132143,0.9086786
3,4,SO,OTHER_OUT,0.0,0.0,0.0,0.1435729,0.85642713
4,0,OTHER_OUT,SINGLE,0.48042566,0.2927613,0.22681305,0.0,0.0
3,4,SO,OTHER_OUT,0.0,0.0,0.0,0.445459,0.554541
4,3,OTHER_OUT,SO,0.0,0.0,0.0,0.548421,0.451579
3,4,SO,OTHER_OUT,0.0,0.0,0.0,0.17102858,0.8289714
4,4,OTHER_OUT,OTHER_OUT,0.0,0.0,0.0,0.37765434,0.6223456
4,4,OTHER_OUT,OTHER_OUT,0.0,0.0,0.0,0.13765839,0.8623416
1,4,XBH,OTHER_OUT,0.0,0.0,0.0,0.23883131,0.76116866
4,4,OTHER_OUT,OTHER_OUT,0.0,0.0,0.0,0.12173303,0.878267
4,4,OTHER_OUT,OTHER_OUT,0.0,0.0,0.0,0.36716017,0.6328398
4,4,OTHER_OUT,OTHER_OUT,0.0,0.0,0.0,0.3491635,0.65083647
4,2,OTHER_OUT,BB_HBP,0.34335002,0.19914442,0.45750555,0.0,0.0
3,4,SO,OTHER_OUT,0.0,0.0,0.0,0.13646749,0.8635325
4,4,OTHER_OUT,OTHER_OUT,0.0,0.0,0.0,0.12473793,0.8752621
4,3,OTHER_OUT,SO,0.0,0.0,0.0,0.51931775,0.48068222
4,3,OTHER_OUT,SO,0.0,0.0,0.0,0.594511,0.40548906
3,4,SO,OTHER_OUT,0.0,0.0,0.0,0.26253694,0.73746306
4,0,OTHER_OUT,SINGLE,0.68001646,0.20226441,0.1177191,0.0,0.0
4,4,OTHER_OUT,OTHER_OUT,0.0,0.0,0.0,0.1367125,0.8632875
2,2,BB_HBP,BB_HBP,0.35917786,0.2736211,0.36720103,0.0,0.0
1,4,XBH,OTHER_OUT,0.0,0.0,0.0,0.36350125,0.63649875
4,0,OTHER_OUT,SINGLE,0.557653,0.29320633,0.14914066,0.0,0.0
0,0,SINGLE,SINGLE,0.77535266,0.12815401,0.09649334,0.0,0.0
4,0,OTHER_OUT,SINGLE,0.42433318,0.20021634,0.37545046,0.0,0.0
3,2,SO,BB_HBP,0.3657527,0.23069982,0.40354747,0.0,0.0
3,4,SO,OTHER_OUT,0.0,0.0,0.0,0.39131257,0.6086874
4,4,OTHER_OUT,OTHER_OUT,0.0,0.0,0.0,0.27637962,0.7236204
1,3,XBH,SO,0.0,0.0,0.0,0.545225,0.45477498
3,3,SO,SO,0.0,0.0,0.0,0.5673148,0.43268517
4,4,OTHER_OUT,OTHER_OUT,0.0,0.0,0.0,0.12182014,0.87817985
4,4,OTHER_OUT,OTHER_OUT,0.0,0.0,0.0,0.40427434,0.59572566
4,4,OTHER_OUT,OTHER_OUT,0.0,0.0,0.0,0.40804446,0.59195554
3,4,SO,OTHER_OUT,0.0,0.0,0.0,0.39911658,0.6008834
4,4,OTHER_OUT,OTHER_OUT,0.0,0.0,0.0,0.30390662,0.6960934
2,2,BB_HBP,BB_HBP,0.42992714,0.12976295,0.4403099,0.0,0.0
2,4,BB_HBP,OTHER_OUT,0.0,0.0,0.0,0.31929463,0.68070537
0,4,SINGLE,OTHER_OUT,0.0,0.0,0.0,0.2666917,0.7333083
4,4,OTHER_OUT,OTHER_OUT,0.0,0.0,0.0,0.17781985,0.82218015
4,4,OTHER_OUT,OTHER_OUT,0.0,0.0,0.0,0.058440413,0.9415596
4,0,OTHER_OUT,SINGLE,0.3784482,0.35133117,0.27022064,0.0,0.0
2,0,BB_HBP,SINGLE,0.45535228,0.20793669,0.33671102,0.0,0.0
4,4,OTHER_OUT,OTHER_OUT,0.0,0.0,0.0,0.23348354,0.76651645
3,3,SO,SO,0.0,0.0,0.0,0.8256707,0.1743293
4,4,OTHER_OUT,OTHER_OUT,0.0,0.0,0.0,0.069776505,0.93022346
4,3,OTHER_OUT,SO,0.0,0.0,0.0,0.6508609,0.3491391
4,0,OTHER_OUT,SINGLE,0.5221778,0.14469647,0.33312568,0.0,0.0
2,4,BB_HBP,OTHER_OUT,0.0,0.0,0.0,0.36221337,0.6377866
4,0,OTHER_OUT,SINGLE,0.3910068,0.34801552,0.2609777,0.0,0.0
0,4,SINGLE,OTHER_OUT,0.0,0.0,0.0,0.21405303,0.78594697
4,4,OTHER_OUT,OTHER_OUT,0.0,0.0,0.0,0.264334,0.735666
3,4,SO,OTHER_OUT,0.0,0.0,0.0,0.4794914,0.5205086
0,4,SINGLE,OTHER_OUT,0.0,0.0,0.0,0.20656122,0.7934388
4,4,OTHER_OUT,OTHER_OUT,0.0,0.0,0.0,0.083612844,0.91638714
4,4,OTHER_OUT,OTHER_OUT,0.0,0.0,0.0,0.23561634,0.7643837
4,3,OTHER_OUT,SO,0.0,0.0,0.0,0.63652813,0.36347184
3,3,SO,SO,0.0,0.0,0.0,0.55718035,0.44281965
3,4,SO,OTHER_OUT,0.0,0.0,0.0,0.23459443,0.76540554
3,3,SO,SO,0.0,0.0,0.0,0.5028072,0.4971928
3,4,SO,OTHER_OUT,0.0,0.0,0.0,0.47620645,0.5237935
4,0,OTHER_OUT,SINGLE,0.39828923,0.3372759,0.26443487,0.0,0.0
0,4,SINGLE,OTHER_OUT,0.0,0.0,0.0,0.22222051,0.77777946
1,4,XBH,OTHER_OUT,0.0,0.0,0.0,0.43512836,0.56487167
1,2,XBH,BB_HBP,0.19665043,0.29334867,0.51000094,0.0,0.0
3,4,SO,OTHER_OUT,0.0,0.0,0.0,0.12987545,0.8701246
4,4,OTHER_OUT,OTHER_OUT,0.0,0.0,0.0,0.39157018,0.60842985
3,4,SO,OTHER_OUT,0.0,0.0,0.0,0.15150611,0.8484939
0,4,SINGLE,OTHER_OUT,0.0,0.0,0.0,0.19208403,0.807916
3,4,SO,OTHER_OUT,0.0,0.0,0.0,0.40394157,0.5960584
4,3,OTHER_OUT,SO,0.0,0.0,0.0,0.50772995,0.49227008
3,0,SO,SINGLE,0.6058074,0.18443255,0.20976001,0.0,0.0
4,2,OTHER_OUT,BB_HBP,0.31898132,0.19432025,0.48669845,0.0,0.0
1,4,XBH,OTHER_OUT,0.0,0.0,0.0,0.38803998,0.61196
3,0,SO,SINGLE,0.49235222,0.2913554,0.2162924,0.0,0.0
2,0,BB_HBP,SINGLE,0.4218595,0.4186766,0.1594639,0.0,0.0
1,2,XBH,BB_HBP,0.275058,0.18949172,0.5354503,0.0,0.0
3,4,SO,OTHER_OUT,0.0,0.0,0.0,0.3082313,0.6917687
4,0,OTHER_OUT,SINGLE,0.4078053,0.3815125,0.21068221,0.0,0.0
0,4,SINGLE,OTHER_OUT,0.0,0.0,0.0,0.11191663,0.8880834
4,2,OTHER_OUT,BB_HBP,0.42510596,0.10416713,0.4707269,0.0,0.0
0,0,SINGLE,SINGLE,0.63084185,0.085260555,0.2838976,0.0,0.0
3,3,SO,SO,0.0,0.0,0.0,0.5981673,0.40183273
4,0,OTHER_OUT,SINGLE,0.5886887,0.13660064,0.27471069,0.0,0.0
4,0,OTHER_OUT,SINGLE,0.51877874,0.25074315,0.23047812,0.0,0.0
2,4,BB_HBP,OTHER_OUT,0.0,0.0,0.0,0.49494904,0.50505096
4,0,OTHER_OUT,SINGLE,0.5321359,0.15606587,0.31179824,0.0,0.0
3,4,SO,OTHER_OUT,0.0,0.0,0.0,0.4121277,0.58787227
3,1,SO,XBH,0.3950541,0.44699794,0.15794796,0.0,0.0
3,4,SO,OTHER_OUT,0.0,0.0,0.0,0.29514688,0.7048531
4,0,OTHER_OUT,SINGLE,0.4027298,0.32068786,0.2765823,0.0,0.0
2,4,BB_HBP,OTHER_OUT,0.0,0.0,0.0,0.24547052,0.7545295
4,4,OTHER_OUT,OTHER_OUT,0.0,0.0,0.0,0.18608865,0.8139114
4,4,OTHER_OUT,OTHER_OUT,0.0,0.0,0.0,0.33017236,0.66982764
3,4,SO,OTHER_OUT,0.0,0.0,0.0,0.17025971,0.8297403
0,4,SINGLE,OTHER_OUT,0.0,0.0,0.0,0.12625282,0.87374717
4,0,OTHER_OUT,SINGLE,0.45522943,0.09286666,0.4519039,0.0,0.0
4,0,OTHER_OUT,SINGLE,0.3906576,0.31166652,0.29767588,0.0,0.0
0,3,SINGLE,SO,0.0,0.0,0.0,0.7062792,0.29372078
4,4,OTHER_OUT,OTHER_OUT,0.0,0.0,0.0,0.2470387,0.7529613
0,4,SINGLE,OTHER_OUT,0.0,0.0,0.0,0.19512594,0.80487406
4,4,OTHER_OUT,OTHER_OUT,0.0,0.0,0.0,0.34492096,0.655079
3,4,SO,OTHER_OUT,0.0,0.0,0.0,0.10527927,0.89472073
4,4,OTHER_OUT,OTHER_OUT,0.0,0.0,0.0,0.3366457,0.66335434
3,3,SO,SO,0.0,0.0,0.0,0.50673306,0.49326694
1,4,XBH,OTHER_OUT,0.0,0.0,0.0,0.157858,0.842142
2,4,BB_HBP,OTHER_OUT,0.0,0.0,0.0,0.15471913,0.8452809
4,1,OTHER_OUT,XBH,0.31636736,0.44521224,0.2384204,0.0,0.0
4,3,OTHER_OUT,SO,0.0,0.0,0.0,0.8075794,0.1924206
4,4,OTHER_OUT,OTHER_OUT,0.0,0.0,0.0,0.082123496,0.9178765
4,4,OTHER_OUT,OTHER_OUT,0.0,0.0,0.0,0.3281767,0.67182326
4,4,OTHER_OUT,OTHER_OUT,0.0,0.0,0.0,0.40785366,0.59214634
4,4,OTHER_OUT,OTHER_OUT,0.0,0.0,0.0,0.12384809,0.8761519
2,4,BB_HBP,OTHER_OUT,0.0,0.0,0.0,0.20972627,0.7902737
4,4,OTHER_OUT,OTHER_OUT,0.0,0.0,0.0,0.17597051,0.8240295
0,4,SINGLE,OTHER_OUT,0.0,0.0,0.0,0.30802542,0.6919746
4,4,OTHER_OUT,OTHER_OUT,0.0,0.0,0.0,0.17037325,0.82962674
3,4,SO,OTHER_OUT,0.0,0.0,0.0,0.12328454,0.8767155
4,4,OTHER_OUT,OTHER_OUT,0.0,0.0,0.0,0.27806064,0.7219393
4,4,OTHER_OUT,OTHER_OUT,0.0,0.0,0.0,0.49357802,0.506422
4,4,OTHER_OUT,OTHER_OUT,0.0,0.0,0.0,0.22562936,0.7743706
2,0,BB_HBP,SINGLE,0.46271127,0.18239447,0.35489425,0.0,0.0
0,4,SINGLE,OTHER_OUT,0.0,0.0,0.0,0.38099456,0.61900544
4,4,OTHER_OUT,OTHER_OUT,0.0,0.0,0.0,0.06664343,0.9333566
4,4,OTHER_OUT,OTHER_OUT,0.0,0.0,0.0,0.4059484,0.5940516
4,0,OTHER_OUT,SINGLE,0.49123627,0.41483867,0.09392504,0.0,0.0
2,4,BB_HBP,OTHER_OUT,0.0,0.0,0.0,0.15001948,0.84998053
3,0,SO,SINGLE,0.49153754,0.30478612,0.20367636,0.0,0.0
4,4,OTHER_OUT,OTHER_OUT,0.0,0.0,0.0,0.46324995,0.5367501
4,4,OTHER_OUT,OTHER_OUT,0.0,0.0,0.0,0.122548416,0.8774516
3,0,SO,SINGLE,0.52147144,0.2424309,0.23609765,0.0,0.0
4,0,OTHER_OUT,SINGLE,0.4440238,0.32296452,0.2330117,0.0,0.0
4,4,OTHER_OUT,OTHER_OUT,0.0,0.0,0.0,0.03952153,0.9604785
4,4,OTHER_OUT,OTHER_OUT,0.0,0.0,0.0,0.274297,0.725703
4,4,OTHER_OUT,OTHER_OUT,0.0,0.0,0.0,0.28858927,0.71141076
4,4,OTHER_OUT,OTHER_OUT,0.0,0.0,0.0,0.41062224,0.58937776
2,4,BB_HBP,OTHER_OUT,0.0,0.0,0.0,0.22439179,0.7756082
4,4,OTHER_OUT,OTHER_OUT,0.0,0.0,0.0,0.32058436,0.67941564
0,4,SINGLE,OTHER_OUT,0.0,0.0,0.0,0.1008893,0.8991107
4,4,OTHER_OUT,OTHER_OUT,0.0,0.0,0.0,0.33258343,0.6674166
0,4,SINGLE,OTHER_OUT,0.0,0.0,0.0,0.38661698,0.61338305
4,0,OTHER_OUT,SINGLE,0.3573329,0.34201294,0.30065414,0.0,0.0
4,4,OTHER_OUT,OTHER_OUT,0.0,0.0,0.0,0.2524281,0.7475719
3,4,SO,OTHER_OUT,0.0,0.0,0.0,0.21498606,0.7850139
3,4,SO,OTHER_OUT,0.0,0.0,0.0,0.19315901,0.806841
3,3,SO,SO,0.0,0.0,0.0,0.67947125,0.32052875
4,1,OTHER_OUT,XBH,0.3639769,0.38736942,0.24865368,0.0,0.0
0,0,SINGLE,SINGLE,0.49531734,0.22566736,0.2790153,0.0,0.0
4,4,OTHER_OUT,OTHER_OUT,0.0,0.0,0.0,0.3096988,0.69030124
4,4,OTHER_OUT,OTHER_OUT,0.0,0.0,0.0,0.43696952,0.5630305
4,4,OTHER_OUT,OTHER_OUT,0.0,0.0,0.0,0.12975812,0.8702419
0,4,SINGLE,OTHER_OUT,0.0,0.0,0.0,0.28574416,0.71425587
3,1,SO,XBH,0.35806733,0.39502874,0.24690394,0.0,0.0
4,0,OTHER_OUT,SINGLE,0.55410284,0.16604961,0.27984756,0.0,0.0
2,0,BB_HBP,SINGLE,0.4077195,0.2438099,0.3484706,0.0,0.0
0,2,SINGLE,BB_HBP,0.38704747,0.16915399,0.44379854,0.0,0.0
0,4,SINGLE,OTHER_OUT,0.0,0.0,0.0,0.24369678,0.75630325
0,4,SINGLE,OTHER_OUT,0.0,0.0,0.0,0.18707396,0.81292605
0,4,SINGLE,OTHER_OUT,0.0,0.0,0.0,0.17772849,0.8222715
3,0,SO,SINGLE,0.36877868,0.3450491,0.2861722,0.0,0.0
0,0,SINGLE,SINGLE,0.38343224,0.3575654,0.25900236,0.0,0.0
4,0,OTHER_OUT,SINGLE,0.46667898,0.34277564,0.19054538,0.0,0.0
4,4,OTHER_OUT,OTHER_OUT,0.0,0.0,0.0,0.29571107,0.70428896
4,4,OTHER_OUT,OTHER_OUT,0.0,0.0,0.0,0.11938052,0.88061947
3,4,SO,OTHER_OUT,0.0,0.0,0.0,0.25783193,0.74216807
4,4,OTHER_OUT,OTHER_OUT,0.0,0.0,0.0,0.3878901,0.6121099
0,0,SINGLE,SINGLE,0.5644584,0.33761996,0.097921684,0.0,0.0
0,0,SINGLE,SINGLE,0.72659254,0.06547525,0.20793219,0.0,0.0
3,3,SO,SO,0.0,0.0,0.0,0.6074269,0.3925731
4,4,OTHER_OUT,OTHER_OUT,0.0,0.0,0.0,0.42366868,0.5763313
4,0,OTHER_OUT,SINGLE,0.6236141,0.18573585,0.19065005,0.0,0.0
1,0,XBH,SINGLE,0.39072973,0.37770993,0.23156035,0.0,0.0
3,4,SO,OTHER_OUT,0.0,0.0,0.0,0.2725171,0.7274829
4,3,OTHER_OUT,SO,0.0,0.0,0.0,0.5848311,0.41516888
4,3,OTHER_OUT,SO,0.0,0.0,0.0,0.6573486,0.34265143
0,4,SINGLE,OTHER_OUT,0.0,0.0,0.0,0.31059542,0.6894046
3,3,SO,SO,0.0,0.0,0.0,0.54706633,0.45293367
1,1,XBH,XBH,0.2593276,0.50051355,0.24015886,0.0,0.0
4,4,OTHER_OUT,OTHER_OUT,0.0,0.0,0.0,0.16914807,0.8308519
2,4,BB_HBP,OTHER_OUT,0.0,0.0,0.0,0.09000821,0.9099918
4,0,OTHER_OUT,SINGLE,0.6136525,0.2497701,0.13657737,0.0,0.0
1,0,XBH,SINGLE,0.5024354,0.376009,0.12155561,0.0,0.0
4,4,OTHER_OUT,OTHER_OUT,0.0,0.0,0.0,0.27031338,0.7296866
4,4,OTHER_OUT,OTHER_OUT,0.0,0.0,0.0,0.2858639,0.71413606
0,4,SINGLE,OTHER_OUT,0.0,0.0,0.0,0.1701559,0.8298441
4,4,OTHER_OUT,OTHER_OUT,0.0,0.0,0.0,0.36119786,0.6388021
4,4,OTHER_OUT,OTHER_OUT,0.0,0.0,0.0,0.28558168,0.7144183
4,4,OTHER_OUT,OTHER_OUT,0.0,0.0,0.0,0.32583392,0.6741661
0,0,SINGLE,SINGLE,0.5453485,0.28423512,0.17041634,0.0,0.0
3,3,SO,SO,0.0,0.0,0.0,0.53656244,0.46343756
4,3,OTHER_OUT,SO,0.0,0.0,0.0,0.54239804,0.45760193
3,3,SO,SO,0.0,0.0,0.0,0.66016585,0.33983418
0,4,SINGLE,OTHER_OUT,0.0,0.0,0.0,0.4345751,0.5654249
4,3,OTHER_OUT,SO,0.0,0.0,0.0,0.6856045,0.31439546
4,3,OTHER_OUT,SO,0.0,0.0,0.0,0.69742084,0.30257916
3,3,SO,SO,0.0,0.0,0.0,0.6858716,0.3141284
4,3,OTHER_OUT,SO,0.0,0.0,0.0,0.6823709,0.31762907
4,4,OTHER_OUT,OTHER_OUT,0.0,0.0,0.0,0.22010611,0.7798939
1,4,XBH,OTHER_OUT,0.0,0.0,0.0,0.40717208,0.5928279
4,4,OTHER_OUT,OTHER_OUT,0.0,0.0,0.0,0.19096538,0.80903465
4,4,OTHER_OUT,OTHER_OUT,0.0,0.0,0.0,0.39449662,0.6055034
0,4,SINGLE,OTHER_OUT,0.0,0.0,0.0,0.33547938,0.6645206
2,0,BB_HBP,SINGLE,0.41492984,0.22044176,0.3646284,0.0,0.0
4,0,OTHER_OUT,SINGLE,0.6771995,0.15955243,0.1632481,0.0,0.0
0,4,SINGLE,OTHER_OUT,0.0,0.0,0.0,0.19923878,0.8007612
0,0,SINGLE,SINGLE,0.71705425,0.18251303,0.10043271,0.0,0.0
4,0,OTHER_OUT,SINGLE,0.56071967,0.23292507,0.20635524,0.0,0.0
4,3,OTHER_OUT,SO,0.0,0.0,0.0,0.6457632,0.35423678
4,4,OTHER_OUT,OTHER_OUT,0.0,0.0,0.0,0.24539736,0.7546027
2,4,BB_HBP,OTHER_OUT,0.0,0.0,0.0,0.39433673,0.6056633
0,3,SINGLE,SO,0.0,0.0,0.0,0.54689336,0.4531066
3,3,SO,SO,0.0,0.0,0.0,0.7753343,0.22466573
3,4,SO,OTHER_OUT,0.0,0.0,0.0,0.17543237,0.8245676
4,4,OTHER_OUT,OTHER_OUT,0.0,0.0,0.0,0.24904945,0.7509505
0,4,SINGLE,OTHER_OUT,0.0,0.0,0.0,0.46893853,0.5310615
4,0,OTHER_OUT,SINGLE,0.59026814,0.30508432,0.104647554,0.0,0.0
3,4,SO,OTHER_OUT,0.0,0.0,0.0,0.07152418,0.9284758
2,0,BB_HBP,SINGLE,0.44455534,0.20264961,0.35279503,0.0,0.0
4,4,OTHER_OUT,OTHER_OUT,0.0,0.0,0.0,0.34692,0.65308
4,3,OTHER_OUT,SO,0.0,0.0,0.0,0.655833,0.344167
4,4,OTHER_OUT,OTHER_OUT,0.0,0.0,0.0,0.40818292,0.5918171
4,3,OTHER_OUT,SO,0.0,0.0,0.0,0.5755709,0.4244291
4,4,OTHER_OUT,OTHER_OUT,0.0,0.0,0.0,0.10817993,0.8918201
0,4,SINGLE,OTHER_OUT,0.0,0.0,0.0,0.259718,0.740282
4,4,OTHER_OUT,OTHER_OUT,0.0,0.0,0.0,0.18351518,0.8164848
4,4,OTHER_OUT,OTHER_OUT,0.0,0.0,0.0,0.46833947,0.53166056
2,3,BB_HBP,SO,0.0,0.0,0.0,0.7396474,0.26035264
0,4,SINGLE,OTHER_OUT,0.0,0.0,0.0,0.16014126,0.8398588
4,4,OTHER_OUT,OTHER_OUT,0.0,0.0,0.0,0.07657259,0.9234274
3,4,SO,OTHER_OUT,0.0,0.0,0.0,0.36048162,0.6395184
4,2,OTHER_OUT,BB_HBP,0.29683647,0.12966682,0.5734967,0.0,0.0
4,4,OTHER_OUT,OTHER_OUT,0.0,0.0,0.0,0.18211718,0.81788284
4,0,OTHER_OUT,SINGLE,0.6617682,0.1310426,0.20718919,0.0,0.0
3,3,SO,SO,0.0,0.0,0.0,0.56505907,0.43494093
0,4,SINGLE,OTHER_OUT,0.0,0.0,0.0,0.17676754,0.8232325
4,4,OTHER_OUT,OTHER_OUT,0.0,0.0,0.0,0.11465003,0.88535
4,4,OTHER_OUT,OTHER_OUT,0.0,0.0,0.0,0.24732602,0.752674
3,2,SO,BB_HBP,0.25623626,0.23006809,0.51369566,0.0,0.0
4,4,OTHER_OUT,OTHER_OUT,0.0,0.0,0.0,0.3336213,0.66637874
3,0,SO,SINGLE,0.503611,0.1838504,0.31253856,0.0,0.0
1,4,XBH,OTHER_OUT,0.0,0.0,0.0,0.4646972,0.5353028
4,4,OTHER_OUT,OTHER_OUT,0.0,0.0,0.0,0.20103614,0.79896384
4,4,OTHER_OUT,OTHER_OUT,0.0,0.0,0.0,0.17238688,0.8276131
4,4,OTHER_OUT,OTHER_OUT,0.0,0.0,0.0,0.18631709,0.8136829
4,2,OTHER_OUT,BB_HBP,0.24845253,0.30521038,0.44633707,0.0,0.0
3,0,SO,SINGLE,0.41448808,0.30421913,0.2812928,0.0,0.0
3,0,SO,SINGLE,0.53994316,0.12626874,0.33378813,0.0,0.0
4,4,OTHER_OUT,OTHER_OUT,0.0,0.0,0.0,0.2327486,0.76725143
4,3,OTHER_OUT,SO,0.0,0.0,0.0,0.68132687,0.3186731
4,4,OTHER_OUT,OTHER_OUT,0.0,0.0,0.0,0.15508321,0.84491676
0,0,SINGLE,SINGLE,0.44390798,0.30883074,0.24726126,0.0,0.0
0,2,SINGLE,BB_HBP,0.30348286,0.23107901,0.46543813,0.0,0.0
2,4,BB_HBP,OTHER_OUT,0.0,0.0,0.0,0.31904116,0.68095887
4,0,OTHER_OUT,SINGLE,0.5081199,0.1291488,0.3627313,0.0,0.0
4,4,OTHER_OUT,OTHER_OUT,0.0,0.0,0.0,0.16016544,0.8398346
3,0,SO,SINGLE,0.55280876,0.304518,0.14267321,0.0,0.0
3,4,SO,OTHER_OUT,0.0,0.0,0.0,0.26347226,0.73652774
2,3,BB_HBP,SO,0.0,0.0,0.0,0.5315788,0.46842122
4,4,OTHER_OUT,OTHER_OUT,0.0,0.0,0.0,0.2548363,0.7451637
4,4,OTHER_OUT,OTHER_OUT,0.0,0.0,0.0,0.47728738,0.52271265
2,4,BB_HBP,OTHER_OUT,0.0,0.0,0.0,0.4681278,0.5318722
3,3,SO,SO,0.0,0.0,0.0,0.59449685,0.40550312
0,0,SINGLE,SINGLE,0.5918496,0.11754853,0.29060182,0.0,0.0
4,4,OTHER_OUT,OTHER_OUT,0.0,0.0,0.0,0.10070316,0.8992968
3,2,SO,BB_HBP,0.2819921,0.21817312,0.49983478,0.0,0.0
2,0,BB_HBP,SINGLE,0.48633793,0.24252482,0.27113727,0.0,0.0
4,1,OTHER_OUT,XBH,0.38754618,0.413421,0.19903281,0.0,0.0
4,4,OTHER_OUT,OTHER_OUT,0.0,0.0,0.0,0.26544866,0.73455137
4,4,OTHER_OUT,OTHER_OUT,0.0,0.0,0.0,0.31799063,0.6820094
2,4,BB_HBP,OTHER_OUT,0.0,0.0,0.0,0.3832366,0.6167634
3,3,SO,SO,0.0,0.0,0.0,0.601269,0.398731
0,4,SINGLE,OTHER_OUT,0.0,0.0,0.0,0.3925062,0.60749376
4,0,OTHER_OUT,SINGLE,0.6209193,0.22533667,0.15374404,0.0,0.0
3,2,SO,BB_HBP,0.22076495,0.26486596,0.5143691,0.0,0.0
4,4,OTHER_OUT,OTHER_OUT,0.0,0.0,0.0,0.08837693,0.91162306
0,4,SINGLE,OTHER_OUT,0.0,0.0,0.0,0.16512348,0.83487654
3,0,SO,SINGLE,0.40414768,0.2818476,0.3140047,0.0,0.0
1,4,XBH,OTHER_OUT,0.0,0.0,0.0,0.152325,0.847675
3,1,SO,XBH,0.40708247,0.4103651,0.18255244,0.0,0.0
4,4,OTHER_OUT,OTHER_OUT,0.0,0.0,0.0,0.32365194,0.6763481
0,4,SINGLE,OTHER_OUT,0.0,0.0,0.0,0.33379677,0.66620326
0,4,SINGLE,OTHER_OUT,0.0,0.0,0.0,0.42259073,0.57740927
3,4,SO,OTHER_OUT,0.0,0.0,0.0,0.15653037,0.8434696
4,4,OTHER_OUT,OTHER_OUT,0.0,0.0,0.0,0.36792687,0.6320731
4,4,OTHER_OUT,OTHER_OUT,0.0,0.0,0.0,0.21997935,0.78002065
4,4,OTHER_OUT,OTHER_OUT,0.0,0.0,0.0,0.3108852,0.6891148
0,0,SINGLE,SINGLE,0.4643985,0.19053023,0.34507126,0.0,0.0
3,3,SO,SO,0.0,0.0,0.0,0.82874966,0.17125031
4,3,OTHER_OUT,SO,0.0,0.0,0.0,0.63147485,0.36852518
3,0,SO,SINGLE,0.4211684,0.37284887,0.20598274,0.0,0.0
4,3,OTHER_OUT,SO,0.0,0.0,0.0,0.77705085,0.22294913
2,0,BB_HBP,SINGLE,0.6523926,0.18391122,0.16369617,0.0,0.0
0,2,SINGLE,BB_HBP,0.42503753,0.14647172,0.42849073,0.0,0.0
4,2,OTHER_OUT,BB_HBP,0.17411505,0.17524023,0.6506447,0.0,0.0
4,4,OTHER_OUT,OTHER_OUT,0.0,0.0,0.0,0.14213666,0.85786337
3,4,SO,OTHER_OUT,0.0,0.0,0.0,0.17842631,0.8215737
4,4,OTHER_OUT,OTHER_OUT,0.0,0.0,0.0,0.37945738,0.62054265
4,0,OTHER_OUT,SINGLE,0.50263304,0.21401535,0.2833516,0.0,0.0
0,2,SINGLE,BB_HBP,0.15784448,0.18877287,0.65338266,0.0,0.0
4,3,OTHER_OUT,SO,0.0,0.0,0.0,0.74541044,0.25458956
3,4,SO,OTHER_OUT,0.0,0.0,0.0,0.11186604,0.88813394
4,4,OTHER_OUT,OTHER_OUT,0.0,0.0,0.0,0.36479166,0.63520837
4,4,OTHER_OUT,OTHER_OUT,0.0,0.0,0.0,0.28671995,0.7132801
1,4,XBH,OTHER_OUT,0.0,0.0,0.0,0.28910545,0.7108945
4,4,OTHER_OUT,OTHER_OUT,0.0,0.0,0.0,0.42501006,0.5749899
3,4,SO,OTHER_OUT,0.0,0.0,0.0,0.45380354,0.54619646
4,4,OTHER_OUT,OTHER_OUT,0.0,0.0,0.0,0.10911091,0.8908891
0,2,SINGLE,BB_HBP,0.29837778,0.28063115,0.42099106,0.0,0.0
4,4,OTHER_OUT,OTHER_OUT,0.0,0.0,0.0,0.06927387,0.9307261
3,4,SO,OTHER_OUT,0.0,0.0,0.0,0.18305112,0.8169489
4,4,OTHER_OUT,OTHER_OUT,0.0,0.0,0.0,0.23333591,0.7666641
3,3,SO,SO,0.0,0.0,0.0,0.5622857,0.43771428
4,4,OTHER_OUT,OTHER_OUT,0.0,0.0,0.0,0.09271637,0.9072836
4,4,OTHER_OUT,OTHER_OUT,0.0,0.0,0.0,0.32150948,0.6784905
2,4,BB_HBP,OTHER_OUT,0.0,0.0,0.0,0.31636882,0.6836312
1,4,XBH,OTHER_OUT,0.0,0.0,0.0,0.35487884,0.64512116
4,4,OTHER_OUT,OTHER_OUT,0.0,0.0,0.0,0.20834513,0.7916549
4,1,OTHER_OUT,XBH,0.42896032,0.46349865,0.107541025,0.0,0.0
4,4,OTHER_OUT,OTHER_OUT,0.0,0.0,0.0,0.29170617,0.70829386
4,4,OTHER_OUT,OTHER_OUT,0.0,0.0,0.0,0.24810405,0.75189596
4,1,OTHER_OUT,XBH,0.31969738,0.34902555,0.33127707,0.0,0.0
4,4,OTHER_OUT,OTHER_OUT,0.0,0.0,0.0,0.12616205,0.87383795
0,0,SINGLE,SINGLE,0.421224,0.256861,0.321915,0.0,0.0
4,4,OTHER_OUT,OTHER_OUT,0.0,0.0,0.0,0.23453799,0.765462
4,3,OTHER_OUT,SO,0.0,0.0,0.0,0.6727261,0.3272739
2,4,BB_HBP,OTHER_OUT,0.0,0.0,0.0,0.2786565,0.72134346
3,3,SO,SO,0.0,0.0,0.0,0.67782223,0.32217774
0,4,SINGLE,OTHER_OUT,0.0,0.0,0.0,0.4252014,0.5747986
3,4,SO,OTHER_OUT,0.0,0.0,0.0,0.28744638,0.7125536
4,4,OTHER_OUT,OTHER_OUT,0.0,0.0,0.0,0.4645295,0.5354705
0,2,SINGLE,BB_HBP,0.3384764,0.13304508,0.52847856,0.0,0.0
4,4,OTHER_OUT,OTHER_OUT,0.0,0.0,0.0,0.04683801,0.953162
3,3,SO,SO,0.0,0.0,0.0,0.5237585,0.47624153
4,4,OTHER_OUT,OTHER_OUT,0.0,0.0,0.0,0.19662544,0.8033746
1,4,XBH,OTHER_OUT,0.0,0.0,0.0,0.41680557,0.58319443
4,4,OTHER_OUT,OTHER_OUT,0.0,0.0,0.0,0.22530794,0.77469206
2,2,BB_HBP,BB_HBP,0.18059959,0.12940788,0.68999255,0.0,0.0
4,4,OTHER_OUT,OTHER_OUT,0.0,0.0,0.0,0.46568495,0.53431505
1,3,XBH,SO,0.0,0.0,0.0,0.5246774,0.4753226
0,3,SINGLE,SO,0.0,0.0,0.0,0.5381129,0.46188712
4,3,OTHER_OUT,SO,0.0,0.0,0.0,0.5542219,0.44577807
0,1,SINGLE,XBH,0.39124346,0.39686385,0.2118927,0.0,0.0
4,0,OTHER_OUT,SINGLE,0.49531406,0.25479373,0.2498922,0.0,0.0
0,4,SINGLE,OTHER_OUT,0.0,0.0,0.0,0.06258744,0.93741256
4,4,OTHER_OUT,OTHER_OUT,0.0,0.0,0.0,0.197941,0.802059
0,3,SINGLE,SO,0.0,0.0,0.0,0.5341686,0.46583143
4,4,OTHER_OUT,OTHER_OUT,0.0,0.0,0.0,0.2763816,0.7236184
0,1,SINGLE,XBH,0.35928485,0.39265922,0.24805595,0.0,0.0
4,4,OTHER_OUT,OTHER_OUT,0.0,0.0,0.0,0.35496804,0.645032
4,4,OTHER_OUT,OTHER_OUT,0.0,0.0,0.0,0.46721295,0.532787
1,3,XBH,SO,0.0,0.0,0.0,0.62159526,0.37840474
3,3,SO,SO,0.0,0.0,0.0,0.61387676,0.38612324
4,4,OTHER_OUT,OTHER_OUT,0.0,0.0,0.0,0.35548142,0.6445186
4,0,OTHER_OUT,SINGLE,0.431378,0.15351573,0.41510627,0.0,0.0
4,0,OTHER_OUT,SINGLE,0.53370106,0.08819575,0.3781032,0.0,0.0
3,4,SO,OTHER_OUT,0.0,0.0,0.0,0.1760689,0.8239311
0,3,SINGLE,SO,0.0,0.0,0.0,0.5181845,0.48181552
4,4,OTHER_OUT,OTHER_OUT,0.0,0.0,0.0,0.19010554,0.80989444
0,4,SINGLE,OTHER_OUT,0.0,0.0,0.0,0.22032286,0.77967715
4,3,OTHER_OUT,SO,0.0,0.0,0.0,0.62152517,0.37847486
4,4,OTHER_OUT,OTHER_OUT,0.0,0.0,0.0,0.46911466,0.53088534
3,2,SO,BB_HBP,0.2861064,0.090038925,0.62385464,0.0,0.0
2,0,BB_HBP,SINGLE,0.7366031,0.20797993,0.055416983,0.0,0.0
4,0,OTHER_OUT,SINGLE,0.528882,0.071996085,0.39912188,0.0,0.0
3,4,SO,OTHER_OUT,0.0,0.0,0.0,0.19620359,0.8037964
3,3,SO,SO,0.0,0.0,0.0,0.5817085,0.4182915
1,0,XBH,SINGLE,0.65855426,0.13804744,0.20339832,0.0,0.0
0,2,SINGLE,BB_HBP,0.35066012,0.12192082,0.5274191,0.0,0.0
0,0,SINGLE,SINGLE,0.587435,0.06197712,0.3505879,0.0,0.0
4,4,OTHER_OUT,OTHER_OUT,0.0,0.0,0.0,0.12456615,0.87543386
4,0,OTHER_OUT,SINGLE,0.56847155,0.14141665,0.29011178,0.0,0.0
4,0,OTHER_OUT,SINGLE,0.6363827,0.20559007,0.15802723,0.0,0.0
4,4,OTHER_OUT,OTHER_OUT,0.0,0.0,0.0,0.34427682,0.6557232
3,3,SO,SO,0.0,0.0,0.0,0.7091817,0.29081827
3,4,SO,OTHER_OUT,0.0,0.0,0.0,0.428895,0.571105
4,2,OTHER_OUT,BB_HBP,0.32292098,0.1309019,0.5461771,0.0,0.0
1,4,XBH,OTHER_OUT,0.0,0.0,0.0,0.38688952,0.6131105
4,4,OTHER_OUT,OTHER_OUT,0.0,0.0,0.0,0.23175336,0.76824665
0,0,SINGLE,SINGLE,0.68179977,0.1315161,0.18668415,0.0,0.0
4,2,OTHER_OUT,BB_HBP,0.31573376,0.094220795,0.59004545,0.0,0.0
4,0,OTHER_OUT,SINGLE,0.4703667,0.1644243,0.365209,0.0,0.0
4,0,OTHER_OUT,SINGLE,0.6589582,0.118873104,0.2221687,0.0,0.0
0,0,SINGLE,SINGLE,0.603656,0.119695194,0.2766488,0.0,0.0
4,4,OTHER_OUT,OTHER_OUT,0.0,0.0,0.0,0.20877533,0.79122466
4,0,OTHER_OUT,SINGLE,0.4839982,0.34673968,0.16926208,0.0,0.0
4,2,OTHER_OUT,BB_HBP,0.35562736,0.19122013,0.4531525,0.0,0.0
3,4,SO,OTHER_OUT,0.0,0.0,0.0,0.28514346,0.7148565
4,4,OTHER_OUT,OTHER_OUT,0.0,0.0,0.0,0.47320244,0.5267976
3,4,SO,OTHER_OUT,0.0,0.0,0.0,0.10032992,0.89967006
0,2,SINGLE,BB_HBP,0.2045985,0.16256568,0.6328358,0.0,0.0
4,4,OTHER_OUT,OTHER_OUT,0.0,0.0,0.0,0.18445106,0.81554896
3,4,SO,OTHER_OUT,0.0,0.0,0.0,0.15613432,0.8438657
3,0,SO,SINGLE,0.7679029,0.14182982,0.09026727,0.0,0.0
4,0,OTHER_OUT,SINGLE,0.79847497,0.07996256,0.121562466,0.0,0.0
4,3,OTHER_OUT,SO,0.0,0.0,0.0,0.68948764,0.31051233
0,4,SINGLE,OTHER_OUT,0.0,0.0,0.0,0.12520413,0.87479585
3,4,SO,OTHER_OUT,0.0,0.0,0.0,0.37622467,0.6237753
3,4,SO,OTHER_OUT,0.0,0.0,0.0,0.105915956,0.89408404
3,2,SO,BB_HBP,0.34289944,0.2870532,0.3700474,0.0,0.0
0,1,SINGLE,XBH,0.43710107,0.5077521,0.055146817,0.0,0.0
4,3,OTHER_OUT,SO,0.0,0.0,0.0,0.5249524,0.4750476
3,4,SO,OTHER_OUT,0.0,0.0,0.0,0.496104,0.503896
0,3,SINGLE,SO,0.0,0.0,0.0,0.50454724,0.49545276
4,2,OTHER_OUT,BB_HBP,0.3684466,0.10239973,0.5291537,0.0,0.0
4,4,OTHER_OUT,OTHER_OUT,0.0,0.0,0.0,0.25670958,0.7432904
4,4,OTHER_OUT,OTHER_OUT,0.0,0.0,0.0,0.34047455,0.65952545
0,2,SINGLE,BB_HBP,0.28531033,0.21155012,0.50313956,0.0,0.0
4,4,OTHER_OUT,OTHER_OUT,0.0,0.0,0.0,0.34790918,0.6520908
0,4,SINGLE,OTHER_OUT,0.0,0.0,0.0,0.42508662,0.5749134
4,3,OTHER_OUT,SO,0.0,0.0,0.0,0.5036554,0.49634466
0,0,SINGLE,SINGLE,0.44692674,0.11861857,0.4344547,0.0,0.0
1,4,XBH,OTHER_OUT,0.0,0.0,0.0,0.30169162,0.69830835
0,3,SINGLE,SO,0.0,0.0,0.0,0.5779804,0.42201957
4,4,OTHER_OUT,OTHER_OUT,0.0,0.0,0.0,0.47011498,0.52988505
4,2,OTHER_OUT,BB_HBP,0.34537357,0.11271291,0.5419135,0.0,0.0
4,2,OTHER_OUT,BB_HBP,0.35242906,0.102717824,0.5448531,0.0,0.0
2,0,BB_HBP,SINGLE,0.46479723,0.35915652,0.17604625,0.0,0.0
0,1,SINGLE,XBH,0.35633248,0.3953919,0.2482756,0.0,0.0
4,3,OTHER_OUT,SO,0.0,0.0,0.0,0.6504624,0.34953758
4,3,OTHER_OUT,SO,0.0,0.0,0.0,0.52931803,0.47068197
4,4,OTHER_OUT,OTHER_OUT,0.0,0.0,0.0,0.29158378,0.7084162
0,2,SINGLE,BB_HBP,0.21378398,0.37119952,0.4150165,0.0,0.0
1,4,XBH,OTHER_OUT,0.0,0.0,0.0,0.3374599,0.6625401
2,4,BB_HBP,OTHER_OUT,0.0,0.0,0.0,0.3529549,0.64704514
0,4,SINGLE,OTHER_OUT,0.0,0.0,0.0,0.2914193,0.70858073
4,0,OTHER_OUT,SINGLE,0.38936216,0.24729589,0.36334196,0.0,0.0
2,2,BB_HBP,BB_HBP,0.2463527,0.10821646,0.64543086,0.0,0.0
4,0,OTHER_OUT,SINGLE,0.39604288,0.36327106,0.24068603,0.0,0.0
4,4,OTHER_OUT,OTHER_OUT,0.0,0.0,0.0,0.31972814,0.68027186
0,0,SINGLE,SINGLE,0.41962248,0.23949485,0.3408827,0.0,0.0
0,0,SINGLE,SINGLE,0.39999327,0.36689252,0.23311421,0.0,0.0
4,4,OTHER_OUT,OTHER_OUT,0.0,0.0,0.0,0.20914167,0.7908583
0,0,SINGLE,SINGLE,0.48423254,0.30183947,0.21392797,0.0,0.0
4,4,OTHER_OUT,OTHER_OUT,0.0,0.0,0.0,0.11890673,0.88109326
3,4,SO,OTHER_OUT,0.0,0.0,0.0,0.4722793,0.5277207
4,1,OTHER_OUT,XBH,0.24796249,0.4835594,0.2684781,0.0,0.0
4,4,OTHER_OUT,OTHER_OUT,0.0,0.0,0.0,0.46618748,0.5338125
0,0,SINGLE,SINGLE,0.5524743,0.2909595,0.15656616,0.0,0.0
0,4,SINGLE,OTHER_OUT,0.0,0.0,0.0,0.24100803,0.75899196
4,4,OTHER_OUT,OTHER_OUT,0.0,0.0,0.0,0.15439302,0.845607
4,4,OTHER_OUT,OTHER_OUT,0.0,0.0,0.0,0.4459166,0.5540834
4,0,OTHER_OUT,SINGLE,0.48797452,0.23547715,0.27654833,0.0,0.0
0,0,SINGLE,SINGLE,0.4856561,0.34853247,0.16581142,0.0,0.0
1,4,XBH,OTHER_OUT,0.0,0.0,0.0,0.35840648,0.6415935
0,4,SINGLE,OTHER_OUT,0.0,0.0,0.0,0.3238907,0.6761093
4,3,OTHER_OUT,SO,0.0,0.0,0.0,0.58339155,0.41660848
3,2,SO,BB_HBP,0.3308141,0.22325657,0.44592932,0.0,0.0
3,2,SO,BB_HBP,0.34735423,0.21795948,0.4346863,0.0,0.0
4,3,OTHER_OUT,SO,0.0,0.0,0.0,0.52062064,0.47937933
4,0,OTHER_OUT,SINGLE,0.5006531,0.26297337,0.23637354,0.0,0.0
4,3,OTHER_OUT,SO,0.0,0.0,0.0,0.6244354,0.37556455
4,3,OTHER_OUT,SO,0.0,0.0,0.0,0.5008987,0.49910128
2,0,BB_HBP,SINGLE,0.51222485,0.14310408,0.34467107,0.0,0.0
4,0,OTHER_OUT,SINGLE,0.44103932,0.25214186,0.3068188,0.0,0.0
4,3,OTHER_OUT,SO,0.0,0.0,0.0,0.5317046,0.46829543
3,2,SO,BB_HBP,0.39793932,0.19723241,0.40482825,0.0,0.0
0,0,SINGLE,SINGLE,0.49312267,0.08000148,0.42687586,0.0,0.0
3,0,SO,SINGLE,0.4953245,0.3877682,0.116907306,0.0,0.0
0,3,SINGLE,SO,0.0,0.0,0.0,0.5524207,0.4475793
3,4,SO,OTHER_OUT,0.0,0.0,0.0,0.23599742,0.76400256
4,4,OTHER_OUT,OTHER_OUT,0.0,0.0,0.0,0.38157266,0.61842734
3,4,SO,OTHER_OUT,0.0,0.0,0.0,0.38892043,0.6110796
4,4,OTHER_OUT,OTHER_OUT,0.0,0.0,0.0,0.36574328,0.6342567
4,0,OTHER_OUT,SINGLE,0.50322545,0.16882423,0.32795036,0.0,0.0
1,3,XBH,SO,0.0,0.0,0.0,0.529672,0.47032794
2,4,BB_HBP,OTHER_OUT,0.0,0.0,0.0,0.20953862,0.79046136
1,0,XBH,SINGLE,0.4356822,0.15818398,0.40613383,0.0,0.0
3,3,SO,SO,0.0,0.0,0.0,0.50540197,0.49459803
0,3,SINGLE,SO,0.0,0.0,0.0,0.67116547,0.32883453
4,4,OTHER_OUT,OTHER_OUT,0.0,0.0,0.0,0.11770502,0.882295
4,0,OTHER_OUT,SINGLE,0.5031378,0.07485747,0.42200473,0.0,0.0
4,3,OTHER_OUT,SO,0.0,0.0,0.0,0.65465385,0.34534618
4,0,OTHER_OUT,SINGLE,0.6525204,0.10964375,0.23783582,0.0,0.0
4,4,OTHER_OUT,OTHER_OUT,0.0,0.0,0.0,0.41518143,0.5848186
1,1,XBH,XBH,0.28058675,0.42417789,0.29523534,0.0,0.0
4,0,OTHER_OUT,SINGLE,0.5150522,0.24098407,0.24396372,0.0,0.0
4,4,OTHER_OUT,OTHER_OUT,0.0,0.0,0.0,0.2323802,0.7676198
4,4,OTHER_OUT,OTHER_OUT,0.0,0.0,0.0,0.40865338,0.5913466
4,4,OTHER_OUT,OTHER_OUT,0.0,0.0,0.0,0.34977475,0.6502253
4,4,OTHER_OUT,OTHER_OUT,0.0,0.0,0.0,0.18957116,0.81042886
4,4,OTHER_OUT,OTHER_OUT,0.0,0.0,0.0,0.08873247,0.9112675
0,0,SINGLE,SINGLE,0.43413192,0.39776346,0.16810462,0.0,0.0
1,2,XBH,BB_HBP,0.2778142,0.25755003,0.46463576,0.0,0.0
4,4,OTHER_OUT,OTHER_OUT,0.0,0.0,0.0,0.22381783,0.7761822
4,4,OTHER_OUT,OTHER_OUT,0.0,0.0,0.0,0.2868,0.7132
4,4,OTHER_OUT,OTHER_OUT,0.0,0.0,0.0,0.325807,0.67419297
4,0,OTHER_OUT,SINGLE,0.55035716,0.19614805,0.25349477,0.0,0.0
1,0,XBH,SINGLE,0.49553147,0.19505152,0.309417,0.0,0.0
0,2,SINGLE,BB_HBP,0.36688066,0.22464862,0.40847072,0.0,0.0
3,0,SO,SINGLE,0.65068346,0.10300029,0.24631622,0.0,0.0
4,4,OTHER_OUT,OTHER_OUT,0.0,0.0,0.0,0.14853351,0.8514665
3,4,SO,OTHER_OUT,0.0,0.0,0.0,0.38477874,0.61522126
3,0,SO,SINGLE,0.51260185,0.23184338,0.2555548,0.0,0.0
1,4,XBH,OTHER_OUT,0.0,0.0,0.0,0.4654218,0.5345782
4,2,OTHER_OUT,BB_HBP,0.31758627,0.18487945,0.49753428,0.0,0.0
4,3,OTHER_OUT,SO,0.0,0.0,0.0,0.59543025,0.40456972
4,3,OTHER_OUT,SO,0.0,0.0,0.0,0.5923748,0.40762517
1,4,XBH,OTHER_OUT,0.0,0.0,0.0,0.29297534,0.7070247
0,4,SINGLE,OTHER_OUT,0.0,0.0,0.0,0.18177386,0.81822616
0,3,SINGLE,SO,0.0,0.0,0.0,0.72549206,0.27450794
1,4,XBH,OTHER_OUT,0.0,0.0,0.0,0.45726657,0.54273343
4,4,OTHER_OUT,OTHER_OUT,0.0,0.0,0.0,0.4840961,0.5159039
4,4,OTHER_OUT,OTHER_OUT,0.0,0.0,0.0,0.21021426,0.78978574
4,1,OTHER_OUT,XBH,0.30689362,0.42542908,0.2676773,0.0,0.0
1,0,XBH,SINGLE,0.4591637,0.12138181,0.4194545,0.0,0.0
0,0,SINGLE,SINGLE,0.61968917,0.1865489,0.19376193,0.0,0.0
4,4,OTHER_OUT,OTHER_OUT,0.0,0.0,0.0,0.45296717,0.54703283
0,1,SINGLE,XBH,0.35855502,0.37877843,0.26266655,0.0,0.0
4,4,OTHER_OUT,OTHER_OUT,0.0,0.0,0.0,0.31105697,0.688943
4,4,OTHER_OUT,OTHER_OUT,0.0,0.0,0.0,0.1993541,0.8006459
2,4,BB_HBP,OTHER_OUT,0.0,0.0,0.0,0.22400516,0.77599484
0,4,SINGLE,OTHER_OUT,0.0,0.0,0.0,0.2566037,0.74339634
4,4,OTHER_OUT,OTHER_OUT,0.0,0.0,0.0,0.13986643,0.8601336
0,0,SINGLE,SINGLE,0.60766125,0.19770136,0.19463739,0.0,0.0
4,4,OTHER_OUT,OTHER_OUT,0.0,0.0,0.0,0.21852136,0.78147864
4,2,OTHER_OUT,BB_HBP,0.39115933,0.21671705,0.3921236,0.0,0.0
4,4,OTHER_OUT,OTHER_OUT,0.0,0.0,0.0,0.36275077,0.63724923
0,4,SINGLE,OTHER_OUT,0.0,0.0,0.0,0.19768402,0.80231595
4,4,OTHER_OUT,OTHER_OUT,0.0,0.0,0.0,0.23278987,0.7672101
4,4,OTHER_OUT,OTHER_OUT,0.0,0.0,0.0,0.21690927,0.7830907
4,4,OTHER_OUT,OTHER_OUT,0.0,0.0,0.0,0.32860056,0.6713994
2,1,BB_HBP,XBH,0.3449917,0.49210784,0.16290045,0.0,0.0
2,4,BB_HBP,OTHER_OUT,0.0,0.0,0.0,0.4033072,0.5966928
4,4,OTHER_OUT,OTHER_OUT,0.0,0.0,0.0,0.16346319,0.8365368
3,4,SO,OTHER_OUT,0.0,0.0,0.0,0.34550497,0.65449506
4,0,OTHER_OUT,SINGLE,0.5246987,0.26479745,0.21050385,0.0,0.0
2,0,BB_HBP,SINGLE,0.37135735,0.28225043,0.3463922,0.0,0.0
4,4,OTHER_OUT,OTHER_OUT,0.0,0.0,0.0,0.3332456,0.66675436
1,4,XBH,OTHER_OUT,0.0,0.0,0.0,0.26347062,0.73652935
4,4,OTHER_OUT,OTHER_OUT,0.0,0.0,0.0,0.08463929,0.9153607
4,4,OTHER_OUT,OTHER_OUT,0.0,0.0,0.0,0.46017587,0.5398241
4,0,OTHER_OUT,SINGLE,0.46224508,0.27577245,0.26198247,0.0,0.0
3,3,SO,SO,0.0,0.0,0.0,0.6926406,0.30735943
4,3,OTHER_OUT,SO,0.0,0.0,0.0,0.53800726,0.46199274
3,3,SO,SO,0.0,0.0,0.0,0.83666354,0.16333643
3,0,SO,SINGLE,0.74773586,0.18754287,0.06472124,0.0,0.0
2,0,BB_HBP,SINGLE,0.4458299,0.35931966,0.19485044,0.0,0.0
4,4,OTHER_OUT,OTHER_OUT,0.0,0.0,0.0,0.21103862,0.78896135
4,4,OTHER_OUT,OTHER_OUT,0.0,0.0,0.0,0.20859021,0.7914098
4,4,OTHER_OUT,OTHER_OUT,0.0,0.0,0.0,0.46759933,0.53240067
4,3,OTHER_OUT,SO,0.0,0.0,0.0,0.6211097,0.37889028
4,4,OTHER_OUT,OTHER_OUT,0.0,0.0,0.0,0.111087985,0.888912
2,2,BB_HBP,BB_HBP,0.33266407,0.23896977,0.42836615,0.0,0.0
3,4,SO,OTHER_OUT,0.0,0.0,0.0,0.25322697,0.746773
4,4,OTHER_OUT,OTHER_OUT,0.0,0.0,0.0,0.05935863,0.94064134
3,0,SO,SINGLE,0.6800902,0.24891488,0.07099495,0.0,0.0
4,4,OTHER_OUT,OTHER_OUT,0.0,0.0,0.0,0.3987494,0.6012506
0,0,SINGLE,SINGLE,0.553417,0.22694933,0.21963361,0.0,0.0
4,2,OTHER_OUT,BB_HBP,0.21805608,0.26635477,0.5155892,0.0,0.0
3,4,SO,OTHER_OUT,0.0,0.0,0.0,0.3922082,0.60779184
0,2,SINGLE,BB_HBP,0.38310573,0.18923199,0.42766228,0.0,0.0
4,0,OTHER_OUT,SINGLE,0.7257525,0.20172758,0.07251994,0.0,0.0
4,0,OTHER_OUT,SINGLE,0.4618531,0.33274937,0.20539753,0.0,0.0
4,4,OTHER_OUT,OTHER_OUT,0.0,0.0,0.0,0.28341922,0.7165808
4,4,OTHER_OUT,OTHER_OUT,0.0,0.0,0.0,0.14842665,0.85157335
4,4,OTHER_OUT,OTHER_OUT,0.0,0.0,0.0,0.25802985,0.7419701
0,3,SINGLE,SO,0.0,0.0,0.0,0.6262619,0.37373808
4,2,OTHER_OUT,BB_HBP,0.3222495,0.24096054,0.43678996,0.0,0.0
0,4,SINGLE,OTHER_OUT,0.0,0.0,0.0,0.3332176,0.66678244
3,3,SO,SO,0.0,0.0,0.0,0.5390269,0.46097308
0,2,SINGLE,BB_HBP,0.37388307,0.10839401,0.5177229,0.0,0.0
4,2,OTHER_OUT,BB_HBP,0.38343972,0.17409214,0.4424681,0.0,0.0
4,4,OTHER_OUT,OTHER_OUT,0.0,0.0,0.0,0.21691799,0.783082
4,4,OTHER_OUT,OTHER_OUT,0.0,0.0,0.0,0.26019982,0.73980016
4,1,OTHER_OUT,XBH,0.27341238,0.42706653,0.2995211,0.0,0.0
3,4,SO,OTHER_OUT,0.0,0.0,0.0,0.39099932,0.6090007
2,2,BB_HBP,BB_HBP,0.37947276,0.23623177,0.38429546,0.0,0.0
4,0,OTHER_OUT,SINGLE,0.40217802,0.24804929,0.34977272,0.0,0.0
0,0,SINGLE,SINGLE,0.43454316,0.19157489,0.37388197,0.0,0.0
4,2,OTHER_OUT,BB_HBP,0.3615058,0.21543084,0.42306334,0.0,0.0
4,4,OTHER_OUT,OTHER_OUT,0.0,0.0,0.0,0.4246539,0.5753461
4,2,OTHER_OUT,BB_HBP,0.39612922,0.20148687,0.4023839,0.0,0.0
2,4,BB_HBP,OTHER_OUT,0.0,0.0,0.0,0.202714,0.79728603
0,4,SINGLE,OTHER_OUT,0.0,0.0,0.0,0.37257448,0.62742555
2,4,BB_HBP,OTHER_OUT,0.0,0.0,0.0,0.35725495,0.642745
4,4,OTHER_OUT,OTHER_OUT,0.0,0.0,0.0,0.23873086,0.76126915
3,4,SO,OTHER_OUT,0.0,0.0,0.0,0.43933725,0.56066275
4,0,OTHER_OUT,SINGLE,0.6048819,0.2588057,0.13631241,0.0,0.0
3,4,SO,OTHER_OUT,0.0,0.0,0.0,0.228385,0.77161497
0,4,SINGLE,OTHER_OUT,0.0,0.0,0.0,0.21317874,0.78682125
4,4,OTHER_OUT,OTHER_OUT,0.0,0.0,0.0,0.34926555,0.6507344
4,4,OTHER_OUT,OTHER_OUT,0.0,0.0,0.0,0.46617594,0.533824
4,4,OTHER_OUT,OTHER_OUT,0.0,0.0,0.0,0.09168532,0.9083147
3,2,SO,BB_HBP,0.33283982,0.23681957,0.43034062,0.0,0.0
4,4,OTHER_OUT,OTHER_OUT,0.0,0.0,0.0,0.17720363,0.8227964
3,4,SO,OTHER_OUT,0.0,0.0,0.0,0.47600028,0.5239997
4,4,OTHER_OUT,OTHER_OUT,0.0,0.0,0.0,0.10051797,0.899482
0,4,SINGLE,OTHER_OUT,0.0,0.0,0.0,0.39514711,0.6048529
0,0,SINGLE,SINGLE,0.4919875,0.36182475,0.14618777,0.0,0.0
1,4,XBH,OTHER_OUT,0.0,0.0,0.0,0.31051442,0.6894856
3,0,SO,SINGLE,0.6566917,0.108213596,0.23509477,0.0,0.0
4,4,OTHER_OUT,OTHER_OUT,0.0,0.0,0.0,0.11943053,0.88056946
4,3,OTHER_OUT,SO,0.0,0.0,0.0,0.5150054,0.4849946
0,3,SINGLE,SO,0.0,0.0,0.0,0.613246,0.38675395
1,4,XBH,OTHER_OUT,0.0,0.0,0.0,0.44950002,0.5505
3,4,SO,OTHER_OUT,0.0,0.0,0.0,0.44428697,0.55571306
4,3,OTHER_OUT,SO,0.0,0.0,0.0,0.68560326,0.31439674
4,3,OTHER_OUT,SO,0.0,0.0,0.0,0.7138624,0.2861376
4,2,OTHER_OUT,BB_HBP,0.35114184,0.28566846,0.3631897,0.0,0.0
0,4,SINGLE,OTHER_OUT,0.0,0.0,0.0,0.33137017,0.6686298
3,4,SO,OTHER_OUT,0.0,0.0,0.0,0.3309745,0.66902554
2,2,BB_HBP,BB_HBP,0.34711227,0.24581094,0.4070768,0.0,0.0
4,0,OTHER_OUT,SINGLE,0.34667143,0.33307457,0.320254,0.0,0.0
0,2,SINGLE,BB_HBP,0.2845431,0.28537872,0.43007818,0.0,0.0
4,3,OTHER_OUT,SO,0.0,0.0,0.0,0.5753135,0.4246865
4,4,OTHER_OUT,OTHER_OUT,0.0,0.0,0.0,0.31720975,0.6827902
4,0,OTHER_OUT,SINGLE,0.4571887,0.20516229,0.33764902,0.0,0.0
4,4,OTHER_OUT,OTHER_OUT,0.0,0.0,0.0,0.39113632,0.60886365
3,4,SO,OTHER_OUT,0.0,0.0,0.0,0.43052754,0.56947243
2,2,BB_HBP,BB_HBP,0.31320977,0.31483403,0.37195617,0.0,0.0
4,4,OTHER_OUT,OTHER_OUT,0.0,0.0,0.0,0.41228527,0.58771473
3,3,SO,SO,0.0,0.0,0.0,0.7160707,0.28392926
4,4,OTHER_OUT,OTHER_OUT,0.0,0.0,0.0,0.47681814,0.52318186
3,4,SO,OTHER_OUT,0.0,0.0,0.0,0.2551724,0.7448276
2,2,BB_HBP,BB_HBP,0.21761982,0.25071567,0.5316645,0.0,0.0
0,3,SINGLE,SO,0.0,0.0,0.0,0.54764426,0.45235574
3,4,SO,OTHER_OUT,0.0,0.0,0.0,0.43941155,0.5605884
0,0,SINGLE,SINGLE,0.43739456,0.23580445,0.32680097,0.0,0.0
3,1,SO,XBH,0.40836802,0.46669102,0.12494097,0.0,0.0
4,4,OTHER_OUT,OTHER_OUT,0.0,0.0,0.0,0.4821577,0.5178423
4,3,OTHER_OUT,SO,0.0,0.0,0.0,0.6618458,0.3381542
4,3,OTHER_OUT,SO,0.0,0.0,0.0,0.7272524,0.27274758
4,4,OTHER_OUT,OTHER_OUT,0.0,0.0,0.0,0.28447238,0.7155276
4,0,OTHER_OUT,SINGLE,0.4964005,0.21902537,0.28457412,0.0,0.0
4,4,OTHER_OUT,OTHER_OUT,0.0,0.0,0.0,0.37127635,0.6287236
4,0,OTHER_OUT,SINGLE,0.58308655,0.15128963,0.26562384,0.0,0.0
4,4,OTHER_OUT,OTHER_OUT,0.0,0.0,0.0,0.34731987,0.65268016
4,0,OTHER_OUT,SINGLE,0.4365459,0.23397666,0.32947743,0.0,0.0
4,0,OTHER_OUT,SINGLE,0.6359211,0.100161515,0.26391736,0.0,0.0
0,0,SINGLE,SINGLE,0.55510545,0.21138246,0.2335121,0.0,0.0
3,2,SO,BB_HBP,0.26837125,0.12768053,0.60394824,0.0,0.0
4,4,OTHER_OUT,OTHER_OUT,0.0,0.0,0.0,0.42235938,0.5776406
4,3,OTHER_OUT,SO,0.0,0.0,0.0,0.5707098,0.42929018
4,0,OTHER_OUT,SINGLE,0.4623066,0.14889845,0.38879496,0.0,0.0
1,2,XBH,BB_HBP,0.27930507,0.12935622,0.59133875,0.0,0.0
2,0,BB_HBP,SINGLE,0.5298351,0.20853761,0.26162726,0.0,0.0
2,4,BB_HBP,OTHER_OUT,0.0,0.0,0.0,0.21522821,0.7847718
4,1,OTHER_OUT,XBH,0.33477765,0.33681515,0.32840723,0.0,0.0
3,4,SO,OTHER_OUT,0.0,0.0,0.0,0.20231782,0.79768217
4,2,OTHER_OUT,BB_HBP,0.33173978,0.27053168,0.39772853,0.0,0.0
3,0,SO,SINGLE,0.5660028,0.06500379,0.36899343,0.0,0.0
4,3,OTHER_OUT,SO,0.0,0.0,0.0,0.5249815,0.47501847
0,0,SINGLE,SINGLE,0.6119175,0.24548742,0.14259505,0.0,0.0
4,3,OTHER_OUT,SO,0.0,0.0,0.0,0.7694986,0.2305014
1,0,XBH,SINGLE,0.50511193,0.23623511,0.25865296,0.0,0.0
4,0,OTHER_OUT,SINGLE,0.7526151,0.11594592,0.13143902,0.0,0.0
2,2,BB_HBP,BB_HBP,0.34617704,0.22536805,0.4284549,0.0,0.0
0,0,SINGLE,SINGLE,0.5749063,0.16568385,0.25940987,0.0,0.0
3,4,SO,OTHER_OUT,0.0,0.0,0.0,0.08849137,0.9115086
0,4,SINGLE,OTHER_OUT,0.0,0.0,0.0,0.18599688,0.8140031
4,4,OTHER_OUT,OTHER_OUT,0.0,0.0,0.0,0.39899442,0.60100555
4,4,OTHER_OUT,OTHER_OUT,0.0,0.0,0.0,0.21580207,0.7841979
4,4,OTHER_OUT,OTHER_OUT,0.0,0.0,0.0,0.17979866,0.82020134
1,0,XBH,SINGLE,0.63837284,0.32000062,0.041626565,0.0,0.0
3,4,SO,OTHER_OUT,0.0,0.0,0.0,0.11091501,0.889085
4,4,OTHER_OUT,OTHER_OUT,0.0,0.0,0.0,0.17481804,0.82518196
3,4,SO,OTHER_OUT,0.0,0.0,0.0,0.31137544,0.68862456
2,2,BB_HBP,BB_HBP,0.3577812,0.25889555,0.38332322,0.0,0.0
0,4,SINGLE,OTHER_OUT,0.0,0.0,0.0,0.23887801,0.761122
3,4,SO,OTHER_OUT,0.0,0.0,0.0,0.19598566,0.8040143
0,1,SINGLE,XBH,0.3169755,0.5074016,0.17562291,0.0,0.0
0,4,SINGLE,OTHER_OUT,0.0,0.0,0.0,0.23586264,0.7641374
0,0,SINGLE,SINGLE,0.49180895,0.17832573,0.32986534,0.0,0.0
4,4,OTHER_OUT,OTHER_OUT,0.0,0.0,0.0,0.12814018,0.8718598
4,4,OTHER_OUT,OTHER_OUT,0.0,0.0,0.0,0.11634125,0.88365877
4,4,OTHER_OUT,OTHER_OUT,0.0,0.0,0.0,0.058689587,0.9413104
4,3,OTHER_OUT,SO,0.0,0.0,0.0,0.77182496,0.22817503
0,4,SINGLE,OTHER_OUT,0.0,0.0,0.0,0.427714,0.572286
4,4,OTHER_OUT,OTHER_OUT,0.0,0.0,0.0,0.3909132,0.6090868
4,4,OTHER_OUT,OTHER_OUT,0.0,0.0,0.0,0.21934262,0.7806574
4,0,OTHER_OUT,SINGLE,0.7245511,0.15545419,0.119994715,0.0,0.0
1,4,XBH,OTHER_OUT,0.0,0.0,0.0,0.35945085,0.6405491
0,2,SINGLE,BB_HBP,0.27221555,0.14753523,0.58024925,0.0,0.0
3,4,SO,OTHER_OUT,0.0,0.0,0.0,0.27015465,0.72984535
1,4,XBH,OTHER_OUT,0.0,0.0,0.0,0.18205796,0.817942
4,4,OTHER_OUT,OTHER_OUT,0.0,0.0,0.0,0.18826458,0.8117354
4,3,OTHER_OUT,SO,0.0,0.0,0.0,0.64621276,0.35378724
4,4,OTHER_OUT,OTHER_OUT,0.0,0.0,0.0,0.39404014,0.60595983
2,4,BB_HBP,OTHER_OUT,0.0,0.0,0.0,0.37610066,0.62389934
4,4,OTHER_OUT,OTHER_OUT,0.0,0.0,0.0,0.4480016,0.5519984
0,3,SINGLE,SO,0.0,0.0,0.0,0.66118336,0.33881667
1,4,XBH,OTHER_OUT,0.0,0.0,0.0,0.45319983,0.5468002
4,4,OTHER_OUT,OTHER_OUT,0.0,0.0,0.0,0.15869199,0.841308
4,4,OTHER_OUT,OTHER_OUT,0.0,0.0,0.0,0.07933363,0.92066634
4,0,OTHER_OUT,SINGLE,0.7544173,0.13846,0.10712268,0.0,0.0
4,4,OTHER_OUT,OTHER_OUT,0.0,0.0,0.0,0.281485,0.71851504
4,4,OTHER_OUT,OTHER_OUT,0.0,0.0,0.0,0.2883077,0.7116923
1,4,XBH,OTHER_OUT,0.0,0.0,0.0,0.23354326,0.7664567
4,4,OTHER_OUT,OTHER_OUT,0.0,0.0,0.0,0.43633226,0.5636678
0,4,SINGLE,OTHER_OUT,0.0,0.0,0.0,0.4308435,0.56915647
0,3,SINGLE,SO,0.0,0.0,0.0,0.5002841,0.49971595
3,4,SO,OTHER_OUT,0.0,0.0,0.0,0.1920517,0.8079483
0,4,SINGLE,OTHER_OUT,0.0,0.0,0.0,0.25928116,0.74071884
4,0,OTHER_OUT,SINGLE,0.5030538,0.27173814,0.22520807,0.0,0.0
0,4,SINGLE,OTHER_OUT,0.0,0.0,0.0,0.37874547,0.6212545
3,4,SO,OTHER_OUT,0.0,0.0,0.0,0.24619609,0.7538039
4,4,OTHER_OUT,OTHER_OUT,0.0,0.0,0.0,0.49371007,0.50628996
3,4,SO,OTHER_OUT,0.0,0.0,0.0,0.352784,0.647216
2,4,BB_HBP,OTHER_OUT,0.0,0.0,0.0,0.30558798,0.69441205
0,0,SINGLE,SINGLE,0.56120527,0.27991727,0.1588775,0.0,0.0
0,3,SINGLE,SO,0.0,0.0,0.0,0.642526,0.35747403
2,3,BB_HBP,SO,0.0,0.0,0.0,0.6930979,0.3069021
4,3,OTHER_OUT,SO,0.0,0.0,0.0,0.66425365,0.33574635
4,0,OTHER_OUT,SINGLE,0.41820338,0.28016207,0.30163452,0.0,0.0
0,4,SINGLE,OTHER_OUT,0.0,0.0,0.0,0.32003993,0.6799601
4,1,OTHER_OUT,XBH,0.34741026,0.47777173,0.174818,0.0,0.0
4,4,OTHER_OUT,OTHER_OUT,0.0,0.0,0.0,0.16400346,0.83599657
4,0,OTHER_OUT,SINGLE,0.452873,0.26306352,0.28406352,0.0,0.0
2,4,BB_HBP,OTHER_OUT,0.0,0.0,0.0,0.2801592,0.7198408
3,0,SO,SINGLE,0.4664471,0.1590966,0.37445635,0.0,0.0
3,2,SO,BB_HBP,0.20369682,0.23416092,0.56214225,0.0,0.0
2,4,BB_HBP,OTHER_OUT,0.0,0.0,0.0,0.16342807,0.83657193
2,2,BB_HBP,BB_HBP,0.27820697,0.2464588,0.47533423,0.0,0.0
4,2,OTHER_OUT,BB_HBP,0.2783102,0.2097449,0.5119449,0.0,0.0
4,3,OTHER_OUT,SO,0.0,0.0,0.0,0.55796194,0.44203806
4,4,OTHER_OUT,OTHER_OUT,0.0,0.0,0.0,0.25150502,0.748495
3,4,SO,OTHER_OUT,0.0,0.0,0.0,0.24840459,0.7515954
0,4,SINGLE,OTHER_OUT,0.0,0.0,0.0,0.30684617,0.69315386
3,3,SO,SO,0.0,0.0,0.0,0.7670523,0.23294772
4,4,OTHER_OUT,OTHER_OUT,0.0,0.0,0.0,0.47020686,0.52979314
4,4,OTHER_OUT,OTHER_OUT,0.0,0.0,0.0,0.27278954,0.72721046
0,4,SINGLE,OTHER_OUT,0.0,0.0,0.0,0.17506427,0.82493573
4,4,OTHER_OUT,OTHER_OUT,0.0,0.0,0.0,0.13591164,0.86408836
1,4,XBH,OTHER_OUT,0.0,0.0,0.0,0.16292474,0.83707523
2,4,BB_HBP,OTHER_OUT,0.0,0.0,0.0,0.13066618,0.8693338
4,4,OTHER_OUT,OTHER_OUT,0.0,0.0,0.0,0.0821034,0.91789657
4,0,OTHER_OUT,SINGLE,0.6783903,0.05901849,0.26259118,0.0,0.0
1,0,XBH,SINGLE,0.6141712,0.28766033,0.09816848,0.0,0.0
4,1,OTHER_OUT,XBH,0.31060374,0.44421798,0.24517827,0.0,0.0
0,4,SINGLE,OTHER_OUT,0.0,0.0,0.0,0.41409004,0.58590996
4,4,OTHER_OUT,OTHER_OUT,0.0,0.0,0.0,0.32117918,0.6788208
4,3,OTHER_OUT,SO,0.0,0.0,0.0,0.55070835,0.44929165
4,3,OTHER_OUT,SO,0.0,0.0,0.0,0.5611828,0.43881717
4,4,OTHER_OUT,OTHER_OUT,0.0,0.0,0.0,0.22171329,0.7782867
2,1,BB_HBP,XBH,0.24080496,0.40898982,0.3502052,0.0,0.0
0,4,SINGLE,OTHER_OUT,0.0,0.0,0.0,0.468465,0.53153497
4,4,OTHER_OUT,OTHER_OUT,0.0,0.0,0.0,0.39666656,0.6033334
2,2,BB_HBP,BB_HBP,0.25751314,0.28849426,0.45399264,0.0,0.0
4,4,OTHER_OUT,OTHER_OUT,0.0,0.0,0.0,0.4959863,0.50401366
2,4,BB_HBP,OTHER_OUT,0.0,0.0,0.0,0.37471783,0.62528217
4,0,OTHER_OUT,SINGLE,0.5477297,0.15138651,0.30088383,0.0,0.0
3,3,SO,SO,0.0,0.0,0.0,0.7474417,0.25255832
4,4,OTHER_OUT,OTHER_OUT,0.0,0.0,0.0,0.25052783,0.7494722
0,4,SINGLE,OTHER_OUT,0.0,0.0,0.0,0.45223796,0.54776204
4,4,OTHER_OUT,OTHER_OUT,0.0,0.0,0.0,0.1725478,0.8274522
4,4,OTHER_OUT,OTHER_OUT,0.0,0.0,0.0,0.14263575,0.85736424
4,4,OTHER_OUT,OTHER_OUT,0.0,0.0,0.0,0.13152273,0.8684773
4,0,OTHER_OUT,SINGLE,0.6146088,0.1613278,0.2240634,0.0,0.0
4,4,OTHER_OUT,OTHER_OUT,0.0,0.0,0.0,0.4993009,0.5006991
0,0,SINGLE,SINGLE,0.84862053,0.08665355,0.064725906,0.0,0.0
1,2,XBH,BB_HBP,0.41451365,0.08740424,0.4980821,0.0,0.0
3,4,SO,OTHER_OUT,0.0,0.0,0.0,0.36963955,0.6303604
0,4,SINGLE,OTHER_OUT,0.0,0.0,0.0,0.21198714,0.78801286
3,3,SO,SO,0.0,0.0,0.0,0.56949675,0.43050322
4,4,OTHER_OUT,OTHER_OUT,0.0,0.0,0.0,0.25978586,0.74021417
4,4,OTHER_OUT,OTHER_OUT,0.0,0.0,0.0,0.2505795,0.7494205
4,4,OTHER_OUT,OTHER_OUT,0.0,0.0,0.0,0.32623214,0.67376786
3,4,SO,OTHER_OUT,0.0,0.0,0.0,0.24744225,0.75255775
1,4,XBH,OTHER_OUT,0.0,0.0,0.0,0.2674455,0.7325545
4,3,OTHER_OUT,SO,0.0,0.0,0.0,0.5242041,0.47579595
4,4,OTHER_OUT,OTHER_OUT,0.0,0.0,0.0,0.13806337,0.8619366
0,4,SINGLE,OTHER_OUT,0.0,0.0,0.0,0.22930694,0.77069306
0,0,SINGLE,SINGLE,0.4350284,0.34577787,0.21919374,0.0,0.0
3,4,SO,OTHER_OUT,0.0,0.0,0.0,0.20596217,0.7940378
4,1,OTHER_OUT,XBH,0.3160282,0.37272847,0.31124333,0.0,0.0
3,4,SO,OTHER_OUT,0.0,0.0,0.0,0.29897404,0.70102596
1,2,XBH,BB_HBP,0.31380433,0.25072908,0.43546662,0.0,0.0
3,0,SO,SINGLE,0.46273902,0.1264366,0.4108244,0.0,0.0
4,4,OTHER_OUT,OTHER_OUT,0.0,0.0,0.0,0.24406148,0.75593853
4,3,OTHER_OUT,SO,0.0,0.0,0.0,0.7313256,0.26867437
4,0,OTHER_OUT,SINGLE,0.41019645,0.22430888,0.36549467,0.0,0.0
3,2,SO,BB_HBP,0.38061434,0.15981145,0.45957422,0.0,0.0
2,2,BB_HBP,BB_HBP,0.32513604,0.06538328,0.6094807,0.0,0.0
4,3,OTHER_OUT,SO,0.0,0.0,0.0,0.72665644,0.27334356
4,0,OTHER_OUT,SINGLE,0.4319802,0.18955325,0.37846658,0.0,0.0
4,2,OTHER_OUT,BB_HBP,0.18135534,0.076625936,0.7420187,0.0,0.0
4,3,OTHER_OUT,SO,0.0,0.0,0.0,0.61664695,0.38335305
1,4,XBH,OTHER_OUT,0.0,0.0,0.0,0.16491674,0.83508325
1,4,XBH,OTHER_OUT,0.0,0.0,0.0,0.4967245,0.5032755
3,4,SO,OTHER_OUT,0.0,0.0,0.0,0.1037811,0.8962189
2,4,BB_HBP,OTHER_OUT,0.0,0.0,0.0,0.2048679,0.7951321
3,0,SO,SINGLE,0.53368753,0.17080945,0.295503,0.0,0.0
3,4,SO,OTHER_OUT,0.0,0.0,0.0,0.028444137,0.9715559
0,4,SINGLE,OTHER_OUT,0.0,0.0,0.0,0.26355642,0.7364436
3,3,SO,SO,0.0,0.0,0.0,0.51710325,0.48289678
4,4,OTHER_OUT,OTHER_OUT,0.0,0.0,0.0,0.47745454,0.52254546
3,4,SO,OTHER_OUT,0.0,0.0,0.0,0.23175944,0.7682406
2,4,BB_HBP,OTHER_OUT,0.0,0.0,0.0,0.33392972,0.6660703
3,0,SO,SINGLE,0.7676106,0.06418425,0.16820514,0.0,0.0
4,4,OTHER_OUT,OTHER_OUT,0.0,0.0,0.0,0.40201315,0.5979869
4,0,OTHER_OUT,SINGLE,0.8749626,0.07387988,0.0511575,0.0,0.0
2,4,BB_HBP,OTHER_OUT,0.0,0.0,0.0,0.40135923,0.59864074
2,0,BB_HBP,SINGLE,0.43703052,0.13170171,0.43126777,0.0,0.0
4,0,OTHER_OUT,SINGLE,0.71205664,0.15318201,0.13476133,0.0,0.0
4,4,OTHER_OUT,OTHER_OUT,0.0,0.0,0.0,0.41900086,0.58099914
4,3,OTHER_OUT,SO,0.0,0.0,0.0,0.74343115,0.25656885
4,4,OTHER_OUT,OTHER_OUT,0.0,0.0,0.0,0.21809898,0.781901
4,4,OTHER_OUT,OTHER_OUT,0.0,0.0,0.0,0.1681439,0.8318561
3,4,SO,OTHER_OUT,0.0,0.0,0.0,0.38612267,0.61387736
0,3,SINGLE,SO,0.0,0.0,0.0,0.5885437,0.4114563
4,4,OTHER_OUT,OTHER_OUT,0.0,0.0,0.0,0.37197372,0.62802625
4,4,OTHER_OUT,OTHER_OUT,0.0,0.0,0.0,0.27303457,0.7269654
4,2,OTHER_OUT,BB_HBP,0.3769335,0.075439736,0.5476268,0.0,0.0
4,4,OTHER_OUT,OTHER_OUT,0.0,0.0,0.0,0.49606094,0.50393903
3,2,SO,BB_HBP,0.25090367,0.2380846,0.5110117,0.0,0.0
3,4,SO,OTHER_OUT,0.0,0.0,0.0,0.30411786,0.69588214
3,3,SO,SO,0.0,0.0,0.0,0.501879,0.498121
4,4,OTHER_OUT,OTHER_OUT,0.0,0.0,0.0,0.23407204,0.765928
3,4,SO,OTHER_OUT,0.0,0.0,0.0,0.293476,0.706524
4,4,OTHER_OUT,OTHER_OUT,0.0,0.0,0.0,0.19793066,0.80206937
2,4,BB_HBP,OTHER_OUT,0.0,0.0,0.0,0.20312881,0.7968712
4,4,OTHER_OUT,OTHER_OUT,0.0,0.0,0.0,0.466115,0.533885
4,4,OTHER_OUT,OTHER_OUT,0.0,0.0,0.0,0.09738001,0.90261996
3,4,SO,OTHER_OUT,0.0,0.0,0.0,0.473666,0.526334
1,4,XBH,OTHER_OUT,0.0,0.0,0.0,0.38841674,0.61158323
4,0,OTHER_OUT,SINGLE,0.43202448,0.3224641,0.24551143,0.0,0.0
3,4,SO,OTHER_OUT,0.0,0.0,0.0,0.15550692,0.8444931
4,4,OTHER_OUT,OTHER_OUT,0.0,0.0,0.0,0.25411674,0.7458833
3,0,SO,SINGLE,0.54655343,0.117742494,0.3357041,0.0,0.0
4,4,OTHER_OUT,OTHER_OUT,0.0,0.0,0.0,0.2925793,0.7074207
4,4,OTHER_OUT,OTHER_OUT,0.0,0.0,0.0,0.18239287,0.8176071
4,4,OTHER_OUT,OTHER_OUT,0.0,0.0,0.0,0.29187933,0.70812064
0,4,SINGLE,OTHER_OUT,0.0,0.0,0.0,0.45628726,0.54371274
0,2,SINGLE,BB_HBP,0.35672513,0.28236917,0.36090574,0.0,0.0
3,4,SO,OTHER_OUT,0.0,0.0,0.0,0.27532148,0.7246785
4,4,OTHER_OUT,OTHER_OUT,0.0,0.0,0.0,0.22218244,0.77781755
0,4,SINGLE,OTHER_OUT,0.0,0.0,0.0,0.22124064,0.77875936
4,4,OTHER_OUT,OTHER_OUT,0.0,0.0,0.0,0.11725844,0.8827416
4,4,OTHER_OUT,OTHER_OUT,0.0,0.0,0.0,0.37847438,0.6215256
3,4,SO,OTHER_OUT,0.0,0.0,0.0,0.44207138,0.5579286
4,0,OTHER_OUT,SINGLE,0.8554501,0.07230943,0.072240494,0.0,0.0
0,0,SINGLE,SINGLE,0.59699726,0.115031995,0.28797075,0.0,0.0
2,4,BB_HBP,OTHER_OUT,0.0,0.0,0.0,0.25386882,0.7461312
3,4,SO,OTHER_OUT,0.0,0.0,0.0,0.23908348,0.76091653
1,2,XBH,BB_HBP,0.26785928,0.09724676,0.63489395,0.0,0.0
0,4,SINGLE,OTHER_OUT,0.0,0.0,0.0,0.394671,0.60532904
3,2,SO,BB_HBP,0.42360926,0.13214578,0.44424498,0.0,0.0
4,3,OTHER_OUT,SO,0.0,0.0,0.0,0.6090471,0.3909529
2,4,BB_HBP,OTHER_OUT,0.0,0.0,0.0,0.4528147,0.5471853
4,4,OTHER_OUT,OTHER_OUT,0.0,0.0,0.0,0.37051314,0.62948686
3,4,SO,OTHER_OUT,0.0,0.0,0.0,0.18590054,0.81409943
3,0,SO,SINGLE,0.45924282,0.107297644,0.43345952,0.0,0.0
4,4,OTHER_OUT,OTHER_OUT,0.0,0.0,0.0,0.119567655,0.88043237
0,4,SINGLE,OTHER_OUT,0.0,0.0,0.0,0.24296889,0.7570311
4,3,OTHER_OUT,SO,0.0,0.0,0.0,0.6943541,0.30564585
4,4,OTHER_OUT,OTHER_OUT,0.0,0.0,0.0,0.09675846,0.9032415
4,4,OTHER_OUT,OTHER_OUT,0.0,0.0,0.0,0.029199759,0.9708002
4,4,OTHER_OUT,OTHER_OUT,0.0,0.0,0.0,0.31535944,0.6846405
2,4,BB_HBP,OTHER_OUT,0.0,0.0,0.0,0.40859625,0.5914038
1,4,XBH,OTHER_OUT,0.0,0.0,0.0,0.13209371,0.8679063
3,4,SO,OTHER_OUT,0.0,0.0,0.0,0.22615589,0.7738441
4,4,OTHER_OUT,OTHER_OUT,0.0,0.0,0.0,0.24681866,0.75318134
3,4,SO,OTHER_OUT,0.0,0.0,0.0,0.16820154,0.8317985
4,3,OTHER_OUT,SO,0.0,0.0,0.0,0.65720403,0.342796
3,0,SO,SINGLE,0.6018753,0.1413912,0.2567335,0.0,0.0
4,4,OTHER_OUT,OTHER_OUT,0.0,0.0,0.0,0.4706524,0.5293476
3,2,SO,BB_HBP,0.29573637,0.24871896,0.45554465,0.0,0.0
4,4,OTHER_OUT,OTHER_OUT,0.0,0.0,0.0,0.08424239,0.9157576
4,4,OTHER_OUT,OTHER_OUT,0.0,0.0,0.0,0.11509592,0.8849041
3,0,SO,SINGLE,0.4324454,0.20908631,0.3584683,0.0,0.0
4,4,OTHER_OUT,OTHER_OUT,0.0,0.0,0.0,0.25375935,0.7462407
4,4,OTHER_OUT,OTHER_OUT,0.0,0.0,0.0,0.21778058,0.7822194
4,4,OTHER_OUT,OTHER_OUT,0.0,0.0,0.0,0.17159729,0.8284027
4,4,OTHER_OUT,OTHER_OUT,0.0,0.0,0.0,0.16840006,0.83159995
4,4,OTHER_OUT,OTHER_OUT,0.0,0.0,0.0,0.15960212,0.8403979
3,4,SO,OTHER_OUT,0.0,0.0,0.0,0.49352813,0.5064719
4,4,OTHER_OUT,OTHER_OUT,0.0,0.0,0.0,0.18365358,0.8163464
0,4,SINGLE,OTHER_OUT,0.0,0.0,0.0,0.24823014,0.75176984
4,0,OTHER_OUT,SINGLE,0.550925,0.099224076,0.3498509,0.0,0.0
4,4,OTHER_OUT,OTHER_OUT,0.0,0.0,0.0,0.36082736,0.6391726
1,3,XBH,SO,0.0,0.0,0.0,0.73989534,0.26010463
2,4,BB_HBP,OTHER_OUT,0.0,0.0,0.0,0.21668585,0.78331417
2,2,BB_HBP,BB_HBP,0.34833667,0.2711264,0.38053694,0.0,0.0
1,4,XBH,OTHER_OUT,0.0,0.0,0.0,0.24318732,0.7568127
0,3,SINGLE,SO,0.0,0.0,0.0,0.7555022,0.24449776
4,4,OTHER_OUT,OTHER_OUT,0.0,0.0,0.0,0.24859132,0.7514087
0,0,SINGLE,SINGLE,0.48235634,0.13025792,0.38738576,0.0,0.0
3,0,SO,SINGLE,0.65629244,0.26007786,0.083629705,0.0,0.0
3,3,SO,SO,0.0,0.0,0.0,0.5384084,0.46159163
4,4,OTHER_OUT,OTHER_OUT,0.0,0.0,0.0,0.14756095,0.85243905
4,3,OTHER_OUT,SO,0.0,0.0,0.0,0.7045359,0.2954641
3,4,SO,OTHER_OUT,0.0,0.0,0.0,0.4720421,0.5279579
4,3,OTHER_OUT,SO,0.0,0.0,0.0,0.60200536,0.3979946
4,0,OTHER_OUT,SINGLE,0.4948637,0.3059655,0.1991708,0.0,0.0
4,4,OTHER_OUT,OTHER_OUT,0.0,0.0,0.0,0.14871524,0.85128474
4,0,OTHER_OUT,SINGLE,0.5299973,0.1197146,0.3502881,0.0,0.0
1,3,XBH,SO,0.0,0.0,0.0,0.6887379,0.31126207
3,4,SO,OTHER_OUT,0.0,0.0,0.0,0.49204132,0.50795865
4,0,OTHER_OUT,SINGLE,0.55968493,0.19922008,0.24109498,0.0,0.0
2,4,BB_HBP,OTHER_OUT,0.0,0.0,0.0,0.23687693,0.7631231
4,4,OTHER_OUT,OTHER_OUT,0.0,0.0,0.0,0.41469017,0.58530986
4,4,OTHER_OUT,OTHER_OUT,0.0,0.0,0.0,0.14474379,0.8552562
0,4,SINGLE,OTHER_OUT,0.0,0.0,0.0,0.060539458,0.9394605
0,4,SINGLE,OTHER_OUT,0.0,0.0,0.0,0.27206025,0.7279398
4,4,OTHER_OUT,OTHER_OUT,0.0,0.0,0.0,0.078532204,0.9214678
4,3,OTHER_OUT,SO,0.0,0.0,0.0,0.6903543,0.3096457
4,4,OTHER_OUT,OTHER_OUT,0.0,0.0,0.0,0.3555567,0.6444433
4,4,OTHER_OUT,OTHER_OUT,0.0,0.0,0.0,0.27791995,0.72208005
3,4,SO,OTHER_OUT,0.0,0.0,0.0,0.47352085,0.5264791
3,4,SO,OTHER_OUT,0.0,0.0,0.0,0.24275841,0.7572416
0,4,SINGLE,OTHER_OUT,0.0,0.0,0.0,0.13259321,0.8674068
4,4,OTHER_OUT,OTHER_OUT,0.0,0.0,0.0,0.04282651,0.95717347
0,4,SINGLE,OTHER_OUT,0.0,0.0,0.0,0.11113561,0.8888644
4,3,OTHER_OUT,SO,0.0,0.0,0.0,0.52598405,0.47401595
3,4,SO,OTHER_OUT,0.0,0.0,0.0,0.39057922,0.6094208
4,3,OTHER_OUT,SO,0.0,0.0,0.0,0.6073397,0.3926603
0,4,SINGLE,OTHER_OUT,0.0,0.0,0.0,0.41023228,0.58976775
2,3,BB_HBP,SO,0.0,0.0,0.0,0.7792956,0.22070439
0,0,SINGLE,SINGLE,0.39910054,0.23244269,0.36845675,0.0,0.0
4,4,OTHER_OUT,OTHER_OUT,0.0,0.0,0.0,0.35576633,0.6442337
4,3,OTHER_OUT,SO,0.0,0.0,0.0,0.5448006,0.45519945
2,4,BB_HBP,OTHER_OUT,0.0,0.0,0.0,0.08254902,0.91745096
0,4,SINGLE,OTHER_OUT,0.0,0.0,0.0,0.22943036,0.7705696
4,4,OTHER_OUT,OTHER_OUT,0.0,0.0,0.0,0.1781259,0.8218741
4,4,OTHER_OUT,OTHER_OUT,0.0,0.0,0.0,0.10923075,0.89076924
0,4,SINGLE,OTHER_OUT,0.0,0.0,0.0,0.22667941,0.7733206
0,4,SINGLE,OTHER_OUT,0.0,0.0,0.0,0.44001636,0.5599836
3,4,SO,OTHER_OUT,0.0,0.0,0.0,0.45748866,0.54251134
2,3,BB_HBP,SO,0.0,0.0,0.0,0.5154283,0.48457173
0,3,SINGLE,SO,0.0,0.0,0.0,0.60634196,0.39365807
3,3,SO,SO,0.0,0.0,0.0,0.5265603,0.4734397
1,4,XBH,OTHER_OUT,0.0,0.0,0.0,0.08884245,0.91115755
0,3,SINGLE,SO,0.0,0.0,0.0,0.5050729,0.4949271
0,4,SINGLE,OTHER_OUT,0.0,0.0,0.0,0.24531303,0.75468695
3,4,SO,OTHER_OUT,0.0,0.0,0.0,0.088890575,0.91110945
0,4,SINGLE,OTHER_OUT,0.0,0.0,0.0,0.45000613,0.5499939
2,4,BB_HBP,OTHER_OUT,0.0,0.0,0.0,0.20831455,0.79168546
4,4,OTHER_OUT,OTHER_OUT,0.0,0.0,0.0,0.070831925,0.92916805
1,4,XBH,OTHER_OUT,0.0,0.0,0.0,0.21326403,0.78673595
0,4,SINGLE,OTHER_OUT,0.0,0.0,0.0,0.113562316,0.8864377
0,4,SINGLE,OTHER_OUT,0.0,0.0,0.0,0.064420484,0.93557954
2,4,BB_HBP,OTHER_OUT,0.0,0.0,0.0,0.10719892,0.8928011
4,0,OTHER_OUT,SINGLE,0.49339348,0.22536495,0.28124157,0.0,0.0
3,3,SO,SO,0.0,0.0,0.0,0.63762593,0.3623741
0,4,SINGLE,OTHER_OUT,0.0,0.0,0.0,0.22556388,0.7744361
0,0,SINGLE,SINGLE,0.5746759,0.2353353,0.18998876,0.0,0.0
2,3,BB_HBP,SO,0.0,0.0,0.0,0.5659935,0.4340065
0,4,SINGLE,OTHER_OUT,0.0,0.0,0.0,0.27512357,0.72487646
1,0,XBH,SINGLE,0.42771083,0.32117683,0.25111234,0.0,0.0
4,3,OTHER_OUT,SO,0.0,0.0,0.0,0.545135,0.454865
3,3,SO,SO,0.0,0.0,0.0,0.6467569,0.3532431
4,4,OTHER_OUT,OTHER_OUT,0.0,0.0,0.0,0.32490095,0.675099
0,3,SINGLE,SO,0.0,0.0,0.0,0.7228978,0.27710214
0,4,SINGLE,OTHER_OUT,0.0,0.0,0.0,0.23408225,0.7659178
4,4,OTHER_OUT,OTHER_OUT,0.0,0.0,0.0,0.10795449,0.8920455
4,2,OTHER_OUT,BB_HBP,0.38397443,0.2179457,0.39807987,0.0,0.0
4,4,OTHER_OUT,OTHER_OUT,0.0,0.0,0.0,0.30654258,0.6934574
2,1,BB_HBP,XBH,0.35749438,0.38243157,0.26007405,0.0,0.0
4,4,OTHER_OUT,OTHER_OUT,0.0,0.0,0.0,0.2755587,0.7244413
0,4,SINGLE,OTHER_OUT,0.0,0.0,0.0,0.2752893,0.7247107
0,4,SINGLE,OTHER_OUT,0.0,0.0,0.0,0.25596982,0.7440302
4,4,OTHER_OUT,OTHER_OUT,0.0,0.0,0.0,0.12981714,0.8701829
0,3,SINGLE,SO,0.0,0.0,0.0,0.5115131,0.48848686
1,0,XBH,SINGLE,0.51443326,0.37538943,0.11017729,0.0,0.0
4,3,OTHER_OUT,SO,0.0,0.0,0.0,0.6973104,0.3026896
3,3,SO,SO,0.0,0.0,0.0,0.5625563,0.43744364
4,0,OTHER_OUT,SINGLE,0.47015733,0.36500898,0.1648337,0.0,0.0
4,3,OTHER_OUT,SO,0.0,0.0,0.0,0.57801193,0.4219881
4,1,OTHER_OUT,XBH,0.27010265,0.4781603,0.25173706,0.0,0.0
4,4,OTHER_OUT,OTHER_OUT,0.0,0.0,0.0,0.2630682,0.7369318
3,4,SO,OTHER_OUT,0.0,0.0,0.0,0.25759014,0.7424098
3,4,SO,OTHER_OUT,0.0,0.0,0.0,0.11003996,0.88996005
1,1,XBH,XBH,0.26841924,0.46239278,0.269188,0.0,0.0
0,4,SINGLE,OTHER_OUT,0.0,0.0,0.0,0.19745514,0.80254483
1,3,XBH,SO,0.0,0.0,0.0,0.64429325,0.35570675
4,4,OTHER_OUT,OTHER_OUT,0.0,0.0,0.0,0.36836755,0.63163245
2,3,BB_HBP,SO,0.0,0.0,0.0,0.6699761,0.3300239
4,4,OTHER_OUT,OTHER_OUT,0.0,0.0,0.0,0.09891674,0.90108323
2,2,BB_HBP,BB_HBP,0.18440431,0.2630603,0.55253536,0.0,0.0
0,0,SINGLE,SINGLE,0.49145836,0.13672657,0.37181506,0.0,0.0
4,4,OTHER_OUT,OTHER_OUT,0.0,0.0,0.0,0.45992526,0.54007477
2,3,BB_HBP,SO,0.0,0.0,0.0,0.8348451,0.16515487
4,4,OTHER_OUT,OTHER_OUT,0.0,0.0,0.0,0.14705914,0.85294086
4,4,OTHER_OUT,OTHER_OUT,0.0,0.0,0.0,0.3207564,0.67924356
0,1,SINGLE,XBH,0.32606497,0.4264696,0.24746542,0.0,0.0
4,4,OTHER_OUT,OTHER_OUT,0.0,0.0,0.0,0.26235667,0.7376433
4,4,OTHER_OUT,OTHER_OUT,0.0,0.0,0.0,0.4169385,0.5830615
4,1,OTHER_OUT,XBH,0.40084448,0.4218434,0.17731209,0.0,0.0
0,0,SINGLE,SINGLE,0.5460943,0.27490935,0.17899632,0.0,0.0
2,1,BB_HBP,XBH,0.1507664,0.6608219,0.1884117,0.0,0.0
4,4,OTHER_OUT,OTHER_OUT,0.0,0.0,0.0,0.47716862,0.5228314
3,4,SO,OTHER_OUT,0.0,0.0,0.0,0.28958085,0.7104192
4,3,OTHER_OUT,SO,0.0,0.0,0.0,0.7763134,0.22368656
4,4,OTHER_OUT,OTHER_OUT,0.0,0.0,0.0,0.30594927,0.6940507
0,0,SINGLE,SINGLE,0.7149468,0.13616657,0.14888662,0.0,0.0
4,3,OTHER_OUT,SO,0.0,0.0,0.0,0.5131819,0.4868181
4,4,OTHER_OUT,OTHER_OUT,0.0,0.0,0.0,0.29995757,0.7000424
1,4,XBH,OTHER_OUT,0.0,0.0,0.0,0.23841529,0.7615847
4,4,OTHER_OUT,OTHER_OUT,0.0,0.0,0.0,0.27806455,0.72193545
0,4,SINGLE,OTHER_OUT,0.0,0.0,0.0,0.17966002,0.82034
3,3,SO,SO,0.0,0.0,0.0,0.8371106,0.16288944
4,2,OTHER_OUT,BB_HBP,0.3535633,0.06434654,0.58209014,0.0,0.0
4,4,OTHER_OUT,OTHER_OUT,0.0,0.0,0.0,0.26872405,0.731276
4,4,OTHER_OUT,OTHER_OUT,0.0,0.0,0.0,0.23577413,0.76422584
4,4,OTHER_OUT,OTHER_OUT,0.0,0.0,0.0,0.18680613,0.81319386
4,0,OTHER_OUT,SINGLE,0.66359943,0.12678525,0.20961533,0.0,0.0
0,4,SINGLE,OTHER_OUT,0.0,0.0,0.0,0.44892716,0.55107284
4,4,OTHER_OUT,OTHER_OUT,0.0,0.0,0.0,0.33330572,0.6666943
1,4,XBH,OTHER_OUT,0.0,0.0,0.0,0.290361,0.709639
4,3,OTHER_OUT,SO,0.0,0.0,0.0,0.72068983,0.2793102
4,3,OTHER_OUT,SO,0.0,0.0,0.0,0.5396999,0.46030006
3,3,SO,SO,0.0,0.0,0.0,0.64334905,0.35665098
4,3,OTHER_OUT,SO,0.0,0.0,0.0,0.54541063,0.45458937
3,4,SO,OTHER_OUT,0.0,0.0,0.0,0.21098065,0.78901935
4,0,OTHER_OUT,SINGLE,0.60125136,0.33083144,0.06791718,0.0,0.0
0,1,SINGLE,XBH,0.21024498,0.5739212,0.21583381,0.0,0.0
4,3,OTHER_OUT,SO,0.0,0.0,0.0,0.5145361,0.48546392
4,0,OTHER_OUT,SINGLE,0.46863356,0.15826045,0.37310597,0.0,0.0
4,4,OTHER_OUT,OTHER_OUT,0.0,0.0,0.0,0.444221,0.55577904
3,4,SO,OTHER_OUT,0.0,0.0,0.0,0.292131,0.707869
4,3,OTHER_OUT,SO,0.0,0.0,0.0,0.58922607,0.41077393
4,0,OTHER_OUT,SINGLE,0.45060328,0.13361958,0.41577715,0.0,0.0
4,4,OTHER_OUT,OTHER_OUT,0.0,0.0,0.0,0.35439858,0.64560145
4,4,OTHER_OUT,OTHER_OUT,0.0,0.0,0.0,0.41083524,0.58916473
4,0,OTHER_OUT,SINGLE,0.44232532,0.2994915,0.25818318,0.0,0.0
3,2,SO,BB_HBP,0.39365807,0.08722479,0.5191171,0.0,0.0
3,3,SO,SO,0.0,0.0,0.0,0.75782204,0.24217798
4,3,OTHER_OUT,SO,0.0,0.0,0.0,0.6746384,0.32536164
4,4,OTHER_OUT,OTHER_OUT,0.0,0.0,0.0,0.18126018,0.81873983
4,2,OTHER_OUT,BB_HBP,0.42478955,0.06365821,0.5115522,0.0,0.0
4,0,OTHER_OUT,SINGLE,0.4464917,0.18133754,0.37217078,0.0,0.0
4,0,OTHER_OUT,SINGLE,0.759188,0.088979654,0.15183234,0.0,0.0
0,3,SINGLE,SO,0.0,0.0,0.0,0.57167786,0.42832214
3,4,SO,OTHER_OUT,0.0,0.0,0.0,0.47054285,0.52945715
0,4,SINGLE,OTHER_OUT,0.0,0.0,0.0,0.14297237,0.85702765
0,4,SINGLE,OTHER_OUT,0.0,0.0,0.0,0.44439393,0.55560607
4,4,OTHER_OUT,OTHER_OUT,0.0,0.0,0.0,0.15879323,0.8412068
0,4,SINGLE,OTHER_OUT,0.0,0.0,0.0,0.118537664,0.88146234
3,4,SO,OTHER_OUT,0.0,0.0,0.0,0.27819946,0.72180057
4,4,OTHER_OUT,OTHER_OUT,0.0,0.0,0.0,0.20730199,0.792698
3,1,SO,XBH,0.19121481,0.42887193,0.37991324,0.0,0.0
3,4,SO,OTHER_OUT,0.0,0.0,0.0,0.40244487,0.59755516
2,0,BB_HBP,SINGLE,0.59603333,0.09494585,0.30902082,0.0,0.0
4,4,OTHER_OUT,OTHER_OUT,0.0,0.0,0.0,0.28496903,0.71503097
0,4,SINGLE,OTHER_OUT,0.0,0.0,0.0,0.13331185,0.86668813
3,4,SO,OTHER_OUT,0.0,0.0,0.0,0.3147523,0.6852477
4,4,OTHER_OUT,OTHER_OUT,0.0,0.0,0.0,0.42442104,0.5755789
3,4,SO,OTHER_OUT,0.0,0.0,0.0,0.09024515,0.9097549
4,2,OTHER_OUT,BB_HBP,0.42210996,0.07449594,0.50339407,0.0,0.0
4,4,OTHER_OUT,OTHER_OUT,0.0,0.0,0.0,0.19493231,0.80506766
0,4,SINGLE,OTHER_OUT,0.0,0.0,0.0,0.16399835,0.83600163
4,4,OTHER_OUT,OTHER_OUT,0.0,0.0,0.0,0.43475804,0.565242
4,4,OTHER_OUT,OTHER_OUT,0.0,0.0,0.0,0.22603138,0.77396864
0,4,SINGLE,OTHER_OUT,0.0,0.0,0.0,0.3371909,0.6628091
4,4,OTHER_OUT,OTHER_OUT,0.0,0.0,0.0,0.41253185,0.58746815
3,4,SO,OTHER_OUT,0.0,0.0,0.0,0.37587488,0.6241251
4,4,OTHER_OUT,OTHER_OUT,0.0,0.0,0.0,0.20373951,0.7962605
4,0,OTHER_OUT,SINGLE,0.51299083,0.16831583,0.31869337,0.0,0.0
0,0,SINGLE,SINGLE,0.38569078,0.2747418,0.3395674,0.0,0.0
0,2,SINGLE,BB_HBP,0.2981358,0.27224952,0.4296147,0.0,0.0
3,4,SO,OTHER_OUT,0.0,0.0,0.0,0.14358531,0.8564147
4,0,OTHER_OUT,SINGLE,0.5324764,0.35101417,0.11650942,0.0,0.0
0,4,SINGLE,OTHER_OUT,0.0,0.0,0.0,0.11552405,0.88447595
3,4,SO,OTHER_OUT,0.0,0.0,0.0,0.37263036,0.62736964
4,3,OTHER_OUT,SO,0.0,0.0,0.0,0.55007434,0.44992566
4,3,OTHER_OUT,SO,0.0,0.0,0.0,0.7287746,0.27122542
0,0,SINGLE,SINGLE,0.5519162,0.18319488,0.2648889,0.0,0.0
2,4,BB_HBP,OTHER_OUT,0.0,0.0,0.0,0.30590287,0.6940971
3,4,SO,OTHER_OUT,0.0,0.0,0.0,0.14180613,0.8581939
0,4,SINGLE,OTHER_OUT,0.0,0.0,0.0,0.32645747,0.6735425
3,4,SO,OTHER_OUT,0.0,0.0,0.0,0.3883276,0.6116724
0,4,SINGLE,OTHER_OUT,0.0,0.0,0.0,0.46719635,0.53280365
3,4,SO,OTHER_OUT,0.0,0.0,0.0,0.36276975,0.6372302
3,0,SO,SINGLE,0.5909206,0.2512013,0.15787804,0.0,0.0
1,4,XBH,OTHER_OUT,0.0,0.0,0.0,0.40370694,0.59629303
3,0,SO,SINGLE,0.44336113,0.23151386,0.325125,0.0,0.0
4,3,OTHER_OUT,SO,0.0,0.0,0.0,0.61977136,0.38022864
3,0,SO,SINGLE,0.5240285,0.07510772,0.4008638,0.0,0.0
4,4,OTHER_OUT,OTHER_OUT,0.0,0.0,0.0,0.35546744,0.64453256
0,3,SINGLE,SO,0.0,0.0,0.0,0.6271255,0.3728745
3,4,SO,OTHER_OUT,0.0,0.0,0.0,0.37786236,0.62213767
3,1,SO,XBH,0.3581536,0.38161325,0.26023313,0.0,0.0
3,4,SO,OTHER_OUT,0.0,0.0,0.0,0.35257363,0.64742637
4,3,OTHER_OUT,SO,0.0,0.0,0.0,0.61719006,0.38280994
2,3,BB_HBP,SO,0.0,0.0,0.0,0.5294994,0.47050056
3,3,SO,SO,0.0,0.0,0.0,0.559177,0.44082305
4,2,OTHER_OUT,BB_HBP,0.24172762,0.07209823,0.68617415,0.0,0.0
4,4,OTHER_OUT,OTHER_OUT,0.0,0.0,0.0,0.12021248,0.8797875
3,2,SO,BB_HBP,0.3719243,0.2306494,0.39742628,0.0,0.0
3,3,SO,SO,0.0,0.0,0.0,0.6845793,0.3154207
4,4,OTHER_OUT,OTHER_OUT,0.0,0.0,0.0,0.15661792,0.84338206
1,4,XBH,OTHER_OUT,0.0,0.0,0.0,0.1731253,0.8268747
4,0,OTHER_OUT,SINGLE,0.45075598,0.2960207,0.25322333,0.0,0.0
0,0,SINGLE,SINGLE,0.56088734,0.13603774,0.30307493,0.0,0.0
0,4,SINGLE,OTHER_OUT,0.0,0.0,0.0,0.24622464,0.75377536
1,4,XBH,OTHER_OUT,0.0,0.0,0.0,0.21460342,0.7853966
4,4,OTHER_OUT,OTHER_OUT,0.0,0.0,0.0,0.13451266,0.86548734
3,4,SO,OTHER_OUT,0.0,0.0,0.0,0.20144644,0.7985536
4,4,OTHER_OUT,OTHER_OUT,0.0,0.0,0.0,0.28949806,0.7105019
0,0,SINGLE,SINGLE,0.653116,0.11895188,0.22793214,0.0,0.0
4,3,OTHER_OUT,SO,0.0,0.0,0.0,0.57372534,0.42627463
1,3,XBH,SO,0.0,0.0,0.0,0.561207,0.438793
0,3,SINGLE,SO,0.0,0.0,0.0,0.7277119,0.27228805
4,3,OTHER_OUT,SO,0.0,0.0,0.0,0.6485784,0.35142162
3,0,SO,SINGLE,0.7204235,0.04987796,0.22969851,0.0,0.0
0,4,SINGLE,OTHER_OUT,0.0,0.0,0.0,0.20670494,0.7932951
0,1,SINGLE,XBH,0.44933847,0.4638202,0.086841345,0.0,0.0
0,4,SINGLE,OTHER_OUT,0.0,0.0,0.0,0.32907575,0.67092425
3,3,SO,SO,0.0,0.0,0.0,0.7176618,0.28233823
3,4,SO,OTHER_OUT,0.0,0.0,0.0,0.22814964,0.77185035
4,4,OTHER_OUT,OTHER_OUT,0.0,0.0,0.0,0.34765264,0.6523473
0,4,SINGLE,OTHER_OUT,0.0,0.0,0.0,0.24716218,0.75283784
4,4,OTHER_OUT,OTHER_OUT,0.0,0.0,0.0,0.086188205,0.9138118
4,4,OTHER_OUT,OTHER_OUT,0.0,0.0,0.0,0.14435731,0.8556427
4,4,OTHER_OUT,OTHER_OUT,0.0,0.0,0.0,0.203304,0.796696
4,0,OTHER_OUT,SINGLE,0.4728971,0.34775037,0.17935254,0.0,0.0
0,4,SINGLE,OTHER_OUT,0.0,0.0,0.0,0.28857678,0.7114232
0,4,SINGLE,OTHER_OUT,0.0,0.0,0.0,0.46685228,0.5331477
4,4,OTHER_OUT,OTHER_OUT,0.0,0.0,0.0,0.29068547,0.7093145
4,4,OTHER_OUT,OTHER_OUT,0.0,0.0,0.0,0.14035213,0.85964787
4,4,OTHER_OUT,OTHER_OUT,0.0,0.0,0.0,0.24401945,0.75598055
4,4,OTHER_OUT,OTHER_OUT,0.0,0.0,0.0,0.3163437,0.6836563
3,4,SO,OTHER_OUT,0.0,0.0,0.0,0.23749994,0.76250005
2,4,BB_HBP,OTHER_OUT,0.0,0.0,0.0,0.17231524,0.82768476
3,4,SO,OTHER_OUT,0.0,0.0,0.0,0.1489253,0.8510747
2,4,BB_HBP,OTHER_OUT,0.0,0.0,0.0,0.24876496,0.751235
4,1,OTHER_OUT,XBH,0.3356124,0.36515278,0.29923484,0.0,0.0
4,4,OTHER_OUT,OTHER_OUT,0.0,0.0,0.0,0.35931012,0.64068985
1,4,XBH,OTHER_OUT,0.0,0.0,0.0,0.31693715,0.68306285
4,0,OTHER_OUT,SINGLE,0.66180545,0.24768083,0.0905137,0.0,0.0
4,0,OTHER_OUT,SINGLE,0.44567668,0.15120286,0.40312046,0.0,0.0
4,4,OTHER_OUT,OTHER_OUT,0.0,0.0,0.0,0.34313917,0.6568608
4,4,OTHER_OUT,OTHER_OUT,0.0,0.0,0.0,0.31592652,0.68407345
4,4,OTHER_OUT,OTHER_OUT,0.0,0.0,0.0,0.17973144,0.8202686
2,4,BB_HBP,OTHER_OUT,0.0,0.0,0.0,0.14425048,0.85574955
4,4,OTHER_OUT,OTHER_OUT,0.0,0.0,0.0,0.143286,0.856714
3,4,SO,OTHER_OUT,0.0,0.0,0.0,0.15327524,0.84672475
3,4,SO,OTHER_OUT,0.0,0.0,0.0,0.34555596,0.65444404
4,4,OTHER_OUT,OTHER_OUT,0.0,0.0,0.0,0.338039,0.661961
3,4,SO,OTHER_OUT,0.0,0.0,0.0,0.20164903,0.798351
3,4,SO,OTHER_OUT,0.0,0.0,0.0,0.12990461,0.8700954
0,2,SINGLE,BB_HBP,0.28443214,0.32357028,0.39199758,0.0,0.0
0,0,SINGLE,SINGLE,0.6335293,0.21905203,0.14741865,0.0,0.0
4,4,OTHER_OUT,OTHER_OUT,0.0,0.0,0.0,0.39428398,0.60571605
4,0,OTHER_OUT,SINGLE,0.5348904,0.31146282,0.1536468,0.0,0.0
0,2,SINGLE,BB_HBP,0.34217313,0.15665698,0.5011699,0.0,0.0
4,4,OTHER_OUT,OTHER_OUT,0.0,0.0,0.0,0.10551377,0.89448625
4,0,OTHER_OUT,SINGLE,0.57184845,0.21328561,0.21486591,0.0,0.0
4,4,OTHER_OUT,OTHER_OUT,0.0,0.0,0.0,0.0900871,0.9099129
4,2,OTHER_OUT,BB_HBP,0.33042538,0.08888472,0.5806899,0.0,0.0
4,4,OTHER_OUT,OTHER_OUT,0.0,0.0,0.0,0.15540424,0.84459573
0,0,SINGLE,SINGLE,0.60904807,0.26694256,0.124009356,0.0,0.0
3,4,SO,OTHER_OUT,0.0,0.0,0.0,0.44099826,0.55900174
3,0,SO,SINGLE,0.6345038,0.18918973,0.17630649,0.0,0.0
1,4,XBH,OTHER_OUT,0.0,0.0,0.0,0.124304764,0.8756952
3,4,SO,OTHER_OUT,0.0,0.0,0.0,0.069173835,0.9308262
4,3,OTHER_OUT,SO,0.0,0.0,0.0,0.55495656,0.44504344
0,4,SINGLE,OTHER_OUT,0.0,0.0,0.0,0.4885371,0.51146287
1,0,XBH,SINGLE,0.5061358,0.17475605,0.31910816,0.0,0.0
4,4,OTHER_OUT,OTHER_OUT,0.0,0.0,0.0,0.33361673,0.66638327
4,4,OTHER_OUT,OTHER_OUT,0.0,0.0,0.0,0.11659414,0.88340586
3,2,SO,BB_HBP,0.17461461,0.16101621,0.66436917,0.0,0.0
3,4,SO,OTHER_OUT,0.0,0.0,0.0,0.31121284,0.68878716
4,0,OTHER_OUT,SINGLE,0.42762056,0.25428596,0.31809348,0.0,0.0
3,3,SO,SO,0.0,0.0,0.0,0.74577445,0.25422555
4,4,OTHER_OUT,OTHER_OUT,0.0,0.0,0.0,0.12378683,0.8762132
4,4,OTHER_OUT,OTHER_OUT,0.0,0.0,0.0,0.1163109,0.8836891
4,4,OTHER_OUT,OTHER_OUT,0.0,0.0,0.0,0.46784228,0.5321577
3,2,SO,BB_HBP,0.38092566,0.09201257,0.52706176,0.0,0.0
3,4,SO,OTHER_OUT,0.0,0.0,0.0,0.04307275,0.95692724
4,4,OTHER_OUT,OTHER_OUT,0.0,0.0,0.0,0.28300166,0.71699834
3,3,SO,SO,0.0,0.0,0.0,0.7243937,0.27560624
4,4,OTHER_OUT,OTHER_OUT,0.0,0.0,0.0,0.21224791,0.7877521
0,0,SINGLE,SINGLE,0.5534307,0.1544835,0.29208586,0.0,0.0
4,4,OTHER_OUT,OTHER_OUT,0.0,0.0,0.0,0.1433894,0.8566106
2,0,BB_HBP,SINGLE,0.41204333,0.18334566,0.404611,0.0,0.0
1,4,XBH,OTHER_OUT,0.0,0.0,0.0,0.17451417,0.8254858
0,0,SINGLE,SINGLE,0.50295454,0.21270904,0.28433645,0.0,0.0
4,3,OTHER_OUT,SO,0.0,0.0,0.0,0.5858587,0.41414133
4,4,OTHER_OUT,OTHER_OUT,0.0,0.0,0.0,0.46444482,0.5355552
3,2,SO,BB_HBP,0.24143296,0.08704566,0.67152137,0.0,0.0
3,4,SO,OTHER_OUT,0.0,0.0,0.0,0.39550453,0.60449547
4,3,OTHER_OUT,SO,0.0,0.0,0.0,0.7369914,0.26300856
2,0,BB_HBP,SINGLE,0.53019726,0.15339752,0.31640524,0.0,0.0
2,4,BB_HBP,OTHER_OUT,0.0,0.0,0.0,0.13429926,0.8657007
4,3,OTHER_OUT,SO,0.0,0.0,0.0,0.7449658,0.25503424
4,4,OTHER_OUT,OTHER_OUT,0.0,0.0,0.0,0.4933683,0.50663173
3,4,SO,OTHER_OUT,0.0,0.0,0.0,0.19940929,0.8005907
2,4,BB_HBP,OTHER_OUT,0.0,0.0,0.0,0.12952153,0.87047845
4,3,OTHER_OUT,SO,0.0,0.0,0.0,0.555009,0.44499096
4,4,OTHER_OUT,OTHER_OUT,0.0,0.0,0.0,0.11864472,0.8813553
4,4,OTHER_OUT,OTHER_OUT,0.0,0.0,0.0,0.23438865,0.76561135
4,2,OTHER_OUT,BB_HBP,0.30548865,0.09958412,0.59492725,0.0,0.0
4,4,OTHER_OUT,OTHER_OUT,0.0,0.0,0.0,0.113949,0.886051
4,2,OTHER_OUT,BB_HBP,0.14925534,0.41877985,0.43196478,0.0,0.0
0,4,SINGLE,OTHER_OUT,0.0,0.0,0.0,0.27558628,0.72441375
4,2,OTHER_OUT,BB_HBP,0.37750036,0.16267292,0.45982674,0.0,0.0
0,0,SINGLE,SINGLE,0.5215762,0.16350947,0.3149143,0.0,0.0
3,3,SO,SO,0.0,0.0,0.0,0.6553984,0.34460157
4,0,OTHER_OUT,SINGLE,0.7814972,0.17868066,0.03982215,0.0,0.0
1,0,XBH,SINGLE,0.42483205,0.1798393,0.39532867,0.0,0.0
4,4,OTHER_OUT,OTHER_OUT,0.0,0.0,0.0,0.23899047,0.7610095
3,4,SO,OTHER_OUT,0.0,0.0,0.0,0.31358802,0.686412
3,4,SO,OTHER_OUT,0.0,0.0,0.0,0.13619037,0.86380965
2,0,BB_HBP,SINGLE,0.48317665,0.14970471,0.36711863,0.0,0.0
1,4,XBH,OTHER_OUT,0.0,0.0,0.0,0.47608104,0.5239189
4,3,OTHER_OUT,SO,0.0,0.0,0.0,0.5607678,0.43923217
4,4,OTHER_OUT,OTHER_OUT,0.0,0.0,0.0,0.4083522,0.5916478
4,0,OTHER_OUT,SINGLE,0.41969478,0.20469336,0.37561184,0.0,0.0
4,4,OTHER_OUT,OTHER_OUT,0.0,0.0,0.0,0.25341052,0.7465895
4,0,OTHER_OUT,SINGLE,0.39274123,0.3133458,0.29391298,0.0,0.0
4,4,OTHER_OUT,OTHER_OUT,0.0,0.0,0.0,0.38004988,0.6199501
4,4,OTHER_OUT,OTHER_OUT,0.0,0.0,0.0,0.10044495,0.899555
4,4,OTHER_OUT,OTHER_OUT,0.0,0.0,0.0,0.3570334,0.64296657
0,3,SINGLE,SO,0.0,0.0,0.0,0.5196895,0.48031047
3,3,SO,SO,0.0,0.0,0.0,0.77600837,0.22399163
3,4,SO,OTHER_OUT,0.0,0.0,0.0,0.38339013,0.6166099
4,4,OTHER_OUT,OTHER_OUT,0.0,0.0,0.0,0.3587871,0.64121294
4,4,OTHER_OUT,OTHER_OUT,0.0,0.0,0.0,0.2746865,0.72531354
4,4,OTHER_OUT,OTHER_OUT,0.0,0.0,0.0,0.21192947,0.78807056
4,3,OTHER_OUT,SO,0.0,0.0,0.0,0.55119,0.44881
4,2,OTHER_OUT,BB_HBP,0.30087894,0.3304477,0.36867335,0.0,0.0
4,0,OTHER_OUT,SINGLE,0.6143235,0.21748859,0.16818792,0.0,0.0
3,4,SO,OTHER_OUT,0.0,0.0,0.0,0.46481347,0.5351865
4,3,OTHER_OUT,SO,0.0,0.0,0.0,0.58317256,0.41682747
4,4,OTHER_OUT,OTHER_OUT,0.0,0.0,0.0,0.474424,0.525576
4,4,OTHER_OUT,OTHER_OUT,0.0,0.0,0.0,0.3045391,0.6954609
1,0,XBH,SINGLE,0.58800495,0.06930431,0.34269077,0.0,0.0
0,2,SINGLE,BB_HBP,0.32902655,0.31597042,0.35500303,0.0,0.0
3,2,SO,BB_HBP,0.3978647,0.1994622,0.4026731,0.0,0.0
3,2,SO,BB_HBP,0.15256256,0.35481143,0.492626,0.0,0.0
4,4,OTHER_OUT,OTHER_OUT,0.0,0.0,0.0,0.2957629,0.7042371
4,2,OTHER_OUT,BB_HBP,0.28200892,0.3440026,0.37398848,0.0,0.0
4,0,OTHER_OUT,SINGLE,0.46303618,0.13492487,0.40203896,0.0,0.0
1,4,XBH,OTHER_OUT,0.0,0.0,0.0,0.2853309,0.7146691
3,0,SO,SINGLE,0.5354397,0.17733154,0.28722873,0.0,0.0
0,4,SINGLE,OTHER_OUT,0.0,0.0,0.0,0.30157852,0.6984215
4,4,OTHER_OUT,OTHER_OUT,0.0,0.0,0.0,0.17911421,0.8208858
4,1,OTHER_OUT,XBH,0.32231107,0.4747181,0.20297085,0.0,0.0
4,2,OTHER_OUT,BB_HBP,0.3563135,0.10066442,0.5430221,0.0,0.0
3,4,SO,OTHER_OUT,0.0,0.0,0.0,0.11881454,0.8811855
4,4,OTHER_OUT,OTHER_OUT,0.0,0.0,0.0,0.30031237,0.6996876
4,3,OTHER_OUT,SO,0.0,0.0,0.0,0.54677266,0.4532273
4,3,OTHER_OUT,SO,0.0,0.0,0.0,0.633869,0.366131
2,0,BB_HBP,SINGLE,0.5313298,0.28272966,0.18594052,0.0,0.0
4,4,OTHER_OUT,OTHER_OUT,0.0,0.0,0.0,0.25615913,0.7438409
3,2,SO,BB_HBP,0.3305692,0.27152088,0.3979099,0.0,0.0
4,3,OTHER_OUT,SO,0.0,0.0,0.0,0.62972045,0.37027955
4,0,OTHER_OUT,SINGLE,0.49506596,0.33401886,0.17091519,0.0,0.0
4,3,OTHER_OUT,SO,0.0,0.0,0.0,0.68294436,0.3170556
3,3,SO,SO,0.0,0.0,0.0,0.75483453,0.24516548
3,0,SO,SINGLE,0.40783697,0.21360114,0.37856188,0.0,0.0
4,1,OTHER_OUT,XBH,0.3293066,0.35648024,0.31421316,0.0,0.0
3,3,SO,SO,0.0,0.0,0.0,0.5566199,0.44338015
3,4,SO,OTHER_OUT,0.0,0.0,0.0,0.13322262,0.86677736
4,4,OTHER_OUT,OTHER_OUT,0.0,0.0,0.0,0.25057888,0.7494211
3,4,SO,OTHER_OUT,0.0,0.0,0.0,0.44563496,0.55436504
4,0,OTHER_OUT,SINGLE,0.5289662,0.2028692,0.26816463,0.0,0.0
4,4,OTHER_OUT,OTHER_OUT,0.0,0.0,0.0,0.18962824,0.81037176
3,3,SO,SO,0.0,0.0,0.0,0.5015308,0.49846914
2,1,BB_HBP,XBH,0.24148025,0.5364153,0.22210447,0.0,0.0
0,4,SINGLE,OTHER_OUT,0.0,0.0,0.0,0.36435056,0.63564944
2,0,BB_HBP,SINGLE,0.3985661,0.29875568,0.30267823,0.0,0.0
4,4,OTHER_OUT,OTHER_OUT,0.0,0.0,0.0,0.39883834,0.60116166
0,4,SINGLE,OTHER_OUT,0.0,0.0,0.0,0.45341533,0.54658467
4,3,OTHER_OUT,SO,0.0,0.0,0.0,0.56626165,0.43373835
0,3,SINGLE,SO,0.0,0.0,0.0,0.58346313,0.41653687
4,4,OTHER_OUT,OTHER_OUT,0.0,0.0,0.0,0.106246166,0.8937538
4,4,OTHER_OUT,OTHER_OUT,0.0,0.0,0.0,0.34110397,0.658896
4,0,OTHER_OUT,SINGLE,0.51259595,0.20221905,0.285185,0.0,0.0
4,3,OTHER_OUT,SO,0.0,0.0,0.0,0.7423305,0.25766954
3,4,SO,OTHER_OUT,0.0,0.0,0.0,0.48209122,0.51790875
4,4,OTHER_OUT,OTHER_OUT,0.0,0.0,0.0,0.2333711,0.7666289
4,4,OTHER_OUT,OTHER_OUT,0.0,0.0,0.0,0.17892805,0.8210719
4,4,OTHER_OUT,OTHER_OUT,0.0,0.0,0.0,0.21983378,0.7801662
0,1,SINGLE,XBH,0.24749555,0.42908335,0.32342112,0.0,0.0
2,4,BB_HBP,OTHER_OUT,0.0,0.0,0.0,0.1264243,0.8735757
3,4,SO,OTHER_OUT,0.0,0.0,0.0,0.42265195,0.57734805
3,3,SO,SO,0.0,0.0,0.0,0.594965,0.40503505
4,4,OTHER_OUT,OTHER_OUT,0.0,0.0,0.0,0.4808653,0.5191347
3,2,SO,BB_HBP,0.42136365,0.06832814,0.5103082,0.0,0.0
4,4,OTHER_OUT,OTHER_OUT,0.0,0.0,0.0,0.28704202,0.712958
4,0,OTHER_OUT,SINGLE,0.62073547,0.21842265,0.16084187,0.0,0.0
1,4,XBH,OTHER_OUT,0.0,0.0,0.0,0.2126302,0.7873698
4,4,OTHER_OUT,OTHER_OUT,0.0,0.0,0.0,0.4817605,0.5182395
0,1,SINGLE,XBH,0.2574203,0.49888486,0.24369486,0.0,0.0
2,4,BB_HBP,OTHER_OUT,0.0,0.0,0.0,0.390169,0.60983104
4,3,OTHER_OUT,SO,0.0,0.0,0.0,0.6049363,0.39506367
3,4,SO,OTHER_OUT,0.0,0.0,0.0,0.44147733,0.55852264
0,4,SINGLE,OTHER_OUT,0.0,0.0,0.0,0.36841092,0.6315891
1,4,XBH,OTHER_OUT,0.0,0.0,0.0,0.38344947,0.6165505
4,2,OTHER_OUT,BB_HBP,0.29351592,0.1238733,0.5826108,0.0,0.0
4,3,OTHER_OUT,SO,0.0,0.0,0.0,0.51397884,0.48602116
4,2,OTHER_OUT,BB_HBP,0.2979742,0.2099285,0.4920973,0.0,0.0
1,1,XBH,XBH,0.21993427,0.4885807,0.29148504,0.0,0.0
3,3,SO,SO,0.0,0.0,0.0,0.7693009,0.23069915
4,4,OTHER_OUT,OTHER_OUT,0.0,0.0,0.0,0.16911791,0.8308821
0,3,SINGLE,SO,0.0,0.0,0.0,0.6544,0.34560004
2,4,BB_HBP,OTHER_OUT,0.0,0.0,0.0,0.14518824,0.8548117
4,4,OTHER_OUT,OTHER_OUT,0.0,0.0,0.0,0.39513487,0.60486513
1,4,XBH,OTHER_OUT,0.0,0.0,0.0,0.37994748,0.6200525
3,4,SO,OTHER_OUT,0.0,0.0,0.0,0.4129149,0.58708507
4,4,OTHER_OUT,OTHER_OUT,0.0,0.0,0.0,0.15161414,0.8483859
1,3,XBH,SO,0.0,0.0,0.0,0.579153,0.42084703
3,0,SO,SINGLE,0.42235407,0.2643968,0.31324914,0.0,0.0
4,3,OTHER_OUT,SO,0.0,0.0,0.0,0.8255714,0.17442858
4,4,OTHER_OUT,OTHER_OUT,0.0,0.0,0.0,0.44869637,0.5513036
4,4,OTHER_OUT,OTHER_OUT,0.0,0.0,0.0,0.4925082,0.5074918
1,4,XBH,OTHER_OUT,0.0,0.0,0.0,0.44756258,0.5524374
2,4,BB_HBP,OTHER_OUT,0.0,0.0,0.0,0.32458982,0.67541015
4,4,OTHER_OUT,OTHER_OUT,0.0,0.0,0.0,0.336614,0.663386
4,2,OTHER_OUT,BB_HBP,0.26695895,0.17977263,0.55326843,0.0,0.0
4,4,OTHER_OUT,OTHER_OUT,0.0,0.0,0.0,0.36428246,0.6357176
4,4,OTHER_OUT,OTHER_OUT,0.0,0.0,0.0,0.2889786,0.7110214
2,0,BB_HBP,SINGLE,0.5824794,0.2893396,0.12818098,0.0,0.0
0,4,SINGLE,OTHER_OUT,0.0,0.0,0.0,0.14685042,0.8531496
4,4,OTHER_OUT,OTHER_OUT,0.0,0.0,0.0,0.33897755,0.6610225
2,4,BB_HBP,OTHER_OUT,0.0,0.0,0.0,0.35238397,0.647616
3,4,SO,OTHER_OUT,0.0,0.0,0.0,0.28292552,0.7170745
1,4,XBH,OTHER_OUT,0.0,0.0,0.0,0.25484374,0.7451563
4,4,OTHER_OUT,OTHER_OUT,0.0,0.0,0.0,0.04099216,0.95900786
2,4,BB_HBP,OTHER_OUT,0.0,0.0,0.0,0.085636884,0.9143631
4,3,OTHER_OUT,SO,0.0,0.0,0.0,0.5897959,0.41020414
3,4,SO,OTHER_OUT,0.0,0.0,0.0,0.27658933,0.72341067
2,4,BB_HBP,OTHER_OUT,0.0,0.0,0.0,0.36456156,0.63543844
4,4,OTHER_OUT,OTHER_OUT,0.0,0.0,0.0,0.18659939,0.8134006
0,0,SINGLE,SINGLE,0.48590124,0.40886772,0.10523104,0.0,0.0
4,4,OTHER_OUT,OTHER_OUT,0.0,0.0,0.0,0.2408601,0.7591399
2,0,BB_HBP,SINGLE,0.6203349,0.29050788,0.08915721,0.0,0.0
1,1,XBH,XBH,0.118435144,0.5820995,0.2994654,0.0,0.0
2,4,BB_HBP,OTHER_OUT,0.0,0.0,0.0,0.21042651,0.7895735
4,4,OTHER_OUT,OTHER_OUT,0.0,0.0,0.0,0.062240724,0.9377593
4,4,OTHER_OUT,OTHER_OUT,0.0,0.0,0.0,0.06471498,0.93528503
4,0,OTHER_OUT,SINGLE,0.5021363,0.21098992,0.28687382,0.0,0.0
0,0,SINGLE,SINGLE,0.5363881,0.181555,0.2820569,0.0,0.0
4,4,OTHER_OUT,OTHER_OUT,0.0,0.0,0.0,0.33789977,0.6621002
0,4,SINGLE,OTHER_OUT,0.0,0.0,0.0,0.2324445,0.7675555
3,4,SO,OTHER_OUT,0.0,0.0,0.0,0.32725087,0.67274916
1,4,XBH,OTHER_OUT,0.0,0.0,0.0,0.22465286,0.7753472
1,2,XBH,BB_HBP,0.32201225,0.14371769,0.5342701,0.0,0.0
4,4,OTHER_OUT,OTHER_OUT,0.0,0.0,0.0,0.2096159,0.7903841
2,4,BB_HBP,OTHER_OUT,0.0,0.0,0.0,0.33979893,0.6602011
3,4,SO,OTHER_OUT,0.0,0.0,0.0,0.3048677,0.69513226
3,0,SO,SINGLE,0.548538,0.27727655,0.1741854,0.0,0.0
4,2,OTHER_OUT,BB_HBP,0.31317127,0.24938717,0.43744156,0.0,0.0
4,4,OTHER_OUT,OTHER_OUT,0.0,0.0,0.0,0.108820006,0.89118
3,0,SO,SINGLE,0.43666458,0.28734934,0.27598608,0.0,0.0
0,3,SINGLE,SO,0.0,0.0,0.0,0.6452666,0.35473344
4,4,OTHER_OUT,OTHER_OUT,0.0,0.0,0.0,0.29162964,0.7083704
4,4,OTHER_OUT,OTHER_OUT,0.0,0.0,0.0,0.16916485,0.83083516
4,3,OTHER_OUT,SO,0.0,0.0,0.0,0.7295133,0.27048674
3,1,SO,XBH,0.33653235,0.4762075,0.18726017,0.0,0.0
4,4,OTHER_OUT,OTHER_OUT,0.0,0.0,0.0,0.094604515,0.9053955
4,4,OTHER_OUT,OTHER_OUT,0.0,0.0,0.0,0.18434706,0.8156529
4,4,OTHER_OUT,OTHER_OUT,0.0,0.0,0.0,0.25461844,0.7453816
3,3,SO,SO,0.0,0.0,0.0,0.6095988,0.39040118
4,4,OTHER_OUT,OTHER_OUT,0.0,0.0,0.0,0.22308554,0.7769145
1,0,XBH,SINGLE,0.60852885,0.193876,0.19759516,0.0,0.0
4,3,OTHER_OUT,SO,0.0,0.0,0.0,0.5474452,0.45255485
4,4,OTHER_OUT,OTHER_OUT,0.0,0.0,0.0,0.3980072,0.6019928
4,4,OTHER_OUT,OTHER_OUT,0.0,0.0,0.0,0.11251575,0.88748425
4,3,OTHER_OUT,SO,0.0,0.0,0.0,0.730603,0.269397
0,4,SINGLE,OTHER_OUT,0.0,0.0,0.0,0.48647204,0.513528
4,4,OTHER_OUT,OTHER_OUT,0.0,0.0,0.0,0.36366975,0.63633025
4,4,OTHER_OUT,OTHER_OUT,0.0,0.0,0.0,0.2895732,0.7104268
3,0,SO,SINGLE,0.35730052,0.3227245,0.31997496,0.0,0.0
3,4,SO,OTHER_OUT,0.0,0.0,0.0,0.18678068,0.8132193
2,1,BB_HBP,XBH,0.13381737,0.71138537,0.15479726,0.0,0.0
1,4,XBH,OTHER_OUT,0.0,0.0,0.0,0.12879503,0.871205
4,4,OTHER_OUT,OTHER_OUT,0.0,0.0,0.0,0.12465842,0.8753416
4,3,OTHER_OUT,SO,0.0,0.0,0.0,0.52221864,0.47778133
1,4,XBH,OTHER_OUT,0.0,0.0,0.0,0.46897575,0.5310243
2,0,BB_HBP,SINGLE,0.61896765,0.13404736,0.24698499,0.0,0.0
4,4,OTHER_OUT,OTHER_OUT,0.0,0.0,0.0,0.24190465,0.7580954
4,4,OTHER_OUT,OTHER_OUT,0.0,0.0,0.0,0.33297458,0.6670254
4,0,OTHER_OUT,SINGLE,0.61430395,0.079908855,0.30578718,0.0,0.0
3,0,SO,SINGLE,0.49419,0.294281,0.211529,0.0,0.0
3,4,SO,OTHER_OUT,0.0,0.0,0.0,0.24116491,0.7588351
0,0,SINGLE,SINGLE,0.5270989,0.26420248,0.2086986,0.0,0.0
4,1,OTHER_OUT,XBH,0.15071505,0.63393366,0.21535128,0.0,0.0
3,2,SO,BB_HBP,0.33430937,0.19348982,0.4722008,0.0,0.0
4,4,OTHER_OUT,OTHER_OUT,0.0,0.0,0.0,0.11550714,0.8844929
0,4,SINGLE,OTHER_OUT,0.0,0.0,0.0,0.24388012,0.7561199
4,4,OTHER_OUT,OTHER_OUT,0.0,0.0,0.0,0.25601083,0.74398917
4,4,OTHER_OUT,OTHER_OUT,0.0,0.0,0.0,0.27510712,0.72489285
0,4,SINGLE,OTHER_OUT,0.0,0.0,0.0,0.12614161,0.8738584
4,3,OTHER_OUT,SO,0.0,0.0,0.0,0.6508605,0.34913954
3,4,SO,OTHER_OUT,0.0,0.0,0.0,0.31494272,0.6850573
3,0,SO,SINGLE,0.56892776,0.09593514,0.3351371,0.0,0.0
0,4,SINGLE,OTHER_OUT,0.0,0.0,0.0,0.20320208,0.79679793
0,4,SINGLE,OTHER_OUT,0.0,0.0,0.0,0.3927455,0.6072545
4,4,OTHER_OUT,OTHER_OUT,0.0,0.0,0.0,0.26505032,0.7349497
4,4,OTHER_OUT,OTHER_OUT,0.0,0.0,0.0,0.1765226,0.8234774
3,4,SO,OTHER_OUT,0.0,0.0,0.0,0.19464284,0.80535716
4,1,OTHER_OUT,XBH,0.17795336,0.5636493,0.2583973,0.0,0.0
0,2,SINGLE,BB_HBP,0.39551297,0.16441418,0.44007283,0.0,0.0
2,0,BB_HBP,SINGLE,0.5581964,0.22293721,0.2188664,0.0,0.0
3,4,SO,OTHER_OUT,0.0,0.0,0.0,0.13324313,0.86675686
4,4,OTHER_OUT,OTHER_OUT,0.0,0.0,0.0,0.26023042,0.7397696
2,0,BB_HBP,SINGLE,0.6101223,0.1437887,0.24608898,0.0,0.0
3,4,SO,OTHER_OUT,0.0,0.0,0.0,0.3722701,0.6277299
4,4,OTHER_OUT,OTHER_OUT,0.0,0.0,0.0,0.18690307,0.81309694
1,2,XBH,BB_HBP,0.36989903,0.16146053,0.46864042,0.0,0.0
4,4,OTHER_OUT,OTHER_OUT,0.0,0.0,0.0,0.22814728,0.77185273
1,4,XBH,OTHER_OUT,0.0,0.0,0.0,0.31999344,0.68000656
0,4,SINGLE,OTHER_OUT,0.0,0.0,0.0,0.1801847,0.8198153
3,4,SO,OTHER_OUT,0.0,0.0,0.0,0.36365712,0.6363429
4,4,OTHER_OUT,OTHER_OUT,0.0,0.0,0.0,0.20941716,0.79058284
3,3,SO,SO,0.0,0.0,0.0,0.72707534,0.27292463
4,4,OTHER_OUT,OTHER_OUT,0.0,0.0,0.0,0.25205246,0.7479475
3,4,SO,OTHER_OUT,0.0,0.0,0.0,0.31871295,0.68128705
2,4,BB_HBP,OTHER_OUT,0.0,0.0,0.0,0.34271497,0.65728503
4,4,OTHER_OUT,OTHER_OUT,0.0,0.0,0.0,0.3017076,0.6982924
1,4,XBH,OTHER_OUT,0.0,0.0,0.0,0.07869088,0.9213091
4,4,OTHER_OUT,OTHER_OUT,0.0,0.0,0.0,0.10192176,0.89807826
4,0,OTHER_OUT,SINGLE,0.52837783,0.34730914,0.12431301,0.0,0.0
1,0,XBH,SINGLE,0.47530246,0.24079761,0.28389993,0.0,0.0
0,4,SINGLE,OTHER_OUT,0.0,0.0,0.0,0.13241445,0.86758554
4,4,OTHER_OUT,OTHER_OUT,0.0,0.0,0.0,0.3488675,0.6511325
2,0,BB_HBP,SINGLE,0.49909997,0.13617061,0.3647294,0.0,0.0
3,1,SO,XBH,0.12555566,0.6362411,0.23820326,0.0,0.0
4,4,OTHER_OUT,OTHER_OUT,0.0,0.0,0.0,0.4393653,0.56063473
4,4,OTHER_OUT,OTHER_OUT,0.0,0.0,0.0,0.32536593,0.67463404
0,0,SINGLE,SINGLE,0.70578295,0.17033562,0.12388142,0.0,0.0
4,4,OTHER_OUT,OTHER_OUT,0.0,0.0,0.0,0.0555952,0.9444048
4,4,OTHER_OUT,OTHER_OUT,0.0,0.0,0.0,0.21496813,0.78503186
4,4,OTHER_OUT,OTHER_OUT,0.0,0.0,0.0,0.28637004,0.71362996
0,4,SINGLE,OTHER_OUT,0.0,0.0,0.0,0.4672326,0.53276736
2,2,BB_HBP,BB_HBP,0.27357125,0.36224172,0.36418703,0.0,0.0
3,4,SO,OTHER_OUT,0.0,0.0,0.0,0.3444102,0.65558976
3,4,SO,OTHER_OUT,0.0,0.0,0.0,0.48975182,0.5102482
4,4,OTHER_OUT,OTHER_OUT,0.0,0.0,0.0,0.18671352,0.8132865
2,4,BB_HBP,OTHER_OUT,0.0,0.0,0.0,0.1065263,0.8934737
2,4,BB_HBP,OTHER_OUT,0.0,0.0,0.0,0.104434446,0.89556557
0,4,SINGLE,OTHER_OUT,0.0,0.0,0.0,0.48473147,0.51526856
0,3,SINGLE,SO,0.0,0.0,0.0,0.59406465,0.40593535
4,4,OTHER_OUT,OTHER_OUT,0.0,0.0,0.0,0.4298889,0.5701111
1,3,XBH,SO,0.0,0.0,0.0,0.79075485,0.20924518
3,4,SO,OTHER_OUT,0.0,0.0,0.0,0.03828311,0.9617169
4,4,OTHER_OUT,OTHER_OUT,0.0,0.0,0.0,0.2533046,0.7466954
4,4,OTHER_OUT,OTHER_OUT,0.0,0.0,0.0,0.11864127,0.88135874
0,1,SINGLE,XBH,0.29235512,0.36698008,0.3406648,0.0,0.0
2,0,BB_HBP,SINGLE,0.37609065,0.2899843,0.33392507,0.0,0.0
1,2,XBH,BB_HBP,0.23429808,0.33539945,0.43030247,0.0,0.0
3,3,SO,SO,0.0,0.0,0.0,0.81389403,0.18610598
4,4,OTHER_OUT,OTHER_OUT,0.0,0.0,0.0,0.1641264,0.8358736
3,3,SO,SO,0.0,0.0,0.0,0.5487351,0.4512649
4,4,OTHER_OUT,OTHER_OUT,0.0,0.0,0.0,0.31650826,0.68349177
3,4,SO,OTHER_OUT,0.0,0.0,0.0,0.36422357,0.6357764
0,4,SINGLE,OTHER_OUT,0.0,0.0,0.0,0.24814798,0.75185204
3,4,SO,OTHER_OUT,0.0,0.0,0.0,0.08550532,0.9144947
3,3,SO,SO,0.0,0.0,0.0,0.7022276,0.2977724
0,3,SINGLE,SO,0.0,0.0,0.0,0.66410196,0.33589807
4,4,OTHER_OUT,OTHER_OUT,0.0,0.0,0.0,0.45094788,0.5490521
4,4,OTHER_OUT,OTHER_OUT,0.0,0.0,0.0,0.24916977,0.75083023
3,3,SO,SO,0.0,0.0,0.0,0.67669356,0.32330644
4,0,OTHER_OUT,SINGLE,0.54792637,0.3029009,0.1491727,0.0,0.0
4,4,OTHER_OUT,OTHER_OUT,0.0,0.0,0.0,0.39232227,0.6076777
3,4,SO,OTHER_OUT,0.0,0.0,0.0,0.32175526,0.6782447
1,3,XBH,SO,0.0,0.0,0.0,0.7112956,0.28870443
4,4,OTHER_OUT,OTHER_OUT,0.0,0.0,0.0,0.14328378,0.8567162
4,4,OTHER_OUT,OTHER_OUT,0.0,0.0,0.0,0.16955125,0.83044875
3,1,SO,XBH,0.2195345,0.5440982,0.23636732,0.0,0.0
0,3,SINGLE,SO,0.0,0.0,0.0,0.5678031,0.43219692
2,3,BB_HBP,SO,0.0,0.0,0.0,0.7006766,0.29932338
0,4,SINGLE,OTHER_OUT,0.0,0.0,0.0,0.29106802,0.708932
3,4,SO,OTHER_OUT,0.0,0.0,0.0,0.33491808,0.6650819
2,3,BB_HBP,SO,0.0,0.0,0.0,0.5384451,0.46155488
2,0,BB_HBP,SINGLE,0.38511172,0.3549272,0.25996104,0.0,0.0
0,2,SINGLE,BB_HBP,0.33800805,0.29844934,0.36354262,0.0,0.0
0,4,SINGLE,OTHER_OUT,0.0,0.0,0.0,0.296547,0.703453
0,3,SINGLE,SO,0.0,0.0,0.0,0.7347548,0.26524523
4,4,OTHER_OUT,OTHER_OUT,0.0,0.0,0.0,0.16807562,0.8319244
0,2,SINGLE,BB_HBP,0.3209491,0.08349754,0.5955534,0.0,0.0
4,1,OTHER_OUT,XBH,0.35024592,0.44342756,0.20632653,0.0,0.0
4,4,OTHER_OUT,OTHER_OUT,0.0,0.0,0.0,0.3667197,0.63328034
4,2,OTHER_OUT,BB_HBP,0.3745692,0.09710921,0.52832156,0.0,0.0
1,4,XBH,OTHER_OUT,0.0,0.0,0.0,0.42204762,0.5779524
4,4,OTHER_OUT,OTHER_OUT,0.0,0.0,0.0,0.3785676,0.6214324
4,4,OTHER_OUT,OTHER_OUT,0.0,0.0,0.0,0.41039342,0.5896066
4,3,OTHER_OUT,SO,0.0,0.0,0.0,0.5487737,0.45122626
1,0,XBH,SINGLE,0.4510684,0.31983688,0.22909473,0.0,0.0
4,4,OTHER_OUT,OTHER_OUT,0.0,0.0,0.0,0.48177913,0.5182209
4,4,OTHER_OUT,OTHER_OUT,0.0,0.0,0.0,0.33541834,0.66458166
4,2,OTHER_OUT,BB_HBP,0.37397447,0.23263408,0.39339143,0.0,0.0
3,3,SO,SO,0.0,0.0,0.0,0.74989206,0.25010794
4,4,OTHER_OUT,OTHER_OUT,0.0,0.0,0.0,0.29185718,0.7081428
4,4,OTHER_OUT,OTHER_OUT,0.0,0.0,0.0,0.41885787,0.5811421
4,4,OTHER_OUT,OTHER_OUT,0.0,0.0,0.0,0.26035514,0.7396449
1,4,XBH,OTHER_OUT,0.0,0.0,0.0,0.24773616,0.75226384
0,0,SINGLE,SINGLE,0.41877675,0.29186076,0.28936246,0.0,0.0
3,4,SO,OTHER_OUT,0.0,0.0,0.0,0.2958395,0.7041605
3,0,SO,SINGLE,0.5370416,0.23108657,0.23187184,0.0,0.0
1,3,XBH,SO,0.0,0.0,0.0,0.7494693,0.2505307
4,0,OTHER_OUT,SINGLE,0.67541504,0.24918437,0.07540062,0.0,0.0
2,4,BB_HBP,OTHER_OUT,0.0,0.0,0.0,0.4389139,0.5610861
4,1,OTHER_OUT,XBH,0.34611836,0.3931999,0.26068175,0.0,0.0
0,4,SINGLE,OTHER_OUT,0.0,0.0,0.0,0.47505638,0.5249436
4,3,OTHER_OUT,SO,0.0,0.0,0.0,0.65495145,0.34504852
4,4,OTHER_OUT,OTHER_OUT,0.0,0.0,0.0,0.46202964,0.53797036
3,3,SO,SO,0.0,0.0,0.0,0.6786126,0.32138744
4,3,OTHER_OUT,SO,0.0,0.0,0.0,0.6825498,0.31745026
2,4,BB_HBP,OTHER_OUT,0.0,0.0,0.0,0.3119471,0.6880529
4,4,OTHER_OUT,OTHER_OUT,0.0,0.0,0.0,0.4181129,0.58188707
3,2,SO,BB_HBP,0.33205995,0.1148532,0.5530868,0.0,0.0
0,2,SINGLE,BB_HBP,0.25206932,0.31371,0.43422067,0.0,0.0
3,4,SO,OTHER_OUT,0.0,0.0,0.0,0.47658837,0.52341163
4,4,OTHER_OUT,OTHER_OUT,0.0,0.0,0.0,0.34179544,0.65820456
4,4,OTHER_OUT,OTHER_OUT,0.0,0.0,0.0,0.21404402,0.78595597
4,0,OTHER_OUT,SINGLE,0.52066433,0.14627506,0.33306062,0.0,0.0
4,4,OTHER_OUT,OTHER_OUT,0.0,0.0,0.0,0.26949447,0.7305055
0,4,SINGLE,OTHER_OUT,0.0,0.0,0.0,0.1623406,0.8376594
3,4,SO,OTHER_OUT,0.0,0.0,0.0,0.41609165,0.5839084
4,4,OTHER_OUT,OTHER_OUT,0.0,0.0,0.0,0.17144246,0.82855755
4,4,OTHER_OUT,OTHER_OUT,0.0,0.0,0.0,0.28515148,0.7148485
2,3,BB_HBP,SO,0.0,0.0,0.0,0.57090163,0.42909837
0,4,SINGLE,OTHER_OUT,0.0,0.0,0.0,0.10118878,0.8988112
4,3,OTHER_OUT,SO,0.0,0.0,0.0,0.58884966,0.41115034
4,4,OTHER_OUT,OTHER_OUT,0.0,0.0,0.0,0.38348275,0.61651725
0,3,SINGLE,SO,0.0,0.0,0.0,0.756071,0.24392901
0,4,SINGLE,OTHER_OUT,0.0,0.0,0.0,0.37315744,0.62684256
4,3,OTHER_OUT,SO,0.0,0.0,0.0,0.5060286,0.4939714
2,3,BB_HBP,SO,0.0,0.0,0.0,0.6461246,0.3538754
4,2,OTHER_OUT,BB_HBP,0.19830544,0.2876941,0.5140005,0.0,0.0
4,0,OTHER_OUT,SINGLE,0.35379347,0.30776194,0.3384446,0.0,0.0
0,4,SINGLE,OTHER_OUT,0.0,0.0,0.0,0.20300424,0.79699576
1,4,XBH,OTHER_OUT,0.0,0.0,0.0,0.15028207,0.8497179
3,4,SO,OTHER_OUT,0.0,0.0,0.0,0.36723045,0.6327696
4,3,OTHER_OUT,SO,0.0,0.0,0.0,0.62739074,0.3726093
4,0,OTHER_OUT,SINGLE,0.45204732,0.4244643,0.12348838,0.0,0.0
3,4,SO,OTHER_OUT,0.0,0.0,0.0,0.47350317,0.5264968
4,4,OTHER_OUT,OTHER_OUT,0.0,0.0,0.0,0.3494324,0.6505676
4,1,OTHER_OUT,XBH,0.2959849,0.535839,0.16817608,0.0,0.0
3,4,SO,OTHER_OUT,0.0,0.0,0.0,0.1518058,0.8481942
3,3,SO,SO,0.0,0.0,0.0,0.63744867,0.36255133
1,3,XBH,SO,0.0,0.0,0.0,0.5618198,0.4381802
0,3,SINGLE,SO,0.0,0.0,0.0,0.8421408,0.15785922
0,0,SINGLE,SINGLE,0.6804886,0.17877367,0.14073777,0.0,0.0
3,4,SO,OTHER_OUT,0.0,0.0,0.0,0.45927688,0.5407231
4,4,OTHER_OUT,OTHER_OUT,0.0,0.0,0.0,0.33272755,0.66727245
4,3,OTHER_OUT,SO,0.0,0.0,0.0,0.5705767,0.42942324
2,2,BB_HBP,BB_HBP,0.42532444,0.1250952,0.44958034,0.0,0.0
4,3,OTHER_OUT,SO,0.0,0.0,0.0,0.5442074,0.45579258
4,4,OTHER_OUT,OTHER_OUT,0.0,0.0,0.0,0.48531404,0.514686
1,4,XBH,OTHER_OUT,0.0,0.0,0.0,0.30137452,0.6986255
3,4,SO,OTHER_OUT,0.0,0.0,0.0,0.2827691,0.71723086
0,4,SINGLE,OTHER_OUT,0.0,0.0,0.0,0.24118054,0.75881946
3,0,SO,SINGLE,0.61661565,0.22684075,0.1565436,0.0,0.0
3,0,SO,SINGLE,0.44873208,0.16372706,0.38754085,0.0,0.0
4,4,OTHER_OUT,OTHER_OUT,0.0,0.0,0.0,0.16746488,0.83253515
2,0,BB_HBP,SINGLE,0.48617247,0.40215194,0.11167559,0.0,0.0
1,0,XBH,SINGLE,0.4349678,0.32941562,0.2356166,0.0,0.0
3,3,SO,SO,0.0,0.0,0.0,0.5772838,0.42271617
4,3,OTHER_OUT,SO,0.0,0.0,0.0,0.7223523,0.27764764
4,4,OTHER_OUT,OTHER_OUT,0.0,0.0,0.0,0.35150725,0.64849275
4,0,OTHER_OUT,SINGLE,0.47382998,0.2386289,0.28754112,0.0,0.0
4,4,OTHER_OUT,OTHER_OUT,0.0,0.0,0.0,0.17896184,0.8210381
3,4,SO,OTHER_OUT,0.0,0.0,0.0,0.2544967,0.7455033
3,4,SO,OTHER_OUT,0.0,0.0,0.0,0.375058,0.624942
4,3,OTHER_OUT,SO,0.0,0.0,0.0,0.5304161,0.46958393
3,0,SO,SINGLE,0.45207754,0.43777183,0.11015065,0.0,0.0
3,3,SO,SO,0.0,0.0,0.0,0.8271491,0.1728509
0,4,SINGLE,OTHER_OUT,0.0,0.0,0.0,0.42862508,0.5713749
3,3,SO,SO,0.0,0.0,0.0,0.76784974,0.23215026
1,0,XBH,SINGLE,0.55660903,0.382862,0.06052896,0.0,0.0
4,0,OTHER_OUT,SINGLE,0.44980207,0.25721967,0.29297826,0.0,0.0
0,4,SINGLE,OTHER_OUT,0.0,0.0,0.0,0.44368246,0.5563175
4,0,OTHER_OUT,SINGLE,0.5824989,0.26940146,0.14809963,0.0,0.0
4,0,OTHER_OUT,SINGLE,0.5807047,0.29092252,0.12837279,0.0,0.0
3,4,SO,OTHER_OUT,0.0,0.0,0.0,0.24847136,0.7515286
2,2,BB_HBP,BB_HBP,0.31674105,0.20624022,0.4770187,0.0,0.0
4,3,OTHER_OUT,SO,0.0,0.0,0.0,0.5386552,0.46134478
3,2,SO,BB_HBP,0.35991454,0.2458351,0.39425036,0.0,0.0
1,0,XBH,SINGLE,0.78866297,0.050969873,0.16036718,0.0,0.0
3,4,SO,OTHER_OUT,0.0,0.0,0.0,0.3008548,0.6991452
0,3,SINGLE,SO,0.0,0.0,0.0,0.7530549,0.24694505
4,0,OTHER_OUT,SINGLE,0.65820175,0.22090939,0.120888844,0.0,0.0
2,4,BB_HBP,OTHER_OUT,0.0,0.0,0.0,0.2765881,0.72341186
0,4,SINGLE,OTHER_OUT,0.0,0.0,0.0,0.37091723,0.62908274
3,0,SO,SINGLE,0.57457596,0.23447612,0.1909479,0.0,0.0
2,3,BB_HBP,SO,0.0,0.0,0.0,0.8068742,0.19312578
3,4,SO,OTHER_OUT,0.0,0.0,0.0,0.3457717,0.65422827
3,3,SO,SO,0.0,0.0,0.0,0.7100612,0.2899388
3,4,SO,OTHER_OUT,0.0,0.0,0.0,0.38063362,0.6193664
0,3,SINGLE,SO,0.0,0.0,0.0,0.61896604,0.38103396
0,0,SINGLE,SINGLE,0.7230368,0.16666484,0.110298336,0.0,0.0
4,4,OTHER_OUT,OTHER_OUT,0.0,0.0,0.0,0.26838085,0.7316192
4,4,OTHER_OUT,OTHER_OUT,0.0,0.0,0.0,0.34557316,0.6544269
4,0,OTHER_OUT,SINGLE,0.44046012,0.29169187,0.267848,0.0,0.0
4,4,OTHER_OUT,OTHER_OUT,0.0,0.0,0.0,0.10552936,0.89447063
4,4,OTHER_OUT,OTHER_OUT,0.0,0.0,0.0,0.21233675,0.7876632
1,4,XBH,OTHER_OUT,0.0,0.0,0.0,0.4368933,0.56310666
3,4,SO,OTHER_OUT,0.0,0.0,0.0,0.42190084,0.57809913
0,4,SINGLE,OTHER_OUT,0.0,0.0,0.0,0.12912679,0.8708732
0,3,SINGLE,SO,0.0,0.0,0.0,0.68797517,0.3120248
3,0,SO,SINGLE,0.60775566,0.28472197,0.10752238,0.0,0.0
4,1,OTHER_OUT,XBH,0.28392035,0.45458233,0.26149735,0.0,0.0
4,0,OTHER_OUT,SINGLE,0.5189984,0.16839844,0.31260318,0.0,0.0
3,4,SO,OTHER_OUT,0.0,0.0,0.0,0.14449368,0.8555063
3,4,SO,OTHER_OUT,0.0,0.0,0.0,0.2783368,0.72166324
3,3,SO,SO,0.0,0.0,0.0,0.5401805,0.4598195
4,4,OTHER_OUT,OTHER_OUT,0.0,0.0,0.0,0.4329814,0.5670186
2,0,BB_HBP,SINGLE,0.45500475,0.34881222,0.19618303,0.0,0.0
0,4,SINGLE,OTHER_OUT,0.0,0.0,0.0,0.15545458,0.8445454
4,4,OTHER_OUT,OTHER_OUT,0.0,0.0,0.0,0.4614667,0.5385333
4,4,OTHER_OUT,OTHER_OUT,0.0,0.0,0.0,0.20025018,0.7997498
3,0,SO,SINGLE,0.45412982,0.18155074,0.36431944,0.0,0.0
4,4,OTHER_OUT,OTHER_OUT,0.0,0.0,0.0,0.32807866,0.6719213
1,4,XBH,OTHER_OUT,0.0,0.0,0.0,0.3039933,0.6960067
3,4,SO,OTHER_OUT,0.0,0.0,0.0,0.25036195,0.7496381
0,0,SINGLE,SINGLE,0.37446555,0.32422155,0.3013129,0.0,0.0
4,2,OTHER_OUT,BB_HBP,0.25741276,0.3061947,0.43639255,0.0,0.0
0,4,SINGLE,OTHER_OUT,0.0,0.0,0.0,0.4625344,0.5374656
2,4,BB_HBP,OTHER_OUT,0.0,0.0,0.0,0.44211882,0.5578812
3,4,SO,OTHER_OUT,0.0,0.0,0.0,0.32554406,0.67445594
4,3,OTHER_OUT,SO,0.0,0.0,0.0,0.570181,0.42981896
3,3,SO,SO,0.0,0.0,0.0,0.56858397,0.43141603
2,4,BB_HBP,OTHER_OUT,0.0,0.0,0.0,0.457482,0.54251796
0,2,SINGLE,BB_HBP,0.26802936,0.20210987,0.5298608,0.0,0.0
0,4,SINGLE,OTHER_OUT,0.0,0.0,0.0,0.08287451,0.9171255
4,0,OTHER_OUT,SINGLE,0.4760423,0.2324224,0.29153532,0.0,0.0
4,4,OTHER_OUT,OTHER_OUT,0.0,0.0,0.0,0.45616987,0.54383016
4,0,OTHER_OUT,SINGLE,0.5419272,0.31425568,0.14381713,0.0,0.0
3,3,SO,SO,0.0,0.0,0.0,0.8388515,0.1611485
4,0,OTHER_OUT,SINGLE,0.4727423,0.25068533,0.27657238,0.0,0.0
4,4,OTHER_OUT,OTHER_OUT,0.0,0.0,0.0,0.3174221,0.6825779
0,3,SINGLE,SO,0.0,0.0,0.0,0.5375289,0.46247116
0,4,SINGLE,OTHER_OUT,0.0,0.0,0.0,0.2823088,0.71769124
2,2,BB_HBP,BB_HBP,0.41209546,0.15850228,0.42940223,0.0,0.0
3,4,SO,OTHER_OUT,0.0,0.0,0.0,0.4754209,0.5245791
2,2,BB_HBP,BB_HBP,0.38686168,0.21123992,0.4018984,0.0,0.0
3,0,SO,SINGLE,0.35292405,0.2941918,0.35288414,0.0,0.0
0,4,SINGLE,OTHER_OUT,0.0,0.0,0.0,0.067550555,0.93244946
2,4,BB_HBP,OTHER_OUT,0.0,0.0,0.0,0.12909244,0.87090755
2,0,BB_HBP,SINGLE,0.5183899,0.2480583,0.23355182,0.0,0.0
4,4,OTHER_OUT,OTHER_OUT,0.0,0.0,0.0,0.27259654,0.72740346
0,4,SINGLE,OTHER_OUT,0.0,0.0,0.0,0.3953615,0.60463846
2,4,BB_HBP,OTHER_OUT,0.0,0.0,0.0,0.4858745,0.5141255
4,1,OTHER_OUT,XBH,0.13862534,0.4688,0.39257467,0.0,0.0
0,2,SINGLE,BB_HBP,0.25108775,0.2736565,0.47525576,0.0,0.0
0,4,SINGLE,OTHER_OUT,0.0,0.0,0.0,0.321409,0.678591
2,0,BB_HBP,SINGLE,0.36358222,0.2975136,0.3389042,0.0,0.0
3,4,SO,OTHER_OUT,0.0,0.0,0.0,0.10449045,0.89550954
2,4,BB_HBP,OTHER_OUT,0.0,0.0,0.0,0.18674117,0.8132588
3,4,SO,OTHER_OUT,0.0,0.0,0.0,0.25933838,0.7406616
3,4,SO,OTHER_OUT,0.0,0.0,0.0,0.27458066,0.72541934
2,0,BB_HBP,SINGLE,0.38311136,0.34925914,0.2676295,0.0,0.0
1,4,XBH,OTHER_OUT,0.0,0.0,0.0,0.32855073,0.67144924
4,4,OTHER_OUT,OTHER_OUT,0.0,0.0,0.0,0.27549633,0.7245037
4,4,OTHER_OUT,OTHER_OUT,0.0,0.0,0.0,0.114338726,0.88566124
0,4,SINGLE,OTHER_OUT,0.0,0.0,0.0,0.28982335,0.71017665
0,4,SINGLE,OTHER_OUT,0.0,0.0,0.0,0.21390675,0.78609324
0,4,SINGLE,OTHER_OUT,0.0,0.0,0.0,0.18734406,0.8126559
3,4,SO,OTHER_OUT,0.0,0.0,0.0,0.313088,0.686912
4,0,OTHER_OUT,SINGLE,0.61650014,0.1169077,0.26659214,0.0,0.0
4,4,OTHER_OUT,OTHER_OUT,0.0,0.0,0.0,0.3231271,0.6768729
4,4,OTHER_OUT,OTHER_OUT,0.0,0.0,0.0,0.17773359,0.8222664
4,4,OTHER_OUT,OTHER_OUT,0.0,0.0,0.0,0.41251308,0.5874869
3,4,SO,OTHER_OUT,0.0,0.0,0.0,0.22472388,0.7752761
4,0,OTHER_OUT,SINGLE,0.6853164,0.18647118,0.12821244,0.0,0.0
3,4,SO,OTHER_OUT,0.0,0.0,0.0,0.28098723,0.7190128
3,4,SO,OTHER_OUT,0.0,0.0,0.0,0.19767536,0.80232465
4,0,OTHER_OUT,SINGLE,0.69607127,0.103118025,0.20081073,0.0,0.0
4,3,OTHER_OUT,SO,0.0,0.0,0.0,0.66079825,0.33920175
4,4,OTHER_OUT,OTHER_OUT,0.0,0.0,0.0,0.108592495,0.8914075
1,4,XBH,OTHER_OUT,0.0,0.0,0.0,0.2515208,0.7484792
4,0,OTHER_OUT,SINGLE,0.4617169,0.24309406,0.29518905,0.0,0.0
4,3,OTHER_OUT,SO,0.0,0.0,0.0,0.69210994,0.30789006
4,3,OTHER_OUT,SO,0.0,0.0,0.0,0.6113869,0.3886131
4,0,OTHER_OUT,SINGLE,0.5214084,0.22005107,0.25854054,0.0,0.0
4,1,OTHER_OUT,XBH,0.30851594,0.41791233,0.27357173,0.0,0.0
4,3,OTHER_OUT,SO,0.0,0.0,0.0,0.5918252,0.4081748
4,3,OTHER_OUT,SO,0.0,0.0,0.0,0.55545294,0.4445471
4,3,OTHER_OUT,SO,0.0,0.0,0.0,0.50536066,0.49463937
2,4,BB_HBP,OTHER_OUT,0.0,0.0,0.0,0.2656381,0.7343619
4,4,OTHER_OUT,OTHER_OUT,0.0,0.0,0.0,0.14593458,0.8540654
0,4,SINGLE,OTHER_OUT,0.0,0.0,0.0,0.16007231,0.8399277
0,4,SINGLE,OTHER_OUT,0.0,0.0,0.0,0.36863202,0.631368
2,0,BB_HBP,SINGLE,0.7221104,0.049718216,0.22817138,0.0,0.0
4,4,OTHER_OUT,OTHER_OUT,0.0,0.0,0.0,0.3277167,0.6722833
4,4,OTHER_OUT,OTHER_OUT,0.0,0.0,0.0,0.14356181,0.8564382
4,4,OTHER_OUT,OTHER_OUT,0.0,0.0,0.0,0.2186174,0.7813826
0,4,SINGLE,OTHER_OUT,0.0,0.0,0.0,0.13234907,0.8676509
4,4,OTHER_OUT,OTHER_OUT,0.0,0.0,0.0,0.32062116,0.67937887
2,3,BB_HBP,SO,0.0,0.0,0.0,0.52009165,0.47990835
4,4,OTHER_OUT,OTHER_OUT,0.0,0.0,0.0,0.28604943,0.7139506
4,3,OTHER_OUT,SO,0.0,0.0,0.0,0.6076582,0.3923418
0,4,SINGLE,OTHER_OUT,0.0,0.0,0.0,0.09578715,0.90421283
3,3,SO,SO,0.0,0.0,0.0,0.8283688,0.17163119
4,3,OTHER_OUT,SO,0.0,0.0,0.0,0.5610314,0.43896857
3,4,SO,OTHER_OUT,0.0,0.0,0.0,0.34672198,0.65327805
3,4,SO,OTHER_OUT,0.0,0.0,0.0,0.39826214,0.60173786
4,4,OTHER_OUT,OTHER_OUT,0.0,0.0,0.0,0.14444672,0.85555327
4,0,OTHER_OUT,SINGLE,0.5798847,0.1327369,0.28737837,0.0,0.0
0,4,SINGLE,OTHER_OUT,0.0,0.0,0.0,0.24034241,0.7596576
4,3,OTHER_OUT,SO,0.0,0.0,0.0,0.5842878,0.4157122
2,2,BB_HBP,BB_HBP,0.36547372,0.1349774,0.49954888,0.0,0.0
0,0,SINGLE,SINGLE,0.6023136,0.08162923,0.31605718,0.0,0.0
4,2,OTHER_OUT,BB_HBP,0.37991938,0.08275998,0.5373206,0.0,0.0
4,2,OTHER_OUT,BB_HBP,0.35586053,0.1558135,0.48832595,0.0,0.0
3,3,SO,SO,0.0,0.0,0.0,0.6973502,0.30264983
4,4,OTHER_OUT,OTHER_OUT,0.0,0.0,0.0,0.4290906,0.5709094
4,3,OTHER_OUT,SO,0.0,0.0,0.0,0.5269905,0.47300956
0,4,SINGLE,OTHER_OUT,0.0,0.0,0.0,0.3292743,0.6707257
0,4,SINGLE,OTHER_OUT,0.0,0.0,0.0,0.24623209,0.7537679
4,4,OTHER_OUT,OTHER_OUT,0.0,0.0,0.0,0.23262061,0.7673794
1,0,XBH,SINGLE,0.42067716,0.32687393,0.25244892,0.0,0.0
3,4,SO,OTHER_OUT,0.0,0.0,0.0,0.25217995,0.74782
0,1,SINGLE,XBH,0.4143368,0.49280602,0.09285718,0.0,0.0
4,4,OTHER_OUT,OTHER_OUT,0.0,0.0,0.0,0.38007203,0.61992794
4,0,OTHER_OUT,SINGLE,0.5824375,0.16074514,0.2568173,0.0,0.0
0,4,SINGLE,OTHER_OUT,0.0,0.0,0.0,0.23156098,0.76843905
4,3,OTHER_OUT,SO,0.0,0.0,0.0,0.7148242,0.2851758
0,0,SINGLE,SINGLE,0.49521437,0.24372499,0.26106066,0.0,0.0
4,4,OTHER_OUT,OTHER_OUT,0.0,0.0,0.0,0.24139644,0.7586036
0,4,SINGLE,OTHER_OUT,0.0,0.0,0.0,0.38823253,0.6117675
4,4,OTHER_OUT,OTHER_OUT,0.0,0.0,0.0,0.30698988,0.69301015
4,4,OTHER_OUT,OTHER_OUT,0.0,0.0,0.0,0.15025982,0.84974015
0,4,SINGLE,OTHER_OUT,0.0,0.0,0.0,0.16527593,0.83472407
4,0,OTHER_OUT,SINGLE,0.46704882,0.2735285,0.2594227,0.0,0.0
0,4,SINGLE,OTHER_OUT,0.0,0.0,0.0,0.14003865,0.85996133
3,4,SO,OTHER_OUT,0.0,0.0,0.0,0.47856578,0.5214342
4,3,OTHER_OUT,SO,0.0,0.0,0.0,0.60300845,0.39699155
4,4,OTHER_OUT,OTHER_OUT,0.0,0.0,0.0,0.39499938,0.6050006
4,4,OTHER_OUT,OTHER_OUT,0.0,0.0,0.0,0.34817022,0.6518298
0,3,SINGLE,SO,0.0,0.0,0.0,0.58151424,0.4184858
1,3,XBH,SO,0.0,0.0,0.0,0.64015216,0.35984784
2,4,BB_HBP,OTHER_OUT,0.0,0.0,0.0,0.30346563,0.6965344
4,4,OTHER_OUT,OTHER_OUT,0.0,0.0,0.0,0.4132615,0.5867385
4,4,OTHER_OUT,OTHER_OUT,0.0,0.0,0.0,0.34008336,0.65991664
3,4,SO,OTHER_OUT,0.0,0.0,0.0,0.47072142,0.5292786
4,4,OTHER_OUT,OTHER_OUT,0.0,0.0,0.0,0.35895056,0.64104944
4,3,OTHER_OUT,SO,0.0,0.0,0.0,0.63821775,0.36178225
4,3,OTHER_OUT,SO,0.0,0.0,0.0,0.7789479,0.2210521
0,3,SINGLE,SO,0.0,0.0,0.0,0.5010833,0.49891666
3,4,SO,OTHER_OUT,0.0,0.0,0.0,0.3604524,0.6395476
4,0,OTHER_OUT,SINGLE,0.5076465,0.098779805,0.39357367,0.0,0.0
4,4,OTHER_OUT,OTHER_OUT,0.0,0.0,0.0,0.49751413,0.5024859
0,3,SINGLE,SO,0.0,0.0,0.0,0.6702747,0.32972533
2,4,BB_HBP,OTHER_OUT,0.0,0.0,0.0,0.17969312,0.8203069
1,1,XBH,XBH,0.27962562,0.5350655,0.18530892,0.0,0.0
4,4,OTHER_OUT,OTHER_OUT,0.0,0.0,0.0,0.15583679,0.8441632
4,4,OTHER_OUT,OTHER_OUT,0.0,0.0,0.0,0.3366507,0.66334933
4,4,OTHER_OUT,OTHER_OUT,0.0,0.0,0.0,0.1479381,0.8520619
0,4,SINGLE,OTHER_OUT,0.0,0.0,0.0,0.46650875,0.53349125
2,0,BB_HBP,SINGLE,0.70949453,0.121989176,0.16851628,0.0,0.0
4,0,OTHER_OUT,SINGLE,0.52536106,0.07828282,0.3963561,0.0,0.0
4,0,OTHER_OUT,SINGLE,0.4363983,0.17368536,0.38991633,0.0,0.0
4,4,OTHER_OUT,OTHER_OUT,0.0,0.0,0.0,0.22991192,0.7700881
3,4,SO,OTHER_OUT,0.0,0.0,0.0,0.32343802,0.676562
4,4,OTHER_OUT,OTHER_OUT,0.0,0.0,0.0,0.17899196,0.821008
2,3,BB_HBP,SO,0.0,0.0,0.0,0.82043165,0.17956834
4,4,OTHER_OUT,OTHER_OUT,0.0,0.0,0.0,0.4990078,0.50099224
0,4,SINGLE,OTHER_OUT,0.0,0.0,0.0,0.26116395,0.73883605
3,3,SO,SO,0.0,0.0,0.0,0.676118,0.323882
4,4,OTHER_OUT,OTHER_OUT,0.0,0.0,0.0,0.4315994,0.56840056
0,4,SINGLE,OTHER_OUT,0.0,0.0,0.0,0.17109127,0.82890874
4,4,OTHER_OUT,OTHER_OUT,0.0,0.0,0.0,0.39451224,0.60548776
4,4,OTHER_OUT,OTHER_OUT,0.0,0.0,0.0,0.2013386,0.7986614
4,4,OTHER_OUT,OTHER_OUT,0.0,0.0,0.0,0.38637462,0.61362535
4,3,OTHER_OUT,SO,0.0,0.0,0.0,0.6090574,0.39094254
4,3,OTHER_OUT,SO,0.0,0.0,0.0,0.6542148,0.34578517
0,3,SINGLE,SO,0.0,0.0,0.0,0.54471785,0.45528212
4,3,OTHER_OUT,SO,0.0,0.0,0.0,0.58877474,0.41122526
4,4,OTHER_OUT,OTHER_OUT,0.0,0.0,0.0,0.3594286,0.64057136
2,1,BB_HBP,XBH,0.33966336,0.548361,0.11197564,0.0,0.0
4,4,OTHER_OUT,OTHER_OUT,0.0,0.0,0.0,0.45570892,0.5442911
0,3,SINGLE,SO,0.0,0.0,0.0,0.86665225,0.13334776
4,4,OTHER_OUT,OTHER_OUT,0.0,0.0,0.0,0.1424171,0.85758287
2,4,BB_HBP,OTHER_OUT,0.0,0.0,0.0,0.14412177,0.85587823
4,4,OTHER_OUT,OTHER_OUT,0.0,0.0,0.0,0.26938745,0.7306125
2,1,BB_HBP,XBH,0.2737149,0.5164613,0.20982379,0.0,0.0
4,4,OTHER_OUT,OTHER_OUT,0.0,0.0,0.0,0.17578433,0.82421565
0,4,SINGLE,OTHER_OUT,0.0,0.0,0.0,0.46246222,0.5375378
4,4,OTHER_OUT,OTHER_OUT,0.0,0.0,0.0,0.1886703,0.81132966
0,3,SINGLE,SO,0.0,0.0,0.0,0.5808495,0.41915047
4,4,OTHER_OUT,OTHER_OUT,0.0,0.0,0.0,0.12355764,0.8764424
4,3,OTHER_OUT,SO,0.0,0.0,0.0,0.6332125,0.36678752
0,3,SINGLE,SO,0.0,0.0,0.0,0.65316236,0.34683764
3,4,SO,OTHER_OUT,0.0,0.0,0.0,0.22600707,0.77399296
2,1,BB_HBP,XBH,0.3128331,0.43428367,0.2528832,0.0,0.0
4,3,OTHER_OUT,SO,0.0,0.0,0.0,0.607291,0.39270905
3,3,SO,SO,0.0,0.0,0.0,0.60014987,0.39985013
4,4,OTHER_OUT,OTHER_OUT,0.0,0.0,0.0,0.06300335,0.93699664
4,3,OTHER_OUT,SO,0.0,0.0,0.0,0.720688,0.279312
4,4,OTHER_OUT,OTHER_OUT,0.0,0.0,0.0,0.24958032,0.7504197
0,1,SINGLE,XBH,0.22758593,0.39701992,0.37539417,0.0,0.0
0,4,SINGLE,OTHER_OUT,0.0,0.0,0.0,0.30537847,0.69462156
3,3,SO,SO,0.0,0.0,0.0,0.65502113,0.3449789
1,2,XBH,BB_HBP,0.21998684,0.35298494,0.42702824,0.0,0.0
2,4,BB_HBP,OTHER_OUT,0.0,0.0,0.0,0.40876165,0.5912383
1,2,XBH,BB_HBP,0.39329144,0.17972267,0.4269859,0.0,0.0
3,1,SO,XBH,0.16168584,0.5992016,0.23911251,0.0,0.0
1,4,XBH,OTHER_OUT,0.0,0.0,0.0,0.3560383,0.6439617
3,3,SO,SO,0.0,0.0,0.0,0.708731,0.291269
4,3,OTHER_OUT,SO,0.0,0.0,0.0,0.51226366,0.48773637
4,4,OTHER_OUT,OTHER_OUT,0.0,0.0,0.0,0.11122637,0.8887736
3,3,SO,SO,0.0,0.0,0.0,0.81260586,0.18739414
4,4,OTHER_OUT,OTHER_OUT,0.0,0.0,0.0,0.38735414,0.61264586
4,4,OTHER_OUT,OTHER_OUT,0.0,0.0,0.0,0.3015973,0.6984027
3,3,SO,SO,0.0,0.0,0.0,0.6186647,0.3813353
4,4,OTHER_OUT,OTHER_OUT,0.0,0.0,0.0,0.16398257,0.83601743
4,4,OTHER_OUT,OTHER_OUT,0.0,0.0,0.0,0.10433188,0.8956681
4,4,OTHER_OUT,OTHER_OUT,0.0,0.0,0.0,0.35162726,0.6483727
4,3,OTHER_OUT,SO,0.0,0.0,0.0,0.5059023,0.49409768
4,1,OTHER_OUT,XBH,0.3156685,0.35408765,0.33024386,0.0,0.0
4,4,OTHER_OUT,OTHER_OUT,0.0,0.0,0.0,0.090190396,0.9098096
1,4,XBH,OTHER_OUT,0.0,0.0,0.0,0.18512477,0.81487525
4,0,OTHER_OUT,SINGLE,0.4845067,0.14370182,0.37179148,0.0,0.0
0,3,SINGLE,SO,0.0,0.0,0.0,0.55906236,0.44093764
4,4,OTHER_OUT,OTHER_OUT,0.0,0.0,0.0,0.27637365,0.7236264
0,4,SINGLE,OTHER_OUT,0.0,0.0,0.0,0.109621204,0.8903788
0,4,SINGLE,OTHER_OUT,0.0,0.0,0.0,0.084402785,0.9155972
4,4,OTHER_OUT,OTHER_OUT,0.0,0.0,0.0,0.280838,0.719162
3,3,SO,SO,0.0,0.0,0.0,0.64688945,0.35311052
4,4,OTHER_OUT,OTHER_OUT,0.0,0.0,0.0,0.24551895,0.7544811
4,4,OTHER_OUT,OTHER_OUT,0.0,0.0,0.0,0.24177167,0.75822836
0,4,SINGLE,OTHER_OUT,0.0,0.0,0.0,0.4358718,0.5641282
4,4,OTHER_OUT,OTHER_OUT,0.0,0.0,0.0,0.38024867,0.61975133
4,0,OTHER_OUT,SINGLE,0.40317732,0.32064223,0.27618045,0.0,0.0
4,4,OTHER_OUT,OTHER_OUT,0.0,0.0,0.0,0.09525451,0.90474546
4,0,OTHER_OUT,SINGLE,0.48675695,0.30964303,0.20360005,0.0,0.0
3,4,SO,OTHER_OUT,0.0,0.0,0.0,0.09235334,0.90764666
4,4,OTHER_OUT,OTHER_OUT,0.0,0.0,0.0,0.39265117,0.60734886
4,4,OTHER_OUT,OTHER_OUT,0.0,0.0,0.0,0.38354182,0.6164582
3,4,SO,OTHER_OUT,0.0,0.0,0.0,0.49576238,0.5042376
3,2,SO,BB_HBP,0.2908866,0.22467488,0.4844385,0.0,0.0
3,4,SO,OTHER_OUT,0.0,0.0,0.0,0.2656602,0.73433983
4,4,OTHER_OUT,OTHER_OUT,0.0,0.0,0.0,0.23824184,0.76175815
3,4,SO,OTHER_OUT,0.0,0.0,0.0,0.18515489,0.81484514
3,0,SO,SINGLE,0.4282159,0.3514091,0.220375,0.0,0.0
4,4,OTHER_OUT,OTHER_OUT,0.0,0.0,0.0,0.19777592,0.8022241
1,0,XBH,SINGLE,0.5318459,0.24143595,0.22671813,0.0,0.0
0,0,SINGLE,SINGLE,0.47214517,0.23740962,0.2904452,0.0,0.0
0,4,SINGLE,OTHER_OUT,0.0,0.0,0.0,0.28714672,0.71285325
4,4,OTHER_OUT,OTHER_OUT,0.0,0.0,0.0,0.46711385,0.53288615
0,4,SINGLE,OTHER_OUT,0.0,0.0,0.0,0.38097742,0.6190226
3,3,SO,SO,0.0,0.0,0.0,0.8061719,0.19382814
3,3,SO,SO,0.0,0.0,0.0,0.73713285,0.26286712
4,4,OTHER_OUT,OTHER_OUT,0.0,0.0,0.0,0.07928328,0.9207167
3,4,SO,OTHER_OUT,0.0,0.0,0.0,0.1847128,0.8152872
3,4,SO,OTHER_OUT,0.0,0.0,0.0,0.425829,0.574171
3,4,SO,OTHER_OUT,0.0,0.0,0.0,0.30577713,0.69422287
0,4,SINGLE,OTHER_OUT,0.0,0.0,0.0,0.2177307,0.7822693
0,1,SINGLE,XBH,0.34269837,0.3710064,0.28629524,0.0,0.0
1,0,XBH,SINGLE,0.46060428,0.09722199,0.44217372,0.0,0.0
4,4,OTHER_OUT,OTHER_OUT,0.0,0.0,0.0,0.25432003,0.74568
3,4,SO,OTHER_OUT,0.0,0.0,0.0,0.079236284,0.92076373
0,0,SINGLE,SINGLE,0.61176056,0.16306907,0.22517037,0.0,0.0
4,4,OTHER_OUT,OTHER_OUT,0.0,0.0,0.0,0.3478478,0.6521522
4,0,OTHER_OUT,SINGLE,0.4181667,0.3076842,0.2741491,0.0,0.0
4,4,OTHER_OUT,OTHER_OUT,0.0,0.0,0.0,0.30419236,0.69580764
3,3,SO,SO,0.0,0.0,0.0,0.6725541,0.32744592
0,0,SINGLE,SINGLE,0.43098152,0.28202444,0.286994,0.0,0.0
4,3,OTHER_OUT,SO,0.0,0.0,0.0,0.593958,0.40604198
0,4,SINGLE,OTHER_OUT,0.0,0.0,0.0,0.34170434,0.65829563
4,4,OTHER_OUT,OTHER_OUT,0.0,0.0,0.0,0.35332215,0.64667785
3,4,SO,OTHER_OUT,0.0,0.0,0.0,0.3828671,0.6171329
3,4,SO,OTHER_OUT,0.0,0.0,0.0,0.31302094,0.68697906
3,4,SO,OTHER_OUT,0.0,0.0,0.0,0.34688938,0.6531106
4,4,OTHER_OUT,OTHER_OUT,0.0,0.0,0.0,0.3131857,0.6868143
4,4,OTHER_OUT,OTHER_OUT,0.0,0.0,0.0,0.1916408,0.8083592
4,1,OTHER_OUT,XBH,0.212888,0.52555525,0.26155674,0.0,0.0
0,4,SINGLE,OTHER_OUT,0.0,0.0,0.0,0.4895785,0.5104215
4,4,OTHER_OUT,OTHER_OUT,0.0,0.0,0.0,0.32991374,0.67008626
3,2,SO,BB_HBP,0.28179094,0.3082406,0.40996847,0.0,0.0
4,4,OTHER_OUT,OTHER_OUT,0.0,0.0,0.0,0.11998362,0.8800164
4,4,OTHER_OUT,OTHER_OUT,0.0,0.0,0.0,0.30871743,0.6912826
0,0,SINGLE,SINGLE,0.6169046,0.19116487,0.19193053,0.0,0.0
4,4,OTHER_OUT,OTHER_OUT,0.0,0.0,0.0,0.4096682,0.5903318
0,4,SINGLE,OTHER_OUT,0.0,0.0,0.0,0.23576319,0.7642368
4,4,OTHER_OUT,OTHER_OUT,0.0,0.0,0.0,0.3329427,0.6670573
4,4,OTHER_OUT,OTHER_OUT,0.0,0.0,0.0,0.30185062,0.6981494
3,3,SO,SO,0.0,0.0,0.0,0.5815056,0.41849437
4,4,OTHER_OUT,OTHER_OUT,0.0,0.0,0.0,0.41488907,0.58511096
4,0,OTHER_OUT,SINGLE,0.5176689,0.20898761,0.2733435,0.0,0.0
3,4,SO,OTHER_OUT,0.0,0.0,0.0,0.33909208,0.6609079
4,3,OTHER_OUT,SO,0.0,0.0,0.0,0.543779,0.45622098
4,4,OTHER_OUT,OTHER_OUT,0.0,0.0,0.0,0.2553195,0.74468046
0,4,SINGLE,OTHER_OUT,0.0,0.0,0.0,0.13578172,0.8642183
4,4,OTHER_OUT,OTHER_OUT,0.0,0.0,0.0,0.3216727,0.6783273
0,4,SINGLE,OTHER_OUT,0.0,0.0,0.0,0.20820676,0.7917932
4,4,OTHER_OUT,OTHER_OUT,0.0,0.0,0.0,0.3229733,0.6770267
4,4,OTHER_OUT,OTHER_OUT,0.0,0.0,0.0,0.16234529,0.8376547
4,4,OTHER_OUT,OTHER_OUT,0.0,0.0,0.0,0.40098044,0.5990195
3,4,SO,OTHER_OUT,0.0,0.0,0.0,0.112779066,0.8872209
4,3,OTHER_OUT,SO,0.0,0.0,0.0,0.54547405,0.45452592
0,4,SINGLE,OTHER_OUT,0.0,0.0,0.0,0.41950348,0.58049655
4,4,OTHER_OUT,OTHER_OUT,0.0,0.0,0.0,0.3923591,0.60764086
4,4,OTHER_OUT,OTHER_OUT,0.0,0.0,0.0,0.09669164,0.9033084
0,4,SINGLE,OTHER_OUT,0.0,0.0,0.0,0.1835273,0.8164727
0,4,SINGLE,OTHER_OUT,0.0,0.0,0.0,0.08328261,0.9167174
3,4,SO,OTHER_OUT,0.0,0.0,0.0,0.18520144,0.81479853
4,3,OTHER_OUT,SO,0.0,0.0,0.0,0.64207673,0.3579233
1,4,XBH,OTHER_OUT,0.0,0.0,0.0,0.22064915,0.7793508
4,0,OTHER_OUT,SINGLE,0.58633256,0.1258451,0.28782237,0.0,0.0
3,3,SO,SO,0.0,0.0,0.0,0.7633757,0.23662432
3,3,SO,SO,0.0,0.0,0.0,0.66490304,0.33509693
3,3,SO,SO,0.0,0.0,0.0,0.56553805,0.43446192
0,0,SINGLE,SINGLE,0.5960074,0.24889873,0.1550939,0.0,0.0
4,4,OTHER_OUT,OTHER_OUT,0.0,0.0,0.0,0.4428389,0.5571611
4,4,OTHER_OUT,OTHER_OUT,0.0,0.0,0.0,0.37729785,0.6227021
0,4,SINGLE,OTHER_OUT,0.0,0.0,0.0,0.15988454,0.8401155
4,0,OTHER_OUT,SINGLE,0.4628458,0.3334125,0.20374168,0.0,0.0
3,4,SO,OTHER_OUT,0.0,0.0,0.0,0.48255947,0.5174405
4,2,OTHER_OUT,BB_HBP,0.39652535,0.16823946,0.4352352,0.0,0.0
4,4,OTHER_OUT,OTHER_OUT,0.0,0.0,0.0,0.12160268,0.87839735
4,0,OTHER_OUT,SINGLE,0.3652618,0.29711857,0.33761963,0.0,0.0
0,1,SINGLE,XBH,0.12756993,0.68636376,0.18606633,0.0,0.0
0,3,SINGLE,SO,0.0,0.0,0.0,0.5194505,0.48054948
4,0,OTHER_OUT,SINGLE,0.6210648,0.14316876,0.23576643,0.0,0.0
4,4,OTHER_OUT,OTHER_OUT,0.0,0.0,0.0,0.22661757,0.7733824
3,3,SO,SO,0.0,0.0,0.0,0.5304479,0.46955207
3,3,SO,SO,0.0,0.0,0.0,0.6233647,0.3766353
0,4,SINGLE,OTHER_OUT,0.0,0.0,0.0,0.21573718,0.78426284
0,2,SINGLE,BB_HBP,0.3192787,0.1780381,0.5026832,0.0,0.0
2,0,BB_HBP,SINGLE,0.5306591,0.17657626,0.29276466,0.0,0.0
4,3,OTHER_OUT,SO,0.0,0.0,0.0,0.6325573,0.36744273
4,1,OTHER_OUT,XBH,0.12183533,0.558275,0.31988966,0.0,0.0
0,0,SINGLE,SINGLE,0.4561066,0.15750253,0.38639086,0.0,0.0
4,4,OTHER_OUT,OTHER_OUT,0.0,0.0,0.0,0.2616705,0.7383295
3,4,SO,OTHER_OUT,0.0,0.0,0.0,0.31180906,0.68819094
4,3,OTHER_OUT,SO,0.0,0.0,0.0,0.514442,0.485558
4,4,OTHER_OUT,OTHER_OUT,0.0,0.0,0.0,0.4175837,0.5824163
4,0,OTHER_OUT,SINGLE,0.5951214,0.21676788,0.18811072,0.0,0.0
4,4,OTHER_OUT,OTHER_OUT,0.0,0.0,0.0,0.4286648,0.5713352
4,4,OTHER_OUT,OTHER_OUT,0.0,0.0,0.0,0.4933192,0.5066808
2,3,BB_HBP,SO,0.0,0.0,0.0,0.5795678,0.4204322
4,3,OTHER_OUT,SO,0.0,0.0,0.0,0.5711987,0.4288013
4,4,OTHER_OUT,OTHER_OUT,0.0,0.0,0.0,0.114045545,0.88595444
0,4,SINGLE,OTHER_OUT,0.0,0.0,0.0,0.14214972,0.8578503
4,3,OTHER_OUT,SO,0.0,0.0,0.0,0.52232873,0.47767124
4,4,OTHER_OUT,OTHER_OUT,0.0,0.0,0.0,0.18844526,0.81155473
4,4,OTHER_OUT,OTHER_OUT,0.0,0.0,0.0,0.39007056,0.60992944
3,3,SO,SO,0.0,0.0,0.0,0.6654862,0.33451378
4,4,OTHER_OUT,OTHER_OUT,0.0,0.0,0.0,0.26119688,0.7388031
4,3,OTHER_OUT,SO,0.0,0.0,0.0,0.56121963,0.4387804
3,3,SO,SO,0.0,0.0,0.0,0.6216042,0.37839583
4,4,OTHER_OUT,OTHER_OUT,0.0,0.0,0.0,0.38926294,0.610737
4,3,OTHER_OUT,SO,0.0,0.0,0.0,0.51688844,0.48311153
4,4,OTHER_OUT,OTHER_OUT,0.0,0.0,0.0,0.2678208,0.73217916
4,4,OTHER_OUT,OTHER_OUT,0.0,0.0,0.0,0.120774895,0.8792251
4,4,OTHER_OUT,OTHER_OUT,0.0,0.0,0.0,0.33992013,0.6600799
4,3,OTHER_OUT,SO,0.0,0.0,0.0,0.70531297,0.29468703
4,3,OTHER_OUT,SO,0.0,0.0,0.0,0.5151731,0.48482692
4,3,OTHER_OUT,SO,0.0,0.0,0.0,0.6472679,0.35273215
4,4,OTHER_OUT,OTHER_OUT,0.0,0.0,0.0,0.08658353,0.91341645
0,3,SINGLE,SO,0.0,0.0,0.0,0.8279476,0.17205241
0,4,SINGLE,OTHER_OUT,0.0,0.0,0.0,0.12991296,0.870087
0,0,SINGLE,SINGLE,0.5788724,0.25432405,0.16680357,0.0,0.0
4,3,OTHER_OUT,SO,0.0,0.0,0.0,0.6182243,0.38177568
4,3,OTHER_OUT,SO,0.0,0.0,0.0,0.766532,0.233468
3,3,SO,SO,0.0,0.0,0.0,0.56423175,0.43576828
3,3,SO,SO,0.0,0.0,0.0,0.5857015,0.41429847
3,3,SO,SO,0.0,0.0,0.0,0.62190396,0.37809604
2,0,BB_HBP,SINGLE,0.40039325,0.32467666,0.2749301,0.0,0.0
4,4,OTHER_OUT,OTHER_OUT,0.0,0.0,0.0,0.35302496,0.64697504
4,4,OTHER_OUT,OTHER_OUT,0.0,0.0,0.0,0.43595526,0.5640447
4,0,OTHER_OUT,SINGLE,0.7926651,0.10544189,0.101893015,0.0,0.0
1,3,XBH,SO,0.0,0.0,0.0,0.64014906,0.3598509
4,2,OTHER_OUT,BB_HBP,0.30023956,0.28000277,0.41975766,0.0,0.0
0,4,SINGLE,OTHER_OUT,0.0,0.0,0.0,0.3788633,0.6211367
0,4,SINGLE,OTHER_OUT,0.0,0.0,0.0,0.4104707,0.58952934
0,2,SINGLE,BB_HBP,0.272106,0.27032965,0.45756435,0.0,0.0
0,3,SINGLE,SO,0.0,0.0,0.0,0.61445874,0.38554123
1,0,XBH,SINGLE,0.42743355,0.21875125,0.35381517,0.0,0.0
0,4,SINGLE,OTHER_OUT,0.0,0.0,0.0,0.4309461,0.5690539
4,4,OTHER_OUT,OTHER_OUT,0.0,0.0,0.0,0.27360362,0.7263964
1,3,XBH,SO,0.0,0.0,0.0,0.5382505,0.46174952
2,4,BB_HBP,OTHER_OUT,0.0,0.0,0.0,0.40211415,0.59788585
4,3,OTHER_OUT,SO,0.0,0.0,0.0,0.6841978,0.3158022
2,2,BB_HBP,BB_HBP,0.35837784,0.059279725,0.58234245,0.0,0.0
2,0,BB_HBP,SINGLE,0.5145552,0.19458485,0.29085994,0.0,0.0
3,4,SO,OTHER_OUT,0.0,0.0,0.0,0.4833834,0.5166166
4,0,OTHER_OUT,SINGLE,0.54405963,0.22195062,0.23398975,0.0,0.0
1,4,XBH,OTHER_OUT,0.0,0.0,0.0,0.4743924,0.5256076
1,0,XBH,SINGLE,0.5169199,0.1641345,0.3189456,0.0,0.0
3,3,SO,SO,0.0,0.0,0.0,0.82459986,0.17540015
4,0,OTHER_OUT,SINGLE,0.73141307,0.12233133,0.1462556,0.0,0.0
2,2,BB_HBP,BB_HBP,0.31507692,0.26689327,0.41802981,0.0,0.0
4,4,OTHER_OUT,OTHER_OUT,0.0,0.0,0.0,0.30487102,0.695129
4,4,OTHER_OUT,OTHER_OUT,0.0,0.0,0.0,0.19729063,0.8027094
3,4,SO,OTHER_OUT,0.0,0.0,0.0,0.4180642,0.58193576
2,0,BB_HBP,SINGLE,0.402901,0.22152099,0.375578,0.0,0.0
4,4,OTHER_OUT,OTHER_OUT,0.0,0.0,0.0,0.48696008,0.5130399
4,0,OTHER_OUT,SINGLE,0.54622626,0.36154923,0.09222449,0.0,0.0
4,3,OTHER_OUT,SO,0.0,0.0,0.0,0.72425646,0.27574354
4,4,OTHER_OUT,OTHER_OUT,0.0,0.0,0.0,0.16434252,0.8356575
2,0,BB_HBP,SINGLE,0.6478098,0.08925669,0.2629335,0.0,0.0
4,4,OTHER_OUT,OTHER_OUT,0.0,0.0,0.0,0.43399796,0.566002
4,4,OTHER_OUT,OTHER_OUT,0.0,0.0,0.0,0.28016979,0.7198302
2,4,BB_HBP,OTHER_OUT,0.0,0.0,0.0,0.2679349,0.7320651
4,3,OTHER_OUT,SO,0.0,0.0,0.0,0.7343236,0.26567638
4,4,OTHER_OUT,OTHER_OUT,0.0,0.0,0.0,0.29892156,0.7010785
2,4,BB_HBP,OTHER_OUT,0.0,0.0,0.0,0.45822376,0.54177624
2,4,BB_HBP,OTHER_OUT,0.0,0.0,0.0,0.42480484,0.5751952
4,4,OTHER_OUT,OTHER_OUT,0.0,0.0,0.0,0.30825382,0.6917462
2,4,BB_HBP,OTHER_OUT,0.0,0.0,0.0,0.45758042,0.5424196
4,4,OTHER_OUT,OTHER_OUT,0.0,0.0,0.0,0.28056237,0.7194376
1,0,XBH,SINGLE,0.608461,0.26787013,0.12366889,0.0,0.0
0,0,SINGLE,SINGLE,0.6789374,0.18945235,0.13161029,0.0,0.0
4,4,OTHER_OUT,OTHER_OUT,0.0,0.0,0.0,0.46945015,0.5305498
4,4,OTHER_OUT,OTHER_OUT,0.0,0.0,0.0,0.38694248,0.6130575
4,0,OTHER_OUT,SINGLE,0.73372746,0.12273264,0.14353994,0.0,0.0
4,4,OTHER_OUT,OTHER_OUT,0.0,0.0,0.0,0.4727864,0.52721363
4,4,OTHER_OUT,OTHER_OUT,0.0,0.0,0.0,0.38756552,0.6124345
4,1,OTHER_OUT,XBH,0.32454175,0.54434025,0.13111798,0.0,0.0
3,4,SO,OTHER_OUT,0.0,0.0,0.0,0.38703525,0.61296475
4,4,OTHER_OUT,OTHER_OUT,0.0,0.0,0.0,0.4417484,0.55825156
4,0,OTHER_OUT,SINGLE,0.5260553,0.36698732,0.10695744,0.0,0.0
4,4,OTHER_OUT,OTHER_OUT,0.0,0.0,0.0,0.44521928,0.5547807
2,3,BB_HBP,SO,0.0,0.0,0.0,0.51416373,0.48583627
3,4,SO,OTHER_OUT,0.0,0.0,0.0,0.10289284,0.8971072
0,3,SINGLE,SO,0.0,0.0,0.0,0.61770684,0.3822932
4,4,OTHER_OUT,OTHER_OUT,0.0,0.0,0.0,0.25884923,0.74115074
3,0,SO,SINGLE,0.581237,0.16059516,0.2581678,0.0,0.0
4,0,OTHER_OUT,SINGLE,0.72728217,0.11271431,0.1600035,0.0,0.0
0,0,SINGLE,SINGLE,0.64344597,0.2680607,0.08849332,0.0,0.0
4,3,OTHER_OUT,SO,0.0,0.0,0.0,0.61222947,0.38777056
4,4,OTHER_OUT,OTHER_OUT,0.0,0.0,0.0,0.29078832,0.7092117
3,0,SO,SINGLE,0.4328117,0.25823808,0.30895022,0.0,0.0
3,3,SO,SO,0.0,0.0,0.0,0.53078073,0.46921927
4,4,OTHER_OUT,OTHER_OUT,0.0,0.0,0.0,0.3559888,0.6440112
3,3,SO,SO,0.0,0.0,0.0,0.62138796,0.37861207
3,0,SO,SINGLE,0.5438378,0.29536557,0.16079664,0.0,0.0
4,4,OTHER_OUT,OTHER_OUT,0.0,0.0,0.0,0.48910424,0.5108957
4,0,OTHER_OUT,SINGLE,0.51091653,0.29629943,0.19278404,0.0,0.0
4,4,OTHER_OUT,OTHER_OUT,0.0,0.0,0.0,0.3314936,0.66850644
4,0,OTHER_OUT,SINGLE,0.42390817,0.23775291,0.3383389,0.0,0.0
4,0,OTHER_OUT,SINGLE,0.5382495,0.19077206,0.27097845,0.0,0.0
2,0,BB_HBP,SINGLE,0.53628445,0.14235897,0.32135656,0.0,0.0
4,4,OTHER_OUT,OTHER_OUT,0.0,0.0,0.0,0.26598117,0.7340188
1,4,XBH,OTHER_OUT,0.0,0.0,0.0,0.121501684,0.8784983
3,0,SO,SINGLE,0.5104073,0.22810103,0.26149163,0.0,0.0
4,4,OTHER_OUT,OTHER_OUT,0.0,0.0,0.0,0.45626736,0.54373264
1,0,XBH,SINGLE,0.43412453,0.1496106,0.4162649,0.0,0.0
4,3,OTHER_OUT,SO,0.0,0.0,0.0,0.6627397,0.3372603
4,0,OTHER_OUT,SINGLE,0.7484086,0.11082698,0.14076443,0.0,0.0
4,4,OTHER_OUT,OTHER_OUT,0.0,0.0,0.0,0.4141401,0.5858599
3,3,SO,SO,0.0,0.0,0.0,0.6135089,0.38649112
4,4,OTHER_OUT,OTHER_OUT,0.0,0.0,0.0,0.24998169,0.7500183
4,4,OTHER_OUT,OTHER_OUT,0.0,0.0,0.0,0.4848807,0.5151193
4,4,OTHER_OUT,OTHER_OUT,0.0,0.0,0.0,0.4289439,0.57105607
4,4,OTHER_OUT,OTHER_OUT,0.0,0.0,0.0,0.17786826,0.82213175
3,2,SO,BB_HBP,0.25194517,0.35596484,0.39209,0.0,0.0
2,4,BB_HBP,OTHER_OUT,0.0,0.0,0.0,0.30566466,0.69433534
4,2,OTHER_OUT,BB_HBP,0.37984166,0.14327803,0.4768803,0.0,0.0
4,3,OTHER_OUT,SO,0.0,0.0,0.0,0.63339174,0.36660823
4,4,OTHER_OUT,OTHER_OUT,0.0,0.0,0.0,0.10746616,0.89253384
0,2,SINGLE,BB_HBP,0.3819949,0.18300107,0.43500403,0.0,0.0
4,0,OTHER_OUT,SINGLE,0.38952884,0.2523917,0.35807946,0.0,0.0
4,4,OTHER_OUT,OTHER_OUT,0.0,0.0,0.0,0.11219698,0.887803
4,2,OTHER_OUT,BB_HBP,0.3940444,0.16329642,0.44265917,0.0,0.0
0,0,SINGLE,SINGLE,0.56284434,0.07584577,0.3613099,0.0,0.0
4,0,OTHER_OUT,SINGLE,0.5978988,0.17744277,0.22465846,0.0,0.0
4,0,OTHER_OUT,SINGLE,0.5746207,0.19658531,0.22879398,0.0,0.0
4,3,OTHER_OUT,SO,0.0,0.0,0.0,0.5180713,0.4819287
4,4,OTHER_OUT,OTHER_OUT,0.0,0.0,0.0,0.10589617,0.8941038
1,2,XBH,BB_HBP,0.21301293,0.35973996,0.4272471,0.0,0.0
4,4,OTHER_OUT,OTHER_OUT,0.0,0.0,0.0,0.48191407,0.51808596
2,2,BB_HBP,BB_HBP,0.38381472,0.15718822,0.45899704,0.0,0.0
4,4,OTHER_OUT,OTHER_OUT,0.0,0.0,0.0,0.41738698,0.58261305
2,3,BB_HBP,SO,0.0,0.0,0.0,0.6548275,0.34517252
4,4,OTHER_OUT,OTHER_OUT,0.0,0.0,0.0,0.119036876,0.88096315
4,4,OTHER_OUT,OTHER_OUT,0.0,0.0,0.0,0.23851492,0.7614851
0,2,SINGLE,BB_HBP,0.31886795,0.07864027,0.6024918,0.0,0.0
4,2,OTHER_OUT,BB_HBP,0.279549,0.17730239,0.54314864,0.0,0.0
4,0,OTHER_OUT,SINGLE,0.66371185,0.16206658,0.17422158,0.0,0.0
4,0,OTHER_OUT,SINGLE,0.45838273,0.34363243,0.19798484,0.0,0.0
4,0,OTHER_OUT,SINGLE,0.5101333,0.22730727,0.2625594,0.0,0.0
4,4,OTHER_OUT,OTHER_OUT,0.0,0.0,0.0,0.39307404,0.60692596
4,0,OTHER_OUT,SINGLE,0.50926644,0.2174369,0.27329668,0.0,0.0
4,0,OTHER_OUT,SINGLE,0.3467748,0.31660208,0.33662313,0.0,0.0
4,0,OTHER_OUT,SINGLE,0.564332,0.3216696,0.11399838,0.0,0.0
4,4,OTHER_OUT,OTHER_OUT,0.0,0.0,0.0,0.07784965,0.9221504
4,4,OTHER_OUT,OTHER_OUT,0.0,0.0,0.0,0.34257188,0.65742815
0,3,SINGLE,SO,0.0,0.0,0.0,0.58930206,0.41069794
4,1,OTHER_OUT,XBH,0.3468156,0.40797943,0.24520497,0.0,0.0
4,4,OTHER_OUT,OTHER_OUT,0.0,0.0,0.0,0.22070405,0.779296
3,4,SO,OTHER_OUT,0.0,0.0,0.0,0.25935432,0.74064565
0,0,SINGLE,SINGLE,0.53664595,0.19751361,0.2658404,0.0,0.0
1,2,XBH,BB_HBP,0.3350676,0.11619227,0.54874015,0.0,0.0
3,4,SO,OTHER_OUT,0.0,0.0,0.0,0.32106695,0.6789331
3,2,SO,BB_HBP,0.44340456,0.039127,0.51746845,0.0,0.0
4,4,OTHER_OUT,OTHER_OUT,0.0,0.0,0.0,0.19456774,0.80543226
0,4,SINGLE,OTHER_OUT,0.0,0.0,0.0,0.4665799,0.5334201
0,4,SINGLE,OTHER_OUT,0.0,0.0,0.0,0.4960608,0.5039392
0,4,SINGLE,OTHER_OUT,0.0,0.0,0.0,0.2333843,0.7666157
4,3,OTHER_OUT,SO,0.0,0.0,0.0,0.65796375,0.34203625
4,4,OTHER_OUT,OTHER_OUT,0.0,0.0,0.0,0.34755915,0.65244085
4,4,OTHER_OUT,OTHER_OUT,0.0,0.0,0.0,0.29253086,0.70746917
4,0,OTHER_OUT,SINGLE,0.47526202,0.3491909,0.1755471,0.0,0.0
4,4,OTHER_OUT,OTHER_OUT,0.0,0.0,0.0,0.23678902,0.76321095
1,4,XBH,OTHER_OUT,0.0,0.0,0.0,0.35583115,0.64416885
3,2,SO,BB_HBP,0.39104515,0.1971554,0.41179946,0.0,0.0
2,2,BB_HBP,BB_HBP,0.33165297,0.3142183,0.3541287,0.0,0.0
4,0,OTHER_OUT,SINGLE,0.6109377,0.15187594,0.23718636,0.0,0.0
4,4,OTHER_OUT,OTHER_OUT,0.0,0.0,0.0,0.16051462,0.8394854
4,4,OTHER_OUT,OTHER_OUT,0.0,0.0,0.0,0.18788671,0.8121133
0,2,SINGLE,BB_HBP,0.22642624,0.2280966,0.54547715,0.0,0.0
0,2,SINGLE,BB_HBP,0.34332985,0.24008965,0.4165805,0.0,0.0
4,4,OTHER_OUT,OTHER_OUT,0.0,0.0,0.0,0.062103055,0.93789697
0,3,SINGLE,SO,0.0,0.0,0.0,0.6188436,0.3811564
3,4,SO,OTHER_OUT,0.0,0.0,0.0,0.26486486,0.73513514
0,4,SINGLE,OTHER_OUT,0.0,0.0,0.0,0.13897382,0.86102617
4,4,OTHER_OUT,OTHER_OUT,0.0,0.0,0.0,0.073108256,0.92689174
4,4,OTHER_OUT,OTHER_OUT,0.0,0.0,0.0,0.38546753,0.6145325
1,4,XBH,OTHER_OUT,0.0,0.0,0.0,0.18372697,0.81627303
3,4,SO,OTHER_OUT,0.0,0.0,0.0,0.38451153,0.61548847
4,3,OTHER_OUT,SO,0.0,0.0,0.0,0.7935242,0.2064758
4,4,OTHER_OUT,OTHER_OUT,0.0,0.0,0.0,0.18727352,0.8127265
4,4,OTHER_OUT,OTHER_OUT,0.0,0.0,0.0,0.30048853,0.69951147
4,4,OTHER_OUT,OTHER_OUT,0.0,0.0,0.0,0.25281543,0.7471846
4,2,OTHER_OUT,BB_HBP,0.38106427,0.17749602,0.44143972,0.0,0.0
3,4,SO,OTHER_OUT,0.0,0.0,0.0,0.24869116,0.75130886
4,4,OTHER_OUT,OTHER_OUT,0.0,0.0,0.0,0.45975068,0.5402493
3,4,SO,OTHER_OUT,0.0,0.0,0.0,0.12590566,0.87409437
1,0,XBH,SINGLE,0.46824265,0.3486851,0.18307228,0.0,0.0
4,4,OTHER_OUT,OTHER_OUT,0.0,0.0,0.0,0.26999825,0.73000175
4,0,OTHER_OUT,SINGLE,0.44593117,0.14212936,0.41193947,0.0,0.0
0,4,SINGLE,OTHER_OUT,0.0,0.0,0.0,0.25116983,0.7488302
0,0,SINGLE,SINGLE,0.62067467,0.19408593,0.18523942,0.0,0.0
3,3,SO,SO,0.0,0.0,0.0,0.6138541,0.38614586
3,4,SO,OTHER_OUT,0.0,0.0,0.0,0.15823036,0.84176964
4,3,OTHER_OUT,SO,0.0,0.0,0.0,0.68714064,0.31285933
3,4,SO,OTHER_OUT,0.0,0.0,0.0,0.35649112,0.64350885
3,3,SO,SO,0.0,0.0,0.0,0.7957101,0.2042899
2,3,BB_HBP,SO,0.0,0.0,0.0,0.6564719,0.3435281
3,4,SO,OTHER_OUT,0.0,0.0,0.0,0.46962088,0.5303791
4,2,OTHER_OUT,BB_HBP,0.3159498,0.07646057,0.6075896,0.0,0.0
4,3,OTHER_OUT,SO,0.0,0.0,0.0,0.6777235,0.32227647
4,0,OTHER_OUT,SINGLE,0.4476736,0.16273361,0.3895928,0.0,0.0
3,4,SO,OTHER_OUT,0.0,0.0,0.0,0.49972466,0.5002754
2,3,BB_HBP,SO,0.0,0.0,0.0,0.5423198,0.45768023
4,4,OTHER_OUT,OTHER_OUT,0.0,0.0,0.0,0.18824883,0.8117512
3,4,SO,OTHER_OUT,0.0,0.0,0.0,0.46299168,0.5370083
4,4,OTHER_OUT,OTHER_OUT,0.0,0.0,0.0,0.37561172,0.6243883
4,3,OTHER_OUT,SO,0.0,0.0,0.0,0.72424227,0.27575773
2,4,BB_HBP,OTHER_OUT,0.0,0.0,0.0,0.08751029,0.9124897
1,4,XBH,OTHER_OUT,0.0,0.0,0.0,0.1876037,0.8123963
1,4,XBH,OTHER_OUT,0.0,0.0,0.0,0.3464464,0.6535536
4,4,OTHER_OUT,OTHER_OUT,0.0,0.0,0.0,0.31813288,0.6818671
4,3,OTHER_OUT,SO,0.0,0.0,0.0,0.70094097,0.29905903
2,4,BB_HBP,OTHER_OUT,0.0,0.0,0.0,0.4820274,0.5179726
3,2,SO,BB_HBP,0.2260654,0.18653174,0.5874029,0.0,0.0
0,4,SINGLE,OTHER_OUT,0.0,0.0,0.0,0.23633364,0.76366633
4,2,OTHER_OUT,BB_HBP,0.33983174,0.25329918,0.40686908,0.0,0.0
4,4,OTHER_OUT,OTHER_OUT,0.0,0.0,0.0,0.4859499,0.51405007
4,2,OTHER_OUT,BB_HBP,0.31900936,0.32125404,0.3597366,0.0,0.0
0,4,SINGLE,OTHER_OUT,0.0,0.0,0.0,0.13608813,0.86391187
4,4,OTHER_OUT,OTHER_OUT,0.0,0.0,0.0,0.19327892,0.8067211
4,0,OTHER_OUT,SINGLE,0.440909,0.15275668,0.4063343,0.0,0.0
3,4,SO,OTHER_OUT,0.0,0.0,0.0,0.394557,0.605443
3,4,SO,OTHER_OUT,0.0,0.0,0.0,0.21198186,0.78801817
0,4,SINGLE,OTHER_OUT,0.0,0.0,0.0,0.102957085,0.89704293
3,4,SO,OTHER_OUT,0.0,0.0,0.0,0.17934741,0.8206526
3,0,SO,SINGLE,0.42913872,0.30042163,0.27043965,0.0,0.0
4,4,OTHER_OUT,OTHER_OUT,0.0,0.0,0.0,0.32751635,0.6724836
3,4,SO,OTHER_OUT,0.0,0.0,0.0,0.3752917,0.6247083
4,4,OTHER_OUT,OTHER_OUT,0.0,0.0,0.0,0.19041964,0.8095804
4,4,OTHER_OUT,OTHER_OUT,0.0,0.0,0.0,0.23829444,0.7617056
4,3,OTHER_OUT,SO,0.0,0.0,0.0,0.71224403,0.287756
4,3,OTHER_OUT,SO,0.0,0.0,0.0,0.7614081,0.23859188
4,3,OTHER_OUT,SO,0.0,0.0,0.0,0.60383594,0.39616406
1,3,XBH,SO,0.0,0.0,0.0,0.59783506,0.4021649
0,4,SINGLE,OTHER_OUT,0.0,0.0,0.0,0.48321012,0.5167899
4,3,OTHER_OUT,SO,0.0,0.0,0.0,0.6807948,0.31920525
4,4,OTHER_OUT,OTHER_OUT,0.0,0.0,0.0,0.29435065,0.7056494
3,3,SO,SO,0.0,0.0,0.0,0.60934204,0.39065793
2,2,BB_HBP,BB_HBP,0.3193384,0.1470939,0.53356767,0.0,0.0
4,4,OTHER_OUT,OTHER_OUT,0.0,0.0,0.0,0.4346625,0.5653375
4,4,OTHER_OUT,OTHER_OUT,0.0,0.0,0.0,0.2311275,0.7688725
4,3,OTHER_OUT,SO,0.0,0.0,0.0,0.669373,0.330627
4,2,OTHER_OUT,BB_HBP,0.12828822,0.41863906,0.4530727,0.0,0.0
4,4,OTHER_OUT,OTHER_OUT,0.0,0.0,0.0,0.33790413,0.6620959
4,4,OTHER_OUT,OTHER_OUT,0.0,0.0,0.0,0.436886,0.563114
4,4,OTHER_OUT,OTHER_OUT,0.0,0.0,0.0,0.36215767,0.6378423
4,0,OTHER_OUT,SINGLE,0.38710102,0.33065772,0.28224123,0.0,0.0
4,4,OTHER_OUT,OTHER_OUT,0.0,0.0,0.0,0.28117302,0.718827
0,4,SINGLE,OTHER_OUT,0.0,0.0,0.0,0.12135514,0.8786449
3,0,SO,SINGLE,0.45451427,0.26842633,0.2770594,0.0,0.0
4,4,OTHER_OUT,OTHER_OUT,0.0,0.0,0.0,0.12957522,0.8704248
3,4,SO,OTHER_OUT,0.0,0.0,0.0,0.18500888,0.8149911
4,2,OTHER_OUT,BB_HBP,0.20624833,0.28457868,0.50917304,0.0,0.0
1,0,XBH,SINGLE,0.6349769,0.11954819,0.24547487,0.0,0.0
4,4,OTHER_OUT,OTHER_OUT,0.0,0.0,0.0,0.30972934,0.69027066
4,4,OTHER_OUT,OTHER_OUT,0.0,0.0,0.0,0.19947655,0.80052346
0,0,SINGLE,SINGLE,0.588172,0.294705,0.117123,0.0,0.0
3,3,SO,SO,0.0,0.0,0.0,0.5702507,0.42974934
4,2,OTHER_OUT,BB_HBP,0.24160975,0.1906271,0.56776315,0.0,0.0
2,2,BB_HBP,BB_HBP,0.31030554,0.1375483,0.55214614,0.0,0.0
4,4,OTHER_OUT,OTHER_OUT,0.0,0.0,0.0,0.22283292,0.7771671
4,2,OTHER_OUT,BB_HBP,0.29462203,0.19674249,0.50863546,0.0,0.0
4,4,OTHER_OUT,OTHER_OUT,0.0,0.0,0.0,0.44474187,0.5552581
0,3,SINGLE,SO,0.0,0.0,0.0,0.5529964,0.44700363
0,3,SINGLE,SO,0.0,0.0,0.0,0.6188725,0.3811275
0,4,SINGLE,OTHER_OUT,0.0,0.0,0.0,0.3824235,0.61757654
4,0,OTHER_OUT,SINGLE,0.34182146,0.32894394,0.32923463,0.0,0.0
0,3,SINGLE,SO,0.0,0.0,0.0,0.6269243,0.37307572
4,4,OTHER_OUT,OTHER_OUT,0.0,0.0,0.0,0.19803315,0.80196685
0,4,SINGLE,OTHER_OUT,0.0,0.0,0.0,0.48441553,0.51558447
4,4,OTHER_OUT,OTHER_OUT,0.0,0.0,0.0,0.36998767,0.63001233
4,3,OTHER_OUT,SO,0.0,0.0,0.0,0.54517615,0.45482385
3,3,SO,SO,0.0,0.0,0.0,0.5984474,0.4015526
0,4,SINGLE,OTHER_OUT,0.0,0.0,0.0,0.45765978,0.5423402
4,3,OTHER_OUT,SO,0.0,0.0,0.0,0.7323482,0.2676518
4,3,OTHER_OUT,SO,0.0,0.0,0.0,0.7656379,0.23436214
4,3,OTHER_OUT,SO,0.0,0.0,0.0,0.7089618,0.29103822
2,0,BB_HBP,SINGLE,0.38881436,0.30542377,0.30576187,0.0,0.0
4,4,OTHER_OUT,OTHER_OUT,0.0,0.0,0.0,0.26122743,0.7387726
4,4,OTHER_OUT,OTHER_OUT,0.0,0.0,0.0,0.3322908,0.6677092
4,3,OTHER_OUT,SO,0.0,0.0,0.0,0.71852005,0.28147995
4,4,OTHER_OUT,OTHER_OUT,0.0,0.0,0.0,0.30969056,0.6903094
4,2,OTHER_OUT,BB_HBP,0.31323925,0.23678285,0.4499779,0.0,0.0
4,4,OTHER_OUT,OTHER_OUT,0.0,0.0,0.0,0.09127652,0.9087235
4,4,OTHER_OUT,OTHER_OUT,0.0,0.0,0.0,0.20891389,0.79108614
4,4,OTHER_OUT,OTHER_OUT,0.0,0.0,0.0,0.2049264,0.79507357
3,1,SO,XBH,0.17054754,0.51187,0.31758243,0.0,0.0
4,4,OTHER_OUT,OTHER_OUT,0.0,0.0,0.0,0.3732549,0.6267451
2,4,BB_HBP,OTHER_OUT,0.0,0.0,0.0,0.30393484,0.6960651
4,3,OTHER_OUT,SO,0.0,0.0,0.0,0.61404586,0.38595414
4,0,OTHER_OUT,SINGLE,0.3617653,0.32534766,0.31288704,0.0,0.0
4,1,OTHER_OUT,XBH,0.37925887,0.49551463,0.1252265,0.0,0.0
0,0,SINGLE,SINGLE,0.44263303,0.3457282,0.21163878,0.0,0.0
4,2,OTHER_OUT,BB_HBP,0.2918222,0.11467809,0.5934997,0.0,0.0
4,4,OTHER_OUT,OTHER_OUT,0.0,0.0,0.0,0.386944,0.613056
3,2,SO,BB_HBP,0.2902939,0.14318931,0.56651676,0.0,0.0
4,4,OTHER_OUT,OTHER_OUT,0.0,0.0,0.0,0.3225358,0.6774642
0,4,SINGLE,OTHER_OUT,0.0,0.0,0.0,0.4240561,0.5759439
4,0,OTHER_OUT,SINGLE,0.4402165,0.20707257,0.35271093,0.0,0.0
4,4,OTHER_OUT,OTHER_OUT,0.0,0.0,0.0,0.21058863,0.78941137
4,0,OTHER_OUT,SINGLE,0.5256454,0.1867557,0.2875989,0.0,0.0
4,3,OTHER_OUT,SO,0.0,0.0,0.0,0.50860584,0.49139413
0,1,SINGLE,XBH,0.13632633,0.4859894,0.3776843,0.0,0.0
4,2,OTHER_OUT,BB_HBP,0.28348815,0.28258264,0.43392923,0.0,0.0
4,4,OTHER_OUT,OTHER_OUT,0.0,0.0,0.0,0.111743696,0.8882563
4,0,OTHER_OUT,SINGLE,0.4328445,0.3131071,0.2540484,0.0,0.0
1,4,XBH,OTHER_OUT,0.0,0.0,0.0,0.3659319,0.6340681
4,3,OTHER_OUT,SO,0.0,0.0,0.0,0.655331,0.34466895
3,2,SO,BB_HBP,0.36239332,0.16913292,0.46847376,0.0,0.0
3,2,SO,BB_HBP,0.22470245,0.2972788,0.47801876,0.0,0.0
4,4,OTHER_OUT,OTHER_OUT,0.0,0.0,0.0,0.30079606,0.69920397
4,4,OTHER_OUT,OTHER_OUT,0.0,0.0,0.0,0.25657022,0.7434298
4,4,OTHER_OUT,OTHER_OUT,0.0,0.0,0.0,0.25524107,0.7447589
0,4,SINGLE,OTHER_OUT,0.0,0.0,0.0,0.48910382,0.51089615
4,0,OTHER_OUT,SINGLE,0.45124,0.43056354,0.11819646,0.0,0.0
0,0,SINGLE,SINGLE,0.7366397,0.1303312,0.1330291,0.0,0.0
4,2,OTHER_OUT,BB_HBP,0.29548267,0.19920619,0.50531113,0.0,0.0
1,1,XBH,XBH,0.22912152,0.39195585,0.37892264,0.0,0.0
0,4,SINGLE,OTHER_OUT,0.0,0.0,0.0,0.2160874,0.7839126
3,4,SO,OTHER_OUT,0.0,0.0,0.0,0.29070726,0.7092927
3,4,SO,OTHER_OUT,0.0,0.0,0.0,0.27596262,0.7240374
4,4,OTHER_OUT,OTHER_OUT,0.0,0.0,0.0,0.34183758,0.6581624
2,4,BB_HBP,OTHER_OUT,0.0,0.0,0.0,0.2092629,0.7907371
4,0,OTHER_OUT,SINGLE,0.5349188,0.14863238,0.31644884,0.0,0.0
4,0,OTHER_OUT,SINGLE,0.40162402,0.27266118,0.3257148,0.0,0.0
2,4,BB_HBP,OTHER_OUT,0.0,0.0,0.0,0.37308714,0.62691283
4,0,OTHER_OUT,SINGLE,0.38966912,0.36021018,0.2501207,0.0,0.0
0,1,SINGLE,XBH,0.27292702,0.40932354,0.31774944,0.0,0.0
4,3,OTHER_OUT,SO,0.0,0.0,0.0,0.54387844,0.4561216
0,0,SINGLE,SINGLE,0.42020148,0.20449795,0.3753006,0.0,0.0
3,3,SO,SO,0.0,0.0,0.0,0.55628043,0.44371954
4,2,OTHER_OUT,BB_HBP,0.30221292,0.20441788,0.4933692,0.0,0.0
2,0,BB_HBP,SINGLE,0.48226514,0.17189321,0.34584165,0.0,0.0
4,2,OTHER_OUT,BB_HBP,0.14557919,0.39299634,0.46142447,0.0,0.0
0,3,SINGLE,SO,0.0,0.0,0.0,0.70492387,0.29507613
4,4,OTHER_OUT,OTHER_OUT,0.0,0.0,0.0,0.32040647,0.6795935
3,4,SO,OTHER_OUT,0.0,0.0,0.0,0.3056509,0.6943491
4,3,OTHER_OUT,SO,0.0,0.0,0.0,0.64276284,0.35723713
3,4,SO,OTHER_OUT,0.0,0.0,0.0,0.48768643,0.5123136
4,4,OTHER_OUT,OTHER_OUT,0.0,0.0,0.0,0.39134884,0.60865116
4,4,OTHER_OUT,OTHER_OUT,0.0,0.0,0.0,0.1463375,0.8536625
4,3,OTHER_OUT,SO,0.0,0.0,0.0,0.6030789,0.3969211
3,4,SO,OTHER_OUT,0.0,0.0,0.0,0.4374288,0.5625712
4,4,OTHER_OUT,OTHER_OUT,0.0,0.0,0.0,0.2298597,0.7701403
3,0,SO,SINGLE,0.41401663,0.20211817,0.38386518,0.0,0.0
0,4,SINGLE,OTHER_OUT,0.0,0.0,0.0,0.42119235,0.57880765
3,3,SO,SO,0.0,0.0,0.0,0.5025211,0.4974789
2,2,BB_HBP,BB_HBP,0.19447316,0.2900638,0.51546305,0.0,0.0
4,3,OTHER_OUT,SO,0.0,0.0,0.0,0.58734894,0.4126511
4,3,OTHER_OUT,SO,0.0,0.0,0.0,0.5094932,0.49050686
0,4,SINGLE,OTHER_OUT,0.0,0.0,0.0,0.3210604,0.6789396
2,3,BB_HBP,SO,0.0,0.0,0.0,0.6947486,0.3052514
3,3,SO,SO,0.0,0.0,0.0,0.6633129,0.3366871
4,0,OTHER_OUT,SINGLE,0.44272342,0.28312895,0.27414763,0.0,0.0
4,4,OTHER_OUT,OTHER_OUT,0.0,0.0,0.0,0.2940864,0.7059136
3,4,SO,OTHER_OUT,0.0,0.0,0.0,0.44706076,0.55293924
4,4,OTHER_OUT,OTHER_OUT,0.0,0.0,0.0,0.49942556,0.50057447
4,4,OTHER_OUT,OTHER_OUT,0.0,0.0,0.0,0.38429978,0.6157002
1,0,XBH,SINGLE,0.5746654,0.1622428,0.26309177,0.0,0.0
0,2,SINGLE,BB_HBP,0.2909674,0.33279198,0.3762406,0.0,0.0
4,0,OTHER_OUT,SINGLE,0.4493583,0.28069586,0.26994583,0.0,0.0
4,4,OTHER_OUT,OTHER_OUT,0.0,0.0,0.0,0.34908625,0.6509138
4,4,OTHER_OUT,OTHER_OUT,0.0,0.0,0.0,0.30569234,0.6943076
0,0,SINGLE,SINGLE,0.43784362,0.3414459,0.22071046,0.0,0.0
4,0,OTHER_OUT,SINGLE,0.4072672,0.2894204,0.30331236,0.0,0.0
4,2,OTHER_OUT,BB_HBP,0.33576342,0.29413536,0.3701012,0.0,0.0
4,4,OTHER_OUT,OTHER_OUT,0.0,0.0,0.0,0.34607336,0.6539266
0,0,SINGLE,SINGLE,0.4958185,0.31320736,0.19097413,0.0,0.0
3,4,SO,OTHER_OUT,0.0,0.0,0.0,0.096886456,0.90311354
0,0,SINGLE,SINGLE,0.4105562,0.38370952,0.20573428,0.0,0.0
4,3,OTHER_OUT,SO,0.0,0.0,0.0,0.6594069,0.3405931
4,4,OTHER_OUT,OTHER_OUT,0.0,0.0,0.0,0.41508433,0.5849157
0,0,SINGLE,SINGLE,0.55889356,0.19093676,0.25016966,0.0,0.0
4,4,OTHER_OUT,OTHER_OUT,0.0,0.0,0.0,0.37247753,0.62752247
4,4,OTHER_OUT,OTHER_OUT,0.0,0.0,0.0,0.12702538,0.87297463
4,4,OTHER_OUT,OTHER_OUT,0.0,0.0,0.0,0.21622278,0.78377724
4,4,OTHER_OUT,OTHER_OUT,0.0,0.0,0.0,0.46078098,0.539219
4,3,OTHER_OUT,SO,0.0,0.0,0.0,0.74219894,0.25780106
0,1,SINGLE,XBH,0.2879692,0.4196549,0.2923759,0.0,0.0
3,3,SO,SO,0.0,0.0,0.0,0.79538625,0.20461373
4,3,OTHER_OUT,SO,0.0,0.0,0.0,0.52446944,0.47553053
3,3,SO,SO,0.0,0.0,0.0,0.5881813,0.41181865
4,4,OTHER_OUT,OTHER_OUT,0.0,0.0,0.0,0.11715832,0.8828417
3,4,SO,OTHER_OUT,0.0,0.0,0.0,0.3302634,0.66973656
0,0,SINGLE,SINGLE,0.47401172,0.17637752,0.34961075,0.0,0.0
2,0,BB_HBP,SINGLE,0.45173627,0.2190656,0.32919812,0.0,0.0
1,4,XBH,OTHER_OUT,0.0,0.0,0.0,0.28924736,0.71075267
0,0,SINGLE,SINGLE,0.59770334,0.16334748,0.23894921,0.0,0.0
3,3,SO,SO,0.0,0.0,0.0,0.51030904,0.489691
4,4,OTHER_OUT,OTHER_OUT,0.0,0.0,0.0,0.37662697,0.62337303
4,4,OTHER_OUT,OTHER_OUT,0.0,0.0,0.0,0.09714838,0.90285164
3,0,SO,SINGLE,0.54675895,0.18443981,0.2688012,0.0,0.0
3,4,SO,OTHER_OUT,0.0,0.0,0.0,0.20194899,0.798051
4,4,OTHER_OUT,OTHER_OUT,0.0,0.0,0.0,0.19505182,0.8049482
0,4,SINGLE,OTHER_OUT,0.0,0.0,0.0,0.3215692,0.6784308
4,3,OTHER_OUT,SO,0.0,0.0,0.0,0.5025852,0.49741483
4,4,OTHER_OUT,OTHER_OUT,0.0,0.0,0.0,0.052302763,0.9476972
2,4,BB_HBP,OTHER_OUT,0.0,0.0,0.0,0.11627518,0.8837248
4,4,OTHER_OUT,OTHER_OUT,0.0,0.0,0.0,0.39672595,0.60327405
4,0,OTHER_OUT,SINGLE,0.58047765,0.20148511,0.21803725,0.0,0.0
0,4,SINGLE,OTHER_OUT,0.0,0.0,0.0,0.1639134,0.83608663
4,4,OTHER_OUT,OTHER_OUT,0.0,0.0,0.0,0.23992726,0.76007277
4,0,OTHER_OUT,SINGLE,0.3855161,0.3361535,0.27833042,0.0,0.0
2,3,BB_HBP,SO,0.0,0.0,0.0,0.6086187,0.39138132
3,4,SO,OTHER_OUT,0.0,0.0,0.0,0.1291257,0.8708743
0,4,SINGLE,OTHER_OUT,0.0,0.0,0.0,0.196556,0.803444
4,4,OTHER_OUT,OTHER_OUT,0.0,0.0,0.0,0.12768543,0.8723146
4,4,OTHER_OUT,OTHER_OUT,0.0,0.0,0.0,0.055101577,0.9448984
0,3,SINGLE,SO,0.0,0.0,0.0,0.69408053,0.3059195
3,4,SO,OTHER_OUT,0.0,0.0,0.0,0.0875643,0.9124357
3,2,SO,BB_HBP,0.28634658,0.09819637,0.615457,0.0,0.0
4,4,OTHER_OUT,OTHER_OUT,0.0,0.0,0.0,0.33633664,0.6636634
3,4,SO,OTHER_OUT,0.0,0.0,0.0,0.33574715,0.6642528
1,4,XBH,OTHER_OUT,0.0,0.0,0.0,0.28095868,0.7190413
0,4,SINGLE,OTHER_OUT,0.0,0.0,0.0,0.07090084,0.92909914
0,4,SINGLE,OTHER_OUT,0.0,0.0,0.0,0.40495697,0.595043
3,3,SO,SO,0.0,0.0,0.0,0.82021725,0.17978272
0,4,SINGLE,OTHER_OUT,0.0,0.0,0.0,0.077956446,0.92204356
4,4,OTHER_OUT,OTHER_OUT,0.0,0.0,0.0,0.20025451,0.7997455
4,4,OTHER_OUT,OTHER_OUT,0.0,0.0,0.0,0.24185127,0.7581487
3,4,SO,OTHER_OUT,0.0,0.0,0.0,0.20546201,0.79453796
3,4,SO,OTHER_OUT,0.0,0.0,0.0,0.2690467,0.7309533
4,4,OTHER_OUT,OTHER_OUT,0.0,0.0,0.0,0.3822599,0.6177401
3,3,SO,SO,0.0,0.0,0.0,0.71415824,0.28584176
1,4,XBH,OTHER_OUT,0.0,0.0,0.0,0.15783557,0.8421644
4,4,OTHER_OUT,OTHER_OUT,0.0,0.0,0.0,0.275475,0.724525
1,4,XBH,OTHER_OUT,0.0,0.0,0.0,0.35381398,0.64618605
4,4,OTHER_OUT,OTHER_OUT,0.0,0.0,0.0,0.22960374,0.7703963
4,3,OTHER_OUT,SO,0.0,0.0,0.0,0.5385205,0.46147949
4,4,OTHER_OUT,OTHER_OUT,0.0,0.0,0.0,0.23281023,0.76718974
2,4,BB_HBP,OTHER_OUT,0.0,0.0,0.0,0.44494623,0.5550538
2,4,BB_HBP,OTHER_OUT,0.0,0.0,0.0,0.21730813,0.78269184
2,4,BB_HBP,OTHER_OUT,0.0,0.0,0.0,0.17956395,0.82043606
3,4,SO,OTHER_OUT,0.0,0.0,0.0,0.29832938,0.7016706
3,4,SO,OTHER_OUT,0.0,0.0,0.0,0.042239264,0.95776075
0,4,SINGLE,OTHER_OUT,0.0,0.0,0.0,0.31193733,0.68806267
4,4,OTHER_OUT,OTHER_OUT,0.0,0.0,0.0,0.17063144,0.8293686
1,4,XBH,OTHER_OUT,0.0,0.0,0.0,0.27866602,0.721334
4,3,OTHER_OUT,SO,0.0,0.0,0.0,0.6448452,0.35515478
3,3,SO,SO,0.0,0.0,0.0,0.6537624,0.34623757
2,4,BB_HBP,OTHER_OUT,0.0,0.0,0.0,0.26894882,0.73105115
3,4,SO,OTHER_OUT,0.0,0.0,0.0,0.16656768,0.8334323
0,4,SINGLE,OTHER_OUT,0.0,0.0,0.0,0.4623078,0.5376922
4,0,OTHER_OUT,SINGLE,0.66835654,0.15529533,0.17634816,0.0,0.0
4,3,OTHER_OUT,SO,0.0,0.0,0.0,0.68110377,0.3188962
0,0,SINGLE,SINGLE,0.45514402,0.28003383,0.26482216,0.0,0.0
3,3,SO,SO,0.0,0.0,0.0,0.8503072,0.14969277
4,4,OTHER_OUT,OTHER_OUT,0.0,0.0,0.0,0.042097837,0.9579022
4,4,OTHER_OUT,OTHER_OUT,0.0,0.0,0.0,0.31421247,0.6857875
4,4,OTHER_OUT,OTHER_OUT,0.0,0.0,0.0,0.34918892,0.6508111
4,4,OTHER_OUT,OTHER_OUT,0.0,0.0,0.0,0.30014014,0.69985986
4,0,OTHER_OUT,SINGLE,0.68061906,0.14951298,0.16986796,0.0,0.0
4,4,OTHER_OUT,OTHER_OUT,0.0,0.0,0.0,0.36140722,0.6385928
4,4,OTHER_OUT,OTHER_OUT,0.0,0.0,0.0,0.17400202,0.82599795
0,4,SINGLE,OTHER_OUT,0.0,0.0,0.0,0.20970914,0.7902909
0,4,SINGLE,OTHER_OUT,0.0,0.0,0.0,0.18113153,0.81886846
3,4,SO,OTHER_OUT,0.0,0.0,0.0,0.20293127,0.7970687
1,3,XBH,SO,0.0,0.0,0.0,0.58311117,0.41688883
4,4,OTHER_OUT,OTHER_OUT,0.0,0.0,0.0,0.16001686,0.83998317
4,4,OTHER_OUT,OTHER_OUT,0.0,0.0,0.0,0.34995085,0.65004915
4,0,OTHER_OUT,SINGLE,0.5268497,0.14657383,0.32657647,0.0,0.0
0,4,SINGLE,OTHER_OUT,0.0,0.0,0.0,0.09144825,0.90855175
4,4,OTHER_OUT,OTHER_OUT,0.0,0.0,0.0,0.17101954,0.82898045
0,2,SINGLE,BB_HBP,0.42187092,0.14551717,0.4326119,0.0,0.0
4,2,OTHER_OUT,BB_HBP,0.26307032,0.27397245,0.4629572,0.0,0.0
4,3,OTHER_OUT,SO,0.0,0.0,0.0,0.6421376,0.35786244
4,0,OTHER_OUT,SINGLE,0.557043,0.22705454,0.21590242,0.0,0.0
4,4,OTHER_OUT,OTHER_OUT,0.0,0.0,0.0,0.33350894,0.66649103
0,0,SINGLE,SINGLE,0.6122071,0.1209433,0.2668496,0.0,0.0
4,3,OTHER_OUT,SO,0.0,0.0,0.0,0.5939761,0.40602395
4,2,OTHER_OUT,BB_HBP,0.45143396,0.04736942,0.5011966,0.0,0.0
0,4,SINGLE,OTHER_OUT,0.0,0.0,0.0,0.4518201,0.54817986
0,4,SINGLE,OTHER_OUT,0.0,0.0,0.0,0.052185148,0.9478149
1,2,XBH,BB_HBP,0.41292328,0.15221526,0.43486148,0.0,0.0
4,4,OTHER_OUT,OTHER_OUT,0.0,0.0,0.0,0.31208974,0.68791026
0,0,SINGLE,SINGLE,0.43444234,0.17640947,0.3891482,0.0,0.0
1,4,XBH,OTHER_OUT,0.0,0.0,0.0,0.22185035,0.77814966
0,0,SINGLE,SINGLE,0.447168,0.17923133,0.3736007,0.0,0.0
4,4,OTHER_OUT,OTHER_OUT,0.0,0.0,0.0,0.100045934,0.8999541
0,4,SINGLE,OTHER_OUT,0.0,0.0,0.0,0.21466449,0.78533554
4,4,OTHER_OUT,OTHER_OUT,0.0,0.0,0.0,0.12616812,0.87383187
3,4,SO,OTHER_OUT,0.0,0.0,0.0,0.25277916,0.7472208
4,1,OTHER_OUT,XBH,0.25734466,0.53247404,0.21018128,0.0,0.0
4,3,OTHER_OUT,SO,0.0,0.0,0.0,0.6481403,0.35185966
4,1,OTHER_OUT,XBH,0.2718679,0.528453,0.19967914,0.0,0.0
3,4,SO,OTHER_OUT,0.0,0.0,0.0,0.3121686,0.6878314
4,3,OTHER_OUT,SO,0.0,0.0,0.0,0.602345,0.39765498
3,3,SO,SO,0.0,0.0,0.0,0.635311,0.364689
0,4,SINGLE,OTHER_OUT,0.0,0.0,0.0,0.35644582,0.64355415
4,3,OTHER_OUT,SO,0.0,0.0,0.0,0.66776973,0.33223027
2,2,BB_HBP,BB_HBP,0.18315537,0.4048569,0.41198772,0.0,0.0
1,4,XBH,OTHER_OUT,0.0,0.0,0.0,0.08704507,0.9129549
4,2,OTHER_OUT,BB_HBP,0.34913722,0.17764689,0.47321588,0.0,0.0
0,4,SINGLE,OTHER_OUT,0.0,0.0,0.0,0.06541531,0.9345847
0,0,SINGLE,SINGLE,0.3850227,0.36895555,0.24602176,0.0,0.0
4,4,OTHER_OUT,OTHER_OUT,0.0,0.0,0.0,0.124841794,0.8751582
4,0,OTHER_OUT,SINGLE,0.39968908,0.35920766,0.24110326,0.0,0.0
4,4,OTHER_OUT,OTHER_OUT,0.0,0.0,0.0,0.4131197,0.58688027
0,4,SINGLE,OTHER_OUT,0.0,0.0,0.0,0.14140002,0.85859996
4,4,OTHER_OUT,OTHER_OUT,0.0,0.0,0.0,0.44636312,0.55363685
4,4,OTHER_OUT,OTHER_OUT,0.0,0.0,0.0,0.3560789,0.64392114
0,3,SINGLE,SO,0.0,0.0,0.0,0.61855745,0.38144255
4,4,OTHER_OUT,OTHER_OUT,0.0,0.0,0.0,0.28005582,0.7199442
2,3,BB_HBP,SO,0.0,0.0,0.0,0.54552805,0.45447195
4,0,OTHER_OUT,SINGLE,0.55465996,0.22294904,0.222391,0.0,0.0
3,4,SO,OTHER_OUT,0.0,0.0,0.0,0.383096,0.61690396
0,4,SINGLE,OTHER_OUT,0.0,0.0,0.0,0.11914789,0.8808521
4,3,OTHER_OUT,SO,0.0,0.0,0.0,0.71641237,0.28358763
0,4,SINGLE,OTHER_OUT,0.0,0.0,0.0,0.1795994,0.8204006
4,4,OTHER_OUT,OTHER_OUT,0.0,0.0,0.0,0.16721298,0.83278704
0,4,SINGLE,OTHER_OUT,0.0,0.0,0.0,0.27164236,0.7283577
3,4,SO,OTHER_OUT,0.0,0.0,0.0,0.24707682,0.7529232
4,4,OTHER_OUT,OTHER_OUT,0.0,0.0,0.0,0.31525013,0.68474984
1,2,XBH,BB_HBP,0.35979232,0.25485167,0.385356,0.0,0.0
4,4,OTHER_OUT,OTHER_OUT,0.0,0.0,0.0,0.25079858,0.7492014
3,4,SO,OTHER_OUT,0.0,0.0,0.0,0.19416541,0.8058346
1,4,XBH,OTHER_OUT,0.0,0.0,0.0,0.21570867,0.7842913
4,4,OTHER_OUT,OTHER_OUT,0.0,0.0,0.0,0.15282108,0.84717894
3,0,SO,SINGLE,0.45567197,0.157839,0.38648903,0.0,0.0
4,4,OTHER_OUT,OTHER_OUT,0.0,0.0,0.0,0.34186783,0.6581322
4,0,OTHER_OUT,SINGLE,0.69183683,0.12496702,0.18319613,0.0,0.0
4,2,OTHER_OUT,BB_HBP,0.39628586,0.14224455,0.4614696,0.0,0.0
4,0,OTHER_OUT,SINGLE,0.50504124,0.3279847,0.16697404,0.0,0.0
3,4,SO,OTHER_OUT,0.0,0.0,0.0,0.30532226,0.69467777
4,4,OTHER_OUT,OTHER_OUT,0.0,0.0,0.0,0.35103357,0.64896643
0,4,SINGLE,OTHER_OUT,0.0,0.0,0.0,0.4517499,0.54825014
3,4,SO,OTHER_OUT,0.0,0.0,0.0,0.4546712,0.5453288
3,1,SO,XBH,0.35111448,0.38325116,0.26563436,0.0,0.0
0,4,SINGLE,OTHER_OUT,0.0,0.0,0.0,0.032620523,0.96737945
3,0,SO,SINGLE,0.383663,0.27229917,0.34403783,0.0,0.0
0,4,SINGLE,OTHER_OUT,0.0,0.0,0.0,0.18781732,0.81218266
4,4,OTHER_OUT,OTHER_OUT,0.0,0.0,0.0,0.041794132,0.9582059
0,0,SINGLE,SINGLE,0.46075955,0.25080502,0.28843543,0.0,0.0
4,4,OTHER_OUT,OTHER_OUT,0.0,0.0,0.0,0.20523383,0.7947662
4,4,OTHER_OUT,OTHER_OUT,0.0,0.0,0.0,0.13016844,0.86983156
4,2,OTHER_OUT,BB_HBP,0.3848166,0.19274388,0.42243952,0.0,0.0
3,2,SO,BB_HBP,0.3319871,0.27008227,0.39793065,0.0,0.0
2,2,BB_HBP,BB_HBP,0.4115364,0.07123143,0.5172322,0.0,0.0
4,4,OTHER_OUT,OTHER_OUT,0.0,0.0,0.0,0.086285405,0.9137146
1,0,XBH,SINGLE,0.561748,0.121312246,0.31693974,0.0,0.0
3,0,SO,SINGLE,0.69291645,0.029362043,0.2777215,0.0,0.0
4,4,OTHER_OUT,OTHER_OUT,0.0,0.0,0.0,0.40373424,0.59626573
4,0,OTHER_OUT,SINGLE,0.45014742,0.10512804,0.44472453,0.0,0.0
0,0,SINGLE,SINGLE,0.49093863,0.11253823,0.39652312,0.0,0.0
2,0,BB_HBP,SINGLE,0.6225124,0.14816755,0.22932006,0.0,0.0
4,4,OTHER_OUT,OTHER_OUT,0.0,0.0,0.0,0.07789841,0.92210156
2,4,BB_HBP,OTHER_OUT,0.0,0.0,0.0,0.30119005,0.69881
3,4,SO,OTHER_OUT,0.0,0.0,0.0,0.2638861,0.7361139
3,4,SO,OTHER_OUT,0.0,0.0,0.0,0.1948902,0.8051098
4,4,OTHER_OUT,OTHER_OUT,0.0,0.0,0.0,0.16210629,0.8378937
4,3,OTHER_OUT,SO,0.0,0.0,0.0,0.5779857,0.4220143
3,3,SO,SO,0.0,0.0,0.0,0.6435368,0.35646316
4,4,OTHER_OUT,OTHER_OUT,0.0,0.0,0.0,0.0330916,0.9669084
4,4,OTHER_OUT,OTHER_OUT,0.0,0.0,0.0,0.12843171,0.87156826
0,0,SINGLE,SINGLE,0.6655613,0.1395225,0.1949162,0.0,0.0
0,4,SINGLE,OTHER_OUT,0.0,0.0,0.0,0.11784847,0.88215154
0,4,SINGLE,OTHER_OUT,0.0,0.0,0.0,0.15593821,0.8440618
1,4,XBH,OTHER_OUT,0.0,0.0,0.0,0.29302546,0.7069745
4,3,OTHER_OUT,SO,0.0,0.0,0.0,0.51957405,0.48042595
4,2,OTHER_OUT,BB_HBP,0.31214604,0.097961575,0.5898924,0.0,0.0
4,3,OTHER_OUT,SO,0.0,0.0,0.0,0.62799954,0.37200043
4,4,OTHER_OUT,OTHER_OUT,0.0,0.0,0.0,0.25750905,0.74249095
1,0,XBH,SINGLE,0.71315885,0.07412978,0.21271135,0.0,0.0
4,4,OTHER_OUT,OTHER_OUT,0.0,0.0,0.0,0.066819936,0.93318003
0,4,SINGLE,OTHER_OUT,0.0,0.0,0.0,0.23590359,0.7640964
4,4,OTHER_OUT,OTHER_OUT,0.0,0.0,0.0,0.14755724,0.85244274
0,0,SINGLE,SINGLE,0.50779957,0.17586778,0.31633267,0.0,0.0
4,4,OTHER_OUT,OTHER_OUT,0.0,0.0,0.0,0.20544462,0.79455537
3,4,SO,OTHER_OUT,0.0,0.0,0.0,0.2076633,0.7923367
4,4,OTHER_OUT,OTHER_OUT,0.0,0.0,0.0,0.33476633,0.6652337
0,0,SINGLE,SINGLE,0.84959716,0.04995888,0.100443944,0.0,0.0
3,4,SO,OTHER_OUT,0.0,0.0,0.0,0.2760142,0.7239858
2,4,BB_HBP,OTHER_OUT,0.0,0.0,0.0,0.17116265,0.82883734
1,0,XBH,SINGLE,0.43331692,0.1473122,0.4193709,0.0,0.0
1,4,XBH,OTHER_OUT,0.0,0.0,0.0,0.06913179,0.9308682
1,2,XBH,BB_HBP,0.423493,0.10735135,0.46915567,0.0,0.0
4,4,OTHER_OUT,OTHER_OUT,0.0,0.0,0.0,0.32734463,0.67265534
4,4,OTHER_OUT,OTHER_OUT,0.0,0.0,0.0,0.18722005,0.81277996
4,4,OTHER_OUT,OTHER_OUT,0.0,0.0,0.0,0.19404127,0.80595875
4,0,OTHER_OUT,SINGLE,0.52250755,0.13184161,0.3456508,0.0,0.0
0,2,SINGLE,BB_HBP,0.33977216,0.28475276,0.37547508,0.0,0.0
3,4,SO,OTHER_OUT,0.0,0.0,0.0,0.34301338,0.6569866
4,3,OTHER_OUT,SO,0.0,0.0,0.0,0.6261635,0.3738365
3,4,SO,OTHER_OUT,0.0,0.0,0.0,0.31438866,0.68561137
1,2,XBH,BB_HBP,0.3272063,0.096973374,0.5758203,0.0,0.0
3,4,SO,OTHER_OUT,0.0,0.0,0.0,0.3317205,0.6682795
0,4,SINGLE,OTHER_OUT,0.0,0.0,0.0,0.0636174,0.9363826
2,4,BB_HBP,OTHER_OUT,0.0,0.0,0.0,0.21660036,0.78339964
4,3,OTHER_OUT,SO,0.0,0.0,0.0,0.6594265,0.34057346
4,0,OTHER_OUT,SINGLE,0.47117373,0.2713853,0.25744098,0.0,0.0
0,0,SINGLE,SINGLE,0.37051615,0.3429457,0.28653815,0.0,0.0
2,4,BB_HBP,OTHER_OUT,0.0,0.0,0.0,0.41408503,0.58591497
4,4,OTHER_OUT,OTHER_OUT,0.0,0.0,0.0,0.26015782,0.7398422
1,4,XBH,OTHER_OUT,0.0,0.0,0.0,0.43425715,0.56574285
4,4,OTHER_OUT,OTHER_OUT,0.0,0.0,0.0,0.40487757,0.5951224
3,4,SO,OTHER_OUT,0.0,0.0,0.0,0.24712263,0.75287735
4,4,OTHER_OUT,OTHER_OUT,0.0,0.0,0.0,0.36645284,0.6335471
4,3,OTHER_OUT,SO,0.0,0.0,0.0,0.7321606,0.2678394
4,1,OTHER_OUT,XBH,0.25839493,0.39851415,0.3430909,0.0,0.0
1,4,XBH,OTHER_OUT,0.0,0.0,0.0,0.4092993,0.5907007
4,4,OTHER_OUT,OTHER_OUT,0.0,0.0,0.0,0.33934078,0.66065925
3,4,SO,OTHER_OUT,0.0,0.0,0.0,0.44919914,0.55080086
4,4,OTHER_OUT,OTHER_OUT,0.0,0.0,0.0,0.35779393,0.6422061
0,3,SINGLE,SO,0.0,0.0,0.0,0.5078737,0.49212626
2,0,BB_HBP,SINGLE,0.4139418,0.26738536,0.3186728,0.0,0.0
3,4,SO,OTHER_OUT,0.0,0.0,0.0,0.20898588,0.79101413
3,3,SO,SO,0.0,0.0,0.0,0.7015053,0.29849467
4,4,OTHER_OUT,OTHER_OUT,0.0,0.0,0.0,0.3153097,0.6846903
3,3,SO,SO,0.0,0.0,0.0,0.71275103,0.28724894
3,3,SO,SO,0.0,0.0,0.0,0.71030784,0.2896922
4,4,OTHER_OUT,OTHER_OUT,0.0,0.0,0.0,0.20020688,0.7997931
0,4,SINGLE,OTHER_OUT,0.0,0.0,0.0,0.0928927,0.9071073
4,4,OTHER_OUT,OTHER_OUT,0.0,0.0,0.0,0.27294868,0.7270513
2,4,BB_HBP,OTHER_OUT,0.0,0.0,0.0,0.16899349,0.8310065
4,4,OTHER_OUT,OTHER_OUT,0.0,0.0,0.0,0.29688984,0.70311016
4,4,OTHER_OUT,OTHER_OUT,0.0,0.0,0.0,0.29183683,0.7081632
1,0,XBH,SINGLE,0.4816419,0.16111517,0.3572429,0.0,0.0
4,2,OTHER_OUT,BB_HBP,0.20425504,0.13797925,0.6577657,0.0,0.0
2,4,BB_HBP,OTHER_OUT,0.0,0.0,0.0,0.09341906,0.9065809
4,4,OTHER_OUT,OTHER_OUT,0.0,0.0,0.0,0.17267412,0.8273259
2,2,BB_HBP,BB_HBP,0.1816762,0.3955139,0.42280993,0.0,0.0
0,0,SINGLE,SINGLE,0.5055841,0.18681566,0.30760023,0.0,0.0
1,4,XBH,OTHER_OUT,0.0,0.0,0.0,0.46824864,0.53175133
0,3,SINGLE,SO,0.0,0.0,0.0,0.59417135,0.40582868
0,4,SINGLE,OTHER_OUT,0.0,0.0,0.0,0.47830322,0.52169675
4,4,OTHER_OUT,OTHER_OUT,0.0,0.0,0.0,0.38329318,0.6167068
4,3,OTHER_OUT,SO,0.0,0.0,0.0,0.7875291,0.21247087
4,4,OTHER_OUT,OTHER_OUT,0.0,0.0,0.0,0.4002814,0.5997186
0,3,SINGLE,SO,0.0,0.0,0.0,0.7468991,0.25310087
3,3,SO,SO,0.0,0.0,0.0,0.889884,0.110116035
3,4,SO,OTHER_OUT,0.0,0.0,0.0,0.40372083,0.5962792
1,4,XBH,OTHER_OUT,0.0,0.0,0.0,0.23002906,0.76997095
4,2,OTHER_OUT,BB_HBP,0.22018844,0.33615112,0.44366044,0.0,0.0
3,3,SO,SO,0.0,0.0,0.0,0.61622643,0.38377354
4,0,OTHER_OUT,SINGLE,0.4714945,0.20232485,0.32618064,0.0,0.0
4,4,OTHER_OUT,OTHER_OUT,0.0,0.0,0.0,0.32978594,0.67021406
4,3,OTHER_OUT,SO,0.0,0.0,0.0,0.56683487,0.43316513
4,4,OTHER_OUT,OTHER_OUT,0.0,0.0,0.0,0.40484405,0.59515595
3,0,SO,SINGLE,0.56704783,0.27640054,0.15655164,0.0,0.0
3,0,SO,SINGLE,0.39531106,0.3879366,0.21675235,0.0,0.0
0,4,SINGLE,OTHER_OUT,0.0,0.0,0.0,0.2491149,0.7508851
3,3,SO,SO,0.0,0.0,0.0,0.5706961,0.42930385
0,4,SINGLE,OTHER_OUT,0.0,0.0,0.0,0.3160117,0.6839883
2,4,BB_HBP,OTHER_OUT,0.0,0.0,0.0,0.4541336,0.54586643
3,3,SO,SO,0.0,0.0,0.0,0.63280237,0.36719763
1,3,XBH,SO,0.0,0.0,0.0,0.674504,0.32549602
4,3,OTHER_OUT,SO,0.0,0.0,0.0,0.55132663,0.44867334
4,0,OTHER_OUT,SINGLE,0.46303815,0.3126914,0.22427046,0.0,0.0
0,4,SINGLE,OTHER_OUT,0.0,0.0,0.0,0.49374372,0.5062563
3,4,SO,OTHER_OUT,0.0,0.0,0.0,0.14037229,0.8596277
4,3,OTHER_OUT,SO,0.0,0.0,0.0,0.69660264,0.30339733
4,1,OTHER_OUT,XBH,0.20254582,0.43669888,0.3607553,0.0,0.0
2,3,BB_HBP,SO,0.0,0.0,0.0,0.7831472,0.21685281
4,4,OTHER_OUT,OTHER_OUT,0.0,0.0,0.0,0.22476503,0.775235
2,0,BB_HBP,SINGLE,0.4811927,0.15544552,0.36336178,0.0,0.0
4,3,OTHER_OUT,SO,0.0,0.0,0.0,0.6891324,0.31086764
0,4,SINGLE,OTHER_OUT,0.0,0.0,0.0,0.08764247,0.9123575
4,1,OTHER_OUT,XBH,0.20158295,0.46698728,0.33142975,0.0,0.0
0,1,SINGLE,XBH,0.38644832,0.3976699,0.21588176,0.0,0.0
4,4,OTHER_OUT,OTHER_OUT,0.0,0.0,0.0,0.27750948,0.7224905
3,3,SO,SO,0.0,0.0,0.0,0.6728339,0.3271661
4,0,OTHER_OUT,SINGLE,0.61699593,0.14596358,0.23704048,0.0,0.0
4,3,OTHER_OUT,SO,0.0,0.0,0.0,0.5012342,0.49876583
3,4,SO,OTHER_OUT,0.0,0.0,0.0,0.49721873,0.5027813
4,0,OTHER_OUT,SINGLE,0.42994785,0.37352017,0.19653198,0.0,0.0
0,4,SINGLE,OTHER_OUT,0.0,0.0,0.0,0.11785631,0.8821437
2,4,BB_HBP,OTHER_OUT,0.0,0.0,0.0,0.17719933,0.82280064
4,4,OTHER_OUT,OTHER_OUT,0.0,0.0,0.0,0.14735717,0.85264283
3,3,SO,SO,0.0,0.0,0.0,0.725834,0.274166
0,3,SINGLE,SO,0.0,0.0,0.0,0.60645527,0.39354476
4,1,OTHER_OUT,XBH,0.32447138,0.46114257,0.21438603,0.0,0.0
0,4,SINGLE,OTHER_OUT,0.0,0.0,0.0,0.15305923,0.84694076
4,4,OTHER_OUT,OTHER_OUT,0.0,0.0,0.0,0.4508036,0.5491964
1,4,XBH,OTHER_OUT,0.0,0.0,0.0,0.2922698,0.70773023
3,4,SO,OTHER_OUT,0.0,0.0,0.0,0.12870936,0.8712906
0,3,SINGLE,SO,0.0,0.0,0.0,0.6049697,0.3950303
4,3,OTHER_OUT,SO,0.0,0.0,0.0,0.5822113,0.4177887
2,4,BB_HBP,OTHER_OUT,0.0,0.0,0.0,0.35160276,0.64839727
3,2,SO,BB_HBP,0.29462248,0.2616115,0.44376606,0.0,0.0
3,3,SO,SO,0.0,0.0,0.0,0.5532316,0.4467684
4,3,OTHER_OUT,SO,0.0,0.0,0.0,0.52139187,0.4786081
2,3,BB_HBP,SO,0.0,0.0,0.0,0.7366022,0.2633978
3,3,SO,SO,0.0,0.0,0.0,0.5737275,0.42627254
3,4,SO,OTHER_OUT,0.0,0.0,0.0,0.29501903,0.70498097
2,3,BB_HBP,SO,0.0,0.0,0.0,0.7868861,0.21311392
4,4,OTHER_OUT,OTHER_OUT,0.0,0.0,0.0,0.49294293,0.5070571
0,4,SINGLE,OTHER_OUT,0.0,0.0,0.0,0.48879465,0.5112053
4,0,OTHER_OUT,SINGLE,0.455177,0.33783406,0.20698893,0.0,0.0
0,3,SINGLE,SO,0.0,0.0,0.0,0.800247,0.199753
3,4,SO,OTHER_OUT,0.0,0.0,0.0,0.45416823,0.54583174
4,3,OTHER_OUT,SO,0.0,0.0,0.0,0.7048979,0.29510212
1,0,XBH,SINGLE,0.6243119,0.0848344,0.29085368,0.0,0.0
4,4,OTHER_OUT,OTHER_OUT,0.0,0.0,0.0,0.2932652,0.70673484
4,1,OTHER_OUT,XBH,0.3786313,0.39812922,0.2232395,0.0,0.0
4,4,OTHER_OUT,OTHER_OUT,0.0,0.0,0.0,0.21474956,0.7852504
1,4,XBH,OTHER_OUT,0.0,0.0,0.0,0.15772067,0.8422793
0,0,SINGLE,SINGLE,0.41481265,0.30503199,0.28015536,0.0,0.0
1,4,XBH,OTHER_OUT,0.0,0.0,0.0,0.22477248,0.77522755
4,1,OTHER_OUT,XBH,0.39736256,0.4805505,0.12208695,0.0,0.0
4,4,OTHER_OUT,OTHER_OUT,0.0,0.0,0.0,0.14769323,0.8523068
4,4,OTHER_OUT,OTHER_OUT,0.0,0.0,0.0,0.4275244,0.5724756
4,0,OTHER_OUT,SINGLE,0.49369478,0.14381893,0.36248627,0.0,0.0
2,3,BB_HBP,SO,0.0,0.0,0.0,0.5570335,0.4429665
3,4,SO,OTHER_OUT,0.0,0.0,0.0,0.2877377,0.7122623
4,4,OTHER_OUT,OTHER_OUT,0.0,0.0,0.0,0.25220445,0.7477955
4,3,OTHER_OUT,SO,0.0,0.0,0.0,0.62721217,0.3727878
2,0,BB_HBP,SINGLE,0.46495545,0.3287446,0.20629998,0.0,0.0
4,4,OTHER_OUT,OTHER_OUT,0.0,0.0,0.0,0.22834675,0.77165323
1,1,XBH,XBH,0.36941284,0.3799195,0.25066766,0.0,0.0
3,4,SO,OTHER_OUT,0.0,0.0,0.0,0.16005796,0.83994204
0,4,SINGLE,OTHER_OUT,0.0,0.0,0.0,0.39134613,0.6086539
4,3,OTHER_OUT,SO,0.0,0.0,0.0,0.50168186,0.49831814
3,0,SO,SINGLE,0.4283873,0.25835955,0.31325313,0.0,0.0
0,0,SINGLE,SINGLE,0.6471139,0.13139497,0.22149113,0.0,0.0
1,2,XBH,BB_HBP,0.41325903,0.16283931,0.42390168,0.0,0.0
3,4,SO,OTHER_OUT,0.0,0.0,0.0,0.44308162,0.5569184
4,4,OTHER_OUT,OTHER_OUT,0.0,0.0,0.0,0.22070934,0.7792907
0,3,SINGLE,SO,0.0,0.0,0.0,0.5160424,0.4839576
3,4,SO,OTHER_OUT,0.0,0.0,0.0,0.34413287,0.6558671
4,2,OTHER_OUT,BB_HBP,0.33190536,0.19157934,0.4765153,0.0,0.0
4,4,OTHER_OUT,OTHER_OUT,0.0,0.0,0.0,0.14058714,0.85941285
0,4,SINGLE,OTHER_OUT,0.0,0.0,0.0,0.39611495,0.60388505
3,4,SO,OTHER_OUT,0.0,0.0,0.0,0.36174405,0.63825595
4,4,OTHER_OUT,OTHER_OUT,0.0,0.0,0.0,0.16981609,0.8301839
2,4,BB_HBP,OTHER_OUT,0.0,0.0,0.0,0.3498977,0.65010226
2,2,BB_HBP,BB_HBP,0.2822429,0.35780996,0.35994714,0.0,0.0
0,0,SINGLE,SINGLE,0.37963623,0.27565828,0.34470552,0.0,0.0
0,1,SINGLE,XBH,0.39863577,0.40456724,0.19679697,0.0,0.0
4,3,OTHER_OUT,SO,0.0,0.0,0.0,0.7061525,0.29384747
4,4,OTHER_OUT,OTHER_OUT,0.0,0.0,0.0,0.23884346,0.76115656
0,3,SINGLE,SO,0.0,0.0,0.0,0.72238696,0.27761304
0,4,SINGLE,OTHER_OUT,0.0,0.0,0.0,0.21329463,0.7867054
1,0,XBH,SINGLE,0.6914611,0.1345961,0.17394282,0.0,0.0
3,3,SO,SO,0.0,0.0,0.0,0.77674913,0.22325088
4,1,OTHER_OUT,XBH,0.21078975,0.4538592,0.33535105,0.0,0.0
4,0,OTHER_OUT,SINGLE,0.6083285,0.07642747,0.315244,0.0,0.0
4,4,OTHER_OUT,OTHER_OUT,0.0,0.0,0.0,0.423634,0.576366
4,4,OTHER_OUT,OTHER_OUT,0.0,0.0,0.0,0.25020432,0.7497957
4,4,OTHER_OUT,OTHER_OUT,0.0,0.0,0.0,0.47836643,0.52163357
2,4,BB_HBP,OTHER_OUT,0.0,0.0,0.0,0.13982394,0.8601761
2,4,BB_HBP,OTHER_OUT,0.0,0.0,0.0,0.12013914,0.8798609
4,4,OTHER_OUT,OTHER_OUT,0.0,0.0,0.0,0.3468495,0.6531505
4,4,OTHER_OUT,OTHER_OUT,0.0,0.0,0.0,0.39751565,0.60248435
3,0,SO,SINGLE,0.5140905,0.124335214,0.36157432,0.0,0.0
3,4,SO,OTHER_OUT,0.0,0.0,0.0,0.26912984,0.7308701
4,3,OTHER_OUT,SO,0.0,0.0,0.0,0.622302,0.377698
4,3,OTHER_OUT,SO,0.0,0.0,0.0,0.54625815,0.45374185
2,3,BB_HBP,SO,0.0,0.0,0.0,0.8247464,0.17525364
4,4,OTHER_OUT,OTHER_OUT,0.0,0.0,0.0,0.41016752,0.5898325
4,0,OTHER_OUT,SINGLE,0.3886742,0.2606421,0.35068366,0.0,0.0
4,4,OTHER_OUT,OTHER_OUT,0.0,0.0,0.0,0.33093253,0.66906744
4,4,OTHER_OUT,OTHER_OUT,0.0,0.0,0.0,0.37841415,0.62158585
4,4,OTHER_OUT,OTHER_OUT,0.0,0.0,0.0,0.34477958,0.6552204
3,0,SO,SINGLE,0.46657774,0.07337685,0.4600454,0.0,0.0
4,4,OTHER_OUT,OTHER_OUT,0.0,0.0,0.0,0.3349841,0.66501594
4,0,OTHER_OUT,SINGLE,0.47453493,0.16173302,0.36373204,0.0,0.0
4,3,OTHER_OUT,SO,0.0,0.0,0.0,0.7592144,0.24078561
3,4,SO,OTHER_OUT,0.0,0.0,0.0,0.3972459,0.60275406
4,4,OTHER_OUT,OTHER_OUT,0.0,0.0,0.0,0.097501285,0.9024987
4,4,OTHER_OUT,OTHER_OUT,0.0,0.0,0.0,0.13554116,0.86445886
2,4,BB_HBP,OTHER_OUT,0.0,0.0,0.0,0.3702251,0.6297749
0,4,SINGLE,OTHER_OUT,0.0,0.0,0.0,0.30900568,0.6909943
3,4,SO,OTHER_OUT,0.0,0.0,0.0,0.109021954,0.89097804
0,0,SINGLE,SINGLE,0.4422445,0.1470668,0.4106887,0.0,0.0
3,3,SO,SO,0.0,0.0,0.0,0.698877,0.30112305
1,4,XBH,OTHER_OUT,0.0,0.0,0.0,0.26763654,0.73236346
4,3,OTHER_OUT,SO,0.0,0.0,0.0,0.79658693,0.20341308
4,4,OTHER_OUT,OTHER_OUT,0.0,0.0,0.0,0.19412749,0.8058725
4,4,OTHER_OUT,OTHER_OUT,0.0,0.0,0.0,0.29464206,0.70535797
2,4,BB_HBP,OTHER_OUT,0.0,0.0,0.0,0.18480872,0.81519127
2,4,BB_HBP,OTHER_OUT,0.0,0.0,0.0,0.16187933,0.8381207
3,4,SO,OTHER_OUT,0.0,0.0,0.0,0.3301475,0.6698525
4,4,OTHER_OUT,OTHER_OUT,0.0,0.0,0.0,0.33702666,0.66297334
3,3,SO,SO,0.0,0.0,0.0,0.7884883,0.21151167
4,4,OTHER_OUT,OTHER_OUT,0.0,0.0,0.0,0.14941524,0.85058475
4,0,OTHER_OUT,SINGLE,0.68792164,0.09260863,0.21946971,0.0,0.0
0,3,SINGLE,SO,0.0,0.0,0.0,0.5928802,0.4071198
2,0,BB_HBP,SINGLE,0.4774173,0.11790633,0.40467638,0.0,0.0
1,4,XBH,OTHER_OUT,0.0,0.0,0.0,0.36923143,0.63076854
4,4,OTHER_OUT,OTHER_OUT,0.0,0.0,0.0,0.099543415,0.9004566
4,4,OTHER_OUT,OTHER_OUT,0.0,0.0,0.0,0.39476147,0.6052385
4,4,OTHER_OUT,OTHER_OUT,0.0,0.0,0.0,0.2563349,0.7436651
1,3,XBH,SO,0.0,0.0,0.0,0.69894475,0.30105522
4,4,OTHER_OUT,OTHER_OUT,0.0,0.0,0.0,0.10005616,0.8999438
4,4,OTHER_OUT,OTHER_OUT,0.0,0.0,0.0,0.42667857,0.57332146
4,4,OTHER_OUT,OTHER_OUT,0.0,0.0,0.0,0.28087667,0.71912336
3,3,SO,SO,0.0,0.0,0.0,0.82500076,0.17499924
3,4,SO,OTHER_OUT,0.0,0.0,0.0,0.08682318,0.91317683
4,4,OTHER_OUT,OTHER_OUT,0.0,0.0,0.0,0.16862345,0.83137655
4,0,OTHER_OUT,SINGLE,0.6130837,0.1085554,0.27836087,0.0,0.0
3,3,SO,SO,0.0,0.0,0.0,0.6385235,0.36147645
4,2,OTHER_OUT,BB_HBP,0.36332282,0.15995488,0.47672227,0.0,0.0
4,4,OTHER_OUT,OTHER_OUT,0.0,0.0,0.0,0.109632924,0.8903671
0,4,SINGLE,OTHER_OUT,0.0,0.0,0.0,0.12110611,0.8788939
4,4,OTHER_OUT,OTHER_OUT,0.0,0.0,0.0,0.2611496,0.7388504
3,3,SO,SO,0.0,0.0,0.0,0.6327574,0.36724257
1,4,XBH,OTHER_OUT,0.0,0.0,0.0,0.20734017,0.7926598
4,3,OTHER_OUT,SO,0.0,0.0,0.0,0.7992542,0.20074582
4,4,OTHER_OUT,OTHER_OUT,0.0,0.0,0.0,0.22550161,0.7744984
0,4,SINGLE,OTHER_OUT,0.0,0.0,0.0,0.19699648,0.80300355
4,4,OTHER_OUT,OTHER_OUT,0.0,0.0,0.0,0.28518918,0.7148108
3,4,SO,OTHER_OUT,0.0,0.0,0.0,0.19326092,0.8067391
4,4,OTHER_OUT,OTHER_OUT,0.0,0.0,0.0,0.20252293,0.79747707
4,3,OTHER_OUT,SO,0.0,0.0,0.0,0.51376194,0.48623806
4,4,OTHER_OUT,OTHER_OUT,0.0,0.0,0.0,0.2622412,0.73775876
2,2,BB_HBP,BB_HBP,0.3111773,0.10854745,0.58027524,0.0,0.0
3,3,SO,SO,0.0,0.0,0.0,0.50944215,0.49055788
4,3,OTHER_OUT,SO,0.0,0.0,0.0,0.57778317,0.4222168
3,4,SO,OTHER_OUT,0.0,0.0,0.0,0.43285885,0.5671411
0,3,SINGLE,SO,0.0,0.0,0.0,0.6145453,0.3854547
4,3,OTHER_OUT,SO,0.0,0.0,0.0,0.5291905,0.47080952
4,4,OTHER_OUT,OTHER_OUT,0.0,0.0,0.0,0.32792616,0.67207384
4,4,OTHER_OUT,OTHER_OUT,0.0,0.0,0.0,0.23034477,0.7696552
4,3,OTHER_OUT,SO,0.0,0.0,0.0,0.6930498,0.3069502
4,4,OTHER_OUT,OTHER_OUT,0.0,0.0,0.0,0.2881818,0.7118182
4,0,OTHER_OUT,SINGLE,0.5221423,0.051259417,0.4265983,0.0,0.0
4,0,OTHER_OUT,SINGLE,0.3814318,0.33394945,0.28461874,0.0,0.0
0,4,SINGLE,OTHER_OUT,0.0,0.0,0.0,0.47552377,0.52447623
2,4,BB_HBP,OTHER_OUT,0.0,0.0,0.0,0.11068089,0.8893191
4,4,OTHER_OUT,OTHER_OUT,0.0,0.0,0.0,0.36215764,0.63784236
4,4,OTHER_OUT,OTHER_OUT,0.0,0.0,0.0,0.27794564,0.72205436
0,4,SINGLE,OTHER_OUT,0.0,0.0,0.0,0.15712248,0.8428775
3,1,SO,XBH,0.36490926,0.43372944,0.20136131,0.0,0.0
0,4,SINGLE,OTHER_OUT,0.0,0.0,0.0,0.26462922,0.7353708
4,2,OTHER_OUT,BB_HBP,0.40701333,0.07812385,0.51486284,0.0,0.0
3,0,SO,SINGLE,0.6937419,0.11684226,0.18941581,0.0,0.0
4,4,OTHER_OUT,OTHER_OUT,0.0,0.0,0.0,0.34921083,0.65078914
4,4,OTHER_OUT,OTHER_OUT,0.0,0.0,0.0,0.1365821,0.86341786
4,4,OTHER_OUT,OTHER_OUT,0.0,0.0,0.0,0.30249026,0.6975097
1,3,XBH,SO,0.0,0.0,0.0,0.77424645,0.22575353
1,0,XBH,SINGLE,0.5640071,0.06378688,0.37220603,0.0,0.0
4,4,OTHER_OUT,OTHER_OUT,0.0,0.0,0.0,0.19571252,0.8042875
3,4,SO,OTHER_OUT,0.0,0.0,0.0,0.18399498,0.816005
3,0,SO,SINGLE,0.5226167,0.16955288,0.3078304,0.0,0.0
2,4,BB_HBP,OTHER_OUT,0.0,0.0,0.0,0.27471697,0.725283
3,0,SO,SINGLE,0.50573146,0.34779367,0.14647488,0.0,0.0
4,4,OTHER_OUT,OTHER_OUT,0.0,0.0,0.0,0.40564403,0.59435594
4,3,OTHER_OUT,SO,0.0,0.0,0.0,0.59395975,0.40604022
3,3,SO,SO,0.0,0.0,0.0,0.7674095,0.23259051
1,3,XBH,SO,0.0,0.0,0.0,0.58727324,0.4127268
1,4,XBH,OTHER_OUT,0.0,0.0,0.0,0.0910495,0.9089505
4,4,OTHER_OUT,OTHER_OUT,0.0,0.0,0.0,0.046359524,0.95364046
4,4,OTHER_OUT,OTHER_OUT,0.0,0.0,0.0,0.16773736,0.83226264
4,4,OTHER_OUT,OTHER_OUT,0.0,0.0,0.0,0.43798417,0.56201583
4,4,OTHER_OUT,OTHER_OUT,0.0,0.0,0.0,0.08373028,0.9162697
0,0,SINGLE,SINGLE,0.4002208,0.27270672,0.32707247,0.0,0.0
4,0,OTHER_OUT,SINGLE,0.6105075,0.1925728,0.19691974,0.0,0.0
3,0,SO,SINGLE,0.7081769,0.09757752,0.19424555,0.0,0.0
0,4,SINGLE,OTHER_OUT,0.0,0.0,0.0,0.23920234,0.7607977
4,2,OTHER_OUT,BB_HBP,0.37356958,0.21533366,0.41109675,0.0,0.0
4,4,OTHER_OUT,OTHER_OUT,0.0,0.0,0.0,0.30542183,0.6945782
2,0,BB_HBP,SINGLE,0.7191892,0.048006725,0.23280406,0.0,0.0
4,0,OTHER_OUT,SINGLE,0.49730873,0.34274343,0.15994783,0.0,0.0
3,4,SO,OTHER_OUT,0.0,0.0,0.0,0.08957574,0.91042423
3,4,SO,OTHER_OUT,0.0,0.0,0.0,0.16641839,0.8335816
0,4,SINGLE,OTHER_OUT,0.0,0.0,0.0,0.07153138,0.92846864
0,0,SINGLE,SINGLE,0.560637,0.25695524,0.18240777,0.0,0.0
2,4,BB_HBP,OTHER_OUT,0.0,0.0,0.0,0.2710013,0.72899866
2,0,BB_HBP,SINGLE,0.55975306,0.19734316,0.24290378,0.0,0.0
4,4,OTHER_OUT,OTHER_OUT,0.0,0.0,0.0,0.3638254,0.6361746
4,4,OTHER_OUT,OTHER_OUT,0.0,0.0,0.0,0.30695713,0.6930429
4,4,OTHER_OUT,OTHER_OUT,0.0,0.0,0.0,0.2671984,0.7328016
4,4,OTHER_OUT,OTHER_OUT,0.0,0.0,0.0,0.12868226,0.87131774
3,0,SO,SINGLE,0.4982899,0.11757119,0.3841389,0.0,0.0
3,4,SO,OTHER_OUT,0.0,0.0,0.0,0.1989474,0.80105263
4,0,OTHER_OUT,SINGLE,0.59259737,0.22888277,0.17851987,0.0,0.0
4,3,OTHER_OUT,SO,0.0,0.0,0.0,0.717749,0.28225103
3,4,SO,OTHER_OUT,0.0,0.0,0.0,0.32395932,0.67604065
4,2,OTHER_OUT,BB_HBP,0.27431148,0.31613714,0.40955138,0.0,0.0
4,4,OTHER_OUT,OTHER_OUT,0.0,0.0,0.0,0.07115341,0.9288466
4,4,OTHER_OUT,OTHER_OUT,0.0,0.0,0.0,0.39942113,0.6005789
3,2,SO,BB_HBP,0.31679368,0.10185188,0.58135444,0.0,0.0
4,3,OTHER_OUT,SO,0.0,0.0,0.0,0.71624535,0.28375462
0,1,SINGLE,XBH,0.2347432,0.5753055,0.18995132,0.0,0.0
4,4,OTHER_OUT,OTHER_OUT,0.0,0.0,0.0,0.32461968,0.67538035
4,0,OTHER_OUT,SINGLE,0.7893176,0.08522715,0.12545523,0.0,0.0
4,0,OTHER_OUT,SINGLE,0.4940586,0.28997603,0.21596536,0.0,0.0
1,2,XBH,BB_HBP,0.33861297,0.1275225,0.53386456,0.0,0.0
4,2,OTHER_OUT,BB_HBP,0.38235334,0.08535721,0.53228945,0.0,0.0
4,2,OTHER_OUT,BB_HBP,0.43082586,0.071568534,0.4976056,0.0,0.0
0,3,SINGLE,SO,0.0,0.0,0.0,0.6657636,0.33423635
4,2,OTHER_OUT,BB_HBP,0.27332252,0.116965495,0.609712,0.0,0.0
3,0,SO,SINGLE,0.40231445,0.24207544,0.35561007,0.0,0.0
4,4,OTHER_OUT,OTHER_OUT,0.0,0.0,0.0,0.092253275,0.90774673
4,4,OTHER_OUT,OTHER_OUT,0.0,0.0,0.0,0.32125297,0.67874706
3,4,SO,OTHER_OUT,0.0,0.0,0.0,0.37502277,0.62497723
4,4,OTHER_OUT,OTHER_OUT,0.0,0.0,0.0,0.33124852,0.6687515
3,4,SO,OTHER_OUT,0.0,0.0,0.0,0.420132,0.579868
4,4,OTHER_OUT,OTHER_OUT,0.0,0.0,0.0,0.39898896,0.60101104
0,0,SINGLE,SINGLE,0.55048895,0.31142464,0.13808638,0.0,0.0
1,0,XBH,SINGLE,0.56903344,0.12716435,0.3038022,0.0,0.0
0,0,SINGLE,SINGLE,0.69120246,0.09141175,0.21738578,0.0,0.0
4,0,OTHER_OUT,SINGLE,0.4696373,0.19487707,0.3354856,0.0,0.0
4,3,OTHER_OUT,SO,0.0,0.0,0.0,0.6503454,0.3496546
0,3,SINGLE,SO,0.0,0.0,0.0,0.52056,0.47944
4,0,OTHER_OUT,SINGLE,0.39394152,0.236398,0.36966047,0.0,0.0
1,3,XBH,SO,0.0,0.0,0.0,0.5609846,0.4390154
2,3,BB_HBP,SO,0.0,0.0,0.0,0.6078357,0.3921643
3,1,SO,XBH,0.28612885,0.37418926,0.3396819,0.0,0.0
4,4,OTHER_OUT,OTHER_OUT,0.0,0.0,0.0,0.2613073,0.7386927
4,0,OTHER_OUT,SINGLE,0.6301538,0.21359077,0.15625547,0.0,0.0
4,4,OTHER_OUT,OTHER_OUT,0.0,0.0,0.0,0.14718439,0.8528156
2,4,BB_HBP,OTHER_OUT,0.0,0.0,0.0,0.12380081,0.8761992
4,4,OTHER_OUT,OTHER_OUT,0.0,0.0,0.0,0.12950633,0.87049365
2,0,BB_HBP,SINGLE,0.5658941,0.09324186,0.340864,0.0,0.0
0,0,SINGLE,SINGLE,0.4953765,0.16852309,0.33610043,0.0,0.0
2,2,BB_HBP,BB_HBP,0.30177942,0.27787682,0.42034376,0.0,0.0
1,4,XBH,OTHER_OUT,0.0,0.0,0.0,0.46547642,0.53452355
4,0,OTHER_OUT,SINGLE,0.59589666,0.07280836,0.33129498,0.0,0.0
3,0,SO,SINGLE,0.51754034,0.14875673,0.33370295,0.0,0.0
0,0,SINGLE,SINGLE,0.7323011,0.1585382,0.109160654,0.0,0.0
0,4,SINGLE,OTHER_OUT,0.0,0.0,0.0,0.46539375,0.5346062
0,4,SINGLE,OTHER_OUT,0.0,0.0,0.0,0.49802062,0.5019794
4,3,OTHER_OUT,SO,0.0,0.0,0.0,0.62180525,0.37819478
2,1,BB_HBP,XBH,0.2790482,0.54619783,0.17475395,0.0,0.0
2,4,BB_HBP,OTHER_OUT,0.0,0.0,0.0,0.29065806,0.70934194
0,3,SINGLE,SO,0.0,0.0,0.0,0.58323735,0.41676268
3,4,SO,OTHER_OUT,0.0,0.0,0.0,0.29229409,0.7077059
3,4,SO,OTHER_OUT,0.0,0.0,0.0,0.23151582,0.7684842
3,4,SO,OTHER_OUT,0.0,0.0,0.0,0.113985635,0.88601434
4,0,OTHER_OUT,SINGLE,0.4822078,0.1574865,0.3603057,0.0,0.0
2,0,BB_HBP,SINGLE,0.77140284,0.14050433,0.08809282,0.0,0.0
0,0,SINGLE,SINGLE,0.69836736,0.07549889,0.22613378,0.0,0.0
2,4,BB_HBP,OTHER_OUT,0.0,0.0,0.0,0.4100485,0.58995146
0,4,SINGLE,OTHER_OUT,0.0,0.0,0.0,0.4342649,0.5657351
4,3,OTHER_OUT,SO,0.0,0.0,0.0,0.6262616,0.37373838
3,1,SO,XBH,0.25417516,0.6364172,0.10940765,0.0,0.0
2,0,BB_HBP,SINGLE,0.66972995,0.11950038,0.2107697,0.0,0.0
3,4,SO,OTHER_OUT,0.0,0.0,0.0,0.32566872,0.67433125
4,4,OTHER_OUT,OTHER_OUT,0.0,0.0,0.0,0.4497108,0.5502892
0,4,SINGLE,OTHER_OUT,0.0,0.0,0.0,0.31893918,0.6810608
4,4,OTHER_OUT,OTHER_OUT,0.0,0.0,0.0,0.17763776,0.82236224
3,0,SO,SINGLE,0.70847,0.1448721,0.14665791,0.0,0.0
4,2,OTHER_OUT,BB_HBP,0.29363266,0.25150725,0.45486012,0.0,0.0
0,0,SINGLE,SINGLE,0.43896663,0.26413494,0.29689842,0.0,0.0
4,4,OTHER_OUT,OTHER_OUT,0.0,0.0,0.0,0.09611873,0.90388125
4,4,OTHER_OUT,OTHER_OUT,0.0,0.0,0.0,0.06737985,0.93262017
2,4,BB_HBP,OTHER_OUT,0.0,0.0,0.0,0.39301172,0.60698825
4,0,OTHER_OUT,SINGLE,0.42614603,0.37014353,0.20371045,0.0,0.0
4,4,OTHER_OUT,OTHER_OUT,0.0,0.0,0.0,0.1441958,0.8558042
4,4,OTHER_OUT,OTHER_OUT,0.0,0.0,0.0,0.09470196,0.90529805
3,4,SO,OTHER_OUT,0.0,0.0,0.0,0.1790538,0.8209462
3,0,SO,SINGLE,0.63373095,0.16943456,0.19683449,0.0,0.0
4,4,OTHER_OUT,OTHER_OUT,0.0,0.0,0.0,0.19351812,0.8064819
3,0,SO,SINGLE,0.4078009,0.32424098,0.2679581,0.0,0.0
4,0,OTHER_OUT,SINGLE,0.5658267,0.14515972,0.28901356,0.0,0.0
4,0,OTHER_OUT,SINGLE,0.4922394,0.19762723,0.31013337,0.0,0.0
4,4,OTHER_OUT,OTHER_OUT,0.0,0.0,0.0,0.38041195,0.6195881
0,4,SINGLE,OTHER_OUT,0.0,0.0,0.0,0.2403432,0.7596568
2,0,BB_HBP,SINGLE,0.55953455,0.15011641,0.29034907,0.0,0.0
0,3,SINGLE,SO,0.0,0.0,0.0,0.5392496,0.4607504
3,0,SO,SINGLE,0.7130131,0.03720742,0.24977945,0.0,0.0
0,3,SINGLE,SO,0.0,0.0,0.0,0.50605124,0.49394873
0,4,SINGLE,OTHER_OUT,0.0,0.0,0.0,0.34178743,0.65821254
4,4,OTHER_OUT,OTHER_OUT,0.0,0.0,0.0,0.27692565,0.7230744
4,4,OTHER_OUT,OTHER_OUT,0.0,0.0,0.0,0.33047,0.66953003
2,2,BB_HBP,BB_HBP,0.32593194,0.16261919,0.51144886,0.0,0.0
2,0,BB_HBP,SINGLE,0.59496176,0.22218396,0.18285425,0.0,0.0
4,4,OTHER_OUT,OTHER_OUT,0.0,0.0,0.0,0.28483975,0.71516025
3,4,SO,OTHER_OUT,0.0,0.0,0.0,0.05555041,0.9444496
1,4,XBH,OTHER_OUT,0.0,0.0,0.0,0.07315674,0.9268433
0,3,SINGLE,SO,0.0,0.0,0.0,0.6823868,0.31761318
4,4,OTHER_OUT,OTHER_OUT,0.0,0.0,0.0,0.34684825,0.65315175
3,3,SO,SO,0.0,0.0,0.0,0.6662774,0.33372262
4,2,OTHER_OUT,BB_HBP,0.3095209,0.1318376,0.5586415,0.0,0.0
0,4,SINGLE,OTHER_OUT,0.0,0.0,0.0,0.36745197,0.63254803
4,4,OTHER_OUT,OTHER_OUT,0.0,0.0,0.0,0.11526662,0.8847334
2,2,BB_HBP,BB_HBP,0.20675585,0.3388612,0.45438293,0.0,0.0
1,0,XBH,SINGLE,0.6344912,0.19287953,0.17262925,0.0,0.0
1,4,XBH,OTHER_OUT,0.0,0.0,0.0,0.45714995,0.5428501
4,3,OTHER_OUT,SO,0.0,0.0,0.0,0.6869313,0.3130687
3,4,SO,OTHER_OUT,0.0,0.0,0.0,0.3026712,0.6973288
4,4,OTHER_OUT,OTHER_OUT,0.0,0.0,0.0,0.4641218,0.5358782
3,3,SO,SO,0.0,0.0,0.0,0.5359082,0.4640918
4,4,OTHER_OUT,OTHER_OUT,0.0,0.0,0.0,0.37087834,0.62912166
3,3,SO,SO,0.0,0.0,0.0,0.7106664,0.28933355
3,3,SO,SO,0.0,0.0,0.0,0.7106808,0.28931922
4,0,OTHER_OUT,SINGLE,0.6180295,0.25369737,0.12827317,0.0,0.0
1,3,XBH,SO,0.0,0.0,0.0,0.5121582,0.48784178
0,4,SINGLE,OTHER_OUT,0.0,0.0,0.0,0.48844165,0.51155835
0,4,SINGLE,OTHER_OUT,0.0,0.0,0.0,0.2603948,0.7396052
4,4,OTHER_OUT,OTHER_OUT,0.0,0.0,0.0,0.33935103,0.66064894
4,2,OTHER_OUT,BB_HBP,0.38440895,0.14900015,0.4665909,0.0,0.0
4,3,OTHER_OUT,SO,0.0,0.0,0.0,0.6052934,0.39470664
4,0,OTHER_OUT,SINGLE,0.42893237,0.26826715,0.3028005,0.0,0.0
4,4,OTHER_OUT,OTHER_OUT,0.0,0.0,0.0,0.1554347,0.84456533
3,3,SO,SO,0.0,0.0,0.0,0.6639916,0.33600843
4,4,OTHER_OUT,OTHER_OUT,0.0,0.0,0.0,0.39234272,0.6076573
4,3,OTHER_OUT,SO,0.0,0.0,0.0,0.6141645,0.38583553
1,4,XBH,OTHER_OUT,0.0,0.0,0.0,0.07214178,0.92785823
1,3,XBH,SO,0.0,0.0,0.0,0.51624197,0.48375803
1,4,XBH,OTHER_OUT,0.0,0.0,0.0,0.28587395,0.71412605
3,4,SO,OTHER_OUT,0.0,0.0,0.0,0.13337974,0.86662024
2,4,BB_HBP,OTHER_OUT,0.0,0.0,0.0,0.093583055,0.90641695
4,2,OTHER_OUT,BB_HBP,0.27488106,0.3406098,0.38450912,0.0,0.0
0,4,SINGLE,OTHER_OUT,0.0,0.0,0.0,0.21380109,0.7861989
0,4,SINGLE,OTHER_OUT,0.0,0.0,0.0,0.29196143,0.70803857
4,3,OTHER_OUT,SO,0.0,0.0,0.0,0.69527054,0.3047295
0,3,SINGLE,SO,0.0,0.0,0.0,0.55510575,0.44489428
4,4,OTHER_OUT,OTHER_OUT,0.0,0.0,0.0,0.2670719,0.7329281
4,3,OTHER_OUT,SO,0.0,0.0,0.0,0.60250056,0.39749944
0,4,SINGLE,OTHER_OUT,0.0,0.0,0.0,0.35798207,0.6420179
4,4,OTHER_OUT,OTHER_OUT,0.0,0.0,0.0,0.25314713,0.7468529
0,4,SINGLE,OTHER_OUT,0.0,0.0,0.0,0.46656448,0.5334355
4,3,OTHER_OUT,SO,0.0,0.0,0.0,0.55507505,0.44492495
3,3,SO,SO,0.0,0.0,0.0,0.72341955,0.27658042
4,3,OTHER_OUT,SO,0.0,0.0,0.0,0.59136456,0.40863547
3,3,SO,SO,0.0,0.0,0.0,0.5150553,0.48494473
4,3,OTHER_OUT,SO,0.0,0.0,0.0,0.64939845,0.35060152
4,4,OTHER_OUT,OTHER_OUT,0.0,0.0,0.0,0.09402334,0.90597665
3,3,SO,SO,0.0,0.0,0.0,0.60578924,0.3942108
4,4,OTHER_OUT,OTHER_OUT,0.0,0.0,0.0,0.17775798,0.822242
4,0,OTHER_OUT,SINGLE,0.5144598,0.32730532,0.15823492,0.0,0.0
3,3,SO,SO,0.0,0.0,0.0,0.7373176,0.26268235
3,3,SO,SO,0.0,0.0,0.0,0.8693281,0.13067192
4,4,OTHER_OUT,OTHER_OUT,0.0,0.0,0.0,0.35186568,0.64813435
4,4,OTHER_OUT,OTHER_OUT,0.0,0.0,0.0,0.47463053,0.52536947
4,4,OTHER_OUT,OTHER_OUT,0.0,0.0,0.0,0.052298807,0.9477012
2,4,BB_HBP,OTHER_OUT,0.0,0.0,0.0,0.32734707,0.6726529
0,0,SINGLE,SINGLE,0.41476786,0.25329512,0.33193702,0.0,0.0
0,0,SINGLE,SINGLE,0.53620625,0.16230367,0.30149007,0.0,0.0
4,4,OTHER_OUT,OTHER_OUT,0.0,0.0,0.0,0.23511991,0.7648801
0,4,SINGLE,OTHER_OUT,0.0,0.0,0.0,0.48934123,0.51065874
4,3,OTHER_OUT,SO,0.0,0.0,0.0,0.66902846,0.33097154
2,4,BB_HBP,OTHER_OUT,0.0,0.0,0.0,0.36074483,0.63925517
4,4,OTHER_OUT,OTHER_OUT,0.0,0.0,0.0,0.06292163,0.93707836
3,4,SO,OTHER_OUT,0.0,0.0,0.0,0.21993905,0.78006095
3,4,SO,OTHER_OUT,0.0,0.0,0.0,0.18225047,0.8177495
3,4,SO,OTHER_OUT,0.0,0.0,0.0,0.24181977,0.7581802
4,0,OTHER_OUT,SINGLE,0.683656,0.19867182,0.11767223,0.0,0.0
3,1,SO,XBH,0.35129434,0.36346364,0.28524202,0.0,0.0
4,4,OTHER_OUT,OTHER_OUT,0.0,0.0,0.0,0.39889264,0.60110736
4,4,OTHER_OUT,OTHER_OUT,0.0,0.0,0.0,0.2954097,0.70459026
3,3,SO,SO,0.0,0.0,0.0,0.67258084,0.32741913
3,4,SO,OTHER_OUT,0.0,0.0,0.0,0.4731816,0.5268184
3,4,SO,OTHER_OUT,0.0,0.0,0.0,0.3027943,0.6972057
4,4,OTHER_OUT,OTHER_OUT,0.0,0.0,0.0,0.066681035,0.933319
0,0,SINGLE,SINGLE,0.4211202,0.33400077,0.24487902,0.0,0.0
0,4,SINGLE,OTHER_OUT,0.0,0.0,0.0,0.43413165,0.5658683
0,4,SINGLE,OTHER_OUT,0.0,0.0,0.0,0.40875787,0.59124213
4,4,OTHER_OUT,OTHER_OUT,0.0,0.0,0.0,0.13005051,0.8699495
0,0,SINGLE,SINGLE,0.6054045,0.27533734,0.11925816,0.0,0.0
2,4,BB_HBP,OTHER_OUT,0.0,0.0,0.0,0.4560095,0.5439905
4,4,OTHER_OUT,OTHER_OUT,0.0,0.0,0.0,0.21625483,0.78374517
4,3,OTHER_OUT,SO,0.0,0.0,0.0,0.6811661,0.31883386
4,2,OTHER_OUT,BB_HBP,0.39755255,0.06960519,0.5328423,0.0,0.0
0,0,SINGLE,SINGLE,0.7234862,0.077950545,0.19856326,0.0,0.0
3,4,SO,OTHER_OUT,0.0,0.0,0.0,0.07042915,0.92957085
4,4,OTHER_OUT,OTHER_OUT,0.0,0.0,0.0,0.25067148,0.74932855
4,4,OTHER_OUT,OTHER_OUT,0.0,0.0,0.0,0.43257418,0.5674258
4,4,OTHER_OUT,OTHER_OUT,0.0,0.0,0.0,0.39457634,0.6054236
2,4,BB_HBP,OTHER_OUT,0.0,0.0,0.0,0.22280742,0.7771926
3,4,SO,OTHER_OUT,0.0,0.0,0.0,0.2868057,0.7131943
4,4,OTHER_OUT,OTHER_OUT,0.0,0.0,0.0,0.23841423,0.7615858
3,3,SO,SO,0.0,0.0,0.0,0.5821699,0.4178301
3,4,SO,OTHER_OUT,0.0,0.0,0.0,0.23045145,0.76954854
3,4,SO,OTHER_OUT,0.0,0.0,0.0,0.3037084,0.69629157
4,4,OTHER_OUT,OTHER_OUT,0.0,0.0,0.0,0.18490364,0.8150964
4,3,OTHER_OUT,SO,0.0,0.0,0.0,0.52613944,0.47386053
0,0,SINGLE,SINGLE,0.37519085,0.25758216,0.36722696,0.0,0.0
0,4,SINGLE,OTHER_OUT,0.0,0.0,0.0,0.12325659,0.87674344
4,0,OTHER_OUT,SINGLE,0.4044981,0.28180376,0.31369814,0.0,0.0
3,3,SO,SO,0.0,0.0,0.0,0.6044018,0.39559817
3,3,SO,SO,0.0,0.0,0.0,0.571584,0.42841604
4,4,OTHER_OUT,OTHER_OUT,0.0,0.0,0.0,0.28447068,0.7155293
3,4,SO,OTHER_OUT,0.0,0.0,0.0,0.45414034,0.54585963
0,4,SINGLE,OTHER_OUT,0.0,0.0,0.0,0.2762363,0.7237637
0,4,SINGLE,OTHER_OUT,0.0,0.0,0.0,0.11218499,0.887815
2,4,BB_HBP,OTHER_OUT,0.0,0.0,0.0,0.06550669,0.9344933
3,3,SO,SO,0.0,0.0,0.0,0.50270087,0.49729913
0,0,SINGLE,SINGLE,0.6565712,0.25890848,0.084520295,0.0,0.0
1,4,XBH,OTHER_OUT,0.0,0.0,0.0,0.12828802,0.87171197
0,4,SINGLE,OTHER_OUT,0.0,0.0,0.0,0.12303851,0.87696147
2,4,BB_HBP,OTHER_OUT,0.0,0.0,0.0,0.37816802,0.621832
4,0,OTHER_OUT,SINGLE,0.44136557,0.33594692,0.22268753,0.0,0.0
4,0,OTHER_OUT,SINGLE,0.49558517,0.2696586,0.23475622,0.0,0.0
0,4,SINGLE,OTHER_OUT,0.0,0.0,0.0,0.19903967,0.8009603
0,2,SINGLE,BB_HBP,0.26991343,0.11887133,0.61121523,0.0,0.0
4,4,OTHER_OUT,OTHER_OUT,0.0,0.0,0.0,0.07484301,0.925157
4,4,OTHER_OUT,OTHER_OUT,0.0,0.0,0.0,0.4759294,0.5240706
0,4,SINGLE,OTHER_OUT,0.0,0.0,0.0,0.35691795,0.643082
4,3,OTHER_OUT,SO,0.0,0.0,0.0,0.5882171,0.41178295
0,3,SINGLE,SO,0.0,0.0,0.0,0.8308433,0.16915669
3,3,SO,SO,0.0,0.0,0.0,0.51148415,0.48851582
4,2,OTHER_OUT,BB_HBP,0.24148725,0.29417178,0.46434096,0.0,0.0
4,0,OTHER_OUT,SINGLE,0.42972085,0.284598,0.28568116,0.0,0.0
2,2,BB_HBP,BB_HBP,0.21597445,0.13929975,0.6447258,0.0,0.0
0,2,SINGLE,BB_HBP,0.37875924,0.20988815,0.4113526,0.0,0.0
4,4,OTHER_OUT,OTHER_OUT,0.0,0.0,0.0,0.46186736,0.5381326
3,3,SO,SO,0.0,0.0,0.0,0.6639862,0.33601382
4,3,OTHER_OUT,SO,0.0,0.0,0.0,0.54542446,0.4545755
3,4,SO,OTHER_OUT,0.0,0.0,0.0,0.3567498,0.6432502
4,4,OTHER_OUT,OTHER_OUT,0.0,0.0,0.0,0.3638287,0.63617134
3,2,SO,BB_HBP,0.46911332,0.058947183,0.4719395,0.0,0.0
0,4,SINGLE,OTHER_OUT,0.0,0.0,0.0,0.4528288,0.54717124
0,4,SINGLE,OTHER_OUT,0.0,0.0,0.0,0.4498386,0.55016136
3,4,SO,OTHER_OUT,0.0,0.0,0.0,0.2325268,0.7674732
4,0,OTHER_OUT,SINGLE,0.55901325,0.29736736,0.14361936,0.0,0.0
3,4,SO,OTHER_OUT,0.0,0.0,0.0,0.14766599,0.852334
4,4,OTHER_OUT,OTHER_OUT,0.0,0.0,0.0,0.46983448,0.53016555
4,4,OTHER_OUT,OTHER_OUT,0.0,0.0,0.0,0.12810841,0.8718916
4,4,OTHER_OUT,OTHER_OUT,0.0,0.0,0.0,0.30226037,0.69773966
4,4,OTHER_OUT,OTHER_OUT,0.0,0.0,0.0,0.4305764,0.56942356
3,0,SO,SINGLE,0.81616896,0.110924624,0.072906405,0.0,0.0
4,3,OTHER_OUT,SO,0.0,0.0,0.0,0.62535757,0.3746424
4,0,OTHER_OUT,SINGLE,0.47271287,0.2695422,0.25774494,0.0,0.0
0,2,SINGLE,BB_HBP,0.33600706,0.17179026,0.4922027,0.0,0.0
4,4,OTHER_OUT,OTHER_OUT,0.0,0.0,0.0,0.18488808,0.81511194
0,4,SINGLE,OTHER_OUT,0.0,0.0,0.0,0.31237087,0.68762916
0,0,SINGLE,SINGLE,0.63732463,0.05685705,0.30581835,0.0,0.0
4,4,OTHER_OUT,OTHER_OUT,0.0,0.0,0.0,0.48489636,0.51510364
4,0,OTHER_OUT,SINGLE,0.6969717,0.07949166,0.2235366,0.0,0.0
4,4,OTHER_OUT,OTHER_OUT,0.0,0.0,0.0,0.3524846,0.64751536
4,0,OTHER_OUT,SINGLE,0.5507047,0.19915079,0.2501445,0.0,0.0
4,4,OTHER_OUT,OTHER_OUT,0.0,0.0,0.0,0.4417711,0.5582289
4,4,OTHER_OUT,OTHER_OUT,0.0,0.0,0.0,0.4769051,0.5230949
2,0,BB_HBP,SINGLE,0.7230986,0.11849366,0.15840776,0.0,0.0
4,0,OTHER_OUT,SINGLE,0.7126515,0.18103671,0.106311776,0.0,0.0
4,4,OTHER_OUT,OTHER_OUT,0.0,0.0,0.0,0.38333136,0.61666864
0,4,SINGLE,OTHER_OUT,0.0,0.0,0.0,0.3666451,0.6333549
4,4,OTHER_OUT,OTHER_OUT,0.0,0.0,0.0,0.3237281,0.6762719
1,4,XBH,OTHER_OUT,0.0,0.0,0.0,0.31232688,0.68767315
0,4,SINGLE,OTHER_OUT,0.0,0.0,0.0,0.34753427,0.65246576
4,4,OTHER_OUT,OTHER_OUT,0.0,0.0,0.0,0.22999355,0.7700065
4,4,OTHER_OUT,OTHER_OUT,0.0,0.0,0.0,0.43056297,0.569437
3,3,SO,SO,0.0,0.0,0.0,0.61280656,0.38719344
4,1,OTHER_OUT,XBH,0.23713876,0.51779914,0.24506213,0.0,0.0
4,3,OTHER_OUT,SO,0.0,0.0,0.0,0.5765868,0.4234132
0,0,SINGLE,SINGLE,0.41899464,0.38814995,0.1928554,0.0,0.0
3,3,SO,SO,0.0,0.0,0.0,0.72579056,0.27420944
4,4,OTHER_OUT,OTHER_OUT,0.0,0.0,0.0,0.4194843,0.58051574
3,0,SO,SINGLE,0.40144244,0.39779052,0.20076704,0.0,0.0
3,3,SO,SO,0.0,0.0,0.0,0.5924913,0.40750864
3,3,SO,SO,0.0,0.0,0.0,0.5757744,0.4242256
1,4,XBH,OTHER_OUT,0.0,0.0,0.0,0.48802373,0.51197624
2,4,BB_HBP,OTHER_OUT,0.0,0.0,0.0,0.48700637,0.51299363
4,4,OTHER_OUT,OTHER_OUT,0.0,0.0,0.0,0.3915649,0.6084351
4,4,OTHER_OUT,OTHER_OUT,0.0,0.0,0.0,0.36983466,0.63016534
3,3,SO,SO,0.0,0.0,0.0,0.5600874,0.43991262
0,1,SINGLE,XBH,0.35911968,0.52531874,0.11556156,0.0,0.0
4,0,OTHER_OUT,SINGLE,0.44646373,0.24415107,0.30938518,0.0,0.0
1,3,XBH,SO,0.0,0.0,0.0,0.5913801,0.40861985
4,3,OTHER_OUT,SO,0.0,0.0,0.0,0.7322588,0.2677412
4,3,OTHER_OUT,SO,0.0,0.0,0.0,0.6949689,0.30503115
3,4,SO,OTHER_OUT,0.0,0.0,0.0,0.45309553,0.54690444
3,3,SO,SO,0.0,0.0,0.0,0.6176953,0.38230473
3,4,SO,OTHER_OUT,0.0,0.0,0.0,0.31508136,0.68491864
4,4,OTHER_OUT,OTHER_OUT,0.0,0.0,0.0,0.16859108,0.8314089
3,3,SO,SO,0.0,0.0,0.0,0.60002697,0.399973
4,0,OTHER_OUT,SINGLE,0.60434693,0.27998415,0.11566892,0.0,0.0
2,4,BB_HBP,OTHER_OUT,0.0,0.0,0.0,0.40230995,0.59769005
4,0,OTHER_OUT,SINGLE,0.5275998,0.078309454,0.3940907,0.0,0.0
3,4,SO,OTHER_OUT,0.0,0.0,0.0,0.2740953,0.7259047
0,4,SINGLE,OTHER_OUT,0.0,0.0,0.0,0.33115318,0.6688468
4,3,OTHER_OUT,SO,0.0,0.0,0.0,0.50102764,0.4989724
4,3,OTHER_OUT,SO,0.0,0.0,0.0,0.65406674,0.3459333
4,2,OTHER_OUT,BB_HBP,0.25425547,0.13722073,0.6085238,0.0,0.0
3,1,SO,XBH,0.38740996,0.38891068,0.22367938,0.0,0.0
2,4,BB_HBP,OTHER_OUT,0.0,0.0,0.0,0.47112212,0.5288779
4,0,OTHER_OUT,SINGLE,0.48861143,0.25740287,0.2539857,0.0,0.0
1,3,XBH,SO,0.0,0.0,0.0,0.5985394,0.4014606
4,4,OTHER_OUT,OTHER_OUT,0.0,0.0,0.0,0.35196185,0.64803815
4,0,OTHER_OUT,SINGLE,0.37924784,0.32633623,0.29441592,0.0,0.0
2,3,BB_HBP,SO,0.0,0.0,0.0,0.5933038,0.40669617
0,4,SINGLE,OTHER_OUT,0.0,0.0,0.0,0.45086998,0.54913
4,3,OTHER_OUT,SO,0.0,0.0,0.0,0.62388754,0.37611246
3,3,SO,SO,0.0,0.0,0.0,0.50145626,0.49854377
4,3,OTHER_OUT,SO,0.0,0.0,0.0,0.599777,0.40022305
4,4,OTHER_OUT,OTHER_OUT,0.0,0.0,0.0,0.46301937,0.5369806
4,0,OTHER_OUT,SINGLE,0.6886895,0.23487924,0.07643131,0.0,0.0
3,4,SO,OTHER_OUT,0.0,0.0,0.0,0.43455505,0.56544495
0,1,SINGLE,XBH,0.37264213,0.44389233,0.18346554,0.0,0.0
4,3,OTHER_OUT,SO,0.0,0.0,0.0,0.6056244,0.3943756
0,0,SINGLE,SINGLE,0.52909166,0.23085427,0.24005409,0.0,0.0
0,0,SINGLE,SINGLE,0.518696,0.26931527,0.21198873,0.0,0.0
3,2,SO,BB_HBP,0.32276258,0.20881055,0.46842688,0.0,0.0
4,4,OTHER_OUT,OTHER_OUT,0.0,0.0,0.0,0.39645794,0.60354203
3,4,SO,OTHER_OUT,0.0,0.0,0.0,0.21859954,0.78140044
4,4,OTHER_OUT,OTHER_OUT,0.0,0.0,0.0,0.21214098,0.787859
0,2,SINGLE,BB_HBP,0.14309925,0.058015708,0.79888505,0.0,0.0
3,4,SO,OTHER_OUT,0.0,0.0,0.0,0.3929809,0.6070191
0,0,SINGLE,SINGLE,0.6218028,0.2496711,0.12852608,0.0,0.0
0,4,SINGLE,OTHER_OUT,0.0,0.0,0.0,0.04589394,0.95410603
4,4,OTHER_OUT,OTHER_OUT,0.0,0.0,0.0,0.10415581,0.8958442
4,0,OTHER_OUT,SINGLE,0.53821754,0.21534736,0.2464351,0.0,0.0
0,2,SINGLE,BB_HBP,0.36298484,0.12936233,0.5076528,0.0,0.0
3,4,SO,OTHER_OUT,0.0,0.0,0.0,0.36586565,0.63413435
4,4,OTHER_OUT,OTHER_OUT,0.0,0.0,0.0,0.19272368,0.8072763
4,4,OTHER_OUT,OTHER_OUT,0.0,0.0,0.0,0.12509735,0.87490267
2,4,BB_HBP,OTHER_OUT,0.0,0.0,0.0,0.28905037,0.71094966
4,4,OTHER_OUT,OTHER_OUT,0.0,0.0,0.0,0.15482807,0.8451719
4,4,OTHER_OUT,OTHER_OUT,0.0,0.0,0.0,0.25963864,0.74036133
2,4,BB_HBP,OTHER_OUT,0.0,0.0,0.0,0.09543413,0.9045659
0,3,SINGLE,SO,0.0,0.0,0.0,0.5764026,0.4235974
0,4,SINGLE,OTHER_OUT,0.0,0.0,0.0,0.0860646,0.9139354
2,4,BB_HBP,OTHER_OUT,0.0,0.0,0.0,0.22337128,0.77662873
4,4,OTHER_OUT,OTHER_OUT,0.0,0.0,0.0,0.06968975,0.93031025
4,0,OTHER_OUT,SINGLE,0.72408694,0.14083612,0.13507694,0.0,0.0
4,4,OTHER_OUT,OTHER_OUT,0.0,0.0,0.0,0.13976133,0.8602387
2,4,BB_HBP,OTHER_OUT,0.0,0.0,0.0,0.37018174,0.62981826
4,4,OTHER_OUT,OTHER_OUT,0.0,0.0,0.0,0.057413574,0.9425864
3,2,SO,BB_HBP,0.26568002,0.22436115,0.50995886,0.0,0.0
4,4,OTHER_OUT,OTHER_OUT,0.0,0.0,0.0,0.22774664,0.7722534
4,4,OTHER_OUT,OTHER_OUT,0.0,0.0,0.0,0.09023348,0.9097665
3,4,SO,OTHER_OUT,0.0,0.0,0.0,0.29481676,0.7051832
3,4,SO,OTHER_OUT,0.0,0.0,0.0,0.3917425,0.6082575
4,4,OTHER_OUT,OTHER_OUT,0.0,0.0,0.0,0.14509499,0.854905
4,4,OTHER_OUT,OTHER_OUT,0.0,0.0,0.0,0.13058825,0.86941177
4,4,OTHER_OUT,OTHER_OUT,0.0,0.0,0.0,0.16707519,0.83292484
4,2,OTHER_OUT,BB_HBP,0.24051249,0.19222128,0.5672662,0.0,0.0
4,4,OTHER_OUT,OTHER_OUT,0.0,0.0,0.0,0.22198859,0.7780114
4,4,OTHER_OUT,OTHER_OUT,0.0,0.0,0.0,0.16830648,0.83169353
3,3,SO,SO,0.0,0.0,0.0,0.6733401,0.32665992
4,2,OTHER_OUT,BB_HBP,0.26796022,0.3447693,0.38727048,0.0,0.0
3,4,SO,OTHER_OUT,0.0,0.0,0.0,0.26680344,0.73319656
0,4,SINGLE,OTHER_OUT,0.0,0.0,0.0,0.34389862,0.6561014
3,4,SO,OTHER_OUT,0.0,0.0,0.0,0.14211321,0.8578868
4,4,OTHER_OUT,OTHER_OUT,0.0,0.0,0.0,0.19242138,0.8075786
1,4,XBH,OTHER_OUT,0.0,0.0,0.0,0.22762662,0.7723734
4,4,OTHER_OUT,OTHER_OUT,0.0,0.0,0.0,0.33937478,0.6606252
4,4,OTHER_OUT,OTHER_OUT,0.0,0.0,0.0,0.45753598,0.542464
4,4,OTHER_OUT,OTHER_OUT,0.0,0.0,0.0,0.13795523,0.86204475
3,4,SO,OTHER_OUT,0.0,0.0,0.0,0.2893388,0.71066123
2,4,BB_HBP,OTHER_OUT,0.0,0.0,0.0,0.39310238,0.6068976
4,4,OTHER_OUT,OTHER_OUT,0.0,0.0,0.0,0.271904,0.728096
0,4,SINGLE,OTHER_OUT,0.0,0.0,0.0,0.12703139,0.8729686
2,1,BB_HBP,XBH,0.32193944,0.3897379,0.28832266,0.0,0.0
4,3,OTHER_OUT,SO,0.0,0.0,0.0,0.58085054,0.41914946
3,2,SO,BB_HBP,0.4282976,0.11598096,0.45572144,0.0,0.0
4,4,OTHER_OUT,OTHER_OUT,0.0,0.0,0.0,0.32553905,0.67446095
4,4,OTHER_OUT,OTHER_OUT,0.0,0.0,0.0,0.08429307,0.91570693
4,4,OTHER_OUT,OTHER_OUT,0.0,0.0,0.0,0.31424403,0.68575597
4,3,OTHER_OUT,SO,0.0,0.0,0.0,0.60409373,0.39590624
2,4,BB_HBP,OTHER_OUT,0.0,0.0,0.0,0.39207077,0.6079292
4,4,OTHER_OUT,OTHER_OUT,0.0,0.0,0.0,0.2886885,0.7113115
3,4,SO,OTHER_OUT,0.0,0.0,0.0,0.13279013,0.86720985
4,4,OTHER_OUT,OTHER_OUT,0.0,0.0,0.0,0.48460302,0.515397
2,4,BB_HBP,OTHER_OUT,0.0,0.0,0.0,0.13174418,0.86825585
0,4,SINGLE,OTHER_OUT,0.0,0.0,0.0,0.16608524,0.83391476
0,0,SINGLE,SINGLE,0.6676345,0.1247595,0.20760602,0.0,0.0
3,4,SO,OTHER_OUT,0.0,0.0,0.0,0.28888786,0.71111214
3,4,SO,OTHER_OUT,0.0,0.0,0.0,0.059987433,0.9400126
4,4,OTHER_OUT,OTHER_OUT,0.0,0.0,0.0,0.14571458,0.8542854
4,0,OTHER_OUT,SINGLE,0.833414,0.105333135,0.061252818,0.0,0.0
4,4,OTHER_OUT,OTHER_OUT,0.0,0.0,0.0,0.38300478,0.6169952
4,0,OTHER_OUT,SINGLE,0.71509016,0.08463291,0.20027694,0.0,0.0
4,4,OTHER_OUT,OTHER_OUT,0.0,0.0,0.0,0.36304826,0.63695174
2,4,BB_HBP,OTHER_OUT,0.0,0.0,0.0,0.25488538,0.7451146
4,4,OTHER_OUT,OTHER_OUT,0.0,0.0,0.0,0.24196866,0.75803137
3,4,SO,OTHER_OUT,0.0,0.0,0.0,0.048143838,0.95185614
4,3,OTHER_OUT,SO,0.0,0.0,0.0,0.5578159,0.4421841
4,4,OTHER_OUT,OTHER_OUT,0.0,0.0,0.0,0.090008676,0.9099913
4,3,OTHER_OUT,SO,0.0,0.0,0.0,0.6440114,0.3559886
3,4,SO,OTHER_OUT,0.0,0.0,0.0,0.46988547,0.53011453
4,0,OTHER_OUT,SINGLE,0.60776216,0.27623975,0.11599807,0.0,0.0
1,4,XBH,OTHER_OUT,0.0,0.0,0.0,0.4199549,0.5800451
4,4,OTHER_OUT,OTHER_OUT,0.0,0.0,0.0,0.33497062,0.6650294
4,3,OTHER_OUT,SO,0.0,0.0,0.0,0.63529587,0.36470413
3,3,SO,SO,0.0,0.0,0.0,0.644127,0.35587302
4,0,OTHER_OUT,SINGLE,0.52480006,0.2313888,0.24381113,0.0,0.0
4,4,OTHER_OUT,OTHER_OUT,0.0,0.0,0.0,0.3273557,0.6726443
1,4,XBH,OTHER_OUT,0.0,0.0,0.0,0.33892518,0.6610748
3,1,SO,XBH,0.24369054,0.64588255,0.11042689,0.0,0.0
4,0,OTHER_OUT,SINGLE,0.46092933,0.2846754,0.25439528,0.0,0.0
4,1,OTHER_OUT,XBH,0.19621307,0.5779506,0.22583637,0.0,0.0
4,4,OTHER_OUT,OTHER_OUT,0.0,0.0,0.0,0.22601856,0.77398145
3,4,SO,OTHER_OUT,0.0,0.0,0.0,0.3430813,0.6569187
4,4,OTHER_OUT,OTHER_OUT,0.0,0.0,0.0,0.31041345,0.6895866
4,3,OTHER_OUT,SO,0.0,0.0,0.0,0.69441366,0.30558634
4,4,OTHER_OUT,OTHER_OUT,0.0,0.0,0.0,0.23371628,0.76628375
3,4,SO,OTHER_OUT,0.0,0.0,0.0,0.30272588,0.69727415
0,4,SINGLE,OTHER_OUT,0.0,0.0,0.0,0.33698842,0.66301155
4,3,OTHER_OUT,SO,0.0,0.0,0.0,0.73565567,0.26434433
4,4,OTHER_OUT,OTHER_OUT,0.0,0.0,0.0,0.44896084,0.55103916
4,0,OTHER_OUT,SINGLE,0.474637,0.16344751,0.3619155,0.0,0.0
0,4,SINGLE,OTHER_OUT,0.0,0.0,0.0,0.18153962,0.8184604
4,4,OTHER_OUT,OTHER_OUT,0.0,0.0,0.0,0.43468475,0.56531525
4,4,OTHER_OUT,OTHER_OUT,0.0,0.0,0.0,0.27142635,0.7285737
4,4,OTHER_OUT,OTHER_OUT,0.0,0.0,0.0,0.27894405,0.721056
0,4,SINGLE,OTHER_OUT,0.0,0.0,0.0,0.32652777,0.6734722
4,2,OTHER_OUT,BB_HBP,0.32899305,0.2887308,0.38227615,0.0,0.0
0,0,SINGLE,SINGLE,0.58284605,0.12678696,0.290367,0.0,0.0
3,4,SO,OTHER_OUT,0.0,0.0,0.0,0.26008955,0.7399105
2,0,BB_HBP,SINGLE,0.58538574,0.16592406,0.2486902,0.0,0.0
4,0,OTHER_OUT,SINGLE,0.7640054,0.107953064,0.12804152,0.0,0.0
4,4,OTHER_OUT,OTHER_OUT,0.0,0.0,0.0,0.20675659,0.7932434
4,4,OTHER_OUT,OTHER_OUT,0.0,0.0,0.0,0.26459596,0.7354041
4,4,OTHER_OUT,OTHER_OUT,0.0,0.0,0.0,0.4140484,0.58595157
4,4,OTHER_OUT,OTHER_OUT,0.0,0.0,0.0,0.4867897,0.5132103
4,4,OTHER_OUT,OTHER_OUT,0.0,0.0,0.0,0.40370122,0.5962988
4,0,OTHER_OUT,SINGLE,0.6003643,0.21531661,0.18431908,0.0,0.0
0,0,SINGLE,SINGLE,0.42582282,0.3043482,0.26982898,0.0,0.0
4,4,OTHER_OUT,OTHER_OUT,0.0,0.0,0.0,0.4167696,0.5832304
0,4,SINGLE,OTHER_OUT,0.0,0.0,0.0,0.48830822,0.51169175
0,2,SINGLE,BB_HBP,0.29222786,0.2560874,0.45168474,0.0,0.0
4,4,OTHER_OUT,OTHER_OUT,0.0,0.0,0.0,0.3072514,0.6927486
4,4,OTHER_OUT,OTHER_OUT,0.0,0.0,0.0,0.4869359,0.5130641
4,0,OTHER_OUT,SINGLE,0.5410681,0.20996511,0.24896678,0.0,0.0
4,4,OTHER_OUT,OTHER_OUT,0.0,0.0,0.0,0.13924031,0.8607597
4,4,OTHER_OUT,OTHER_OUT,0.0,0.0,0.0,0.18941306,0.8105869
4,2,OTHER_OUT,BB_HBP,0.29170302,0.09955234,0.6087447,0.0,0.0
3,4,SO,OTHER_OUT,0.0,0.0,0.0,0.14080009,0.8591999
3,4,SO,OTHER_OUT,0.0,0.0,0.0,0.40899774,0.5910022
1,4,XBH,OTHER_OUT,0.0,0.0,0.0,0.33879417,0.6612058
0,4,SINGLE,OTHER_OUT,0.0,0.0,0.0,0.3408663,0.6591337
2,4,BB_HBP,OTHER_OUT,0.0,0.0,0.0,0.3755008,0.6244992
4,4,OTHER_OUT,OTHER_OUT,0.0,0.0,0.0,0.37027872,0.6297213
3,4,SO,OTHER_OUT,0.0,0.0,0.0,0.28762704,0.71237296
0,4,SINGLE,OTHER_OUT,0.0,0.0,0.0,0.27224603,0.72775394
3,4,SO,OTHER_OUT,0.0,0.0,0.0,0.22548725,0.77451277
0,4,SINGLE,OTHER_OUT,0.0,0.0,0.0,0.22150296,0.77849704
0,4,SINGLE,OTHER_OUT,0.0,0.0,0.0,0.24225886,0.75774115
4,4,OTHER_OUT,OTHER_OUT,0.0,0.0,0.0,0.1659633,0.8340367
4,4,OTHER_OUT,OTHER_OUT,0.0,0.0,0.0,0.3418224,0.6581776
4,0,OTHER_OUT,SINGLE,0.36355183,0.33804747,0.29840067,0.0,0.0
4,0,OTHER_OUT,SINGLE,0.50607944,0.19376408,0.3001565,0.0,0.0
0,4,SINGLE,OTHER_OUT,0.0,0.0,0.0,0.49252853,0.5074715
3,3,SO,SO,0.0,0.0,0.0,0.723421,0.276579
4,2,OTHER_OUT,BB_HBP,0.20612854,0.34297603,0.45089543,0.0,0.0
3,0,SO,SINGLE,0.344437,0.31959188,0.33597112,0.0,0.0
4,4,OTHER_OUT,OTHER_OUT,0.0,0.0,0.0,0.26730683,0.7326932
4,1,OTHER_OUT,XBH,0.20301251,0.48855412,0.30843335,0.0,0.0
3,4,SO,OTHER_OUT,0.0,0.0,0.0,0.4462451,0.5537549
3,4,SO,OTHER_OUT,0.0,0.0,0.0,0.332461,0.667539
1,4,XBH,OTHER_OUT,0.0,0.0,0.0,0.115586154,0.88441384
3,4,SO,OTHER_OUT,0.0,0.0,0.0,0.36578986,0.6342101
2,4,BB_HBP,OTHER_OUT,0.0,0.0,0.0,0.49416125,0.50583875
2,0,BB_HBP,SINGLE,0.45336062,0.3046392,0.2420002,0.0,0.0
0,2,SINGLE,BB_HBP,0.27210733,0.26077154,0.46712115,0.0,0.0
4,4,OTHER_OUT,OTHER_OUT,0.0,0.0,0.0,0.3602265,0.6397735
3,3,SO,SO,0.0,0.0,0.0,0.7064696,0.29353043
3,4,SO,OTHER_OUT,0.0,0.0,0.0,0.4559043,0.5440957
0,0,SINGLE,SINGLE,0.48080805,0.16024984,0.3589421,0.0,0.0
4,3,OTHER_OUT,SO,0.0,0.0,0.0,0.60662436,0.39337564
3,4,SO,OTHER_OUT,0.0,0.0,0.0,0.4512325,0.5487675
3,3,SO,SO,0.0,0.0,0.0,0.6623489,0.33765107
3,3,SO,SO,0.0,0.0,0.0,0.82456774,0.17543225
2,3,BB_HBP,SO,0.0,0.0,0.0,0.5402422,0.45975783
4,1,OTHER_OUT,XBH,0.3060694,0.5947415,0.09918909,0.0,0.0
4,4,OTHER_OUT,OTHER_OUT,0.0,0.0,0.0,0.33364147,0.66635853
3,0,SO,SINGLE,0.6747231,0.14024666,0.18503025,0.0,0.0
4,4,OTHER_OUT,OTHER_OUT,0.0,0.0,0.0,0.19793946,0.80206054
3,4,SO,OTHER_OUT,0.0,0.0,0.0,0.20076992,0.7992301
4,3,OTHER_OUT,SO,0.0,0.0,0.0,0.5196292,0.4803708
4,4,OTHER_OUT,OTHER_OUT,0.0,0.0,0.0,0.2606777,0.7393223
2,1,BB_HBP,XBH,0.2757512,0.59264076,0.13160802,0.0,0.0
3,1,SO,XBH,0.25281757,0.43570876,0.31147367,0.0,0.0
3,0,SO,SINGLE,0.7103567,0.13098948,0.1586538,0.0,0.0
4,4,OTHER_OUT,OTHER_OUT,0.0,0.0,0.0,0.26835436,0.73164564
3,0,SO,SINGLE,0.49163106,0.23805468,0.27031428,0.0,0.0
4,2,OTHER_OUT,BB_HBP,0.3441332,0.10936886,0.54649794,0.0,0.0
0,0,SINGLE,SINGLE,0.49041483,0.23620903,0.27337614,0.0,0.0
2,2,BB_HBP,BB_HBP,0.28913018,0.16783641,0.5430334,0.0,0.0
1,3,XBH,SO,0.0,0.0,0.0,0.6236019,0.3763981
4,4,OTHER_OUT,OTHER_OUT,0.0,0.0,0.0,0.43824658,0.56175345
4,3,OTHER_OUT,SO,0.0,0.0,0.0,0.60909694,0.3909031
2,0,BB_HBP,SINGLE,0.5782984,0.124298595,0.297403,0.0,0.0
3,4,SO,OTHER_OUT,0.0,0.0,0.0,0.43073764,0.5692623
4,0,OTHER_OUT,SINGLE,0.5987543,0.11341954,0.28782615,0.0,0.0
3,4,SO,OTHER_OUT,0.0,0.0,0.0,0.24119595,0.7588041
1,4,XBH,OTHER_OUT,0.0,0.0,0.0,0.36452207,0.63547796
4,0,OTHER_OUT,SINGLE,0.67452335,0.07020303,0.2552736,0.0,0.0
4,4,OTHER_OUT,OTHER_OUT,0.0,0.0,0.0,0.16004707,0.83995295
3,4,SO,OTHER_OUT,0.0,0.0,0.0,0.36775088,0.6322491
4,0,OTHER_OUT,SINGLE,0.7103642,0.15217793,0.13745788,0.0,0.0
2,0,BB_HBP,SINGLE,0.6134108,0.21641713,0.17017211,0.0,0.0
0,4,SINGLE,OTHER_OUT,0.0,0.0,0.0,0.45787466,0.54212534
3,4,SO,OTHER_OUT,0.0,0.0,0.0,0.36629352,0.6337065
4,4,OTHER_OUT,OTHER_OUT,0.0,0.0,0.0,0.47805426,0.5219457
4,4,OTHER_OUT,OTHER_OUT,0.0,0.0,0.0,0.121200584,0.87879944
4,4,OTHER_OUT,OTHER_OUT,0.0,0.0,0.0,0.09451272,0.9054873
4,0,OTHER_OUT,SINGLE,0.722626,0.09811719,0.17925686,0.0,0.0
2,4,BB_HBP,OTHER_OUT,0.0,0.0,0.0,0.4355656,0.5644344
4,4,OTHER_OUT,OTHER_OUT,0.0,0.0,0.0,0.19004717,0.80995286
4,3,OTHER_OUT,SO,0.0,0.0,0.0,0.64620304,0.35379693
4,3,OTHER_OUT,SO,0.0,0.0,0.0,0.677437,0.322563
4,4,OTHER_OUT,OTHER_OUT,0.0,0.0,0.0,0.15586881,0.8441312
4,4,OTHER_OUT,OTHER_OUT,0.0,0.0,0.0,0.14782931,0.8521707
1,0,XBH,SINGLE,0.6022425,0.16629505,0.23146239,0.0,0.0
4,4,OTHER_OUT,OTHER_OUT,0.0,0.0,0.0,0.37248695,0.62751305
4,4,OTHER_OUT,OTHER_OUT,0.0,0.0,0.0,0.28062996,0.71937
4,3,OTHER_OUT,SO,0.0,0.0,0.0,0.66077065,0.33922932
0,4,SINGLE,OTHER_OUT,0.0,0.0,0.0,0.42109457,0.57890546
4,4,OTHER_OUT,OTHER_OUT,0.0,0.0,0.0,0.33832482,0.66167516
4,4,OTHER_OUT,OTHER_OUT,0.0,0.0,0.0,0.15879364,0.8412064
4,0,OTHER_OUT,SINGLE,0.763196,0.16677801,0.07002596,0.0,0.0
4,0,OTHER_OUT,SINGLE,0.8514811,0.058673214,0.08984568,0.0,0.0
2,0,BB_HBP,SINGLE,0.6751822,0.17289503,0.15192276,0.0,0.0
0,3,SINGLE,SO,0.0,0.0,0.0,0.77380556,0.22619447
4,3,OTHER_OUT,SO,0.0,0.0,0.0,0.5308035,0.46919647
2,4,BB_HBP,OTHER_OUT,0.0,0.0,0.0,0.05219422,0.94780576
0,4,SINGLE,OTHER_OUT,0.0,0.0,0.0,0.12277792,0.87722206
4,0,OTHER_OUT,SINGLE,0.40281138,0.24312165,0.35406697,0.0,0.0
4,4,OTHER_OUT,OTHER_OUT,0.0,0.0,0.0,0.18155845,0.81844157
4,4,OTHER_OUT,OTHER_OUT,0.0,0.0,0.0,0.24155195,0.75844806
1,4,XBH,OTHER_OUT,0.0,0.0,0.0,0.36543718,0.63456285
3,4,SO,OTHER_OUT,0.0,0.0,0.0,0.38288411,0.6171159
0,4,SINGLE,OTHER_OUT,0.0,0.0,0.0,0.22132115,0.77867883
0,0,SINGLE,SINGLE,0.85129845,0.107104525,0.041597005,0.0,0.0
4,0,OTHER_OUT,SINGLE,0.8087465,0.085262656,0.10599081,0.0,0.0
3,0,SO,SINGLE,0.4063464,0.3551758,0.2384778,0.0,0.0
4,4,OTHER_OUT,OTHER_OUT,0.0,0.0,0.0,0.44278628,0.5572137
4,4,OTHER_OUT,OTHER_OUT,0.0,0.0,0.0,0.36274752,0.6372525
4,4,OTHER_OUT,OTHER_OUT,0.0,0.0,0.0,0.197895,0.802105
0,4,SINGLE,OTHER_OUT,0.0,0.0,0.0,0.15385465,0.84614533
4,4,OTHER_OUT,OTHER_OUT,0.0,0.0,0.0,0.08990902,0.910091
4,0,OTHER_OUT,SINGLE,0.42682892,0.16406038,0.4091107,0.0,0.0
4,4,OTHER_OUT,OTHER_OUT,0.0,0.0,0.0,0.22107902,0.77892095
3,4,SO,OTHER_OUT,0.0,0.0,0.0,0.4174734,0.5825266
4,4,OTHER_OUT,OTHER_OUT,0.0,0.0,0.0,0.26862517,0.7313748
3,4,SO,OTHER_OUT,0.0,0.0,0.0,0.42838565,0.5716144
4,4,OTHER_OUT,OTHER_OUT,0.0,0.0,0.0,0.14520985,0.85479015
4,4,OTHER_OUT,OTHER_OUT,0.0,0.0,0.0,0.48328638,0.5167136
3,4,SO,OTHER_OUT,0.0,0.0,0.0,0.175499,0.824501
4,4,OTHER_OUT,OTHER_OUT,0.0,0.0,0.0,0.27673373,0.7232663
0,4,SINGLE,OTHER_OUT,0.0,0.0,0.0,0.3912316,0.6087684
4,2,OTHER_OUT,BB_HBP,0.34563857,0.16208115,0.49228027,0.0,0.0
3,3,SO,SO,0.0,0.0,0.0,0.5459289,0.45407107
4,0,OTHER_OUT,SINGLE,0.48822466,0.17193261,0.33984274,0.0,0.0
4,0,OTHER_OUT,SINGLE,0.47270337,0.09478702,0.4325096,0.0,0.0
3,3,SO,SO,0.0,0.0,0.0,0.773039,0.22696099
2,2,BB_HBP,BB_HBP,0.24749948,0.18352365,0.5689769,0.0,0.0
4,4,OTHER_OUT,OTHER_OUT,0.0,0.0,0.0,0.2347702,0.7652298
4,0,OTHER_OUT,SINGLE,0.4916552,0.16457862,0.34376618,0.0,0.0
0,4,SINGLE,OTHER_OUT,0.0,0.0,0.0,0.19249202,0.807508
2,4,BB_HBP,OTHER_OUT,0.0,0.0,0.0,0.20039085,0.7996092
4,4,OTHER_OUT,OTHER_OUT,0.0,0.0,0.0,0.13964052,0.8603595
3,0,SO,SINGLE,0.5456806,0.10926447,0.34505495,0.0,0.0
3,4,SO,OTHER_OUT,0.0,0.0,0.0,0.20040634,0.7995936
0,3,SINGLE,SO,0.0,0.0,0.0,0.7114421,0.28855792
3,4,SO,OTHER_OUT,0.0,0.0,0.0,0.48227376,0.51772624
3,4,SO,OTHER_OUT,0.0,0.0,0.0,0.34489515,0.6551048
4,3,OTHER_OUT,SO,0.0,0.0,0.0,0.66866904,0.33133098
4,4,OTHER_OUT,OTHER_OUT,0.0,0.0,0.0,0.18218336,0.8178166
3,4,SO,OTHER_OUT,0.0,0.0,0.0,0.40847394,0.59152603
4,0,OTHER_OUT,SINGLE,0.6146379,0.25826874,0.12709333,0.0,0.0
4,0,OTHER_OUT,SINGLE,0.81594396,0.0926674,0.09138863,0.0,0.0
3,4,SO,OTHER_OUT,0.0,0.0,0.0,0.47026664,0.52973336
4,0,OTHER_OUT,SINGLE,0.6483157,0.06574504,0.28593922,0.0,0.0
2,2,BB_HBP,BB_HBP,0.4252806,0.119351834,0.45536757,0.0,0.0
