true_id,pred_id,true_label,pred_label,prob_SINGLE,prob_DOUBLE,prob_TRIPLE,prob_HR,prob_BB,prob_SO,prob_HBP,prob_OUT
1,6,DOUBLE,HBP,0.15912491,0.06946882,0.013698872,0.004028233,0.031596612,0.24516338,0.28351054,0.19340871
7,7,OUT,OUT,0.064104244,0.010023971,0.00056978257,0.004113715,0.08161091,0.016459234,0.0499895,0.7731286
7,7,OUT,OUT,0.1492872,0.023087142,0.004911551,0.052430008,0.03671798,0.23632368,0.003225051,0.4940174
6,7,HBP,OUT,0.30649847,0.030861046,0.00081991457,0.0004401949,0.05827409,0.06685506,0.0054263463,0.53082484
0,0,SINGLE,SINGLE,0.3399813,0.23282668,0.003370535,0.003764147,0.03933342,0.12519647,0.0042206426,0.25130674
5,1,SO,DOUBLE,0.08754233,0.6177649,0.00076332863,0.018486084,0.06491673,0.07487217,0.0031941507,0.13246031
0,1,SINGLE,DOUBLE,0.0691933,0.57697076,0.0007949195,0.0015916063,0.07337991,0.117146544,0.0018185481,0.1591045
3,0,HR,SINGLE,0.3362608,0.030411603,0.004544833,0.040970203,0.14734277,0.22533877,0.03212888,0.18300214
7,0,OUT,SINGLE,0.4309767,0.09725162,0.00027752575,0.00896417,0.20111537,0.13067028,0.004447886,0.12629649
7,0,OUT,SINGLE,0.4371105,0.09947005,0.0033131898,0.0013313012,0.10441166,0.14987534,0.005016594,0.19947127
7,1,OUT,DOUBLE,0.23501651,0.3460078,0.0008278413,0.014813219,0.051768478,0.057480663,0.0019704497,0.2921151
7,7,OUT,OUT,0.119309925,0.30955532,0.0034045703,0.004401885,0.12683916,0.07489203,0.011570406,0.3500267
7,7,OUT,OUT,0.043850154,0.0052710585,0.0018809269,0.022691242,0.041254025,0.034999344,0.010333025,0.8397202
7,7,OUT,OUT,0.0007579461,0.00044933852,0.005313868,0.00017988191,0.01462247,0.025717657,0.00040228825,0.9525565
4,1,BB,DOUBLE,0.026045524,0.55518216,0.0006245171,0.013946034,0.14041467,0.06137569,0.0017120207,0.20069939
7,1,OUT,DOUBLE,0.028457977,0.6966639,0.003692039,0.0062868088,0.1488842,0.05960499,0.0076837162,0.04872646
1,5,DOUBLE,SO,0.18496144,0.025273943,0.0023350536,0.0003023538,0.06294411,0.546056,0.0022399107,0.17588717
0,0,SINGLE,SINGLE,0.5963784,0.0539848,0.0012420994,0.00018099183,0.0062104203,0.08102463,0.0009047326,0.26007396
7,7,OUT,OUT,0.16500276,0.1087125,0.00022942589,0.0053581684,0.22102594,0.13552128,0.006085147,0.35806477
5,5,SO,SO,0.020589689,0.014277764,0.0028798478,0.02406285,0.13684952,0.44257692,0.0030002277,0.35576326
4,4,BB,BB,0.043074265,0.021872643,0.0028390975,0.00013261868,0.46088862,0.17329445,0.001060787,0.29683754
5,5,SO,SO,0.16220747,0.03261092,0.0002145373,0.06028898,0.21069826,0.35784227,0.0017948843,0.1743426
5,5,SO,SO,0.15848227,0.15390398,0.028219417,0.0030755864,0.08227252,0.4267605,0.009636861,0.13764897
5,5,SO,SO,0.030581236,0.012701202,8.706712e-05,0.022713859,0.10142208,0.57173145,0.004490778,0.25627235
7,0,OUT,SINGLE,0.5138907,0.006404646,0.00069394626,0.000343488,0.055167712,0.15663938,0.0044047423,0.26245543
5,0,SO,SINGLE,0.4985409,0.010592792,0.00013941526,0.0007335568,0.16966073,0.24509189,0.0025067157,0.07273393
5,5,SO,SO,0.34418783,0.032942533,0.0020397592,0.00044314694,0.14656161,0.3986908,0.0009616744,0.074172676
7,7,OUT,OUT,0.066530354,0.023312328,0.00030531397,0.003444577,0.059433874,0.334385,0.00082678837,0.5117618
7,7,OUT,OUT,0.15369603,0.01334983,0.002210195,0.06709662,0.09902318,0.14118649,0.0016923783,0.5217453
7,7,OUT,OUT,0.021162396,0.006825317,8.0588754e-05,0.0009685931,0.081847936,0.2885125,0.0004473442,0.6001553
0,7,SINGLE,OUT,0.18536404,0.008872252,0.0030907486,0.005987237,0.07112997,0.17210674,0.0019011693,0.5515478
7,7,OUT,OUT,0.15881044,0.023237854,0.0001326046,0.002798447,0.2531786,0.030803848,0.0009734169,0.53006476
5,5,SO,SO,0.24305505,0.037240762,0.0024951622,0.041036442,0.06836667,0.43523562,0.0017294093,0.1708408
0,7,SINGLE,OUT,0.282945,0.009536673,0.00039238078,0.0027272338,0.18857555,0.07860983,0.0036765907,0.43353683
7,7,OUT,OUT,0.055716578,0.0030102308,0.0021347117,0.0017394254,0.020661112,0.08301748,0.016450752,0.8172697
4,5,BB,SO,0.12187771,0.054089855,0.00034702974,0.0029441444,0.073387966,0.409871,0.0021416422,0.3353406
0,0,SINGLE,SINGLE,0.4033883,0.08781002,0.0012020797,0.0006272286,0.114298604,0.04268085,0.018494282,0.3314987
7,4,OUT,BB,0.14077005,0.036357455,0.0039935154,0.0010436999,0.5621773,0.058104835,0.0043675858,0.19318558
7,6,OUT,HBP,0.06707538,0.042094488,0.0007532059,0.0059490455,0.1289385,0.25400347,0.32263857,0.17854731
5,1,SO,DOUBLE,0.27738357,0.359489,0.008551011,0.001894623,0.036603343,0.15157422,0.0013415902,0.16316271
7,0,OUT,SINGLE,0.49775267,0.027754232,0.0015146094,0.014177381,0.022584291,0.051159307,0.0006069474,0.38445047
7,7,OUT,OUT,0.07714373,0.020839188,0.000757373,0.054339245,0.042512387,0.15704595,0.01362769,0.6337344
5,1,SO,DOUBLE,0.13767311,0.2717775,0.00655859,0.06256122,0.026249377,0.26596835,0.006104133,0.22310764
0,0,SINGLE,SINGLE,0.31907055,0.049578227,0.032810144,0.010032028,0.18634635,0.09211144,0.0043291575,0.30572215
5,7,SO,OUT,0.3634769,0.0019334015,0.000117272706,0.0026170185,0.000975462,0.17848016,0.0008488461,0.45155093
7,7,OUT,OUT,0.13929339,0.12054336,0.00043676287,0.00054667547,0.059676822,0.17174271,0.0012730651,0.5064872
5,5,SO,SO,0.1127129,0.25717455,1.3624253e-05,0.005571061,0.040944137,0.45357826,0.009320209,0.120685235
5,4,SO,BB,0.08917343,0.0034600329,0.0001986597,0.15070143,0.277547,0.26378113,0.00027435113,0.214864
7,1,OUT,DOUBLE,0.10374619,0.5502466,0.000113861715,0.00046278458,0.0066974517,0.018619267,0.000732322,0.31938156
5,0,SO,SINGLE,0.3716311,0.017438276,8.3205494e-05,0.016669989,0.14154947,0.11595726,0.0025234679,0.33414724
0,7,SINGLE,OUT,0.23059762,0.012541462,0.001197682,0.00080162514,0.059313763,0.29275376,0.0011701185,0.401624
7,7,OUT,OUT,0.16669536,0.023440989,0.033403527,0.004139834,0.20941952,0.24590996,0.018640513,0.29835033
5,7,SO,OUT,0.10167881,0.06702726,0.00754812,0.012882618,0.079992004,0.062352516,0.00788885,0.66062987
4,5,BB,SO,0.23894414,0.093552284,0.0019496323,0.003793318,0.08104821,0.29010817,0.0035767113,0.28702763
7,3,OUT,HR,0.046273924,0.07242822,0.00042497693,0.7859855,0.020653475,0.04566197,0.000315247,0.028256593
0,7,SINGLE,OUT,0.1761566,0.17673929,0.0007686717,0.016051367,0.04824963,0.14109935,0.012789646,0.42814538
7,7,OUT,OUT,0.07576067,0.04531091,0.0030388061,0.00531982,0.16419676,0.04956818,0.017728116,0.63907677
7,7,OUT,OUT,0.13500221,0.17392214,0.00039698454,0.020623041,0.02883929,0.08940511,0.041078497,0.51073265
0,7,SINGLE,OUT,0.2805876,0.029474895,0.004431593,0.03237301,0.01751218,0.20996515,0.0029143326,0.42274123
7,7,OUT,OUT,0.0012528753,9.000881e-05,0.0006827006,5.384404e-05,0.0008104862,0.0045415126,7.489641e-05,0.9924936
7,7,OUT,OUT,0.14494334,0.24355301,0.00019970961,0.07744018,0.16289514,0.10885542,0.001480557,0.2606326
0,7,SINGLE,OUT,0.1885456,0.0033414385,0.011223193,0.004211049,0.041520216,0.2450454,0.007482162,0.49863082
7,7,OUT,OUT,0.2247973,0.019063797,0.0003504537,0.001356154,0.021771442,0.028350111,0.003050961,0.7012598
4,0,BB,SINGLE,0.66243434,0.00746224,0.0016864291,0.005749538,0.028671045,0.05050398,0.0007322902,0.24276018
5,5,SO,SO,0.09535603,0.012856851,0.013863746,0.006444436,0.013661857,0.5029188,0.0011405444,0.35375783
7,7,OUT,OUT,0.23568584,0.1682695,0.011762437,0.006115014,0.10454874,0.0686929,0.0014287364,0.40349686
7,5,OUT,SO,0.085604966,0.102370806,0.0022400618,0.00822568,0.07170205,0.38923264,0.07232883,0.26829493
5,7,SO,OUT,0.24837996,0.06824546,0.0131586,0.002688711,0.13158675,0.17876753,0.016164549,0.34100848
5,7,SO,OUT,0.29168326,0.033745874,0.0006394913,0.0022276824,0.07106416,0.12689883,0.0030744625,0.4706663
7,7,OUT,OUT,0.0453981,0.07525804,0.003959957,0.000842753,0.06323552,0.114760526,0.0027865528,0.6937585
5,5,SO,SO,0.09949373,0.015945414,0.0022937867,0.001963422,0.13965861,0.43586853,0.0003657147,0.3044108
7,7,OUT,OUT,0.19528991,0.013338164,0.0040395777,0.08622183,0.04567841,0.08295093,0.011151241,0.56133
1,0,DOUBLE,SINGLE,0.7596464,0.00399112,0.0011453882,0.050844066,0.087334365,0.027357554,0.00027800756,0.06940321
0,0,SINGLE,SINGLE,0.75224096,0.03030963,0.0007007191,0.00054315274,0.120936766,0.027287355,0.0009182948,0.06706313
7,4,OUT,BB,0.018846653,0.0010309104,0.00021440822,0.0010969114,0.64544487,0.08641625,0.0012096782,0.24574032
0,4,SINGLE,BB,0.1261918,0.022430912,0.030419871,0.0007236651,0.43784544,0.14050892,0.002315927,0.23956351
5,7,SO,OUT,0.13323033,0.058558084,0.022673106,0.10026964,0.11490366,0.28024644,0.0060461643,0.28407255
0,4,SINGLE,BB,0.27319622,0.06415266,0.00094893086,0.13082479,0.2752595,0.07784411,0.024388187,0.15338558
7,4,OUT,BB,0.14878535,0.0021369406,0.0020386337,0.004100829,0.6923744,0.046601728,0.0058919066,0.09807019
7,7,OUT,OUT,0.20623888,0.05267874,0.0032531142,0.07063484,0.08944555,0.094940424,0.008288553,0.47451988
7,7,OUT,OUT,0.19782498,0.04050207,0.0006616223,0.02139529,0.20288071,0.18831614,0.012870255,0.33554888
0,5,SINGLE,SO,0.2286594,0.12587988,0.00021418202,0.009969608,0.056640957,0.33214253,0.024087394,0.22240596
7,7,OUT,OUT,0.23062131,0.034139164,0.008456894,0.021219766,0.27494755,0.078050174,0.00950101,0.34306413
5,0,SO,SINGLE,0.30789667,0.06558711,0.0027044602,0.010420387,0.23254353,0.107331984,0.0031097126,0.27040622
5,5,SO,SO,0.38104445,0.003582431,0.00081041077,0.0002638845,0.03187968,0.4307361,0.00059539074,0.1510876
7,5,OUT,SO,0.18177386,0.029125486,0.0020324285,0.026267339,0.053602617,0.39300755,0.0010383109,0.31315234
5,7,SO,OUT,0.067173935,0.008985832,0.0031038735,0.0041929996,0.42462972,0.038595244,0.001964969,0.45135346
4,0,BB,SINGLE,0.61420786,0.059211977,0.012082498,0.0078122625,0.14830266,0.044922117,0.0029867345,0.110473804
7,0,OUT,SINGLE,0.4920121,0.008605745,0.0015172327,0.0035908478,0.3041131,0.04885859,0.0014799983,0.13982242
5,0,SO,SINGLE,0.49938944,0.04051633,0.014476885,0.05145684,0.07619804,0.22856978,0.0009357856,0.08845688
7,5,OUT,SO,0.08663685,0.12554546,0.00032255624,0.072137386,0.22903235,0.25906375,0.001693081,0.22556865
5,4,SO,BB,0.10791289,0.07409274,0.00022399153,0.00034313658,0.5191251,0.22960527,0.006800801,0.06189611
5,5,SO,SO,0.11403457,0.051122993,0.0027646865,0.0011530304,0.13384862,0.60340255,0.0051774215,0.08849609
0,6,SINGLE,HBP,0.12857978,0.028437795,0.0033593948,0.01954645,0.05180498,0.05967646,0.6593649,0.049230278
7,4,OUT,BB,0.06497157,0.015710954,0.0006596269,0.0062813773,0.53822196,0.17088841,0.02805954,0.17520654
0,0,SINGLE,SINGLE,0.35081235,0.05653297,0.00013149536,0.01092989,0.112860024,0.11871513,0.0046489243,0.34536922
7,7,OUT,OUT,0.21751852,0.0030908664,9.285904e-05,0.0007995951,0.04949523,0.35073125,0.00054324826,0.37772846
5,7,SO,OUT,0.04920689,0.00273928,0.00027856574,0.02678824,0.039411694,0.087426074,0.00020010347,0.7939492
7,0,OUT,SINGLE,0.39333117,0.023210064,0.0035721739,0.18851864,0.14744546,0.09252826,0.0031632392,0.14823104
5,4,SO,BB,0.18449984,0.032589357,0.0016038539,0.19715646,0.34723538,0.108475365,0.032536317,0.09590334
0,4,SINGLE,BB,0.24454077,0.020943152,0.018604403,0.004438977,0.37174404,0.07828855,0.01830914,0.24313101
7,5,OUT,SO,0.25571427,0.01969038,0.022309186,0.014030147,0.09467331,0.29310474,0.11535726,0.18512073
7,7,OUT,OUT,0.25350896,0.06647294,0.01645917,0.1783511,0.048504192,0.102235086,0.0021110836,0.3323574
5,5,SO,SO,0.16746859,0.15244412,0.0010816774,0.041447893,0.0766568,0.41458747,0.0050088884,0.1413045
7,2,OUT,TRIPLE,0.20411246,0.0035010655,0.4280562,0.003006041,0.07880772,0.07083479,0.002705219,0.2089765
4,0,BB,SINGLE,0.43966123,0.055947077,0.013971881,0.0049101994,0.050767742,0.034912996,0.2835352,0.11629355
7,7,OUT,OUT,0.20395902,0.04607762,0.0045840135,0.0100249015,0.025596954,0.092966184,0.14984693,0.46694443
0,7,SINGLE,OUT,0.2769956,0.060987014,0.0067737065,0.028919613,0.19505528,0.10496061,0.014072278,0.31223586
7,2,OUT,TRIPLE,0.061227493,0.004132092,0.77655375,0.002633701,0.024925938,0.021403663,0.027548593,0.0815747
7,7,OUT,OUT,0.24076475,0.08053507,0.003587828,0.0145878885,0.066769436,0.043872483,0.13351122,0.41637123
0,0,SINGLE,SINGLE,0.45154554,0.111826755,0.007235212,0.10937763,0.040244546,0.079332724,0.007325876,0.1931117
5,6,SO,HBP,0.14859684,0.012207752,0.000121420744,0.033105757,0.0047569755,0.1404767,0.6334558,0.02727877
7,7,OUT,OUT,0.06923349,0.07442559,0.018396873,0.0020801248,0.06302992,0.17799062,0.004869863,0.5899735
0,0,SINGLE,SINGLE,0.33985588,0.041349668,0.0008098358,0.010688427,0.025890833,0.26092848,0.015748093,0.30472884
7,7,OUT,OUT,0.18276347,0.049080566,0.0010760032,0.043496948,0.08684701,0.23793013,0.00923908,0.38956675
5,0,SO,SINGLE,0.4774052,0.0036445018,0.009711558,0.0049862536,0.15832564,0.05835836,0.0283342,0.25923434
7,2,OUT,TRIPLE,0.18117842,0.021100834,0.39394426,0.091565326,0.08619666,0.027191669,0.0044298507,0.19439302
5,7,SO,OUT,0.25674787,0.11481322,0.010941824,0.11907495,0.05522825,0.11941542,0.00971779,0.31406066
7,0,OUT,SINGLE,0.46520928,0.015653972,0.00067979266,0.0031654371,0.0053508813,0.061157957,0.0012414415,0.44754124
7,4,OUT,BB,0.24052337,0.1252287,0.00065698725,0.011664724,0.37395528,0.08973116,0.008204634,0.15003502
4,4,BB,BB,0.15321513,0.13929565,0.001138957,0.005918402,0.3357198,0.25235057,0.001162328,0.111199245
7,0,OUT,SINGLE,0.6837428,0.0007106969,0.00033118125,0.00030080092,0.04579014,0.08014988,0.00029117003,0.1886834
7,7,OUT,OUT,0.10843086,0.108321786,0.004342191,0.08968259,0.033514522,0.157936,0.0051063295,0.49266577
7,7,OUT,OUT,0.35452706,0.0071138707,0.0011544441,0.00055892684,0.11065384,0.108592615,0.0048876368,0.41251162
7,5,OUT,SO,0.21382682,0.10724527,0.0005803436,0.14513852,0.05777876,0.2535873,0.0010956496,0.2207473
7,0,OUT,SINGLE,0.45457536,0.017646411,0.028312674,0.03915666,0.008705389,0.1457237,0.005799205,0.3000807
7,7,OUT,OUT,0.2612469,0.05804926,0.034562852,0.08065354,0.0318487,0.15920733,0.0100881215,0.3643433
7,0,OUT,SINGLE,0.38293555,0.2646853,0.01378826,0.0021296556,0.016778614,0.065329105,0.0005269872,0.25382662
7,7,OUT,OUT,0.27360252,0.030396618,0.00027664672,0.029077776,0.15621169,0.09804967,0.0006048718,0.41178027
7,0,OUT,SINGLE,0.4697375,0.24544936,0.014436281,0.0005666501,0.009380613,0.11579232,0.006972659,0.13766459
3,5,HR,SO,0.2592247,0.054473322,0.00018807346,0.026932517,0.1986846,0.30031008,0.0010724696,0.15911423
7,7,OUT,OUT,0.21671316,0.015509681,0.0022651858,0.0010829846,0.18875282,0.08860181,0.040571243,0.44650313
5,7,SO,OUT,0.13401647,0.012525282,0.0039311354,0.11678263,0.096402735,0.039696313,0.029018503,0.56762695
3,0,HR,SINGLE,0.23669448,0.07494889,0.0004687373,0.068318,0.16312435,0.10421723,0.13934025,0.212888
7,7,OUT,OUT,0.26970518,0.028130746,0.036867887,0.0052510374,0.25213718,0.026612137,0.011116067,0.37017983
5,0,SO,SINGLE,0.68363696,0.048025265,0.004562485,0.015610138,0.012642611,0.04704216,0.055876307,0.13260397
7,7,OUT,OUT,0.28452358,0.032295283,0.00133967,0.062298223,0.21782228,0.084445424,0.0019529224,0.31532267
7,4,OUT,BB,0.24558394,0.03781128,0.000332724,0.063883394,0.2859646,0.080248676,0.018838381,0.267337
7,5,OUT,SO,0.065862976,0.018732734,0.0022423938,0.06011329,0.25240114,0.3482175,0.0003042995,0.2521257
7,7,OUT,OUT,0.23562787,0.085442156,0.006263861,0.007605291,0.25620887,0.099923894,0.0048603006,0.3040678
4,7,BB,OUT,0.20627585,0.055870913,0.015034544,0.009422385,0.18953088,0.14567372,0.044084385,0.33410737
7,1,OUT,DOUBLE,0.12186162,0.5902227,0.002870803,0.0007576025,0.031027507,0.068452604,0.0004619407,0.1843452
4,4,BB,BB,0.13652138,0.023085557,0.00029618657,0.06174083,0.33198556,0.23607683,0.0034695298,0.20682412
0,0,SINGLE,SINGLE,0.47155654,0.12132722,0.00092888286,0.00079531496,0.21805608,0.03966167,0.014198401,0.13347585
1,7,DOUBLE,OUT,0.14662826,0.19433543,0.01619107,0.003635022,0.14308602,0.16530953,0.0056723063,0.32514238
0,0,SINGLE,SINGLE,0.3430463,0.018798014,0.0037898738,0.14529733,0.10760769,0.17468068,0.02483497,0.18194517
7,7,OUT,OUT,0.2647668,0.03058889,0.0006982407,0.079984605,0.13975869,0.15853867,0.0024281456,0.32323587
7,5,OUT,SO,0.24433066,0.013228625,0.054448497,0.0123286825,0.12219428,0.32755405,0.04830617,0.17760903
7,4,OUT,BB,0.16254084,0.06868954,0.0005921137,0.0072446866,0.30866888,0.12157554,0.10064635,0.23004203
0,1,SINGLE,DOUBLE,0.0879307,0.6078794,0.0007884475,0.0011503674,0.017778762,0.1860941,0.00095998764,0.09741827
5,5,SO,SO,0.21133716,0.038777072,0.0029210215,0.039217986,0.12937477,0.33285168,0.045535963,0.19998439
7,4,OUT,BB,0.029394144,0.028148,0.00050345296,0.11317812,0.40483245,0.24631186,0.00996492,0.16766709
7,7,OUT,OUT,0.26614845,0.082729965,0.0030473329,0.05938488,0.041721396,0.22423197,0.0019358927,0.32080007
7,0,OUT,SINGLE,0.39077353,0.013233901,0.0003615043,0.042683434,0.3205467,0.06731087,0.005448681,0.1596414
7,5,OUT,SO,0.13733529,0.037832126,0.0011730297,0.19738467,0.16483256,0.3975665,0.007042657,0.056833073
5,5,SO,SO,0.10707825,0.0017865002,2.5388623e-05,0.000269175,0.0709248,0.54640484,0.00013539392,0.27337563
7,7,OUT,OUT,0.2136742,0.051858377,0.004423944,0.017657964,0.20783283,0.070733674,0.0063097943,0.42750922
0,3,SINGLE,HR,0.23307793,0.107226856,0.00062972127,0.23887911,0.09503964,0.12674345,0.011149007,0.18725422
7,5,OUT,SO,0.17204465,0.034292378,0.0016798701,0.09794226,0.052245192,0.39662084,0.109122574,0.13605219
7,0,OUT,SINGLE,0.43571013,0.09864075,0.0020479362,0.07359793,0.09958402,0.048029177,0.02123873,0.22115135
1,7,DOUBLE,OUT,0.07647044,0.0029346086,3.665984e-05,0.0004833864,0.0141443005,0.073685594,8.357275e-05,0.8321614
1,7,DOUBLE,OUT,0.074222825,0.006020153,0.0013079236,0.00093122467,0.0018165534,0.012139177,0.0017388402,0.9018233
5,0,SO,SINGLE,0.29403245,0.04249587,0.012691268,0.066695325,0.071364276,0.23815534,0.018095143,0.25647035
5,5,SO,SO,0.1033721,0.09517434,0.0027554655,0.043833453,0.13180998,0.35942075,0.14984003,0.11379392
1,7,DOUBLE,OUT,0.14387985,0.17622894,0.00023186805,0.039271105,0.08449887,0.14978328,0.010126427,0.3959797
7,5,OUT,SO,0.16762605,0.18331903,0.003966786,0.0076609994,0.16764925,0.250741,0.0163828,0.202654
7,5,OUT,SO,0.1691355,0.029602109,0.0089252805,0.008464503,0.039676443,0.4473648,0.004096568,0.29273486
7,0,OUT,SINGLE,0.33284017,0.009901197,0.008276715,0.011069196,0.18006788,0.10170298,0.03658885,0.31955308
5,0,SO,SINGLE,0.735455,0.010747791,0.0015529534,0.018748468,0.022886047,0.12916517,0.01684052,0.06460409
1,7,DOUBLE,OUT,0.4010577,0.00026726243,0.00056036044,0.0002966556,0.055949572,0.018196521,2.1378963e-05,0.5236506
7,4,OUT,BB,0.1129677,0.13737495,0.0012716685,0.025143808,0.34546065,0.24602102,0.002680798,0.12907952
7,4,OUT,BB,0.09241994,0.04571531,0.0008323149,0.005741845,0.48439336,0.19718647,0.045309525,0.12840126
7,1,OUT,DOUBLE,0.013954291,0.7167027,0.00010722126,0.012486488,0.04383059,0.16529384,0.0002880843,0.04733677
0,3,SINGLE,HR,0.09565034,0.13306484,0.00095110625,0.2912591,0.051937096,0.14660025,0.014873244,0.26566404
5,4,SO,BB,0.18151584,0.062397115,0.00025480322,0.0070323884,0.30948192,0.13933681,0.05247123,0.24750982
7,1,OUT,DOUBLE,0.23045658,0.39828098,0.0027521579,0.0066942233,0.14475776,0.02491681,0.005733425,0.18640813
3,3,HR,HR,0.101044744,0.07450706,0.00016376218,0.42762455,0.070222184,0.11364613,0.05171655,0.16107497
0,3,SINGLE,HR,0.028851682,0.17381851,0.00080093724,0.41313204,0.16739455,0.04448893,0.013844634,0.15766883
6,7,HBP,OUT,0.22177704,0.002117605,0.0010816555,0.0003951441,0.055307046,0.11745018,0.00069701066,0.6011743
4,7,BB,OUT,0.456681,0.023187641,0.0057856445,0.0004537382,0.0027130805,0.03874241,0.0009550653,0.47148138
0,7,SINGLE,OUT,0.21162845,0.11704497,0.00039719595,0.0076003512,0.019404633,0.08115481,0.006291278,0.55647826
7,5,OUT,SO,0.07199826,0.01174471,0.00023400408,0.00041499638,0.08398114,0.5524438,0.0017097025,0.27747336
4,5,BB,SO,0.025061008,0.00011718422,6.40978e-05,0.00034876648,0.4484833,0.5058402,0.0008098271,0.019275686
5,6,SO,HBP,0.15153567,0.06707071,0.0034082637,0.0050417464,0.17908426,0.1656466,0.2710061,0.15720664
5,7,SO,OUT,0.2067794,0.037337504,0.06703101,0.05011248,0.05191154,0.210847,0.0071958867,0.36878514
7,0,OUT,SINGLE,0.4878349,0.005703528,0.0018040203,0.058548283,0.21530321,0.062463842,0.02078155,0.14756072
5,7,SO,OUT,0.17423947,0.032002725,0.0007262423,0.090783395,0.10762447,0.23954025,0.00772221,0.34736115
3,3,HR,HR,0.105659865,0.015785016,0.0050239395,0.3718113,0.08379099,0.10282909,0.0022308007,0.31286898
7,7,OUT,OUT,0.18824437,0.022812244,0.023759872,0.095358066,0.16235429,0.09711934,0.100631565,0.3097203
1,4,DOUBLE,BB,0.038931277,0.20013939,0.001139677,0.0054915147,0.6564114,0.030114645,0.0043132626,0.06345889
4,0,BB,SINGLE,0.32733518,0.13493751,0.008860036,0.03679791,0.20119351,0.1692921,0.0038698462,0.11771387
0,4,SINGLE,BB,0.09491922,0.22650538,0.016032053,0.02578197,0.41621977,0.023640038,0.06297889,0.13392267
7,0,OUT,SINGLE,0.4773008,0.09636901,0.0004274907,0.07138191,0.049964253,0.09118086,0.01580914,0.19756652
7,7,OUT,OUT,0.2815235,0.1227488,0.00282398,0.04729723,0.12122097,0.1296451,0.011541859,0.28319862
7,5,OUT,SO,0.09228532,0.025174495,0.17661445,0.03750896,0.15755513,0.3672482,0.023264823,0.12034861
7,7,OUT,OUT,0.08272805,0.26499915,0.0372138,0.00030932,0.13739197,0.08756647,0.0019903292,0.3878009
5,3,SO,HR,0.04935289,0.014139766,0.0015523378,0.40702084,0.045933455,0.28626093,0.119117044,0.07662279
5,7,SO,OUT,0.1327251,0.030738061,0.0006593804,0.1408688,0.012759407,0.07751085,0.0008888389,0.6038496
0,3,SINGLE,HR,0.07925792,0.005293282,0.00020617092,0.51429415,0.025145102,0.2664533,0.0035235025,0.105826505
5,7,SO,OUT,0.1836278,0.03700965,0.00045177861,0.031407837,0.12013509,0.18087569,0.0024270061,0.44406518
3,7,HR,OUT,0.14582083,0.009664553,0.06171737,0.22857134,0.13112655,0.046284597,0.0038784894,0.37293628
7,0,OUT,SINGLE,0.4276482,0.024446214,0.019419013,0.044453565,0.06385399,0.18127339,0.010751525,0.22815414
7,6,OUT,HBP,0.24338007,0.019938834,0.00032785645,0.00036140837,0.0621372,0.123100705,0.45008317,0.10067072
7,1,OUT,DOUBLE,0.12712687,0.5121967,0.0063708294,0.034828614,0.07306138,0.075651266,0.06976957,0.100994706
5,0,SO,SINGLE,0.67436683,0.01291474,0.00070735975,0.0011431782,0.09099641,0.022829106,0.00013250549,0.19690989
7,7,OUT,OUT,0.27644596,0.042691715,0.00062345783,0.096362084,0.05488661,0.0615383,0.0043987054,0.46305326
7,0,OUT,SINGLE,0.27760306,0.029078111,0.0011426064,0.010245596,0.2727523,0.19181973,0.020700468,0.19665815
5,5,SO,SO,0.27718434,0.031787775,0.003145856,0.03759495,0.068940945,0.28956482,0.013723262,0.2780581
7,7,OUT,OUT,0.16930015,0.038045645,0.0060559656,0.006355989,0.21576907,0.16831307,0.0291641,0.36699602
7,7,OUT,OUT,0.15511316,0.07331061,0.0015939325,0.056178864,0.08622819,0.17059924,0.009273664,0.44770226
0,0,SINGLE,SINGLE,0.4360696,0.01529047,0.0006896001,0.00075611647,0.04224724,0.03090833,0.26743254,0.20660609
5,7,SO,OUT,0.28359282,0.10320251,0.00023224302,0.024149893,0.06911567,0.053566225,0.017329691,0.44881096
7,7,OUT,OUT,0.031966127,0.004401193,2.5238274e-05,0.00027111924,0.003573205,0.42989916,1.913623e-05,0.5298448
0,3,SINGLE,HR,0.08026137,0.03179671,0.0014593902,0.41497037,0.07717068,0.21721509,0.02058556,0.15654087
7,4,OUT,BB,0.023719167,0.040363193,0.0010396767,0.016455876,0.42996666,0.24016644,0.027604265,0.22068477
0,7,SINGLE,OUT,0.016641524,0.0042172936,0.00015467688,0.004568494,0.00063832605,0.027566984,2.8779223e-05,0.94618386
7,7,OUT,OUT,0.15087114,0.026334075,0.07920209,0.001204721,0.16201939,0.28400046,0.0008096742,0.2955585
5,5,SO,SO,0.20113295,0.101699926,0.014721762,0.22149463,0.036014065,0.27695557,0.0057550548,0.14222604
7,1,OUT,DOUBLE,0.15088266,0.26875305,0.033970773,0.0721873,0.18343754,0.15144351,0.020307498,0.11901763
7,7,OUT,OUT,0.1600401,0.15859437,0.018196486,0.004466525,0.17744401,0.1339144,0.08147372,0.26587036
7,7,OUT,OUT,0.0004801718,0.0004206165,3.128904e-05,0.0002230546,0.0015442378,0.124680735,0.0006685265,0.87195134
0,0,SINGLE,SINGLE,0.45118186,0.024381042,0.0020960532,0.0024705848,0.29940864,0.098279715,0.016720915,0.10546112
7,0,OUT,SINGLE,0.5584849,0.004902725,0.00035589302,0.0005901724,0.041806668,0.03126954,0.0018815505,0.3607085
7,0,OUT,SINGLE,0.3021515,0.04299469,0.00026210299,0.019149654,0.11529992,0.16345118,0.094950646,0.26174027
7,7,OUT,OUT,0.031662364,0.02384246,0.00026625633,0.0025444897,0.01016815,0.080613054,0.0075616194,0.84334165
7,5,OUT,SO,0.07074969,0.025381638,0.00039370282,0.059733298,0.03368142,0.6345274,0.001541359,0.17399155
7,0,OUT,SINGLE,0.2737752,0.07181778,0.0026971442,0.09886745,0.08049751,0.15925851,0.060045213,0.2530411
7,0,OUT,SINGLE,0.368277,0.0913748,0.004557361,0.021485863,0.06507531,0.07436115,0.05625423,0.31861433
5,5,SO,SO,0.13137785,0.048830666,0.00045690066,0.011992005,0.13938922,0.44928527,0.0020521057,0.21661602
5,0,SO,SINGLE,0.25834304,0.23783101,0.0008177917,0.007459473,0.112273455,0.14409746,0.0015922551,0.23758557
7,7,OUT,OUT,0.24231815,0.017000133,0.0002104574,0.0004330089,0.09274938,0.280075,0.0002786567,0.3669352
0,7,SINGLE,OUT,0.12650397,0.2853505,0.00068604614,0.020585036,0.08319416,0.059450813,0.018665843,0.40556362
7,0,OUT,SINGLE,0.42146116,0.179166,0.0034225846,0.00039379828,0.04747372,0.16129309,0.0016147669,0.18517482
0,0,SINGLE,SINGLE,0.42425555,0.061368983,0.002577801,0.00091116416,0.023157217,0.16940138,0.0007625279,0.31756535
5,4,SO,BB,0.22687012,0.004324838,0.0023120807,0.0639324,0.4492476,0.026832905,0.018933795,0.20754632
7,5,OUT,SO,0.023578426,0.15673733,0.0146140475,0.0004694785,0.18982717,0.5867049,0.0020274972,0.026041113
7,5,OUT,SO,0.2087419,0.07677009,0.022052515,0.0048827757,0.008425688,0.5688669,0.0004370012,0.10982319
5,4,SO,BB,0.051063344,0.054524764,0.0174283,0.0031516398,0.35685185,0.25218403,0.051471543,0.21332453
0,0,SINGLE,SINGLE,0.38554028,0.06280825,0.065765165,0.0003109654,0.28978732,0.02902447,0.0056877984,0.1610757
7,7,OUT,OUT,0.25848094,0.01326842,0.00164441,0.016139006,0.037974294,0.029956345,0.0009378899,0.6415987
4,7,BB,OUT,0.04311526,0.02001063,0.0007970107,0.008470529,0.11045735,0.36776823,0.0020871318,0.44729385
1,1,DOUBLE,DOUBLE,0.11615042,0.46525395,9.0616086e-05,0.011170317,0.11905539,0.07811927,0.0031834505,0.20697652
5,1,SO,DOUBLE,0.14034468,0.4172833,0.003130253,0.0020420079,0.095530555,0.043161932,0.0018470149,0.29666027
5,6,SO,HBP,0.09926433,0.018776009,0.0007752751,0.005499293,0.1140262,0.21453686,0.34374586,0.20337619
7,5,OUT,SO,0.25596577,0.008612367,0.00057053607,0.031415522,0.02645321,0.30774474,0.06921231,0.3000255
0,5,SINGLE,SO,0.1255897,0.009961798,0.0014094986,0.0014183071,0.1228753,0.4463506,0.0014922168,0.29090258
1,5,DOUBLE,SO,0.09947554,0.12563133,0.00029186983,0.019972207,0.03799088,0.6086845,0.011905516,0.09604824
1,3,DOUBLE,HR,0.07708787,0.08989082,0.00029989434,0.5309196,0.029904177,0.08923582,0.06756139,0.11510051
5,5,SO,SO,0.13949451,0.0012124509,0.004732105,0.0012007655,0.07440446,0.4610966,0.02906759,0.2887915
7,0,OUT,SINGLE,0.41782412,0.07971501,9.362301e-05,0.033321317,0.09953924,0.08508472,0.0042549386,0.28016707
4,5,BB,SO,0.13400681,0.16585855,0.009883058,0.12881996,0.081468016,0.22232462,0.10739226,0.15024668
7,7,OUT,OUT,0.26163468,0.031137377,0.003519637,0.009910652,0.04711811,0.25524047,0.00846167,0.3829774
7,7,OUT,OUT,0.19894397,0.061218124,0.034559123,0.0709861,0.17992333,0.09108162,0.0116595905,0.35162812
2,7,TRIPLE,OUT,0.2569566,0.2724114,0.00078552903,0.0032092817,0.020898934,0.07128165,0.005804678,0.36865196
0,6,SINGLE,HBP,0.2220126,0.18670017,0.0003310041,0.005542366,0.037328098,0.11268182,0.28600404,0.14939998
5,7,SO,OUT,0.011670667,0.15507919,0.0023798856,0.12715362,0.064387895,0.15551056,0.008129806,0.47568834
0,3,SINGLE,HR,0.07435607,0.011595615,0.008471407,0.7754608,0.012318009,0.025081525,0.021085069,0.07163162
7,1,OUT,DOUBLE,0.19207592,0.2600117,0.009009567,0.109515324,0.17721575,0.0777814,0.047167007,0.1272233
7,0,OUT,SINGLE,0.34250885,0.19727615,0.01620678,0.043575097,0.13844086,0.06913308,0.010347096,0.18251206
5,4,SO,BB,0.11097528,0.13842538,0.0017411716,0.0029529089,0.40850377,0.13636236,0.00449752,0.1965416
7,1,OUT,DOUBLE,0.012532564,0.4945419,9.016946e-05,0.004694844,0.055746954,0.27154952,0.0014571626,0.15938695
0,1,SINGLE,DOUBLE,0.13159989,0.30339578,0.0005949033,0.006654543,0.14384323,0.15041898,0.014255342,0.24923731
4,7,BB,OUT,0.3970895,0.052116882,0.0014393908,0.0015693171,0.0075707585,0.06306676,0.05565299,0.42149436
7,7,OUT,OUT,0.15355127,0.17812091,0.00018947409,0.0023729107,0.012954331,0.08629811,0.017775971,0.548737
0,1,SINGLE,DOUBLE,0.20447737,0.51621175,0.0007383064,0.03378572,0.042822994,0.054561645,0.051102757,0.09629943
7,5,OUT,SO,0.12538591,0.057395626,0.042551775,0.0141263865,0.04864885,0.64199644,0.0019124615,0.067982584
0,5,SINGLE,SO,0.09508728,0.052875083,0.00017275527,0.009225265,0.025942955,0.67862606,0.00026887713,0.1378017
7,3,OUT,HR,0.09518989,0.07383679,0.0005129008,0.2291802,0.20159627,0.18146516,0.004266701,0.21395206
4,7,BB,OUT,0.10376175,0.010470463,0.0017345819,0.006062319,0.07418122,0.061698787,0.031395417,0.71069545
4,0,BB,SINGLE,0.393236,0.07196624,0.0025314866,0.0088030845,0.2681248,0.08464262,0.018718015,0.15197766
5,6,SO,HBP,0.15546589,0.046992064,0.0014604058,0.025604352,0.017444419,0.11220637,0.45138717,0.1894393
5,4,SO,BB,0.3372004,0.008425243,0.0019338534,0.0050161914,0.33966866,0.1583039,0.005682404,0.1437694
7,1,OUT,DOUBLE,0.15957043,0.3843346,0.0091156885,0.046275586,0.10681152,0.10566931,0.016317759,0.17190519
5,6,SO,HBP,0.036000036,0.017123438,8.6232525e-05,0.009243352,0.04647763,0.09031323,0.7487641,0.051991943
7,5,OUT,SO,0.0164838,0.0048246398,3.3145127e-05,0.0007108418,0.009767082,0.86166793,0.0060722595,0.100440316
7,7,OUT,OUT,0.19759294,0.11927171,0.032032028,0.0009532818,0.07345823,0.12345756,0.06771648,0.38551772
7,7,OUT,OUT,0.29879573,0.023966968,0.025093434,0.034419797,0.13460538,0.082474075,0.016829759,0.38381484
7,5,OUT,SO,0.2605207,0.21697816,0.0025521782,0.002134842,0.04641596,0.29173046,0.014616817,0.16505076
5,7,SO,OUT,0.0033875082,0.0005846646,1.3127425e-05,0.001125184,0.0044030477,0.46864748,4.0596708e-05,0.5217984
7,0,OUT,SINGLE,0.60219777,0.055693854,0.00077274145,0.005674068,0.040018205,0.10214626,0.05579943,0.1376977
4,5,BB,SO,0.12627777,0.06392405,0.0002691592,0.10700376,0.17566767,0.4038286,0.0027420656,0.120286815
7,7,OUT,OUT,0.30878806,0.03401925,0.015514768,0.064503506,0.024965094,0.11868964,0.030502375,0.40301728
7,7,OUT,OUT,0.2392288,0.054308616,0.0070879497,0.019053157,0.064551465,0.12259548,0.046891488,0.44628298
7,0,OUT,SINGLE,0.41128054,0.18309247,0.0007361887,0.15738162,0.027870897,0.1082328,0.006267458,0.10513796
0,1,SINGLE,DOUBLE,0.20929743,0.31697318,0.0008098165,0.0005100413,0.035427038,0.22005804,0.010554433,0.20637004
5,7,SO,OUT,0.0017022409,0.0002367757,5.5357483e-05,8.868646e-05,0.012708196,0.4592618,0.00095525774,0.52499163
0,7,SINGLE,OUT,0.28918225,0.14621678,0.0006350366,0.0022936366,0.07567081,0.06267089,0.004754883,0.41857576
7,7,OUT,OUT,0.21791016,0.04029671,0.026646294,0.026632005,0.27221903,0.13123941,0.005618331,0.27943805
7,5,OUT,SO,0.19535388,0.042195804,0.00037820195,0.04462292,0.16757645,0.2202836,0.18021768,0.1493715
7,7,OUT,OUT,0.12283396,0.016128588,0.0006463979,0.010668745,0.35678545,0.120247535,0.015800944,0.35688838
5,5,SO,SO,0.0055757854,0.0051033143,5.1473515e-05,0.0009926398,0.008547168,0.90953475,0.000103191436,0.07009162
5,0,SO,SINGLE,0.2764909,0.27549806,0.02459701,0.0047222935,0.15355465,0.058664553,0.0016784268,0.20479414
7,0,OUT,SINGLE,0.40139645,0.09935408,0.08907104,0.05952239,0.04684352,0.08670728,0.008313047,0.20879214
7,0,OUT,SINGLE,0.42422783,0.0057866434,0.0014604279,0.0064886985,0.41587448,0.02502264,0.0045730215,0.116566345
7,5,OUT,SO,0.18098092,0.05983946,0.0053453753,0.0028507377,0.16920635,0.3429731,0.010702114,0.22810191
7,7,OUT,OUT,0.17156638,0.3699522,3.079434e-05,0.003745265,0.018000638,0.062036905,0.0021490331,0.37251887
1,4,DOUBLE,BB,0.015022228,0.0041812505,0.0024094302,0.0073206765,0.85371727,0.043810353,0.005011033,0.06852769
5,0,SO,SINGLE,0.32983825,0.12434351,0.0029373665,0.01771844,0.09167784,0.17180116,0.015509193,0.24617414
5,7,SO,OUT,0.16771993,0.04385858,0.00042734764,0.017563134,0.02227077,0.21988828,0.102781475,0.42549044
0,1,SINGLE,DOUBLE,0.09402278,0.48152667,0.00039636676,0.002253789,0.020834919,0.16179769,0.16083226,0.078335494
4,5,BB,SO,0.22553365,0.05238658,0.00030477883,0.00016251986,0.046300784,0.46005642,0.0030854694,0.21216974
5,0,SO,SINGLE,0.29994923,0.05070177,0.00083530886,0.085906915,0.1853382,0.07234688,0.012055954,0.29286575
1,6,DOUBLE,HBP,0.14900742,0.007518636,0.00021758612,0.017196897,0.007040562,0.06940744,0.4224231,0.3271883
7,5,OUT,SO,0.11073875,0.008429431,0.022652894,0.013749241,0.09529763,0.59013665,0.0036460005,0.15534937
7,7,OUT,OUT,0.15967646,0.112728916,0.019948743,0.04351691,0.10833632,0.21704975,0.007508667,0.3312342
7,7,OUT,OUT,0.19716787,0.013088951,0.0008011915,0.012409443,0.024049824,0.3347601,0.0021362803,0.41558632
5,7,SO,OUT,0.2601088,0.19706778,0.00014617757,0.021882292,0.09214068,0.0869425,0.047374252,0.2943375
7,5,OUT,SO,0.13646114,0.03295703,0.00018790655,0.0075899437,0.1112696,0.5234747,0.00914331,0.17891638
0,7,SINGLE,OUT,0.27641973,0.13911119,0.0034757336,0.10951078,0.008865729,0.09950085,0.0015827465,0.36153325
0,7,SINGLE,OUT,0.23606855,0.058026645,0.00045112264,0.0015398165,0.028430223,0.30028468,0.02269216,0.35250685
7,5,OUT,SO,0.09968263,0.012940138,0.0003085664,0.109249584,0.20640117,0.35581344,0.0034860459,0.21211842
6,5,HBP,SO,0.23083521,0.04903569,0.00034553782,0.0024296406,0.05195022,0.47847345,0.02389019,0.16304016
0,0,SINGLE,SINGLE,0.4201421,0.017042853,0.0009968112,0.008568275,0.30248356,0.08341775,0.0076156557,0.15973304
7,4,OUT,BB,0.06477389,0.15261169,0.00013951433,0.039275363,0.5370761,0.04649416,0.0169019,0.14272738
7,5,OUT,SO,0.23783037,0.23220454,0.0011716855,0.031703293,0.03249752,0.25811818,0.0034628585,0.20301154
5,7,SO,OUT,0.24914365,0.048623968,0.0043509305,0.009171655,0.16975991,0.14169525,0.03012194,0.34713265
0,7,SINGLE,OUT,0.19756179,0.0368374,7.434028e-05,0.0001779418,0.037362624,0.10725592,0.0032908286,0.6174392
7,6,OUT,HBP,0.16995157,0.09199179,0.00033326817,0.041216858,0.14736621,0.0730697,0.3012404,0.1748302
5,7,SO,OUT,0.04067388,0.031175949,0.010723234,0.0028372654,0.15748619,0.08120291,0.02492737,0.65097326
0,7,SINGLE,OUT,0.15596808,0.03756396,0.013260803,0.0041225418,0.049400065,0.34832996,0.0012319697,0.3901226
7,7,OUT,OUT,0.24458009,0.1326017,0.049456973,0.03282576,0.0650806,0.11758764,0.07962416,0.27824306
7,7,OUT,OUT,0.09924373,0.09051252,0.0001531284,0.0028546413,0.05246044,0.09361855,0.0005002376,0.66065675
0,7,SINGLE,OUT,0.05516616,0.0693254,0.004215225,0.0025848758,0.02975459,0.28020298,0.00026846278,0.5584823
7,1,OUT,DOUBLE,0.07683351,0.30955464,0.00048684288,0.0036904784,0.18624891,0.20622066,0.10072692,0.116238125
7,5,OUT,SO,0.019194424,0.069210745,0.00012831684,0.00030605352,0.039189946,0.4483816,0.0002610338,0.42332786
3,4,HR,BB,0.08430366,0.025269384,0.00041959545,0.0021459635,0.54983604,0.093838096,0.0036718047,0.24051538
4,7,BB,OUT,0.20002203,0.02930069,0.21789517,0.0074368487,0.16886161,0.045738723,0.0687803,0.26196465
7,5,OUT,SO,0.20904675,0.051556714,0.025366118,0.024265427,0.04732955,0.4269013,0.0023697906,0.21316433
7,5,OUT,SO,0.06644813,0.03293866,0.110226355,0.0089346,0.069664046,0.59127647,0.025942815,0.09456889
0,1,SINGLE,DOUBLE,0.19651325,0.3571035,0.00035901056,0.001608778,0.08976562,0.09244122,0.0020989287,0.26010975
0,0,SINGLE,SINGLE,0.39197117,0.058099423,0.0008974016,0.03333999,0.075804405,0.04667812,0.26872185,0.12448769
0,4,SINGLE,BB,0.261927,0.024896821,0.00967175,0.06398342,0.2796968,0.09890143,0.050716683,0.21020617
0,4,SINGLE,BB,0.20898853,0.04586362,0.0011065992,0.0054314975,0.41539386,0.083761014,0.024674619,0.2147802
7,5,OUT,SO,0.12553717,0.026066676,0.0029652822,0.0067604687,0.004311244,0.49483603,0.0016559052,0.33786723
0,0,SINGLE,SINGLE,0.29974002,0.1003323,0.0009702397,0.16909881,0.16031767,0.12578794,0.007870148,0.13588285
7,5,OUT,SO,0.13137087,0.111768365,0.0010856123,0.0015358871,0.028176924,0.40661424,0.058017533,0.26143056
7,0,OUT,SINGLE,0.29862705,0.008791587,0.0019517009,0.0030834544,0.20496477,0.22066543,0.0115387915,0.25037724
7,3,OUT,HR,0.21787386,0.044399902,9.171873e-05,0.36942124,0.1702435,0.12138974,0.015244158,0.061335765
1,1,DOUBLE,DOUBLE,0.12748162,0.39527476,0.020186521,0.003646978,0.22584687,0.05666907,0.0018780724,0.16901615
7,5,OUT,SO,0.02252376,0.00016392964,0.00016891185,0.00015819102,0.016907787,0.9013067,0.0016283328,0.057142474
5,5,SO,SO,0.12571779,0.058252033,0.0014645315,0.08064762,0.25154993,0.30080402,0.0017428678,0.17982125
5,4,SO,BB,0.1655325,0.08691318,0.0021973099,0.18635513,0.31006193,0.089941986,0.005726899,0.15327108
7,0,OUT,SINGLE,0.39765772,0.0030951248,0.039280884,0.060981143,0.0303364,0.36269805,0.0012362087,0.104714476
5,7,SO,OUT,0.05265767,0.24070999,0.0008129319,0.014044136,0.2415376,0.1033949,0.024482686,0.3223601
7,7,OUT,OUT,0.10764797,0.007332978,9.6103235e-05,0.0686905,0.16641256,0.18868054,0.00684446,0.4542948
4,5,BB,SO,0.19772756,0.06927448,0.0030338499,0.008114838,0.06005916,0.48344445,0.00022590887,0.17811976
0,1,SINGLE,DOUBLE,0.02373973,0.3044179,0.0004728881,0.12503769,0.23682521,0.057133853,0.030452853,0.22191986
1,7,DOUBLE,OUT,0.2922373,0.16209975,0.0045408546,0.0004645808,0.016735902,0.19577886,0.004713477,0.32342932
4,4,BB,BB,0.06458331,0.29740956,0.00049153087,0.03296118,0.3461698,0.0845566,0.05530423,0.1185239
7,1,OUT,DOUBLE,0.08922562,0.5309179,0.0002241579,0.08127863,0.012997342,0.21431437,0.0027824778,0.068259485
0,3,SINGLE,HR,0.02526027,0.09931567,0.00023337222,0.4338563,0.03910359,0.2380915,0.0020828042,0.16205652
0,5,SINGLE,SO,0.13673867,0.2756777,0.00016338652,0.0051450375,0.027817737,0.39116478,0.0013670026,0.16192566
7,7,OUT,OUT,0.13159107,0.09422904,0.0048253243,0.07512632,0.026879838,0.14086007,0.003173018,0.5233154
3,5,HR,SO,0.055041194,0.2633644,0.0005677644,0.03224266,0.10801439,0.28846934,0.00094930385,0.25135088
7,7,OUT,OUT,0.23359704,0.07716921,0.0014027118,0.0148803685,0.06947502,0.26486814,0.01610325,0.32250422
7,0,OUT,SINGLE,0.42195284,0.02827952,0.0032361995,0.07292029,0.031566225,0.20345904,0.015811138,0.22277485
0,3,SINGLE,HR,0.02455169,0.04283559,0.0009782234,0.46876115,0.021988025,0.31308532,0.001834853,0.12596521
5,7,SO,OUT,0.068464465,0.0073254583,6.266077e-05,0.0023740425,0.016587172,0.06777362,0.00020674753,0.8372058
0,1,SINGLE,DOUBLE,0.09270809,0.6269218,0.0007783605,0.0048040673,0.061449453,0.15591274,0.0007535569,0.056671984
7,0,OUT,SINGLE,0.298615,0.26611927,0.0007570267,0.12529887,0.05432096,0.098894775,0.0037368832,0.15225713
0,4,SINGLE,BB,0.11990537,0.10828902,0.0024908965,0.01425647,0.53365886,0.12957677,0.0071344185,0.0846882
7,4,OUT,BB,0.099845245,0.17322479,0.00032513123,0.053670373,0.25663793,0.19970086,0.059562434,0.15703319
7,4,OUT,BB,0.067488484,0.12918457,0.001124024,0.018810047,0.43726966,0.18714178,0.009629467,0.14935206
1,1,DOUBLE,DOUBLE,0.20539048,0.28205913,0.030798078,0.038753834,0.11769928,0.05515814,0.012987721,0.25715336
0,5,SINGLE,SO,0.17383948,0.073757514,0.0008143334,0.024984866,0.10041311,0.44474563,0.0010372162,0.18040784
7,5,OUT,SO,0.012298684,0.15404128,0.0010090786,0.065622844,0.013986291,0.6510949,2.473621e-05,0.10192207
1,3,DOUBLE,HR,0.036823537,0.008232152,8.550751e-05,0.44565526,0.219316,0.23184842,0.0003314078,0.057707753
7,5,OUT,SO,0.06552745,0.0012663514,0.0014366005,0.00051253743,0.27094394,0.40854946,0.0021242092,0.24963942
7,5,OUT,SO,0.01754712,0.02321504,0.00027749717,0.005858561,0.0054682107,0.70928156,0.07237033,0.16598167
0,5,SINGLE,SO,0.028745592,0.005227846,0.0049153916,0.11997333,0.080064304,0.36426252,0.043006554,0.35380447
5,7,SO,OUT,0.08469559,0.05992744,0.0003151057,0.0072780484,0.0062960316,0.40289626,0.026712658,0.41187894
2,7,TRIPLE,OUT,0.22392622,0.062172446,0.00037855815,0.002030275,0.26400492,0.10861779,0.00030377187,0.33856595
7,5,OUT,SO,0.029236432,0.15433843,0.0016871007,0.032987103,0.24771386,0.28144625,0.0006727929,0.25191808
7,0,OUT,SINGLE,0.22587894,0.06066297,0.0020228191,0.028603362,0.15035039,0.19882101,0.13650042,0.19716005
0,7,SINGLE,OUT,0.082567476,0.041661095,0.00061311893,0.023666613,0.08519098,0.21578845,0.050102208,0.50041
7,7,OUT,OUT,0.06847442,0.21299325,6.290733e-05,0.03988102,0.140142,0.073113844,0.018305134,0.44702742
7,7,OUT,OUT,0.12809393,0.24881257,0.00026050836,0.002476678,0.08371068,0.1980672,0.05468135,0.28389704
5,7,SO,OUT,0.14424546,0.015133967,7.3429714e-05,0.05164722,0.023417093,0.2639202,0.021271091,0.4802916
5,5,SO,SO,0.07782198,0.07612545,6.860511e-05,0.09062557,0.15050669,0.4753847,0.00061279297,0.12885422
5,7,SO,OUT,0.26866272,0.010014092,3.2115775e-05,0.04963557,0.12910755,0.23370984,0.010484227,0.29835388
7,3,OUT,HR,0.014088657,0.34299728,0.011888147,0.36354458,0.11200161,0.04943687,8.41292e-05,0.105958715
7,3,OUT,HR,0.06599976,0.029991863,0.00017086057,0.23792024,0.2166725,0.23067735,0.0028743509,0.21569315
7,5,OUT,SO,0.074305855,0.02963934,0.0022294675,0.0015766976,0.28389445,0.4428717,0.03216904,0.13331354
7,7,OUT,OUT,0.17777081,0.23881347,0.0057726637,0.00798847,0.07294406,0.1745129,0.016589157,0.3056085
7,7,OUT,OUT,0.0912424,0.016993487,0.0013207499,0.012295018,0.36900237,0.0877518,0.007491861,0.4139023
0,7,SINGLE,OUT,0.1267605,0.043099303,0.0005992656,0.015590123,0.26588523,0.2537385,0.006751154,0.2875759
0,1,SINGLE,DOUBLE,0.111353084,0.39589486,0.002119353,0.016252164,0.05905043,0.14256826,0.0728346,0.19992737
7,7,OUT,OUT,0.15699838,0.014616029,0.0035109646,0.0043428326,0.10399605,0.33107635,0.00057023077,0.3848891
7,5,OUT,SO,0.06592559,0.06285154,0.040716637,0.024083609,0.08734876,0.5376021,0.0023791036,0.17909266
7,4,OUT,BB,0.025917822,0.00619694,0.004526371,0.059956137,0.8078943,0.035824712,0.002922084,0.056761626
7,3,OUT,HR,0.09491911,0.009867087,5.9230104e-05,0.57178634,0.07161651,0.19230723,0.0025891317,0.056855276
7,4,OUT,BB,0.07274079,0.09066696,0.00087361643,0.02333663,0.5397804,0.16005372,0.0014266709,0.1111211
5,7,SO,OUT,0.21395831,0.19973888,0.020727001,0.023224056,0.14969996,0.086993866,0.012294439,0.2933635
7,5,OUT,SO,0.2387116,0.039908618,0.002045626,0.0034353107,0.25912726,0.3059012,0.00465696,0.14621344
7,7,OUT,OUT,0.16604888,0.01998151,0.00050440826,0.0036688296,0.06798346,0.18524049,0.013364412,0.543208
0,7,SINGLE,OUT,0.3656507,0.0005017219,0.0030051898,0.015339204,0.017637853,0.1670406,0.0010625632,0.42976213
5,7,SO,OUT,0.3223087,0.05283924,0.0027624723,0.06322592,0.059325404,0.11806867,0.013154097,0.3683156
5,7,SO,OUT,0.2198753,0.047402404,0.0077468674,0.033463396,0.057142843,0.21846776,0.0064954814,0.40940595
7,4,OUT,BB,0.073022455,0.049558777,0.0002107116,0.04167183,0.36735284,0.16681044,0.024634542,0.27673835
5,7,SO,OUT,0.30653244,0.06364585,0.012247442,0.00018104576,0.0085555585,0.06181854,0.0036330821,0.54338604
0,1,SINGLE,DOUBLE,0.14163616,0.7174569,0.0020275211,0.009021274,0.015573743,0.017617388,0.0011511254,0.09551598
0,0,SINGLE,SINGLE,0.39791,0.18201979,0.0065571303,0.0062128506,0.021646956,0.1799408,0.0021585005,0.20355399
5,4,SO,BB,0.12646095,0.028518148,0.0025851359,0.040889893,0.6193204,0.07389763,0.0025109686,0.10581684
7,5,OUT,SO,0.22983873,0.06294487,0.005068863,0.004572179,0.014102463,0.46091273,0.012294569,0.2102657
7,7,OUT,OUT,0.2911802,0.008516883,0.0071856882,0.055945408,0.10677194,0.074561864,0.00673828,0.4490998
7,7,OUT,OUT,0.385469,0.016165521,0.012000469,0.011671541,0.07921982,0.05285,0.013386618,0.429237
3,4,HR,BB,0.21833423,0.20707789,0.0006501312,0.07885727,0.37256482,0.011355876,0.0021007576,0.10905899
5,0,SO,SINGLE,0.49824303,0.073332146,0.0027310916,0.0048951814,0.15078868,0.15852132,0.03477605,0.076712415
7,1,OUT,DOUBLE,0.12361668,0.5395873,0.0018182585,0.09450114,0.022327896,0.1326646,0.0022578712,0.08322618
5,5,SO,SO,0.09464305,0.026418624,0.0007016629,0.029101444,0.25394857,0.3372797,0.0023883514,0.2555186
7,7,OUT,OUT,0.20341387,0.0025326589,0.016952353,0.013548918,0.22002889,0.1428725,0.0031403706,0.39751047
7,3,OUT,HR,0.12454773,0.12731595,0.0003976686,0.32899356,0.049550857,0.23697498,0.012026133,0.12019319
4,7,BB,OUT,0.2136656,0.056804705,0.023614313,0.013964621,0.08458424,0.25114202,0.011815544,0.34440887
7,5,OUT,SO,0.1395217,0.2286305,0.041166686,0.00074567256,0.021462025,0.3180952,0.0009829154,0.24939534
7,5,OUT,SO,0.28292218,0.04522642,0.022348374,0.0034809331,0.045054957,0.39024106,0.017140133,0.19358589
7,1,OUT,DOUBLE,0.116199076,0.59971577,0.018986361,0.0050529363,0.044915263,0.092959456,0.008413372,0.11375781
5,7,SO,OUT,0.27613792,0.023793353,0.0027160214,0.022070743,0.09975227,0.1528118,0.019830145,0.40288767
7,4,OUT,BB,0.14858797,0.027296996,0.00044594076,0.012072918,0.36943835,0.25643462,0.00058907486,0.18513414
7,7,OUT,OUT,0.06716191,0.02380715,0.002089243,0.028481051,0.057488825,0.24531642,0.020149073,0.5555064
3,7,HR,OUT,0.21342136,0.07553568,0.0018005371,0.015533766,0.16333851,0.24423407,0.003176716,0.2829593
7,5,OUT,SO,0.2261105,0.21663855,0.00068605534,0.0012221509,0.050440494,0.41538846,0.007653523,0.08186026
0,1,SINGLE,DOUBLE,0.26510268,0.33189943,0.0011037174,0.031632695,0.13140249,0.07256485,0.0003332656,0.16596088
0,1,SINGLE,DOUBLE,0.054311205,0.64141446,0.00049937615,0.08878019,0.033321004,0.096785985,0.005936667,0.078951225
7,5,OUT,SO,0.18710096,0.010724245,0.0047881,0.0055952515,0.18938582,0.3694654,0.0039084107,0.22903179
4,4,BB,BB,0.21074268,0.082074925,0.008353326,0.0005999942,0.37057495,0.20078446,0.0018950134,0.12497465
3,4,HR,BB,0.14455,0.028129369,0.00025732451,0.011705764,0.54726875,0.19136399,0.00033755996,0.07638724
7,4,OUT,BB,0.044742156,0.008970968,0.005978421,0.0013301373,0.46929505,0.40878105,0.0032273529,0.057674944
0,7,SINGLE,OUT,0.24989377,0.003323548,0.00028811023,0.003892045,0.15773563,0.14086074,0.0024146708,0.4415915
4,0,BB,SINGLE,0.33527732,0.05563606,0.0019448537,0.14921795,0.05648971,0.2480546,0.0063557043,0.14702383
7,4,OUT,BB,0.030500952,0.00080668926,0.0009730754,0.018948553,0.5811804,0.15089843,0.012109948,0.20458198
6,0,HBP,SINGLE,0.3048486,0.03447566,0.0069769877,0.05178891,0.07086732,0.24984506,0.010100288,0.27109718
4,0,BB,SINGLE,0.57915974,0.0038611328,0.00025717978,0.010234555,0.048492122,0.18319346,0.0841874,0.090614386
5,5,SO,SO,0.25074968,0.060940914,0.0001472194,0.06599685,0.058876615,0.49712932,0.021446472,0.044712942
7,5,OUT,SO,0.118101105,0.115213804,0.00031603884,0.12498831,0.048869263,0.45145622,0.09238321,0.04867201
7,3,OUT,HR,0.14252496,0.0025623974,0.000107570384,0.64836854,0.024992615,0.12766957,0.013220798,0.040553458
5,5,SO,SO,0.044923406,0.0082749305,0.03928852,0.0003401652,0.013132011,0.46231085,0.05333124,0.37839884
4,5,BB,SO,0.050008547,0.03496126,0.007427779,0.014743624,0.24832246,0.33040047,0.08107787,0.23305795
7,0,OUT,SINGLE,0.68051845,0.08694296,0.0007051706,0.034838755,0.01991606,0.09065829,0.00095077406,0.08546952
1,0,DOUBLE,SINGLE,0.40277982,0.02017655,0.0001578576,0.017452758,0.12177129,0.21092734,0.00030990192,0.22642455
5,0,SO,SINGLE,0.53430027,0.047704563,0.0003538111,0.0011160317,0.27972567,0.04252304,0.00021651514,0.09406008
5,4,SO,BB,0.08240237,0.0149458125,0.0012471739,0.020867702,0.44465435,0.07168951,0.03289992,0.33129314
4,7,BB,OUT,0.19297439,0.06294105,0.00066794705,0.042101298,0.21246171,0.11846243,0.11769044,0.25270078
5,5,SO,SO,0.16615447,0.024791788,8.399191e-05,0.013320072,0.12894072,0.45881525,0.050892882,0.15700087
7,5,OUT,SO,0.24600834,0.070056595,0.005044364,0.04371712,0.089176044,0.391023,0.021055298,0.13391928
7,5,OUT,SO,0.08202857,0.04234626,0.0034008916,0.0020202724,0.16018899,0.35792327,0.0015327696,0.350559
5,5,SO,SO,0.18269324,0.16470936,0.005107723,0.009200263,0.1484629,0.33327574,0.002627818,0.15392299
0,7,SINGLE,OUT,0.10418735,0.0115753235,0.00093552726,0.16240698,0.07217274,0.0488899,0.008281233,0.59155095
7,4,OUT,BB,0.19162384,0.1320673,0.0014835105,0.0008231812,0.28060803,0.13135916,0.0021279957,0.25990695
0,5,SINGLE,SO,0.27981117,0.06498316,0.0013971534,0.07053061,0.04085318,0.4175227,0.004920722,0.11998133
7,7,OUT,OUT,0.07662112,0.24665818,0.00044071098,0.0030965854,0.12457034,0.05332558,0.00027391533,0.4950135
7,0,OUT,SINGLE,0.55557406,0.05037566,0.0018125436,0.010774825,0.2039935,0.041629147,0.024433723,0.1114065
5,7,SO,OUT,0.032920223,0.009188221,0.007517553,0.019130504,0.20715448,0.11055698,0.0044489997,0.609083
7,7,OUT,OUT,0.03630601,0.05954848,0.022655979,0.003573689,0.11579711,0.23270534,0.004277829,0.5251355
0,4,SINGLE,BB,0.10206728,0.0046798247,0.0010325452,0.05728212,0.729423,0.060291726,0.001548713,0.043674786
0,7,SINGLE,OUT,0.23806931,0.0843973,0.00048659826,0.015660746,0.037282236,0.16840094,0.0006609889,0.4550419
7,5,OUT,SO,0.12609175,0.16957554,0.00549062,0.0016221892,0.01028433,0.3842204,0.021588342,0.28112677
7,7,OUT,OUT,0.20536189,0.174612,0.020134991,0.013866879,0.09025656,0.15899837,0.03660324,0.30016613
5,7,SO,OUT,0.07747797,0.024149796,0.0014303566,0.0027028632,0.10795379,0.12588446,0.00065748894,0.65974325
5,4,SO,BB,0.17782442,0.04429969,0.022468511,0.09202793,0.26693803,0.22894669,0.040564355,0.12693037
5,0,SO,SINGLE,0.54401135,0.086875804,0.0001695501,0.020952864,0.032223877,0.17422277,0.043512482,0.09803141
5,0,SO,SINGLE,0.509627,0.0441893,0.005351613,0.03430784,0.029884389,0.066369615,0.0057231532,0.30454713
7,5,OUT,SO,0.29870492,0.011791004,4.609586e-05,0.0034660157,0.0049486007,0.6043963,0.00074406905,0.075903066
4,4,BB,BB,0.19011712,0.027630672,0.00019238099,0.07037988,0.32288638,0.09433434,0.0026598487,0.2917994
7,4,OUT,BB,0.05148736,0.18393543,0.0009994217,0.031477712,0.4034586,0.1276467,0.0007850404,0.20020978
7,5,OUT,SO,0.12355453,0.011146496,0.00046313962,0.0036946991,0.16606176,0.35048178,0.0047415565,0.33985606
5,5,SO,SO,0.20736793,0.11243034,0.0018809605,0.0350062,0.19281314,0.2618268,0.0037664801,0.18490812
4,0,BB,SINGLE,0.4075934,0.044519417,0.007273091,0.00851998,0.3156441,0.044210333,0.009138021,0.16310166
1,4,DOUBLE,BB,0.106634066,0.13186683,0.07031695,0.035625994,0.5654201,0.032408454,0.00041617014,0.057311483
5,0,SO,SINGLE,0.49011934,0.0139170075,0.0025577368,0.028301567,0.009751693,0.08379501,0.0053401543,0.36621752
7,4,OUT,BB,0.2679816,0.05070811,0.021726597,0.037911035,0.28526485,0.08296054,0.01024111,0.24320613
7,1,OUT,DOUBLE,0.10915418,0.48241654,0.021185093,0.025404563,0.09753033,0.12789793,0.008910584,0.12750068
7,5,OUT,SO,0.077805705,0.013967689,0.006545138,0.0008912001,0.1535445,0.4885095,0.012516115,0.24622013
5,7,SO,OUT,0.22705053,0.0029685427,0.00046276712,0.001378656,0.020177858,0.31264776,0.0011832791,0.43413064
5,5,SO,SO,0.11722919,0.11850559,0.013738098,0.00072658696,0.017357886,0.5383576,0.0013282623,0.19275682
7,7,OUT,OUT,0.17657363,0.13775934,0.00331965,0.23455587,0.038126394,0.1546189,0.005880096,0.24916606
5,5,SO,SO,0.09602015,0.031599037,0.0020422866,0.10652722,0.04570548,0.46634862,0.008807882,0.24294935
5,7,SO,OUT,0.29232937,0.18577729,0.016103102,0.02732338,0.053177822,0.10551572,0.025207836,0.29456547
0,4,SINGLE,BB,0.044167317,0.06944773,0.0021849948,0.015060175,0.7279424,0.03822321,0.009440901,0.09353328
7,1,OUT,DOUBLE,0.1472323,0.34567425,0.020348081,0.023875691,0.1094666,0.10837019,0.044245604,0.20078737
5,4,SO,BB,0.26036456,0.10859171,0.00024725028,0.022156622,0.44377506,0.04791003,0.00017095702,0.11678379
5,5,SO,SO,0.04599183,0.07999434,0.0043099686,0.024235563,0.07736905,0.6197516,0.001355078,0.1469926
5,7,SO,OUT,0.21586141,0.002989485,0.003603367,0.03542639,0.20113441,0.26298544,0.005663301,0.27233618
7,5,OUT,SO,0.2609032,0.027001152,0.0043194895,0.014386117,0.08355535,0.41130847,0.008373169,0.19015314
5,7,SO,OUT,0.049470123,0.047719065,0.0019201937,0.0008165276,0.0786482,0.11307953,0.0057803956,0.70256597
7,2,OUT,TRIPLE,0.21698757,0.21957162,0.27982855,0.014231745,0.016782828,0.09840575,0.029068789,0.12512316
7,0,OUT,SINGLE,0.40089533,0.24662086,0.0037819026,0.016572913,0.106252894,0.08677648,0.003047327,0.13605228
6,1,HBP,DOUBLE,0.24731113,0.2791952,0.0018333192,0.006614123,0.1247166,0.09775582,0.005065663,0.23750806
5,0,SO,SINGLE,0.40726015,0.053115748,0.00069180323,0.027522495,0.020065766,0.1009745,0.0016323172,0.38873714
7,7,OUT,OUT,0.15197428,0.09303682,0.0010876129,0.05745381,0.04485155,0.084170535,0.016254343,0.551171
7,0,OUT,SINGLE,0.41963938,0.010906705,0.0026755733,0.009164355,0.016978126,0.13133499,0.16785279,0.24144804
0,7,SINGLE,OUT,0.18381114,0.04961277,0.0065015755,0.19289804,0.09750566,0.0799941,0.01188448,0.3777922
7,7,OUT,OUT,0.16026865,0.26678115,0.00067913544,0.001974042,0.06228106,0.052487683,0.0032074442,0.45232087
0,7,SINGLE,OUT,0.12471369,0.2922957,0.002417169,0.012201406,0.059785202,0.09359355,0.07086177,0.34413156
7,7,OUT,OUT,0.26378125,0.006652144,0.007649655,0.0032514536,0.108229056,0.11158962,0.006695576,0.4921512
5,4,SO,BB,0.06857688,0.043461464,0.00039152638,0.006425945,0.68480104,0.028033148,0.054557994,0.11375198
7,0,OUT,SINGLE,0.50199014,0.08168473,0.000977441,0.002339982,0.16983604,0.101939805,0.0033282945,0.1379035
0,1,SINGLE,DOUBLE,0.08815335,0.40011203,0.00017980699,0.19783233,0.17720938,0.03909786,0.00045031405,0.09696494
0,0,SINGLE,SINGLE,0.42799252,0.23752338,0.0041620634,0.0867419,0.027878923,0.12741585,0.0063929562,0.08189234
0,0,SINGLE,SINGLE,0.6210247,0.05934051,0.0030404062,0.006376448,0.07333868,0.1070553,0.0020987566,0.1277252
7,5,OUT,SO,0.15935525,0.051677726,0.0039827744,0.0059333746,0.23922719,0.31768534,0.008152351,0.21398601
7,7,OUT,OUT,0.0980446,0.061648283,0.0015536945,0.08911767,0.063207954,0.08345687,0.0044113672,0.5985595
0,5,SINGLE,SO,0.0714736,0.0019352816,0.0004289304,0.0008948885,0.009662852,0.67700875,0.00022778714,0.23836805
0,4,SINGLE,BB,0.29193938,0.013038889,0.002639568,0.11084467,0.3457287,0.05021505,0.015578324,0.17001538
7,5,OUT,SO,0.1060394,0.14757605,0.020556757,0.028554818,0.100569144,0.41224816,0.0021201668,0.18233556
5,7,SO,OUT,0.08803078,0.006249274,0.0064581092,0.027780948,0.060537446,0.09905816,0.0013193715,0.71056587
7,0,OUT,SINGLE,0.3517057,0.036384013,0.007282903,0.011796019,0.14039429,0.1330651,0.0055486686,0.31382334
7,7,OUT,OUT,0.18502152,0.23369622,0.005958858,0.013597711,0.10299566,0.13420728,0.015814688,0.3087081
7,0,OUT,SINGLE,0.45301372,0.09988,0.01156707,0.008599383,0.10775586,0.15321808,0.0124554625,0.15351039
0,7,SINGLE,OUT,0.1807786,0.21692762,0.004301796,0.0064557083,0.083914496,0.14007425,0.039711837,0.32783568
7,7,OUT,OUT,0.21411502,0.22314766,0.0060606184,0.0041074436,0.124054514,0.14842343,0.00077566213,0.2793155
7,1,OUT,DOUBLE,0.21471572,0.5673982,0.0018375524,0.062050126,0.081081,0.012216149,0.006280546,0.05442069
7,4,OUT,BB,0.11571664,0.23463644,0.007359135,0.04213967,0.28376135,0.18087222,0.016109271,0.11940521
7,3,OUT,HR,0.03660973,0.006132514,0.01479475,0.6996588,0.037766337,0.036361553,0.0021085062,0.16656782
0,4,SINGLE,BB,0.13068777,0.15985008,0.0083979955,0.0019323532,0.38718283,0.199597,0.00061497145,0.111737005
0,7,SINGLE,OUT,0.22855443,0.11440004,0.030580958,0.005275155,0.10389377,0.0387079,0.0007316068,0.47785622
5,0,SO,SINGLE,0.3067569,0.05832576,0.0018223394,0.09997147,0.15446012,0.06887197,0.0066005825,0.30319083
4,0,BB,SINGLE,0.36305195,0.16265588,0.0024437124,0.008724681,0.09296536,0.18191724,0.007934477,0.18030673
7,7,OUT,OUT,0.04740989,0.017097974,0.0016936103,0.000991255,0.003122849,0.012629688,0.0018581486,0.9151966
5,5,SO,SO,0.063996285,0.11123478,0.0011669258,0.043700118,0.02163048,0.4928773,0.0012360836,0.2641581
5,5,SO,SO,0.049802773,0.046980537,0.0049933414,0.005412385,0.0990258,0.40043995,0.0006094975,0.39273566
7,4,OUT,BB,0.16790695,0.0068203905,0.0004382071,0.020815292,0.5400122,0.06912871,0.0010268771,0.19385126
7,7,OUT,OUT,0.11780629,0.035073943,1.2651798e-05,0.0323153,0.0474357,0.11958403,0.012249974,0.6355221
4,5,BB,SO,0.19481824,0.024599083,0.0006008383,0.008141596,0.03990878,0.6376551,0.0024161583,0.09186015
7,0,OUT,SINGLE,0.38610977,0.018863741,0.0033262433,0.06373731,0.06396431,0.32896525,0.0020614045,0.13297197
7,3,OUT,HR,0.04052335,0.18625627,0.010812588,0.58977735,0.0046519893,0.018911593,0.04728605,0.10178077
7,0,OUT,SINGLE,0.2535031,0.1225323,0.00058826397,0.03848602,0.1650877,0.18319389,0.01509472,0.22151405
7,0,OUT,SINGLE,0.4818488,0.006302213,0.07791608,0.0010299247,0.02753711,0.1229724,0.034134064,0.24825937
5,7,SO,OUT,0.15975639,0.06307854,0.0020875009,0.045203842,0.16201167,0.22344981,0.07913188,0.26528037
0,7,SINGLE,OUT,0.114339545,0.044042867,0.07720392,0.0092053525,0.053624008,0.3000775,0.027485989,0.37402079
7,7,OUT,OUT,0.2622965,0.21311589,0.0057711555,0.0016654581,0.019187633,0.09171756,0.0033254076,0.40292042
4,7,BB,OUT,0.1934653,0.08418709,0.094094746,0.02097972,0.10787776,0.07213456,0.04249085,0.38477
4,7,BB,OUT,0.121197,0.10976293,0.008599141,0.055922396,0.028210105,0.27032277,0.00877296,0.39721265
1,7,DOUBLE,OUT,0.124148056,0.027891407,0.0028980155,0.019020677,0.023434648,0.15308127,0.0012201001,0.6483059
5,5,SO,SO,0.0021116927,0.01290506,4.0929885e-05,0.0003772958,0.0018345434,0.66892624,0.0026944797,0.31110972
5,4,SO,BB,0.11328475,0.16970958,0.0007344189,0.012828792,0.42662704,0.09587863,0.0029007578,0.17803599
0,7,SINGLE,OUT,0.26596949,0.04651134,0.01326038,0.00053460547,0.13916484,0.04776121,0.0008646311,0.4859334
5,6,SO,HBP,0.16422255,0.029948361,0.00090883253,0.006946568,0.17228907,0.04728182,0.3559257,0.22247712
7,7,OUT,OUT,0.2834284,0.010000556,0.0006004655,0.0007720026,0.043638423,0.25800648,0.00016265946,0.403391
7,1,OUT,DOUBLE,0.033356477,0.41231012,0.0031568806,0.0025088827,0.03958242,0.25840047,0.014804855,0.23587988
0,0,SINGLE,SINGLE,0.36433294,0.13994385,0.03253344,0.0026501096,0.14714824,0.06500755,0.0033108003,0.24507311
7,0,OUT,SINGLE,0.9108328,0.0021923976,0.00073508255,0.00035966205,0.0128690535,0.037120692,0.0031327798,0.032757476
7,4,OUT,BB,0.09089005,0.025068799,0.0005623998,0.001856384,0.4682834,0.09593645,0.009297703,0.3081048
5,7,SO,OUT,0.1991212,0.033218175,0.0012321693,0.0006426019,0.11081739,0.093309194,0.00047360154,0.56118566
7,7,OUT,OUT,0.052847564,0.002324377,0.0046525686,0.03905261,0.041655846,0.04843873,0.00071824715,0.81031
5,7,SO,OUT,0.17355463,0.045628127,0.009150883,0.032815076,0.02783341,0.27939528,0.064662255,0.36696035
7,0,OUT,SINGLE,0.28737214,0.15545557,0.006744238,0.0155554125,0.23078418,0.047099747,0.005932283,0.25105646
5,7,SO,OUT,0.048321817,0.03712151,0.0064059612,0.06004945,0.21836063,0.1776084,0.012322469,0.43980968
5,7,SO,OUT,0.15929252,0.019171108,0.0044298987,0.08282795,0.21960129,0.09505142,0.006284005,0.41334182
7,7,OUT,OUT,0.25793654,0.055378255,0.0004457638,0.003369993,0.15136163,0.119431525,0.002463321,0.40961295
7,0,OUT,SINGLE,0.4894613,0.014298795,0.0009745757,4.6303885e-05,0.010694073,0.043807242,0.0001399298,0.44057778
5,1,SO,DOUBLE,0.24804892,0.35177892,0.0018903397,0.039444476,0.14134035,0.05906036,0.005189266,0.1532474
7,5,OUT,SO,0.054079294,0.10238929,0.0017617828,0.024190018,0.24846211,0.41812822,0.0056591625,0.14533012
7,7,OUT,OUT,0.19276898,0.0063606347,0.005373592,0.19758685,0.02653131,0.08663519,0.022729462,0.46201405
0,1,SINGLE,DOUBLE,0.08232048,0.2442825,0.0050894856,0.041016553,0.2284229,0.18785249,0.0012241394,0.20979154
7,5,OUT,SO,0.0018275246,0.0006721793,3.4126815e-06,1.3109071e-05,0.0007018802,0.53974694,0.0052864184,0.45174855
7,7,OUT,OUT,0.20872295,0.18778712,0.0035374167,0.03336387,0.029339403,0.10343967,0.022769533,0.41104
5,5,SO,SO,0.26838398,0.051455125,0.0006915828,0.011707846,0.014740222,0.4084826,0.023580942,0.22095764
5,5,SO,SO,0.17033598,0.07656683,0.00067490566,0.05023645,0.024371127,0.43006778,0.008951484,0.23879543
0,7,SINGLE,OUT,0.047957692,0.005623731,0.0022574526,0.0014248278,0.26549226,0.3202848,0.0013444745,0.3556147
7,0,OUT,SINGLE,0.40211886,0.09951173,0.00020196274,0.040281452,0.18149722,0.10169536,0.002831763,0.17186166
3,1,HR,DOUBLE,0.10666295,0.4996368,0.016417023,0.10726396,0.04385504,0.08011162,0.02363081,0.12242181
7,5,OUT,SO,0.012757891,9.972526e-05,4.1399293e-05,0.019782234,0.0053554974,0.80366915,0.0064007025,0.15189336
7,7,OUT,OUT,0.1303609,0.0037553275,0.022631666,0.002727962,0.004351143,0.11924118,0.0037471172,0.71318465
5,7,SO,OUT,0.07350647,0.076947585,0.08185923,0.17748533,0.15150522,0.12145855,0.00062872993,0.31660888
5,5,SO,SO,0.08512815,0.004059765,0.0041418294,0.00088304933,0.0023053915,0.7441236,0.01084958,0.14850861
7,5,OUT,SO,0.032304794,0.01671186,0.0005888979,0.002313709,0.005109902,0.7540586,0.011963884,0.17694835
7,7,OUT,OUT,0.2474961,0.028170953,0.021932494,0.019100262,0.23881488,0.1642557,0.0029122434,0.27731743
5,5,SO,SO,0.04750796,0.021560164,0.0010146558,0.2523949,0.096092485,0.37550026,0.04941652,0.15651311
5,3,SO,HR,0.21867433,0.10535571,0.001981106,0.3416121,0.023665797,0.07189477,0.028991632,0.20782462
7,4,OUT,BB,0.09883601,0.13153043,0.011904096,0.06722319,0.27462122,0.1457409,0.001512188,0.268632
3,3,HR,HR,0.03638431,0.02296354,0.0061002313,0.4324883,0.11314507,0.067098774,0.00996259,0.3118571
7,7,OUT,OUT,0.18822539,0.091258526,0.0007714232,0.047241636,0.075194515,0.28092915,0.019250521,0.2971288
7,5,OUT,SO,0.13449916,0.07865368,0.001662215,0.062830515,0.10766544,0.3981132,0.03239222,0.18418357
7,7,OUT,OUT,0.15112051,0.12315458,0.0034874822,0.19336653,0.123393044,0.15218514,0.0021969532,0.25109574
7,7,OUT,OUT,0.11063922,0.34020588,0.005939979,0.014309269,0.09597039,0.029709697,0.00039682043,0.40282875
7,7,OUT,OUT,0.10655557,0.17981756,0.020477623,0.058057543,0.251874,0.07136952,0.035053,0.2767952
7,7,OUT,OUT,0.15650423,0.20040537,0.019648155,0.024853572,0.23251672,0.06878544,0.001527911,0.29575863
7,7,OUT,OUT,0.14398102,0.013530088,0.013844671,0.010498259,0.22488946,0.1833794,0.007410534,0.40246657
0,0,SINGLE,SINGLE,0.3463051,0.013407336,0.00044660925,0.03734585,0.083211735,0.2160669,0.004175884,0.29904056
7,7,OUT,OUT,0.38444218,0.038061924,0.0024832508,0.006796614,0.028840367,0.085722715,0.0022486222,0.45140436
7,7,OUT,OUT,0.098318405,0.048049863,0.0013346841,0.0022110513,0.0078203175,0.28753263,0.0003750192,0.554358
5,0,SO,SINGLE,0.59586424,0.024540847,0.030433621,0.0074344855,0.043599397,0.10544894,0.0016978387,0.19098064
0,7,SINGLE,OUT,0.09021626,0.0030057726,0.002857648,0.0037736697,0.0052722674,0.25452483,0.0073612253,0.63298833
7,5,OUT,SO,0.26205814,0.029682802,0.0019943146,0.18299197,0.05981642,0.33434787,0.0061232927,0.122985184
0,7,SINGLE,OUT,0.18189928,0.18374003,0.0057535386,0.09856039,0.06006672,0.15942937,0.01603684,0.29451388
7,5,OUT,SO,0.12351046,0.09392712,0.010437105,0.1964744,0.13174628,0.33238566,0.0020843113,0.10943478
7,1,OUT,DOUBLE,0.024382167,0.3889203,0.0017681381,0.3584921,0.061447315,0.069283694,0.006874986,0.08883136
7,5,OUT,SO,0.17591259,0.12763923,0.018870825,0.13362353,0.062565,0.2710885,0.002435304,0.20786494
7,7,OUT,OUT,0.18120337,0.032111254,0.0022727828,0.062439688,0.043088764,0.23678914,0.0005192873,0.44157568
7,5,OUT,SO,0.012539571,0.034865864,0.00014942772,0.28417572,0.025570484,0.47566926,0.045556765,0.12147293
7,5,OUT,SO,0.06784912,0.032284204,0.00055868225,0.022018062,0.021098165,0.49078736,0.013369381,0.35203508
4,5,BB,SO,0.1429801,0.05114249,0.00045598284,0.055786606,0.06070652,0.56021553,0.009017201,0.11969561
7,5,OUT,SO,0.22378494,0.22453177,0.00010054124,0.12199763,0.046374403,0.23809735,0.016592732,0.12852067
7,0,OUT,SINGLE,0.2728568,0.08887294,0.011182375,0.06502038,0.03953611,0.24991375,0.06834359,0.20427404
7,7,OUT,OUT,0.27572256,0.049170204,0.0015899185,0.05124481,0.16626315,0.09748318,0.045736313,0.3127899
7,0,OUT,SINGLE,0.31991923,0.022719646,0.0124673005,0.02409312,0.14433898,0.2764076,0.0015730007,0.19848108
7,0,OUT,SINGLE,0.4486074,0.0057779592,0.0019152539,0.0034954406,0.2717697,0.03378597,0.052092347,0.18255602
7,4,OUT,BB,0.025417486,0.052730814,0.02620287,0.3719786,0.3935356,0.029817028,0.00084429333,0.099473424
7,1,OUT,DOUBLE,0.063003965,0.37385976,0.2210767,0.12432073,0.06710382,0.055973828,0.00044419747,0.09421701
7,0,OUT,SINGLE,0.44643822,0.012209813,0.00036026866,0.001387965,0.007336858,0.24282786,0.0029645495,0.2864746
7,7,OUT,OUT,0.3290522,0.016891662,0.019295303,0.00840671,0.112134315,0.13766587,0.0012798555,0.37527415
7,7,OUT,OUT,0.2998645,0.07975423,9.839117e-05,0.08971781,0.017487034,0.08714997,0.005950263,0.41997772
5,7,SO,OUT,0.0006982858,0.0004578719,1.1164615e-06,0.00016372482,0.00047106904,0.22876619,3.6575e-05,0.7694052
0,7,SINGLE,OUT,0.023759425,0.000118391334,0.0008026458,0.0023796414,0.04511699,0.3380695,0.0005852879,0.5891681
6,3,HBP,HR,0.06623818,0.045650512,0.0003418242,0.6011599,0.121674575,0.0895134,0.0020040532,0.073417515
0,7,SINGLE,OUT,0.028322548,0.030402549,0.0012049621,0.046277095,0.06229218,0.09975747,0.017896155,0.71384704
7,5,OUT,SO,0.085223764,0.09214037,0.0030338033,0.21442224,0.22788517,0.25828394,0.0006794114,0.118331306
7,7,OUT,OUT,0.03894153,0.09902873,0.00037441682,0.074826516,0.17258187,0.11345692,0.01259644,0.4881936
0,0,SINGLE,SINGLE,0.26587537,0.13869081,0.009027393,0.017283961,0.15940475,0.2051865,0.016781954,0.18774927
7,0,OUT,SINGLE,0.47916108,0.06446729,0.03485827,0.0035496405,0.07865422,0.09157078,0.014016313,0.23372237
5,5,SO,SO,0.03860947,0.015539905,0.00058135414,0.041639395,0.003484672,0.7583159,0.0017582274,0.14007105
7,4,OUT,BB,0.23533167,0.05386823,0.0023449578,0.10870821,0.25191677,0.07564784,0.07195425,0.20022814
5,5,SO,SO,0.11485984,0.077882364,0.0018324339,0.003247616,0.11721881,0.34957528,0.23825587,0.09712782
7,7,OUT,OUT,0.17656277,0.13468373,0.008297909,0.0032492743,0.07505782,0.18463601,0.01765089,0.39986148
7,6,OUT,HBP,0.17138721,0.043868843,0.017125307,0.001117615,0.15140855,0.0761062,0.29024318,0.24874315
3,4,HR,BB,0.1740996,0.055220008,0.00039129803,0.0083134975,0.3965036,0.11932709,0.05502669,0.19111815
5,7,SO,OUT,0.06725998,0.005955574,0.00070727593,0.031079821,0.18979555,0.277519,0.013918971,0.41376382
0,0,SINGLE,SINGLE,0.51390964,0.04458882,9.0981215e-05,0.00019401626,0.079412274,0.051813517,0.0067788116,0.3032119
7,5,OUT,SO,0.08818065,0.0049108327,9.545799e-05,0.004085219,0.05728584,0.6159553,7.923147e-05,0.22940744
7,0,OUT,SINGLE,0.6669905,0.018263888,0.00050249824,0.015788274,0.10293917,0.10892029,0.001071691,0.085523665
3,4,HR,BB,0.15185086,0.018671809,0.00035468768,0.027032392,0.33534417,0.20738032,0.0016734131,0.25769234
5,5,SO,SO,0.1554611,0.01125085,0.007556924,0.12761894,0.25061056,0.2803406,0.0011791788,0.16598192
7,5,OUT,SO,0.009681773,0.0002026395,3.586753e-05,0.000121958496,0.00024615086,0.87305987,4.7386816e-06,0.11664691
7,7,OUT,OUT,0.17258619,0.08392277,0.02624066,0.11657269,0.15543053,0.19830427,0.008451858,0.23849094
7,1,OUT,DOUBLE,0.2481136,0.28992596,0.0023549423,0.00095501175,0.22847413,0.07416598,0.016712623,0.13929783
7,5,OUT,SO,0.09213285,0.011285393,0.00088817463,0.00460442,0.06316635,0.44640577,0.009043959,0.37247312
7,4,OUT,BB,0.27692917,0.010956106,0.008042397,0.0021400002,0.41426677,0.16351338,0.0021042014,0.122048005
7,0,OUT,SINGLE,0.3912948,0.0055058165,0.002826176,0.0035460985,0.1322076,0.19086666,0.0012428832,0.27250993
7,7,OUT,OUT,0.17685123,0.026698306,0.00069152133,0.006920254,0.32753196,0.06830243,0.005614629,0.38738966
0,7,SINGLE,OUT,0.2722156,0.017033879,0.0018479807,0.012721413,0.22460192,0.06804342,0.01715101,0.38638476
4,0,BB,SINGLE,0.59388006,0.033913266,0.00010867379,0.004271343,0.059659645,0.10092793,0.045730267,0.16150878
7,4,OUT,BB,0.16760603,0.03902318,3.178279e-06,0.00039903919,0.36076036,0.08400513,0.00075671816,0.3474463
7,5,OUT,SO,0.05151191,0.06267354,2.9126677e-05,0.11059528,0.008963336,0.5104954,0.00027032918,0.2554611
5,5,SO,SO,0.005099212,0.00033094987,0.0058519393,0.00046745647,0.013829919,0.82889235,0.0017146659,0.14381346
7,7,OUT,OUT,0.19552982,0.0056196027,0.008598939,0.0033833298,0.010624989,0.14526302,0.012321553,0.61865884
5,5,SO,SO,0.12056587,0.020539273,8.424876e-05,0.0003234165,0.011630188,0.78378177,0.0008461057,0.062229063
7,7,OUT,OUT,0.22787306,0.031972136,0.0012319335,0.006924015,0.12223644,0.2544287,0.00010817183,0.35522565
7,7,OUT,OUT,0.16683707,0.02266619,0.00048168455,0.0044373423,0.05666759,0.239112,0.00069728214,0.5091008
4,5,BB,SO,0.25292134,0.008419138,0.00016716859,0.0055352747,0.045793492,0.52578664,0.004192588,0.15718436
0,7,SINGLE,OUT,0.06690223,0.06723045,4.5957637e-05,0.004936981,0.011005081,0.3110265,0.00057288003,0.5382799
7,7,OUT,OUT,0.19103943,0.018265653,0.00034932193,0.007467233,0.2903367,0.07375741,0.0071739703,0.4116103
5,7,SO,OUT,0.022235423,0.01786641,4.9846843e-05,0.20400831,0.05514566,0.34493512,0.00069002545,0.35506922
0,7,SINGLE,OUT,0.33030427,0.07575761,0.0053581866,0.034100235,0.05323415,0.16949856,0.0011090753,0.33063793
6,7,HBP,OUT,0.22603229,0.0616259,0.0019919444,0.07868064,0.10672971,0.1381055,0.0126644,0.37416965
7,3,OUT,HR,0.112707555,0.07470553,0.0005138981,0.2997291,0.05593962,0.28237113,0.0019624028,0.17207076
4,1,BB,DOUBLE,0.04614633,0.52188784,0.000820171,0.07936732,0.016068034,0.14414674,0.0019197431,0.18964384
5,7,SO,OUT,0.15303168,0.18135518,0.013632552,0.004228727,0.024375837,0.21082573,0.003096235,0.40945405
5,1,SO,DOUBLE,0.061130147,0.53652483,0.0012323828,0.0056116106,0.035851005,0.19985671,0.0003811036,0.1594121
7,7,OUT,OUT,0.06669534,0.26852253,0.0056857867,0.028065458,0.04054457,0.15867858,0.004482466,0.42732522
5,7,SO,OUT,0.36656475,0.030485807,0.0014921352,0.044173967,0.036425326,0.09121371,0.036633782,0.3930106
5,7,SO,OUT,0.13680115,0.118980624,0.0008276106,0.05055798,0.078237504,0.03246587,0.0369044,0.54522485
0,3,SINGLE,HR,0.124402836,0.07799045,0.0015996791,0.5022118,0.070337266,0.05785263,0.029058278,0.13654712
7,4,OUT,BB,0.12434265,0.010154871,0.00021365698,0.036574613,0.4817701,0.22661105,0.00041011185,0.11992292
1,1,DOUBLE,DOUBLE,0.080734074,0.4291908,0.00048349763,0.010094472,0.17541638,0.25338188,0.0016974177,0.04900155
7,5,OUT,SO,0.18503708,0.2426792,0.016065758,0.030423772,0.15268771,0.27346674,0.005513424,0.09412631
4,5,BB,SO,0.05847087,0.028799094,0.00073018635,0.0034762316,0.023304932,0.78275734,0.00044148357,0.102019794
0,7,SINGLE,OUT,0.12772173,0.05888477,0.0034083314,0.045019776,0.025760386,0.34323922,0.011454339,0.38451153
7,0,OUT,SINGLE,0.3887665,0.18588008,0.011221488,0.0031431175,0.017607754,0.08662878,0.0008830451,0.30586925
7,7,OUT,OUT,0.16058205,0.18510552,0.021078592,0.047577575,0.0383403,0.1371585,0.0030778872,0.4070797
5,5,SO,SO,0.10370295,0.063682884,0.00041849952,0.02977656,0.1454345,0.5344038,0.00042059293,0.12216023
7,7,OUT,OUT,0.027038379,0.025642537,3.912996e-05,0.0038772374,0.07489721,0.3179371,0.0005962187,0.5499722
5,0,SO,SINGLE,0.31288254,0.14638244,0.0003677434,0.0009419116,0.10817083,0.1349649,0.0004924166,0.29579726
5,7,SO,OUT,0.18576251,0.051005714,0.007840523,0.04780006,0.23650311,0.17590967,0.0048074094,0.29037106
7,5,OUT,SO,0.006230668,0.004486511,2.0960859e-05,7.014059e-05,0.0007844859,0.8093237,3.381771e-05,0.17904964
7,5,OUT,SO,0.019727513,0.004941327,0.0001479184,8.536687e-05,0.006505189,0.9212605,0.00057477393,0.04675734
0,5,SINGLE,SO,0.12924051,0.19106112,1.4902984e-05,0.0021060195,0.27295506,0.31605574,8.8660476e-05,0.08847798
0,0,SINGLE,SINGLE,0.45831114,0.0064701606,0.0012887756,0.03521183,0.08917763,0.06125714,0.008580272,0.33970314
5,7,SO,OUT,0.24406046,0.0077442764,0.004057186,0.0010091539,0.31193182,0.104734145,0.00091404776,0.32554895
7,5,OUT,SO,0.21006718,0.02407145,0.0012483995,0.0032686833,0.26882598,0.27865246,0.0014336577,0.21243213
7,0,OUT,SINGLE,0.62573946,0.010321161,0.0027314925,0.0006904431,0.051564507,0.05652776,0.051963422,0.20046179
5,4,SO,BB,0.26077476,0.020917498,0.0011876678,0.01500282,0.26309565,0.114934385,0.10984065,0.2142466
7,4,OUT,BB,0.085492924,0.0013501385,8.603714e-05,0.00032995705,0.8055194,0.07903927,0.00063150673,0.027550863
5,5,SO,SO,0.14560884,0.069261,0.00026795536,0.007722802,0.044455945,0.5503693,0.0047515207,0.17756253
1,7,DOUBLE,OUT,0.21853906,0.078558855,0.000106608575,0.038978484,0.043859944,0.20074879,0.014438392,0.40476987
5,5,SO,SO,0.11847295,0.013760856,0.00010895628,0.0025492709,0.019923758,0.628602,0.000728809,0.21585333
7,5,OUT,SO,0.105739176,0.05962433,0.00023080838,0.013142816,0.11732839,0.48861974,0.02830134,0.18701343
7,4,OUT,BB,0.084392466,0.025983455,0.00017323563,0.30242807,0.31222364,0.19438747,0.018313443,0.062098294
7,5,OUT,SO,0.058282968,0.014629435,0.0019225352,0.03632371,0.17287435,0.5044523,0.0013361587,0.21017863
5,5,SO,SO,0.21119499,0.17558594,0.00227828,0.07283324,0.070295945,0.23376179,0.02925088,0.2047989
0,0,SINGLE,SINGLE,0.5113604,0.0003534246,0.0009364092,0.0006860423,0.37507856,0.051617503,0.0017313606,0.058236334
0,4,SINGLE,BB,0.07409531,0.0327718,0.0033183568,0.0007544978,0.3424377,0.28686458,0.0031157713,0.25664198
7,0,OUT,SINGLE,0.4377733,0.020047147,0.010223404,0.00016808303,0.049534734,0.069872856,0.0048091635,0.40757138
7,0,OUT,SINGLE,0.53567344,0.08215692,0.00034919035,0.0021569673,0.27334693,0.020772502,0.009111282,0.0764327
7,7,OUT,OUT,0.224724,0.0009756471,9.759779e-05,6.0521987e-05,0.047858603,0.28916976,0.0010063885,0.4361074
7,7,OUT,OUT,0.036241245,0.003547328,0.001315477,0.003594447,0.07518279,0.34016332,0.0020763958,0.53787905
4,7,BB,OUT,0.32291466,0.0054802415,0.00024339365,0.0018365501,0.10400269,0.1349594,0.02085454,0.4097085
5,5,SO,SO,0.033110138,0.1672914,0.00053365284,0.0025223137,0.18006276,0.43406135,0.07639906,0.10601931
0,5,SINGLE,SO,0.071414165,0.16962756,0.008429349,0.10461335,0.20337416,0.22153163,0.0035475255,0.2174623
0,7,SINGLE,OUT,0.13812254,0.0376646,0.006500037,0.03209191,0.09934994,0.14017577,0.049931675,0.49616358
5,7,SO,OUT,0.20529923,0.015266632,0.0077499007,0.0107589895,0.23407294,0.08215512,0.0011623371,0.44353482
0,0,SINGLE,SINGLE,0.46386355,0.002668341,0.0019340821,0.0024337727,0.29175732,0.02232476,0.0024009766,0.21261717
4,5,BB,SO,0.09609512,0.2936799,0.00078122545,0.01670165,0.11565836,0.2989811,0.0044828816,0.17361973
5,7,SO,OUT,0.11183244,0.058798477,0.0083188135,0.081128374,0.22542548,0.221761,0.008598713,0.28413668
5,6,SO,HBP,0.149097,0.08162009,0.0102778245,0.0070059653,0.039606776,0.045678914,0.50107044,0.16564295
5,7,SO,OUT,0.16442198,0.027298804,0.011258742,0.023949845,0.26134327,0.17826732,0.06330545,0.27015465
7,7,OUT,OUT,0.059222706,0.37392682,0.001018687,0.00845352,0.042453468,0.05592302,0.0058989762,0.45310274
0,0,SINGLE,SINGLE,0.44115213,0.08050732,0.0020129392,0.006172127,0.09831342,0.10989568,0.08057796,0.18136856
7,0,OUT,SINGLE,0.3927695,0.0022999926,0.026389306,0.000977331,0.15800008,0.26456505,0.000910099,0.15408868
5,7,SO,OUT,0.25484625,0.023639996,0.0020712016,0.0086021805,0.09025166,0.2163164,0.0019341159,0.40233818
7,5,OUT,SO,0.0937313,0.019507764,0.0080363965,0.18504012,0.13348185,0.38352248,0.0012100245,0.17546998
7,4,OUT,BB,0.09626374,0.051683333,0.0072560483,0.0065820017,0.47441962,0.05094841,0.015573825,0.29727307
0,4,SINGLE,BB,0.14270763,0.057559196,0.051133603,0.0035182089,0.41442797,0.036029905,0.1035029,0.19112056
7,5,OUT,SO,0.12582867,0.0195166,0.0015669195,0.1530911,0.058979277,0.3632754,0.003133927,0.2746081
0,5,SINGLE,SO,0.25439593,0.10228268,0.0052714073,0.010801892,0.20029084,0.25778714,0.014507471,0.15466265
7,5,OUT,SO,0.044293292,0.06610392,0.007469407,0.047338646,0.033793256,0.44207025,0.010664894,0.3482664
7,4,OUT,BB,0.25509146,0.01655765,0.003352685,0.0017936073,0.32616547,0.122660935,0.0012597664,0.27311838
7,4,OUT,BB,0.17200352,0.08217577,0.00030643147,0.021867761,0.31085056,0.14751685,0.032593843,0.23268536
5,7,SO,OUT,0.0042296518,0.0016687558,3.1373238e-05,0.0043748575,0.0015747917,0.40129456,0.0035511537,0.5832749
7,7,OUT,OUT,0.22680914,0.01871917,0.08835004,0.055015013,0.14288153,0.08710781,0.026938304,0.35417905
4,0,BB,SINGLE,0.42938176,0.0039549237,0.00084605283,0.0042540953,0.13784778,0.25815555,0.0019516625,0.16360824
7,0,OUT,SINGLE,0.2553642,0.07337597,0.00417637,0.0060078977,0.18324204,0.22498529,0.0012674086,0.25158083
7,7,OUT,OUT,0.043566555,0.0042064628,0.00043828395,0.0023590212,0.08939409,0.30528125,0.00012900982,0.5546252
5,7,SO,OUT,0.02317738,0.0048447135,0.00064173725,0.0020943547,0.025329027,0.117486805,0.0022763584,0.82414967
0,0,SINGLE,SINGLE,0.45458835,0.004147534,0.0002800605,0.0072512776,0.28813303,0.11764234,0.0016319896,0.12632549
5,0,SO,SINGLE,0.45696464,0.067919634,0.00058585976,0.011971041,0.08790382,0.0775042,0.15323143,0.14391941
7,5,OUT,SO,0.15673107,0.052237082,0.0005718783,0.000719948,0.055063114,0.5690575,0.0032911003,0.16232823
0,5,SINGLE,SO,0.113927566,0.028069261,0.0041230367,0.01423506,0.0074865245,0.64653635,0.08648774,0.099134505
7,7,OUT,OUT,0.1385615,0.0009782392,0.00091536745,0.00010700837,0.00035244867,0.2805101,5.410197e-05,0.57852125
1,0,DOUBLE,SINGLE,0.34096277,0.008954501,0.004888861,0.31440154,0.005942437,0.16538343,0.01890318,0.14056328
0,7,SINGLE,OUT,0.1842438,0.023773458,0.00070267817,0.013313308,0.17746739,0.060041938,0.0063349456,0.5341225
5,7,SO,OUT,0.11161331,0.10009875,0.0003577709,0.016399117,0.20275126,0.046465736,0.0031686502,0.5191454
7,7,OUT,OUT,0.1657039,0.035986353,0.0019871902,0.051081404,0.20464496,0.12922168,0.1124964,0.29887813
0,0,SINGLE,SINGLE,0.2844979,0.08227475,0.040708505,0.17043202,0.12255744,0.118669674,0.044895172,0.13596459
5,1,SO,DOUBLE,0.09597607,0.34284076,0.0036800336,0.01903028,0.30555087,0.05399397,0.028297126,0.15063079
7,0,OUT,SINGLE,0.40196085,0.07520783,0.0017473208,0.0160419,0.010686416,0.16621594,0.0004653398,0.3276744
7,0,OUT,SINGLE,0.4141891,0.0084082,0.00041726624,0.0015614876,0.09018145,0.31312153,0.005620972,0.16650003
0,0,SINGLE,SINGLE,0.5109404,0.025176859,0.013538139,0.019665316,0.080090754,0.07533024,0.015814422,0.25944388
7,4,OUT,BB,0.08681476,0.26278695,0.002794301,0.045075018,0.3346663,0.063964546,0.004926238,0.1989719
7,7,OUT,OUT,0.3567447,0.0030810395,8.2177816e-05,0.0010324118,0.041758057,0.028671946,0.009669876,0.5589598
7,7,OUT,OUT,0.025286919,0.00056644785,7.497655e-05,0.003166383,0.01536335,0.02031009,0.00087792677,0.93435395
0,0,SINGLE,SINGLE,0.370988,0.03861548,0.09733564,0.044021454,0.119556725,0.10009844,0.0035054365,0.22587879
7,7,OUT,OUT,0.109225,0.0035112554,6.279216e-05,0.015614575,0.098434776,0.11870155,0.013804074,0.640646
7,5,OUT,SO,0.1336537,0.0038177199,0.00011122544,0.0066127987,0.0038258277,0.67518026,0.029928986,0.14686954
5,1,SO,DOUBLE,0.06220322,0.394259,0.0011479096,0.01614631,0.028160604,0.34647512,0.034946505,0.116661236
5,6,SO,HBP,0.13550836,0.17785305,0.008849023,0.015902271,0.025544567,0.18449134,0.38197103,0.06988038
7,5,OUT,SO,0.12383749,0.035870425,0.00048749146,0.0066255033,0.008733629,0.71383274,0.00040779787,0.110205
7,5,OUT,SO,0.19870736,0.1854922,0.01329832,0.0011844962,0.037111323,0.4380397,0.016807444,0.109359235
7,1,OUT,DOUBLE,0.08704076,0.27587777,0.0008486517,0.008887423,0.0125428615,0.2154092,0.2650702,0.13432315
7,1,OUT,DOUBLE,0.102326944,0.5641509,0.00035561706,0.091907434,0.09290522,0.06022949,0.00051005464,0.087614276
7,4,OUT,BB,0.22087327,0.09373068,0.0005066791,0.030014956,0.24540912,0.23549177,0.0042342097,0.16973932
0,7,SINGLE,OUT,0.2659398,0.0563489,0.0036475724,0.0057765055,0.24986808,0.1297565,0.00030215064,0.2883605
0,5,SINGLE,SO,0.060745303,0.001953702,0.0069166725,0.0014236831,0.008601725,0.79925776,0.0005532591,0.12054787
0,7,SINGLE,OUT,0.07823744,0.0069438065,0.00018310918,0.0016187206,0.13811259,0.17970283,0.005877058,0.5893245
7,7,OUT,OUT,0.054618016,0.07602404,0.0009973663,0.017214729,0.053602044,0.0671394,0.2675027,0.46290174
5,5,SO,SO,0.102833,0.03683414,0.001968357,0.0028370912,0.018948598,0.47515807,0.04272334,0.31869733
7,4,OUT,BB,0.10376394,0.044307727,0.0034336078,0.2580035,0.2721301,0.17176786,0.01430114,0.13229205
7,5,OUT,SO,0.235541,0.031047717,2.4084853e-05,0.056862134,0.02323616,0.5634852,0.018164406,0.071639344
0,7,SINGLE,OUT,0.1626118,0.116186894,0.16551477,0.071564116,0.02358889,0.16130914,0.012175527,0.2870489
7,0,OUT,SINGLE,0.39791232,0.025132522,0.0007212614,0.064236134,0.047568806,0.1267264,0.00834637,0.32935625
7,0,OUT,SINGLE,0.27982336,0.23507322,0.0031691513,0.021872275,0.27351135,0.07763318,0.0034478847,0.105469644
7,5,OUT,SO,0.18884344,0.07123692,0.0001230819,0.0019132382,0.2623067,0.26981577,0.0012337496,0.20452711
4,7,BB,OUT,0.05262414,0.09106867,0.0131349275,0.003273709,0.03577684,0.12317968,0.00097057805,0.67997146
7,7,OUT,OUT,0.3103914,0.1062959,0.0002949565,0.00998768,0.16078448,0.06803559,0.0017561872,0.34245378
6,0,HBP,SINGLE,0.6119837,0.03168937,0.030532911,0.004773025,0.03624085,0.16078465,0.0033263331,0.12066915
7,7,OUT,OUT,0.23943438,0.042008825,0.00056902814,0.0020914448,0.035577185,0.2875352,0.002062892,0.39072108
6,0,HBP,SINGLE,0.3003807,0.068807565,0.002810037,0.07094073,0.17601675,0.10581266,0.062457122,0.21277437
7,7,OUT,OUT,0.23747964,0.07629838,0.0047246944,0.025700485,0.07954439,0.11461624,0.08812717,0.373509
0,3,SINGLE,HR,0.31511387,0.08264698,0.00041535834,0.31651837,0.02475574,0.05915786,0.0026121046,0.19877963
0,0,SINGLE,SINGLE,0.48090744,0.013843441,0.0022029276,0.013341441,0.052156325,0.28199127,0.0020599768,0.15349711
7,5,OUT,SO,0.1538966,0.08770525,0.0103315795,0.01424816,0.017466865,0.39759398,0.0036467724,0.3151108
7,0,OUT,SINGLE,0.6560292,0.061906278,0.0066953884,0.0004318419,0.11892995,0.09626681,0.0010189608,0.05872159
7,0,OUT,SINGLE,0.6861073,0.0013304157,0.00018630754,0.06620969,0.014693474,0.052326333,0.043981418,0.13516511
0,0,SINGLE,SINGLE,0.32438913,0.019219415,0.31865445,0.011164811,0.051345766,0.11512655,0.032705028,0.12739499
0,7,SINGLE,OUT,0.23961814,0.05260055,0.00056578836,0.014524657,0.017287282,0.278539,0.002290488,0.39457414
7,0,OUT,SINGLE,0.36952686,0.22913432,0.0033310505,0.008248251,0.08078135,0.13569231,0.012588529,0.16069728
0,0,SINGLE,SINGLE,0.35600162,0.0019137473,0.000103475235,0.0029154054,0.07992361,0.20753518,0.009427617,0.3421793
5,7,SO,OUT,0.022661604,0.13127758,0.041058205,0.013304523,0.019225478,0.34585854,0.0006664787,0.4259476
7,5,OUT,SO,0.2837989,0.024106594,0.044324383,0.003085596,0.048625994,0.40118495,0.008522826,0.18635078
4,7,BB,OUT,0.086455405,0.025983682,0.029990721,0.017680267,0.24659085,0.23639795,0.010066379,0.3468348
1,0,DOUBLE,SINGLE,0.49927935,0.009421846,0.00069751724,0.035465535,0.14320607,0.07677478,0.0014381211,0.2337168
5,0,SO,SINGLE,0.62866056,0.0047059916,0.0004045537,0.0034486095,0.14168382,0.07650864,0.002832532,0.14175537
5,7,SO,OUT,0.2952594,0.070999034,0.0056217113,0.0024611678,0.06340439,0.18823943,0.0018619514,0.37215298
4,3,BB,HR,0.12587316,0.017449904,0.0011401512,0.36181378,0.078298666,0.078614086,0.0019858496,0.33482432
7,5,OUT,SO,0.07141377,0.054964475,0.017882228,0.0010125014,0.0065969103,0.6229331,0.002672034,0.22252502
0,5,SINGLE,SO,0.30741206,0.026815664,0.060661823,0.010488769,0.1272443,0.3458257,0.013361484,0.10819032
7,0,OUT,SINGLE,0.6819477,0.0046547763,0.00077243004,0.015460768,0.045728244,0.05821107,0.09553123,0.097693786
7,4,OUT,BB,0.10622639,0.014580108,0.0047855885,0.26991153,0.5178461,0.01363625,0.009430674,0.063583285
3,4,HR,BB,0.121617876,0.0073638647,0.0025640544,0.09462057,0.62699074,0.056678932,0.048122432,0.04204151
7,4,OUT,BB,0.04503746,0.012577058,0.00048771617,0.00081294286,0.8612521,0.019154675,0.0009097134,0.059768148
1,3,DOUBLE,HR,0.110983685,0.03871348,0.0007494608,0.45413533,0.052740198,0.2773274,0.00026595144,0.06508451
5,5,SO,SO,0.019168118,0.054704178,0.002090988,0.017532034,0.002627824,0.75223327,0.0052890643,0.14635451
0,5,SINGLE,SO,0.020948548,0.0018781219,0.0020813423,0.00015432443,0.011401265,0.85782176,9.923413e-05,0.10561551
5,5,SO,SO,0.083240196,0.016474145,0.001715713,0.1255743,0.23893405,0.40049604,0.031415917,0.10214964
7,4,OUT,BB,0.06959694,0.11885436,0.059890013,0.006613777,0.45969984,0.14845085,0.009013097,0.12788112
7,7,OUT,OUT,0.18457223,0.0025697725,0.000177453,0.0025475079,0.01006599,0.08358216,0.00797903,0.7085058
4,5,BB,SO,0.17140102,0.04697868,0.0015172675,0.042984016,0.1671426,0.32514915,0.01018097,0.23464623
5,0,SO,SINGLE,0.30405816,0.09110035,0.046307687,0.0065853065,0.014770309,0.2451471,0.01628287,0.2757482
7,7,OUT,OUT,0.054301556,0.008562362,0.005275467,0.008549321,0.16983894,0.28834692,0.024459949,0.44066554
4,7,BB,OUT,0.10685349,0.0065126456,0.0046999254,0.040020514,0.09823446,0.2574105,0.025720911,0.46054754
0,5,SINGLE,SO,0.09143675,0.030534482,0.029084679,0.047628757,0.064904,0.5756403,0.008003468,0.1527676
7,5,OUT,SO,0.053551868,0.014461928,0.004053452,0.009357554,0.21103175,0.4636051,0.0021871123,0.24175121
7,0,OUT,SINGLE,0.5358885,0.0038454533,0.00049625925,0.0083739525,0.07043557,0.0476599,0.0001317655,0.3331686
5,7,SO,OUT,0.118701965,0.101156026,0.026088748,0.015993088,0.28015286,0.07886761,0.007428563,0.37161118
7,3,OUT,HR,0.088197574,0.067206964,0.00069832295,0.24255271,0.17662467,0.16898349,0.10389697,0.15183926
3,5,HR,SO,0.09440605,0.018283466,0.00060969807,0.34712198,0.035781045,0.41349816,0.0072580045,0.083041646
7,7,OUT,OUT,0.030374615,0.077478275,0.0008681683,0.18946008,0.030739851,0.3169234,0.0052513364,0.34890422
5,5,SO,SO,0.17983198,0.018441359,0.05392653,0.0022685572,0.079699874,0.45670015,0.0029764106,0.20615515
7,7,OUT,OUT,0.08011671,0.008737855,0.011945258,0.12083177,0.046221577,0.061727054,0.007503357,0.6629164
0,1,SINGLE,DOUBLE,0.08909797,0.45629776,0.0036352281,0.11018262,0.08096018,0.05686624,0.014027087,0.1889329
7,0,OUT,SINGLE,0.3236655,0.17801389,0.0015403013,0.031172385,0.17524427,0.16551155,0.048495572,0.07635643
7,3,OUT,HR,0.12903816,0.0036723071,0.00072805776,0.42876032,0.21987712,0.038554844,0.0052450113,0.1741242
0,7,SINGLE,OUT,0.15729313,0.04377392,0.0117598055,0.048997857,0.1943582,0.13377094,0.005535417,0.4045108
4,0,BB,SINGLE,0.55085623,0.008091685,0.000109713306,0.020765753,0.078672186,0.16793077,0.005740513,0.16783315
7,7,OUT,OUT,0.030831268,0.019531539,2.2529595e-05,0.024677467,0.01360101,0.1043521,0.004062122,0.802922
7,5,OUT,SO,0.079057395,0.0057392865,0.0020475124,0.017006347,0.12833203,0.47749025,0.041985713,0.24834149
0,7,SINGLE,OUT,0.014312944,0.119917765,0.0015382714,0.05344325,0.17264634,0.102692686,0.0077577163,0.527691
0,1,SINGLE,DOUBLE,0.15124024,0.33842134,0.010598839,0.029068239,0.061400488,0.13234653,0.01520324,0.26172101
4,1,BB,DOUBLE,0.02671494,0.49101233,0.00015581466,0.26110864,0.052957516,0.09543871,0.0029474408,0.069664516
7,4,OUT,BB,0.24911445,0.010385829,0.0011795673,0.12966596,0.28564852,0.2116435,0.0017305097,0.11063167
4,5,BB,SO,0.018467184,0.03307935,0.013641622,0.21066254,0.2968961,0.32784665,0.017069815,0.08233679
7,5,OUT,SO,0.23262762,0.0101389,0.0067165513,0.013587842,0.0031665256,0.5154613,0.0085479235,0.20975332
7,0,OUT,SINGLE,0.5473534,0.014840402,0.00062798493,0.017150765,0.060441222,0.2054049,0.038208712,0.115972646
5,5,SO,SO,0.11214951,0.030720538,0.0003417911,0.016996326,0.15945917,0.3890086,0.0007521319,0.29057193
7,4,OUT,BB,0.15644802,0.011231602,0.0028676055,0.16146736,0.35002738,0.06342316,0.0030838663,0.25145105
5,7,SO,OUT,0.03527581,0.044775978,0.001012989,0.08200625,0.33299235,0.16325429,0.0064901356,0.33419222
5,5,SO,SO,0.0058319652,0.028666327,0.0076939594,0.14635187,0.023486951,0.71768683,0.006015164,0.06426688
7,5,OUT,SO,0.14751378,0.031462267,0.003025623,0.053603135,0.05858964,0.3347894,0.09180991,0.27920622
7,7,OUT,OUT,0.18885027,0.023326706,0.04496079,0.040795453,0.061923366,0.31025013,0.007010978,0.3228823
4,4,BB,BB,0.13613787,0.016600132,0.0011751078,0.043979473,0.30699283,0.27431184,0.010042577,0.2107601
7,5,OUT,SO,0.22624639,0.04812015,0.017680675,0.002511385,0.06378604,0.40639052,0.027582893,0.20768194
7,7,OUT,OUT,0.039472256,0.003919787,4.793069e-05,0.00033807033,0.098093845,0.38685194,0.0045675943,0.46670863
5,7,SO,OUT,0.09258888,0.0147695495,0.0016845142,0.013789902,0.0043842467,0.29350516,0.013671991,0.56560576
7,0,OUT,SINGLE,0.4510294,0.044136886,0.0026100876,0.057458576,0.0949021,0.09131281,0.0014443824,0.25710574
0,1,SINGLE,DOUBLE,0.20354615,0.32452345,0.003875102,0.072019465,0.18560214,0.113812976,0.0017902052,0.0948304
7,7,OUT,OUT,0.020348523,0.00045742496,0.00058926176,1.2846619e-05,0.002699738,0.13584681,0.0023500477,0.8376953
0,7,SINGLE,OUT,0.090580374,0.0004823487,0.0011057404,0.0026791657,0.2963527,0.25554213,0.0023755296,0.35088205
7,3,OUT,HR,0.04941885,0.06527505,0.0015092237,0.44332564,0.2267479,0.06366029,0.0005591908,0.14950377
7,7,OUT,OUT,0.11256367,0.102860235,0.012047618,0.0016590811,0.021262612,0.03648281,0.0011536009,0.7119703
5,5,SO,SO,0.19730264,0.029306756,0.0009139826,0.019328197,0.107397884,0.38970366,0.094090745,0.16195618
7,0,OUT,SINGLE,0.5239092,0.066012986,0.0039348463,0.00943193,0.046492755,0.086199366,0.0037278081,0.26029113
7,7,OUT,OUT,0.16166009,0.016233988,0.004602782,0.0027494929,0.0016726553,0.37772384,9.6767515e-05,0.4352604
7,7,OUT,OUT,0.08081862,0.009274788,0.0010710341,0.16750626,0.13391647,0.18901785,0.0010002896,0.41739476
7,0,OUT,SINGLE,0.44863078,0.005616617,0.0022384748,0.0019008617,0.032647986,0.28738123,0.0002825376,0.22130153
7,7,OUT,OUT,0.10931805,0.10987462,0.01891873,0.0066187447,0.057649177,0.08683438,0.0012090516,0.6095773
1,5,DOUBLE,SO,0.14550614,0.03038788,0.0041924105,0.16188014,0.052484255,0.29844743,0.023001755,0.2840999
3,0,HR,SINGLE,0.2793335,0.09323421,0.003150628,0.02986164,0.2645429,0.17427912,0.015128329,0.14046961
5,1,SO,DOUBLE,0.05421245,0.6096667,0.00045421632,0.0058896123,0.11350305,0.10028523,0.0013229101,0.11466586
7,5,OUT,SO,0.15133923,0.13649103,0.043072004,0.02151817,0.16640984,0.24422434,0.0022200262,0.23472533
0,3,SINGLE,HR,0.05514154,0.008638434,0.049852837,0.7855818,0.005889636,0.05717568,0.0013119415,0.036408067
5,7,SO,OUT,0.088347636,0.0017947425,0.031178404,0.0020515171,0.0058529545,0.25924298,0.0017395457,0.6097922
1,0,DOUBLE,SINGLE,0.6995818,0.039218016,0.00022201092,0.13284253,0.014852253,0.04233225,0.0057440093,0.06520706
7,4,OUT,BB,0.11178803,0.020652099,0.0028355208,0.03428913,0.6275873,0.08204873,0.00025691694,0.120542325
7,5,OUT,SO,0.056704137,0.0064347037,0.0018016367,0.3895742,0.007527595,0.4030173,0.000687283,0.13425308
7,1,OUT,DOUBLE,0.21183169,0.38177568,0.025222434,0.0016916402,0.039125986,0.09843803,0.0025994335,0.23931514
7,7,OUT,OUT,0.17066385,0.05134645,0.016194185,0.040907115,0.08726796,0.030220544,0.02821303,0.57518697
7,7,OUT,OUT,0.23671117,0.0016712915,0.0007183623,0.0026399388,0.007058489,0.19841449,0.0002976971,0.5524886
4,3,BB,HR,0.17178385,0.0057558767,0.0006000196,0.531576,0.03678261,0.063587874,0.0011285098,0.1887853
0,0,SINGLE,SINGLE,0.4016031,0.006421116,0.0021403495,0.017438745,0.010541438,0.25134635,0.00095295074,0.3095559
7,0,OUT,SINGLE,0.6069101,0.01760473,0.00022372873,0.06477641,0.07632276,0.0972073,0.00014140517,0.13681364
0,0,SINGLE,SINGLE,0.45374298,0.02264149,0.0011704505,0.3127095,0.02428597,0.1295323,0.0033271185,0.052590083
5,5,SO,SO,0.3122985,0.0022524286,8.748142e-05,0.04884176,0.0065308707,0.4815002,0.001155445,0.14733332
7,4,OUT,BB,0.093526974,0.11679416,0.002854202,0.12528022,0.43825933,0.12520638,0.0016595261,0.096419215
7,1,OUT,DOUBLE,0.22311649,0.3177244,0.0018228628,0.015188459,0.04728489,0.17023396,0.0012870134,0.2233419
5,0,SO,SINGLE,0.31819555,0.25810575,0.055961117,0.02635795,0.064809546,0.14162427,0.00015000506,0.13479574
7,5,OUT,SO,0.13054335,0.0791795,0.006050422,0.10553142,0.17827134,0.24836414,0.02728685,0.22477302
5,5,SO,SO,0.14449675,0.005222507,0.00496078,0.32133812,0.006764594,0.3623087,0.0027450337,0.15216354
7,0,OUT,SINGLE,0.2341952,0.10269658,0.004874946,0.0918246,0.2174107,0.11738361,0.014382222,0.21723224
7,4,OUT,BB,0.1092578,0.03006892,0.00027287027,0.06337408,0.51204014,0.12288172,0.009743354,0.15236107
5,5,SO,SO,0.07716423,0.009120204,0.0044580423,0.0901602,0.30689204,0.35124326,0.067392334,0.093569644
1,7,DOUBLE,OUT,0.23010619,0.08753873,0.018196313,0.0022841597,0.13628268,0.21578392,0.03983751,0.2699705
7,4,OUT,BB,0.0807744,0.021772673,0.013081987,0.00019816995,0.6124581,0.14416103,0.019589165,0.1079645
5,5,SO,SO,0.13770942,0.09334066,0.00023091737,0.0005114485,0.006639565,0.39198774,0.14723665,0.22234361
7,0,OUT,SINGLE,0.40924004,0.035943154,0.009966474,0.020127691,0.056145158,0.076368675,0.34495798,0.047250777
7,0,OUT,SINGLE,0.6338743,0.025294354,0.010819435,0.0007850088,0.034490246,0.030823123,0.045992456,0.21792111
5,4,SO,BB,0.056674454,0.0046314164,0.0006497287,0.28006476,0.33739823,0.16352825,0.051975615,0.10507758
7,5,OUT,SO,0.4319867,0.00014286385,0.00014684266,0.00056121673,0.008520715,0.45603287,0.025854882,0.07675384
5,4,SO,BB,0.036430553,0.008111247,0.00013885106,0.007856731,0.45941052,0.2672216,0.14522393,0.075606614
4,4,BB,BB,0.18875206,0.0025874658,0.00080122513,0.019125132,0.46642795,0.11534186,0.0006640461,0.20630026
1,0,DOUBLE,SINGLE,0.7346319,0.024881758,0.000103479026,0.04222639,0.054964136,0.041913647,0.00013297974,0.10114576
0,7,SINGLE,OUT,0.15514751,0.082600795,0.0072251265,0.009935075,0.1073349,0.23478088,0.01609643,0.38687927
4,4,BB,BB,0.070985734,0.29591227,0.0030390054,0.0064516845,0.3447218,0.22524966,0.00050083705,0.053138915
5,4,SO,BB,0.15791072,0.24410355,0.0018227014,0.0042290594,0.29788813,0.18651503,0.0045784637,0.102952376
7,1,OUT,DOUBLE,0.2076793,0.33074015,0.050416376,0.014504983,0.12257204,0.13395491,0.019953651,0.120178565
7,7,OUT,OUT,0.05839963,0.0024398603,0.015857562,0.009503399,0.020748826,0.30317295,0.003530978,0.58634686
5,5,SO,SO,0.24981047,0.06356291,0.08063626,0.0016688438,0.023588557,0.2979143,0.04262593,0.24019273
7,6,OUT,HBP,0.009650882,0.04422833,0.0017004492,0.02191,0.0026411347,0.016894124,0.5605511,0.34242395
7,7,OUT,OUT,0.075446315,0.0045412327,0.00012502012,0.012302297,0.29353246,0.11404508,0.0003583668,0.4996493
7,0,OUT,SINGLE,0.6296117,0.042198353,0.0020517455,0.006636403,0.05420063,0.16064557,0.0076952684,0.09696027
5,1,SO,DOUBLE,0.1540175,0.45798904,0.009321264,0.026862629,0.048482094,0.12483196,0.002574199,0.17592123
5,1,SO,DOUBLE,0.09231703,0.37159684,0.005115917,0.063272394,0.10288705,0.07149238,0.012888944,0.2804294
7,1,OUT,DOUBLE,0.16227102,0.5067014,0.002672434,0.0045889993,0.04366617,0.06082094,0.0020439168,0.21723504
7,4,OUT,BB,0.12886922,0.23393503,0.005399015,0.009832979,0.302241,0.18183778,0.012198161,0.12568678
7,4,OUT,BB,0.080283865,0.018209988,0.0018182442,0.030816842,0.7508378,0.067113996,0.00036934574,0.050549928
5,7,SO,OUT,0.019345172,0.0029029944,0.0007934626,0.085566275,0.28431663,0.08348372,0.041709058,0.4818827
5,5,SO,SO,0.2926962,0.0077383737,0.037578296,0.0030140243,0.01012423,0.3958046,0.0011273245,0.25191692
7,7,OUT,OUT,0.28728732,0.05127906,0.0005181163,0.01768905,0.017079007,0.07590879,0.0009059224,0.54933274
0,4,SINGLE,BB,0.25322235,0.0071791904,0.067330234,0.008624844,0.37806666,0.03274037,0.013150029,0.2396864
7,7,OUT,OUT,0.113335155,0.004422325,5.8385434e-05,0.00051987777,0.06374373,0.076562546,8.1579754e-05,0.7412764
0,4,SINGLE,BB,0.33843794,0.038364753,0.0012111969,0.0040461496,0.47000527,0.021876987,0.0014609585,0.12459679
4,0,BB,SINGLE,0.3737598,0.046394058,0.0053413794,0.009326441,0.3222222,0.1280068,0.037772283,0.077177174
5,7,SO,OUT,0.12049794,0.0141873,0.0018584626,0.0070798825,0.018129041,0.19498713,0.018189823,0.62507045
7,0,OUT,SINGLE,0.3477751,0.041953724,0.00219669,0.009248089,0.061030056,0.23221175,0.07932838,0.22625625
7,7,OUT,OUT,0.32064968,0.01061759,0.002295383,0.026767436,0.024427963,0.1768242,0.010000758,0.42841706
7,7,OUT,OUT,0.13952419,0.052121814,0.0009313399,0.008821548,0.25422263,0.100590564,0.0027460621,0.44104186
7,7,OUT,OUT,0.10054339,0.016290976,0.040780924,0.005731144,0.088386945,0.27150926,0.000634564,0.47612283
7,7,OUT,OUT,0.049648058,0.013473249,0.002378178,0.0070719584,0.3757015,0.07963991,0.0050127683,0.46707436
1,7,DOUBLE,OUT,0.08454983,0.18838157,0.00053242483,0.0031031526,0.113387555,0.097681835,0.0027098062,0.5096538
4,7,BB,OUT,0.031019863,0.001968648,0.0010964997,0.015559952,0.16592321,0.09445107,0.000110327004,0.6898704
7,7,OUT,OUT,0.3278121,0.07033743,0.0038269565,0.02073551,0.02736907,0.17982379,0.03442089,0.3356743
3,4,HR,BB,0.28374094,0.016579831,0.0005663898,0.0210728,0.39007473,0.12553808,0.003695794,0.15873143
5,7,SO,OUT,0.2577917,0.0120917065,0.00029512867,0.14446723,0.09301915,0.17639229,0.02424537,0.29169744
7,3,OUT,HR,0.12714234,0.21395047,0.006657022,0.24052449,0.15128666,0.06761787,0.0056931055,0.18712805
0,4,SINGLE,BB,0.24757972,0.02372227,0.002354634,0.018678969,0.38850427,0.14857846,0.0052440395,0.16533762
7,7,OUT,OUT,0.16937184,0.0042902883,0.09209662,0.0018057628,0.039815113,0.30023143,0.0013954086,0.39099357
0,0,SINGLE,SINGLE,0.5359823,0.013514124,0.0031245179,0.0021928952,0.15260872,0.14259848,0.004541651,0.14543721
7,0,OUT,SINGLE,0.5319663,0.15282011,0.0025025595,0.027659189,0.014896857,0.109385826,0.0057511595,0.15501809
4,5,BB,SO,0.1006266,0.0398524,0.035891764,0.007839459,0.15477976,0.47848475,0.0062202513,0.17630501
7,7,OUT,OUT,0.030911049,0.030375073,0.009324902,0.006421255,0.05127928,0.4327028,0.0017951146,0.43719056
5,0,SO,SINGLE,0.45934168,0.0130927,0.032123674,0.0025255575,0.109815896,0.21874855,0.011320739,0.15303127
0,0,SINGLE,SINGLE,0.6131937,0.045148615,0.00041760778,0.0032814473,0.030944074,0.13055411,0.01229348,0.16416699
7,6,OUT,HBP,0.1942153,0.20211399,0.0012701208,0.017011058,0.078816265,0.09017788,0.2770783,0.13931705
7,7,OUT,OUT,0.12388662,0.14348997,0.002895621,0.008575956,0.011359476,0.055789035,0.058862314,0.59514093
4,7,BB,OUT,0.24732663,0.024324935,0.04613331,0.04670225,0.18950988,0.062446885,0.010545402,0.37301064
7,0,OUT,SINGLE,0.6596827,0.0012043292,0.006291675,0.015828073,0.05578125,0.03292533,0.0027605293,0.22552615
0,1,SINGLE,DOUBLE,0.14084733,0.4614761,0.0028111604,0.041645747,0.040831257,0.08779817,0.018340148,0.20625009
0,0,SINGLE,SINGLE,0.40603054,0.15447195,0.01446012,0.012656117,0.065104626,0.057094824,0.0051745516,0.28500724
3,0,HR,SINGLE,0.27847198,0.08729732,0.0055508167,0.030257814,0.22634688,0.15636244,0.016009875,0.19970284
7,1,OUT,DOUBLE,0.1813433,0.32955694,0.036453858,0.016407916,0.03759272,0.11135803,0.0061858594,0.28110138
5,7,SO,OUT,0.32430577,0.002879499,0.00035913743,0.0739516,0.029569367,0.0414732,0.0004963416,0.5269651
4,0,BB,SINGLE,0.38264698,0.20506893,0.00010852509,0.21152832,0.026048936,0.04829996,0.0006830233,0.1256153
7,0,OUT,SINGLE,0.67005223,0.0006855983,5.753856e-05,0.0003501545,0.017772047,0.20158997,8.488779e-05,0.10940764
4,0,BB,SINGLE,0.8515976,0.010996837,1.6085974e-05,0.031681072,0.01998812,0.014498953,6.266126e-05,0.07115863
5,0,SO,SINGLE,0.5412428,0.006896894,0.00023828584,0.011279776,0.0055655884,0.2889169,0.0031852813,0.14267445
0,5,SINGLE,SO,0.16446519,0.009382651,0.00012233182,0.0022710587,0.002119816,0.41062328,0.001721051,0.40929466
7,0,OUT,SINGLE,0.35235447,0.059766736,0.021742042,0.095589906,0.13640866,0.05378543,0.002158625,0.27819407
7,5,OUT,SO,0.26695547,0.0028603263,0.016823873,0.11121539,0.09027518,0.30234358,0.01682399,0.19270216
0,0,SINGLE,SINGLE,0.37464333,0.055969093,0.013318701,0.10058305,0.15924469,0.16707328,0.0018580206,0.1273098
5,0,SO,SINGLE,0.3789739,0.09993181,0.0070002573,0.024807034,0.06056821,0.19257407,0.0011950296,0.23494968
7,7,OUT,OUT,0.16602193,0.053596973,0.004653427,0.008722089,0.02048634,0.20245293,0.00056822336,0.5434981
7,7,OUT,OUT,0.1352127,0.00533782,0.00081444945,0.00782444,0.01734469,0.10584478,0.026642058,0.70097905
5,0,SO,SINGLE,0.3772209,0.052043993,0.004510267,0.15942705,0.15220636,0.10399021,0.004308437,0.14629279
7,5,OUT,SO,0.013304312,0.038418043,0.0006140222,0.00665429,0.018820778,0.7409938,0.00033733898,0.18085736
7,7,OUT,OUT,0.08026122,0.029717185,0.00096132926,0.0012732252,0.27922383,0.09682244,0.003318888,0.50842196
7,4,OUT,BB,0.1881457,0.12492947,0.003815561,0.013809834,0.32805353,0.08118795,0.012962901,0.24709506
7,5,OUT,SO,0.060776424,0.06643626,0.00041317806,0.003544492,0.07836709,0.46817115,0.0024689347,0.31982243
7,5,OUT,SO,0.06824982,0.15609816,0.0071234615,0.0026670864,0.23725167,0.42108062,0.00063347555,0.10689568
4,5,BB,SO,0.18810904,0.14636604,6.6607114e-05,0.017100614,0.13724571,0.2842492,0.0210497,0.205813
7,0,OUT,SINGLE,0.46908513,0.044062603,0.0005572715,0.0014427413,0.15650566,0.09502471,0.001000512,0.23232135
7,0,OUT,SINGLE,0.6354509,0.08980575,0.0025352826,0.0016044603,0.043142293,0.07746971,0.0017956136,0.1481959
7,2,OUT,TRIPLE,0.21747223,0.02462485,0.48573908,0.003541107,0.051886186,0.13845335,0.0023767839,0.07590638
7,1,OUT,DOUBLE,0.12728669,0.65989023,0.0039562103,0.001665575,0.098072425,0.028035585,0.0010491215,0.08004413
7,0,OUT,SINGLE,0.39481366,0.030939728,0.0019983219,0.0052592666,0.015538515,0.19916406,0.0022772506,0.35000917
7,7,OUT,OUT,0.03710526,0.05085787,0.0001862106,0.009571712,0.040245295,0.32599083,0.00024375414,0.5357991
7,0,OUT,SINGLE,0.32153958,0.0253982,0.017703012,0.020944364,0.2711836,0.12243763,0.0022732848,0.21852031
7,4,OUT,BB,0.04413224,0.08247146,0.0023568133,0.0011341173,0.6663696,0.046852775,0.040682647,0.11600033
0,5,SINGLE,SO,0.12482824,0.07225311,0.00235306,0.025841456,0.02156247,0.35274032,0.06349966,0.33692163
5,0,SO,SINGLE,0.6223181,0.016437817,0.0054250094,0.023623932,0.032840136,0.22177212,0.007262609,0.07032025
7,1,OUT,DOUBLE,0.09570157,0.32383204,0.00852614,0.015843727,0.13719802,0.15998015,0.016799679,0.24211873
7,3,OUT,HR,0.14042488,0.010033513,0.00079615146,0.33053863,0.17073017,0.2629753,0.0018104165,0.08269092
7,7,OUT,OUT,0.018577881,0.00047215863,0.000876175,0.015458879,0.21294434,0.36623994,0.0006653121,0.38476536
0,7,SINGLE,OUT,0.12424395,0.01757023,0.000113350754,0.24667525,0.10599969,0.16362141,0.0012067535,0.34056932
7,7,OUT,OUT,0.050250344,0.0033628282,0.004918395,0.04052063,0.29041085,0.07144495,0.029739441,0.50935256
0,7,SINGLE,OUT,0.006337067,0.010455967,0.00017408472,0.35818872,0.0034487536,0.05477015,0.00010367164,0.56652164
1,4,DOUBLE,BB,0.033624083,0.039574154,0.007938849,0.15843703,0.41631937,0.16823722,0.00012853951,0.17574072
7,3,OUT,HR,0.13327174,0.25551984,0.0008608831,0.4718254,0.014729189,0.008523089,0.0136049995,0.10166497
7,1,OUT,DOUBLE,0.22720906,0.3818258,2.8633067e-05,0.008733834,0.28966346,0.01467097,7.615668e-05,0.07779202
7,1,OUT,DOUBLE,0.09899698,0.749413,0.0009257912,0.0010332833,0.030528234,0.027112072,0.001861286,0.09012931
7,3,OUT,HR,0.080740504,0.040290587,0.0066706985,0.43802807,0.03293467,0.36133242,0.00031868386,0.039684337
0,0,SINGLE,SINGLE,0.8216783,0.02345332,0.00030376317,0.00035275624,0.015113963,0.07525206,0.00035988755,0.06348599
7,0,OUT,SINGLE,0.54776895,0.0042809895,0.00088357547,0.0041830814,0.19342166,0.09093081,0.0015839422,0.156947
0,4,SINGLE,BB,0.14594595,0.07928831,0.00073051004,0.018206533,0.5755052,0.11773185,0.0063261483,0.056265555
7,0,OUT,SINGLE,0.47415474,0.16168907,0.013318641,0.016860899,0.046137843,0.13483827,0.000105946085,0.15289468
4,4,BB,BB,0.25923356,0.12544106,2.6903386e-05,0.0007796377,0.45478797,0.0014081273,0.0027686462,0.15555409
7,0,OUT,SINGLE,0.52029204,0.020321263,0.0019177675,0.010537602,0.404767,0.008472682,0.0001552782,0.033536304
7,0,OUT,SINGLE,0.45325953,0.05552988,0.0013123661,0.14167818,0.020319493,0.08670281,0.002108352,0.23908941
7,4,OUT,BB,0.03801596,0.042140607,0.058205985,0.013001267,0.38418627,0.20519681,0.008814808,0.2504383
7,5,OUT,SO,0.19970496,0.03970542,0.004747007,0.097682685,0.05440348,0.44824594,0.039626133,0.11588438
7,7,OUT,OUT,0.25637677,0.06300993,0.0024082458,0.17396697,0.06003118,0.13429186,0.014817783,0.29509726
7,7,OUT,OUT,0.12263462,0.056176938,0.04323883,0.0047299676,0.1879683,0.09965463,0.003254051,0.48234263
5,0,SO,SINGLE,0.5148604,0.19220112,0.00477607,0.0024099122,0.032272123,0.044875786,0.0050145257,0.20359007
3,5,HR,SO,0.06379345,0.17685945,7.7280085e-05,0.002276963,0.1197026,0.53705543,0.013235497,0.08699935
7,1,OUT,DOUBLE,0.3599686,0.47474003,0.0005852059,0.00089851586,0.005455292,0.05498798,0.008427199,0.09493718
0,0,SINGLE,SINGLE,0.3640665,0.30264026,0.0017880342,0.05567579,0.023042165,0.11231766,0.014729682,0.1257399
1,1,DOUBLE,DOUBLE,0.11300859,0.41281334,0.0012142512,0.09535244,0.010310375,0.16187535,0.016873507,0.18855211
7,0,OUT,SINGLE,0.36647767,0.28881553,0.00049448444,0.11026454,0.05260862,0.09577621,0.0013891422,0.08417371
5,5,SO,SO,0.0018084324,0.0026393335,0.0012584515,0.00012083294,0.00031877513,0.9223309,0.00046106998,0.07106225
7,7,OUT,OUT,0.05858926,0.027435884,0.013132699,0.0065670134,0.035964023,0.389819,0.0011661031,0.467326
7,6,OUT,HBP,0.06254222,0.08999266,0.0038589374,0.012006823,0.038319223,0.124707386,0.5312931,0.13727967
5,7,SO,OUT,0.0018509544,2.6578491e-05,7.804459e-05,1.3335604e-05,0.001984038,0.123923235,1.6851104e-06,0.87212217
0,0,SINGLE,SINGLE,0.53459936,0.0044994145,8.2912244e-05,0.00016177268,0.15622194,0.18730907,0.0016006007,0.1155249
7,5,OUT,SO,0.07364586,0.002726212,0.003446454,0.27837333,0.071512304,0.53896165,0.015734943,0.015599216
6,5,HBP,SO,0.2939241,0.019964453,8.500154e-05,0.00048606077,0.124687426,0.4290527,0.00032095372,0.13147926
0,0,SINGLE,SINGLE,0.4873201,0.12345494,0.00025380516,0.27508563,0.0058533335,0.008245755,0.0068473727,0.09293911
7,0,OUT,SINGLE,0.5956552,0.19719906,0.0011919127,0.011664925,0.009695787,0.13480043,0.0063806796,0.04341193
7,0,OUT,SINGLE,0.5499367,0.16817771,0.07748154,0.0032370482,0.019758964,0.0718786,0.043184914,0.06634437
0,6,SINGLE,HBP,0.19347453,0.026598569,0.012387203,0.027796293,0.0065458063,0.10557932,0.5781904,0.049427826
7,5,OUT,SO,0.16397226,0.006257664,0.026026653,0.012707606,0.03097156,0.37194976,0.031667307,0.35644716
4,7,BB,OUT,0.085692994,0.17385146,0.009128098,0.0034975747,0.17753433,0.23587543,0.0013113191,0.31310883
7,5,OUT,SO,0.23180707,0.019538434,0.00121543,0.051776364,0.071498856,0.49919674,0.014039661,0.11092743
7,7,OUT,OUT,0.14667132,0.03802773,0.081037626,0.0098806545,0.13403109,0.10907979,0.026299966,0.4549718
5,3,SO,HR,0.07808074,0.24138443,0.0019316057,0.49979398,0.01046877,0.09740663,0.0013212705,0.06961265
5,6,SO,HBP,0.30497283,0.03891632,0.01002221,0.025231162,0.014259594,0.11603184,0.4013689,0.089197196
7,0,OUT,SINGLE,0.5522242,0.096496806,0.044082325,0.024615576,0.009326608,0.11589526,0.027778806,0.12958033
0,1,SINGLE,DOUBLE,0.03184382,0.9204695,0.00057561387,0.0007498126,0.005467834,0.022457415,0.0015701384,0.016865807
5,3,SO,HR,0.07596533,0.03824126,0.0039523407,0.5312419,0.0797342,0.21947598,0.003451298,0.04793769
0,3,SINGLE,HR,0.17900865,0.014851362,0.0013543576,0.39845982,0.25752035,0.035960674,0.019646604,0.093198165
7,0,OUT,SINGLE,0.30264416,0.07228389,0.0074418206,0.00065590505,0.22374047,0.08489233,0.041499943,0.26684153
7,3,OUT,HR,0.065056525,0.007845972,0.030277055,0.580025,0.14032377,0.036504526,0.005706849,0.13426031
5,7,SO,OUT,0.12875278,0.2927051,0.003879475,0.0012511704,0.062163703,0.05441859,0.009761914,0.4470673
0,0,SINGLE,SINGLE,0.3583769,0.044051755,0.0034521855,0.17183112,0.18027712,0.12820157,0.0013785518,0.11243078
0,0,SINGLE,SINGLE,0.26040843,0.102346614,0.004939852,0.00014916123,0.17772798,0.23133083,1.9519654e-05,0.22307767
7,7,OUT,OUT,0.1143911,0.008204916,0.0010594993,0.0010690319,0.037311684,0.1448163,0.01064426,0.6825033
0,0,SINGLE,SINGLE,0.8860366,0.013726075,0.00129146,0.0015816555,0.003321612,0.02632972,0.0010838505,0.06662913
3,7,HR,OUT,0.09710501,0.05863707,0.004768854,0.03374838,0.24927516,0.23601156,0.00030409909,0.32014984
7,7,OUT,OUT,0.2015523,0.16336553,0.00018512453,0.03845514,0.02486742,0.07769354,0.005055042,0.488826
7,7,OUT,OUT,0.03357693,0.2659167,0.00030616345,0.00047395672,0.0027700006,0.01032331,0.0004016148,0.6862313
0,3,SINGLE,HR,0.10526771,0.0076310746,0.00017803731,0.55311835,0.0052499347,0.036670953,0.00028509315,0.29159877
5,4,SO,BB,0.1051055,0.25461552,0.0010558678,0.022927664,0.46651855,0.101933755,0.0055289813,0.042314157
5,7,SO,OUT,0.018009191,0.0007949871,0.00048421577,0.00046354512,0.0036849212,0.3457529,0.0012465243,0.62956375
0,0,SINGLE,SINGLE,0.672234,0.03298283,0.0016192844,0.00713695,0.016780226,0.043705154,0.0016752721,0.22386622
7,7,OUT,OUT,0.13083734,0.23230912,0.00078447856,0.026699733,0.047378246,0.17067847,0.023194449,0.36811826
7,7,OUT,OUT,0.2686784,0.067977525,0.00034483362,0.0064116237,0.18238603,0.09581812,0.0011607714,0.37722272
4,7,BB,OUT,0.08833583,0.04444566,0.0030817245,0.28656706,0.06811898,0.07605277,0.01784219,0.41555583
7,0,OUT,SINGLE,0.45317397,0.032589074,0.00016441596,0.06622607,0.027001457,0.050329544,0.0012246968,0.3692908
0,7,SINGLE,OUT,0.32534382,0.15184985,0.0020334832,0.0005498889,0.018005513,0.070836864,0.00023006099,0.43115053
5,7,SO,OUT,0.25674284,0.014105125,7.600698e-05,0.02502499,0.0048064636,0.0928387,0.00011432034,0.6062916
5,1,SO,DOUBLE,0.027916336,0.5199544,0.0002753692,0.3457634,0.031882264,0.057353575,0.00049305294,0.016361581
1,3,DOUBLE,HR,0.15612571,0.022135291,0.008660867,0.3069278,0.21419165,0.028358007,0.002628058,0.26097253
5,7,SO,OUT,0.27759057,0.08936176,0.008947966,0.0017546254,0.1886349,0.06774473,0.021168929,0.34479657
5,0,SO,SINGLE,0.38938716,0.020514404,0.0024474543,0.0607071,0.32950333,0.1294602,0.00062874646,0.06735156
5,7,SO,OUT,0.06737287,0.12248997,0.00036404352,0.017345976,0.004747662,0.25055572,0.00031674304,0.53680706
5,7,SO,OUT,0.12227307,0.07513658,0.0018755854,0.05412889,0.025774667,0.3124225,0.00043989797,0.40794876
7,3,OUT,HR,0.040815964,0.0125825945,0.0001100898,0.82439387,0.009725783,0.038080763,0.0081522465,0.06613871
7,3,OUT,HR,0.06873422,0.05507762,0.0005023386,0.63737357,0.012303881,0.08024467,0.00056302623,0.1452007
1,7,DOUBLE,OUT,0.25130826,0.070361264,0.0011291788,0.012190555,0.20988277,0.09552481,0.00043699186,0.35916623
7,4,OUT,BB,0.016888604,0.035787746,9.528746e-05,0.00024480402,0.46910885,0.038130898,0.004643409,0.4351005
6,4,HBP,BB,0.07692164,0.25023597,0.0016407262,0.010454955,0.28710404,0.030212792,0.1984244,0.14500548
4,0,BB,SINGLE,0.66685843,0.009412995,5.678048e-05,0.00027085378,0.056571916,0.0058260937,0.006925133,0.25407782
7,5,OUT,SO,0.29680306,0.1819035,9.340834e-05,0.0039994987,0.081693105,0.34224603,0.00035790855,0.092903584
0,7,SINGLE,OUT,0.09129031,0.011727938,0.00058415555,0.0012053151,0.1274613,0.026905915,0.092094965,0.6487301
1,7,DOUBLE,OUT,0.12105938,0.043319542,0.00042529873,0.0017140586,0.2910602,0.018632472,0.002252883,0.5215361
1,7,DOUBLE,OUT,0.08437754,0.005125559,0.00012211992,0.0008351815,0.26109508,0.26983348,0.0017695908,0.3768415
0,7,SINGLE,OUT,0.27259412,0.024576347,4.7781545e-05,0.001057083,0.14037308,0.19423261,0.00073053973,0.36638844
7,7,OUT,OUT,0.053442933,0.1248267,0.00012795645,0.16266605,0.281997,0.053425558,0.0013182957,0.32219553
0,7,SINGLE,OUT,0.13776416,0.15189674,0.00038553038,0.0600191,0.026371332,0.10262032,0.019461049,0.5014817
0,7,SINGLE,OUT,0.19808774,0.31713387,0.0013190577,0.00064362783,0.016644735,0.03002382,0.0011259002,0.43502122
7,7,OUT,OUT,0.12220591,0.30462265,0.00036773572,0.050252087,0.074168965,0.0843753,0.0013955198,0.36261177
0,7,SINGLE,OUT,0.14219716,0.024677197,0.00044964545,0.2207141,0.011965771,0.1365867,0.00013860142,0.46327084
7,1,OUT,DOUBLE,0.05087751,0.5711362,0.00082074397,0.019240523,0.08706333,0.12069158,0.0010378357,0.14913228
7,4,OUT,BB,0.11021529,0.053813435,0.1215773,0.15554792,0.36361334,0.050394144,0.0014360375,0.14340244
7,7,OUT,OUT,0.010048648,0.11041801,0.00047669502,0.00027737877,0.023376683,0.29135713,8.3749794e-05,0.56396174
0,0,SINGLE,SINGLE,0.535358,0.089810275,0.0009201229,0.00036219656,0.022830244,0.1776493,0.0005846797,0.17248514
7,7,OUT,OUT,0.095356025,0.06154798,0.0019680872,0.00045392316,0.013058689,0.023659574,0.00068398623,0.8032718
7,7,OUT,OUT,0.16163248,0.019856054,0.00013188584,0.06394856,0.004384821,0.11412246,0.00016208133,0.6357617
7,5,OUT,SO,0.2730403,0.032958973,0.004939463,0.032869283,0.22094825,0.32176295,0.0022184995,0.11126224
7,5,OUT,SO,0.15454446,0.106941745,0.0049024113,0.2288203,0.034117833,0.23528472,0.01045453,0.224934
0,1,SINGLE,DOUBLE,0.17037943,0.32033017,0.0031229632,0.042414084,0.2491016,0.093576305,0.02131192,0.09976354
7,1,OUT,DOUBLE,0.071132116,0.30043042,0.0036345911,0.29021138,0.021126995,0.17678978,0.0019523435,0.13472238
7,0,OUT,SINGLE,0.36530924,0.15949084,0.0012364393,0.002237548,0.19952808,0.04483239,0.006586411,0.220779
5,5,SO,SO,0.015274771,0.0035032353,0.0031849018,0.0006802182,0.0011946145,0.6068145,0.0017791566,0.3675686
7,5,OUT,SO,0.07089591,0.04747315,0.004188868,0.009958075,0.035617065,0.50004816,0.017577538,0.31424126
7,4,OUT,BB,0.19082609,0.03092419,0.020058941,0.002083648,0.36149535,0.06432758,0.06530113,0.26498312
0,5,SINGLE,SO,0.0888881,0.019740835,0.011612292,0.10120025,0.06357867,0.57966304,0.0033677407,0.13194908
0,7,SINGLE,OUT,0.19828893,0.105976,0.0041372916,0.0069841915,0.21122661,0.14872535,0.009060057,0.31560162
5,3,SO,HR,0.0998367,0.02817317,0.0020407573,0.3469261,0.041113652,0.17813031,0.0026157103,0.3011635
1,0,DOUBLE,SINGLE,0.7630196,0.028459223,0.0110919215,0.009959284,0.030638136,0.027884541,0.0011615528,0.12778571
5,5,SO,SO,0.1820556,0.024534551,0.0011982584,0.05084767,0.049602263,0.49466813,0.00649032,0.19060323
7,6,OUT,HBP,0.061697606,0.04493693,0.0006353943,0.0040190895,0.11454525,0.29112744,0.33300903,0.15002927
5,0,SO,SINGLE,0.48037505,0.21031572,0.0006854822,0.020700216,0.08410191,0.067572266,0.0286099,0.10763942
7,5,OUT,SO,0.019580366,0.021145275,0.001005701,0.026332019,0.0041747256,0.76165545,0.004938088,0.16116843
5,7,SO,OUT,0.10760289,0.015603353,0.007102063,0.0015368725,0.02398356,0.03857463,0.009573112,0.7960236
7,7,OUT,OUT,0.06982793,0.010573262,0.0007874275,0.020362731,0.0587031,0.37937936,0.04433438,0.41603184
5,7,SO,OUT,0.083521396,0.16648574,0.006455632,0.11195451,0.076838315,0.27366245,0.007396953,0.2736851
7,4,OUT,BB,0.15433502,0.067678824,0.00011814915,0.0099589275,0.48012987,0.13685599,0.0010682335,0.14985497
7,7,OUT,OUT,0.07078793,0.0035172896,0.00023925153,0.2124669,0.048417933,0.031238532,0.013992401,0.61933976
7,7,OUT,OUT,0.2521496,0.029401785,0.0074442397,0.0005185152,0.1229601,0.09165615,0.020078667,0.47579092
0,7,SINGLE,OUT,0.25071257,0.0032110324,0.0014178695,0.011993561,0.1406356,0.23866557,0.0011207076,0.35224313
7,7,OUT,OUT,0.022217039,0.012486527,0.00029975918,0.19383435,0.11157458,0.11763431,0.005274013,0.5366793
7,5,OUT,SO,0.18981145,0.026061863,0.0018360817,0.011431653,0.08084081,0.31909743,0.06589508,0.30502555
5,5,SO,SO,0.015974844,2.7246793e-05,6.5292597e-06,0.00017606295,0.00444376,0.95361316,0.0007685297,0.02498992
3,0,HR,SINGLE,0.42619783,0.06741594,0.0009175217,0.017930781,0.040364414,0.15398942,0.017350206,0.27583393
7,7,OUT,OUT,0.3354555,0.08566641,0.0015673124,0.0101884985,0.065790236,0.11553987,0.02840521,0.35738692
4,4,BB,BB,0.11325504,0.19216406,0.002538869,0.04647612,0.25456882,0.1868532,0.043377057,0.16076685
7,4,OUT,BB,0.030662179,0.19367191,0.0027277968,0.00038363284,0.6987127,0.013014714,0.009843425,0.050983664
5,5,SO,SO,0.017007027,0.06417514,0.0066420077,0.0107994005,0.008087229,0.7336526,0.0016848393,0.15795174
5,5,SO,SO,0.091259256,0.031061314,0.0029806697,0.11260289,0.22462066,0.29993013,0.042801972,0.19474313
7,2,OUT,TRIPLE,0.21581979,0.004697506,0.37688833,0.0044086035,0.16887775,0.09259298,8.3531435e-05,0.13663141
7,7,OUT,OUT,0.19396049,0.048240907,0.0149224615,0.020388117,0.2476292,0.07066252,0.06039293,0.34380335
1,0,DOUBLE,SINGLE,0.39762864,0.10655766,0.0031475718,0.084994674,0.1740817,0.117366634,0.011498788,0.10472429
7,4,OUT,BB,0.058258135,0.07083381,0.014064392,0.0035096055,0.70231587,0.025926521,0.060063582,0.065028116
7,5,OUT,SO,0.021356871,0.00019202485,1.3278821e-05,2.376958e-05,0.0014345245,0.7352075,0.00013798726,0.24163412
5,5,SO,SO,0.08464509,0.005413275,2.4056406e-05,0.0017375433,0.022913994,0.74240565,0.00028817254,0.14257213
7,4,OUT,BB,0.048476156,0.026955454,0.0002492235,0.0062268185,0.7558327,0.06798513,0.0026708546,0.09160378
7,4,OUT,BB,0.10103041,0.047420375,0.049687408,0.04551949,0.545709,0.12495966,0.0011152349,0.08455839
0,5,SINGLE,SO,0.1267713,0.010732438,0.021179423,0.019276973,0.04997165,0.41312534,0.0046441173,0.3542988
0,7,SINGLE,OUT,0.1614048,0.06852364,0.09028555,0.019557431,0.1129018,0.12094136,0.0031849204,0.42320043
7,7,OUT,OUT,0.08702592,0.034420658,0.0037152898,0.017918643,0.29358348,0.13132331,0.0016499199,0.43036282
5,7,SO,OUT,0.13665769,0.023570988,0.0005378735,0.057605416,0.18601154,0.068088435,0.000666571,0.52686155
7,7,OUT,OUT,0.15456681,0.013320688,0.0031527535,0.019556848,0.24775322,0.08944271,0.001393125,0.47081378
0,4,SINGLE,BB,0.11988968,0.022545386,0.00018522982,0.0074328883,0.61787134,0.09535486,0.0031179024,0.13360271
7,5,OUT,SO,0.05192046,0.15880923,0.0022797869,0.006274989,0.04498268,0.653978,0.02514962,0.056605197
7,7,OUT,OUT,0.24657519,0.22376662,0.00083027565,0.009729121,0.06937847,0.03872178,0.009255861,0.40174273
7,7,OUT,OUT,0.20510821,0.23122586,0.00051378726,0.0016469385,0.12299385,0.1275358,0.005927694,0.30504784
5,0,SO,SINGLE,0.7112631,0.022209868,0.0006363086,0.008192586,0.048094913,0.05765011,0.0436465,0.10830663
5,0,SO,SINGLE,0.2728145,0.052855596,0.0010421594,0.009557614,0.22576146,0.19745855,0.024765937,0.21574427
0,0,SINGLE,SINGLE,0.48060486,0.009315613,0.008654922,0.0018793151,0.13002473,0.10477251,0.0027793383,0.2619687
7,4,OUT,BB,0.004571432,0.009856821,0.0008540273,0.0010749192,0.6616891,0.2726882,0.0011193372,0.048146226
7,4,OUT,BB,0.025734534,0.07991685,0.00026367695,0.0065971757,0.35746416,0.17941,0.0047988403,0.3458148
2,0,TRIPLE,SINGLE,0.49243093,0.013058097,7.901404e-05,0.0041508977,0.22256349,0.15360348,0.0010285397,0.11308555
0,4,SINGLE,BB,0.1770892,0.037640285,0.001404636,0.03805056,0.39329332,0.058066156,0.009758888,0.28469706
7,7,OUT,OUT,0.14366652,0.102017194,0.0019091481,0.0016675087,0.1394497,0.09501766,0.02074379,0.4955284
5,7,SO,OUT,0.090806335,0.00352231,0.0046288082,0.013530108,0.004008309,0.020361861,0.0009834938,0.8621587
1,5,DOUBLE,SO,0.066426344,0.016948802,0.0011256908,0.015946541,0.31294325,0.38140982,0.008435237,0.19676426
7,7,OUT,OUT,0.17086321,0.0101467455,0.0027948301,0.008909309,0.16870727,0.14656982,0.091137104,0.40087163
7,4,OUT,BB,0.10789401,0.009421546,0.005239586,0.035550166,0.34272242,0.19700257,0.012304239,0.28986543
5,5,SO,SO,0.19135281,0.14906254,0.007431929,0.01688671,0.104509786,0.23403515,0.08250195,0.2142191
4,4,BB,BB,0.15960144,0.04031899,0.0011540131,0.15637086,0.44222072,0.14199692,0.005699284,0.052637752
7,7,OUT,OUT,0.083588034,0.060048312,0.0067243855,0.0018787613,0.06646815,0.07921067,0.00049591775,0.70158577
7,0,OUT,SINGLE,0.37843636,0.07701881,0.0011927895,0.002790014,0.07810456,0.09698887,0.008363433,0.3571051
4,7,BB,OUT,0.109456636,0.06108227,0.0014434269,0.25209296,0.16385111,0.15037993,0.009226486,0.25246722
7,7,OUT,OUT,0.16703859,0.035581935,0.01842243,0.003358443,0.15814608,0.1372268,0.22334456,0.2568812
0,6,SINGLE,HBP,0.07249265,0.10924234,0.00034915173,0.005177684,0.032098316,0.053896215,0.62046355,0.10628007
5,5,SO,SO,0.007421236,0.00015188938,3.7801112e-07,5.7017376e-05,0.013241548,0.7071048,0.0043901596,0.26763296
7,5,OUT,SO,0.08511356,0.10291196,0.013218415,0.00083820394,0.09313659,0.3651396,0.002281128,0.33736044
1,4,DOUBLE,BB,0.07993576,0.10454682,0.002933213,0.055003542,0.28667632,0.27987653,0.005473993,0.18555377
0,7,SINGLE,OUT,0.054836478,0.0340778,0.002089678,0.21804662,0.19157021,0.2402629,0.001988455,0.25712785
7,7,OUT,OUT,0.08922538,0.015393548,0.014285461,0.002616119,0.16089952,0.10379572,0.063589364,0.5501948
5,4,SO,BB,0.1770144,0.19355261,0.00010916001,0.0125534,0.38517758,0.03671391,0.0035912753,0.1912876
4,4,BB,BB,0.09305617,0.007983399,0.00023054313,0.022600355,0.75757414,0.048232082,0.010707442,0.059615895
7,0,OUT,SINGLE,0.41781467,0.01681755,0.022898875,0.009260282,0.043068532,0.12875462,0.023262054,0.33812335
5,6,SO,HBP,0.02801679,0.057122286,0.001453946,0.00064054754,0.17530599,0.17426674,0.45541254,0.10778116
0,0,SINGLE,SINGLE,0.34010193,0.025420541,0.00094626716,0.11056374,0.16144462,0.021603286,0.008793893,0.3311257
4,7,BB,OUT,0.091392376,0.036067143,0.00027838617,0.084052354,0.010608836,0.1274319,0.0018937805,0.64827514
0,5,SINGLE,SO,0.28896502,0.01590221,0.0019333931,0.0053035407,0.100009836,0.44720683,0.031007368,0.10967183
1,0,DOUBLE,SINGLE,0.4703495,0.09605479,0.01267119,0.0015446112,0.030285459,0.100155935,0.00022408183,0.28871438
7,7,OUT,OUT,0.11561066,0.008023798,0.0033136052,0.013166835,0.08843872,0.26867297,0.011632653,0.49114072
7,7,OUT,OUT,0.167788,0.039154045,0.04004031,0.08988475,0.07253374,0.19060387,0.0015879206,0.39840737
4,3,BB,HR,0.04837319,0.011227353,0.00022836325,0.7659709,0.021205168,0.07574991,0.0064411955,0.07080395
7,0,OUT,SINGLE,0.2780345,0.059689257,0.000275114,0.036923062,0.026722727,0.22074589,0.10948357,0.26812595
7,7,OUT,OUT,0.002426424,0.0003806876,0.00012609389,4.098036e-05,6.919661e-05,0.34957874,3.4191817e-05,0.64734364
7,0,OUT,SINGLE,0.5766036,0.013241033,0.003638147,0.013383291,0.004048275,0.14952756,0.068434685,0.17112336
7,5,OUT,SO,0.06271649,0.0497521,0.0064264657,0.008004337,0.15201837,0.52229214,0.004197391,0.19459273
3,4,HR,BB,0.23419632,0.174655,0.0062088245,0.089073844,0.24526006,0.05517954,0.018720776,0.1767056
7,0,OUT,SINGLE,0.6686549,0.00938993,0.004426144,0.0052622473,0.014002929,0.10847551,0.0154088605,0.17437948
5,6,SO,HBP,0.13612644,0.03504852,0.0003715204,0.0025886637,0.11752624,0.02546976,0.56830215,0.114566684
7,5,OUT,SO,0.18805718,0.038330063,0.0046379734,0.004239083,0.0366145,0.5059038,0.025402548,0.19681488
7,0,OUT,SINGLE,0.3606957,0.053817227,0.00058072986,0.045398455,0.054819282,0.21167557,0.013978103,0.25903487
7,0,OUT,SINGLE,0.43063867,0.2917477,0.00035872936,0.010088389,0.013251385,0.13982569,0.013090898,0.10099849
6,5,HBP,SO,0.057293937,0.0024497828,0.005886607,0.008940387,0.345818,0.45370245,0.008180916,0.1177279
7,5,OUT,SO,0.07753957,0.0032871668,0.00039899847,0.002803078,0.12041308,0.50258917,0.00040717697,0.29256177
1,7,DOUBLE,OUT,0.18308185,0.022714548,0.00010980806,0.008786426,0.06867192,0.018217282,0.006701591,0.69171655
0,7,SINGLE,OUT,0.28271076,0.045726087,0.0030824007,0.06041108,0.1223656,0.13443622,0.0076098223,0.343658
0,4,SINGLE,BB,0.10046441,0.14971685,0.0007488666,0.23284689,0.2756874,0.09645107,0.023269556,0.120815046
0,2,SINGLE,TRIPLE,0.19305009,0.012981857,0.2680155,0.005890619,0.21691194,0.14821103,0.00026747695,0.15467145
5,7,SO,OUT,0.28721994,0.04791019,0.0001393446,0.0007405677,0.01326593,0.19053052,0.00020879548,0.45998466
7,5,OUT,SO,0.19006796,0.03918061,5.5239456e-05,0.004398789,0.15513457,0.48487753,0.001994413,0.12429094
5,5,SO,SO,0.09695051,0.19039306,0.00012301054,0.045711145,0.1391833,0.25137445,0.0491762,0.22708826
4,0,BB,SINGLE,0.22827733,0.03267642,0.0008464299,0.22727579,0.08454835,0.19499147,0.031400017,0.19998418
7,6,OUT,HBP,0.28196546,0.015727555,0.0130166095,0.03251439,0.03416835,0.09384583,0.4382537,0.090508044
5,7,SO,OUT,0.26971558,0.054264087,0.02780724,0.06834397,0.11192876,0.060286913,0.05926232,0.34839115
7,5,OUT,SO,0.15668343,0.019082034,0.011841972,0.004311228,0.003885037,0.4364101,0.02296949,0.3448167
5,3,SO,HR,0.101014145,0.103207886,0.0010546645,0.375158,0.1408294,0.09289099,0.03213088,0.15371402
0,7,SINGLE,OUT,0.20506543,0.15376468,6.903242e-05,0.074055366,0.08474791,0.012577807,0.0045039416,0.46521583
7,7,OUT,OUT,0.08957289,0.30968365,0.00026551314,0.0049587716,0.06711879,0.040664464,0.07542407,0.41231182
5,0,SO,SINGLE,0.37219828,0.035726205,5.0146686e-05,0.04366126,0.09321006,0.09415893,0.0033493931,0.35764563
7,7,OUT,OUT,0.009047357,0.014719504,0.0072246892,0.0028357431,0.11611255,0.049603023,0.0035497178,0.79690737
7,7,OUT,OUT,0.17568727,0.09677861,0.0011911168,0.000313013,0.10109348,0.27010962,0.000501295,0.3543256
0,7,SINGLE,OUT,0.10580658,0.020763226,0.0007247416,0.0023280915,0.1310235,0.07151518,0.0026770895,0.66516155
7,0,OUT,SINGLE,0.29701316,0.015203686,0.0017595877,0.002703438,0.22268271,0.239911,0.00077601895,0.21995038
5,5,SO,SO,0.256985,0.06075776,0.0015360792,0.0013602829,0.13300903,0.30356473,0.0073429267,0.2354441
7,7,OUT,OUT,0.22898382,0.14332813,0.0008154399,0.070789635,0.04780792,0.13629274,0.039862275,0.33212
7,7,OUT,OUT,0.26725563,0.074186385,0.00067022047,0.018254936,0.20500068,0.03240548,0.016763289,0.38546336
7,0,OUT,SINGLE,0.368118,0.099918656,0.04897253,0.008803214,0.07553175,0.08484958,0.1947801,0.11902619
4,7,BB,OUT,0.009434988,0.0011587648,0.00016495603,0.016178919,0.0075157345,0.21804996,0.019228306,0.7282684
7,7,OUT,OUT,0.010129245,0.00043872127,0.00021019674,0.001680676,0.008133972,0.4069716,0.019831117,0.5526045
7,5,OUT,SO,0.032404583,0.0031851665,0.00010119088,0.029681401,0.025618587,0.8153319,0.0009714097,0.09270574
7,6,OUT,HBP,0.060276944,0.06392904,0.0028479507,0.03444565,0.03755826,0.15328659,0.50242144,0.14523406
7,4,OUT,BB,0.08995469,0.044613205,0.055948444,0.1778918,0.27006292,0.11369524,0.0063909898,0.24144267
7,5,OUT,SO,0.16708809,0.028900187,0.060724135,0.02062648,0.033382405,0.5438179,0.008595152,0.13686563
7,0,OUT,SINGLE,0.40708482,0.024215719,0.0010799092,0.025274482,0.15712284,0.11918708,0.0002342246,0.2658009
5,7,SO,OUT,0.22454359,0.134963,0.0015534085,0.02534698,0.028101087,0.021998974,0.03446945,0.52902347
7,0,OUT,SINGLE,0.32579598,0.030136274,0.0011598995,0.15221022,0.037112404,0.14577088,0.020696344,0.28711802
5,0,SO,SINGLE,0.26632515,0.008592314,9.9465055e-05,0.14291106,0.052352946,0.26496485,0.001861861,0.26289234
7,5,OUT,SO,0.06562242,0.1390703,0.0022668326,0.002673896,0.13105029,0.6151703,0.0037697693,0.04037626
7,7,OUT,OUT,0.21713492,0.049441107,0.0011251797,0.110789895,0.041511394,0.05976857,0.005216939,0.515012
5,0,SO,SINGLE,0.35000134,0.060323343,0.005886959,0.17058899,0.12413165,0.049316593,0.03538973,0.20436144
0,4,SINGLE,BB,0.048539206,0.0374868,0.0036820779,0.014651421,0.4810728,0.22723198,0.0051820944,0.18215361
7,0,OUT,SINGLE,0.48219502,0.021055568,0.013871239,0.009898194,0.046148315,0.15688553,0.00869681,0.2612493
4,4,BB,BB,0.17641784,0.16423431,0.015028612,0.0045480165,0.20133442,0.1928437,0.07812052,0.16747263
5,1,SO,DOUBLE,0.18627545,0.36743638,0.0059869955,0.06755904,0.031952634,0.090337515,0.030686669,0.21976528
0,1,SINGLE,DOUBLE,0.051390667,0.6008292,0.00010329923,0.0009295818,0.13886006,0.16821653,0.0005053326,0.039165385
5,7,SO,OUT,0.21178563,0.33400622,0.0024681357,0.0003466901,0.019143773,0.06527715,0.017198438,0.34977397
5,7,SO,OUT,0.101922885,0.032547645,0.0018941668,0.027592445,0.04463334,0.048221763,0.020259494,0.7229283
7,5,OUT,SO,0.10252503,0.039425343,0.0047378656,0.026229395,0.076154456,0.54254204,0.116974995,0.09141089
5,1,SO,DOUBLE,0.09962034,0.22619656,0.0065555447,0.006051668,0.21452956,0.20541914,0.017691461,0.22393572
5,4,SO,BB,0.16611609,0.00790939,0.0024237274,0.011993946,0.67059135,0.058894057,0.0118673,0.07020418
5,7,SO,OUT,0.040199127,0.008165202,7.694379e-05,0.01317534,0.16757026,0.37853187,0.004752041,0.3875292
7,5,OUT,SO,0.15760325,0.0016971504,0.002732782,0.036346857,0.08457607,0.63992465,0.0041347584,0.07298459
5,7,SO,OUT,0.22797658,0.010407567,0.0014454796,0.08403945,0.043332845,0.02551692,0.010881436,0.5963997
0,7,SINGLE,OUT,0.24719074,0.032835938,0.0060057994,0.025325036,0.04744065,0.19105536,0.07991508,0.37023145
5,7,SO,OUT,0.2059699,0.097643845,0.0014165235,0.008299346,0.07190389,0.23558563,0.028353447,0.35082743
7,0,OUT,SINGLE,0.2947506,0.049815536,0.00033832502,0.050254066,0.13358979,0.21068935,0.06757108,0.19299126
7,7,OUT,OUT,0.17637177,0.02770173,0.01950319,0.010826395,0.12852006,0.2544862,0.081618235,0.30097243
7,5,OUT,SO,0.07869165,0.03928972,0.0031570694,0.20393929,0.092411585,0.45761004,0.08381024,0.041090354
5,4,SO,BB,0.018035498,0.0015465383,0.0014052722,0.007311254,0.84630364,0.085673355,0.00010981307,0.039614663
7,4,OUT,BB,0.027814388,0.0026903434,9.099114e-05,0.25158274,0.6816911,0.028154012,0.00013409328,0.007842304
7,1,OUT,DOUBLE,0.099589296,0.4514981,0.002937895,0.0004245286,0.0654357,0.33287475,0.0043951767,0.042844553
7,0,OUT,SINGLE,0.3690866,0.12879905,0.0037553615,0.024491882,0.027282398,0.17782739,0.08510169,0.18365571
5,7,SO,OUT,0.08758622,0.021315286,0.0027845108,0.0010748716,0.01521188,0.27067888,0.0064423303,0.59490603
0,4,SINGLE,BB,0.06802159,0.01624073,0.00019166822,0.014397773,0.62390167,0.2259322,0.0149393,0.036375064
5,4,SO,BB,0.034603667,0.008445673,0.0045463894,0.018982578,0.6953515,0.15106925,0.008485228,0.0785158
5,4,SO,BB,0.19178072,0.019440783,0.0067909383,0.046059042,0.61024415,0.08424407,0.0022635283,0.03917673
7,5,OUT,SO,0.19560851,0.25237408,0.00022646405,0.0045569036,0.016106563,0.40637693,0.00956508,0.11518541
6,5,HBP,SO,0.23330362,0.008690659,0.00031091415,0.005292004,0.08470447,0.33816347,0.008598552,0.32093635
7,5,OUT,SO,0.27394152,0.029233998,0.0023446875,0.004164302,0.030777296,0.3971843,0.0016246357,0.26072925
0,0,SINGLE,SINGLE,0.32487184,0.0034905681,0.001511855,0.0064378167,0.047068864,0.30909148,0.00556662,0.3019609
5,5,SO,SO,0.02144938,0.001050588,2.4563898e-05,0.0405606,0.05240715,0.8057028,0.033031918,0.045772944
0,5,SINGLE,SO,0.056386713,0.011593807,0.00018575031,0.052680854,0.07234519,0.69119513,0.055445258,0.060167238
7,5,OUT,SO,0.09044757,0.0077995365,0.00044157996,0.005430263,0.122629695,0.39478794,0.004661384,0.37380204
5,5,SO,SO,0.14990197,0.05058238,7.995941e-05,0.18836002,0.06788631,0.40161362,0.03216918,0.109406576
7,5,OUT,SO,0.30591863,0.032654658,0.11297762,0.030374045,0.08865381,0.32050315,0.025282802,0.083635256
7,5,OUT,SO,0.18141012,0.091051094,0.005321868,0.046605192,0.048414037,0.4113755,0.0045072436,0.21131492
7,0,OUT,SINGLE,0.6732242,0.008127041,0.0013010509,0.0065910886,0.07423547,0.029026577,0.059715573,0.14777894
5,7,SO,OUT,0.16076675,0.013068333,0.00088845845,0.039968066,0.22233224,0.25163487,0.010705452,0.30063576
7,1,OUT,DOUBLE,0.15517117,0.54782856,0.00013725112,0.0008636962,0.07137211,0.11437437,0.00092914776,0.109323665
5,5,SO,SO,0.18605134,0.025366172,0.0005587126,0.11174184,0.06434799,0.41156697,0.112955295,0.08741173
7,7,OUT,OUT,0.16103154,0.027614461,0.00035625338,0.08845284,0.0452759,0.16888352,0.20083854,0.30754694
5,4,SO,BB,0.035666645,0.061154198,0.00026852064,0.00063587725,0.55549467,0.22972347,0.04139862,0.075658046
7,5,OUT,SO,0.1780896,0.01974835,0.00018995606,0.06780166,0.068556316,0.57944936,0.001620612,0.08454419
7,7,OUT,OUT,0.1567499,0.010322588,9.765379e-06,0.103576936,0.1094364,0.1372088,0.0037448972,0.47895065
7,7,OUT,OUT,0.1865748,0.03346707,0.000979786,0.028617857,0.19027472,0.1304799,0.0029841205,0.4266217
7,3,OUT,HR,0.14123692,0.007850063,0.00083199446,0.26046327,0.16020785,0.2585159,0.0014990433,0.16939501
3,1,HR,DOUBLE,0.06201527,0.32399195,0.003305561,0.014975322,0.028861668,0.2938227,0.13593762,0.13708985
7,7,OUT,OUT,0.09820249,0.008644481,0.000114613744,0.028536802,0.07117636,0.275642,0.013561296,0.5041219
5,7,SO,OUT,0.23619889,0.02720689,0.00033973408,0.00054533576,0.013383245,0.030927172,0.0043337746,0.687065
0,0,SINGLE,SINGLE,0.3836754,0.024604743,0.00070919626,0.19105567,0.037299108,0.08719187,0.014702339,0.2607617
7,7,OUT,OUT,0.11649584,0.12060821,0.06836403,0.03176968,0.17445116,0.042745825,0.0028963895,0.44266883
7,6,OUT,HBP,0.26876298,0.031111112,0.0039379415,0.034812167,0.079245575,0.09795935,0.3158542,0.16831669
7,0,OUT,SINGLE,0.6248627,0.026150001,0.002246848,0.005993457,0.03503504,0.039000258,0.046956073,0.21975562
7,0,OUT,SINGLE,0.50259596,0.04476552,0.001082991,0.0071895425,0.06246312,0.22603022,0.07185709,0.08401551
5,0,SO,SINGLE,0.40955058,0.029644793,0.00060464675,0.015039613,0.20642406,0.1559638,0.100555785,0.08221676
5,5,SO,SO,0.11628464,0.03314224,0.0003673451,0.04588457,0.15811867,0.5292891,0.0023465634,0.11456692
5,7,SO,OUT,0.22449926,0.062235963,0.019367872,0.0011335758,0.040188488,0.18021539,0.0017770217,0.47058243
7,5,OUT,SO,0.059514362,0.046742477,0.0023982525,8.935334e-05,0.018889496,0.6591055,0.0012990115,0.21196161
7,4,OUT,BB,0.26007605,0.08485405,0.086444855,0.004937292,0.35339507,0.05885482,0.0026945532,0.14874336
7,0,OUT,SINGLE,0.4128251,0.017064745,0.009017744,0.040714145,0.1668072,0.19599605,0.0006376675,0.1569373
5,4,SO,BB,0.15328383,0.1864994,0.0021973338,0.07899927,0.20301203,0.19065674,0.0066179475,0.17873335
4,0,BB,SINGLE,0.63643396,0.02337664,0.0008664209,0.011215454,0.014298993,0.12507804,0.009008189,0.17972232
0,7,SINGLE,OUT,0.17415424,0.10569352,0.0011611829,0.047654983,0.23539583,0.12500556,0.014640448,0.29629427
0,7,SINGLE,OUT,0.18877421,0.13346486,0.00062661973,0.033012338,0.113908045,0.25422865,0.009258208,0.26672706
7,5,OUT,SO,0.03294752,0.20606643,0.0112133715,0.037018426,0.099112086,0.41037676,0.1133275,0.08993791
4,1,BB,DOUBLE,0.19744766,0.3874317,0.03016384,0.009082859,0.1134792,0.14075781,0.018636838,0.10300018
7,7,OUT,OUT,0.26137272,0.010909261,0.0010480634,0.007042155,0.0542524,0.29026738,9.85844e-05,0.37500948
7,0,OUT,SINGLE,0.62144524,0.016087683,0.021256419,0.013552456,0.03417515,0.01945851,0.0029881473,0.27103645
7,3,OUT,HR,0.27212217,0.042720497,0.0009707338,0.309185,0.04075038,0.18952629,0.0053402586,0.1393848
7,4,OUT,BB,0.06482359,0.013697983,0.00025450182,0.051333282,0.5474853,0.19494377,0.0032402785,0.124221236
5,0,SO,SINGLE,0.30537796,0.06228569,0.0066662314,0.039911304,0.18304801,0.161851,0.0039611435,0.23689857
5,5,SO,SO,0.061502017,0.07922032,0.00357847,0.061244484,0.23276009,0.31460163,0.009067536,0.23802546
1,0,DOUBLE,SINGLE,0.3987338,0.027906861,0.00028482237,0.030995753,0.071680844,0.12098759,0.0014089078,0.34800142
7,0,OUT,SINGLE,0.50935686,0.00404238,0.0008789619,0.23913932,0.028769229,0.030587843,0.02674495,0.16048044
7,7,OUT,OUT,0.18952072,0.07993031,0.0021163633,0.009535225,0.18163462,0.16018882,0.0289782,0.34809577
7,4,OUT,BB,0.2664636,0.0019436531,0.0033577261,0.011044076,0.34197322,0.22292028,0.0882296,0.0640678
4,5,BB,SO,0.16640255,0.025213934,0.0030683286,0.027367193,0.03146166,0.6832738,0.0075384737,0.055674084
4,0,BB,SINGLE,0.32270402,0.019662987,0.00018168925,0.012017293,0.16131702,0.16518557,0.04203759,0.27689388
7,4,OUT,BB,0.17123532,0.022658892,0.0025613965,0.011773295,0.28294405,0.16323532,0.25921527,0.08637644
0,7,SINGLE,OUT,0.18864965,0.20713484,0.0036941073,0.012805785,0.03838601,0.09574988,0.2069457,0.24663402
7,7,OUT,OUT,0.2873532,0.23510005,0.0012144847,0.00027382426,0.005883042,0.020824425,0.0066424445,0.44270846
7,0,OUT,SINGLE,0.46187246,0.1530885,0.0032970244,0.0012546801,0.036592893,0.05276915,0.030247873,0.2608774
0,4,SINGLE,BB,0.14968456,0.01617584,0.0044021267,0.062371437,0.48863152,0.12276774,0.00030913105,0.15565763
0,7,SINGLE,OUT,0.026930755,0.03488982,0.00024821478,0.0010804783,0.025330888,0.02204718,0.0006029865,0.8888697
7,7,OUT,OUT,0.15426363,0.0036021904,0.0001615054,0.020923419,0.097249806,0.29711598,0.00697929,0.41970417
7,7,OUT,OUT,0.14293133,0.05453938,0.0047774743,0.06121186,0.03211005,0.023044717,0.01533414,0.66605103
7,0,OUT,SINGLE,0.71588296,0.0005467194,0.0014042845,0.1655423,0.010398894,0.026810776,0.019158093,0.060255826
7,5,OUT,SO,0.07725514,0.05171024,0.0007049915,0.0055211466,0.20484108,0.6173504,0.005007429,0.037609555
7,3,OUT,HR,0.15639253,0.23360115,0.009510353,0.27188307,0.059637472,0.19768229,0.014198467,0.05709459
1,4,DOUBLE,BB,0.20100658,0.00996465,0.0009324724,0.015339378,0.4292291,0.10076316,0.014299758,0.22846495
5,5,SO,SO,0.13605364,0.028031338,0.005602962,0.07193611,0.035844233,0.494888,0.007990542,0.21965314
5,5,SO,SO,0.022616452,0.0007022843,3.757736e-05,5.982792e-05,0.022155605,0.7903269,4.818625e-06,0.1640965
0,0,SINGLE,SINGLE,0.40166458,0.20139971,0.0012057915,0.0012991586,0.03537667,0.05522656,0.0010085898,0.30281898
5,0,SO,SINGLE,0.47403544,0.029836258,0.0005962163,0.0122233685,0.14885403,0.1817866,0.0024708568,0.1501972
5,3,SO,HR,0.04219426,0.055474006,0.0029689327,0.60154873,0.2061182,0.01727727,0.00039569498,0.07402287
7,4,OUT,BB,0.050053682,0.09261051,0.00033710885,0.021614224,0.3605814,0.18106185,0.00057996536,0.2931613
5,4,SO,BB,0.19638681,0.02178271,0.027299201,0.008983262,0.321948,0.30566534,0.00024635126,0.11768839
7,0,OUT,SINGLE,0.36155146,0.03270267,0.19573279,0.0024666414,0.13434516,0.1287993,0.012319436,0.13208257
7,2,OUT,TRIPLE,0.08694062,0.0020789998,0.3353842,0.004189383,0.23748846,0.15286504,0.00015475326,0.18089859
7,7,OUT,OUT,0.17892186,0.27042297,0.0006869424,0.021700133,0.015940905,0.14246657,0.010195198,0.3596655
7,1,OUT,DOUBLE,0.039234433,0.7874279,0.0011640487,0.00315679,0.016649285,0.023295194,0.0004199727,0.12865233
7,6,OUT,HBP,0.22756808,0.07255208,0.024234045,0.006462868,0.09656969,0.16361135,0.3291945,0.07980736
1,7,DOUBLE,OUT,0.03356959,0.22831772,0.00046142482,0.029216243,0.25467208,0.17523485,0.0003923216,0.27813578
7,4,OUT,BB,0.031696916,0.00018924958,9.769384e-05,0.00075075316,0.8323779,0.032071937,0.00023665043,0.10257886
5,3,SO,HR,0.0704673,0.060360353,0.00045231098,0.5082495,0.045226984,0.08654326,0.00051977235,0.22818038
7,5,OUT,SO,0.07478185,0.03664864,0.00021865088,0.122488074,0.2418756,0.3351268,0.0027453988,0.18611498
7,0,OUT,SINGLE,0.40397564,0.0373451,0.0016194114,0.0075515723,0.18246344,0.08524466,0.10480077,0.1769995
7,5,OUT,SO,0.09315254,0.046933927,0.00039421517,0.02282302,0.28530723,0.46777532,0.0015474015,0.08206629
1,0,DOUBLE,SINGLE,0.6869002,0.04728178,0.0007607052,0.11917496,0.012860639,0.04696652,0.0005792574,0.08547584
7,3,OUT,HR,0.023064869,0.0391915,8.691214e-05,0.8756057,0.019715374,0.01934013,0.0010952635,0.021900326
7,4,OUT,BB,0.09807228,0.0049070534,0.00096155464,0.036479153,0.5267883,0.11039974,0.011209553,0.21118234
7,5,OUT,SO,0.156931,0.03359732,0.0016051704,0.17951022,0.17247345,0.3166016,0.003914718,0.13536647
0,5,SINGLE,SO,0.17616852,0.04134745,0.0009138569,0.015408705,0.16090372,0.31258065,0.00028559717,0.29239148
0,7,SINGLE,OUT,0.109001674,0.061612073,0.002544583,0.0018220972,0.31379843,0.16486031,0.00871973,0.3376411
7,1,OUT,DOUBLE,0.077542685,0.48564953,0.00051494583,0.006137859,0.20123471,0.15776727,0.0035209684,0.06763198
1,7,DOUBLE,OUT,0.105560444,0.2641734,0.04419025,0.05368811,0.09926746,0.09771537,0.0073760124,0.32802895
4,7,BB,OUT,0.014852489,0.024260849,6.663209e-05,0.13805985,0.004607315,0.2918393,8.840802e-06,0.52630466
0,5,SINGLE,SO,0.13842732,0.0021708321,0.0004135532,0.0009993764,0.004756701,0.48893687,0.002674787,0.3616205
7,4,OUT,BB,0.12655699,0.007948435,0.081064604,0.060855243,0.45434737,0.19018893,0.00014973164,0.07888861
0,0,SINGLE,SINGLE,0.32302955,0.039065745,0.11370401,0.0016649938,0.17770858,0.19857465,0.0044697165,0.14178278
7,2,OUT,TRIPLE,0.05139433,0.016688721,0.47416037,0.34315404,0.07630544,0.022577723,0.0025134012,0.013205955
7,5,OUT,SO,0.052691035,0.123285174,0.00025158926,0.0028994153,0.067093715,0.42437738,0.0012760736,0.3281257
7,1,OUT,DOUBLE,0.05302776,0.39644417,0.010726463,0.0020793434,0.09588194,0.0658892,0.0034072332,0.37254393
2,7,TRIPLE,OUT,0.12621409,0.21140566,0.004972038,0.14663973,0.018951371,0.019686125,0.00033022475,0.47180086
5,4,SO,BB,0.12091142,0.004643134,0.013141419,0.103504114,0.4416154,0.019657472,0.00013673228,0.2963904
3,0,HR,SINGLE,0.24936134,0.037715916,0.015056023,0.22156353,0.043418314,0.23415837,0.00076481776,0.19796179
7,4,OUT,BB,0.26459646,0.024228064,0.0016344944,0.009752933,0.3284072,0.14839013,0.0020819213,0.22090879
7,4,OUT,BB,0.22201817,0.08779376,0.005403313,0.004852773,0.60270727,0.04825598,0.003137363,0.025831448
1,5,DOUBLE,SO,0.04086966,0.040254544,0.0028910663,0.09421139,0.089228526,0.6771631,2.751681e-05,0.05535416
7,4,OUT,BB,0.07208982,0.009845003,0.01474402,0.024378818,0.39201996,0.23592682,0.16321462,0.08778084
7,1,OUT,DOUBLE,0.04267673,0.53498167,5.208364e-05,0.037737392,0.052614532,0.08202105,0.000118137956,0.24979845
7,3,OUT,HR,0.014048501,0.010706251,0.000513876,0.7974149,0.05094579,0.0608368,0.00024421077,0.065289624
7,0,OUT,SINGLE,0.45569047,0.039551523,0.0007503688,0.0018413473,0.07492337,0.17091522,0.0002514766,0.25607625
4,4,BB,BB,0.183484,0.008996915,0.06343637,0.031638578,0.3549235,0.116812356,0.00015689524,0.24055134
7,0,OUT,SINGLE,0.30601743,0.16084915,0.020579094,0.0048599243,0.15207879,0.15463871,0.0009697748,0.20000705
5,5,SO,SO,0.24306284,0.027697159,0.09415211,0.0351388,0.057688553,0.30496085,0.0016783846,0.23562127
5,5,SO,SO,0.0076712314,0.0008915152,4.764845e-05,0.00016443882,0.0072187674,0.853344,6.053674e-06,0.13065623
7,5,OUT,SO,0.102170505,0.20237948,0.00041342972,0.0025205093,0.03575286,0.5473081,0.00059927814,0.108855926
7,7,OUT,OUT,0.1858974,0.0056061177,0.004196034,0.005283889,0.21217293,0.07444754,0.015925646,0.4964704
5,0,SO,SINGLE,0.626292,0.0027841316,0.00084235804,0.0026042259,0.2855812,0.07238598,4.7813966e-05,0.009462283
7,7,OUT,OUT,0.1734069,0.008122585,0.00027823928,0.00046909912,0.22252539,0.14025377,0.0018496925,0.45309436
5,0,SO,SINGLE,0.33228725,0.007398047,0.000323939,0.00078155415,0.2321925,0.19007097,0.00024372552,0.236702
6,7,HBP,OUT,0.08975811,0.0043213144,0.001875134,0.009262977,0.16696027,0.30531117,3.5728323e-07,0.4225106
7,7,OUT,OUT,0.17874432,0.06971625,0.00031510906,0.018391287,0.07356766,0.15762383,0.01382863,0.48781294
5,5,SO,SO,0.10877785,0.015210591,0.0028668276,0.098763034,0.029778954,0.61223537,0.023782823,0.10858458
3,5,HR,SO,0.11091776,0.12894034,0.008838158,0.057201777,0.023692288,0.5294151,0.021991001,0.119003564
0,5,SINGLE,SO,0.15631129,0.09355962,0.043743353,0.0057267277,0.094461344,0.34031123,0.016627599,0.24925873
0,7,SINGLE,OUT,0.13845958,0.24584338,0.029889932,0.0012192852,0.049743075,0.09533507,0.14756015,0.29194957
0,0,SINGLE,SINGLE,0.32240912,0.03551645,0.0071895304,0.010651195,0.16355349,0.26396778,0.015258685,0.18145382
7,7,OUT,OUT,0.07477242,0.003066581,7.6603355e-05,0.0002538002,0.006245199,0.051666796,0.0086043645,0.8553142
7,5,OUT,SO,0.18399797,0.2537764,0.007975598,0.021171529,0.15100972,0.28646266,0.0046369834,0.09096911
7,3,OUT,HR,0.048834853,0.030500114,0.01017065,0.38998005,0.14064378,0.2476033,0.0048739137,0.12739334
4,5,BB,SO,0.11687259,0.1033678,0.005468443,0.13311131,0.19509692,0.3131163,0.00024777724,0.13271882
7,0,OUT,SINGLE,0.37102827,0.059928473,0.06180536,0.0066789095,0.08626708,0.08918043,0.18411651,0.14099503
7,1,OUT,DOUBLE,0.13215396,0.30156392,0.020304356,0.05886382,0.026563376,0.26550737,0.08654855,0.108494595
5,5,SO,SO,0.16474904,0.058888175,0.0014865848,0.009099755,0.005021046,0.6274345,0.012706184,0.120614626
7,5,OUT,SO,0.08771547,0.05684359,0.00071239716,0.19215475,0.2770381,0.30162582,0.014686058,0.06922378
7,4,OUT,BB,0.04901332,0.0052793776,0.003921213,0.0145064555,0.4731129,0.40051216,0.00076534797,0.052889276
7,0,OUT,SINGLE,0.30454826,0.009349706,0.0049792295,0.020318288,0.2375113,0.13839321,0.0023369961,0.28256294
7,1,OUT,DOUBLE,0.25893784,0.29700276,0.025720708,0.02538515,0.04284815,0.19811119,0.04059649,0.11139768
7,7,OUT,OUT,0.17475507,0.07191961,0.045095734,0.002709965,0.038608313,0.17347491,0.010442605,0.48299384
7,0,OUT,SINGLE,0.24574654,0.064050354,0.0028183523,0.0063835084,0.23203191,0.19546968,0.011890645,0.24160907
7,4,OUT,BB,0.18192951,0.006718222,0.0009017025,0.19606403,0.3103244,0.2178925,0.010998776,0.07517083
7,4,OUT,BB,0.17576012,0.016154261,0.0026382888,0.0159453,0.4980391,0.23984368,0.0085122865,0.04310701
5,4,SO,BB,0.06712226,0.21899968,0.0047186073,0.07756879,0.3798058,0.16697146,0.0034877195,0.08132568
0,4,SINGLE,BB,0.10140099,0.13592027,0.0011074616,0.0014596554,0.43383202,0.22776474,0.007774845,0.09074
5,0,SO,SINGLE,0.22923212,0.09025116,0.084027976,0.13900319,0.036677986,0.17711283,0.049242217,0.19445263
7,5,OUT,SO,0.12315212,0.2620488,0.0273578,0.006889574,0.049015276,0.45510197,0.00391132,0.0725232
7,4,OUT,BB,0.067725085,0.009852361,0.00046017216,0.028646013,0.71396476,0.13006766,0.013330806,0.03595317
7,0,OUT,SINGLE,0.2647247,0.002756003,0.018376367,0.12448621,0.2639667,0.089743644,0.09526557,0.1406808
7,4,OUT,BB,0.22490782,0.0017557853,0.00021060574,0.0520887,0.61398,0.09910217,1.8934716e-05,0.007935934
5,6,SO,HBP,0.013425771,0.011168676,0.00010677836,0.00062688964,0.005970578,0.05341804,0.75840205,0.1568812
7,7,OUT,OUT,0.3094761,0.035211302,0.0005029822,0.0016465953,0.03097748,0.07631863,0.007166351,0.5387005
0,7,SINGLE,OUT,0.06125427,0.01618191,0.00058116927,0.0023922499,0.036472175,0.29359353,0.006775866,0.58274883
7,7,OUT,OUT,0.057618108,0.0012011748,0.0035086272,0.00021521783,0.022629922,0.29498768,0.012930651,0.6069086
0,0,SINGLE,SINGLE,0.43457913,0.04660681,0.00046732658,0.026806673,0.08375009,0.18306233,0.0021366247,0.22259107
7,5,OUT,SO,0.10679057,0.002720116,0.00013335625,0.001990026,0.059990663,0.5026584,0.015005255,0.3107116
7,5,OUT,SO,0.1375675,0.0025176913,0.0020533812,0.19562377,0.23068921,0.26627752,0.016980013,0.14829093
7,0,OUT,SINGLE,0.3693938,0.14125963,0.0035674516,0.0036602502,0.05885102,0.11044676,0.004002713,0.3088183
7,7,OUT,OUT,0.1464532,0.09099022,0.00096114376,0.052153584,0.10489457,0.19256948,0.019788751,0.39218912
3,7,HR,OUT,0.08941911,0.08543137,0.00054749945,0.0016422502,0.2022028,0.17306529,0.0063290508,0.44136268
4,7,BB,OUT,0.12757733,0.012784254,0.001377596,0.003231088,0.2630835,0.21360533,0.0046263626,0.37371454
5,0,SO,SINGLE,0.32355592,0.049621414,0.002760473,0.003386952,0.1691969,0.11655637,0.018938053,0.31598383
5,0,SO,SINGLE,0.25075382,0.12394058,0.00451853,0.024005229,0.24493054,0.11855451,0.001952487,0.23134431
0,4,SINGLE,BB,0.09893917,0.027470937,0.0016218573,0.058918633,0.34223178,0.28686118,0.0013058046,0.18265063
5,3,SO,HR,0.11273167,0.0047626155,0.00055654574,0.42761326,0.15443322,0.23781335,0.0015949919,0.060494334
7,0,OUT,SINGLE,0.57513267,0.09181733,0.000112231544,0.0045967144,0.06232841,0.13549253,0.0033008698,0.12721929
5,5,SO,SO,0.14088812,0.06353,0.14695176,0.0056452826,0.020586388,0.46564946,0.02696694,0.129782
5,5,SO,SO,0.17940396,0.04121463,0.006339727,0.2595287,0.03717583,0.2830458,0.07830086,0.114990614
0,0,SINGLE,SINGLE,0.34785578,0.060977116,0.1805309,0.003530782,0.03507976,0.18734603,0.00800225,0.17667744
7,0,OUT,SINGLE,0.5574429,0.025729313,0.008073441,0.0013090991,0.044450205,0.13412549,0.0070123537,0.22185726
7,7,OUT,OUT,0.09350148,0.008467067,0.00046792487,0.0002300872,0.011644618,0.18976721,0.010186167,0.6857354
7,5,OUT,SO,0.17527194,0.004872792,0.001077075,0.15884183,0.16957349,0.27677712,0.13223243,0.08135335
4,4,BB,BB,0.011080172,0.0007519718,0.002166599,0.06468825,0.8345448,0.068478525,0.0002135713,0.018076116
0,4,SINGLE,BB,0.4299039,0.0074596237,0.00070770585,0.007201897,0.46517307,0.037586298,0.0007318335,0.051235676
7,0,OUT,SINGLE,0.4719608,0.014416666,7.49499e-05,0.04102165,0.030014906,0.33020917,0.0021219458,0.110179946
3,5,HR,SO,0.19232637,0.007909154,0.00086492713,0.28780332,0.06911914,0.3322803,0.0060253805,0.10367137
4,5,BB,SO,0.17315467,0.00077762536,0.000101377365,0.003139262,0.16260582,0.37173247,0.0009090936,0.28757966
0,7,SINGLE,OUT,0.10637054,0.032887764,0.044906266,0.009859025,0.14433868,0.28445348,0.010951793,0.36623248
5,5,SO,SO,0.06322779,0.26171783,0.00033974618,0.03201821,0.10688637,0.28912488,0.021796824,0.22488831
7,7,OUT,OUT,0.17173983,0.07736481,0.00068701926,0.0017064337,0.0029252542,0.25816947,0.00059616304,0.4868111
7,5,OUT,SO,0.27525982,0.024078483,5.7119745e-05,0.0028033517,0.009973443,0.5970932,0.00020583757,0.0905287
7,7,OUT,OUT,0.04506813,0.0057971375,0.00028635538,0.009959482,0.36843362,0.13887025,0.021203667,0.4103814
5,7,SO,OUT,0.05082569,0.0014954599,0.0004802495,0.0044607967,0.017702786,0.115195766,0.014077596,0.7957617
7,5,OUT,SO,0.08893373,0.15721238,0.006670567,0.0038382765,0.02630421,0.5662379,0.031542692,0.11926017
5,7,SO,OUT,0.21121995,0.02995529,0.0057929833,0.00089474523,0.031353813,0.29872745,0.01886801,0.40318775
4,5,BB,SO,0.24609843,0.012062275,0.0014394714,0.013248114,0.20389347,0.27954718,0.021625172,0.22208588
5,5,SO,SO,0.08430975,0.0021107136,0.0002297375,0.0054401923,0.022480201,0.74672896,0.0014477698,0.13725269
0,7,SINGLE,OUT,0.19136558,0.11032539,0.026373113,0.007827565,0.22385973,0.1959923,0.0023167473,0.24193968
7,7,OUT,OUT,0.06928306,0.0024372465,0.0005712065,0.00071965693,0.0841049,0.33382893,0.00056903384,0.5084859
7,5,OUT,SO,0.19631788,0.13625923,0.0018727471,0.041972153,0.08610769,0.28579143,0.004141565,0.24753731
0,7,SINGLE,OUT,0.10927849,0.0039086635,0.00044412157,0.0066562034,0.26149586,0.14263086,0.0008909661,0.4746948
7,7,OUT,OUT,0.25616854,0.037325714,0.0018825121,0.18057653,0.031714536,0.17215757,0.00041472694,0.31975982
5,5,SO,SO,0.14862822,0.009044167,0.004327179,0.0021297312,0.01611383,0.5948547,0.0017853572,0.22311679
7,0,OUT,SINGLE,0.35287553,0.028939446,0.0010100864,0.13442752,0.13185388,0.055372033,0.06443733,0.23108412
7,5,OUT,SO,0.079817384,0.0201344,0.00014108382,0.08714181,0.032830194,0.69053894,0.0029697726,0.0864263
7,7,OUT,OUT,0.016964559,0.028027678,0.00020108692,0.002798757,0.0037732576,0.27414292,3.7463207e-05,0.67405427
5,5,SO,SO,0.12875324,0.03116275,0.00634995,0.0031865903,0.020372331,0.640744,0.005283832,0.16414729
5,5,SO,SO,0.034742456,0.0031311074,3.409373e-05,0.010397347,0.04902631,0.62111247,0.025683066,0.25587317
7,0,OUT,SINGLE,0.8797823,0.0006714925,0.00069840753,0.0005619451,0.03685226,0.022778917,0.005156794,0.053498
7,4,OUT,BB,0.06323064,0.041183997,0.0024360933,0.005477607,0.6667141,0.10240229,0.0014809835,0.1170743
4,0,BB,SINGLE,0.5864844,0.058986574,0.0005148438,0.006715031,0.068982534,0.16188854,0.038366783,0.07806135
4,6,BB,HBP,0.05708396,0.009117123,0.022945689,0.0041934266,0.021551168,0.082314275,0.69663626,0.10615816
0,0,SINGLE,SINGLE,0.8069183,0.002576214,0.00021745112,0.02261024,0.07581474,0.014460937,0.00085354317,0.07654857
7,0,OUT,SINGLE,0.7406142,0.0033680575,0.0011864243,0.033779845,0.046417154,0.106365934,0.0035931787,0.064675294
7,0,OUT,SINGLE,0.9291497,0.0005206912,1.5793787e-05,0.00017569552,0.026701627,0.00952258,0.00047680712,0.03343706
0,0,SINGLE,SINGLE,0.49232233,0.0391892,0.0002259368,0.057600576,0.25719142,0.02508796,0.006672154,0.12171041
7,7,OUT,OUT,0.09989526,0.05017335,0.13135839,0.13476352,0.04648094,0.047190532,0.005063488,0.48507446
7,7,OUT,OUT,0.24012119,0.026255691,0.0014795393,0.14524482,0.055655878,0.030436564,0.0041531865,0.49665317
4,0,BB,SINGLE,0.4027849,0.08586748,0.0012079623,0.0054837074,0.08980234,0.06891075,0.12209056,0.22385223
0,7,SINGLE,OUT,0.24682447,0.21348067,0.008576138,0.023984734,0.044575598,0.13334197,0.04318929,0.28602713
7,5,OUT,SO,0.31461498,0.0051979935,0.00049466646,0.0028087844,0.2568123,0.31630468,0.00022346484,0.10354316
0,4,SINGLE,BB,0.07332882,0.022945246,0.0002309308,0.05284471,0.56475604,0.13483618,0.0015856966,0.14947237
7,0,OUT,SINGLE,0.6385923,0.008891335,0.00072131684,0.0044225324,0.093377344,0.08917406,0.0059176693,0.1589035
7,0,OUT,SINGLE,0.5810289,0.002738618,7.489843e-05,0.036658384,0.01772372,0.019746693,0.011746809,0.33028197
7,1,OUT,DOUBLE,0.044425964,0.44527084,0.014851653,0.03545502,0.07917031,0.14910796,0.0006071822,0.23111106
7,0,OUT,SINGLE,0.5473474,0.038466506,0.012081685,0.0012333087,0.04628332,0.051533848,0.13000193,0.173052
0,3,SINGLE,HR,0.25120014,0.019136773,0.0063299956,0.2687944,0.08842196,0.041396603,0.059366815,0.26535335
7,7,OUT,OUT,0.24767871,0.044907473,0.013690386,0.057808038,0.2089701,0.09488602,0.08226386,0.24979539
7,0,OUT,SINGLE,0.39954162,0.029536601,0.0043585896,0.046961356,0.13406238,0.273708,0.00072159484,0.11110986
5,0,SO,SINGLE,0.7963666,0.00082151854,6.7522415e-06,0.00014700851,0.015752438,0.10092798,0.0006760186,0.085301556
5,7,SO,OUT,0.27593344,0.026490223,2.2654829e-05,0.026754089,0.16355881,0.0018320793,0.0026098674,0.50279874
7,0,OUT,SINGLE,0.49919698,0.30926406,0.00060883805,0.025005475,0.03123031,0.070407085,0.0017881712,0.062499143
7,4,OUT,BB,0.06554892,0.0076798867,0.0015544267,0.021362623,0.667694,0.154511,0.0011955154,0.08045363
4,5,BB,SO,0.1929315,0.07435074,0.01843465,0.054203626,0.08482422,0.3753225,0.0031551234,0.19677761
7,5,OUT,SO,0.14575423,0.027211593,6.538669e-05,0.08464888,0.22847356,0.4303864,0.00030981994,0.083150156
7,5,OUT,SO,0.027441934,0.004560861,0.0019173311,0.008097015,0.075423,0.4462544,0.00092146284,0.4353841
0,0,SINGLE,SINGLE,0.41492632,0.04036768,0.008241158,0.03994783,0.17242748,0.15834594,0.094974004,0.07076947
7,7,OUT,OUT,0.05543699,0.23181193,0.00032334827,0.005284772,0.15866087,0.19396722,0.03743803,0.3170768
7,5,OUT,SO,0.11225525,0.03281431,0.00018216953,0.0044453936,0.031653788,0.5904616,0.0009587296,0.22722867
7,5,OUT,SO,0.12575899,0.036101427,0.0027524503,0.00062538835,0.034682043,0.4191286,0.0015264596,0.3794247
4,0,BB,SINGLE,0.7549654,0.05000724,0.0021206497,0.005059663,0.039268997,0.02356464,0.00042026863,0.12459306
7,0,OUT,SINGLE,0.42686942,0.0040914146,0.003973417,0.0049875234,0.034887694,0.13732149,0.010988464,0.37688065
4,7,BB,OUT,0.3213493,0.060994703,0.03772252,0.016542654,0.038619164,0.15036337,0.016602267,0.3578059
0,0,SINGLE,SINGLE,0.4871596,0.03798938,0.002224568,0.04433205,0.0068551195,0.027327567,0.015512862,0.37859878
5,0,SO,SINGLE,0.72443223,0.02247796,0.0008757666,0.0035168193,0.047424458,0.0786819,0.00053816516,0.12205276
7,7,OUT,OUT,0.23378032,0.1660587,0.01925423,0.093925945,0.059928697,0.1343295,0.0027850312,0.28993762
7,5,OUT,SO,0.16639845,0.13752377,0.0044314116,0.012565563,0.1523633,0.44424263,0.00052547187,0.08194937
7,5,OUT,SO,0.25178412,0.07995778,0.025769552,0.007282287,0.03538795,0.33415738,0.0017125065,0.2639484
7,5,OUT,SO,0.1167374,0.050552074,0.031829257,0.006970083,0.05343124,0.63572913,0.0059124543,0.09883841
5,0,SO,SINGLE,0.6338743,0.07016404,0.00062657933,0.011120194,0.124048285,0.060219273,0.0005394,0.09940792
5,0,SO,SINGLE,0.71788186,0.014192791,0.0002522617,0.024053622,0.08457189,0.06379115,0.02857646,0.06667997
3,0,HR,SINGLE,0.5689594,0.021234153,0.0012920737,0.06360852,0.15975276,0.042450704,0.0011731817,0.14152914
7,7,OUT,OUT,0.21229334,0.040649742,0.00042297694,0.0103914,0.079959705,0.31957403,0.0010713682,0.33563748
1,0,DOUBLE,SINGLE,0.34987712,0.0072234147,0.042999476,0.012650008,0.0092610605,0.24799702,0.0014991061,0.32849285
5,0,SO,SINGLE,0.5228063,0.13294406,0.00031467102,0.012627355,0.035642244,0.14823164,0.0025551983,0.14487858
7,5,OUT,SO,0.21763813,0.022983989,4.31449e-05,0.008150257,0.028048003,0.2980403,0.22089121,0.204205
7,0,OUT,SINGLE,0.3266627,0.019671068,0.0007547669,0.07958122,0.09617149,0.07052454,0.10373285,0.30290127
5,5,SO,SO,0.0047483873,0.016135665,0.00067095185,6.1010072e-05,0.025487946,0.9108804,0.00050375913,0.041512
1,7,DOUBLE,OUT,0.048333555,0.024972562,0.0024318115,0.0011436422,0.024463521,0.06588883,0.03675277,0.7960133
7,0,OUT,SINGLE,0.4352807,0.021736728,0.0010743961,0.015516445,0.0031112558,0.0063916678,0.13456018,0.3823287
0,7,SINGLE,OUT,0.07226099,0.020808805,0.0024004793,0.0010985553,0.17702731,0.23567556,0.0010226798,0.4897057
5,5,SO,SO,0.21450822,0.032971337,0.013528478,0.0034507997,0.18948387,0.30955628,0.01650429,0.21999681
7,7,OUT,OUT,0.14163457,0.06150855,0.0008544888,0.019526195,0.050451815,0.35784766,0.0003475316,0.3678291
7,3,OUT,HR,0.016029168,0.011933592,6.2179075e-05,0.4334958,0.41511387,0.035762183,0.007951209,0.079652034
7,7,OUT,OUT,0.21839295,0.11788141,0.057786003,0.0042117597,0.08637356,0.17772521,0.0021035094,0.33552557
4,4,BB,BB,0.23780787,0.0264858,0.0009813511,0.00440837,0.50098693,0.03090473,0.003292561,0.19513242
5,5,SO,SO,0.32587567,0.07454325,0.019636381,0.0013871607,0.017930115,0.33269912,0.001692602,0.22623566
7,7,OUT,OUT,0.27928248,0.04172291,0.0123266205,0.035339326,0.04378233,0.23100734,0.07388349,0.2826555
0,4,SINGLE,BB,0.055202696,0.10274146,0.017494885,0.028743714,0.31412765,0.22968523,0.0070641325,0.2449402
7,5,OUT,SO,0.12638493,0.018004453,0.00846188,0.00026221405,0.02977983,0.5745113,0.0007053971,0.24188994
7,0,OUT,SINGLE,0.41115528,0.14126049,0.00502456,0.00043019615,0.039904844,0.120827824,0.0010989232,0.28029785
7,7,OUT,OUT,0.21339808,0.099163674,0.04065485,0.0029260586,0.1968179,0.18541881,0.0050116437,0.25660893
5,5,SO,SO,0.087351695,0.01963168,0.011543278,0.0006887884,0.06277803,0.6499265,0.0027339254,0.16534612
6,5,HBP,SO,0.03515041,0.055000193,0.05394969,0.0229939,0.08781587,0.5443392,0.009874416,0.19087635
7,4,OUT,BB,0.009303176,0.038871292,3.2833264e-05,0.0043505873,0.47263905,0.0876834,7.814111e-05,0.38704154
4,7,BB,OUT,0.11272993,0.19866975,0.011162187,0.005267888,0.23323385,0.026242338,0.0657814,0.3469127
5,4,SO,BB,0.17348926,0.10055416,0.0048764977,0.09000684,0.36391369,0.090350464,0.009742104,0.16706702
4,7,BB,OUT,0.16659075,0.045219246,0.034382373,0.020628404,0.016421044,0.24263565,0.16616878,0.30795377
0,0,SINGLE,SINGLE,0.34417382,0.18649255,0.003984283,0.002743854,0.044679284,0.1447754,0.00024233463,0.27290845
7,7,OUT,OUT,0.13840175,0.004037484,0.0006131756,0.012276911,0.06330081,0.3467282,0.007095049,0.42754665
5,5,SO,SO,0.1632225,0.007869121,0.00067801785,0.0068759257,0.28226313,0.3478177,0.0006026977,0.19067086
0,2,SINGLE,TRIPLE,0.17827204,0.10024072,0.27277485,0.0021750596,0.2064606,0.11796574,0.00078075536,0.12133023
7,5,OUT,SO,0.29041877,0.16443615,0.00077068363,0.002703368,0.06345063,0.39384863,0.008049257,0.07632237
7,7,OUT,OUT,0.28311703,0.083003595,0.0045255064,0.0035355592,0.031852815,0.25106952,0.008441889,0.33445412
0,5,SINGLE,SO,0.033864178,0.020790687,0.0060223965,0.009014129,0.05957637,0.5343405,0.0038749434,0.33251673
7,5,OUT,SO,0.1696888,0.16718146,0.0025790695,0.018724363,0.04532181,0.4895993,0.00226718,0.10463807
7,0,OUT,SINGLE,0.3556617,0.013449424,0.015760643,0.012982142,0.028171023,0.26035517,0.0009489138,0.31267098
7,0,OUT,SINGLE,0.32579622,0.0139987795,0.010048287,0.0008767732,0.15889333,0.16691104,0.009184755,0.31429076
7,0,OUT,SINGLE,0.48011264,0.015178828,0.21967699,0.0018336123,0.024057243,0.18646845,0.004353357,0.068318784
7,0,OUT,SINGLE,0.28973323,0.19368368,0.011650699,0.0007316833,0.082956105,0.21996075,0.00086988544,0.20041402
7,6,OUT,HBP,0.16433068,0.14106527,0.16304126,0.0057646637,0.030315753,0.0412092,0.34704024,0.107232936
7,0,OUT,SINGLE,0.4584163,0.11883181,0.028163148,0.062483124,0.06755608,0.03336364,0.005866651,0.22531919
0,4,SINGLE,BB,0.14677396,0.0872254,0.031603787,0.1744465,0.18111476,0.13769096,0.06733582,0.17380875
0,0,SINGLE,SINGLE,0.63102025,0.009248417,0.0012585416,0.003963895,0.13848403,0.07562969,0.0013514967,0.13904373
7,7,OUT,OUT,0.24718209,0.058727093,0.024561515,0.037739377,0.13439481,0.18252963,0.010647936,0.30421755
7,5,OUT,SO,0.042996023,0.012331075,0.0035555302,0.20151466,0.15799212,0.3952227,0.11641985,0.06996799
0,0,SINGLE,SINGLE,0.42231178,0.09473384,0.013123812,0.028981512,0.0437271,0.055482835,0.023794161,0.31784496
4,3,BB,HR,0.27171582,0.04586641,0.00038975844,0.48896384,0.010736859,0.11942634,0.00014709616,0.06275391
5,5,SO,SO,0.18265857,0.05529049,0.0024083182,0.16479722,0.19907404,0.2035572,0.002611598,0.1896025
7,7,OUT,OUT,0.15935664,0.02214893,0.00015550684,0.03038066,0.08609757,0.19856013,0.00023964842,0.5030608
7,1,OUT,DOUBLE,0.102919,0.5476833,0.006295187,0.009060293,0.009886615,0.2038163,0.017885154,0.10245422
0,3,SINGLE,HR,0.119997576,0.034688212,0.003699837,0.67284817,0.03145385,0.044547223,0.034158356,0.058606777
7,1,OUT,DOUBLE,0.044119522,0.5060431,0.00029739106,0.006948007,0.16465639,0.2159431,0.009272039,0.052720487
4,5,BB,SO,0.07465934,0.10749891,0.00024648744,0.061797503,0.015573633,0.6275966,0.0009232333,0.11170434
5,7,SO,OUT,0.2949585,0.034896195,0.0052073738,0.089722924,0.111939944,0.12712966,0.013933534,0.3222118
7,5,OUT,SO,0.089574665,0.030650232,0.0022879473,0.010588279,0.07179847,0.7131963,4.3356864e-05,0.08186083
5,7,SO,OUT,0.24821831,0.026772348,0.008426392,0.003386653,0.033298787,0.28503442,0.00020663298,0.39465642
7,0,OUT,SINGLE,0.48838016,0.021172656,0.0008013222,0.106632516,0.056085836,0.040694676,0.0009435915,0.2852892
7,5,OUT,SO,0.21021406,0.047827717,0.13514704,0.03015649,0.1166618,0.22966886,0.08680133,0.14352271
0,0,SINGLE,SINGLE,0.43118674,0.06186217,0.0016197113,0.0059337215,0.014947085,0.17574567,0.00089728937,0.3078076
7,7,OUT,OUT,0.25257483,0.015049639,0.00071981706,0.0051862947,0.18234357,0.07788655,0.0020055284,0.4642339
7,7,OUT,OUT,0.29941994,0.12764019,0.002804566,0.028446125,0.03039438,0.138344,0.01709351,0.35585722
7,5,OUT,SO,0.174003,0.046662364,0.0006677276,0.06678894,0.067358844,0.29621774,0.14227948,0.20602192
7,7,OUT,OUT,0.2805443,0.030690866,0.03179659,0.03989818,0.016269477,0.07322476,0.008433159,0.51914257
0,0,SINGLE,SINGLE,0.63164765,0.00879788,0.00013398747,0.01929971,0.008377937,0.09879526,0.0013613168,0.23158641
7,7,OUT,OUT,0.110949524,0.06828677,0.00017069375,0.32157254,0.05327886,0.016194675,0.00013971266,0.42940715
4,7,BB,OUT,0.23328687,0.08253185,0.0054079047,0.006832497,0.074929215,0.23615658,0.00096318935,0.35989183
7,7,OUT,OUT,0.31260416,0.024219114,0.00016306149,0.12961853,0.044712983,0.15809815,0.0006020157,0.32998204
7,1,OUT,DOUBLE,0.058363423,0.6547692,0.00057754305,0.02675059,0.020345528,0.06455549,0.02747999,0.14715825
4,0,BB,SINGLE,0.79627657,0.024507824,0.0018113795,0.034983493,0.03899701,0.03172757,0.0019827185,0.06971337
7,7,OUT,OUT,0.049555626,0.11054085,0.0069324938,0.14552426,0.072759084,0.25325456,0.007747169,0.35368586
0,0,SINGLE,SINGLE,0.23344201,0.08900796,0.002170322,0.12067692,0.12885606,0.22768083,0.0017308523,0.19643499
5,3,SO,HR,0.12511356,0.0172317,0.0077470243,0.37476334,0.1083702,0.29270044,0.032567892,0.041505817
7,7,OUT,OUT,0.30100617,0.011844658,0.0026503203,0.074130036,0.15584068,0.13674185,0.0017230766,0.31606314
7,7,OUT,OUT,0.17450449,0.027187068,0.00046727882,0.06746577,0.14480206,0.21790019,0.0012989076,0.36637425
7,4,OUT,BB,0.13825004,0.0783458,0.0001316522,0.02529515,0.43314457,0.1665857,0.0013317302,0.15691538
5,5,SO,SO,0.06569168,0.012750597,0.00042355878,0.000691271,0.028694661,0.55599856,0.008242351,0.32750744
5,0,SO,SINGLE,0.570757,0.036603503,0.00055754435,0.0009983797,0.05316208,0.23214303,0.02627419,0.07950426
5,5,SO,SO,0.29529542,0.09041806,0.045397945,0.0032405602,0.022555972,0.40530497,0.015870824,0.12191638
5,4,SO,BB,0.1750817,0.0014437003,8.85415e-05,0.07442054,0.5208096,0.07051545,0.025281375,0.13235912
7,7,OUT,OUT,0.09680018,0.0030624818,0.000107653155,0.0033791293,0.35030988,0.08524177,0.030793859,0.43030497
0,7,SINGLE,OUT,0.13598326,0.024585443,0.00028187843,0.12202804,0.20677409,0.175868,0.11972683,0.21475239
5,0,SO,SINGLE,0.45125273,0.11757887,0.005048078,0.02133954,0.07056578,0.206151,0.0039084763,0.12415539
7,3,OUT,HR,0.13994981,0.016851095,0.00046883046,0.38853183,0.060409587,0.24838334,0.0058908667,0.13951473
0,7,SINGLE,OUT,0.2612796,0.036024783,0.0043834755,0.014443329,0.20600004,0.10641878,0.016524017,0.35492596
7,4,OUT,BB,0.07885858,0.0049677547,0.00016135661,0.030831125,0.82023525,0.02961769,0.0011786254,0.034149606
7,5,OUT,SO,0.1534581,0.03493653,0.0032158745,0.09695108,0.21071814,0.28323483,0.08568577,0.13179968
7,0,OUT,SINGLE,0.34647858,0.008278691,0.0002695434,0.11448664,0.090778515,0.3121849,0.0003304487,0.12719268
7,4,OUT,BB,0.13557783,0.01600003,0.00013296476,0.015437016,0.54743147,0.052614085,0.005799706,0.2270069
7,0,OUT,SINGLE,0.60767686,0.02110923,0.00018740661,0.013773193,0.052094072,0.18846819,0.046799332,0.0698917
7,5,OUT,SO,0.110701755,0.0795741,0.0013636104,0.0069093164,0.12528476,0.3363565,0.046256863,0.29355305
5,7,SO,OUT,0.1676127,0.14881362,0.0021384035,0.1372384,0.029468838,0.23639157,0.020468874,0.25786754
0,0,SINGLE,SINGLE,0.47641832,0.060793668,0.00783232,0.014446435,0.03635375,0.06308605,0.0051381732,0.33593127
7,0,OUT,SINGLE,0.48732054,0.049316347,5.110563e-05,0.05398561,0.039996717,0.10378788,0.0015335742,0.2640082
4,1,BB,DOUBLE,0.06369415,0.60713255,0.003467457,0.005372147,0.13443968,0.111332245,0.00073175447,0.07382995
7,3,OUT,HR,0.086204015,0.0299606,7.674464e-05,0.50023013,0.013636623,0.034181174,0.0013205584,0.33439016
7,3,OUT,HR,0.3274016,0.025127068,0.001425508,0.41110072,0.0754929,0.029120075,0.0010002773,0.12933187
7,5,OUT,SO,0.1145577,0.07787632,0.0006518923,0.0067534475,0.3168505,0.35598546,0.00044045597,0.1268842
7,3,OUT,HR,0.1704816,0.101593204,0.0011031469,0.38486066,0.09284374,0.14018896,0.008243851,0.10068476
7,7,OUT,OUT,0.04849091,0.012286213,0.0010841079,0.008248187,0.33492705,0.08341854,0.0013743319,0.5101707
7,5,OUT,SO,0.13251413,0.1197334,0.0009516909,0.016206715,0.23639664,0.2888397,0.006005775,0.19935195
0,4,SINGLE,BB,0.18290098,0.0812854,0.0058138096,0.029690748,0.22348343,0.21579802,0.0387305,0.22229713
4,0,BB,SINGLE,0.59794736,0.05244797,0.0065153493,0.021525545,0.06287771,0.017806968,0.0115363095,0.2293428
5,0,SO,SINGLE,0.39330047,0.08890776,0.00031539093,0.002884041,0.21650447,0.17718057,0.0011669571,0.11974031
7,5,OUT,SO,0.048677042,0.18265136,0.0017911274,0.082305476,0.008363888,0.36843917,0.11032066,0.19745131
7,7,OUT,OUT,0.20630826,0.119059175,0.002632518,0.096528694,0.025699006,0.09661068,0.023270307,0.4298913
7,0,OUT,SINGLE,0.48300695,0.014647947,0.0008232534,0.04142444,0.2176839,0.14653893,0.0041030124,0.091771565
7,0,OUT,SINGLE,0.7889356,0.04611336,0.0035811407,0.008548858,0.023640957,0.06274409,0.0013347365,0.06510132
7,0,OUT,SINGLE,0.65885085,0.008277698,0.00033606213,0.016323322,0.053418666,0.06117717,0.08073993,0.12087634
7,0,OUT,SINGLE,0.4303384,0.013682188,0.00048961025,0.0017733685,0.1622664,0.051747154,0.01950591,0.32019693
4,0,BB,SINGLE,0.34080693,0.018716488,0.002741948,0.08722015,0.19967665,0.05798415,0.0028426102,0.29001108
7,7,OUT,OUT,0.08935559,0.015979826,0.010385214,0.18498594,0.13662773,0.26051608,0.00971049,0.29243913
7,6,OUT,HBP,0.24213272,0.015480537,0.17818719,0.0017864037,0.019698162,0.045630332,0.32951355,0.16757123
5,0,SO,SINGLE,0.562214,0.11010948,0.003215271,0.09044247,0.08877513,0.102472916,0.0062495363,0.036521252
7,0,OUT,SINGLE,0.6971907,0.004536302,0.0005487816,0.0011760442,0.049738936,0.04043505,0.0025965718,0.2037776
7,0,OUT,SINGLE,0.6313015,0.010891321,0.003880168,0.050489962,0.11201932,0.0472275,0.0030681617,0.14112192
7,7,OUT,OUT,0.08191716,0.059387624,0.0054086144,0.0075813546,0.03519451,0.082873955,0.004881872,0.7227549
5,7,SO,OUT,0.34534717,0.07393263,0.002302859,0.030887973,0.09550993,0.030346066,0.06843383,0.3532396
7,6,OUT,HBP,0.15957329,0.036905393,0.0031652006,0.014317424,0.11361462,0.08359412,0.444894,0.14393595
5,5,SO,SO,0.092295,0.05049758,0.0004337077,0.03926052,0.004433192,0.7666081,0.0011115985,0.04536018
7,0,OUT,SINGLE,0.69168204,0.016017556,0.13956036,0.0012695018,0.02061517,0.044329684,0.004809022,0.08171673
5,0,SO,SINGLE,0.7879728,0.0043392265,0.0005499816,0.001440188,0.15210791,0.03663882,0.0004983229,0.01645265
7,7,OUT,OUT,0.009676971,0.010655708,0.004424389,0.0040874584,0.04815386,0.076530665,0.00083041954,0.84564054
7,3,OUT,HR,0.13799036,0.019690098,0.0013151587,0.3187026,0.19780228,0.15903342,0.014745972,0.15072021
1,7,DOUBLE,OUT,0.18560511,0.03784519,0.0016580662,0.00032612446,0.056037214,0.053996608,0.011080466,0.6534512
7,0,OUT,SINGLE,0.3311925,0.20563781,0.002571481,0.009318205,0.020454949,0.123145126,0.013391842,0.2942881
7,0,OUT,SINGLE,0.6439355,0.009475453,0.000118222306,0.010494298,0.18018623,0.04675536,0.00023674381,0.108798146
7,0,OUT,SINGLE,0.7380087,0.0043642162,0.0024865486,0.018096006,0.100620724,0.060197238,0.021491019,0.054735526
7,0,OUT,SINGLE,0.60119855,0.0035454954,6.754559e-05,0.006735185,0.29598358,0.023906639,0.040236663,0.028326279
5,7,SO,OUT,0.039164647,0.016998991,0.0041011153,0.0087527465,0.0791497,0.24051687,0.010774192,0.6005418
7,0,OUT,SINGLE,0.39693934,0.08838774,0.014639664,0.020524265,0.08276484,0.042753648,0.007280522,0.34670994
7,0,OUT,SINGLE,0.33013457,0.035175048,0.002785383,0.09476833,0.31263164,0.06545444,0.009813032,0.14923748
7,5,OUT,SO,0.25546792,0.00713114,0.0010388237,0.005721189,0.023914604,0.39498913,0.0022749603,0.30946216
5,5,SO,SO,0.12515542,0.009053537,0.0010812257,0.0010609826,0.08261133,0.4150846,0.00020978786,0.3657431
7,0,OUT,SINGLE,0.435788,0.024751266,0.0015682233,0.18348686,0.0214892,0.018960241,0.00044696193,0.31350923
7,7,OUT,OUT,0.08856923,0.053111576,0.0058057625,0.03699949,0.11854753,0.08363674,0.017951725,0.5953779
4,7,BB,OUT,0.13223214,0.017488,0.0036797258,0.10959406,0.09015343,0.05785794,0.00050664553,0.5884881
2,0,TRIPLE,SINGLE,0.36376053,0.055531178,0.0025284537,0.021446424,0.19534567,0.17745975,0.0006363598,0.18329169
7,0,OUT,SINGLE,0.29699045,0.27355948,0.005089644,0.016642027,0.031902194,0.123992145,0.03743412,0.21439001
0,0,SINGLE,SINGLE,0.4724572,0.009244999,0.00074759,0.00030800863,0.09414429,0.07645557,0.00027419542,0.34636807
7,0,OUT,SINGLE,0.37913042,0.054620303,0.0013957727,0.007281497,0.13726906,0.06725323,0.024825845,0.32822388
5,7,SO,OUT,0.08963871,0.027058305,0.000114128066,0.22838993,0.21916284,0.043390464,6.2804895e-05,0.39218286
5,0,SO,SINGLE,0.6703133,0.034667596,0.0012865572,0.024725854,0.0311114,0.10602518,0.0007122669,0.13115783
7,7,OUT,OUT,0.14801297,0.0039003417,0.00048247495,0.09740158,0.1243108,0.2874928,0.00032577745,0.3380732
1,1,DOUBLE,DOUBLE,0.16011724,0.49660158,0.020196522,0.005395532,0.018572578,0.18724746,0.0039592115,0.10790985
5,5,SO,SO,0.12984942,0.07507279,0.0030133962,0.020379707,0.116362676,0.4213254,0.004797377,0.22919919
7,0,OUT,SINGLE,0.5669048,0.010689442,0.008120953,0.0020333386,0.022976471,0.021057257,0.0104308,0.35778686
7,4,OUT,BB,0.26948032,0.0654631,0.0003854304,0.0067202533,0.31226403,0.15755558,0.00010843808,0.18802288
7,2,OUT,TRIPLE,0.052904215,0.00026422323,0.4170409,0.0002469076,0.20155649,0.1170545,0.0016042762,0.2093285
5,7,SO,OUT,0.15874992,0.0024143474,0.00024753052,0.0541135,0.20053105,0.2296074,0.00070508564,0.35363117
7,7,OUT,OUT,0.055396367,8.324532e-05,0.0046262955,0.030764755,0.10718347,0.07550989,0.009243939,0.71719205
4,4,BB,BB,0.18785302,0.0072831507,0.0010114067,0.17001095,0.33549118,0.07416492,0.1411095,0.08307598
4,7,BB,OUT,0.20676333,0.022206679,0.067394055,0.0030460805,0.06682862,0.1925959,0.008130061,0.43303528
0,7,SINGLE,OUT,0.15042958,0.013989211,0.008368704,0.0009625518,0.36085707,0.05755203,0.01078043,0.39706042
7,7,OUT,OUT,0.10040492,0.042071246,0.0121201705,0.07588622,0.29000205,0.15397075,0.0039372756,0.3216074
7,6,OUT,HBP,0.12897146,0.012893685,0.0009379738,0.0054371017,0.019285794,0.019448472,0.733844,0.07918153
7,6,OUT,HBP,0.021177366,0.013494935,0.00046798217,0.010729432,0.017581554,0.03063024,0.8137836,0.09213486
4,0,BB,SINGLE,0.42655677,0.016347583,0.00025124665,0.025039416,0.27621636,0.126579,0.00070453284,0.12830509
7,4,OUT,BB,0.1447703,0.028218335,0.0007643168,0.008147701,0.39950487,0.13035175,0.00055690063,0.2876858
5,5,SO,SO,0.03349982,0.019174583,0.0073108627,0.0035239097,0.03339866,0.410593,0.10396266,0.38853648
7,7,OUT,OUT,0.13837157,0.1228921,0.0031288553,0.22629689,0.04135417,0.0590547,0.027502004,0.3813997
7,1,OUT,DOUBLE,0.017272605,0.5216626,0.001215582,0.019329553,0.045466777,0.1115304,0.14241874,0.14110373
7,7,OUT,OUT,0.3373804,0.027631683,0.0021459043,0.004985976,0.042075746,0.11254094,0.023838561,0.4494008
4,4,BB,BB,0.06288295,0.020250442,0.010199817,0.013003772,0.36653674,0.13562658,0.038912006,0.35258773
7,0,OUT,SINGLE,0.5646976,0.10336258,0.0012056335,0.025883814,0.032729115,0.03507686,0.017495977,0.21954846
0,0,SINGLE,SINGLE,0.48717332,0.061209343,0.06001453,0.0034271332,0.08181086,0.17574811,0.0024045117,0.12821214
7,7,OUT,OUT,0.16642463,0.011189794,0.045783468,0.0039573335,0.09826406,0.17667452,0.004492628,0.49321356
5,5,SO,SO,0.040929947,0.12715377,0.001972269,0.060550984,0.09005894,0.34056002,0.0042042676,0.33456975
0,5,SINGLE,SO,0.09213913,0.075287975,0.015243659,0.013980649,0.084441066,0.48082212,0.011009717,0.22707571
7,7,OUT,OUT,0.35307273,0.017515631,0.005618033,0.0006891341,0.119107544,0.09886477,0.002112609,0.40301958
7,7,OUT,OUT,0.07522521,0.02830786,0.010809788,0.010611399,0.05187152,0.10829983,0.0010563323,0.713818
7,5,OUT,SO,0.014359305,0.03739405,0.00014445091,0.00035952957,0.096910335,0.7942874,0.00054373435,0.05600127
5,7,SO,OUT,0.42355737,0.017272009,0.0018466796,0.00487986,0.04875275,0.06351236,0.004609102,0.43556982
5,7,SO,OUT,0.14293054,0.12689124,0.0080811335,0.06243956,0.07723342,0.16278921,0.0046677417,0.41496718
5,5,SO,SO,0.09680059,0.14741866,0.001162084,0.004272631,0.09084191,0.4535778,0.012796409,0.19312996
5,7,SO,OUT,0.28882396,0.029853975,8.942003e-06,0.0114426045,0.053483482,0.26590213,0.023295099,0.32718974
7,0,OUT,SINGLE,0.3718072,0.1958072,0.00035873122,0.009907589,0.03286702,0.06719181,0.10975783,0.2123027
0,5,SINGLE,SO,0.048703287,0.016473852,0.0002784109,0.17316438,0.02200069,0.42256635,0.00017562138,0.3166375
1,1,DOUBLE,DOUBLE,0.15449141,0.5047744,1.5434895e-05,0.021307977,0.104804866,0.048037544,0.00189126,0.16467713
3,5,HR,SO,0.20107695,0.07041919,6.448955e-05,0.15813166,0.049820494,0.43218273,0.038322512,0.049982022
5,3,SO,HR,0.12945011,0.12158463,0.0046182345,0.25213408,0.22974575,0.08457621,0.004542137,0.17334889
7,4,OUT,BB,0.06080632,0.0029447873,0.0014065873,0.3277978,0.4107749,0.08255606,0.00094206585,0.11277161
5,1,SO,DOUBLE,0.022557536,0.37378585,0.00022942842,0.06092425,0.37169355,0.09899123,0.0018326575,0.069985345
0,3,SINGLE,HR,0.08006846,0.09455897,0.0006933617,0.25954553,0.22492108,0.11827308,0.0023722549,0.2195673
5,6,SO,HBP,0.02306453,0.10353718,0.0008028124,0.0040625036,0.034756575,0.27451715,0.5045274,0.054731887
7,7,OUT,OUT,0.14403626,0.018982762,0.00011444723,0.30058807,0.03524162,0.16307576,0.028158464,0.30980265
5,5,SO,SO,0.27364543,0.116001874,0.00022198289,0.012220432,0.005577893,0.45438343,0.0011343325,0.13681461
7,4,OUT,BB,0.028169109,0.009363989,0.0009253174,0.0040824153,0.7835454,0.10374544,0.011625572,0.058542673
3,3,HR,HR,0.041046973,0.09417736,0.00060552557,0.52775234,0.070695914,0.118321106,0.0013064649,0.14609425
5,1,SO,DOUBLE,0.102477536,0.3676031,0.0019568026,0.00056892843,0.19903013,0.04634291,0.0025863156,0.2794343
4,1,BB,DOUBLE,0.090541705,0.7807294,0.015234442,0.018598124,0.015662856,0.026462525,0.0004156005,0.052355368
1,4,DOUBLE,BB,0.06656993,0.08383874,0.0025684303,0.011963745,0.5555608,0.034124102,0.023583675,0.2217905
5,5,SO,SO,0.3195017,0.08024001,0.00039371703,0.009782324,0.13052306,0.34589854,0.0008234911,0.1128371
7,0,OUT,SINGLE,0.44533122,0.023434943,0.001370066,0.15404509,0.11052083,0.16108106,0.0022633919,0.10195332
0,0,SINGLE,SINGLE,0.42561364,0.066154085,0.0019238882,0.002187681,0.17345658,0.17562607,0.011710675,0.14332739
7,7,OUT,OUT,0.17041366,0.0045887223,0.00022623983,0.0009768892,0.104912944,0.018774731,0.00057058607,0.6995362
0,7,SINGLE,OUT,0.19702727,0.026414825,0.0047992268,0.019116726,0.33451468,0.03971652,0.00072469615,0.3776861
5,5,SO,SO,0.11863122,0.16246188,0.0022823187,0.020914802,0.1015667,0.29817224,0.001809774,0.29416105
7,4,OUT,BB,0.1733636,0.0028191172,0.00146785,0.020405717,0.4028187,0.12433194,0.011256945,0.26353607
7,7,OUT,OUT,0.19186398,0.07993579,0.02257368,0.02729227,0.027123412,0.05823213,0.0055545643,0.5874241
4,5,BB,SO,0.0888073,0.19907606,0.00044087708,0.261518,0.024427004,0.3061946,0.00013998015,0.11939623
7,7,OUT,OUT,0.027492687,0.07907712,0.040583268,0.0018845771,0.020466322,0.15970819,0.06349585,0.607292
5,3,SO,HR,0.1674325,0.08084233,0.0030562899,0.2959468,0.05194935,0.26256973,0.020008536,0.118194364
5,5,SO,SO,0.2581479,0.06304587,0.00096489163,0.095870905,0.079925366,0.37538558,0.0013055674,0.12535387
5,5,SO,SO,0.059023418,0.00047463688,0.00093668926,0.0023253907,0.0050440803,0.65494496,0.0002906877,0.2769601
7,4,OUT,BB,0.25050005,0.19422044,0.0009123489,0.014953895,0.27738792,0.04179669,0.001464252,0.2187643
4,7,BB,OUT,0.26371446,0.022286208,0.010353677,0.004150838,0.084649146,0.207306,0.0076684686,0.39987126
7,0,OUT,SINGLE,0.8054756,0.011911584,0.0015405762,0.005124188,0.025531383,0.039011154,0.0026692185,0.108736195
7,5,OUT,SO,0.06537285,0.10437504,0.0012411348,0.22214562,0.019514661,0.34663743,0.0049109305,0.23580235
5,1,SO,DOUBLE,0.064010315,0.49367014,0.00064417336,0.0076407325,0.025109962,0.1273499,0.002088918,0.2794858
0,7,SINGLE,OUT,0.19430944,0.13853063,0.008916026,0.002690734,0.08456991,0.07043954,0.02321905,0.4773247
7,7,OUT,OUT,0.08755395,0.010747464,0.0045152796,0.0024892169,0.26873794,0.25681445,0.00060957234,0.3685322
7,0,OUT,SINGLE,0.4880103,0.01736353,0.0031781276,0.043191664,0.19067349,0.1906168,0.012525768,0.05444027
0,1,SINGLE,DOUBLE,0.17851454,0.33317456,0.0013791012,0.009170369,0.14421785,0.2892828,0.0011474566,0.043113273
7,1,OUT,DOUBLE,0.10806575,0.30484846,0.0034499012,0.0032424172,0.151915,0.15984856,0.001992713,0.2666372
0,7,SINGLE,OUT,0.06546496,0.055028114,0.001287408,0.038262412,0.15364839,0.18750986,0.0033071449,0.49549162
7,0,OUT,SINGLE,0.33753487,0.0271387,0.021258533,0.024945743,0.18349817,0.1502073,0.0017808444,0.25363585
5,7,SO,OUT,0.12668799,0.0176856,0.003337459,0.039171882,0.090317704,0.07328765,0.00290583,0.64660585
7,0,OUT,SINGLE,0.36317226,0.022493,0.016653806,0.048227236,0.07390264,0.21604134,0.004152156,0.25535762
5,5,SO,SO,0.19175974,0.034839462,0.0015341798,0.01942379,0.1202608,0.53625154,0.0010410016,0.09488953
3,7,HR,OUT,0.379467,0.0024810093,0.0009070283,0.06453783,0.014036716,0.11866592,0.005784338,0.41412017
4,7,BB,OUT,0.32152796,0.08651694,0.002009035,0.00996333,0.10793012,0.08171826,0.0034067584,0.38692755
7,1,OUT,DOUBLE,0.17172617,0.51409346,0.004053633,0.103623524,0.01339559,0.036915153,0.00051654846,0.15567599
7,7,OUT,OUT,0.2984187,0.024459727,2.1950734e-07,1.0144207e-06,0.0032663469,0.15330341,0.00025839868,0.52029216
7,7,OUT,OUT,0.35149786,0.061019253,0.00282914,0.0012805886,0.01101276,0.031070918,0.010860558,0.53042895
7,7,OUT,OUT,0.16725665,0.06682775,0.00023916147,0.021579968,0.036847666,0.34039915,0.010618866,0.35623083
7,7,OUT,OUT,0.009113558,0.04945396,0.00084259146,0.0076549524,0.031954214,0.3578443,0.0019053747,0.54123104
7,0,OUT,SINGLE,0.43893152,0.098166265,0.003157317,0.0135845095,0.07956951,0.11699013,0.0011704321,0.24843034
6,7,HBP,OUT,0.09112013,0.07399322,0.00017568536,0.0117270835,0.027074061,0.062168997,0.0079139555,0.7258269
7,0,OUT,SINGLE,0.28452843,0.10888226,0.002139608,0.0049256803,0.10929943,0.23178528,0.018069107,0.2403702
0,7,SINGLE,OUT,0.24935657,0.04076227,0.006198813,0.04852717,0.10718987,0.13844886,0.010941595,0.3985749
7,1,OUT,DOUBLE,0.25909778,0.36841482,0.0039701755,0.00911286,0.023625422,0.14984861,0.001987971,0.18394229
5,0,SO,SINGLE,0.51204693,0.03449059,0.0041114944,0.01415506,0.062754236,0.058767483,0.0009514938,0.31272274
7,7,OUT,OUT,0.24418981,0.025888018,0.0014438564,0.0378045,0.050640922,0.045057595,0.008074124,0.5869011
7,7,OUT,OUT,0.17193839,0.024153236,0.0011397615,0.041901402,0.021086017,0.22559232,0.0023040883,0.51188487
7,0,OUT,SINGLE,0.47047275,0.10698932,0.0018568707,0.017424954,0.2331204,0.055902638,0.004461544,0.10977156
4,0,BB,SINGLE,0.3111471,0.10535757,0.003692807,0.10444219,0.12335625,0.16510928,0.014646448,0.17224827
0,1,SINGLE,DOUBLE,0.057137378,0.57073253,0.0033250714,0.005639958,0.00947661,0.22984175,0.0021018875,0.121744886
7,1,OUT,DOUBLE,0.11428079,0.47207895,0.0013167363,0.00017882901,0.0028751434,0.011377682,0.0002168651,0.3976749
7,7,OUT,OUT,0.20328772,0.043918118,0.00036810746,0.010404076,0.028555624,0.22502449,0.013354455,0.47508734
7,0,OUT,SINGLE,0.6093442,0.08175183,0.0012831566,0.0064110667,0.019552847,0.07200159,0.0052457387,0.20440955
4,7,BB,OUT,0.24720387,0.013096665,0.002032351,0.0016568167,0.11675325,0.25213745,0.000887088,0.36623248
5,7,SO,OUT,0.239503,0.29125568,0.0066110473,0.0080116615,0.046017513,0.05722802,0.0065302276,0.34484282
7,3,OUT,HR,0.10938195,0.053215154,0.0014175002,0.30605906,0.15986905,0.24391735,0.00060460053,0.12553531
7,7,OUT,OUT,0.3051365,0.020516673,0.006163141,0.01114382,0.074390545,0.1261938,0.00667861,0.44977686
5,0,SO,SINGLE,0.24962763,0.24555458,0.0004506678,0.1406187,0.014077804,0.24146247,0.00019112864,0.10801705
7,3,OUT,HR,0.19682732,0.14030147,0.0007106876,0.22976694,0.153836,0.1150977,0.009229258,0.15423058
7,7,OUT,OUT,0.041171446,0.039122272,0.045565262,0.00043356224,0.14947626,0.05045481,0.0059536914,0.6678227
7,7,OUT,OUT,0.12535965,0.024332019,0.024678389,0.0041069514,0.20362042,0.24335164,0.107142925,0.26740798
7,5,OUT,SO,0.2175305,0.0054748524,0.00017455319,0.0026784358,0.10779238,0.39278427,0.0006991033,0.27286586
7,7,OUT,OUT,0.007661048,8.161239e-06,0.00082436245,4.2960055e-06,0.14006,0.023562744,0.00014322881,0.8277362
4,7,BB,OUT,0.034351572,0.05314118,0.0002006824,0.11525893,0.1524904,0.123522334,0.007266409,0.51376855
7,7,OUT,OUT,0.021421002,0.00056169834,0.0015446419,0.0004028517,0.0060845767,0.26209936,0.011413483,0.6964724
0,7,SINGLE,OUT,0.16189092,0.05306268,0.017013865,0.045674235,0.0731418,0.04990171,0.03171738,0.56759745
7,4,OUT,BB,0.13439408,0.02775136,0.001160438,0.18983784,0.26037398,0.13722038,0.035206147,0.21405579
0,0,SINGLE,SINGLE,0.2700123,0.04545352,0.00051785726,0.05947432,0.12628797,0.23401368,0.0022571601,0.26198325
7,3,OUT,HR,0.11020928,0.06528113,0.00032333037,0.5856617,0.076256484,0.10241947,0.010358479,0.049490098
7,7,OUT,OUT,0.18869682,0.038730823,0.0046786615,0.11548586,0.094235465,0.14478992,0.0062779784,0.4071045
5,7,SO,OUT,0.19953157,0.013903677,0.0017430834,0.0013057414,0.011177836,0.22815162,0.00017911087,0.5440073
5,7,SO,OUT,0.15846561,0.108260706,0.0019034822,0.0009977977,0.0045706257,0.12241618,0.0005980335,0.6027875
5,0,SO,SINGLE,0.8487649,0.00069598807,5.593957e-08,1.0029542e-05,0.00063536305,0.002389577,0.00019601705,0.14730808
7,5,OUT,SO,0.19463201,0.16515037,0.0011139244,0.08066751,0.07234502,0.34350497,0.008705644,0.1338805
0,0,SINGLE,SINGLE,0.5113662,0.09764848,0.006994988,0.0022030722,0.006379322,0.065639354,0.044621095,0.26514754
7,5,OUT,SO,0.08371079,0.013876731,0.00036860118,0.004395727,0.009692478,0.74736303,0.003027562,0.13756515
7,7,OUT,OUT,0.0063304384,0.03701644,0.0018548417,0.023032214,0.007753638,0.23944256,0.023824718,0.6607452
7,7,OUT,OUT,0.08847689,0.013905721,0.0013335864,0.022341432,0.06589145,0.10771808,0.0008516897,0.69948107
0,7,SINGLE,OUT,0.031636633,0.0009399228,3.9065994e-06,0.00011345891,0.0027738872,0.32578778,1.5120706e-06,0.6387429
5,0,SO,SINGLE,0.33884433,0.2243479,0.008862471,0.024635755,0.013590266,0.06731422,0.0004985481,0.32190654
7,0,OUT,SINGLE,0.44412485,0.010409325,0.00080082525,0.0008604154,0.082569875,0.22611101,0.035287816,0.19983588
4,1,BB,DOUBLE,0.30275336,0.37323704,0.00044048333,0.0013920803,0.017106526,0.116977796,0.0036643918,0.18442838
0,5,SINGLE,SO,0.17062125,0.16445297,0.00055474177,0.009764634,0.030616758,0.43495888,0.0009510649,0.18807976
0,7,SINGLE,OUT,0.20131758,0.18929394,0.005582545,0.016077522,0.08212141,0.25047472,0.0017503614,0.25338194
0,7,SINGLE,OUT,0.24897589,0.074117586,9.760639e-05,0.10208134,0.091462664,0.06210003,0.0016074436,0.41955736
0,7,SINGLE,OUT,0.22817867,0.016001038,0.025696559,0.0018562549,0.09623491,0.070710376,0.0032678419,0.5580543
5,0,SO,SINGLE,0.38802814,0.10489703,0.017302211,0.09794842,0.13499397,0.17617033,0.0026320755,0.07802787
0,4,SINGLE,BB,0.13572738,0.026612483,0.006322951,0.022462174,0.59007645,0.10323532,0.019271968,0.096291326
7,3,OUT,HR,0.12301242,0.009270571,0.00025610125,0.78772694,0.013158156,0.04427889,5.114908e-05,0.02224571
7,7,OUT,OUT,0.12646174,0.042964704,0.0007918836,0.036502257,0.087934606,0.21507989,0.01211926,0.47814575
7,1,OUT,DOUBLE,0.027760822,0.93897265,0.00090613123,0.00032118018,0.010669146,0.005961902,0.0003325932,0.015075697
5,4,SO,BB,0.2070018,0.09401228,0.0062139933,0.014607072,0.53973186,0.022980079,0.0017513488,0.11370161
7,3,OUT,HR,0.048883833,0.05174309,0.0002938001,0.73825884,0.030034017,0.07221514,0.0068886927,0.051682618
0,1,SINGLE,DOUBLE,0.057023473,0.6840822,0.0052611413,0.00046680012,0.023825798,0.11407291,0.008522707,0.10674509
0,0,SINGLE,SINGLE,0.5936387,0.006515535,0.00022842795,0.00096292305,0.01976454,0.3039955,7.137006e-05,0.07482296
5,7,SO,OUT,0.2409236,0.0018233637,0.0013505701,0.03906897,0.107454315,0.06925908,0.0022583308,0.5378618
7,7,OUT,OUT,0.18194667,0.2423433,0.008764893,0.043416876,0.085075155,0.09858498,0.0017846763,0.33808348
7,5,OUT,SO,0.16922696,0.07246599,0.00524387,0.021334037,0.07310149,0.4581643,0.0023842603,0.19807912
3,0,HR,SINGLE,0.47248983,0.17696686,0.017250597,0.030437045,0.05707354,0.14560182,0.029505532,0.07067479
5,7,SO,OUT,0.1635435,0.06815816,0.0025525307,0.010475949,0.22615425,0.038016297,0.02917776,0.4619216
7,0,OUT,SINGLE,0.51015055,0.023616211,5.8741374e-05,0.0006237008,0.020779977,0.2546441,8.641442e-05,0.19004026
7,5,OUT,SO,0.21091326,0.018954806,0.0073731686,0.051474515,0.12013413,0.28228995,0.04319465,0.2656655
0,7,SINGLE,OUT,0.14477661,0.03994052,0.002829603,0.037348036,0.019842459,0.35789824,0.032680742,0.36468384
5,0,SO,SINGLE,0.2993279,0.12689123,0.0009255005,0.020652901,0.2625767,0.087264195,0.00035159712,0.20200993
1,1,DOUBLE,DOUBLE,0.09599962,0.6575153,0.001898917,0.0054822657,0.105587356,0.05844616,0.00037999827,0.07469036
7,0,OUT,SINGLE,0.36061627,0.13033074,0.006681943,0.0006725733,0.11482583,0.15492938,0.0006294251,0.23131393
6,0,HBP,SINGLE,0.44664225,0.059849385,0.0028114915,0.0017334714,0.37063015,0.019289024,0.000499672,0.09854457
7,1,OUT,DOUBLE,0.13980205,0.2616955,0.0017578923,0.1739675,0.1393742,0.1666867,0.00413619,0.112580016
1,0,DOUBLE,SINGLE,0.43921864,0.16327244,0.013504175,0.063030675,0.03805923,0.11477071,0.011177205,0.15696687
7,0,OUT,SINGLE,0.33114296,0.21953204,0.001341049,0.16185507,0.12641382,0.07377457,0.00034215747,0.085598424
7,2,OUT,TRIPLE,0.25932524,0.0058422145,0.27450806,0.006693534,0.11357673,0.052342724,0.15844487,0.12926665
0,1,SINGLE,DOUBLE,0.24507485,0.28013888,0.0021095907,0.02230722,0.1611545,0.04061792,0.03352957,0.21506746
7,7,OUT,OUT,0.2572457,0.05529993,0.09149971,0.013213094,0.050694,0.058194555,0.008182802,0.46567035
7,7,OUT,OUT,0.3060736,0.0559287,0.0040118783,0.008626318,0.09995597,0.19491789,0.0009780587,0.32950762
7,7,OUT,OUT,0.076373644,0.012806765,0.006611933,0.024533961,0.08191643,0.38891947,0.0032797542,0.405558
0,0,SINGLE,SINGLE,0.5826023,0.0034242433,0.0008436782,0.24742593,0.027487691,0.056342065,0.0036705425,0.0782035
5,4,SO,BB,0.1607858,0.05092956,0.0047676824,0.029545423,0.4918725,0.098046735,0.08466032,0.0793919
7,0,OUT,SINGLE,0.3236495,0.18292576,0.00012538569,0.006521537,0.28364456,0.110048905,0.0032366705,0.08984774
5,4,SO,BB,0.2613482,0.061176118,0.00013970397,0.08420867,0.3780909,0.15458944,0.03068724,0.029759776
0,7,SINGLE,OUT,0.13339767,0.09637408,0.0004136145,0.006728475,0.070408374,0.28962353,0.008071946,0.39498234
7,7,OUT,OUT,0.1798364,0.012342472,0.0010339515,0.0030946229,0.002782441,0.19371046,0.0066392464,0.60056037
7,0,OUT,SINGLE,0.7384272,0.026242746,0.0065108384,0.0001470159,0.0019220369,0.08494626,0.00039834453,0.14140552
5,0,SO,SINGLE,0.6056746,0.0025519438,0.0005763681,0.012487713,0.003914686,0.22157922,0.0035005,0.14971496
7,4,OUT,BB,0.032591023,0.0014013676,0.0004966534,0.18476896,0.41735452,0.31223044,0.0051085185,0.0460486
7,7,OUT,OUT,0.19292665,0.03497899,0.0044528022,0.07224874,0.07677763,0.121463574,0.049156614,0.447995
1,0,DOUBLE,SINGLE,0.50530976,0.06380397,0.0017082127,0.021335578,0.12551674,0.14257735,0.0024014253,0.13734692
7,7,OUT,OUT,0.1320169,0.04651031,0.00781541,0.028479213,0.13497669,0.110596344,0.0073708096,0.5322343
7,7,OUT,OUT,0.12869482,0.06790085,0.0033935024,0.040950138,0.016343584,0.2624509,0.005999507,0.47426662
0,7,SINGLE,OUT,0.28066412,0.039644033,0.015336832,0.0012509692,0.015737262,0.19562271,0.0024478065,0.44929624
4,7,BB,OUT,0.37296185,0.045243412,0.0013398968,0.0060184537,0.013722017,0.04168217,0.0065165516,0.51251566
7,7,OUT,OUT,0.099969216,0.106710345,0.0004246747,0.028218038,0.0034004075,0.3715906,0.015915055,0.3737717
0,0,SINGLE,SINGLE,0.49520615,0.16982783,0.011680312,0.007254038,0.0033001748,0.2212975,0.0008134184,0.09062061
0,1,SINGLE,DOUBLE,0.3091105,0.58034825,0.0018764292,0.018852679,0.028514897,0.04407341,0.0006958469,0.01652805
7,7,OUT,OUT,0.05211397,0.010339893,0.0006362992,0.0027561646,0.3219729,0.100945726,0.0003586112,0.5108765
7,1,OUT,DOUBLE,0.14983387,0.4712783,0.0005416809,0.016256213,0.057126492,0.20966671,0.0025069558,0.092789724
7,1,OUT,DOUBLE,0.16318466,0.368748,0.0008916925,0.0035712717,0.2014085,0.029251935,0.005752653,0.22719128
4,4,BB,BB,0.078031495,0.017738685,0.0003828756,0.18354149,0.392059,0.2269235,0.031229576,0.07009325
0,7,SINGLE,OUT,0.20648995,0.16127627,0.0024083634,0.0019480555,0.017872127,0.26055223,0.0068940893,0.3425589
5,0,SO,SINGLE,0.6431641,0.000999228,0.00026749476,0.0004357264,0.009668752,0.20738557,5.465703e-05,0.13802439
5,4,SO,BB,0.07207988,0.14396948,0.0014178616,0.0045503066,0.5882683,0.023734787,0.002283495,0.16369598
7,0,OUT,SINGLE,0.53248304,0.25229692,0.0020399122,0.008382488,0.09546189,0.020151008,0.0005190002,0.08866579
0,5,SINGLE,SO,0.070045814,0.09147038,0.0035880355,0.07258985,0.21162786,0.2684246,0.09725593,0.18499757
7,0,OUT,SINGLE,0.31893355,0.22073655,0.001437472,0.0005929171,0.08865757,0.22731774,0.003145536,0.1391787
5,7,SO,OUT,0.17357947,0.08650397,0.00016144158,0.0055431547,0.18615332,0.11736082,0.013998707,0.4166992
4,4,BB,BB,0.09751288,0.015101235,0.0017836604,0.0012386531,0.7512851,0.068856195,0.008475644,0.055746727
7,7,OUT,OUT,0.22286811,0.034855682,0.00048295938,0.021693647,0.15322033,0.090970784,0.008604601,0.4673039
7,4,OUT,BB,0.035809584,0.011720084,1.2326087e-05,0.008835135,0.8824206,0.031932924,0.00071321736,0.028556138
7,5,OUT,SO,0.14648043,0.04056921,7.9501755e-05,0.04265972,0.2536839,0.3579429,0.0011518049,0.15743251
7,3,OUT,HR,0.034486476,0.23066092,0.00047137277,0.45646843,0.027612595,0.16862805,0.038860094,0.042811926
7,0,OUT,SINGLE,0.56167245,0.0129585685,0.0009156943,0.0051910058,0.0048840754,0.08443017,0.0017641347,0.328184
0,6,SINGLE,HBP,0.023778338,0.27255845,0.0037951528,0.0016282076,0.007464335,0.04241045,0.5714743,0.076890774
7,5,OUT,SO,0.08046569,0.025881683,0.00029161054,0.018756332,0.022742212,0.50737476,0.059719052,0.28476864
7,5,OUT,SO,0.1251606,0.052642323,0.00019942499,0.014172417,0.28195956,0.3049943,0.10092302,0.11994834
4,5,BB,SO,0.042552035,0.0151417665,0.00029802215,0.04796453,0.012335059,0.82381415,0.0016633021,0.056231026
0,4,SINGLE,BB,0.04788637,0.13036223,0.000456367,0.005089409,0.52560425,0.0809422,0.071851596,0.13780753
7,4,OUT,BB,0.03218444,0.028568339,0.00071290124,0.07458866,0.37948352,0.1475026,0.012596221,0.32436326
5,7,SO,OUT,0.08809429,0.05040225,0.0057865474,0.006136839,0.21884015,0.23060195,0.0121595515,0.38797837
7,6,OUT,HBP,0.12530753,0.0024685932,0.00026379086,0.0024078118,0.0049544135,0.11363697,0.5959341,0.15502672
7,7,OUT,OUT,0.11435037,0.035903398,0.00010137676,0.3485379,0.019191476,0.085867524,0.0050528315,0.39099512
7,7,OUT,OUT,0.2476267,0.14337924,0.001142924,0.002682394,0.03250097,0.18780115,0.019791538,0.36507517
5,7,SO,OUT,0.06477384,0.09115449,0.00030944595,0.002515329,0.27168563,0.17203207,0.003098405,0.39443076
0,7,SINGLE,OUT,0.21789402,0.008632261,0.003561066,0.0038966972,0.20624542,0.22192407,0.0021394156,0.335707
7,7,OUT,OUT,0.1469566,0.07327021,0.0085588405,0.004585162,0.04302572,0.07659248,0.00234179,0.6446692
7,1,OUT,DOUBLE,0.04423721,0.59761685,0.00011629903,0.09771932,0.078566544,0.050968774,0.0007528369,0.13002229
5,4,SO,BB,0.07211527,0.021257557,0.0020832194,0.0084658,0.5109494,0.29414552,0.018509736,0.07247357
7,7,OUT,OUT,0.09523359,0.107936636,0.0051887417,0.033993725,0.24987736,0.22264256,0.0016852127,0.28344217
5,7,SO,OUT,0.2587701,0.058647078,0.0025915648,0.004593994,0.03702399,0.19518754,0.029665027,0.41352078
3,4,HR,BB,0.1771709,0.06546453,0.002649113,0.042990588,0.36274478,0.09816623,0.0019387407,0.24887511
7,5,OUT,SO,0.07378931,0.0005270368,0.00037985953,0.0012964195,0.0038435296,0.5132608,0.00084817066,0.40605485
7,5,OUT,SO,0.06624973,0.18120559,0.0017222775,0.016890189,0.26723588,0.27237517,0.028133675,0.16618745
7,1,OUT,DOUBLE,0.054254554,0.80204296,0.007551563,0.002188554,0.0068753925,0.019269418,0.033826895,0.073990785
7,7,OUT,OUT,0.22619358,0.12997794,0.009710292,0.0021060975,0.049222242,0.17204729,0.041067712,0.36967483
5,7,SO,OUT,0.21634969,0.069056936,0.0021336852,0.010947874,0.17431334,0.15740705,0.00055295124,0.3692385
5,3,SO,HR,0.19874409,0.059802797,0.000118106596,0.41525206,0.21502055,0.03600041,0.00033277838,0.07472931
7,6,OUT,HBP,0.06694746,0.36474863,8.646105e-05,0.016000148,0.07425304,0.04397522,0.37905592,0.054933205
7,1,OUT,DOUBLE,0.025233563,0.6077958,0.00021317198,0.009949125,0.021838803,0.14888285,0.012808654,0.17327803
7,4,OUT,BB,0.09733138,0.20307426,0.0009635666,0.12924552,0.26568645,0.12881224,0.007977003,0.16690959
0,3,SINGLE,HR,0.042961527,0.13878646,0.012171546,0.6764912,0.025631398,0.014142114,0.05569451,0.034121156
0,3,SINGLE,HR,0.05305871,0.11275287,0.00029803487,0.40195265,0.1301812,0.046488125,0.0014615747,0.25380683
4,5,BB,SO,0.32404622,0.005196224,0.00018371333,0.011006776,0.23510711,0.36230686,5.1325034e-05,0.06210182
7,7,OUT,OUT,0.32350254,0.087337434,0.00036828546,0.0011958755,0.20761533,0.05056428,0.0023687743,0.32704753
7,1,OUT,DOUBLE,0.058599584,0.25201535,0.00032235973,0.07905921,0.17548138,0.20487891,0.0005936135,0.22904947
5,1,SO,DOUBLE,0.01260313,0.8728269,0.0003078558,0.024656277,0.040746655,0.025176823,0.00020964879,0.023472624
5,5,SO,SO,0.40744966,0.021083346,3.041096e-05,0.0005011756,0.003907523,0.47070166,0.010370478,0.08595576
4,4,BB,BB,0.08018717,0.07301565,1.6172833e-05,0.051704243,0.37604833,0.2965179,0.031913284,0.090597205
7,1,OUT,DOUBLE,0.08343462,0.6571371,3.684247e-05,0.00084373116,0.043493673,0.017180838,0.00019401078,0.1976791
7,4,OUT,BB,0.017391164,0.003652456,5.1023377e-05,0.04202917,0.7255309,0.18146709,0.0034810307,0.026397223
4,1,BB,DOUBLE,0.11879962,0.38043678,1.558783e-05,0.06006826,0.075445145,0.30400887,0.0011494573,0.060076248
5,5,SO,SO,0.009787736,0.030676007,3.3988956e-05,0.037165135,0.24564703,0.59844446,0.0037636664,0.07448189
0,0,SINGLE,SINGLE,0.46251783,0.10461333,0.0006328501,0.031455956,0.21554409,0.06321136,0.004176532,0.117848136
7,1,OUT,DOUBLE,0.043946315,0.55228096,0.018162815,0.010969122,0.008095854,0.1138487,0.002133078,0.25056317
5,5,SO,SO,0.050902225,0.025637383,0.037337825,0.027283987,0.08923057,0.42706484,0.2812394,0.061303835
4,4,BB,BB,0.15217382,0.024048802,0.019366762,0.019945858,0.34254333,0.14711766,0.20531902,0.08948469
7,1,OUT,DOUBLE,0.023720637,0.36347026,0.0005736175,0.09756654,0.25165084,0.07656844,0.012495916,0.17395365
7,7,OUT,OUT,0.003098953,0.0024165923,0.0008455817,0.00018175521,0.18279482,0.25556454,0.005826335,0.5492714
7,5,OUT,SO,0.11388356,0.046291545,0.0001808202,0.0040506427,0.16930082,0.58375806,0.00018191196,0.08235261
4,0,BB,SINGLE,0.4252032,0.18710957,7.501808e-05,0.0012272331,0.18949585,0.04079785,0.0029142657,0.15317704
5,0,SO,SINGLE,0.30277732,0.10381104,0.0022378669,0.001701864,0.16883467,0.26744136,0.006944797,0.14625114
0,7,SINGLE,OUT,0.22664095,0.061793577,0.012394521,0.02487659,0.21894518,0.15979974,0.024149949,0.2713995
7,0,OUT,SINGLE,0.58766884,0.04137938,0.0057228385,0.024402047,0.079053454,0.032430008,0.00048500343,0.22885844
5,4,SO,BB,0.12021486,0.017659388,0.005074852,0.004768032,0.6939296,0.06984118,0.008128859,0.08038323
7,7,OUT,OUT,0.282653,0.005329945,0.00071334344,0.0001821304,0.021006735,0.10778132,0.005169333,0.5771642
0,4,SINGLE,BB,0.053525474,0.026695091,0.0010838192,0.0015946775,0.5056559,0.06221112,0.0005797276,0.34865424
5,7,SO,OUT,0.09363812,0.03324532,0.0017875318,0.014037341,0.14458276,0.03889704,0.004657138,0.6691547
1,5,DOUBLE,SO,0.17772454,0.0059937956,0.002304644,0.0028510862,0.29449552,0.38120002,0.00045646055,0.13497397
5,0,SO,SINGLE,0.217175,0.09264686,0.0063515212,0.1469844,0.15786888,0.17632166,0.0024135606,0.20023806
7,7,OUT,OUT,0.29530022,0.033522774,0.046302255,0.037853718,0.15200838,0.09007095,0.0020005126,0.34294116
0,5,SINGLE,SO,0.04795815,0.041858114,0.00477475,0.016338004,0.012759398,0.76697284,0.001764013,0.107574694
0,7,SINGLE,OUT,0.1302044,0.052434813,0.0045696967,0.02586472,0.24576941,0.16247891,0.0012659106,0.37741208
5,0,SO,SINGLE,0.4164788,0.059701793,0.002214058,0.015674785,0.060951784,0.06291791,0.023653414,0.35840747
7,7,OUT,OUT,0.26536918,0.06241351,0.0036051294,0.0061737904,0.048137587,0.1418616,0.003281004,0.46915817
7,7,OUT,OUT,0.11339367,0.010423018,0.00048210233,0.0017721613,0.22343476,0.11541296,0.0009947805,0.53408647
7,7,OUT,OUT,0.17700762,0.0017561082,0.0014144585,0.0014928315,0.026047494,0.39440295,0.0034135145,0.39446494
0,4,SINGLE,BB,0.14214194,0.06689091,0.057540633,0.0025105358,0.48016334,0.10386787,0.006604532,0.14028029
5,0,SO,SINGLE,0.321779,0.01843248,0.0031228664,0.022252588,0.25161898,0.30114302,0.0006607758,0.080990314
7,3,OUT,HR,0.012936612,0.004721808,0.0004149728,0.7315069,0.02949165,0.034567617,0.001293375,0.18506701
5,4,SO,BB,0.10723411,0.08652934,0.008394896,0.0002464876,0.35483503,0.30286518,0.0005222645,0.13937272
7,5,OUT,SO,0.013965158,0.005798494,0.008543327,0.0030967859,0.046877895,0.45714596,0.046315264,0.41825715
4,0,BB,SINGLE,0.68798655,0.031417888,0.0015820792,0.0015536526,0.024912458,0.02630551,0.0016938667,0.22454797
0,4,SINGLE,BB,0.062118243,0.09917314,0.0016315368,0.00043581295,0.65081793,0.077311896,0.00079545204,0.107716024
7,4,OUT,BB,0.002599706,0.09017878,0.025219018,0.0006439328,0.50064886,0.28023994,0.00018029279,0.10028946
7,7,OUT,OUT,0.14399493,0.04927861,0.0020408346,0.04057771,0.083029695,0.04642113,0.033301674,0.60135543
5,7,SO,OUT,0.19126804,0.0020653156,0.0003289899,0.00041078584,0.036209915,0.0965944,0.0023212999,0.6708012
7,5,OUT,SO,0.10694336,0.0300446,0.008684661,0.04498252,0.08341617,0.38054025,0.0035549256,0.34183344
7,0,OUT,SINGLE,0.8557928,0.022435471,0.012391905,0.0044927653,0.003209927,0.067727014,0.000791474,0.033158615
0,4,SINGLE,BB,0.034175895,0.27214172,0.003244356,0.004524422,0.5799918,0.072438024,9.1172355e-05,0.03339265
7,5,OUT,SO,0.12494252,0.010973388,0.002297739,0.13068612,0.18243106,0.49944165,0.0014322102,0.04779533
5,7,SO,OUT,0.24969855,0.104230136,0.00072192075,0.059713956,0.1798485,0.06324716,0.048989717,0.2935501
7,5,OUT,SO,0.31175765,0.008567765,0.0012468373,0.0068340865,0.086740844,0.47208044,0.0147646675,0.09800764
7,7,OUT,OUT,0.122721344,0.0162032,0.0016157702,0.007795477,0.18199497,0.1543021,0.0008227369,0.5145444
3,4,HR,BB,0.078162305,0.118311025,0.007206723,0.08835306,0.2508389,0.20173563,0.01651948,0.2388728
7,4,OUT,BB,0.07696781,0.03352717,0.019555843,0.09929399,0.4366044,0.17134063,0.010958165,0.15175208
5,3,SO,HR,0.28557384,0.009827833,0.000121564866,0.64229214,0.023877544,0.017789686,0.00034178517,0.020175574
7,7,OUT,OUT,0.20527758,0.13793322,0.00033851634,0.0074243946,0.02670112,0.1100682,0.0005237444,0.5117332
0,4,SINGLE,BB,0.24275096,0.1605093,0.014981476,0.015051067,0.3286851,0.07689718,0.048742563,0.11238229
7,7,OUT,OUT,0.06594988,0.024581619,0.0003460176,0.006422306,0.019128006,0.17690374,0.00039558907,0.70627284
5,7,SO,OUT,0.21344136,0.10908987,0.006225202,0.0034087636,0.1083974,0.124457076,0.012237412,0.42274287
7,7,OUT,OUT,0.16219382,0.012673729,0.0003684443,0.024811342,0.093353204,0.09589157,0.004966528,0.60574126
5,5,SO,SO,0.055756725,0.007012006,0.0028008407,0.02142592,0.11899936,0.5875867,0.011735483,0.19468296
7,7,OUT,OUT,0.0047725914,0.0031881167,0.00046555678,0.007337628,0.0046415967,0.21033669,0.00027728995,0.76898056
7,7,OUT,OUT,0.1963172,0.043185115,0.0010467868,0.0011974209,0.29101035,0.15303668,0.0007922802,0.3134142
4,7,BB,OUT,0.15304364,0.04261781,0.00033221053,0.04056332,0.2500402,0.14347541,0.0012186323,0.36870876
1,7,DOUBLE,OUT,0.017902216,0.0010162488,0.0037134127,0.0010549614,0.41264647,0.115548015,0.0012684563,0.44685024
7,5,OUT,SO,0.016936861,0.00041853404,0.0011007434,3.9613893e-05,0.016397918,0.81793797,0.0005963512,0.14657207
7,0,OUT,SINGLE,0.39458352,0.31144345,0.0012578001,0.015113002,0.016758587,0.22020167,0.0056834114,0.034958668
7,0,OUT,SINGLE,0.31186447,0.20305783,0.0014602379,0.003603054,0.056267,0.1740889,0.015621775,0.2340368
7,5,OUT,SO,0.03160777,0.06038986,0.0062256604,0.0023026248,0.08891045,0.65941685,0.0009307398,0.15021607
7,7,OUT,OUT,0.2577363,0.021916721,0.0026353386,0.022665657,0.22797191,0.1737085,0.006028646,0.2873369
7,7,OUT,OUT,0.3188699,0.0043232096,0.0001712404,0.00012584761,0.07939885,0.07798315,0.0037140064,0.5154138
0,4,SINGLE,BB,0.1136176,0.007393864,0.0032110864,0.05714549,0.47768685,0.07102845,0.0020928574,0.26782385
7,7,OUT,OUT,0.03317967,0.036803525,0.00027942826,0.054776132,0.27371684,0.16248886,0.10472175,0.33403376
7,4,OUT,BB,0.1322575,0.049534336,0.002565442,0.008655449,0.4808663,0.19328907,0.0012938188,0.13153812
4,0,BB,SINGLE,0.34205794,0.037333705,0.0013628603,0.12134308,0.1004942,0.14553885,0.016399067,0.23547027
5,5,SO,SO,0.05330526,0.003493926,0.00074693566,0.12331329,0.014576385,0.69237465,0.00017738705,0.1120121
0,4,SINGLE,BB,0.22741644,0.1862818,0.00083322724,0.043629117,0.29372513,0.042269554,0.020623969,0.18522075
5,4,SO,BB,0.22038622,0.022946142,0.00082516856,0.03482384,0.4185743,0.16522175,0.0014189134,0.13580377
7,0,OUT,SINGLE,0.6589817,0.038797986,0.0012093601,0.0040517147,0.047743566,0.055983532,0.007992838,0.1852393
0,4,SINGLE,BB,0.19025567,0.015273942,0.060382035,0.0035120249,0.446824,0.088310435,0.0006737996,0.1947681
7,7,OUT,OUT,0.08428976,0.26355729,0.00014423399,0.0019078037,0.028002825,0.21602514,0.0006549457,0.40541798
5,7,SO,OUT,0.1455639,0.058292586,0.0114408005,0.033933558,0.050896283,0.18111175,0.052810777,0.46595037
7,7,OUT,OUT,0.37506667,0.011411748,0.0007871198,0.005564328,0.015826741,0.13558829,0.0038288718,0.45192626
1,4,DOUBLE,BB,0.1421991,0.041201964,0.01384628,0.0043842304,0.4746824,0.19913791,0.0044947765,0.120053306
7,7,OUT,OUT,0.31788433,0.022535093,0.014035685,0.0050285654,0.061700005,0.09176395,0.0021900672,0.4848624
6,4,HBP,BB,0.031313553,0.002702192,0.0013655286,0.0006965291,0.9430148,0.008721948,0.0008958353,0.011289584
7,5,OUT,SO,0.09764363,0.011803547,0.008688941,0.007679489,0.28198713,0.31533158,0.013842809,0.2630229
1,0,DOUBLE,SINGLE,0.33257186,0.10878267,0.0018949697,0.02660161,0.2637278,0.15684736,0.005598065,0.103975676
0,5,SINGLE,SO,0.15949799,0.0064507,0.0062058736,0.0045879697,0.0383138,0.4554726,0.0013600382,0.32811105
7,7,OUT,OUT,0.05630213,0.0026514311,2.9379917e-05,0.0053782547,0.19763535,0.08669201,0.0032443732,0.64806706
0,0,SINGLE,SINGLE,0.5021512,0.05978422,0.013583749,0.012436921,0.060543288,0.035883207,0.0010214294,0.31459606
7,0,OUT,SINGLE,0.36516652,0.07455452,0.000556895,0.03606052,0.046234984,0.16919407,0.08947177,0.21876079
0,7,SINGLE,OUT,0.13830405,0.0026095095,0.0030598817,0.00070323737,0.19607405,0.04122908,0.0067259003,0.6112942
7,7,OUT,OUT,0.19905123,0.019303532,0.0005304315,0.058914836,0.28835118,0.07415715,0.020537732,0.3391539
0,4,SINGLE,BB,0.08953231,0.07967035,0.042745166,0.09513423,0.359286,0.13756838,0.0025884903,0.19347507
7,7,OUT,OUT,0.15368164,0.04392829,0.00013829808,0.025388176,0.12583147,0.12059518,0.0021734852,0.5282635
0,4,SINGLE,BB,0.16681774,0.16575588,0.007305301,0.0071930285,0.32023004,0.18135642,0.005169066,0.14617257
7,0,OUT,SINGLE,0.5766653,0.005146314,0.002498173,0.0027448696,0.008470834,0.114035375,0.001089444,0.28934976
7,0,OUT,SINGLE,0.35859045,0.026989587,0.0027126952,0.008798827,0.10493585,0.121628,0.040442456,0.33590215
1,7,DOUBLE,OUT,0.011392624,0.0192393,0.00081842294,0.0001434232,0.22460756,0.09856933,0.002190211,0.6430391
5,7,SO,OUT,0.07929586,0.0016187553,0.0037692217,0.00041704992,0.12479312,0.35086077,0.0009595496,0.4382857
7,5,OUT,SO,0.06289284,0.024349168,0.00010549873,0.0721458,0.15175682,0.40851742,0.00029657825,0.27993587
7,1,OUT,DOUBLE,0.07017458,0.55744076,0.00013408727,0.001991464,0.071988955,0.05981978,0.004838847,0.23361154
7,7,OUT,OUT,0.049838517,0.15233473,0.00063487754,0.00511127,0.27118403,0.1286156,0.000855131,0.39142576
5,7,SO,OUT,0.0823788,0.060621537,0.00082396995,0.16430278,0.11995718,0.039655447,0.0005146005,0.53174573
0,0,SINGLE,SINGLE,0.3811362,0.028885962,0.0011846507,0.035454504,0.027401369,0.26657033,0.004582611,0.25478435
7,0,OUT,SINGLE,0.40545925,0.012488387,0.0029105705,0.0029700804,0.01949048,0.20091352,0.00063578127,0.35513195
0,5,SINGLE,SO,0.34036967,0.05388711,0.026649537,0.0024610509,0.06373731,0.34505,0.03871197,0.12913328
7,0,OUT,SINGLE,0.4811707,0.002693493,0.00033330926,0.00043951636,0.17025092,0.057453442,0.0026319628,0.28502664
7,7,OUT,OUT,0.28443822,0.0055619623,0.0028027738,0.006534025,0.058343027,0.26122603,0.015550146,0.36554384
5,4,SO,BB,0.08420107,0.012083933,9.7985576e-05,0.0019350966,0.74468184,0.045795385,0.01941774,0.091786966
6,0,HBP,SINGLE,0.58524406,0.014722799,0.03822258,0.0096497005,0.01975099,0.25504795,0.003263446,0.07409846
7,7,OUT,OUT,0.07711174,0.016616516,0.0031878236,0.002249203,0.042286653,0.053121734,0.0036099805,0.80181634
5,5,SO,SO,0.015981792,0.0014948248,9.210788e-05,0.0004545701,0.009893049,0.55996144,0.0007066559,0.4114155
5,7,SO,OUT,0.20595667,0.0076826406,0.0022948226,0.027433801,0.039706837,0.23679507,0.0028186652,0.47731158
1,5,DOUBLE,SO,0.17898303,0.04721609,0.0003366298,0.010675807,0.036635235,0.39390203,0.0028870422,0.32936412
0,7,SINGLE,OUT,0.15378752,0.03178357,0.00019273898,0.0018161779,0.1957092,0.20903927,0.00030367274,0.4073679
0,7,SINGLE,OUT,0.041945737,0.013154963,0.00013072252,0.0077799126,0.028332178,0.30638903,0.009324968,0.59294254
7,0,OUT,SINGLE,0.60684764,0.011038155,0.0004096145,0.0024283547,0.042699143,0.13336323,0.0023473836,0.20086645
7,0,OUT,SINGLE,0.4877779,0.1540167,0.0015677568,0.001766114,0.13246626,0.093945436,0.00392002,0.12453973
7,7,OUT,OUT,0.28045067,0.03964168,0.009301245,0.042212166,0.117536806,0.034700856,0.034707937,0.44144863
7,7,OUT,OUT,0.17320748,0.0042206864,0.000555083,0.007196624,0.0021481994,0.039266683,0.0009913086,0.7724139
5,0,SO,SINGLE,0.76657134,0.0021815447,0.00017392416,0.00032072485,0.02475503,0.0924126,0.0019170644,0.11166777
5,5,SO,SO,0.2700817,0.0041793673,0.0017577662,0.00032969026,0.05689219,0.4346292,0.004358437,0.2277717
7,4,OUT,BB,0.016643796,0.009143618,4.020033e-05,0.0006390562,0.92600244,0.02171022,0.00018203219,0.02563858
1,7,DOUBLE,OUT,0.23776093,0.044042654,0.0010510434,0.030274425,0.1266074,0.07943704,0.019904446,0.46092206
7,5,OUT,SO,0.12465277,0.0060681496,0.00076633575,0.00025040418,0.012520774,0.6562621,0.0033374222,0.19614202
0,0,SINGLE,SINGLE,0.46840674,0.09433307,0.053775433,0.003923169,0.038291253,0.031686846,0.031777047,0.27780646
7,7,OUT,OUT,0.27399966,0.007639666,0.00027027744,0.018984642,0.17298973,0.09252922,0.11383754,0.31974936
7,4,OUT,BB,0.04734535,0.020839198,0.00031394025,0.00021429078,0.8080547,0.020450218,0.00528884,0.097493425
7,0,OUT,SINGLE,0.4152043,0.013391951,0.012145873,0.017152812,0.10296237,0.1219699,0.0020035903,0.31516927
0,5,SINGLE,SO,0.09104326,0.0011031259,0.0035429709,0.007898165,0.18635213,0.58378965,0.0015479436,0.12472277
7,5,OUT,SO,0.10779383,0.0018005135,6.460116e-05,0.0006716878,0.1814913,0.3620861,0.00014403605,0.34594792
7,3,OUT,HR,0.17579034,0.08141833,0.007951772,0.2575856,0.15320227,0.1583626,0.01621356,0.14947566
7,4,OUT,BB,0.12992088,0.0038056374,0.0013219194,0.011312314,0.66282815,0.05056103,0.01462114,0.12562893
5,7,SO,OUT,0.27279973,0.22875254,0.0005365951,0.015932065,0.032819286,0.16879617,0.0013141212,0.2790495
7,5,OUT,SO,0.09820866,0.0089762695,0.004489951,0.0035239877,0.075590886,0.48521194,0.024160702,0.29983762
5,0,SO,SINGLE,0.76994735,0.0011018136,0.0016720571,0.00028046814,0.0012255451,0.19306558,0.0015670446,0.031140251
0,5,SINGLE,SO,0.14296146,0.0144986855,0.00039575633,0.005027681,0.014629687,0.77115595,0.00057129085,0.0507596
7,5,OUT,SO,0.07700502,0.004331823,0.0002127879,0.011398475,0.019008376,0.8168925,0.0016329975,0.06951795
5,0,SO,SINGLE,0.5688687,0.011923464,0.0010693895,0.01969239,0.008145377,0.17453864,0.017908568,0.1978536
5,5,SO,SO,0.2664216,0.060293328,0.010588415,0.20721357,0.04954579,0.31445017,0.012175914,0.079311244
7,0,OUT,SINGLE,0.5478791,0.028884687,0.00017172658,0.0010884821,0.010695856,0.30255356,0.00039795449,0.10832856
7,5,OUT,SO,0.021572806,0.017723983,0.008417266,0.00582021,0.39042965,0.3979769,0.00630515,0.1517541
0,0,SINGLE,SINGLE,0.758397,0.005577265,0.0005420486,0.00051156286,0.0026781366,0.06467284,0.0014902912,0.16613078
5,5,SO,SO,0.2142125,0.00054447143,0.00017332802,0.009618332,0.0055567636,0.5632905,0.002296036,0.20430808
5,7,SO,OUT,0.3484966,0.0037811217,0.00064007466,0.03467037,0.0023201155,0.17587653,0.010309771,0.4239054
5,7,SO,OUT,0.13441525,0.012733356,0.0001368179,0.12715712,0.006204183,0.121516846,0.013246007,0.5845904
0,0,SINGLE,SINGLE,0.5664962,0.014264847,0.11574083,0.028360743,0.024302684,0.09241664,0.01823915,0.140179
7,7,OUT,OUT,0.09539782,0.035168003,0.01864163,0.0002246505,0.0224449,0.32555252,0.0005289959,0.50204146
5,0,SO,SINGLE,0.46003336,0.030577268,0.0004417202,0.0023896983,0.08259034,0.21064542,0.006582852,0.2067392
0,7,SINGLE,OUT,0.034278184,0.009464413,0.0012199681,0.0046323244,0.081405014,0.35743037,0.0036344142,0.5079353
7,4,OUT,BB,0.15560777,0.01981307,0.00037196034,0.017767284,0.6374188,0.047026664,0.039719477,0.08227503
7,0,OUT,SINGLE,0.6467488,0.0020013093,0.00044750486,0.006116121,0.010111741,0.05868827,0.0003759157,0.27551028
7,0,OUT,SINGLE,0.56062025,0.079305865,0.00948054,0.0036082384,0.0579803,0.07467704,0.009192131,0.2051357
0,4,SINGLE,BB,0.07084976,0.03510842,0.00069701014,0.012206368,0.6994463,0.036122136,0.019575445,0.12599456
7,7,OUT,OUT,0.033346493,0.028258955,0.0012939719,0.030437604,0.07227342,0.11689497,0.010622673,0.7068719
0,5,SINGLE,SO,0.06555635,0.0046236953,0.0026653637,0.0003430492,0.01977689,0.74510026,0.018991912,0.1429424
7,5,OUT,SO,0.01070027,0.00088165404,0.00048608764,2.9405848e-05,0.0031138163,0.909545,0.00016109088,0.075082675
0,5,SINGLE,SO,0.079620585,0.010290948,0.0008482383,0.10909696,0.036079276,0.6150986,0.0027995217,0.14616594
1,5,DOUBLE,SO,0.15439488,0.05884354,0.00024824362,0.019855829,0.061488193,0.55886257,0.00040281253,0.1459039
0,0,SINGLE,SINGLE,0.41935524,0.0020522575,0.00051449833,0.002588984,0.02081596,0.41797456,0.03265821,0.10404018
7,4,OUT,BB,0.22841553,0.021558583,0.0020378656,0.009273618,0.49970704,0.17984064,0.001038806,0.058127984
7,7,OUT,OUT,0.167156,0.002514456,0.0037013881,0.003452835,0.333708,0.09571968,0.0008509873,0.3928967
7,7,OUT,OUT,0.21743801,0.12035759,0.0072220056,0.0024183798,0.09797319,0.1967888,0.002688487,0.35511357
4,1,BB,DOUBLE,0.30238196,0.3779708,0.0259555,0.0010086562,0.065768495,0.07384528,0.0010752255,0.15199398
0,0,SINGLE,SINGLE,0.37103727,0.112697065,0.18797353,0.013666298,0.13561544,0.091457486,0.004151887,0.08340109
7,5,OUT,SO,0.04954615,0.029521147,5.835043e-05,0.042202555,0.011787238,0.60284376,0.20639682,0.057644017
7,0,OUT,SINGLE,0.508054,0.011364018,6.750897e-05,0.003099538,0.042693622,0.073670894,0.0021417253,0.35890862
7,7,OUT,OUT,0.053674188,0.036237333,7.300591e-05,0.048566487,0.19268005,0.23405418,0.0004855728,0.4342292
0,1,SINGLE,DOUBLE,0.21419343,0.23987912,0.0022328463,0.0036035813,0.21559155,0.0839526,0.049476326,0.1910706
1,5,DOUBLE,SO,0.14911674,0.1269001,0.00025051957,0.0047267233,0.048865993,0.40941352,0.013570202,0.2471562
6,1,HBP,DOUBLE,0.1415307,0.31171167,0.0016019195,0.0034111962,0.31089842,0.099940345,0.019494822,0.111410946
0,7,SINGLE,OUT,0.21692997,0.10983746,0.0007726607,0.0016939186,0.058964975,0.14432004,0.0071422406,0.4603387
7,1,OUT,DOUBLE,0.105623886,0.42312983,0.0012231627,0.0019481083,0.24184397,0.12746164,0.013726432,0.08504306
4,4,BB,BB,0.060987316,0.0799063,0.0003415145,0.0013872315,0.419587,0.06412072,0.16423494,0.20943502
7,7,OUT,OUT,0.021580754,0.08705623,0.00049337314,0.017812917,0.005813135,0.28990972,0.009976995,0.56735694
7,1,OUT,DOUBLE,0.064330295,0.3821865,2.145991e-05,0.059643786,0.003867873,0.19727492,0.0015039035,0.29117122
0,4,SINGLE,BB,0.12917894,0.07066062,0.00015157637,0.01928611,0.3589449,0.18983261,0.009718621,0.22222662
0,1,SINGLE,DOUBLE,0.07200092,0.3622285,0.0017899575,0.0018776815,0.028897654,0.29862407,0.1698296,0.0647516
7,0,OUT,SINGLE,0.35795406,0.21440549,0.0073182266,0.00038741116,0.04677068,0.20528425,0.00023750047,0.16764238
0,7,SINGLE,OUT,0.0994852,0.1453885,0.0066311494,0.024058994,0.055760704,0.23809224,0.082270354,0.34831282
7,0,OUT,SINGLE,0.4802139,0.09439721,0.008156678,0.0030696106,0.08785265,0.019944672,0.008063914,0.29830143
5,1,SO,DOUBLE,0.10131002,0.3489127,0.003328586,0.028055124,0.28145123,0.11083466,0.0024266376,0.12368103
7,1,OUT,DOUBLE,0.058802906,0.52191895,0.0008508862,0.0010690866,0.016117364,0.11182017,0.0006074683,0.28881317
7,4,OUT,BB,0.13626851,0.008760722,0.0011698995,0.13388589,0.2932621,0.14869307,0.061402727,0.21655712
0,0,SINGLE,SINGLE,0.6576971,0.138471,0.03319156,0.005821685,0.017722765,0.02846647,0.0011765724,0.11745287
0,7,SINGLE,OUT,0.17203599,0.17245623,0.0041581714,0.019266717,0.031286053,0.16042082,0.003671477,0.43670452
7,7,OUT,OUT,0.2814748,0.18176942,0.013529888,0.045929924,0.06406809,0.057836123,0.050156,0.30523583
7,5,OUT,SO,0.23002402,0.0244957,0.0037314089,0.024911422,0.13739014,0.34276098,0.002810676,0.23387563
7,5,OUT,SO,0.18124478,0.11490655,0.001838574,0.02459015,0.030630795,0.25540805,0.18602182,0.20535927
0,7,SINGLE,OUT,0.10036126,0.24570306,0.0027659559,0.0019862426,0.030572454,0.15688889,0.0031965605,0.4585257
2,7,TRIPLE,OUT,0.07354681,0.09507768,0.011755621,0.010025147,0.27885926,0.18067858,0.03294856,0.3171083
0,0,SINGLE,SINGLE,0.26682925,0.22649242,0.0030843837,0.023738531,0.026274763,0.21634462,0.0032935282,0.23394254
7,7,OUT,OUT,0.09408171,0.043444563,0.000157785,0.032797623,0.15416981,0.27612385,0.0012762413,0.39794838
5,0,SO,SINGLE,0.31047347,0.03175059,0.00026262985,0.1229005,0.27265584,0.066466734,0.07216347,0.12332668
5,7,SO,OUT,0.13112976,0.05857262,9.7137716e-05,0.002960127,0.11655125,0.20936242,0.00038072615,0.48094597
7,7,OUT,OUT,0.19325724,0.15187362,0.00067106006,0.010622792,0.07034365,0.22613947,0.002189211,0.344903
7,1,OUT,DOUBLE,0.15561236,0.2541201,0.0003701389,0.042385202,0.19579743,0.19719058,0.022856746,0.13166746
7,5,OUT,SO,0.08315151,0.18652135,0.0001320273,0.036705986,0.07702077,0.5045979,0.00031361642,0.111556776
7,7,OUT,OUT,0.010896437,0.0061273286,4.3925895e-05,0.00044879012,0.016516546,0.010556552,0.00048823445,0.95492226
4,3,BB,HR,0.1744039,0.17458142,0.00019414612,0.3355591,0.09550069,0.10742501,0.0010291935,0.1113066
7,7,OUT,OUT,0.10587348,0.1810192,0.00053183164,0.044036098,0.13307233,0.07858927,0.0031550652,0.45372277
7,7,OUT,OUT,0.17368601,0.042496067,0.00030175768,0.004996452,0.015022684,0.081157215,0.0015731169,0.68076676
5,5,SO,SO,0.2612448,0.018123312,0.00022659099,0.0018719126,0.052227877,0.4375095,0.00070946524,0.22808647
0,4,SINGLE,BB,0.27825117,0.04328231,0.0004444972,0.001768522,0.3553747,0.06604591,0.024210116,0.23062281
5,7,SO,OUT,0.13961372,0.068857454,0.0011049189,0.055598967,0.057308488,0.13543804,0.053118642,0.4889598
0,7,SINGLE,OUT,0.1291833,0.06373694,0.003999143,0.02311829,0.14782554,0.18606006,0.02471486,0.42136192
5,7,SO,OUT,0.024017233,0.0051117553,0.012138427,0.00026802448,0.018546235,0.14444835,0.009650051,0.78581995
7,5,OUT,SO,0.27557826,0.05181918,0.015393154,0.012136641,0.07986549,0.47602576,0.00046555125,0.08871595
5,7,SO,OUT,0.2562576,0.04987843,0.016389916,0.01981494,0.12825625,0.11500969,0.007236321,0.40715685
7,5,OUT,SO,0.113526285,0.015878292,0.0004689324,0.007595764,0.11847817,0.39450902,0.009174254,0.34036925
7,1,OUT,DOUBLE,0.1035538,0.49496183,0.0016235124,0.037937175,0.06964817,0.10719746,0.059648473,0.12542953
1,7,DOUBLE,OUT,0.14900312,0.036125027,0.00048428297,0.0018665459,0.23397246,0.23011918,0.038562182,0.30986723
4,7,BB,OUT,0.1916221,0.12908684,0.01804191,0.03968105,0.11827671,0.17389911,0.008736036,0.32065624
3,5,HR,SO,0.21486536,0.05799838,0.00022856408,0.011688382,0.18584254,0.34291923,0.022242071,0.16421548
5,4,SO,BB,0.065033704,0.122577205,0.00051916204,0.0044916244,0.519799,0.15763119,0.0015504358,0.12839767
0,5,SINGLE,SO,0.07847533,0.041777477,0.00011917223,0.06343658,0.032079447,0.65388685,0.000523178,0.12970193
7,7,OUT,OUT,0.043373734,0.0019358615,3.4006396e-05,0.00026907524,0.0011506603,0.2673269,0.00026533013,0.68564445
7,0,OUT,SINGLE,0.78069305,0.003930094,0.0001136309,0.004887353,0.037383866,0.058612764,0.0005981498,0.11378099
7,4,OUT,BB,0.19146116,0.016061094,0.008083429,0.0024723392,0.4006966,0.20558813,0.030890178,0.14474715
7,0,OUT,SINGLE,0.33894917,0.014679634,0.0001621539,0.033017103,0.205301,0.11545415,0.00076432625,0.29167253
7,7,OUT,OUT,0.040878393,0.11220393,0.0019508867,0.01689004,0.190345,0.064254805,0.020447632,0.55302936
1,1,DOUBLE,DOUBLE,0.099555306,0.6850628,0.0062287636,0.00035599666,0.049892273,0.030434832,0.060623333,0.06784672
7,0,OUT,SINGLE,0.329497,0.2127773,0.000647691,0.037521474,0.09707104,0.22719909,0.01403314,0.08125328
7,1,OUT,DOUBLE,0.14882347,0.63982093,0.004767579,0.0003452307,0.00875968,0.030188289,0.0068429974,0.16045177
7,1,OUT,DOUBLE,0.0333079,0.60234886,0.00030754422,0.0035103615,0.015147525,0.19463232,0.02940797,0.12133753
7,7,OUT,OUT,0.10946308,0.041256066,0.0081536975,0.003620829,0.221267,0.21899141,0.0077446494,0.38950327
7,0,OUT,SINGLE,0.27281758,0.14096077,0.00595769,0.062261928,0.19297284,0.13083942,0.0059231985,0.18826662
7,6,OUT,HBP,0.20156953,0.09350907,0.000992003,0.023415957,0.07529345,0.042243127,0.3104646,0.2525122
0,1,SINGLE,DOUBLE,0.09745616,0.29230344,0.0023771976,0.07435014,0.07282056,0.2906077,0.089077964,0.0810069
3,6,HR,HBP,0.09391302,0.026131103,0.16077884,0.007173065,0.19208859,0.17536645,0.2164001,0.12814885
7,7,OUT,OUT,0.08783682,0.017196825,0.0026775368,0.022198683,0.023038937,0.26984936,0.08202872,0.4951732
7,1,OUT,DOUBLE,0.23477715,0.5010679,0.0008291169,0.0004890337,0.013851865,0.18537731,0.00028396928,0.063323714
7,5,OUT,SO,0.12216543,0.023198836,0.0004996274,0.028632239,0.23752691,0.3496626,0.024561876,0.21375242
7,7,OUT,OUT,0.25963265,0.0011726237,0.0006378416,0.0070597734,0.06025887,0.3225874,0.0010651938,0.34758562
1,0,DOUBLE,SINGLE,0.54794115,0.0046553854,0.0005231271,0.0093253665,0.04552596,0.048952904,0.111814104,0.23126195
0,7,SINGLE,OUT,0.24584198,0.069927156,0.0028441183,0.02891064,0.066152975,0.10183856,0.00053006894,0.48395452
5,5,SO,SO,0.27333334,0.020600103,0.00026263902,0.040506158,0.19882433,0.31410313,0.012392584,0.13997775
7,0,OUT,SINGLE,0.5645667,0.005157413,0.00025186175,0.0065901126,0.08483799,0.12623787,0.0024174324,0.20994072
5,7,SO,OUT,0.13826731,0.1872394,0.0010061756,0.10899146,0.023619803,0.08122626,0.036187124,0.42346248
5,7,SO,OUT,0.162538,0.008337931,5.74999e-05,0.0039515956,0.014279718,0.08937253,0.009689234,0.7117735
1,5,DOUBLE,SO,0.0028851407,0.00025403322,0.00010326668,0.0077391607,0.0068107573,0.969495,0.0009559546,0.011756716
7,7,OUT,OUT,0.092252016,0.0083021335,0.00022872405,0.032880966,0.087350994,0.3427035,0.0035817889,0.43269983
7,1,OUT,DOUBLE,0.096180744,0.22424099,0.0008436058,0.19272715,0.0638201,0.20537618,0.001048219,0.21576297
7,3,OUT,HR,0.022539452,0.020713182,0.00033520669,0.7832835,0.01161778,0.13032606,0.0036939594,0.027490826
1,7,DOUBLE,OUT,0.0054933554,0.0024376523,0.0008127298,0.13252164,0.0032933047,0.06133173,0.0005782466,0.79353136
0,5,SINGLE,SO,0.11698241,0.030840619,0.0050093075,0.023223912,0.08584103,0.4376348,0.0015079519,0.29895997
0,5,SINGLE,SO,0.25737733,0.0017869109,0.00079843914,0.019957146,0.13580261,0.48249546,0.0020124032,0.09976979
3,7,HR,OUT,0.01960881,0.009357227,0.0057074586,0.009237167,0.08505499,0.12105804,0.0039947247,0.74598163
7,7,OUT,OUT,0.08120036,0.026774138,0.0033013327,0.012141958,0.05131986,0.25295287,0.15099888,0.42131072
7,5,OUT,SO,0.20085703,0.01533505,0.0046013608,0.00029179617,0.020852022,0.6328115,0.0005723819,0.12467887
7,3,OUT,HR,0.051265635,0.052671157,0.00010127681,0.71578825,0.03295097,0.025606185,0.0039124154,0.11770409
1,4,DOUBLE,BB,0.09907691,0.053962037,0.0020124018,0.041846417,0.47402844,0.05296963,0.11350389,0.1626003
0,0,SINGLE,SINGLE,0.65467155,0.013004404,0.0001688411,0.2369195,0.025577595,0.033361074,0.011239116,0.025057944
7,7,OUT,OUT,0.09661642,0.04832368,0.004679182,0.002178156,0.08754168,0.27039862,0.0053302473,0.484932
0,1,SINGLE,DOUBLE,0.18347727,0.49132818,0.0073740985,0.014166454,0.024197036,0.1300975,0.0024720354,0.14688742
7,1,OUT,DOUBLE,0.06755908,0.85695,5.5768214e-05,0.0025044666,0.028513102,0.009945103,0.010418319,0.024054179
7,4,OUT,BB,0.13617016,0.18262772,0.0012220162,0.0028171407,0.4448334,0.04597023,0.0009448995,0.18541439
4,0,BB,SINGLE,0.4582426,0.01598806,0.0030861453,0.0018091648,0.3852162,0.039241616,0.0017972311,0.094619
0,6,SINGLE,HBP,0.026689235,0.014733437,0.00019155804,0.0025058507,0.035579465,0.06964341,0.4384195,0.41223758
7,7,OUT,OUT,0.004970476,0.014002768,0.0017249943,4.4047967e-05,0.018126892,0.09719991,0.019135688,0.8447952
0,0,SINGLE,SINGLE,0.6082633,0.045182906,0.00026308603,0.008191348,0.007991102,0.20059198,0.004772028,0.12474422
7,7,OUT,OUT,0.31875652,0.16625527,0.007620628,0.014063122,0.016810622,0.035757747,0.011511063,0.42922506
7,4,OUT,BB,0.26017517,0.11680052,0.0041299425,0.012912731,0.3244264,0.031952493,0.013596441,0.23600625
7,7,OUT,OUT,0.2996419,0.047733467,0.00039215529,0.005121742,0.027234923,0.13904522,0.025727268,0.4551034
0,0,SINGLE,SINGLE,0.46609122,0.04746864,0.0011791168,0.0025244465,0.2102612,0.13356785,0.029199747,0.10970787
7,7,OUT,OUT,0.12982978,0.12281178,0.0005919485,0.01699836,0.26661068,0.1095393,0.055758778,0.2978593
7,4,OUT,BB,0.0867015,0.054475475,0.0077249547,0.020324454,0.48272428,0.18044314,0.02059454,0.14701171
7,0,OUT,SINGLE,0.54928297,0.08032178,0.0006129491,0.01024778,0.0050468,0.043991935,0.0005807238,0.30991507
4,0,BB,SINGLE,0.22597201,0.08999202,0.15046509,0.0395442,0.0960623,0.089717194,0.08300076,0.22524643
4,5,BB,SO,0.09164467,0.0752206,0.0019859476,0.028110335,0.15137054,0.49886265,0.018368546,0.13443667
7,1,OUT,DOUBLE,0.08062601,0.7692946,0.006626164,2.391537e-05,0.011686375,0.022905974,0.00032692726,0.10850988
5,7,SO,OUT,0.017525537,0.027996376,0.0017693823,0.0065258956,0.020206874,0.06463453,0.13542059,0.7259208
7,0,OUT,SINGLE,0.3519135,0.13061444,0.00038862362,0.0030913944,0.076944984,0.21325213,0.0021983502,0.22159657
4,0,BB,SINGLE,0.41656038,0.09548387,0.0065400535,0.027995693,0.15739253,0.17037734,0.0052036634,0.12044649
7,5,OUT,SO,0.2490307,0.019568987,0.0030998886,0.0062366626,0.06454101,0.60458535,0.028184267,0.024753118
1,7,DOUBLE,OUT,0.37367022,0.0018306863,0.002691388,0.0015443177,0.059362117,0.05120177,0.003066431,0.50663304
7,7,OUT,OUT,0.06040251,0.109218515,0.003230988,0.0024010218,0.09914659,0.23917821,0.0052001514,0.48122212
7,5,OUT,SO,0.26972735,0.17617235,0.022112878,0.0052748574,0.032591436,0.26986545,0.00034614332,0.22390953
7,7,OUT,OUT,0.28234327,0.03989043,0.0021753595,0.034041096,0.029465914,0.031544305,0.007235352,0.57330424
5,5,SO,SO,0.12742326,0.25601533,0.001350324,0.06832031,0.18774582,0.2768411,0.009644902,0.07265899
7,0,OUT,SINGLE,0.65847605,0.12445054,0.0020589074,0.0019894345,0.027803712,0.09767129,0.00037802025,0.087172106
5,1,SO,DOUBLE,0.15591443,0.31760672,0.005376689,0.0608274,0.05008513,0.25487903,0.004323096,0.15098739
5,1,SO,DOUBLE,0.220048,0.6195889,0.00086081174,0.01665985,0.0061927876,0.014144992,0.0017574833,0.12074708
6,1,HBP,DOUBLE,0.24073848,0.5292971,0.0011567252,0.018010445,0.017377118,0.040944364,0.034327183,0.11814856
7,7,OUT,OUT,0.104694426,0.03514774,0.0048159594,0.028871179,0.009660496,0.06625476,0.0017045505,0.7488509
7,0,OUT,SINGLE,0.52733433,0.042652126,0.006473842,0.017143443,0.15870944,0.013728566,0.16695444,0.06700373
7,5,OUT,SO,0.1321679,0.017230975,0.0024826217,0.02560922,0.079897195,0.39300588,0.010313804,0.33929247
7,7,OUT,OUT,0.16493651,0.12724072,0.018144185,0.019474415,0.08066336,0.2607159,0.0053845374,0.32344034
7,7,OUT,OUT,0.016138982,0.0057747154,0.0006133265,0.018177738,0.01628462,0.15703338,0.0018938101,0.7840834
6,1,HBP,DOUBLE,0.10271733,0.5197326,0.00016973737,0.029889168,0.07365517,0.09022036,0.0016833057,0.1819323
5,7,SO,OUT,0.25764224,0.015225588,0.0038554163,0.027812984,0.16843556,0.14566217,0.034912813,0.34645316
7,7,OUT,OUT,0.06353789,0.038895383,0.00708166,0.10729584,0.07838171,0.10355701,0.22663023,0.37462035
5,0,SO,SINGLE,0.37097958,0.04364501,0.07944266,0.04283349,0.019381277,0.1659296,0.0019596547,0.27582872
7,4,OUT,BB,0.05143738,0.05565587,0.0009614163,0.01007696,0.2991242,0.0782966,0.21463655,0.289811
0,0,SINGLE,SINGLE,0.63190144,0.02858328,0.004580531,0.006256358,0.10448985,0.05861619,0.023748586,0.14182383
7,4,OUT,BB,0.052616436,0.075431116,0.00046624523,0.0906289,0.6427322,0.024699522,0.07937493,0.034050655
5,7,SO,OUT,0.07956216,0.011335336,0.000120927994,0.008338416,0.110859424,0.10419529,0.0018817325,0.6837067
0,4,SINGLE,BB,0.11420466,0.10667799,0.031796433,0.0060495273,0.33015254,0.09762867,0.0021447754,0.31134546
7,7,OUT,OUT,0.087459534,0.07730338,0.037773773,0.007291483,0.009723095,0.037749346,0.005224401,0.73747504
7,0,OUT,SINGLE,0.440879,0.057414662,0.0053991866,0.112795286,0.054062497,0.030709777,0.014075967,0.28466368
7,0,OUT,SINGLE,0.2917115,0.13848034,0.013690148,0.0077280267,0.2328456,0.2093842,0.0022342717,0.10392585
7,3,OUT,HR,0.27341953,0.028795898,0.00091298204,0.35489705,0.14219145,0.06054495,0.002266466,0.13697174
7,7,OUT,OUT,0.06438864,0.15530089,0.013388803,0.042207826,0.13262257,0.15190789,0.18323645,0.25694695
0,5,SINGLE,SO,0.02853849,0.0055448804,0.00017415457,0.05496714,0.05032233,0.53348124,0.0008294235,0.32614243
7,5,OUT,SO,0.3207796,0.058773983,0.00014968599,0.123068556,0.030975701,0.34972572,0.0006736705,0.11585312
0,5,SINGLE,SO,0.105375476,0.009051984,0.00022832639,0.029060118,0.292586,0.4155449,0.00035457898,0.14779866
5,7,SO,OUT,0.12703605,0.0705804,0.00021737916,0.26894614,0.015967626,0.21095769,0.0065862862,0.29970846
0,7,SINGLE,OUT,0.11304411,0.053977877,0.027606944,0.033742078,0.16259705,0.26833656,0.008652333,0.33204308
7,7,OUT,OUT,0.19513063,0.018755382,0.022640878,0.091712214,0.17919852,0.22959514,0.00731716,0.2556501
7,7,OUT,OUT,0.19532436,0.03846789,0.006969526,0.07480969,0.22054884,0.09064889,0.034831185,0.33839965
7,0,OUT,SINGLE,0.33119226,0.07848861,0.0013817006,0.0138563365,0.05033884,0.11233024,0.18265945,0.2297526
7,4,OUT,BB,0.08899531,0.089177765,0.0014972172,0.13952398,0.41335553,0.17872654,0.009744114,0.078979574
5,7,SO,OUT,0.048882257,0.0030437848,0.0014453323,0.042357173,0.09545524,0.046895918,0.009361164,0.7525591
4,1,BB,DOUBLE,0.10090648,0.5610838,0.0005706017,0.055355176,0.15271208,0.023342073,0.0016736632,0.104356125
7,7,OUT,OUT,0.1699219,0.100564815,0.014476692,0.11977609,0.18986961,0.12982196,0.010395339,0.26517367
0,0,SINGLE,SINGLE,0.36990127,0.06901803,0.00041759256,0.011955556,0.13883725,0.25916862,0.0062937774,0.14440793
7,7,OUT,OUT,0.115113564,0.06353389,0.0047399206,0.11489941,0.1230507,0.057824995,0.15361997,0.36721757
7,7,OUT,OUT,0.1534743,0.124010876,0.04263093,0.023566984,0.03133861,0.10734774,0.07718343,0.44044712
7,1,OUT,DOUBLE,0.14900081,0.31779104,0.0051700626,0.0051828735,0.18177658,0.028471898,0.055592928,0.25701374
4,7,BB,OUT,0.16228107,0.08863249,0.0061663096,0.08979602,0.03741749,0.16914926,0.015271506,0.4312859
0,0,SINGLE,SINGLE,0.24371934,0.1025394,0.0018125523,0.06512814,0.2153774,0.18581961,0.03293022,0.1526733
4,0,BB,SINGLE,0.5957274,0.09406752,0.003517979,0.004014018,0.06639783,0.1375178,0.005393146,0.09336423
7,0,OUT,SINGLE,0.38508752,0.263644,0.02963369,0.10057977,0.01043126,0.06243048,0.0071223807,0.14107081
5,7,SO,OUT,0.13781819,0.11999512,0.0038489148,0.034802526,0.19689721,0.24611928,0.012533097,0.24798569
7,6,OUT,HBP,0.11910791,0.011720706,0.0016352914,0.2589607,0.033519045,0.07606799,0.30357605,0.19541219
5,7,SO,OUT,0.28787675,0.025306737,0.0050086104,0.015097521,0.0050203316,0.14832413,0.0077985143,0.50556743
0,0,SINGLE,SINGLE,0.37157142,0.0680761,0.016240502,0.023460072,0.051328503,0.1254141,0.16777559,0.17613372
7,7,OUT,OUT,0.22149783,0.007905305,0.001077635,0.012586327,0.014147848,0.23318999,0.00075602304,0.508839
7,7,OUT,OUT,0.18387693,0.07242817,0.0140161235,0.0052032145,0.15020478,0.27216902,0.0063435603,0.2957582
7,7,OUT,OUT,0.013175493,0.0027511856,9.348068e-05,0.012905503,0.008080741,0.014342319,0.002385779,0.9462655
5,4,SO,BB,0.25506285,0.08487566,0.00018935332,0.006234666,0.37648377,0.057894472,0.00060935714,0.2186499
7,7,OUT,OUT,0.04384056,0.08870906,0.008209572,0.0017898158,0.24304405,0.021858746,0.002326449,0.59022176
5,7,SO,OUT,0.22526996,0.059740968,0.0032314907,0.012362852,0.19663157,0.12208365,0.07619226,0.3044873
7,0,OUT,SINGLE,0.48868442,0.08810389,0.0050556916,0.044288486,0.09879201,0.12127144,0.00889741,0.14490658
0,0,SINGLE,SINGLE,0.31880006,0.14669055,0.0004772144,0.017804455,0.05557046,0.13506393,0.010851245,0.31474206
0,7,SINGLE,OUT,0.18715596,0.20591888,0.0008433153,0.013484514,0.15689142,0.19504637,0.0050256583,0.23563392
1,7,DOUBLE,OUT,0.25258029,0.005707006,0.0015736765,0.008533216,0.12926878,0.0734885,0.033402033,0.49544644
5,7,SO,OUT,0.36283126,0.0059037646,0.002445105,0.0016462321,0.06251437,0.104023255,0.018726002,0.44190997
7,7,OUT,OUT,0.12407497,0.0006948183,0.00057592406,0.13917688,0.27041376,0.10454805,0.013094384,0.3474211
7,7,OUT,OUT,0.21186419,0.03717289,0.07431469,0.04569231,0.12646265,0.15521707,0.017058522,0.33221766
0,5,SINGLE,SO,0.08087386,0.011175013,0.0020122784,0.0032724424,0.05849727,0.61300576,0.011308688,0.21985473
3,7,HR,OUT,0.117447905,0.062191572,0.006259175,0.22756124,0.06305941,0.23962349,0.012663207,0.27119398
5,0,SO,SINGLE,0.30492556,0.049767952,0.0038203415,0.010670312,0.24832082,0.2367912,0.019007927,0.12669595
7,5,OUT,SO,0.24005955,0.19668935,0.008678956,0.08783097,0.03692923,0.2989921,0.030601375,0.10021847
7,5,OUT,SO,0.016774213,0.096595116,0.0031071422,0.005034701,0.012123965,0.8186823,0.005859734,0.041822813
7,7,OUT,OUT,0.08477251,0.102505386,0.0006435801,0.09935805,0.12331524,0.093688875,0.022753827,0.47296247
0,1,SINGLE,DOUBLE,0.076458804,0.6144426,0.0030113072,0.02150795,0.14732312,0.056510027,0.0012519186,0.079494245
5,7,SO,OUT,0.1463038,0.0083970735,0.0025475796,0.021317068,0.024382317,0.35977274,0.019200189,0.41807926
6,5,HBP,SO,0.09152587,0.17243366,0.0031752368,0.10028159,0.0812079,0.28569108,0.13596322,0.12972145
7,1,OUT,DOUBLE,0.05780063,0.61806864,0.0020897419,0.010520912,0.022507576,0.14491233,0.03533018,0.10876997
0,1,SINGLE,DOUBLE,0.13225505,0.3474287,0.00032661116,0.02740824,0.2236018,0.13357423,0.0048217024,0.1305836
7,6,OUT,HBP,0.06007244,0.045334786,0.0030803091,0.0033893518,0.13295938,0.084574156,0.63318926,0.037400275
7,6,OUT,HBP,0.011095667,0.0151240975,0.001366245,0.02205642,0.010295541,0.15410227,0.6490611,0.13689873
7,0,OUT,SINGLE,0.30975312,0.099471465,0.0016391916,0.012729211,0.16192956,0.15289974,0.024074879,0.23750287
7,7,OUT,OUT,0.01984774,0.010729146,4.2458534e-05,0.00034421505,0.0040097698,0.019458698,8.306638e-05,0.94548494
5,5,SO,SO,0.19319922,0.025847685,0.0004843368,0.0710838,0.014636332,0.4225122,0.0004049791,0.27183136
4,5,BB,SO,0.14225596,0.022056766,0.009284788,0.0828712,0.16636358,0.34062386,0.011292736,0.22525117
7,5,OUT,SO,0.27107,0.008763203,0.008645647,0.005071717,0.18894666,0.311311,0.007965558,0.19822626
5,5,SO,SO,0.030891288,0.0252043,0.3379048,0.034416642,0.017384883,0.4310859,0.014268556,0.10884349
7,0,OUT,SINGLE,0.4725093,0.011942907,0.0014717244,0.00012282541,0.16559738,0.1190521,0.025851784,0.2034519
5,1,SO,DOUBLE,0.10246676,0.27216136,0.0008939163,0.20673431,0.047635745,0.14645822,0.03591928,0.18773034
4,3,BB,HR,0.15309662,0.11052139,0.00045418635,0.3133245,0.123758584,0.11007568,0.04391413,0.14485498
0,4,SINGLE,BB,0.042380504,0.007320271,0.0016471614,0.006733329,0.5881852,0.07003517,0.0050706565,0.2786277
5,7,SO,OUT,0.14175817,0.010006006,0.007643073,0.0034409082,0.04096259,0.2785105,0.022207288,0.49547145
0,1,SINGLE,DOUBLE,0.119068496,0.36565578,0.026123513,0.0039101695,0.034356218,0.27779984,0.0040205796,0.16906537
5,3,SO,HR,0.08378856,0.18980025,0.0014023717,0.48131356,0.031888455,0.08477822,0.0063789105,0.1206497
7,5,OUT,SO,0.22409293,0.17944385,0.0005993437,0.0005204398,0.104864985,0.30271387,0.014578067,0.17318647
7,5,OUT,SO,0.07495657,0.037189044,0.0026082604,0.022717305,0.08854,0.45732304,0.0015094862,0.31515628
7,5,OUT,SO,0.096209645,0.14905879,0.0018790956,0.101202406,0.12891583,0.34247565,0.00043855107,0.17982005
7,7,OUT,OUT,0.07909409,0.107890345,0.18642677,0.01237764,0.019772947,0.24217203,0.005179209,0.34708703
7,5,OUT,SO,0.22267744,0.09415429,0.021178996,0.019433271,0.12652084,0.3248885,0.009920239,0.18122648
7,1,OUT,DOUBLE,0.09185813,0.39505187,0.0028695578,0.031790394,0.06879244,0.11583952,0.03683644,0.25696164
7,5,OUT,SO,0.08983223,0.010510274,0.0149771385,0.029611245,0.11927647,0.3771692,0.0011460262,0.35747737
7,0,OUT,SINGLE,0.4854378,0.03121065,0.16791785,0.0023202833,0.021630194,0.0934983,0.0008364284,0.19714841
7,6,OUT,HBP,0.106088385,0.32676402,0.00245853,0.022959251,0.056068517,0.03063789,0.38582784,0.06919552
7,4,OUT,BB,0.13517931,0.008816632,0.010857465,0.06376964,0.41410565,0.06992168,0.20546304,0.091886595
0,1,SINGLE,DOUBLE,0.23732346,0.26489332,0.028071122,0.025196947,0.17975448,0.10516635,0.030816982,0.1287773
5,4,SO,BB,0.10968775,0.02324915,0.0006705994,0.009424515,0.36922494,0.321576,0.06353042,0.10263663
7,5,OUT,SO,0.10096768,0.031797707,0.0018937481,0.012904852,0.116000935,0.6092427,0.008518088,0.11867429
7,4,OUT,BB,0.089175835,0.030416954,0.00045035224,0.076276824,0.3332402,0.32217455,0.06734657,0.0809187
7,7,OUT,OUT,0.15123904,0.043526933,0.0014493071,0.0074154567,0.13664423,0.08098949,0.00064666464,0.57808894
1,0,DOUBLE,SINGLE,0.30155045,0.12635754,0.00029614673,0.034309328,0.2752668,0.050929327,0.0008317483,0.21045864
4,4,BB,BB,0.14797203,0.15073282,0.0012928408,0.01441633,0.25524998,0.18264748,0.028883876,0.21880463
4,0,BB,SINGLE,0.33307725,0.0053328704,0.00039546372,0.109696075,0.14536393,0.1804603,0.016340004,0.20933409
7,5,OUT,SO,0.09323638,0.18605073,0.0010951459,0.07685821,0.1733438,0.29851273,0.05765873,0.11324426
5,4,SO,BB,0.11337512,0.00100155,0.0065382645,0.2992829,0.34726003,0.119274996,0.00046666348,0.11280042
7,7,OUT,OUT,0.15732086,0.046405558,0.009896229,0.002308,0.020627405,0.20605049,0.23014987,0.32724166
5,4,SO,BB,0.03493634,0.103074096,0.00083763385,0.00021518208,0.6503042,0.048983276,0.009742672,0.15190661
7,5,OUT,SO,0.3203962,0.04649386,0.0012392113,0.0017168645,0.20062515,0.3403666,0.008358429,0.08080358
0,5,SINGLE,SO,0.26798,0.03830627,0.002953461,0.014482719,0.04858561,0.32846558,0.013643732,0.28558263
7,5,OUT,SO,0.11998945,0.17498799,0.00105997,0.11362382,0.06720947,0.23995326,0.07055482,0.21262123
1,0,DOUBLE,SINGLE,0.59282535,0.021957047,0.0020389296,0.034500796,0.15002076,0.06398943,0.009309363,0.12535834
7,7,OUT,OUT,0.432838,0.008283756,0.016157627,0.017056245,0.005845202,0.031088136,0.0009866479,0.48774448
6,0,HBP,SINGLE,0.31390777,0.022001673,0.032923497,0.054236483,0.26857945,0.055460233,0.0025940016,0.25029686
0,0,SINGLE,SINGLE,0.68536204,0.007710797,0.002315475,0.0010535104,0.08356409,0.02375293,0.00044138034,0.1957997
5,7,SO,OUT,0.06482015,0.047423333,0.0076783304,0.00021384336,0.04017875,0.009087572,0.38653278,0.44406527
0,5,SINGLE,SO,0.14150743,0.020876514,0.00019838667,0.0015002486,0.026787616,0.45727408,0.0060080034,0.3458477
7,7,OUT,OUT,0.035965715,0.036605574,0.0011670624,0.0051602884,0.055598203,0.42455992,0.013366694,0.4275766
7,5,OUT,SO,0.19960606,0.22380081,0.0042862007,0.020432467,0.02438023,0.28312314,0.022888266,0.22148284
7,7,OUT,OUT,0.30058134,0.058746167,0.0020436316,0.0794398,0.09413994,0.029708363,0.01670829,0.4186324
3,0,HR,SINGLE,0.27851862,0.18788113,0.00083274406,0.12603042,0.018185737,0.14096695,0.030782973,0.21680148
5,7,SO,OUT,0.32565475,0.04797033,0.00082606217,0.0006426784,0.07710685,0.0705734,0.02244057,0.45478532
7,0,OUT,SINGLE,0.31083107,0.091929786,0.0013555106,0.0020000704,0.27759635,0.025511684,0.027588686,0.2631869
5,7,SO,OUT,0.25147718,0.053227086,0.00014611015,0.0027871043,0.09953562,0.07656684,7.057142e-05,0.5161895
4,5,BB,SO,0.14579761,0.0033621716,0.019086385,0.008043332,0.03014985,0.5845608,0.0018640889,0.20713578
0,5,SINGLE,SO,0.04758283,0.07584637,0.0015911773,0.001191656,0.25467798,0.50145674,0.0028875768,0.11476565
5,7,SO,OUT,0.11765161,0.22114855,0.000101798614,0.026552238,0.05448394,0.09709031,0.22867389,0.2542976
0,0,SINGLE,SINGLE,0.4543768,0.012441508,8.960739e-05,0.055878572,0.12693833,0.09658854,0.0014697125,0.252217
0,7,SINGLE,OUT,0.15581183,0.11132107,0.00019295992,0.13452291,0.04007369,0.04263302,0.014926225,0.5005184
0,0,SINGLE,SINGLE,0.57722497,0.015883468,0.0015536353,0.003741768,0.0708407,0.073680274,0.0020392619,0.2550359
7,7,OUT,OUT,0.11525748,0.11885957,0.0004903597,0.17197455,0.020917255,0.11987334,0.0005414835,0.45208597
7,0,OUT,SINGLE,0.4963688,0.014360917,0.038919102,0.0015221495,0.029745836,0.08557082,0.02107192,0.31244043
7,7,OUT,OUT,0.08496823,0.022336112,0.00068153016,0.0021102333,0.013781371,0.04975316,0.00023949126,0.8261299
7,1,OUT,DOUBLE,0.022075394,0.8094586,0.00018326627,0.038013693,0.0043028244,0.07130744,9.363503e-05,0.054565217
0,5,SINGLE,SO,0.05583513,0.008186798,8.802669e-05,0.0038142884,0.010667607,0.64588445,0.002314665,0.273209
7,5,OUT,SO,0.06758735,0.07632331,4.9524075e-05,0.063850656,0.063427135,0.6257553,0.00029483656,0.10271193
7,1,OUT,DOUBLE,0.018471293,0.42668012,0.0009713509,0.003348201,0.09634831,0.2960609,0.008511764,0.14960806
7,7,OUT,OUT,0.32708597,0.014957813,8.44137e-05,0.08358834,0.01712271,0.07024873,0.00017416273,0.48673776
1,1,DOUBLE,DOUBLE,0.07164582,0.3302179,0.0005243999,0.007253544,0.023195473,0.24310747,0.00035873623,0.32369658
0,7,SINGLE,OUT,0.08366747,0.009079182,0.005607463,0.03210754,0.15611799,0.2309455,0.10385784,0.37861696
5,1,SO,DOUBLE,0.060236312,0.31081057,0.019173857,0.013975708,0.08432567,0.20826183,0.005710416,0.29750562
3,0,HR,SINGLE,0.23486601,0.13832544,0.00084528374,0.22896224,0.047077816,0.111542076,0.016247304,0.22213383
7,5,OUT,SO,0.12239242,0.12637159,0.06864296,0.07158474,0.052899323,0.31131816,0.004579706,0.24221113
7,0,OUT,SINGLE,0.27380684,0.09606447,0.00014446635,0.002484701,0.029827315,0.20072472,0.14364345,0.25330403
7,1,OUT,DOUBLE,0.0125329215,0.6997529,0.00016520248,0.00039641524,0.059451237,0.16961287,0.0011663627,0.056922153
4,1,BB,DOUBLE,0.04514025,0.50727147,0.00014304543,0.00053577515,0.1927387,0.16352509,0.0003193433,0.09032632
7,5,OUT,SO,0.13396351,0.05644822,1.8240473e-05,0.012569363,0.059584197,0.5647708,0.00038992008,0.17225568
0,5,SINGLE,SO,0.020204902,0.103484616,0.0010786841,0.018955681,0.20731662,0.53332704,0.0140706515,0.10156179
1,7,DOUBLE,OUT,0.2075522,0.13661052,0.0030624922,0.008918023,0.11353033,0.20922868,0.021586187,0.29951152
7,7,OUT,OUT,0.078346126,0.14627117,0.0010297259,0.0030820873,0.008726838,0.28901434,0.0007177859,0.4728119
7,0,OUT,SINGLE,0.6225696,0.0074253227,0.00016958965,0.00041673717,0.0046932837,0.08574399,0.0066753537,0.27230617
7,0,OUT,SINGLE,0.52416354,0.052100584,0.00025500852,0.0062160473,0.0017572823,0.08065438,0.0013530104,0.33350018
7,0,OUT,SINGLE,0.32656723,0.0782024,0.0053613666,0.0025397935,0.13790303,0.11323532,0.01744744,0.31874353
7,7,OUT,OUT,0.09696399,0.10365264,0.00026980636,0.14391208,0.018719211,0.08780413,0.001087804,0.5475903
3,3,HR,HR,0.1409976,0.03544257,0.004831174,0.39200157,0.054503657,0.15080675,0.0041453517,0.21727128
7,3,OUT,HR,0.015929546,0.0038092213,0.0124132335,0.82226,0.0076952684,0.040398955,7.9052814e-05,0.0974148
0,7,SINGLE,OUT,0.06891727,0.062651165,0.00064086844,0.013504166,0.042334348,0.10980782,0.00067665125,0.70146775
0,5,SINGLE,SO,0.10636918,0.055185884,0.00023609133,0.21450771,0.06149875,0.2881648,0.0007984792,0.2732391
5,7,SO,OUT,0.084611274,0.015224346,0.0015415424,0.0003038963,0.011289443,0.08249756,0.00040387947,0.8041281
0,7,SINGLE,OUT,0.11514719,0.07484219,0.00027735357,0.03905111,0.16746897,0.20618452,0.0019929218,0.3950357
7,7,OUT,OUT,0.15919462,0.047800347,0.019545145,0.09509698,0.113210775,0.08495876,0.003559332,0.47663411
0,1,SINGLE,DOUBLE,0.07948258,0.6501669,0.0002443341,0.0058606667,0.06898788,0.057558816,0.0008676095,0.13683121
5,5,SO,SO,0.049935475,0.011470645,0.00020742306,0.0052141403,0.033574022,0.7301644,0.016090985,0.15334287
7,0,OUT,SINGLE,0.48722646,0.043716054,0.00024413405,0.0003461689,0.02215464,0.2426522,0.010540294,0.19312006
5,5,SO,SO,0.009019544,0.006372575,7.643972e-06,0.001109759,0.03224017,0.9372298,0.000121552046,0.013898942
6,0,HBP,SINGLE,0.71647555,0.009904179,0.003384268,0.043747384,0.053102423,0.025487818,0.0036178557,0.1442806
0,7,SINGLE,OUT,0.28593826,0.024199488,0.0017332591,0.0012429941,0.029824361,0.2015386,0.0005161849,0.45500693
0,5,SINGLE,SO,0.017935583,0.053341594,0.000105203144,0.06186712,0.02847765,0.80094045,0.0049978592,0.032334495
4,3,BB,HR,0.025175545,0.31713516,0.00011646536,0.36773282,0.04270631,0.22031583,0.00056399597,0.026253773
7,5,OUT,SO,0.3487549,0.04872739,4.8369064e-05,0.0012756848,0.012639745,0.38458586,0.0023179222,0.20165025
7,4,OUT,BB,0.039173756,0.1497628,0.002343038,0.0009938794,0.407606,0.13935675,0.002560433,0.25820342
0,7,SINGLE,OUT,0.19534536,0.23538017,0.0019783601,0.0065917573,0.050588798,0.11544053,0.0018895456,0.39278555
7,1,OUT,DOUBLE,0.17661569,0.41864818,0.0013450559,0.039215248,0.10676709,0.13857585,0.0021781116,0.11665472
7,7,OUT,OUT,0.0059339222,0.00042446973,0.3567275,0.0008531974,0.010974779,0.022472927,0.0006526779,0.6019605
7,0,OUT,SINGLE,0.32090935,0.037969515,0.0032947015,0.19591607,0.015483777,0.039740037,0.23780505,0.14888151
6,6,HBP,HBP,0.06360446,0.10276339,0.0077873566,0.044034142,0.10534903,0.09039903,0.3503325,0.23573016
5,7,SO,OUT,0.16919233,0.15349104,0.0010108729,0.0056935186,0.1614495,0.14214952,0.14425892,0.2227543
5,1,SO,DOUBLE,0.10380603,0.39083087,5.9723963e-05,0.002179637,0.048410706,0.0730214,0.05357095,0.3281207
4,4,BB,BB,0.09043027,0.18268995,0.00035651334,0.023820348,0.4415412,0.028706716,0.0049237586,0.22753122
4,5,BB,SO,0.16396177,0.02967583,0.0005243488,0.0052201306,0.14400811,0.3702174,0.011854379,0.27453807
7,5,OUT,SO,0.11371095,0.012357772,0.0019820987,0.019355023,0.053418804,0.66821975,0.0020006252,0.128955
7,1,OUT,DOUBLE,0.0038169827,0.47379196,5.7786725e-05,0.0032623901,0.023076532,0.23526958,0.0007938275,0.259931
7,5,OUT,SO,0.091159716,0.012458296,0.00029821202,0.013448089,0.10387615,0.5167861,0.0023243024,0.2596491
5,5,SO,SO,0.050881136,0.10431203,0.005561295,0.23809431,0.09553478,0.26081017,0.031604603,0.21320164
0,5,SINGLE,SO,0.0390022,0.06313442,0.0010788712,0.09956472,0.049341068,0.50966257,0.0021228679,0.23609322
5,5,SO,SO,0.26809302,0.090786316,5.8942613e-05,0.009803021,0.023268946,0.5214716,0.0014120786,0.08510619
7,5,OUT,SO,0.17449346,0.02385219,0.0001718031,0.003078144,0.08707535,0.423779,0.005627676,0.28192237
7,7,OUT,OUT,0.34358937,0.00620547,0.00024159941,0.020695131,0.11590099,0.09166034,0.0010060333,0.420701
0,5,SINGLE,SO,0.13613322,0.063258186,0.002680691,0.027292766,0.1445393,0.399474,0.00024951843,0.22637226
7,7,OUT,OUT,0.10129337,0.03226172,0.002046292,0.04293676,0.21594618,0.12516636,0.02124667,0.45910254
1,7,DOUBLE,OUT,0.17288777,0.100396976,0.00027250824,0.018221231,0.10549308,0.033937074,0.0047164387,0.5640749
4,0,BB,SINGLE,0.2667309,0.17114553,0.00086812064,0.14723113,0.01606949,0.048385043,0.1315542,0.21801557
7,0,OUT,SINGLE,0.68380934,0.0014198176,7.075398e-05,0.00023074888,0.027438065,0.02037192,0.012362448,0.2542968
7,7,OUT,OUT,0.2549969,0.07065668,0.00052913383,0.00027979142,0.08762179,0.21206805,0.0059399544,0.36790767
2,0,TRIPLE,SINGLE,0.47228685,0.17657372,0.0005832069,0.002638861,0.022969099,0.022687757,0.033200618,0.26905975
7,5,OUT,SO,0.023472423,0.15687826,0.00064101035,0.14622122,0.09095576,0.41301045,0.00015288864,0.16866797
0,7,SINGLE,OUT,0.079032384,0.004253497,0.00013974623,0.00067425525,0.0017503401,0.36805752,0.00042028938,0.545672
7,7,OUT,OUT,0.054836202,0.055679154,0.00033468907,0.12329571,0.04862164,0.12993743,0.010533408,0.5767617
7,5,OUT,SO,0.044630896,0.018716449,0.00026230456,0.068272926,0.30179456,0.39768842,0.073491566,0.09514291
7,7,OUT,OUT,0.091286,0.025577247,7.7745084e-05,0.027072554,0.1119404,0.278737,0.002975666,0.46233335
7,7,OUT,OUT,0.24137053,0.14162731,6.2881394e-05,0.0598044,0.029340284,0.2438772,0.011026772,0.27289063
6,0,HBP,SINGLE,0.476129,0.11159335,6.016039e-05,0.051208243,0.05337744,0.0637187,0.008592205,0.23532103
0,7,SINGLE,OUT,0.19865674,0.09174521,5.5307777e-05,0.017540315,0.031511385,0.2040677,0.004060978,0.45236227
7,0,OUT,SINGLE,0.42604008,0.04481922,0.0037708539,0.004000202,0.028594345,0.29102325,0.0380231,0.16372892
4,4,BB,BB,0.1435484,0.18948191,0.00075998914,0.12940195,0.38173333,0.10718357,0.0019192632,0.045971643
7,5,OUT,SO,0.24109395,0.03958426,0.0025947574,0.0032394296,0.09521241,0.31855655,0.06765215,0.23206659
4,1,BB,DOUBLE,0.21669224,0.27433157,0.0008111843,0.03891095,0.011655572,0.24812236,0.01612491,0.19335115
7,6,OUT,HBP,0.11474644,0.026790695,0.0068598203,0.010448748,0.21339801,0.13422391,0.36069855,0.13283381
5,0,SO,SINGLE,0.42049897,0.009640755,0.0011837061,0.0004638489,0.10024139,0.2963745,0.023400698,0.14819622
7,7,OUT,OUT,0.18169197,0.017136801,0.00076303113,0.01128214,0.18627256,0.07382797,0.0014438053,0.5275817
0,5,SINGLE,SO,0.18482356,0.010538627,6.712882e-05,0.00063327834,0.19524498,0.42588738,0.0420923,0.1407128
7,0,OUT,SINGLE,0.324762,0.08601377,0.0046144426,0.09805209,0.051925283,0.12720516,0.0030608536,0.3043664
7,7,OUT,OUT,0.07635655,0.0391671,0.03811349,0.045159567,0.098081626,0.07416448,0.29159716,0.33736005
7,7,OUT,OUT,0.053425916,0.03746597,0.004746134,0.032499317,0.0798177,0.095169045,0.020508667,0.6763673
7,0,OUT,SINGLE,0.3875236,0.044602446,0.008295579,0.00049489207,0.056830492,0.17605081,0.007875925,0.3183262
7,7,OUT,OUT,0.13236222,0.068122044,0.0020668604,0.05700385,0.25682458,0.1015223,0.0048490996,0.3772491
0,0,SINGLE,SINGLE,0.3570952,0.02408103,0.05876585,0.008535908,0.074825816,0.22784378,0.0027602336,0.24609216
3,7,HR,OUT,0.21290122,0.044763256,0.0057595973,0.010185051,0.24383064,0.13543749,0.0073507414,0.33977202
5,7,SO,OUT,0.12865122,0.16408962,0.00014805396,0.005654047,0.14035225,0.20622681,0.006529982,0.34834802
0,4,SINGLE,BB,0.08770862,0.011709826,0.0005933742,0.012462029,0.47999984,0.1533142,0.0016367914,0.2525753
5,7,SO,OUT,0.101241246,0.006513788,0.00053901225,0.01670848,0.1272608,0.35317138,0.002575118,0.39199007
7,4,OUT,BB,0.15092498,0.08496016,0.0017336659,0.06439022,0.2236238,0.083681405,0.21125509,0.17943059
7,4,OUT,BB,0.109520696,0.013568657,0.0056315335,0.00080712774,0.6067015,0.07348119,0.0023499269,0.18793938
7,7,OUT,OUT,0.2560319,0.05386412,0.0042903367,0.0038152132,0.07680657,0.13542245,0.013518355,0.45625106
5,7,SO,OUT,0.29546705,0.023986727,0.0066332696,0.0016003889,0.12112365,0.104679205,0.0004032116,0.4461065
1,7,DOUBLE,OUT,0.112138465,0.014082618,0.001061954,0.009372909,0.04737421,0.32162085,0.0009875832,0.49336138
7,7,OUT,OUT,0.033015873,0.22866134,0.021982828,0.0022252542,0.01951909,0.26085496,0.05517735,0.37856334
7,7,OUT,OUT,0.054069996,0.1435845,0.02475695,0.0068546645,0.19896582,0.05446417,0.08424866,0.43305528
0,4,SINGLE,BB,0.25798118,0.099567235,0.004420434,0.07154969,0.2980439,0.110652655,0.0017077932,0.15607703
0,1,SINGLE,DOUBLE,0.06809683,0.23514678,0.06477445,0.11818067,0.09973495,0.044664193,0.14414664,0.22525555
5,0,SO,SINGLE,0.7011839,0.009861052,0.010224811,0.04118513,0.016529037,0.015701933,0.022754861,0.18255924
7,1,OUT,DOUBLE,0.06943294,0.36742818,0.017149404,0.006781772,0.1756222,0.10254996,0.012310442,0.24872518
5,7,SO,OUT,0.21050256,0.056564737,0.00015865918,0.10442235,0.19307345,0.09635121,0.0016464624,0.33728054
2,0,TRIPLE,SINGLE,0.3892852,0.008390413,0.00011094928,0.09849522,0.1056551,0.35616294,0.0002480899,0.041652035
5,4,SO,BB,0.10947653,0.04675657,0.0001200345,0.13462232,0.31904593,0.095577754,0.12174388,0.17265694
7,1,OUT,DOUBLE,0.0011619893,0.9271227,0.0002779171,0.00034312668,0.002398469,0.039465733,0.004234046,0.02499585
7,4,OUT,BB,0.19249165,0.07080295,0.003615118,0.013087897,0.40748486,0.20221011,0.0093809925,0.100926414
7,6,OUT,HBP,0.19623786,0.0024798976,0.0009343567,0.0011433641,0.0082008,0.061219603,0.6816985,0.04808565
5,5,SO,SO,0.07636304,0.043897044,4.6110614e-05,0.011120705,0.08193627,0.6687541,0.00752442,0.110358246
4,7,BB,OUT,0.21016331,0.04090516,0.0032164599,0.041698948,0.27390915,0.10340747,0.0029534576,0.32374606
7,1,OUT,DOUBLE,0.14228857,0.34378508,0.00040361687,0.0053890003,0.031300314,0.25182042,0.0012307959,0.22378218
7,7,OUT,OUT,0.08998626,0.085488215,0.0004656471,0.036213074,0.14883904,0.25858086,0.0011518085,0.3792751
7,4,OUT,BB,0.020253101,0.16693023,0.00714079,0.006745647,0.358246,0.2635776,0.014785647,0.16232099
7,6,OUT,HBP,0.06026031,0.12173638,0.00082979904,0.01400664,0.1051451,0.16322352,0.50350434,0.0312939
1,0,DOUBLE,SINGLE,0.3721472,0.0028515586,0.0001215879,0.023931267,0.1731881,0.021275518,0.06098236,0.34550235
1,5,DOUBLE,SO,0.35780054,0.010280008,0.00020302662,0.00060442206,0.1276261,0.4626315,0.002429891,0.03842451
5,7,SO,OUT,0.25373077,0.0019824714,0.0029651127,0.009018198,0.0046440763,0.21121114,0.016175982,0.50027215
4,7,BB,OUT,0.40715018,0.0013928054,0.00060212245,0.00010726983,0.005096556,0.06626601,0.0017314174,0.51765364
5,0,SO,SINGLE,0.4654502,0.01929898,0.0003596238,0.0181128,0.025124826,0.07148564,0.17315568,0.2270123
5,0,SO,SINGLE,0.5366678,0.0028880131,0.00010827038,0.0030342948,0.00023293661,0.09830766,0.001037845,0.35772327
0,0,SINGLE,SINGLE,0.57014215,0.031161986,0.00021812925,0.17667425,0.0047269375,0.13460928,0.0009973038,0.08146998
5,7,SO,OUT,0.10669043,0.011458662,0.0030341826,0.0023594634,0.27232718,0.16542503,0.0047816997,0.43392336
7,0,OUT,SINGLE,0.53204244,0.033320755,0.0068872417,0.0071413117,0.24989535,0.054216232,0.012145812,0.10435082
5,5,SO,SO,0.17844673,0.057532515,0.02676374,0.06637135,0.01620675,0.33979234,0.020496374,0.29439017
4,7,BB,OUT,0.11540564,0.054620776,0.03071201,0.017297357,0.17607966,0.22025368,0.038548775,0.34708205
5,0,SO,SINGLE,0.65536684,0.0034481152,0.0008417323,0.0007408262,0.12927449,0.040646244,0.02619514,0.14348677
7,5,OUT,SO,0.27815735,0.059057366,0.0018020276,0.055209275,0.084466554,0.35582286,0.0071570384,0.15832761
7,0,OUT,SINGLE,0.5827126,0.031416725,0.0006545621,0.013728346,0.042480376,0.09669992,0.0043713218,0.22793607
4,7,BB,OUT,0.31897494,0.014534501,0.00025646613,0.009503529,0.13888435,0.14806138,0.0034890473,0.36629575
6,0,HBP,SINGLE,0.41412494,0.010047159,0.00014092746,0.100679554,0.09052285,0.039154146,0.00064095575,0.34468952
7,5,OUT,SO,0.034806218,0.0043847673,7.4028656e-05,0.0036222402,0.049034502,0.7869714,0.0007627348,0.12034416
7,7,OUT,OUT,0.022045324,0.037730534,0.00080470805,0.0009885206,0.026119927,0.08752663,0.01167495,0.8131094
7,7,OUT,OUT,0.20558272,0.06437987,0.0035724859,0.016550254,0.040982317,0.22492084,0.025914555,0.41809696
7,7,OUT,OUT,0.097845905,0.0101060765,0.00019030449,0.0015195103,0.066047974,0.08400065,0.0022133333,0.7380762
7,7,OUT,OUT,0.12908296,0.0012084545,6.350523e-05,0.013486081,0.09942225,0.091730036,0.089198425,0.5758082
5,7,SO,OUT,0.19628106,0.037805453,0.034256738,0.18793781,0.11136268,0.09267789,0.05616121,0.28351706
0,4,SINGLE,BB,0.1753954,0.01845081,0.004795758,0.016912527,0.47128054,0.11223151,0.002406893,0.19852653
7,4,OUT,BB,0.10498067,0.032452542,0.0022145368,0.04418084,0.4688293,0.19831963,0.0046192473,0.14440323
7,4,OUT,BB,0.061018776,0.016314195,0.0011248817,0.06392297,0.69265115,0.072848566,0.012928911,0.0791905
7,0,OUT,SINGLE,0.37826586,0.047394425,0.0011243258,0.00020497278,0.14938194,0.12811927,0.0026942664,0.2928149
7,0,OUT,SINGLE,0.42705774,0.055173535,0.00045213196,0.0024792575,0.026999813,0.31256393,0.0026451794,0.17262845
5,7,SO,OUT,0.18436033,0.03329681,0.00033555352,0.13889928,0.14068007,0.12482334,0.00809509,0.36950952
5,7,SO,OUT,0.14391446,0.064501286,0.00016138914,0.22443342,0.16645975,0.15125042,0.00041334613,0.24886598
5,4,SO,BB,0.067521036,0.069598936,0.0001285026,0.05080023,0.4479097,0.17552567,0.0023265632,0.18618941
7,7,OUT,OUT,0.027543461,0.018507622,0.0035120032,0.10260979,0.021554962,0.06202318,0.012451803,0.7517972
5,7,SO,OUT,0.08493709,0.03464034,0.16509677,0.0013261008,0.10094966,0.12718998,0.055338882,0.43052113
7,7,OUT,OUT,0.18069565,0.007028648,0.0020594888,0.0036991618,0.122237176,0.17100224,0.026486818,0.48679087
4,7,BB,OUT,0.24748927,0.066976026,0.056962732,0.005116247,0.092672795,0.14768454,0.032930467,0.35016796
7,7,OUT,OUT,0.086098574,0.09048005,0.003201427,0.0005669128,0.09098075,0.04445219,0.18442425,0.49979576
7,4,OUT,BB,0.043765813,0.2349353,0.0004151116,0.026509995,0.309403,0.25061578,0.04219274,0.0921622
5,0,SO,SINGLE,0.35487556,0.007371096,0.007355019,0.012870682,0.1927579,0.26402062,0.004350726,0.1563984
1,0,DOUBLE,SINGLE,0.44209093,0.056801904,0.041631877,0.017311564,0.043528426,0.099973395,0.072163254,0.22649874
7,4,OUT,BB,0.10796888,0.0063469517,0.05264905,0.012069802,0.5845135,0.11529041,0.01627892,0.10488248
5,0,SO,SINGLE,0.27068093,0.046642248,0.01330465,0.004793436,0.22706369,0.061785664,0.18457505,0.19115448
7,3,OUT,HR,0.17561772,0.022014644,0.0035582485,0.45926818,0.10037374,0.09508688,0.054746393,0.08933419
5,0,SO,SINGLE,0.29869744,0.0052524144,0.097449906,0.012358082,0.2731868,0.06473491,0.0027008236,0.24561964
7,7,OUT,OUT,0.24104364,0.019481607,0.01349365,0.011275336,0.14476046,0.24901807,0.032252826,0.28867435
7,5,OUT,SO,0.06561789,0.08980913,0.0030637602,0.027512427,0.08986035,0.54410595,0.0029160744,0.17711444
7,7,OUT,OUT,0.15383032,0.058514558,0.00059015764,0.15499157,0.015754983,0.120821826,0.0010553644,0.4944413
0,5,SINGLE,SO,0.05116056,0.003100189,0.00038526164,0.01575455,0.0037350988,0.7108433,0.00046998952,0.21455105
0,7,SINGLE,OUT,0.31846794,0.112629354,0.020483742,0.006165586,0.10050584,0.07806998,0.0086762905,0.3550013
5,7,SO,OUT,0.030069401,0.3497711,0.030777257,0.0021398186,0.0717676,0.041679382,0.052155618,0.4216397
7,4,OUT,BB,0.08502427,0.009950403,0.010157665,0.0014865316,0.4376804,0.054248568,0.0020400628,0.3994121
0,7,SINGLE,OUT,0.11992551,0.1333514,0.010822366,0.21897735,0.091800876,0.059415255,0.0012339634,0.36447328
7,0,OUT,SINGLE,0.4363823,0.06907964,0.045395125,0.0225396,0.015878206,0.05450074,0.0083794845,0.34784487
7,0,OUT,SINGLE,0.41913742,0.023025976,0.0010906176,0.00014159756,0.2144783,0.20518608,0.0035192661,0.1334207
5,0,SO,SINGLE,0.3345161,0.059440114,0.0013569787,0.021092301,0.13251919,0.30937773,0.014306824,0.12739088
7,7,OUT,OUT,0.24990526,0.0021366882,0.0046169856,0.075910345,0.07222046,0.21565099,0.04392083,0.33563846
0,4,SINGLE,BB,0.12801324,0.02161967,0.010864386,0.012214572,0.5276119,0.119385734,0.0005411338,0.17974928
4,7,BB,OUT,0.28129184,0.022506488,0.00028622933,0.005740099,0.13647397,0.20555943,0.024970392,0.32317156
5,4,SO,BB,0.01954189,0.027593615,0.0017558254,0.0005506497,0.6940664,0.039629787,0.024366392,0.19249548
1,4,DOUBLE,BB,0.17675894,0.0115105845,0.004585947,0.0066032372,0.48651254,0.060181044,0.03840978,0.21543789
0,6,SINGLE,HBP,0.22668818,0.09635923,0.00519082,0.017545594,0.17962945,0.035264146,0.35463193,0.08469061
5,7,SO,OUT,0.15474133,0.028543822,0.038063806,0.26503184,0.083378546,0.039117143,0.004563081,0.3865604
7,5,OUT,SO,0.06909789,0.0047423034,0.00053877727,0.0010206904,0.0013999698,0.7435106,0.0011627495,0.17852697
6,7,HBP,OUT,0.2533691,0.025524553,0.003971976,0.022886842,0.023830477,0.08911647,0.24354494,0.33775565
7,5,OUT,SO,0.13447209,0.18856874,0.013887543,0.012465701,0.061372694,0.2886586,0.06790285,0.23267174
5,0,SO,SINGLE,0.40150803,0.029430714,0.0008036174,0.008830877,0.0011822756,0.17724223,0.07686314,0.30413902
5,4,SO,BB,0.12268261,0.017748099,0.17466706,0.02041784,0.36261895,0.073655404,0.1061206,0.1220894
7,7,OUT,OUT,0.18462391,0.0050400915,0.028750159,0.047014564,0.24356286,0.08772371,0.00852566,0.39475903
0,4,SINGLE,BB,0.25377926,0.027950015,5.9019447e-05,3.7465327e-06,0.5054488,0.10571962,4.6921136e-07,0.10703909
7,3,OUT,HR,0.09795567,0.02860549,0.0021534245,0.73714966,0.034619696,0.05562512,0.0002290343,0.04366196
7,0,OUT,SINGLE,0.3052101,0.26281816,0.1922364,0.0005385126,0.11208889,0.0041392744,0.0038887018,0.119079985
7,7,OUT,OUT,0.058671374,0.16590625,0.012372654,0.0548195,0.11878966,0.0042569186,0.19448574,0.39069793
7,1,OUT,DOUBLE,0.12316652,0.5225114,0.040216845,0.0028716114,0.019817203,0.06310807,0.007810466,0.22049792
4,5,BB,SO,0.15755872,0.19658299,0.00047300293,0.00018550357,0.10709125,0.37306392,0.025344308,0.13970035
1,0,DOUBLE,SINGLE,0.3932511,0.192085,0.006709331,0.0024107313,0.007519062,0.2024415,0.0016594561,0.19392388
5,5,SO,SO,0.06221411,0.013046098,0.0007941476,0.01776561,0.021426696,0.636369,0.000534079,0.24785025
7,4,OUT,BB,0.11504929,0.14002626,0.0005042914,0.008515541,0.36811295,0.08824242,0.0069748266,0.27257445
5,4,SO,BB,0.06998214,0.17951035,0.023297716,0.18540882,0.23627901,0.08085365,0.013652223,0.21101618
7,5,OUT,SO,0.014919155,0.0075584245,0.2028629,0.0023090483,0.006655528,0.7097653,0.0062671285,0.049662456
5,4,SO,BB,0.07444811,0.0406987,0.0030404718,0.00086554367,0.58083487,0.08288605,0.0032358186,0.21399032
7,3,OUT,HR,0.10970322,0.0026331283,0.023572814,0.4444483,0.09531415,0.0949776,0.00066603563,0.22868471
5,1,SO,DOUBLE,0.19362023,0.5372791,0.0001129685,0.006387571,0.048288137,0.02754401,0.0065873335,0.18018062
7,7,OUT,OUT,0.16480897,0.19874938,0.0025766024,0.001078879,0.013254236,0.00835423,0.014613932,0.5965638
7,7,OUT,OUT,0.20183969,0.026781864,0.0008976397,0.042560354,0.041802727,0.0644951,0.031768516,0.58985406
5,0,SO,SINGLE,0.254008,0.1504973,0.039162997,0.13322653,0.10656252,0.19864114,0.0014194617,0.116482064
7,7,OUT,OUT,0.044238396,0.07042904,0.0004016138,0.015755428,0.16341738,0.034008216,0.0014861142,0.67026377
7,4,OUT,BB,0.09692404,0.017098809,0.0708471,0.06074075,0.33367273,0.18225625,0.00015404337,0.23830628
7,1,OUT,DOUBLE,0.3018136,0.3164986,0.001018739,0.023913419,0.009393001,0.09708143,0.026593028,0.22368816
7,7,OUT,OUT,0.2273849,0.037144937,0.00049072196,0.009677086,0.012564133,0.13816218,0.053883053,0.520693
7,7,OUT,OUT,0.17564434,0.08145166,0.006882268,0.0070581366,0.048804965,0.1516675,0.07709893,0.45139217
5,7,SO,OUT,0.037536893,0.0024909887,0.00112653,0.005550475,0.042276498,0.20390491,0.002638115,0.7044756
7,7,OUT,OUT,0.13455841,0.07004901,0.0008152671,0.00036644182,0.027960816,0.07560347,0.0009133554,0.68973315
0,5,SINGLE,SO,0.07301631,0.19506837,0.00043164744,0.09100669,0.047730424,0.351956,0.0029686845,0.23782198
7,5,OUT,SO,0.34995374,0.0028623429,0.00013836312,0.008818222,0.06714481,0.45134938,0.012303727,0.10742942
7,5,OUT,SO,0.2040838,0.015738772,0.06904551,0.00142337,0.0884468,0.32855502,0.005736646,0.28697014
1,5,DOUBLE,SO,0.28142864,0.0022334016,0.0035681694,0.012245755,0.15207702,0.3188929,0.115876414,0.11367766
6,7,HBP,OUT,0.07205159,0.081323735,0.0038771052,0.004909667,0.12379018,0.24973714,0.1788688,0.28544176
4,5,BB,SO,0.032232955,0.117883965,0.0072498024,0.018101308,0.2836932,0.45831263,0.0064771734,0.07604893
1,0,DOUBLE,SINGLE,0.36479318,0.107555486,0.002275246,0.08134179,0.013389285,0.060359567,0.110474564,0.25981092
0,1,SINGLE,DOUBLE,0.012247793,0.7282798,0.0008051007,0.11554064,0.064562365,0.053184867,0.0045426874,0.020836731
7,1,OUT,DOUBLE,0.12419298,0.5884712,0.002664828,0.0009180593,0.02993474,0.036694985,0.023751784,0.19337147
0,0,SINGLE,SINGLE,0.4230448,0.052948497,0.0029308584,0.011539626,0.06388477,0.19733298,0.010321525,0.23799697
5,5,SO,SO,0.30675894,0.012679031,0.0038752544,0.075904086,0.02393606,0.3187272,0.04034095,0.21777856
5,5,SO,SO,0.09711407,0.23221321,0.00044992956,0.040208515,0.12524548,0.32944483,0.036606777,0.13871716
7,7,OUT,OUT,0.16078445,0.12756902,0.021122716,0.033634055,0.09605243,0.02536715,0.010932988,0.5245372
7,5,OUT,SO,0.21840732,0.0058187847,0.0011326208,0.0396853,0.04221057,0.45149648,0.069618315,0.17163059
5,5,SO,SO,0.07114063,0.017830202,0.0005483816,0.024576254,0.08337592,0.4801957,0.0074884035,0.31484443
7,3,OUT,HR,0.025386387,0.002133135,0.00021147369,0.31443825,0.07491186,0.2744571,0.03914341,0.2693184
7,0,OUT,SINGLE,0.58408207,0.033721894,0.0007393296,0.055378072,0.0092132855,0.19096108,0.010352549,0.11555175
7,5,OUT,SO,0.0546564,0.06708871,0.002249826,0.025237102,0.14103277,0.3512728,0.17413564,0.1843268
7,0,OUT,SINGLE,0.53702235,0.09097158,0.0027756153,0.014952324,0.08353967,0.060558274,0.0019623968,0.2082178
1,3,DOUBLE,HR,0.05728061,0.012495271,0.05864698,0.7286124,0.018944528,0.06973655,0.0065013603,0.047782198
5,7,SO,OUT,0.00038086384,0.0030575993,4.6706955e-06,1.0506444e-06,6.4446525e-05,0.052609235,3.5605708e-06,0.94387865
7,5,OUT,SO,0.20143437,0.028779285,0.02604804,0.1590322,0.16329569,0.27842122,0.013763219,0.129226
4,7,BB,OUT,0.03808905,0.015204522,0.013215878,0.16340157,0.090437196,0.107117586,0.022440791,0.5500934
7,7,OUT,OUT,0.020462915,0.0013408937,0.00014177234,0.00013312107,0.0008669519,0.2327064,8.899783e-05,0.74425894
7,7,OUT,OUT,0.18164417,0.057386108,0.009799326,0.0022195731,0.038887843,0.09266349,0.008260402,0.6091391
0,7,SINGLE,OUT,0.0986312,0.16380478,0.0017398166,0.008674992,0.064696215,0.03529023,0.037517294,0.5896455
0,3,SINGLE,HR,0.0469269,0.06622993,0.016741961,0.475483,0.033884123,0.24322838,0.0011778955,0.11632785
7,3,OUT,HR,0.027473591,0.010084012,0.00074975396,0.85496694,0.022086637,0.022779806,0.0003820705,0.061477095
7,5,OUT,SO,0.061879553,0.012129079,0.053411428,0.07584165,0.11182156,0.39489648,0.18025963,0.10976067
7,5,OUT,SO,0.07285818,0.05261982,0.11793324,0.048751462,0.20309962,0.21155463,0.082015865,0.21116722
7,5,OUT,SO,0.11581145,0.050491378,0.00071233325,0.02618363,0.014066727,0.44094145,0.059261866,0.2925312
5,3,SO,HR,0.01575158,0.0006821247,0.00093287067,0.90029436,0.013258121,0.042767078,0.0030354566,0.023278426
5,1,SO,DOUBLE,0.026000744,0.6970811,0.0013743866,0.037427172,0.070263915,0.095449634,0.01568977,0.05671341
0,7,SINGLE,OUT,0.24297231,0.1672386,0.005331473,0.065552376,0.047776446,0.070770726,0.024717564,0.37564045
7,1,OUT,DOUBLE,0.13772845,0.5159119,0.0005547368,0.0009710851,0.0035573177,0.0058886907,0.0027509024,0.3326369
0,1,SINGLE,DOUBLE,0.13275462,0.27558443,0.00081827265,0.2733344,0.0053958804,0.06584709,0.0013499497,0.24491534
7,4,OUT,BB,0.12786098,0.10099216,0.02560438,0.015516617,0.5380779,0.13879648,0.0034006187,0.04975088
5,0,SO,SINGLE,0.2320225,0.08209774,0.18245767,0.017773489,0.052095283,0.20573977,0.008619873,0.21919371
7,0,OUT,SINGLE,0.29682824,0.03389809,0.0078264065,0.17154458,0.08294923,0.25901267,0.0118957255,0.1360451
0,5,SINGLE,SO,0.22737151,0.021394625,0.014407106,0.092167914,0.19332816,0.31931815,0.014358193,0.117654316
4,3,BB,HR,0.048197266,0.019065538,0.0002900458,0.6608376,0.034003824,0.17402044,0.009976655,0.05360873
0,1,SINGLE,DOUBLE,0.22728789,0.23527722,0.0013494068,0.20287798,0.08290781,0.105159484,0.0016939401,0.14344627
7,4,OUT,BB,0.1469219,0.023398852,0.0029037064,0.045683064,0.36272871,0.068729006,0.03376784,0.31586695
7,0,OUT,SINGLE,0.3623505,0.015744979,0.012676065,0.009187987,0.060469,0.24005851,0.0022043558,0.29730862
4,7,BB,OUT,0.23711078,0.07693556,0.009281677,0.0033840525,0.008869817,0.038061228,0.0013379126,0.62501895
0,5,SINGLE,SO,0.15480098,0.0047837184,0.00023160421,0.032654695,0.0487213,0.46850148,0.0077038426,0.28260237
7,7,OUT,OUT,0.07511735,0.061041147,0.0001511427,0.0016583956,0.015205571,0.09226963,0.0019635104,0.7525933
7,7,OUT,OUT,0.08959211,0.0028868408,1.4724066e-05,0.014270913,0.07682099,0.015475315,0.00022023769,0.8007189
0,0,SINGLE,SINGLE,0.2788746,0.082608946,0.007880734,0.032826267,0.20088452,0.26389226,0.004845807,0.12818687
0,5,SINGLE,SO,0.1734417,0.088778466,0.0018759515,0.13784511,0.16245884,0.24121487,0.0033232013,0.19106185
5,7,SO,OUT,0.2899978,0.08189768,0.061408736,0.0056630527,0.076129794,0.042407572,0.077525824,0.3649695
4,5,BB,SO,0.039194968,0.12955798,0.0020343042,0.0003396562,0.20837568,0.54743916,0.0029251545,0.070133045
0,5,SINGLE,SO,0.08797634,0.053447347,0.07158297,0.13018128,0.20212446,0.2475837,0.021020865,0.18608306
5,5,SO,SO,0.14843781,0.09840867,0.0016824835,0.049383394,0.14973569,0.4539787,0.0060380753,0.09233524
1,7,DOUBLE,OUT,0.037105307,0.24607696,0.00046211516,0.046365492,0.02334082,0.034556877,0.0045934813,0.60749894
0,3,SINGLE,HR,0.032389004,0.0017585203,0.07777328,0.70916915,0.023010788,0.08512631,0.0050154855,0.06575739
0,7,SINGLE,OUT,0.18051895,0.015150457,0.05992486,0.047727324,0.17406164,0.2024839,0.0059864125,0.31414646
5,7,SO,OUT,0.22888494,0.012622698,0.00062473986,0.0019488289,0.0076906267,0.036057398,0.0070052613,0.7051655
0,7,SINGLE,OUT,0.014004728,0.00014930512,4.2399643e-07,1.212141e-05,0.0002914645,0.06753978,0.00010345674,0.91789865
4,0,BB,SINGLE,0.2891671,0.082715,0.0062013427,0.048977774,0.11017599,0.24354248,0.004446088,0.21477422
7,7,OUT,OUT,0.05837364,0.07515571,0.00056867383,0.053333662,0.033330098,0.013083521,0.000930902,0.7652238
1,0,DOUBLE,SINGLE,0.26245594,0.21119861,0.0003512477,0.04374254,0.10050344,0.2572125,0.00065507315,0.12388071
0,1,SINGLE,DOUBLE,0.07213165,0.4652201,8.751339e-05,0.2060768,0.01780439,0.08720683,0.0019484558,0.1495243
0,7,SINGLE,OUT,0.021077452,0.30419058,0.00029998238,0.14326973,0.048299793,0.05175697,0.0016011316,0.42950442
4,3,BB,HR,0.03185503,0.047119625,0.0016241634,0.76909125,0.012803861,0.04589106,0.00021583172,0.09139913
7,0,OUT,SINGLE,0.39667326,0.07786446,0.015652053,0.122338355,0.13499369,0.1832942,0.00053324515,0.06865082
5,7,SO,OUT,0.17295676,0.08972143,0.00059908465,0.0006309162,0.123250954,0.25162104,0.014352756,0.346867
0,0,SINGLE,SINGLE,0.5053854,0.056670852,0.0017618716,0.14468071,0.014268807,0.028927883,0.108924426,0.13938005
0,7,SINGLE,OUT,0.3424341,0.07838924,0.011114128,0.002835035,0.09680794,0.055808466,0.0056773103,0.40693378
4,5,BB,SO,0.15956864,0.025885006,0.00047096502,0.11328409,0.055253915,0.43980378,0.0018971947,0.20383644
0,3,SINGLE,HR,0.03039847,0.060994506,0.00028042332,0.41006798,0.21225825,0.12734456,0.0022794048,0.15637648
1,7,DOUBLE,OUT,0.23267293,0.03640736,0.005866737,0.0089876875,0.01483098,0.21262173,0.0024463243,0.48616624
7,5,OUT,SO,0.20513901,0.11740536,0.0058640125,0.019519819,0.020049768,0.37429938,0.0036063949,0.25411627
5,5,SO,SO,0.005271314,0.00012671143,2.691873e-06,7.9866295e-05,0.0013920836,0.8336634,2.5897087e-05,0.15943797
7,7,OUT,OUT,0.07702849,0.011203668,0.0002695012,0.014956587,0.008119691,0.20473175,0.00027257504,0.68341774
0,7,SINGLE,OUT,0.22911026,0.16351184,0.002167446,0.07396179,0.021441158,0.17236927,0.013170011,0.3242682
0,7,SINGLE,OUT,0.055868134,0.30898145,0.003000152,0.0049540387,0.14357254,0.11456268,0.002794975,0.36626607
7,7,OUT,OUT,0.009049026,0.38810718,0.00023672808,0.0016184117,0.006245442,0.019058093,0.000112805,0.57557225
7,7,OUT,OUT,0.38717952,0.0066100536,0.00033985815,0.0074284915,0.10645623,0.08165413,0.00042481496,0.40990692
7,4,OUT,BB,0.047717564,0.14058362,8.739234e-06,0.0005564919,0.43999723,0.14438707,0.00035142835,0.22639786
4,1,BB,DOUBLE,0.09845379,0.690727,7.5777636e-05,0.00064376934,0.031626035,0.0073702484,8.447006e-05,0.17101885
7,1,OUT,DOUBLE,0.27704453,0.31371427,5.2507243e-05,0.0031883237,0.0069501936,0.14374702,0.00021989027,0.25508323
0,0,SINGLE,SINGLE,0.4172598,0.008457576,0.00023750485,0.09218536,0.04953854,0.09540882,0.00058715977,0.3363252
0,0,SINGLE,SINGLE,0.3200844,0.02718007,0.0023878405,0.16264097,0.0424495,0.18129219,0.037759874,0.2262051
7,0,OUT,SINGLE,0.3126145,0.039845254,0.0010787164,0.059205815,0.17810759,0.1846638,0.0011216255,0.22336267
0,0,SINGLE,SINGLE,0.34717488,0.19553028,0.0042649233,0.035064537,0.09589242,0.07378439,0.009012077,0.23927657
2,1,TRIPLE,DOUBLE,0.1432617,0.50664383,0.0038209432,0.0075732386,0.059842214,0.04992314,0.04602676,0.18290815
7,5,OUT,SO,0.07654298,0.28750318,0.0006807624,0.011439441,0.11546241,0.43491164,0.0054076146,0.06805201
5,7,SO,OUT,0.09818626,0.10210049,0.0034896652,0.0037088778,0.046911117,0.292347,0.00019547984,0.45306122
7,7,OUT,OUT,0.080605015,0.07529294,0.00035866228,0.11677562,0.057597127,0.0249777,0.0009296442,0.6434633
7,5,OUT,SO,0.08694416,0.09538477,0.0024228406,0.0012940634,0.04048886,0.44566345,0.02162694,0.30617493
7,7,OUT,OUT,0.067517,0.09325084,0.00079707446,0.00035775668,0.039475136,0.028283501,0.00037533755,0.76994336
7,7,OUT,OUT,0.19188546,0.058566526,0.0010575755,0.0054524373,0.1819733,0.09284929,0.018916437,0.44929898
5,4,SO,BB,0.20638275,0.036337145,0.00075094175,0.058218416,0.43157706,0.049834963,0.0013593864,0.21553928
5,4,SO,BB,0.041055042,0.029891275,0.00061200873,0.0061182408,0.7414133,0.026409294,0.004563889,0.14993694
3,0,HR,SINGLE,0.36258215,0.023662398,0.0003468119,0.28371748,0.06567072,0.07129626,0.020736873,0.1719872
0,0,SINGLE,SINGLE,0.38997018,0.021865666,0.0005083262,0.01284239,0.18345082,0.17634508,0.000546479,0.21447098
2,5,TRIPLE,SO,0.057922695,0.17229225,0.0019498117,0.060151517,0.04091103,0.47502112,0.017616207,0.17413543
7,5,OUT,SO,0.1830384,0.007855011,0.0029681912,0.16815889,0.121182546,0.3952114,0.0016240135,0.119961545
4,3,BB,HR,0.01347859,0.16910198,0.0016075268,0.48158982,0.052029025,0.21927176,0.0028357545,0.06008561
7,0,OUT,SINGLE,0.34972396,0.051519796,0.0038795953,0.028069645,0.17572191,0.21782398,0.009166673,0.16409434
4,6,BB,HBP,0.029432416,0.014989381,0.0734116,0.2258586,0.01357383,0.0794161,0.44926974,0.1140484
0,0,SINGLE,SINGLE,0.5375988,0.010506768,0.0003948701,0.0003966903,0.13500366,0.24634777,0.0003206991,0.0694308
7,3,OUT,HR,0.020649737,0.2545962,0.00073601905,0.50883853,0.012261535,0.07517235,0.003166856,0.12457878
4,7,BB,OUT,0.2759871,0.14611885,0.0014146416,0.029336248,0.03785385,0.15430151,0.016170055,0.33881778
7,7,OUT,OUT,0.06642716,0.049372755,0.0010840483,0.012626722,0.04728406,0.090466194,0.0015884592,0.7311506
7,7,OUT,OUT,0.21239404,0.13116324,0.0009945025,0.002095912,0.16052371,0.16143835,0.0036165104,0.32777375
0,5,SINGLE,SO,0.082785964,0.15249026,0.0011127109,0.01709235,0.044910476,0.45898107,0.008336702,0.23429045
7,7,OUT,OUT,0.13081186,0.17994805,0.0005244828,0.024143139,0.23653252,0.1341209,0.0032594698,0.29065958
7,0,OUT,SINGLE,0.31463963,0.1604448,0.0008388777,0.15358733,0.021171719,0.085241914,0.005027634,0.2590481
7,5,OUT,SO,0.06925549,0.108613394,0.0037299676,0.08369722,0.22643991,0.2386319,0.033363752,0.23626834
0,0,SINGLE,SINGLE,0.470996,0.07669275,0.0007072972,0.16076939,0.012852556,0.13613869,0.01265886,0.12918438
4,3,BB,HR,0.053961057,0.09807287,0.005091271,0.582599,0.13612129,0.043255046,0.0057596606,0.07513982
7,5,OUT,SO,0.29205874,0.01243944,0.0014183415,0.009761728,0.0017413144,0.35628617,0.00073836907,0.32555586
5,7,SO,OUT,0.189272,0.0041677165,0.00042041353,0.000115461,0.0003443239,0.08457326,0.0004997769,0.72060704
7,5,OUT,SO,0.0965237,0.11147542,0.0007943698,0.034437742,0.029656481,0.38067293,0.10107551,0.24536383
7,0,OUT,SINGLE,0.48186487,0.0059849666,0.00038517342,0.0022994163,0.044236362,0.24434698,0.003849006,0.2170333
0,0,SINGLE,SINGLE,0.47419286,0.03276386,0.002243365,0.00082015025,0.022480413,0.22371382,0.0010364102,0.24274911
7,5,OUT,SO,0.03844458,0.13025129,0.007541401,0.0006843436,0.035306696,0.44196162,7.002488e-05,0.34574005
7,0,OUT,SINGLE,0.67816436,0.032333784,0.0068590315,0.003960252,0.040577248,0.0894856,0.021982003,0.1266378
2,5,TRIPLE,SO,0.0402199,0.0039370125,0.0064358586,0.0013001851,0.013998019,0.6496365,0.012693581,0.271779
7,0,OUT,SINGLE,0.40036455,0.03258452,0.00019809266,0.033228334,0.117862,0.19988729,0.03241239,0.18346277
0,7,SINGLE,OUT,0.1876522,0.0478177,0.013972774,0.0063512847,0.09021658,0.08967309,0.00076579116,0.5635506
5,5,SO,SO,0.1764667,0.0005338547,0.00019901794,0.00070416654,0.05574848,0.4862562,0.0047582677,0.27533326
7,0,OUT,SINGLE,0.40695593,0.005285964,0.009183934,0.0015419121,0.10134064,0.33750743,0.01237473,0.12580933
7,7,OUT,OUT,0.06591263,0.1430067,0.019819513,0.0011179767,0.05996381,0.1590783,0.018614555,0.53248656
7,0,OUT,SINGLE,0.37851444,0.052735925,0.0049266843,0.01351435,0.04060586,0.24705815,0.12811041,0.13453417
7,7,OUT,OUT,0.20394368,0.11182024,0.0011265939,0.031673133,0.058466006,0.2787805,0.016086431,0.29810348
7,5,OUT,SO,0.02958222,0.0026611178,0.00051867584,0.009779452,0.025062459,0.5239797,0.05047583,0.3579406
0,5,SINGLE,SO,0.059349097,0.051057898,0.008674467,0.00046513774,0.063032575,0.721262,0.0064351647,0.0897236
7,5,OUT,SO,0.0583857,0.037439864,0.0105967345,0.009160964,0.09837461,0.39450747,0.013318053,0.37821662
1,5,DOUBLE,SO,0.01504223,0.17227176,0.000471589,0.000773625,0.085227385,0.5683423,0.07502689,0.08284418
7,5,OUT,SO,0.043008998,0.10761894,0.00047248686,0.17359163,0.12249807,0.4083015,0.08203084,0.06247761
7,5,OUT,SO,0.070561714,0.0117145935,0.0014230434,0.0025734636,0.011050416,0.5569236,0.0050690556,0.3406841
5,7,SO,OUT,0.010483358,0.001006517,1.9432639e-07,0.0021993497,0.00027104796,0.36623144,0.0003057924,0.6195023
7,7,OUT,OUT,0.1532503,0.051359463,0.0054667485,0.08398387,0.020620394,0.31179863,0.0018294634,0.3716912
5,4,SO,BB,0.04808989,0.008323619,1.9979398e-05,0.008423048,0.69315124,0.1236775,0.0007599708,0.117554694
7,7,OUT,OUT,0.2741009,0.15598676,0.0012336117,0.042582564,0.033098057,0.0902507,0.0015800812,0.40116733
0,1,SINGLE,DOUBLE,0.17526495,0.35673225,0.02473441,0.15245827,0.032473084,0.17861226,0.0034741946,0.07625055
7,5,OUT,SO,0.14356527,0.000998165,0.009635433,0.00064548966,0.03575729,0.7412436,0.004852118,0.06330266
7,7,OUT,OUT,0.211544,0.08746754,0.002460232,0.0009624517,0.012214555,0.066021755,0.0056205094,0.613709
7,3,OUT,HR,0.044370983,0.051148593,0.00010322654,0.76184493,0.03002346,0.08952799,0.0004317691,0.022549072
5,0,SO,SINGLE,0.48960117,0.008222034,0.00043265347,0.0029807233,0.04147791,0.29551774,0.031621497,0.13014622
7,0,OUT,SINGLE,0.4133521,0.1110345,0.006462715,0.00059817126,0.08783959,0.20104538,0.0013962878,0.17827135
7,7,OUT,OUT,0.19154277,0.057937875,0.00031711246,0.006403934,0.21837716,0.2502735,0.014491834,0.26065588
7,0,OUT,SINGLE,0.3358267,0.030615468,0.0005190011,0.0028555528,0.28162643,0.0705579,0.0065051815,0.27149385
7,1,OUT,DOUBLE,0.11193337,0.76811117,0.00079652,0.005296245,0.006971789,0.041229296,0.001433736,0.064227805
7,5,OUT,SO,0.25355455,0.04499828,0.002674976,0.032175343,0.07842856,0.51189226,0.007664512,0.068611525
5,4,SO,BB,0.09459057,0.03590675,0.0003930289,0.009180325,0.6890959,0.031158349,0.00028628495,0.13938871
5,7,SO,OUT,0.07185289,0.00429917,6.14287e-06,0.0746623,0.039267983,0.16141166,0.00033428002,0.6481656
7,4,OUT,BB,0.06863898,0.13554245,0.00016703928,0.004326109,0.2982979,0.29069367,0.0009816999,0.20135215
7,0,OUT,SINGLE,0.32282802,0.007302159,0.00029928505,0.0013121883,0.16752847,0.1854634,0.00045460725,0.31481186
7,4,OUT,BB,0.04233998,0.010170858,0.00062637543,0.00015416527,0.7366253,0.071726926,0.00031045912,0.13804607
7,7,OUT,OUT,0.35507798,0.0049682087,0.0002886894,0.0061858105,0.02166879,0.026978964,0.0017832259,0.5830483
7,0,OUT,SINGLE,0.63622445,0.0014347064,0.0003314285,0.0011511156,0.004714043,0.06405204,0.0011481899,0.29094398
0,7,SINGLE,OUT,0.13311708,0.05687526,0.003927708,0.0030809243,0.06522823,0.23231405,0.008299692,0.49715704
5,5,SO,SO,0.18021926,0.0070150346,0.00020981247,0.000527383,0.012184353,0.49801722,2.6669638e-06,0.3018243
0,4,SINGLE,BB,0.08969502,0.003326361,0.00252478,0.08726913,0.55460876,0.084790975,0.013759746,0.16402514
0,7,SINGLE,OUT,0.0018742597,1.1222805e-05,1.9451863e-06,0.0021641874,0.0011045331,0.049429048,0.0005160123,0.9448988
7,7,OUT,OUT,0.23803473,0.011569461,0.0003967679,0.017599702,0.28653485,0.06999626,0.00050114613,0.3753671
0,0,SINGLE,SINGLE,0.27947488,0.030527016,0.0023373903,0.001668593,0.22302334,0.21345402,0.010440763,0.23907398
5,7,SO,OUT,0.14274698,0.026908455,0.005591759,0.0063335802,0.15119584,0.27799818,0.011942659,0.37728253
7,0,OUT,SINGLE,0.40283537,0.0062169065,0.0033426045,0.008943466,0.112255655,0.24673386,0.0010425198,0.21862963
5,5,SO,SO,0.0024519677,0.20419545,5.4190963e-09,0.012502043,0.08552575,0.61612785,0.028262578,0.05093444
5,0,SO,SINGLE,0.45852306,0.0073133335,0.00024310382,0.042067558,0.2052322,0.04829707,0.0011316547,0.23719202
4,7,BB,OUT,0.30772433,0.016455516,0.0003440559,0.11015474,0.08461357,0.16577697,0.0015556334,0.31337526
7,4,OUT,BB,0.21987964,0.13406673,0.00066414016,0.066588886,0.30688715,0.112251565,0.003939887,0.15572205
0,0,SINGLE,SINGLE,0.40743095,0.23896308,0.009820078,0.0129744075,0.034039192,0.18051988,0.014584827,0.10166757
5,0,SO,SINGLE,0.66514933,0.05209256,0.001714835,0.001206449,0.026629986,0.059239518,0.0013673349,0.1926001
7,7,OUT,OUT,0.30689165,0.07866926,0.006578932,0.01757643,0.01087701,0.17945717,0.034912866,0.3650366
5,7,SO,OUT,0.29221702,0.027364291,0.00042785547,0.009137895,0.17020176,0.06891193,0.0027657547,0.42897353
7,4,OUT,BB,0.078187145,0.008752292,0.0015101088,0.0034662466,0.38362917,0.24236834,0.00035363605,0.28173307
7,7,OUT,OUT,0.123233184,0.051043168,0.029506233,0.016204275,0.124791704,0.296968,0.011789369,0.3464641
0,0,SINGLE,SINGLE,0.38027108,0.07869832,0.0035777097,0.00085996726,0.15194568,0.07306108,0.003944017,0.3076422
7,7,OUT,OUT,0.11317033,0.0068909014,0.00043801335,0.025290474,0.03906369,0.12968753,0.046308786,0.63915026
7,0,OUT,SINGLE,0.40488687,0.045695376,0.00088658644,0.0013314228,0.10518069,0.06853828,0.0018659327,0.3716148
0,7,SINGLE,OUT,0.13300067,0.008902598,9.193908e-05,0.1323023,0.06570202,0.15835012,0.00580439,0.49584603
7,7,OUT,OUT,0.12672009,0.0756749,0.0003676484,0.106958285,0.22197883,0.22507396,0.0038245688,0.23940173
5,7,SO,OUT,0.0766235,0.05296029,0.00063535466,0.017428046,0.017710155,0.15868667,0.0027120798,0.67324394
7,0,OUT,SINGLE,0.20836394,0.14881398,0.0010662515,0.20093109,0.07737336,0.15615442,0.023139467,0.18415742
7,7,OUT,OUT,0.18178186,0.1883892,0.006030396,0.09181911,0.23254058,0.05309824,0.0054858928,0.24085468
0,0,SINGLE,SINGLE,0.5365506,0.11949436,0.0022420187,0.032888617,0.13291252,0.061982054,0.02904096,0.08488894
0,4,SINGLE,BB,0.055853296,0.17643051,0.010281596,0.023310835,0.4330705,0.050316457,0.024814788,0.22592203
5,7,SO,OUT,0.064758725,0.012582458,0.0001688773,0.0034765454,0.13888568,0.05166798,0.00033526318,0.72812444
7,7,OUT,OUT,0.12771949,0.27172196,0.02694356,0.0031074085,0.05467618,0.058548905,0.06229991,0.39498264
0,7,SINGLE,OUT,0.2020146,0.24306211,0.00017367059,0.0054585277,0.12690352,0.036920097,0.124349006,0.2611184
5,3,SO,HR,0.013433922,0.00138087,2.2186103e-05,0.6233479,0.00041380673,0.008862906,0.0074850977,0.3450533
7,5,OUT,SO,0.08077199,0.008006309,0.0016360978,0.020204898,0.04354495,0.796174,0.0035676393,0.046094045
7,7,OUT,OUT,0.2648713,0.014331598,0.00049107167,0.0022231492,0.1473483,0.21700807,0.018595498,0.33513102
0,0,SINGLE,SINGLE,0.36984184,0.008518815,0.0025888453,0.020129988,0.15994745,0.07033858,0.0019247124,0.36670974
4,7,BB,OUT,0.08118105,0.00532859,0.009397841,0.0076684617,0.41485116,0.018332474,0.0019855397,0.46125486
5,7,SO,OUT,0.095913835,0.00590429,0.031322777,0.00037981485,0.04268433,0.042357776,0.00019783147,0.7812394
0,7,SINGLE,OUT,0.1954427,0.010917739,0.0046442845,0.005013679,0.07037497,0.26738763,0.008391631,0.43782735
5,5,SO,SO,0.03611159,0.027309094,0.0107531175,0.0072441543,0.15801917,0.6025177,0.0007773058,0.15726784
0,5,SINGLE,SO,0.055304434,0.12481164,0.000447949,0.0033151817,0.030804437,0.6433335,0.00080959906,0.14117327
5,7,SO,OUT,0.11099724,0.043429762,0.0015867581,0.12074435,0.047396313,0.24067537,0.033818576,0.4013516
5,5,SO,SO,0.062346905,0.020407286,0.023336196,0.039452266,0.077123754,0.67584985,0.008385361,0.0930983
3,7,HR,OUT,0.11822431,0.03844048,0.0012372638,0.23981544,0.073596485,0.15279402,0.0021622728,0.37372968
5,4,SO,BB,0.21293738,0.093893625,0.00040178944,0.03810301,0.28131494,0.22741501,0.01990204,0.12603216
7,4,OUT,BB,0.09397591,0.043618754,0.000258501,0.20115888,0.31746525,0.24784109,0.016786104,0.0788955
5,5,SO,SO,0.3273796,0.0123227,0.001366341,0.004518096,0.10865288,0.434642,0.07249019,0.03862806
7,5,OUT,SO,0.0999604,0.16467522,0.0014487046,0.020227429,0.2610199,0.2706653,0.0022582514,0.17974482
0,7,SINGLE,OUT,0.11113568,0.03495117,0.049093235,0.044887606,0.031681273,0.27610222,0.0013084676,0.4508403
5,4,SO,BB,0.10452548,0.022554861,0.005624872,0.07311056,0.36877012,0.3446435,0.025369322,0.05540123
5,0,SO,SINGLE,0.35593507,0.05263784,0.019653743,0.035922427,0.12083153,0.25977528,0.006939952,0.14830415
5,5,SO,SO,0.05347485,0.005714303,0.0022562696,0.007999416,0.21098152,0.2663052,0.23769775,0.21557061
7,5,OUT,SO,0.09875233,0.006036024,0.0002500057,0.016254898,0.01336259,0.5254073,0.03779587,0.3021409
4,4,BB,BB,0.042181674,0.09415789,0.0085205985,0.00292686,0.4724123,0.1742231,0.0068626655,0.19871494
5,1,SO,DOUBLE,0.04732618,0.6988501,9.912468e-05,0.019159516,0.05569093,0.099125735,0.008971534,0.07077696
7,4,OUT,BB,0.12207178,0.0023673745,9.2433904e-05,0.036498263,0.50190455,0.025017172,0.051547337,0.26050103
7,7,OUT,OUT,0.01144156,0.028221386,0.00042109893,0.02307224,0.008583572,0.0070383674,0.00874696,0.9124748
5,3,SO,HR,0.06061946,0.0011060842,0.0003770817,0.4119321,0.09840209,0.130672,0.07577429,0.2211169
5,3,SO,HR,0.06878324,0.012826956,0.020171838,0.49254537,0.08014007,0.20349984,0.08566082,0.03637195
7,7,OUT,OUT,0.26810524,0.014432931,0.0017695524,0.0036545221,0.032270025,0.27203345,0.008940824,0.39879343
1,3,DOUBLE,HR,0.0773278,0.009853238,0.0023893542,0.41289732,0.25705898,0.07386879,0.0063728867,0.16023163
7,4,OUT,BB,0.3171774,0.15474896,0.0189514,0.020103117,0.3967271,0.042242255,0.0047262176,0.045323513
0,7,SINGLE,OUT,0.28052625,0.04260744,0.0005141784,0.034068014,0.22326928,0.11867478,0.002575766,0.29776436
0,0,SINGLE,SINGLE,0.74594694,0.0019273794,0.002258228,0.0007896006,0.10149271,0.035179745,0.0012984178,0.111106925
1,7,DOUBLE,OUT,0.3567647,0.050513387,0.006727203,0.011868433,0.03616474,0.11206514,0.0018240382,0.42407247
7,7,OUT,OUT,0.039091323,0.003194208,0.22539033,0.0071174335,0.06492981,0.015703289,0.02159483,0.6229788
5,4,SO,BB,0.06460143,0.013024451,0.0044267657,0.23741554,0.4314807,0.017431745,0.0017765806,0.22984283
7,7,OUT,OUT,0.15765403,0.10101434,0.07654551,0.02908291,0.0774496,0.18683715,0.053892504,0.31752396
0,4,SINGLE,BB,0.23396257,0.022088718,0.0027983347,0.0058537116,0.35032102,0.14564258,0.011951635,0.2273815
7,5,OUT,SO,0.17379302,0.013574815,0.00612891,0.00085159956,0.08053551,0.36847058,0.0026026051,0.35404292
1,5,DOUBLE,SO,0.15500633,0.04005755,0.00027217262,0.0027029638,0.1929561,0.49372774,0.006658428,0.108618826
0,5,SINGLE,SO,0.06112111,0.01683377,0.0005287808,0.2646346,0.04645381,0.5638344,0.0009874423,0.04560603
7,5,OUT,SO,0.24935943,0.034070224,0.0005352884,0.16677405,0.026827073,0.377537,0.0012644066,0.14363256
5,5,SO,SO,0.15767033,0.013445487,0.00012416266,9.1073634e-05,0.14732784,0.5196307,0.00057740096,0.16113304
0,0,SINGLE,SINGLE,0.48299122,0.14658256,0.0020038919,0.0038007756,0.024299141,0.05774083,0.00033432647,0.2822472
0,0,SINGLE,SINGLE,0.40257668,0.25258425,0.00045274975,0.0037549348,0.02212893,0.048059866,0.0027550163,0.26768753
0,0,SINGLE,SINGLE,0.97392523,0.0018770106,7.558565e-05,0.0008119852,0.008974619,0.0036302435,0.00033372414,0.010371672
5,0,SO,SINGLE,0.44008547,0.0756061,0.0033576947,0.0022086045,0.011425836,0.12738793,0.004555538,0.3353728
5,5,SO,SO,0.15215084,0.01965822,0.0013549437,0.008006414,0.06616714,0.5079608,0.0014164199,0.2432852
7,5,OUT,SO,0.05995673,0.027626239,0.00205628,0.0507044,0.042031042,0.5172881,0.0068880175,0.2934492
0,1,SINGLE,DOUBLE,0.052007284,0.5969401,0.0014106587,0.0027747944,0.015508303,0.075999446,0.0009137643,0.25444558
7,7,OUT,OUT,0.17366295,0.057247803,0.005868662,0.013790384,0.215545,0.13773356,0.0012448604,0.39490676
7,2,OUT,TRIPLE,0.102675475,0.041879818,0.48654744,0.0064011654,0.046651557,0.0061004283,0.11424661,0.19549754
7,6,OUT,HBP,0.04513304,0.08672344,0.0006098837,0.008104659,0.09065818,0.05529805,0.52413267,0.18934001
7,0,OUT,SINGLE,0.44213426,0.03830444,0.008722071,0.00706416,0.022130776,0.10045303,0.024199335,0.35699195
0,7,SINGLE,OUT,0.09095576,0.11907192,0.0006175194,0.12852116,0.016780062,0.2916019,0.01812597,0.3343257
0,4,SINGLE,BB,0.16574639,0.0068511986,0.014959422,0.0013627419,0.27537715,0.2005256,0.0912145,0.24396308
7,7,OUT,OUT,0.14885011,0.02286082,0.00095695164,0.00284705,0.14986637,0.039330345,0.0028090067,0.63247937
7,7,OUT,OUT,0.2719063,0.032216657,0.0012716695,0.004232528,0.11030979,0.06417584,0.0024389767,0.5134483
7,0,OUT,SINGLE,0.4019521,0.03205149,0.0006792295,0.00799705,0.10652592,0.018905153,0.040774368,0.39111468
7,7,OUT,OUT,0.16003273,0.015737997,0.05646008,0.059545,0.12705673,0.21094589,0.001482645,0.3687389
5,7,SO,OUT,0.13893482,0.0024208906,0.004529978,0.0028210862,0.2796942,0.0784188,0.0014202564,0.49175993
4,0,BB,SINGLE,0.36514285,0.030009892,0.011044881,0.149445,0.10455106,0.17867129,0.015573666,0.1455613
5,7,SO,OUT,0.1137672,0.028538952,0.001410249,0.12511487,0.20755048,0.10952085,0.023305979,0.39079148
4,7,BB,OUT,0.1466412,0.03917431,0.0030006326,0.009242158,0.11652027,0.04447989,0.012307233,0.6286343
7,0,OUT,SINGLE,0.33818084,0.16350886,0.0014971433,0.062467065,0.052000124,0.022870276,0.14733618,0.21213952
7,7,OUT,OUT,0.13270737,0.1846831,0.013804489,0.00063283683,0.09492925,0.2012561,0.002055234,0.36993155
1,5,DOUBLE,SO,0.024196403,0.028378379,0.00058625056,0.03961381,0.030234689,0.45195284,0.21340415,0.21163346
7,0,OUT,SINGLE,0.43334857,0.061468672,0.02026415,0.21600434,0.010500971,0.0713302,0.021306887,0.16577625
7,4,OUT,BB,0.21870936,0.011760913,0.057070058,0.04724771,0.48592186,0.097304836,0.0071370183,0.07484822
7,7,OUT,OUT,0.1244459,0.014863655,0.0035374067,0.050069902,0.0725555,0.10141873,0.004901678,0.6282072
7,7,OUT,OUT,0.21075965,0.27309933,0.0032300244,0.037754286,0.07022048,0.03996829,0.0406296,0.3243384
7,3,OUT,HR,0.057721563,0.006516871,0.0030017083,0.43025875,0.14912413,0.015643064,0.25493973,0.08279423
4,7,BB,OUT,0.28599262,0.017819598,0.00025376558,0.0005301491,0.032035,0.03128803,0.009727389,0.62235343
7,7,OUT,OUT,0.17457551,0.034608357,0.014591034,0.1903051,0.099761546,0.12799926,0.025768925,0.33239037
5,4,SO,BB,0.27033707,0.0063110795,0.004374097,0.09900115,0.3272842,0.06590982,0.0015908612,0.2251917
5,1,SO,DOUBLE,0.22497064,0.41961214,0.0014048115,0.004394225,0.04716238,0.1315488,0.00094121724,0.16996582
7,7,OUT,OUT,0.40809944,0.022403238,0.0008711463,0.006455259,0.06415104,0.07977307,0.0003348157,0.41791204
5,7,SO,OUT,0.22166613,0.041385967,0.0066038673,0.013665788,0.2989741,0.04677582,0.0025187074,0.3684097
5,7,SO,OUT,0.12714441,0.05327937,0.0069580027,0.0334388,0.049619317,0.21237533,0.008107946,0.50907683
0,3,SINGLE,HR,0.22709411,0.08953803,0.0016814494,0.36942074,0.11224263,0.053409845,0.010169631,0.13644361
0,0,SINGLE,SINGLE,0.35404634,0.07390101,0.0029500006,0.0012477986,0.09760838,0.27455944,0.032809295,0.1628777
7,7,OUT,OUT,0.021845786,0.01903609,0.00079189404,0.1218524,0.12558791,0.24775635,0.12292441,0.3402052
7,7,OUT,OUT,0.14032121,0.1200289,0.014657569,0.21429084,0.019499158,0.13291354,0.017010603,0.3412781
0,5,SINGLE,SO,0.12794283,0.023789784,0.011639948,0.0064083138,0.2906151,0.35819826,0.012546229,0.16885953
7,0,OUT,SINGLE,0.45225346,0.13126016,0.010573759,0.09779978,0.04173525,0.12752466,0.0011289576,0.137724
7,7,OUT,OUT,0.18794577,0.018304255,0.060414586,0.04869968,0.04501132,0.24636911,0.08582067,0.3074346
7,1,OUT,DOUBLE,0.093447454,0.43359894,0.023159627,0.011687732,0.019765869,0.067384236,0.20426379,0.14669238
7,6,OUT,HBP,0.1912714,0.06567219,0.00022805107,0.0719823,0.15557867,0.041816026,0.34224144,0.13120988
7,4,OUT,BB,0.06989882,0.03150433,0.0006137594,0.005900632,0.54311395,0.055402834,0.07005134,0.22351433
0,0,SINGLE,SINGLE,0.5451942,0.0344195,0.0020243954,0.008251967,0.1941528,0.039745785,0.009643396,0.16656798
5,7,SO,OUT,0.03488563,0.055340823,0.0415388,0.0045192395,0.022077901,0.3425023,0.0022949893,0.49684036
5,7,SO,OUT,0.17392929,0.15906002,0.027196541,0.1542086,0.1328743,0.04809259,0.009806739,0.2948319
1,1,DOUBLE,DOUBLE,0.042036302,0.43597332,0.011213596,0.064845085,0.065503396,0.21669142,0.0023369966,0.16139989
5,6,SO,HBP,0.044848002,0.03970264,0.0008193104,0.009147529,0.0073442543,0.015364602,0.7897509,0.09302276
7,5,OUT,SO,0.15351367,0.048248608,0.0010367732,0.012298735,0.07734704,0.6068428,0.0086224,0.09209
0,4,SINGLE,BB,0.09389496,0.03606468,0.013939559,0.0023313384,0.3958055,0.2197542,0.12481478,0.11339495
1,7,DOUBLE,OUT,0.18414325,0.05629127,0.001198511,0.03556248,0.08413588,0.14592399,0.003576547,0.48916805
7,0,OUT,SINGLE,0.43067795,0.082445644,0.0007655828,0.015575592,0.11758269,0.1335988,0.009908559,0.20944522
7,4,OUT,BB,0.14514372,0.19620739,0.0025257384,0.016012238,0.24379484,0.01669448,0.186178,0.19344364
5,1,SO,DOUBLE,0.035319313,0.6920365,0.0025604717,0.031943217,0.07013296,0.09186325,0.009348803,0.06679535
5,7,SO,OUT,0.14875479,0.03580605,0.0021807519,0.026862271,0.06438601,0.14216512,0.022021253,0.55782384
7,1,OUT,DOUBLE,0.25123915,0.37059128,0.0035188745,0.04347257,0.13179377,0.03166622,0.012901108,0.15481699
5,5,SO,SO,0.01812098,0.024382165,0.00016360327,0.02926907,0.0085267145,0.6410806,0.00020404648,0.27825278
7,5,OUT,SO,0.119347304,0.038598448,0.0101519255,0.18190321,0.13251758,0.25259084,0.029295838,0.23559488
7,7,OUT,OUT,0.045104913,0.027816324,0.0055500777,0.09358214,0.088613406,0.056910604,0.12977353,0.55264896
7,5,OUT,SO,0.08087444,0.08701649,0.01161831,0.01543413,0.050255608,0.35087648,0.053789,0.35013556
5,0,SO,SINGLE,0.54542255,0.032630667,0.004478092,0.0013055195,0.17508182,0.09075117,0.0012720814,0.14905807
5,5,SO,SO,0.08369031,0.005020704,0.008408971,0.010028225,0.015355421,0.43306878,0.011662737,0.43276492
7,5,OUT,SO,0.23941296,0.057093684,0.0003150767,0.0010840279,0.15042204,0.414633,0.0050076665,0.13203157
5,0,SO,SINGLE,0.32655603,0.020620404,0.0056574205,0.03993123,0.13675782,0.2895872,0.069346115,0.111543804
7,7,OUT,OUT,0.25688642,0.11516711,0.0029757419,0.0053911125,0.063930854,0.11750489,0.05618362,0.38196024
0,5,SINGLE,SO,0.17000003,0.023167776,0.0009872759,0.02002597,0.03125546,0.44791242,0.08056059,0.22609054
7,4,OUT,BB,0.13007292,0.08341153,0.00052887655,0.0503804,0.399376,0.1340573,0.0279436,0.17422926
6,4,HBP,BB,0.070845775,0.3166917,0.0007596893,0.005716829,0.37441537,0.0797295,0.006020608,0.14582047
3,0,HR,SINGLE,0.24643427,0.019683188,0.0008530436,0.029011821,0.22244836,0.12468694,0.12188143,0.23500092
0,7,SINGLE,OUT,0.14960359,0.017319903,0.14867108,0.015590136,0.023665708,0.12992644,0.008932038,0.50629103
7,7,OUT,OUT,0.108102635,0.007944135,0.00033076137,0.00034116683,0.082412995,0.32286486,0.0035153117,0.47448817
7,4,OUT,BB,0.14944214,0.07503877,0.0022474814,0.00040082674,0.4284821,0.034425974,0.0027307891,0.30723202
5,4,SO,BB,0.009056564,0.0014912431,0.00010854576,5.0681254e-05,0.8843581,0.10005043,0.00015238236,0.0047321
5,5,SO,SO,0.12497321,0.024896508,0.001890474,0.0010664344,0.023534013,0.71442366,0.002578861,0.106636904
7,5,OUT,SO,0.030122327,0.0076884357,0.000120147844,0.0006380852,0.30180138,0.6076673,0.00282934,0.049132932
4,0,BB,SINGLE,0.4423773,0.072944194,0.0006873558,0.010149388,0.059406016,0.20370562,0.023441873,0.1872883
4,6,BB,HBP,0.087572984,0.038021997,0.0002240987,0.01250098,0.23276536,0.018160494,0.39327398,0.21748011
7,5,OUT,SO,0.016411237,0.033353586,0.00050191476,0.0002662345,0.0068902434,0.8381733,0.00162479,0.102778755
7,0,OUT,SINGLE,0.53637034,0.027038962,0.0007063716,0.0030947553,0.039457977,0.21208426,8.9970345e-05,0.18115737
5,7,SO,OUT,0.2616399,0.04080409,0.21974875,0.007217264,0.034579434,0.052809022,0.00026324508,0.38293827
4,0,BB,SINGLE,0.36804044,0.02825409,0.0017552292,0.13417055,0.10007363,0.09354287,0.05516888,0.21899432
7,7,OUT,OUT,0.12978964,0.003456977,0.0005604844,0.012361812,0.047325432,0.20612268,0.00068105874,0.59970194
7,7,OUT,OUT,0.16005301,0.24079075,0.0027313903,0.044653833,0.0987134,0.06597715,0.018016014,0.3690644
7,7,OUT,OUT,0.20545869,0.005005159,0.0022439654,0.009178304,0.026930781,0.2451753,0.00479466,0.5012131
7,4,OUT,BB,0.058301084,0.04580485,0.0041634995,0.03796397,0.43492886,0.06266167,0.039359838,0.3168162
7,4,OUT,BB,0.07410597,0.013457564,0.00019881423,0.0045331763,0.45005482,0.022220874,0.005731053,0.42969766
7,6,OUT,HBP,0.035389345,0.10027956,0.0016877742,0.27094018,0.06482359,0.1259263,0.32024664,0.08070669
0,0,SINGLE,SINGLE,0.32876393,0.15410228,0.01049997,0.01436646,0.09932121,0.10092877,0.07791402,0.21410333
7,7,OUT,OUT,0.15099925,0.01601312,0.003064753,0.24687864,0.037585944,0.07851745,0.027533349,0.43940753
0,0,SINGLE,SINGLE,0.41692162,0.048104085,0.0050107636,0.0067920755,0.14067124,0.104922466,0.019998971,0.2575789
5,7,SO,OUT,0.1534689,0.00731635,0.0019046054,0.029930359,0.028483892,0.30876285,0.013974176,0.45615885
7,0,OUT,SINGLE,0.42156744,0.05625354,0.017363837,0.025610736,0.018648908,0.051819913,0.03662755,0.372108
1,0,DOUBLE,SINGLE,0.5655285,0.021410586,0.002924346,0.13643934,0.08926092,0.1476812,0.0010448572,0.035710182
7,3,OUT,HR,0.10129862,0.03320597,0.0026959009,0.30954558,0.14151639,0.16892755,0.04015385,0.20265622
5,5,SO,SO,0.08591534,0.07094017,0.001325222,0.006193882,0.1878469,0.29355165,0.06489979,0.28932714
5,7,SO,OUT,0.10548779,0.35284796,0.006537545,0.00650523,0.048300095,0.08162081,0.016206719,0.38249388
4,4,BB,BB,0.06628594,0.19472316,0.098213404,0.0122866025,0.34540537,0.049855243,0.06683118,0.16639912
1,5,DOUBLE,SO,0.02142573,0.047822658,0.0049379948,0.014132674,0.19206381,0.43986124,0.0010099446,0.27874583
7,5,OUT,SO,0.08658952,0.020446444,0.00050527917,0.13070454,0.22638182,0.3765445,0.0013402108,0.15748765
7,7,OUT,OUT,0.23078129,0.017877169,0.0026437277,0.03742397,0.07970182,0.27372938,0.0071359347,0.35070682
7,7,OUT,OUT,0.1424858,0.12834267,0.0029647802,0.051031385,0.2013459,0.11290439,0.020392846,0.34053218
7,0,OUT,SINGLE,0.30503353,0.015086965,0.026069,0.06258361,0.20618796,0.25996527,0.014406572,0.110667005
7,2,OUT,TRIPLE,0.23285082,0.011586497,0.3110166,0.027953932,0.21771286,0.06843835,0.0075420933,0.12289884
7,5,OUT,SO,0.026444383,0.0012049325,0.0010568243,0.0013604375,0.007341029,0.8051686,0.000167922,0.15725598
7,7,OUT,OUT,0.17361444,0.056372155,0.0058192904,0.0048195967,0.022903189,0.21793763,0.008292555,0.5102412
7,5,OUT,SO,0.20604785,0.07574467,0.005235071,0.08093693,0.013482135,0.3790344,0.0045367917,0.23498213
0,5,SINGLE,SO,0.039845843,0.012632635,0.041063353,0.042411968,0.0024833817,0.73150027,0.0026706778,0.12739189
5,5,SO,SO,0.02559011,0.009904457,0.0003394445,0.00455113,0.099560894,0.78222185,0.006428441,0.07140369
5,4,SO,BB,0.022791108,0.010496292,0.003137422,0.013120516,0.43210173,0.278459,0.00086322275,0.23903067
7,5,OUT,SO,0.26053664,0.00856172,0.00026709292,0.0009736954,0.22639805,0.28419957,0.0023142716,0.21674904
7,7,OUT,OUT,0.059027217,0.039724026,0.07387534,0.0022197086,0.052440736,0.32236248,0.004955415,0.44539505
7,7,OUT,OUT,0.046350114,0.1836734,0.011142175,0.12630254,0.12523416,0.20881346,0.014055169,0.28442895
7,7,OUT,OUT,0.047586374,0.06617188,0.0023717338,0.0037120755,0.2525537,0.12906782,0.02471942,0.4738169
7,0,OUT,SINGLE,0.2525118,0.07987518,0.0005671265,0.10020202,0.20318948,0.166669,0.032143667,0.16484165
7,5,OUT,SO,0.21848315,0.024400366,0.0009785419,0.019358357,0.2594415,0.29172108,0.0006042929,0.1850128
5,4,SO,BB,0.06841474,0.040540032,0.0011613852,0.019741148,0.53294164,0.08910267,0.0015003935,0.24659804
7,5,OUT,SO,0.0640297,0.01528516,0.00063290476,0.035155054,0.094758615,0.6993629,0.0016887747,0.089086905
7,4,OUT,BB,0.048366345,0.09888837,0.0027194505,0.2863294,0.28791782,0.16567716,0.0011441553,0.1089574
7,7,OUT,OUT,0.28642234,0.021370526,0.0066982475,0.049684502,0.008571045,0.28809857,0.006524825,0.33262998
1,0,DOUBLE,SINGLE,0.6141281,0.0019067122,0.0005698018,0.0021056947,0.061752606,0.125231,0.09643745,0.09786855
0,4,SINGLE,BB,0.05441122,0.017125456,0.0069446685,0.004847092,0.6177865,0.03845757,0.019011963,0.24141553
5,4,SO,BB,0.1015927,0.011190142,0.029982893,0.013469118,0.37345642,0.1440386,0.08864483,0.23762523
5,7,SO,OUT,0.10451139,0.06958527,0.077427536,0.084438115,0.17542987,0.16312899,0.025901392,0.2995774
7,1,OUT,DOUBLE,0.094674125,0.45598474,0.00015080099,0.025040057,0.2629379,0.051205855,0.0023391948,0.10766737
7,0,OUT,SINGLE,0.4919288,0.042088497,0.0015073827,0.052458193,0.12348421,0.10383387,0.027882675,0.15681636
7,4,OUT,BB,0.06586847,0.06635081,0.0066402457,0.004066416,0.55664974,0.09999706,0.012003081,0.1884242
1,7,DOUBLE,OUT,0.24087067,0.043833807,0.00041670902,0.022095975,0.13700345,0.16225612,0.1383018,0.25522143
5,6,SO,HBP,0.17577659,0.022042574,0.0007226682,0.004516524,0.06928659,0.101179495,0.5135787,0.11289686
0,0,SINGLE,SINGLE,0.35741177,0.05332769,0.0035315128,0.0042284676,0.058313984,0.10338614,0.23171282,0.18808767
7,7,OUT,OUT,0.034101088,0.020441256,0.0014153506,0.00022379689,0.008727946,0.07356814,0.0073150434,0.8542074
7,5,OUT,SO,0.2217214,0.0434388,0.004741342,0.003039662,0.075825,0.47432035,0.0074420082,0.16947146
7,0,OUT,SINGLE,0.3055763,0.14851707,0.0123714525,0.043600477,0.0777919,0.18043669,0.0065876474,0.22511855
5,7,SO,OUT,0.070414916,0.08127723,0.18154901,0.035160817,0.04046748,0.050635055,0.005309312,0.53518623
7,7,OUT,OUT,0.027845612,0.17193237,0.00058902724,0.012918553,0.11240287,0.12496979,0.006314301,0.54302746
7,7,OUT,OUT,0.22975558,0.0129813785,0.0015575341,0.006499448,0.12506445,0.27595437,0.005604353,0.34258285
7,5,OUT,SO,0.045533076,0.0043364074,6.490371e-05,0.007452892,0.017930252,0.81579494,0.0055297264,0.10335774
4,0,BB,SINGLE,0.6173003,0.011319049,0.003762438,0.06970755,0.06563614,0.14285128,0.0014919061,0.08793136
7,0,OUT,SINGLE,0.27912626,0.04796111,0.010370664,0.22370322,0.08776974,0.10772363,0.0013995465,0.24194597
5,2,SO,TRIPLE,0.10852106,0.008453002,0.68157655,0.009069142,0.070207044,0.059922505,0.01685503,0.04539573
7,5,OUT,SO,0.04733777,0.0057131546,0.003975426,0.06713273,0.29422715,0.4745274,0.00025622483,0.106830105
7,7,OUT,OUT,0.078166164,0.26297468,0.004085705,0.013199898,0.024806662,0.2527184,0.0037056105,0.3603429
7,5,OUT,SO,0.04796662,0.04105147,0.0039289286,0.05872293,0.13403311,0.5189892,0.000701805,0.19460592
5,4,SO,BB,0.23640642,0.002352862,9.979993e-05,0.0025065904,0.3912768,0.30610657,0.013577098,0.04767379
5,4,SO,BB,0.10909452,0.044074148,0.01361252,0.024650546,0.49563086,0.13490067,0.0026927367,0.17534389
7,4,OUT,BB,0.2051058,0.030362926,0.002075044,0.0016736895,0.4364873,0.09554215,0.02450504,0.20424807
5,5,SO,SO,0.0056789396,0.0034286787,9.691921e-05,0.0002480273,0.0026971153,0.7755919,4.4541634e-05,0.21221386
5,7,SO,OUT,0.09778137,0.028328644,0.0033868772,0.00059016695,0.0330424,0.20475608,0.0006669278,0.63144755
7,7,OUT,OUT,0.10656261,0.041153993,0.16755229,0.0034099298,0.105953075,0.15735117,0.015280824,0.4027361
5,4,SO,BB,0.024542013,0.0075425636,0.00018725898,0.04731421,0.37844008,0.16081314,0.05976755,0.3213932
7,4,OUT,BB,0.2832375,0.03127023,0.03761904,0.06470654,0.3755408,0.07897821,0.015494264,0.11315339
7,5,OUT,SO,0.035502374,0.018597316,0.025366602,0.0002724235,0.05127794,0.42875776,0.054143213,0.38608232
5,4,SO,BB,0.039235633,0.09565131,0.0003017802,0.0038868708,0.63148534,0.056708157,0.007265454,0.16546546
4,3,BB,HR,0.20815416,0.104181096,0.010768936,0.36494547,0.08184986,0.15406743,0.0011148523,0.07491818
0,7,SINGLE,OUT,0.1401274,0.08549801,0.00065677066,0.008085806,0.3562467,0.044422306,0.0024659843,0.36249697
4,1,BB,DOUBLE,0.14468415,0.35478243,0.043970626,0.0034389412,0.05797801,0.07280295,0.005911047,0.3164318
7,0,OUT,SINGLE,0.35872817,0.006487314,0.0052425913,0.00061100995,0.19830543,0.16941868,0.12156279,0.139644
0,7,SINGLE,OUT,0.07435998,0.01613363,0.014974134,0.009768008,0.029071882,0.22592777,0.08570224,0.5440624
7,1,OUT,DOUBLE,0.050078858,0.38617685,0.02293476,0.0015474313,0.02197061,0.10237865,0.06130696,0.35360578
0,5,SINGLE,SO,0.105274536,0.18280168,0.0051957476,0.0011879837,0.11124759,0.3409958,0.020456044,0.23284069
7,0,OUT,SINGLE,0.56072193,0.16043307,0.0040907143,0.055004638,0.03558532,0.031118244,0.05767828,0.09536779
7,1,OUT,DOUBLE,0.23011607,0.27999723,0.0029677683,0.04604847,0.10932255,0.11910733,0.037339818,0.17510074
7,0,OUT,SINGLE,0.23757432,0.1655482,0.04071513,0.08592203,0.116125494,0.22823165,0.013884818,0.11199836
7,5,OUT,SO,0.10033567,0.0044656303,0.0014389169,0.016836382,0.07766259,0.60866976,0.00023930805,0.19035171
5,5,SO,SO,0.08286058,0.015245666,0.0016452484,0.012978431,0.054445446,0.54652846,0.013066423,0.27322978
7,2,OUT,TRIPLE,0.13211818,0.04950916,0.2832592,0.18503457,0.03736635,0.14722684,0.01156257,0.1539231
7,3,OUT,HR,0.046663024,0.08812908,0.0007743984,0.7047237,0.010793563,0.08697915,0.029023027,0.03291405
7,5,OUT,SO,0.14211294,0.008435623,3.109559e-08,0.052809797,0.09473275,0.3580158,0.26589954,0.07799343
0,3,SINGLE,HR,0.00042863665,0.05673709,9.276439e-08,0.9296487,0.0005287651,0.005621672,0.0009918549,0.0060432153
4,0,BB,SINGLE,0.46380657,0.08298881,7.6406075e-05,0.056310594,0.060419884,0.16359563,0.0039614215,0.16884063
5,0,SO,SINGLE,0.30720195,0.13394728,0.0017211066,0.00037411545,0.15571575,0.17304291,0.011511356,0.21648565
5,4,SO,BB,0.19172351,0.0012226179,0.0009368078,0.0077587487,0.33927897,0.2093087,0.058804825,0.19096586
7,0,OUT,SINGLE,0.6939051,0.0033383572,0.00071608555,0.0007928277,0.029228736,0.08708846,0.004080386,0.18084997
5,7,SO,OUT,0.18000159,0.015529175,0.006736725,0.007588842,0.30389968,0.096362606,0.07765,0.3122314
7,4,OUT,BB,0.06222007,0.05719236,0.0018356672,0.0004872595,0.62613386,0.07765678,0.053080425,0.12139368
7,7,OUT,OUT,0.08477952,0.009168611,0.011651953,0.0024139273,0.013278607,0.053456068,0.088496536,0.73675483
1,0,DOUBLE,SINGLE,0.42760968,0.12916562,0.006261476,0.0141112,0.1800449,0.026619952,0.014674961,0.2015122
7,5,OUT,SO,0.10669295,0.00048609017,0.000110168236,0.00020332921,0.17217894,0.56401837,0.0028206767,0.1534894
0,3,SINGLE,HR,0.114198536,0.11334555,0.0008539591,0.5467484,0.061848447,0.012865432,0.004763277,0.1453763
4,4,BB,BB,0.13492641,0.03970367,0.0008858551,0.24999154,0.27853665,0.058289237,0.0019186026,0.23574808
7,4,OUT,BB,0.12502171,0.014052294,0.00055975275,0.0075089014,0.5692841,0.17974216,0.024298297,0.07953292
5,3,SO,HR,0.15519963,0.04493356,0.000112825706,0.34355536,0.020476434,0.25300097,0.0020891856,0.18063201
0,0,SINGLE,SINGLE,0.25172782,0.2219733,0.023499677,0.00410263,0.038241643,0.22326314,0.0146221435,0.22256961
1,7,DOUBLE,OUT,0.26760545,0.14686413,0.0010506676,0.05646181,0.043281045,0.061714035,0.011032608,0.41199026
7,4,OUT,BB,0.22126162,0.026467262,0.0029320456,0.06917476,0.3308651,0.17635119,0.030873084,0.14207494
7,6,OUT,HBP,0.09114475,0.05080252,0.0040406277,0.03288529,0.07644176,0.2300916,0.4485996,0.06599385
7,7,OUT,OUT,0.052273806,0.03503428,0.0108187795,0.0039017478,0.06740055,0.22184594,0.0057957037,0.60292923
1,3,DOUBLE,HR,0.20822178,0.1183771,0.006865337,0.28014675,0.20813066,0.012201022,0.06374897,0.10230842
5,5,SO,SO,0.014694262,0.01735062,0.0018381926,0.26119545,0.03686037,0.5712429,0.002717775,0.09410031
7,1,OUT,DOUBLE,0.03603715,0.71004826,0.0041626436,0.0054293023,0.057462197,0.039834104,0.005325311,0.141701
0,1,SINGLE,DOUBLE,0.04304014,0.30895022,0.00071548414,0.28064653,0.18575467,0.11527282,0.005906403,0.059713636
6,1,HBP,DOUBLE,0.15848598,0.62770265,0.00062031863,0.057178736,0.014450208,0.0433778,0.013377609,0.084806755
7,5,OUT,SO,0.09655929,0.060617216,0.0009766025,0.2374415,0.07575191,0.36958355,0.062867075,0.09620282
3,5,HR,SO,0.13603489,0.25252372,0.0026894927,0.11993719,0.036508035,0.2624207,0.0074217604,0.18246412
5,7,SO,OUT,0.10441881,0.13575637,0.017159449,0.019572556,0.16221902,0.27169186,0.0134799555,0.27570194
7,7,OUT,OUT,0.22362646,0.23605478,0.00125034,0.010374623,0.15249917,0.042465884,0.012755362,0.32097337
3,6,HR,HBP,0.05774847,0.21824102,0.005716126,0.024263533,0.039505217,0.24898614,0.27252713,0.13301235
5,1,SO,DOUBLE,0.14364979,0.31455326,0.033032566,0.06623205,0.18462987,0.12774277,0.0021488606,0.12801091
7,5,OUT,SO,0.0013843297,0.002008784,0.00015616721,0.00052631594,0.02622568,0.8518647,0.0018381982,0.1159959
7,5,OUT,SO,0.077451654,0.043939892,0.0016361084,0.0016567865,0.075891696,0.68088543,0.0051308507,0.113407604
7,5,OUT,SO,0.1466894,0.02298632,0.026300538,0.0546919,0.109750845,0.4105871,0.0019433715,0.22705047
3,0,HR,SINGLE,0.306024,0.12316684,0.014467131,0.0021404317,0.057057712,0.19935031,0.03502311,0.26277056
4,0,BB,SINGLE,0.4102177,0.032517105,0.008728539,0.0023489476,0.035082966,0.10311634,0.03115468,0.37683374
7,7,OUT,OUT,0.033920676,0.054476693,0.0010209861,0.0007996497,0.018750709,0.22166008,0.024791038,0.6445801
7,4,OUT,BB,0.052802358,0.005457721,0.00016522798,0.013560932,0.7169792,0.08000454,0.07743556,0.053594377
7,0,OUT,SINGLE,0.22221452,0.21712932,0.0054793395,0.15972917,0.07909894,0.08602205,0.0661978,0.16412884
7,7,OUT,OUT,0.09574628,0.0145507185,0.0023195217,0.0036363753,0.026962368,0.1876931,0.0018365042,0.66725504
4,0,BB,SINGLE,0.43406203,0.049854178,0.010658613,0.12020095,0.06905882,0.25885606,0.0011713518,0.056137927
0,7,SINGLE,OUT,0.14964983,0.062213704,0.003252701,0.029779144,0.012018266,0.089005895,0.0003148101,0.6537656
7,7,OUT,OUT,0.00018282267,0.00033747076,4.364365e-05,0.0037346596,0.001584783,0.2671287,0.0024208338,0.72456706
4,7,BB,OUT,0.14769469,0.17201763,0.004483696,0.0025044444,0.2475814,0.14478138,0.010498684,0.2704381
5,6,SO,HBP,0.17206113,0.02770876,0.0025788287,0.0043329955,0.035024807,0.056627166,0.570773,0.1308933
3,5,HR,SO,0.036855612,0.21674378,0.0044017257,0.04846835,0.044298716,0.5162902,0.0009518678,0.13198972
7,7,OUT,OUT,0.041429278,0.022422962,0.01821931,0.005023366,0.0053272676,0.01421977,0.00043439708,0.89292365
4,1,BB,DOUBLE,0.1958578,0.30075747,0.007208527,0.05301239,0.030526683,0.15210262,0.012507365,0.24802716
7,1,OUT,DOUBLE,0.09462482,0.6564931,0.0005402261,0.0002363838,0.0013565174,0.1830388,0.00051763846,0.06319262
5,7,SO,OUT,0.0625112,0.20821185,6.590919e-05,0.0030367796,0.06498768,0.063994065,0.009203522,0.58798903
4,5,BB,SO,0.06203296,0.0011698863,0.0006129327,8.87252e-05,0.13762707,0.5309714,0.00013400709,0.26736298
7,7,OUT,OUT,0.13019827,0.038771227,0.0005266515,0.00087299943,0.060427584,0.10083369,0.0020343813,0.6663353
0,3,SINGLE,HR,0.1699189,0.06968982,0.00086118834,0.5457588,0.019074488,0.13218178,0.00028071625,0.062234327
7,5,OUT,SO,0.13046587,0.13481706,0.0010395851,0.17907937,0.055858493,0.27787888,0.012810557,0.20805018
4,3,BB,HR,0.26478422,0.033519223,0.015810719,0.44389984,0.012306934,0.07910514,0.0018156845,0.1487582
3,3,HR,HR,0.005568125,0.03195126,0.00557394,0.86841434,0.0275994,0.052367564,0.00027622134,0.008249196
4,0,BB,SINGLE,0.44459388,0.14381084,0.0054980856,0.06900067,0.042300828,0.07879394,0.0016665474,0.21433523
7,7,OUT,OUT,0.32300925,0.0826621,0.06833734,0.0014979024,0.018899148,0.03588944,0.027431622,0.44227314
7,7,OUT,OUT,0.072146855,0.016179627,0.0019776227,0.046389274,0.10006466,0.10154511,0.0453504,0.6163465
7,1,OUT,DOUBLE,0.03436874,0.42302817,0.012079627,0.1916425,0.044600047,0.07970928,0.17126189,0.043309733
0,0,SINGLE,SINGLE,0.80530673,0.023334488,0.004681829,0.0023081114,0.024668802,0.06607042,0.0016971037,0.071932584
7,5,OUT,SO,0.17703475,0.049178094,0.00032142166,0.07769997,0.21178085,0.35113978,0.00046816622,0.13237695
0,7,SINGLE,OUT,0.10214739,0.02982795,0.002344041,0.0034747764,0.0772064,0.0778078,0.00091357814,0.7062781
5,3,SO,HR,0.05640128,0.012159378,0.0011378932,0.71123827,0.030523345,0.078449555,0.00022164355,0.109868616
1,7,DOUBLE,OUT,0.11822525,0.10705225,0.020527571,0.07483494,0.0711609,0.18342608,0.0019546398,0.4228183
3,4,HR,BB,0.105669715,0.0092792595,0.0037414348,0.2510919,0.28175843,0.09946957,0.0006345949,0.24835506
7,1,OUT,DOUBLE,0.119880006,0.6513039,0.0025115053,0.03264667,0.02428764,0.05386146,0.0016017512,0.11390711
4,7,BB,OUT,0.055378012,0.34725308,0.00092943147,0.016352495,0.080272034,0.03602261,0.011068707,0.45272365
5,0,SO,SINGLE,0.3987356,0.0581583,0.008195135,0.0030506805,0.061217524,0.14413151,0.0037966894,0.3227146
5,7,SO,OUT,0.28021958,0.10070936,0.00381037,0.14415868,0.04062021,0.112465695,0.0026788078,0.31533727
7,0,OUT,SINGLE,0.38271236,0.16162151,0.0010010209,0.0008945231,0.025331698,0.03399032,0.0128371045,0.38161153
7,7,OUT,OUT,0.24614057,0.02027573,0.0016869056,0.25636452,0.01779355,0.052750956,0.13914421,0.26584348
5,0,SO,SINGLE,0.4600541,0.028927034,0.00077158195,0.0030716797,0.23743054,0.029973714,0.034402415,0.20536906
0,5,SINGLE,SO,0.094147,0.01971893,0.0016788001,0.010902009,0.018440431,0.67213356,0.0030164905,0.17996274
7,7,OUT,OUT,0.10708627,0.0026247937,0.00040945923,0.00076035963,0.08148329,0.3640511,0.0010440877,0.44254068
7,1,OUT,DOUBLE,0.1276793,0.23888515,0.007636247,0.2268394,0.18503025,0.030493153,0.102640465,0.08079602
7,4,OUT,BB,0.20412925,0.089813225,0.0061401515,0.19974412,0.26703355,0.09138056,0.0011417163,0.1406174
5,1,SO,DOUBLE,0.2924932,0.39909434,0.004308764,0.04429033,0.0635986,0.041062456,0.001474444,0.15367784
7,7,OUT,OUT,0.11466856,0.059248652,0.038750894,0.00059602084,0.036379542,0.06452797,0.020635096,0.6651932
7,7,OUT,OUT,0.31100002,0.12169439,0.0027490617,0.008210465,0.028731903,0.19003047,0.00399728,0.3335864
7,0,OUT,SINGLE,0.33463374,0.0107350545,0.00032595286,0.03267473,0.10842994,0.20141384,0.0009671378,0.3108196
5,5,SO,SO,0.16799743,0.051077433,0.014738581,0.2650439,0.05175061,0.3768773,0.02787278,0.044641875
7,7,OUT,OUT,0.0916714,0.04770295,0.008945407,0.0026589027,0.15278688,0.17118348,0.004154704,0.5208963
1,7,DOUBLE,OUT,0.002138711,0.0006174008,2.2351232e-05,0.015040696,0.0040219505,0.3747287,6.6475215e-05,0.6033637
7,7,OUT,OUT,0.11163593,0.09236512,0.0033265057,0.003839793,0.027680872,0.2737455,0.14434917,0.34305707
7,6,OUT,HBP,0.09132174,0.20592554,0.014705493,0.011112555,0.018656407,0.16939488,0.33348563,0.15539773
7,4,OUT,BB,0.119582765,0.08716344,0.0063555543,0.01097579,0.3659328,0.23774989,0.013444196,0.15879552
7,5,OUT,SO,0.16776381,0.026988113,0.0010503154,0.002069061,0.01540931,0.6688776,0.0009786978,0.11686316
0,7,SINGLE,OUT,0.13806638,0.15787552,0.0011217536,0.051390924,0.020819973,0.25983506,0.05768601,0.31320438
7,5,OUT,SO,0.013935429,1.9661562e-05,1.4608506e-06,4.925434e-07,0.00036337695,0.8691833,8.0118534e-10,0.116496354
7,7,OUT,OUT,0.26378545,0.040836394,0.0018844216,0.018951,0.021336693,0.3206455,0.0070554493,0.32550508
5,4,SO,BB,0.08953577,0.15714909,0.0019124093,0.22390676,0.43327796,0.031421237,0.00075898576,0.062037837
5,1,SO,DOUBLE,0.10610053,0.375079,0.010669386,0.09269208,0.08877749,0.1572044,0.008288843,0.16118826
4,3,BB,HR,0.07890447,0.08828494,0.0028819859,0.37311697,0.1408632,0.13736646,0.00019651176,0.17838542
1,3,DOUBLE,HR,0.15702261,0.03482269,0.0026763072,0.53823656,0.015029005,0.12874189,0.00021703346,0.123253986
7,1,OUT,DOUBLE,0.32597053,0.61837137,1.4463164e-05,0.004019847,0.011951666,0.010183825,3.828943e-05,0.029450031
7,3,OUT,HR,0.03222085,0.0011691039,0.003407877,0.4490614,0.016217576,0.3208144,0.00057623594,0.1765326
1,1,DOUBLE,DOUBLE,0.2673948,0.37342116,0.001119385,0.055480402,0.04792522,0.15638904,0.011672283,0.086597666
4,0,BB,SINGLE,0.39802667,0.012869535,0.002972752,0.0008140767,0.016138438,0.14298922,0.2944901,0.13169909
7,7,OUT,OUT,0.2584979,0.11932389,0.034980215,0.0018142625,0.06527615,0.19536111,0.0035439974,0.32120246
7,5,OUT,SO,0.23869497,0.20710142,0.00614757,0.012388088,0.08145939,0.26039648,0.0014751394,0.19233686
7,0,OUT,SINGLE,0.43715078,0.1028706,0.0040153502,0.0018928221,0.08206839,0.24499676,0.00056758674,0.12643771
5,7,SO,OUT,0.082484305,0.068285294,0.19636856,0.11914764,0.066012315,0.14852415,0.054848496,0.26432928
5,7,SO,OUT,0.29682046,0.032182388,0.00033636455,0.035359792,0.048767764,0.1278723,0.011440534,0.44722036
0,7,SINGLE,OUT,0.22330828,0.040361516,0.002719797,0.013236784,0.06275043,0.06259994,0.0035568336,0.5914664
7,0,OUT,SINGLE,0.37776744,0.19858564,0.008538886,0.0742864,0.16033055,0.14777952,0.001482904,0.031228786
5,4,SO,BB,0.28889945,0.015460447,0.08789214,0.0458679,0.3039632,0.14594673,0.03129395,0.08067617
7,7,OUT,OUT,0.21520449,0.063953616,0.008515708,0.0012591343,0.17726533,0.10148623,0.004277014,0.4280385
0,0,SINGLE,SINGLE,0.3888164,0.028010894,0.0074689286,0.017150369,0.13203642,0.21797206,0.002556259,0.2059887
7,7,OUT,OUT,0.067704216,0.0002108158,0.0010951263,0.0022830563,0.028560927,0.20642675,0.0016393263,0.6920798
7,0,OUT,SINGLE,0.39797822,0.0005664816,0.0031202144,0.06749241,0.048738748,0.12640195,0.0054659415,0.35023612
0,0,SINGLE,SINGLE,0.44194362,0.004693486,0.00056172704,0.09988738,0.03586798,0.04671689,0.03536685,0.33496207
7,5,OUT,SO,0.1614263,0.002879665,0.00011321622,7.683047e-05,0.025351373,0.48339418,0.00015373783,0.32660457
5,5,SO,SO,0.10268115,0.04731545,0.010794592,0.04465387,0.30867964,0.31021258,0.0052643525,0.17039837
5,0,SO,SINGLE,0.28428847,0.22439969,0.06703045,0.00455431,0.096594505,0.13176712,0.016362308,0.17500323
0,0,SINGLE,SINGLE,0.5889528,0.06810066,0.0034540792,0.0016179065,0.013013326,0.1640982,0.011626236,0.14913687
0,0,SINGLE,SINGLE,0.4534088,0.031353775,0.0012082583,0.0038875535,0.1482431,0.12503931,0.0014767328,0.23538251
7,7,OUT,OUT,0.036561158,6.343581e-05,6.2252344e-05,1.397275e-05,0.00041282503,0.00075875997,0.018299669,0.943828
7,1,OUT,DOUBLE,0.111755475,0.36159453,0.020416116,0.039754797,0.052108023,0.15409826,0.042024005,0.21824886
5,7,SO,OUT,0.053952027,0.012903894,0.00095769286,0.0038930643,0.021995112,0.08946096,0.29580674,0.5210306
7,1,OUT,DOUBLE,0.1090179,0.49694586,0.0027548084,0.10122274,0.026297987,0.16989684,0.013018978,0.08084485
0,7,SINGLE,OUT,0.20398861,0.0324811,0.0011700479,0.026321612,0.041539274,0.070607975,0.024435665,0.5994557
4,0,BB,SINGLE,0.752706,0.0073838527,0.00015172166,0.00030060037,0.0022413302,0.18822324,0.00016597421,0.048827242
5,7,SO,OUT,0.14859457,0.029406462,0.0013480029,0.014110428,0.008774375,0.07943672,0.1797599,0.53856957
7,7,OUT,OUT,0.02629328,0.0037147317,0.00032890256,0.025837332,0.006878011,0.024720352,0.02760307,0.88462424
4,7,BB,OUT,0.118164994,0.19604322,0.025161106,0.09533129,0.0757094,0.14228752,0.0022601632,0.34504238
5,5,SO,SO,0.22085339,0.0214399,0.00083087804,0.0009114456,0.024486933,0.47261983,0.028908398,0.22994912
7,7,OUT,OUT,0.25897598,0.006879202,0.009410398,0.00024748093,0.030896008,0.29971322,0.0010896662,0.39278802
1,5,DOUBLE,SO,0.261571,0.09628899,0.003121335,0.004925753,0.08450875,0.34803432,0.003707301,0.19784251
7,7,OUT,OUT,0.0373319,0.00054018066,0.0045519946,0.0139680365,0.1547447,0.25470045,0.008165626,0.5259971
1,3,DOUBLE,HR,0.17936186,0.0015133203,0.00032168376,0.42269236,0.12861261,0.10913221,0.020367427,0.13799842
0,7,SINGLE,OUT,0.17311297,0.010448776,0.0066072075,0.09750956,0.04232702,0.057879116,0.24239816,0.36971715
5,7,SO,OUT,0.0664012,0.0002885931,0.000108230044,0.00075862743,0.0019317181,0.012874326,0.0011203311,0.916517
7,5,OUT,SO,0.17508177,0.08738439,0.045394603,0.0050941426,0.008779472,0.5490324,0.015085898,0.1141473
5,5,SO,SO,0.14030121,0.0017936444,0.00038413677,7.025486e-05,0.0040113935,0.5240108,0.0006165979,0.3288119
7,4,OUT,BB,0.3285055,0.009604496,0.002120296,0.009731033,0.33878648,0.07954671,0.07420642,0.1574992
5,1,SO,DOUBLE,0.13726126,0.37013024,0.09945683,0.11601337,0.0068095643,0.12724407,0.109161764,0.033922896
4,0,BB,SINGLE,0.609358,0.044409502,0.001403013,0.0003605047,0.009300416,0.15024261,0.002787416,0.18213856
7,7,OUT,OUT,0.0863586,0.0020989412,0.00043174025,0.017207157,0.053497165,0.108787164,0.005313895,0.7263054
3,7,HR,OUT,0.2546525,0.010804091,0.0019380274,0.10346532,0.011710325,0.056306038,0.12019008,0.44093364
7,6,OUT,HBP,0.11893234,0.01562966,0.00050820597,0.01753614,0.04513352,0.06556519,0.50500214,0.2316927
7,7,OUT,OUT,0.23197518,0.08717603,0.038293127,0.11698838,0.047732517,0.1299528,0.026932998,0.32094902
3,0,HR,SINGLE,0.505468,0.006779376,0.00025837886,0.08823748,0.0721647,0.0535719,0.055352684,0.21816745
0,0,SINGLE,SINGLE,0.5685339,0.0040872726,0.0062873852,0.007758226,0.014299191,0.049043775,0.028528076,0.3214622
7,0,OUT,SINGLE,0.3131922,0.21054588,0.0039358134,0.0020957838,0.019431936,0.093998894,0.075591765,0.2812077
4,7,BB,OUT,0.2809941,0.011917463,0.0016147484,0.031400464,0.093092956,0.28797284,0.0025901708,0.29041728
5,0,SO,SINGLE,0.42187953,0.059887823,0.12228148,0.07963692,0.0707857,0.16295771,0.0021306048,0.08044031
7,5,OUT,SO,0.21856074,0.02954262,0.01534354,0.009055715,0.15639932,0.3978804,0.012596147,0.16062157
7,5,OUT,SO,0.0644505,0.0031363955,0.00027009984,0.00015466304,0.17569391,0.69359976,0.000216098,0.0624785
0,7,SINGLE,OUT,0.20570146,0.011723237,0.014486755,0.007830226,0.034560926,0.21260752,0.0030244433,0.5100654
7,7,OUT,OUT,0.33005583,0.14207123,0.010704984,0.0003297313,0.09449788,0.07954332,0.001573934,0.3412231
7,1,OUT,DOUBLE,0.14740656,0.5572302,0.006779263,0.013732158,0.01804102,0.083796136,0.07555216,0.09746242
7,0,OUT,SINGLE,0.41870102,0.038615443,0.042862777,0.0029716378,0.031596366,0.09160385,0.10677969,0.26686922
0,7,SINGLE,OUT,0.24967842,0.021942457,0.0015743056,0.054477785,0.16661431,0.13699567,0.0016841011,0.36703292
4,1,BB,DOUBLE,0.1775934,0.49636576,0.03866305,0.008531731,0.042542025,0.06325551,0.012389395,0.16065904
5,0,SO,SINGLE,0.6280505,0.016621696,2.2320864e-05,0.0069828685,0.10575544,0.17003119,9.721509e-05,0.07243892
5,5,SO,SO,0.27196407,0.09728717,0.00014423524,0.022929361,0.04829092,0.36996868,0.009822888,0.17959267
7,7,OUT,OUT,0.04128555,0.021343723,0.000704087,0.015726855,0.36385268,0.09324731,0.02753622,0.43630356
4,4,BB,BB,0.024301587,0.058114685,0.0003166868,0.01636762,0.7901731,0.026356552,0.02987063,0.05449903
4,4,BB,BB,0.073929675,0.0069550667,8.859666e-05,0.13276403,0.612405,0.045746222,0.022261964,0.10584947
0,5,SINGLE,SO,0.11458273,0.05669022,3.4058758e-05,0.04616313,0.033705045,0.6559498,0.0016382455,0.09123675
0,5,SINGLE,SO,0.17177792,0.08794709,0.0037963642,0.0002405156,0.07665464,0.34952056,0.0013097792,0.3087532
7,4,OUT,BB,0.042082407,0.110545844,0.0009067994,0.010470411,0.3847137,0.108475074,0.034128714,0.30867702
1,4,DOUBLE,BB,0.02310236,0.22169586,0.00041086957,0.05036537,0.24271682,0.22731216,0.0018431229,0.2325534
5,0,SO,SINGLE,0.40598506,0.04055417,0.00037202184,0.02891294,0.17249718,0.0798317,0.022706188,0.2491408
7,7,OUT,OUT,0.043356877,0.24028158,0.000683508,0.0011257562,0.04248122,0.2273651,0.025390971,0.419315
7,7,OUT,OUT,0.042089906,0.006920174,0.00012373895,0.0014861984,0.01919089,0.035200432,0.000832363,0.89415634
0,3,SINGLE,HR,0.116913766,0.017057275,0.0018432749,0.32081485,0.1847227,0.11169046,0.0089177145,0.23803991
4,3,BB,HR,0.0052303583,0.0017603573,0.00077107,0.5382231,0.31023312,0.09691869,0.00047882213,0.046384525
1,4,DOUBLE,BB,0.0501678,0.29713207,0.00037052808,0.13544163,0.417339,0.022021076,0.0027182468,0.07480971
5,4,SO,BB,0.047020547,0.013594762,0.0023185343,0.001880423,0.39774066,0.32714173,0.004983645,0.2053197
7,7,OUT,OUT,0.016328614,0.078651994,0.0014404262,0.12717499,0.20192103,0.0767655,0.03331423,0.4644032
5,5,SO,SO,0.09986202,0.017758224,0.0007926937,0.045508645,0.28537822,0.30295146,0.029841332,0.21790741
7,5,OUT,SO,0.07336308,0.008230431,0.0017204504,0.00010562913,0.09990329,0.7107916,0.0005755443,0.105309986
5,7,SO,OUT,0.06818116,0.0019093773,0.009359064,0.0009358484,0.1589095,0.20670678,0.006500726,0.5474975
0,0,SINGLE,SINGLE,0.6061768,0.0062514693,0.0017687875,0.0019179402,0.07731736,0.1481496,0.017067011,0.141351
5,0,SO,SINGLE,0.43935922,0.013848414,0.0010476045,0.010749162,0.22736998,0.15344374,0.0027905006,0.15139139
5,5,SO,SO,0.062580176,0.012961971,0.0021388633,0.37228066,0.012446882,0.4089143,0.024126932,0.104550205
0,5,SINGLE,SO,0.14193144,0.24230967,9.325102e-05,0.05163252,0.08063083,0.32347983,0.003570965,0.15635143
7,5,OUT,SO,0.017179077,0.03875182,0.003491423,0.008126334,0.29882637,0.38292065,0.0050787143,0.24562563
7,1,OUT,DOUBLE,0.26813984,0.32454732,0.0016047712,0.0290484,0.05934344,0.119179055,0.0059982906,0.19213882
5,7,SO,OUT,0.18947807,0.05696426,0.005151091,0.006707904,0.27339616,0.12687348,0.011078912,0.33035013
7,7,OUT,OUT,0.106012546,0.06465236,0.0133939665,0.008561878,0.23234162,0.06699821,0.19311234,0.31492707
7,0,OUT,SINGLE,0.62022775,0.017483603,0.0007607306,0.002624513,0.09652384,0.058519438,0.0015598821,0.20230028
5,7,SO,OUT,0.01386522,0.07563282,0.012900734,0.0008112082,0.02433177,0.13461798,0.0008868778,0.73695344
1,7,DOUBLE,OUT,0.030583465,0.025412379,0.00020970237,0.0012564402,0.2125376,0.19849902,0.00013882433,0.53136253
7,7,OUT,OUT,0.25831997,0.09893396,0.00047302735,0.026284631,0.22929937,0.039771035,0.00035314602,0.34656486
7,1,OUT,DOUBLE,0.25916466,0.26926678,7.77173e-05,0.0020315768,0.131784,0.17597492,0.00040434123,0.16129601
5,4,SO,BB,0.059984148,0.22331142,0.0003523806,0.10832025,0.46190003,0.1071845,0.0015194726,0.03742774
0,5,SINGLE,SO,0.17648931,0.0052529066,6.1747654e-05,0.00021051128,0.08875877,0.54401976,0.0006088846,0.18459806
4,7,BB,OUT,0.020930003,0.009902562,6.0669186e-05,0.0048820577,0.21206774,0.055237614,0.008595704,0.6883236
0,5,SINGLE,SO,0.08233345,0.12048199,3.9596973e-05,0.0063571776,0.18666476,0.42125207,0.0032757963,0.17959525
5,0,SO,SINGLE,0.66599387,0.0015317411,2.5540197e-05,0.0014477015,0.015812425,0.23407917,0.017104039,0.06400554
4,5,BB,SO,0.20422943,0.032186497,9.581846e-05,0.017554339,0.015216364,0.4670657,0.0088330805,0.2548188
4,1,BB,DOUBLE,0.18330772,0.40409115,0.005575476,0.005163778,0.21141677,0.047288712,0.0010728394,0.14208356
0,4,SINGLE,BB,0.22589773,0.0071872757,0.00012047274,0.04330428,0.53365684,0.035014294,0.00052813964,0.15429096
0,1,SINGLE,DOUBLE,0.090730794,0.33899617,0.00010837721,0.03533148,0.133043,0.19123006,0.00674891,0.20381123
0,5,SINGLE,SO,0.09909408,0.0699495,7.7853496e-05,0.008424677,0.041021466,0.3968178,0.0013325441,0.38328204
7,5,OUT,SO,0.20280004,0.026309686,0.0001267798,0.13255559,0.060843907,0.3644828,0.03238741,0.18049379
0,5,SINGLE,SO,0.11722246,0.064906254,0.0023010317,0.002052007,0.032225445,0.5753674,0.0004983919,0.20542711
7,5,OUT,SO,0.081581675,0.09428441,0.0021767665,0.017882122,0.000999203,0.5294724,0.020041713,0.25356168
7,3,OUT,HR,0.058338072,0.037415948,0.00045966308,0.43395138,0.002016776,0.15408494,0.010466305,0.30326697
7,5,OUT,SO,0.2624704,0.02852242,0.0009819658,0.0047627394,0.010983591,0.40810803,0.07803976,0.20613113
3,5,HR,SO,0.29092348,0.040663,0.000900386,0.093441896,0.007667178,0.31473666,0.017495336,0.23417202
7,5,OUT,SO,0.022974305,0.007046579,0.001316341,0.000117642274,0.028901856,0.6608865,9.4159426e-05,0.2786626
7,7,OUT,OUT,0.33773598,0.04736804,0.001055879,0.0009431819,0.011379767,0.21893771,0.0036508513,0.3789286
7,3,OUT,HR,0.21384467,0.022776496,0.009809371,0.35201684,0.016072178,0.16643569,0.015943564,0.2031012
1,0,DOUBLE,SINGLE,0.34165326,0.11227881,0.0076638786,0.0133033665,0.17567492,0.06051663,0.0014388411,0.2874703
7,0,OUT,SINGLE,0.29585406,0.013733404,0.0001447386,0.112441525,0.2827627,0.07129549,0.0010597481,0.22270839
7,4,OUT,BB,0.1102204,0.0032911883,0.0010824199,0.0016932919,0.45330146,0.34045124,0.0015245653,0.08843562
7,6,OUT,HBP,0.09783081,0.074328594,0.0149292415,0.024558013,0.05362241,0.12507229,0.4839452,0.12571353
5,5,SO,SO,0.084160976,0.22973502,0.011800405,0.029781483,0.1929694,0.32543352,0.002156715,0.12396248
7,5,OUT,SO,0.12809534,0.023444949,0.025935996,0.010822068,0.031401154,0.39624318,0.048948217,0.33510908
7,0,OUT,SINGLE,0.53817713,0.08917901,0.0012479082,0.011611172,0.011049499,0.14597622,0.011166973,0.19159216
7,0,OUT,SINGLE,0.41261908,0.043066557,0.021386571,0.015290624,0.095480144,0.13901193,0.0502813,0.22286378
2,5,TRIPLE,SO,0.113105014,0.113104835,0.0030646785,0.079895474,0.23852879,0.3291555,0.0018087459,0.12133695
0,3,SINGLE,HR,0.13540253,0.011210805,0.00020319989,0.69038564,0.018999506,0.042501464,0.018416513,0.08288025
5,3,SO,HR,0.01833203,0.15362678,0.0010429717,0.7390268,0.051371265,0.010161289,0.00012337315,0.026315577
5,5,SO,SO,0.18781511,0.20200515,0.0014510077,0.06698582,0.09812514,0.26035315,0.024126288,0.15913823
3,7,HR,OUT,0.10560049,0.031052155,0.014645115,0.079191975,0.07082212,0.32323,0.010755999,0.36470214
7,0,OUT,SINGLE,0.29580468,0.27758744,0.0056760055,0.022516206,0.023783937,0.24829514,0.05414349,0.07219294
4,0,BB,SINGLE,0.52907854,0.0037081328,9.79802e-05,0.00082362443,0.3619099,0.041573588,0.0025196993,0.06028858
7,0,OUT,SINGLE,0.46090427,0.08978457,0.0006245262,0.041612085,0.13216132,0.16422425,0.004003229,0.10668574
0,0,SINGLE,SINGLE,0.34472606,0.02418467,6.876925e-05,0.026277728,0.26324517,0.11806761,0.0014692299,0.22196075
7,5,OUT,SO,0.117085084,0.039557282,0.003736204,0.030856734,0.12227469,0.43418708,0.0013522048,0.25095072
7,7,OUT,OUT,0.19203831,0.04353781,0.0011493397,0.23734744,0.122347265,0.12362098,0.0027580825,0.27720085
5,3,SO,HR,0.40738875,0.01680274,4.7500416e-05,0.4735835,0.0037489983,0.052621286,0.0036456706,0.042161535
7,5,OUT,SO,0.019855015,0.0017563336,0.00011270058,0.002249987,0.02992071,0.8629048,0.00072763546,0.08247286
4,7,BB,OUT,0.29978597,0.0031598504,0.00027735662,0.00052159786,0.016817078,0.14071405,0.00038847866,0.5383356
7,7,OUT,OUT,0.17780039,0.008482978,0.0027402954,0.07429038,0.073959,0.11581106,0.015307064,0.5316089
5,0,SO,SINGLE,0.45107886,0.039771575,0.0005589047,0.0029371988,0.09319348,0.16581139,0.0036503219,0.24299824
0,6,SINGLE,HBP,0.008279308,0.008101996,0.041897252,0.00060502044,0.01559495,0.047363948,0.8200147,0.05814278
5,0,SO,SINGLE,0.24837779,0.17744589,0.0004233381,0.1035755,0.09774197,0.121524855,0.007913611,0.24299696
7,0,OUT,SINGLE,0.7150891,0.023884382,0.00010121455,0.0013194317,0.07596197,0.0502425,0.0048544733,0.12854694
7,7,OUT,OUT,0.119129874,0.010410184,0.003940496,0.025450237,0.103551544,0.35096943,0.0122782765,0.37427002
7,4,OUT,BB,0.21600908,0.063535474,0.00016958198,0.0043852963,0.43367615,0.16408831,0.012963075,0.105173044
7,5,OUT,SO,0.08504507,0.034847613,0.004856538,0.011148328,0.038148966,0.53672814,0.0082358485,0.2809896
0,5,SINGLE,SO,0.25012228,0.056988735,0.0021540406,0.0049737333,0.025851557,0.46415818,0.024695603,0.1710559
5,5,SO,SO,0.05695037,0.00865177,0.0006108094,0.00045139485,0.19616115,0.38946232,0.0006576471,0.34705454
7,5,OUT,SO,0.13216156,0.012130784,0.002068366,0.053813197,0.11020934,0.3779978,0.0604578,0.25116113
7,7,OUT,OUT,0.091355234,0.021735653,0.0010146226,0.069734246,0.16715284,0.1017071,0.0031903493,0.54410994
4,0,BB,SINGLE,0.4054052,0.13825151,0.0016992121,0.045618426,0.06402089,0.14771782,0.00052009523,0.19676685
0,4,SINGLE,BB,0.23534179,0.023919355,0.0011113303,0.011787689,0.27145886,0.23749459,0.00057861174,0.21830775
7,7,OUT,OUT,0.011500598,0.00055893546,9.537708e-06,1.1556521e-05,0.00049374497,0.3427402,5.8460937e-05,0.644627
7,7,OUT,OUT,0.035866186,0.0041170395,0.0007633234,0.013113799,0.008907523,0.25426233,0.0003744884,0.6825953
0,5,SINGLE,SO,0.018842062,0.002198689,0.00059457374,0.17974974,0.01522926,0.65488225,0.0011370545,0.12736641
0,5,SINGLE,SO,0.1434507,0.03864442,0.15917438,0.0046088123,0.03841058,0.35600188,0.010808403,0.24890079
7,7,OUT,OUT,0.21461171,0.013930488,0.0010302404,0.02300792,0.057873417,0.29282618,0.016039845,0.38068026
4,5,BB,SO,0.2768667,0.032637674,0.00023220408,0.05766791,0.03675425,0.38927868,0.013982416,0.19258024
7,7,OUT,OUT,0.0509244,0.042406734,0.016009789,0.037863538,0.18681665,0.2554029,0.14568,0.26489604
7,6,OUT,HBP,0.04595058,0.03602122,0.08689012,0.0078548305,0.17391302,0.1619087,0.36980096,0.117660575
0,5,SINGLE,SO,0.047461644,0.0064987005,0.0012718954,0.020995148,0.06142711,0.4308,0.025426466,0.4061191
2,7,TRIPLE,OUT,0.06170035,0.00962821,0.0002874014,0.0072631394,0.22634612,0.15202333,0.00083025376,0.54192114
5,3,SO,HR,0.14386174,0.01620141,0.0025215494,0.5555949,0.089946136,0.0592243,0.000990039,0.1316599
7,5,OUT,SO,0.11768212,0.08997473,0.012542938,0.004813427,0.032219812,0.55534697,0.05996273,0.12745723
7,0,OUT,SINGLE,0.28049505,0.13392897,0.019241022,0.013231799,0.06558791,0.22914404,0.17486057,0.08351062
5,5,SO,SO,0.083042495,0.23775132,0.00073600374,0.0013786693,0.037496783,0.51249266,0.0055937353,0.12150829
7,4,OUT,BB,0.23785962,0.08137578,0.0014035972,0.13295242,0.32188067,0.06613634,0.0054155234,0.15297613
7,0,OUT,SINGLE,0.36774457,0.07298504,0.0007649415,0.21123001,0.20675474,0.041625142,0.00021384732,0.09868165
5,7,SO,OUT,0.27718872,0.065510504,0.0010243745,0.020417362,0.048339915,0.12847191,0.00067643286,0.45837077
5,7,SO,OUT,0.13791174,0.022403982,0.0010246413,5.450357e-05,0.0030741584,0.34462664,7.246273e-05,0.4908319
1,7,DOUBLE,OUT,0.058053154,0.09246022,0.0036846437,0.043186486,0.07616464,0.14129287,0.035112567,0.5500454
0,3,SINGLE,HR,0.044000708,0.017117703,0.0014175853,0.3812926,0.010745117,0.35649037,0.01072924,0.17820679
0,5,SINGLE,SO,0.18699788,0.032836195,0.008748138,0.0008339507,0.02592996,0.62371665,0.0017826715,0.1191545
5,7,SO,OUT,0.14909726,0.02178985,0.0008794652,0.05344793,0.026907947,0.1679225,0.03156624,0.5483888
7,7,OUT,OUT,0.14082378,0.013677216,0.012691595,0.009861107,0.065136045,0.3445322,0.014791216,0.39848688
7,7,OUT,OUT,0.093257815,0.091392875,0.00028290905,0.06513406,0.05694819,0.13654757,0.119250566,0.437186
4,5,BB,SO,0.1969894,0.02892561,0.0030145147,0.0025346586,0.095097415,0.36085457,0.10366207,0.2089217
7,0,OUT,SINGLE,0.6040691,0.027237682,0.0003196601,0.002016717,0.0064235493,0.15291446,0.001825052,0.20519377
7,5,OUT,SO,0.01671214,0.22440472,0.007963357,0.00083236553,0.025533164,0.57874906,0.0011980013,0.14460726
1,5,DOUBLE,SO,0.23054293,0.0033646482,0.010057234,0.00019553902,0.012067219,0.38659024,0.003220504,0.35396165
5,5,SO,SO,0.10049521,0.0054666926,0.0013862039,0.021492083,0.049940508,0.56134737,0.0008827179,0.25898919
0,7,SINGLE,OUT,0.1219745,0.069165364,0.0009389702,0.005963277,0.10713637,0.24649161,0.0008478933,0.44748196
5,7,SO,OUT,0.14289321,0.1611383,0.00035727487,0.21331114,0.06818713,0.17903963,0.0061528557,0.22892049
5,4,SO,BB,0.23668273,0.034413856,0.001735412,0.17930557,0.27956617,0.10925461,0.006385607,0.15265608
7,7,OUT,OUT,0.20130885,0.008589971,0.00011806869,0.0020396062,0.054574292,0.17936504,0.0026700236,0.5513341
4,3,BB,HR,0.27640316,0.049881477,0.00226974,0.34470692,0.03131869,0.059683096,0.054552246,0.18118457
3,0,HR,SINGLE,0.3911933,0.010217731,0.00021531948,0.10489957,0.15155368,0.0127098365,0.043282107,0.2859286
5,5,SO,SO,0.22234114,0.005098691,0.0050859214,0.00022133694,0.12100197,0.3603433,0.00017416863,0.28573343
7,7,OUT,OUT,0.14637674,0.2389986,0.0010603546,0.021761717,0.043656692,0.26092124,0.006834986,0.28038973
7,5,OUT,SO,0.14541577,0.059363265,0.0020572678,0.016584584,0.06472772,0.4998396,0.0010834115,0.21092847
7,0,OUT,SINGLE,0.42027524,0.022933548,0.012668886,0.12190519,0.11899024,0.07888485,0.014392848,0.20994928
7,7,OUT,OUT,0.23081356,0.01303448,0.00042932603,0.0016462309,0.06913388,0.17598934,0.002459031,0.50649416
5,0,SO,SINGLE,0.5299031,0.09240837,0.0015108229,0.016776074,0.031463295,0.056023337,0.010351371,0.26156357
5,5,SO,SO,0.08748999,0.05092078,0.0014079127,0.01221648,0.1361783,0.43461704,0.0015481274,0.27562138
7,7,OUT,OUT,0.22420016,0.014687298,0.00071917323,0.0020683545,0.11463578,0.30900195,0.0002767701,0.33441043
5,5,SO,SO,0.09748107,0.119750574,0.00025307306,0.08730727,0.0495456,0.42416638,0.0028820666,0.21861394
5,5,SO,SO,0.06692091,0.33586946,0.003578221,0.057505533,0.036933523,0.43174186,0.0004828109,0.06696771
0,7,SINGLE,OUT,0.24852555,0.03596223,0.0065845205,0.00061710255,0.22804753,0.21774723,0.00019031412,0.2623255
5,7,SO,OUT,0.18168475,0.13320902,0.00018646807,0.00035483018,0.037783068,0.29700148,0.00058039144,0.34919998
1,0,DOUBLE,SINGLE,0.35706043,0.039836843,0.01997688,0.20419137,0.06024181,0.20642889,0.0041060615,0.108157694
7,0,OUT,SINGLE,0.30834195,0.12799196,0.0030691011,0.016185896,0.103341155,0.17406577,0.020316387,0.24668784
0,4,SINGLE,BB,0.039827716,0.12419499,0.12868632,0.05628143,0.39182863,0.09483571,0.021190656,0.14315456
7,4,OUT,BB,0.08328103,0.11916414,0.0019962888,0.15443094,0.3480926,0.051719945,0.036937356,0.20437768
7,7,OUT,OUT,0.30508196,0.060682774,0.0078174025,0.0041832486,0.048536588,0.17035004,0.0645946,0.33875334
5,0,SO,SINGLE,0.7198529,0.0045810076,0.0010286719,0.111983925,0.052158255,0.015137264,0.00021626036,0.09504171
4,7,BB,OUT,0.1518485,0.052475378,0.0009859549,0.03603266,0.08511967,0.13477594,0.12099491,0.417767
7,5,OUT,SO,0.105460145,0.011243773,0.000112439426,0.002502436,0.017772982,0.48539153,0.0044571836,0.37305948
5,5,SO,SO,0.113340996,0.017041145,0.00060241285,0.13341565,0.19178507,0.21341807,0.13014099,0.20025565
1,0,DOUBLE,SINGLE,0.44843438,0.06654237,0.0015391399,0.004353288,0.037165437,0.2807221,0.0013473458,0.15989599
5,4,SO,BB,0.075876966,0.0014259651,0.001418282,0.0020685731,0.46880817,0.20853351,0.000586151,0.2412823
0,5,SINGLE,SO,0.09836241,0.017227555,0.002481552,0.012893447,0.15027533,0.62451696,0.0037112036,0.09053161
7,2,OUT,TRIPLE,0.24202597,0.026345251,0.27676997,0.012081398,0.025206165,0.2644008,0.00037404068,0.1527964
4,5,BB,SO,0.23262216,0.03668939,0.0016134046,0.009240975,0.13980049,0.31391355,0.0051340535,0.2609859
0,0,SINGLE,SINGLE,0.5115009,0.028829893,0.0017835137,0.015355581,0.036150813,0.2590841,0.002274353,0.14502081
5,0,SO,SINGLE,0.28349727,0.021212846,0.0007500172,0.04425698,0.17771892,0.18793608,0.004584274,0.28004363
4,5,BB,SO,0.021820098,0.000577348,0.0007925003,0.006146568,0.013928795,0.6485343,0.039849818,0.2683506
5,7,SO,OUT,0.049717076,0.0008125193,0.00025531248,0.00014408396,0.32957694,0.1081073,0.024780339,0.48660654
5,7,SO,OUT,0.024211748,0.0054758354,0.00048222198,0.0004531128,0.071690604,0.35103917,0.021413257,0.525234
5,7,SO,OUT,0.20568532,0.006870102,0.010216395,0.07405911,0.10521632,0.19440791,0.04767158,0.3558733
0,0,SINGLE,SINGLE,0.3780384,0.02818285,0.0016755749,0.029047057,0.04961793,0.18614508,0.0051917387,0.32210135
0,7,SINGLE,OUT,0.16012849,0.041682597,0.0019987563,0.0128687415,0.041804336,0.28751597,0.015897261,0.4381038
7,0,OUT,SINGLE,0.3512695,0.017670749,0.00048295132,0.030818112,0.15829878,0.17831875,0.0024113774,0.26072982
7,5,OUT,SO,0.06925067,0.010876246,0.0058734696,0.020385815,0.22201814,0.42834097,0.0008079318,0.24244678
7,0,OUT,SINGLE,0.40272772,0.007948785,0.0002578198,0.15236315,0.23004958,0.029619535,0.00018369925,0.17684972
7,0,OUT,SINGLE,0.4242858,0.0125010125,0.0002986523,0.03878849,0.3645638,0.03702563,0.0004908762,0.12204573
7,7,OUT,OUT,0.10649933,0.021436583,6.0380073e-05,0.003749619,0.17071599,0.26376864,0.00021469433,0.43355474
1,0,DOUBLE,SINGLE,0.49763587,0.042315427,0.0017360395,0.10119585,0.06419256,0.13390176,0.013098564,0.14592399
5,5,SO,SO,0.04669097,0.013617373,0.0027960734,0.0071049603,0.12629764,0.47388002,0.0006958019,0.32891724
0,0,SINGLE,SINGLE,0.7421968,0.0018174815,0.0017887155,0.0011310378,0.018972257,0.038819853,0.0006379266,0.1946359
0,5,SINGLE,SO,0.12740844,0.010787162,0.028591502,0.026797686,0.032895017,0.49141583,0.0036712268,0.27843302
5,7,SO,OUT,0.13658307,0.2000467,0.0006489399,0.1701048,0.0622833,0.17690665,0.006745121,0.24668139
7,3,OUT,HR,0.35490975,0.0060108486,0.0019239485,0.37059253,0.18932474,0.017194314,0.0009369215,0.059106916
7,0,OUT,SINGLE,0.31637266,0.2278681,0.0026254463,0.05200881,0.19431147,0.08049353,0.004445697,0.12187427
5,0,SO,SINGLE,0.7014388,0.012603744,7.1751085e-05,0.00017422208,0.027344448,0.018060591,0.00093023863,0.23937625
5,0,SO,SINGLE,0.42867187,0.031597234,0.00095497404,0.0011111603,0.04558632,0.13614407,0.00073014904,0.35520416
5,7,SO,OUT,0.28732592,0.02233766,0.002714489,0.03189379,0.12010445,0.24082404,0.0035491437,0.2912505
7,5,OUT,SO,0.07479174,0.33469787,0.021754062,0.012692166,0.055118024,0.39404723,0.019018166,0.087880805
4,1,BB,DOUBLE,0.24275565,0.43253553,0.0011605497,0.0019158176,0.054244168,0.06183337,0.00040049697,0.2051545
0,7,SINGLE,OUT,0.081763014,0.0023797473,0.00010909807,0.013422313,0.2328373,0.012472576,0.000564857,0.65645117
7,5,OUT,SO,0.011805425,0.018272335,0.00043739207,0.014296802,0.121069804,0.47944805,0.001470176,0.35320005
7,7,OUT,OUT,0.16183443,0.006605444,5.032722e-05,0.012597769,0.07610443,0.10173924,0.00089285645,0.6401755
5,0,SO,SINGLE,0.40361595,0.013694771,0.004575155,0.004449501,0.13481644,0.28116384,0.0043244595,0.15335989
7,5,OUT,SO,0.19033703,0.087741636,0.13814253,0.062478572,0.108482726,0.28101727,0.012986967,0.118813336
1,5,DOUBLE,SO,0.026863618,0.0402966,0.0072646323,0.16099022,0.014937421,0.6054776,0.0017830102,0.14238691
5,7,SO,OUT,0.15801358,0.008508451,0.0006538682,0.0017575512,0.029386984,0.11144865,9.855397e-05,0.6901324
0,5,SINGLE,SO,0.08732686,0.10556116,0.0020292022,0.0042039678,0.045682274,0.65138286,0.037648417,0.066165276
7,4,OUT,BB,0.053491253,0.20220019,0.016832063,0.052136224,0.28814465,0.24468328,0.007011751,0.13550062
0,7,SINGLE,OUT,0.14413926,0.20802635,0.00045349452,0.0696144,0.072932124,0.06942683,0.18797003,0.24743758
4,0,BB,SINGLE,0.41034994,0.015311979,0.0019153211,0.004763812,0.050978694,0.21716808,0.007213306,0.29229888
5,7,SO,OUT,0.110456504,0.11842908,0.0032236846,0.020995354,0.026707303,0.21104082,0.008457479,0.50068974
7,7,OUT,OUT,0.16072032,0.010853304,0.00033791593,0.0017835702,0.022483142,0.1851935,0.0042818645,0.6143464
5,7,SO,OUT,0.02682089,0.07489568,0.0004621274,0.00038300004,0.09536271,0.109213114,0.0009581106,0.6919043
4,7,BB,OUT,0.10799115,0.00089955295,0.0006031709,0.00058751827,0.105716616,0.072939545,0.012766931,0.6984955
0,0,SINGLE,SINGLE,0.3849154,0.06598732,0.001172961,0.0011810045,0.26338306,0.036664017,0.0048604854,0.24183564
0,7,SINGLE,OUT,0.15756126,0.16493896,0.014526512,0.070009045,0.057690646,0.14608596,0.01901053,0.3701771
7,1,OUT,DOUBLE,0.19510324,0.347197,0.0027329442,0.12107272,0.037825525,0.21742843,0.008470713,0.07016945
7,0,OUT,SINGLE,0.26064172,0.07637441,0.016055388,0.022289827,0.21563698,0.2089632,0.00015036388,0.1998881
7,5,OUT,SO,0.261843,0.12733427,0.0025808844,0.0051710117,0.036929764,0.27943298,0.00749805,0.2792101
5,5,SO,SO,0.007319869,0.20461842,0.003197846,0.0023093717,0.22403938,0.32724917,0.13757429,0.093691714
7,7,OUT,OUT,0.12290608,0.0146478955,0.00026533543,0.0064998814,0.23369575,0.27541143,0.011437782,0.33513582
7,5,OUT,SO,0.061542172,0.16481611,0.0010212706,0.006901073,0.19199729,0.2911818,0.082455344,0.20008485
0,3,SINGLE,HR,0.07975281,0.040573448,0.0003262197,0.55488276,0.03280562,0.09569904,0.010375797,0.18558432
0,7,SINGLE,OUT,0.22022821,0.009781287,0.00021893086,0.001924614,0.050911136,0.20359395,0.021858668,0.4914831
4,4,BB,BB,0.3484711,0.054771025,0.06183582,0.032327443,0.38873956,0.016018305,0.022858944,0.07497786
5,7,SO,OUT,0.26499698,0.003193775,0.00013149387,0.00046154225,0.113421805,0.033565063,0.0014282608,0.582801
4,4,BB,BB,0.09248277,0.006465082,0.0010247357,0.042393286,0.47158104,0.11410153,0.003452662,0.26849893
5,5,SO,SO,0.0066383574,0.0125507,0.00043965032,0.00081884634,0.0030297579,0.91817546,0.00017148211,0.058175664
0,7,SINGLE,OUT,0.010203928,0.00010257471,0.00010947758,7.754074e-05,0.12806651,0.00079987425,3.8382755e-06,0.8606363
4,0,BB,SINGLE,0.47948274,0.0007727455,2.804094e-05,0.3600115,0.07413798,0.0005925741,0.0004751238,0.08449933
6,1,HBP,DOUBLE,0.2381315,0.42935902,0.022766992,0.03106988,0.0524534,0.021182498,0.08217973,0.122857004
7,7,OUT,OUT,0.104759544,0.009839059,0.03168503,0.00066684646,0.037125494,0.10852251,0.0011061011,0.70629543
0,0,SINGLE,SINGLE,0.29195765,0.0062366794,0.064120054,0.046176966,0.10919481,0.25040057,0.002096867,0.22981642
4,3,BB,HR,0.018438092,0.0030740404,0.034965772,0.54579425,0.15682712,0.121608116,0.0022317737,0.11706077
7,3,OUT,HR,0.011708477,0.003257573,0.0020360996,0.8354093,0.051209852,0.06361078,0.0016503718,0.031117493
0,7,SINGLE,OUT,0.23131317,0.004892465,0.059702363,0.03238126,0.18179789,0.17951888,0.00035912084,0.31003493
0,0,SINGLE,SINGLE,0.45408085,0.049829282,0.0048759826,0.1270899,0.009794671,0.17768432,0.0033078524,0.1733371
4,0,BB,SINGLE,0.49630597,0.035926096,0.00917251,0.074625224,0.088054456,0.22417463,0.0061650136,0.06557614
5,7,SO,OUT,0.23846385,0.0012239476,0.013495138,0.019678839,0.06262795,0.20827809,0.024607036,0.43162516
4,0,BB,SINGLE,0.4625494,0.009426544,0.0003974086,0.016623633,0.0146704065,0.07081933,0.007924762,0.41758853
5,5,SO,SO,0.25565296,0.021281486,0.0010303227,0.011453425,0.011506792,0.35339156,0.0024837465,0.34319967
5,0,SO,SINGLE,0.48297182,0.0043033115,0.0033527364,0.068073966,0.030423997,0.10640632,0.0009396254,0.30352828
4,7,BB,OUT,0.13172397,0.17285512,0.0019389753,0.0020196196,0.23201485,0.13897397,0.0019991375,0.31847432
2,1,TRIPLE,DOUBLE,0.2752243,0.3122877,0.0002605925,0.005037499,0.05023805,0.04336852,0.0063503888,0.30723304
7,5,OUT,SO,0.07442245,0.050587006,4.5037443e-05,0.00047393466,0.09259649,0.39743286,2.4896577e-05,0.3844174
7,7,OUT,OUT,0.20730326,0.114278466,0.00035781527,0.0039756456,0.18765444,0.04321577,0.00022537737,0.4429893
0,7,SINGLE,OUT,0.08858781,0.10326921,0.0035426002,0.064296134,0.22689319,0.10363675,0.005171524,0.40460277
0,0,SINGLE,SINGLE,0.4720533,0.0057567945,0.00012321839,0.087852366,0.09525091,0.051680155,0.0026627781,0.2846204
0,0,SINGLE,SINGLE,0.59688973,0.026289862,0.00047789692,0.0036108643,0.07057404,0.12781873,0.0010706001,0.17326827
5,0,SO,SINGLE,0.429385,0.13837913,0.0048369407,0.004707357,0.05245077,0.053361207,0.0005759634,0.31630376
7,0,OUT,SINGLE,0.46487483,0.034399796,0.003965386,0.0139735555,0.031874135,0.2556138,0.006441689,0.18885683
7,7,OUT,OUT,0.2444087,0.017871618,0.0012693948,0.0224738,0.011054231,0.1687945,9.9582016e-05,0.5340281
7,7,OUT,OUT,0.3844864,0.0076063955,0.0011641381,0.0029302177,0.05596724,0.0313067,0.02602425,0.49051467
7,5,OUT,SO,0.03206429,0.07100497,0.17916276,0.0011668317,0.032044504,0.52566075,0.002539431,0.15635641
5,0,SO,SINGLE,0.6604629,0.02110153,0.012725521,0.0025954754,0.02353263,0.091863915,0.0014192224,0.18629886
7,7,OUT,OUT,0.22088082,0.029802373,0.03691911,0.0025985811,0.008756038,0.11965691,3.0854793e-05,0.58135533
5,0,SO,SINGLE,0.49616036,0.108453676,0.007066169,0.0015798949,0.09270707,0.19840495,0.0020409739,0.0935869
5,0,SO,SINGLE,0.7027287,0.000775664,0.0010684531,0.0015300483,0.16464512,0.07047669,7.9200916e-05,0.058696225
7,6,OUT,HBP,0.36371103,0.0049308324,0.001550156,0.0062040105,0.0009040213,0.020512465,0.5714179,0.030769592
7,5,OUT,SO,0.049111437,0.018805752,0.00028018112,0.020273244,0.03404836,0.78691876,0.0029569992,0.08760529
7,4,OUT,BB,0.066200055,0.056266952,0.009217543,0.028070549,0.4527122,0.068628594,0.00326072,0.31564337
1,0,DOUBLE,SINGLE,0.32939702,0.053859554,0.0071329502,0.02200245,0.24257328,0.21721415,0.005108802,0.12271176
7,1,OUT,DOUBLE,0.2688128,0.3830395,0.00038286508,0.010451533,0.12578982,0.13129905,0.01748645,0.06273799
7,0,OUT,SINGLE,0.68539166,0.022370903,2.9998047e-05,0.009353789,0.03308961,0.17426057,0.0006074834,0.07489592
7,5,OUT,SO,0.082087316,0.079915494,0.0002800409,0.115365125,0.007868835,0.544972,0.00057740486,0.16893372
7,5,OUT,SO,0.04443148,0.030558053,0.0023686814,0.0024398868,0.21234344,0.37254232,0.002189109,0.33312696
7,4,OUT,BB,0.061653797,0.02661413,0.00048536088,0.061804727,0.44794104,0.12058391,0.007029083,0.27388793
7,5,OUT,SO,0.119232245,0.02495748,0.000102408674,0.066844,0.23897333,0.31468004,0.0029873312,0.23222311
7,7,OUT,OUT,0.053851176,0.0018662853,0.012785805,0.011800755,0.15914142,0.157996,0.004444368,0.5981142
7,5,OUT,SO,0.24765679,0.00081390416,0.009605948,0.00090920524,0.03506442,0.4945902,0.120839596,0.09051985
4,0,BB,SINGLE,0.28552946,0.044293024,0.015997173,0.0045685563,0.1384275,0.20378095,0.07625548,0.23114784
7,7,OUT,OUT,0.18111716,0.008597208,0.00063212117,0.007835536,0.020526655,0.25168943,0.022682117,0.5069198
0,7,SINGLE,OUT,0.24311344,0.0035105308,0.00035224375,0.014696886,0.12540758,0.047883183,0.0017813729,0.5632548
0,0,SINGLE,SINGLE,0.30989626,0.07494703,0.11982076,0.07111196,0.11424835,0.13563503,0.01865338,0.15568724
4,0,BB,SINGLE,0.42622012,0.0052600293,0.0021735907,0.0015314859,0.033133227,0.13208891,0.0022545364,0.39733815
7,7,OUT,OUT,0.14346449,0.057529073,0.01483139,0.06096414,0.07745772,0.1162403,0.061375335,0.4681376
7,7,OUT,OUT,0.2323194,0.11507327,0.021252247,0.017292222,0.107635975,0.095794946,0.013626802,0.39700508
7,7,OUT,OUT,0.19867936,0.008209542,0.0016769135,0.0016754334,0.017225737,0.13422526,0.0007986412,0.63750917
0,7,SINGLE,OUT,0.25482386,0.13556916,0.0043348502,0.0034561579,0.09632256,0.21845523,0.003096981,0.28394112
7,4,OUT,BB,0.06269481,0.014214665,0.0027659093,0.014052852,0.5433857,0.03794462,0.0015152594,0.32342622
4,4,BB,BB,0.095210336,0.0026402464,0.0014893838,0.01703541,0.7036529,0.060419466,0.0104940655,0.10905818
7,7,OUT,OUT,0.2509373,0.0024505958,0.00084662513,0.00442588,0.010525569,0.11946206,0.010346561,0.6010054
7,0,OUT,SINGLE,0.4136618,0.0027284578,3.1661453e-05,0.0036560397,0.16127735,0.20006779,4.8426664e-05,0.21852851
0,7,SINGLE,OUT,0.13713615,0.009820845,8.776269e-05,0.0068506203,0.064358234,0.069865264,0.00023471689,0.7116464
5,5,SO,SO,0.052678134,0.0049602073,0.0010957272,0.10848366,0.036700785,0.45548406,0.007122112,0.33347532
7,5,OUT,SO,0.15946124,0.09529697,0.004543892,0.002579981,0.10428493,0.41806957,0.0027404297,0.2130229
5,7,SO,OUT,0.13878645,0.021093994,0.021243852,0.01612749,0.041820932,0.35724175,0.01677605,0.38690954
5,5,SO,SO,0.25965557,0.006301336,0.0052999677,0.0012562915,0.13964787,0.45409638,0.0045893453,0.12915325
7,7,OUT,OUT,0.12112704,0.21840325,0.00721805,0.10953169,0.018726585,0.110440694,0.042001914,0.3725507
7,5,OUT,SO,0.12887658,0.058020417,0.0010635856,0.0087199295,0.06737738,0.5871144,0.01911589,0.12971182
0,7,SINGLE,OUT,0.19908768,0.070823446,0.0048981216,0.021103377,0.016573016,0.119664975,0.001981801,0.5658676
7,3,OUT,HR,0.060435724,0.20009784,0.00068959827,0.3188827,0.048807412,0.21855327,0.007320795,0.14521264
4,0,BB,SINGLE,0.36064887,0.049365483,0.00133731,0.008311348,0.047003824,0.20574939,0.010215661,0.31736812
0,5,SINGLE,SO,0.1257123,0.082942076,0.0014439188,0.0065211845,0.075921744,0.5030212,0.0017359725,0.20270154
7,0,OUT,SINGLE,0.24858947,0.01687719,0.040839296,0.00770861,0.21034963,0.24573544,0.00032628636,0.2295741
7,5,OUT,SO,0.17198363,0.047636036,0.00052961597,0.020020664,0.026019346,0.6013834,0.033845466,0.098581895
5,5,SO,SO,0.041085627,0.014207312,0.0016843533,0.0039623138,0.00419187,0.59627765,0.0023548368,0.336236
7,5,OUT,SO,0.089551784,0.009661351,0.005261509,0.01679152,0.010382822,0.44803149,0.02319502,0.39712453
7,0,OUT,SINGLE,0.44931173,0.0127285775,0.0053632264,0.0024496287,0.016624602,0.1834022,0.0034453997,0.32667464
0,5,SINGLE,SO,0.19007026,0.02615484,0.013255158,0.014749727,0.1932142,0.34498948,0.033526655,0.18403974
0,0,SINGLE,SINGLE,0.31819084,0.0026064476,0.018098246,0.00031578133,0.22184005,0.23453124,0.0005406848,0.20387663
7,5,OUT,SO,0.06448415,0.036856886,0.03250009,0.16805641,0.045469087,0.41978496,0.035627756,0.1972207
1,7,DOUBLE,OUT,0.072753094,0.024567695,0.0016299196,0.046015635,0.035182282,0.02209866,0.27905,0.51870275
5,1,SO,DOUBLE,0.1913512,0.2877809,0.019069502,0.005954684,0.23046033,0.041412815,0.010827768,0.21314278
0,7,SINGLE,OUT,0.13368419,0.14317563,0.009977524,0.112586044,0.0769618,0.117745675,0.001674871,0.4041942
7,7,OUT,OUT,0.1009174,0.04529526,0.0034755655,0.029538883,0.053817436,0.14283144,0.025573228,0.59855074
7,5,OUT,SO,0.17077248,0.028614936,0.00036202738,0.010273763,0.1076214,0.39686286,0.006190996,0.27930155
0,7,SINGLE,OUT,0.1567461,0.075264364,0.009011649,0.020230377,0.2205022,0.21978177,0.00035254835,0.29811093
7,1,OUT,DOUBLE,0.023077102,0.65710884,0.00033007475,0.003936805,0.0980115,0.11527302,0.03197469,0.0702879
0,7,SINGLE,OUT,0.21901613,0.029075934,0.00033587212,0.023869878,0.03818794,0.2900686,0.003459949,0.39598572
7,1,OUT,DOUBLE,0.024516432,0.63520473,0.0007084966,0.008662155,0.03776925,0.17300609,0.00760156,0.112531185
0,5,SINGLE,SO,0.052955728,0.076558284,0.007490796,0.003317612,0.030240342,0.38669035,0.08583537,0.3569116
7,7,OUT,OUT,0.035120152,0.30570957,0.015364514,0.062102273,0.06812458,0.08552277,0.0070210225,0.42103505
7,7,OUT,OUT,0.072796114,0.004040332,0.013728302,0.0052974885,0.25088507,0.13287832,0.0001582982,0.52021605
0,0,SINGLE,SINGLE,0.24085216,0.16260879,0.0010955136,0.10336449,0.2232749,0.09332811,0.018635962,0.15684012
7,7,OUT,OUT,0.20746249,0.18232852,0.0006242308,0.05651739,0.17113,0.12054656,0.008959234,0.2524315
0,7,SINGLE,OUT,0.21434675,0.1706283,0.012397979,0.038556598,0.20398499,0.0802176,0.0012468742,0.27862087
5,7,SO,OUT,0.19548808,0.0090705855,0.0007329567,0.009040055,0.06800547,0.17524637,0.0068207006,0.53559583
7,5,OUT,SO,0.04004668,0.07361611,0.0017572334,0.04897897,0.07991204,0.48394278,0.1220839,0.14966227
7,7,OUT,OUT,0.2436056,0.015881538,0.0038514459,0.007091694,0.021299403,0.16632149,0.008116582,0.53383225
7,5,OUT,SO,0.07230156,0.14588355,0.0005173329,0.003693372,0.070875205,0.39097387,0.009258974,0.30649605
0,1,SINGLE,DOUBLE,0.08008035,0.5764614,7.4309224e-05,0.0053649107,0.10511712,0.13196181,0.004482875,0.09645733
2,5,TRIPLE,SO,0.04543945,0.01963904,0.004028737,0.15237261,0.052190807,0.4529344,0.002241665,0.2711533
4,7,BB,OUT,0.044732016,0.07926339,0.0987891,0.004713533,0.25517696,0.17038977,0.0011269224,0.3458083
7,6,OUT,HBP,0.087222315,0.028093772,0.018200364,0.09538766,0.15902855,0.13439721,0.23920141,0.23846868
7,7,OUT,OUT,0.12907194,0.06257869,0.003118572,0.14885494,0.04358512,0.20548359,0.19403145,0.21327564
5,5,SO,SO,0.058906365,0.004567673,3.335737e-05,0.006164527,0.12334187,0.6898724,0.0002449902,0.11686893
7,7,OUT,OUT,0.008182776,0.14752904,8.0425416e-05,0.0015507936,0.11768658,0.18523811,0.040167026,0.49956527
7,7,OUT,OUT,0.07853736,0.05952123,0.00017786125,0.0017462607,0.27984154,0.21713954,0.04001491,0.32302132
7,3,OUT,HR,0.03187195,0.003886969,0.00010158701,0.65003663,0.012991225,0.14352013,0.0005168898,0.15707459
0,5,SINGLE,SO,0.023656202,0.218862,0.00041616146,0.02481901,0.17149314,0.34305555,0.0016772627,0.2160207
5,5,SO,SO,0.0514102,0.015802946,7.4481263e-06,0.0011695856,0.008495955,0.5765226,0.0082690185,0.33832225
7,7,OUT,OUT,0.28722948,0.0046685073,0.00048880646,0.11968231,0.07360372,0.020305777,0.0042799995,0.48974133
7,7,OUT,OUT,0.22034992,0.13759619,0.0004575655,0.0015016579,0.0033309783,0.09670349,0.217637,0.3224232
0,0,SINGLE,SINGLE,0.3555168,0.0286993,8.423347e-05,0.051829927,0.037328392,0.27881816,0.13105877,0.11666437
4,4,BB,BB,0.20000494,0.023481365,1.4452501e-05,0.02557972,0.54856795,0.019374395,0.0024854387,0.18049173
1,3,DOUBLE,HR,0.15106496,0.118032135,0.0001583403,0.41487855,0.015051759,0.12572373,0.0028929205,0.17219761
7,0,OUT,SINGLE,0.51100963,0.05345748,0.00071665744,0.0015113873,0.08128803,0.18705614,0.0059012,0.1590594
7,4,OUT,BB,0.108335756,0.018607233,0.019839743,0.0024645678,0.38095313,0.29416266,0.050220657,0.12541611
7,5,OUT,SO,0.078398995,0.13196756,0.21073797,0.011990665,0.07396833,0.25188488,0.011436893,0.22961466
0,3,SINGLE,HR,0.1467589,0.03668872,0.00049401575,0.45049787,0.01964259,0.20419125,0.00051991397,0.14120677
4,7,BB,OUT,0.21163292,0.19767264,0.0014321047,0.025321893,0.16360778,0.14606753,0.03352558,0.22073957
7,4,OUT,BB,0.23816994,0.040829867,0.0009045143,0.024102002,0.39546087,0.039187644,0.04935891,0.21198621
7,4,OUT,BB,0.14917539,0.038287427,7.362017e-05,0.07627474,0.35546452,0.20311308,0.07751939,0.10009176
7,7,OUT,OUT,0.28799045,0.010997573,0.0002625944,0.0008872287,0.18605109,0.04959516,0.0003717268,0.46384412
5,7,SO,OUT,0.048695274,0.017814372,0.0017182018,0.010105086,0.10280052,0.20203388,0.0057952055,0.61103743
7,0,OUT,SINGLE,0.32221955,0.12650262,0.011822646,0.0058930125,0.17891473,0.1688352,0.053276397,0.13253587
4,3,BB,HR,0.1479615,0.012378331,0.000617665,0.48487836,0.017690636,0.22887497,0.0040858584,0.10351265
7,5,OUT,SO,0.077874646,0.0039325515,0.0016967492,0.009322021,0.043080695,0.47648954,0.0011587135,0.386445
0,7,SINGLE,OUT,0.16756096,0.06389111,0.00083816954,0.00095140777,0.018081682,0.14484975,0.0017629907,0.60206395
5,5,SO,SO,0.049091663,0.033575524,3.9352806e-05,0.0029891308,0.00685825,0.6639891,0.0013381895,0.24211882
7,5,OUT,SO,0.07274101,0.039732944,0.0003575368,0.0224659,0.026642552,0.48817018,0.0028811216,0.34700873
0,7,SINGLE,OUT,0.16763303,0.015858851,5.3943106e-05,0.0007343689,0.064870656,0.20873338,0.022215754,0.5199
7,7,OUT,OUT,0.27114138,0.13477261,0.0019428907,0.012509047,0.0053071883,0.15838948,0.018219657,0.39771774
7,4,OUT,BB,0.08883003,0.0042181914,3.0677755e-05,0.20033008,0.29241866,0.15627086,0.0037704266,0.2541311
7,5,OUT,SO,0.11641039,0.026694234,0.00046136527,0.038501486,0.08764315,0.38719824,0.007133734,0.33595738
7,5,OUT,SO,0.095789246,0.15385716,0.00070265896,0.22714494,0.05954907,0.39958337,0.004316241,0.059057333
7,5,OUT,SO,0.0067099645,0.00050420186,8.282722e-05,0.00024620045,0.00021061672,0.50437963,0.00013226326,0.48773432
0,3,SINGLE,HR,0.09557723,0.008954898,0.0011509976,0.4074845,0.008662947,0.14609218,0.008281053,0.32379624
7,0,OUT,SINGLE,0.4783206,0.0076846103,0.004389534,0.0032676102,0.08057909,0.19732565,0.002426078,0.22600672
7,7,OUT,OUT,0.3434086,0.009955952,0.00088326813,0.054484613,0.041321132,0.097003154,0.0087478245,0.4441955
4,5,BB,SO,0.25352576,0.105831824,0.0010255052,0.0023977014,0.0060005314,0.38861758,2.8852019e-05,0.24257222
7,5,OUT,SO,0.070488386,0.0029326722,0.00045294352,0.0013782672,0.29418114,0.45513916,0.0030123568,0.17241508
0,5,SINGLE,SO,0.005380989,0.08582208,6.6136214e-05,0.0003834715,0.04022449,0.73629445,0.0048122536,0.12701605
7,1,OUT,DOUBLE,0.023576656,0.6742441,0.0015933336,0.030083798,0.012504451,0.040313542,0.010371599,0.20731254
4,1,BB,DOUBLE,0.03791797,0.48115045,0.000831974,0.019788206,0.20778683,0.06993069,0.0062160473,0.17637788
7,0,OUT,SINGLE,0.50613046,0.15332206,0.00059866236,0.003051516,0.13650638,0.05559478,0.0016566393,0.14313951
4,1,BB,DOUBLE,0.13574237,0.36877596,0.0018282783,0.002516856,0.3123215,0.10036754,0.01597011,0.062477387
7,7,OUT,OUT,0.16743429,0.010111468,0.0012117272,0.00074824295,0.020213276,0.09442761,0.0002552982,0.7055981
0,7,SINGLE,OUT,0.12674204,0.06205646,0.0003420556,0.009648004,0.07406747,0.3029004,0.002163898,0.4220797
7,7,OUT,OUT,0.31566983,0.0081055295,0.0060020573,0.0014117183,0.05298006,0.07032934,0.003893161,0.5416084
0,0,SINGLE,SINGLE,0.32039917,0.0050158757,0.0116591435,0.094060905,0.29459375,0.082616955,0.0004830421,0.1911712
7,0,OUT,SINGLE,0.70748067,0.02164452,0.0008713658,0.0048161447,0.07217708,0.033253692,0.009450633,0.150306
7,5,OUT,SO,0.024296358,0.017483788,0.00037251908,0.015722988,0.037173744,0.7875328,0.0045285486,0.11288929
0,7,SINGLE,OUT,0.055186354,0.07074226,0.0023002534,0.18841779,0.04694778,0.31099677,0.006103509,0.31930527
5,5,SO,SO,0.17973539,0.11071834,0.003482694,0.036333542,0.058006905,0.3109828,0.00931872,0.2914216
4,0,BB,SINGLE,0.2360189,0.21245828,0.0015882012,0.0035400605,0.10496999,0.23164853,0.0018571025,0.20791894
7,5,OUT,SO,0.113340385,0.042109594,0.00040857776,0.14469147,0.020621447,0.6247319,0.00077904516,0.053317595
5,5,SO,SO,0.24316907,0.018756121,0.0006053779,0.075023964,0.003294091,0.50921816,0.00017606399,0.14975728
7,7,OUT,OUT,0.05405382,0.037867397,0.008704859,0.00060315424,0.022804333,0.015009795,0.0027166468,0.85824
7,3,OUT,HR,0.03930483,0.0006580302,1.5495383e-05,0.5239647,0.06437242,0.24631897,0.0003712234,0.12499444
7,7,OUT,OUT,0.14794675,0.023167495,4.1419266e-06,0.14985013,0.009367065,0.056049302,0.00037272702,0.6132424
0,3,SINGLE,HR,0.14554848,0.053727467,0.0010966742,0.4995103,0.01357296,0.04025568,0.006951972,0.23933657
0,0,SINGLE,SINGLE,0.29714245,0.058613382,0.00022516059,0.29616937,0.10603164,0.1914699,0.0038761683,0.046471953
5,5,SO,SO,0.05523004,0.043622468,0.00084783754,0.2183029,0.08487508,0.43616042,0.061682895,0.09927835
1,1,DOUBLE,DOUBLE,0.019695653,0.56762713,0.00025297544,0.02175465,0.1391064,0.0288192,0.011573832,0.21117015
6,7,HBP,OUT,0.054162946,0.21797445,0.032939583,0.111580245,0.19943433,0.06667677,0.0064859786,0.31074572
3,5,HR,SO,0.07320597,0.021455586,0.0051601655,0.0077976277,0.2923399,0.32954758,0.01178035,0.25871283
5,3,SO,HR,0.054786757,0.03891245,0.00065331016,0.51502025,0.2112712,0.14912526,0.0014042604,0.028826525
1,5,DOUBLE,SO,0.09599526,0.06663999,0.06298596,0.0027695175,0.07245815,0.35883415,0.00080379704,0.3395131
5,1,SO,DOUBLE,0.14771406,0.2579032,0.0024353547,0.09628739,0.13829075,0.22689089,0.0070114345,0.12346691
7,0,OUT,SINGLE,0.45815343,0.016137077,0.004167824,0.22326548,0.046712898,0.06357736,0.0035628895,0.18442297
7,1,OUT,DOUBLE,0.048617963,0.59226173,0.000635175,0.0008759887,0.032918226,0.04190001,0.0060210503,0.27676997
5,5,SO,SO,0.00028815787,5.6500012e-05,0.000488861,0.00031310623,0.0002496159,0.91316116,0.0010002581,0.084442325
7,7,OUT,OUT,0.30496627,0.029355869,0.011964268,0.008779042,0.012667747,0.20272326,0.0007408387,0.42880264
7,5,OUT,SO,0.14678212,0.07157678,0.0023367356,0.07070184,0.06878012,0.33591107,0.0071832794,0.29672813
5,5,SO,SO,0.0029391292,0.0010583241,0.0003671708,0.0037770672,0.00025301875,0.841786,0.005602639,0.1442167
7,7,OUT,OUT,0.026986863,0.23180644,0.00034764365,0.0022919464,0.18459207,0.04182743,0.0014438427,0.51070374
7,3,OUT,HR,0.14537928,0.11153487,0.0005705825,0.4228719,0.06820169,0.061142325,0.0014492183,0.18885009
7,5,OUT,SO,0.0848714,0.04251476,0.0018147497,0.062092144,0.053377263,0.6255808,0.00063889025,0.12911002
7,5,OUT,SO,0.06423076,0.0067481417,0.00047558272,0.016801255,0.058087356,0.71275944,0.025095602,0.115801886
7,4,OUT,BB,0.20488535,0.019234026,0.0012045235,0.1437039,0.39410624,0.09349081,0.010637226,0.13273796
7,7,OUT,OUT,0.014627734,0.027862752,0.0003655089,0.09661076,0.02709993,0.12935919,0.054603264,0.6494708
1,7,DOUBLE,OUT,0.1683142,0.015005819,0.00017519193,0.009760916,0.03539535,0.30322006,0.027530858,0.44059762
7,4,OUT,BB,0.14385654,0.01800776,0.00019625505,0.028821735,0.5059892,0.12614824,0.0016555863,0.1753247
0,3,SINGLE,HR,0.047653686,0.017294219,0.0038271262,0.6846596,0.040812604,0.076195486,0.0018772521,0.12767993
7,5,OUT,SO,0.033667322,0.013294634,0.00035653892,0.08915031,0.2635073,0.2967232,0.006622207,0.29667848
0,7,SINGLE,OUT,0.09174052,0.040381208,0.0018565358,0.016798628,0.018820068,0.092458196,0.003231501,0.7347134
0,7,SINGLE,OUT,0.27373713,0.094516136,0.00019594574,0.06453044,0.017665671,0.034894004,0.0017066253,0.5127541
7,1,OUT,DOUBLE,0.2369653,0.5512636,0.0005213694,0.0039077355,0.1135935,0.026984971,0.0039948006,0.06276878
5,5,SO,SO,0.03100432,0.014955759,0.0017816409,0.01203054,0.2054847,0.619185,0.0005594307,0.11499868
7,7,OUT,OUT,0.122892454,0.043893456,0.028588472,0.0054316884,0.11067683,0.08052661,7.1580565e-05,0.607919
7,7,OUT,OUT,0.19536483,0.10986761,0.0148577,0.027306758,0.05131654,0.23984505,0.0017321636,0.35970935
0,5,SINGLE,SO,0.18201694,0.07455587,0.014542146,0.026102195,0.026122222,0.43114167,0.04186865,0.20365036
7,5,OUT,SO,0.11432158,0.06975753,0.0014253724,0.026211848,0.09445507,0.3629447,0.0003139006,0.33056995
7,3,OUT,HR,0.0561118,0.12584575,0.009388346,0.33342877,0.046118755,0.18713593,0.0047301734,0.2372405
7,0,OUT,SINGLE,0.46627587,0.098654196,0.00090522174,0.12814488,0.027264092,0.051456667,0.012494032,0.21480498
7,1,OUT,DOUBLE,0.0165073,0.86060447,4.667909e-05,0.0019372326,0.021791754,0.033339277,0.00021881984,0.065554455
5,7,SO,OUT,0.1253388,0.01295225,0.000448233,0.10777467,0.077317156,0.17456354,0.042753495,0.45885187
7,5,OUT,SO,0.1623174,0.100054964,0.0018401451,0.007578838,0.019569665,0.4474373,0.008086611,0.25311497
7,5,OUT,SO,7.648517e-09,2.0378208e-07,1.756852e-22,1.6036089e-15,2.8761827e-08,0.99972636,7.2113534e-13,0.00027339297
5,5,SO,SO,0.15919498,0.02243759,0.0048725493,0.012240233,0.056053214,0.6568392,0.00076516275,0.08759714
5,5,SO,SO,0.25742868,0.011175979,0.00030884708,0.027132137,0.029328603,0.50702995,0.039122738,0.12847301
5,4,SO,BB,0.30321452,0.083303936,0.020754699,0.006918316,0.30722627,0.095252745,3.3071457e-05,0.18329653
7,7,OUT,OUT,0.11762764,0.024573417,0.004843856,0.044817206,0.024526177,0.35444385,0.03910651,0.3900613
5,0,SO,SINGLE,0.70891976,0.011274405,0.0013992278,0.03349802,0.032396756,0.14889279,0.0012098866,0.06240913
5,7,SO,OUT,0.18377708,0.10225107,0.0032997895,0.013270831,0.12788135,0.26329088,0.008019196,0.29820982
7,7,OUT,OUT,0.124134645,0.034378517,0.022746533,0.0022026268,0.024423292,0.053287007,0.002047346,0.73678005
1,7,DOUBLE,OUT,0.11840158,0.20354524,0.00097114325,0.015592087,0.06620874,0.09427314,0.0001146939,0.5008934
0,1,SINGLE,DOUBLE,0.09157204,0.40388164,0.013487594,0.026800998,0.1251026,0.248126,0.0036470653,0.08738205
0,5,SINGLE,SO,0.118323274,0.12608495,0.002848409,0.0044513913,0.048844133,0.4066845,0.006861724,0.2859015
7,5,OUT,SO,0.08076219,0.046071127,0.018032985,0.31565416,0.02786651,0.34581074,0.016364202,0.149438
0,0,SINGLE,SINGLE,0.33089086,0.080559574,0.0002642779,0.023880703,0.2345844,0.13761134,0.0010389818,0.19116981
5,3,SO,HR,0.0052690874,0.011046472,0.00013579076,0.79289645,0.05508033,0.10505494,0.00059437973,0.029922597
5,1,SO,DOUBLE,0.12076278,0.3474349,0.0021890032,0.0015654248,0.06346322,0.3352392,0.0064149634,0.12293056
7,7,OUT,OUT,0.10781498,0.06950968,0.015038628,0.0056962105,0.26762417,0.10791331,0.003578926,0.4228241
5,6,SO,HBP,0.301421,0.010157239,0.0036893333,0.020633813,0.03666671,0.15398906,0.39505425,0.07838861
5,7,SO,OUT,0.21699725,0.028316652,0.014693505,0.013142025,0.08459442,0.13714187,0.009784357,0.4953299
5,1,SO,DOUBLE,0.1054549,0.38729492,0.0016552332,0.12390225,0.056865748,0.11927983,0.0058881226,0.19965892
0,7,SINGLE,OUT,0.11136258,0.04987345,0.017661301,0.10666781,0.1272575,0.06476058,0.0007419096,0.52167493
0,0,SINGLE,SINGLE,0.27778748,0.08340246,0.0010939116,0.26334366,0.1276307,0.10097602,0.006926352,0.13883933
3,7,HR,OUT,0.10380514,0.17639707,0.00104113,0.0012178901,0.10987127,0.060892664,0.011609502,0.53516537
7,5,OUT,SO,0.07128426,0.0153057305,0.00042961384,0.16258219,0.013072618,0.29520047,0.17328754,0.26883763
5,7,SO,OUT,0.23001157,0.10765845,0.00038033482,0.250989,0.0715057,0.04504914,0.0022390643,0.29216668
0,0,SINGLE,SINGLE,0.26713496,0.11974157,0.0009924988,0.04733567,0.178309,0.12153577,0.0118346615,0.25311586
7,1,OUT,DOUBLE,0.045147307,0.47095028,0.0020619964,0.20585172,0.06604465,0.05256739,0.0015264442,0.15585025
7,7,OUT,OUT,0.07885354,0.12498287,0.2158408,0.008228157,0.03938727,0.1915242,0.053418353,0.28776485
7,7,OUT,OUT,0.23556136,0.035501365,0.1555246,0.016144622,0.033292443,0.1268133,0.0038142102,0.39334816
5,0,SO,SINGLE,0.7307083,0.013876844,0.0068533733,0.0019987428,0.04220668,0.16161942,0.00018170432,0.042554945
0,7,SINGLE,OUT,0.03218913,0.2533834,0.013166849,0.0011267728,0.19222066,0.08279571,0.0005569277,0.42456055
7,5,OUT,SO,0.06287026,0.0027031943,0.00018354795,9.563031e-05,0.00075908925,0.7612203,4.5648325e-05,0.17212227
0,7,SINGLE,OUT,0.2661323,0.034536455,0.008638405,0.003205573,0.03200238,0.2336316,0.02380499,0.39804828
7,5,OUT,SO,0.24057618,0.022327162,0.0062088827,0.0010896018,0.02675615,0.5183087,0.0073304684,0.17740281
5,7,SO,OUT,0.0740651,0.02555043,0.0010294844,0.02521355,0.013073301,0.32783827,0.0010462241,0.53218365
5,5,SO,SO,0.040988214,0.0031251025,0.000995908,0.0011347731,0.0067171664,0.63497615,0.012179575,0.29988316
5,7,SO,OUT,0.1663358,0.031954326,0.0006613344,0.01303241,0.057235915,0.12116153,0.008637123,0.6009815
7,7,OUT,OUT,0.11295646,0.009931363,0.0010838029,0.0014970922,0.30268395,0.09560586,0.020742266,0.4554992
7,5,OUT,SO,0.08350523,0.010813861,0.0007008215,0.004591255,0.17933518,0.5646069,0.006647526,0.14979917
7,5,OUT,SO,0.21088701,0.06218367,0.0054786,0.019071,0.10720189,0.5173661,0.008798906,0.06901283
0,5,SINGLE,SO,0.28910232,0.03643306,0.0025421262,0.018949887,0.019486949,0.39665666,0.004507574,0.23232135
7,0,OUT,SINGLE,0.5058163,0.060571067,0.008673776,0.00084363675,0.07412293,0.08194953,0.09642336,0.17159939
5,4,SO,BB,0.07185859,0.053120505,0.00027314137,0.011213119,0.45557186,0.18488821,0.105355814,0.11771876
7,7,OUT,OUT,0.067280956,0.038904864,0.0013461477,0.0005261834,0.1143982,0.04716435,0.00041289462,0.72996646
7,5,OUT,SO,0.075363524,0.00043568946,0.0003298346,0.00017519138,0.0051862244,0.4838502,7.7774814e-05,0.43458152
0,0,SINGLE,SINGLE,0.7222355,0.006520981,0.00021150001,5.5909535e-05,0.0025622384,0.15795465,8.811266e-06,0.1104504
7,7,OUT,OUT,0.1934538,0.029854732,0.008824483,0.0005846634,0.0046453676,0.298271,0.0010905521,0.46327543
0,0,SINGLE,SINGLE,0.81397504,0.049994644,0.006291882,0.0039070556,0.012797054,0.06777632,0.004684967,0.040573016
7,5,OUT,SO,0.062417943,0.0151488,0.0013686246,0.0030319125,0.055313423,0.60352474,0.0007198347,0.25847468
7,0,OUT,SINGLE,0.55857664,0.031893294,0.002012798,0.0047540287,0.06851559,0.19814473,0.014208083,0.121894784
5,5,SO,SO,0.0007612177,6.8932175e-05,8.080205e-05,3.5209073e-06,5.198393e-05,0.50682485,1.4055238e-05,0.49219465
7,5,OUT,SO,0.20584169,0.09130153,0.0013110451,0.0010114315,0.11556356,0.35820267,0.0019513288,0.2248167
7,4,OUT,BB,0.1500918,0.008688321,0.028788066,0.00036071806,0.45700628,0.061469413,0.0009790644,0.2926164
5,4,SO,BB,0.29645783,0.09424045,0.0046094684,0.006399455,0.39063498,0.11306982,0.039442442,0.05514555
7,5,OUT,SO,0.14044072,0.10130459,0.0012363939,0.01766553,0.03326598,0.65282947,0.0026184171,0.05063888
7,0,OUT,SINGLE,0.4154238,0.004285084,0.0008093124,0.045713946,0.16632225,0.12467887,0.110184364,0.13258241
0,0,SINGLE,SINGLE,0.4682613,0.017189106,0.0049468908,0.0003713409,0.023864033,0.09695456,0.00064111245,0.38777176
7,5,OUT,SO,0.015670985,0.015845943,0.0006860182,0.0016249677,0.03506932,0.48287234,0.00027315205,0.44795728
0,7,SINGLE,OUT,0.19021718,0.04699729,0.0055577294,0.0017781308,0.08365884,0.14049509,0.009729653,0.52156615
7,7,OUT,OUT,0.103947625,0.0036800539,0.000113612405,0.0013566674,0.014839619,0.27775618,0.00066284667,0.59764344
7,0,OUT,SINGLE,0.39259702,0.0319842,0.0034347642,0.0024936963,0.044354513,0.26194504,0.043873895,0.21931694
7,5,OUT,SO,0.31126866,0.02704559,0.020830013,0.00092529505,0.011072288,0.5615965,0.0055835037,0.06167824
5,5,SO,SO,0.06072482,0.106211014,0.032456648,0.0055561396,0.18992843,0.39254087,0.026628766,0.1859533
7,0,OUT,SINGLE,0.41986296,0.024140611,0.0003135448,0.09102731,0.021518657,0.10930983,0.0022123428,0.33161473
0,7,SINGLE,OUT,0.19854993,0.008509844,0.0004072066,0.009689691,0.2317792,0.23292056,0.00038195323,0.3177615
7,7,OUT,OUT,0.14841393,0.008184931,0.018576132,0.0024515772,0.028455086,0.33791903,0.012919902,0.4430795
7,7,OUT,OUT,0.113236986,0.0029212462,0.0008153136,0.00032275092,0.03774234,0.1705506,0.028530218,0.6458806
0,7,SINGLE,OUT,0.072308056,0.0020432929,0.00013268212,0.00020139151,0.001022988,0.20889923,0.0019667852,0.7134256
0,7,SINGLE,OUT,0.077698894,0.024945669,0.002324541,0.00047753786,0.044243027,0.069509454,0.006888705,0.77391213
5,0,SO,SINGLE,0.4334219,0.05884064,0.0006345824,0.0021494976,0.07294393,0.24470548,0.0040243743,0.18327962
7,3,OUT,HR,0.06502016,0.0054632444,0.00071933906,0.8084724,0.014181929,0.08906834,0.0028074929,0.014267078
1,5,DOUBLE,SO,0.2892214,0.029542932,0.0012481834,0.04103509,0.060975477,0.37492317,0.0108443955,0.19220938
7,7,OUT,OUT,0.36536923,0.034941964,0.002395228,0.0012702097,0.12016682,0.05610242,0.051994078,0.36776003
5,5,SO,SO,0.08092576,0.01057602,9.592696e-05,0.0030486616,0.009352394,0.81720203,0.001059668,0.07773956
5,5,SO,SO,0.022381272,0.001050327,0.00011723766,0.0025470364,0.009036628,0.7700192,0.0018565283,0.19299182
5,7,SO,OUT,0.058025137,0.081582874,0.00012882738,0.20260501,0.060525678,0.1430148,0.025500534,0.4286172
0,5,SINGLE,SO,0.13782251,0.06874165,0.011095788,0.0026236735,0.098287046,0.37194684,0.00468465,0.30479786
7,0,OUT,SINGLE,0.3664011,0.005057603,0.00072285114,0.0012657804,0.0011473027,0.31176916,0.0033227634,0.31031343
7,7,OUT,OUT,0.17555873,0.10879981,0.0023139373,0.10807354,0.07162369,0.19800104,0.011778795,0.32385048
0,5,SINGLE,SO,0.037556663,0.05932789,0.00037708422,0.014518445,0.056149974,0.6480861,0.0035677822,0.18041608
7,0,OUT,SINGLE,0.30360338,0.08402829,0.0009349711,0.004034088,0.2886508,0.09269967,0.035461064,0.19058779
5,5,SO,SO,0.15340766,0.04792454,0.0006111055,0.005269025,0.15691163,0.28592038,0.14925924,0.20069638
7,4,OUT,BB,0.17273135,0.119666085,6.40868e-05,0.008832516,0.5460796,0.07479901,0.007621577,0.07020579
7,7,OUT,OUT,0.109813266,0.04321529,0.0031047396,0.00019603824,0.023092497,0.02230436,0.00024958467,0.79802424
7,0,OUT,SINGLE,0.38030228,0.1522659,0.0013990991,0.012133284,0.20500132,0.16704994,0.0022442178,0.079603866
0,5,SINGLE,SO,0.22214307,0.09199141,0.0031215055,0.032313053,0.097832575,0.44260502,0.0111847315,0.098808646
0,5,SINGLE,SO,0.16038996,0.14170398,0.0071757217,0.0031810736,0.1797076,0.38704562,0.01839904,0.102396965
7,0,OUT,SINGLE,0.42024887,0.033697266,0.0033773128,0.0006712048,0.028731097,0.23044756,0.055236917,0.22758967
7,4,OUT,BB,0.19468611,0.055724353,0.0096775405,0.01582902,0.35522842,0.04504907,0.03985944,0.28394604
5,7,SO,OUT,0.05225061,0.04408719,0.00026679295,0.009247853,0.031078352,0.26616144,0.04087483,0.5560329
5,5,SO,SO,3.8525966e-05,7.0786686e-05,9.681082e-06,5.010077e-07,3.3280263e-05,0.8795275,9.845022e-06,0.12030988
0,7,SINGLE,OUT,0.09845221,0.075757965,0.0003112924,0.0011367182,0.13837966,0.014751853,0.07534495,0.59586537
0,5,SINGLE,SO,0.087699324,0.04240397,0.003101036,0.0076842555,0.20946944,0.34261125,0.0071567553,0.29987398
4,0,BB,SINGLE,0.4251895,0.18566877,0.005738917,0.0027023838,0.08955947,0.03386767,0.12211562,0.13515766
7,7,OUT,OUT,0.094898365,0.09492334,0.0048558707,0.0030454411,0.20588355,0.23428915,0.088116504,0.2739878
7,5,OUT,SO,0.14561768,0.06952724,0.001013776,0.26130462,0.09531119,0.2965669,0.014682106,0.11597658
0,7,SINGLE,OUT,0.28836775,0.072563894,0.025320165,0.008278837,0.10274778,0.054123104,0.1358256,0.31277293
7,4,OUT,BB,0.2390329,0.031788014,0.14265952,0.014516263,0.24491969,0.03867205,0.16800115,0.12041044
5,7,SO,OUT,0.068768635,0.0047266223,0.0006909074,0.0015295084,0.020300876,0.057631243,0.0018920476,0.8444602
7,5,OUT,SO,0.14863648,0.0154679,0.0006558362,0.059082847,0.11716435,0.41343492,0.0028004542,0.24275716
7,0,OUT,SINGLE,0.2647611,0.11158652,0.022459976,0.0033898677,0.10821884,0.13930084,0.14132491,0.20895797
7,5,OUT,SO,0.1558608,0.057241954,0.008365887,0.04875576,0.07439075,0.38136366,0.10363122,0.1703899
7,7,OUT,OUT,0.23326026,0.021891499,0.0013243208,0.039862122,0.1579284,0.251354,0.013221534,0.28115782
7,5,OUT,SO,0.030064095,0.0021752939,0.0005281485,0.00543072,0.041353963,0.66389084,0.004893144,0.25166383
4,5,BB,SO,0.053440098,0.004996463,0.0027352718,0.004516618,0.41259575,0.45009896,0.002344669,0.06927208
7,4,OUT,BB,0.06401416,0.010812769,0.0049044583,0.024758838,0.5074515,0.08431047,0.027397806,0.27635002
7,7,OUT,OUT,0.26370364,0.009031577,0.0030860356,0.006643486,0.27680534,0.15673658,0.000844309,0.28314897
0,7,SINGLE,OUT,0.21870193,0.05698707,0.026915262,0.0022351227,0.06539427,0.16048671,0.031865653,0.43741387
7,4,OUT,BB,0.03910496,0.1850127,0.0057858233,0.0995258,0.25613376,0.18294078,0.0019521397,0.22954406
7,1,OUT,DOUBLE,0.09598443,0.38584128,0.09225731,0.014630382,0.03827702,0.06376214,0.007615647,0.3016318
7,7,OUT,OUT,0.113014646,0.08599111,0.003719321,0.0031807942,0.062442753,0.07528634,0.014040662,0.6423243
5,7,SO,OUT,0.14209338,0.0060100756,0.00040488524,0.054866157,0.029913362,0.32803038,0.0005950659,0.43808672
7,7,OUT,OUT,0.081180036,0.017979952,0.008885871,0.0006343929,0.008341006,0.15711348,0.0006928178,0.72517246
7,0,OUT,SINGLE,0.4388767,0.028023561,0.0024648537,0.026350519,0.039561994,0.30786824,0.00056000333,0.15629412
5,5,SO,SO,0.023846818,0.04320947,0.00019510333,0.004916992,0.0042757494,0.67287356,0.018414194,0.23226804
7,5,OUT,SO,0.08910608,0.09580295,0.006377442,0.0038294804,0.11634151,0.42626974,0.0031957775,0.259077
7,7,OUT,OUT,0.11427617,0.030401018,0.0035683291,0.01709464,0.11402947,0.1779051,0.015380981,0.5273443
7,7,OUT,OUT,0.10160255,0.01468501,0.0007514965,0.0120164305,0.025544077,0.037383236,0.04006764,0.7679496
7,7,OUT,OUT,0.045640066,0.0107994545,0.000667235,0.00082006125,0.053137694,0.05317583,0.00015268128,0.83560705
7,5,OUT,SO,0.19516973,0.10563731,0.015605689,0.16756505,0.063484296,0.22933485,0.0062140143,0.21698901
7,0,OUT,SINGLE,0.707853,0.015422373,0.0044318303,0.006308207,0.038565,0.1498807,0.0021517884,0.07538711
7,5,OUT,SO,0.1902958,0.20045683,0.00021189608,0.05937546,0.028945519,0.34368098,0.05584469,0.12118881
7,5,OUT,SO,0.22944973,0.094050385,0.00040820986,0.098790005,0.1519987,0.35827598,0.005909465,0.06111743
7,0,OUT,SINGLE,0.4894823,0.011145058,0.0014519944,0.00082936673,0.013211476,0.022792757,0.0005222752,0.4605647
0,5,SINGLE,SO,0.12675495,0.01852603,0.00042601788,0.00833994,0.09969331,0.40344897,0.00038590125,0.3424249
0,7,SINGLE,OUT,0.25506786,0.01335625,0.0003026952,9.26291e-05,0.039324332,0.19662972,0.00071997615,0.49450648
0,7,SINGLE,OUT,0.2782305,0.06819525,0.0061894334,0.00093997223,0.20812538,0.15087469,0.007703859,0.27974093
7,1,OUT,DOUBLE,0.048833456,0.3893753,0.0011014243,0.018137276,0.10169949,0.24423291,0.0008745755,0.19574562
7,7,OUT,OUT,0.13406843,0.09292076,0.0029693977,0.003923506,0.09278209,0.21513213,0.010312834,0.4478909
5,5,SO,SO,0.025651572,0.004698943,1.1557539e-05,0.008487951,0.29439694,0.45374447,0.00066893996,0.21233973
5,7,SO,OUT,0.21188468,0.01452825,0.00015274045,0.023949865,0.01499036,0.06943993,0.008238335,0.6568158
5,1,SO,DOUBLE,0.21909316,0.634038,0.00023961016,0.009643821,0.0110027855,0.028525421,0.010976323,0.08648095
4,4,BB,BB,0.024267348,0.010805922,8.015706e-06,0.00021359985,0.9343509,0.0122984415,0.001274805,0.016781041
7,7,OUT,OUT,0.054273717,0.06259776,0.0025123053,0.00023170313,0.0030183638,0.29761285,0.0028791735,0.57687414
7,1,OUT,DOUBLE,0.14000186,0.45161662,0.00016421714,0.018755807,0.068767324,0.21151963,0.0059523974,0.10322217
7,7,OUT,OUT,0.24611062,0.0281118,0.0009550392,0.004210625,0.22635838,0.22450724,0.000610996,0.26913533
2,5,TRIPLE,SO,0.032548785,0.0050647804,7.985072e-05,0.001581689,0.005535708,0.80228114,0.0006574819,0.15225056
7,0,OUT,SINGLE,0.471779,0.016767258,0.00015589439,0.00016354569,0.27040583,0.009208899,0.0027918264,0.22872773
0,5,SINGLE,SO,0.22558433,0.093466185,0.0038229749,0.09665785,0.07797824,0.25718307,0.017121755,0.2281857
0,7,SINGLE,OUT,0.044356205,0.02041598,0.013505707,0.009106273,0.0128248,0.39073408,0.0036755598,0.50538135
0,7,SINGLE,OUT,0.06164569,0.027528489,0.0010340372,0.0021275908,0.019000517,0.28981954,0.008485471,0.5903587
0,5,SINGLE,SO,0.21712567,0.0047494317,0.017749634,0.00089424476,0.13292626,0.40881914,3.619761e-05,0.21769944
1,7,DOUBLE,OUT,0.38628495,0.045257136,0.008800853,0.0014541835,0.022025814,0.06979111,0.026407003,0.4399789
0,7,SINGLE,OUT,0.21334861,0.0069382624,0.0017671126,0.0016710117,0.029127179,0.228526,0.00062521436,0.51799655
7,7,OUT,OUT,0.10300068,0.032929666,0.0063764937,0.16375823,0.025361605,0.07988312,0.10408434,0.48460588
1,7,DOUBLE,OUT,0.06407307,0.099208914,0.008794871,0.092998326,0.013390153,0.27793536,0.026279932,0.41731936
6,7,HBP,OUT,0.06174391,0.06687679,7.040275e-05,0.0030712222,0.004433774,0.33044755,0.010817627,0.52253866
7,3,OUT,HR,0.1826204,0.107868336,0.0072055953,0.32899287,0.046851918,0.1712091,0.023486074,0.13176565
6,0,HBP,SINGLE,0.4723926,0.110491365,0.0045502284,0.0050796387,0.03562274,0.18189135,0.0056325356,0.18433951
4,0,BB,SINGLE,0.48684195,0.091735974,0.0001105992,0.01893788,0.17469639,0.15984954,0.0032696368,0.064558044
5,4,SO,BB,0.06874858,0.26427352,0.0010653988,0.0053167697,0.45110968,0.07492794,0.0004399926,0.1341182
7,0,OUT,SINGLE,0.36617136,0.020141952,0.008316967,0.0225391,0.12039447,0.2853279,0.0029724722,0.17413582
1,0,DOUBLE,SINGLE,0.4020641,0.004121135,0.03011105,0.004680612,0.023151096,0.17756686,0.00056132727,0.35774383
3,2,HR,TRIPLE,0.08150017,0.014081802,0.7050692,0.00023211686,0.07799347,0.04096421,0.0017969919,0.07836196
5,5,SO,SO,0.02137681,0.01957596,0.007498216,0.0011199623,0.04299712,0.7163997,0.0001788242,0.19085345
7,0,OUT,SINGLE,0.392495,0.01323387,0.00019282605,0.00034685773,0.33828765,0.097899094,0.0004801051,0.15706456
4,0,BB,SINGLE,0.38745925,0.09233793,0.23863374,0.004017016,0.111092396,0.062733315,0.009232436,0.09449395
7,7,OUT,OUT,0.11623538,0.015460481,0.004456756,0.00286306,0.0621871,0.11871739,0.0005367076,0.6795431
7,7,OUT,OUT,0.24784786,0.10876105,0.0027242077,0.0021949408,0.051598,0.101891555,0.0007847517,0.4841976
5,1,SO,DOUBLE,0.26565176,0.37388393,0.0055792863,0.0010117573,0.07149948,0.117165215,0.0042992425,0.16090922
4,4,BB,BB,0.09879192,0.110322714,0.00044937467,0.06263663,0.32804376,0.26756328,0.010735516,0.121456884
7,0,OUT,SINGLE,0.32579738,0.024073247,0.0041619777,0.24012455,0.18148215,0.06720419,0.0040422105,0.15311436
7,0,OUT,SINGLE,0.3702278,0.15039542,0.022136943,0.0064447923,0.10200477,0.11759348,0.008377766,0.22281897
7,7,OUT,OUT,0.024706185,0.026090777,0.00011957349,0.0015925132,0.15621701,0.20384705,0.00018838244,0.5872385
7,7,OUT,OUT,0.12306114,0.0038572957,0.001577434,0.00067345577,0.006187813,0.009899589,0.00019287987,0.85455036
4,0,BB,SINGLE,0.6102324,0.021759337,0.021215195,0.00043298394,0.09897035,0.052754756,0.0037572065,0.19087783
7,5,OUT,SO,0.18201564,0.087450966,0.009849682,0.0011206225,0.13968353,0.4160613,0.0006357189,0.16318251
7,7,OUT,OUT,0.23183061,0.018550053,0.005063167,0.00078107655,0.02772177,0.16272658,0.069939345,0.4833875
4,0,BB,SINGLE,0.2984039,0.14195347,0.023636911,0.0012470968,0.029782362,0.236745,0.00050849863,0.2677228
7,2,OUT,TRIPLE,0.13056335,0.084233716,0.3783456,0.015543518,0.03851674,0.16511405,0.00069166016,0.18699124
7,1,OUT,DOUBLE,0.09968469,0.47933227,0.006146999,0.0067051,0.15601087,0.053266782,0.00079177367,0.1980615
4,4,BB,BB,0.10058222,0.027415833,0.012563751,0.052572437,0.45334843,0.1298096,0.004547375,0.21916032
4,5,BB,SO,0.23710202,0.051164534,0.00028423217,0.14648232,0.023368422,0.27760893,0.120546564,0.14344302
7,7,OUT,OUT,0.035677385,0.3776675,0.017241362,0.00027861635,0.02166306,0.13966437,0.0005798076,0.4072279
6,4,HBP,BB,0.1194073,0.03943673,0.0008053552,0.0031930963,0.5581388,0.088011965,0.0010170081,0.18998982
7,7,OUT,OUT,0.018938417,0.31460193,0.0014849765,0.0028621927,0.0059502027,0.23066902,0.0042465883,0.42124665
1,7,DOUBLE,OUT,0.170592,0.11136012,0.020579012,0.004813862,0.1818046,0.19137205,0.018592166,0.30088618
0,5,SINGLE,SO,0.14907977,0.086662725,0.007465326,0.0016465293,0.05201526,0.51512253,0.002683599,0.18532418
7,0,OUT,SINGLE,0.316769,0.047986895,0.0037607634,0.009898776,0.15761137,0.2154831,0.005107643,0.24338242
7,0,OUT,SINGLE,0.40371233,0.07594269,0.066185616,0.002943766,0.07167887,0.21867293,0.0058102063,0.15505353
7,0,OUT,SINGLE,0.260065,0.05000722,0.0014840612,0.011738181,0.20071825,0.2431072,0.0047640745,0.228116
7,7,OUT,OUT,0.17546593,0.10210284,0.004651533,0.0024380344,0.06661398,0.3072766,0.0018172555,0.33963385
7,0,OUT,SINGLE,0.36037773,0.055373747,0.0024198745,0.002518491,0.059008155,0.24174319,0.00041772204,0.2781411
7,7,OUT,OUT,0.2425255,0.27605388,0.0044543264,0.051052842,0.015976863,0.012207852,0.0012155602,0.39651316
5,7,SO,OUT,0.27141836,0.04395011,0.01692976,0.077422075,0.042891122,0.07686728,0.0037839392,0.4667373
7,6,OUT,HBP,0.012863082,0.009874645,3.6122998e-05,5.9342496e-05,0.0143931145,0.011687958,0.94140905,0.009676692
7,5,OUT,SO,0.11186388,0.04904578,0.11845818,0.009935216,0.061476525,0.29975346,0.066045105,0.28342178
7,5,OUT,SO,0.058679126,0.13379964,0.0009761344,0.093455665,0.17989671,0.29450408,0.0044670687,0.2342215
4,7,BB,OUT,0.23100477,0.037119366,0.00034497096,0.025745556,0.2703743,0.14155285,0.019736795,0.27412137
5,7,SO,OUT,0.110863596,0.027846394,0.024573911,0.002627715,0.15450197,0.025887774,0.0024006437,0.65129805
0,0,SINGLE,SINGLE,0.5857182,0.095214605,9.9401484e-05,0.0026365714,0.048916515,0.03016231,0.058037557,0.17921476
7,7,OUT,OUT,0.05566987,0.01355922,0.007998003,0.0021894511,0.04307485,0.13583757,0.017186275,0.7244848
5,4,SO,BB,0.13183025,0.015061512,0.02751909,0.020099672,0.50906235,0.09363651,0.0016023726,0.20118819
7,0,OUT,SINGLE,0.72233605,0.008491242,0.00093564135,0.00052609656,0.07466181,0.114952855,0.0014859274,0.076610394
0,7,SINGLE,OUT,0.37171537,0.022604892,0.03850467,0.014046459,0.03094318,0.03404245,0.00027805485,0.4878649
7,1,OUT,DOUBLE,0.024781715,0.5662824,0.0013552658,0.00072441634,0.0178858,0.045542657,0.004716266,0.3387116
7,4,OUT,BB,0.09435419,0.02144726,0.0021103318,0.008832636,0.36597198,0.17520575,0.00080956705,0.33126828
5,7,SO,OUT,0.15375493,0.2023268,0.0038859951,0.0015973863,0.045214433,0.08481894,8.121245e-05,0.5083203
5,5,SO,SO,0.16142741,0.0018319153,0.0017459108,0.00088570983,0.0052354853,0.45771277,0.0015520976,0.36960867
7,5,OUT,SO,0.11554676,0.0022604528,0.078943394,0.013286117,0.12495377,0.40480292,0.0029797014,0.2572269
5,5,SO,SO,0.043006096,0.0029683742,0.00021230253,0.00031500348,0.0037109065,0.8897394,0.00021967688,0.05982832
5,4,SO,BB,0.146481,0.0695359,0.0012452437,0.011227399,0.40461245,0.2780427,0.0011231567,0.08773217
7,0,OUT,SINGLE,0.29816493,0.126276,0.019368162,0.011392328,0.06297333,0.28076974,0.044481188,0.1565743
7,7,OUT,OUT,0.076649025,0.058590163,0.0016109649,0.15609226,0.06145314,0.197835,0.014262065,0.4335074
7,4,OUT,BB,0.104279205,0.014109493,0.0038507846,0.0023231762,0.59086967,0.13856544,0.010122769,0.13587947
7,4,OUT,BB,0.1178149,0.19477868,0.00039016645,0.050193645,0.25813392,0.13203467,0.0071704616,0.23948354
7,4,OUT,BB,0.36910826,0.009986756,0.0012228116,0.008241602,0.43051925,0.034800265,0.00072129414,0.14539978
6,0,HBP,SINGLE,0.35184518,0.014628554,0.0057356544,0.009944504,0.22967936,0.22213273,0.015108267,0.15092573
7,5,OUT,SO,0.07983331,0.024647059,0.0140047055,0.048239827,0.087377176,0.46735162,0.0012442004,0.27730218
1,7,DOUBLE,OUT,0.12416658,0.187919,0.07190405,0.022712735,0.12844293,0.18489495,0.0033191934,0.2766405
5,0,SO,SINGLE,0.43318203,0.082398646,0.00074011803,0.009722621,0.024608988,0.24165672,0.0030807797,0.20461021
7,5,OUT,SO,0.28616914,0.012801187,0.032018643,0.060812414,0.061331123,0.31855318,0.00070497737,0.22760932
1,0,DOUBLE,SINGLE,0.36003333,0.030412324,0.08436276,0.0025498187,0.1386446,0.07048176,0.2594339,0.05408151
7,7,OUT,OUT,0.08920246,0.010240681,0.011754421,0.0004696689,0.029028011,0.42227396,0.0006968357,0.4363339
7,0,OUT,SINGLE,0.601716,0.012436674,0.0011008958,0.0008453021,0.08779471,0.08759555,0.008891424,0.19961947
7,0,OUT,SINGLE,0.3373665,0.04121506,0.04730856,0.028065775,0.028440628,0.19560587,0.007297421,0.31470016
5,4,SO,BB,0.08782799,0.27886483,0.00018466832,0.007070971,0.30161434,0.19813865,0.014676242,0.11162233
7,0,OUT,SINGLE,0.29278392,0.01372347,0.16920286,0.00870698,0.03528352,0.23011012,0.032108877,0.21808016
7,7,OUT,OUT,0.122997634,0.007665075,0.00034522588,0.016922133,0.113880746,0.2092557,0.005933814,0.5229997
7,7,OUT,OUT,0.29983073,0.011101286,0.027664756,0.00763505,0.090127766,0.1478482,0.008204571,0.4075877
7,7,OUT,OUT,0.09518749,0.02959048,0.010983035,0.021498451,0.17598043,0.1732123,0.007648137,0.48589975
5,1,SO,DOUBLE,0.24038862,0.5214401,0.00021754576,0.009410923,0.01713511,0.022375628,0.0017805243,0.18725163
4,2,BB,TRIPLE,0.018431295,0.19521199,0.48936433,0.0073652915,0.027198693,0.114609644,0.009662954,0.13815577
7,1,OUT,DOUBLE,0.04683347,0.37884155,0.0021708438,0.0009776602,0.09004299,0.26102296,0.00472043,0.21539
7,0,OUT,SINGLE,0.3726782,0.020343225,0.0014507239,0.028800948,0.06755729,0.19472575,0.040602095,0.27384183
7,4,OUT,BB,0.054389488,0.07192443,0.00018444221,0.011158394,0.6494345,0.013778929,0.0024340395,0.19669583
0,0,SINGLE,SINGLE,0.30923697,0.072326496,0.029665124,0.0070334435,0.21040119,0.045443054,0.02132795,0.30456576
7,5,OUT,SO,0.088714115,0.17378783,0.0006242901,0.13414623,0.050344948,0.28331232,0.00023422558,0.26883608
7,4,OUT,BB,0.21298914,0.075100355,0.0052323407,0.0005892261,0.33682162,0.21255891,0.007611551,0.14909682
7,7,OUT,OUT,0.22586735,0.12142437,0.10239838,0.013393455,0.080667086,0.04997235,0.0058293086,0.40044773
0,4,SINGLE,BB,0.25417694,0.11738766,0.0038749557,0.0024864639,0.35740364,0.03401849,0.042099286,0.18855265
7,0,OUT,SINGLE,0.2992271,0.07534552,0.291017,0.0018314687,0.096289426,0.10037076,0.020845914,0.1150727
7,1,OUT,DOUBLE,0.091766685,0.43597367,0.0052103503,0.004034786,0.08226034,0.23240484,0.027885474,0.12046382
7,7,OUT,OUT,0.112828694,0.17339663,0.010935984,0.027042193,0.14909391,0.20153448,0.00035388593,0.32481417
7,1,OUT,DOUBLE,0.057951637,0.5159144,0.026734902,0.0042803036,0.17281178,0.0702689,0.021657025,0.13038108
3,1,HR,DOUBLE,0.04859641,0.3282457,0.0015740142,0.009681159,0.27975792,0.020535147,0.14408214,0.16752742
7,5,OUT,SO,0.12410023,0.051413156,0.0017508772,0.028470488,0.05692276,0.46120983,0.099703394,0.17642929
4,7,BB,OUT,0.10112835,0.10670541,0.016357008,0.09207152,0.20516211,0.09641365,0.007810539,0.37435138
7,7,OUT,OUT,0.061830517,0.2809968,0.016725633,0.01980858,0.09112489,0.21868405,0.024272671,0.2865568
4,5,BB,SO,0.2004096,0.06174496,0.0055941795,0.013220274,0.1536114,0.38448673,0.012934687,0.16799816
7,7,OUT,OUT,0.1359783,0.13070019,0.0007127921,0.037780862,0.14178953,0.1327573,0.0027989177,0.41748205
7,7,OUT,OUT,0.18457147,0.06294368,0.035136066,0.14889002,0.09972999,0.14490765,0.0018757655,0.32194543
0,4,SINGLE,BB,0.20559457,0.045128938,0.005874439,0.0031627303,0.35030395,0.09112949,0.0037063744,0.29509947
7,7,OUT,OUT,0.12448811,0.09485673,0.016008178,0.071646824,0.25619277,0.07524589,0.05519663,0.3063648
7,0,OUT,SINGLE,0.6519583,0.07228054,0.019223582,0.004163982,0.038999565,0.08245559,0.0036840665,0.12723443
7,1,OUT,DOUBLE,0.23988509,0.32961178,0.0030597462,0.0049164398,0.05991034,0.084958024,0.029709771,0.24794887
7,4,OUT,BB,0.1838587,0.09860673,0.030395428,0.0040019928,0.22875048,0.21832582,0.09109894,0.14496192
7,7,OUT,OUT,0.0766349,0.1266839,4.832205e-05,0.00035143798,0.13972743,0.14276783,0.20413223,0.30965397
7,4,OUT,BB,0.1152932,0.21098278,0.026326159,0.011113985,0.41017997,0.12825944,0.018757898,0.07908654
7,0,OUT,SINGLE,0.32780287,0.110357985,0.0053030425,0.041937042,0.22488452,0.080428,0.029248854,0.18003775
7,1,OUT,DOUBLE,0.16419317,0.3757911,0.0011700053,0.0022268156,0.026424877,0.2062531,0.0015947804,0.22234622
7,7,OUT,OUT,0.06304392,0.016535206,0.0016352482,0.0021005874,0.06319604,0.25568005,0.005654757,0.5921542
7,4,OUT,BB,0.09505723,0.09637325,0.0053343973,0.024646617,0.5667592,0.06897357,0.0015280069,0.14132777
0,5,SINGLE,SO,0.13866392,0.15498455,0.021485766,0.012922904,0.037330817,0.35349098,0.020328894,0.2607922
7,7,OUT,OUT,0.19686641,0.08794306,0.00031388944,0.20339318,0.10690021,0.05751944,0.030810675,0.31625313
7,7,OUT,OUT,0.21079563,0.03251828,0.0012091163,0.0059096036,0.20598634,0.20726475,0.023234751,0.31308153
5,5,SO,SO,0.11216327,0.057272032,8.9213805e-05,0.008253219,0.26454568,0.3704497,0.0709195,0.1163075
0,7,SINGLE,OUT,0.23962836,0.07299844,0.0064517115,0.03457021,0.1372759,0.12499163,0.0362037,0.3478801
1,5,DOUBLE,SO,0.31930378,0.0053221313,0.0014705252,0.006194397,0.0657395,0.33563593,0.029407458,0.23692627
5,1,SO,DOUBLE,0.20460789,0.23737867,0.0013056255,0.19769073,0.040947877,0.18957782,0.009899429,0.11859195
5,4,SO,BB,0.19115017,0.032180924,0.0004825034,0.00039292008,0.31580552,0.14715214,0.11304992,0.1997859
7,7,OUT,OUT,0.061021484,0.001621838,1.3421717e-05,4.1314488e-05,0.0035239146,0.106370494,0.0014426797,0.82596487
0,7,SINGLE,OUT,0.11779095,0.072515525,0.00044137985,0.050391287,0.06718352,0.13596287,0.0078175105,0.5478969
0,4,SINGLE,BB,0.049803924,0.030171292,0.00083405373,0.014993522,0.43812105,0.1440159,0.002682592,0.3193777
0,7,SINGLE,OUT,0.24597509,0.0066736364,0.0006699024,0.0006978254,0.075252645,0.19417839,0.0026588938,0.47389355
7,5,OUT,SO,0.121752895,0.0042454083,0.00027738005,0.02038177,0.107089646,0.44712943,0.004786577,0.29433692
7,0,OUT,SINGLE,0.44401878,0.11077779,0.0011683607,0.002438339,0.17799276,0.14399736,0.01718319,0.10242348
7,7,OUT,OUT,0.35820195,0.060987025,0.0039108237,0.015461346,0.024384018,0.1728273,0.0009931214,0.36323446
7,1,OUT,DOUBLE,0.26120055,0.5211351,0.00027842377,0.008163616,0.080231905,0.035352122,0.015466848,0.07817139
7,5,OUT,SO,0.07998141,0.011259921,0.0011274094,0.0017176716,0.12641905,0.4365775,0.003047953,0.33986902
2,7,TRIPLE,OUT,0.12863351,0.023057377,0.015385079,0.058086764,0.1300065,0.119865894,0.00752971,0.51743513
5,3,SO,HR,0.21221176,0.02121406,0.0018428442,0.32285774,0.06835447,0.12315843,0.00081253663,0.24954817
4,0,BB,SINGLE,0.54368335,0.037197106,0.041529644,0.03244257,0.23586626,0.026372673,0.0009582136,0.08195031
7,7,OUT,OUT,0.24690482,0.054248746,0.015298251,0.04404822,0.22076108,0.07422738,0.058074664,0.28643683
7,0,OUT,SINGLE,0.51688504,0.046666954,0.0007962875,0.0016755325,0.1897856,0.06989922,0.012742194,0.16154923
7,4,OUT,BB,0.10186065,0.16355799,0.0026973034,0.119972,0.34625047,0.055514902,0.13226716,0.0778795
0,0,SINGLE,SINGLE,0.33179712,0.2429617,0.00015607169,0.038232468,0.09968175,0.044859346,0.09543889,0.14687271
0,7,SINGLE,OUT,0.2735074,0.039229184,0.19140735,0.014186924,0.14977552,0.025014224,0.02506994,0.2818094
7,7,OUT,OUT,0.3343273,0.005761519,0.0077886493,0.07145198,0.039567783,0.12380025,0.0001835542,0.41711897
0,5,SINGLE,SO,0.09647132,0.0014527929,0.00033470112,0.002972475,0.012398667,0.8472479,0.0024582418,0.03666392
5,0,SO,SINGLE,0.68045294,0.003220488,3.1135936e-05,0.01162728,0.11322073,0.110467926,0.00014381687,0.08083567
0,7,SINGLE,OUT,0.15017544,0.16605306,0.012413547,0.13608472,0.08933342,0.16320623,0.008581344,0.27415216
7,1,OUT,DOUBLE,0.13115104,0.39125314,0.035274316,0.01300886,0.15573226,0.06826877,0.006968199,0.19834349
7,7,OUT,OUT,0.19806121,0.1419807,0.00019996834,0.020883081,0.03176321,0.1397544,0.0045144795,0.46284294
1,0,DOUBLE,SINGLE,0.29035312,0.19949338,0.010100582,0.016713277,0.042718202,0.20589158,0.0017117703,0.23301816
5,5,SO,SO,0.18527807,0.02002533,0.0009329413,0.044576235,0.018936256,0.36704445,0.0739027,0.28930402
7,5,OUT,SO,0.03659113,0.0013769475,0.00057610933,0.01566276,0.05999999,0.74787027,8.6438406e-05,0.13783632
7,4,OUT,BB,0.17744018,0.05279319,0.0026321963,0.058246348,0.37387052,0.14532082,0.0017168168,0.1879799
7,5,OUT,SO,0.06388143,0.08433283,0.0036083362,0.03046542,0.1750788,0.41126713,0.009761335,0.22160473
7,7,OUT,OUT,0.057362266,0.0047289245,0.00018082392,0.008184524,0.039764024,0.24176042,0.0010294138,0.64698964
7,7,OUT,OUT,0.15444128,0.0021762967,0.00221607,0.0042941775,0.07362081,0.049763408,0.0059425184,0.70754546
5,7,SO,OUT,0.2593891,0.02584085,0.0023446027,0.26678908,0.031197486,0.11905164,0.014226642,0.28116056
7,7,OUT,OUT,0.20798601,0.14710371,0.0015549287,0.0412431,0.090088695,0.19719613,0.026417986,0.28840956
5,7,SO,OUT,0.09599201,0.11436963,0.24531189,0.07086445,0.021380069,0.06591551,0.04702867,0.33913776
1,1,DOUBLE,DOUBLE,0.23743893,0.43983108,0.007955775,0.066730626,0.05861198,0.022130627,0.020588543,0.14671247
7,0,OUT,SINGLE,0.5182578,0.0041753296,0.0034432265,0.0032465518,0.035135012,0.10005281,0.005536532,0.33015272
7,5,OUT,SO,0.2285043,0.0068482365,0.00078466424,0.0024880376,0.08590317,0.46421838,0.0060540866,0.20519906
0,7,SINGLE,OUT,0.24309643,0.016200956,0.00083658297,0.005112932,0.011116965,0.2939915,0.008638974,0.42100573
0,5,SINGLE,SO,0.29858932,0.0045503583,0.0010244448,0.02935135,0.12473245,0.41344175,0.0029320414,0.12537833
5,0,SO,SINGLE,0.42909518,0.03075399,0.0011303102,0.0029041604,0.07761112,0.40285417,0.011136785,0.044514336
5,7,SO,OUT,0.120999694,0.010997399,0.0006053997,0.002147093,0.019746263,0.12921064,0.0045815506,0.7117119
7,5,OUT,SO,0.24165833,0.008774636,5.2342828e-05,0.0040355953,0.009200523,0.4477863,0.006198107,0.2822942
5,5,SO,SO,0.196583,0.068416536,0.0011063395,0.00090410584,0.09933118,0.45453736,0.0016748921,0.17744656
5,4,SO,BB,0.04181479,0.023140542,0.00064155477,0.0015687777,0.642769,0.2102916,0.022997169,0.05677659
4,5,BB,SO,0.15568353,0.011836187,0.0025398391,0.0015725218,0.33584842,0.36573458,0.012532563,0.11425245
5,5,SO,SO,0.17392083,0.011325399,0.0085619455,0.00059258466,0.07109882,0.4340595,0.010373816,0.29006705
7,7,OUT,OUT,0.14949916,0.16285151,0.0014387945,0.0033125682,0.17461878,0.13622235,0.044710062,0.32734683
7,5,OUT,SO,0.19614473,0.004662919,0.0003226,0.00045120058,0.06681762,0.36342865,0.005181629,0.36299056
7,0,OUT,SINGLE,0.5206592,0.0055276793,6.7566194e-05,0.0054262676,0.07389892,0.20003472,0.0038872038,0.19049846
5,5,SO,SO,0.28007743,0.02960808,8.892024e-05,0.0045951325,0.039519224,0.41210306,0.0008292306,0.23317894
4,7,BB,OUT,0.14038412,0.14787102,0.001357367,0.18608366,0.08736703,0.19795392,0.03246712,0.20651565
7,4,OUT,BB,0.03127983,0.38179865,0.0006110253,0.0037361952,0.42132977,0.030166006,0.0061109993,0.124967486
5,7,SO,OUT,0.22774589,0.0113851875,0.00025229625,0.0005342984,0.017372647,0.20689851,0.00041810112,0.53539306
7,5,OUT,SO,0.20811327,0.07085265,0.00243529,0.063453935,0.23069847,0.24089435,0.023423925,0.16012807
7,5,OUT,SO,0.023842296,0.055007927,0.00010868871,0.0159405,0.049521588,0.5901453,0.0009841487,0.26444966
4,0,BB,SINGLE,0.34806123,0.053473223,0.020050686,0.16127628,0.03966894,0.13547738,0.0026245767,0.23936762
1,4,DOUBLE,BB,0.34875306,0.019119954,0.0006514294,0.0047094775,0.3912,0.10988619,0.00048454138,0.12519537
3,3,HR,HR,0.03845141,0.07496378,0.0003507288,0.45502687,0.23172294,0.10441477,0.0019250904,0.09314438
7,7,OUT,OUT,0.08609026,0.06310889,0.0019133578,0.0032606374,0.27283695,0.21081564,0.005600227,0.3563741
7,3,OUT,HR,0.011758236,0.0036137835,0.00091734977,0.7916875,0.041679945,0.08734245,0.03739904,0.025601735
4,4,BB,BB,0.13377835,0.010955058,0.08459718,0.11920061,0.29295382,0.12855108,0.010087854,0.21987596
5,3,SO,HR,0.14230077,0.026191626,0.046764303,0.28624898,0.15348083,0.21332912,0.046357382,0.08532705
0,4,SINGLE,BB,0.19097531,0.016446026,0.05078182,0.08367333,0.3155125,0.058342442,0.0016905981,0.28257805
7,3,OUT,HR,0.15339315,0.031156661,0.0028715439,0.4879591,0.061707575,0.053885285,0.023443695,0.185583
7,7,OUT,OUT,0.020289904,0.018293073,0.001865774,0.016887704,0.030053198,0.38952276,0.002423244,0.5206644
7,4,OUT,BB,0.3152098,0.05686184,0.0005786475,0.01692252,0.48671857,0.054440342,0.0041999915,0.065068334
0,4,SINGLE,BB,0.18479341,0.099689566,0.0002852856,0.021292107,0.28995878,0.1479235,0.002944769,0.2531126
7,0,OUT,SINGLE,0.52072644,0.021904629,0.0045484407,0.03061395,0.12922674,0.020595511,0.0015848434,0.2707994
7,5,OUT,SO,0.25238153,0.19031692,0.013734766,0.007432289,0.054873727,0.395764,0.02188813,0.063608676
5,3,SO,HR,0.0064957114,0.0012867618,0.00014988508,0.6651269,0.0026979893,0.20425011,0.041654464,0.07833818
5,7,SO,OUT,0.022374451,0.0008489991,5.3340453e-05,0.00040343433,0.13298133,0.032014776,0.00046175788,0.8108619
0,5,SINGLE,SO,0.10182111,0.11465945,0.03910141,0.005518544,0.2459337,0.25143754,0.04063101,0.20089722
5,7,SO,OUT,0.1305324,0.0065031038,0.0013429823,0.0026096972,0.27159297,0.21990278,0.008130768,0.3593853
5,6,SO,HBP,0.053635504,0.005407054,0.002592008,0.027820962,0.036069583,0.029714884,0.8207603,0.02399967
7,5,OUT,SO,0.18732864,0.05428233,0.02470775,0.0083444035,0.05335137,0.3840714,0.05645702,0.23145704
5,5,SO,SO,0.13859662,0.10177293,0.02638695,0.07236385,0.10489767,0.31114036,0.03714796,0.20769371
7,1,OUT,DOUBLE,0.10583904,0.40243435,0.0029365243,0.00551456,0.07859437,0.10340002,0.00363814,0.297643
7,0,OUT,SINGLE,0.40889323,0.10645186,0.0019270865,0.055812404,0.038599372,0.1562326,0.021911016,0.2101725
7,5,OUT,SO,0.13084032,0.0036695395,0.21388829,0.0028471479,0.11973843,0.2710351,0.09892539,0.1590558
7,5,OUT,SO,0.10607659,0.027171861,0.00077605626,0.0054168804,0.08856562,0.38793454,0.02647124,0.35758716
7,5,OUT,SO,0.008047471,0.0022079686,0.0041870885,0.0043877736,0.13420196,0.6030345,0.001853012,0.24208017
3,4,HR,BB,0.029269168,0.0025925394,0.0005074315,0.007879662,0.47211,0.050272983,0.006557671,0.4308106
0,7,SINGLE,OUT,0.01825256,0.0011674301,0.0011381789,0.0006979382,0.23870885,0.2255024,0.0031854582,0.5113472
7,5,OUT,SO,0.13406673,0.0044840258,0.001982397,0.19876589,0.03448386,0.29882988,0.03433533,0.29305196
7,0,OUT,SINGLE,0.2950912,0.16852258,0.1977916,0.025946291,0.029145308,0.06343102,0.0071914466,0.21288057
5,0,SO,SINGLE,0.4195806,0.0041385633,0.008838265,0.035527114,0.06352761,0.117623456,0.004841561,0.34592283
4,4,BB,BB,0.17028467,0.0033480455,0.0083080735,0.014458696,0.36793068,0.24419492,0.037524793,0.1539501
7,7,OUT,OUT,0.050148208,0.00071175944,0.009180198,0.0047232094,0.13262182,0.17047833,0.0027759748,0.6293605
7,5,OUT,SO,0.01612456,0.01038557,0.0055717863,0.005084404,0.032322906,0.5437285,0.12727897,0.25950333
7,7,OUT,OUT,0.01658585,0.017155912,0.0005243949,0.013132385,0.093768455,0.41485718,0.01520892,0.42876697
7,0,OUT,SINGLE,0.3541628,0.1641881,0.0011592401,0.07643219,0.06907891,0.22100213,0.0049255583,0.109051146
7,7,OUT,OUT,0.32589534,0.0017870767,0.0027315167,0.0012751526,0.0036482397,0.2532442,0.0019744337,0.40944397
7,5,OUT,SO,0.063647546,0.0027447008,7.54134e-05,0.003778651,0.0025609753,0.7436328,0.061766285,0.12179368
7,4,OUT,BB,0.106202945,0.074621364,0.00024816164,0.029583624,0.25953093,0.21916188,0.18565035,0.12500067
7,7,OUT,OUT,0.18245773,0.047914073,0.0038169022,0.014804458,0.011459276,0.35949156,0.015266888,0.3647891
7,7,OUT,OUT,0.038355097,0.09024282,0.001004943,0.001326473,0.22248113,0.18491857,0.001564798,0.46010616
0,7,SINGLE,OUT,0.026582317,0.022218462,0.0002194512,0.007949228,0.0015081445,0.055558477,0.0035169667,0.88244694
5,0,SO,SINGLE,0.84714437,0.02219907,0.0003624316,0.0030434786,0.006297904,0.024770563,0.038343262,0.057838954
7,7,OUT,OUT,0.19678879,0.0047905003,0.0018854166,0.016071307,0.013618004,0.029226743,0.008590885,0.7290284
5,7,SO,OUT,0.010433327,0.13633344,0.00077256584,0.003937323,0.22062501,0.27048394,0.016416527,0.34099787
7,4,OUT,BB,0.09588041,0.06674862,0.00019520652,0.083316125,0.3716831,0.19300675,0.0056257937,0.18354402
1,0,DOUBLE,SINGLE,0.49390122,0.091038056,7.3972704e-05,0.0069646914,0.022201346,0.27818227,0.020969898,0.08666864
7,4,OUT,BB,0.053713646,0.03338062,0.0007359069,0.013828555,0.3831504,0.11718701,0.17889638,0.21910751
7,7,OUT,OUT,0.24961631,0.14032176,0.01715633,0.0026736483,0.25919983,0.059036124,0.004209751,0.26778618
0,0,SINGLE,SINGLE,0.44164637,0.06986843,0.0012360747,0.10355896,0.0285428,0.046926893,0.0018543774,0.3063662
5,7,SO,OUT,0.019935237,0.009988899,0.0002707347,0.005820339,0.028636452,0.24573205,0.0032378712,0.6863784
7,4,OUT,BB,0.23112036,0.030831626,0.00089977245,0.0312168,0.5608143,0.060450714,0.005091368,0.07957508
4,4,BB,BB,0.16129361,0.11321746,0.00018359655,0.0018178165,0.4099634,0.19368444,0.002746544,0.11709305
7,4,OUT,BB,0.029901898,0.100465275,0.0009064065,0.005427294,0.5448874,0.10940432,0.0008550955,0.20815238
7,4,OUT,BB,0.11455316,0.009060844,0.00052796246,0.08598454,0.62133414,0.05062301,0.009826312,0.108090006
7,3,OUT,HR,0.066222034,0.07350023,0.003840709,0.56585807,0.067405276,0.1490283,0.022186518,0.05195887
0,5,SINGLE,SO,0.25359756,0.038200237,0.0019366122,0.00025877872,0.24310309,0.32508886,0.002768838,0.13504598
0,5,SINGLE,SO,0.015872616,0.21843995,4.2768443e-05,0.025693875,0.119151965,0.37334907,0.01693419,0.23051557
0,3,SINGLE,HR,0.0638079,0.02744125,0.03866914,0.35612777,0.2418501,0.12193193,0.010067404,0.14010455
7,0,OUT,SINGLE,0.42486256,0.015048545,0.0012849825,0.025932148,0.049789745,0.16512111,0.02033243,0.29762843
0,5,SINGLE,SO,0.08381608,0.031827915,0.0028026183,0.0025428392,0.178898,0.5179394,0.03543613,0.146737
7,7,OUT,OUT,0.0779576,0.06491654,0.012362024,0.004828866,0.09783347,0.35293433,0.011588958,0.37757826
0,7,SINGLE,OUT,0.12062257,0.06296702,0.13551445,0.051335946,0.08825463,0.2390049,0.022280697,0.28001985
7,7,OUT,OUT,0.120306835,0.001679933,0.066575475,0.00777207,0.011096518,0.085411504,0.0080868015,0.6990709
7,0,OUT,SINGLE,0.2890687,0.13038163,0.00018966183,0.029335774,0.036309585,0.23957582,0.046562,0.22857682
5,5,SO,SO,0.15027547,0.08628988,0.080717705,0.020916913,0.05690771,0.35297847,0.011641973,0.24027188
0,7,SINGLE,OUT,0.056976,0.03539774,0.024316123,0.0026151582,0.15053374,0.08647217,0.009080393,0.6346087
7,5,OUT,SO,0.23772176,0.006484084,0.0006428271,0.00040790762,0.16642877,0.5388339,0.00040422598,0.049076524
7,4,OUT,BB,0.04567943,0.01638986,0.00020352488,6.0793496e-05,0.6760154,0.1642209,9.494112e-05,0.09733516
7,5,OUT,SO,0.08966597,0.01968168,0.0006642982,0.00019523197,0.13242623,0.64809805,0.00064874016,0.10861979
4,1,BB,DOUBLE,0.21468267,0.34894845,0.0019545115,0.021187503,0.06799808,0.19291534,0.035291784,0.11702162
7,7,OUT,OUT,0.12400554,0.038706563,7.654007e-05,0.023527522,0.021150915,0.29511905,0.01991647,0.47749743
7,7,OUT,OUT,0.13795097,0.027719276,0.10192168,0.11169136,0.08562627,0.04945577,0.0007278165,0.48490688
7,3,OUT,HR,0.04964304,0.072755955,0.00020217267,0.35735866,0.07319815,0.2849937,0.005158725,0.15668954
7,7,OUT,OUT,0.14084773,0.10988651,0.0061019035,0.088880226,0.1481305,0.12139755,0.0027643,0.38199127
7,0,OUT,SINGLE,0.3912769,0.004013733,0.0045201955,0.15742953,0.115839265,0.18398161,0.019732522,0.12320622
7,1,OUT,DOUBLE,0.04550795,0.34846815,0.008006328,0.029319009,0.11350117,0.11159694,0.005875184,0.33772525
7,7,OUT,OUT,0.22284868,0.13453586,0.0012698588,0.0021925673,0.28184378,0.038063563,0.0180315,0.30121422
7,7,OUT,OUT,0.16561845,0.06597416,0.0003065184,0.013104319,0.025837107,0.06647604,0.0024671422,0.66021633
5,7,SO,OUT,0.12734823,0.19538622,0.0031842438,0.055246636,0.20072366,0.15609275,0.015941637,0.24607655
7,0,OUT,SINGLE,0.46193781,0.03871992,0.00059861765,0.34050295,0.03087796,0.034723356,0.0019864666,0.09065294
4,4,BB,BB,0.027115168,0.18030661,0.002246707,0.015363441,0.29069394,0.23010273,0.10159308,0.15257831
7,5,OUT,SO,0.078297354,0.14534739,0.0037131275,0.02596466,0.09514939,0.464977,0.00042740424,0.1861237
7,7,OUT,OUT,0.10275432,0.13350835,0.0010393471,0.0045374227,0.25040448,0.19593394,0.005591903,0.3062302
7,3,OUT,HR,0.22729324,0.10804021,0.0007282496,0.31062222,0.046098515,0.07152279,0.019898789,0.21579587
0,4,SINGLE,BB,0.10391632,0.2280498,0.006271376,0.008060288,0.30630258,0.22704528,0.026035065,0.09431927
7,4,OUT,BB,0.0438217,0.035075016,0.0004133655,0.0018206581,0.7801565,0.054373167,0.00043602026,0.083903484
7,0,OUT,SINGLE,0.5396622,0.016655767,0.00020741709,0.0015542654,0.25612044,0.0631853,0.00063872454,0.12197596
5,4,SO,BB,0.270053,0.07258103,0.013800352,0.00083072553,0.39122567,0.09311143,0.01740663,0.14099121
7,5,OUT,SO,0.16091879,0.099220425,0.0003809358,0.0018808825,0.09019685,0.52273184,0.002214658,0.12245562
0,5,SINGLE,SO,0.08248159,0.03343969,0.01133045,0.026330309,0.03703505,0.50146955,0.0013976315,0.30651566
7,0,OUT,SINGLE,0.290347,0.07546906,0.0016349737,0.06402273,0.2855198,0.11914974,0.050137535,0.11371914
7,7,OUT,OUT,0.19641504,0.046425506,0.033706814,0.04170352,0.080230385,0.1841341,0.02212585,0.39525878
7,0,OUT,SINGLE,0.19850838,0.18467435,0.00432482,0.06011225,0.19072811,0.11370588,0.12259311,0.12535307
7,7,OUT,OUT,0.118611515,0.091459684,0.00015268681,0.06592418,0.22821677,0.18670383,0.020998644,0.28793272
0,4,SINGLE,BB,0.046216656,0.09789182,0.0010780917,0.034945283,0.6615809,0.025626028,0.016465459,0.116195746
7,4,OUT,BB,0.02422587,0.013397077,0.00025714628,0.059825577,0.6472779,0.18215483,0.0077981814,0.065063454
7,7,OUT,OUT,0.019292131,0.008588373,0.019807134,0.050501343,0.023019828,0.04175922,0.009394256,0.8276377
7,4,OUT,BB,0.042389352,0.015210496,0.005059165,0.0030159578,0.7257737,0.043189,0.0020361193,0.16332614
1,7,DOUBLE,OUT,0.06256353,0.17869274,0.0005533885,0.04222746,0.09182359,0.110175215,0.05946633,0.45449772
7,0,OUT,SINGLE,0.31770405,0.014169689,0.00051350315,0.06464557,0.11234114,0.30347553,0.010935788,0.17621477
5,5,SO,SO,0.12137173,0.095358975,0.00030784542,0.011519448,0.2195571,0.291704,0.004993002,0.25518784
5,4,SO,BB,0.06563098,0.007331293,0.0017273996,0.01807341,0.66971344,0.11814878,0.009519313,0.10985538
7,4,OUT,BB,0.1603586,0.10040943,0.001097188,0.23284397,0.3016722,0.10518672,0.011269454,0.08716252
7,5,OUT,SO,0.029550647,0.007991365,0.00024236113,0.00895961,0.3299305,0.4446673,0.004559378,0.17409886
7,3,OUT,HR,0.04861411,0.027955754,0.0014476711,0.4701485,0.02310202,0.10295847,0.0755639,0.2502095
0,5,SINGLE,SO,0.03652061,0.03541131,0.0042979135,0.07267145,0.025633464,0.4909617,8.411648e-05,0.3344194
7,1,OUT,DOUBLE,0.20222892,0.46974075,0.0016440491,0.015982036,0.019002276,0.056756057,0.014151196,0.22049473
0,0,SINGLE,SINGLE,0.57950747,0.035354607,0.0043048006,0.0013186672,0.083661646,0.08202378,0.015135733,0.19869323
7,1,OUT,DOUBLE,0.047737986,0.4943336,0.00084253406,0.14172283,0.028706104,0.05807603,0.08248941,0.14609157
1,0,DOUBLE,SINGLE,0.423043,0.20310634,0.002679709,0.012769561,0.058250774,0.12932548,0.026146296,0.14467882
0,7,SINGLE,OUT,0.11232097,0.19029485,0.0029584265,0.0021638088,0.1752824,0.12717128,0.0050003286,0.38480794
5,6,SO,HBP,0.0152877215,0.015983785,0.002389948,0.24087207,0.014003071,0.049142808,0.6402292,0.022091331
5,7,SO,OUT,0.31497228,0.06374252,0.00079957745,0.033986855,0.09432139,0.08794393,0.020888763,0.3833447
7,3,OUT,HR,0.12456488,0.011125487,0.0001834244,0.54014105,0.033920273,0.05169403,0.00330277,0.23506807
4,7,BB,OUT,0.15121795,0.034541305,0.0027427631,0.007060493,0.05035468,0.09996395,0.064559765,0.589559
7,4,OUT,BB,0.2111962,0.04136251,0.0036566646,0.054991838,0.4515017,0.042353656,0.17680609,0.018131265
7,0,OUT,SINGLE,0.37748516,0.0479673,0.00024881974,0.0024594613,0.16399631,0.12860619,0.0050000073,0.27423674
4,5,BB,SO,0.19473726,0.0062061194,0.0011537184,0.01538879,0.012007694,0.58180517,0.0007761901,0.18792515
7,1,OUT,DOUBLE,0.1859261,0.48125884,0.0035657384,0.002286558,0.080012806,0.05888743,0.0023073296,0.18575518
0,0,SINGLE,SINGLE,0.77264804,0.0075885234,0.00046447475,0.13398333,0.0016130364,0.009899821,0.0037310172,0.07007185
7,5,OUT,SO,0.22415254,0.024245705,0.0015351061,0.008446109,0.020633545,0.3838701,0.0024736484,0.33464324
0,4,SINGLE,BB,0.14309813,0.22841096,9.891181e-05,0.09195786,0.32267272,0.097427525,0.024180844,0.092153065
5,5,SO,SO,0.007611998,0.016663475,0.00061621325,0.00080092525,0.034478355,0.5317821,0.0014641136,0.4065829
7,7,OUT,OUT,0.26925123,0.06523331,0.000113564245,0.013974579,0.13278793,0.14584899,0.00076694886,0.37202337
4,0,BB,SINGLE,0.51408315,0.012232226,0.0009395704,0.0006510151,0.15866354,0.06221032,0.00086315384,0.25035697
7,6,OUT,HBP,0.0059884335,0.0033794388,0.000505356,0.11531977,0.058095135,0.17043921,0.62430406,0.021968557
0,5,SINGLE,SO,0.01585416,0.22250219,0.00038631575,0.18053208,0.008100039,0.51975226,0.0014686222,0.051404268
7,5,OUT,SO,0.15061916,0.042025413,0.0013334098,0.02225828,0.035213873,0.47822478,0.00022705732,0.27009794
5,5,SO,SO,0.025606269,0.010263603,0.007040327,0.0043219505,0.001013928,0.7536767,0.00075052894,0.19732662
7,0,OUT,SINGLE,0.38207975,0.012472279,0.00075998413,0.031810552,0.003995773,0.2971127,0.0012016195,0.27056727
5,1,SO,DOUBLE,0.033864554,0.71361595,1.8056391e-05,0.00086814916,0.018233698,0.004226575,0.20889749,0.020275708
7,0,OUT,SINGLE,0.94818676,0.024790816,4.5940118e-07,9.0757116e-05,0.008107765,0.011892722,4.977739e-05,0.0068811118
7,7,OUT,OUT,0.22971478,0.072452255,0.00089347956,0.065808065,0.0553483,0.17315583,0.020803995,0.38182324
7,5,OUT,SO,0.013317383,0.04731142,0.0017367367,0.007851349,0.009083398,0.80457914,0.010211279,0.10590931
5,6,SO,HBP,0.014314576,0.015168041,0.0003602849,0.013334078,0.009181647,0.027627157,0.853602,0.06641215
7,7,OUT,OUT,0.22394483,0.10926215,0.0017473846,0.01300387,0.008836789,0.21356039,0.0015228632,0.42812175
5,5,SO,SO,0.11463227,0.0013460519,0.0022225948,0.14869812,0.10112311,0.35503405,0.019136729,0.25780705
0,7,SINGLE,OUT,0.06696243,0.039986942,0.0010200776,0.015080264,0.080774955,0.07825646,0.0055334894,0.7123854
5,4,SO,BB,0.0035483218,0.0008041846,4.414374e-05,0.011432406,0.962785,0.01609682,0.00043756503,0.0048517063
6,7,HBP,OUT,0.0974118,0.034325752,0.0020208643,0.2980747,0.021278117,0.0037793657,0.0021932947,0.5409161
7,7,OUT,OUT,0.011550455,0.011210876,0.0008511059,0.0017250895,0.002708996,0.0218611,0.00018615967,0.9499062
7,7,OUT,OUT,0.053837165,0.047340948,0.0017076829,0.007114545,0.04844699,0.07356272,0.008590758,0.7593992
0,7,SINGLE,OUT,0.047072317,0.018762711,0.0023588638,0.0074891187,0.06414664,0.27080488,0.0010714289,0.588294
4,5,BB,SO,0.0076859994,0.007530696,0.00012951206,0.0057815006,0.023218364,0.86506635,0.01819947,0.07238806
5,3,SO,HR,0.06404099,0.25901923,0.004743209,0.31158477,0.03394033,0.26991156,0.0012949528,0.05546497
7,7,OUT,OUT,0.18763082,0.17743053,0.004362233,0.0143312495,0.14334692,0.12752505,0.020951392,0.32442182
7,3,OUT,HR,0.17401168,0.0526046,0.0019576717,0.3638945,0.03909213,0.06671961,0.08586222,0.21585758
5,5,SO,SO,0.04126961,0.2839571,0.0010585869,0.0057101226,0.012759689,0.59881365,0.000114607064,0.05631669
7,5,OUT,SO,0.17055005,0.039791044,0.0010595415,0.0027921589,0.10164958,0.4034652,0.018693842,0.26199862
7,5,OUT,SO,0.3711151,0.018932242,0.002629053,0.03109614,0.11241731,0.43208674,0.0021145442,0.029608874
1,1,DOUBLE,DOUBLE,0.06760705,0.6276134,0.0005146505,0.001421125,0.006651177,0.10401039,0.004890779,0.18729134
0,4,SINGLE,BB,0.07109562,0.051925942,0.00060100784,0.098194525,0.4049803,0.31780714,0.02207765,0.033317782
7,7,OUT,OUT,0.11213338,0.034938786,0.007698321,0.015502556,0.20122088,0.19750962,0.0774007,0.3535958
7,0,OUT,SINGLE,0.44010547,0.018253446,0.0012358032,0.037992507,0.07592811,0.2750511,0.02255267,0.12888087
7,5,OUT,SO,0.16148935,0.008277623,0.00092562387,0.0046603368,0.20075943,0.42995194,0.018269496,0.17566621
0,4,SINGLE,BB,0.037464164,0.0229605,0.0045540715,0.010977853,0.39291024,0.23290598,0.023131343,0.27509582
7,1,OUT,DOUBLE,0.311762,0.41400045,0.00015722954,0.0018192998,0.06332538,0.07088321,0.002481384,0.13557109
7,0,OUT,SINGLE,0.5170605,0.039454516,0.00995863,0.023495343,0.26410133,0.0174007,0.00049867167,0.12803037
7,5,OUT,SO,0.12598397,0.2862069,0.0013202518,0.007439515,0.15126629,0.3262752,0.00077505055,0.10073284
0,0,SINGLE,SINGLE,0.37376073,0.060140796,0.0033231238,0.0053928695,0.17657179,0.1464007,0.018571114,0.21583882
5,7,SO,OUT,0.07612511,0.3664862,0.0019235975,0.0043227444,0.06038731,0.040672958,0.0010007574,0.44908127
0,1,SINGLE,DOUBLE,0.067662954,0.44593656,0.00013040821,0.18284146,0.11962895,0.12024899,0.0044175196,0.059133265
7,3,OUT,HR,0.2472025,0.09454114,0.0006251603,0.3190406,0.06576094,0.17980872,0.011598861,0.081422076
7,5,OUT,SO,0.096724816,0.003362812,0.00071863993,0.09917425,0.20500408,0.42063966,0.0019242498,0.17245151
0,4,SINGLE,BB,0.1395868,0.04917432,0.01189585,0.000857355,0.57490236,0.08295141,0.0004891059,0.14014271
7,4,OUT,BB,0.112955324,0.03481323,0.0003512489,0.011825248,0.4144674,0.17177849,0.029541995,0.22426711
7,7,OUT,OUT,0.31293878,0.030529318,0.0011569319,0.005340854,0.019715423,0.1922435,0.005257779,0.43281743
7,0,OUT,SINGLE,0.38442075,0.050554506,0.0013518375,0.02305878,0.043826886,0.17615984,0.00014565008,0.3204818
7,0,OUT,SINGLE,0.4192815,0.014015956,0.00053226465,0.004169039,0.11879963,0.24811284,0.010278277,0.18481047
7,5,OUT,SO,0.06445541,0.04430827,0.0009811791,0.18702093,0.07950873,0.485078,0.007523112,0.13112439
0,3,SINGLE,HR,0.0315978,0.08116575,0.027986847,0.5444022,0.025052425,0.010884015,0.11413186,0.16477914
5,5,SO,SO,0.011671009,0.037028987,0.0001630534,0.011308418,0.002970368,0.8326993,0.0037470432,0.10041179
7,7,OUT,OUT,0.2741558,0.054377772,0.0008529346,0.00648893,0.012533308,0.20891048,0.0012995923,0.44138128
5,5,SO,SO,0.2770693,0.0070788097,3.0975763e-05,0.0006976161,0.017249433,0.44698107,0.0015382913,0.2493544
7,7,OUT,OUT,0.39963987,0.11332943,0.0010556445,0.0009914989,0.013298744,0.066051915,0.0050044535,0.40062842
5,4,SO,BB,0.28857967,0.042119868,0.00022955077,0.004311193,0.47230175,0.07008745,0.006287017,0.11608357
0,0,SINGLE,SINGLE,0.70010257,0.05007626,0.00018621887,0.015252899,0.054966748,0.05127394,0.0055886125,0.12255268
4,7,BB,OUT,0.27934015,0.062655166,0.00063503196,0.009439835,0.13995396,0.113938116,0.035788715,0.35824913
3,0,HR,SINGLE,0.44236812,0.07847756,0.0001233752,0.01338198,0.21677905,0.066620514,0.0006642046,0.18158521
0,5,SINGLE,SO,0.16270258,0.028049536,0.00017792814,0.09761317,0.16386822,0.46612155,0.006942538,0.07452445
5,0,SO,SINGLE,0.47450975,0.017693574,0.0023782062,0.02655558,0.002874011,0.29074496,0.01259745,0.17264655
7,4,OUT,BB,0.26907736,0.08798317,0.00074003404,0.056041628,0.29563615,0.20770624,0.036916036,0.045899495
7,7,OUT,OUT,0.38402402,0.05765536,0.0025454632,0.0016921345,0.06424377,0.102831185,0.0012017714,0.3858063
5,0,SO,SINGLE,0.39496237,0.05620996,0.005783201,0.0400694,0.045884974,0.21198386,0.104228266,0.14087807
5,1,SO,DOUBLE,0.046299092,0.34332883,0.0065802927,0.2095433,0.07790024,0.06877704,0.0066208,0.24095047
7,3,OUT,HR,0.18559712,0.021264825,0.0003840204,0.32205316,0.03259352,0.15219472,0.012759357,0.27315328
0,1,SINGLE,DOUBLE,0.055235483,0.31081638,0.002952327,0.0010739098,0.1671051,0.2142959,0.0016453188,0.24687558
7,4,OUT,BB,0.0060026995,0.015588639,0.0026801068,0.00014361272,0.44075292,0.1278362,6.803545e-05,0.40692776
7,7,OUT,OUT,0.32505706,0.012765216,0.0034015507,0.028559092,0.19645447,0.022858018,0.06087522,0.35002938
4,6,BB,HBP,0.147966,0.049389567,0.0019025113,0.04926589,0.025973985,0.080071315,0.34605354,0.29937714
7,1,OUT,DOUBLE,0.1403802,0.22655796,0.03230816,0.036788423,0.11024447,0.046241514,0.19783871,0.20964059
7,7,OUT,OUT,0.231991,0.07115045,0.010719843,0.006299342,0.10105231,0.17404254,0.035740025,0.36900446
0,7,SINGLE,OUT,0.24994151,0.06812339,0.0022789908,0.012889998,0.037758015,0.012549937,0.004283698,0.61217445
7,1,OUT,DOUBLE,0.15606701,0.41049856,0.000678038,0.016733883,0.016415862,0.05932261,0.017688805,0.32259518
7,4,OUT,BB,0.1558145,0.055915084,5.8587422e-05,0.0005783312,0.74136925,0.008079785,0.0008260532,0.037358373
4,4,BB,BB,0.009332783,0.0011412675,1.7892335e-05,0.20699188,0.6362038,0.034612197,1.4389213e-05,0.111685835
5,4,SO,BB,0.017225835,0.30491054,0.00024525775,0.004297685,0.40487936,0.011190068,0.24346812,0.0137831
0,4,SINGLE,BB,0.036502883,0.013461343,0.0002925083,0.004801969,0.9222371,0.006473926,0.0062630856,0.00996722
7,4,OUT,BB,0.09115427,0.02340207,0.00045315656,0.0016424778,0.7253272,0.038747493,0.0013781326,0.1178953
7,7,OUT,OUT,0.15952979,0.015168425,0.00030762883,0.00085003226,0.012355112,0.099930346,0.00517178,0.7066869
0,5,SINGLE,SO,0.11877583,0.24039552,0.0030200325,0.033107884,0.03604597,0.28257495,0.008310846,0.27776906
5,7,SO,OUT,0.07813592,0.107678495,0.0038969915,0.11038688,0.08592026,0.06843503,0.13112621,0.41442022
5,5,SO,SO,0.056012765,0.0103290975,0.013740732,0.003433472,0.2552138,0.43803725,0.14319372,0.08003907
7,7,OUT,OUT,0.077420615,0.0128433155,0.0006373539,0.013244349,0.29624608,0.11706008,0.04515856,0.4373897
5,7,SO,OUT,0.3030161,0.0071783266,2.9920397e-05,0.007320095,0.08856555,0.18861695,0.082777604,0.32249552
3,3,HR,HR,0.01139502,0.018015642,0.00020250058,0.64736784,0.07494692,0.038771447,0.0018040644,0.2074966
0,7,SINGLE,OUT,0.12451063,0.108820066,0.00017397829,0.013422729,0.088422455,0.048314787,0.0034822014,0.61285317
0,1,SINGLE,DOUBLE,0.052419156,0.22636329,0.002530385,0.019416124,0.1605444,0.15931223,0.15662552,0.22278886
5,4,SO,BB,0.08545846,0.0059079146,0.001467167,0.1280241,0.39269906,0.24052723,0.0057215705,0.14019457
0,7,SINGLE,OUT,0.030423302,0.051620148,0.00033097676,0.11427589,0.12124526,0.059933238,0.11906046,0.5031108
7,4,OUT,BB,0.047507368,0.0077416888,0.0017077345,0.004628195,0.74527216,0.0411812,0.0016493268,0.15031242
7,7,OUT,OUT,0.093546994,0.0337898,0.010311583,0.18052553,0.23079652,0.09921209,0.009432865,0.34238464
5,5,SO,SO,0.049092058,0.016147405,0.0059091877,0.025450705,0.033728696,0.67969596,0.0076451283,0.18233083
5,7,SO,OUT,0.038791664,0.08686866,5.5482284e-05,0.0012763791,0.022278467,0.2842281,0.0022894214,0.56421185
7,5,OUT,SO,0.04773986,0.019386072,8.758017e-06,0.0009189898,0.009987442,0.49454856,0.002489704,0.42492062
5,5,SO,SO,0.10041687,0.0878696,0.0026535962,0.004213609,0.10780421,0.59728074,0.00024592652,0.09951543
1,4,DOUBLE,BB,0.051638093,0.05251547,0.00066528306,0.0018327278,0.5684979,0.0056327307,0.28109252,0.038125325
7,5,OUT,SO,0.1381001,0.2937512,0.0016085736,0.013571183,0.027978215,0.33449546,0.012312167,0.17818308
1,5,DOUBLE,SO,0.2674782,0.08647949,0.0010041137,0.11873902,0.06591253,0.3530647,0.0042901533,0.10303167
7,1,OUT,DOUBLE,0.060048763,0.39859807,0.0011941366,0.19549672,0.0067553287,0.09500147,0.0031892024,0.23971634
7,1,OUT,DOUBLE,0.0006344674,0.97205204,7.1318755e-07,9.469177e-08,0.00019635352,0.0013389719,8.6119763e-07,0.025776668
7,7,OUT,OUT,0.06618398,0.004239233,0.00019458358,0.000857456,0.022561561,0.013621978,0.002066264,0.890275
4,4,BB,BB,0.22308435,0.03557851,0.0029460373,0.013015149,0.3407154,0.092228316,0.0017968056,0.29063547
4,4,BB,BB,0.055538107,0.02190306,0.00034910138,0.11743401,0.48557663,0.063554145,0.00186637,0.2537787
4,0,BB,SINGLE,0.32790986,0.18377511,0.003376223,0.007555583,0.055947773,0.08871024,0.007880762,0.32484448
5,3,SO,HR,0.046883527,0.14975856,0.0010733074,0.28119206,0.17042914,0.08267124,0.0015762422,0.266416
5,3,SO,HR,0.14110437,0.07520655,0.009041582,0.26130134,0.18585241,0.070506155,0.023031779,0.2339558
0,7,SINGLE,OUT,0.12428213,0.14758556,0.0009866504,0.120946795,0.03697055,0.1437782,0.005408876,0.42004126
7,0,OUT,SINGLE,0.67597175,0.06355005,0.0013534211,0.0072715785,0.040053282,0.015437794,0.0062192897,0.1901428
3,7,HR,OUT,0.1855505,0.24816819,0.009927201,0.050294187,0.085801765,0.038876474,0.018335862,0.36304578
7,0,OUT,SINGLE,0.3767184,0.027225865,0.0006253273,0.04207621,0.08116724,0.37280187,0.0013409128,0.09804425
5,7,SO,OUT,0.09704775,0.052189864,0.0082621435,0.003541631,0.08280385,0.3649557,0.00043932136,0.39075974
4,1,BB,DOUBLE,0.09786659,0.24917553,0.0023247318,0.02084811,0.2413291,0.15345569,0.071294665,0.16370557
5,6,SO,HBP,0.319447,0.0036997565,0.00010549006,0.0019369683,0.02213922,0.039760094,0.52046514,0.092446335
0,5,SINGLE,SO,0.031896744,0.110661775,8.586505e-05,0.0042376705,0.07633745,0.49801254,0.00022912004,0.27853888
7,7,OUT,OUT,0.26041532,0.0885118,0.0020831262,0.003303986,0.024869386,0.04076517,0.006070067,0.5739811
7,7,OUT,OUT,0.17625906,0.07236605,0.004549508,0.068541504,0.061678357,0.12351317,0.00082073465,0.49227157
0,7,SINGLE,OUT,0.13140948,0.1340097,0.0009128299,0.029750042,0.063557416,0.29465866,0.0041041737,0.34159774
5,5,SO,SO,0.002006957,0.0022610729,0.0059109214,1.4708668e-06,0.123806216,0.8185726,4.545249e-05,0.04739532
7,7,OUT,OUT,0.09703609,0.14148201,0.008589287,0.0041945223,0.16293846,0.047266826,0.029020766,0.50947195
7,5,OUT,SO,0.022610722,0.007833266,9.41807e-05,0.0011595803,0.019347528,0.8898756,0.0017059526,0.057373133
7,5,OUT,SO,0.04363401,0.11652438,0.00086573197,0.005376667,0.24229127,0.3234247,0.0015031467,0.26638013
7,5,OUT,SO,0.15750927,0.031680934,0.0020264273,0.029647492,0.13461788,0.4469888,0.0026133838,0.19491592
7,7,OUT,OUT,0.32153058,0.16628967,0.018529002,0.01866129,0.025827305,0.06468807,0.032273684,0.35220045
7,6,OUT,HBP,0.013925764,0.032343544,0.00057128933,0.00035569875,0.03206442,0.011133447,0.8852388,0.024366952
7,4,OUT,BB,0.008191281,0.09841262,0.00014605474,0.0006601423,0.7124389,0.059940353,0.011119353,0.10909133
0,0,SINGLE,SINGLE,0.56080663,0.04433018,0.0081356,0.0117250895,0.17795067,0.027933557,0.0065774387,0.16254084
0,7,SINGLE,OUT,0.38550562,0.1463523,0.002389331,0.0074595744,0.04117153,0.016470835,0.0044138096,0.39623702
5,1,SO,DOUBLE,0.0046230457,0.9264115,0.00019179423,0.0006369911,0.05045889,0.0062112035,0.007845986,0.0036205726
3,3,HR,HR,0.0133127095,0.055053707,0.031435482,0.7305746,0.10936751,0.018415462,0.026859233,0.014981387
7,7,OUT,OUT,0.19337331,0.06256389,0.0040805847,0.17682715,0.18717091,0.03932536,0.022137662,0.31452113
7,7,OUT,OUT,0.21878923,0.024343135,8.913987e-05,0.0016750429,0.2024119,0.021480279,0.033255722,0.49795556
7,0,OUT,SINGLE,0.38131794,0.048226114,0.031355813,0.023235595,0.036015015,0.04184365,0.3025299,0.13547598
0,0,SINGLE,SINGLE,0.41491994,0.09542994,0.0032006588,0.06938183,0.12590094,0.074251875,0.025096273,0.19181857
7,7,OUT,OUT,0.06170994,0.17613247,0.0012596049,0.04550951,0.2953306,0.04217678,0.015613858,0.3622672
0,0,SINGLE,SINGLE,0.3487703,0.09724187,0.33548942,0.013680248,0.14502592,0.02495999,0.0060305246,0.028801719
7,4,OUT,BB,0.13924237,0.037223257,0.0005431926,0.0016455821,0.726739,0.020795861,1.6841032e-05,0.073793955
7,7,OUT,OUT,0.23338516,0.010815239,0.0037803238,0.00038424943,0.10012535,0.29567084,0.0012598874,0.35457897
7,1,OUT,DOUBLE,0.030564606,0.6652825,7.163344e-05,0.032359906,0.06151817,0.15440065,0.00013353783,0.055669073
7,7,OUT,OUT,0.060458396,0.065260306,0.0002030204,0.027402177,0.16144948,0.20558225,0.00037829464,0.479266
0,3,SINGLE,HR,0.04650794,4.5461504e-05,1.3197923e-06,0.44025758,0.21637805,0.15818377,0.011637324,0.12698852
7,4,OUT,BB,0.09954255,0.12819225,0.006851022,0.007423538,0.45278156,0.032698195,0.021228828,0.25128213
7,7,OUT,OUT,0.30843002,0.00823257,0.001942612,0.0030157943,0.09027377,0.2430304,0.015302273,0.3297726
0,0,SINGLE,SINGLE,0.61036533,0.010828206,0.00033036398,0.011102478,0.27543664,0.051322043,0.00081661606,0.03979833
0,7,SINGLE,OUT,0.005498705,0.031065952,3.1215746e-05,0.004778062,0.089893006,0.029916989,0.00010814217,0.838708
1,7,DOUBLE,OUT,0.37743643,0.020500124,0.0051278393,0.051578347,0.061570954,0.061835315,0.00019895025,0.4217521
7,5,OUT,SO,0.11668912,0.008139407,9.898565e-06,0.00013242048,0.0012029968,0.5377332,0.0013454917,0.33474743
0,0,SINGLE,SINGLE,0.2771007,0.07178123,0.012996654,0.23850368,0.0944403,0.11519966,0.02662263,0.1633552
1,5,DOUBLE,SO,0.21663079,0.0045135017,1.05452245e-05,0.0041196137,0.00807809,0.46308812,0.006373662,0.29718557
0,0,SINGLE,SINGLE,0.3865914,0.074105375,0.00082840986,0.10394697,0.0076185474,0.18964256,0.00036001543,0.23690669
7,7,OUT,OUT,0.065840006,0.032266162,1.829112e-08,6.820789e-05,0.031984683,0.13709508,0.00025439842,0.7324915
0,7,SINGLE,OUT,0.00014854503,0.0016675044,2.4477987e-07,4.671138e-05,0.00012174838,0.088315114,6.8771474e-06,0.90969324
7,7,OUT,OUT,0.0012744046,0.12356472,8.814003e-08,5.19453e-05,0.07517092,0.048460037,0.00063241966,0.7508455
5,7,SO,OUT,0.17038769,0.011386852,0.00043941397,0.0002304692,0.011068109,0.050451245,0.0027113382,0.7533248
7,4,OUT,BB,0.09560607,0.23598628,0.0056074252,0.035701394,0.38404566,0.09066806,0.03155827,0.12082678
7,5,OUT,SO,0.0059156227,0.33290792,0.0019918736,0.0034153317,0.026473502,0.55376124,0.0030593355,0.072475165
7,4,OUT,BB,0.08453081,0.06977521,0.0076467865,0.0036986065,0.45222312,0.24176943,0.00036826325,0.13998769
5,7,SO,OUT,0.08976183,0.0064189252,9.7126765e-05,0.0031251824,0.008351646,0.09229969,8.0084246e-05,0.79986554
7,5,OUT,SO,0.15946685,0.05736378,0.0026188798,0.22297783,0.07634339,0.3496472,0.022137236,0.10944481
5,1,SO,DOUBLE,0.05920416,0.4131868,0.008937805,0.024606697,0.16321158,0.13701124,0.0016096208,0.19223213
0,5,SINGLE,SO,0.015492374,0.046601694,0.00010470867,0.12924002,0.012603803,0.45672825,0.20783491,0.13139424
7,7,OUT,OUT,0.015645115,0.0064396635,0.00038524784,0.0012053528,0.04711407,0.16221428,0.0005518436,0.76644444
4,5,BB,SO,0.11757214,0.050326265,0.007068012,0.009868782,0.2209446,0.37514257,0.009119051,0.20995851
1,7,DOUBLE,OUT,0.057445433,0.22986764,0.0044479277,0.031923126,0.092273824,0.20102556,0.0010752376,0.38194123
7,7,OUT,OUT,0.21904819,0.06109139,0.0021638894,0.0033669998,0.3090279,0.014190691,0.015797451,0.37531343
0,0,SINGLE,SINGLE,0.2548284,0.20714141,0.0012304024,0.1862069,0.07427117,0.03171163,0.016110154,0.2284999
0,7,SINGLE,OUT,0.16453515,0.012284692,0.004108459,0.0019855374,0.22564565,0.1640235,0.0015125042,0.42590454
7,4,OUT,BB,0.25268868,0.05209842,0.00068815297,0.15626357,0.3318242,0.06313611,0.014059352,0.12924153
7,7,OUT,OUT,0.33051705,0.14480796,0.01746645,0.015886797,0.05955663,0.074685276,0.0021990833,0.35488075
7,5,OUT,SO,0.0133227855,0.03502901,0.00083493575,0.004124508,0.20342332,0.43618655,0.0062018465,0.30087703
0,1,SINGLE,DOUBLE,0.19871046,0.29931635,0.002355592,0.0009800768,0.12931927,0.037275493,0.0619768,0.27006587
7,1,OUT,DOUBLE,0.08196927,0.8631534,1.0280938e-08,0.00024135581,0.0015523793,0.02660721,0.0005760925,0.025900219
7,1,OUT,DOUBLE,0.31976274,0.38103086,0.00018197251,0.007972891,0.0015164426,0.077733405,0.00039389293,0.21140772
0,5,SINGLE,SO,0.1319692,0.038990438,8.629172e-05,0.009936473,0.0047232993,0.42716122,0.0019058165,0.38522738
7,3,OUT,HR,0.17823094,0.26166648,0.0008227317,0.26547167,0.023087855,0.0733037,0.120198876,0.077217855
4,5,BB,SO,0.07990124,0.0039453823,0.0011627395,0.0073561897,0.023155414,0.4274562,0.29979345,0.15722936
7,7,OUT,OUT,0.023768596,0.012847224,0.00019242993,0.00049159117,0.08849355,0.3085774,0.0001550569,0.56547415
5,7,SO,OUT,0.17300326,0.023712112,9.5784526e-05,0.02054752,0.027340425,0.12660404,0.0036459316,0.62505096
0,7,SINGLE,OUT,0.059279613,0.06131499,0.0032793174,0.0038375428,0.114546835,0.11473111,0.001341269,0.6416693
7,5,OUT,SO,0.14163823,0.04084869,0.00010685738,0.012984798,0.1165084,0.47746852,0.0027647293,0.20767987
0,7,SINGLE,OUT,0.35170913,0.013980676,0.00025588254,0.0010001481,0.059414614,0.09595358,0.0061714645,0.47151455
7,7,OUT,OUT,0.07060797,0.040480386,5.2061063e-05,0.17100959,0.20834656,0.15072814,0.00061005104,0.3581652
0,3,SINGLE,HR,0.16533677,0.12957528,0.0009922242,0.35123318,0.018903056,0.04626608,0.016746871,0.27094662
5,7,SO,OUT,0.29108095,0.11029104,0.0038406444,0.01651015,0.139026,0.1079493,0.0023488754,0.3289531
7,4,OUT,BB,0.14542373,0.05921778,0.005427836,0.06645138,0.40609837,0.11304838,0.040633418,0.16369916
1,0,DOUBLE,SINGLE,0.34840307,0.083691165,0.0059927963,0.022995923,0.08549161,0.08580149,0.059824664,0.3077993
7,7,OUT,OUT,0.012037959,0.39447486,2.2631085e-18,0.0024631636,3.652252e-06,0.19317245,2.2322222e-09,0.39784792
5,0,SO,SINGLE,0.7567671,0.017391678,5.4698838e-05,0.04935492,0.10674386,0.035983253,0.00032845134,0.03337607
3,7,HR,OUT,0.118237585,0.021462396,0.00015285422,0.24106024,0.052839093,0.23296799,0.016100815,0.31717896
7,7,OUT,OUT,0.09307043,0.0009793913,0.00017906718,0.0022560386,0.026521321,0.011733539,0.00021108046,0.8650491
5,0,SO,SINGLE,0.7622494,0.02268336,0.0010462807,0.0046340115,0.050635736,0.103756405,0.0072069867,0.04778793
7,0,OUT,SINGLE,0.2229273,0.13360175,0.007326547,0.19706075,0.15983032,0.08933733,0.0074223075,0.18249372
7,4,OUT,BB,0.011033205,0.008865789,0.010554272,0.0005038855,0.47514203,0.17931595,0.008976181,0.30560863
7,4,OUT,BB,0.17972907,0.011927718,0.00090946985,0.010288332,0.5445009,0.023208953,0.0038135466,0.22562209
7,0,OUT,SINGLE,0.59799707,0.0775186,0.0042084437,0.041568957,0.09330566,0.043992773,0.000995201,0.14041324
5,7,SO,OUT,0.087722264,0.04026528,0.00042256436,0.12497467,0.25388324,0.077801876,0.0235743,0.39135587
7,0,OUT,SINGLE,0.5401024,0.0025857529,0.00070514984,0.00039017797,0.039907243,0.14870062,0.0023992052,0.2652094
0,1,SINGLE,DOUBLE,0.08702694,0.64076924,0.0026118883,0.002985671,0.07608628,0.12552297,0.029886741,0.03511025
5,5,SO,SO,0.040541228,0.076118015,0.00071157294,0.015419239,0.12205404,0.54967093,0.012996932,0.18248804
5,1,SO,DOUBLE,0.033812243,0.8394233,0.010004017,0.058404606,0.032637242,0.006613452,0.0030726267,0.01603242
0,7,SINGLE,OUT,0.092798926,0.0029124632,0.20124741,0.16101983,0.1433593,0.02078783,0.0013443001,0.37653
5,0,SO,SINGLE,0.39322838,0.0055808965,0.0072709504,0.06403947,0.064808086,0.14235872,0.0029654056,0.31974813
0,7,SINGLE,OUT,0.12624492,0.039989773,0.051452246,0.11781712,0.016570227,0.024069237,0.0673433,0.5565132
7,7,OUT,OUT,0.06514119,0.0037229224,0.0004215497,0.0038351547,0.030036733,0.0073931236,0.014284479,0.8751648
0,4,SINGLE,BB,0.2029115,0.0069062654,0.067246936,0.1805788,0.2858175,0.10379518,0.028727205,0.124016576
7,1,OUT,DOUBLE,0.07468533,0.3667774,0.0005527248,0.024731664,0.02560415,0.15973061,0.0006168261,0.3473013
7,7,OUT,OUT,0.17696346,0.03801615,0.0064914967,0.03786761,0.066846594,0.11004584,0.0038513404,0.5599175
7,4,OUT,BB,0.043021433,0.19168289,0.00037198237,0.079209246,0.27488923,0.15327902,0.0004447497,0.25710133
5,7,SO,OUT,0.1689641,0.024531683,0.0006254006,0.034712747,0.26911026,0.10233422,0.00011682555,0.39960474
4,0,BB,SINGLE,0.41391852,0.081436284,0.00022150917,0.023973083,0.21701114,0.17444845,0.016014848,0.07297614
7,4,OUT,BB,0.06739778,0.008210566,0.0016007132,0.0066707106,0.52551305,0.060641233,0.002579208,0.3273868
1,0,DOUBLE,SINGLE,0.6676223,0.0832433,0.0017189623,0.002196675,0.08406029,0.050078884,0.034496307,0.07658315
5,7,SO,OUT,0.2960537,0.0031021638,0.0044498467,0.001511293,0.16942056,0.16659227,0.0007589568,0.35811117
7,2,OUT,TRIPLE,0.008867888,0.0012674384,0.9151406,0.00094484014,0.03751552,0.01903253,0.00039348428,0.016837627
7,4,OUT,BB,0.019073294,0.21283059,0.015636804,2.9250776e-05,0.5237651,0.15474778,6.7945e-05,0.07384926
0,5,SINGLE,SO,0.30524895,0.043772522,0.11389236,0.0048908247,0.08402242,0.35035515,0.019882953,0.07793485
4,0,BB,SINGLE,0.32119718,0.027680393,0.008736229,0.006874386,0.2827957,0.3076002,0.0013179252,0.04379807
7,5,OUT,SO,0.16008137,0.049642347,0.0015037049,0.0059374613,0.23987433,0.3509086,0.037620187,0.15443191
4,1,BB,DOUBLE,0.16484664,0.57856727,0.0017743735,0.014901287,0.038908176,0.09160577,0.00010846138,0.10928796
5,4,SO,BB,0.039424583,0.012428912,0.023132225,0.021263622,0.683093,0.116863854,0.0015040576,0.10228972
5,7,SO,OUT,0.31959736,0.015800867,0.0023376255,0.05617375,0.095184654,0.08113062,0.10803735,0.3217379
7,7,OUT,OUT,0.15430169,0.011605803,0.00014116577,0.2148019,0.047415547,0.18843612,0.01319929,0.37009853
7,1,OUT,DOUBLE,0.013896531,0.50578344,0.0019216717,0.0014373999,0.016502656,0.07756278,0.001726753,0.38116872
5,5,SO,SO,0.07259031,0.01444688,0.002505584,0.06609001,0.12589937,0.41657427,0.0023508023,0.29954275
7,7,OUT,OUT,0.08195036,0.13687867,0.001026497,0.0039729006,0.04037069,0.014568268,0.013173523,0.7080591
7,7,OUT,OUT,0.3311359,0.03743851,0.00033522164,0.00941246,0.09107331,0.1022682,0.0030030727,0.4253333
0,7,SINGLE,OUT,0.2200104,0.02942099,0.0002968197,0.004440101,0.25690323,0.1848871,0.001778107,0.3022632
0,7,SINGLE,OUT,0.19040377,0.0024031012,4.7006164e-05,0.0010552354,0.0076839454,0.122739375,0.0040834527,0.6715841
0,5,SINGLE,SO,0.058514252,0.0032893587,0.007200582,0.029596938,0.037584487,0.43855044,0.009310433,0.41595352
1,5,DOUBLE,SO,0.08644581,0.023648547,4.8841088e-05,0.0014211562,0.020393742,0.7128791,0.0007258915,0.1544369
7,4,OUT,BB,0.17518324,0.00101378,0.0011748843,0.063496575,0.38972464,0.16421193,0.010897452,0.19429749
7,4,OUT,BB,0.10373601,0.0056355447,0.0006988524,0.011670624,0.5483821,0.13987997,0.00023906725,0.1897578
7,5,OUT,SO,0.009743929,0.004934125,0.0001312629,1.938769e-06,0.0134724155,0.6764405,0.00032218598,0.29495367
7,7,OUT,OUT,0.25905952,0.031961307,0.0023862491,0.033061486,0.11325145,0.16132167,0.00031130275,0.3986471
3,0,HR,SINGLE,0.38137123,0.11815434,0.0011363169,0.006871261,0.08534365,0.17830732,0.0032441216,0.22557174
7,0,OUT,SINGLE,0.38666317,0.05501671,0.005198833,0.020000665,0.08564176,0.038360115,0.055215627,0.3539031
0,7,SINGLE,OUT,0.05492055,0.15727964,0.0027434994,0.030521275,0.10121944,0.11205348,0.0020723324,0.53918976
7,7,OUT,OUT,0.012832533,0.046712227,0.00093976705,0.09230682,0.23775086,0.13021846,0.026830642,0.45240864
0,7,SINGLE,OUT,0.12708668,0.012995541,0.0020858445,0.0078243995,0.13179545,0.345208,0.0007315334,0.37227258
7,0,OUT,SINGLE,0.46809876,0.011435315,0.0031101361,0.00024565595,0.17494926,0.14524032,0.0005887545,0.19633177
5,0,SO,SINGLE,0.29490808,0.015262587,0.00899059,0.018637821,0.2823398,0.23073381,0.03935271,0.10977458
7,4,OUT,BB,0.096840054,0.0056949216,0.0004775478,0.024915462,0.38578224,0.11902681,0.0009287886,0.3663342
0,0,SINGLE,SINGLE,0.6266685,0.087221615,0.017161032,0.0019412154,0.17969668,0.052390534,0.0010902532,0.03383008
5,7,SO,OUT,0.12757163,0.022169655,0.004930054,0.0027192312,0.093722366,0.20382899,0.0003213724,0.54473674
4,0,BB,SINGLE,0.568713,0.0082383035,0.00077094504,0.008727865,0.011708485,0.027007606,0.00036213655,0.3744716
1,0,DOUBLE,SINGLE,0.26362976,0.054891363,0.0039350213,0.15479986,0.112434044,0.22001861,0.028039828,0.16225147
1,7,DOUBLE,OUT,0.019992506,0.062819466,0.0054726372,0.013113521,0.3529253,0.03504521,0.0016559032,0.5089754
3,5,HR,SO,0.1916544,0.18290141,0.0023842428,0.017439336,0.17750853,0.23626246,0.0080112815,0.18383831
7,0,OUT,SINGLE,0.31666023,0.0800921,0.05072099,0.018031368,0.046053942,0.18521681,0.011786355,0.29143825
7,1,OUT,DOUBLE,0.013252916,0.68004334,0.0011144904,5.157004e-05,0.008383678,0.020352125,0.0019423225,0.27485958
7,1,OUT,DOUBLE,0.10643743,0.28418308,0.00039780536,0.007488419,0.22733411,0.21144393,0.002472792,0.16024245
7,7,OUT,OUT,0.13685505,0.018483723,1.7681983e-05,0.0068335556,0.13562745,0.15666865,0.001288844,0.54422504
0,4,SINGLE,BB,0.1750647,0.058636617,0.0050407164,0.03130004,0.5709051,0.025159856,0.0017118921,0.13218102
5,0,SO,SINGLE,0.63920546,0.0052241674,0.000576536,7.631792e-05,0.0119191,0.19174257,4.9398623e-05,0.15120652
7,5,OUT,SO,0.058389205,0.0010897927,0.00023198393,0.0016944351,0.16220376,0.714874,0.0006591197,0.06085776
5,7,SO,OUT,0.2582717,0.10738636,0.029001009,0.036306623,0.03410219,0.13700743,0.007460142,0.39046457
1,4,DOUBLE,BB,0.10560427,0.009810508,0.003939778,0.025975432,0.67605186,0.0688503,2.7199052e-05,0.1097408
5,0,SO,SINGLE,0.29995936,0.02067479,0.0007086481,0.15136112,0.25252053,0.09041579,0.013946945,0.17041284
0,4,SINGLE,BB,0.04319918,0.0040455936,0.0002767451,0.0003143967,0.5414104,0.067262344,0.053874392,0.28961706
4,7,BB,OUT,0.22836503,0.0077985297,0.0027583085,0.101685025,0.07862468,0.11721829,0.012793406,0.45075673
7,5,OUT,SO,0.059020996,0.013949353,0.0002782939,0.036714464,0.11623022,0.4569015,0.0022641916,0.31464103
7,7,OUT,OUT,0.1601172,0.020916674,0.00012270237,0.003554375,0.028227044,0.029639486,0.01592807,0.7414944
0,7,SINGLE,OUT,0.10218716,0.06342732,0.009965591,0.019934589,0.29511315,0.17727987,0.004594482,0.32749784
4,5,BB,SO,0.057019763,0.2539529,0.000598157,0.027173556,0.14545275,0.39961556,0.0022744697,0.11391286
7,7,OUT,OUT,0.12219348,0.05325937,0.013391319,0.02435335,0.116899565,0.17633893,0.0073386575,0.48622537
1,5,DOUBLE,SO,0.110629246,0.033633627,0.00043514086,0.00995749,0.22571237,0.34289667,0.10049063,0.1762448
7,7,OUT,OUT,0.19302021,0.25930902,0.110696994,0.0036451584,0.070149936,0.070775144,0.0009304336,0.2914731
5,4,SO,BB,0.13423689,0.025634931,0.00094183366,0.00015649902,0.60015994,0.1287567,0.00063016743,0.10948297
7,4,OUT,BB,0.17348461,0.026278067,0.015829707,0.00046476087,0.41025785,0.011561479,8.280771e-08,0.36212343
7,4,OUT,BB,0.00079646474,0.00474671,0.000105821535,1.6822705e-05,0.98720944,0.00067167886,3.8234116e-06,0.006449387
7,4,OUT,BB,0.21423936,0.088163085,0.00012994601,0.00033944365,0.67481494,0.010896663,0.0023219362,0.0090946155
1,5,DOUBLE,SO,0.22504693,0.046658896,0.00082198734,0.05626971,0.15613873,0.32370085,0.0020773336,0.18928555
7,5,OUT,SO,0.1558873,0.0043998677,0.00046978644,0.0014655641,0.03303283,0.5896279,0.0019500912,0.21316664
5,5,SO,SO,0.08791956,0.00067847635,0.0003935262,9.151643e-05,0.017784132,0.72191525,0.0016133211,0.16960423
7,5,OUT,SO,0.097279996,0.10012286,0.003540814,0.0004771304,0.05175356,0.4441517,0.009861927,0.29281196
0,5,SINGLE,SO,0.07801568,0.028292455,2.2743177e-05,0.05667267,0.34031132,0.47327638,0.0011807324,0.022228006
4,4,BB,BB,0.018248335,0.0018406734,0.00016562111,0.0014803349,0.9353347,0.0045559187,0.010623071,0.027751379
5,3,SO,HR,0.065645926,0.01368847,0.004563362,0.49915147,0.1363414,0.074803,0.0068579707,0.19894834
5,4,SO,BB,0.035810024,0.010183649,0.0021282202,0.046283443,0.70934486,0.084323265,0.07477139,0.03715512
7,7,OUT,OUT,0.06356326,0.0028146647,1.1686587e-05,0.0035537286,0.060900193,0.31542087,0.0069453,0.5467903
5,5,SO,SO,0.0222197,0.0017121204,3.1463558e-05,0.00085585203,0.00036164845,0.9108974,6.6345325e-05,0.06385545
5,5,SO,SO,0.0056648185,0.0011863115,8.4655755e-11,3.2217667e-06,0.19788542,0.58299375,8.924043e-09,0.21226647
7,7,OUT,OUT,0.43337053,0.0066964454,5.353417e-05,0.00018763474,0.0011101211,0.014672446,0.00046054792,0.5434487
0,7,SINGLE,OUT,0.1241445,0.010616478,0.0016575042,0.0009341043,0.11628769,0.14668156,0.011236491,0.5884416
7,7,OUT,OUT,0.11645533,0.13057116,0.0002333874,0.015193435,0.055263072,0.09105922,0.0052998275,0.58592457
4,7,BB,OUT,0.18472737,0.06976534,0.0036310565,0.012435086,0.08751439,0.06814724,0.0043905023,0.5693891
7,1,OUT,DOUBLE,0.03562321,0.44338837,0.0003355684,0.11789436,0.094020195,0.07704591,0.057958394,0.17373404
7,4,OUT,BB,0.24878204,0.22609666,0.0015498953,0.004252582,0.25517973,0.06723124,0.0030736185,0.19383419
1,5,DOUBLE,SO,0.19906427,0.09685903,0.018117199,0.05213585,0.16396934,0.24812612,0.0014066037,0.22032163
7,4,OUT,BB,0.06851898,0.008352903,3.2746431e-12,0.0009745534,0.88050663,0.01396209,4.3949036e-09,0.027684776
4,7,BB,OUT,0.18470496,0.00092350965,0.00045587044,0.0032879221,0.3333466,0.06848194,0.0062435465,0.40255567
7,3,OUT,HR,0.010699825,0.0059977635,0.00014300691,0.5420115,0.08053858,0.0014508562,8.756656e-05,0.35907087
6,4,HBP,BB,0.035191447,0.004378435,0.002805204,0.24281022,0.4826105,0.100375496,0.034873392,0.096955314
0,0,SINGLE,SINGLE,0.6064192,0.006295616,0.0002458546,0.0004967946,0.36000523,0.01044903,0.0012469706,0.014841382
1,7,DOUBLE,OUT,0.025081255,0.0055078315,0.00014843458,4.668515e-05,0.00015147583,0.06999588,3.4833806e-06,0.89906496
0,5,SINGLE,SO,0.02657588,0.006213439,0.0008870305,0.053825475,0.008317506,0.46503282,0.00056766975,0.43858024
0,5,SINGLE,SO,0.030757705,0.0003174722,2.9067087e-08,7.4582575e-05,0.00075932377,0.9355983,4.2276253e-07,0.032492187
7,4,OUT,BB,0.0050088526,0.029728606,0.00018706587,0.0021387078,0.7383991,0.14065176,2.5914544e-06,0.083883345
7,5,OUT,SO,0.18717493,0.0066471053,0.0023387347,0.001206891,0.026218673,0.5194362,0.016294705,0.24068277
7,0,OUT,SINGLE,0.5925064,0.01757529,0.001383808,0.0010524304,0.0026715882,0.19379777,0.0023272103,0.18868549
0,5,SINGLE,SO,0.3532784,0.014401982,0.0010944732,0.008464886,0.02270701,0.43581623,0.11441726,0.04981969
5,5,SO,SO,0.047326986,0.021704132,0.0023608909,0.10571918,0.038950074,0.55357957,0.0019874712,0.22837168
5,5,SO,SO,0.0025812476,0.0011279415,2.595854e-06,0.0029377989,0.19276306,0.78981316,0.0057890057,0.0049852263
1,5,DOUBLE,SO,0.07097406,0.005342041,3.303949e-05,0.00020201039,0.041748673,0.69711006,0.004594106,0.17999598
7,5,OUT,SO,0.12541085,0.00545744,2.619722e-05,0.21918522,0.11621074,0.2456087,0.10000688,0.18809396
5,3,SO,HR,0.017991045,0.002349376,0.00014752736,0.52898914,0.23945439,0.060837112,0.11708127,0.033150136
7,6,OUT,HBP,0.04090455,0.018384794,6.564637e-05,0.106298104,0.045340993,0.27584293,0.30715007,0.20601296
7,5,OUT,SO,0.050520048,0.08061468,8.193517e-05,0.00026193223,0.16555849,0.38941243,0.00062270754,0.3129278
7,3,OUT,HR,0.07213527,0.010098729,0.00054190145,0.35357988,0.027726121,0.25026116,0.059271675,0.22638528
7,0,OUT,SINGLE,0.45247096,0.22059138,0.04543557,0.026382482,0.041556396,0.027331205,0.012894388,0.17333765
5,7,SO,OUT,0.31239894,0.0064819055,0.00019964036,0.0030004515,0.24525572,0.004339797,0.002530674,0.42579284
5,7,SO,OUT,0.11587901,0.067594096,0.004009675,0.0046826084,0.16268577,0.12421883,0.000759755,0.5201703
0,4,SINGLE,BB,0.19124053,0.13485901,0.0032051716,0.0015277483,0.3590365,0.20641741,0.008776039,0.09493755
5,7,SO,OUT,0.12677017,0.05334431,0.23586287,0.052808348,0.049208954,0.18094099,0.023763727,0.27730057
0,0,SINGLE,SINGLE,0.54349154,0.034746636,0.0015784213,0.010212307,0.03424822,0.24807395,0.00070065673,0.12694828
4,4,BB,BB,0.17090565,0.030718055,0.03780179,0.013728658,0.32933614,0.0881736,0.019283393,0.31005272
5,7,SO,OUT,0.0034371903,0.00041799454,6.634477e-10,3.9368972e-10,0.14815705,0.061366852,5.8070154e-10,0.7866209
1,5,DOUBLE,SO,0.024469838,0.028723314,0.0003896958,0.0032382847,0.02261868,0.83638096,0.00017441518,0.08400481
7,5,OUT,SO,0.0009989695,0.022413595,0.0016681477,7.338136e-05,0.0022451214,0.75904346,0.00010236639,0.21345502
7,0,OUT,SINGLE,0.43485028,0.035302572,0.01896356,0.026910013,0.16853768,0.07239643,0.011781667,0.23125777
0,0,SINGLE,SINGLE,0.30025747,0.28453356,0.0022264074,0.0071929274,0.13567732,0.100672565,0.0015739839,0.1678658
5,0,SO,SINGLE,0.38449988,0.03918374,0.007805484,0.021141848,0.19071007,0.04358573,0.003868769,0.30920437
7,5,OUT,SO,0.04021338,0.004160507,0.00057994056,0.0009310499,0.003236471,0.58821166,0.00064329256,0.36202365
7,3,OUT,HR,0.08726817,0.04918216,0.0022169568,0.36206347,0.084133185,0.29757595,0.009403018,0.108157024
4,3,BB,HR,0.18142317,0.047072962,0.0049055293,0.32632312,0.040580142,0.27108106,0.0013236406,0.12729046
7,0,OUT,SINGLE,0.79496115,0.017139446,0.008283416,0.046446748,0.015814273,0.0492262,0.00048777374,0.06764113
4,0,BB,SINGLE,0.5484985,0.017379194,0.0034615658,0.0098990835,0.06433625,0.1563485,0.016805664,0.18327132
7,1,OUT,DOUBLE,0.040334795,0.7094667,0.0018104601,0.004556319,0.06167249,0.020113874,8.072815e-05,0.16196454
0,0,SINGLE,SINGLE,0.32289422,0.08586152,0.008591142,0.08261447,0.16912854,0.19343297,0.0070629898,0.13041422
7,3,OUT,HR,0.0062389905,0.0048272666,7.158531e-05,0.9311978,0.016939733,0.025247829,0.00033405275,0.015142799
0,7,SINGLE,OUT,0.07725321,0.12923495,0.003694646,0.036515404,0.2963999,0.095442556,0.04348411,0.3179752
7,5,OUT,SO,0.19301954,0.06142514,0.0020102088,0.021287192,0.24660361,0.35198754,0.003349821,0.12031686
5,7,SO,OUT,0.21211609,0.084789455,0.0002842702,0.0025553973,0.2825801,0.11901205,0.0013067155,0.2973559
7,7,OUT,OUT,0.08213327,0.015402547,0.2286395,0.0013627443,0.056912474,0.08977015,0.0033660347,0.52241325
7,5,OUT,SO,0.012555857,0.009109162,0.007312506,0.0072325077,0.009729683,0.8871064,0.004626578,0.06232716
5,7,SO,OUT,0.000493464,0.00015744223,2.5006404e-05,2.2536531e-05,0.00022537918,0.19045228,0.00041348508,0.8082104
7,7,OUT,OUT,0.0914755,0.068737246,0.077437095,0.063160695,0.10995351,0.25143048,0.016672332,0.3211331
0,4,SINGLE,BB,0.21648432,0.19014108,0.02062533,0.06688926,0.26258904,0.048410945,0.011317043,0.1835431
4,0,BB,SINGLE,0.29820395,0.06752515,0.0051661013,0.241496,0.056146607,0.10996675,0.011896217,0.20959918
7,7,OUT,OUT,0.15976076,0.085115165,0.004090057,0.008681753,0.02986561,0.20702462,0.0020419525,0.5034202
5,0,SO,SINGLE,0.41895175,0.1906313,0.019902095,0.08641255,0.05222057,0.12603408,0.0050013727,0.100846305
0,5,SINGLE,SO,0.056209903,0.047031436,0.0016079595,0.094787836,0.14027463,0.4898356,0.00013837802,0.17011423
7,0,OUT,SINGLE,0.38458797,0.15192248,0.0012305035,0.24314582,0.058815505,0.08572296,0.0007811918,0.073793575
0,7,SINGLE,OUT,0.22404031,0.14575383,0.08824257,0.010112908,0.13809451,0.06225476,0.0060227374,0.32547832
7,7,OUT,OUT,0.20847285,0.09748444,0.009226404,0.00919012,0.160079,0.053708646,0.013650252,0.44818822
1,0,DOUBLE,SINGLE,0.56330806,0.015143658,0.0026720716,0.0009222308,0.028838413,0.1978887,0.0010540939,0.19017264
5,4,SO,BB,0.0019557604,0.0035048306,3.4863853e-05,5.3989406e-06,0.9885561,0.000518776,7.078531e-06,0.005417266
0,7,SINGLE,OUT,0.07080742,0.0014607764,0.004774119,0.00043469714,0.021031797,0.011436575,0.00033124114,0.88972336
7,4,OUT,BB,0.0049905227,0.001363786,0.00053697324,0.008502202,0.9461173,0.002912943,0.00069916993,0.03487712
4,7,BB,OUT,0.058519654,0.01551898,0.0008191215,0.021590399,0.09028335,0.08407921,0.003666006,0.72552323
5,5,SO,SO,0.036694005,0.10725148,6.973708e-05,0.042265363,0.015245991,0.7508087,0.0016414683,0.046023298
5,5,SO,SO,0.09039717,0.027187387,0.002105622,0.0028111183,0.002820107,0.78995746,0.0019786865,0.082742386
7,5,OUT,SO,0.014797522,0.00236864,0.0067892973,0.0012356837,0.0015093032,0.8689923,0.00018285948,0.104124404
4,5,BB,SO,0.086167485,0.25723463,0.0007678446,0.026549498,0.10907219,0.49530622,0.004338978,0.020563172
5,4,SO,BB,0.109871075,0.0059154457,0.0004314997,0.0047446913,0.51325935,0.3112823,0.0055353846,0.048960302
5,5,SO,SO,0.1588961,0.0059265047,0.0020197926,0.008209142,0.100598,0.44734713,0.0058491505,0.27115417
4,5,BB,SO,0.08459342,0.019744223,0.002836076,0.01150018,0.12624589,0.38984022,0.0503339,0.31490615
7,4,OUT,BB,0.0795643,0.008115759,0.009471396,0.005080912,0.44028467,0.07480386,0.06475272,0.31792632
0,5,SINGLE,SO,0.13359615,0.09006183,0.00027463055,0.021815978,0.024449687,0.6022397,0.00542485,0.12213722
7,0,OUT,SINGLE,0.4023431,0.06580897,0.011337982,0.0107229315,0.05105772,0.07159602,0.007387286,0.37974605
0,5,SINGLE,SO,0.005765967,0.008625372,0.00034894433,0.0006254354,0.0040430236,0.69644463,0.0010892241,0.2830574
5,7,SO,OUT,0.050868712,0.05866311,0.00040666005,0.0013154917,0.0031909237,0.3573055,0.000492353,0.5277572
7,5,OUT,SO,0.0079230415,0.122443475,0.011760692,0.007123231,0.05228031,0.62145305,0.012993654,0.16402258
3,1,HR,DOUBLE,0.022227202,0.48729727,0.0006845452,0.006142755,0.08571141,0.10893342,0.20863335,0.080370106
7,7,OUT,OUT,0.24890022,0.020456897,0.19938749,0.010874136,0.07093359,0.12522398,0.028078513,0.2961451
7,4,OUT,BB,0.1891951,0.085874364,0.0031689503,0.24113172,0.24938458,0.038021207,0.00017233039,0.19305179
7,1,OUT,DOUBLE,0.07020474,0.32212287,0.017817508,0.08036093,0.14003244,0.18386573,0.028078351,0.15751746
1,1,DOUBLE,DOUBLE,0.17315955,0.35878056,0.023423893,0.008110494,0.048822135,0.032938093,0.04183707,0.31292823
0,4,SINGLE,BB,0.05216646,0.041121513,0.0037586312,0.054097235,0.725036,0.0495762,0.0036344936,0.070609406
3,7,HR,OUT,0.10737661,0.019260565,0.00056101615,0.19810799,0.20014043,0.18438378,0.008897005,0.28127262
7,3,OUT,HR,0.17234638,0.07657995,0.0014457636,0.29673108,0.17282328,0.022407088,0.0036541054,0.25401235
7,7,OUT,OUT,0.07219905,0.02714847,0.0009523547,0.0075355275,0.093779646,0.33051217,0.017337807,0.45053503
7,1,OUT,DOUBLE,0.03179297,0.3621553,0.0063090897,0.031186929,0.1406861,0.21535835,0.1389257,0.0735856
7,0,OUT,SINGLE,0.42750642,0.047521416,0.002452274,0.001513429,0.026311532,0.2655196,0.0001469046,0.22902834
6,5,HBP,SO,0.10266473,0.10684666,0.006622331,0.030992752,0.021174388,0.59670997,0.007471258,0.12751795
5,7,SO,OUT,0.2652778,0.09419594,0.010040956,0.0011419496,0.07527534,0.20431238,0.07411255,0.2756431
7,4,OUT,BB,0.15534258,0.062033445,0.00022090794,0.114727706,0.3185086,0.19205514,0.00013187682,0.15697975
7,1,OUT,DOUBLE,0.035446893,0.4619558,0.0002937225,0.0002794462,0.042341605,0.30243808,2.1095846e-05,0.15722336
4,5,BB,SO,0.09386275,0.003544193,0.0035355322,0.0033945316,0.07020617,0.7890378,0.0072017284,0.029217316
7,6,OUT,HBP,0.42404914,0.0088202385,0.00078473636,0.0036831258,0.003986037,0.06518522,0.4400476,0.0534439
1,7,DOUBLE,OUT,0.16120651,0.04012687,0.008034515,0.0386833,0.049155388,0.08605541,0.029568441,0.5871695
5,5,SO,SO,0.28624046,0.0025716708,0.002141929,0.0011153488,0.04417017,0.3310126,0.025622629,0.30712515
0,7,SINGLE,OUT,0.05962984,0.11902044,0.095949635,0.0054991394,0.1255573,0.2216042,0.0046686265,0.36807087
7,4,OUT,BB,0.18355635,0.030569056,0.00012750855,0.00054815674,0.35505134,0.31894356,0.004879547,0.106324516
5,7,SO,OUT,0.24687427,0.021480832,0.012250231,0.009193381,0.06290393,0.2517933,0.12163341,0.27387074
0,5,SINGLE,SO,0.10081819,0.00049076765,3.111788e-05,0.0001769966,0.003291242,0.81821066,9.202249e-05,0.07688904
2,4,TRIPLE,BB,0.22839324,0.0035851875,0.020420738,0.0005807051,0.37961972,0.2635876,0.00403607,0.09977685
5,5,SO,SO,0.117358744,0.27770182,6.755936e-05,0.025124377,0.052603245,0.4495491,0.00012742732,0.07746769
7,7,OUT,OUT,0.21310513,0.03160469,0.0014594767,0.004556624,0.12630452,0.08114627,0.012251655,0.52957165
0,7,SINGLE,OUT,0.050921634,0.036486052,0.00089829403,0.0012346756,0.1394012,0.30169445,0.00022468952,0.46913895
5,7,SO,OUT,0.21151944,0.0186215,0.08394502,0.0063249,0.06659868,0.197145,0.009138094,0.4067073
7,1,OUT,DOUBLE,0.1632617,0.33742678,0.00501582,0.0030856102,0.10244906,0.16124585,0.016936693,0.21057852
7,7,OUT,OUT,0.028272562,0.11023619,0.004645745,0.016159868,0.38455644,0.035519067,0.02748582,0.39312434
0,7,SINGLE,OUT,0.08673238,0.08827679,0.0031039042,0.029604303,0.22828002,0.25543875,0.035954405,0.27260944
5,7,SO,OUT,0.16790056,0.023067888,0.025242575,0.18734297,0.032607593,0.23260675,0.02022385,0.31100783
7,6,OUT,HBP,0.11191711,0.05048223,0.01058131,0.0020439867,0.015771722,0.04643125,0.5227748,0.23999764
4,0,BB,SINGLE,0.55200535,0.0038532726,0.02091246,0.011671847,0.165425,0.1678627,0.006074906,0.072194554
4,1,BB,DOUBLE,0.032897893,0.41554922,0.00048767394,0.02411706,0.13505393,0.16295283,0.00068048516,0.22826089
0,4,SINGLE,BB,0.09439652,0.01045721,0.00035138094,0.010617259,0.7634704,0.06816117,0.0029366564,0.049609374
0,1,SINGLE,DOUBLE,0.0099203205,0.9622989,9.663052e-06,0.00079237926,0.0056147664,0.009008828,0.0004177489,0.011937518
7,1,OUT,DOUBLE,0.1762764,0.3253074,0.003885782,0.00716951,0.07247841,0.24144188,0.0027235923,0.17071712
7,7,OUT,OUT,0.13683324,0.15215035,0.0239046,0.008164979,0.048662454,0.104522265,0.17426744,0.3514947
0,5,SINGLE,SO,0.016373115,0.07040072,0.0024487546,0.0025614928,0.020144504,0.82963526,0.038068954,0.02036725
0,7,SINGLE,OUT,0.11102094,0.04598529,0.0054258695,0.032514278,0.02754523,0.16631484,0.013230371,0.5979632
1,0,DOUBLE,SINGLE,0.4161519,0.01783065,0.0011793961,0.02180481,0.058504514,0.23329696,0.0022870016,0.24894479
5,5,SO,SO,0.059524488,0.13448736,0.007793808,0.011422667,0.13889673,0.5311174,0.010117294,0.106640264
7,4,OUT,BB,0.06294216,0.004421509,0.09055862,0.02844684,0.39151615,0.05843155,0.055854917,0.30782828
7,4,OUT,BB,0.03402123,0.007196979,0.0004832051,0.0031045098,0.47000027,0.18265343,0.004974642,0.29756576
7,7,OUT,OUT,0.032780815,0.23782293,6.668804e-05,0.0035043866,0.12542196,0.079371445,0.00038080863,0.5206509
7,7,OUT,OUT,0.049382523,0.03754045,0.0015647173,0.0018149031,0.09444822,0.22952813,0.004436248,0.5812849
7,7,OUT,OUT,0.023243101,0.010742091,0.00022769025,0.061187662,0.049853537,0.3339142,0.00083481974,0.51999694
6,4,HBP,BB,0.1738543,0.046179425,0.0029942328,0.092055686,0.3547607,0.07529771,0.090008825,0.16484912
4,7,BB,OUT,0.1326044,0.013404,0.00485724,0.006830634,0.11903094,0.06141513,0.06449353,0.5973641
7,7,OUT,OUT,0.02598132,0.056176946,0.00036818115,0.004868291,0.05510997,0.16534333,0.00090175756,0.69125026
7,7,OUT,OUT,0.26077986,0.0011071549,0.00086155604,0.0012929678,0.11092036,0.23805587,0.0045195767,0.38246256
5,6,SO,HBP,0.13743368,0.049989697,0.0006217206,0.034757134,0.13577938,0.16276823,0.37371266,0.104937494
5,0,SO,SINGLE,0.52867717,0.012982558,0.011170118,0.0016609597,0.14206238,0.09979878,0.0018224512,0.20182559
7,3,OUT,HR,0.02224002,0.004922324,0.0018416558,0.6681276,0.0008671469,0.06322735,0.18373246,0.0550415
7,5,OUT,SO,0.27888086,0.016133014,0.00031781575,0.00054195384,0.06015666,0.39879856,0.00073395023,0.24443717
4,5,BB,SO,0.3159165,0.07898353,0.002067991,0.002052241,0.11802952,0.34843278,0.050197393,0.08432003
7,5,OUT,SO,0.052374,0.0035073562,2.9000445e-05,0.0051540984,0.13962035,0.7430879,0.008663997,0.047563225
7,0,OUT,SINGLE,0.38646892,0.08718465,0.0016418991,0.013652203,0.06831044,0.2115582,0.131426,0.099757604
7,7,OUT,OUT,0.013645394,0.07110832,0.011289794,0.0033663413,0.03801256,0.07808766,0.13642879,0.64806116
7,5,OUT,SO,0.33132544,0.008923347,0.012953472,0.01180977,0.025803821,0.4920258,0.032414418,0.08474391
7,5,OUT,SO,0.27023622,0.025055172,0.007246694,0.020162273,0.11698207,0.37460825,0.0020161858,0.18369308
5,5,SO,SO,0.18771261,0.016777309,0.0011027695,0.05776326,0.04059117,0.34800735,0.0057969014,0.34224862
7,3,OUT,HR,0.07850287,0.02689828,0.0007890365,0.53064346,0.10101394,0.064756624,0.00089959847,0.1964961
7,5,OUT,SO,0.25694594,0.020426046,0.02649044,0.007779245,0.20868635,0.3226039,0.00049128133,0.15657687
7,5,OUT,SO,0.03806107,0.045050133,0.0020876012,0.0038480647,0.048472185,0.7648818,0.028865827,0.068733364
5,7,SO,OUT,0.04650442,0.0047191284,0.04864497,0.001272989,0.29429364,0.2644114,0.0006778127,0.33947572
7,3,OUT,HR,0.17104842,0.13124609,0.07659239,0.28239655,0.04403463,0.054291323,0.00089589244,0.23949468
7,0,OUT,SINGLE,0.81318945,0.018744458,0.0049781953,0.0013593945,0.016336694,0.051645093,0.0005059325,0.09324067
4,7,BB,OUT,0.1846592,0.03976505,0.009670215,0.012854454,0.0121961925,0.34283727,0.00010926144,0.39790836
0,4,SINGLE,BB,0.08410223,0.04594067,0.02383563,0.003944028,0.29804668,0.08409621,0.29199058,0.168044
5,7,SO,OUT,0.110613115,0.0037083314,0.001909498,0.0015559266,0.13419247,0.06007894,0.19793636,0.49000537
0,7,SINGLE,OUT,0.07864156,0.09305711,0.00039192432,0.0035089226,0.04771015,0.09472236,0.03461397,0.64735395
5,5,SO,SO,0.05128774,0.0010143875,0.00034472006,0.00017406534,0.058645673,0.6020795,0.0030537082,0.28340018
1,6,DOUBLE,HBP,0.013341993,0.11351937,0.018595573,0.00057289255,0.011928506,0.19556011,0.3527919,0.29368964
7,5,OUT,SO,0.045275725,0.118368596,0.0069532567,0.00016430262,0.01112565,0.73604965,0.009555241,0.072507545
7,7,OUT,OUT,0.16485883,0.02236134,0.0006143214,0.037417702,0.01469576,0.06886293,0.0025465742,0.6886425
7,7,OUT,OUT,0.10711333,0.02036217,0.00069031713,0.065338686,0.100348815,0.114180714,0.0011733073,0.5907927
6,7,HBP,OUT,0.15103367,0.0744109,0.0015548812,0.018391334,0.21144967,0.0671745,0.0009964705,0.4749887
4,0,BB,SINGLE,0.42370573,0.06005068,0.0013230845,0.0019286221,0.3027072,0.03182075,0.004383746,0.17408028
5,7,SO,OUT,0.17343111,0.002610039,0.006759862,0.0004981945,0.0676475,0.3337842,0.07857267,0.33669642
7,7,OUT,OUT,0.0977645,0.16306862,0.0074668718,0.037929542,0.0975613,0.19359827,0.008022061,0.39458883
5,5,SO,SO,0.003350107,0.005200999,0.0012391361,0.0065856483,0.00014885771,0.9761435,0.000710716,0.006621087
7,0,OUT,SINGLE,0.3199685,0.020836102,0.03937474,0.0060454584,0.24863766,0.14008628,0.00019157332,0.22485968
7,5,OUT,SO,0.22431122,0.09521096,0.062550984,0.0003591615,0.16853374,0.2705943,0.0064665168,0.1719731
0,5,SINGLE,SO,0.013486831,0.11654765,0.022435566,0.01983816,0.0074492814,0.68486315,0.00014017677,0.13523912
4,5,BB,SO,0.14096662,0.044396628,0.0038519402,0.0054811025,0.089283004,0.67147774,0.0060845376,0.03845847
3,0,HR,SINGLE,0.365889,0.09133638,0.15886645,0.0037960939,0.09607178,0.06614327,0.0015458917,0.21635103
7,0,OUT,SINGLE,0.6380346,0.1435584,0.0012167607,0.003076422,0.023238607,0.032028284,0.018515091,0.14033194
7,0,OUT,SINGLE,0.55280215,0.0059155147,0.0008661681,0.015090989,0.11155125,0.0915838,0.009079222,0.21311095
7,7,OUT,OUT,0.32832575,0.042094413,0.0005490319,0.04425621,0.022057146,0.18582226,0.0014641464,0.3754311
3,5,HR,SO,0.21157698,0.019623252,0.0002612901,0.026460104,0.08813873,0.50455344,0.0014200765,0.14796607
7,7,OUT,OUT,0.20929243,0.24349275,0.00079448585,0.003475393,0.013577995,0.17514308,0.00087532244,0.35334858
7,0,OUT,SINGLE,0.3968409,0.005413882,0.0009979066,0.038983468,0.13514104,0.26418468,0.00015324615,0.15828481
7,5,OUT,SO,0.06861631,0.04373975,0.013055868,0.003584177,0.13353863,0.5042276,0.0035133897,0.22972435
5,5,SO,SO,0.16415419,8.534422e-05,0.00074417226,0.0068235835,0.009295143,0.7140114,0.0061567766,0.09872949
5,1,SO,DOUBLE,0.107219115,0.53027797,0.006728159,0.0020173094,0.012099904,0.020812707,0.0009922071,0.3198526
7,7,OUT,OUT,0.10105555,0.18869698,0.013257652,0.13456585,0.17252405,0.09317349,0.06994448,0.22678195
7,0,OUT,SINGLE,0.5358716,0.014747689,0.020213181,0.0014328179,0.14771312,0.084228486,0.001861661,0.19393145
5,5,SO,SO,0.119009174,0.0039108726,0.0076323426,0.00099765,0.0312561,0.7816898,0.0025860397,0.052918043
7,7,OUT,OUT,0.1894712,0.10502706,0.011158281,0.0066420967,0.18059912,0.20361286,0.0018989507,0.30159047
7,0,OUT,SINGLE,0.462657,0.009642885,0.013458145,0.0007397134,0.17663734,0.022606442,0.0077101225,0.3065483
0,7,SINGLE,OUT,0.27260262,0.04783574,0.040133182,0.0063283355,0.045879815,0.03204335,0.004308565,0.55086845
7,4,OUT,BB,0.15780157,0.0054763653,0.0004985006,0.10452587,0.31438407,0.26532674,0.004349725,0.14763725
5,0,SO,SINGLE,0.5773326,0.042804483,0.00045229436,0.0070181745,0.066444114,0.26712564,0.0016230674,0.037199505
1,7,DOUBLE,OUT,0.32454756,0.025874972,0.0012246486,0.010184308,0.095092095,0.14277625,0.0008840452,0.39941606
7,5,OUT,SO,0.06444277,0.0009008767,0.00029324295,0.0027407291,0.011586399,0.69147193,0.003333395,0.22523068
7,5,OUT,SO,0.3145206,0.023114366,0.010619576,0.00068936136,0.085090674,0.3529165,0.0052141813,0.20783474
0,0,SINGLE,SINGLE,0.3976595,0.007540271,0.009931149,0.010847118,0.3601359,0.09789281,0.0055706706,0.11042254
7,7,OUT,OUT,0.13074802,0.0050896467,0.00027148187,0.008261994,0.12057912,0.062524386,0.0061966344,0.6663287
5,7,SO,OUT,0.27390736,0.098829366,0.0010671418,0.024690052,0.034991827,0.09571257,0.0014678967,0.46933383
7,7,OUT,OUT,0.12987287,0.053605285,0.0014597783,0.05253651,0.14193526,0.05418579,0.028685289,0.5377192
7,5,OUT,SO,0.109036304,0.09302272,0.0023483546,0.0005675157,0.016859557,0.56375885,0.074478544,0.13992816
7,5,OUT,SO,0.09808752,0.0073295236,0.00045033018,0.0009615958,0.047083702,0.6040915,0.00010442065,0.24189149
4,5,BB,SO,0.07602063,0.0133322915,0.025308201,0.01575846,0.30995756,0.5174786,0.0069463393,0.035197962
5,6,SO,HBP,0.11999426,0.07036635,0.001390883,0.0006451102,0.019393427,0.28394315,0.38220772,0.122058995
7,5,OUT,SO,0.01104464,0.23151366,0.0017859867,0.043335848,0.03132947,0.5743269,4.2996387e-05,0.10662056
5,7,SO,OUT,0.14766708,0.013447458,0.0007857051,0.08137069,0.006797821,0.03311449,0.014061023,0.7027557
0,5,SINGLE,SO,0.16788068,0.09964299,0.0024769676,0.038297094,0.028349327,0.5366396,0.0024838133,0.12422953
7,5,OUT,SO,0.0020456272,0.0029028067,4.1032067e-06,0.00077705475,0.009228484,0.7488819,0.00021866495,0.2359414
7,0,OUT,SINGLE,0.41285127,0.012432857,0.13268441,0.00074394594,0.08191786,0.14790916,0.005764712,0.20569563
7,2,OUT,TRIPLE,0.13280798,0.09700991,0.30872363,0.003487466,0.19054459,0.11191873,0.004805493,0.15070231
7,7,OUT,OUT,0.22376813,0.035398826,0.020712825,0.008856148,0.076448396,0.23495497,0.0043852893,0.39547542
7,0,OUT,SINGLE,0.47159111,0.086780585,0.00026130222,0.0013588573,0.009378331,0.23495872,0.0022095484,0.19346154
7,5,OUT,SO,0.14385043,0.017739838,0.0042535695,0.0069990964,0.2374473,0.4155107,0.0015786627,0.17262031
7,0,OUT,SINGLE,0.35077533,0.034051687,0.0020980258,0.005108111,0.11790521,0.27217194,0.012791905,0.20509785
0,4,SINGLE,BB,0.24341363,0.02313482,0.00013925153,0.0043870793,0.34468144,0.16059835,0.0019897672,0.22165568
4,7,BB,OUT,0.16620564,0.032277387,3.6217138e-05,0.0046695513,0.2229877,0.08311077,0.0007209999,0.48999175
7,7,OUT,OUT,0.10581116,0.08579941,0.008508069,0.03410926,0.16721049,0.05692973,0.05751868,0.4841132
7,5,OUT,SO,0.018807916,0.045560274,0.017905166,0.24204612,0.21140054,0.3712864,0.0062023425,0.08679122
0,0,SINGLE,SINGLE,0.35526687,0.35041836,0.0004440031,0.002427307,0.009738283,0.076843336,0.003026571,0.20183519
5,7,SO,OUT,0.1429608,0.015189189,0.0019677032,0.06310438,0.12441928,0.12129099,0.056527883,0.4745398
0,0,SINGLE,SINGLE,0.4442783,0.031769384,0.00020394706,0.00028218143,0.019386033,0.32205212,0.0011042889,0.18092366
7,4,OUT,BB,0.2162945,0.008458958,0.010240242,0.0015077607,0.40365013,0.035198,0.00022408801,0.3244263
5,0,SO,SINGLE,0.5212139,0.018396825,0.0011714669,0.0019487859,0.012735468,0.34831032,0.0019810458,0.09424221
7,6,OUT,HBP,0.15440184,0.07506428,0.023726083,0.005682488,0.0061314036,0.2354234,0.35364762,0.14592288
7,7,OUT,OUT,0.18762343,0.18217933,0.0045903595,0.0006961052,0.049016744,0.08887708,0.02865397,0.45836297
7,0,OUT,SINGLE,0.48757836,0.007076232,0.013441808,0.003532639,0.056042295,0.3271175,0.0038227784,0.10138831
3,5,HR,SO,0.007843066,0.0020840962,0.0045915516,0.20556635,0.047746383,0.58697164,1.1115221e-05,0.14518584
1,0,DOUBLE,SINGLE,0.49230203,0.005152198,0.001998085,0.0018774667,0.10837164,0.31557986,0.010066511,0.06465224
7,0,OUT,SINGLE,0.64126056,0.08758235,0.00026752308,0.001081192,0.06176685,0.011502207,0.0025701537,0.19396907
5,6,SO,HBP,0.10508662,0.004573407,0.0007865654,0.00085607986,0.014936841,0.018314108,0.818724,0.036722425
5,7,SO,OUT,0.13533084,0.0060290294,0.010831138,0.00033669165,0.2951007,0.06839354,0.007408478,0.4765695
4,7,BB,OUT,0.25092018,0.048242077,0.0015645567,0.0028789272,0.10131487,0.24214624,0.0129862325,0.33994693
5,0,SO,SINGLE,0.32463223,0.014302748,0.0006248105,0.031200703,0.15176222,0.23280808,0.0014281869,0.24324104
7,0,OUT,SINGLE,0.5899258,0.010745796,0.000102658174,0.003182892,0.013108724,0.13413633,0.0003465312,0.2484512
7,0,OUT,SINGLE,0.65671295,0.024716036,0.00036047408,0.009298141,0.07944958,0.063818544,0.06258187,0.10306229
5,5,SO,SO,0.42352936,0.0012680441,0.000109281485,0.0056052557,0.010630516,0.43527004,0.00082154095,0.122766055
1,5,DOUBLE,SO,0.066323094,0.1654226,5.2827698e-05,0.09167374,0.01231275,0.6176962,0.00013663968,0.04638212
1,0,DOUBLE,SINGLE,0.45116818,0.07719633,0.00033273792,0.0019383314,0.009389446,0.05277951,0.0011731111,0.40602222
7,7,OUT,OUT,0.086858295,0.04103856,0.007250112,0.0005404455,0.047876406,0.03851958,0.0029496101,0.77496696
7,0,OUT,SINGLE,0.32016346,0.17042492,0.0032553514,0.089371994,0.040307187,0.10701632,0.008984457,0.26047632
7,0,OUT,SINGLE,0.3727996,0.024233757,0.001271828,0.035821214,0.0643355,0.20749329,0.0011947649,0.29285002
7,7,OUT,OUT,0.43038797,0.017395863,0.0048182146,0.0032843773,0.024314143,0.05170928,0.0023429345,0.46574718
0,3,SINGLE,HR,0.2217128,0.04539638,0.004203777,0.48527256,0.107916415,0.02659355,0.022018893,0.08688566
7,0,OUT,SINGLE,0.38806185,0.04839381,0.037803087,0.015331498,0.098139256,0.049687687,0.01756659,0.34501624
5,6,SO,HBP,0.035076417,0.01249036,0.00069421274,0.021649547,0.017798364,0.0059225615,0.82647705,0.07989155
0,0,SINGLE,SINGLE,0.28269213,0.218572,0.0022894908,0.18357581,0.020959022,0.07893401,0.0029337078,0.2100439
7,6,OUT,HBP,0.11543471,0.02153635,0.037984453,0.038196016,0.09003568,0.12675506,0.46117282,0.108885005
7,7,OUT,OUT,0.2217691,0.07437646,0.00074997975,0.026868861,0.13904752,0.15555352,0.009156027,0.37247857
4,7,BB,OUT,0.19709823,0.012804036,0.0028796287,0.0009644385,0.109335415,0.08066591,0.011594224,0.58465815
7,0,OUT,SINGLE,0.32197195,0.04670026,0.0035475225,0.29292285,0.09728992,0.04950549,0.06419504,0.123866946
5,0,SO,SINGLE,0.54321873,0.17014192,0.019879075,0.0062100803,0.02652462,0.030391678,0.012169262,0.19146457
5,1,SO,DOUBLE,0.03444231,0.5434968,0.0012956146,0.019900583,0.007045024,0.057574388,0.010959709,0.32528552
0,7,SINGLE,OUT,0.11071859,0.16218847,0.04055745,0.011278315,0.20360102,0.12919056,0.009265901,0.33319965
0,1,SINGLE,DOUBLE,0.10334162,0.43606728,0.0027237367,0.020386416,0.113416135,0.21514925,0.013458135,0.09545744
4,7,BB,OUT,0.1620893,0.08322347,0.24137247,0.082664005,0.03305101,0.049533274,0.10002668,0.24803978
4,1,BB,DOUBLE,0.14685294,0.53446513,0.044102497,0.08320061,0.03994169,0.034625124,0.0066768425,0.11013524
7,3,OUT,HR,0.19570385,0.003636263,0.00037813856,0.57178444,0.026999507,0.013973656,0.08706723,0.100457
7,0,OUT,SINGLE,0.36721012,0.012929429,0.0042414395,0.01988503,0.06620495,0.05397069,0.36466193,0.11089647
7,7,OUT,OUT,0.15699518,0.030247653,0.010895618,0.018906005,0.081431925,0.053171296,0.28043604,0.36791623
7,7,OUT,OUT,0.07690367,0.061681967,0.001762253,0.02179201,0.1548925,0.11902891,0.0019600391,0.5619786
5,0,SO,SINGLE,0.2946353,0.1708855,0.024927145,0.1963026,0.10468294,0.06333369,0.030988017,0.11424479
5,7,SO,OUT,0.120859735,0.06719735,0.0062555196,0.015788678,0.20734623,0.10098826,0.0046283943,0.47693577
7,7,OUT,OUT,0.30806488,0.045429386,0.010802428,0.2001705,0.006861848,0.011697759,0.01630406,0.4006691
7,5,OUT,SO,0.091971636,0.2865481,9.182028e-05,0.0124780405,0.12681569,0.38434777,0.0031251898,0.09462175
5,7,SO,OUT,0.2369718,0.009679784,0.045052126,0.023597246,0.10265078,0.20949492,0.008103246,0.3644502
7,4,OUT,BB,0.10380317,0.07033755,0.004486015,0.02007314,0.44560486,0.2141199,0.0020451816,0.13953014
7,7,OUT,OUT,0.09975912,0.04815733,0.000671338,0.00514219,0.24588954,0.14510544,0.025928723,0.4293463
7,5,OUT,SO,0.063623846,0.0087936,0.0013143567,0.35729644,0.021390095,0.41601297,6.658997e-05,0.1315021
5,4,SO,BB,0.07153335,0.06106939,0.00030486495,0.010374585,0.74965525,0.02685628,0.010932486,0.06927371
7,7,OUT,OUT,0.047964267,0.02332199,0.05858788,0.042942736,0.08696624,0.13537,0.14171985,0.463127
0,0,SINGLE,SINGLE,0.37958443,0.1298986,0.00087123923,0.0040727486,0.017314177,0.055216923,0.096519895,0.31652188
7,0,OUT,SINGLE,0.40904814,0.02687412,0.00027055191,0.0116093205,0.037325006,0.18329197,0.013050002,0.31853092
7,0,OUT,SINGLE,0.31861615,0.081547365,0.0015957879,0.029111251,0.12118586,0.2363494,0.0022820132,0.20931213
7,4,OUT,BB,0.0650597,0.0389687,0.00406557,0.004707384,0.5284257,0.17592877,0.10124204,0.08160206
3,0,HR,SINGLE,0.21351883,0.11909399,0.027402302,0.1825943,0.13792709,0.13485302,0.0090703685,0.1755401
7,2,OUT,TRIPLE,0.0653559,0.033839725,0.56467897,0.012808364,0.17520006,0.10172466,0.012545912,0.033846397
7,0,OUT,SINGLE,0.3860259,0.0230454,0.05239167,0.016224554,0.34930664,0.06581864,0.0029188546,0.10426831
0,5,SINGLE,SO,0.22725897,0.0055428557,0.0004706128,0.21507806,0.12640709,0.3264782,0.026838548,0.07192571
7,4,OUT,BB,0.026144164,0.078565784,0.00013490667,0.006665137,0.81682676,0.03974581,0.007951381,0.023965975
5,4,SO,BB,0.06374537,0.014655479,0.0007987374,0.32253897,0.5384195,0.03484293,0.0053572226,0.019641755
7,0,OUT,SINGLE,0.4060112,0.051129453,0.26211375,0.0038255898,0.10033028,0.01310772,0.015609571,0.14787243
7,4,OUT,BB,0.09510592,0.05291255,9.099386e-06,0.0010491414,0.6631088,0.07880194,0.0008774804,0.10813506
5,6,SO,HBP,0.001461083,0.0038974138,3.290879e-05,0.082006276,0.0112272175,0.17607856,0.6510084,0.07428814
7,5,OUT,SO,0.3402918,0.023530351,0.0008019314,0.003008059,0.0057579926,0.42374703,0.000120686884,0.20274214
5,0,SO,SINGLE,0.5610185,0.01952271,0.00024150284,0.00039268192,0.039489754,0.21137694,0.0030849513,0.16487285
7,0,OUT,SINGLE,0.35162526,0.005979057,0.00082588993,0.0019895572,0.13608915,0.3489971,0.07745686,0.07703714
0,5,SINGLE,SO,0.15685026,0.031136569,0.00076713716,0.021777693,0.047590565,0.60501647,0.011063122,0.12579814
3,5,HR,SO,0.14542867,0.004669665,0.00026391118,0.0034746327,0.03132872,0.5823609,0.02986119,0.20261234
0,0,SINGLE,SINGLE,0.6211777,0.019485036,0.00036868194,0.028023742,0.13251303,0.12931474,0.02066154,0.048455525
7,6,OUT,HBP,0.052974135,0.009911055,0.0004931747,0.008009758,0.08741856,0.21366297,0.5445846,0.08294584
7,5,OUT,SO,0.07950739,0.009628593,0.00067415886,0.0020024534,0.024446217,0.86046094,0.003018548,0.020261655
0,7,SINGLE,OUT,0.11608819,0.005102858,0.00030226668,0.0044222833,0.009480169,0.4203824,0.0018909407,0.44233084
7,1,OUT,DOUBLE,0.020928051,0.43265823,0.0005251043,0.0021079504,0.26130787,0.13805522,0.003740121,0.14067748
1,4,DOUBLE,BB,0.0086406,0.011256894,0.0005783105,0.0002709497,0.8935511,0.060989365,0.00017780827,0.024534954
4,4,BB,BB,0.14978305,0.050507523,4.7774913e-05,0.016434865,0.3392657,0.3032415,0.015833113,0.124886476
5,1,SO,DOUBLE,0.36350095,0.38986516,0.00041363857,0.003974086,0.050033357,0.03314955,0.054679185,0.10438397
7,7,OUT,OUT,0.042767692,0.13048075,0.0005944306,0.0074319886,0.0865505,0.05351414,0.0039311675,0.67472935
7,7,OUT,OUT,0.17216828,0.11868065,0.0007031515,0.0051872963,0.20530581,0.034102846,0.0077900034,0.456062
7,7,OUT,OUT,0.14307246,0.19820008,0.0054152133,0.012724743,0.018560855,0.05045238,0.009124053,0.5624502
4,0,BB,SINGLE,0.37921858,0.07524928,0.00044741516,0.008664292,0.24253306,0.037180312,0.0038029398,0.25290415
7,7,OUT,OUT,0.12832047,0.00448881,0.0001509843,0.0005743192,0.093586564,0.051143546,0.0003546465,0.72138065
4,7,BB,OUT,0.21882422,0.25217035,0.00025906815,0.0034316604,0.17414288,0.056475367,0.0009760901,0.29372036
0,4,SINGLE,BB,0.10508145,0.0067646867,0.004840496,0.033174243,0.5762409,0.06289039,0.01210328,0.19890451
4,1,BB,DOUBLE,0.2534357,0.2548158,0.0003535871,0.0064047426,0.12777741,0.2186975,0.0034293723,0.13508584
2,5,TRIPLE,SO,0.00489684,0.006555637,0.000714418,0.014942168,0.101213925,0.6088224,0.00029279542,0.2625618
7,0,OUT,SINGLE,0.43059814,0.0016016101,0.000750155,0.058308657,0.020353813,0.1300878,0.0007694803,0.35753042
5,3,SO,HR,0.31707975,0.016444633,9.648097e-05,0.36673594,0.09661659,0.047437705,0.00014961176,0.15543918
0,0,SINGLE,SINGLE,0.38125432,0.19042385,0.0032026363,0.0015562451,0.02799936,0.22065613,0.0063780798,0.16852948
0,5,SINGLE,SO,0.15242545,0.09005044,0.0057402393,0.0040566977,0.10099193,0.3378324,0.022110017,0.28679284
0,5,SINGLE,SO,0.12205664,0.019184519,0.00017201647,0.009505051,0.109283425,0.4652935,0.032978907,0.24152593
7,5,OUT,SO,0.13068877,0.016611025,0.0043902514,0.018881442,0.061634135,0.3828212,0.0026419738,0.38233113
4,5,BB,SO,0.12943834,0.18040618,0.0037897902,0.001031887,0.10383424,0.4675698,0.0007910866,0.11313857
4,7,BB,OUT,0.04401495,0.0016287706,0.005243818,0.00070991385,0.054348603,0.019986037,0.00028947415,0.8737784
0,7,SINGLE,OUT,0.081895776,0.049817573,0.0022013811,0.041345306,0.19360274,0.25084743,0.0024748808,0.3778149
5,7,SO,OUT,0.10703617,0.00015815013,2.8199209e-05,0.00080616993,0.016666884,0.076293945,0.00012697627,0.79888356
5,7,SO,OUT,0.17375475,0.09026215,0.075089775,0.024581823,0.06258296,0.17739241,0.054014344,0.34232175
5,0,SO,SINGLE,0.75096613,0.051517278,6.4526857e-06,0.00021785864,0.046410162,0.016379956,0.02710969,0.10739237
7,0,OUT,SINGLE,0.73897964,0.0019583774,5.983126e-05,0.00010011769,0.016060572,0.00567031,0.10437485,0.13279642
4,1,BB,DOUBLE,0.2957568,0.30379635,0.0043453407,0.011080378,0.007700861,0.12776147,0.0021687443,0.24739026
0,5,SINGLE,SO,0.25015646,0.058052633,0.0003395154,0.0027843777,0.046882864,0.2967878,0.18214537,0.16285095
4,0,BB,SINGLE,0.37105954,0.025398526,0.00075900636,0.0027733846,0.11141086,0.20293331,0.009403984,0.27626145
0,5,SINGLE,SO,0.14831777,0.07926613,0.00019194275,0.008789012,0.04131215,0.58103186,0.037787285,0.10330393
7,5,OUT,SO,0.029967329,0.16338982,0.0003849861,0.011120571,0.10563834,0.37347245,0.012043646,0.30398288
5,1,SO,DOUBLE,0.2371284,0.3495932,0.012646709,0.00034749953,0.007241858,0.18884516,0.009850782,0.19434647
4,0,BB,SINGLE,0.31089294,0.005879956,0.0008037024,0.0678833,0.2379372,0.20464127,0.0004856611,0.1714759
5,4,SO,BB,0.1277912,0.0061950376,0.0042919773,0.0057812342,0.2920198,0.2707345,0.044451915,0.24873443
7,5,OUT,SO,0.32035986,0.0027863618,0.002716531,0.0026931837,0.18298618,0.3262243,0.009257131,0.15297642
0,0,SINGLE,SINGLE,0.5590895,0.0026753868,9.353775e-05,0.0009813827,0.048238795,0.35335642,9.687331e-05,0.03546807
7,7,OUT,OUT,0.23125042,0.013635241,0.0048479373,0.008618786,0.06007614,0.14708549,0.15971518,0.37477076
5,0,SO,SINGLE,0.47528955,0.00975729,0.029280413,0.010986634,0.072054535,0.040656712,0.11828771,0.24368717
7,1,OUT,DOUBLE,0.1498869,0.41693023,0.007435995,0.024873639,0.057098515,0.07759029,0.10301664,0.16316782
0,1,SINGLE,DOUBLE,0.2535416,0.30467513,0.0013455517,0.119415484,0.11584957,0.011449068,0.0062666815,0.18745697
7,0,OUT,SINGLE,0.4538102,0.02194211,0.0019435217,0.0028119944,0.04310967,0.06659057,0.004939856,0.4048521
7,7,OUT,OUT,0.11047376,0.13958815,0.060419746,0.20407106,0.061580207,0.07619518,0.053524535,0.29414743
4,0,BB,SINGLE,0.46969616,0.032500636,0.018058404,0.019477827,0.18624538,0.07420966,0.05719795,0.14261399
7,0,OUT,SINGLE,0.5166721,0.002512503,0.00071212056,0.026117042,0.39876637,0.0045780805,0.00020192571,0.050439913
7,7,OUT,OUT,0.0529781,0.015229967,0.006406136,0.13565539,0.01150112,0.04294065,0.34841454,0.38687408
7,7,OUT,OUT,0.093914345,0.024979655,0.02812187,0.020311046,0.11287598,0.16373396,0.038718402,0.5173447
5,7,SO,OUT,0.011673276,0.02884648,0.0004369002,0.00080215104,0.05190484,0.040886477,0.00018976857,0.8652601
5,0,SO,SINGLE,0.46240386,0.00070500665,4.2222287e-05,0.002530866,0.012481859,0.015162476,0.3205389,0.18613483
7,3,OUT,HR,0.21583687,0.094411545,0.0007570923,0.46276885,0.057661515,0.019327495,0.0019262735,0.14731033
5,0,SO,SINGLE,0.40574688,0.25662357,0.003958042,0.028427672,0.02061328,0.114605024,0.003554387,0.16647105
7,0,OUT,SINGLE,0.32779938,0.040656187,0.0020065415,0.0039502326,0.06835616,0.19997555,0.11714525,0.2401108
7,7,OUT,OUT,0.2703338,0.051763147,0.05240505,0.008681924,0.2635144,0.03490034,0.03463782,0.28376356
7,7,OUT,OUT,0.18235366,0.04138456,0.0037117738,0.071720585,0.18093477,0.20732212,0.087867215,0.22470534
0,0,SINGLE,SINGLE,0.43080646,0.059721667,0.02344496,0.0438862,0.0817844,0.05100482,0.059149124,0.25020242
6,6,HBP,HBP,0.10916237,0.01638222,1.3986373e-05,0.028015865,0.022474129,0.0049713985,0.8158293,0.0031507765
0,5,SINGLE,SO,0.12720035,0.004102565,0.00018998962,0.008700582,0.115624785,0.4540149,0.0527009,0.23746598
5,0,SO,SINGLE,0.83609676,0.0017642219,0.0052632857,0.0057592546,0.030096699,0.03569461,0.0045624003,0.080762744
0,0,SINGLE,SINGLE,0.39958888,0.0063075116,0.00265834,0.0059780227,0.0022483885,0.23535387,0.109518,0.2383469
0,0,SINGLE,SINGLE,0.6013915,0.038920406,6.0414146e-05,0.0015070337,0.013359023,0.008571037,0.039843332,0.29634714
7,0,OUT,SINGLE,0.79217166,0.018010108,0.0008142246,0.00011984704,0.008544764,0.008392469,0.004072775,0.16787419
7,0,OUT,SINGLE,0.6579682,0.062857576,0.024548601,0.007938811,0.025549838,0.14512151,0.0007678358,0.07524756
4,4,BB,BB,0.010508476,0.001310604,0.0014446606,0.007551999,0.92044044,0.017006714,0.0020463038,0.03969085
4,0,BB,SINGLE,0.42653328,0.018739047,0.011675384,0.04488279,0.02116317,0.073208705,0.13640888,0.26738867
7,7,OUT,OUT,0.2999102,0.0016095529,0.00010452202,0.0012463521,0.00085015397,0.27063587,0.0007227318,0.4249206
5,7,SO,OUT,0.2168612,0.11165613,0.00059953297,0.008328476,0.10191082,0.2703638,0.0019270469,0.28835306
3,5,HR,SO,0.091218315,0.0068227546,0.0001166845,0.008669921,0.16247784,0.34747618,0.20622236,0.17699595
0,1,SINGLE,DOUBLE,0.17113788,0.49088004,0.0023201199,0.011986277,0.05017169,0.03348484,0.013850328,0.22616887
7,5,OUT,SO,0.26195937,0.14096287,0.031016812,0.004518173,0.04291195,0.26373067,0.013911447,0.24098876
5,5,SO,SO,0.11643239,0.017477408,0.0013080476,0.030834619,0.30072424,0.35639954,0.008671327,0.16815238
7,5,OUT,SO,0.07575724,0.28156298,0.0032214355,0.0021343865,0.026810596,0.544551,0.03616817,0.02979419
0,5,SINGLE,SO,0.06469223,0.013319723,0.004390806,0.032615207,0.020342292,0.6843922,0.0002750996,0.1799724
7,0,OUT,SINGLE,0.49235624,0.05118666,0.0009436728,0.016122306,0.030716015,0.30196652,0.008187953,0.09852063
4,5,BB,SO,0.03292672,0.07472805,0.0028897603,0.11965785,0.12765962,0.32229784,0.003248887,0.31659135
1,1,DOUBLE,DOUBLE,0.18338715,0.2675158,6.075299e-05,0.2043488,0.11093933,0.069988765,0.007858251,0.15590115
1,7,DOUBLE,OUT,0.003410061,0.061630934,0.00011241986,0.0010988166,0.30775666,0.012523007,7.730772e-05,0.61339086
7,5,OUT,SO,0.16550466,0.016230835,0.00026466485,0.0025629653,0.04288485,0.4445928,0.033529602,0.29442966
5,1,SO,DOUBLE,0.08648011,0.6848236,0.10318084,0.01371396,0.0037738483,0.029296812,0.014376757,0.06435416
7,0,OUT,SINGLE,0.57733405,0.02402168,0.0044348743,0.037227653,0.08204482,0.17996278,0.018301766,0.07667242
5,7,SO,OUT,0.24340318,0.009745226,0.004555294,0.03462165,0.1778075,0.17777982,0.015804492,0.3362828
7,7,OUT,OUT,0.040312156,0.07256116,0.01685689,0.0019026612,0.041455656,0.0053062984,0.0013894807,0.82021564
5,4,SO,BB,0.17068017,0.0007146023,0.00031526832,0.004901206,0.57071036,0.025467,0.004802207,0.22240923
5,5,SO,SO,0.0051471004,0.0012490493,4.3778314e-06,2.4850877e-05,0.0007887563,0.94886607,3.698591e-05,0.04388282
7,0,OUT,SINGLE,0.44799376,0.041125193,0.0023496046,0.017046839,0.01741633,0.13435584,0.043075547,0.29663694
1,7,DOUBLE,OUT,0.036325093,0.015685566,6.239036e-05,0.020693881,0.058295827,0.055140033,0.009308087,0.80448914
0,5,SINGLE,SO,0.056534547,0.010186642,0.005892434,0.0011566211,0.039141037,0.5670207,0.060782682,0.2592853
0,5,SINGLE,SO,0.26436865,0.007557384,0.004204012,0.0019916429,0.025824621,0.45038897,0.0031419883,0.24252284
7,7,OUT,OUT,0.12927023,0.010889903,0.009389056,0.027669398,0.044230282,0.20034026,0.026796,0.55141485
7,5,OUT,SO,0.08870009,0.053927466,0.009080832,0.0022708054,0.042578075,0.66533923,0.0087715285,0.12933198
7,7,OUT,OUT,0.24770549,0.04057235,0.0009904173,0.02636754,0.15408976,0.13646899,0.032709062,0.36109632
7,4,OUT,BB,0.17697638,0.13683102,0.0009384692,0.021571785,0.44853747,0.027204769,0.0013459575,0.18659411
7,7,OUT,OUT,0.2472732,0.06170239,0.004182891,0.009377465,0.32005107,0.0137636755,0.0090083,0.33464104
5,5,SO,SO,0.0016144874,7.5124963e-06,2.491793e-06,1.7128417e-05,2.3992943e-05,0.9821874,5.5212375e-05,0.016091663
7,1,OUT,DOUBLE,0.15481757,0.26526693,0.003124927,0.055627473,0.095144086,0.15555698,0.0054458105,0.2650162
7,7,OUT,OUT,0.028797645,0.00045872,2.905143e-06,0.09700565,0.0021863633,0.014206486,0.0005034048,0.8568388
3,5,HR,SO,0.05681264,0.028092116,0.0064898124,0.055489484,0.018086435,0.67344993,0.024024438,0.13755511
3,0,HR,SINGLE,0.3460826,0.13098556,0.008982186,0.027526405,0.03304189,0.3311017,0.03734756,0.084932156
1,5,DOUBLE,SO,0.07797373,0.09419943,0.02669927,0.084447354,0.055489194,0.5790439,0.037293673,0.044853393
5,5,SO,SO,0.07375242,0.09284042,0.0005989152,0.0035290148,0.033746205,0.49915054,0.14680958,0.14957292
4,7,BB,OUT,0.04068217,0.021261463,0.00035507377,0.0005062938,0.20677172,0.2845003,0.0018116819,0.44411132
7,3,OUT,HR,0.03406992,0.002176651,0.00015438741,0.5424245,0.09370166,0.30581835,0.00013132463,0.021523258
0,5,SINGLE,SO,0.110277385,0.00038531123,0.00035180684,0.002076411,0.14984223,0.63703054,0.00027065212,0.0997657
0,1,SINGLE,DOUBLE,0.11088749,0.82766116,0.0077378303,0.0054062903,0.0014690426,0.021658024,0.00093479827,0.024245493
7,5,OUT,SO,0.15828694,0.047991674,0.0015786977,0.03799355,0.1660553,0.32716182,0.014710124,0.24622186
0,5,SINGLE,SO,0.27684045,0.060276296,0.005665052,0.008799081,0.09440877,0.28972554,0.11934851,0.14493625
7,5,OUT,SO,0.18563576,0.013016449,0.0013222662,0.0030711535,0.053036746,0.40364087,0.0029934356,0.33728334
7,7,OUT,OUT,0.16917785,0.0038188747,0.006477844,0.15162437,0.06806455,0.261088,0.0074826796,0.33226585
0,5,SINGLE,SO,0.011638516,0.0014856927,0.00010526396,0.0010423559,0.008644804,0.95177555,0.0001899881,0.025117865
7,5,OUT,SO,0.06348587,0.04066654,0.0012636957,0.012659429,0.03278937,0.73657066,0.04859043,0.063974015
0,5,SINGLE,SO,0.034914598,0.0038688006,0.0006243856,0.0011588816,0.0018763851,0.89519715,0.004059386,0.05830044
7,3,OUT,HR,0.0051641935,2.874993e-06,2.008425e-09,0.76072663,0.13546985,0.05913546,0.0073936842,0.032107208
5,5,SO,SO,6.9884627e-06,7.605778e-07,7.0878336e-08,8.411558e-07,4.3438456e-07,0.9977806,3.1536845e-07,0.00220995
7,4,OUT,BB,0.2162818,0.04209728,0.013463667,0.00038010144,0.37588587,0.26013115,0.0016032656,0.090156876
5,6,SO,HBP,0.20938562,0.2190515,0.0034343204,0.13596506,0.0056340876,0.104665674,0.22841842,0.09344537
7,5,OUT,SO,0.1517228,0.019810613,0.0040267617,0.0041589835,0.032414604,0.7204665,0.0014315449,0.06596827
7,5,OUT,SO,0.20761484,0.04785678,0.00031209976,0.0073240423,0.076206736,0.34248912,0.00684539,0.311351
5,5,SO,SO,0.14510544,0.01345037,0.00013986988,0.03267592,0.059954688,0.6576786,0.0004998928,0.09049518
7,5,OUT,SO,0.023875754,0.009941457,0.001073102,0.010065591,0.012681645,0.7195805,0.00016513243,0.22261684
7,7,OUT,OUT,0.19481851,0.26211363,0.000930212,0.002667753,0.047974825,0.10263093,0.015231092,0.37363303
5,7,SO,OUT,0.21441156,0.1836505,0.024353199,0.07102272,0.060829103,0.19170758,0.008007347,0.24601795
5,5,SO,SO,0.030520596,0.029984701,0.0037880596,0.0038137794,0.039550055,0.79564756,0.00083766633,0.09585749
7,5,OUT,SO,0.24109796,0.010206763,0.005686223,0.0045254156,0.020124512,0.39096645,0.00038219112,0.3270105
7,7,OUT,OUT,0.059699744,0.14568162,0.0072476133,0.13680537,0.10552676,0.19770086,0.014128338,0.3332097
7,1,OUT,DOUBLE,0.004846583,0.8340057,2.492089e-05,0.0012895957,0.016288964,0.04912803,0.017244644,0.0771716
6,1,HBP,DOUBLE,0.02731241,0.5843681,0.000583732,0.00873278,0.008388075,0.34601507,0.009753852,0.014845916
0,3,SINGLE,HR,0.1157533,0.006957767,0.000482255,0.6986565,0.03573585,0.09226462,0.0031381114,0.047011554
0,0,SINGLE,SINGLE,0.50258267,0.16768931,0.0004054304,0.0007065506,0.032897905,0.1043383,0.0006373815,0.19074245
7,7,OUT,OUT,0.10062962,0.028736824,0.00014416162,0.2706152,0.045675963,0.067979336,0.00094004517,0.48527884
0,7,SINGLE,OUT,0.07144492,0.018121758,0.0037665167,0.050712768,0.12845296,0.1911056,0.0004704277,0.5359251
7,7,OUT,OUT,0.070825875,0.10390063,0.012228029,0.09101228,0.06862026,0.32587948,0.0012608923,0.32627255
4,1,BB,DOUBLE,0.07209843,0.35955793,0.004813114,0.010502311,0.054853495,0.3149233,0.00094057125,0.18231086
7,0,OUT,SINGLE,0.5852351,0.059311666,0.011698112,0.045389876,0.011807469,0.14653835,0.019633735,0.12038564
5,5,SO,SO,0.04942982,0.009486147,0.0007705261,0.070641115,0.023348063,0.75543195,0.0059505426,0.08494181
5,7,SO,OUT,0.18373865,0.033784866,0.0015376132,0.04025638,0.23746929,0.13440439,0.016680283,0.35212857
5,7,SO,OUT,0.09747222,0.029606972,0.0043043406,0.024201691,0.052653704,0.07290311,0.0008706835,0.7179873
7,7,OUT,OUT,0.25734732,0.10707012,0.00031077233,0.061590742,0.038965974,0.19964044,0.0021070326,0.3329676
5,3,SO,HR,0.10102087,0.07453374,0.010690609,0.37653175,0.05406743,0.28411043,0.010138122,0.08890703
7,1,OUT,DOUBLE,0.23985192,0.3321744,0.006313453,0.05821196,0.008163864,0.10315132,0.18870421,0.06342885
7,0,OUT,SINGLE,0.5100031,0.0018114791,0.0071731084,0.035406742,0.002074557,0.08148375,0.0027975286,0.3592498
5,5,SO,SO,0.16279145,0.0039271046,0.004196183,0.00043331363,0.007874719,0.62062305,0.0017161864,0.19843797
5,5,SO,SO,0.050406408,0.25639898,0.0018028802,0.0033311502,0.14763106,0.3750365,7.023355e-05,0.16532281
5,7,SO,OUT,0.25228825,0.03991738,0.0018097418,0.013703908,0.13877228,0.23303674,0.002886308,0.31758538
7,7,OUT,OUT,0.09499363,0.05769603,0.0013378692,0.027001461,0.118485115,0.08458931,0.0012394532,0.6146571
0,7,SINGLE,OUT,0.07567243,0.017313145,0.0010446206,0.25708815,0.042176325,0.22427799,0.0005554042,0.38187197
0,5,SINGLE,SO,0.11468312,0.14732653,0.007917186,0.011637416,0.018514762,0.38501114,0.00018186108,0.31472805
0,5,SINGLE,SO,0.16506235,0.016098449,0.0007011847,0.032923862,0.01512614,0.5446997,0.007628202,0.21776013
7,7,OUT,OUT,0.29703596,0.10377812,0.0039532706,0.0037612217,0.053788017,0.101271145,0.027320921,0.40909135
0,0,SINGLE,SINGLE,0.5523409,0.013074637,0.052413557,0.028368654,0.021034734,0.13568993,0.017600842,0.17947672
4,7,BB,OUT,0.28881457,0.0035731813,0.00015284406,0.07665311,0.023150379,0.1665829,0.053441223,0.38763186
7,7,OUT,OUT,0.010759581,0.0015658418,0.00048278933,0.00027902398,0.0019164176,0.108775176,0.00083997723,0.8753812
7,5,OUT,SO,0.07493956,0.0047151614,0.008199159,0.0025679665,0.0076802527,0.52650666,0.022029238,0.35336205
7,0,OUT,SINGLE,0.59751797,0.067736395,0.0020537702,0.01381343,0.07396186,0.064134024,0.0030070585,0.17777556
0,7,SINGLE,OUT,0.18206692,0.016860725,0.0073947893,0.031759266,0.15630978,0.22231963,0.0039838273,0.3793051
5,7,SO,OUT,0.12323353,0.007376829,0.026350481,0.049868,0.053555746,0.12941425,0.0110414345,0.5991598
7,5,OUT,SO,0.004588167,0.0030593602,3.544705e-05,0.01146681,0.001932576,0.9556732,6.293679e-05,0.023181492
7,0,OUT,SINGLE,0.49222317,0.0015616883,0.00031762786,0.08539865,0.0052943635,0.21500802,0.0018579966,0.19833846
7,5,OUT,SO,0.017088432,0.025849046,0.0015038387,0.3432071,0.097037084,0.479644,0.0013411513,0.034329332
4,7,BB,OUT,0.021622768,0.107370466,6.441788e-05,0.01979569,0.017101675,0.038663093,0.00025625486,0.7951256
5,7,SO,OUT,0.03235946,0.01363281,0.0003206997,0.0018699248,0.18358535,0.21673056,0.10318481,0.44831637
7,7,OUT,OUT,0.105620176,0.0019364313,0.009605935,0.0023753024,0.10429416,0.29221904,0.0023070914,0.48164186
5,7,SO,OUT,0.016438603,0.0016196665,0.0025863557,0.0143328365,0.012222254,0.3786595,0.001723415,0.5724174
5,7,SO,OUT,0.024412155,0.080509715,0.21491498,0.0031910222,0.069373935,0.2321113,0.018026305,0.35746053
5,0,SO,SINGLE,0.49514067,0.0034988958,1.540346e-07,0.46557763,0.0026887283,0.0005965025,0.029867979,0.002629376
7,7,OUT,OUT,0.36578053,0.0102145625,0.00097444846,0.07947443,0.001760277,0.11915757,0.0025152443,0.42012292
7,5,OUT,SO,0.21785948,0.003518889,0.0027368127,0.00064921327,0.034555055,0.5524021,0.023027457,0.16525094
0,5,SINGLE,SO,0.14226568,0.030369237,0.0028749078,0.08408967,0.12405465,0.48020142,0.019125441,0.117019005
0,7,SINGLE,OUT,0.103398524,0.08891849,0.0009787813,0.013871865,0.02166409,0.22431847,0.04478983,0.50206
7,7,OUT,OUT,0.15480486,0.12657185,0.001560628,0.006702626,0.15313892,0.20762376,0.0005481643,0.34904927
5,5,SO,SO,0.054289535,0.048021186,0.0011311371,0.038979266,0.047159586,0.42813677,0.1800741,0.20220837
5,5,SO,SO,0.11406159,0.10711135,0.0038681508,0.12587978,0.05425566,0.32296008,0.065912694,0.20595074
7,0,OUT,SINGLE,0.32446676,0.22281148,0.006349516,0.03918962,0.010184385,0.23806174,0.0142586,0.14467786
5,7,SO,OUT,0.06196424,3.889947e-05,6.230893e-06,1.1083188e-05,0.0011084651,0.01376297,2.8959481e-05,0.92307913
0,3,SINGLE,HR,0.19472273,0.00025540128,0.00022577654,0.76048195,0.007863005,0.017804014,0.00035439376,0.018292656
0,0,SINGLE,SINGLE,0.49358317,0.018490491,0.000437442,0.10119198,0.029822402,0.21384874,0.003352627,0.1392731
4,1,BB,DOUBLE,0.035602953,0.8487677,9.924613e-05,0.0114513775,0.011911716,0.03513005,0.001036943,0.05600005
5,0,SO,SINGLE,0.65983367,0.0034797806,0.00013088313,0.1351539,0.007340352,0.13018247,0.00010475095,0.06377418
0,5,SINGLE,SO,0.17697206,0.0045752446,0.040346872,0.15349054,0.0114794,0.5210812,0.008633861,0.08342085
3,0,HR,SINGLE,0.6561449,0.015849601,0.0013742046,0.02842169,0.010094078,0.18849252,0.000906499,0.09871653
0,0,SINGLE,SINGLE,0.44183815,0.021672973,0.002877113,0.038821805,0.049136568,0.13599157,0.0009957231,0.30866614
4,0,BB,SINGLE,0.5735258,0.08100668,0.000982576,0.042940658,0.01888093,0.11585829,0.0033045085,0.16350047
7,0,OUT,SINGLE,0.33350506,0.061382987,0.0016923866,0.03602783,0.024572166,0.049254637,0.2354671,0.25809792
7,5,OUT,SO,0.2927718,0.00956622,0.0009982156,0.0106779365,0.053734038,0.29292223,0.06582556,0.27350414
0,0,SINGLE,SINGLE,0.3031615,0.016734218,0.0035064705,0.060599476,0.23990177,0.15487443,0.038396608,0.18282554
0,6,SINGLE,HBP,0.0058859824,0.012450409,7.466118e-05,0.000114065646,0.012663124,0.02630343,0.93375987,0.0087485155
7,7,OUT,OUT,0.1146122,0.01179143,0.0053264108,0.0037583283,0.04835392,0.36779568,0.0043317582,0.4440302
7,1,OUT,DOUBLE,0.013865436,0.49444777,0.0036372822,0.00015663065,0.11232919,0.09407157,0.030390892,0.2511013
0,7,SINGLE,OUT,0.1011268,0.24372034,0.00017424808,0.005505711,0.0012805782,0.18003614,0.0020746675,0.4660816
7,5,OUT,SO,0.24565254,0.038387597,0.00256565,0.020467652,0.015296289,0.5197984,0.06173375,0.09609819
0,7,SINGLE,OUT,0.076470725,0.2008951,0.0019647034,0.01050132,0.018961346,0.085009724,0.3022547,0.30394235
5,5,SO,SO,0.23015936,0.042134248,0.005338995,0.016302552,0.01159501,0.45053527,0.0010659822,0.24286866
7,0,OUT,SINGLE,0.2898035,0.22774906,0.0027329666,0.019174598,0.15464936,0.13783893,0.003854718,0.16419683
7,3,OUT,HR,0.23568147,0.002986227,0.0028149618,0.42206556,0.07604594,0.22251512,0.00672228,0.031168446
4,4,BB,BB,0.062076475,0.026385503,0.0011979834,0.019380597,0.59225106,0.11735811,0.0006108396,0.18073939
0,4,SINGLE,BB,0.102299236,0.32830352,0.006248399,0.004772757,0.3806795,0.09971437,0.014758068,0.06322414
7,7,OUT,OUT,0.14334153,0.0060354294,0.0011329739,0.007361755,0.2660177,0.095457025,0.0718341,0.4088195
5,7,SO,OUT,0.22801767,0.013756821,0.09705144,0.026593512,0.043887068,0.23047848,0.115153804,0.24506119
7,7,OUT,OUT,0.1471987,0.13784933,0.17446116,0.0010145603,0.07790538,0.12260805,0.03982788,0.29913497
5,4,SO,BB,0.12588036,0.01901388,0.0047793156,0.0516281,0.4085496,0.2523736,0.002260386,0.13551466
7,5,OUT,SO,0.19002298,0.077049725,0.017881786,0.008852523,0.058834057,0.47583416,0.03928669,0.13223809
5,5,SO,SO,0.12706493,0.0045767007,0.0013848481,0.00428964,0.2582355,0.50405735,0.030207047,0.07018395
0,0,SINGLE,SINGLE,0.3591288,0.13540964,0.011994729,0.0063304934,0.24740452,0.059229847,0.004508958,0.17599297
0,5,SINGLE,SO,0.09161076,0.0077464315,0.0013663644,0.035400767,0.037418652,0.62239105,0.0034733969,0.20059262
5,5,SO,SO,0.25490937,0.05924823,0.00077116146,0.013774973,0.04541567,0.32041553,0.0032737004,0.30219144
7,5,OUT,SO,0.24551678,0.13082695,0.038137577,0.031428464,0.030132035,0.3516603,0.032209884,0.14008804
5,0,SO,SINGLE,0.33203614,0.10533229,0.013930242,0.009519004,0.27565125,0.10215779,0.014143277,0.14723001
7,3,OUT,HR,0.08950821,0.042907458,0.0002516091,0.34593934,0.18531837,0.06710361,0.000424589,0.26854688
7,7,OUT,OUT,0.31345978,0.016308524,0.0031575877,0.0013896519,0.17592432,0.1605241,0.013459134,0.31577685
7,7,OUT,OUT,0.13369799,0.0904284,0.0011711621,0.057982314,0.013970546,0.26407263,0.0069010123,0.4317759
7,5,OUT,SO,0.26522604,0.06500983,0.049964428,0.02173824,0.026051592,0.33658645,0.02171781,0.2137057
5,7,SO,OUT,0.19561793,0.15182473,0.0022705202,0.0046582543,0.02140872,0.13926028,0.0012675968,0.48369196
7,0,OUT,SINGLE,0.51101387,0.043162525,0.0012853326,0.0073136794,0.017052215,0.051644407,0.22357833,0.14494959
7,0,OUT,SINGLE,0.40924817,0.041638285,0.021609971,0.01959988,0.1255372,0.16877979,0.0055357227,0.2080509
0,4,SINGLE,BB,0.11145544,0.09246075,0.0057981894,0.0073119695,0.6018559,0.102923095,0.016614374,0.0615803
7,7,OUT,OUT,0.11361535,0.06951297,0.0015404953,0.0063647726,0.11882501,0.18295586,0.0039104824,0.5032751
0,4,SINGLE,BB,0.059427775,0.011493833,0.00023901543,0.13637698,0.40839785,0.08364075,0.0008234413,0.29960033
0,0,SINGLE,SINGLE,0.22458303,0.031912785,0.079291895,0.030271232,0.19265378,0.18920386,0.040783618,0.21129984
7,0,OUT,SINGLE,0.5648686,0.024635457,0.02166006,0.053787168,0.078541644,0.105815545,0.003518124,0.1471733
7,5,OUT,SO,0.33837494,0.008557673,0.00033204135,0.002946026,0.04299342,0.44691643,0.002001849,0.15787758
7,1,OUT,DOUBLE,0.17137988,0.3164809,0.004146904,0.004867759,0.19943254,0.14367598,0.015392714,0.14462331
7,0,OUT,SINGLE,0.29414824,0.16933887,0.0019876868,0.011715889,0.16282618,0.07833016,0.0035077985,0.2781452
7,0,OUT,SINGLE,0.3767847,0.103955485,0.04868517,0.13159835,0.05655236,0.14200827,0.004616161,0.13579944
7,0,OUT,SINGLE,0.3638484,0.0058956784,0.0010843383,0.009323987,0.024088664,0.3059051,0.0019320119,0.28792185
4,0,BB,SINGLE,0.93937325,0.006781759,0.00038623577,0.0027921184,0.0054657594,0.03241969,0.0004565543,0.012324657
7,0,OUT,SINGLE,0.46822283,0.029031666,0.011616936,0.0025395944,0.014132879,0.23606725,0.0077011916,0.23068766
7,1,OUT,DOUBLE,0.07312075,0.3206145,0.021209296,0.08408618,0.039470118,0.20038344,0.14128003,0.11983577
0,7,SINGLE,OUT,0.13059431,0.038308498,0.016508464,0.0017129785,0.18558478,0.17481777,0.0032614837,0.4492117
7,0,OUT,SINGLE,0.37475944,0.0027604948,9.883987e-05,0.00022656712,0.31454206,0.07050635,0.0018692466,0.23523693
3,7,HR,OUT,0.1771921,0.087071575,0.029728694,0.042773012,0.09883148,0.2660059,0.004083612,0.29431367
0,6,SINGLE,HBP,0.17534043,0.02481071,0.0013168678,0.17892984,0.14202468,0.07241446,0.22553019,0.1796328
7,7,OUT,OUT,0.13373126,0.18489447,0.00038814647,0.0631018,0.046368513,0.21126942,0.003281791,0.35696456
7,0,OUT,SINGLE,0.6668074,0.0036091793,0.0062954514,0.01581249,0.09549719,0.09155035,0.0114274,0.10900059
5,5,SO,SO,0.13286397,0.026392788,0.0010964206,0.006590691,0.029367998,0.43067214,0.013869773,0.3591462
7,5,OUT,SO,0.024192724,0.07497071,0.0071727443,0.009217618,0.12563546,0.44252712,0.0076534227,0.30863026
7,0,OUT,SINGLE,0.44221509,0.0068282383,0.044814736,0.036174994,0.097658634,0.20467481,0.009953778,0.15767977
0,5,SINGLE,SO,0.32709992,0.006878136,0.022518188,0.0284741,0.07986751,0.33491868,0.016601123,0.1836422
5,5,SO,SO,0.04811849,0.012639992,0.00045335264,0.032127894,0.03244804,0.6232066,0.040121276,0.21088432
7,7,OUT,OUT,0.104273655,0.0019604068,0.00020099006,0.04834037,0.08440322,0.1518019,0.005514226,0.6035053
5,7,SO,OUT,0.072851345,0.087803,0.00064971077,0.14709033,0.037011694,0.14733988,0.0239927,0.4832613
5,5,SO,SO,0.15874471,0.086261615,0.002591778,0.038343582,0.15791877,0.29751816,0.010967384,0.24765402
5,5,SO,SO,0.08715926,0.036005948,0.0010914935,0.238914,0.005995391,0.43798324,0.0015714681,0.19127928
1,5,DOUBLE,SO,0.115949064,0.08618144,0.00022439471,0.007917435,0.011077311,0.63789403,0.0045828456,0.13617349
4,5,BB,SO,0.080312416,0.024203898,0.00010069362,0.0025846777,0.04730632,0.59096926,0.0023944369,0.2521283
7,5,OUT,SO,0.14388269,0.027392024,0.00028836733,0.033247508,0.008051908,0.46562755,0.0016112634,0.31989864
7,0,OUT,SINGLE,0.39268863,0.075401746,0.00071067264,0.028553247,0.12336181,0.2522231,0.009317299,0.11774361
5,5,SO,SO,0.04922915,0.011009585,6.33679e-05,0.001572556,0.14423534,0.6000537,0.015061432,0.17877491
0,7,SINGLE,OUT,0.21027538,0.051140253,0.05233309,0.024067504,0.067434914,0.19527487,0.01036213,0.38911185
7,5,OUT,SO,0.1921365,0.027102528,0.055746652,0.01564985,0.19008519,0.25653723,0.051328655,0.21141346
2,7,TRIPLE,OUT,0.20004787,0.0095220255,0.0036899985,0.0045540095,0.06644501,0.21349461,0.03694481,0.4653017
7,0,OUT,SINGLE,0.3712157,0.025984753,0.0002929253,0.10298982,0.032018058,0.16673732,0.0022731293,0.2984883
7,5,OUT,SO,0.17161761,0.022619756,0.006275862,0.014914186,0.041571762,0.6083763,0.0033472362,0.13127726
5,5,SO,SO,0.18420768,0.0071909726,0.08877063,0.028310936,0.041696087,0.33974686,0.13257931,0.17749754
5,7,SO,OUT,0.1274762,0.01899349,0.059314243,0.020789688,0.07838298,0.26553434,0.0022275038,0.42728162
5,7,SO,OUT,0.14722995,0.019484183,0.00028722838,0.028850237,0.00737952,0.117841505,0.0437791,0.63514817
7,1,OUT,DOUBLE,0.26239333,0.33756766,0.0067922096,0.17523961,0.021045098,0.042764783,0.027859611,0.12633774
5,1,SO,DOUBLE,0.101904094,0.4858452,0.00010660105,0.009781305,0.05068588,0.18122418,0.011852522,0.15860012
7,0,OUT,SINGLE,0.49691418,0.023092397,0.008115801,0.0007715549,0.101181276,0.15618706,0.0029370352,0.2108007
4,5,BB,SO,0.28038642,0.031093704,0.008145993,0.022109006,0.03344158,0.5220072,0.0032688503,0.09954716
7,0,OUT,SINGLE,0.5133906,0.0020002404,0.0016372433,0.14683561,0.07342696,0.123855725,0.004340889,0.13451278
5,0,SO,SINGLE,0.40513974,0.066859424,0.08184377,0.01581964,0.029234886,0.14785014,0.043976758,0.20927563
0,7,SINGLE,OUT,0.23233134,0.037531387,0.032110948,0.0353305,0.07284343,0.1664123,0.004694664,0.41874543
7,5,OUT,SO,0.13169576,0.07550691,0.0017218544,0.19591916,0.019326476,0.2987712,0.009680796,0.26737782
7,5,OUT,SO,0.023864515,0.0038155965,0.0019051256,0.0023033717,0.0066824746,0.5884177,0.002765844,0.3702454
7,4,OUT,BB,0.1155899,0.021140927,0.00030824292,0.005458851,0.6197771,0.09633898,0.0006803223,0.1407057
5,1,SO,DOUBLE,0.059777748,0.796335,0.0014176087,0.0077847084,0.021133838,0.049907286,0.0034970418,0.060146812
4,7,BB,OUT,0.41238517,0.009982492,0.003123254,0.004165284,0.07818644,0.064200155,0.0029859084,0.42497122
7,4,OUT,BB,0.07028469,0.013356204,0.008630761,0.0027538913,0.38558772,0.23558357,0.0017153049,0.2820879
1,5,DOUBLE,SO,0.2507114,0.08998571,0.02203862,0.021705205,0.08407859,0.25372455,0.09272215,0.18503384
7,5,OUT,SO,0.2585377,0.0029791468,0.03641395,0.0029767654,0.13175589,0.2832883,0.00922968,0.2748185
7,5,OUT,SO,0.113064535,0.02402115,0.0013221038,0.008031507,0.14977382,0.35527775,0.003666397,0.34484267
4,5,BB,SO,0.14025857,0.011649288,0.0053812745,0.045676764,0.20026293,0.53607094,0.001449782,0.05925049
0,5,SINGLE,SO,0.04716002,0.12185424,0.00029644583,0.00829876,0.021584341,0.6304736,0.0027527881,0.1675797
7,5,OUT,SO,0.08891076,0.061109908,0.004272679,0.011752914,0.102248274,0.3691843,0.0008439006,0.3616773
5,5,SO,SO,0.14553823,0.046373468,0.01959292,0.0057092854,0.24116401,0.26873025,0.1553154,0.11757639
7,5,OUT,SO,0.28659293,0.013286548,0.00038101771,0.008490773,0.17373273,0.39673096,0.029463427,0.09132161
7,7,OUT,OUT,0.029295381,0.14522178,0.00032384187,0.009917583,0.09319338,0.15978256,0.01434194,0.54792356
7,0,OUT,SINGLE,0.30158624,0.062422708,0.023749901,0.016528009,0.049863737,0.23692138,0.014552456,0.29437557
5,5,SO,SO,0.12137313,0.020092975,0.21507142,0.04608645,0.03949178,0.33574474,0.010000516,0.21213898
0,7,SINGLE,OUT,0.13913742,0.09621013,0.0007891122,0.12615211,0.015401079,0.27601543,0.061762676,0.2845321
7,5,OUT,SO,0.009428234,0.0012645967,2.7129081e-05,0.00063339795,0.005826111,0.5858625,0.00031292293,0.3966451
0,0,SINGLE,SINGLE,0.4425756,0.018935738,0.0013282313,0.06659702,0.045537025,0.103627734,0.0008837333,0.32051504
0,5,SINGLE,SO,0.22290704,0.039949153,0.0013433131,0.051625717,0.17308336,0.38545725,0.0008516615,0.1247826
5,7,SO,OUT,0.18699704,0.10533123,0.0024961503,0.0075351764,0.15917045,0.028785313,0.08752402,0.42216063
7,7,OUT,OUT,0.17109667,0.069962166,0.019498305,0.0024768452,0.034424227,0.19665682,0.0044138962,0.50147104
5,7,SO,OUT,0.04211913,0.009624639,0.0020500186,0.0014100905,0.023762617,0.2715038,0.044689223,0.6048404
7,0,OUT,SINGLE,0.39695105,0.10373418,0.0023177918,0.014069012,0.08391253,0.19315587,0.0018857789,0.20397371
0,4,SINGLE,BB,0.023348914,0.0025907287,4.393115e-05,0.00020258733,0.681724,0.05702518,0.0037920664,0.23127268
5,7,SO,OUT,0.00046495232,0.09336087,1.457464e-06,2.2619102e-07,0.0012947757,0.004068012,0.29436606,0.6064437
0,0,SINGLE,SINGLE,0.49668828,0.107516,0.0005513755,0.0024227956,0.0051287627,0.08229708,0.00015718023,0.30523854
0,0,SINGLE,SINGLE,0.3555185,0.072546795,0.0045323675,0.06696781,0.012038665,0.13205892,0.009738713,0.3465983
7,7,OUT,OUT,0.32741925,0.07882855,0.008455744,0.0009234453,0.08570215,0.13601728,0.004355338,0.35829827
7,1,OUT,DOUBLE,0.3564599,0.4355707,0.0045821136,0.007997188,0.029189223,0.022072278,0.00060706754,0.14352153
0,5,SINGLE,SO,0.18111886,0.015714154,0.0041492246,0.00043835246,0.028469311,0.4901381,0.0015226415,0.27844933
5,7,SO,OUT,0.08808995,0.08702696,8.767179e-05,0.002019284,0.27296144,0.22812253,0.001215682,0.32047656
7,4,OUT,BB,0.05636904,0.14816107,0.0008234302,0.023337211,0.57231873,0.10268793,0.0069170045,0.089385584
7,1,OUT,DOUBLE,0.13315505,0.50798404,0.010954471,0.0082856435,0.14650166,0.034963995,0.0036024535,0.15455267
4,7,BB,OUT,0.0018333327,0.015753288,1.5158062e-06,1.9141102e-05,0.021448739,0.010424961,4.683206e-08,0.9505189
7,7,OUT,OUT,0.08910957,0.1647661,0.00016919136,0.0062731267,0.2759476,0.085798614,0.00024190478,0.3776938
7,7,OUT,OUT,0.13039137,0.3485637,0.002336335,0.0058371676,0.015112994,0.11978027,0.0087284995,0.36924964
6,7,HBP,OUT,0.124912225,0.017781498,0.0026521934,0.012402248,0.0223019,0.24403462,0.0006666564,0.5752487
0,0,SINGLE,SINGLE,0.30408776,0.05586274,0.00015129274,0.13733165,0.12234869,0.19335024,0.0035847246,0.18328296
0,1,SINGLE,DOUBLE,0.04705994,0.669539,0.0016136596,0.033270735,0.010895594,0.05058554,0.0001228975,0.18691264
4,1,BB,DOUBLE,0.082534306,0.53536874,0.00014230567,0.016402073,0.098568596,0.030368656,0.11871111,0.117904186
7,7,OUT,OUT,0.12410281,0.011509935,0.00020553921,0.00435669,0.023530846,0.2395764,0.2728133,0.32390442
7,7,OUT,OUT,0.38901582,0.12496954,0.00024908077,0.0017636104,0.03238541,0.012003258,0.030799853,0.4088134
7,7,OUT,OUT,0.0024426868,0.00010895181,5.176842e-05,2.5366513e-09,0.007998163,0.0016800049,0.000561048,0.9871574
4,7,BB,OUT,0.2629511,0.08449361,0.011281057,0.019485446,0.035953835,0.19862108,0.0049590627,0.38225475
7,7,OUT,OUT,0.34277987,0.016754981,0.014478002,0.08108294,0.008425247,0.16071017,0.021324765,0.35444394
5,7,SO,OUT,0.11321336,0.02858012,0.006596946,0.011052258,0.14902772,0.22612065,0.0126779955,0.45273092
7,7,OUT,OUT,0.29727623,0.05962826,0.04367587,0.0070146946,0.037175376,0.13985571,0.0033223433,0.41205147
7,1,OUT,DOUBLE,0.009568368,0.80217373,2.7647133e-05,0.00094544713,0.01202512,0.009570863,0.005144895,0.16054395
5,5,SO,SO,0.09632287,0.077772155,0.00042305788,0.06142886,0.25828698,0.27367395,0.0019650918,0.23012699
5,5,SO,SO,0.11659542,0.053444088,0.02164579,0.045894902,0.03889186,0.39900783,0.0070044347,0.31751567
7,4,OUT,BB,0.057437193,0.057505637,0.0009376321,0.0049883444,0.4979929,0.07039583,0.014523965,0.29621843
7,0,OUT,SINGLE,0.42934224,0.107428394,0.0026277672,0.004629389,0.044945884,0.16417693,0.0031062171,0.24374318
7,4,OUT,BB,0.015291562,0.051191006,0.00093475485,0.0007329443,0.850384,0.015015029,1.6909717e-05,0.06643367
7,7,OUT,OUT,0.20580931,0.04293826,0.045378488,0.007515663,0.03988329,0.26038858,0.021898244,0.37618816
7,7,OUT,OUT,0.28830832,0.14497706,0.0022513338,0.037042335,0.022435654,0.19949234,0.0008611487,0.30463177
7,0,OUT,SINGLE,0.82526153,0.012965943,0.0032910907,0.0018580181,0.008946526,0.082313105,0.00078759843,0.06457613
5,5,SO,SO,0.047587425,0.029543698,0.00022554077,0.004866914,0.10814603,0.69514966,0.00029440635,0.11418632
7,4,OUT,BB,0.24500214,0.13978,0.013631279,0.030427895,0.31792042,0.070265,0.008068293,0.174905
5,7,SO,OUT,0.084365025,0.0027988527,0.0007570582,0.013060668,0.042301312,0.11241773,0.019953627,0.7243458
0,1,SINGLE,DOUBLE,0.18918832,0.36903602,0.00025592025,0.009696276,0.040381424,0.028496217,0.0016061954,0.36133963
5,0,SO,SINGLE,0.38962156,0.1097647,0.0044147987,0.0028712975,0.048964635,0.18262166,0.0041515343,0.25758982
7,4,OUT,BB,0.12943858,0.056893807,0.0013702774,0.013979121,0.3766508,0.19290815,0.0051986384,0.22356063
3,7,HR,OUT,0.031926893,0.08633331,0.0005127328,0.005879046,0.21020846,0.054495163,0.0010871952,0.6095572
7,7,OUT,OUT,0.075542286,0.10297607,0.00025339134,0.0001962171,0.3803894,0.04651553,0.002545634,0.39158148
7,7,OUT,OUT,0.015504348,0.02110438,0.000107401414,3.9353598e-08,0.02730365,0.17290471,0.0005943041,0.76248115
7,5,OUT,SO,0.23548068,0.014093208,0.012357592,0.0028366565,0.06107441,0.36514464,0.006827545,0.3021852
5,5,SO,SO,0.06686238,0.14167319,0.00088306516,0.02053479,0.012891364,0.38879484,0.0018659846,0.36649445
4,7,BB,OUT,0.037550293,0.16962102,0.00062840065,0.0070989537,0.0037097482,0.21921737,0.014541283,0.54763293
7,5,OUT,SO,0.19949432,0.10050008,0.0017109279,0.005646364,0.017864436,0.3564656,0.00079873286,0.31751958
0,1,SINGLE,DOUBLE,0.22751227,0.3973595,0.0035591128,0.00025640373,0.030946417,0.05248285,0.0015479267,0.28633547
4,7,BB,OUT,0.06427471,0.29686385,0.0004445121,0.0062597482,0.22456273,0.04596096,0.0014066291,0.3602269
7,5,OUT,SO,0.072528236,0.113669045,0.0048398967,0.001927934,0.06000951,0.52121854,0.0022200332,0.22358684
5,3,SO,HR,0.044294845,0.012151125,0.006293089,0.48884663,0.19861665,0.056100633,0.0015205803,0.19217646
7,5,OUT,SO,0.20613748,0.16365239,0.013348685,0.0077236253,0.023302587,0.33988202,0.0017637217,0.24418958
7,7,OUT,OUT,0.067988686,0.031452917,0.00031208602,0.0006890468,0.015577494,0.05054924,0.0011737234,0.83225685
7,7,OUT,OUT,0.10229933,0.26044253,0.0074522966,0.0023569472,0.054142542,0.09773429,0.019245325,0.45632678
7,5,OUT,SO,0.17631589,0.0201846,0.0010361322,0.0022938752,0.06414512,0.44442686,0.001808057,0.28978944
6,6,HBP,HBP,0.2741646,0.056970313,0.0010432336,0.09312974,0.04073636,0.12282032,0.3589642,0.052171282
7,7,OUT,OUT,0.36303997,0.017333712,0.0015556633,0.038054723,0.008353818,0.044969503,0.004617287,0.5220753
5,0,SO,SINGLE,0.5402298,0.1106107,0.007206537,0.0052421093,0.07677005,0.026373032,0.0033285876,0.23023923
7,7,OUT,OUT,0.16115707,0.08319136,0.014199567,0.045323882,0.05661097,0.2109531,0.0045691994,0.42399478
4,7,BB,OUT,0.16157243,0.03052202,0.001089136,0.063350886,0.05596228,0.29789194,0.05573604,0.3338753
0,7,SINGLE,OUT,0.11297434,0.2406696,0.010514058,0.0009123181,0.073288254,0.23102748,0.006817736,0.32379627
0,7,SINGLE,OUT,0.09003341,0.12809463,0.06353402,0.04697381,0.09588832,0.17607999,0.15611722,0.2432786
5,7,SO,OUT,0.006860658,0.03330181,5.8364044e-06,0.0021507128,0.12523985,0.05800899,6.916254e-05,0.7743629
5,0,SO,SINGLE,0.50484854,0.012585253,0.0008334995,0.004668435,0.058170084,0.16138211,0.011497722,0.24601427
7,7,OUT,OUT,0.20704915,0.09805658,0.0048292424,0.044606,0.11987719,0.08600389,0.14033853,0.29923946
7,0,OUT,SINGLE,0.47545326,0.0669494,0.09255632,0.016332336,0.037460696,0.09085641,0.052704774,0.1676869
7,0,OUT,SINGLE,0.4452584,0.07717445,0.0025988638,0.020386403,0.10274345,0.1458485,0.02306954,0.18292037
7,4,OUT,BB,0.36915457,0.00540908,0.003530192,0.0031583053,0.38467157,0.05245236,0.0021876933,0.17943625
7,6,OUT,HBP,0.31490725,0.020563716,0.004554755,0.0076656407,0.035897568,0.07708383,0.33025423,0.20907293
4,0,BB,SINGLE,0.29403073,0.05050641,0.02118733,0.005372178,0.19918618,0.20626849,0.0032475977,0.22020113
7,7,OUT,OUT,0.089055434,0.05160795,0.007353982,0.05597432,0.1337686,0.20730084,0.051061235,0.40387756
5,7,SO,OUT,0.072752126,0.010291185,0.00029842154,0.0014036491,0.010000184,0.0070891,0.0018883509,0.896277
7,0,OUT,SINGLE,0.5401984,0.15394132,0.0005108321,0.026849508,0.05925271,0.08763737,0.0012322395,0.13037767
7,7,OUT,OUT,0.100165896,0.27794233,0.0036201703,0.02978978,0.07818028,0.06944843,0.033057157,0.407796
7,7,OUT,OUT,0.08124125,0.001631511,0.0016986084,0.00052050775,0.010817176,0.25630227,0.00013221339,0.64765644
5,5,SO,SO,0.013253335,0.26481655,0.00017251294,5.798548e-05,0.005841754,0.66737705,0.0011485846,0.04733222
7,0,OUT,SINGLE,0.8928242,0.003172128,0.0036893343,0.0018890986,0.00516102,0.008957302,0.00073529134,0.08357182
1,0,DOUBLE,SINGLE,0.291034,0.03200202,0.001654634,0.13336933,0.07165119,0.18848132,0.015351801,0.2664558
7,0,OUT,SINGLE,0.6697637,0.01931471,0.0065495963,0.004687017,0.0102561675,0.16146316,0.0024049853,0.12556057
7,0,OUT,SINGLE,0.31870407,0.018474514,0.0016291771,0.0012411076,0.20969854,0.2605639,0.00673046,0.18295819
5,7,SO,OUT,0.28630406,0.01968885,0.0076909666,0.034317166,0.09613145,0.12003343,0.0014475408,0.43438655
7,0,OUT,SINGLE,0.31429392,0.062203094,0.0017852302,0.0045089293,0.21407881,0.10261703,0.0017376583,0.29877537
7,0,OUT,SINGLE,0.4620912,0.10637236,0.0019601937,0.00017894781,0.027571471,0.1816348,0.00011265654,0.22007826
1,7,DOUBLE,OUT,0.058150724,0.025123507,0.000744266,0.0006107111,0.004109694,0.04141465,0.0001281281,0.8697183
5,3,SO,HR,0.025613416,0.01888591,3.949624e-05,0.93930197,0.0013722024,0.01196073,2.4831337e-05,0.0028014267
7,0,OUT,SINGLE,0.58752763,0.023440383,0.00013555671,0.026191775,0.014940818,0.057963867,0.0011484175,0.28865165
7,7,OUT,OUT,0.12696797,0.09192809,0.0010112142,0.1853192,0.10403004,0.23173884,0.024173222,0.23483145
7,4,OUT,BB,0.21489173,0.032218937,0.00025301133,0.0013234664,0.26031923,0.25185412,0.016202465,0.22293696
5,4,SO,BB,0.019549724,0.0031772333,0.003412144,8.717512e-05,0.83372664,0.05232678,0.00025574586,0.087464586
7,7,OUT,OUT,0.1686708,0.21508022,0.0012692652,0.05342256,0.10062434,0.11843847,0.008360323,0.33413398
7,5,OUT,SO,0.019299125,0.0068963366,0.0029029385,0.00035012446,0.070810564,0.7877539,0.00021989369,0.11176707
7,0,OUT,SINGLE,0.38818824,0.019356396,0.005450834,0.00895381,0.027999153,0.12104526,0.1294439,0.29956236
5,3,SO,HR,0.093905136,0.10241198,0.043266926,0.5091868,0.1624325,0.052371223,0.0032739218,0.03315153
0,5,SINGLE,SO,0.16318595,0.051231444,3.5679797e-05,0.00443542,0.0065020956,0.70298684,0.00021290829,0.07140957
7,5,OUT,SO,0.066634536,0.029663859,0.0004638051,0.0009780703,0.09764851,0.7314829,0.009321472,0.06380684
7,5,OUT,SO,0.16737951,0.09387488,0.018457541,0.16900843,0.16000792,0.21435454,0.008093497,0.16882366
7,0,OUT,SINGLE,0.46252078,0.025437126,0.0010462757,0.035338797,0.18511716,0.05029698,0.049506575,0.19073635
0,7,SINGLE,OUT,0.28555045,0.0062443004,0.0039196853,0.0005942115,0.10570943,0.17565954,0.0012093388,0.42111304
7,5,OUT,SO,0.0077681076,0.027552517,0.2955407,0.002955143,0.02463431,0.42012832,0.013041775,0.20837915
7,7,OUT,OUT,0.14442681,0.047240205,0.00083141867,0.09263864,0.03790846,0.24207254,0.0015810857,0.4333008
7,5,OUT,SO,0.1658665,0.039664965,0.0052059107,0.057943482,0.14194433,0.42563868,0.043627504,0.12010855
0,7,SINGLE,OUT,0.043067038,0.19803235,0.0022899187,0.0067332997,0.026910366,0.05066179,0.00032615662,0.671979
7,4,OUT,BB,0.23028821,0.10911137,0.00012875644,0.045430616,0.3083431,0.11868859,0.0150761,0.17293327
0,0,SINGLE,SINGLE,0.5156225,0.022749364,0.0026977435,0.003777728,0.078563556,0.06720103,0.013625586,0.2957625
5,4,SO,BB,0.028603612,0.10751894,0.001969749,0.067464285,0.39164662,0.08409268,0.032822,0.28588203
6,0,HBP,SINGLE,0.4491389,0.01591884,0.018435128,0.009290742,0.15301138,0.11133313,0.0055418713,0.23732996
7,0,OUT,SINGLE,0.7386878,0.0114406,0.00054191647,0.02339816,0.0087579535,0.03780819,0.001260047,0.17810531
7,4,OUT,BB,0.14951421,0.081442304,0.01668962,0.16700587,0.2942472,0.037039034,0.09535032,0.15871151
7,0,OUT,SINGLE,0.75752586,0.021928323,0.0028846134,0.00046840924,0.057394065,0.046694834,0.012620615,0.100483336
7,4,OUT,BB,0.24961892,0.008894043,0.0006928962,0.0012129885,0.3846662,0.26349968,0.005235068,0.08618031
7,0,OUT,SINGLE,0.52735615,0.022437422,0.016748678,0.15109783,0.06396622,0.058458824,0.0021856239,0.15774922
7,7,OUT,OUT,0.13331974,0.060918666,0.0026145526,0.24234132,0.06642371,0.048966467,0.014846908,0.4305687
7,0,OUT,SINGLE,0.39347497,0.028176155,0.059079845,0.018753348,0.09095386,0.05844,0.014405197,0.33671662
0,0,SINGLE,SINGLE,0.5922447,0.09792963,0.00093348196,0.01032246,0.045102134,0.03714206,0.012311487,0.20401403
7,4,OUT,BB,0.08251854,0.0178244,0.0016081517,0.045670755,0.53963184,0.22082481,0.009496008,0.08242555
0,0,SINGLE,SINGLE,0.52342385,0.009560288,0.0012995264,0.001472807,0.058674283,0.040365953,0.0033741565,0.3618291
0,0,SINGLE,SINGLE,0.29503387,0.28017807,0.0006641393,0.15803325,0.119103976,0.02046123,0.0005227595,0.1260026
7,5,OUT,SO,0.08806578,0.20086439,0.01883404,0.015280104,0.118567266,0.3563885,0.025793465,0.1762065
7,1,OUT,DOUBLE,0.3279298,0.3973956,0.00015160668,0.021173492,0.013444523,0.07790648,0.00026309877,0.16173536
7,4,OUT,BB,0.17654246,0.023920553,0.025272863,0.011072212,0.33177114,0.2699589,0.0015355109,0.15992641
7,7,OUT,OUT,0.08012893,0.018692538,0.005678862,0.0039045045,0.09454069,0.07372981,0.00097055937,0.7223541
7,4,OUT,BB,0.24173471,0.01861643,0.02577601,0.0011350574,0.47468528,0.078774855,0.00086132827,0.15841638
7,7,OUT,OUT,0.085659586,0.02176068,0.003793261,0.018178552,0.22626811,0.09644427,0.0024348167,0.54546076
5,5,SO,SO,0.32477692,0.0400226,0.013717696,0.05245824,0.026624074,0.36826622,0.005016405,0.16911787
5,4,SO,BB,0.00048285583,3.3584092e-05,2.225244e-12,9.849327e-10,0.93851525,0.048799213,7.337048e-11,0.012169068
3,7,HR,OUT,0.07491887,0.038938966,0.0009803773,0.028264137,0.032346144,0.32035357,0.0061526424,0.4980453
0,3,SINGLE,HR,0.22734757,0.07371528,0.00056593644,0.23082776,0.1598838,0.09011198,0.012614579,0.20493302
4,7,BB,OUT,0.2719167,0.017013077,0.0013564614,0.00068045844,0.022917407,0.18766457,0.00016105699,0.49829033
7,7,OUT,OUT,0.06352857,0.032590594,0.00041722748,0.021270411,0.30702654,0.20409538,0.010475438,0.36059582
5,4,SO,BB,0.12649499,0.008813011,0.0003859941,0.13558829,0.35491633,0.050960567,0.010320334,0.3125204
0,0,SINGLE,SINGLE,0.7729794,0.045273755,0.0016079375,0.0003421711,0.016781587,0.07766987,0.0035911482,0.08175419
5,0,SO,SINGLE,0.71976316,0.03188481,0.03421405,0.028917337,0.08283025,0.04388419,0.0046778964,0.053828374
0,7,SINGLE,OUT,0.17876706,0.1488328,0.039550006,0.011809503,0.153346,0.16192386,0.015319861,0.29045093
0,6,SINGLE,HBP,0.06537367,0.012773539,0.00021466099,0.037861943,0.05861148,0.033188157,0.72675455,0.06522199
7,0,OUT,SINGLE,0.5233793,0.059263803,0.019991884,0.0002506343,0.09382376,0.04183404,0.00089108857,0.2605654
7,3,OUT,HR,0.044123765,0.008268716,0.058131345,0.5257352,0.051932484,0.05789113,0.004106887,0.24981055
7,7,OUT,OUT,0.30234563,0.074197456,0.0063939425,0.052627813,0.062391892,0.033032004,0.032628138,0.43638304
7,1,OUT,DOUBLE,0.19876361,0.4015636,0.006589025,0.014084638,0.050079763,0.04945024,0.0020934576,0.27737558
0,5,SINGLE,SO,0.0159496,0.0073212944,0.0007934104,0.012413548,0.027896246,0.62193865,0.0013574046,0.3123298
5,1,SO,DOUBLE,0.088256046,0.29720458,0.005144624,0.16824175,0.05410766,0.14473648,0.010927749,0.23138098
7,0,OUT,SINGLE,0.37236586,0.043554213,0.0026272757,0.0055916994,0.3504389,0.07315632,0.010691696,0.141574
5,5,SO,SO,0.35378957,0.05035403,0.0070543718,0.07975054,0.03297204,0.38802063,0.0014452849,0.086613536
7,0,OUT,SINGLE,0.49568182,0.03845505,0.0012428942,0.013863382,0.11166831,0.09741703,0.0066804755,0.234991
7,4,OUT,BB,0.14148548,0.07066325,0.00019174775,0.04539604,0.46908456,0.19310836,0.0008896114,0.079180956
5,5,SO,SO,0.07654663,0.088336475,0.0004272393,0.0057934504,0.07685293,0.5943896,0.0010747998,0.15657878
5,7,SO,OUT,0.13822837,0.0017792244,0.00041121463,0.016193632,0.0046078633,0.27449283,0.099366866,0.46491992
2,5,TRIPLE,SO,0.039065138,0.0011516031,0.00026881768,0.00014594666,0.0056955316,0.6655215,0.0018963489,0.28625512
5,5,SO,SO,0.13173243,0.0110417865,0.038475256,0.06029842,0.21716562,0.30885974,0.0047991485,0.22762759
4,5,BB,SO,0.22413616,0.008289238,0.0024400523,0.024541758,0.03158896,0.544474,0.0005025139,0.16402723
6,4,HBP,BB,0.23970897,0.02189327,0.0004750156,0.008139566,0.34412712,0.060823094,0.04760613,0.27722684
0,5,SINGLE,SO,0.081872225,0.021066869,0.0017833832,0.04314947,0.11251376,0.5932675,0.038024105,0.10832272
7,5,OUT,SO,0.053346895,0.02108653,0.00032342586,0.00804202,0.13628992,0.51355475,0.08454162,0.18281478
5,5,SO,SO,0.122233935,0.22640812,0.00023341633,0.03319581,0.18700932,0.2472823,0.030813484,0.15282357
5,4,SO,BB,0.18044174,0.049960174,0.050303996,0.028809063,0.271441,0.23932174,0.012040194,0.16768207
0,0,SINGLE,SINGLE,0.45784578,0.03402544,0.0024115066,0.009421162,0.018295605,0.3341993,0.018035308,0.12576592
7,5,OUT,SO,0.16505563,0.025774594,0.00051246845,0.013334905,0.065366246,0.40684974,0.08948205,0.23362441
5,5,SO,SO,0.123207025,0.06799627,0.0031883463,0.003775285,0.1819037,0.22022808,0.18357751,0.21612383
5,5,SO,SO,0.15359764,0.002407471,8.975286e-05,0.0028960311,0.023845976,0.6996883,8.1136546e-05,0.11739365
5,4,SO,BB,0.085294016,0.0019922648,0.005552842,0.012479012,0.52208716,0.30001622,0.008521542,0.0640569
6,7,HBP,OUT,0.071835846,0.0215214,0.001581309,0.02741487,0.23032321,0.19885167,0.0058956225,0.44257608
7,5,OUT,SO,0.18273404,0.035277884,0.0025351685,0.1205354,0.27582386,0.28192204,0.03462804,0.066543505
7,4,OUT,BB,0.05774546,0.0070557697,0.0011932836,0.0022218316,0.79494494,0.04039685,0.0050543505,0.09138746
5,5,SO,SO,0.2172276,0.12541112,0.0035355133,0.0024897303,0.05264788,0.27370402,0.064782865,0.26020125
7,0,OUT,SINGLE,0.44192958,0.13817734,0.0028923193,0.0002977282,0.105810076,0.07489168,0.009470369,0.22653097
5,7,SO,OUT,0.12880492,0.0047381404,0.0025550686,0.00040689146,0.010862631,0.34050652,0.0013225703,0.5108033
7,7,OUT,OUT,0.11350469,0.008248916,0.00037303413,0.02410007,0.02045726,0.18184303,0.006714051,0.6447589
7,7,OUT,OUT,0.17060128,0.046720847,0.001504582,0.037976183,0.24537426,0.1951624,0.005538274,0.29712218
4,1,BB,DOUBLE,0.20903622,0.42826784,0.004785851,0.01061107,0.018110305,0.055577796,0.01866169,0.25494924
5,0,SO,SINGLE,0.36762148,0.01186086,0.013287843,0.029054958,0.0983021,0.3370169,0.014731082,0.12812483
5,7,SO,OUT,0.3315364,0.042065874,0.019900931,0.00220996,0.08583782,0.1007318,0.0022363442,0.41548085
7,0,OUT,SINGLE,0.3967514,0.03940141,0.038397167,0.005575572,0.31236428,0.10072004,0.020617384,0.08617269
5,5,SO,SO,0.11418111,0.0892411,0.0012032702,0.21162286,0.024304895,0.4538709,0.007868886,0.097707
7,4,OUT,BB,0.10796254,0.028233897,0.0013876709,0.12267876,0.39282882,0.084835164,0.010335001,0.2517381
0,0,SINGLE,SINGLE,0.28595442,0.029456742,2.0687981e-05,0.07486349,0.22654276,0.23471236,0.005096133,0.14335342
4,5,BB,SO,0.044904947,0.004615343,2.4900197e-07,7.88586e-05,0.16515875,0.6681942,8.573287e-05,0.1169619
3,5,HR,SO,0.2797438,0.002604196,2.709516e-07,0.004938661,0.03421963,0.454205,0.008614859,0.2156735
7,5,OUT,SO,0.12441169,0.0056695486,4.379461e-11,0.0006449833,0.22781277,0.59479177,0.0010478103,0.045621425
7,5,OUT,SO,0.010513825,0.0887163,6.826645e-08,1.1887729e-05,0.0014228238,0.8816625,5.226554e-06,0.01766726
6,5,HBP,SO,0.1538001,0.0024678565,0.00010161004,0.00012031387,0.009628575,0.740915,0.0018080199,0.09115857
5,4,SO,BB,0.1053053,0.0044239676,0.006436629,0.015209,0.5266097,0.13964255,0.00249662,0.19987626
7,0,OUT,SINGLE,0.33001283,0.02665507,0.00036702427,0.003953467,0.13989884,0.239045,0.0005452135,0.25952262
5,7,SO,OUT,0.19984168,0.16250642,0.00084572466,0.010115644,0.022767393,0.1297775,0.002704843,0.47144067
3,0,HR,SINGLE,0.36914456,0.050396692,1.9776922e-05,0.0014002116,0.19259284,0.22014551,0.0008954255,0.16540498
7,5,OUT,SO,0.18127064,0.046670787,0.0004892038,0.008402889,0.09317723,0.24596815,0.20139591,0.22262515
7,7,OUT,OUT,0.18630563,0.13322112,0.0063329646,0.021835543,0.066367134,0.118792534,0.019788092,0.44735697
5,0,SO,SINGLE,0.611668,0.00850439,0.0030663374,0.0065255035,0.017727654,0.14883812,0.003969286,0.1997007
7,0,OUT,SINGLE,0.46404746,0.017112447,0.0026256929,0.0033267161,0.08831747,0.10815885,0.0005055506,0.31590575
4,4,BB,BB,0.12716028,0.00983669,0.027363513,0.034169674,0.45974463,0.1001083,0.0018395344,0.23977734
0,1,SINGLE,DOUBLE,0.08285025,0.30379206,0.013175468,0.024356328,0.26716167,0.061389003,0.03378229,0.213493
5,4,SO,BB,0.094338536,0.16691147,0.0051870192,0.013027263,0.43607536,0.09020557,0.009067064,0.18518767
7,7,OUT,OUT,0.21671511,0.11866244,0.0017764812,0.06085392,0.2322652,0.12986693,0.00037857497,0.23948134
7,7,OUT,OUT,0.22886448,0.18132497,0.0012235319,0.008577143,0.027076341,0.040264837,0.012651188,0.50001746
7,7,OUT,OUT,0.18700916,0.08004338,0.019869465,0.0047207,0.06393954,0.0777055,0.00080005766,0.56591225
7,0,OUT,SINGLE,0.4159307,0.05546258,0.03213571,0.011346192,0.14024106,0.041389685,0.056741714,0.24675234
6,7,HBP,OUT,0.16438526,0.0027307065,0.0035103066,0.0070731533,0.036760963,0.16982271,0.0007383952,0.61497855
7,7,OUT,OUT,0.16183408,0.012414432,0.008926081,0.0014265801,0.043641288,0.17648326,0.017135074,0.57813925
7,7,OUT,OUT,0.12793481,0.19092293,0.00082863256,0.029661248,0.21748058,0.1860507,0.001973557,0.24514759
7,7,OUT,OUT,0.19194624,0.1097766,0.001368367,0.09408977,0.15398943,0.17360792,0.07061659,0.20460504
7,5,OUT,SO,0.05537835,0.0032593976,1.6502392e-05,0.00031716062,0.0056282976,0.579815,6.742347e-05,0.35551792
7,7,OUT,OUT,0.16529593,0.13871786,0.0027853597,0.02078816,0.107685424,0.057502877,0.028071053,0.4791533
1,0,DOUBLE,SINGLE,0.35722655,0.024282914,0.0023176344,0.0147937415,0.32007536,0.066037774,0.029405827,0.18586016
7,7,OUT,OUT,0.062221427,0.0021575093,0.004140238,0.003383522,0.009783311,0.3362043,0.0017385811,0.5803711
7,4,OUT,BB,0.060315628,0.09986705,0.0130328955,0.01923403,0.37423614,0.19434775,0.008558456,0.23040798
7,7,OUT,OUT,0.14518598,0.011908421,0.0037085938,0.0077867536,0.17908266,0.12545443,0.037562393,0.48931083
0,7,SINGLE,OUT,0.22834013,0.028833648,0.0004531888,0.012775405,0.14265546,0.24122,0.0014542068,0.34426802
7,0,OUT,SINGLE,0.42821404,0.07378924,0.0006737333,0.024457816,0.033634987,0.14782886,0.035928506,0.25547275
7,1,OUT,DOUBLE,0.21325691,0.3691833,0.00035996866,0.004783354,0.013009146,0.022215553,0.060581457,0.31661028
7,7,OUT,OUT,0.31960332,0.0045457045,0.00812329,0.0077548614,0.010331034,0.03720511,0.004307948,0.6081288
7,0,OUT,SINGLE,0.68162334,0.11736565,0.0002729394,0.0045522773,0.05690643,0.081322245,0.004565514,0.053391654
4,0,BB,SINGLE,0.9579302,0.0028243084,3.3388553e-06,1.8012779e-05,0.015676737,0.012195434,5.296654e-05,0.011298964
0,5,SINGLE,SO,0.048645433,0.007999378,0.0044994317,0.0017891853,0.0966597,0.48802924,0.0013975179,0.35097998
7,3,OUT,HR,0.10846056,0.10336392,0.0038547653,0.6301849,0.028092574,0.09701866,0.02054255,0.00848207
4,7,BB,OUT,0.08260062,0.020362955,0.0007446568,0.12074495,0.057744727,0.040034667,0.18629155,0.49147585
0,1,SINGLE,DOUBLE,0.18454796,0.27510205,0.0012561418,0.009860823,0.07899917,0.099365756,0.11896644,0.23190169
7,7,OUT,OUT,0.2440582,0.012873791,0.0016469929,0.032464053,0.17805298,0.16949351,0.095059365,0.26635104
7,7,OUT,OUT,0.25953898,0.06960437,0.00030376142,0.0050343154,0.027881848,0.3002029,0.0081643965,0.3292694
7,7,OUT,OUT,0.004480908,0.0059928396,5.1904277e-05,0.00029706187,0.050183877,0.38219678,0.00026242997,0.5565342
1,0,DOUBLE,SINGLE,0.22719212,0.19565919,0.0023658264,0.015493245,0.21371116,0.17294364,0.013605155,0.1590297
5,5,SO,SO,0.2870787,0.019314947,0.005299509,0.0048710797,0.08425765,0.4403872,0.0016942368,0.15709674
0,7,SINGLE,OUT,0.2632002,0.055441722,0.00251457,0.03272728,0.019050905,0.29931706,0.0036020346,0.32414618
0,7,SINGLE,OUT,0.32618394,0.01362889,0.049910255,0.044142164,0.01754476,0.109939516,0.0067063565,0.43194407
7,0,OUT,SINGLE,0.56539446,0.0048693283,0.0007283132,0.002322248,0.010025192,0.19384477,0.0069484934,0.21586724
5,5,SO,SO,0.20151636,0.015554882,0.12530822,0.057496153,0.14884606,0.29694375,0.018467281,0.13586728
7,4,OUT,BB,0.09072334,0.05876535,0.002118117,0.0009776156,0.5503881,0.13243945,0.007206925,0.15738107
7,7,OUT,OUT,0.10444586,0.13213557,0.028577512,0.0034221124,0.16142032,0.17350271,0.000961394,0.3955345
7,7,OUT,OUT,0.20502917,0.14783965,0.0009697219,0.057104938,0.033186395,0.074748956,0.0012288549,0.47989222
0,1,SINGLE,DOUBLE,0.15428154,0.3486817,0.0016619932,0.016251383,0.07621696,0.067764446,0.01875809,0.31638387
7,1,OUT,DOUBLE,0.20413658,0.33230507,5.237019e-05,0.0044219224,0.015858786,0.09951376,0.01966491,0.3240466
7,5,OUT,SO,0.056015976,0.17433263,0.00050219503,0.015123044,0.11007862,0.5880827,0.0070877476,0.0487771
7,1,OUT,DOUBLE,0.11736405,0.47576228,0.004072052,0.1943115,0.03281487,0.045654416,0.0016664567,0.12835439
5,5,SO,SO,0.13346866,0.023999577,0.0011969777,0.007846132,0.13386536,0.51989955,0.0043622744,0.17536148
7,5,OUT,SO,0.11924799,0.065488435,0.018071286,0.0066148713,0.116463415,0.35885924,0.005539821,0.30971497
5,5,SO,SO,0.21770915,0.052814666,0.07853798,0.0038274573,0.103054315,0.33749825,9.216113e-05,0.20646611
7,7,OUT,OUT,0.20631729,0.07660505,0.00086565205,0.008709414,0.03369184,0.1198676,0.004689728,0.54925346
7,5,OUT,SO,0.057395276,0.23731527,0.000107155305,0.005799889,0.16901909,0.27402866,0.004928688,0.251406
5,5,SO,SO,0.18338844,0.06033206,0.007645433,0.0065939687,0.03359553,0.3415188,0.2055458,0.16137993
7,0,OUT,SINGLE,0.5460526,0.019463347,0.0042490675,0.00083219365,0.100819044,0.2003101,0.05147355,0.07680012
0,0,SINGLE,SINGLE,0.35997233,0.11161258,0.0014030811,0.012330677,0.24044837,0.17255263,0.020181296,0.08149897
7,4,OUT,BB,0.20908591,0.06725055,0.00022390617,0.074825786,0.39047715,0.09484158,0.07461588,0.08867932
5,5,SO,SO,0.012687321,0.010477873,0.002772921,0.009041763,0.3328475,0.49521655,0.011433346,0.12552273
7,7,OUT,OUT,0.23174663,0.036704946,0.00028076422,0.008906608,0.20032984,0.034426678,0.000631856,0.48697263
7,4,OUT,BB,0.12748314,0.067749776,0.00018799212,0.0058418866,0.3291387,0.106626086,0.054756343,0.3082161
5,0,SO,SINGLE,0.30943733,0.06468799,0.0007530184,0.031939287,0.15080838,0.25695026,0.017558644,0.16786504
4,0,BB,SINGLE,0.33348584,0.018055405,0.018781025,0.30053115,0.113756545,0.069832176,0.058616474,0.08694141
7,7,OUT,OUT,0.19874495,0.07015869,0.12644222,0.04224244,0.052187983,0.22106828,0.057056017,0.23209946
7,7,OUT,OUT,0.19352642,0.04135655,8.600572e-05,0.009744184,0.20633475,0.10823199,0.12921973,0.3115004
0,0,SINGLE,SINGLE,0.39276984,0.08683951,0.0011428596,0.0099967215,0.09616337,0.14212704,0.07130769,0.1996529
4,7,BB,OUT,0.2748343,0.022371061,0.00044545333,0.04151084,0.041775744,0.09932541,0.018073237,0.5016639
7,7,OUT,OUT,0.13708618,0.031900767,0.00012983593,0.0030711526,0.05606771,0.03403172,0.0296465,0.7080661
5,4,SO,BB,0.20371215,0.095852755,0.00015518344,0.019457964,0.30137414,0.1824638,0.11746649,0.07951759
5,0,SO,SINGLE,0.7601907,0.013636321,0.0025935431,0.005133331,0.07779603,0.043283205,0.010083197,0.08728368
0,5,SINGLE,SO,0.2318483,0.019059014,0.013860354,0.19686493,0.08736312,0.31790847,0.008636593,0.12445925
5,0,SO,SINGLE,0.40951177,0.038926087,0.039875794,0.08464431,0.028347438,0.14344965,0.013023357,0.2422216
5,7,SO,OUT,0.016710391,0.0017555606,0.0013624335,0.0004626133,0.0016745519,0.4219832,0.00058106106,0.55547017
7,0,OUT,SINGLE,0.28103626,0.14396046,0.002808712,0.116981566,0.06711403,0.1508408,0.032365706,0.20489247
7,0,OUT,SINGLE,0.43810937,0.013213856,0.00047432687,0.016454002,0.06270036,0.14375544,0.022664353,0.30262834
5,5,SO,SO,0.02050099,0.076807715,0.0007636988,0.0013665751,0.053446006,0.5472354,0.007797647,0.29208192
7,1,OUT,DOUBLE,0.022643238,0.90375656,0.002594394,0.00049207854,0.01313372,0.015426302,0.00024392978,0.041709814
7,5,OUT,SO,0.44390106,0.007342019,0.0020427871,0.0024727888,0.0088598,0.44962135,0.005120941,0.080639176
5,0,SO,SINGLE,0.35173735,0.24159157,0.009694151,0.02352932,0.045143258,0.11003928,0.005472549,0.21279249
7,0,OUT,SINGLE,0.52690965,0.04373311,7.911509e-05,0.00043150457,0.16507998,0.09397292,0.00048345787,0.16931018
6,5,HBP,SO,0.16064757,0.11141819,0.0011686973,0.003163045,0.11962756,0.4647795,0.008713462,0.13048197
